dataset,age,sexM,race_Asian,race_Black,race_White,BMI,AHI,APOE4,event,time2event,BAI
MESA,83,0,0,0,1,21.8979718174316,3.8502673797,0.0,censor,6.91033538672142,-1.19549188127835
MESA,57,1,0,0,1,19.8446361420132,32.181818182,0.0,death,4.34223134839151,-0.49552978405521
MESA,80,1,0,0,1,27.7737659386441,20.21978022,0.0,censor,5.90828199863107,-0.754369954324901
MESA,77,1,1,0,0,28.8316626786523,66.691449814,0.0,censor,6.09445585215606,-1.42887105347163
MESA,63,1,0,0,1,31.7621878715814,3.5643564356,0.0,censor,6.81724845995893,0.30647339618118
MESA,68,1,0,1,0,25.6166897823252,5.5919395466,0.0,censor,6.14647501711157,-0.254938634658311
MESA,56,1,0,1,0,26.6633042410421,3.8823529412,0.0,censor,7.0280629705681,-0.0876090772585798
MESA,61,0,0,1,0,30.1291487161266,20.454545455,1.0,censor,7.4715947980835,-0.92771560459841
MESA,63,0,0,1,0,22.6196720041959,1.5483870968,1.0,dementia,5.76043805612594,0.738324878262171
MESA,75,1,0,1,0,28.871308815576,11.083743842,1.0,censor,6.13004791238877,-0.9832873179763
MESA,74,0,0,0,1,26.7863715183998,19.559471366,0.0,censor,6.55167693360712,-0.73017856675268
MESA,80,0,0,1,0,29.7351860102473,38.100890208,0.0,censor,6.38740588637919,-0.82432291934461
MESA,71,1,0,0,1,30.5443260044622,16.978021978,0.0,censor,6.63107460643395,0.0985652307972103
MESA,68,0,0,1,0,38.3767804353669,14.662921348,1.0,censor,7.5482546201232,-0.54945834498127
MESA,82,1,0,0,1,33.8157784158695,49.956521739,1.0,censor,7.52361396303901,-0.49850789187746
MESA,60,1,0,0,1,29.1051205533844,27.461538462,1.0,censor,7.42778918548939,0.22136080496278
MESA,77,0,0,0,1,20.0989791911454,0.0,1.0,death,5.1937029431896,0.16288300396633
MESA,82,1,0,0,1,22.2186397884931,38.141809291,0.0,censor,7.31827515400411,0.26672264323268
MESA,84,1,0,0,1,26.6394740686633,14.086956522,0.0,censor,5.51403148528405,-1.15106168730937
MESA,67,1,0,1,0,32.9694584407856,36.894409938,0.0,censor,7.11019849418207,-0.3804320766478
MESA,81,0,0,0,1,30.6486486486487,9.0410958904,0.0,death,4.15058179329227,-0.60079069693689
MESA,80,1,0,1,0,26.9700648999459,1.4117647059,0.0,censor,5.97946611909651,0.0353378524233705
MESA,71,1,0,0,1,30.3524398029758,38.033898305,0.0,censor,6.43668720054757,-1.20051238594956
MESA,59,0,0,0,1,38.2592829618333,2.4770642202,0.0,censor,6.27789185489391,-0.0820858790832503
MESA,71,1,1,0,0,24.3698691255205,15.269461078,0.0,censor,7.24435318275154,0.330671609210251
MESA,89,1,0,0,1,24.61509492805,13.225058005,0.0,death,6.20396988364134,-0.776068117009081
MESA,75,1,0,0,1,27.4207221614342,34.736842105,0.0,death,1.1937029431896,-0.99292187907219
MESA,67,0,0,1,0,41.5447022928994,18.790035587,0.0,censor,6.68583162217659,-0.47482224725706
MESA,68,0,1,0,0,21.3063149620054,13.64806867,0.0,censor,7.31553730321698,-0.383526600916591
MESA,81,0,0,1,0,23.1654764944659,33.815789474,0.0,death,3.78097193702943,-1.23734628020559
MESA,79,0,0,0,1,29.9266377424791,4.2542787286,0.0,censor,6.91307323750856,0.201919228783269
MESA,64,0,0,0,1,22.8672672080981,0.8450704225,0.0,censor,7.49075975359343,-1.22379627940083
MESA,80,1,0,0,1,28.9768600925596,22.119815668,0.0,death,4.1533196440794,-0.83327371710088
MESA,60,0,1,0,0,27.6143951033584,0.9813084112,1.0,censor,6.93497604380561,-0.0348098645042299
MESA,70,1,0,0,1,30.5959257582617,15.800711744,0.0,censor,7.06365503080082,-0.0473079317984698
MESA,74,1,0,0,1,30.5027101711128,5.5890410959,1.0,censor,6.84736481861739,-0.706018674347961
MESA,77,1,0,0,1,26.6041055718475,16.79245283,0.0,censor,7.2662559890486,-0.13276950714024
MESA,57,0,0,1,0,46.8019349637194,18.237885463,1.0,censor,6.26420260095825,-0.6509422608464
MESA,77,1,0,0,1,24.6521739130435,13.605947955,0.0,censor,6.14373716632443,-0.52425035148532
MESA,73,1,0,1,0,26.1892374015163,11.032258065,1.0,censor,7.20328542094456,-1.05926720076606
MESA,61,1,0,0,1,26.4049969735861,1.7391304348,0.0,censor,7.68514715947981,0.23377880611257
MESA,56,1,0,0,1,34.5690182733278,71.888544892,0.0,censor,7.9315537303217,0.38274014629258
MESA,86,0,0,1,0,24.8955122754809,0.0,0.0,dementia,5.42642026009583,-1.48334925666619
MESA,58,1,0,0,1,20.5924982698962,2.5899280576,0.0,censor,7.58384668035592,-2.16537368990727
MESA,64,0,0,1,0,41.0859883118107,18.031088083,1.0,censor,7.44695414099932,-0.0827923578145104
MESA,82,1,0,0,1,24.3967155509341,3.4285714286,0.0,death,0.750171115674196,-0.8583207023865
MESA,57,0,0,1,0,39.5147406384254,6.6486486486,1.0,censor,5.08145106091718,0.0422836156554098
MESA,76,1,0,1,0,32.1258899697828,54.907161804,1.0,censor,6.11362080766598,-1.54878917855259
MESA,58,1,0,0,1,33.866658526907,34.831460674,0.0,censor,7.88774811772758,-0.33968520228072
MESA,77,1,0,1,0,27.8815590004401,15.990220049,0.0,censor,6.97330595482546,-0.46539647065496
MESA,73,1,0,1,0,24.2277742759309,4.3659043659,0.0,censor,7.16221765913758,-0.13844631709173
MESA,87,1,0,1,0,27.2921702664834,58.145695364,0.0,dementia,0.366872005475702,-0.209320368575131
MESA,82,0,0,0,1,22.2421387845388,0.604534005,0.0,censor,6.8911704312115,-0.813441616978351
MESA,62,0,0,1,0,39.5619253650622,48.078175896,0.0,censor,7.48528405201917,-0.0648714467482201
MESA,78,1,0,0,1,27.5234419118192,37.445255474,0.0,censor,6.19028062970568,-0.918308910882649
MESA,62,1,1,0,0,21.5261517162987,0.9803921569,0.0,censor,7.46885694729637,-0.0754730781388702
MESA,75,0,0,1,0,21.3983163727423,0.5700712589,1.0,censor,6.17385352498289,-1.18861940111715
MESA,58,1,0,0,1,21.7673815963965,2.1621621622,0.0,censor,7.64407939767283,0.24198455041624
MESA,61,1,0,0,1,35.4647332019112,17.56097561,0.0,censor,6.62833675564682,0.36876645347981
MESA,56,0,0,0,1,32.3067061445011,0.0,0.0,censor,7.35112936344969,-0.83651631781003
MESA,69,1,0,0,1,31.1648962071888,39.032258065,0.0,censor,7.11019849418207,-0.58740436156144
MESA,56,0,0,1,0,26.904682004886,1.6927899687,1.0,censor,7.31827515400411,0.17747417160152
MESA,58,0,0,1,0,32.9399336562488,5.5609756098,0.0,censor,6.30527036276523,-0.57996338179688
MESA,57,0,0,0,1,23.1821063379488,2.1989528796,0.0,censor,6.59000684462697,0.26527098081066
MESA,57,0,0,0,1,33.4274892685801,4.2154566745,0.0,censor,7.52635181382615,-0.51626015712164
MESA,60,1,0,0,1,33.8497813623274,18.75,1.0,censor,7.86036960985626,0.0561112876918003
MESA,63,1,0,0,1,25.3365860629383,0.3625377644,0.0,censor,7.06639288158795,0.19281367053598
MESA,62,0,0,0,1,36.7603881656805,16.787564767,1.0,censor,8.05475701574264,1.295355443722
MESA,61,0,0,1,0,40.9198808973968,22.322274882,0.0,censor,7.46885694729637,0.20818713804431
MESA,59,0,0,0,1,22.8571875,1.5652173913,0.0,censor,6.81998631074606,0.72093289413651
MESA,76,1,1,0,0,27.0741622338768,11.796610169,1.0,censor,5.60985626283368,-0.91767163220544
MESA,62,1,1,0,0,24.443571749333,2.457337884,1.0,censor,6.8145106091718,-0.0272727414897503
MESA,70,0,0,0,1,44.6871786662069,5.5135135135,0.0,censor,7.23613963039014,-0.60890642883259
MESA,66,0,0,0,1,34.2268255430022,6.1290322581,0.0,censor,6.71868583162218,0.8376612033242
MESA,61,1,1,0,0,24.4974031514494,38.727272727,0.0,censor,6.13004791238877,0.0971144735095002
MESA,66,1,0,1,0,24.5750830123166,1.981981982,0.0,censor,6.35728952772074,-0.73147175385034
MESA,61,1,1,0,0,26.8751827444483,3.6945812808,0.0,censor,7.20602327173169,0.54848139449268
MESA,69,1,0,0,1,25.2121555681817,15.97733711,0.0,dementia,4.07939767282683,0.37136895650126
MESA,77,1,0,1,0,28.2971785999468,2.1081081081,0.0,censor,7.12662559890486,-1.19210308384034
MESA,60,1,0,1,0,29.5787789624425,16.444444444,1.0,censor,7.52087611225188,0.41377299652543
MESA,82,1,0,1,0,29.076035530051,7.4545454545,0.0,censor,7.83025325119781,-0.79515896521934
MESA,75,1,0,0,1,29.8577780890025,7.96875,0.0,censor,7.64134154688569,-0.21015236699169
MESA,68,1,0,1,0,33.6022572816408,16.812339332,0.0,censor,6.49691991786448,-1.4509739090713
MESA,85,0,0,1,0,20.9755849125814,3.8476953908,0.0,censor,6.24503764544832,-1.08390671554481
MESA,75,0,0,0,1,28.2578432245628,0.1445783133,0.0,censor,7.58658453114305,-0.15200958244115
MESA,69,1,0,0,1,30.6637199225253,5.1111111111,0.0,death,3.83025325119781,0.46176890427938
MESA,65,0,0,0,1,28.1171518971859,22.944162437,1.0,censor,6.55441478439425,-0.45319550970122
MESA,57,1,0,0,1,24.609252930293,1.5204678363,0.0,censor,7.5482546201232,0.11959044685357
MESA,64,1,1,0,0,27.5120576000884,25.390428212,1.0,censor,6.72416153319644,-0.62192876671626
MESA,59,0,0,0,1,27.2394051193548,5.4777070064,0.0,censor,7.65776865160849,-1.33132999767917
MESA,77,0,0,1,0,34.4450294137844,4.6435845214,0.0,censor,6.87200547570157,0.12291489464253
MESA,58,0,1,0,0,23.8088978752822,3.7580993521,0.0,censor,7.25256673511294,-0.84660942908594
MESA,76,0,1,0,0,24.332855675384,1.2244897959,0.0,censor,6.70499657768652,-1.01127106466951
MESA,73,1,1,0,0,20.225574109771,20.299401198,0.0,censor,5.83709787816564,-0.94105801193532
MESA,76,1,0,0,1,32.0966714776258,2.4725274725,0.0,censor,7.37029431895962,-0.0079971505879896
MESA,62,1,0,0,1,31.8364489252958,23.361344538,1.0,censor,6.08624229979466,-0.74590850558433
MESA,68,0,1,0,0,25.6493827160494,13.576642336,0.0,censor,6.10540725530459,0.209773939211669
MESA,61,1,1,0,0,21.0005813148789,3.982300885,0.0,censor,6.49418206707734,0.42045669543878
MESA,77,0,0,0,1,28.5964832361516,30.63559322,0.0,censor,7.16495550992471,-1.105080119813
MESA,59,0,0,0,1,22.2810249487944,2.2641509434,1.0,censor,6.62833675564682,-0.19474980645168
MESA,72,0,0,0,1,36.9237291438199,10.875,0.0,censor,7.66324435318275,-0.0074061299379692
MESA,74,1,0,0,1,30.4122302734348,58.461538462,0.0,censor,6.53798767967146,-0.87274402930782
MESA,71,0,0,1,0,30.4102855314022,2.0638820639,0.0,censor,7.58110882956879,-0.72822346108486
MESA,68,0,0,1,0,32.1808062067802,22.252747253,1.0,censor,-0.947296372347707,0.12059668965007
MESA,62,1,0,1,0,24.9618605703938,0.1652892562,1.0,censor,6.8227241615332,-0.32847312058596
MESA,59,1,0,1,0,31.3396413065809,5.652173913,1.0,censor,6.93771389459274,-0.67017652149194
MESA,69,0,1,0,0,19.3161765099172,0.0,1.0,censor,6.98151950718686,-1.11330555299502
MESA,76,1,0,1,0,23.3396738388489,18.556701031,1.0,censor,6.90485968514716,-1.13000653546392
MESA,60,0,0,0,1,31.7599267483843,2.4561403509,0.0,censor,7.3347022587269,0.0211425906677903
MESA,64,0,0,0,1,22.1435305226584,5.1818181818,0.0,censor,6.43668720054757,-1.26685837995096
MESA,60,0,0,0,1,33.2671322129039,18.441558442,1.0,censor,6.31622176591376,0.22710070066182
MESA,65,0,0,1,0,38.3496914682457,9.5302013423,1.0,censor,7.35112936344969,-0.82506710569938
MESA,79,1,1,0,0,23.71742088295,33.404255319,0.0,censor,6.89664613278576,-0.55666563912179
MESA,71,1,0,0,1,22.5315294584408,4.0,1.0,censor,7.26899383983573,-0.87069325597007
MESA,88,1,0,1,0,19.9232262284793,27.272727273,0.0,death,2.49144421629021,-0.92256026528319
MESA,82,0,0,0,1,25.158347107438,0.64,0.0,censor,7.20876112251882,-0.21868317781221
MESA,58,1,0,1,0,34.3571319708359,70.909090909,1.0,censor,6.85284052019165,-0.37997623625821
MESA,74,0,0,0,1,22.1290272734297,2.2680412371,0.0,censor,6.52703627652293,0.731317100906929
MESA,61,0,0,0,1,23.4085179723476,0.4838709677,0.0,censor,7.79739904175222,-1.14686726986345
MESA,59,0,1,0,0,22.8510616190892,4.602739726,0.0,censor,6.66666666666667,-0.15663075335379
MESA,57,0,0,0,1,22.4192967342783,2.4827586207,0.0,censor,6.89390828199863,-1.04107764991615
MESA,59,0,0,1,0,40.5501209569592,23.23699422,0.0,censor,6.35181382614647,0.0814872819699097
MESA,73,1,0,0,1,30.3887160203939,5.2307692308,0.0,censor,6.71047227926078,0.15466466170418
MESA,77,0,0,0,1,25.4524029963808,3.5849056604,0.0,censor,7.0444900752909,-0.68079607727982
MESA,62,1,0,0,1,26.0351593373286,12.515337423,0.0,censor,6.3025325119781,0.84350181662507
MESA,63,0,0,1,0,37.1384674824478,3.75,0.0,censor,7.28268309377139,0.34167921559
MESA,61,1,0,0,1,29.7906151976323,53.523421589,0.0,censor,6.68309377138946,-0.03179896850625
MESA,62,1,0,0,1,26.1337210731511,3.9252336449,0.0,censor,7.04175222450376,-0.52618698667736
MESA,72,0,0,1,0,28.8703984897607,4.4117647059,0.0,censor,7.14305270362765,-0.436653773322691
MESA,58,0,0,0,1,27.7598619622776,7.3205741627,0.0,censor,7.64407939767283,-0.27144635468647
MESA,76,0,0,0,1,22.3058078316031,0.5625,0.0,censor,6.80082135523614,-0.9162863379539
MESA,74,0,0,0,1,24.9738947008865,4.0909090909,0.0,censor,7.37303216974675,-0.87151086919079
MESA,74,1,0,1,0,27.3732639856369,0.5988023952,0.0,dementia,0.59958932238193,-0.478728354181411
MESA,63,1,0,0,1,27.3181668918664,5.1063829787,1.0,censor,7.06913073237509,-0.80501406810655
MESA,73,0,0,0,1,28.2332361516035,21.147540984,0.0,censor,7.35934291581109,-0.40623247169686
MESA,71,0,0,1,0,31.9061728395062,30.972568579,0.0,censor,7.41683778234086,0.0224488568225098
MESA,76,0,1,0,0,26.1609466020413,8.1081081081,0.0,censor,6.57084188911704,-0.303010530491269
MESA,60,0,0,1,0,32.6779344317989,9.1358024691,0.0,dementia,2.3025325119781,-0.84548994866452
MESA,62,1,0,0,1,27.3881396846623,15.354330709,1.0,dementia,6.01505817932923,-0.74349106177338
MESA,55,0,0,0,1,30.5322015344963,1.6085790885,0.0,censor,7.52908966461328,-1.27761307592925
MESA,63,0,0,0,1,24.2589215140897,0.6434316354,0.0,censor,6.28336755646817,-0.86242478817121
MESA,68,1,0,0,1,23.5726972399479,7.7419354839,0.0,censor,7.62217659137577,0.210504223951681
MESA,76,1,0,1,0,25.9554951588245,6.8263473054,0.0,censor,6.70773442847365,-0.36819337486001
MESA,81,0,0,0,1,22.2967217433851,19.259259259,0.0,censor,4.55852156057495,-1.25013468099967
MESA,60,0,0,0,1,21.8728625903343,12.428571429,1.0,death,2.71594798083504,-0.98844852289007
MESA,61,1,0,1,0,25.5693022639606,6.0326086957,0.0,censor,7.46885694729637,-0.2941783511962
MESA,67,0,0,1,0,32.8890104656739,6.2278481013,0.0,censor,7.00889801505818,-0.39203876352867
MESA,89,0,0,0,1,29.8370720188902,9.6529968454,0.0,censor,6.8911704312115,-0.52077362495133
MESA,73,1,0,1,0,22.4143589303186,38.163265306,0.0,censor,6.72142368240931,-0.743467412932149
MESA,87,0,0,0,1,25.7830173240878,9.7810218978,0.0,dementia,3.66872005475702,-0.434713656102809
MESA,64,1,0,0,1,36.9539962309408,66.934673367,0.0,death,6.17111567419576,-1.32809460961212
MESA,57,1,1,0,0,24.8498349775509,6.4,0.0,censor,6.02053388090349,0.12259250719847
MESA,58,1,0,1,0,32.6564357907253,11.320754717,1.0,censor,7.06365503080082,1.10583167775453
MESA,55,0,0,0,1,35.6328260507127,11.037735849,0.0,censor,7.18412046543463,-0.27219693371869
MESA,60,0,0,1,0,39.0900417336573,19.26199262,1.0,censor,7.61670088980151,0.61290355719977
MESA,61,1,0,0,1,24.8388318009735,2.2466960352,0.0,censor,7.83572895277207,-0.7248986198638
MESA,79,1,0,1,0,24.9633006258209,1.0421836228,1.0,censor,6.68035592060233,-1.8293921700762
MESA,84,0,0,1,0,27.3975276877331,43.495145631,0.0,censor,7.64407939767283,-0.872842228046289
MESA,56,1,1,0,0,28.6104579117351,12.43373494,0.0,censor,6.42573579739904,0.76246060939062
MESA,75,0,0,1,0,26.4690013376889,1.7433414044,0.0,censor,6.83915126625599,-0.417599955036719
MESA,70,0,0,0,1,34.262583427704,10.425531915,1.0,death,3.68240930869268,-0.47103174856462
MESA,82,0,0,1,0,27.5050953924287,12.292682927,0.0,censor,6.66392881587953,-0.925599044246739
MESA,64,1,1,0,0,28.9161760201969,7.5514874142,0.0,censor,6.93497604380561,-0.1424606090092
MESA,68,0,0,0,1,28.1076608125234,2.6213592233,0.0,censor,5.85352498288843,-0.55746234671364
MESA,57,0,0,0,1,21.2760726670462,0.1360544218,0.0,censor,5.73305954825462,0.1452540196422
MESA,66,1,0,0,1,27.1873443495967,15.315315315,1.0,censor,6.88843258042437,-0.0252424285675403
MESA,80,0,0,0,1,22.8202121879379,9.2417061611,0.0,censor,6.84188911704312,-0.31931907153986
MESA,84,0,0,0,1,23.2612979601121,3.5795454545,0.0,censor,7.00889801505818,-0.20168821950522
MESA,83,1,0,0,1,27.8623973627179,4.181184669,0.0,censor,6.5845311430527,-0.86812636743975
MESA,74,1,0,1,0,40.9684049106281,2.8346456693,1.0,censor,7.75359342915811,-1.04782810267693
MESA,56,0,1,0,0,20.1972299168975,0.0,0.0,censor,6.85284052019165,0.29358081105472
MESA,62,0,0,1,0,29.5895221719572,4.6265060241,1.0,censor,6.52703627652293,-0.39585840985051
MESA,84,1,0,0,1,29.8744023388058,0.5286343612,0.0,censor,2.69952087611225,-1.04535006024112
MESA,72,0,0,1,0,30.1706048979885,0.5217391304,0.0,dementia,7.91786447638604,-0.597128213840681
MESA,65,1,0,1,0,36.8780033530385,27.989690722,0.0,censor,6.25872689938398,-1.38810933790568
MESA,66,1,0,0,1,35.42,93.574468085,0.0,censor,7.83846680355921,0.05121105388736
MESA,77,0,0,0,1,25.5874016853522,11.964809384,0.0,censor,6.24229979466119,-0.69366474839413
MESA,65,1,1,0,0,24.264624189883,41.601830664,0.0,censor,7.19780971937029,-0.26084316300841
MESA,78,0,0,1,0,29.4759913646517,1.0041841004,1.0,censor,7.29089664613279,-0.0777375762018394
MESA,65,0,0,0,1,25.3101597170858,29.528795812,0.0,censor,6.51334702258727,-0.93493966671699
MESA,61,1,0,1,0,39.8954915245109,60.473684211,1.0,censor,7.27720739219713,0.16157408221189
MESA,81,1,0,1,0,27.6495454975447,5.1147540984,0.0,censor,7.20602327173169,-1.07494369851451
MESA,62,1,0,0,1,34.6839337642473,5.9047619048,0.0,censor,6.53524982888433,0.67120605569929
MESA,55,0,0,0,1,25.6322912650082,6.4794816415,0.0,censor,7.39493497604381,0.42346339320237
MESA,87,1,0,1,0,25.1970608079678,18.760107817,1.0,death,6.34633812457221,-0.794364252024261
MESA,67,0,0,1,0,23.6571428571429,6.2870159453,0.0,censor,7.53456536618754,0.572647587229319
MESA,82,0,0,0,1,24.4266244894185,6.6806722689,0.0,censor,7.40862422997947,-0.36036472385572
MESA,64,1,0,0,1,25.1101586284249,11.780104712,0.0,censor,7.72347707049966,-0.10378477548251
MESA,69,1,0,1,0,28.2820995129996,2.6168224299,0.0,censor,5.1772758384668,-0.42744559849446
MESA,70,0,0,1,0,28.9877191643664,0.7537688442,0.0,censor,7.17864476386037,-0.13257579930537
MESA,77,1,0,0,1,28.7976359804999,34.367088608,0.0,censor,6.66666666666667,-1.22458185356785
MESA,75,1,1,0,0,24.5923839145071,3.8605898123,0.0,dementia,5.92197125256673,-0.55787684805895
MESA,62,1,0,0,1,29.2659828260216,51.653543307,0.0,death,6.2258726899384,0.11333294475805
MESA,69,0,0,1,0,32.4729539440417,3.3039647577,1.0,censor,6.92950034223135,-0.60413233184371
MESA,80,0,1,0,0,22.6020146782435,3.2624113475,0.0,censor,6.59822039698836,-0.972734039825529
MESA,89,1,0,1,0,23.0582056509797,8.9502762431,0.0,censor,7.51266255989049,-0.74739356741012
MESA,63,0,0,0,1,24.9161502296865,7.0777479893,1.0,censor,6.09445585215606,-0.53945143232879
MESA,57,1,0,0,1,29.3002915451895,2.2900763359,0.0,censor,7.51266255989049,0.31573314160353
MESA,63,1,0,0,1,25.4380669200948,19.441340782,1.0,censor,7.23887748117728,-0.6990683846647
MESA,55,1,1,0,0,23.2463870235438,5.3708439898,0.0,dementia,5.13073237508556,-1.32410691590106
MESA,81,1,1,0,0,26.4474826388889,10.909090909,0.0,censor,6.60643394934976,-0.85525177707317
MESA,76,0,0,0,1,25.2641897561954,0.6451612903,0.0,censor,6.072553045859,-0.1911823190139
MESA,63,0,0,0,1,45.2631210391793,36.109422492,0.0,censor,7.12936344969199,-1.21431050198896
MESA,70,0,0,1,0,22.7903859044336,0.3607214429,0.0,censor,7.29363449691992,-0.1837260190153
MESA,66,0,0,0,1,32.2418420070804,13.977272727,0.0,censor,6.53251197809719,-0.90275365500974
MESA,80,1,1,0,0,20.0419455179564,23.492063492,0.0,death,4.82683093771389,-0.920829938859281
MESA,66,0,0,0,1,20.561107266436,18.0,0.0,censor,6.41478439425051,-0.23013140192348
MESA,56,1,0,0,1,32.328149722608,50.902111324,0.0,censor,8.04380561259411,-0.68908013148152
MESA,81,0,1,0,0,26.0725553780404,9.6167247387,0.0,censor,6.362765229295,-0.640283969737869
MESA,78,1,0,1,0,29.6944701624442,24.666666667,1.0,death,3.85215605749487,-0.47730397943523
MESA,83,0,1,0,0,25.1927100231588,4.4366197183,0.0,censor,7.43600273785079,-0.87027176028957
MESA,60,1,0,0,1,31.0743110389813,9.0983606557,0.0,censor,8.02464065708419,-0.19820152658571
MESA,55,0,0,0,1,31.1488543502644,0.2752293578,0.0,censor,7.60574948665298,0.60297333378019
MESA,78,0,0,0,1,44.2229327810473,2.2018348624,1.0,censor,3.81382614647502,-0.38352801654228
MESA,64,1,0,0,1,21.2585883680162,10.24,1.0,censor,7.45516769336071,0.687081456234429
MESA,88,0,0,0,1,32.7474310438075,11.009174312,0.0,censor,-0.684462696783025,-0.83134440928917
MESA,76,0,0,1,0,38.8059428571429,25.65,1.0,death,5.73853524982888,-0.16223074289323
MESA,55,1,0,0,1,25.8257049069944,10.273972603,1.0,censor,6.95414099931554,0.0670694629764199
MESA,68,0,0,1,0,37.6393634535728,2.56,0.0,death,6.06707734428474,0.50340024823239
MESA,80,0,0,0,1,27.1520406530377,0.2158273381,1.0,dementia,7.3429158110883,-0.989337967144969
MESA,86,1,0,0,1,24.9106821909372,20.914285714,0.0,death,7.70431211498973,-0.98312353045272
MESA,59,1,0,0,1,25.3239300169949,1.44,1.0,censor,7.95893223819302,-0.26943993212932
MESA,88,1,0,1,0,26.5566318310012,26.853146853,0.0,censor,6.49418206707734,-1.71869286622001
MESA,74,0,0,0,1,24.9258369352197,0.6266318538,0.0,censor,7.90417522245038,-0.323544942466251
MESA,61,1,0,1,0,29.8673409906323,3.8961038961,0.0,censor,7.1129363449692,-0.41695920377971
MESA,57,1,1,0,0,23.832803922343,22.65060241,0.0,censor,6.42847364818617,0.38528232365112
MESA,60,1,0,0,1,27.3554448652261,4.5731707317,0.0,censor,6.29158110882957,0.1642005659236
MESA,89,0,0,0,1,31.5472030007114,7.2072072072,0.0,dementia,4.13141683778234,-0.527397196229509
MESA,74,1,0,0,1,30.3748286231741,9.0865384615,0.0,censor,7.16495550992471,0.257692937826251
MESA,70,0,0,1,0,28.6153204961814,1.8461538462,0.0,censor,7.52908966461328,0.131254811484651
MESA,68,0,0,0,1,29.3242144207071,6.2465753425,0.0,censor,7.84941820670773,-0.0362697515227595
MESA,80,1,0,1,0,25.2783774980471,11.785714286,0.0,censor,6.97604380561259,-0.44925466895417
MESA,59,0,0,0,1,40.1494823733742,7.2,0.0,censor,7.75633127994524,-0.17073715338577
MESA,70,1,0,0,1,24.0935772644516,7.0909090909,1.0,censor,7.26078028747433,-0.426952552785529
MESA,65,1,0,1,0,30.6130158183621,60.702576112,1.0,censor,6.68583162217659,-0.0055782656944401
MESA,76,1,0,0,1,28.9866069280966,23.727272727,1.0,censor,7.20602327173169,-0.18611351242433
MESA,62,0,0,0,1,17.5428826019158,1.8367346939,0.0,censor,6.43394934976044,-0.16633622827328
MESA,60,1,0,1,0,25.8327419244065,20.396600567,1.0,censor,7.32922655715264,0.01991945530851
MESA,69,0,1,0,0,18.370906448243,12.413793103,0.0,censor,6.77344284736482,0.55737994836953
MESA,60,1,0,1,0,25.76,14.888337469,1.0,censor,6.61190965092402,0.34199184684384
MESA,71,1,1,0,0,23.65297694275,6.4748201439,1.0,censor,6.77344284736482,-0.35930796228165
MESA,63,1,0,1,0,28.0420268102065,2.4291497976,0.0,censor,7.12662559890486,0.4991419341743
MESA,73,0,0,0,1,35.1826901807798,25.565217391,1.0,censor,6.38193018480493,0.262356794886971
MESA,59,1,0,0,1,26.9935554506255,10.138504155,0.0,dementia,4.5886379192334,-0.56321702943895
MESA,69,0,0,1,0,30.0679212864775,6.0952380952,0.0,censor,7.21971252566735,1.85720568182008
MESA,76,0,0,1,0,28.1248021163872,1.7142857143,0.0,censor,6.87474332648871,0.263251332669221
MESA,68,1,0,0,1,24.22,13.027522936,0.0,censor,6.072553045859,-0.28928945101548
MESA,67,1,0,1,0,38.7083124107853,12.144578313,1.0,censor,6.18754277891855,-0.73193205723107
MESA,62,0,0,0,1,22.7591483792892,1.8997361478,0.0,censor,7.42778918548939,0.0317748417801901
MESA,83,1,0,0,1,23.3471617408333,4.7191011236,0.0,dementia,5.71937029431896,-1.23554711411819
MESA,58,0,0,1,0,47.2256196673388,7.7664974619,1.0,censor,6.11088295687885,-0.74527829591312
MESA,66,0,0,0,1,32.7814425954647,25.693069307,0.0,censor,6.45037645448323,-0.3825415195636
MESA,86,0,0,0,1,32.718215394918,14.751381215,0.0,censor,4.70910335386721,-1.31556317811263
MESA,55,0,1,0,0,21.7996539737464,4.0243902439,0.0,censor,6.81177275838467,0.34390598427722
MESA,81,0,0,0,1,26.7972923076923,8.1818181818,0.0,censor,7.65776865160849,0.11301027159425
MESA,63,0,0,1,0,28.8880070815909,13.564154786,1.0,dementia,4.63244353182752,-0.39208574675203
MESA,68,1,0,0,1,28.731070562078,15.130434783,1.0,censor,6.30527036276523,-0.59051822916505
MESA,67,1,1,0,0,20.5992257932962,3.112033195,1.0,censor,6.8911704312115,0.45800149717671
MESA,69,1,0,0,1,31.4921349917707,23.411214953,1.0,censor,5.85352498288843,-0.21717396102628
MESA,79,0,0,0,1,24.8490413178504,4.7282608696,0.0,censor,6.38193018480493,-0.906665263765851
MESA,69,0,0,0,1,32.8562055450719,12.272727273,1.0,censor,6.8227241615332,-0.8709991291738
MESA,61,0,1,0,0,20.8299394966316,3.2692307692,0.0,censor,4.9719370294319,-0.58864661744494
MESA,87,1,0,0,1,27.0518125021086,66.910994764,0.0,censor,3.01437371663244,-1.16328979531966
MESA,66,0,1,0,0,21.5567230389559,3.5492957746,1.0,censor,7.00342231348391,-0.28007478360019
MESA,90,1,1,0,0,24.4009489124261,1.1920529801,0.0,censor,6.40657084188912,-1.03405275449275
MESA,68,0,0,1,0,27.1440418656524,4.5882352941,1.0,censor,7.5482546201232,-1.88848789898504
MESA,76,0,0,1,0,39.0165634581219,3.6416184971,0.0,censor,7.14031485284052,-0.415505052438149
MESA,67,0,1,0,0,27.2309210526316,8.3185840708,0.0,censor,5.84531143052704,-1.01748984429687
MESA,60,0,0,0,1,32.7530864197531,1.226993865,0.0,censor,6.94592744695414,-0.71332586558904
MESA,57,0,0,1,0,26.8527891736374,3.3906633907,0.0,censor,7.0280629705681,-0.0221744365562699
MESA,57,1,1,0,0,23.1570503226733,12.326732673,1.0,censor,6.98425735797399,0.43638714295332
MESA,54,0,0,0,1,44.1245848597524,31.774193548,0.0,censor,6.3709787816564,-0.13164405822803
MESA,61,1,1,0,0,27.7080596734847,33.813559322,0.0,censor,7.36755646817248,-0.46113437267704
MESA,75,0,0,1,0,21.208027967037,0.1538461538,0.0,censor,6.80355920602327,-0.77469497325292
MESA,75,1,0,0,1,31.3627393456864,72.918660287,1.0,censor,6.25051334702259,-1.06519185648243
MESA,66,0,0,0,1,26.9085207612457,0.3045685279,1.0,censor,7.76454483230664,0.15274304271263
MESA,73,1,0,1,0,30.7671803415244,0.9160305344,0.0,censor,6.59822039698836,-0.540473544507501
MESA,78,1,0,1,0,25.3307034845496,6.013363029,1.0,censor,6.75701574264203,-0.610016099370389
MESA,55,1,0,1,0,31.4684356240235,60.731707317,0.0,censor,6.60643394934976,-0.19884537360277
MESA,60,0,0,1,0,33.262459650649,13.155080214,1.0,censor,7.08829568788501,-0.56431595026359
MESA,83,1,0,0,1,24.132215663254,32.285012285,1.0,dementia,5.51129363449692,-1.85267553650697
MESA,75,0,0,1,0,29.6818354573117,7.2,0.0,censor,6.78439425051335,-0.25771322290377
MESA,73,1,0,0,1,20.1811362650383,24.786324786,1.0,censor,6.08350444900753,-1.1350347187407
MESA,85,1,0,0,1,24.7205707491082,7.6557863501,0.0,censor,5.73579739904175,-1.41547536140466
MESA,80,1,0,1,0,25.8814289110585,1.9047619048,0.0,censor,4.61327857631759,-0.0823425918499694
MESA,82,1,0,1,0,30.1698568743264,9.9497487437,0.0,censor,6.40657084188912,-0.6164228477417
MESA,70,0,1,0,0,23.0589955546641,20.609418283,0.0,censor,6.68309377138946,-0.29567268252072
MESA,72,1,0,1,0,21.1711725624766,46.408839779,0.0,censor,7.94524298425736,-2.25825598074773
MESA,78,0,0,0,1,26.9159970781592,3.5555555556,0.0,censor,7.83846680355921,-0.67171512946006
MESA,71,1,0,1,0,26.487875045872,1.6179775281,0.0,censor,6.26146475017112,-0.76920973077263
MESA,63,0,0,0,1,33.9100346020761,2.2285714286,0.0,censor,7.74264202600958,-1.50815161314017
MESA,76,0,0,1,0,25.8246901894692,4.1698841699,0.0,censor,7.46885694729637,-0.166083888617111
MESA,69,1,0,1,0,32.3258475561139,12.642140468,0.0,censor,6.93497604380561,0.30759749730273
MESA,72,1,1,0,0,29.5420340697438,42.246575342,0.0,dementia,5.42094455852156,-0.51289315203513
MESA,88,0,0,1,0,26.1957992168031,17.326968974,0.0,death,6.3025325119781,-1.05101408462735
MESA,71,0,1,0,0,24.1007069676283,4.8186528497,1.0,censor,6.46406570841889,0.28839905173992
MESA,81,0,0,0,1,29.3592125039672,6.5573770492,1.0,censor,6.45859000684463,-0.72113915299613
MESA,65,1,0,0,1,25.7517393771089,42.784090909,0.0,censor,7.57837097878166,0.5136104153644
MESA,66,1,1,0,0,23.1627265705244,57.80104712,0.0,censor,6.47775496235455,-0.43529929149946
MESA,77,1,0,0,1,29.1710958323079,6.6666666667,1.0,censor,7.36208076659822,-0.20832352899322
MESA,63,0,0,0,1,31.248,12.405063291,0.0,censor,7.81930184804928,1.10089590602738
MESA,57,1,0,0,1,33.8852646717605,52.182410423,1.0,censor,6.42299794661191,-0.7200241174961
MESA,69,0,0,0,1,24.2721752609054,6.6666666667,0.0,censor,6.32991101984942,-0.77802301182791
MESA,73,1,1,0,0,23.2958391879859,19.343283582,0.0,censor,7.27994524298426,-0.56596619092043
MESA,64,0,0,0,1,24.8512652864238,3.3962264151,0.0,censor,6.5845311430527,-0.3830828631356
MESA,71,0,0,1,0,31.7085115853456,6.8571428571,0.0,censor,6.89664613278576,-0.0851438249914906
MESA,70,0,0,1,0,28.7260657217496,8.5,0.0,censor,7.73716632443532,-0.298678660249951
MESA,87,1,0,0,1,24.1934193472684,3.0481283422,0.0,dementia,2.34086242299795,-0.73557127014831
MESA,84,0,0,1,0,30.9421056253968,8.4923076923,0.0,censor,7.1813826146475,-0.670773260586709
MESA,67,0,0,0,1,28.6938813260297,45.306122449,0.0,censor,7.78097193702943,-0.52185457080053
MESA,68,1,1,0,0,24.9160625382129,9.4285714286,0.0,censor,6.3025325119781,-0.12419370918842
MESA,81,1,0,0,1,25.3772078038176,25.828877005,0.0,censor,7.41409993155373,-0.34882427934962
MESA,75,0,0,1,0,31.5788362097793,5.4054054054,0.0,death,4.09582477754962,-0.49906141388871
MESA,71,1,1,0,0,22.1915223240807,19.683794466,0.0,death,1.42094455852156,-1.05371501437263
MESA,67,1,0,0,1,28.896282316115,19.753846154,0.0,censor,7.06365503080082,-0.35769026531352
MESA,56,1,0,1,0,27.7502205666111,12.989690722,1.0,censor,7.29363449691992,-0.77395038536599
MESA,82,1,0,0,1,26.6814404432133,10.25,0.0,censor,4.58590006844627,-0.28542947016534
MESA,81,1,0,0,1,33.7850641636998,9.3413173653,0.0,death,6.47775496235455,0.26529114059485
MESA,79,1,0,1,0,25.7830389662926,0.6876790831,0.0,censor,6.11635865845311,-2.03644844275988
MESA,63,1,0,0,1,26.7697358887233,5.6824512535,1.0,censor,7.58110882956879,-0.11264330092869
MESA,59,1,1,0,0,17.2042773469084,1.186440678,0.0,censor,7.16495550992471,0.19478497969864
MESA,77,1,0,0,1,36.4464237724114,49.038461538,0.0,death,3.39767282683094,-0.05218007719361
MESA,78,0,0,0,1,23.1325377951418,0.9523809524,0.0,death,2.61190965092402,-0.574116898100731
MESA,80,1,0,1,0,21.635275492876,0.4395604396,0.0,censor,6.3791923340178,-0.367845328898279
MESA,75,1,0,0,1,25.9650466195216,15.592105263,0.0,censor,7.08829568788501,0.22339114363334
MESA,76,1,0,1,0,27.8746890210925,5.1968503937,0.0,censor,6.85831622176591,-0.48315448628875
MESA,76,0,0,1,0,35.2548571428571,10.251256281,0.0,death,1.54962354551677,-0.652188183297621
MESA,76,0,0,1,0,29.8302163117583,29.579831933,0.0,censor,6.34360027378508,-0.22471002666759
MESA,67,0,0,1,0,36.1128517359321,57.134831461,0.0,censor,7.35112936344969,-0.74605270424371
MESA,58,1,1,0,0,25.4031445111863,34.32,1.0,censor,6.97330595482546,0.51831194364592
MESA,56,0,0,1,0,30.359186437633,93.55450237,0.0,censor,6.83367556468172,0.00438483625027
MESA,82,0,1,0,0,22.023870592661,0.8653846154,0.0,censor,6.57357973990417,-0.81818232248953
MESA,70,0,0,0,1,24.3908597399318,28.881987578,0.0,dementia,4.290212183436,-1.70123921866643
MESA,78,0,0,1,0,33.6069093046936,22.458100559,0.0,censor,7.54277891854894,-0.78820600409471
MESA,58,1,0,1,0,39.7858143527956,49.736842105,1.0,death,2.12731006160164,-0.60318374455771
MESA,61,1,0,0,1,27.0591636632413,21.042654028,0.0,censor,8.02464065708419,0.23347834806602
MESA,81,1,0,0,1,22.2195858268661,15.211267606,1.0,death,0.785763175906913,-0.309884401174619
MESA,79,0,0,0,1,24.7264989073072,3.6031331593,0.0,censor,6.91307323750856,0.241904987072159
MESA,79,0,0,1,0,30.0528669498054,18.311688312,0.0,censor,7.4715947980835,-1.25856652197074
MESA,72,1,0,0,1,26.9255313566916,19.851851852,1.0,censor,8.06023271731691,-0.25285664839772
MESA,58,1,0,0,1,19.461555232749,2.9230769231,0.0,censor,7.29911019849418,0.73386331967869
MESA,81,0,0,0,1,24.7398139437265,6.7226890756,0.0,dementia,4.53114305270363,-0.407471921343721
MESA,68,0,1,0,0,17.1168129244013,1.9591836735,0.0,censor,4.57494866529774,-0.80405085319205
MESA,68,0,0,1,0,31.886491080803,5.4800936768,0.0,censor,7.58110882956879,0.0619414879086605
MESA,57,0,0,0,1,34.0292861608361,15.763747454,0.0,censor,7.7782340862423,-0.81656180607062
MESA,76,1,0,0,1,29.7663225347099,27.543859649,0.0,censor,6.3025325119781,-2.60048402847054
MESA,87,0,0,1,0,29.8456667985754,20.043668122,1.0,censor,6.64750171115674,-0.335373237942269
MESA,80,1,0,1,0,27.9844715466198,1.3461538462,0.0,dementia,6.3025325119781,-0.429479727048469
MESA,59,1,0,0,1,28.8706936678369,5.0526315789,0.0,censor,6.91581108829569,-0.40866997311214
MESA,75,1,0,0,1,28.9841722540588,1.6458852868,1.0,censor,6.60369609856263,-0.29968514750541
MESA,65,1,0,1,0,32.6148838992925,37.695652174,0.0,censor,7.10746064339494,-2.06545798493062
MESA,73,0,0,0,1,38.7350203523953,64.213075061,0.0,censor,7.44147843942505,-1.23242039994382
MESA,75,0,0,0,1,19.0549153855355,1.897810219,1.0,dementia,4.5201916495551,-0.18695227307084
MESA,72,1,0,0,1,32.8544787896642,15.384615385,0.0,censor,3.91238877481177,-0.12196820984414
MESA,58,1,0,1,0,31.3372933884298,28.208955224,0.0,censor,6.98425735797399,-0.43524803255046
MESA,68,0,1,0,0,23.861589520373,4.4585987261,0.0,censor,6.27241615331964,-0.5767472957761
MESA,85,0,0,1,0,27.3543969986765,6.4670658683,0.0,dementia,4.92539356605065,-0.75403079340811
MESA,63,0,0,1,0,28.3096111677211,3.5185185185,1.0,censor,7.45242984257358,-0.52863631726963
MESA,87,1,0,1,0,24.4260789715335,20.769230769,1.0,death,3.68788501026694,-1.24872291412795
MESA,63,0,1,0,0,19.3828571428571,1.6085790885,0.0,censor,7.14852840520192,-0.69953097367126
MESA,78,0,0,1,0,26.1350288028558,7.34375,0.0,censor,7.63860369609856,-0.11463834418156
MESA,60,1,0,0,1,30.8211839793467,24.57337884,0.0,censor,7.6249144421629,-0.54873156536383
MESA,73,1,0,0,1,23.0166007247772,13.05785124,0.0,censor,6.39835728952772,-0.685253934285311
MESA,78,0,0,0,1,27.4194420415225,22.295081967,0.0,dementia,4.19438740588638,-0.94187114103711
MESA,57,0,0,0,1,26.0770487255226,8.1958762887,0.0,censor,7.97262149212868,-0.13882609693336
MESA,63,0,0,1,0,41.4034800713861,5.7954545455,0.0,censor,6.95414099931554,-0.87505207088945
MESA,56,0,0,1,0,42.4916381896011,15.138461538,0.0,censor,5.93292265571526,0.4734465852323
MESA,61,0,0,1,0,21.1704761523389,1.4893617021,0.0,censor,7.60301163586585,-0.48219751834914
MESA,79,1,0,1,0,27.2696919257332,3.5294117647,1.0,censor,6.55167693360712,-1.06005277956699
MESA,74,1,0,1,0,32.0253035404551,24.457478006,0.0,censor,6.5160848733744,0.43118606668566
MESA,57,1,1,0,0,24.8546089760817,2.102425876,0.0,censor,6.70499657768652,-0.27589633282316
MESA,56,1,0,0,1,24.8540400245885,17.301587302,0.0,censor,7.74811772758385,-1.55498886057978
MESA,75,0,1,0,0,24.0425753939267,59.61038961,1.0,censor,7.12388774811773,0.24533107951053
MESA,60,1,0,1,0,33.8707870861757,37.249070632,0.0,censor,7.35112936344969,0.42489175720212
MESA,62,0,1,0,0,21.125177880166,0.6648199446,0.0,censor,7.46885694729637,-0.0950740827366701
MESA,63,0,0,0,1,29.8723486835958,2.6405867971,0.0,censor,7.05544147843943,-0.14170404436881
MESA,77,0,0,0,1,28.0117975019324,7.2765957447,1.0,censor,7.23613963039014,-0.91988238462162
MESA,62,1,0,1,0,24.1675102562736,56.811594203,1.0,censor,6.35728952772074,-0.76015912739008
MESA,57,0,0,1,0,29.4805955616861,0.4063205418,0.0,censor,6.41478439425051,0.0343936962902198
MESA,70,0,0,0,1,30.7715250662146,5.034965035,1.0,censor,6.30527036276523,-0.550720237978309
MESA,71,1,1,0,0,25.7348265330096,17.518248175,0.0,censor,6.70773442847365,-0.87699391402518
MESA,75,1,0,0,1,27.670139645014,30.05988024,0.0,censor,6.78439425051335,-1.03974234944428
MESA,83,0,0,0,1,28.6685281411797,5.9090909091,0.0,censor,6.54346338124572,-1.44008445641835
MESA,74,0,1,0,0,29.2617216097784,7.399463807,0.0,censor,6.53524982888433,0.24084168388071
MESA,76,1,0,1,0,21.0461107857681,21.787709497,0.0,dementia,3.97809719370294,-0.30240018179072
MESA,72,1,0,0,1,28.7233942340669,18.333333333,0.0,censor,6.6694045174538,-0.85272237648217
MESA,57,1,0,0,1,26.2120351239669,4.6601941748,0.0,censor,5.65913757700205,-0.31915070300319
MESA,70,0,0,1,0,28.9081816452793,0.5642633229,0.0,death,4.435318275154,-0.29900761280261
MESA,79,1,0,1,0,27.2368027624593,60.48,1.0,death,6.93771389459274,-1.30649664397831
MESA,59,1,0,0,1,30.5731711324155,2.9916897507,0.0,censor,7.29637234770705,0.5852277476529
MESA,68,1,0,0,1,23.2061809424555,17.76,1.0,censor,7.31006160164271,-0.57268916203648
MESA,67,0,0,0,1,30.6818059379326,5.2409638554,0.0,censor,7.33196440793977,0.29405144093854
MESA,62,0,1,0,0,20.5049177577257,6.9696969697,0.0,censor,6.87748117727584,-0.16842355536155
MESA,75,0,0,1,0,23.7629055431187,4.6829268293,1.0,censor,7.54551676933607,-0.62396968574466
MESA,78,1,0,0,1,29.8206184224474,13.292307692,0.0,censor,6.33538672142368,0.0075261417557996
MESA,85,0,0,0,1,20.6896188763651,15.517241379,1.0,censor,3.01437371663244,-0.769844744205621
MESA,58,0,0,1,0,34.1643303701357,11.176470588,0.0,censor,6.84188911704312,0.38257386688354
MESA,62,0,1,0,0,25.541018105047,8.8405797101,0.0,censor,7.26078028747433,-0.48394280309929
MESA,78,0,0,1,0,29.2931411307433,0.8333333333,0.0,censor,6.98699520876112,-0.16380922662705
MESA,65,0,1,0,0,25.2795732020109,20.483383686,1.0,censor,6.4394250513347,-0.82084891670999
MESA,63,0,0,0,1,26.4576318294402,1.1368421053,0.0,censor,7.24161533196441,-0.32565792894863
MESA,78,1,0,0,1,24.4045277888761,0.3715170279,0.0,censor,7.16495550992471,-0.693249576126441
MESA,60,1,0,1,0,28.92672,43.553299492,0.0,censor,7.7782340862423,-0.74613926871199
MESA,66,0,0,0,1,20.7139881429258,13.768115942,0.0,censor,6.55167693360712,-0.31958150657989
MESA,59,0,0,0,1,29.5420340697438,4.3971631206,0.0,censor,6.64476386036961,-0.30490445974021
MESA,68,0,1,0,0,25.801634353469,9.652173913,0.0,censor,6.91581108829569,0.45964888182768
MESA,72,0,0,1,0,35.2484825445733,3.5915492958,0.0,censor,7.28542094455852,-0.282368470357829
MESA,78,0,0,1,0,27.6244761807976,1.8292682927,0.0,censor,7.67967145790554,-0.85065550881455
MESA,94,0,0,1,0,32.786597631973,0.4991680532,0.0,dementia,4.81587953456537,-1.29916651593139
MESA,67,0,0,0,1,22.1769126301494,0.0,1.0,censor,6.41478439425051,0.60718102049821
MESA,68,1,0,1,0,28.5141856337956,14.782608696,1.0,censor,-0.824093086926763,-1.65078856718977
MESA,65,1,0,0,1,27.4127464922623,1.9399538106,1.0,censor,7.36755646817248,-0.26454133720705
MESA,72,0,0,1,0,35.2840312431831,1.6260162602,0.0,dementia,3.94524298425736,-0.54710383910986
MESA,71,1,0,0,1,27.0456685714286,38.028169014,0.0,censor,6.11362080766598,-1.17704104619457
MESA,59,1,0,0,1,28.9488416634123,9.3617021277,0.0,censor,6.37371663244353,-0.18997007573751
MESA,90,1,0,0,1,29.0546865074576,11.213872832,0.0,censor,7.10746064339494,-1.13158101549241
MESA,71,1,0,1,0,24.8542274052478,0.9350649351,0.0,dementia,4.54209445585216,0.213010243138319
MESA,57,1,0,0,1,22.7915370152954,0.3351955307,0.0,censor,7.40588637919233,-0.42798267968123
MESA,68,0,0,1,0,30.9263390623553,11.704035874,1.0,censor,7.25530458590007,-0.44514753361451
MESA,63,0,0,0,1,24.7229453010634,6.0775862069,0.0,censor,7.28268309377139,-0.0784855830934802
MESA,58,1,1,0,0,29.5329446598089,21.157024793,0.0,censor,5.97125256673511,0.67152373017955
MESA,75,0,0,1,0,21.8537700701242,0.1714285714,0.0,censor,7.39493497604381,-0.42634825861484
MESA,59,0,0,0,1,26.7528959679216,11.971830986,1.0,censor,6.01505817932923,0.1575372844198
MESA,74,1,0,0,1,28.7658391526613,9.8130841121,0.0,dementia,5.00479123887748,-0.64416238752603
MESA,64,1,0,1,0,23.0369207123526,0.6201550388,0.0,censor,7.60574948665298,0.0976830049780403
MESA,59,1,0,1,0,25.6870957098242,2.5850340136,1.0,censor,5.29500342231348,-0.0444672251586503
MESA,71,1,0,1,0,33.6349433043545,35.461741425,1.0,censor,5.83709787816564,-1.59630598526787
MESA,63,0,0,1,0,40.6689566493757,7.6923076923,1.0,censor,6.20944558521561,-1.51764261727862
MESA,57,1,1,0,0,23.0181952248064,32.445652174,0.0,censor,7.15674195756331,-0.14140059578747
MESA,58,0,0,0,1,21.0255661066472,6.0262008734,0.0,censor,6.79534565366188,0.48862522847492
MESA,85,1,0,0,1,24.7879145246618,29.38215103,0.0,censor,7.31006160164271,-0.47472055454713
MESA,62,0,0,0,1,31.89375,16.52173913,0.0,censor,6.24777549623546,-0.84708555503415
MESA,76,0,0,1,0,26.3365934228801,9.8360655738,0.0,censor,7.21423682409309,-0.4821984140235
MESA,61,0,0,1,0,30.5275901317519,2.3741007194,0.0,censor,7.20602327173169,-0.86487300390741
MESA,81,0,0,1,0,26.2283421097333,5.9210526316,0.0,censor,6.98699520876112,-0.14920551084316
MESA,76,1,1,0,0,22.2872352373037,23.942992874,0.0,censor,5.38261464750171,-0.99205876654964
MESA,60,1,0,0,1,32.0623409606103,1.5915119363,0.0,censor,7.14852840520192,0.825160455432081
MESA,61,1,0,1,0,25.4641225477022,2.676056338,1.0,censor,6.8993839835729,0.429475103445679
MESA,56,0,1,0,0,20.7925141110307,1.1413043478,0.0,censor,5.97399041752224,0.59613598054309
MESA,78,1,1,0,0,26.1118012033189,25.900990099,1.0,censor,6.88569472963724,-1.80753895212423
MESA,82,0,1,0,0,25.2483093829248,10.666666667,1.0,censor,6.55167693360712,-0.667244805165861
MESA,90,0,0,1,0,30.5636975806494,3.5204081633,0.0,censor,6.34086242299795,-2.69795139027093
MESA,65,0,0,0,1,28.9500854020981,7.5191815857,0.0,censor,8.10403832991102,0.16969099727262
MESA,55,0,0,1,0,31.7165625,0.0,0.0,censor,7.35660506502396,0.59592588880502
MESA,85,0,1,0,0,22.4288779156071,1.8633540373,0.0,censor,6.68856947296372,-0.459735135310579
MESA,76,1,0,0,1,26.7291861704974,8.3905013193,0.0,censor,7.34017796030116,-0.58344409436868
MESA,81,1,1,0,0,20.9280577659431,41.481481481,0.0,censor,6.26146475017112,-0.83070248102552
MESA,76,1,0,1,0,35.6110533009596,9.8313253012,1.0,dementia,6.19028062970568,-0.14640441699697
MESA,70,1,1,0,0,23.9087603305785,20.049140049,0.0,censor,6.17932922655715,-1.98530631174175
MESA,55,0,0,1,0,33.7088936518218,34.785276074,1.0,censor,7.5482546201232,0.63153579735337
MESA,80,0,0,0,1,35.2609747451819,47.653429603,0.0,censor,6.4394250513347,-0.57656809149582
MESA,64,0,0,0,1,23.8030679729955,0.0,1.0,censor,7.62765229295003,-0.42088618435651
MESA,63,0,0,0,1,30.7631833910035,10.506329114,0.0,censor,6.36824093086927,-0.07912236030066
MESA,70,0,0,1,0,32.6173169034117,12.720848057,0.0,censor,6.45859000684463,-0.8943718972782
MESA,60,1,0,1,0,25.0600169061707,1.6326530612,1.0,censor,7.23887748117728,0.31311273801282
MESA,68,1,0,0,1,29.0363262997519,37.772397094,1.0,censor,8.12046543463381,0.11799721400475
MESA,75,1,0,0,1,28.0552435598038,21.023017903,1.0,censor,6.12731006160164,-0.345403877416361
MESA,76,1,0,1,0,31.4638805537868,32.023460411,0.0,censor,7.20328542094456,-0.96755828909685
MESA,55,0,0,0,1,21.9511526548066,5.3448275862,1.0,censor,7.84941820670773,-0.0603800289395402
MESA,71,1,0,1,0,22.3360555528388,0.0,0.0,dementia,5.89459274469541,0.5330678778272
MESA,75,1,0,1,0,28.2013913222025,2.04778157,1.0,censor,7.37577002053388,-0.615657665160821
MESA,64,0,0,0,1,22.9876543209877,1.2552301255,0.0,censor,7.60848733744011,-1.55626420558083
MESA,74,1,0,1,0,43.1848129007068,1.9607843137,1.0,censor,6.39561943874059,-0.42015353478449
MESA,64,0,1,0,0,28.2299966539639,3.6116504854,0.0,censor,7.71526351813826,0.0334519959628594
MESA,64,0,0,0,1,38.5432098765432,27.62979684,0.0,censor,7.23613963039014,-1.76946145367189
MESA,75,0,0,0,1,24.6773403822953,6.6,0.0,censor,7.61943874058864,-0.33495390000399
MESA,63,0,0,0,1,37.5095876795087,23.265306122,1.0,censor,7.74811772758385,-1.58374261019561
MESA,64,0,0,1,0,34.0129080786095,10.448548813,0.0,censor,7.35934291581109,-0.19499696114427
MESA,71,1,0,0,1,24.0266645126006,13.069306931,0.0,censor,5.98767967145791,-0.51786694516942
MESA,83,1,0,0,1,27.3754253521089,13.686354379,0.0,censor,6.68035592060233,-0.74647056197708
MESA,71,1,0,1,0,36.1926265914112,9.037037037,1.0,death,2.57905544147844,-1.00500344198898
MESA,73,0,0,1,0,34.2458327317502,1.3170731707,1.0,censor,7.41683778234086,0.5553152391471
MESA,66,0,0,0,1,34.954561449522,2.9556650246,1.0,censor,6.30800821355236,-1.06652297132887
MESA,68,1,0,0,1,26.0777542156418,10.481927711,0.0,censor,7.42778918548939,-0.26249260309625
MESA,75,0,0,0,1,29.6389643612664,5.5479452055,0.0,censor,7.14305270362765,-0.47738986406715
MESA,75,0,0,1,0,27.6394840182138,7.4826789838,1.0,censor,7.39219712525667,0.0946460605763406
MESA,67,0,0,0,1,23.6570220636808,0.0,0.0,censor,6.25051334702259,-1.17503078882174
MESA,85,1,0,0,1,28.7374334808493,2.8915662651,0.0,censor,7.66598220396988,-0.34384291214494
MESA,64,0,0,0,1,31.7562454019691,27.533156499,0.0,censor,6.62012320328542,-0.0512753033007399
MESA,82,0,0,0,1,21.9853653646965,2.7480916031,0.0,censor,7.31006160164271,-0.34143709603544
MESA,63,0,0,0,1,35.9287665664361,0.9230769231,0.0,censor,7.92881587953457,0.434167940226681
MESA,79,0,0,0,1,33.2716049382716,13.303167421,1.0,dementia,4.95824777549624,-0.99924868781966
MESA,66,1,0,0,1,27.8610491591667,1.4388489209,0.0,censor,7.64955509924709,-0.70722376569539
MESA,57,1,1,0,0,30.7914300045956,19.753846154,0.0,censor,7.60574948665298,0.00526789014257
MESA,61,0,0,0,1,21.6598678465769,0.0,0.0,censor,7.95345653661875,0.5433335258222
MESA,57,1,0,1,0,28.3067932797663,2.7615062762,1.0,censor,7.45242984257358,0.59509850785376
MESA,77,0,0,0,1,21.0244342266236,11.25,1.0,censor,7.89048596851472,-0.0519684557457296
MESA,73,1,1,0,0,30.2202570838807,45.72972973,0.0,censor,6.4394250513347,-1.20215451585872
MESA,62,0,1,0,0,29.1102715466352,16.346153846,0.0,censor,7.33744010951403,0.42559104509634
MESA,76,0,0,0,1,26.3912053812941,1.8237082067,0.0,censor,8.16153319644079,-1.05245021953301
MESA,68,1,0,1,0,44.8572215327929,56.918918919,1.0,censor,6.55167693360712,0.55743805571429
MESA,86,0,1,0,0,21.3675113020286,2.8723404255,0.0,censor,6.20944558521561,-1.3860840683811
MESA,69,0,0,0,1,38.1462305070127,7.7184466019,0.0,dementia,5.637234770705,-0.57376188039293
MESA,75,0,0,1,0,25.0811578471017,0.0,1.0,censor,6.16563997262149,-0.648014960403751
MESA,76,0,0,0,1,24.3151590530747,6.2117647059,1.0,censor,7.38672142368241,-0.63535368573624
MESA,59,0,1,0,0,27.7053114890953,7.6056338028,0.0,censor,7.51266255989049,1.01286271603267
MESA,62,1,0,0,1,26.5082465277778,37.424242424,0.0,censor,7.24161533196441,-1.15027498518446
MESA,76,1,0,0,1,26.2452877495583,2.4,1.0,censor,6.34360027378508,-0.40967328814417
MESA,79,0,1,0,0,22.9576928230224,15.635179153,0.0,censor,6.63107460643395,-0.204995241496251
MESA,70,0,0,1,0,24.1081587120448,1.0144927536,1.0,censor,6.36824093086927,-0.20987964323479
MESA,56,0,0,1,0,37.8639566135088,20.590405904,1.0,censor,6.32717316906229,-0.84874397722292
MESA,75,0,0,0,1,22.692693148688,11.483870968,1.0,dementia,2.64750171115674,-0.22519691219693
MESA,66,1,0,0,1,22.2671720773128,54.965034965,0.0,censor,6.55167693360712,-0.13685198235337
MESA,72,0,0,1,0,19.1632231404959,4.7872340426,0.0,censor,7.81382614647502,-0.362473065511649
MESA,62,0,0,0,1,21.1479042476827,0.9896907216,1.0,censor,7.56194387405886,-0.99169921463149
MESA,56,0,0,0,1,32.3848188261475,3.0909090909,0.0,censor,7.44695414099932,0.0640780050325901
MESA,62,1,1,0,0,32.5015079331581,1.7034700315,0.0,censor,6.42299794661191,-0.22662010784698
MESA,88,0,0,0,1,18.5952690588622,6.6498740554,1.0,dementia,3.73990417522245,-1.10048191012268
MESA,56,1,0,0,1,25.1747484992188,5.4088050314,1.0,censor,7.06639288158795,0.50982083349828
MESA,84,1,0,0,1,27.7923469274985,4.8461538462,1.0,dementia,2.25325119780972,-0.23252091258193
MESA,64,1,0,1,0,26.6850531286895,2.3502304147,1.0,censor,6.85831622176591,0.469865510100701
MESA,81,0,0,1,0,30.307557358625,5.8666666667,1.0,censor,6.41478439425051,-0.58991531440268
MESA,63,0,0,1,0,38.1885708935427,32.068965517,1.0,dementia,5.89733059548255,-1.45340118813187
MESA,64,1,0,1,0,42.5975916955017,64.132231405,1.0,censor,6.91033538672142,-0.57829339576706
MESA,66,0,1,0,0,26.046511627907,25.459459459,0.0,censor,7.23887748117728,0.186935567156689
MESA,79,0,0,0,1,22.2223835099434,3.3802816901,0.0,dementia,4.92265571526352,-0.16335248915511
MESA,85,1,0,0,1,28.2429387347461,9.8876404494,0.0,censor,6.072553045859,-0.83120646637006
MESA,60,1,1,0,0,25.7652190033858,18.962264151,0.0,censor,6.42299794661191,0.468020655281791
MESA,58,1,0,0,1,23.8934827990506,0.2926829268,1.0,censor,7.5482546201232,0.66470943371436
MESA,67,0,0,1,0,37.5300750510405,5.4744525547,0.0,censor,6.3791923340178,-0.0303369727105604
MESA,65,0,0,0,1,45.8157227387997,41.196172249,1.0,censor,7.854893908282,-0.50470555038614
MESA,81,1,1,0,0,24.4030816762791,69.54954955,0.0,censor,6.43394934976044,-1.08997166692724
MESA,64,1,0,1,0,28.2276047696758,1.5789473684,0.0,censor,7.62217659137577,-0.73737690635246
MESA,58,1,0,1,0,37.1318787797788,87.402985075,0.0,censor,6.69952087611225,-0.14749039618438
MESA,58,0,0,0,1,26.7451990388832,4.900990099,0.0,censor,6.68856947296372,-1.30897602408999
MESA,70,0,0,0,1,26.4189728366689,7.0093457944,0.0,censor,6.18206707734428,0.06564337152532
MESA,61,0,0,1,0,27.9127226972461,0.9625668449,0.0,censor,6.8227241615332,-0.29686517792252
MESA,79,1,0,1,0,18.2824509220702,35.162094763,0.0,censor,6.31622176591376,-1.34134438889339
MESA,74,0,0,0,1,33.348312527673,7.1760797342,0.0,censor,6.39835728952772,0.0109563984961099
MESA,56,1,1,0,0,27.5233683287191,24.0,1.0,censor,6.84188911704312,-0.23523450036813
MESA,67,1,0,0,1,29.4135187939563,49.6485623,1.0,censor,6.51334702258727,-0.0771183938471296
MESA,55,1,0,0,1,31.1974389788749,37.155963303,0.0,censor,6.48596851471595,-0.10793194162714
MESA,59,1,0,0,1,26.977446623676,5.7558139535,0.0,censor,8.12594113620808,-0.42108930603929
MESA,75,0,0,0,1,26.3770559674809,60.152284264,0.0,censor,6.91307323750856,-1.22012049563487
MESA,76,0,1,0,0,22.057239299052,10.947867299,0.0,censor,6.93771389459274,0.16810660070569
MESA,61,0,0,0,1,25.8295755989544,2.07852194,0.0,censor,6.4476386036961,-0.73265848990937
MESA,76,1,0,0,1,26.208984375,0.0,0.0,death,7.05544147843943,0.205465997278711
MESA,78,0,0,1,0,29.1884235221596,18.0,1.0,censor,6.95140314852841,0.2131495886747
MESA,66,1,0,0,1,28.0775623268698,8.3290488432,0.0,censor,6.37371663244353,-0.4267517668434
MESA,56,1,0,0,1,26.0110907599301,28.843813387,1.0,censor,6.92676249144422,0.3522289760116
MESA,81,0,0,0,1,25.0065625541936,0.4166666667,0.0,censor,6.77618069815195,-1.1981309798107
MESA,56,0,0,1,0,25.8545683881029,1.6363636364,1.0,censor,6.71868583162218,-0.49921319880811
MESA,76,1,0,0,1,28.8146132673417,6.511627907,1.0,censor,7.26351813826146,-1.76819917392824
MESA,58,0,0,1,0,30.7330045926966,1.9626168224,0.0,censor,7.96714579055442,0.20370198444771
MESA,74,0,0,1,0,26.8888679423131,10.971428571,1.0,censor,7.69609856262834,0.0555932486843005
MESA,82,0,0,1,0,27.6878705335683,2.3788546256,0.0,censor,6.24503764544832,-1.76408812391104
MESA,79,0,0,0,1,28.2792576694862,2.5714285714,0.0,death,5.9356605065024,-1.06286346863229
MESA,70,1,0,1,0,26.8083615165539,25.764705882,1.0,censor,6.07802874743327,-0.268815473624051
MESA,75,0,0,0,1,22.3514509970496,24.821917808,0.0,censor,7.06639288158795,-0.55921761456118
MESA,69,0,0,0,1,29.7288858516354,9.5192307692,1.0,censor,7.14852840520192,-0.359457911390869
MESA,71,1,0,0,1,37.6876773635763,28.695652174,0.0,death,0.506502395619439,-0.0587119542029797
MESA,66,1,0,1,0,25.4687652232447,0.4603580563,1.0,censor,7.16769336071184,0.54553613802464
MESA,85,0,0,1,0,26.5667200597478,14.207436399,1.0,censor,6.65023956194387,-0.38252377903286
MESA,63,0,0,0,1,36.4499063886834,17.929411765,1.0,censor,7.83846680355921,0.36024384460377
MESA,62,1,0,1,0,31.5178670633346,51.295336788,1.0,censor,6.47227926078029,0.0894988316049101
MESA,80,1,1,0,0,26.8918442557282,31.0,0.0,censor,6.93771389459274,-1.13204770411024
MESA,67,1,0,0,1,33.8861386057512,4.0214477212,0.0,censor,7.30184804928131,-0.55232914652958
MESA,69,1,0,0,1,33.2092930385547,38.8,0.0,censor,6.55167693360712,0.557078254126699
MESA,78,0,0,0,1,27.7799762564306,0.7915567282,1.0,censor,7.24709103353867,-1.15231899966438
MESA,72,1,1,0,0,24.3703703703704,17.939698492,0.0,censor,6.58726899383984,-0.44265065732899
MESA,59,1,0,1,0,37.3036127002214,102.90502793,0.0,censor,6.2258726899384,-0.73453275512245
MESA,61,0,0,0,1,35.7710092269724,6.213592233,0.0,censor,7.94798083504449,0.39031408153519
MESA,85,0,0,0,1,25.2034429360784,5.0246305419,0.0,dementia,5.44284736481862,-1.20185249308152
MESA,65,1,0,0,1,32.5407270780032,12.140762463,0.0,censor,7.68240930869268,0.19031212690473
MESA,67,0,1,0,0,26.8488094062155,40.830670927,1.0,death,5.36892539356605,-0.82587581614679
MESA,65,0,0,1,0,30.221872819646,4.6341463415,0.0,censor,6.39561943874059,-0.32226548625902
MESA,59,1,0,0,1,24.497598274679,12.782608696,0.0,censor,6.80082135523614,-0.07935490600115
MESA,58,1,1,0,0,21.2919974960847,19.472295515,0.0,censor,5.98767967145791,-0.44947911071105
MESA,57,0,0,1,0,24.5844405133803,0.2580645161,0.0,censor,7.01711156741958,-0.26030163345422
MESA,78,1,0,0,1,25.5797176843713,3.6734693878,0.0,censor,7.65503080082136,-0.80877308319492
MESA,87,1,0,0,1,21.8219106908315,6.288209607,0.0,censor,7.71800136892539,-1.33778262089642
MESA,76,0,0,0,1,29.4695533422351,25.212765957,1.0,censor,7.57015742642026,-0.73684435092925
MESA,60,0,0,0,1,23.3386132674305,0.1435406699,0.0,censor,6.9678302532512,0.0169719650758402
MESA,73,1,0,0,1,26.9260186151277,11.142857143,0.0,censor,7.06091718001369,-0.647932961717849
MESA,57,0,0,1,0,33.9368792378088,4.9342105263,1.0,censor,7.27720739219713,-0.56592258761846
MESA,71,0,0,0,1,27.2904483430799,13.176972281,0.0,censor,6.45311430527036,-0.45393971642865
MESA,61,1,0,1,0,24.235316194408,0.5642633229,0.0,censor,6.25325119780972,0.58510006185285
MESA,85,0,0,1,0,25.1481481481481,5.8371040724,0.0,censor,7.3347022587269,-0.36535531743925
MESA,74,1,0,1,0,30.5281687136889,25.058823529,0.0,censor,7.5482546201232,0.0486297056063805
MESA,73,0,0,0,1,23.808452856514,7.1641791045,0.0,censor,6.5160848733744,-1.74797692025774
MESA,84,1,0,1,0,27.721279725744,28.385269122,0.0,censor,7.17590691307324,-0.54883005598447
MESA,68,1,0,0,1,29.5141440190438,7.6033057851,0.0,censor,7.12388774811773,0.10271069747123
MESA,57,0,0,0,1,19.3993820996039,2.0843672457,0.0,censor,6.66392881587953,-0.65999816344643
MESA,56,1,0,0,1,29.6879071390996,13.419023136,0.0,censor,7.71800136892539,0.18656429748425
MESA,69,1,0,1,0,31.0175054704595,9.3818181818,1.0,censor,7.25530458590007,-1.41116370510507
MESA,59,0,0,0,1,27.5529216914238,3.4532374101,0.0,censor,7.52087611225188,-0.91642534713917
MESA,63,0,0,0,1,26.3824384376357,2.9857819905,0.0,censor,6.86652977412731,-0.43354375213192
MESA,71,0,0,0,1,23.6890883579297,4.5086705202,0.0,censor,7.30184804928131,-0.78663415960998
MESA,70,1,0,0,1,29.8971142289201,51.168831169,0.0,censor,6.45311430527036,0.0900131453571404
MESA,64,0,0,1,0,25.9266642933428,1.125,1.0,censor,6.35455167693361,0.17375548118126
MESA,71,0,0,0,1,39.6079881656805,40.507614213,0.0,censor,6.72689938398357,-1.17050043011617
MESA,60,0,1,0,0,24.5867768595041,7.3943661972,0.0,censor,6.8911704312115,-0.49790759125941
MESA,67,1,0,0,1,22.9965251167699,0.6271777003,0.0,death,4.28747433264887,-0.22032791875786
MESA,56,0,0,0,1,26.8465455111176,1.5424164524,0.0,censor,7.53182751540041,-0.8215596959326
MESA,79,0,0,0,1,27.6704882244936,8.625,0.0,censor,6.11088295687885,-0.86407256249899
MESA,63,1,0,0,1,24.097831534632,2.5592417062,0.0,censor,6.2861054072553,-1.06008388103354
MESA,65,0,1,0,0,21.8736437472875,0.618556701,0.0,censor,7.21149897330595,0.3189662252514
MESA,75,1,0,0,1,26.9669533725668,15.19379845,0.0,censor,7.57015742642026,-1.09258018713436
MESA,64,1,0,1,0,26.2513469764751,16.348314607,1.0,censor,5.82340862422998,-1.05928391091111
MESA,73,0,0,0,1,33.7800245088146,13.486238532,0.0,censor,7.53456536618754,-0.74785780120912
MESA,55,1,0,0,1,26.0938472242457,2.4605678233,1.0,censor,7.43874058863792,-0.87774787476635
MESA,83,0,1,0,0,22.3245824990772,1.9266055046,0.0,censor,5.86447638603696,-1.07702954484347
MESA,82,1,0,1,0,25.2234137338914,35.346534653,0.0,death,5.70841889117043,-1.39517117949015
MESA,86,1,1,0,0,24.2410296698614,14.455958549,0.0,censor,4.10677618069815,-0.58951690926972
MESA,69,0,0,0,1,25.709917791604,32.608695652,0.0,censor,7.37577002053388,0.0207970041826996
MESA,76,0,0,0,1,21.7123829344433,5.5862068966,1.0,censor,2.1492128678987,0.0688655100960503
MESA,69,1,0,1,0,27.2866385674783,19.260969977,0.0,censor,6.71868583162218,0.0293771489140894
MESA,78,0,0,1,0,37.2413661311059,8.6381322957,0.0,censor,-0.224503764544832,-2.23385676419996
MESA,62,1,1,0,0,23.6215706198287,32.247557003,1.0,censor,6.76249144421629,-0.11053825995921
MESA,83,0,0,1,0,26.2343842950625,4.7107438017,0.0,censor,7.49897330595483,-0.14419974367559
MESA,62,0,0,1,0,32.248125,1.2371134021,0.0,censor,5.91101984941821,-0.57552819996669
MESA,59,1,0,1,0,37.2053571428571,6.2068965517,0.0,censor,7.81930184804928,0.33664039874398
MESA,82,0,0,1,0,37.9741929561831,6.9444444444,1.0,death,2.88843258042437,-0.834569562577251
MESA,82,0,0,0,1,19.9410595420609,3.0379746835,0.0,dementia,5.11430527036276,-0.78034662674148
MESA,78,1,1,0,0,24.1358674811753,23.463687151,0.0,censor,7.11019849418207,-0.63836438179528
MESA,59,0,0,0,1,28.0462209324881,1.7224880383,0.0,censor,7.31827515400411,-1.00213499220471
MESA,64,1,1,0,0,24.4490217157316,13.052631579,0.0,censor,6.2861054072553,0.23667123138859
MESA,80,1,0,0,1,25.4813055236781,8.1176470588,1.0,censor,7.29911019849418,-0.64884782648904
MESA,87,0,0,1,0,41.3273614416036,3.6631578947,1.0,censor,4.3668720054757,-0.377723252458919
MESA,59,0,1,0,0,20.0992478387067,0.0,0.0,censor,6.20670773442847,0.0932559527988801
MESA,73,0,0,0,1,28.6868449704142,57.738693467,0.0,censor,6.63107460643395,-0.560280211053551
MESA,69,0,1,0,0,23.5073811678787,7.8504672897,0.0,censor,7.46611909650924,-0.24495743532939
MESA,73,1,0,1,0,37.8557477678572,71.203319502,0.0,censor,6.24503764544832,-0.32767365084391
MESA,65,0,0,1,0,33.2954137498612,6.9281045752,1.0,censor,5.88637919233402,-0.49807467609205
MESA,60,1,0,0,1,32.7934827531777,2.2594142259,0.0,censor,6.99247091033539,-0.45741868563134
MESA,67,0,0,0,1,34.1902090878225,11.663066955,0.0,censor,7.35112936344969,-0.30974584097081
MESA,80,1,0,0,1,27.9461280761843,31.941176471,0.0,dementia,2.31348391512663,-0.24534814999539
MESA,74,0,0,0,1,21.6682419659735,23.763676149,0.0,censor,6.44216290212183,-0.0112325613562703
MESA,68,1,0,0,1,24.892652263301,14.598930481,1.0,censor,7.18412046543463,-0.71659574239459
MESA,69,0,0,1,0,29.5850945951492,19.152119701,1.0,death,4.80492813141684,0.39312002390229
MESA,62,0,0,1,0,36.3711075360854,14.285714286,1.0,censor,7.34017796030116,0.256801887200621
MESA,61,0,0,1,0,32.4636163503302,9.2207792208,0.0,censor,6.5242984257358,0.23174190387625
MESA,92,1,0,0,1,24.8096125387781,14.613180516,0.0,dementia,5.12799452429843,-1.53138046213162
MESA,84,1,1,0,0,18.876404494382,3.375,0.0,censor,6.79534565366188,-1.09386366669537
MESA,75,0,0,0,1,25.9504769037443,1.3636363636,0.0,censor,7.44695414099932,-1.12199757654056
MESA,62,0,0,1,0,47.4869716974807,0.6,1.0,censor,7.29363449691992,-0.81194117283864
MESA,63,1,0,1,0,35.5165772160665,17.647058824,0.0,censor,6.98425735797399,-0.19235256606368
MESA,60,1,0,0,1,22.8180712716466,16.601941748,0.0,censor,6.79534565366188,-0.47965852522985
MESA,61,0,0,0,1,32.4986149584488,18.412698413,1.0,censor,7.08008213552361,-0.67353575878069
MESA,78,0,0,1,0,28.847396736126,2.25,0.0,censor,7.44421629021218,0.46539701756829
MESA,65,0,0,0,1,32.0432973675992,30.756302521,0.0,censor,6.95687885010267,-0.0574468805742697
MESA,68,1,0,1,0,29.7283794629475,21.372031662,0.0,censor,6.83641341546886,-0.59228708851597
MESA,68,0,0,1,0,37.0460384820149,15.352480418,0.0,dementia,4.71457905544148,-0.61059092279936
MESA,79,0,1,0,0,27.4285714285714,20.968421053,0.0,censor,6.7460643394935,-1.02733554689016
MESA,57,0,0,0,1,22.4691358024691,0.0,0.0,censor,6.28062970568104,0.18021649430156
MESA,59,0,0,0,1,25.9502427641236,2.6978417266,1.0,censor,8.02737850787132,-0.44939200009057
MESA,59,1,0,1,0,32.9262895638348,18.448275862,1.0,censor,6.34360027378508,-0.0549805614364203
MESA,63,1,0,1,0,23.9998329167856,0.5341246291,0.0,death,5.71937029431896,-0.56490323827765
MESA,78,1,0,1,0,37.402549213372,30.735694823,1.0,death,5.67008898015058,-0.86964205159349
MESA,77,0,0,0,1,21.7120257817861,2.7177700348,1.0,censor,4.03011635865845,-1.21938483563941
MESA,84,0,1,0,0,31.9515118578292,6.3343108504,0.0,dementia,4.42984257357974,-0.74168979968648
MESA,71,1,0,0,1,27.6824492702029,29.79020979,0.0,censor,6.37371663244353,-0.327440297605391
MESA,77,0,0,1,0,27.2790403180785,11.527093596,1.0,censor,7.4113620807666,0.0173863713928796
MESA,64,0,0,0,1,36.5929337379375,5.6179775281,1.0,censor,6.58179329226557,0.178352178686301
MESA,61,0,0,0,1,22.4530119560249,0.3399433428,1.0,censor,7.14852840520192,0.378084019652221
MESA,63,1,0,1,0,27.2172208418135,15.449101796,0.0,censor,6.91307323750856,0.51423732458446
MESA,71,1,0,1,0,26.2844780962683,3.2801822323,1.0,censor,6.8993839835729,-0.28185556872503
MESA,77,0,1,0,0,29.8337602487668,20.941828255,0.0,censor,6.33812457221081,-0.775944948768981
MESA,57,1,0,1,0,34.8048598257952,12.695214106,1.0,censor,7.43052703627652,-0.43061740200476
MESA,63,0,0,1,0,32.203664527233,12.290502793,0.0,censor,6.85284052019165,-0.42403473989808
MESA,79,1,1,0,0,22.7840034857913,33.556231003,0.0,censor,6.33538672142368,-0.630848615974099
MESA,76,1,0,1,0,36.2789693273274,15.111111111,0.0,censor,5.83709787816564,-0.0845610550017696
MESA,80,0,0,0,1,20.7566966473875,1.1085450346,0.0,censor,7.24435318275154,-0.0951230583683596
MESA,67,0,0,0,1,25.6126085987971,6.7625899281,0.0,censor,7.38398357289528,-0.54970398978546
MESA,57,0,0,1,0,37.3947143554688,2.8977272727,0.0,censor,7.40862422997947,-0.26966262276943
MESA,71,1,1,0,0,21.8918106184637,20.727272727,1.0,censor,4.3750855578371,-0.73969651861086
MESA,91,1,0,0,1,24.9620188480852,2.5446428571,1.0,dementia,3.50992470910335,-0.767298412564141
MESA,59,0,1,0,0,21.7026166113959,4.0268456376,1.0,censor,7.72347707049966,0.17525778358358
MESA,74,1,0,0,1,25.1335449651206,1.8556701031,1.0,censor,7.12662559890486,-0.32595032117012
MESA,64,0,0,0,1,37.6078225165859,55.23465704,1.0,censor,6.26694045174538,0.0718605252076998
MESA,58,0,1,0,0,24.3555091494241,11.116751269,0.0,censor,6.39014373716632,-0.13529793363155
MESA,73,0,0,0,1,22.8390146707646,5.0289017341,0.0,censor,7.87405886379192,0.81800347381411
MESA,67,1,0,1,0,23.1396031361661,15.355450237,1.0,censor,6.94866529774127,-1.00435020899414
MESA,65,0,0,0,1,29.6580524395904,17.142857143,1.0,censor,6.51334702258727,-1.50852868667072
MESA,63,0,0,1,0,32.1038981349946,17.181208054,0.0,censor,6.77070499657769,-0.29636047832213
MESA,69,0,1,0,0,23.3525762845566,3.6486486486,0.0,censor,6.32169746748802,-0.5323077995812
MESA,61,0,0,0,1,26.9233203290062,10.4,1.0,censor,7.86858316221766,0.53772207231692
MESA,57,1,0,1,0,21.9989613469234,7.1604938272,0.0,censor,7.87405886379192,0.09170792499256
MESA,62,1,1,0,0,28.2488102320048,5.4285714286,0.0,censor,6.91033538672142,-0.90199848880099
MESA,73,1,0,1,0,25.4068832675917,5.3191489362,0.0,censor,6.11635865845311,0.0768545323042105
MESA,65,0,0,1,0,32.574459730847,50.0,0.0,censor,7.1813826146475,-0.86931749079322
MESA,61,0,0,1,0,27.680571965607,13.35078534,0.0,censor,7.37029431895962,-0.40855741583322
MESA,84,1,1,0,0,26.0716292852399,17.166212534,1.0,censor,6.39835728952772,-1.03776275696003
MESA,64,0,0,0,1,20.4276937618147,8.2464454976,0.0,censor,7.35112936344969,-0.64614374769776
MESA,62,0,0,0,1,23.8339100346021,2.8503562945,1.0,censor,7.03901437371663,0.556930166637819
MESA,81,1,0,0,1,29.5136823319453,81.643835616,0.0,censor,6.34086242299795,-0.39151109223166
MESA,69,0,1,0,0,23.8684859921614,11.269035533,1.0,dementia,5.04585900068446,-0.1723633455154
MESA,57,1,0,0,1,33.8519543553943,6.3913043478,0.0,censor,7.2662559890486,-0.7662908751793
MESA,79,1,0,0,1,25.5497142857143,2.8915662651,1.0,censor,7.68240930869268,-1.18867568229206
MESA,87,0,0,0,1,25.9626099812864,19.316239316,0.0,censor,7.51266255989049,-0.53348799548906
MESA,64,1,0,1,0,38.1696428571429,11.693735499,0.0,censor,6.77618069815195,-1.12869818452582
MESA,58,0,0,1,0,35.3034063266325,25.308056872,1.0,censor,6.73237508555784,-0.36541974072912
MESA,77,0,0,1,0,26.0721277808182,22.820512821,0.0,dementia,5.85352498288843,-0.17349447780054
MESA,77,1,0,1,0,31.6918837166205,2.2641509434,0.0,censor,6.35181382614647,-0.61446706554257
MESA,80,0,1,0,0,25.5995936572435,4.5033112583,0.0,censor,6.50513347022587,-0.57708998561591
MESA,68,0,0,1,0,24.9942345894509,15.357142857,0.0,censor,6.4394250513347,0.37003201543384
MESA,67,0,0,1,0,36.6495703333144,56.226415094,1.0,censor,6.4476386036961,-0.45799783614342
MESA,78,0,0,0,1,31.5558802045289,3.4782608696,0.0,censor,3.65776865160849,0.22638431484912
MESA,70,1,1,0,0,19.5603940899761,22.5,1.0,censor,6.92402464065708,-0.0212872577386506
MESA,85,0,0,1,0,27.0578449905482,4.3764705882,0.0,censor,6.42573579739904,-1.10602145288716
MESA,61,0,0,0,1,24.8783080029759,1.5639810427,1.0,censor,7.38398357289528,-1.09754095063226
MESA,57,0,0,0,1,21.0960505219123,0.8845208845,1.0,censor,6.74058863791923,-0.24885677970852
MESA,56,0,1,0,0,27.1863777228332,39.04109589,0.0,censor,6.11088295687885,-0.0779014248502897
MESA,63,0,0,1,0,26.695330427369,2.5675675676,0.0,censor,7.35660506502396,-0.0009479621273499
MESA,62,1,0,1,0,23.1701772230843,2.0289855072,0.0,censor,7.00889801505818,0.389131905481619
MESA,73,0,0,0,1,25.096616357409,20.0,0.0,death,6.51334702258727,-0.18388278837847
MESA,75,1,0,1,0,34.1597735509101,62.844827586,0.0,censor,7.31279945242984,-1.22930063215153
MESA,56,1,0,0,1,25.9793044812641,3.5668789809,0.0,censor,7.62765229295003,0.21615407248489
MESA,84,0,0,1,0,35.0383154574799,8.6161879896,0.0,death,1.65366187542779,-0.48049462434626
MESA,69,1,0,0,1,37.3474480151229,43.953488372,0.0,censor,7.53456536618754,0.434370150619949
MESA,58,0,0,1,0,30.5763976331361,14.017094017,0.0,censor,7.29911019849418,0.4705365486589
MESA,69,1,0,0,1,27.2545484508089,7.5,0.0,censor,6.42026009582478,-0.0123523557175503
MESA,73,0,1,0,0,16.7602126551429,1.686746988,0.0,censor,5.90828199863107,0.0960977964305698
MESA,83,0,0,0,1,36.0340023612751,3.5294117647,0.0,death,5.70841889117043,-0.4635517091585
MESA,62,0,0,1,0,31.4169312064007,6.1184210526,0.0,censor,7.43600273785079,0.16488246321344
MESA,85,0,0,0,1,25.1990278152849,5.3543307087,0.0,death,4.82683093771389,0.0073540008064497
MESA,80,0,0,1,0,29.2760586611209,23.571428571,1.0,censor,6.98973305954825,-1.38675863465457
MESA,74,1,0,0,1,28.6631142451911,33.680297398,0.0,censor,7.30184804928131,-0.29199097695372
MESA,60,1,1,0,0,25.2697577854671,50.542635659,0.0,censor,6.71868583162218,-0.97976511654148
MESA,70,0,0,0,1,31.8023170478091,15.893223819,1.0,censor,7.24161533196441,-0.60948409672285
MESA,71,0,0,0,1,23.3140130185586,2.9424307036,0.0,censor,7.38672142368241,-0.566899404562091
MESA,55,1,0,0,1,29.6245965687107,32.061068702,0.0,censor,6.72416153319644,0.18384750603816
MESA,57,1,1,0,0,23.5688502872267,43.297297297,0.0,censor,6.61190965092402,1.32712865620473
MESA,69,1,0,1,0,24.0796495135729,1.6030534351,1.0,censor,6.3791923340178,-0.29790634317518
MESA,56,1,0,0,1,25.5211195874757,14.960629921,0.0,censor,7.12662559890486,0.24341488828233
MESA,74,1,0,1,0,24.7597078046905,6.3043478261,0.0,death,0.777549623545517,-1.46605364562279
MESA,72,1,0,0,1,26.3719756449287,6.4229765013,0.0,censor,6.17932922655715,-0.25835874652569
MESA,62,1,0,1,0,30.473773063062,14.615384615,0.0,censor,6.8145106091718,-0.62350252136814
MESA,74,0,0,1,0,33.1551329363629,28.783783784,0.0,censor,5.45927446954141,-0.72330330867333
MESA,58,0,0,0,1,33.8577634216975,13.231441048,0.0,censor,8.13415468856947,0.66661298129109
MESA,69,1,0,0,1,23.8704935012864,5.9475218659,0.0,censor,6.7460643394935,-0.44921261847397
MESA,69,0,1,0,0,19.1798679400346,21.728395062,0.0,censor,6.60643394934976,-0.0578056715543397
MESA,77,0,0,1,0,37.5408332995253,13.072625698,0.0,censor,7.54277891854894,-0.2039595395655
MESA,82,1,1,0,0,30.4744627197109,61.648351648,0.0,censor,6.53524982888433,-1.16169470006799
MESA,72,1,0,1,0,30.1573523181492,6.4589235127,0.0,censor,7.43326488706365,0.30308060626765
MESA,87,1,0,0,1,26.3979324927559,0.2443991853,0.0,censor,7.25530458590007,-0.852586574464939
MESA,61,0,0,0,1,28.6146695450584,14.964705882,1.0,censor,6.84188911704312,0.55997468749857
MESA,74,1,1,0,0,21.9034428175702,0.6299212598,0.0,censor,7.08829568788501,-0.3857977986892
MESA,62,1,0,1,0,31.1161929230539,93.411078717,1.0,censor,6.78439425051335,-1.20529703016396
MESA,64,0,0,1,0,36.965782917776,39.712230216,0.0,censor,7.30732375085558,-1.1113689879353
MESA,68,1,0,1,0,34.9263384836507,50.602409639,0.0,censor,7.4715947980835,-0.87723731950938
MESA,64,0,0,0,1,18.3529677443637,0.266075388,0.0,censor,7.62217659137577,-0.05369821303008
MESA,77,0,0,1,0,29.4564466183571,2.4148606811,0.0,censor,7.34017796030116,0.0428452381617703
MESA,73,0,0,1,0,22.8817916720184,1.3793103448,0.0,censor,6.41204654346338,-0.88785912953406
MESA,75,0,1,0,0,22.6508434256055,0.3726708075,0.0,censor,7.56741957563313,-0.41343256767028
MESA,86,0,0,1,0,29.8203067932798,6.9026548673,0.0,censor,6.26694045174538,-1.37662213173619
MESA,66,0,0,1,0,25.0487517509578,3.9204545455,1.0,censor,7.54277891854894,0.190630578157869
MESA,68,0,0,1,0,25.2400548696845,1.9879518072,1.0,censor,6.43394934976044,0.725717044192579
MESA,70,0,0,0,1,31.8953129081829,9.6923076923,1.0,censor,7.06365503080082,0.50269937138014
MESA,80,1,0,0,1,31.0864644635582,1.2658227848,0.0,dementia,4.59137577002053,-0.381164432023721
MESA,64,0,0,0,1,20.8282354892893,0.2977667494,0.0,censor,7.60301163586585,0.764438183734271
MESA,77,0,1,0,0,23.4808351851698,6.935483871,0.0,censor,6.41752224503765,-1.0470154351043
MESA,64,0,0,0,1,21.8963529869744,1.0786516854,0.0,censor,7.99726214921287,0.51612725733647
MESA,60,0,0,0,1,22.176,0.0,0.0,censor,7.73990417522245,-0.68271694393219
MESA,75,0,0,1,0,38.2666730293342,16.216216216,0.0,censor,6.65297741273101,-0.159999203041259
MESA,63,0,0,0,1,23.2624121671598,12.442396313,0.0,censor,7.4798083504449,0.2357587289121
MESA,66,1,0,0,1,33.2718693700134,20.784313725,0.0,censor,6.70499657768652,0.56524646045437
MESA,59,1,0,1,0,28.72276816609,5.4545454545,0.0,censor,7.27720739219713,0.26887110157994
MESA,71,0,0,0,1,34.6407313402664,46.843373494,0.0,censor,6.11088295687885,-0.91364448544998
MESA,82,1,0,0,1,25.9986557378917,4.8837209302,0.0,death,0.446269678302533,-0.0867077284744894
MESA,58,0,0,0,1,32.0700277754398,1.1368421053,0.0,censor,7.83025325119781,-0.12677950178668
MESA,62,0,1,0,0,29.620802228961,18.167938931,0.0,censor,6.24503764544832,0.14954490936294
MESA,68,0,0,1,0,28.4531645413739,11.772151899,1.0,censor,6.86105407255305,0.412986427891791
MESA,69,0,0,1,0,42.23658093254,32.317073171,1.0,censor,7.25530458590007,-0.63459647151942
MESA,59,0,1,0,0,22.9888513432713,2.2222222222,0.0,censor,5.78781656399726,-0.9727129291389
MESA,77,0,0,1,0,20.211713494262,13.097345133,0.0,censor,7.37850787132101,-0.91423385631358
MESA,65,1,0,0,1,27.7145010910534,13.244680851,1.0,censor,6.07529089664613,-1.27617536408188
MESA,75,0,1,0,0,23.047225501771,10.263157895,0.0,censor,6.68309377138946,0.0970423937099696
MESA,56,0,0,0,1,27.9222975778547,7.7372262774,0.0,censor,7.49075975359343,-0.60194192978067
MESA,57,0,0,1,0,33.0162940778867,1.3138686131,0.0,censor,6.39288158795346,-2.06337307293212
MESA,82,1,0,1,0,24.4914443617813,2.2085889571,0.0,censor,6.16837782340862,-0.0742148984110202
MESA,61,1,0,0,1,37.738113535367,23.236074271,0.0,censor,7.83299110198494,0.43494916488085
MESA,67,1,0,0,1,24.4610603125985,1.6956521739,0.0,censor,6.31074606433949,-0.0786376612511702
MESA,61,0,0,1,0,30.8345679012346,1.7532467532,1.0,censor,7.43052703627652,-0.0415099413358398
MESA,63,1,0,1,0,30.3472715890885,11.020408163,1.0,censor,7.14305270362765,-0.21539714656511
MESA,64,0,0,0,1,43.4038147107085,10.454545455,0.0,censor,7.21149897330595,-0.15519915832864
MESA,74,1,1,0,0,29.8754765825181,15.872093023,0.0,censor,6.507871321013,-0.323947948046469
MESA,64,0,0,0,1,26.2445278393801,4.7727272727,0.0,censor,7.09103353867214,-0.68868396356109
MESA,74,0,0,1,0,29.8400476184446,48.303249097,0.0,censor,6.89390828199863,-0.56023228808583
MESA,79,0,0,0,1,22.9768968564575,16.390977444,1.0,censor,7.39767282683094,-0.32733066900217
MESA,78,1,0,1,0,31.499843750775,47.093023256,0.0,censor,7.43600273785079,0.0481592243481302
MESA,71,0,0,0,1,40.5496618013528,4.0657084189,1.0,dementia,5.59890485968515,-0.45445501719571
MESA,60,0,0,1,0,32.3980390660565,1.56,0.0,censor,7.27173169062286,-0.39300538232903
MESA,74,0,0,0,1,23.090930265473,2.1670428894,1.0,censor,2.42299794661191,-0.36516576423563
MESA,63,1,1,0,0,22.2290388069208,7.0893371758,0.0,censor,6.56810403832991,-0.6297852296517
MESA,64,1,1,0,0,23.228398906848,38.093023256,0.0,censor,6.41204654346338,-0.19006395239514
MESA,82,0,0,0,1,25.1187115985877,17.766990291,0.0,censor,7.35386721423682,-0.0759478459847799
MESA,59,0,1,0,0,20.7703925802446,3.7668161435,0.0,censor,5.85626283367557,-0.27132920411615
MESA,80,0,1,0,0,24.1091842709788,1.4501510574,1.0,censor,6.46954140999316,-1.66469646736412
MESA,63,0,1,0,0,24.2742899680524,13.050397878,0.0,censor,6.43121149897331,-0.42250691592542
MESA,62,0,0,0,1,22.176,1.8502202643,0.0,censor,6.31622176591376,0.10926840374077
MESA,71,1,0,0,1,23.5128287070855,2.2285714286,1.0,censor,7.4880219028063,0.15840804761858
MESA,89,0,0,1,0,35.6810950626044,15.982532751,0.0,death,6.18480492813142,-0.53321614124628
MESA,64,1,0,0,1,20.0353287482406,0.1941747573,0.0,censor,6.70225872689938,0.222562671588349
MESA,75,0,0,0,1,28.1770062869822,10.626349892,0.0,censor,6.072553045859,-1.1039539218309
MESA,74,0,1,0,0,24.0758015676412,4.2077922078,0.0,censor,6.13004791238877,0.31986186788418
MESA,77,0,0,1,0,37.6333323801081,6.0913705584,1.0,censor,6.90212183436003,-1.09565993893893
MESA,88,0,0,0,1,21.4214789568093,24.72,1.0,dementia,4.23271731690623,-0.53941142875349
MESA,63,1,1,0,0,24.7220050916132,9.0731707317,1.0,censor,6.32717316906229,-0.928618879813569
MESA,55,0,0,1,0,42.5632155736844,39.815668203,1.0,censor,6.42573579739904,0.26817851489095
MESA,68,1,0,1,0,35.7071218319813,18.766519824,0.0,censor,7.66598220396988,-0.382541966015199
MESA,67,1,0,0,1,35.6369774973433,16.119402985,0.0,censor,6.71868583162218,-0.0357141630459907
MESA,75,0,0,0,1,26.9605416851122,23.951612903,0.0,censor,5.52498288843258,-0.5745319970003
MESA,73,0,0,0,1,20.8956897933024,5.4545454545,0.0,dementia,5.23477070499658,-0.56783546100131
MESA,84,1,0,1,0,20.0520833333333,10.680628272,0.0,death,2.75975359342916,-0.92733508924381
MESA,55,1,0,0,1,25.3125,6.6288951841,0.0,censor,7.25530458590007,-1.06148040862088
MESA,71,0,0,0,1,21.1917687160712,2.9457364341,0.0,censor,7.20054757015743,0.0869048894086006
MESA,94,1,1,0,0,20.0741579780868,29.122807018,0.0,death,2.21218343600274,-0.70268316298308
MESA,57,1,1,0,0,25.7924239850518,32.452830189,0.0,censor,6.52703627652293,-0.90662430719706
MESA,61,0,0,1,0,40.6326169596146,29.253731343,0.0,censor,6.67214236824093,-0.50207915283536
MESA,71,1,0,0,1,36.5784729208224,15.194805195,0.0,censor,7.30184804928131,-0.16783793647151
MESA,68,0,0,0,1,33.1951054624121,20.606060606,0.0,death,5.80971937029432,-0.28236946919227
MESA,77,0,1,0,0,21.180739439868,22.448979592,0.0,censor,6.85831622176591,-1.14209274755173
MESA,80,0,0,1,0,30.7717141117077,28.827586207,0.0,censor,7.33744010951403,-1.09807591021674
MESA,75,0,0,0,1,20.3476310517689,15.896103896,0.0,censor,7.20328542094456,-0.52912257906672
MESA,59,0,0,0,1,41.6983625395001,16.446700508,0.0,censor,6.09445585215606,-1.09638220275046
MESA,80,0,0,0,1,32.2539343011302,80.877742947,0.0,censor,7.58110882956879,-0.23259910807796
MESA,69,0,0,0,1,23.9996803239384,12.139534884,1.0,censor,6.5927446954141,-0.34517819320172
MESA,59,0,0,0,1,28.4178956702151,0.3797468354,0.0,censor,7.46611909650924,-0.44893851094708
MESA,60,1,1,0,0,22.9455256225036,12.783505155,0.0,censor,7.08008213552361,1.29012834050989
MESA,64,1,1,0,0,21.8725761772853,6.56,0.0,censor,6.79534565366188,-1.71329787544598
MESA,84,1,0,1,0,24.550711886406,26.52173913,0.0,censor,0.936344969199179,-0.63713149072976
MESA,73,1,0,0,1,20.9364098870281,5.3571428571,0.0,censor,7.7782340862423,-0.700438097086641
MESA,78,1,0,1,0,26.8210619262939,35.570032573,0.0,censor,7.63860369609856,-0.0757392043200795
MESA,60,1,1,0,0,27.2920604914934,46.012269939,0.0,censor,6.09171800136893,0.17318972977501
MESA,76,0,0,0,1,30.5598253603824,2.3140495868,0.0,censor,6.66666666666667,-0.52386794501399
MESA,84,1,0,0,1,21.8495466544614,36.526946108,0.0,death,5.60985626283368,-1.54070317535985
MESA,73,1,0,1,0,31.6273265497792,13.770491803,0.0,censor,7.60848733744011,0.52867311827429
MESA,78,0,1,0,0,22.2952593692077,6.6914498141,0.0,censor,6.16563997262149,-0.61112286267485
MESA,81,1,0,1,0,40.443096236562,61.272084806,1.0,censor,7.5482546201232,-1.28792668756289
MESA,84,1,0,1,0,24.0740367200916,45.405405405,1.0,dementia,6.00684462696783,-1.02007341579146
MESA,79,1,0,0,1,28.2265966278971,35.172413793,0.0,censor,6.78165639972621,0.0391718716113701
MESA,66,1,0,1,0,31.2851429630382,0.2542372881,0.0,censor,7.60301163586585,-0.151759062550251
MESA,83,1,1,0,0,21.6321428571429,4.5476772616,0.0,death,0.725530458590007,-0.74576524196039
MESA,67,1,0,0,1,30.5736807881495,2.2950819672,0.0,censor,6.53251197809719,-0.0806111539232006
MESA,61,0,0,0,1,29.0021517279121,7.4816625917,0.0,censor,7.4880219028063,0.26243540588396
MESA,62,0,0,1,0,36.1992718881403,11.25,1.0,censor,7.06913073237509,0.0417101116535299
MESA,68,0,1,0,0,24.4751511217494,0.0,0.0,censor,6.91854893908282,0.27750934074741
MESA,81,1,0,1,0,27.0370194004975,5.614973262,1.0,censor,6.89664613278576,-1.22626221269539
MESA,65,1,0,0,1,27.6624875835593,23.035714286,0.0,censor,8.04654346338125,-0.44228585144166
MESA,66,0,0,0,1,22.7414838758066,3.0967741935,1.0,dementia,5.28678986995209,0.0177403185774594
MESA,71,0,0,0,1,27.6753194538611,5.797752809,0.0,censor,7.2580424366872,-0.3153075056136
MESA,65,1,1,0,0,21.0805376994675,15.37366548,0.0,censor,6.42026009582478,-0.43825823839679
MESA,69,0,0,0,1,28.8058865387818,14.185303514,0.0,censor,7.65776865160849,-0.74416792738336
MESA,66,1,0,0,1,23.6614342583987,8.6842105263,0.0,censor,7.76180698151951,-0.40654028750783
MESA,57,1,1,0,0,25.4819122698094,8.6146095718,0.0,censor,7.05544147843943,-0.84030497042955
MESA,61,0,0,0,1,30.0652451268027,18.214285714,0.0,censor,6.23408624229979,-0.0982490407938499
MESA,76,1,0,1,0,28.9686063065163,8.4210526316,0.0,censor,6.21492128678987,-1.6456832083466
MESA,62,0,1,0,0,20.1737196752581,0.7594936709,0.0,censor,7.69609856262834,-0.7351732045532
MESA,77,0,0,0,1,30.2715302646519,7.4393530997,0.0,dementia,5.76043805612594,-0.26982612706427
MESA,75,1,0,0,1,26.9022900599345,4.204851752,0.0,censor,7.90965092402464,-0.44089479749385
MESA,57,1,0,0,1,23.5987139447978,1.7368421053,0.0,censor,7.43600273785079,-0.06423177249753
MESA,66,1,0,0,1,28.0932937376694,10.734824281,0.0,censor,7.39767282683094,0.60507496358599
MESA,67,1,0,0,1,36.5557677924333,32.558139535,1.0,censor,5.90006844626968,0.35754579266989
MESA,63,1,0,1,0,37.9536735582606,14.364089776,1.0,censor,5.19917864476386,0.43039788876887
MESA,88,1,0,0,1,31.0719184793259,16.666666667,1.0,censor,3.40588637919233,-0.427633706376
MESA,60,1,0,1,0,25.4524560433711,25.830508475,1.0,censor,7.4880219028063,-1.2296779294641
MESA,56,0,0,1,0,42.087232655762,3.6298932384,1.0,censor,6.43668720054757,0.55663129100122
MESA,63,1,1,0,0,24.4645735670223,4.1911764706,0.0,censor,6.46954140999316,-0.36879470245889
MESA,63,1,0,0,1,24.0666645859992,3.4482758621,0.0,censor,5.72210814510609,1.06934309506214
MESA,91,1,0,1,0,24.5104776992161,10.434782609,0.0,death,4.55578370978782,-0.5126325768935
MESA,66,0,0,0,1,19.9993895180245,7.2131147541,0.0,dementia,4.81587953456537,0.81009235482763
MESA,80,0,0,0,1,26.0981077704949,17.142857143,0.0,death,3.84394250513347,-0.95640736773712
MESA,64,1,0,0,1,24.2274052478134,2.4523160763,0.0,censor,6.22861054072553,-0.81998046866429
MESA,69,1,1,0,0,22.8514165040731,27.857142857,1.0,censor,6.59000684462697,-0.30983187414714
MESA,79,1,0,0,1,31.8649687720556,26.818181818,1.0,censor,7.22245037645448,-0.13587002125155
MESA,63,1,1,0,0,22.8202121879379,56.850828729,0.0,censor,7.02532511978097,0.0948969289188902
MESA,64,0,0,0,1,35.871934437131,6.5853658537,0.0,censor,7.61670088980151,-0.0007742503580196
MESA,68,1,0,1,0,26.1454067835896,38.095238095,0.0,censor,7.5564681724846,0.305476764280699
MESA,80,1,0,1,0,29.1407541322314,26.168224299,0.0,censor,6.86105407255305,-0.979499968027331
MESA,77,0,0,1,0,36.5448743232099,5.9541984733,0.0,death,6.68856947296372,-0.99961784210857
MESA,76,1,0,1,0,32.5340192872092,75.660377358,1.0,death,5.7138945927447,0.0895588573575594
MESA,67,0,0,0,1,32.5574681648891,0.0,0.0,censor,7.16769336071184,-0.0027641941174195
MESA,82,1,0,1,0,31.9008948117062,58.860759494,0.0,death,5.21834360027379,-0.78020419063476
MESA,61,1,0,0,1,30.9480015353392,16.348314607,1.0,censor,7.08008213552361,-1.54905119081372
MESA,66,1,0,1,0,23.8167771428571,6.0,0.0,death,1.44832306639288,0.454057088745159
MESA,64,1,0,0,1,30.6565289256198,2.5065274151,0.0,censor,6.79808350444901,-0.40581384338357
MESA,73,1,0,0,1,29.6818858172136,2.2916666667,0.0,censor,7.30732375085558,0.203443779620061
MESA,69,1,1,0,0,27.338325729022,37.611940299,0.0,censor,7.08829568788501,-0.210444963346541
MESA,61,1,0,0,1,23.7897852201793,11.811023622,0.0,censor,6.56810403832991,-0.54177357602407
MESA,75,1,0,0,1,27.1872468139965,3.9215686275,0.0,censor,8.0684462696783,-0.87843204721303
MESA,69,1,0,0,1,24.0163233758523,42.366412214,0.0,censor,7.88774811772758,-1.18526260123725
MESA,60,0,0,0,1,33.3696844680133,7.9024390244,0.0,dementia,4.63791923340178,0.11232581370403
MESA,67,0,0,1,0,27.9310245983294,3.3802816901,1.0,censor,6.45037645448323,0.14929180909631
MESA,70,1,0,0,1,30.8204409360877,6.2211981567,0.0,censor,6.43668720054757,-0.20611983336736
MESA,82,1,0,0,1,33.8534110740674,12.563176895,0.0,censor,6.54893908281999,-1.35866907183358
MESA,87,1,1,0,0,21.0866864704294,41.233480176,0.0,censor,5.95756331279945,-1.91020894090291
MESA,67,0,1,0,0,23.4478305785124,20.39408867,0.0,dementia,0.602327173169062,-0.2602790543442
MESA,85,1,0,1,0,24.936300322745,4.6153846154,0.0,dementia,5.61259411362081,-1.45766334543792
MESA,86,1,1,0,0,22.4872914919003,11.835616438,1.0,censor,7.43600273785079,-0.75270453784232
MESA,62,1,0,1,0,37.0624341248683,4.5454545455,1.0,censor,7.14031485284052,-0.23261031219254
MESA,75,0,0,1,0,20.3536357150981,0.7438016529,1.0,dementia,4.39151266255989,-0.02907086088575
MESA,59,0,0,1,0,32.4490740671382,5.5844155844,0.0,censor,6.70773442847365,1.02703389687401
MESA,65,0,0,0,1,24.492640226906,4.2562929062,0.0,censor,8.0684462696783,0.28213939727124
MESA,69,0,0,0,1,29.4274540152845,24.045801527,1.0,censor,7.04175222450376,0.14998972979878
MESA,55,0,0,0,1,31.3932146976728,3.937007874,1.0,censor,7.74811772758385,-0.46453964418647
MESA,77,1,0,1,0,22.2064587531876,4.0793201133,1.0,death,0.862422997946612,-0.93407637546664
MESA,69,1,0,0,1,28.6613552058867,41.46179402,1.0,censor,6.45037645448323,-0.104177231941441
MESA,72,1,0,0,1,28.0294360760459,12.783505155,0.0,dementia,2.80355920602327,-1.04136705914815
MESA,62,1,1,0,0,23.8318503916032,5.9294117647,0.0,censor,7.51266255989049,-0.27714246843708
MESA,67,0,0,1,0,30.7080764769513,0.2181818182,1.0,censor,7.12388774811773,-0.84250569469156
MESA,67,0,0,0,1,26.3042444828806,1.6271186441,0.0,censor,7.41409993155373,-0.42391870480343
MESA,85,1,0,1,0,37.2638829917873,67.924528302,0.0,death,5.81245722108145,-0.29651092134085
MESA,63,0,0,0,1,26.747569707368,4.4906444906,0.0,censor,6.84188911704312,-0.65415974649324
MESA,56,0,1,0,0,20.9734673953945,0.8294930876,0.0,censor,7.58932238193018,-0.51399217438033
MESA,71,0,0,1,0,45.3669021240196,53.484162896,0.0,censor,6.40109514031485,-0.30583494772837
MESA,60,1,0,0,1,41.4488374398145,73.79501385,0.0,censor,7.43600273785079,-0.19112673124634
MESA,66,0,1,0,0,24.3138067688437,2.3799582463,0.0,censor,6.34360027378508,-0.47637065288309
MESA,77,1,0,0,1,28.0499702558001,9.6774193548,0.0,censor,6.98973305954825,-0.71402446689174
MESA,67,0,0,0,1,22.9234157468131,2.8895184136,0.0,censor,7.59206023271732,-0.38570242548037
MESA,65,0,0,0,1,23.3144011446848,4.6261682243,0.0,censor,7.06639288158795,0.14511825428402
MESA,77,1,1,0,0,21.0406531436748,25.552560647,0.0,censor,7.60574948665298,0.0693804365363405
MESA,71,1,0,0,1,29.9098027206727,3.4520547945,1.0,censor,5.91649555099247,-0.4841947218134
MESA,65,0,0,1,0,32.9057851239669,11.489361702,0.0,censor,6.55989048596851,0.0209646299182694
MESA,66,1,0,1,0,25.5460640138408,5.9778597786,0.0,censor,6.94045174537988,0.883810024897331
MESA,75,0,1,0,0,19.1761039365126,0.9699769053,0.0,censor,7.35660506502396,-0.14833945045024
MESA,68,1,0,1,0,32.2002209569134,48.701298701,0.0,censor,7.1813826146475,-0.86773167962332
MESA,64,0,0,1,0,45.6091744381443,4.5217391304,1.0,censor,6.5160848733744,1.04873056111674
MESA,72,0,1,0,0,23.1054648402871,12.609699769,0.0,censor,5.96577686516085,-0.87867987791137
MESA,73,0,1,0,0,23.6755185625578,7.7419354839,1.0,censor,6.507871321013,-0.35334454640665
MESA,67,1,0,1,0,26.1775765396938,9.6569920844,1.0,censor,6.94866529774127,-0.73280241908711
MESA,75,0,0,0,1,29.2571428571429,13.273137698,0.0,censor,7.23613963039014,-0.47634054485352
MESA,71,0,0,1,0,30.6001890359168,3.1979695431,0.0,censor,7.91512662559891,-0.6208538505481
MESA,65,0,0,1,0,23.5657467071397,3.5795454545,0.0,censor,6.05065023956194,-0.28696240824981
MESA,87,0,0,0,1,21.5113854492077,4.8684210526,0.0,censor,6.30527036276523,-0.965175876524739
MESA,65,1,0,1,0,31.3137869470343,0.7079646018,0.0,censor,6.6776180698152,-0.41431553071308
MESA,61,0,0,1,0,32.4378034551545,0.7826086957,0.0,censor,6.35455167693361,-0.26858542646863
MESA,67,0,0,0,1,35.9213905144554,25.945945946,0.0,censor,7.42778918548939,-0.0398540458584606
MESA,72,0,1,0,0,19.4663268307029,25.243128964,0.0,censor,7.08829568788501,-0.17764971587998
MESA,76,0,0,0,1,28.2616712582633,11.945080092,0.0,censor,7.69883641341547,-0.48475725613573
MESA,66,1,0,0,1,32.8849698120831,24.109589041,0.0,censor,6.13004791238877,-0.0122649154334994
MESA,73,1,0,0,1,26.0329471782336,1.843575419,0.0,censor,5.86173853524983,-0.579220908069669
MESA,74,1,1,0,0,25.324958677686,3.10626703,0.0,censor,7.30458590006845,-0.17765447089561
MESA,63,1,0,0,1,29.1635667977468,47.404063205,0.0,censor,6.8062970568104,-0.73503488510469
MESA,80,0,0,1,0,30.667623156219,20.371352785,0.0,censor,7.10198494182067,-2.12799636379513
MESA,73,0,0,1,0,35.0830298372816,1.7880794702,0.0,censor,6.362765229295,-0.98570642294562
MESA,75,1,0,0,1,35.0869916844659,58.095238095,1.0,death,2.26694045174538,0.0115900942729198
MESA,62,1,0,0,1,26.2907799078863,1.2735849057,1.0,censor,6.62286105407255,-0.0766334256800299
MESA,58,0,0,0,1,32.983379501385,5.6756756757,0.0,censor,6.44490075290897,0.0608885460723201
MESA,57,1,1,0,0,23.6127199821787,4.7404063205,1.0,censor,6.27515400410678,-0.52887535105066
MESA,77,1,0,0,1,33.5708960133328,12.138728324,1.0,death,2.35181382614648,-0.45389143576848
MESA,61,1,1,0,0,25.9342822222777,11.837837838,0.0,censor,7.08281998631075,0.0738256168263902
MESA,74,1,0,0,1,31.0772141138157,1.0465116279,0.0,censor,6.46954140999316,-0.32926482401412
MESA,71,1,0,1,0,28.568868612677,16.643835616,1.0,censor,7.40862422997947,0.0551218272028507
MESA,66,0,0,0,1,37.2015262488487,44.091858038,1.0,censor,7.61122518822724,-1.04640031700608
MESA,65,1,0,1,0,28.9403742382346,10.106951872,0.0,censor,6.84188911704312,-0.34678280385647
MESA,64,1,0,0,1,24.335855293209,9.1237113402,0.0,censor,6.50239561943874,-0.98841911089027
MESA,82,0,0,0,1,25.350837483024,2.3684210526,0.0,censor,6.66666666666667,-0.4779725757405
MESA,92,1,0,1,0,27.5964620285144,16.737588652,0.0,death,0.92539356605065,-1.0787547456409
MESA,69,0,0,1,0,25.0528742037208,0.0,1.0,censor,6.85831622176591,-0.81663096071765
MESA,57,0,0,0,1,33.5179054200581,4.5398773006,0.0,censor,6.62286105407255,-0.51300055012145
MESA,65,0,0,0,1,23.4676668341435,3.5190615836,1.0,censor,5.61806981519507,-0.3762936749044
MESA,61,0,0,1,0,46.1971873141057,14.482758621,1.0,censor,6.4394250513347,0.40824323840462
MESA,57,1,0,0,1,31.5081639667511,19.432624113,1.0,censor,6.68856947296372,-0.39838372736995
MESA,60,0,1,0,0,27.056690208055,6.3157894737,0.0,censor,6.42299794661191,-0.1633137782324
MESA,62,0,0,1,0,29.266609038501,0.0,0.0,censor,7.19780971937029,-0.14945584138219
MESA,66,0,0,0,1,23.1042816710934,16.592592593,0.0,censor,7.52635181382615,-0.0814370606361393
MESA,78,1,0,0,1,23.9639952390399,1.6071428571,0.0,censor,7.50444900752909,0.0466409848169505
MESA,77,0,0,1,0,29.886707655816,2.9752066116,0.0,dementia,4.4435318275154,0.0245605309728205
MESA,75,0,0,1,0,23.3579714455681,12.947368421,0.0,censor,2.86105407255305,0.24569389438003
MESA,81,0,0,0,1,24.828019914403,0.6617647059,0.0,censor,6.89390828199863,0.134764530723611
MESA,87,0,0,0,1,23.4033564477595,2.0895522388,0.0,censor,5.79055441478439,-0.38175105075594
MESA,62,0,1,0,0,20.9031910936338,9.5652173913,0.0,censor,6.68856947296372,-1.20989926441579
MESA,67,0,0,0,1,28.0324749224196,5.652173913,1.0,censor,7.39493497604381,-0.47233720296219
MESA,88,0,0,0,1,25.4582190792322,6.7012987013,1.0,censor,4.9719370294319,-1.52981314633754
MESA,62,1,0,0,1,22.4678499309172,0.8553971487,0.0,censor,7.23066392881588,-0.10448616643807
MESA,65,1,0,1,0,24.9986540383941,6.8899521531,0.0,censor,7.21971252566735,0.13421955820105
MESA,64,1,0,1,0,27.7157860870118,46.40625,1.0,censor,6.43394934976044,0.18507048775282
MESA,75,0,0,1,0,40.8791975346452,1.9444444444,0.0,censor,7.12662559890486,-0.66270613722548
MESA,67,0,0,0,1,31.8814878892734,21.768707483,0.0,censor,7.14579055441478,-0.0252714624111704
MESA,67,0,0,1,0,31.3306083707375,7.3426573427,0.0,censor,7.04996577686516,-0.40744134447565
MESA,58,0,0,1,0,24.3220136110256,0.0,1.0,censor,6.93771389459274,0.1030132001172
MESA,63,0,0,0,1,49.7516359309935,17.868852459,0.0,censor,7.71252566735113,0.398843264697651
MESA,60,1,0,1,0,33.9569683043582,6.4547677262,0.0,censor,5.86721423682409,-0.54896140379726
MESA,69,0,0,1,0,40.8520887290075,4.204851752,0.0,censor,6.32169746748802,-0.0139416679702506
MESA,60,1,0,0,1,28.3003653840524,0.0,0.0,censor,7.51540041067762,0.654705948437859
MESA,71,0,0,1,0,36.155063043308,19.35483871,0.0,censor,6.78165639972621,-0.35212891081851
MESA,83,0,0,1,0,18.723749112426,10.105263158,0.0,censor,4.67898699520876,-0.43836333263306
MESA,59,0,1,0,0,19.0269627914709,1.0023866348,0.0,censor,7.27173169062286,-0.0556192598543802
MESA,62,0,0,1,0,33.4296476037726,20.959692898,0.0,censor,6.97604380561259,-0.61615951197968
MESA,86,1,0,0,1,25.6034392151353,17.307692308,0.0,death,6.58726899383984,-0.73705518474337
MESA,70,1,1,0,0,29.1109258648317,16.875,0.0,censor,6.72416153319644,-0.12375719902579
MESA,64,0,0,0,1,26.3530585876587,2.2368421053,0.0,censor,7.06639288158795,0.0643813688434193
MESA,64,0,0,0,1,45.9126033988632,20.402684564,0.0,censor,6.74332648870637,-0.77614909924249
MESA,75,1,0,1,0,27.7988165680473,20.966542751,0.0,censor,6.40109514031485,-0.1772997226426
MESA,61,0,0,0,1,29.2749914172467,4.4015444015,0.0,censor,6.89390828199863,0.42509342525782
MESA,74,0,1,0,0,23.9207310668394,0.4444444444,1.0,dementia,5.91649555099247,-0.18092856816161
MESA,80,0,0,0,1,32.2081784004986,2.3931623932,0.0,censor,7.19507186858316,-0.481011792317091
MESA,60,1,1,0,0,25.7623014733041,3.6997319035,0.0,censor,6.87748117727584,0.18836800007808
MESA,73,0,0,1,0,31.4625334555895,26.75900277,0.0,censor,6.39835728952772,-0.851751592921271
MESA,68,1,0,0,1,25.478694750092,1.023890785,0.0,censor,6.25051334702259,-0.38617849967393
MESA,79,0,0,1,0,24.8965138713832,6.1403508772,1.0,censor,6.75701574264203,-0.41481382662147
MESA,81,0,0,0,1,37.0944,8.8944723618,1.0,censor,7.14579055441478,-0.0273629678408199
MESA,66,1,0,0,1,31.32857947082,9.8936170213,0.0,censor,7.35660506502396,-0.85263782651319
MESA,84,1,0,0,1,24.0801413962883,9.5424836601,0.0,censor,7.11019849418207,-1.41243976844072
MESA,63,0,0,1,0,33.2037193575655,1.9402985075,0.0,censor,7.53730321697468,0.0060315394031903
MESA,63,0,1,0,0,21.7025566106647,12.606382979,0.0,censor,6.02874743326489,-0.81084446944454
MESA,71,0,0,0,1,28.1450712203302,10.495626822,0.0,censor,6.39014373716632,-0.492662121075401
MESA,63,1,1,0,0,28.0238655100626,22.460732984,0.0,censor,7.21423682409309,-0.22887125866959
MESA,76,1,0,1,0,25.2923268378128,3.5467980296,1.0,censor,7.08829568788501,-0.0752870914336498
MESA,72,1,0,0,1,31.9166816143737,45.405405405,0.0,death,4.81587953456537,0.17438116205862
MESA,72,0,0,1,0,34.2378666792652,1.3418530351,0.0,censor,7.34017796030116,-0.28049030411927
MESA,66,1,0,0,1,30.1478713533995,16.710875332,0.0,censor,7.43326488706365,-0.25127570877926
MESA,78,1,0,0,1,21.0853870461063,4.05,0.0,censor,6.3025325119781,-0.94338565361731
MESA,66,1,0,0,1,25.232334179376,0.5797101449,0.0,censor,7.44147843942505,0.60280759516817
MESA,91,0,0,1,0,37.3535924479925,7.2,0.0,censor,5.58247775496235,-0.33566275542079
MESA,72,0,0,0,1,28.0183944880628,1.6981132075,1.0,censor,6.07529089664613,-1.02645884972686
MESA,76,0,0,0,1,29.5738590332163,1.875,0.0,censor,6.18206707734428,-1.05753677465286
MESA,87,0,0,0,1,24.5755872077399,6.3043478261,1.0,censor,7.85763175906913,-1.27387641543245
MESA,64,1,0,1,0,31.3123244608209,22.900763359,0.0,censor,6.81724845995893,-0.3571834553484
MESA,56,1,0,0,1,27.5141704413257,1.1506849315,0.0,censor,7.66598220396988,0.5104383378367
MESA,92,0,0,1,0,19.3535654420917,0.3578528827,0.0,dementia,5.28131416837782,-0.93356707191563
MESA,70,0,0,0,1,37.6578357490041,56.5,1.0,dementia,5.99315537303217,0.77744030620371
MESA,89,0,0,0,1,25.0971604635692,0.2948402948,0.0,censor,7.91238877481177,-1.2109161734145
MESA,60,0,1,0,0,19.7905674509088,0.1276595745,1.0,censor,7.27446954140999,-0.54780949270287
MESA,58,1,0,0,1,27.3545864399675,23.81443299,0.0,censor,7.20328542094456,-0.29574140135866
MESA,73,0,0,1,0,39.1721586310556,31.853281853,1.0,censor,6.72963723477071,-1.24461833664794
MESA,66,1,0,1,0,24.4688307957483,3.1168831169,0.0,censor,7.44695414099932,0.0423003159903999
MESA,69,0,1,0,0,24.5435683986961,7.5,0.0,censor,6.62286105407255,-0.9838013779087
MESA,70,1,0,0,1,28.9035792583234,7.2611464968,0.0,censor,7.20602327173169,-1.09483285426164
MESA,58,0,0,1,0,27.8497313482649,1.775147929,1.0,death,5.63997262149213,-0.22167084353433
MESA,88,0,0,1,0,28.1314858543105,13.739130435,0.0,censor,6.12731006160164,-0.87948913344954
MESA,71,0,0,0,1,18.8871466927572,0.1459854015,0.0,censor,6.08350444900753,-0.74761909365117
MESA,70,0,0,1,0,33.7735576794008,6.0504201681,0.0,censor,6.17111567419576,-0.6603601014613
MESA,73,0,0,1,0,30.2578512396694,7.5949367089,1.0,censor,7.08555783709788,-0.133499313970469
MESA,65,0,1,0,0,25.4809688581315,4.6451612903,1.0,censor,6.39835728952772,-0.44040733875301
MESA,62,0,0,1,0,31.4156318480643,6.0784313725,0.0,censor,6.97604380561259,0.305384240902799
MESA,89,1,0,1,0,19.6291791242738,24.033149171,0.0,death,4.84873374401095,-1.42445595489889
MESA,82,1,0,1,0,37.2734988860475,6.1764705882,0.0,death,6.48323066392882,-0.479471232333471
MESA,56,0,0,1,0,33.6206385382252,0.0,0.0,censor,5.15811088295688,0.23882542838372
MESA,63,0,1,0,0,26.7334357969341,33.529411765,0.0,censor,6.65023956194387,-1.00550024876475
MESA,65,1,0,1,0,33.4504827059199,63.197492163,0.0,censor,7.43600273785079,0.18944719675506
MESA,64,0,0,1,0,36.4123936410185,22.222222222,0.0,death,4.83504449007529,-0.17394765041897
MESA,82,0,0,1,0,28.9285714285714,8.3397683398,0.0,dementia,6.36550308008214,-0.880211759608091
MESA,55,1,1,0,0,26.8544026119784,15.227272727,0.0,censor,7.66324435318275,0.70481273476123
MESA,77,1,0,1,0,24.3670274085106,20.294117647,0.0,dementia,5.18001368925394,-0.42772549869147
MESA,67,1,0,0,1,23.2911771799477,2.9189189189,0.0,death,4.54483230663929,-0.33744892716759
MESA,89,0,0,0,1,24.6740480691331,0.0,0.0,dementia,5.96577686516085,-1.26297700976448
MESA,63,1,0,0,1,33.6587569762358,8.4246575342,0.0,censor,7.21697467488022,0.28504150921474
MESA,80,1,0,1,0,25.1383193427935,3.282674772,0.0,dementia,0.0136892539356605,-0.77696865876475
MESA,74,0,0,1,0,32.8686647060295,8.2294264339,0.0,censor,7.54551676933607,-0.46039093701838
MESA,66,0,0,0,1,33.4268241553297,6.1417322835,1.0,censor,7.38672142368241,-0.42714937091723
MESA,61,0,0,0,1,22.0781465813945,2.8954423592,0.0,censor,6.29705681040383,-0.69094869832938
MESA,66,1,0,1,0,23.2787922710245,1.6417910448,0.0,censor,6.47775496235455,0.0126446002802893
MESA,59,0,0,0,1,24.8262273548246,3.5097493036,0.0,censor,6.91581108829569,0.36814271936724
MESA,61,0,0,0,1,43.6314887573964,60.21978022,0.0,censor,5.96303901437372,0.0005411649985596
MESA,77,1,0,1,0,28.3101673655934,5.4227405248,0.0,dementia,6.20670773442847,-0.791372434284921
MESA,80,1,0,1,0,38.1424848435716,12.280701754,0.0,censor,7.54551676933607,-0.90984978535832
MESA,60,0,0,0,1,30.8068344696875,1.3043478261,0.0,censor,7.83846680355921,-1.33687410504191
MESA,71,1,0,0,1,25.2461654645168,5.6090651558,1.0,censor,6.93223819301848,-0.05607953603906
MESA,55,0,0,0,1,30.6030856527356,1.775147929,0.0,censor,7.15400410677618,0.35954473598133
MESA,65,0,0,1,0,26.990966835839,5.25,0.0,censor,6.85831622176591,-1.2365888570703
MESA,62,1,0,0,1,30.0936007261869,23.91198044,1.0,censor,6.83093771389459,-0.18821027292758
MESA,67,0,0,1,0,29.4559943321463,19.161290323,0.0,censor,6.87474332648871,-0.45082465045533
MESA,59,0,0,0,1,22.6127100073046,0.1612903226,0.0,censor,7.26899383983573,-0.0957736773150302
MESA,79,0,0,1,0,21.6913580246914,3.4239130435,0.0,censor,7.6249144421629,-0.48175095761827
MESA,80,0,0,1,0,26.1243217877506,4.1428571429,0.0,censor,6.9678302532512,-0.0283500972023503
MESA,68,0,1,0,0,22.4779463386344,4.0490797546,0.0,censor,6.5242984257358,0.09042162817764
MESA,59,1,0,1,0,25.9446277743983,27.494356659,0.0,censor,6.76522929500342,0.31675197084337
MESA,83,0,0,0,1,23.5595567867036,10.41322314,0.0,censor,7.39767282683094,-0.35977271210793
MESA,65,1,0,1,0,31.5333662876915,54.761904762,1.0,censor,6.89390828199863,-0.4818937884218
MESA,77,0,1,0,0,25.1632365071682,1.8571428571,0.0,censor,7.03080082135524,-0.27172636427152
MESA,74,1,0,0,1,25.859489624439,5.023923445,0.0,death,1.34154688569473,-0.71474402747287
MESA,73,0,0,1,0,22.7431140055551,1.7733990148,0.0,censor,6.74058863791923,-2.08967260451642
MESA,81,0,0,0,1,24.8663497022722,5.150812065,0.0,dementia,4.61601642710472,-0.834539462817629
MESA,69,0,0,1,0,27.9989461402386,10.966057441,1.0,censor,7.60301163586585,-2.56221237891971
MESA,58,1,0,1,0,30.3887160203939,0.3560830861,0.0,death,5.68925393566051,0.37328698965543
MESA,67,1,1,0,0,24.1232920320839,8.1440443213,1.0,censor,6.13826146475017,-0.0469780365365395
MESA,76,0,0,1,0,38.2032,7.4430379747,1.0,censor,7.29911019849418,-1.21303350558272
MESA,61,0,0,1,0,40.4444444444444,0.974025974,0.0,censor,7.62217659137577,-1.01937273333764
MESA,85,1,0,0,1,28.6519334578714,17.358490566,0.0,death,3.75906913073237,-0.4425508116312
MESA,88,1,0,0,1,23.9322267441306,15.128205128,0.0,censor,0.186173853524983,-0.75736558241953
MESA,63,1,0,1,0,32.0237186276607,33.414634146,1.0,censor,6.25598904859685,-0.0116709245577198
MESA,69,0,0,1,0,32.5738771937785,0.1657458564,1.0,censor,6.48596851471595,-0.79956041294404
MESA,65,1,0,0,1,26.2705466481505,2.34375,1.0,censor,7.07460643394935,-0.3656257082247
MESA,58,0,0,0,1,28.998541098783,29.048991354,0.0,censor,7.5482546201232,0.66467351276696
MESA,63,1,1,0,0,25.9489616982918,12.590163934,0.0,censor,6.99247091033539,-0.0629410253894299
MESA,83,0,0,0,1,21.8695439744978,0.1488833747,0.0,censor,6.55441478439425,-0.89462956970889
MESA,67,1,1,0,0,20.1619905206276,1.0975609756,0.0,censor,6.34360027378508,-0.08999791291224
MESA,64,1,0,1,0,30.1311461218837,1.7142857143,0.0,death,6.41752224503765,-0.52098142058042
MESA,74,0,1,0,0,18.9708284973835,4.1317365269,1.0,death,0.306639288158795,-0.40065398654132
MESA,60,0,1,0,0,22.0256478126341,2.0,0.0,censor,6.362765229295,0.35086793278765
MESA,64,0,1,0,0,31.5419929786659,74.594594595,0.0,death,3.76180698151951,-0.32229726522479
MESA,76,0,0,0,1,21.6991628409398,6.6246056782,0.0,censor,7.60301163586585,-0.64697174983808
MESA,80,1,0,0,1,26.5819684749194,15.373134328,0.0,death,1.56605065023956,-0.638982911935869
MESA,76,1,0,0,1,38.6949755281949,46.666666667,0.0,censor,7.23613963039014,-0.0301728781100096
MESA,59,0,0,0,1,20.3665524154433,0.1578947368,0.0,censor,7.57837097878166,-0.68812769422252
MESA,60,0,0,0,1,39.4434653666344,11.0,0.0,censor,7.55099247091034,0.0056015037367401
MESA,82,1,0,0,1,27.6425153739337,65.063291139,0.0,death,3.09377138945927,-1.35211356692695
MESA,65,1,1,0,0,30.0357140822848,33.782991202,0.0,censor,6.49418206707734,0.0365263668281997
MESA,58,1,0,1,0,31.7718344765678,16.68161435,0.0,censor,5.74948665297741,-0.00513463635125
MESA,77,0,0,1,0,42.6365756966389,5.8536585366,1.0,censor,6.45037645448323,0.20509059891556
MESA,58,0,0,0,1,39.6326591314694,15.546558704,0.0,censor,6.24229979466119,0.81991481471272
MESA,71,0,0,1,0,27.5837237018821,18.253968254,0.0,censor,7.20328542094456,-0.434822080941279
MESA,78,0,1,0,0,24.7968,12.430939227,1.0,censor,6.26146475017112,0.0478331668160095
MESA,70,0,1,0,0,22.674003569304,2.7571115974,0.0,censor,6.4394250513347,-0.54018843310553
MESA,74,0,0,0,1,37.0568490596196,6.6666666667,0.0,censor,7.71800136892539,-0.25506295316316
MESA,74,1,1,0,0,23.6875464520644,56.496350365,0.0,censor,7.31553730321698,-2.16951810703472
MESA,58,0,0,0,1,23.3035714285714,0.6198347107,0.0,censor,6.54893908281999,0.0755632200651696
MESA,82,0,0,0,1,31.7165625,4.7318611987,0.0,censor,7.60027378507871,-1.57389314304832
MESA,83,0,0,0,1,26.561022172866,27.04,0.0,censor,7.20054757015743,-0.27101562994381
MESA,73,1,1,0,0,26.4498269896194,19.234449761,0.0,censor,6.28336755646817,-0.4189796243847
MESA,61,1,0,0,1,27.9343942589218,24.611260054,0.0,death,6.63107460643395,-0.35088162817215
MESA,57,0,0,1,0,30.1476947745991,2.390438247,1.0,censor,6.04791238877481,-0.45441086926402
MESA,90,1,0,0,1,24.5873574655055,19.191919192,0.0,death,4.52566735112936,-0.41948256388733
MESA,70,1,0,0,1,23.1114248662917,11.457905544,1.0,death,4.39972621492129,0.39577841739128
MESA,55,1,0,0,1,30.6992119458875,40.384615385,1.0,censor,6.64750171115674,-0.17550564298487
MESA,65,1,0,0,1,38.380778950498,26.290322581,0.0,censor,6.24503764544832,0.400462600841701
MESA,86,1,0,0,1,21.7441206655603,71.696750903,0.0,death,5.95482546201232,-1.22685303071038
MESA,58,1,0,0,1,33.926553394719,0.640569395,1.0,censor,5.73305954825462,0.03296987083787
MESA,63,0,0,1,0,43.2410110359559,74.860681115,0.0,censor,6.76522929500342,-1.54973544319867
MESA,71,0,0,0,1,28.5522279035793,4.8186528497,0.0,censor,7.51813826146475,-1.1916670811664
MESA,60,0,0,1,0,23.1790175017934,0.1425178147,1.0,censor,7.9315537303217,-1.29036022284747
MESA,77,0,0,0,1,21.0131311012453,8.275862069,1.0,censor,7.64134154688569,-1.15194477052916
MESA,81,1,1,0,0,21.7877672488057,40.256410256,1.0,dementia,4.25735797399042,-0.59227154258468
MESA,68,1,0,0,1,27.1732375133489,2.875,0.0,censor,8.0684462696783,-1.08678426528792
MESA,62,1,0,0,1,30.3497638724911,0.6569343066,1.0,censor,7.564681724846,0.78659985142865
MESA,71,0,0,0,1,32.7288923206992,32.790697674,0.0,censor,7.50718685831622,-0.65339552933918
MESA,85,0,0,0,1,20.0030336289701,4.4025157233,0.0,censor,6.93497604380561,-1.57255456862133
MESA,74,1,0,1,0,29.8985938345051,15.9375,0.0,censor,6.51060917180014,-1.06046685255746
MESA,72,1,0,0,1,28.0706481343838,14.323607427,0.0,dementia,4.46817248459959,-0.301843821226581
MESA,63,0,0,0,1,29.0742857142857,3.8338658147,0.0,censor,8.04654346338125,-0.0855961695946696
MESA,55,0,0,1,0,28.704375,3.9301310044,1.0,censor,2.87474332648871,-0.27180847419985
MESA,65,0,0,1,0,43.3121570167526,6.8271334792,1.0,censor,7.07186858316222,-0.64090229033713
MESA,77,0,0,1,0,24.3235178178683,25.230125523,0.0,dementia,4.1533196440794,0.0555927648669694
MrOS,69,1,0,0,1,28.9519373517649,5.6544502617801,0.0,censor,10.7068493150685,-0.40937947007976
MrOS,76,1,0,0,1,24.7675274898061,10.0826446280992,0.0,censor,10.3753424657534,-0.81429579702757
MrOS,77,1,0,0,1,24.775897651884,3.66279069767442,1.0,censor,10.213698630137,-0.647356039584611
MrOS,72,1,0,0,1,26.8045162638961,0.685714285714286,0.0,death,8.43835616438356,-0.0978947995179794
MrOS,79,1,0,0,1,26.9137695845303,4.13793103448276,0.0,censor,9.87671232876712,-0.20412385071391
MrOS,72,1,0,0,1,29.18800342655,6.4343163538874,0.0,censor,11.5835616438356,-0.23142072153536
MrOS,71,1,0,0,1,35.1715738615994,23.2369942196532,0.0,censor,10.3397260273973,-1.31437735928853
MrOS,71,1,0,0,1,23.6055344586907,18.5354691075515,1.0,dementia,1.14246575342466,-0.304881081997149
MrOS,72,1,0,0,1,27.0267445749108,11.1764705882353,0.0,censor,10.4684931506849,-0.78650820381077
MrOS,69,1,0,0,1,31.8325253127036,0.518731988472622,0.0,censor,10.8356164383562,0.0494153365051005
MrOS,70,1,0,0,1,24.8225203864095,5.53398058252427,1.0,censor,10.5068493150685,-0.87427364374158
MrOS,72,1,0,0,1,37.3166715764666,2.36301369863014,1.0,censor,9.8,0.176878874115231
MrOS,74,1,0,0,1,23.8655592896245,26.4,0.0,censor,10.4109589041096,-1.03370220727311
MrOS,69,1,0,0,1,27.4106902876169,0.538922155688623,0.0,censor,10.4383561643836,-0.22888628801513
MrOS,72,1,0,0,1,25.4603802186441,1.2396694214876,0.0,censor,9.7972602739726,-0.95749491247936
MrOS,79,1,0,0,1,28.4381591960551,1.22448979591837,0.0,censor,10.1068493150685,-0.43594281718654
MrOS,83,1,0,0,1,24.2474461246201,10.2167182662539,1.0,censor,10.358904109589,-0.0432686021517497
MrOS,73,1,0,0,1,28.4390709655325,3.12056737588652,0.0,censor,9.6027397260274,-0.20822507374415
MrOS,78,1,0,0,1,37.2082279550963,26.2337662337662,0.0,death,4.56712328767123,0.0070420297481604
MrOS,71,1,0,0,1,24.8107927613681,0.134228187919463,0.0,dementia,2.98082191780822,-0.35660257315965
MrOS,77,1,0,0,1,29.7607139396869,13.7809187279152,1.0,dementia,0.849315068493151,-0.21731827371469
MrOS,72,1,0,0,1,33.9240526795997,43.7883008356546,1.0,death,6.50958904109589,-0.62960575855891
MrOS,82,1,0,0,1,25.5259958620676,9.7228144989339,0.0,censor,10.4739726027397,-0.59073199087082
MrOS,71,1,0,0,1,23.8639995602441,16.0227272727273,0.0,death,9.38356164383562,-0.66682904446446
MrOS,74,1,0,0,1,32.8359499309399,54.7286821705426,1.0,censor,12.0383561643836,0.429773205340661
MrOS,71,1,0,0,1,22.3616493150645,2.63414634146341,0.0,censor,9.8986301369863,-0.0625833929107202
MrOS,71,1,0,0,1,26.9549341874002,10.5386416861827,0.0,censor,10.0109589041096,-0.81078740640019
MrOS,73,1,0,0,1,25.2115770560886,1.30434782608696,0.0,censor,10.3780821917808,-1.0955667933328
MrOS,73,1,0,0,1,26.968607234741,9.65753424657534,0.0,censor,10.758904109589,0.0820373161528295
MrOS,76,1,0,0,1,27.4299201673068,0.9375,0.0,dementia,7.18082191780822,-0.591792073122549
MrOS,73,1,0,1,0,30.1162495552238,0.694444444444444,0.0,censor,9.95890410958904,0.75194394228663
MrOS,68,1,0,0,1,28.293289615015,5.85365853658537,0.0,censor,10.4191780821918,0.5020668095419
MrOS,72,1,0,0,1,22.1145823361937,19.9285714285714,0.0,censor,10.5424657534247,-0.59009761317668
MrOS,71,1,0,0,1,24.7252529260067,1.2565445026178,0.0,censor,10.6219178082192,-0.15670382511384
MrOS,74,1,0,0,1,23.2366470970529,11.3966480446927,0.0,censor,10.8383561643836,-0.27367110661351
MrOS,71,1,0,0,1,25.7542364216583,0.18348623853211,0.0,censor,10.1835616438356,-0.72015039482259
MrOS,70,1,0,0,1,24.9959303500899,6.56934306569343,0.0,censor,10.3698630136986,-0.0321341452937304
MrOS,70,1,0,0,1,23.5078591869371,7.6056338028169,0.0,censor,10.4904109589041,-0.0167413584144597
MrOS,70,1,0,0,1,30.631608515333,5.95890410958904,0.0,death,3.16712328767123,0.0143559372398201
MrOS,76,1,0,0,1,24.7751801792744,3.32493702770781,0.0,dementia,3.25205479452055,0.293357251921179
MrOS,73,1,0,0,1,27.5935144203706,5.04424778761062,0.0,death,3.54246575342466,-0.54907848293946
MrOS,73,1,0,0,1,26.2103275793732,2.17687074829932,0.0,death,11.7506849315069,0.66161799394573
MrOS,72,1,0,0,1,36.2130024191516,23.8461538461538,0.0,censor,10.3041095890411,-0.98622287221719
MrOS,71,1,0,0,1,33.2289697542533,10.7491856677524,0.0,censor,10.2602739726027,-0.609113085969589
MrOS,71,1,0,0,1,20.4405957802787,2.0979020979021,0.0,censor,10.2,-0.11153388199554
MrOS,74,1,0,0,1,31.2503301391202,3.7696335078534,0.0,censor,10.5068493150685,-0.498582424860049
MrOS,69,1,0,0,1,31.7987278263197,4.41624365482233,0.0,censor,10.6465753424658,-0.28377043049711
MrOS,77,1,0,0,1,38.1061797417311,5.52845528455285,0.0,censor,10.8575342465753,-0.26801922726949
MrOS,69,1,0,0,1,30.6779447039515,11.8723404255319,0.0,censor,10.213698630137,0.306410104246081
MrOS,71,1,0,0,1,29.6912114014252,9.74226804123711,0.0,censor,10.8547945205479,0.599865073580951
MrOS,71,1,0,0,1,24.5285114575561,11.2290502793296,0.0,censor,10.6054794520548,-0.14070854144212
MrOS,77,1,0,0,1,27.3736444221831,20.6430868167203,0.0,censor,10.7178082191781,-0.370882966029011
MrOS,69,1,0,0,1,29.236932817753,3.44827586206897,0.0,death,5.79178082191781,-0.6034181698502
MrOS,73,1,0,0,1,27.3981756824485,3.96588486140725,0.0,censor,9.75890410958904,-0.940809659988809
MrOS,72,1,0,1,0,24.4898009350986,21.9607843137255,0.0,dementia,6.71232876712329,-1.19784938157939
MrOS,74,1,0,0,1,24.2466135116598,1.71837708830549,0.0,censor,10.1260273972603,-0.688026607344359
MrOS,71,1,0,0,1,28.4190907405095,0.949868073878628,0.0,censor,10.5068493150685,-0.191831594399061
MrOS,73,1,0,0,1,23.7981678373193,3.64116094986807,0.0,dementia,10.4520547945205,-1.52154983767363
MrOS,79,1,0,1,0,27.1415823914337,20.8130081300813,0.0,censor,6.34794520547945,-0.52441057810295
MrOS,70,1,0,1,0,39.8387575374581,37.3264781491003,0.0,death,8.5013698630137,0.64739567847267
MrOS,70,1,0,1,0,25.2175216732598,5.93258426966292,0.0,censor,10.1452054794521,-1.47193784528195
MrOS,72,1,0,0,1,26.8153702876277,14.5945945945946,0.0,dementia,10.4739726027397,0.47503527523203
MrOS,75,1,0,1,0,22.3403490281653,26.9291338582677,0.0,dementia,6.25753424657534,0.07073769854792
MrOS,68,1,0,0,1,22.9924290717114,2.13592233009709,0.0,censor,10.5616438356164,-0.80351722143256
MrOS,76,1,0,0,1,26.6752004361653,1.75280898876405,0.0,death,8.2,-0.498078079831539
MrOS,71,1,0,0,1,32.7265903546632,7.10327455919396,0.0,censor,9.6958904109589,0.0015418079952695
MrOS,73,1,0,0,1,25.1610116035037,3.91891891891892,0.0,dementia,3.21369863013699,0.217942943043769
MrOS,70,1,0,1,0,29.4016905544719,7.5,1.0,censor,11.2328767123288,-0.30809162956502
MrOS,76,1,0,0,1,27.8674800406256,20.9004739336493,0.0,death,9.17260273972603,-0.695941565967929
MrOS,76,1,0,0,1,25.1207210914171,6.41221374045802,1.0,death,4.67123287671233,-1.24373964165176
MrOS,75,1,0,0,1,23.5185185185185,3.45,0.0,censor,9.94794520547945,-0.26024293185624
MrOS,74,1,0,0,1,27.5286136831276,8.63753213367609,0.0,censor,10.1972602739726,-0.78702648391121
MrOS,75,1,0,0,1,27.9946331466602,3.80403458213256,0.0,censor,10.6657534246575,0.0305841853854801
MrOS,76,1,0,0,1,27.9126819022629,5.56291390728477,0.0,censor,10.6602739726027,-1.10876961996999
MrOS,71,1,0,0,1,28.7135963931873,9.72972972972973,0.0,censor,10.0520547945205,0.33288472280197
MrOS,72,1,0,0,1,28.917344801757,2.72727272727273,0.0,censor,10.1917808219178,-0.68111789137462
MrOS,71,1,0,0,1,29.3761969506423,58.328173374613,0.0,death,4.12602739726027,-0.84911378407016
MrOS,75,1,0,0,1,29.3706746259062,2.76923076923077,1.0,censor,10.7232876712329,0.32659237250292
MrOS,69,1,0,0,1,25.7889235641162,10.2966101694915,1.0,dementia,2.81095890410959,-0.0609947386132305
MrOS,76,1,0,0,1,21.5629869571029,3.15789473684211,1.0,censor,10.2712328767123,-0.17220894075688
MrOS,69,1,0,0,1,27.7304405054023,10.9375,1.0,death,5.43013698630137,0.473673077948111
MrOS,74,1,0,0,1,25.2090594645293,3.65339578454333,0.0,censor,11.158904109589,-0.98161639424165
MrOS,75,1,0,0,1,29.4206694559271,6.07287449392713,0.0,dementia,3.32328767123288,0.246160105436
MrOS,70,1,0,0,1,20.7281887821295,1.38817480719794,0.0,censor,10.3424657534247,-0.260706964593049
MrOS,72,1,0,0,1,24.7787073167029,2.14925373134328,1.0,dementia,10.3150684931507,-0.64180439630324
MrOS,74,1,0,0,1,26.4877532603926,6.55629139072848,1.0,death,8.64109589041096,-0.90011451811971
MrOS,77,1,0,0,1,28.5857665651401,1.12,0.0,dementia,11.958904109589,0.0565518407891602
MrOS,76,1,0,0,1,24.3821716960177,13.0790190735695,0.0,death,8.50958904109589,0.2912753912719
MrOS,82,1,0,0,1,34.1924939188619,32.6751592356688,0.0,censor,6.92054794520548,-0.244981463980881
MrOS,68,1,0,0,1,26.6449276958894,12.0,1.0,dementia,10.7972602739726,0.0457262025046902
MrOS,74,1,0,0,1,28.7686616461884,4.43271767810026,0.0,censor,10.1561643835616,-0.5819057833682
MrOS,69,1,0,0,1,27.0556290345044,3.04225352112676,0.0,censor,10.9561643835616,-0.105474467285291
MrOS,70,1,0,0,1,31.6318142314845,7.57731958762887,0.0,death,11.0054794520548,-0.530423364225371
MrOS,70,1,0,0,1,24.3974480151229,4.17827298050139,0.0,censor,10.8356164383562,0.0910354016480397
MrOS,70,1,0,0,1,36.2609885395015,35.0413223140496,0.0,censor,11.1424657534247,0.92827117872919
MrOS,81,1,0,0,1,31.6517599888724,2.45231607629428,0.0,censor,10.6630136986301,-0.233082038231591
MrOS,79,1,0,0,1,25.515408914915,2.86624203821656,0.0,death,11.5479452054795,-1.16616918574348
MrOS,73,1,0,0,1,28.8219473514416,16.1860465116279,0.0,censor,10.5095890410959,0.8035349316674
MrOS,75,1,0,0,1,27.8660632061274,4.90706319702602,0.0,censor,10.3095890410959,-0.7831080885217
MrOS,77,1,0,0,1,21.7257556958277,2.15384615384615,0.0,death,8.26849315068493,-0.12323245686125
MrOS,69,1,0,0,1,24.9859302528673,2.06303724928367,0.0,censor,10.5123287671233,-0.189068038386699
MrOS,71,1,0,0,1,26.7662133456872,6.0655737704918,1.0,censor,10.8493150684932,-0.94313913692713
MrOS,71,1,0,0,1,28.9184311736643,4.54545454545455,1.0,censor,10.2,0.0054823610614704
MrOS,70,1,0,0,1,28.3525468211456,0.0,0.0,death,8.98356164383562,-0.0810729222433096
MrOS,68,1,0,0,1,25.7398613217655,0.891089108910891,0.0,dementia,1.11232876712329,0.65912644085245
MrOS,71,1,0,0,0,22.7859562435022,2.36453201970443,0.0,censor,10.4794520547945,-0.29972927947277
MrOS,70,1,0,0,1,25.4403048139906,4.22535211267606,1.0,censor,10.9095890410959,-0.0428274786378793
MrOS,72,1,0,0,1,28.8682070122534,12.9682997118156,0.0,censor,10.4383561643836,-0.391513096394481
MrOS,70,1,0,0,1,26.4653721188251,7.85340314136126,0.0,censor,10.2191780821918,0.0275712282950096
MrOS,68,1,0,0,1,26.7968522652579,12.2,0.0,dementia,11.9945205479452,0.16752929573459
MrOS,69,1,0,0,1,23.1287593525356,2.73913043478261,0.0,dementia,2.71506849315068,0.0719014154943494
MrOS,70,1,0,0,1,23.9467846945102,6.49076517150396,1.0,censor,10.1287671232877,0.421116344234061
MrOS,69,1,0,0,1,29.3709692933859,14.2558746736292,0.0,death,10.7780821917808,-0.246809763137649
MrOS,68,1,0,1,0,26.1363194393949,9.5609756097561,0.0,censor,11.1972602739726,-0.127042611321809
MrOS,84,1,0,0,1,27.0913606420127,20.5524861878453,0.0,death,5.81369863013699,-0.317990850100971
MrOS,69,1,0,1,0,34.6621415967582,7.5,1.0,censor,10.5342465753425,0.27679661882878
MrOS,85,1,0,0,1,27.4850320366934,19.7707736389685,0.0,death,10.0547945205479,-0.78613874346605
MrOS,72,1,0,1,0,26.3695329961246,19.3075356415479,0.0,death,3.48767123287671,-0.286654965547361
MrOS,69,1,0,0,1,27.8038512099344,17.1627906976744,1.0,censor,6.8,-0.57284586488953
MrOS,74,1,0,0,1,24.7115251364653,9.02506963788301,1.0,censor,10.7397260273973,0.20545976285875
MrOS,68,1,0,0,0,37.3192148760331,5.98130841121495,0.0,dementia,10.9150684931507,0.13418708616374
MrOS,69,1,0,0,1,28.801225994513,13.1742243436754,0.0,censor,10.2931506849315,-0.20251286808609
MrOS,73,1,0,0,1,32.8179554812103,8.5,0.0,dementia,3.05205479452055,0.308389954438979
MrOS,71,1,0,1,0,27.3115560195344,6.42857142857143,0.0,dementia,0.695890410958904,-1.71166692439405
MrOS,76,1,0,0,1,23.3493437695408,14.6007604562738,1.0,censor,10.186301369863,0.0621308216026904
MrOS,68,1,0,0,1,27.5024487230092,8.74015748031496,1.0,censor,10.6438356164384,0.467666014487379
MrOS,77,1,0,0,1,28.6069016371232,7.20720720720721,1.0,death,9.33972602739726,-0.80117085815418
MrOS,81,1,0,0,1,28.4369262362841,23.1736526946108,0.0,censor,11.2328767123288,-0.46357848800088
MrOS,71,1,0,0,0,33.5849640826058,21.9512195121951,0.0,censor,10.3315068493151,0.0425953133562601
MrOS,70,1,0,0,0,25.1851851851852,23.5460992907801,0.0,censor,10.7397260273973,-0.46427411246605
MrOS,72,1,0,0,1,28.2542132097055,43.2,0.0,censor,10.4520547945205,0.55052339289503
MrOS,68,1,0,0,1,22.7702158907049,8.32904884318766,0.0,censor,10.6191780821918,0.518730326016041
MrOS,77,1,0,0,1,38.7760580230832,4.29561200923788,1.0,dementia,3.2958904109589,0.116854672078099
MrOS,76,1,0,0,1,25.1759537299048,3.02158273381295,0.0,censor,10.8438356164384,0.38040859793721
MrOS,77,1,0,0,1,24.4532545922514,4.38287153652393,1.0,death,5.75342465753425,-0.11181995694804
MrOS,70,1,0,0,1,23.1864366729679,7.8169014084507,0.0,death,10.6630136986301,-0.60032709205372
MrOS,68,1,0,0,1,25.7539467923459,0.880195599022005,1.0,censor,10.572602739726,0.37549284957344
MrOS,69,1,0,0,1,25.3777865551832,37.2463768115942,0.0,censor,10.9013698630137,-0.42603207469287
MrOS,69,1,0,0,1,34.1476930912076,12.5698324022346,0.0,censor,10.8383561643836,0.54839242268409
MrOS,69,1,0,1,0,27.2312676471732,1.17359413202934,0.0,censor,10.2986301369863,0.340822912610091
MrOS,70,1,0,0,1,34.5196159122085,16.7883211678832,0.0,death,4.56438356164384,-0.245104653124881
MrOS,77,1,0,0,1,26.0465495774889,4.76923076923077,1.0,censor,10.3369863013699,-0.84361891975043
MrOS,78,1,0,0,1,30.3390030815255,6.78899082568807,1.0,dementia,3.32054794520548,-0.53060877824189
MrOS,76,1,0,0,1,28.8994371834609,3.7344398340249,0.0,censor,11.0082191780822,-0.21053476508976
MrOS,76,1,0,0,1,33.919219087903,10.7628865979381,0.0,dementia,10.6630136986301,-1.28501757213306
MrOS,92,1,0,0,1,23.9714003000415,5.21212121212121,0.0,death,2.81095890410959,-0.85941266662996
MrOS,71,1,0,0,1,23.994310663089,5.81560283687943,0.0,censor,10.4356164383562,-0.8932346121386
MrOS,71,1,0,0,1,33.6192622093659,4.17525773195876,1.0,censor,11.5479452054795,0.15677324145183
MrOS,76,1,0,0,1,28.6497956734794,29.1588785046729,0.0,death,1.59178082191781,0.10240987245667
MrOS,76,1,0,0,1,27.0689538803336,5.66037735849057,0.0,censor,10.8,-0.30117517924685
MrOS,75,1,0,0,1,33.3499848728972,11.3621262458472,0.0,dementia,0.947945205479452,0.0899142412899593
MrOS,70,1,0,0,1,29.2722464794867,18.5964912280702,0.0,death,7.11232876712329,0.0501961032605294
MrOS,73,1,0,0,1,41.2666139089644,18.1471389645777,0.0,censor,10.7452054794521,-0.202546092887199
MrOS,71,1,0,0,1,27.6973377171947,17.3363431151242,0.0,censor,10.6054794520548,-0.21651654593182
MrOS,69,1,0,0,1,33.7581337994079,0.412371134020618,0.0,censor,10.9342465753425,-0.12148779390042
MrOS,75,1,0,0,1,26.7243436576703,0.802139037433155,0.0,censor,10.5616438356164,-0.1200812993905
MrOS,73,1,0,0,1,23.5904040411231,27.5816993464052,0.0,censor,10.7287671232877,-0.36020221519784
MrOS,69,1,0,0,1,27.837101453122,0.840336134453782,0.0,censor,10.7424657534247,0.61922904710206
MrOS,76,1,0,0,1,30.0679881260174,7.19346049046321,0.0,censor,11.2575342465753,-0.55836703005691
MrOS,71,1,0,1,0,33.8467716989157,9.84682713347921,1.0,death,7.77260273972603,-0.16660801932461
MrOS,75,1,0,0,1,24.3675181619129,20.6528189910979,1.0,dementia,7.0958904109589,-0.602726461715829
MrOS,77,1,0,0,1,23.2754071741543,7.51619870410367,0.0,censor,11.6191780821918,-0.64597182003604
MrOS,76,1,0,0,1,27.9559657789664,0.895522388059702,1.0,death,1.86849315068493,0.2915194808981
MrOS,77,1,0,1,0,23.0785255341079,1.4218009478673,0.0,death,3.86301369863014,-0.104284982115389
MrOS,69,1,0,0,1,33.3669671238475,2.14711729622266,0.0,dementia,11.158904109589,-0.0040416657727405
MrOS,77,1,0,0,1,30.8533161445021,29.6428571428571,0.0,censor,10.9917808219178,-0.3696178669519
MrOS,76,1,0,0,1,24.6349547612649,21.7194570135747,0.0,censor,11.1260273972603,0.367936587881459
MrOS,72,1,0,0,1,25.260159755593,8.0184331797235,0.0,death,6.74794520547945,-0.12571534660493
MrOS,80,1,0,0,1,21.2023935004095,6.50943396226415,1.0,dementia,3.64383561643836,-0.252646817339161
MrOS,75,1,0,0,1,26.6802865562984,16.036866359447,0.0,censor,11.2821917808219,-1.00777220090586
MrOS,70,1,0,1,0,27.2983157698237,1.10091743119266,0.0,censor,11.2246575342466,0.0829555465929403
MrOS,73,1,0,0,1,25.6829019935766,1.79310344827586,0.0,censor,11.6986301369863,-0.531697109375349
MrOS,73,1,0,0,1,27.6297784641392,13.6363636363636,0.0,death,6.63013698630137,-1.07517355229051
MrOS,68,1,0,0,1,27.7579108662816,6.51757188498403,0.0,censor,11.0657534246575,0.19414560295356
MrOS,68,1,0,0,1,33.4688012224637,14.4444444444444,1.0,dementia,7.42191780821918,0.06553012968416
MrOS,72,1,0,0,1,29.0755091734373,5.32894736842105,0.0,censor,11.0219178082192,0.318751097635641
MrOS,73,1,0,0,1,29.5069412166307,0.728744939271255,0.0,censor,11.1397260273973,0.12934802852164
MrOS,80,1,0,0,1,29.5738058453324,29.8051948051948,0.0,death,6.86849315068493,0.0726787331979395
MrOS,80,1,0,0,1,25.6293547144708,9.97722095671982,0.0,death,8.55342465753425,0.11751576691957
MrOS,70,1,0,0,1,28.1579651543464,1.21739130434783,0.0,censor,11.4027397260274,-0.60881463379827
MrOS,82,1,0,0,1,33.9446359969589,5.59485530546624,1.0,censor,10.7369863013699,0.0840394592158503
MrOS,77,1,0,0,1,27.4599452566377,9.68609865470852,1.0,death,4.4986301369863,-0.6123841507945
MrOS,72,1,0,1,0,31.0648152224639,20.55,1.0,censor,10.7890410958904,1.459134500128
MrOS,79,1,0,0,1,24.8150135226443,7.58241758241758,0.0,death,5.13972602739726,-0.71952361743827
MrOS,74,1,0,0,1,26.02809451418,43.4944237918216,0.0,censor,10.8602739726027,-0.47315147839472
MrOS,78,1,0,0,1,33.4069035929312,60.7317073170732,0.0,censor,11.0328767123288,-0.79240969349774
MrOS,75,1,0,0,1,26.8992955121229,10.247191011236,0.0,death,8.85479452054794,0.20169628603276
MrOS,83,1,0,0,1,30.6365258774539,6.52452025586354,0.0,dementia,10.8931506849315,-0.9606568495255
MrOS,69,1,0,0,1,34.9000026398311,25.6281407035176,0.0,censor,10.7780821917808,0.13269215527361
MrOS,71,1,0,0,1,28.0013392102336,6.69902912621359,0.0,censor,10.5479452054795,-1.09359207331207
MrOS,81,1,0,0,1,26.7207117172193,17.7181208053691,0.0,death,9.15342465753425,-0.746531001050479
MrOS,83,1,0,0,1,28.7001741479573,2.76657060518732,0.0,censor,11.9260273972603,-0.14229095895202
MrOS,82,1,0,0,1,28.393966282165,46.7597765363128,0.0,dementia,3.80547945205479,0.0210637552548206
MrOS,78,1,0,0,1,31.043072702332,54.1935483870968,0.0,death,2.26027397260274,-0.50435570529813
MrOS,71,1,0,0,1,30.2434949482741,8.99135446685879,0.0,censor,4.44657534246575,-0.100258614153771
MrOS,71,1,0,0,1,25.5677796795106,13.5423197492163,1.0,censor,7.04657534246575,-0.56546319205917
MrOS,71,1,0,0,1,34.0823197966055,9.09620991253644,0.0,censor,11.4328767123288,0.13754512373813
MrOS,78,1,0,0,1,32.6735159978496,28.5049833887043,0.0,death,5.43561643835616,-0.58150490679166
MrOS,69,1,0,0,1,30.2001417382071,2.44635193133047,0.0,death,12.2438356164384,-0.20235052180772
MrOS,72,1,0,0,1,29.0225081722625,11.4922048997773,0.0,censor,11.1808219178082,0.30832800229702
MrOS,78,1,0,0,1,29.0902812185637,4.44444444444444,0.0,dementia,1.26301369863014,-0.590015432981561
MrOS,82,1,0,0,1,28.66365866383,0.75,0.0,death,6.08219178082192,0.209174693828351
MrOS,73,1,0,0,1,26.425032247497,26.6272189349112,1.0,dementia,6.87397260273973,0.0501636446854803
MrOS,77,1,0,0,1,29.2720052299316,66.2460567823344,1.0,dementia,1.41095890410959,0.0137862958689595
MrOS,84,1,0,0,1,32.1816521945886,10.5,0.0,death,5.66301369863014,-0.233867149065161
MrOS,73,1,0,0,1,32.7331053332206,0.695652173913043,0.0,death,9.87123287671233,-1.25449069882261
MrOS,74,1,0,0,1,29.8573412447923,24.945652173913,0.0,censor,11.4547945205479,-0.312217784296
MrOS,79,1,0,0,1,31.9380472784618,10.9234828496042,0.0,death,7.23013698630137,-0.17185165934237
MrOS,79,1,0,0,1,28.9104910996086,1.44772117962466,1.0,censor,7.15616438356164,0.180939199728491
MrOS,68,1,0,0,1,28.2456438635653,4.14414414414414,0.0,dementia,1.43835616438356,0.22588494277103
MrOS,79,1,0,0,1,28.2996055810067,1.23711340206186,0.0,censor,10.8328767123288,0.32626408435377
MrOS,84,1,0,0,1,24.3325595469046,36.3461538461538,0.0,death,5.86575342465753,-0.32203530269078
MrOS,86,1,0,0,1,29.600867580777,7.36842105263158,1.0,dementia,3.63835616438356,-1.48850322220533
MrOS,75,1,0,0,1,30.3522076777229,14.0939597315436,1.0,dementia,3.45753424657534,-0.50906511811295
MrOS,75,1,0,0,1,24.368894646546,0.583941605839416,0.0,censor,11.2164383561644,0.12061600801657
MrOS,78,1,0,0,1,26.2791530232278,0.144578313253012,0.0,censor,10.7013698630137,-0.29645048066406
MrOS,80,1,0,0,1,29.7140831758034,6.51026392961877,0.0,dementia,0.843835616438356,0.252037928443271
MrOS,69,1,0,0,1,30.6079694567303,22.2818791946309,0.0,censor,11.4109589041096,-0.406534931084541
MrOS,78,1,0,0,1,26.7533717678443,2.55924170616114,0.0,censor,11.5424657534247,0.12702600466469
MrOS,68,1,0,0,1,28.4071127253126,3.02670623145401,0.0,censor,11.0054794520548,0.37327114968584
MrOS,68,1,0,0,1,23.2258758010688,1.17647058823529,0.0,censor,11.4712328767123,0.23522321401165
MrOS,72,1,0,0,1,22.4313908485656,3.24649298597194,0.0,censor,11.4356164383562,-0.01298908327188
MrOS,74,1,0,0,1,24.6359500397774,21.4516129032258,0.0,death,11.8246575342466,0.11711338490483
MrOS,68,1,0,0,1,23.5542941139676,5.08196721311475,0.0,dementia,1.52054794520548,0.0092367435908599
MrOS,80,1,0,0,1,24.5765109321587,25.4347826086956,0.0,censor,11.5534246575342,-1.23369657098374
MrOS,75,1,0,0,1,24.2357922842919,22.2107969151671,0.0,censor,11.1835616438356,-0.644443300185431
MrOS,71,1,0,0,1,27.0648786807185,14.2065491183879,0.0,censor,11.2,0.21655594100465
MrOS,84,1,0,0,1,24.4597101812105,2.21198156682028,1.0,death,5.47397260273973,-1.39640617058957
MrOS,70,1,0,1,0,30.5763505246553,19.0839694656489,0.0,dementia,3.94794520547945,0.67634996779243
MrOS,78,1,0,0,1,30.2995014060694,17.752808988764,0.0,dementia,3.41917808219178,-0.55876307806048
MrOS,84,1,0,0,1,26.4047831615399,2.24299065420561,0.0,censor,11.1616438356164,-1.66234849934877
MrOS,74,1,0,0,1,24.8474495873624,8.28125,1.0,dementia,4.28767123287671,0.0665827177276199
MrOS,74,1,0,0,1,27.7407958510629,1.9647355163728,0.0,death,8.28767123287671,0.53116824166313
MrOS,76,1,0,0,1,31.0510356915955,17.9840848806366,0.0,death,8.39452054794521,0.13526671381389
MrOS,78,1,0,0,0,27.3985588905995,8.66520787746171,1.0,dementia,6.94794520547945,-1.07801813781779
MrOS,71,1,0,0,1,25.2052008248768,9.47368421052632,0.0,censor,11.2821917808219,0.490412717025031
MrOS,84,1,0,0,1,21.5497149413747,4.92239467849224,0.0,censor,10.8904109589041,-0.67243575791143
MrOS,77,1,0,0,1,26.1765831686517,3.46938775510204,0.0,censor,11.6602739726027,-0.81909667418636
MrOS,67,1,0,0,1,26.1819666824404,8.54838709677419,1.0,censor,11.4191780821918,-0.20702405355804
MrOS,67,1,0,0,1,36.2351323889785,9.24590163934426,0.0,death,6.90958904109589,0.39556450635917
MrOS,69,1,0,0,1,28.3749124300434,7.38041002277904,0.0,censor,11.5287671232877,-1.64404692643844
MrOS,71,1,0,0,1,27.7161679626175,7.58620689655172,1.0,censor,10.8684931506849,0.523446869399341
MrOS,72,1,0,0,1,26.9007005194609,9.02255639097744,1.0,censor,11.6821917808219,-0.92753717203178
MrOS,69,1,0,1,0,24.6182153210283,8.18181818181818,0.0,censor,6.26027397260274,1.01776051760564
MrOS,80,1,0,0,1,26.3688941248505,11.566265060241,0.0,censor,11.6191780821918,-0.50125646767484
MrOS,72,1,0,0,1,28.1781606803912,13.0201342281879,0.0,censor,10.9013698630137,-0.0701709195764295
MrOS,84,1,0,0,1,23.9994591671174,25.0267379679144,0.0,censor,11.1972602739726,-0.71339311659752
MrOS,79,1,0,0,1,27.5779482076975,7.80487804878049,1.0,censor,11.2575342465753,-0.64132290799065
MrOS,76,1,0,0,1,30.4858729347555,17.2013651877133,0.0,death,4.91506849315068,0.18318556107688
MrOS,69,1,0,1,0,41.1728395061728,14.4412607449857,0.0,censor,11.4438356164384,-0.35839166437444
MrOS,76,1,0,0,1,26.327467345024,2.89308176100629,1.0,censor,10.5260273972603,0.30440089130103
MrOS,77,1,0,0,1,24.3662098002329,3.68932038834951,0.0,dementia,3.32054794520548,-1.52772511482312
MrOS,73,1,0,0,1,31.1518459193127,0.829493087557604,1.0,dementia,4.13972602739726,0.31710736846631
MrOS,73,1,0,0,1,24.967374704984,2.22222222222222,1.0,censor,10.9315068493151,-0.770389067175439
MrOS,71,1,0,0,1,29.5854805668505,10.8487084870849,0.0,censor,11.0630136986301,0.01116635070303
MrOS,72,1,0,0,1,22.872226457115,0.28169014084507,0.0,censor,10.5369863013699,0.51216916461081
MrOS,69,1,0,0,1,24.6151529978546,2.91891891891892,1.0,censor,10.7260273972603,-0.73153911596533
MrOS,73,1,0,0,1,28.9994044274054,4.82573726541555,0.0,censor,10.4164383561644,-0.100916430900109
MrOS,86,1,0,0,1,31.6483200882752,11.7607973421927,0.0,death,4.53972602739726,-0.6080231465881
MrOS,70,1,0,0,1,32.6461894626095,17.8640776699029,1.0,censor,10.4109589041096,0.13195582098984
MrOS,80,1,0,0,1,27.4810893556556,0.588235294117647,1.0,censor,11.0438356164384,-0.383659505050331
MrOS,71,1,0,0,1,30.1292114478928,1.08761329305136,0.0,censor,10.2438356164384,0.442352591095769
MrOS,74,1,0,0,1,25.8223080905926,0.355029585798816,0.0,dementia,0.917808219178082,-1.59142023006349
MrOS,72,1,0,0,1,25.4530046664105,1.10769230769231,0.0,censor,10.3369863013699,-0.583028676679371
MrOS,69,1,0,0,1,22.993641743275,7.57281553398058,1.0,censor,6.67945205479452,0.22126331394973
MrOS,79,1,0,0,1,25.2675297026182,16.5882352941176,0.0,censor,11.2328767123288,-0.138553099469181
MrOS,76,1,0,0,1,24.8302926879162,5.32258064516129,1.0,dementia,2.89041095890411,-0.64389694870236
MrOS,75,1,0,0,1,25.6690038260964,14.3362831858407,0.0,dementia,11.1835616438356,-0.297702540637481
MrOS,74,1,0,0,1,32.0202253864646,0.160427807486631,0.0,death,3.29041095890411,-0.7083041928334
MrOS,76,1,0,0,1,31.8781502410438,9.93103448275862,0.0,censor,11.3342465753425,-0.0704328139665805
MrOS,69,1,0,0,1,31.1538432025537,17.4803149606299,0.0,censor,10.4493150684932,-0.397181503210589
MrOS,77,1,0,0,1,26.0518227497934,31.2911392405063,0.0,death,9.26849315068493,-0.55477264014241
MrOS,78,1,0,0,1,25.6621695140269,13.3793103448276,0.0,censor,10.5068493150685,0.05701327780273
MrOS,73,1,0,0,1,30.580154495991,8.33836858006042,1.0,death,8.56438356164383,-0.17273781576005
MrOS,71,1,0,0,1,26.4445636643079,10.1799485861183,0.0,censor,10.8054794520548,-1.20546986247754
MrOS,89,1,0,0,1,27.6785882579621,0.861244019138756,0.0,death,2.81643835616438,0.0016031971132193
MrOS,74,1,0,0,1,25.8547000631777,1.85393258426966,1.0,censor,10.5260273972603,0.0096100913060695
MrOS,82,1,0,0,1,27.0283641400906,15.3562005277045,0.0,death,6.97260273972603,-0.0921215788827894
MrOS,77,1,0,0,1,28.7022977765508,19.0201729106628,1.0,censor,11.5616438356164,0.0687066715689397
MrOS,77,1,0,0,1,27.8462657827996,13.3695652173913,0.0,censor,10.7506849315069,0.32659492979471
MrOS,77,1,0,0,1,20.5714285714286,0.509554140127389,0.0,death,11.1232876712329,0.18522196873467
MrOS,70,1,0,0,1,26.7618825215348,18.6301369863014,0.0,censor,9.66575342465753,-2.62999957530915
MrOS,74,1,0,0,1,21.9631235433144,1.65644171779141,0.0,censor,9.93972602739726,-0.54079562980078
MrOS,86,1,0,0,1,24.4037974726581,3.09917355371901,0.0,dementia,11.1808219178082,-0.53429049797584
MrOS,75,1,0,0,1,29.956030738904,6.88524590163934,0.0,censor,10.9095890410959,-0.25381525821189
MrOS,79,1,0,0,1,27.8945814497699,19.4029850746269,0.0,death,7.21095890410959,0.06685330836291
MrOS,79,1,0,0,1,21.0716778500367,16.4478764478764,1.0,dementia,1.94794520547945,-0.44310057849072
MrOS,68,1,0,0,1,25.6586377035645,4.74934036939314,0.0,censor,10.6219178082192,-0.0889697528737599
MrOS,84,1,0,0,1,25.5463029206296,4.55284552845528,1.0,dementia,12.2164383561644,-0.31920473087101
MrOS,69,1,0,0,1,27.5500643415547,23.7470725995316,0.0,censor,9.76164383561644,-0.57033566711515
MrOS,73,1,0,0,1,28.3159652676299,0.993788819875776,0.0,censor,10.8191780821918,-0.1646276096159
MrOS,74,1,0,0,1,28.2373630901793,2.36220472440945,0.0,censor,11.1397260273973,-0.0910747501434599
MrOS,77,1,0,0,1,27.0526242189635,3.83292383292383,0.0,death,10.4684931506849,0.36530217830893
MrOS,69,1,0,0,1,20.6236972619387,4.07932011331445,0.0,censor,11.0054794520548,-0.94125678292192
MrOS,82,1,0,0,1,23.1623587954956,13.5189873417722,1.0,dementia,0.961643835616438,-0.545886960622509
MrOS,75,1,0,0,1,23.566632231405,19.193083573487,0.0,censor,10.8986301369863,0.38695465730876
MrOS,82,1,0,0,1,24.8577876872102,0.235294117647059,0.0,censor,3.41643835616438,0.14811381344702
MrOS,70,1,0,0,1,34.158692068447,12.3188405797101,0.0,censor,11.386301369863,-0.57051335544712
MrOS,70,1,0,0,1,30.4043563821722,34.7093023255814,0.0,censor,11.2794520547945,0.560604656980431
MrOS,75,1,0,0,1,23.215304487024,17.888198757764,1.0,death,8.71232876712329,0.238380780288681
MrOS,79,1,0,0,1,27.1534313111497,1.78378378378378,0.0,dementia,1.0,-0.17281379172652
MrOS,73,1,0,0,1,26.4560314002005,26.7716535433071,1.0,censor,9.83287671232877,-0.0069507544172594
MrOS,71,1,0,0,1,24.1601270874642,6.93975903614458,0.0,censor,10.7917808219178,-0.0590176662604705
MrOS,72,1,0,0,1,43.7271305588874,50.7945205479452,1.0,censor,10.4246575342466,0.0738369308546595
MrOS,87,1,0,0,1,24.8695879394242,23.1,0.0,death,9.67123287671233,-0.86842911747031
MrOS,72,1,0,0,1,25.973226114197,6.36604774535809,0.0,censor,11.186301369863,-0.74879520996428
MrOS,71,1,0,0,1,33.5541599294056,15.3191489361702,0.0,death,8.22465753424657,-0.74454160598786
MrOS,72,1,0,0,1,31.0418418159477,44.4642857142857,0.0,censor,11.2027397260274,-0.31143774579231
MrOS,73,1,0,0,1,25.5462247324614,7.89915966386555,0.0,death,9.91780821917808,-0.0070209775288503
MrOS,74,1,0,0,1,30.2751400798622,9.31578947368421,1.0,censor,11.3315068493151,-0.462656418990279
MrOS,70,1,0,0,1,27.6590238600486,28.5473684210526,0.0,dementia,2.04931506849315,0.59890315241568
MrOS,69,1,0,0,1,30.165902879214,8.10810810810811,0.0,censor,11.5205479452055,-0.14744507333085
MrOS,69,1,0,0,1,33.7127566947695,37.0769230769231,0.0,censor,10.5698630136986,-0.43778137235272
MrOS,77,1,0,0,1,26.6792141177882,0.497237569060773,0.0,death,8.09041095890411,0.388795866773479
MrOS,76,1,0,0,1,26.8612069228656,3.89380530973451,0.0,censor,10.9287671232877,0.38998029467959
MrOS,82,1,0,0,1,25.7517208066659,2.24299065420561,0.0,censor,11.7698630136986,-0.0630374889859297
MrOS,69,1,0,0,1,25.7357722032054,23.1472081218274,0.0,censor,10.8712328767123,0.61737824527591
MrOS,72,1,0,0,1,36.6775423086711,0.0,0.0,censor,10.9972602739726,0.76865801198538
MrOS,76,1,0,0,1,27.0465072979728,32.0547945205479,0.0,dementia,4.56438356164384,-0.110238164333001
MrOS,73,1,0,0,1,28.4126993176559,8.00847457627119,0.0,censor,10.3945205479452,0.34010142410486
MrOS,81,1,0,0,1,26.449842171495,8.08510638297872,0.0,death,3.98082191780822,-0.0710829835004901
MrOS,80,1,0,0,1,25.6882808525072,5.0965250965251,0.0,death,6.79178082191781,-0.0989891549650693
MrOS,79,1,0,0,1,26.3152045629851,0.791208791208791,0.0,death,2.75890410958904,0.434019142086881
MrOS,73,1,0,0,1,27.458654210327,13.8082191780822,0.0,censor,9.8,-0.551343400850681
MrOS,74,1,0,0,1,25.8906021946946,9.92700729927007,0.0,death,5.13424657534247,0.45878636382823
MrOS,74,1,0,0,1,23.4780608132302,0.27972027972028,1.0,censor,3.27123287671233,0.22187793415566
MrOS,71,1,0,0,1,31.9398101061135,6.18556701030928,0.0,censor,11.5643835616438,0.47632082068216
MrOS,75,1,0,0,1,34.4762316802769,34.4067796610169,1.0,dementia,4.83013698630137,0.729145954723241
MrOS,79,1,0,0,1,23.7885323902827,9.06474820143885,0.0,death,2.98904109589041,-0.0164516115272093
MrOS,70,1,0,0,1,35.169744859565,15.0,0.0,censor,11.4219178082192,-0.13710019305956
MrOS,72,1,0,0,1,28.56837276312,5.35384615384615,0.0,censor,11.241095890411,0.27422145581928
MrOS,75,1,0,0,1,29.2371990405976,17.7906976744186,0.0,censor,10.7698630136986,-0.0329378883538993
MrOS,71,1,0,0,1,28.552912897833,41.8134715025907,0.0,censor,4.58630136986301,0.138660607025091
MrOS,70,1,0,0,1,29.3231330720433,13.3724340175953,0.0,censor,10.0849315068493,-1.63152370935226
MrOS,83,1,0,0,1,29.2960076472583,1.32743362831858,0.0,death,9.17808219178082,-0.0200383649946104
MrOS,74,1,0,0,1,26.7825201968898,10.2680412371134,1.0,censor,11.3150684931507,-0.62879286392667
MrOS,82,1,0,0,1,27.6694036037205,0.0,0.0,death,3.72054794520548,0.31276590814623
MrOS,69,1,0,0,1,35.4011953027272,9.19540229885057,0.0,censor,11.9424657534247,0.26502562690264
MrOS,80,1,0,0,1,23.2191895044997,4.41717791411043,0.0,censor,11.0219178082192,-1.43127214575425
MrOS,74,1,0,0,1,28.6035461693294,4.35483870967742,0.0,censor,10.4191780821918,0.57577635675657
MrOS,81,1,0,0,1,29.5596099516565,14.8905109489051,1.0,censor,11.7479452054795,-0.176302051700181
MrOS,73,1,0,0,1,25.8953310718077,16.0201511335013,0.0,censor,11.0794520547945,-0.597592770996999
MrOS,73,1,0,1,0,28.8963229835307,7.10526315789474,0.0,censor,11.1287671232877,0.0503464129846293
MrOS,86,1,0,0,1,28.3171928603227,29.375,0.0,death,9.73698630136986,-0.46876703119531
MrOS,73,1,0,0,1,30.7062077658345,23.5460992907801,0.0,censor,11.8219178082192,0.61204743189744
MrOS,74,1,0,0,1,29.100479942237,8.63523573200993,1.0,censor,10.7397260273973,-0.16671405880311
MrOS,68,1,0,0,1,29.9888759537547,15.7894736842105,0.0,censor,10.8246575342466,0.00343684310659
MrOS,75,1,0,0,1,24.1649445265777,0.0,0.0,censor,11.4630136986301,0.59191900393087
MrOS,86,1,0,0,1,32.0936390670432,4.24778761061947,0.0,dementia,3.27945205479452,-0.389669413879039
MrOS,72,1,0,0,1,26.5774608011361,12.8939828080229,0.0,dementia,1.23835616438356,-0.140796664588019
MrOS,84,1,0,1,0,24.9617066513753,30.5576208178439,0.0,death,5.06849315068493,-0.87177538284421
MrOS,83,1,0,0,1,30.2984514969025,4.98659517426273,0.0,censor,12.0,-0.912234637099429
MrOS,70,1,0,0,1,31.4029234231716,11.4728682170543,0.0,censor,10.4876712328767,-0.479472990484931
MrOS,79,1,0,0,1,33.1425299617631,58.4858044164038,0.0,dementia,3.1972602739726,-0.546047901531161
MrOS,73,1,0,0,1,32.0603787642923,37.8523489932886,1.0,censor,10.8876712328767,0.24346166160099
MrOS,70,1,0,0,1,29.9218802326044,7.08333333333333,0.0,dementia,1.47123287671233,0.183337900325139
MrOS,84,1,0,0,1,25.0575865498219,6.08955223880597,1.0,dementia,1.18904109589041,-0.608788587295589
MrOS,84,1,0,0,1,23.6369400073857,1.4,0.0,censor,1.20547945205479,-0.91895463556084
MrOS,70,1,0,0,1,24.3854573046916,20.5825242718447,0.0,censor,10.9479452054795,-0.0734912116292094
MrOS,75,1,0,0,1,28.5538633187042,2.42424242424242,0.0,dementia,11.6931506849315,-0.430503671565199
MrOS,69,1,0,0,1,31.9859839150925,18.0,0.0,censor,10.8520547945205,0.49429759320272
MrOS,79,1,0,0,1,28.7926568408469,1.72910662824207,0.0,death,7.74246575342466,0.18749417987589
MrOS,79,1,0,0,1,33.658383139352,17.5238095238095,1.0,dementia,10.2219178082192,0.20558774154828
MrOS,72,1,0,0,1,33.2682092444821,4.34210526315789,1.0,death,8.98356164383562,0.13305231606991
MrOS,76,1,0,0,1,29.2754276334587,4.45623342175066,1.0,censor,11.5917808219178,0.39887119803508
MrOS,73,1,0,0,1,32.2391060356212,23.7135278514589,0.0,death,7.81643835616438,0.31792925561945
MrOS,79,1,0,0,1,30.598562114875,15.7211538461538,1.0,dementia,1.28493150684932,-0.71364969561764
MrOS,75,1,0,0,1,35.9052732992583,23.4269662921348,0.0,censor,10.8301369863014,-0.70149821942468
MrOS,86,1,0,0,1,30.2696642835449,4.60358056265985,0.0,dementia,1.26849315068493,0.3512603748293
MrOS,73,1,0,0,1,28.1521543176492,5.28117359413203,0.0,censor,10.7369863013699,1.02165433866375
MrOS,81,1,0,0,1,25.8065375956122,12.7845036319613,0.0,death,4.82739726027397,-0.34398815813841
MrOS,82,1,0,0,1,28.1686335550934,16.5789473684211,0.0,dementia,1.16986301369863,0.0100635586037995
MrOS,70,1,0,1,0,30.2759552281018,23.6697247706422,0.0,censor,11.4712328767123,-0.11232924242719
MrOS,76,1,0,0,1,30.3111717334546,15.1744186046512,0.0,censor,10.372602739726,-0.16805100071567
MrOS,70,1,0,0,1,21.6537472479928,0.272108843537415,0.0,censor,11.5945205479452,-0.80535545965585
MrOS,78,1,0,0,1,25.6299207078245,0.952380952380952,0.0,censor,10.3150684931507,-0.84705607944377
MrOS,77,1,0,0,1,28.3337537238648,7.09090909090909,0.0,censor,11.5397260273973,-0.0911841163336106
MrOS,91,1,0,0,1,25.8737333535045,14.0782122905028,0.0,death,8.19178082191781,-0.47828611180723
MrOS,78,1,0,0,1,29.757785467128,51.5273775216138,0.0,death,7.88493150684932,0.6653192466333
MrOS,75,1,0,0,1,27.801826029828,3.31730769230769,1.0,dementia,10.4109589041096,0.51610692664424
MrOS,77,1,0,0,1,24.7331894290555,10.8038585209003,0.0,censor,11.2246575342466,-0.13448417116786
MrOS,75,1,0,0,1,26.3649361317927,5.24096385542169,0.0,death,4.52602739726027,-1.47483868867395
MrOS,74,1,0,0,1,28.1783204023732,1.33004926108374,0.0,censor,10.558904109589,-0.0421684412537104
MrOS,75,1,0,0,1,28.7061545150982,18.232044198895,0.0,censor,11.0,-0.11397947521036
MrOS,77,1,0,0,1,28.1105912304326,7.55905511811024,0.0,censor,10.7013698630137,-0.27244386704061
MrOS,75,1,0,0,1,26.9109651514148,30.8653846153846,0.0,censor,11.6602739726027,-0.593318477908019
MrOS,73,1,0,0,1,29.1746272413898,7.33118971061093,0.0,censor,11.8164383561644,0.331730141200489
MrOS,69,1,0,0,1,26.6145673955857,0.580645161290323,0.0,censor,10.3506849315068,-0.22056906294624
MrOS,76,1,0,0,1,24.7979393398643,0.151133501259446,1.0,censor,10.1616438356164,0.0111507272379598
MrOS,86,1,0,0,1,24.8079274878872,0.235294117647059,1.0,dementia,2.35890410958904,-0.825871992895389
MrOS,73,1,0,0,1,29.4956745445141,25.2631578947368,1.0,death,12.0219178082192,0.37013865640053
MrOS,77,1,0,0,1,25.9327674316641,11.151832460733,0.0,censor,9.60547945205479,-0.758218590084989
MrOS,77,1,0,0,1,27.3796646836128,17.12,0.0,dementia,2.96164383561644,-0.16875027148328
MrOS,85,1,0,0,1,36.1826559546314,26.7391304347826,0.0,death,9.20821917808219,-1.83372477326912
MrOS,69,1,0,0,1,23.4149356268238,30.2597402597403,0.0,censor,10.3232876712329,-0.42372173091818
MrOS,84,1,0,0,1,31.3942386831276,25.8227848101266,1.0,death,4.79452054794521,-0.2289204883216
MrOS,83,1,0,0,1,31.6014757244235,9.85590778097983,0.0,dementia,11.5095890410959,0.0039321502808803
MrOS,74,1,0,0,1,33.342514124996,15.4368932038835,0.0,death,11.8356164383562,0.06477461272965
MrOS,70,1,0,0,1,26.7843980105679,7.44525547445255,1.0,censor,11.7890410958904,-0.2936228913419
MrOS,79,1,0,0,1,27.8240454001374,17.1929824561403,0.0,censor,11.6219178082192,-0.2211592304814
MrOS,75,1,0,0,1,27.2487756128025,1.0,0.0,censor,10.8356164383562,-0.48855098573577
MrOS,72,1,0,0,1,26.4699282307633,2.52927400468384,0.0,censor,10.4767123287671,-1.54793471311181
MrOS,79,1,0,0,1,19.9901748970319,1.05793450881612,0.0,censor,10.1835616438356,-1.09485591050025
MrOS,73,1,0,0,1,29.921646159414,10.9422492401216,0.0,censor,10.8547945205479,0.84554309416274
MrOS,68,1,0,0,1,26.318521366984,2.22222222222222,0.0,censor,10.2219178082192,-0.0102240384594694
MrOS,68,1,0,0,1,27.8479027028248,1.45015105740181,0.0,censor,11.1890410958904,0.30949566413407
MrOS,78,1,0,0,1,25.608995209455,13.7246963562753,0.0,dementia,1.14520547945205,-0.408063847416081
MrOS,75,1,0,0,1,25.2188848135144,6.13466334164589,0.0,censor,10.3671232876712,-1.20914001499844
MrOS,77,1,0,0,1,21.4885442385389,13.7727272727273,1.0,death,5.3013698630137,-0.2567598660606
MrOS,83,1,0,0,1,24.865739416108,4.34782608695652,0.0,censor,10.6821917808219,-0.416701433092901
MrOS,70,1,0,0,1,27.386245441743,4.9740932642487,0.0,censor,9.64109589041096,0.35410639619342
MrOS,74,1,0,0,1,29.9309062617826,1.30434782608696,0.0,death,5.84657534246575,-0.0429620198822903
MrOS,70,1,0,0,1,22.5376422256117,1.83673469387755,1.0,dementia,10.5260273972603,0.21787069882601
MrOS,77,1,0,0,1,26.216628899475,11.3019390581717,0.0,death,10.8931506849315,-0.9126908961064
MrOS,81,1,0,0,1,20.3034493875013,23.421686746988,0.0,death,11.3835616438356,-0.8347735026135
MrOS,74,1,0,0,1,24.2204600093294,6.16666666666667,0.0,censor,11.1397260273973,-0.25980499591939
MrOS,87,1,0,0,1,22.2799118652427,35.7412398921833,0.0,death,1.68493150684932,-0.43509116738912
MrOS,71,1,0,0,1,24.8828125,8.70967741935484,1.0,dementia,6.77534246575342,0.718486629873919
MrOS,75,1,0,0,1,28.7598650331489,3.6027713625866,0.0,censor,12.0958904109589,-0.51921417685309
MrOS,77,1,0,0,1,22.3721590909091,2.89544235924933,1.0,dementia,0.761643835616438,-1.16911619877522
MrOS,80,1,0,0,1,16.3541143408817,12.4458204334365,0.0,death,5.75890410958904,-0.468069509554741
MrOS,85,1,0,0,1,35.9424690463456,11.5068493150685,0.0,death,10.0684931506849,-1.11419157639462
MrOS,85,1,0,0,1,31.4424347838941,16.3333333333333,0.0,censor,11.6191780821918,-1.09720174603787
MrOS,84,1,0,0,1,26.8099078461108,46.1176470588235,0.0,death,10.441095890411,-0.43885523835595
MrOS,72,1,0,0,1,24.7371654929114,2.42696629213483,1.0,dementia,11.7534246575342,0.724932381914731
MrOS,73,1,0,0,1,23.5745935757028,12.1850899742931,0.0,censor,10.427397260274,0.18198905140196
MrOS,74,1,0,0,1,24.5533838795402,0.672268907563025,0.0,censor,10.1917808219178,0.14384038186014
MrOS,72,1,0,0,1,30.2780822681332,12.9878048780488,1.0,death,8.55616438356164,-0.153956204697469
MrOS,87,1,0,0,1,22.5670540297947,35.668202764977,0.0,death,10.558904109589,-0.43616866444484
MrOS,73,1,0,0,1,26.6514025829407,32.5905292479109,0.0,censor,10.6054794520548,0.53552636873397
MrOS,75,1,0,0,1,23.4728327401242,11.9298245614035,1.0,death,4.75616438356164,-0.31597554132625
MrOS,71,1,0,0,1,22.1937005016038,6.7741935483871,1.0,censor,10.427397260274,0.0985288915805398
MrOS,73,1,0,0,1,37.3871803985035,1.81818181818182,1.0,death,6.03835616438356,-0.26378063328315
MrOS,69,1,0,0,1,26.3021170471536,3.69781312127237,0.0,censor,10.1671232876712,0.40935761307511
MrOS,77,1,0,0,1,24.2667821674355,7.56164383561644,0.0,death,9.97260273972603,-0.10403337809408
MrOS,85,1,0,0,1,28.1502017107557,8.6908077994429,0.0,dementia,0.545205479452055,-1.76330478135463
MrOS,82,1,0,0,1,23.7492602958292,4.72222222222222,0.0,death,2.38904109589041,-0.68752944169007
MrOS,69,1,0,0,1,27.2873336805089,0.178041543026706,0.0,censor,10.0904109589041,0.278728540328019
MrOS,75,1,0,0,1,30.4414984236676,10.4191616766467,1.0,censor,10.627397260274,-0.42227282227764
MrOS,90,1,0,0,1,24.8856193722583,47.6712328767123,0.0,death,7.21917808219178,-0.0531880571722596
MrOS,70,1,0,1,0,24.3639842257064,0.58252427184466,0.0,censor,11.2986301369863,-0.41336739408783
MrOS,82,1,0,0,1,31.7741441009874,16.7781155015198,1.0,death,11.0657534246575,-0.56400110460076
MrOS,79,1,0,0,1,28.7859712195044,7.00854700854701,0.0,death,10.0767123287671,0.34058288695057
MrOS,72,1,0,0,1,28.9283366206443,51.1340206185567,1.0,censor,11.3506849315068,-0.224437927796561
MrOS,70,1,0,0,1,31.2923815228815,0.491803278688525,1.0,death,9.57808219178082,-1.22737991669443
MrOS,72,1,0,0,1,28.3257709255609,49.8675496688742,1.0,censor,11.8109589041096,-0.67503277565767
MrOS,77,1,0,0,1,31.5576844887124,15.4166666666667,1.0,censor,11.2383561643836,-0.42560944928006
MrOS,83,1,0,0,1,35.2651982986145,2.60869565217391,0.0,death,7.03561643835616,-0.86169483983651
MrOS,88,1,0,0,1,24.0409889445974,4.13793103448276,0.0,death,3.33698630136986,-0.214468571021121
MrOS,70,1,0,1,0,40.9279171149433,8.24644549763033,1.0,censor,10.372602739726,-0.40289752387698
MrOS,77,1,0,0,1,26.2233082233017,14.7457627118644,1.0,dementia,1.09315068493151,-0.0690778901948207
MrOS,79,1,0,0,1,30.0479224191566,12.2282608695652,0.0,censor,11.6383561643836,-0.32091968425955
MrOS,80,1,0,0,1,34.7149720623299,16.0944206008584,0.0,death,2.84931506849315,-0.0930492519915106
MrOS,79,1,0,0,1,28.6155445721247,30.1840490797546,0.0,death,3.62739726027397,-2.01794034342223
MrOS,76,1,0,1,0,26.9695687039447,1.68224299065421,0.0,death,10.1671232876712,0.22554127871807
MrOS,83,1,0,0,1,26.6064772066619,1.96506550218341,0.0,dementia,11.1780821917808,-0.38152903122764
MrOS,84,1,0,0,1,28.6255895711416,4.72303206997085,0.0,dementia,0.646575342465753,0.14045155842181
MrOS,75,1,0,0,1,27.0318682187313,6.12612612612613,0.0,censor,11.1780821917808,-0.04092952260159
MrOS,72,1,0,0,1,30.4844261635198,3.98843930635838,1.0,censor,11.0383561643836,0.0195100392526996
MrOS,70,1,0,0,1,24.7204216389899,1.04956268221574,0.0,censor,10.8602739726027,-0.0585566853380001
MrOS,78,1,0,0,1,29.2639310479102,10.7655502392345,0.0,censor,11.0986301369863,-0.771393312953511
MrOS,74,1,0,0,1,22.7717470184026,0.672645739910314,0.0,censor,10.158904109589,-0.514369271255811
MrOS,75,1,0,0,1,39.7395384468065,56.6412213740458,0.0,death,10.4876712328767,-0.295608846897071
MrOS,77,1,0,0,1,37.6953530106683,41.9254658385093,0.0,dementia,5.23287671232877,-3.09213095140058
MrOS,83,1,0,0,1,28.5046415027024,9.81818181818182,0.0,death,5.95616438356164,-0.76893169726487
MrOS,78,1,0,0,1,35.0716723538196,6.63239074550129,0.0,censor,11.7616438356164,-0.39633135497523
MrOS,78,1,0,0,1,26.9439723868309,14.8031496062992,1.0,dementia,11.3178082191781,0.147778621737559
MrOS,71,1,0,0,1,29.7973778307509,16.6767371601208,1.0,censor,10.1808219178082,-0.0992216299559203
MrOS,87,1,0,0,1,26.565714570857,13.125,0.0,censor,11.0465753424658,-0.209682663426911
MrOS,75,1,0,0,0,31.7730496453901,20.5851063829787,1.0,censor,11.2164383561644,0.0242329937546103
MrOS,73,1,0,0,1,32.4398141697017,11.8235294117647,0.0,censor,10.5671232876712,-0.0699051654815193
MrOS,82,1,0,0,1,25.749386958631,5.70491803278689,0.0,censor,10.5616438356164,-0.92966442579383
MrOS,81,1,0,0,1,28.6429751185465,5.625,0.0,censor,11.1917808219178,-0.25020286834617
MrOS,78,1,0,0,1,26.225423351134,1.04956268221574,0.0,death,5.66575342465753,0.16791485583411
MrOS,78,1,0,0,1,28.9665634141747,9.05027932960894,0.0,censor,9.77260273972603,-0.04432379436454
MrOS,76,1,0,0,1,27.2071440979255,15.046439628483,0.0,censor,10.972602739726,-0.0834706705074893
MrOS,85,1,0,0,1,25.9491183449414,0.390879478827362,0.0,censor,11.0438356164384,-0.950433183004521
MrOS,72,1,0,0,1,23.5857446444068,0.0,0.0,censor,11.3698630136986,-0.94531561177057
MrOS,75,1,0,1,0,29.8656440162479,0.890207715133531,1.0,death,5.56164383561644,-0.0029908196124793
MrOS,81,1,0,0,1,21.9895059201552,0.148514851485149,0.0,censor,2.81095890410959,-1.21264371143752
MrOS,83,1,0,0,1,29.5427769368092,4.08450704225352,0.0,death,10.6520547945205,-0.27634940441004
MrOS,76,1,0,0,1,27.8315517773476,25.2733118971061,0.0,death,9.31506849315068,-0.35187816798952
MrOS,81,1,0,0,1,24.9946008853706,3.10077519379845,0.0,censor,10.0328767123288,-0.69565986069326
MrOS,73,1,0,0,1,25.6141961433314,43.8904109589041,0.0,censor,9.92328767123288,-0.42712721315927
MrOS,70,1,0,0,1,24.6389797961181,2.65927977839335,0.0,censor,10.6246575342466,0.39525072244236
MrOS,76,1,0,0,1,27.1396776641361,17.5487465181059,0.0,death,7.0,-0.39847512988101
MrOS,77,1,0,0,1,26.486260252494,16.4102564102564,0.0,death,2.1013698630137,-0.17916118318547
MrOS,76,1,0,0,1,23.0146873158825,6.64819944598338,0.0,censor,9.76438356164384,-0.467188266060801
MrOS,75,1,0,0,1,27.0300616938034,2.63565891472868,1.0,censor,11.0821917808219,-0.62370383541235
MrOS,80,1,0,0,1,26.9391503157737,12.7659574468085,0.0,censor,11.1452054794521,-0.152783168964559
MrOS,71,1,0,0,1,28.254024932766,30.7978723404255,0.0,censor,10.9397260273973,-0.80634089042937
MrOS,67,1,0,0,1,24.2231069735426,3.46153846153846,0.0,censor,10.8493150684932,-0.87776329917793
MrOS,77,1,0,0,1,22.9479174213308,4.8780487804878,0.0,death,8.54794520547945,-0.894972508584139
MrOS,80,1,0,0,1,34.01211030648,39.4373401534527,0.0,death,9.25753424657534,-0.21645868561484
MrOS,76,1,0,0,1,25.1938099505263,7.78761061946903,0.0,dementia,10.8547945205479,-0.26746035643832
MrOS,71,1,0,0,1,46.5162201851193,4.15584415584416,0.0,death,9.48493150684932,0.77478485953412
MrOS,71,1,0,0,1,25.6720750056589,29.6551724137931,1.0,dementia,0.898630136986301,0.98921779237784
MrOS,68,1,0,0,1,23.5849036093164,0.271493212669683,0.0,death,5.41917808219178,-0.13091706975293
MrOS,85,1,0,0,0,27.8506647356872,13.1320754716981,0.0,dementia,1.1041095890411,-0.11631496592648
MrOS,79,1,0,0,1,25.2344553001912,2.30179028132992,1.0,censor,11.0657534246575,-0.62015539118501
MrOS,71,1,0,1,0,31.4522448907712,25.2722063037249,0.0,censor,3.85753424657534,1.01359246687879
MrOS,72,1,0,0,1,23.0126064044593,0.377358490566038,0.0,censor,10.9643835616438,-0.620590342018789
MrOS,74,1,0,1,0,28.6339025406081,9.6514745308311,0.0,censor,11.7917808219178,-0.99266138570916
MrOS,69,1,0,0,1,27.6668216892531,3.87640449438202,0.0,censor,10.0657534246575,-0.258670357615151
MrOS,84,1,0,0,1,27.3178191457416,13.6288088642659,1.0,death,8.98630136986301,-0.625868491104821
MrOS,68,1,0,0,1,25.5116852953985,13.5267857142857,1.0,death,7.08219178082192,0.0635470079777903
MrOS,79,1,0,0,1,27.8373942684005,5.15923566878981,0.0,censor,10.0849315068493,-0.2112703583322
MrOS,70,1,0,0,1,30.4359254596516,10.6034482758621,0.0,censor,11.2794520547945,0.734827651928261
MrOS,72,1,0,1,0,35.576286121582,29.91643454039,0.0,censor,6.00547945205479,-0.530820153160511
MrOS,77,1,0,0,1,30.6142845100873,50.0332225913621,0.0,censor,11.9260273972603,-0.25942995293951
MrOS,75,1,0,0,1,23.816566033081,19.1280653950954,1.0,dementia,11.1506849315068,0.0620923666139603
MrOS,78,1,0,0,1,24.9793135125691,2.59681093394077,1.0,censor,10.3753424657534,-0.20716052705845
MrOS,78,1,0,0,1,32.2301273407394,5.86206896551724,0.0,death,10.8109589041096,-0.82607338768409
MrOS,87,1,0,0,1,30.5796107524783,16.6887417218543,0.0,death,8.32602739726027,-0.36968735388249
MrOS,72,1,0,0,1,25.4613048868169,9.52380952380952,0.0,censor,10.3698630136986,-0.44399253899367
MrOS,74,1,0,0,1,21.215419426601,2.98578199052133,0.0,censor,10.6712328767123,-1.57098593514062
MrOS,69,1,0,0,1,34.2754152728872,14.6788990825688,1.0,censor,10.3534246575342,0.52294187579464
MrOS,78,1,0,0,1,23.2561771767442,13.92,1.0,dementia,11.3945205479452,-0.61336319006289
MrOS,70,1,0,0,1,30.2086588335016,7.23809523809524,0.0,censor,10.4383561643836,0.0784041312828194
MrOS,74,1,0,0,1,32.3391084119392,1.78807947019868,0.0,death,10.2493150684931,0.116940307767101
MrOS,77,1,0,0,1,27.9543185526092,0.394736842105263,0.0,death,9.12328767123288,0.295805793777809
MrOS,77,1,0,1,0,26.6273713180452,3.008356545961,1.0,censor,11.2219178082192,0.07160372131207
MrOS,73,1,0,0,1,23.8054665715331,6.08695652173913,0.0,dementia,2.0027397260274,-0.95889462103988
MrOS,74,1,0,0,1,27.8695245597306,5.29411764705882,0.0,censor,10.3972602739726,-2.44605291288174
MrOS,69,1,0,0,1,27.4134667387777,0.14018691588785,0.0,dementia,11.1260273972603,0.34908158069909
MrOS,69,1,0,0,1,27.8588189829397,4.62385321100917,0.0,death,6.65205479452055,-0.10946870968381
MrOS,71,1,0,0,1,24.8623508087959,4.82412060301507,0.0,censor,10.1643835616438,-0.7986258399036
MrOS,83,1,0,0,1,21.0932987503816,1.8,1.0,death,6.27671232876712,-0.61410185250609
MrOS,72,1,0,0,1,27.5663892599767,0.962566844919786,0.0,censor,10.1452054794521,-0.0453840043192102
MrOS,72,1,0,0,1,28.4908432124538,29.7478991596639,1.0,death,6.18356164383562,-0.0745865278528797
MrOS,74,1,0,0,1,22.9920228053207,13.2885906040268,0.0,death,4.14520547945205,-0.33649309747601
MrOS,69,1,0,0,1,27.9552649882003,3.57446808510638,0.0,censor,9.60821917808219,-0.35946230600568
MrOS,81,1,0,0,1,22.0600778002511,15.5,0.0,censor,10.6246575342466,-1.20429982221419
MrOS,69,1,0,0,1,24.2221209872663,12.5510204081633,0.0,censor,10.5643835616438,0.350684414452419
MrOS,67,1,0,0,1,36.358196534911,28.4880636604775,0.0,censor,11.1945205479452,-0.32240654649345
MrOS,80,1,0,0,1,22.4103422597693,9.32551319648094,0.0,death,9.74794520547945,-0.219949081231969
MrOS,75,1,0,0,1,30.8544836581186,4.18952618453865,0.0,censor,10.3835616438356,0.16267606210491
MrOS,82,1,0,0,1,28.3110137327941,6.9,1.0,dementia,0.876712328767123,-0.0604870410566406
MrOS,72,1,0,0,1,30.1109905115367,2.07343412526998,0.0,censor,10.6027397260274,-0.72626399764366
MrOS,76,1,0,0,1,26.8173044605715,0.0,0.0,censor,11.3342465753425,0.35204646139476
MrOS,75,1,0,0,1,25.1711992433834,1.08247422680412,1.0,censor,10.4109589041096,0.4975484480915
MrOS,74,1,0,1,0,30.228426624823,5.62025316455696,1.0,censor,10.6027397260274,-0.506870777264071
MrOS,71,1,0,0,1,25.6799782994382,9.0818858560794,0.0,censor,10.4328767123288,-0.20682335031432
MrOS,74,1,0,0,1,29.9190935106473,69.7709923664122,0.0,censor,3.95068493150685,0.19374428687459
MrOS,70,1,0,0,1,27.7172253973262,16.2162162162162,1.0,censor,10.1424657534247,0.811989160702819
MrOS,79,1,0,0,0,27.4477247224611,27.8014184397163,0.0,censor,1.07671232876712,0.0726860401593498
MrOS,76,1,0,0,1,22.9005798869716,2.14285714285714,0.0,censor,10.0520547945205,0.68297299539403
MrOS,68,1,0,0,1,23.2490378045599,5.56844547563805,0.0,censor,10.5479452054795,-0.0990116087447106
MrOS,73,1,0,1,0,26.9772148281624,3.50253807106599,0.0,dementia,1.62465753424658,-0.0140306186183295
MrOS,83,1,0,0,1,25.4845177099577,1.55619596541787,0.0,death,6.93150684931507,-1.41708332576452
MrOS,71,1,0,0,1,31.1078964247615,12.8440366972477,0.0,censor,10.4301369863014,0.22980972655332
MrOS,73,1,0,0,1,31.7889298348737,9.97402597402597,0.0,censor,10.3479452054795,0.79727079224082
MrOS,69,1,0,0,1,33.4438681963023,35.3784860557769,0.0,censor,10.5671232876712,0.50633012297635
MrOS,68,1,0,0,1,25.9560881451,0.508474576271186,0.0,censor,9.7972602739726,0.45787701086996
MrOS,72,1,0,0,1,32.8558941786609,9.31034482758621,0.0,death,6.85479452054795,0.3217836986192
MrOS,71,1,0,0,1,26.3656030286641,2.21590909090909,0.0,censor,10.3972602739726,-0.46707367218691
MrOS,76,1,0,0,1,24.0989779451318,6.4343163538874,1.0,dementia,3.37808219178082,0.233243752240401
MrOS,76,1,0,0,1,26.1822599479497,3.79518072289157,0.0,dementia,10.7205479452055,-0.41601163122541
MrOS,72,1,0,0,1,28.2964871626126,7.14285714285714,1.0,censor,10.7315068493151,-0.84389210165699
MrOS,83,1,0,0,1,23.5444251142438,8.34319526627219,0.0,death,5.38356164383562,-0.46202802599153
MrOS,75,1,0,0,1,28.264372413298,12.2137404580153,0.0,censor,10.7041095890411,0.63139866192089
MrOS,75,1,0,0,1,28.5341832027666,8.42696629213483,0.0,censor,11.4191780821918,-1.18566774525708
MrOS,69,1,0,0,1,29.3828783857274,4.2,0.0,censor,11.241095890411,0.545499488351859
MrOS,71,1,0,0,1,30.2690066239441,54.9275362318841,1.0,censor,11.4082191780822,0.0377530834164702
MrOS,73,1,0,0,1,32.5039293639053,1.80722891566265,1.0,dementia,10.5424657534247,0.31605331739235
MrOS,78,1,0,0,1,28.5412224443416,0.383386581469648,0.0,death,9.01095890410959,0.0034421895531693
MrOS,80,1,0,0,1,27.124366756922,19.002169197397,0.0,censor,10.7780821917808,0.0738434348362802
MrOS,74,1,0,0,1,29.898757697156,7.01538461538462,0.0,death,10.2602739726027,0.2510187019474
MrOS,77,1,0,0,1,27.7755434454745,35.8620689655172,0.0,censor,10.7753424657534,-0.17542703731846
MrOS,78,1,0,0,1,23.7479651441157,9.73913043478261,0.0,dementia,5.94794520547945,0.0039985090007604
MrOS,69,1,0,0,1,26.7737418505156,2.06896551724138,0.0,death,10.7260273972603,0.799960918979031
MrOS,78,1,0,0,1,28.6438645831916,7.43661971830986,1.0,dementia,9.83835616438356,0.0207153484580701
MrOS,68,1,0,0,1,25.3784426544486,9.34673366834171,0.0,censor,11.2958904109589,0.24747403837714
MrOS,70,1,0,0,1,21.292079309273,2.0911528150134,1.0,censor,9.81917808219178,0.43088176425138
MrOS,68,1,0,0,1,24.3493724564823,33.8461538461538,0.0,censor,9.90684931506849,-0.45901616711908
MrOS,79,1,0,0,1,33.7119341563786,15.3846153846154,0.0,censor,9.6027397260274,-0.18941895142723
MrOS,76,1,0,0,1,20.029575294255,22.8061224489796,0.0,censor,10.7232876712329,-1.02493828998966
MrOS,67,1,0,0,1,21.8657392724306,11.3903743315508,0.0,censor,10.2027397260274,0.1346942249351
MrOS,71,1,0,0,1,24.3025666588914,9.24242424242424,0.0,censor,10.2054794520548,0.47342028865643
MrOS,68,1,0,0,1,28.1784802896194,7.48129675810474,0.0,censor,9.70684931506849,0.239173916902961
MrOS,75,1,0,0,1,26.7312007143487,16.3487738419619,0.0,censor,11.3452054794521,0.109823205548599
MrOS,74,1,0,0,1,27.485646810974,57.1428571428571,0.0,censor,11.0821917808219,0.37331922137337
MrOS,83,1,0,0,1,26.6807887554438,6.7481662591687,1.0,dementia,1.32876712328767,0.0546255179151103
MrOS,74,1,0,0,1,22.5076114154213,5.52631578947368,0.0,censor,10.4109589041096,-0.29672327363113
MrOS,71,1,0,0,1,28.7674327090682,4.88549618320611,0.0,death,9.31780821917808,-0.156176718379891
MrOS,76,1,0,0,1,24.5598214893807,57.9775280898876,0.0,censor,10.1835616438356,-2.21774760245477
MrOS,74,1,0,1,0,21.372734104237,2.17484008528785,0.0,censor,10.0739726027397,-0.48805773100449
MrOS,69,1,0,0,0,29.4425035086148,3.17380352644836,0.0,censor,9.8958904109589,-0.178428006757881
MrOS,71,1,0,0,1,29.115687018262,0.398671096345515,0.0,censor,9.62739726027397,-0.640807750597661
MrOS,71,1,0,0,1,28.622520060844,0.576923076923077,1.0,censor,10.3753424657534,-0.54148113379312
MrOS,81,1,0,0,1,27.5461654973314,12.1804511278195,0.0,censor,10.9315068493151,-1.4175479124511
MrOS,81,1,0,0,1,25.6267513018365,2.25352112676056,1.0,censor,9.99178082191781,-0.741541111070011
MrOS,68,1,0,0,1,31.6909479812706,35.7692307692308,0.0,dementia,4.21643835616438,0.574628711056729
MrOS,72,1,0,0,1,28.8063994088672,9.41176470588235,0.0,censor,10.8,-0.89689901113051
MrOS,69,1,0,0,1,26.8943060348456,10.5292479108635,0.0,censor,9.38904109589041,0.0661839715866705
MrOS,82,1,0,1,0,25.7307728691704,1.63366336633663,1.0,dementia,3.87397260273973,-0.0011085900675396
MrOS,72,1,0,0,1,25.8659878783955,2.75862068965517,0.0,censor,10.3479452054795,-0.0719667845950198
MrOS,76,1,0,0,1,29.1079415977609,16.1538461538462,1.0,censor,9.73972602739726,-0.441942729512979
MrOS,77,1,0,0,1,25.9643341764869,0.0,0.0,censor,10.4109589041096,-0.16782113429707
MrOS,70,1,0,0,1,31.5810688737225,7.54010695187166,0.0,death,6.50684931506849,-0.72750502089065
MrOS,82,1,0,0,1,22.456083046678,16.1151079136691,0.0,censor,9.37808219178082,-0.62985218916543
MrOS,80,1,0,0,1,29.2780121822256,15.1948051948052,0.0,censor,11.041095890411,-0.405239476236601
MrOS,71,1,0,0,1,26.8578822803037,7.07865168539326,0.0,censor,10.7945205479452,-0.0214703786194903
MrOS,76,1,0,0,1,24.7951010828318,8.9620253164557,0.0,dementia,1.18904109589041,0.10002229258408
MrOS,74,1,0,0,1,28.3278094104983,42.7751196172249,0.0,censor,9.81643835616438,-0.11639634315716
MrOS,89,1,0,0,1,20.0530346278485,2.41014799154334,1.0,death,4.98630136986301,-0.40125556815329
MrOS,76,1,0,0,1,21.6768241051772,0.0,0.0,dementia,1.18630136986301,0.631840700899831
MrOS,79,1,0,0,1,23.4197227265104,6.95924764890282,1.0,censor,2.37808219178082,-0.0128001852024596
MrOS,71,1,0,0,1,26.3413677331246,15.2577319587629,0.0,censor,11.2712328767123,0.36317905184835
MrOS,81,1,0,0,1,23.951882379149,1.0880829015544,0.0,censor,10.4904109589041,-0.224165585597839
MrOS,78,1,0,0,1,24.3944636678201,7.57894736842105,1.0,censor,2.16986301369863,-0.0749749558241106
MrOS,83,1,0,0,1,22.7431862904325,13.1791907514451,0.0,death,2.95890410958904,-0.45307202667851
MrOS,79,1,0,0,1,23.9688868198294,0.194805194805195,0.0,censor,10.0602739726027,-1.38265503708572
MrOS,82,1,0,0,1,25.4795037866638,7.69633507853403,0.0,censor,11.2109589041096,-0.191597711586159
MrOS,74,1,0,0,1,25.2664684024778,4.12213740458015,0.0,censor,10.4301369863014,-0.306270123257841
MrOS,74,1,0,0,1,26.7248585390946,10.5660377358491,0.0,censor,10.3178082191781,-0.0583243164910201
MrOS,76,1,0,0,1,22.1061224489796,12.6865671641791,0.0,death,2.06301369863014,0.14369424415269
MrOS,83,1,0,0,1,23.2077151851045,6.28571428571429,0.0,dementia,1.07123287671233,-0.269999919110479
MrOS,77,1,0,0,1,26.6532515415268,0.835654596100279,0.0,dementia,1.28219178082192,0.0433166481625605
MrOS,70,1,0,0,1,28.0631607987149,20.381679389313,0.0,death,4.35342465753425,-0.57289049498039
MrOS,77,1,0,0,1,28.1883885335692,2.25806451612903,0.0,censor,10.0684931506849,-0.440202157028099
MrOS,70,1,0,0,1,28.422243674089,7.14285714285714,1.0,censor,11.1479452054795,0.38395931778862
MrOS,70,1,0,0,1,28.5029977455274,4.22018348623853,0.0,censor,10.5698630136986,0.169705591830029
MrOS,75,1,0,0,1,23.2087680647351,0.0,0.0,censor,10.4931506849315,-0.16074122174265
MrOS,72,1,0,0,1,26.5808279142807,4.64088397790055,0.0,censor,11.4438356164384,-0.0758271681991005
MrOS,80,1,0,0,1,37.5146660596661,10.3311258278146,1.0,dementia,0.46027397260274,-1.16129865384185
MrOS,71,1,0,0,1,30.3001143080136,0.710900473933649,0.0,dementia,3.27397260273973,0.0382730149470305
MrOS,83,1,0,0,1,24.7234936433904,24.0897755610973,0.0,censor,9.98904109589041,-0.61275256785746
MrOS,71,1,0,0,1,26.0629725933124,27.6923076923077,0.0,censor,10.5315068493151,-0.5264459969773
MrOS,69,1,0,0,1,28.0574331154681,10.4819277108434,0.0,censor,12.0876712328767,0.34531930790795
MrOS,79,1,0,0,1,18.3263550996717,1.3953488372093,0.0,dementia,1.05479452054795,-0.0861940882286305
MrOS,78,1,0,0,1,23.4804553478899,8.79478827361564,0.0,censor,10.5041095890411,0.101430052092959
MrOS,77,1,0,0,1,26.2703837721626,14.0157480314961,0.0,censor,9.60547945205479,0.11194780908839
MrOS,73,1,0,0,1,26.0140030428338,7.53554502369668,0.0,death,2.93424657534247,-0.495310169722499
MrOS,75,1,0,0,1,25.1381014690878,2.34718826405868,0.0,censor,12.0876712328767,-0.71073161190868
MrOS,71,1,0,0,1,22.5845792492886,0.804289544235925,0.0,censor,10.9315068493151,-0.10650895423916
MrOS,73,1,0,0,1,30.671974215546,21.9718309859155,1.0,death,2.2,-0.80081947591737
MrOS,70,1,0,0,1,24.9225933571026,6.57342657342657,0.0,censor,9.63013698630137,-0.239705549756469
MrOS,71,1,0,0,1,24.6745594688407,1.30434782608696,1.0,censor,11.1753424657534,-0.20211437612662
MrOS,71,1,0,0,1,23.7374284353622,0.344827586206897,0.0,censor,11.2356164383562,-0.140270885914011
MrOS,72,1,0,0,1,26.1115691591089,12.0805369127517,1.0,censor,9.70958904109589,0.21563744884008
MrOS,69,1,0,0,1,26.0143911829718,0.451127819548872,0.0,censor,10.5315068493151,-0.44545151202138
MrOS,74,1,0,0,1,29.1478773942884,5.0,0.0,death,11.8301369863014,-0.31023244275041
MrOS,69,1,0,0,1,25.8623986915521,1.56521739130435,0.0,censor,10.5013698630137,-0.187330159560079
MrOS,78,1,0,0,1,24.20837026045,0.838323353293413,0.0,censor,9.60547945205479,-0.69445240526976
MrOS,80,1,0,0,1,26.4926377641192,0.810810810810811,0.0,death,9.23835616438356,-0.11797126713853
MrOS,72,1,0,0,0,18.7449803328253,2.75229357798165,0.0,censor,10.4712328767123,0.0852488686111599
MrOS,76,1,0,0,1,22.6106160799353,5.59006211180124,1.0,death,10.0602739726027,0.60242072426268
MrOS,84,1,0,0,1,29.5012217512144,35.3846153846154,0.0,dementia,4.31506849315068,0.0386003270627498
MrOS,81,1,0,0,1,29.9305693314818,11.8906605922551,0.0,censor,11.8356164383562,-0.688518959303489
MrOS,75,1,0,0,1,29.2734844892619,1.22033898305085,0.0,death,4.85753424657534,-0.0402367274454207
MrOS,72,1,0,0,1,23.6057649519402,1.75438596491228,0.0,censor,10.9095890410959,0.58147943916906
MrOS,76,1,0,0,1,25.0799737663474,9.56962025316456,1.0,death,9.06027397260274,-0.60508344423293
MrOS,78,1,0,0,1,26.6558833745867,20.1089918256131,0.0,death,6.16986301369863,-0.54759664199622
MrOS,75,1,0,0,1,30.3703878246162,29.469964664311,0.0,death,8.90958904109589,0.388728854210849
MrOS,70,1,0,0,1,24.1483726856486,10.3125,0.0,censor,9.73698630136986,0.591261354221319
MrOS,78,1,0,0,0,23.4189167661744,8.43989769820972,0.0,censor,9.62739726027397,-0.140008151934759
MrOS,70,1,0,0,1,30.7585397668047,2.44897959183673,0.0,censor,9.71506849315069,0.219363885847341
MrOS,84,1,0,0,1,26.9495799627441,6.01542416452442,0.0,death,7.6958904109589,-0.392927925928571
MrOS,78,1,0,0,1,30.2831172132582,46.8587896253602,0.0,dementia,3.43835616438356,-0.734129664822321
MrOS,82,1,0,0,1,26.435950910542,0.156657963446475,0.0,censor,10.5698630136986,-0.17782644623169
MrOS,71,1,0,0,1,25.0568742232776,8.6013986013986,0.0,censor,11.6493150684932,0.24129616054669
MrOS,83,1,0,0,1,23.191064740434,13.1428571428571,0.0,censor,10.5616438356164,-0.49653444329718
MrOS,73,1,0,0,1,27.7635870853047,13.4883720930233,0.0,censor,10.0849315068493,0.27457349044857
MrOS,74,1,0,0,1,25.6739389787899,1.54285714285714,0.0,censor,11.6712328767123,-0.44669518577539
MrOS,89,1,0,0,1,22.7646558631264,1.97014925373134,0.0,death,9.54246575342466,-0.326073032655501
MrOS,75,1,0,0,1,34.1586329666927,10.9859154929577,0.0,censor,10.4630136986301,-0.13387059999738
MrOS,70,1,0,0,1,35.8066702265037,6.38297872340426,1.0,censor,10.0356164383562,0.14522517937891
MrOS,80,1,0,0,1,22.2464485161335,2.94573643410853,0.0,dementia,2.38630136986301,0.37583938800462
MrOS,77,1,0,0,1,25.4412088712822,19.6875,0.0,censor,10.7397260273973,-0.37383989707468
MrOS,74,1,0,0,1,26.1416879486819,27.5784753363229,0.0,censor,10.1260273972603,-1.18415438657536
MrOS,77,1,0,0,1,27.4809348840118,2.22222222222222,1.0,death,8.58082191780822,-0.3892764924456
MrOS,71,1,0,0,1,30.7517532195459,23.3766233766234,0.0,censor,10.7068493150685,-0.88898136626382
MrOS,72,1,0,0,1,23.4964760133946,0.456852791878173,0.0,censor,11.2739726027397,-0.39924517219616
MrOS,74,1,0,0,1,27.9556982015458,12.9095354523227,1.0,dementia,10.4082191780822,-0.15123378195504
MrOS,77,1,0,0,1,25.2131920611815,0.819112627986348,0.0,death,9.22191780821918,0.14976357350028
MrOS,81,1,0,0,0,26.5149217693805,14.8,1.0,death,9.91232876712329,-0.0538432431496602
MrOS,80,1,0,0,1,26.7884871734311,9.27272727272727,1.0,death,2.69315068493151,-0.523898056215199
MrOS,75,1,0,0,1,32.6375824897728,5.6019656019656,0.0,death,4.76164383561644,0.0184365183599496
MrOS,74,1,0,0,0,26.6708468656235,23.2417582417582,0.0,dementia,11.213698630137,-0.31171013448033
MrOS,70,1,0,0,1,42.9059527817524,72.0670391061452,0.0,censor,9.66301369863014,0.89898832447836
MrOS,90,1,0,0,1,23.3240957112069,13.5164835164835,0.0,death,9.63287671232877,-0.92484611511496
MrOS,73,1,0,0,1,22.739072008419,13.9784946236559,0.0,censor,10.5041095890411,-0.705042468453129
MrOS,82,1,0,0,1,25.2773592401216,2.07446808510638,1.0,censor,10.586301369863,-0.0523568956529104
MrOS,78,1,0,0,1,28.0632367705549,12.0,0.0,death,11.786301369863,-0.24872660424644
MrOS,82,1,0,0,1,20.8717558858551,3.78640776699029,0.0,censor,10.558904109589,-0.43316606900128
MrOS,82,1,0,0,0,31.0210431683723,44.2622950819672,0.0,censor,11.5205479452055,-0.56895443031855
MrOS,83,1,0,0,1,23.2686883300196,2.79569892473118,0.0,dementia,0.936986301369863,-0.0875790584272707
MrOS,69,1,0,0,1,26.1663042044048,5.05102040816327,0.0,censor,10.5561643835616,-0.139931713586751
MrOS,75,1,0,0,1,24.7380591486656,2.20963172804533,1.0,censor,10.4520547945205,0.206262683175569
MrOS,71,1,0,0,0,25.8556576203575,25.5981941309255,0.0,censor,10.6602739726027,-0.19093285127685
MrOS,77,1,0,0,1,25.0883043346061,7.42105263157895,0.0,censor,10.9643835616438,0.489159887667
MrOS,81,1,0,0,1,27.2201318271636,9.15531335149864,0.0,dementia,3.28219178082192,-0.246781349413099
MrOS,72,1,0,0,1,23.4911851834744,0.0,1.0,death,10.1808219178082,0.51083166218753
MrOS,71,1,0,0,1,33.3438851957371,29.5673076923077,0.0,censor,10.6164383561644,0.607958752266011
MrOS,73,1,0,0,1,25.9785725064132,2.65356265356265,1.0,dementia,2.56438356164384,-0.26298357991066
MrOS,85,1,0,0,1,22.3131226321274,1.93548387096774,0.0,censor,3.47123287671233,-0.800514232981639
MrOS,72,1,0,0,1,24.2653917054076,1.77631578947368,0.0,censor,10.5095890410959,-0.54308637825899
MrOS,75,1,0,0,0,27.5442505301918,1.54727793696275,1.0,censor,10.4602739726027,-0.33334605797092
MrOS,69,1,0,0,1,24.8343250877896,2.91754756871036,0.0,censor,10.9698630136986,0.19065239563822
MrOS,73,1,0,0,1,26.3248802374026,0.344827586206897,0.0,censor,9.67671232876712,0.160177389405069
MrOS,82,1,0,0,0,31.4932508664702,48.8059701492537,0.0,censor,10.2876712328767,-0.15282005721262
MrOS,70,1,0,0,1,25.6813338015372,21.3559322033898,0.0,censor,11.0821917808219,-0.69499161759113
MrOS,71,1,0,0,1,25.8216605904443,21.6062176165803,0.0,censor,10.6767123287671,-0.55299121122289
MrOS,69,1,0,0,1,25.1708761264078,1.56657963446475,0.0,censor,11.4054794520548,-0.30845382216409
MrOS,72,1,0,0,1,22.5904887216579,2.76657060518732,0.0,censor,10.6465753424658,-0.0297195906646806
MrOS,72,1,0,0,1,26.0934716884653,12.0,0.0,censor,10.3095890410959,-0.67479601337687
MrOS,73,1,0,0,1,20.5043207279125,0.0,0.0,death,5.98356164383562,0.352003096549809
MrOS,76,1,0,0,1,27.1837184037643,41.2213740458015,0.0,censor,10.0849315068493,-0.0098582931486305
MrOS,82,1,0,0,0,22.3258189570392,19.6491228070175,0.0,death,8.24109589041096,0.20937998435521
MrOS,72,1,0,0,0,26.6499571201135,1.09947643979058,0.0,censor,10.5452054794521,-0.434479766048879
MrOS,71,1,0,0,1,30.605059839725,4.5910290237467,0.0,censor,9.35616438356164,-0.136623958859209
MrOS,90,1,0,0,1,24.5149382003238,0.957446808510638,1.0,death,5.58630136986301,-0.0605739193072694
MrOS,78,1,0,0,1,28.0563957563844,7.25925925925926,0.0,dementia,1.20821917808219,-0.17540820439947
MrOS,75,1,0,0,0,29.0597508370812,50.2654867256637,0.0,death,3.74794520547945,-0.453235013940269
MrOS,84,1,0,0,1,27.5621034807956,61.304347826087,0.0,death,11.0630136986301,-1.08361883610125
MrOS,71,1,0,0,1,25.3060175185488,0.0,1.0,dementia,2.76164383561644,-0.35676889274943
MrOS,81,1,0,0,1,24.9537219234189,2.18446601941748,0.0,death,3.23835616438356,-0.44476664473583
MrOS,75,1,0,0,1,24.3629681688106,1.97368421052632,1.0,censor,10.8465753424658,-0.31250374524777
MrOS,69,1,0,0,1,23.7687753993175,6.80672268907563,0.0,censor,10.7616438356164,0.16399430195801
MrOS,72,1,0,0,1,26.2074896091399,10.4150943396226,0.0,censor,10.3616438356164,0.24301657228051
MrOS,78,1,0,0,1,28.2644999553488,19.0,0.0,censor,11.9013698630137,-0.60392449127765
MrOS,75,1,0,0,1,29.4986266854848,4.71744471744472,1.0,censor,10.0082191780822,0.46917230650789
MrOS,74,1,0,0,1,23.8030397516678,2.34986945169713,1.0,death,5.47671232876712,0.11836983968839
MrOS,68,1,0,0,1,25.2820664801026,5.73248407643312,0.0,censor,10.7890410958904,-0.21173733870543
MrOS,75,1,0,0,1,24.7103899181609,2.14797136038186,1.0,censor,11.1561643835616,-1.17132860689112
MrOS,79,1,0,0,1,20.6139304955633,0.677966101694915,0.0,censor,10.3369863013699,-0.54304352250834
MrOS,72,1,0,0,1,24.821727871768,3.10344827586207,0.0,death,5.74246575342466,-0.0121010769057193
MrOS,69,1,1,0,0,21.2614658377813,14.6260387811634,1.0,censor,3.56164383561644,-0.43372430487248
MrOS,78,1,0,0,1,21.7749004992173,1.48351648351648,0.0,death,6.68767123287671,-1.74543253587576
MrOS,75,1,0,0,1,31.1120220336077,12.4,0.0,dementia,1.41643835616438,-0.31348336196297
MrOS,74,1,0,0,1,26.0427640407892,9.50146627565982,0.0,censor,10.1342465753425,-0.160705539272389
MrOS,73,1,0,0,1,30.9324638082362,6.85714285714286,1.0,censor,10.6465753424658,0.25368959466719
MrOS,72,1,0,0,1,27.9921291377826,9.42598187311178,1.0,dementia,0.956164383561644,-0.2774718307775
MrOS,75,1,0,0,0,23.8112461419753,4.5,0.0,censor,3.45205479452055,0.10634856718649
MrOS,85,1,0,0,1,21.85919108145,25.8227848101266,0.0,death,10.1890410958904,-1.62658006230699
MrOS,73,1,0,0,1,29.5862903274953,0.338983050847458,1.0,censor,3.43835616438356,0.5081544357684
MrOS,82,1,0,0,1,32.2391060356212,26.1946902654867,0.0,censor,11.5780821917808,-0.43967574770525
MrOS,76,1,0,0,1,31.0341535590734,6.82808716707022,0.0,censor,10.7671232876712,-0.12523334107608
MrOS,71,1,0,0,1,28.9234803648888,2.9925187032419,0.0,censor,9.3972602739726,0.29847003952257
MrOS,84,1,0,0,1,28.1848120210136,48.4137931034483,1.0,dementia,3.56438356164384,0.82192043692761
MrOS,76,1,0,0,1,28.4650203363984,21.0862619808307,0.0,censor,10.5095890410959,0.34189404252151
MrOS,80,1,0,0,1,28.7081102886403,2.12389380530973,0.0,censor,10.9287671232877,-0.310222141698191
MrOS,85,1,0,0,1,23.648686496183,16.751269035533,0.0,dementia,1.43561643835616,-0.31252295757664
MrOS,79,1,0,0,1,27.8053813458719,2.43243243243243,1.0,dementia,0.986301369863014,-0.27755129372768
MrOS,69,1,0,0,1,33.9738694866384,3.07277628032345,0.0,censor,10.3287671232877,0.0182901409971095
MrOS,75,1,0,0,1,31.5563375753973,46.970509383378,0.0,censor,11.0493150684932,-0.42110924164284
MrOS,74,1,0,0,1,22.1406615810421,11.1926605504587,0.0,censor,10.9424657534247,0.4288233716498
MrOS,70,1,0,0,1,23.526754365497,1.02941176470588,1.0,censor,11.0246575342466,-0.347546043429441
MrOS,82,1,0,0,1,23.8995990641357,2.94277929155313,0.0,death,5.94794520547945,0.13426441340734
MrOS,82,1,0,0,1,25.7273534725879,1.61797752808989,0.0,censor,10.572602739726,-0.450681319748981
MrOS,71,1,0,0,1,24.3750016206783,1.86335403726708,0.0,censor,10.8684931506849,-0.70085953206777
MrOS,76,1,0,0,1,26.0676602710847,13.6462093862816,0.0,censor,10.9671232876712,0.74586473392412
MrOS,86,1,0,0,1,24.8637458711443,0.0,0.0,censor,11.1835616438356,-0.61335458084973
MrOS,76,1,0,0,1,29.5701400529266,13.0102040816327,1.0,dementia,1.0986301369863,-0.06146256556368
MrOS,72,1,0,0,1,29.0822448868194,11.9213973799127,0.0,censor,10.8109589041096,-0.20356146816554
MrOS,70,1,0,0,0,24.4424598424448,13.8766519823789,0.0,censor,11.0849315068493,0.0636728540286398
MrOS,82,1,1,0,0,23.3778983114711,26.6838046272494,0.0,censor,11.0958904109589,-0.37993819473499
MrOS,90,1,0,0,1,22.2726332959221,2.41486068111455,0.0,dementia,1.35068493150685,-0.44289833960476
MrOS,83,1,0,0,1,20.9561408252663,1.6,1.0,death,10.7452054794521,0.0277282714527004
MrOS,81,1,0,0,1,20.4614114609937,37.5921375921376,0.0,dementia,0.810958904109589,-0.0671627622859702
MrOS,84,1,0,0,1,24.7716640677211,0.920245398773006,0.0,dementia,3.16164383561644,0.21902493957152
MrOS,86,1,0,0,1,32.2391030239288,8.19327731092437,0.0,death,3.00547945205479,-0.7424690610065
MrOS,84,1,0,0,1,29.6337178265398,5.51928783382789,0.0,death,9.9013698630137,-0.34419610671393
MrOS,77,1,0,0,1,22.9267016046528,0.298507462686567,0.0,censor,11.4356164383562,-0.364757186229061
MrOS,84,1,0,0,1,26.1183573335431,16.2057877813505,0.0,dementia,6.71232876712329,-0.18211747231198
MrOS,70,1,0,0,1,23.6977965978306,3.05084745762712,0.0,censor,10.1178082191781,0.54042016846433
MrOS,78,1,0,0,1,27.7318640955005,11.8854415274463,0.0,censor,11.0794520547945,-0.69471042498691
MrOS,87,1,0,0,1,28.348617608475,4.0,1.0,censor,10.8164383561644,-0.684523631439011
MrOS,73,1,0,0,1,24.2716851728802,5.34653465346535,0.0,death,12.2657534246575,0.0022916671409305
MrOS,83,1,0,0,1,22.0121444401126,3.18302387267904,1.0,death,11.8931506849315,-0.30388398949536
MrOS,78,1,0,0,1,31.3648589916802,37.2173913043478,0.0,censor,11.027397260274,-0.26632995157712
MrOS,87,1,0,0,1,26.7754478103189,5.57029177718833,0.0,censor,11.4520547945205,-0.33653752821468
MrOS,83,1,0,0,1,27.0159086862286,22.6700251889169,0.0,censor,3.6986301369863,-0.70107304509105
MrOS,68,1,0,0,1,25.6389100462932,10.9597523219814,0.0,censor,1.31506849315068,0.649240033097691
MrOS,77,1,0,0,1,26.8935562563218,25.646437994723,0.0,dementia,0.728767123287671,0.55458112623881
MrOS,75,1,0,0,1,25.8582016987334,0.712166172106825,0.0,censor,11.1205479452055,0.1248270075748
MrOS,81,1,0,0,1,30.6732083063197,2.17917675544794,0.0,death,11.8219178082192,-0.0063469777665901
MrOS,83,1,0,0,1,21.2082414362048,2.21052631578947,1.0,censor,11.5068493150685,-0.8951625335394
MrOS,80,1,0,0,1,28.7324924020768,17.03125,0.0,death,9.53424657534247,0.0965147694002795
MrOS,70,1,0,0,1,24.1538085442359,1.84615384615385,0.0,censor,10.6054794520548,-0.58023495842146
MrOS,83,1,0,0,1,29.7334994617402,9.96677740863787,1.0,dementia,1.35342465753425,-0.21420043791023
MrOS,88,1,0,0,1,26.2454143631868,8.20627802690583,0.0,death,7.59178082191781,-0.979333514765921
MrOS,84,1,0,0,1,26.8881202123041,14.3119266055046,0.0,death,3.32328767123288,-0.916192759808661
MrOS,94,1,0,0,1,21.0959197540717,14.1880341880342,1.0,death,8.76438356164384,-0.13761522389226
MrOS,84,1,0,0,1,26.6852346719862,12.7433628318584,1.0,dementia,6.26575342465753,0.35739174262962
MrOS,88,1,0,0,1,26.7100856509451,21.3299232736573,0.0,death,6.54246575342466,-0.68383634748901
MrOS,82,1,1,0,0,23.4648478129579,1.56521739130435,0.0,dementia,3.74246575342466,-0.688783620651721
MrOS,79,1,0,0,1,22.5766051137737,1.95652173913043,1.0,censor,11.1616438356164,0.33857668903396
MrOS,85,1,0,0,1,22.8272629668168,2.9010989010989,0.0,death,6.24109589041096,0.14725776577566
MrOS,91,1,0,0,1,30.2468334492767,2.92307692307692,0.0,death,10.9095890410959,-1.1414041087171
MrOS,72,1,0,0,1,28.3873066622538,0.294117647058823,0.0,death,8.54520547945205,0.15632376557746
MrOS,83,1,0,0,1,24.3348381018672,4.97142857142857,0.0,dementia,6.38630136986301,-0.48455863912191
MrOS,76,1,0,0,1,19.4811772192157,0.0,1.0,death,10.5890410958904,-0.73915758618988
MrOS,82,1,0,0,1,25.7016415227801,1.43344709897611,0.0,dementia,3.58082191780822,-0.642092610433519
MrOS,86,1,0,0,1,26.0838084492527,6.94915254237288,0.0,death,10.5260273972603,-0.15296032773517
MrOS,71,1,0,0,1,26.363802057923,1.68539325842697,0.0,censor,10.4821917808219,-0.443641054106701
MrOS,80,1,0,0,1,28.4930339620005,0.338983050847458,0.0,censor,10.4328767123288,-0.0010810394724501
MrOS,88,1,1,0,0,22.1444286642886,0.32,0.0,dementia,5.70958904109589,-0.39489343123695
MrOS,71,1,0,0,1,30.1449275362319,11.551724137931,0.0,censor,10.9287671232877,0.50167201768122
MrOS,85,1,0,0,1,20.7305864701068,21.3114754098361,0.0,death,2.5041095890411,-0.792736848836179
MrOS,87,1,0,0,1,27.6455111667814,0.521739130434783,1.0,death,4.03835616438356,-0.56710202701091
MrOS,74,1,0,0,1,29.7998973312783,30.6936416184971,1.0,death,7.87945205479452,-0.462256884966941
MrOS,90,1,0,0,1,24.4666254122605,2.33128834355828,1.0,death,5.5041095890411,-0.6899077336983
MrOS,86,1,0,0,1,23.9961587325511,4.55284552845528,0.0,death,1.83013698630137,-0.201513419101251
MrOS,76,1,0,0,1,24.2071966266486,23.8709677419355,0.0,censor,9.30684931506849,-0.11397977263078
MrOS,84,1,0,0,1,21.7265280572293,0.0,1.0,death,1.86849315068493,0.25080720089633
MrOS,85,1,0,0,1,22.920912827024,0.483870967741935,0.0,death,2.28767123287671,-0.61833613146721
MrOS,73,1,0,0,1,25.4912787383269,2.24669603524229,0.0,censor,10.7123287671233,-0.545133292105859
MrOS,74,1,0,0,1,28.0168549399319,8.37209302325581,0.0,dementia,1.49315068493151,0.0517898890958193
MrOS,83,1,0,0,1,24.0718660420153,0.131868131868132,0.0,dementia,6.18082191780822,-0.30526354000026
MrOS,73,1,1,0,0,33.5594226610379,41.7831325301205,0.0,death,9.12602739726027,0.45647552137917
MrOS,85,1,0,0,1,32.8970275574852,28.2644628099174,0.0,dementia,1.38630136986301,-0.677151415214951
MrOS,85,1,0,0,1,26.8349076479153,3.15151515151515,0.0,death,10.3205479452055,-0.27814815389092
MrOS,69,1,0,0,1,26.5627122591162,4.85393258426966,1.0,dementia,10.9095890410959,-0.53217734645027
MrOS,75,1,0,1,0,31.8232652192841,3.97877984084881,1.0,censor,10.6794520547945,-0.18620570264259
MrOS,88,1,0,0,1,22.8239424193431,10.9580838323353,1.0,death,3.27945205479452,-0.56166707531096
MrOS,87,1,0,0,1,23.1249825565864,0.0,0.0,censor,11.5917808219178,-1.40350329859443
MrOS,87,1,0,0,1,22.6964490065915,7.90243902439024,0.0,death,10.2109589041096,-1.77622900177588
MrOS,89,1,0,0,1,25.4319384842281,6.62576687116564,0.0,censor,11.6520547945205,-0.56162434191618
MrOS,74,1,0,0,1,35.2549567131552,33.4177215189873,0.0,censor,11.2712328767123,0.19596888270367
MrOS,69,1,0,0,1,22.4813253250856,41.3114754098361,0.0,censor,10.6821917808219,-0.0794813998565104
MrOS,74,1,1,0,0,26.4351450806481,22.2,0.0,censor,10.8164383561644,0.40583374447295
MrOS,70,1,0,1,0,27.005400810108,17.4509803921569,0.0,censor,10.8712328767123,-0.63519852894203
MrOS,78,1,1,0,0,22.5997462680728,21.688654353562,1.0,censor,3.75890410958904,-0.66373058146654
MrOS,73,1,1,0,0,29.2070521666148,3.31034482758621,1.0,dementia,1.02191780821918,0.0440769512412103
MrOS,78,1,0,0,1,26.5628654482275,2.61682242990654,0.0,censor,10.786301369863,-0.67343166640737
MrOS,80,1,1,0,0,26.1640285946704,16.2536023054755,1.0,death,3.77260273972603,-0.24905471937895
MrOS,75,1,1,0,0,20.487641121411,5.97864768683274,0.0,censor,3.66027397260274,-0.33308050989469
MrOS,71,1,0,0,1,23.0149521133579,13.5694822888283,0.0,censor,10.586301369863,0.74029761351122
MrOS,76,1,1,0,0,19.9081726354454,21.5139442231076,0.0,death,3.46575342465753,-0.19801093314376
MrOS,83,1,0,0,1,24.5160414379012,14.006309148265,0.0,dementia,10.6520547945205,-0.84824804723621
MrOS,70,1,1,0,0,27.1654297998193,11.3333333333333,0.0,death,7.91780821917808,0.15496909205448
MrOS,87,1,0,0,1,25.8805079158773,7.52293577981651,0.0,death,4.43561643835616,-1.44573524705736
MrOS,85,1,0,0,1,26.482303755903,1.88087774294671,0.0,death,7.26301369863014,-0.8120302129271
MrOS,84,1,0,0,1,25.7294237189723,6.32911392405063,1.0,censor,10.7671232876712,-0.70407826029587
MrOS,84,1,0,0,1,26.4696871395617,13.7677053824363,0.0,death,8.2027397260274,0.0678596349950794
MrOS,85,1,0,0,1,25.9944088811612,6.62576687116564,0.0,death,6.28767123287671,-0.23188703506498
MrOS,77,1,1,0,0,26.8451347875488,25.0526315789474,1.0,death,10.1616438356164,-0.625147653021421
MrOS,79,1,1,0,0,24.0127041634847,7.92746113989637,0.0,dementia,11.1479452054795,-0.15863376093868
MrOS,70,1,1,0,0,23.1677433726888,7.16417910447761,0.0,censor,11.2164383561644,0.138825535777841
MrOS,78,1,1,0,0,21.0875641308451,18.135593220339,0.0,death,3.48493150684931,-0.274710275268821
MrOS,82,1,1,0,0,26.3201341409124,30.3680981595092,0.0,censor,3.52876712328767,-0.228311764514081
MrOS,68,1,0,0,1,24.8493311112112,1.64009111617312,0.0,censor,10.8465753424658,0.38052974148144
MrOS,73,1,1,0,0,28.8283155106512,1.20300751879699,1.0,censor,11.1808219178082,0.0333807277761096
MrOS,87,1,0,0,1,24.3031095778903,1.89591078066915,0.0,death,8.18904109589041,-0.4448302836202
MrOS,84,1,0,0,1,25.7145384806573,20.6896551724138,0.0,dementia,5.59452054794521,-0.765461284569869
MrOS,69,1,0,1,0,24.9097633835738,7.53926701570681,1.0,dementia,1.43013698630137,1.00076986379408
MrOS,74,1,1,0,0,22.3608080240138,2.06422018348624,0.0,censor,11.0547945205479,-0.211456062252191
MrOS,71,1,1,0,0,26.0741144535422,0.319148936170213,0.0,death,2.4958904109589,0.21327948921991
MrOS,70,1,1,0,0,22.5355417687324,1.43617021276596,1.0,dementia,1.32328767123288,-0.36074323538116
MrOS,75,1,1,0,0,26.5504408272466,3.03157894736842,0.0,dementia,1.3041095890411,0.50931075410748
MrOS,73,1,1,0,0,22.7995707452874,27.9820627802691,0.0,censor,10.9232876712329,0.13600404389197
MrOS,89,1,0,0,1,24.9136246460925,13.8317757009346,0.0,censor,10.3041095890411,-0.79766728687633
MrOS,87,1,0,0,1,26.1768037417871,42.0,0.0,death,3.29041095890411,-0.148836670211379
MrOS,86,1,0,0,1,21.3703650621404,0.0,1.0,death,8.63561643835616,-0.36889544619641
MrOS,77,1,0,0,1,29.0833807773925,0.659340659340659,0.0,censor,11.1232876712329,0.02160657971787
MrOS,87,1,0,0,1,25.3491979491916,14.1269841269841,0.0,dementia,10.4465753424658,-0.6056567676737
MrOS,84,1,1,0,0,23.5502705757873,4.02985074626866,0.0,censor,11.4904109589041,-0.37769671814447
MrOS,69,1,1,0,0,23.7562735567209,15.1685393258427,1.0,censor,10.6849315068493,0.48599821865767
MrOS,70,1,0,0,1,23.6413450349235,1.7687074829932,1.0,censor,10.8849315068493,0.0925346943338596
MrOS,78,1,1,0,0,22.9404415325112,16.0663507109005,1.0,censor,5.73698630136986,-0.0462702675631803
MrOS,81,1,1,0,0,24.3280140811256,8.09638554216867,0.0,censor,11.4657534246575,-0.278839928339011
MrOS,70,1,0,0,1,25.0647316174382,3.8150289017341,1.0,censor,10.5890410958904,-0.214139210005921
MrOS,72,1,1,0,0,32.2130920319136,3.57798165137615,0.0,censor,10.7342465753425,0.68462780631765
MrOS,76,1,0,0,1,26.4947519846556,3.59154929577465,0.0,dementia,6.38630136986301,-0.25734017801976
MrOS,80,1,1,0,0,26.6540192212855,7.52,0.0,dementia,1.47945205479452,-0.38867363661808
MrOS,75,1,0,0,0,40.4690113658576,14.0869565217391,0.0,dementia,11.0383561643836,0.356591122265451
MrOS,70,1,1,0,0,25.7559572944703,34.9848942598187,0.0,censor,10.6383561643836,-0.56999849581092
MrOS,75,1,0,0,1,24.479351025205,5.91780821917808,0.0,death,10.2191780821918,-0.89014029673239
MrOS,74,1,0,0,1,25.232736720214,1.75182481751825,0.0,censor,10.5506849315068,-0.4847850612578
MrOS,81,1,0,0,1,26.6049382716049,19.1666666666667,0.0,death,8.7972602739726,-0.81869185290174
MrOS,79,1,0,0,1,23.129286518961,8.24034334763948,1.0,death,9.86575342465753,0.64043938472806
MrOS,80,1,0,0,1,24.9983314582102,15.0,1.0,censor,11.2164383561644,0.14189106170172
MrOS,76,1,0,0,1,26.4521723441507,5.54502369668246,0.0,death,4.27671232876712,-0.76957903961694
MrOS,79,1,0,0,1,25.1439911749139,35.8959537572254,1.0,death,3.29315068493151,-0.759770244371479
MrOS,75,1,0,0,1,25.8435440159551,0.48,1.0,dementia,1.23835616438356,0.26176353679395
MrOS,79,1,0,0,0,33.2435631206488,3.69230769230769,1.0,death,11.9041095890411,0.55186848773776
MrOS,71,1,0,0,1,26.355777893,4.63768115942029,0.0,censor,11.1945205479452,0.50494478158284
MrOS,74,1,0,0,0,22.1633073466617,3.70656370656371,0.0,dementia,1.60547945205479,-0.17527453154833
MrOS,76,1,0,0,1,20.668727705113,0.188679245283019,0.0,censor,10.8438356164384,0.309643550905859
MrOS,77,1,0,0,1,27.3179639608551,28.2926829268293,0.0,death,10.8849315068493,0.5935457610962
MrOS,76,1,0,0,1,24.2779749175293,21.44,1.0,censor,11.4301369863014,-0.175218314197009
MrOS,83,1,0,1,0,22.9702154962771,13.943661971831,1.0,dementia,6.62465753424657,0.607770045333061
MrOS,76,1,0,0,1,31.6458079169995,30.6194690265487,0.0,censor,6.43013698630137,0.87243179722567
MrOS,77,1,0,1,0,25.521025696403,12.3913043478261,1.0,dementia,1.51232876712329,0.40949782047191
MrOS,74,1,0,0,1,21.3786447186809,2.58461538461538,0.0,censor,9.97260273972603,-0.0771105528371507
MrOS,72,1,0,0,1,23.225263280133,1.31386861313869,0.0,dementia,1.41369863013699,-0.177246657475889
MrOS,72,1,0,0,1,34.2294393678612,28.75,0.0,censor,11.1753424657534,0.22349273827371
MrOS,81,1,0,0,1,25.3631705225742,14.2105263157895,0.0,death,5.12054794520548,-0.78779787349084
MrOS,88,1,0,0,1,22.7620149321186,0.151515151515151,0.0,dementia,11.3068493150685,-0.548963014523289
MrOS,70,1,0,0,1,25.8947775824985,5.57620817843866,0.0,censor,10.5917808219178,-0.10330419686279
MrOS,78,1,0,0,1,27.147410515963,19.8805970149254,0.0,censor,10.9342465753425,-0.80728310457973
MrOS,70,1,0,1,0,24.2804918120736,25.6716417910448,1.0,death,11.2109589041096,-0.61966617934204
MrOS,79,1,0,0,1,22.4326357131035,4.98461538461538,0.0,dementia,1.22191780821918,-0.481142670402301
MrOS,72,1,0,0,1,27.5762129439279,37.6580796252927,1.0,death,2.20547945205479,-0.20996401456871
MrOS,75,1,0,0,1,24.9615644875728,4.37956204379562,0.0,death,6.42191780821918,-0.30857623422019
MrOS,70,1,0,0,0,23.6246272701469,6.19647355163728,1.0,censor,11.1616438356164,-0.1690476427695
MrOS,74,1,0,0,1,28.3141283724374,23.8983050847458,0.0,censor,10.6109589041096,-0.35977521383862
MrOS,69,1,0,0,0,25.6055363321799,0.991735537190083,0.0,censor,11.2465753424658,-0.12772013918993
MrOS,75,1,0,0,1,25.5979473832697,21.5686274509804,1.0,censor,10.3178082191781,0.16991829449594
MrOS,78,1,0,0,1,28.9818795374278,0.710059171597633,0.0,death,6.78356164383562,0.47763716288019
MrOS,69,1,0,0,1,29.0652254749327,8.52367688022284,0.0,censor,11.4493150684932,0.6349795408861
MrOS,84,1,0,0,1,24.7329854000848,6.50943396226415,0.0,censor,10.8739726027397,0.0092875533297899
MrOS,77,1,0,0,1,37.5621056278748,18.2608695652174,0.0,censor,6.24657534246575,0.97564273821688
MrOS,85,1,0,0,1,25.7573238608824,22.9280397022332,0.0,death,5.06027397260274,-0.555045457226031
MrOS,85,1,0,0,1,28.2514934529586,13.6599423631124,0.0,death,7.82191780821918,-0.766734200691999
MrOS,82,1,0,0,1,29.8327988131053,8.13793103448276,0.0,death,6.83835616438356,0.4482246740195
MrOS,74,1,0,0,1,29.6379747535014,3.09278350515464,0.0,death,6.63013698630137,-0.73421436329411
MrOS,81,1,0,0,1,27.5782914564683,28.7096774193548,0.0,death,8.16438356164384,0.11311704247085
MrOS,82,1,0,0,1,25.2437149328621,13.8666666666667,1.0,censor,11.7561643835616,-0.46825174697142
MrOS,78,1,0,0,1,33.933921856462,34.2622950819672,0.0,censor,11.1835616438356,0.12064193073963
MrOS,89,1,0,0,1,26.1625825768789,26.1340206185567,0.0,death,9.89315068493151,-0.78963141560006
MrOS,76,1,0,0,1,28.5549237328002,36.173285198556,0.0,death,7.35068493150685,-0.0099751646577104
MrOS,88,1,0,0,1,21.9929352059329,19.375,0.0,dementia,1.25205479452055,-0.0336192746650298
MrOS,83,1,0,0,1,27.3318830166825,3.87096774193548,0.0,censor,10.8986301369863,-0.40040128048075
MrOS,78,1,0,0,1,31.3002984347586,30.3092783505155,1.0,censor,10.4219178082192,-0.72570646682985
MrOS,70,1,0,0,1,29.0998611286454,10.2752293577982,0.0,dementia,5.9041095890411,-0.0035474661461606
MrOS,82,1,0,0,1,24.7095078258775,15.0,1.0,death,10.0109589041096,0.0691391023806702
MrOS,80,1,0,0,1,29.6028804889797,16.8078175895765,0.0,dementia,1.23287671232877,-0.96616602183115
MrOS,80,1,0,0,1,29.285822509612,7.36363636363636,0.0,death,8.86575342465753,0.0772212572893693
MrOS,81,1,0,0,1,25.5938543168534,12.6315789473684,0.0,death,9.44109589041096,-0.33454350855399
MrOS,82,1,0,0,1,29.6372331558224,24.1121495327103,0.0,death,7.81095890410959,-0.18084588263022
MrOS,88,1,0,0,1,26.7373454144907,39.1639871382637,0.0,death,4.34794520547945,-0.81445230291895
MrOS,78,1,0,0,1,28.2972922703422,31.0,0.0,censor,11.558904109589,-0.4412086994078
MrOS,81,1,0,1,0,32.3264237944967,13.7182448036951,1.0,death,6.52328767123288,-0.68772419452134
MrOS,90,1,0,0,1,22.5388126784193,13.5926773455378,0.0,death,8.58356164383562,0.32274899168728
MrOS,77,1,0,0,1,27.6029216531699,1.53061224489796,0.0,censor,10.4246575342466,0.0476459240907005
MrOS,73,1,0,0,1,31.7969041362668,12.8225806451613,0.0,death,5.0027397260274,0.13623838292845
MrOS,72,1,0,0,1,28.2149148181368,2.41610738255034,0.0,censor,10.7972602739726,0.16880530245747
MrOS,83,1,0,0,1,27.5321113856903,34.7368421052632,0.0,dementia,7.07123287671233,0.15542269698571
MrOS,81,1,0,0,1,25.1963001752823,4.34782608695652,0.0,censor,3.37260273972603,-0.9156191159351
MrOS,75,1,0,0,1,25.0887739384985,27.2413793103448,0.0,censor,11.2547945205479,0.07752199809904
MrOS,71,1,0,0,1,27.0132381710209,9.81566820276498,0.0,censor,10.3123287671233,0.13072375521137
MrOS,79,1,0,0,1,26.9591449811508,1.11111111111111,0.0,death,10.3178082191781,-0.741733474839511
MrOS,78,1,0,0,1,28.0587273907637,4.91150442477876,0.0,dementia,4.13972602739726,-0.41857429442524
MrOS,78,1,0,0,1,32.1385383489042,1.14649681528662,0.0,death,6.85479452054795,-0.57292335221165
MrOS,91,1,0,0,1,25.3086812291711,36.4024390243902,0.0,death,10.8383561643836,-1.21852950691144
MrOS,71,1,0,0,1,29.1212321949446,12.1243523316062,1.0,censor,10.2356164383562,0.74379354310546
MrOS,81,1,0,0,1,31.5831055715805,22.0379146919431,0.0,dementia,3.3972602739726,-0.0778947877685994
MrOS,84,1,0,0,1,27.4725055324355,14.1492537313433,0.0,dementia,6.55616438356164,-0.437466970971521
MrOS,77,1,0,0,1,27.2034739843814,14.7572815533981,0.0,censor,10.1972602739726,-0.559526900697109
MrOS,77,1,0,0,1,33.4199434311521,0.0,0.0,dementia,1.18630136986301,-0.345920904275479
MrOS,75,1,0,0,1,26.6325581927271,16.7398119122257,0.0,censor,10.241095890411,-0.31859582209533
MrOS,70,1,0,0,1,27.329767690641,15.1456310679612,0.0,censor,10.6657534246575,-0.32717772240203
MrOS,77,1,0,0,1,26.8144959506695,4.5,0.0,death,10.6958904109589,0.715677111083249
MrOS,71,1,0,0,1,27.7749435998594,20.6451612903226,0.0,censor,10.3917808219178,-0.28382093899685
MrOS,69,1,0,0,1,25.9090755369708,4.9390243902439,0.0,death,9.73698630136986,0.598622576593659
MrOS,76,1,0,0,1,35.0870502088061,56.6077738515901,0.0,death,11.7808219178082,1.38335566342901
MrOS,82,1,0,0,1,17.0202596830008,3.81818181818182,0.0,dementia,3.52054794520548,-0.37838301173657
MrOS,70,1,0,0,1,24.8879015829595,1.40077821011673,0.0,censor,9.86301369863014,-1.28292153586114
MrOS,71,1,0,0,1,31.4382788736175,54.0372670807454,1.0,censor,10.3479452054795,0.433884905053191
MrOS,71,1,0,0,1,29.8637312309266,15.6521739130435,0.0,censor,11.0876712328767,0.51805944346372
MrOS,72,1,0,0,1,27.2636909504147,6.63072776280323,0.0,censor,11.2986301369863,0.26920308679975
MrOS,78,1,0,0,1,24.4561260889611,41.7112299465241,0.0,dementia,1.45753424657534,0.710456673375759
MrOS,76,1,0,0,1,26.054914617304,10.2484472049689,1.0,death,9.09041095890411,-0.51215027645777
MrOS,69,1,0,0,1,27.663066068333,16.6942148760331,0.0,censor,10.6849315068493,-0.43881139897329
MrOS,74,1,0,0,1,34.5867363185786,63.4883720930233,0.0,dementia,2.84109589041096,-0.55343941563637
MrOS,79,1,0,0,1,32.4447359283978,11.1455108359133,0.0,censor,9.83835616438356,-0.55316873016361
MrOS,80,1,0,0,1,30.1113058335061,24.96,0.0,censor,11.4438356164384,-1.5554009540288
MrOS,69,1,0,0,1,42.2374291463049,20.0,0.0,death,8.35342465753425,0.38800396929373
MrOS,73,1,0,0,1,32.6904110198068,22.320819112628,0.0,dementia,1.36712328767123,0.10955622780249
MrOS,74,1,0,0,1,28.6667328041476,8.57142857142857,0.0,death,9.61369863013699,-0.2341135502659
MrOS,87,1,0,0,1,26.6908636870294,0.15748031496063,0.0,dementia,0.764383561643836,-0.7902767586038
MrOS,76,1,0,0,1,27.2959954606286,13.0659025787966,0.0,death,2.67397260273973,0.471908484861081
MrOS,78,1,0,0,1,23.2898102082149,26.1573033707865,0.0,death,10.8,-1.59197146808093
MrOS,78,1,0,0,1,30.0146038269112,51.2307692307692,0.0,death,11.5205479452055,-0.395756492602089
MrOS,84,1,0,0,1,23.2961305159978,7.90243902439024,0.0,dementia,5.40547945205479,-0.61340100187292
MrOS,72,1,0,0,1,28.4554220270907,32.8163265306122,0.0,censor,10.6575342465753,-0.52079207561513
MrOS,86,1,0,0,1,21.0824562513112,16.1876832844575,0.0,dementia,9.97260273972603,-0.63118713735107
MrOS,68,1,0,0,1,33.7971302024869,12.755905511811,0.0,censor,11.3972602739726,0.346093423609079
MrOS,71,1,0,0,1,25.1418110238995,20.0,0.0,censor,10.0328767123288,-0.49190162433801
MrOS,79,1,0,0,1,24.5051619710849,24.4843049327354,0.0,death,8.76986301369863,-0.63769848461845
MrOS,81,1,0,0,1,24.9106555100266,9.11764705882353,0.0,death,4.16164383561644,-0.18398667840204
MrOS,80,1,0,0,1,27.2429688301733,44.4827586206897,0.0,death,3.33972602739726,-1.52503268605738
MrOS,69,1,0,0,1,31.4905022911668,5.85365853658537,0.0,censor,10.241095890411,-0.46299497799457
MrOS,70,1,0,0,1,28.606408074293,3.76744186046512,0.0,death,7.12054794520548,0.20031279263431
MrOS,80,1,0,0,1,29.7905621010617,14.8101265822785,1.0,censor,10.9123287671233,-0.958538587548981
MrOS,69,1,0,0,1,25.1236534688035,15.632183908046,1.0,death,11.0520547945205,0.67301314042704
MrOS,75,1,0,0,1,25.6429458961288,12.6845637583893,0.0,censor,10.6493150684932,-0.575677735420609
MrOS,76,1,0,0,1,28.0534779737654,21.1764705882353,1.0,death,9.97534246575342,-0.0223154575508104
MrOS,70,1,0,0,1,36.1268641041798,8.53211009174312,0.0,censor,10.4547945205479,-0.10564982394625
MrOS,88,1,0,0,1,21.6899783635651,17.8947368421053,0.0,censor,10.0958904109589,-0.20808453005185
MrOS,68,1,0,0,1,21.3846880907372,6.13466334164589,0.0,death,6.54794520547945,-0.23221147972265
MrOS,83,1,0,0,1,27.587527206418,27.3988439306358,0.0,censor,10.7041095890411,-0.35792494682357
MrOS,73,1,0,0,1,32.5427292987853,9.38931297709924,0.0,censor,10.5287671232877,-0.21380819389739
MrOS,73,1,0,0,1,28.6366508034407,25.0,0.0,dementia,11.8109589041096,0.1998253850086
MrOS,74,1,0,0,1,27.3363336611982,15.0898203592814,0.0,censor,10.3671232876712,-0.0042387085594299
MrOS,74,1,0,0,1,32.3746393262838,27.375,0.0,censor,10.0301369863014,0.15984699747512
MrOS,70,1,0,0,1,36.4457739385245,7.47720364741641,0.0,censor,10.586301369863,0.36390210694136
MrOS,73,1,0,0,1,25.1251124262228,45.5614973262032,0.0,censor,11.186301369863,-0.20150971774745
MrOS,70,1,0,0,1,25.7857614207225,51.1764705882353,0.0,censor,10.3342465753425,-0.462849902307519
MrOS,74,1,0,0,1,31.3813850331191,7.53768844221105,0.0,censor,9.92876712328767,-0.86231187904863
MrOS,71,1,0,0,1,23.7664824269144,1.37254901960784,0.0,censor,10.7041095890411,0.3258169875334
MrOS,75,1,0,0,1,27.1277928218326,7.3972602739726,0.0,censor,10.7369863013699,-1.06835002540824
MrOS,73,1,0,0,1,24.9639200629165,23.7606837606838,0.0,censor,11.1972602739726,-0.681571229417059
MrOS,74,1,0,0,1,25.3723683375909,27.0135746606335,0.0,censor,11.6794520547945,-0.590126283984161
MrOS,69,1,0,0,1,31.2618847683123,11.3312693498452,0.0,censor,10.8301369863014,0.18511229222395
MrOS,83,1,0,0,1,31.6251966668609,50.6435643564356,0.0,dementia,0.536986301369863,-0.3978862135185
MrOS,77,1,0,0,1,26.389396091278,4.63917525773196,0.0,censor,11.4219178082192,-0.25897584814951
MrOS,72,1,0,0,1,34.2659084793603,36.8789808917197,0.0,death,10.1205479452055,0.486135773481909
MrOS,72,1,0,0,1,26.956022929263,13.5338345864662,0.0,censor,10.9369863013699,0.13992044661137
MrOS,79,1,0,0,1,30.4118903811322,14.0700808625337,0.0,censor,10.3397260273973,-0.64291487426927
MrOS,83,1,0,0,1,23.9095881882201,1.79401993355482,0.0,dementia,1.11506849315068,-0.10304040929837
MrOS,82,1,0,0,1,34.5887274577421,54.0875912408759,0.0,death,9.55342465753425,-0.72799061618887
MrOS,82,1,0,0,1,30.2736802761456,24.0284360189573,0.0,death,4.74794520547945,-0.525859642075559
MrOS,69,1,0,0,1,26.4560314002005,24.0601503759398,0.0,censor,9.84383561643836,0.668500152325031
MrOS,74,1,0,0,1,37.3659705222361,47.6129032258064,0.0,death,5.4958904109589,-1.16804131217005
MrOS,79,1,0,0,1,30.9918452292467,7.04453441295547,0.0,death,8.13150684931507,-1.05694859989912
MrOS,73,1,0,0,1,33.0232274352601,15.5675675675676,0.0,death,6.33698630136986,0.0859151382550294
MrOS,78,1,0,0,1,25.2866584882933,9.9375,0.0,death,4.98082191780822,0.18148784572881
MrOS,76,1,0,0,1,28.3617614960003,1.09422492401216,0.0,death,3.68219178082192,-0.71556322972873
MrOS,80,1,0,0,1,22.840924261303,21.3880126182965,0.0,censor,9.84109589041096,-0.93296757378645
MrOS,84,1,0,0,1,23.2008755329002,11.3265306122449,0.0,censor,10.0876712328767,-0.63937544340446
MrOS,78,1,0,0,1,29.5871143362992,7.54966887417219,0.0,censor,9.71780821917808,-0.143126486216831
MrOS,79,1,0,0,1,30.8034917423862,9.51724137931034,1.0,dementia,10.9123287671233,-0.772242905733439
MrOS,79,1,0,0,1,33.1986393958928,0.392156862745098,0.0,dementia,3.29315068493151,0.0108001945668804
MrOS,78,1,0,0,1,32.3798638923642,24.8951048951049,0.0,death,3.82191780821918,0.134405259232609
MrOS,76,1,0,0,1,28.3912731264219,12.9639889196676,0.0,death,9.19452054794521,0.0626729988544596
MrOS,79,1,0,0,1,25.9886256565919,9.11602209944751,0.0,dementia,0.904109589041096,-0.80355676906765
MrOS,77,1,0,0,1,24.7727818961316,5.75342465753425,0.0,death,11.1890410958904,-0.3226308393363
MrOS,70,1,0,0,1,34.2762148775911,29.7574123989218,0.0,censor,10.2383561643836,0.48682152732603
MrOS,81,1,0,0,1,25.1869342778434,17.0704225352113,0.0,death,9.75068493150685,-0.54315426182991
MrOS,71,1,0,0,1,22.7994430230184,11.5051546391753,0.0,death,10.4328767123288,-0.17136634289607
MrOS,71,1,0,0,1,26.2735215967053,0.830449826989619,0.0,censor,10.1397260273973,-0.0720870042536603
MrOS,70,1,0,0,1,30.0080904494139,8.30097087378641,0.0,censor,11.2904109589041,0.0561223272138093
MrOS,80,1,0,0,1,22.7198356587657,27.2238805970149,0.0,death,4.3972602739726,-0.04049957923812
MrOS,74,1,0,0,1,25.3194802926507,15.886524822695,1.0,censor,10.0547945205479,-0.0395737269341694
MrOS,78,1,0,0,1,34.0359195664032,7.26708074534162,1.0,dementia,10.6849315068493,0.409896797913051
MrOS,82,1,0,0,1,25.2989403609105,14.8787061994609,0.0,death,7.74246575342466,-0.95073763525093
MrOS,80,1,0,0,1,24.6067426406672,30.9192200557103,0.0,death,7.96986301369863,-0.567950682542229
MrOS,79,1,0,0,1,23.1739357696975,17.5415282392027,0.0,censor,10.2465753424658,-0.47171869269167
MrOS,73,1,0,0,1,31.7988119834711,9.19220055710306,0.0,censor,3.5972602739726,-1.42918747483775
MrOS,71,1,0,0,1,25.6214166732431,4.53400503778338,1.0,death,9.33972602739726,0.15490509698417
MrOS,77,1,0,0,1,28.0581365249767,10.2717391304348,1.0,censor,10.9561643835616,-0.2374497964714
MrOS,70,1,0,0,1,29.4707077527282,15.1419558359621,0.0,death,1.43287671232877,0.38260188603129
MrOS,68,1,0,0,1,26.5531444093184,12.0689655172414,0.0,censor,11.0712328767123,-0.24072910628404
MrOS,80,1,0,0,1,30.3214041238766,23.3505154639175,0.0,death,3.7041095890411,0.15718878278541
MrOS,83,1,0,0,1,27.5133799046627,9.54545454545454,0.0,censor,6.16712328767123,0.0219059706213798
MrOS,78,1,0,0,1,24.8900148036947,9.11392405063291,0.0,censor,3.02739726027397,-0.38747499275791
MrOS,70,1,0,0,1,28.0075931697038,15.3760445682451,0.0,censor,10.6849315068493,-0.45622409882906
MrOS,76,1,0,0,1,33.7845974120863,21.3861386138614,0.0,censor,10.972602739726,-0.26304691182323
MrOS,82,1,0,0,1,29.4704354699085,45.8653846153846,0.0,death,2.67671232876712,-0.0849837367293205
MrOS,71,1,0,0,1,28.8384634071153,21.1965811965812,0.0,death,7.93972602739726,0.22616859866266
MrOS,79,1,0,0,1,25.239504364363,6.22406639004149,0.0,dementia,5.0986301369863,-0.35589872986849
MrOS,80,1,0,0,1,29.8506164764577,54.4086021505376,0.0,censor,10.7753424657534,-0.98711590401048
MrOS,78,1,0,0,1,24.0146418782943,14.6062052505967,0.0,death,3.87671232876712,-0.713829692807791
MrOS,74,1,0,0,1,24.2893460272972,31.2,1.0,censor,10.2027397260274,0.0543088014403097
MrOS,76,1,0,0,1,29.1913566495879,8.04123711340206,0.0,censor,9.63561643835616,0.84069066523176
MrOS,73,1,0,0,1,24.553028966263,2.03883495145631,0.0,censor,11.2767123287671,0.673040083531799
MrOS,81,1,0,0,1,21.0038228339388,28.6538461538462,0.0,death,6.41095890410959,-0.610063709407029
MrOS,72,1,0,0,1,30.4091798227942,13.6633663366337,0.0,censor,10.0328767123288,-0.10828917209728
MrOS,78,1,0,0,1,30.8707006506552,6.92307692307692,0.0,censor,10.6986301369863,-0.403346026054101
MrOS,76,1,0,0,1,33.5212411357563,2.16867469879518,0.0,censor,10.3150684931507,0.2026588872095
MrOS,68,1,0,0,1,24.3455990580466,7.51918158567775,1.0,censor,11.5452054794521,-0.2989508921479
MrOS,72,1,0,0,1,26.7299274950717,5.50143266475645,0.0,censor,11.1424657534247,0.641457788268811
MrOS,83,1,0,0,1,35.4752988100391,19.8181818181818,0.0,death,8.9041095890411,-0.91366861177345
MrOS,69,1,0,0,1,32.9163828591112,17.5182481751825,0.0,dementia,10.9095890410959,0.3361292766407
MrOS,68,1,0,0,1,28.0362419475821,8.7,1.0,censor,10.813698630137,0.742138264424089
MrOS,76,1,0,0,1,30.9172848216726,14.8026315789474,1.0,censor,11.241095890411,0.20566001654559
MrOS,78,1,0,0,1,24.441802087462,2.85714285714286,0.0,censor,9.37808219178082,0.4915235077246
MrOS,68,1,0,0,1,26.9012469052258,4.01215805471125,0.0,censor,10.0821917808219,0.84978658326791
MrOS,78,1,0,0,1,29.7013341270541,3.52,0.0,censor,3.64931506849315,-0.985238824150819
MrOS,73,1,0,0,1,26.0535775268462,1.14558472553699,0.0,death,10.986301369863,0.56703257773077
MrOS,80,1,0,0,1,26.0107015457788,3.46153846153846,0.0,dementia,3.64109589041096,-1.0002276878552
MrOS,84,1,0,0,1,27.34375,5.8695652173913,0.0,censor,9.77534246575343,0.32927849299991
MrOS,74,1,0,0,1,28.0806984989979,8.80434782608696,1.0,death,3.38630136986301,-0.47750748839503
MrOS,82,1,0,0,1,25.2097126432724,16.1029411764706,0.0,censor,10.4931506849315,-0.03777989077998
MrOS,75,1,0,0,1,30.6355584141462,3.26086956521739,0.0,censor,3.43013698630137,0.53808969389622
MrOS,82,1,0,0,1,32.5475142853074,8.48329048843188,0.0,censor,10.6986301369863,-0.699327874309991
MrOS,80,1,0,0,1,30.8135914011118,17.2972972972973,0.0,censor,10.2602739726027,-0.17329066750608
MrOS,71,1,0,0,1,45.4346944810555,10.989010989011,0.0,death,7.25205479452055,0.67426337927449
MrOS,75,1,0,0,1,28.4210212063012,16.0248447204969,0.0,censor,10.3561643835616,-0.47365605337688
MrOS,74,1,0,0,1,23.2179930795848,14.321608040201,0.0,censor,10.7561643835616,-0.57855178712142
MrOS,76,1,0,0,1,31.3398877557838,45.0,0.0,censor,10.372602739726,-0.0295400870254198
MrOS,73,1,0,0,1,25.9111095233378,2.67857142857143,0.0,death,4.90684931506849,0.111098617245349
MrOS,73,1,0,0,1,37.9853284954614,2.65486725663717,0.0,censor,10.5178082191781,1.03110297581657
MrOS,85,1,0,0,1,32.8873577952251,6.26865671641791,0.0,death,9.92054794520548,-0.30409056002996
MrOS,83,1,0,0,1,30.9968435007501,43.3628318584071,1.0,death,3.4027397260274,-0.3489344375169
MrOS,70,1,0,0,1,27.6917762561575,11.4285714285714,0.0,censor,10.4712328767123,-0.2590014885169
MrOS,80,1,0,0,1,26.6745656465713,16.5,0.0,death,8.90958904109589,-1.05884236897541
MrOS,72,1,0,0,1,28.1276602260769,0.914634146341463,1.0,censor,4.37260273972603,0.36915971110232
MrOS,79,1,0,0,1,35.782820769985,5.89147286821705,0.0,censor,10.7260273972603,-0.29800198634441
MrOS,78,1,0,0,1,28.5442476094828,28.5117493472585,0.0,death,11.0986301369863,0.18555974607479
MrOS,73,1,0,0,1,30.9506110371911,12.4242424242424,0.0,censor,10.8356164383562,0.852010536654009
MrOS,80,1,0,0,1,28.8665042269747,20.3164556962025,0.0,censor,4.02191780821918,-0.0145153978080799
MrOS,75,1,0,0,1,45.4050805620616,73.6526946107784,1.0,death,3.24931506849315,-0.68434930804123
MrOS,84,1,0,0,1,22.757873990587,1.23569794050343,0.0,censor,11.7178082191781,0.216625071676199
MrOS,72,1,0,0,1,23.8400732881354,26.4102564102564,0.0,censor,10.8328767123288,-0.0307388891362194
MrOS,77,1,0,0,1,27.2163851963554,22.8571428571429,0.0,death,4.63561643835616,-0.32103501608584
MrOS,77,1,0,0,1,26.9443200193634,3.22147651006711,0.0,censor,11.4027397260274,-0.60523810451119
MrOS,84,1,0,0,1,34.0388049445694,55.3012048192771,1.0,death,3.1013698630137,-0.49150324908935
MrOS,76,1,0,0,1,27.9739909563117,70.4242424242424,0.0,censor,11.4054794520548,0.14497730620824
MrOS,71,1,0,0,1,20.87585373285,2.24669603524229,0.0,censor,11.3013698630137,-0.50539767932722
MrOS,73,1,0,0,1,26.579852606306,12.9139072847682,0.0,censor,11.4054794520548,-0.0401554110380602
MrOS,78,1,0,0,1,25.5244344999784,3.94736842105263,0.0,censor,10.758904109589,-0.0115797301392504
MrOS,70,1,0,0,1,32.0981508755317,9.88636363636364,0.0,death,8.66849315068493,-0.74253185924955
MrOS,76,1,0,0,1,32.2830890071824,40.8571428571428,0.0,death,8.88219178082192,-0.86347929900455
MrOS,71,1,0,0,1,21.0416798885205,0.878048780487805,1.0,censor,10.3260273972603,0.42955974769763
MrOS,72,1,0,0,1,28.7396455975262,11.1038961038961,1.0,censor,10.0876712328767,-0.55725513351896
MrOS,77,1,0,0,1,27.3475460307359,15.6287425149701,0.0,death,7.91232876712329,-0.6575316945906
MrOS,78,1,0,0,1,26.9039083764557,6.97674418604651,0.0,death,10.427397260274,0.416357769006309
MrOS,69,1,0,0,1,27.6342975206612,21.3,0.0,dementia,11.3945205479452,0.2584173938825
MrOS,87,1,0,0,1,20.4904036609521,1.22448979591837,0.0,dementia,4.09315068493151,-1.05431714124165
MrOS,81,1,0,0,1,33.047067804385,31.4828897338403,0.0,death,7.33150684931507,0.12404558888792
MrOS,68,1,0,0,1,25.4867357015998,4.4,1.0,death,6.6958904109589,-0.27457450983686
MrOS,79,1,0,0,1,28.8881297336782,15.0717703349282,1.0,dementia,3.97808219178082,0.0584965678149601
MrOS,77,1,0,0,1,31.4537852154977,8.71194379391101,0.0,censor,10.1917808219178,0.564363472369089
MrOS,69,1,0,0,1,31.2794838885158,7.30769230769231,0.0,censor,10.8602739726027,-1.0629935235657
MrOS,77,1,0,0,1,25.6361946003379,18.75,1.0,death,11.7095890410959,-0.18852814787903
MrOS,77,1,0,0,1,23.3616710403052,14.2647058823529,0.0,death,5.56986301369863,0.128260789177109
MrOS,80,1,0,0,1,25.1532746018439,28.6666666666667,1.0,censor,11.6438356164384,-0.831834025676331
MrOS,85,1,0,0,1,32.1992057529248,31.9770773638968,0.0,censor,9.76438356164384,-0.228074475950049
MrOS,83,1,0,0,1,26.1020529568163,5.97701149425287,0.0,dementia,6.05205479452055,-0.20027002168778
MrOS,77,1,0,0,1,30.2000368542823,27.3417721518987,0.0,censor,10.5917808219178,-0.45317721348564
MrOS,79,1,0,0,1,33.8009001790932,1.8961625282167,0.0,dementia,3.71506849315068,-0.1951873015104
MrOS,73,1,0,0,1,30.7746295872655,18.7155963302752,0.0,death,8.32876712328767,-0.718742286197509
MrOS,69,1,0,0,1,29.3987681375069,8.20143884892086,0.0,censor,11.4904109589041,-0.24154777220009
MrOS,73,1,0,0,1,26.1861456906969,45.4625550660793,0.0,censor,10.4575342465753,-0.0221918023531302
MrOS,76,1,0,0,1,22.0893570892619,2.40963855421687,0.0,dementia,6.95616438356164,-0.172640771132269
MrOS,82,1,0,0,1,21.9593991458831,46.9158878504673,0.0,death,10.8493150684932,-0.61527449019429
MrOS,74,1,0,0,1,29.4707077527282,14.0853658536585,0.0,censor,10.6493150684932,-0.74877662176681
MrOS,79,1,0,0,1,25.6985742040717,18.5643564356436,0.0,censor,11.6849315068493,0.0803828135607901
MrOS,75,1,0,0,1,30.5632884964114,8.85608856088561,0.0,death,10.8931506849315,0.0104583809274999
MrOS,83,1,0,0,1,24.582958907696,8.67692307692308,0.0,death,5.9972602739726,-0.846365680275019
MrOS,75,1,0,0,1,33.4810507862742,54.4615384615385,0.0,censor,10.8520547945205,-0.96109671382421
MrOS,74,1,0,0,1,33.6844487994694,31.35,1.0,censor,10.5671232876712,-0.31610248473264
MrOS,83,1,0,0,1,24.0673799648486,37.9676674364896,0.0,death,9.71506849315069,-1.11699385833177
MrOS,75,1,0,0,1,32.7088077779698,18.356940509915,0.0,censor,10.8986301369863,-0.315929833950091
MrOS,69,1,0,0,1,30.9851754550572,48.4403669724771,1.0,censor,11.3561643835616,-0.29231930132683
MrOS,73,1,0,0,1,32.5791587901701,3.08108108108108,0.0,censor,10.9315068493151,-0.317601283261099
MrOS,73,1,0,0,1,28.3744615412876,2.54364089775561,0.0,dementia,1.15616438356164,0.67853125607798
MrOS,82,1,0,0,1,24.7114025665668,10.9401709401709,0.0,dementia,4.02465753424658,0.0627070243716204
MrOS,71,1,0,0,1,30.3774189046067,0.387096774193548,1.0,death,11.5315068493151,1.17835583659854
MrOS,81,1,0,0,1,27.6845017692794,13.7625754527163,0.0,death,8.55616438356164,-0.96737219922379
MrOS,70,1,0,0,1,33.603535784821,7.27272727272727,0.0,censor,11.0109589041096,-0.0476311758898802
MrOS,82,1,0,0,1,22.0512046677732,6.82634730538922,0.0,death,11.6383561643836,-1.22541557935388
MrOS,78,1,0,0,1,39.9572864147337,55.8778625954198,0.0,death,9.34520547945205,-0.264192827412521
MrOS,77,1,0,0,1,22.5665882881654,7.76699029126214,0.0,censor,9.72602739726027,-0.62832686856697
MrOS,76,1,0,0,1,24.8225522950798,9.84802431610942,0.0,dementia,10.6465753424658,0.340833253415551
MrOS,80,1,0,0,1,27.3811467573418,7.82608695652174,0.0,censor,10.5260273972603,0.356818655174
MrOS,70,1,0,0,1,26.0424644186768,1.96261682242991,0.0,censor,10.3424657534247,-0.0811324420527498
MrOS,73,1,0,0,1,27.3217216564262,1.09489051094891,0.0,death,8.41643835616438,-0.0585494007137399
MrOS,85,1,0,0,1,26.162571871679,33.9310344827586,0.0,dementia,4.3041095890411,-0.95336742036797
MrOS,80,1,0,0,1,33.5911426874962,44.9019607843137,0.0,death,6.94246575342466,-0.52043994285107
MrOS,71,1,0,0,1,25.8967668314068,6.48148148148148,0.0,censor,10.8109589041096,0.315913573619621
MrOS,86,1,0,0,1,27.6934452432556,24.901185770751,0.0,death,10.0054794520548,-0.1719179800612
MrOS,70,1,0,0,1,37.0569819552578,1.49171270718232,1.0,death,3.15890410958904,-1.14875282700026
MrOS,70,1,0,0,1,31.5814716323446,9.9,0.0,censor,10.5534246575342,0.21790292178767
MrOS,74,1,0,0,1,33.7261848456738,9.12280701754386,0.0,censor,10.7369863013699,0.287821992999901
MrOS,77,1,0,0,1,31.060178353677,9.41176470588235,0.0,censor,10.2219178082192,-0.74556425658311
MrOS,71,1,0,0,1,29.2304421768708,12.1603563474388,0.0,censor,11.2657534246575,0.112063210922329
MrOS,71,1,0,0,1,27.7747888482844,18.7596899224806,0.0,censor,1.41917808219178,0.195914449199699
MrOS,77,1,0,0,1,30.5481165553572,15.6769596199525,0.0,censor,10.2630136986301,-0.20173459452614
MrOS,70,1,0,0,1,25.3287516808604,21.875,0.0,censor,11.613698630137,-0.2436034106909
MrOS,72,1,0,0,1,27.6842715563539,60.1823708206687,0.0,censor,9.7013698630137,-0.0929511567412007
MrOS,75,1,0,0,1,27.2782736188542,8.11594202898551,1.0,death,10.8547945205479,-0.263981272928891
MrOS,79,1,0,0,1,29.154456817092,14.2622950819672,0.0,death,10.4684931506849,-0.47124501398652
MrOS,77,1,0,0,1,25.7491133810444,12.4897959183673,0.0,censor,10.627397260274,-0.331338259257799
MrOS,72,1,0,0,1,28.522530479181,5.42372881355932,0.0,censor,11.213698630137,0.22860316179832
MrOS,76,1,0,0,1,36.8117869638485,21.8823529411765,1.0,censor,4.31232876712329,-0.0906909909368395
MrOS,90,1,0,0,1,28.4014087440923,18.4049079754601,0.0,death,2.58904109589041,-0.0024205589798199
MrOS,77,1,0,0,1,29.6305241360186,13.7634408602151,0.0,dementia,1.73150684931507,-1.39673712427059
MrOS,81,1,0,0,1,25.4717885875646,5.9016393442623,1.0,death,9.66849315068493,0.0686417099881098
MrOS,80,1,0,0,1,30.9529042622815,13.1623931623932,0.0,censor,11.0630136986301,-0.51379254612863
MrOS,84,1,0,0,1,35.6705961990998,34.2372881355932,0.0,death,5.49315068493151,0.24610610170549
MrOS,69,1,0,0,1,25.6432710486772,10.4738154613466,0.0,censor,9.7013698630137,-0.31621998703032
MrOS,81,1,0,0,1,22.0968184949343,2.28813559322034,1.0,dementia,4.32328767123288,-0.0643527648591302
MrOS,79,1,0,0,1,29.9039183500531,35.6338028169014,0.0,censor,10.9342465753425,-0.43437846578536
MrOS,84,1,0,0,1,28.2083783242149,31.0,0.0,censor,11.0547945205479,-0.338339031357719
MrOS,68,1,0,0,1,31.3033903664726,7.81990521327014,1.0,censor,11.386301369863,-0.33665952417003
MrOS,78,1,0,0,1,36.8094717055242,11.0204081632653,0.0,death,8.42465753424658,0.69549929325664
MrOS,76,1,0,0,1,24.2106789580164,8.37209302325581,0.0,censor,4.27671232876712,-0.25478893773153
MrOS,72,1,0,0,1,29.3424688760241,9.55223880597015,0.0,censor,10.7835616438356,-0.4256566262048
MrOS,70,1,0,0,1,26.8166089965398,6.53465346534653,0.0,censor,11.4739726027397,-0.0332382889764702
MrOS,85,1,0,0,1,33.3340100941567,57.125748502994,0.0,death,7.72876712328767,-1.41684526742383
MrOS,78,1,0,0,1,25.3472008560021,5.83892617449664,0.0,censor,3.83835616438356,0.0598274145699605
MrOS,75,1,0,0,1,29.3877551020408,5.55555555555556,0.0,dementia,1.53698630136986,0.56922679763679
MrOS,69,1,0,0,1,28.6609417399983,20.188679245283,1.0,censor,11.6794520547945,-0.51479775726576
MrOS,87,1,0,0,1,28.1436983237311,34.6095717884131,1.0,death,12.0465753424658,0.0535226779836705
MrOS,75,1,0,0,1,33.7014477711263,7.25925925925926,0.0,censor,10.0328767123288,-0.0456157166503701
MrOS,78,1,0,0,1,27.2317305930289,23.5185185185185,1.0,dementia,3.56712328767123,0.27820898014018
MrOS,69,1,0,0,1,26.5655247874758,7.36111111111111,0.0,censor,10.8712328767123,-0.357143412944519
MrOS,77,1,0,0,1,27.3558299039781,8.88888888888889,0.0,censor,9.95342465753425,0.3977863471269
MrOS,82,1,0,0,1,26.3296103077623,37.5854214123007,0.0,censor,10.7643835616438,-0.0764683149471395
MrOS,84,1,0,0,1,26.024032127666,5.30612244897959,0.0,dementia,3.97808219178082,-0.94952510901405
MrOS,69,1,0,0,1,33.7848499696867,24.8847926267281,0.0,censor,11.5561643835616,0.49397919499347
MrOS,77,1,0,0,1,31.0171796882659,0.821917808219178,0.0,dementia,4.25479452054795,0.101197132455719
MrOS,77,1,0,0,1,24.3543562097561,2.74932614555256,0.0,censor,9.5945205479452,0.11497669039845
MrOS,76,1,0,0,1,25.8242260007807,6.13259668508287,1.0,censor,10.2,-0.0694476352890206
MrOS,90,1,0,0,1,30.2567258386817,0.246913580246914,0.0,dementia,6.12876712328767,-0.0850157389442799
MrOS,72,1,0,0,1,29.555012345375,26.0162601626016,0.0,censor,9.93150684931507,0.8310494365631
MrOS,72,1,0,0,1,26.9313116895358,12.5581395348837,1.0,censor,9.8958904109589,0.0969496671929505
MrOS,80,1,0,0,1,26.359637331006,34.1732283464567,0.0,death,8.14246575342466,0.361286265430419
MrOS,77,1,0,0,1,29.3595220269814,25.9657701711491,0.0,censor,11.5068493150685,-1.36107557953985
MrOS,74,1,0,0,1,32.7645233145962,71.1219512195122,0.0,dementia,3.87123287671233,0.446513518530899
MrOS,69,1,0,0,1,32.4961372475891,19.875,0.0,censor,10.186301369863,0.0259579610627796
MrOS,82,1,0,0,1,32.5326734213525,25.0406504065041,1.0,death,8.15616438356164,0.35587094529771
MrOS,75,1,0,0,1,30.4957500013862,24.9805447470817,0.0,dementia,1.22739726027397,-0.40109543366447
MrOS,75,1,0,0,1,25.2956346220702,18.9855072463768,0.0,censor,10.227397260274,-0.185879764074799
MrOS,77,1,0,0,1,24.4943185030245,22.9722921914358,0.0,death,9.6027397260274,-0.49562674614384
MrOS,86,1,0,0,1,24.94549496572,12.9562982005141,0.0,death,9.39178082191781,-0.31417769177914
MrOS,84,1,0,0,1,25.8416808724806,12.5735294117647,1.0,censor,6.26849315068493,-0.78083926081768
MrOS,72,1,0,0,1,28.9360768175583,4.06153846153846,0.0,censor,10.1698630136986,0.42924458836265
MrOS,87,1,0,0,1,21.7253388492014,24.223602484472,0.0,death,7.78630136986301,-0.24281221554515
MrOS,77,1,0,0,1,25.8310095274116,30.5,0.0,death,7.62465753424657,-0.379058914593379
MrOS,80,1,0,0,1,29.5081955414556,55.4854368932039,0.0,death,12.0493150684932,-1.20279710444062
MrOS,72,1,0,0,1,21.3688466111772,15.3370786516854,0.0,dementia,10.8493150684932,-1.19675243049429
MrOS,82,1,0,0,1,24.7562227981808,4.08759124087591,1.0,dementia,6.9041095890411,-0.41190419614684
MrOS,74,1,0,0,1,28.1374412302503,8.98305084745763,0.0,censor,11.1068493150685,-0.19377186745524
MrOS,72,1,0,0,1,25.5340003057713,5.52058111380145,0.0,death,10.3780821917808,-0.90756360345676
MrOS,80,1,0,0,1,28.3157987285893,20.6962025316456,0.0,censor,12.0465753424658,-0.73339087422556
MrOS,69,1,0,0,1,27.6794858401572,13.6363636363636,0.0,censor,9.86027397260274,0.20434190200404
MrOS,72,1,0,1,0,27.2493063812921,18.5224274406332,0.0,censor,10.5397260273973,-0.180511174419431
MrOS,82,1,0,0,1,30.174793741429,3.65853658536585,0.0,death,2.90684931506849,-0.0753311360374198
MrOS,80,1,0,0,1,24.0456521306133,4.0625,0.0,censor,9.62739726027397,-0.18878432233748
MrOS,81,1,0,0,1,26.4597963298155,41.865671641791,0.0,dementia,1.2,0.260463809648139
MrOS,75,1,0,0,1,23.9459662592795,2.36111111111111,0.0,dementia,10.3890410958904,-0.44497217801915
MrOS,69,1,0,0,0,28.4681936505525,9.40874035989717,0.0,censor,10.5013698630137,0.14875686754431
MrOS,69,1,0,0,1,23.9925777151342,0.164835164835165,0.0,censor,9.7041095890411,0.33612988822334
MrOS,81,1,0,0,1,24.9467393336359,16.8181818181818,0.0,censor,11.5260273972603,-0.90867869417477
MrOS,72,1,0,0,1,39.6000787715139,7.19298245614035,0.0,death,1.81643835616438,-0.43064055451279
MrOS,77,1,0,0,1,33.8315903543473,13.7979094076655,0.0,censor,10.986301369863,-0.49063794136526
MrOS,72,1,0,0,1,26.4668904132649,9.82758620689655,0.0,censor,10.4931506849315,0.255791184740541
MrOS,74,1,0,0,1,22.0104692609934,4.94845360824742,0.0,censor,10.3342465753425,0.0103588945995995
MrOS,80,1,0,0,1,31.4717972966973,16.8181818181818,1.0,censor,10.6602739726027,0.0671440516349506
MrOS,71,1,0,0,1,28.8964870863247,0.371517027863777,1.0,death,7.88219178082192,0.40009358942413
MrOS,75,1,1,0,0,26.7009101663805,22.0612813370474,0.0,censor,10.4301369863014,0.100110217438539
MrOS,70,1,1,0,0,28.79883611397,8.59375,0.0,dementia,10.2821917808219,0.34562143617091
MrOS,69,1,0,0,1,22.3990232647455,0.0,0.0,censor,10.9178082191781,-0.1027452514429
MrOS,81,1,0,0,1,32.5457016592056,16.0975609756098,0.0,death,8.28219178082192,0.27537512011757
MrOS,75,1,0,0,1,20.7011139609715,0.808625336927224,1.0,dementia,6.47123287671233,-1.68965814853714
MrOS,72,1,0,0,1,25.5038077492244,13.2773109243697,0.0,censor,10.5150684931507,-0.36327761863168
MrOS,82,1,0,0,1,24.3663970005136,28.5856079404466,0.0,death,8.15616438356164,-1.10179522993227
MrOS,82,1,0,0,1,24.1420511053465,1.74142480211082,0.0,censor,10.5397260273973,-0.66532811547918
MrOS,73,1,0,0,1,31.1050346326283,46.2533692722372,1.0,dementia,3.15342465753425,-0.64874747706962
MrOS,73,1,0,0,1,21.8991671624033,1.125,1.0,censor,9.84657534246575,0.329720294759861
MrOS,69,1,0,0,1,27.7595149390021,1.44144144144144,0.0,censor,10.4109589041096,-0.61856907532408
MrOS,73,1,0,0,1,28.6348065747838,3.05084745762712,0.0,censor,10.4109589041096,-0.11706685781717
MrOS,76,1,0,0,1,29.3302713841774,6.28571428571429,0.0,censor,10.3369863013699,-0.635581664829471
MrOS,69,1,0,0,1,25.6884943035053,2.30179028132992,0.0,dementia,10.4,-0.32398467834181
MrOS,73,1,0,0,1,35.8254452503417,11.6267942583732,0.0,death,8.94246575342466,-1.24370182980914
MrOS,82,1,0,0,1,24.8579545454545,1.37254901960784,0.0,death,4.20547945205479,0.0698891241620501
MrOS,70,1,0,0,1,21.8314443117239,0.681818181818182,0.0,censor,9.55616438356164,-0.34804352409779
MrOS,84,1,0,0,1,24.7062470511496,13.3548387096774,0.0,dementia,3.11780821917808,-0.71581931490355
MrOS,75,1,0,0,1,23.321011906945,2.13698630136986,0.0,death,9.06575342465753,0.0589782068982103
MrOS,93,1,0,0,1,18.4772158828229,17.1119133574007,0.0,death,6.32054794520548,-1.27784060269195
MrOS,80,1,0,0,1,31.116587532929,3.30143540669856,0.0,censor,3.14794520547945,0.23896171918679
MrOS,91,1,0,0,1,26.8591625185522,0.58252427184466,0.0,death,1.87397260273973,-0.45606412067005
MrOS,77,1,0,0,1,22.2423342574973,3.57954545454545,0.0,censor,10.4191780821918,0.720896244026299
MrOS,73,1,0,0,1,34.6015858825529,10.3508771929825,0.0,censor,10.4465753424658,-0.793533437190589
MrOS,69,1,0,0,1,23.0370523589454,9.69230769230769,0.0,censor,10.3479452054795,-0.15389940331934
MrOS,73,1,0,0,1,25.343468437513,6.41711229946524,0.0,death,7.75890410958904,0.0125119131553006
MrOS,80,1,0,0,0,38.5468752640334,47.3006134969325,0.0,death,4.66027397260274,0.15406567360193
MrOS,76,1,0,0,1,31.6472337047207,0.743801652892562,0.0,dementia,1.20547945205479,-0.176821180823571
MrOS,71,1,0,0,1,21.424226505609,10.1960784313725,0.0,dementia,3.13150684931507,-0.54426269099262
MrOS,77,1,0,0,1,29.1732982108501,0.954907161803714,0.0,censor,6.8958904109589,0.0425581479810205
MrOS,77,1,0,0,1,22.3156515791069,11.8518518518519,0.0,censor,10.4109589041096,-1.53925760142506
MrOS,96,1,0,0,1,25.8933862258653,0.441176470588235,0.0,dementia,1.32876712328767,-0.52711975558974
MrOS,70,1,0,0,1,26.7667182502774,5.01547987616099,0.0,censor,10.4356164383562,-0.11299574202246
MrOS,80,1,0,0,1,19.8389528472467,0.420560747663551,0.0,dementia,1.08767123287671,0.27543037512085
MrOS,83,1,0,0,1,27.6854706916017,62.6332288401254,0.0,dementia,1.11780821917808,-2.72951414903662
MrOS,77,1,0,0,1,28.4157903665277,10.1278772378517,0.0,censor,9.97260273972603,-0.11389985101081
MrOS,82,1,0,0,1,26.2311977274179,10.9511568123393,0.0,death,11.5534246575342,-1.34973207613066
MrOS,79,1,0,0,1,24.7308217430379,10.1259445843829,0.0,censor,9.92602739726027,-0.0847495163855797
MrOS,77,1,0,0,0,22.9222162755062,4.88222698072805,0.0,death,10.3424657534247,0.39150470460925
MrOS,85,1,0,0,1,22.9996287611789,2.03966005665722,0.0,death,5.64383561643836,-0.12811499451946
MrOS,81,1,0,0,1,31.3779891663364,1.46341463414634,0.0,censor,3.15616438356164,-0.56338447482716
MrOS,76,1,0,0,1,27.0770236282045,5.02793296089385,1.0,death,1.65753424657534,-0.0522933546838004
MrOS,71,1,0,0,1,26.9629434003392,5.13447432762836,0.0,censor,10.158904109589,-0.583282256848121
MrOS,71,1,0,0,1,24.7550441073227,3.77483443708609,0.0,censor,10.4328767123288,0.1601599896241
MrOS,79,1,0,0,1,27.2844902933499,15.304347826087,0.0,censor,10.4712328767123,-0.814073565193919
MrOS,80,1,0,0,1,27.9616901347935,31.7647058823529,0.0,censor,10.4904109589041,-0.860626996396709
MrOS,86,1,0,0,1,27.3180879763697,8.27027027027027,0.0,dementia,7.31506849315068,-0.64597963617436
MrOS,74,1,0,0,1,31.0640150965307,8.78453038674033,0.0,censor,10.0493150684932,0.0327640660376403
MrOS,70,1,0,0,1,24.1458343816411,3.6272040302267,0.0,censor,10.4657534246575,-0.279484986559611
MrOS,77,1,0,0,1,23.53725323684,0.149625935162095,0.0,dementia,10.4794520547945,0.573900605673509
MrOS,82,1,0,0,1,25.0264071563787,0.276497695852535,0.0,death,2.4986301369863,0.471926350407129
MrOS,78,1,0,0,1,26.1976831462313,1.89111747851003,0.0,dementia,5.57534246575342,-0.7664564890501
MrOS,75,1,0,0,1,27.0335213394156,8.74680306905371,0.0,censor,10.3972602739726,0.257068120793591
MrOS,72,1,0,0,1,23.4495449857866,1.45896656534954,1.0,censor,10.4383561643836,0.390034857447429
MrOS,85,1,0,0,1,27.2420161253998,13.1750741839763,0.0,censor,10.7835616438356,-0.762858975364141
MrOS,70,1,0,0,1,24.6259215219976,1.88861985472155,0.0,censor,10.558904109589,-0.50911396135127
MrOS,87,1,0,0,1,25.3041502532711,1.39130434782609,0.0,censor,10.5890410958904,-0.600001844596539
MrOS,69,1,0,0,1,27.5801631900462,17.3122529644269,0.0,censor,10.558904109589,-0.49276819315801
MrOS,80,1,0,0,1,25.4483357066572,1.16222760290557,0.0,death,8.89315068493151,1.17798549962007
MrOS,77,1,0,0,1,19.9114207616172,9.75609756097561,0.0,death,6.18356164383562,-0.1301817557837
MrOS,75,1,0,0,1,27.7288945353924,9.49290060851927,0.0,censor,10.5095890410959,-0.58010055524948
MrOS,91,1,0,0,1,21.9422622157082,48.086642599278,0.0,dementia,1.20547945205479,-0.240967230679389
MrOS,79,1,0,0,1,26.0267078426687,11.0909090909091,0.0,dementia,3.16986301369863,0.30612748143265
MrOS,77,1,0,0,1,27.934038040634,8.95238095238095,0.0,dementia,11.1424657534247,-0.351667931497261
MrOS,77,1,0,0,1,25.5325916369338,2.14285714285714,0.0,dementia,3.24383561643836,0.72574997150757
MrOS,69,1,0,0,1,23.3425212966991,6.4343163538874,0.0,censor,10.4767123287671,0.27443219942765
MrOS,72,1,0,0,1,25.9205592122059,0.388349514563107,0.0,dementia,3.21095890410959,-0.32940462555467
MrOS,83,1,0,0,1,28.8137205109579,0.1875,0.0,censor,3.21369863013699,-1.08743546149556
MrOS,69,1,0,0,1,20.3399399352205,0.857142857142857,0.0,censor,10.6794520547945,-0.431474233690869
MrOS,74,1,0,0,1,34.4257686260809,17.5296912114014,0.0,censor,10.5972602739726,0.37852198599919
MrOS,80,1,0,0,1,26.694763646011,12.4561403508772,0.0,censor,10.5945205479452,0.0495448097356103
MrOS,82,1,0,0,1,24.1517986637234,0.555555555555556,1.0,dementia,10.7534246575342,0.18467804807451
MrOS,69,1,0,0,1,31.3532562876697,25.4117647058824,0.0,censor,11.1616438356164,0.32838811288284
MrOS,78,1,0,0,1,26.004331774214,30.3260869565217,1.0,censor,10.627397260274,-0.32387338200554
MrOS,71,1,0,0,1,21.9759503386612,14.1554959785523,1.0,dementia,4.04657534246575,0.64357645596585
MrOS,75,1,0,0,1,26.4728410843276,1.06598984771574,0.0,death,5.76438356164384,-0.17253732210531
MrOS,70,1,0,0,1,24.849076575426,15.7894736842105,0.0,censor,10.0109589041096,-0.60177902579689
MrOS,76,1,0,0,0,22.8752035550461,3.17460317460317,0.0,dementia,3.22465753424658,-0.284619618958681
MrOS,88,1,0,0,1,25.0811816392462,0.753768844221106,0.0,death,4.45205479452055,-0.747365410934469
MrOS,79,1,0,0,1,25.291067798222,5.88235294117647,0.0,censor,10.6575342465753,0.0107161866482997
MrOS,75,1,0,0,1,24.8788040384732,23.5555555555556,0.0,censor,10.8109589041096,-0.33219188420962
MrOS,82,1,0,0,1,27.7418854134188,6.58307210031348,0.0,dementia,1.19452054794521,-0.11046113757213
MrOS,84,1,0,0,1,24.0451700256019,16.9465648854962,0.0,dementia,1.20821917808219,-1.23679024715701
MrOS,68,1,0,0,1,25.156757259485,6.73469387755102,0.0,censor,10.6821917808219,-0.71818433472988
MrOS,73,1,0,0,1,28.1689940017312,18.2352941176471,0.0,censor,10.9123287671233,0.10776189150466
MrOS,80,1,0,0,1,24.1399455907028,5.02702702702703,0.0,censor,10.7150684931507,-0.30069223242247
MrOS,69,1,0,0,1,28.0727519512,17.0171149144254,0.0,censor,10.2684931506849,-0.71207733967162
MrOS,82,1,0,0,1,34.3905184748759,3.87596899224806,0.0,death,3.2958904109589,0.29594106786712
MrOS,69,1,0,0,1,32.758469570326,5.20084566596195,0.0,censor,11.4191780821918,-0.0334408087151999
MrOS,69,1,0,0,1,22.8627002945064,3.71967654986523,0.0,censor,10.7123287671233,0.711970455753701
MrOS,77,1,0,0,1,30.6312812874599,1.52542372881356,0.0,censor,10.7424657534247,-0.214072767016771
MrOS,76,1,0,0,1,22.5900720538937,9.83372921615202,1.0,dementia,6.17260273972603,-0.0625920418602306
MrOS,81,1,0,0,1,28.6707663839967,4.32432432432432,0.0,dementia,3.44931506849315,-0.16166604996058
MrOS,83,1,0,0,1,27.2665418214067,19.1911764705882,0.0,death,6.96164383561644,0.0096229426437304
MrOS,79,1,0,0,1,23.2723509203104,5.88785046728972,0.0,censor,10.9616438356164,-0.18586997258129
MrOS,85,1,0,0,1,28.4066997727464,1.32743362831858,0.0,censor,6.5013698630137,-0.72144914756401
MrOS,75,1,0,0,1,24.9795741532952,0.601503759398496,0.0,censor,10.7287671232877,-0.38660522455333
MrOS,75,1,0,0,1,27.2763340607022,0.989010989010989,0.0,death,8.1013698630137,-0.15053336776263
MrOS,79,1,0,0,1,27.9143065209421,2.01219512195122,0.0,censor,10.2465753424658,-0.59592176319216
MrOS,79,1,0,0,1,36.9534571389551,4.73684210526316,1.0,death,4.26027397260274,-0.749389238504109
MrOS,71,1,0,0,1,28.0555555555556,0.491803278688525,0.0,censor,9.94246575342466,0.0083135931356395
MrOS,79,1,0,0,1,29.9325469102113,11.8781725888325,0.0,censor,10.9698630136986,0.24316900256721
MrOS,78,1,0,0,1,20.4840454299621,0.153452685421995,0.0,censor,11.5205479452055,-0.23959623397507
MrOS,80,1,0,0,1,22.8356604926811,1.67701863354037,0.0,censor,10.8767123287671,-0.47326232154531
MrOS,81,1,0,0,1,27.5143224488332,7.28971962616822,0.0,death,9.38630136986301,-0.57966301859783
MrOS,68,1,1,0,0,25.8814452671398,37.0542635658915,0.0,censor,11.1095890410959,-0.25376780477639
MrOS,77,1,0,0,1,24.0264185197494,12.9341317365269,1.0,death,11.6164383561644,-0.28950038540623
MrOS,82,1,1,0,0,24.1683477710534,7.08542713567839,1.0,dementia,1.3013698630137,-0.865397374884959
MrOS,75,1,0,0,1,23.2828013041316,16.0096153846154,1.0,dementia,1.26027397260274,0.30138219926971
MrOS,70,1,0,0,1,30.9088128924858,3.07317073170732,1.0,censor,10.0301369863014,0.5873218482673
MrOS,78,1,0,0,1,27.257451217669,9.46236559139785,0.0,death,5.69315068493151,-0.94312996357051
MrOS,79,1,0,0,1,35.879769231082,58.3561643835616,1.0,dementia,6.18630136986301,0.39070806332371
MrOS,69,1,0,0,1,25.7832107545547,2.14925373134328,0.0,censor,10.8328767123288,0.568509406988061
MrOS,74,1,0,0,1,24.3750195062576,6.15384615384615,1.0,death,11.6794520547945,0.44906123014043
MrOS,73,1,0,0,1,28.1174490151803,0.282352941176471,0.0,censor,10.8904109589041,-1.392549891172
MrOS,79,1,0,0,1,30.6225921521998,0.0,0.0,censor,3.39452054794521,-0.130785697208771
MrOS,75,1,0,0,1,37.9989819056875,75.7894736842105,0.0,censor,10.8821917808219,-1.20028371419394
MrOS,69,1,0,0,1,28.8460954778242,16.2857142857143,0.0,censor,10.9150684931507,-0.41213534874544
MrOS,83,1,0,0,1,27.8003885379632,0.168539325842697,0.0,censor,10.7808219178082,0.23788788351095
MrOS,70,1,0,0,1,24.7544922645768,13.0769230769231,1.0,censor,10.9561643835616,-0.06529154009243
MrOS,79,1,0,0,1,24.3930105809423,10.8542713567839,1.0,death,6.98082191780822,-0.208618128055311
MrOS,81,1,1,0,0,26.5066156094792,12.6409495548961,0.0,dementia,1.4027397260274,-0.57867255015025
MrOS,69,1,0,0,1,27.3100051066664,4.6969696969697,0.0,censor,10.8767123287671,0.02746590436914
MrOS,81,1,0,0,1,22.9407780171579,3.67021276595745,0.0,dementia,3.4958904109589,0.0151867070860405
MrOS,70,1,0,0,1,27.058657436556,19.5348837209302,0.0,dementia,10.6246575342466,0.08343405257923
MrOS,79,1,0,0,1,29.0697280455792,42.0670391061453,1.0,censor,10.7616438356164,0.355791706438011
MrOS,73,1,0,0,1,28.1671031949255,0.0,0.0,censor,10.8246575342466,-0.3828409785684
MrOS,81,1,0,0,1,25.6727266649775,10.2197802197802,0.0,death,10.6739726027397,0.27998426932236
MrOS,81,1,0,0,1,22.8982058507305,15.6455696202532,0.0,censor,10.9232876712329,-0.30387019176427
MrOS,69,1,0,0,1,23.4467889583444,5.5919395465995,0.0,censor,10.9178082191781,-0.26547291657421
MrOS,82,1,0,0,1,25.3787591974001,2.06185567010309,1.0,death,4.1013698630137,0.143916193315221
MrOS,82,1,0,0,1,31.6291959853295,5.69920844327177,1.0,death,6.77808219178082,0.210473229076371
MrOS,75,1,0,0,1,20.873212269303,4.64891041162228,1.0,censor,10.6794520547945,0.20678590357946
MrOS,73,1,0,0,1,22.1469891749047,4.375,0.0,censor,10.8684931506849,-0.14350428790402
MrOS,71,1,0,0,1,35.6796490996055,17.0149253731343,0.0,dementia,1.33150684931507,-0.30246791735549
MrOS,72,1,0,0,1,26.0327681896036,4.57831325301205,0.0,censor,3.01095890410959,-0.17391067808816
MrOS,80,1,0,0,1,26.9236505364958,7.11111111111111,0.0,death,10.7232876712329,-0.16394201167616
MrOS,74,1,0,0,1,29.4584399277412,5.17699115044248,0.0,censor,10.9041095890411,0.318964740969081
MrOS,70,1,0,0,1,30.2242435109568,2.6984126984127,0.0,censor,10.9643835616438,-0.1806429569545
MrOS,84,1,0,0,1,23.8776967903024,5.43396226415094,0.0,dementia,3.37808219178082,-0.27374924874831
MrOS,76,1,0,0,1,26.9691183266678,22.7692307692308,0.0,censor,11.0849315068493,0.26528207216242
MrOS,81,1,0,0,1,20.7422641637775,4.47963800904977,0.0,censor,11.0246575342466,-0.45396763685971
MrOS,75,1,0,0,1,27.8773066557714,3.2967032967033,0.0,dementia,1.4027397260274,0.30855282464812
MrOS,72,1,0,0,1,28.4701931661391,22.5575447570332,0.0,censor,10.4547945205479,-0.03422814195646
MrOS,70,1,0,1,0,25.5477688045882,4.02234636871508,0.0,death,9.61917808219178,0.05624630737301
MrOS,70,1,0,1,0,27.4474651164994,5.41935483870968,0.0,censor,10.8876712328767,-0.23730140641606
MrOS,72,1,0,1,0,27.5629268137418,2.70880361173815,0.0,censor,3.53698630136986,0.04358701878771
MrOS,78,1,0,1,0,23.6026212159063,3.65853658536585,0.0,dementia,1.19452054794521,-0.953258914747229
MrOS,73,1,0,1,0,28.9655360309042,5.48476454293629,0.0,censor,10.2821917808219,-0.37605007176908
MrOS,69,1,0,0,1,36.6147458241423,5.57377049180328,0.0,censor,10.9479452054795,-0.65464916312335
MrOS,80,1,0,1,0,23.6231515054143,9.10569105691057,0.0,censor,10.9260273972603,0.53053127361916
MrOS,70,1,0,0,1,31.7117208003667,3.36,1.0,censor,10.7890410958904,-0.16718733740194
MrOS,70,1,0,0,1,28.6888496004553,3.21428571428571,0.0,censor,10.2958904109589,-0.369001449920751
MrOS,69,1,0,0,1,26.9805262554618,69.375,0.0,censor,10.8712328767123,-0.37924733155691
MrOS,73,1,0,1,0,28.7125060778298,7.1395881006865,1.0,dementia,3.31780821917808,-0.325945896597101
MrOS,78,1,0,0,1,27.6785882579621,13.5616438356164,0.0,censor,5.53698630136986,-0.32903154172115
MrOS,72,1,0,0,1,25.2816500551116,5.55555555555556,0.0,censor,10.8657534246575,-0.0177117519837594
MrOS,68,1,0,0,1,28.7727355157272,21.7164179104478,0.0,dementia,10.8849315068493,-0.59213841879076
MrOS,80,1,0,0,1,22.7971472883767,14.1477272727273,0.0,dementia,10.9205479452055,-0.50103089960725
MrOS,77,1,0,0,1,24.9402214990478,0.0,0.0,dementia,1.32876712328767,-0.0717945294978094
MrOS,80,1,0,0,1,25.3168511037975,3.72881355932203,0.0,censor,11.0301369863014,-1.15014777180056
MrOS,76,1,0,0,1,20.2041635409936,3.97590361445783,0.0,censor,11.1287671232877,-0.36378260712308
MrOS,72,1,0,0,1,24.1084031001432,10.4668304668305,0.0,censor,11.2246575342466,-0.357630169445321
MrOS,77,1,0,0,1,27.6955860790565,1.32678132678133,0.0,death,2.42191780821918,-0.0058390276815501
MrOS,69,1,0,0,1,31.8335566603212,14.6629213483146,0.0,censor,10.4465753424658,-0.0967305357090098
MrOS,77,1,0,0,1,32.9070846885403,23.3746898263027,0.0,death,10.5068493150685,-0.20546982826189
MrOS,72,1,1,0,0,22.8136675595984,2.42587601078167,0.0,censor,10.9424657534247,-0.0295853335526104
MrOS,72,1,0,1,0,29.4766050032008,3.1304347826087,1.0,dementia,0.986301369863014,-0.102653198731259
MrOS,82,1,0,0,1,26.5633558837211,8.19587628865979,1.0,censor,10.8109589041096,-0.0165248359302097
MrOS,76,1,0,0,1,28.9101389623412,0.909090909090909,0.0,censor,11.0767123287671,0.29027722152327
MrOS,83,1,0,0,1,29.2672215945202,22.2614840989399,0.0,death,10.0356164383562,-0.217314565473519
MrOS,73,1,0,0,1,25.1022417250967,3.79746835443038,0.0,censor,10.8876712328767,-0.48671665918269
MrOS,69,1,0,1,0,27.9303928801038,18.9705882352941,1.0,death,8.68767123287671,0.339170214373659
MrOS,77,1,0,0,1,31.0357582116795,3.32594235033259,0.0,dementia,3.68493150684932,-0.0738430634825605
MrOS,81,1,1,0,0,26.3023052978054,4.52513966480447,0.0,dementia,1.41643835616438,0.800037003628221
MrOS,70,1,0,0,1,29.6083440199749,5.75079872204473,0.0,censor,10.8986301369863,0.409706179346369
MrOS,75,1,1,0,0,27.6977476116299,36.6857142857143,0.0,death,7.48219178082192,-0.34690717484203
MrOS,72,1,0,0,1,23.5030678517251,2.91105121293801,0.0,death,11.1150684931507,-0.2792021107594
MrOS,80,1,0,0,1,25.6418074034465,35.3757225433526,0.0,dementia,10.9068493150685,0.58220730653297
MrOS,73,1,0,0,1,31.3911975931967,64.0677966101695,0.0,death,8.1972602739726,-0.44186176166513
MrOS,70,1,0,0,1,29.8832288338866,5.2887537993921,0.0,censor,11.2767123287671,0.391629516773649
MrOS,76,1,0,0,1,27.0684488919825,12.8571428571429,0.0,censor,11.4684931506849,0.0026703150486298
MrOS,73,1,0,0,1,27.6659863951167,4.18994413407821,0.0,censor,10.9616438356164,-0.0373489720760602
MrOS,79,1,0,0,1,26.681388932838,6.70391061452514,0.0,death,1.51506849315069,-0.55996313659623
MrOS,71,1,0,0,1,25.4141696273049,2.12264150943396,0.0,dementia,11.3260273972603,0.05158462425225
MrOS,69,1,0,1,0,27.858992727541,0.162162162162162,0.0,censor,4.10684931506849,0.335386783390931
MrOS,73,1,0,1,0,26.268161149915,4.04494382022472,0.0,death,5.76438356164384,-0.0732351855687597
MrOS,73,1,1,0,0,27.0235061855526,4.50402144772118,0.0,dementia,3.77534246575342,0.172152415148069
MrOS,79,1,1,0,0,20.355593362351,4.08284023668639,0.0,censor,10.6246575342466,-0.413071945380371
MrOS,74,1,1,0,0,27.0716052924092,17.4725274725275,0.0,censor,11.0109589041096,0.23194566036011
MrOS,81,1,0,0,1,21.2244571545612,1.77676537585421,0.0,death,6.95342465753425,-1.47274837110316
MrOS,75,1,1,0,0,24.8084594451408,3.67741935483871,0.0,death,2.31780821917808,0.0967569740776497
MrOS,76,1,1,0,0,22.2994792464432,1.05882352941176,0.0,dementia,3.71780821917808,-0.18863420991386
MrOS,77,1,1,0,0,26.4973271040632,45.5913978494624,0.0,censor,11.2958904109589,-0.76592684920504
MrOS,68,1,0,0,1,25.6100779398954,30.6417112299465,1.0,censor,10.9205479452055,-0.0382752133969305
MrOS,80,1,0,0,1,23.7739344040192,4.71544715447155,1.0,death,9.46575342465753,0.0654884647265902
MrOS,70,1,0,0,1,28.8068577548149,7.93103448275862,0.0,censor,10.9616438356164,-0.2610432848027
MrOS,85,1,0,0,1,24.0577162691349,5.26912181303116,0.0,death,4.87123287671233,-1.03584204610274
MrOS,75,1,0,0,1,21.6746988940977,22.4050632911392,1.0,censor,10.8794520547945,0.334468781730899
MrOS,72,1,0,0,1,31.3552012642007,3.63636363636364,1.0,dementia,11.2109589041096,0.65536927292346
MrOS,71,1,0,0,1,26.4933611928552,0.997229916897507,1.0,censor,10.8191780821918,-0.11397977826972
MrOS,74,1,0,0,1,29.995789825385,0.151515151515151,0.0,censor,10.8493150684932,-0.0958262402987003
MrOS,69,1,0,0,1,22.3455643036063,1.64383561643836,1.0,dementia,3.60547945205479,0.50819363325131
MrOS,75,1,0,0,1,22.7685012634043,0.743034055727554,0.0,censor,10.9068493150685,-0.44469239112087
MrOS,78,1,0,0,1,32.037037037037,1.45161290322581,0.0,censor,10.9479452054795,-0.294793824530529
MrOS,82,1,0,0,1,26.8221139586834,3.7410071942446,0.0,censor,10.9452054794521,-1.22350919809624
MrOS,82,1,0,0,1,22.7531212014165,0.0,0.0,censor,10.8493150684932,-1.40397100139012
MrOS,84,1,0,0,1,24.7669351535274,0.804289544235925,0.0,censor,10.3917808219178,-0.28547594203193
MrOS,79,1,0,0,1,31.24460500994,0.861244019138756,0.0,censor,10.8493150684932,0.0428292771665795
MrOS,79,1,0,0,1,31.7008267387045,20.6153846153846,0.0,censor,6.66849315068493,0.01613076951446
MrOS,69,1,0,0,1,28.7712470336143,6.85279187817259,0.0,death,1.44383561643836,-0.19469101320871
MrOS,70,1,0,0,1,29.2902366600801,0.477453580901857,1.0,censor,3.81369863013699,0.460293260681139
MrOS,83,1,0,0,1,27.1421726869758,42.016348773842,0.0,death,11.2438356164384,-0.5221958127123
MrOS,78,1,0,0,1,29.4230672501383,18.3932346723044,1.0,death,3.44657534246575,-0.25789859643743
MrOS,77,1,0,0,1,26.0054795384159,14.3589743589744,0.0,censor,3.79178082191781,0.19268289380304
MrOS,75,1,0,0,1,23.2078897502039,13.7671232876712,1.0,censor,10.8547945205479,-0.0242116040862896
MrOS,76,1,0,0,1,38.5551451309716,14.6938775510204,0.0,censor,3.84383561643836,-0.12526639642081
MrOS,77,1,0,0,1,21.1182549330156,22.3529411764706,0.0,death,11.1205479452055,0.145038842364259
MrOS,86,1,0,0,1,23.5559297745432,17.2727272727273,1.0,censor,1.45205479452055,-1.27344697687762
MrOS,81,1,0,0,1,25.7265423527078,7.57142857142857,0.0,censor,11.0657534246575,-0.9766921785726
MrOS,72,1,0,0,1,26.588717135685,4.78359908883827,0.0,censor,10.9671232876712,0.218836654798641
MrOS,70,1,0,0,1,30.6797428705875,6.63461538461539,0.0,censor,10.8575342465753,0.0030302766799493
MrOS,77,1,0,0,1,19.6846353260564,5.93406593406593,0.0,dementia,7.34246575342466,-0.98354795863813
MrOS,75,1,0,0,1,26.1635303961816,3.69230769230769,0.0,censor,10.9232876712329,-1.02358743853686
MrOS,83,1,0,0,1,28.4860875048273,16.8695652173913,0.0,death,8.98904109589041,-0.0234728328280895
MrOS,84,1,0,0,1,39.0327552593167,26.2337662337662,0.0,censor,5.20547945205479,-0.236691069092289
MrOS,78,1,0,0,1,24.1037591507191,4.61538461538461,0.0,censor,10.5534246575342,-1.22871947593676
MrOS,74,1,0,0,1,25.4677522197404,8.11475409836066,0.0,dementia,10.8328767123288,0.34110440631167
MrOS,78,1,0,0,1,27.40682888937,18.3870967741935,0.0,censor,10.8547945205479,-0.30693822466456
MrOS,79,1,0,0,1,25.4547862393367,5.60606060606061,0.0,censor,10.7041095890411,0.457253159759721
MrOS,70,1,0,0,1,32.9114882681161,14.6865671641791,0.0,censor,10.7287671232877,0.46262968953812
MrOS,75,1,0,0,1,31.0142489291825,4.85549132947977,0.0,censor,6.49315068493151,-0.696274759740059
MrOS,78,1,0,1,0,27.7797459202377,0.0,0.0,death,9.99452054794521,-0.0824310961836602
MrOS,72,1,0,0,1,29.0675174792098,7.17391304347826,0.0,censor,10.7369863013699,0.33398816453298
MrOS,76,1,0,0,1,25.3850767615015,0.0,0.0,dementia,10.3534246575342,-0.83457201007641
MrOS,73,1,0,0,1,29.9722691353391,11.5642458100559,0.0,censor,10.8547945205479,0.0130942115578307
MrOS,69,1,0,0,1,23.3787958628144,5.24590163934426,0.0,censor,3.80547945205479,0.12788396800559
MrOS,69,1,0,0,1,26.6221403826348,3.46938775510204,0.0,censor,5.68219178082192,0.74407583463026
MrOS,75,1,0,0,1,33.7549716914495,3.22946175637394,0.0,death,8.05753424657534,-0.0400314979834206
MrOS,68,1,0,0,1,28.2326537952052,3.60655737704918,0.0,censor,10.2219178082192,0.67554144933554
MrOS,67,1,0,0,1,26.0227582614975,1.80722891566265,0.0,censor,10.8328767123288,0.416809514621851
MrOS,70,1,0,0,1,30.813662694839,5.75581395348837,0.0,censor,2.81643835616438,0.381669351787239
MrOS,82,1,0,0,1,25.0280256102071,26.353591160221,0.0,death,10.7698630136986,-0.16298728903117
MrOS,70,1,0,0,1,32.911002861712,2.67961165048544,0.0,death,5.19452054794521,-0.20595312909083
MrOS,76,1,0,0,1,24.0994327333724,6.06271777003484,0.0,death,5.05205479452055,0.273972740473781
MrOS,73,1,0,0,1,30.1422518653236,6.46370023419204,0.0,censor,10.7835616438356,0.09528356763593
MrOS,70,1,0,0,1,30.1433012815468,3.6734693877551,0.0,censor,10.8,0.41022939547467
MrOS,69,1,0,0,1,32.8510055833234,24.6965699208443,0.0,death,4.56164383561644,0.35200884936187
MrOS,80,1,0,0,1,18.678879608865,4.67065868263473,1.0,dementia,1.12876712328767,-0.2352919363176
MrOS,83,1,0,0,1,24.9398113463235,25.0515463917526,1.0,dementia,1.59452054794521,-0.57117739757747
MrOS,75,1,0,0,1,25.6024912337122,6.63157894736842,1.0,dementia,4.76164383561644,0.66201264132991
MrOS,73,1,0,0,1,29.8186097640811,13.368700265252,0.0,dementia,1.16164383561644,0.375972959978201
MrOS,79,1,0,0,1,29.0741191642093,8.91428571428571,0.0,death,6.98356164383562,0.22772806906099
MrOS,69,1,0,0,1,28.5350660155837,0.16260162601626,0.0,censor,12.158904109589,-1.01341539505714
MrOS,73,1,0,0,1,22.0754789419127,8.64406779661017,0.0,dementia,7.64657534246575,-1.27547417580409
MrOS,83,1,0,0,1,28.4357888677354,17.8947368421053,0.0,dementia,7.51506849315069,0.145026729577209
MrOS,85,1,0,0,1,22.9220931758611,36.2467866323907,0.0,dementia,0.545205479452055,-0.750846169319649
MrOS,83,1,0,0,1,33.2524164555018,4.58015267175572,0.0,death,9.04931506849315,-0.45096739292521
MrOS,69,1,0,0,1,32.2459759901069,3.75,0.0,censor,11.441095890411,0.0519690199392201
MrOS,71,1,0,0,1,24.0889857762067,3.01075268817204,1.0,dementia,1.17260273972603,-0.33813905177399
MrOS,73,1,0,0,1,24.0856307712699,1.60237388724036,1.0,death,1.62465753424658,-0.0036140520082497
MrOS,71,1,0,0,1,27.9301569970679,5.07288629737609,0.0,censor,10.3013698630137,-1.01709478193882
MrOS,85,1,0,0,1,24.740073685894,10.6194690265487,1.0,death,5.25479452054795,-0.60844705971148
MrOS,79,1,0,0,1,24.3623620246997,3.52941176470588,0.0,death,5.56438356164384,-0.83723297514516
MrOS,88,1,0,0,1,30.6645072918467,4.74820143884892,0.0,death,7.31232876712329,-0.90726559009801
MrOS,87,1,0,0,1,23.9190061577248,24.0,0.0,death,5.76164383561644,-0.64895587745475
MrOS,80,1,0,0,1,23.4468702937171,29.6385542168675,0.0,censor,5.86301369863014,-0.22555465140419
MrOS,77,1,0,0,1,24.2039067778363,30.1875,0.0,dementia,11.2027397260274,-1.00745803231452
MrOS,70,1,0,0,1,30.362058259714,11.7073170731707,0.0,censor,10.9780821917808,0.48541791354893
MrOS,81,1,0,0,1,26.5976863314673,5.22935779816514,0.0,death,10.6602739726027,-0.251665288154371
MrOS,74,1,0,0,1,29.3981851686623,13.8192419825073,1.0,censor,11.1205479452055,-0.944792053550169
MrOS,83,1,0,0,1,29.6023894743747,26.0454545454545,0.0,censor,3.15068493150685,-0.36071218015346
MrOS,78,1,0,0,1,23.4674734663698,3.1875,0.0,death,8.97808219178082,0.15693214680862
MrOS,73,1,0,0,1,27.6577443560516,9.83333333333333,1.0,censor,3.14246575342466,-0.51053704611199
MrOS,75,1,0,0,1,31.4014338926568,7.33333333333333,0.0,dementia,7.56712328767123,0.19270837419399
MrOS,79,1,0,0,0,23.5253633025911,39.7611940298507,0.0,death,11.4767123287671,-0.146069287859019
MrOS,81,1,0,0,1,28.7435066018098,3.8560411311054,0.0,death,10.8904109589041,0.0906628478322105
MrOS,79,1,0,0,1,29.6368080153717,19.3313069908815,0.0,death,11.8027397260274,-0.38604409725276
MrOS,73,1,0,0,1,22.9291134087146,0.0,1.0,censor,12.013698630137,0.292179543786099
MrOS,72,1,0,0,1,27.3359048272868,22.2222222222222,1.0,censor,10.4027397260274,0.78360623738476
MrOS,78,1,0,0,1,27.6854589239565,2.71276595744681,0.0,death,6.58630136986301,-0.0074629313045804
MrOS,74,1,0,0,1,28.6496444620444,15.5384615384615,1.0,censor,10.7369863013699,-0.36048165722604
MrOS,69,1,0,0,1,22.9848438732081,0.594059405940594,0.0,censor,10.3123287671233,0.450657587908429
MrOS,82,1,0,0,1,30.8570399700464,2.22811671087533,0.0,death,9.64931506849315,0.749173009534709
MrOS,76,1,1,0,0,24.7886740548243,11.8811881188119,0.0,censor,2.8986301369863,-0.0750166183020994
MrOS,73,1,0,0,1,25.4495896165674,25.0145772594752,0.0,dementia,10.4383561643836,-0.0615592493533399
MrOS,90,1,0,0,1,25.5405302366413,4.74934036939314,0.0,death,4.45479452054794,-0.379005480994449
MrOS,76,1,0,0,1,22.72021803586,3.57512953367876,1.0,censor,10.9424657534247,-0.97178469971541
MrOS,76,1,0,0,1,22.8010839786415,20.6117647058824,1.0,death,7.85205479452055,0.2395923824086
MrOS,75,1,0,0,1,30.1692785822919,7.36059479553903,0.0,death,11.0739726027397,0.0704762520098598
MrOS,73,1,0,0,1,19.7828771052763,6.98795180722892,0.0,censor,11.158904109589,0.6167596821643
MrOS,76,1,0,0,1,25.5565392794881,3.25581395348837,1.0,dementia,1.04109589041096,0.70181854966218
MrOS,84,1,0,0,1,23.8698125828831,1.81268882175227,1.0,dementia,3.19452054794521,-1.14758240610189
MrOS,83,1,0,0,1,23.1061435922799,2.09302325581395,0.0,death,10.1013698630137,0.2870542314405
MrOS,74,1,0,0,1,24.4947314457096,2.01492537313433,0.0,censor,10.5068493150685,0.377521209681071
MrOS,78,1,0,0,1,32.3518084100697,3.40425531914894,0.0,censor,11.0876712328767,0.18619651572409
MrOS,78,1,0,0,1,20.2005955386013,8.125,1.0,censor,12.1232876712329,-0.81672213216106
MrOS,69,1,0,0,1,22.547693941421,0.714285714285714,0.0,censor,10.8904109589041,-0.421578658650451
MrOS,74,1,0,0,1,30.7716049382716,4.75409836065574,1.0,censor,10.1479452054795,-0.57359697195222
MrOS,87,1,0,0,1,25.4534626828999,14.0359897172237,1.0,death,3.1013698630137,-0.0436741006099098
MrOS,71,1,0,0,1,27.4055781048788,0.900900900900901,0.0,censor,11.1643835616438,0.50494762564682
MrOS,81,1,0,0,1,20.8651965422136,2.62886597938144,1.0,death,7.68219178082192,-0.99580348528728
MrOS,71,1,0,0,1,24.497595279674,9.0,0.0,death,4.3013698630137,-0.3607522455576
MrOS,70,1,0,0,0,30.3180908080208,35.9235668789809,1.0,censor,11.2821917808219,-0.57122104467534
MrOS,73,1,0,0,1,23.3704406948067,0.68649885583524,0.0,dementia,11.3424657534247,-1.66389651903399
MrOS,73,1,0,0,1,31.7471463711625,21.8556701030928,1.0,dementia,0.956164383561644,-0.35671193506613
MrOS,72,1,0,0,1,27.0766167858596,22.6548672566372,1.0,dementia,0.641095890410959,-0.45187195940937
MrOS,77,1,0,0,1,21.1978301102778,15.6521739130435,0.0,death,1.37808219178082,-0.35283052882163
MrOS,80,1,0,0,1,31.3297920378322,6.30573248407643,0.0,censor,10.0712328767123,0.0681537136796194
MrOS,75,1,0,0,1,21.8691616818893,3.82075471698113,0.0,censor,10.2547945205479,0.11739810814136
MrOS,77,1,0,0,1,24.6192062892164,3.30275229357798,0.0,censor,11.5479452054795,0.27102032886657
MrOS,77,1,0,0,1,26.3020998606506,27.6923076923077,1.0,dementia,6.38082191780822,-0.17151762035099
MrOS,69,1,0,0,1,27.7313866267224,2.40740740740741,0.0,censor,11.3643835616438,-0.0046335292545506
MrOS,75,1,0,0,1,25.1148022958155,10.2902374670185,0.0,censor,10.8767123287671,-0.7874280955717
MrOS,69,1,0,0,1,35.0066512637401,5.73913043478261,0.0,censor,11.1506849315068,0.340786519445
MrOS,75,1,0,0,1,27.7441231474592,0.147058823529412,0.0,censor,10.641095890411,-0.240916533487901
MrOS,84,1,0,0,1,29.9052565345829,3.72972972972973,0.0,death,8.97808219178082,0.20896050432428
MrOS,75,1,0,0,1,27.7528071636113,16.4485981308411,0.0,censor,10.9698630136986,0.09744851791814
MrOS,85,1,0,0,1,23.2464243328888,25.5194805194805,0.0,dementia,2.99452054794521,-0.307586262076229
MrOS,76,1,0,0,1,24.3605843756183,11.0801393728223,0.0,censor,10.9890410958904,-0.60861277799588
MrOS,90,1,0,0,1,30.5695529361002,1.42433234421365,0.0,death,8.6986301369863,-0.75252261071676
MrOS,75,1,0,0,1,23.7602234059997,0.878048780487805,0.0,dementia,1.06849315068493,0.216157050440771
MrOS,70,1,0,0,1,26.6188611878455,15.7188498402556,0.0,dementia,6.34794520547945,0.43606797603281
MrOS,77,1,0,0,0,25.7332900659118,16.4285714285714,0.0,censor,3.08767123287671,-0.5470808540254
MrOS,69,1,0,0,1,26.7517981445694,7.38170347003155,0.0,censor,11.2356164383562,-0.0444187895068595
MrOS,79,1,0,0,1,24.3299202948523,6.52173913043478,0.0,death,5.57534246575342,-0.52641048425252
MrOS,70,1,0,0,1,27.5167981453678,0.24,1.0,death,6.0958904109589,-0.29248396513251
MrOS,78,1,0,0,1,17.7759022794927,1.78378378378378,0.0,death,8.78630136986301,0.475842062126721
MrOS,74,1,0,0,1,23.6003412596307,2.4,0.0,censor,10.7013698630137,-0.67823914651794
MrOS,70,1,0,0,1,21.5638031478653,3.97790055248619,0.0,censor,10.5123287671233,-0.58195861239721
MrOS,80,1,0,0,1,23.4023823309911,0.821917808219178,0.0,death,5.50958904109589,-0.682776601455021
MrOS,78,1,0,0,1,26.4669190922425,19.8866855524079,1.0,death,4.79452054794521,-0.30485979705995
MrOS,68,1,0,0,1,25.5148052567937,9.59302325581395,1.0,censor,11.2438356164384,0.3709058511048
MrOS,78,1,0,0,1,28.7436142268435,30.5630026809651,0.0,death,8.54794520547945,0.2492360102718
MrOS,76,1,0,0,1,23.2277228828433,1.01694915254237,0.0,censor,10.0027397260274,-0.166109010861091
MrOS,89,1,0,0,1,26.2625755852773,10.3723404255319,0.0,death,8.34520547945205,-0.508795706911999
MrOS,69,1,0,0,1,25.660032852571,8.64516129032258,0.0,censor,11.3260273972603,-0.0445461760646793
MrOS,90,1,0,0,1,23.4716155665334,1.04651162790698,1.0,death,4.97534246575342,-1.089129897345
MrOS,75,1,0,0,1,25.1145379898198,8.70662460567823,0.0,death,10.9616438356164,-0.31797217595782
MrOS,76,1,0,0,1,24.3514715240196,28.1151832460733,0.0,censor,10.186301369863,-0.39676855121273
MrOS,77,1,0,0,1,27.1964306039871,22.7441860465116,0.0,dementia,3.24383561643836,-0.456662824765409
MrOS,87,1,0,0,1,22.2574724480728,6.26262626262626,0.0,death,9.80547945205479,-0.9618603304073
MrOS,70,1,0,0,1,26.5555438067056,11.7159763313609,0.0,death,9.0986301369863,1.11036564093857
MrOS,81,1,0,0,1,27.7000555474518,4.52054794520548,0.0,death,5.27671232876712,0.0678226407557204
MrOS,74,1,0,0,1,30.5291553433529,6.32530120481928,0.0,censor,11.1397260273973,-0.428224982078591
MrOS,77,1,0,0,1,22.3643304429466,6.15384615384615,1.0,censor,10.7178082191781,-0.0424657594209904
MrOS,79,1,0,0,1,24.4046528573987,0.186915887850467,0.0,censor,10.2356164383562,-0.15969209601961
MrOS,69,1,0,0,1,28.5062342319802,3.10588235294118,0.0,censor,9.96164383561644,0.75367242619572
MrOS,70,1,0,0,1,28.7397409133804,51.919770773639,1.0,censor,10.6849315068493,-0.85203127459628
MrOS,69,1,0,0,1,27.7325260165982,12.6392251815981,0.0,censor,11.3123287671233,-0.36899263028122
MrOS,71,1,0,0,1,25.5043477446075,11.523178807947,0.0,censor,10.8739726027397,-0.0027748890438999
MrOS,77,1,0,0,1,24.1997652534878,7.68,0.0,dementia,5.8986301369863,-0.88994416322317
MrOS,80,1,0,0,1,24.9314047167504,8.92307692307692,0.0,censor,3.18904109589041,0.0215936297823603
MrOS,73,1,0,0,1,26.9665219203531,3.58208955223881,0.0,death,1.53698630136986,0.11075833045608
MrOS,81,1,0,0,1,28.2437107434486,13.9007092198582,0.0,death,8.13424657534247,-1.44210302223321
MrOS,77,1,0,0,1,29.8668045927415,20.4105571847507,0.0,censor,10.6356164383562,0.0344434596897699
MrOS,70,1,0,0,1,28.488368328704,5.84745762711864,1.0,censor,11.2575342465753,-0.85553608522968
MrOS,85,1,0,0,1,24.8577876872102,1.29186602870813,1.0,death,2.62191780821918,-0.78434769510793
MrOS,74,1,0,0,0,25.5792996419534,39.2016806722689,1.0,death,8.87397260273973,-0.331871190618421
MrOS,70,1,0,0,1,26.9367031977511,15.2908587257618,0.0,censor,11.5232876712329,0.306449349385611
MrOS,73,1,0,0,1,28.9261981182781,5.08474576271186,0.0,censor,10.1095890410959,0.0674417939751606
MrOS,76,1,0,0,1,29.9145107385615,2.15568862275449,0.0,dementia,7.32054794520548,0.856500677919659
MrOS,74,1,0,0,1,29.8500285646803,10.4156479217604,0.0,censor,10.3178082191781,-0.342316404650811
MrOS,86,1,0,0,1,27.106982114273,35.6028368794326,0.0,death,10.2794520547945,-0.79913730014291
MrOS,73,1,0,0,1,22.1477877886958,7.55244755244755,0.0,censor,10.4931506849315,-0.71179619245805
MrOS,68,1,0,0,1,22.9595383264365,8.16326530612245,1.0,censor,10.6383561643836,-0.97137701485141
MrOS,68,1,0,0,1,25.0388817264948,4.15704387990762,0.0,censor,11.4465753424658,-0.107284304111811
MrOS,71,1,0,0,1,26.6906790342723,10.1538461538462,0.0,censor,3.04657534246575,0.0302019415743103
MrOS,83,1,0,0,1,23.5948228476974,13.3980582524272,1.0,dementia,10.9315068493151,-0.3977818993447
MrOS,86,1,0,0,1,28.3563728863035,21.6428571428571,0.0,death,9.01369863013699,-0.0762383403640797
MrOS,74,1,0,0,1,28.3926833080584,15.3488372093023,0.0,censor,11.0849315068493,0.0827535228502796
MrOS,72,1,0,0,1,26.6925884531003,4.02555910543131,0.0,death,7.20821917808219,-0.163926409044311
MrOS,80,1,0,0,1,26.2886306467235,32.1787709497207,0.0,censor,3.24109589041096,-0.52040264215527
MrOS,83,1,0,0,1,24.514308019216,4.7682119205298,1.0,death,10.9780821917808,-0.49302929976058
MrOS,83,1,1,0,0,25.8571286214335,2.32686980609418,0.0,censor,5.5013698630137,-0.20386185617199
MrOS,72,1,0,0,1,32.3742831176565,83.1511254019293,0.0,censor,10.8931506849315,0.399420272623669
MrOS,80,1,0,0,1,28.0254390471475,0.79155672823219,0.0,death,11.0356164383562,-0.526863242673311
MrOS,70,1,0,0,1,25.5226818274823,0.864553314121037,0.0,censor,11.4219178082192,0.142792311158389
MrOS,78,1,0,0,1,28.8752990954856,2.15938303341902,0.0,censor,10.2794520547945,-0.91979464177673
MrOS,75,1,0,0,1,25.8585722011898,2.32686980609418,0.0,censor,10.4027397260274,-0.757258966436309
MrOS,81,1,0,0,1,24.4741031737655,0.146341463414634,0.0,censor,9.87945205479452,-0.61058953801943
MrOS,82,1,0,0,1,25.3078296570162,0.220588235294118,0.0,censor,10.5479452054795,-0.656062569535319
MrOS,85,1,0,0,1,26.0181879203857,0.0,0.0,death,7.54794520547945,0.36475965679077
MrOS,77,1,0,0,1,25.1243071460545,20.2056555269923,0.0,censor,11.5972602739726,0.3101632378194
MrOS,79,1,1,0,0,20.4498900630451,1.64588528678304,0.0,dementia,5.42739726027397,-0.0422482085863805
MrOS,82,1,0,0,1,24.976055951117,2.04379562043796,0.0,censor,11.4630136986301,-0.0752878969138393
MrOS,82,1,0,0,1,26.094024789032,34.551724137931,0.0,death,10.3753424657534,-0.81116683976621
MrOS,85,1,0,0,1,29.5235671299907,3.21766561514196,0.0,death,4.70958904109589,-0.45950229244157
MrOS,68,1,0,0,1,25.3756770440046,26.7226890756303,0.0,censor,11.427397260274,0.115014234352699
MrOS,75,1,0,0,1,30.5171653281453,12.986301369863,1.0,censor,10.3890410958904,-1.25372460846409
MrOS,78,1,0,0,1,25.2385205146283,21.0,0.0,censor,10.2054794520548,0.0111318593177103
MrOS,81,1,0,0,1,29.6364826529722,5.90389016018307,0.0,death,9.21369863013699,-1.23067958855223
MrOS,76,1,0,0,1,27.4127035545889,0.708661417322835,0.0,censor,6.53424657534247,-0.70162393832842
MrOS,81,1,0,0,1,29.2705557966311,32.7692307692308,0.0,death,3.70958904109589,0.08945359605177
MrOS,68,1,0,0,0,31.1989769970534,7.97687861271676,0.0,censor,10.0328767123288,-0.36990961540844
MrOS,74,1,0,0,1,23.5408556352144,33.1457800511509,0.0,dementia,5.63835616438356,0.71298793225664
MrOS,75,1,0,0,1,26.0412510883933,6.94736842105263,0.0,dementia,1.09315068493151,-0.39001844218145
MrOS,79,1,0,0,1,24.1788859479206,0.16,0.0,dementia,3.31232876712329,0.2115706568899
MrOS,71,1,0,0,1,29.2876378371378,25.4328358208955,1.0,censor,6.4986301369863,-0.19439426581459
MrOS,68,1,0,0,1,23.879755919309,0.668523676880223,0.0,censor,10.9698630136986,-0.191130510724319
MrOS,92,1,0,0,1,25.3243081752949,25.631067961165,0.0,death,10.2164383561644,0.0173134149674794
MrOS,83,1,0,0,1,26.5418667242591,25.4,0.0,censor,10.7917808219178,-0.31057619426828
MrOS,69,1,0,0,1,30.8735311348174,52.95,0.0,censor,10.0712328767123,-0.61853261116009
MrOS,83,1,0,0,1,21.7654703968893,15.7377049180328,0.0,censor,3.38356164383562,0.22747693037518
MrOS,74,1,0,0,1,36.2619648816949,4.70588235294118,0.0,censor,10.2575342465753,0.27853476587029
MrOS,84,1,0,0,1,23.1697597287271,4.86873508353222,0.0,censor,10.0109589041096,-0.91083965585406
MrOS,85,1,0,0,1,30.7891952654897,20.2040816326531,0.0,death,3.41095890410959,-0.7153892987341
MrOS,71,1,0,0,1,26.0128060828173,39.6088019559902,0.0,censor,10.9068493150685,-1.0725766805868
MrOS,79,1,0,0,1,21.2170638235801,1.62162162162162,1.0,censor,10.0301369863014,-0.25016218548767
MrOS,73,1,0,0,1,24.0408644082594,6.1046511627907,0.0,censor,11.0082191780822,0.25128714881269
MrOS,86,1,0,0,0,28.3098999466999,12.4342105263158,0.0,dementia,5.47945205479452,-1.46013402166346
MrOS,83,1,0,0,1,23.9234257560137,11.6981132075472,0.0,censor,10.8630136986301,-1.10591405214603
MrOS,79,1,0,0,1,31.6562948939658,7.3469387755102,0.0,death,10.358904109589,0.601654560645019
MrOS,83,1,0,0,1,25.2439968209733,10.6077348066298,0.0,death,7.82465753424658,0.0696141211092595
MrOS,74,1,0,0,1,28.3747524990916,0.689655172413793,0.0,dementia,3.6027397260274,-0.10595770912262
MrOS,84,1,0,0,1,30.5943436886014,14.2480211081794,1.0,dementia,3.50684931506849,-0.426161297719371
MrOS,70,1,0,0,1,25.2464657416651,25.0720461095101,1.0,dementia,11.3342465753425,0.4454149640495
MrOS,71,1,1,0,0,24.0357085797583,4.48877805486284,0.0,censor,10.7232876712329,0.0346196588982195
MrOS,72,1,0,0,1,21.4568172063207,13.4152334152334,1.0,death,10.6904109589041,-0.57528699315239
MrOS,89,1,0,0,1,26.678205100979,4.72602739726027,0.0,dementia,3.46027397260274,-1.70348084842898
MrOS,80,1,0,0,1,26.2916660186235,3.10030395136778,0.0,dementia,1.22465753424658,0.18950018129981
MrOS,82,1,0,0,1,25.4252958579882,15.2517985611511,0.0,censor,10.2191780821918,-0.57872211198157
MrOS,81,1,0,0,1,24.5573468465716,11.027027027027,0.0,censor,10.0904109589041,0.21794820782807
MrOS,76,1,0,0,1,24.5154287630823,1.09090909090909,0.0,censor,10.5534246575342,0.26343000028849
MrOS,78,1,0,0,1,30.4140352477932,4.10958904109589,1.0,dementia,1.09041095890411,0.0601850400277598
MrOS,69,1,0,0,1,26.5316530404293,9.84227129337539,0.0,dementia,10.8904109589041,0.628721228814091
MrOS,81,1,0,0,1,24.75806986761,36.9886363636364,0.0,death,5.36712328767123,-0.0938931074899102
MrOS,78,1,0,0,1,29.0778103813213,11.5841584158416,0.0,censor,11.0684931506849,-0.206831271257531
MrOS,75,1,0,0,1,25.8143945035197,3.78223495702006,0.0,dementia,10.1698630136986,-0.0642532358303498
MrOS,77,1,0,0,0,24.6659230228162,0.445544554455445,1.0,dementia,5.67671232876712,-0.654676846148099
MrOS,75,1,0,0,0,29.4704354699085,36.0474308300395,0.0,censor,10.413698630137,-0.35941294209368
MrOS,78,1,0,0,1,24.7632512686388,3.65853658536585,0.0,dementia,0.904109589041096,-0.546121318994631
MrOS,76,1,0,0,1,33.8524379691387,34.485049833887,1.0,death,3.2,-0.2195911529637
MrOS,75,1,0,0,1,30.9503260855056,23.013698630137,0.0,death,6.67123287671233,-0.562780202871291
MrOS,79,1,0,0,1,28.7002333176797,18.88,1.0,death,1.6958904109589,-1.25270510385697
MrOS,76,1,0,0,1,31.4529274462201,50.5676855895196,0.0,censor,10.241095890411,-0.12354648072337
MrOS,80,1,1,0,0,23.9000338740638,26.9603524229075,0.0,death,10.6082191780822,-0.60271114643089
MrOS,73,1,0,0,1,26.9665219203531,4.19047619047619,0.0,death,2.7972602739726,-0.10153191009243
MrOS,75,1,0,0,1,22.5543935695649,32.7979274611399,0.0,death,5.32602739726027,0.377053644272419
MrOS,70,1,0,0,1,26.7886061894126,2.9305912596401,0.0,censor,10.4219178082192,-0.66935062395775
MrOS,71,1,0,0,0,25.5954128904255,14.468085106383,0.0,dementia,3.54794520547945,-0.18454120935983
MrOS,73,1,0,0,1,28.9101415877929,6.12903225806452,0.0,censor,3.27945205479452,-0.0799825309245904
MrOS,75,1,0,0,1,29.3867934674645,8.11671087533156,0.0,death,6.44109589041096,0.18785467624644
MrOS,75,1,0,0,1,26.6546358050146,2.20735785953177,0.0,censor,10.1945205479452,-0.247377066043801
MrOS,75,1,0,0,1,26.0059759151907,7.98994974874372,0.0,censor,10.1068493150685,-0.293521520537711
MrOS,70,1,0,0,1,26.833610054937,12.5862068965517,1.0,censor,10.0876712328767,-0.32131055815385
MrOS,73,1,0,0,1,24.3564628227044,7.2,0.0,censor,9.91506849315068,0.0333274330181496
MrOS,71,1,0,0,1,24.7442758906942,8.82352941176471,0.0,censor,10.3479452054795,-0.244794730506121
MrOS,75,1,0,0,1,28.065447687377,9.67741935483871,0.0,censor,10.6630136986301,-0.58952640636649
MrOS,72,1,0,0,1,27.1699170197122,14.2784810126582,0.0,censor,10.9753424657534,-0.84748557677499
MrOS,71,1,0,0,1,27.1212634116103,4.4141689373297,0.0,censor,11.6602739726027,-0.518237479038891
MrOS,85,1,0,0,1,29.4970852542918,8.67132867132867,0.0,death,5.16986301369863,-0.59558041629956
MrOS,73,1,0,0,1,32.5625062632259,2.92682926829268,0.0,dementia,1.32328767123288,-0.19833971137179
MrOS,81,1,0,0,1,40.5374835995114,49.5049504950495,0.0,death,11.4520547945205,-0.74994075331755
MrOS,70,1,0,0,1,21.9848433903215,0.459770114942529,0.0,censor,9.80547945205479,-0.92390359158141
MrOS,83,1,0,0,1,25.0326786793641,0.0,0.0,censor,11.0630136986301,0.289906224036621
MrOS,73,1,0,0,1,34.2496149528807,3.13953488372093,0.0,death,7.02191780821918,0.27772248725616
MrOS,79,1,0,0,1,25.7035029867848,21.2068965517241,0.0,censor,10.5972602739726,-0.35402143487277
MrOS,82,1,0,0,1,28.2683853844981,21.605504587156,0.0,death,8.64657534246575,-0.4845331795088
MrOS,73,1,0,0,1,26.645849138249,7.03241895261845,0.0,censor,11.1424657534247,-0.3708527712573
MrOS,76,1,0,0,1,30.2914335825829,28.1725888324873,0.0,death,5.6958904109589,-0.40915234725033
MrOS,73,1,0,0,1,25.7310935478693,3.76119402985075,0.0,censor,9.65205479452055,-0.79069712225829
MrOS,81,1,0,0,1,27.8181847785683,1.83673469387755,0.0,dementia,5.46301369863014,-0.47120875902973
MrOS,71,1,0,0,1,29.1524365393149,34.6964856230032,0.0,death,8.94246575342466,-0.16178491147983
MrOS,71,1,0,0,1,29.9265706461827,3.24324324324324,0.0,death,9.82739726027397,-1.34763792633116
MrOS,70,1,0,0,1,30.9394749137656,11.7647058823529,0.0,censor,10.6630136986301,-0.92543114565376
MrOS,71,1,0,0,1,22.5668151781838,10.788643533123,0.0,censor,9.90684931506849,-0.457959947795
MrOS,69,1,0,1,0,22.4265511336834,13.730407523511,1.0,dementia,9.64383561643836,-0.33680823424875
MrOS,71,1,0,0,1,26.0452750396724,6.68316831683168,0.0,censor,11.1013698630137,-0.32433152432431
MrOS,71,1,0,0,1,25.5888440039327,17.5657894736842,0.0,censor,10.2356164383562,-1.00531798275751
MrOS,82,1,0,0,1,26.0583840492635,31.9672131147541,1.0,death,7.23287671232877,-1.99086864586657
MrOS,76,1,0,0,1,26.0683293741847,0.955414012738854,1.0,censor,10.0054794520548,-0.46605990223168
MrOS,69,1,0,0,1,32.3296363140872,10.4788732394366,0.0,censor,10.8301369863014,-0.20879486763109
MrOS,71,1,0,0,0,28.8198928390538,1.95845697329377,0.0,death,7.51780821917808,0.34569858344142
MrOS,70,1,0,0,1,25.9556436229534,3.47607052896725,1.0,censor,3.75890410958904,0.76204084301214
MrOS,71,1,0,0,1,31.8580836980624,0.828729281767956,0.0,dementia,11.3561643835616,0.73661657801923
MrOS,73,1,0,0,1,32.3726012987087,24.0,0.0,censor,11.4794520547945,0.10854520861712
MrOS,84,1,0,0,1,30.978180717964,23.1521739130435,0.0,censor,11.5068493150685,-0.54414674177149
MrOS,72,1,0,0,1,27.4676216883845,14.4987146529563,1.0,dementia,10.7506849315069,0.0582471639118197
MrOS,75,1,0,0,1,23.1700059512002,3.8755980861244,1.0,censor,10.2794520547945,-0.26043808675291
MrOS,70,1,0,0,1,28.4090817481807,0.962566844919786,0.0,death,8.83013698630137,-0.44981295458095
MrOS,80,1,0,0,1,26.4642491648977,21.8709677419355,1.0,death,9.38904109589041,-0.496818705711441
MrOS,80,1,0,0,1,26.9276213451022,21.4184397163121,0.0,dementia,1.11232876712329,0.0113568105051201
MrOS,76,1,0,0,1,27.0161588799818,8.37209302325581,1.0,censor,10.8904109589041,-0.67072635008788
MrOS,77,1,0,0,1,28.7185893548708,7.4247491638796,1.0,death,10.0712328767123,-0.515986106227609
MrOS,69,1,0,0,1,25.0152125144688,0.16260162601626,0.0,censor,10.7452054794521,-0.139643004404709
MrOS,74,1,0,0,1,25.1080824486657,11.5481171548117,0.0,censor,11.4657534246575,-1.18219560429139
MrOS,77,1,1,0,0,23.1329429983669,21.1764705882353,0.0,censor,10.9013698630137,-0.40729502553074
MrOS,78,1,0,0,1,28.3267309997149,5.05102040816327,0.0,death,6.88493150684932,-0.201376069604861
MrOS,73,1,0,0,1,32.490320391195,41.6176470588235,1.0,censor,11.4630136986301,-0.403639310026971
MrOS,81,1,1,0,0,24.5924346701882,3.05084745762712,0.0,dementia,10.3397260273973,-0.68053718870387
MrOS,74,1,1,0,0,23.4872165626134,5.1063829787234,1.0,censor,6.16986301369863,-0.0904562109323805
MrOS,72,1,0,0,1,28.2738244036895,8.97637795275591,0.0,censor,11.1616438356164,-1.00697488894101
MrOS,74,1,0,0,0,28.1514309790581,32.2935779816514,0.0,censor,11.0383561643836,-0.41590506287712
MrOS,69,1,0,0,0,25.1870023514196,12.0814479638009,0.0,censor,10.9561643835616,0.3632343075246
MrOS,71,1,0,0,1,33.7962813435537,36.8807339449541,0.0,censor,10.1123287671233,-0.49461592064239
MrOS,70,1,1,0,0,20.4327684771198,2.77929155313352,0.0,censor,11.1835616438356,-0.70864197156395
MrOS,70,1,0,0,1,30.6016016624921,4.84149855907781,0.0,censor,10.7780821917808,0.699252957791251
MrOS,70,1,0,0,1,26.9675375787762,17.7304964539007,0.0,censor,10.9643835616438,-0.24788342797027
MrOS,78,1,0,0,1,21.946491343578,0.0,0.0,censor,9.49041095890411,-0.695073887906
MrOS,70,1,1,0,0,25.3873965858593,7.28434504792332,0.0,censor,11.4246575342466,0.241162951423981
MrOS,75,1,1,0,0,22.8932958269958,8.01007556675063,0.0,censor,6.6,-0.639234791988029
MrOS,78,1,0,0,1,27.9403084911273,5.59485530546624,0.0,censor,3.73972602739726,-0.69755763836533
MrOS,79,1,0,0,1,26.3825134237291,9.185667752443,0.0,death,10.8027397260274,0.26138377017284
MrOS,72,1,0,0,1,26.0381202075458,10.0671140939597,1.0,dementia,3.51232876712329,-1.88574283442103
MrOS,71,1,0,0,1,27.7024992472147,22.5,0.0,censor,11.172602739726,0.19458183374725
MrOS,72,1,0,0,1,24.8572838981106,3.47826086956522,1.0,death,11.9479452054795,-0.173821311094009
MrOS,76,1,0,0,1,27.6349545840023,25.3211009174312,0.0,death,9.58630136986301,-0.28592533713325
MrOS,76,1,0,0,1,25.9738151476043,6.19047619047619,0.0,dementia,10.8849315068493,0.0662877876256005
MrOS,76,1,0,0,1,21.6433342383838,3.6,0.0,death,11.8602739726027,0.0262526062257393
MrOS,77,1,0,0,1,27.5971785943296,16.6216216216216,0.0,censor,11.0876712328767,-1.19476069981684
MrOS,69,1,0,1,0,26.0726621391398,0.727272727272727,0.0,censor,10.4328767123288,-0.35103534502347
MrOS,78,1,0,0,1,32.9617737402215,4.40217391304348,0.0,censor,10.2027397260274,0.4631869996136
MrOS,79,1,0,0,1,28.5627723669995,5.62962962962963,1.0,death,3.00547945205479,-0.53195946352165
MrOS,79,1,0,0,1,27.2503926676227,29.7547683923706,0.0,death,4.23561643835616,-1.6468013695857
MrOS,72,1,0,0,0,26.1106111685013,20.4747774480712,0.0,censor,10.1534246575342,-0.670850322080361
MrOS,73,1,0,0,1,31.5898608995719,10.8510638297872,0.0,censor,10.6054794520548,0.0068751593781399
MrOS,76,1,0,0,1,29.7409055471967,7.40963855421687,0.0,censor,10.9178082191781,-0.45864869014095
MrOS,79,1,0,0,1,24.6522866424979,8.21917808219178,0.0,death,11.2958904109589,-1.05692498167148
MrOS,73,1,0,0,1,29.79152040536,4.90196078431373,0.0,death,3.34246575342466,-0.131583522740949
MrOS,70,1,0,0,1,24.945598214887,18.2,1.0,dementia,10.8164383561644,0.4239114908117
MrOS,73,1,0,0,1,29.9680699367967,28.8888888888889,0.0,censor,10.2712328767123,-0.0045003688725003
MrOS,80,1,0,0,1,26.9224841525351,3.7956204379562,0.0,censor,9.95068493150685,-0.68882917361484
MrOS,74,1,0,0,1,18.0907210993375,34.3626570915619,1.0,dementia,3.8027397260274,-0.187809675708939
MrOS,75,1,0,0,1,25.7830367300024,5.31317494600432,1.0,censor,3.74246575342466,0.118879062487871
MrOS,73,1,0,0,1,24.7385615076229,12.0805369127517,0.0,censor,11.2547945205479,-0.49390323290466
MrOS,74,1,0,0,1,27.4775074957905,8.84792626728111,0.0,dementia,1.01917808219178,-0.64234574595088
MrOS,79,1,0,0,1,24.6689475019607,33.7888198757764,1.0,censor,10.9123287671233,-0.18627320098157
MrOS,79,1,0,0,1,25.0782212595361,4.07079646017699,0.0,death,9.72602739726027,0.71062957847117
MrOS,72,1,0,1,0,23.8434915652886,3.5036496350365,1.0,death,11.8794520547945,0.31706879369367
MrOS,74,1,0,0,1,25.3034904684578,2.02409638554217,0.0,dementia,3.7972602739726,-0.30581286195326
MrOS,73,1,0,0,1,29.5091769657577,32.4932975871314,1.0,censor,11.3917808219178,-0.67093749591437
MrOS,76,1,0,0,1,27.866770117279,17.8481012658228,0.0,censor,10.9369863013699,0.0133938379413394
MrOS,76,1,0,0,0,20.0190029123444,36.0989010989011,1.0,death,4.13698630136986,-0.472906829203571
MrOS,73,1,0,0,1,21.4175933184248,0.752351097178683,0.0,death,7.1972602739726,-0.32104752090851
MrOS,69,1,0,0,1,23.8943220587009,0.16304347826087,1.0,censor,11.4246575342466,0.69356245828386
MrOS,72,1,0,0,1,24.553013721315,6.5546218487395,0.0,dementia,1.17260273972603,-0.49219579633257
MrOS,86,1,0,0,1,24.1607566338423,16.0519480519481,0.0,death,7.72602739726027,-0.37078752525008
MrOS,70,1,0,0,1,30.7387174722175,6.01366742596811,0.0,censor,10.6876712328767,-0.0291550929465103
MrOS,86,1,0,0,1,27.6757011656861,8.01980198019802,1.0,censor,3.8986301369863,-1.21466989801465
MrOS,74,1,0,0,1,28.5058137115585,34.0059347181009,0.0,death,5.28493150684931,-0.37280211661803
MrOS,76,1,0,0,1,32.5380802051651,29.6629213483146,1.0,death,9.93698630136986,0.17532330413583
MrOS,80,1,0,0,1,27.4468409840334,9.1304347826087,0.0,censor,11.2630136986301,-0.43643531842561
MrOS,69,1,0,0,0,29.718036690552,4.0,0.0,censor,11.4712328767123,-0.66021048147073
MrOS,78,1,0,0,1,27.8928019606798,23.0526315789474,1.0,dementia,1.13698630136986,-0.47918716658301
MrOS,72,1,0,0,1,25.1992063576271,36.0,0.0,censor,10.5698630136986,-0.0475060105169305
MrOS,72,1,0,0,0,30.5868422662465,13.7956204379562,0.0,censor,11.558904109589,-0.4662128681167
MrOS,72,1,0,0,1,37.1228315455958,7.0391061452514,1.0,death,5.07945205479452,0.75340123589321
MrOS,81,1,0,0,1,25.6188433316358,8.25688073394495,1.0,death,8.23835616438356,-0.33344139751602
MrOS,75,1,0,0,1,25.1458436152653,0.736196319018405,0.0,censor,9.83287671232877,0.0631294602600093
MrOS,68,1,0,0,1,26.2275484744619,11.9128329297821,0.0,censor,11.0082191780822,-0.38917793920597
MrOS,72,1,0,0,1,26.9814160746537,12.2848664688427,0.0,censor,9.86849315068493,-0.556354671502361
MrOS,78,1,0,0,1,30.2273043024367,5.49738219895288,1.0,death,6.42191780821918,-0.0220092476455207
MrOS,79,1,0,0,1,25.0297609963066,20.1197604790419,1.0,censor,10.2958904109589,-0.875053327634549
MrOS,79,1,0,0,1,28.1374412302503,20.655737704918,0.0,dementia,0.649315068493151,-0.48814479311151
MrOS,73,1,0,0,1,21.6552058806067,1.60583941605839,1.0,censor,11.158904109589,-0.15083528585298
MrOS,79,1,0,0,1,25.7906755797715,3.33333333333333,1.0,death,1.74794520547945,-1.79080469366875
MrOS,68,1,0,0,1,27.3844941151348,7.3134328358209,0.0,censor,3.85753424657534,0.3538607430534
MrOS,70,1,0,0,1,26.6790986184496,4.90463215258856,0.0,censor,9.76164383561644,0.0304031171087701
MrOS,72,1,0,0,1,27.040172152228,13.1803278688525,1.0,censor,11.1561643835616,-0.42461362422405
MrOS,72,1,0,0,1,28.2621217586038,7.58620689655172,0.0,censor,11.0383561643836,-0.206126791164171
MrOS,72,1,0,0,1,32.3562973959287,13.8931297709924,0.0,censor,10.7369863013699,-0.29099988429565
MrOS,72,1,0,0,1,24.8633150327525,0.165289256198347,0.0,censor,10.4465753424658,0.45188400375946
MrOS,77,1,0,0,0,24.5904922697581,17.3394495412844,0.0,death,2.63013698630137,0.43081321731697
MrOS,69,1,0,0,1,25.5614803288669,1.18980169971671,0.0,censor,10.8931506849315,0.17560384590489
MrOS,72,1,0,0,1,27.9605124973745,15.6302521008403,1.0,censor,9.95068493150685,0.181330612406749
MrOS,70,1,0,0,1,25.9430234704962,2.75862068965517,0.0,censor,11.2,1.16028949942698
MrOS,72,1,0,0,1,27.6601858308908,9.86737400530504,0.0,censor,11.1616438356164,-0.0646971970691297
MrOS,72,1,0,0,1,23.8664748271099,6.96774193548387,0.0,dementia,3.16164383561644,0.0088525968688102
MrOS,71,1,0,0,1,26.1048894457932,4.28571428571429,0.0,death,5.07123287671233,-0.156217635642
MrOS,72,1,0,0,1,35.40679166193,51.508120649652,0.0,dementia,1.0,-0.20157267296788
MrOS,72,1,0,0,1,30.5926372276204,10.5365853658537,0.0,censor,11.2164383561644,0.0359691476784704
MrOS,72,1,0,0,0,25.4559657924814,1.86602870813397,0.0,censor,11.2986301369863,0.26408871855823
MrOS,71,1,0,0,1,25.3140874740866,1.455525606469,0.0,death,12.0986301369863,0.22734961336911
MrOS,71,1,1,0,0,21.2458570578737,0.570071258907363,0.0,censor,10.6438356164384,-0.7117576901693
MrOS,71,1,0,0,1,36.3351632501231,48.9949748743719,0.0,dementia,1.06575342465753,-0.9580519229306
MrOS,71,1,0,0,1,28.9282638158122,3.65339578454333,1.0,censor,10.0109589041096,-0.23007635129789
MrOS,71,1,0,0,1,32.1683256298038,55.609756097561,1.0,dementia,1.2027397260274,-0.81335109666741
MrOS,71,1,0,0,1,22.4683678318848,4.81865284974093,0.0,censor,10.0712328767123,0.14723138806721
MrOS,71,1,1,0,0,23.7316084284609,8.44221105527638,0.0,death,2.56712328767123,-0.72369355733717
SOF,80,0,0,0,1,26.2033963010178,3.375,0.0,censor,7.06365503080082,-0.11646892459038
SOF,85,0,0,0,1,30.2677367901024,18.9655172413793,0.0,censor,6.8062970568104,-0.67370825478186
SOF,83,0,0,0,1,29.1675217548249,20.3305785123967,0.0,death,6.71868583162218,-0.766822361493669
SOF,80,0,0,0,1,25.5913643179401,5.18358531317495,,censor,6.28336755646817,-0.174078740594911
SOF,80,0,0,0,1,27.0631468358164,15.9773371104816,,censor,7.01437371663244,0.0871088605401596
SOF,80,0,0,0,1,27.1329029971271,11.2871287128713,0.0,dementia,5.02121834360027,-0.171323123976239
SOF,82,0,0,0,1,25.2226746923987,1.53409090909091,,censor,7.5482546201232,-0.139516896781259
SOF,86,0,0,0,1,29.5901153463734,26.7757009345794,,censor,7.67145790554415,-0.21437330387821
SOF,79,0,0,0,1,27.4921449276068,40.7088607594937,0.0,censor,7.90691307323751,-0.283943515271621
SOF,86,0,0,0,1,27.949475947326,3.45762711864407,0.0,censor,7.38945927446954,-1.36513659010203
SOF,81,0,0,0,1,25.1781654720825,5.27472527472527,,censor,6.97604380561259,-0.895145572259329
SOF,80,0,0,0,1,27.7196703293161,27.2254335260116,0.0,dementia,5.76591375770021,-0.625679016947019
SOF,89,0,0,0,1,36.5358424387908,44.0625,0.0,censor,6.7460643394935,-1.13688385719301
SOF,82,0,0,0,1,27.1145337412087,1.97183098591549,,censor,7.24161533196441,-0.4011883008455
SOF,82,0,0,0,1,27.8865551204462,44.0883977900552,0.0,censor,6.50239561943874,-0.96193887717783
SOF,82,0,0,0,1,26.8545150131079,19.8666666666667,,dementia,4.12320328542094,0.12049329118763
SOF,82,0,0,0,1,33.7729641598975,8.62275449101796,0.0,censor,7.48528405201917,-1.41530232381137
SOF,83,0,0,0,1,24.6482064851817,40.9756097560976,0.0,censor,6.55715263518138,-0.82604748872136
SOF,86,0,0,0,1,27.1056513110393,10.5993690851735,,censor,5.94661190965092,0.108964023688409
SOF,83,0,0,0,1,24.0011270445204,17.0818505338078,1.0,dementia,3.95345653661875,-0.18435409144855
SOF,80,0,0,0,1,20.8638817997227,18.2608695652174,0.0,dementia,5.96303901437372,-0.60607022012187
SOF,81,0,0,0,1,26.6162570888469,1.61725067385445,0.0,censor,7.60027378507871,0.0877028845635905
SOF,83,0,0,0,1,24.0668086224145,1.82741116751269,,death,5.31416837782341,-0.181484727150659
SOF,82,0,0,0,1,24.0693097374553,30.920245398773,0.0,dementia,4.19164955509925,-0.464879221464631
SOF,80,0,0,0,1,21.5895936017723,2.90556900726392,0.0,dementia,4.28473648186174,-1.60447086050277
SOF,81,0,0,0,1,26.5779995071996,7.96875,0.0,censor,6.99520876112252,-0.91866410216424
SOF,80,0,0,0,1,25.7210322145387,4.35,,censor,6.26967830253251,-0.93661072922626
SOF,80,0,0,0,1,25.0385593814474,15.2857142857143,0.0,dementia,5.80698151950719,-1.34265678120196
SOF,80,0,0,0,1,28.4421868351879,38.8636363636364,,dementia,4.33675564681725,-1.34747344704659
SOF,80,0,0,0,1,32.0997037052041,27.5,0.0,censor,7.94524298425736,-0.51956061068492
SOF,81,0,0,0,1,25.7464766357572,2.60869565217391,0.0,censor,7.30184804928131,-1.41662984826812
SOF,81,0,0,0,1,24.0181528281184,27.2897196261682,0.0,censor,6.67488021902806,-0.91922231438123
SOF,84,0,0,0,1,25.1684608982791,15.959595959596,0.0,censor,6.87200547570157,-0.78433457456117
SOF,88,0,0,0,1,31.2686691708046,6.34615384615385,0.0,dementia,4.79397672826831,-0.12570523157933
SOF,80,0,0,0,1,37.3955187301286,15.5891238670695,0.0,dementia,5.68377823408624,-0.32837969859287
SOF,85,0,0,0,1,25.8162660372926,8.65771812080537,,censor,6.3709787816564,-1.04807070272093
SOF,82,0,0,0,1,30.8489431222611,6.33165829145729,,dementia,4.21629021218344,-0.40038280491284
SOF,80,0,0,0,1,35.1051879084967,5.75892857142857,0.0,censor,6.63107460643395,-0.57091165816347
SOF,88,0,0,0,1,27.7366863905325,26.4705882352941,0.0,censor,7.30458590006845,-0.766663024156639
SOF,83,0,0,0,1,28.4619826478756,10.1183431952663,,death,6.11909650924025,-0.33925896028174
SOF,86,0,0,0,1,20.2827675705211,0.350877192982456,,censor,6.54620123203285,-1.74600120958781
SOF,82,0,0,0,1,28.93349908384,11.7073170731707,0.0,censor,7.21971252566735,-0.594483124616789
SOF,80,0,0,0,1,34.7598082182836,15.1094890510949,0.0,dementia,5.14715947980835,0.18361779428422
SOF,86,0,0,0,1,21.377021396794,1.18518518518519,0.0,dementia,5.99041752224504,-0.76606355217442
SOF,81,0,0,0,1,26.4289311474318,11.8085106382979,0.0,censor,7.50718685831622,-1.33484323537477
SOF,82,0,0,0,1,25.507601265177,24.3795620437956,,censor,6.10540725530459,-0.701797216633889
SOF,83,0,0,0,1,28.9213665806241,21.340206185567,,censor,6.68309377138946,-0.36641559213294
SOF,87,0,0,0,1,22.5093090360508,1.47982062780269,0.0,censor,6.77344284736482,-0.72647828275412
SOF,82,0,0,0,1,26.5020848205881,3.75,,censor,6.07529089664613,-0.609010874891609
SOF,83,0,0,0,1,35.5718571276121,9.45454545454546,,censor,7.16221765913758,0.23674387042724
SOF,82,0,0,0,1,28.7386213021282,7.43935309973046,,censor,6.86379192334018,-0.0706734332781707
SOF,82,0,0,0,1,22.5972742037992,37.328990228013,,censor,7.47433264887064,-0.0533093955859798
SOF,85,0,0,0,1,27.5570835885503,52.520325203252,,death,6.34086242299795,-0.39151778305724
SOF,79,0,0,0,1,25.9763396453452,9.07161803713528,0.0,censor,7.94250513347023,-0.0076240724636903
SOF,86,0,0,0,1,35.7445452460815,80.0682593856655,0.0,dementia,5.80424366872005,-0.24179884227397
SOF,81,0,0,0,1,19.1325279138676,3.31658291457286,,censor,6.73237508555784,-0.974884322272951
SOF,81,0,0,0,1,29.4111244675885,5.67335243553009,,dementia,5.72758384668036,-1.24770311088676
SOF,82,0,0,0,1,27.9395111970576,10.5707196029777,0.0,death,7.3429158110883,0.13785120060389
SOF,88,0,0,0,1,27.8989388837874,26.4878048780488,0.0,censor,6.46406570841889,-0.84402451464255
SOF,79,0,0,0,1,24.9512757032794,14.7404844290657,0.0,censor,7.59753593429158,-0.23355920176045
SOF,82,0,0,0,1,30.1651010733811,35.6417910447761,,dementia,4.53661875427789,-1.03961277022592
SOF,81,0,0,0,1,30.9401832997398,18.6348122866894,0.0,dementia,5.53593429158111,-0.21888799268435
SOF,80,0,0,0,1,40.4493343195266,22.6062322946176,0.0,dementia,4.40793976728268,-0.312949969537419
SOF,81,0,0,0,1,22.9376,1.77631578947368,,censor,7.23887748117728,-0.314001306445699
SOF,83,0,0,0,1,25.5714432477707,8.41121495327103,0.0,censor,6.61738535249829,-0.76041050234021
SOF,84,0,0,0,1,28.7745133750594,17.2307692307692,,censor,6.09445585215606,-0.18568843955817
SOF,89,0,0,0,1,25.2200327378514,3.54430379746835,0.0,censor,7.59206023271732,-0.54329535229774
SOF,79,0,0,0,1,36.1215683984999,39.5022624434389,0.0,censor,7.06639288158795,-0.88890917326672
SOF,83,0,0,0,1,28.3422854875474,6.99300699300699,,dementia,4.16153319644079,0.0805776864229799
SOF,79,0,0,0,1,25.6211124687034,9.12114014251781,,censor,6.66666666666667,-0.68160397503147
SOF,81,0,0,0,1,30.5240987759836,2.18487394957983,0.0,censor,7.55920602327173,-0.3231499148417
SOF,81,0,0,0,1,25.6243878887636,3.87596899224806,1.0,censor,7.11841204654346,-0.74843215212891
SOF,81,0,0,0,1,24.7949887359908,6.97674418604651,0.0,censor,7.3429158110883,-1.0895321920915
SOF,87,0,0,0,1,22.6140736074222,23.5862068965517,0.0,dementia,4.53661875427789,-0.0374549049119594
SOF,80,0,0,0,1,32.2879688093887,12.2413793103448,0.0,censor,7.57015742642026,0.0639357073160795
SOF,80,0,0,0,1,26.4911352590218,9.3371757925072,0.0,censor,7.03080082135524,-0.49156414797156
SOF,84,0,0,0,1,29.3198564870182,16.6844919786096,,censor,7.47433264887064,-1.1564576129997
SOF,80,0,0,0,1,29.5245437124391,13.7368421052632,,censor,6.17932922655715,0.465605387510701
SOF,83,0,0,0,1,31.1525721559284,16.1329305135952,0.0,dementia,5.2539356605065,0.0301481902121594
SOF,79,0,0,0,1,29.3699203340911,2.33766233766234,,dementia,5.67008898015058,-0.78048683803261
SOF,81,0,0,0,1,34.2808549572802,68.2702702702703,,censor,6.42026009582478,-0.80657874702484
SOF,82,0,0,0,1,22.9578039977484,1.84834123222749,1.0,censor,6.87474332648871,-0.78374511112395
SOF,79,0,0,0,1,31.2154872628034,24.2406876790831,0.0,dementia,5.82340862422998,-0.0677660375185198
SOF,85,0,0,0,1,25.8064516129032,17.8021978021978,0.0,censor,6.7460643394935,-1.52898361631333
SOF,79,0,0,0,1,35.9275916896322,24.5637583892617,0.0,death,6.18480492813142,-0.48023068467422
SOF,85,0,0,0,1,24.2468223520083,4.04761904761905,,dementia,4.00547570157426,-1.07965492332028
SOF,86,0,0,0,1,19.1174306922853,34.4622425629291,0.0,dementia,4.44900752908966,0.15193264767597
SOF,80,0,0,0,1,26.4797389943307,5.41666666666667,,dementia,4.96098562628337,-0.918686392335729
SOF,88,0,0,0,1,32.9858780126033,12.1578947368421,,dementia,4.13689253935661,0.0666442349940695
SOF,80,0,0,0,1,31.9651861953511,10.8355795148248,,censor,7.09924709103354,-0.27029806344497
SOF,84,0,0,0,1,28.7349689026398,12.703213610586,,dementia,4.16153319644079,0.115644520101969
SOF,83,0,0,0,1,32.0424617733051,21.4899713467049,,censor,6.55989048596851,0.0627912077936799
SOF,81,0,0,0,1,25.3292783069245,19.6208530805687,0.0,censor,6.69678302532512,-0.68605921630041
SOF,81,0,0,0,1,31.46157501429,6.66666666666667,0.0,censor,7.43052703627652,0.0850634318370297
SOF,88,0,0,0,1,29.3162800933623,15.9473684210526,,dementia,5.92197125256673,-0.631202136554469
SOF,91,0,0,0,1,29.8540138721651,8.44444444444444,0.0,censor,7.30458590006845,-0.754987927132071
SOF,84,0,0,0,1,25.160192948398,0.920716112531969,,censor,6.38193018480493,-0.47124543446044
SOF,82,0,0,0,1,31.5426646508319,2.31325301204819,,censor,6.1492128678987,-0.52856203027425
SOF,79,0,0,0,1,25.5672634304579,13.730407523511,0.0,censor,7.12936344969199,-0.72175028946162
SOF,79,0,0,0,1,20.5618319694182,0.0,,censor,7.56194387405886,-0.945381474089331
SOF,79,0,0,0,1,36.9033443815831,6.53846153846154,0.0,dementia,4.97741273100616,0.481715936682561
SOF,91,0,0,0,1,25.5421107011557,5.33742331288344,0.0,censor,6.72142368240931,-0.718210080188
SOF,81,0,0,1,0,20.8441331093313,6.27906976744186,,censor,6.17659137577002,0.0841431918894102
SOF,81,0,0,0,1,26.6888364117596,3.54037267080745,0.0,censor,7.30458590006845,0.0859505876167304
SOF,81,0,0,0,1,24.0518789089273,3.4965034965035,,censor,6.16290212183436,0.17960992855748
SOF,80,0,0,0,1,30.6150006639836,2.08092485549133,0.0,censor,7.04175222450376,-0.7399296569895
SOF,89,0,0,0,1,24.4230973697994,7.73638968481375,,censor,6.94318959616701,-0.897092905208009
SOF,82,0,0,0,1,23.3995442938749,19.4594594594595,0.0,censor,6.5160848733744,-0.0829049057021507
SOF,79,0,0,0,1,25.3789548700782,7.94520547945205,0.0,censor,7.59206023271732,-0.40120252712244
SOF,82,0,0,0,1,26.9813737827206,24.3850267379679,,censor,7.31006160164271,-1.02040066174441
SOF,83,0,0,0,1,25.3723542827735,17.9220779220779,,censor,7.58110882956879,-0.312578426862829
SOF,82,0,0,0,1,23.3186318522653,9.17098445595855,,dementia,4.03011635865845,-0.976070142561581
SOF,83,0,0,0,1,27.6396017993896,5.2887537993921,,censor,6.34360027378508,0.0636568087253906
SOF,81,0,0,0,1,33.8485958860379,24.3609022556391,0.0,dementia,4.92265571526352,0.70067878944423
SOF,86,0,0,0,1,38.0230988212945,17.6571428571429,1.0,dementia,4.86242299794661,-0.0076222523435205
SOF,86,0,0,0,1,19.8063925131836,11.5862068965517,,censor,6.17111567419576,-0.18825464904965
SOF,81,0,0,0,1,27.4120898629221,6.58753709198813,,censor,7.4715947980835,0.0256480356309396
SOF,83,0,0,0,1,33.6126059758519,10.6611570247934,,dementia,4.31485284052019,0.474309994649759
SOF,82,0,0,0,1,29.2619285181046,6.20689655172414,0.0,dementia,3.89322381930185,-0.59515569301787
SOF,79,0,0,0,1,33.5767648787039,6.25,0.0,censor,7.92881587953457,0.0972925319889796
SOF,82,0,0,0,1,33.0227054687745,0.158730158730159,0.0,dementia,4.40793976728268,-0.881566270198211
SOF,85,0,0,0,1,28.8398731495565,11.8208955223881,,death,7.43326488706365,-0.34502886357814
SOF,79,0,0,0,1,25.2954449052691,4.36363636363636,,censor,6.20944558521561,-0.85420566766133
SOF,81,0,0,0,1,26.8463582914978,10.4464285714286,0.0,censor,6.87200547570157,-0.46511880189427
SOF,81,0,0,0,1,21.0770914887636,21.1570247933884,,censor,7.68240930869268,-0.766886957040831
SOF,86,0,0,0,1,23.8374059791132,22.0052770448549,1.0,censor,6.74880219028063,-0.0491064515555905
SOF,80,0,0,0,1,30.9371374554204,6.11111111111111,0.0,censor,7.56741957563313,-0.38667531550151
SOF,84,0,0,0,1,26.7737509340617,1.43540669856459,0.0,censor,7.12662559890486,-0.73933084610254
SOF,81,0,0,0,1,23.8903900804671,10.6329113924051,,dementia,5.15263518138261,-0.94435002339918
SOF,83,0,0,0,1,19.6178600541704,23.8202247191011,1.0,dementia,4.82409308692676,-0.523232262871549
SOF,79,0,0,0,1,27.5132498929464,15.3333333333333,0.0,dementia,5.78781656399726,0.806829094464619
SOF,83,0,0,0,1,27.3307340183967,9.4954128440367,,dementia,4.63244353182752,-2.46857401312185
SOF,80,0,0,0,1,30.529427573233,9.44606413994169,,dementia,4.56947296372348,-0.29296943659607
SOF,80,0,0,0,1,24.5497127032674,5.35031847133758,1.0,dementia,3.84941820670773,0.385410712247069
SOF,91,0,0,0,1,21.1711015859249,43.1683168316832,0.0,dementia,3.75633127994524,-0.97846883913622
SOF,81,0,0,0,1,31.4364767856965,3.52078239608802,0.0,censor,7.11019849418207,-0.17255901529695
SOF,82,0,0,0,1,25.2808339497041,1.12903225806452,1.0,censor,7.35934291581109,-1.65814570094245
SOF,82,0,0,0,1,28.9870449553841,7.86096256684492,0.0,censor,6.34907597535934,-0.238642812011859
SOF,88,0,0,0,1,37.6314640162219,0.46875,,censor,6.81724845995893,-1.38084410107811
SOF,80,0,0,0,1,27.1147345162685,27.3626373626374,0.0,censor,6.61464750171116,-1.33914565263505
SOF,85,0,0,0,1,21.9780013551711,8.85245901639344,,censor,6.63381245722108,-0.33418537708659
SOF,82,0,0,0,1,35.6747167386443,6.45476772616137,,censor,6.29979466119097,-0.16682341255035
SOF,80,0,0,0,1,30.8249034394888,9.10994764397906,,censor,7.55373032169747,-0.17585474414893
SOF,93,0,0,0,1,20.554243066928,6.95454545454545,1.0,dementia,3.93976728268309,-1.54701846994873
SOF,89,0,0,0,1,26.1392233120764,13.8461538461538,,censor,6.99247091033539,-0.593732084113501
SOF,80,0,0,0,1,32.2201804040483,17.5494071146245,,censor,7.58932238193018,-0.5389220990197
SOF,81,0,0,0,1,25.2759402364896,20.5347593582888,,dementia,4.40246406570842,-1.08282961514726
SOF,89,0,0,0,1,24.4646016033724,2.75618374558304,0.0,dementia,4.19712525667351,-0.31490020803229
SOF,88,0,0,0,1,21.2898998503934,19.1379310344828,,dementia,4.5201916495551,-0.58920032294164
SOF,80,0,0,0,1,28.880332036071,12.085308056872,0.0,censor,7.57289527720739,-0.29150285764609
SOF,85,0,0,0,1,23.1760427981448,16.3125,,dementia,4.94182067077344,-0.13540472957307
SOF,84,0,0,0,1,31.3403194592504,54.6401985111663,,censor,5.96851471594798,-0.932941065060849
SOF,83,0,0,0,1,27.8331916421864,13.5584415584416,0.0,censor,7.57015742642026,-0.493664773570789
SOF,80,0,0,0,1,29.2489493644439,14.9333333333333,0.0,censor,6.8993839835729,-0.23250479347741
SOF,80,0,0,0,1,35.5002319940161,11.0236220472441,,censor,7.4031485284052,-0.242914043196831
SOF,86,0,0,0,1,24.227921796797,5.53846153846154,0.0,censor,6.69130732375086,-0.3454065257088
FHS,63,1,0,0,1,27.84553558,4.9893390192,0.0,death,16.1889117043121,-0.49251921524771
FHS,73,0,0,0,1,35.381779002,15.455861071,0.0,dementia,16.7583846680356,-0.0608143799283397
FHS,60,1,0,0,1,25.534073407,2.6740947075,0.0,censor,22.3956194387406,0.651744150340831
FHS,54,1,0,0,1,30.613647885,14.20212766,0.0,censor,21.8151950718686,0.10090866953624
FHS,70,0,0,0,1,25.713410563,7.610619469,1.0,dementia,11.9206023271732,0.30792949718298
FHS,60,0,0,0,1,23.145207581,0.0,0.0,censor,21.3634496919918,-0.96783555407571
FHS,57,0,0,0,1,28.902802401,7.8947368421,0.0,censor,22.3052703627652,-0.29841462144634
FHS,53,1,0,0,1,24.914426571,0.5853658537,0.0,censor,20.788501026694,0.14468053637901
FHS,65,1,0,0,1,38.619398802,28.724409449,0.0,death,18.2970568104038,0.36729700665033
FHS,68,0,0,0,0,20.381368836,7.2812135356,0.0,dementia,8.01368925393566,0.8196095218132
FHS,56,1,0,0,1,27.946137197,28.65,0.0,censor,22.1492128678987,0.41527474996272
FHS,65,1,0,0,1,29.702499397,14.507227332,0.0,death,14.5735797399042,0.59706920665115
FHS,76,0,0,0,1,30.243962927,20.0,0.0,dementia,13.7960301163587,0.250737130215509
FHS,64,1,0,0,1,35.532139002,22.731958763,0.0,death,14.3983572895277,-0.39972699468778
FHS,53,1,0,0,1,35.36504484,11.105769231,0.0,censor,21.2292950034223,-0.38142086205316
FHS,40,1,0,0,1,22.824302486,0.9079445145,0.0,censor,18.7433264887064,0.22328882383504
FHS,61,0,0,0,1,34.12486825,4.0601503759,0.0,censor,15.3182751540041,-0.41622852069175
FHS,62,1,0,0,1,32.610190138,4.1838351823,0.0,censor,21.7138945927447,0.6942442569839
FHS,57,0,0,0,1,27.462890298,0.2611534276,0.0,censor,15.3401779603012,0.20758175110454
FHS,69,0,0,0,1,22.785424644,0.4406364749,0.0,death,12.5995893223819,-0.0066354950429101
FHS,60,1,0,0,1,29.5223405,12.587412587,0.0,censor,21.7303216974675,0.61071984494306
FHS,69,0,0,0,1,25.827270589,2.2911694511,0.0,censor,21.1718001368925,0.101472946248759
FHS,65,0,0,0,1,22.108241769,3.0722891566,0.0,death,20.0985626283368,0.39433930170599
FHS,70,0,0,0,1,25.599638303,10.945273632,0.0,dementia,5.11978097193703,0.55893872600158
FHS,57,0,0,0,1,28.04340137,25.627705628,0.0,censor,14.5845311430527,-0.85928286472727
FHS,55,1,0,0,1,25.953399259,13.762237762,0.0,censor,22.2696783025325,0.43576463512682
FHS,61,1,0,0,1,28.686031383,35.930635838,1.0,censor,21.3634496919918,0.38004970733887
FHS,70,1,0,0,1,23.122241921,0.933125972,0.0,censor,9.19644079397673,-0.47823908816048
FHS,74,1,0,0,1,23.577017951,10.564334086,0.0,censor,19.066392881588,-0.9443067386609
FHS,54,0,0,0,1,25.524262097,0.0,0.0,death,18.9103353867214,-0.0465911012303103
FHS,71,0,0,0,1,22.965726405,3.5789473684,1.0,dementia,15.315537303217,0.16767517929112
FHS,72,1,0,0,1,29.68870683,16.056338028,0.0,dementia,10.6255989048597,0.61877961926339
FHS,61,0,0,0,1,25.111521889,5.9418729817,0.0,censor,17.5824777549624,-0.0046853091968998
FHS,76,0,0,0,0,23.808047616,42.601054482,1.0,death,16.7337440109514,-0.93541761400453
FHS,51,1,0,0,1,28.358620731,14.4375,0.0,censor,21.6098562628337,0.0695325913603803
FHS,52,1,0,0,1,35.605003518,12.773109244,0.0,censor,22.1711156741958,0.54475553516877
FHS,58,0,0,0,1,25.417524805,0.6629834254,0.0,censor,15.7262149212868,0.31856077928861
FHS,71,0,0,0,1,27.696119742,2.602739726,0.0,censor,22.6228610540726,-0.492799418740511
FHS,54,1,0,0,1,35.102307859,18.830769231,0.0,censor,20.3668720054757,-0.0391301861744502
FHS,63,0,0,0,1,25.985543942,8.5714285714,1.0,dementia,12.5530458590007,-0.55291529913217
FHS,57,1,0,0,0,32.058813678,12.782193959,0.0,death,8.62422997946612,-0.99295048692046
FHS,41,0,0,0,1,50.0,14.4,1.0,censor,22.861054072553,0.71220871554272
FHS,68,0,0,0,0,20.233370096,1.0020876827,0.0,dementia,1.94934976043806,0.00289248069068
FHS,48,0,0,0,1,36.040414911,6.1926605505,0.0,censor,20.9856262833676,-1.25900459763028
FHS,56,1,0,0,1,30.481268096,3.3333333333,0.0,death,23.1622176591376,0.76652731817943
FHS,56,0,0,0,1,26.260383099,1.6136919315,0.0,censor,18.4175222450376,0.53100194012079
FHS,53,0,0,0,1,23.228296659,8.6486486486,0.0,death,21.4674880219028,0.1440379382734
FHS,64,1,0,0,1,27.399191597,16.305343511,0.0,censor,15.2553045859001,0.21090676962589
FHS,63,1,0,0,0,38.977096811,67.687776141,0.0,death,9.13073237508556,0.122247721274221
FHS,56,1,0,0,1,26.883704286,17.712177122,0.0,censor,14.3874058863792,-0.0003357505595801
FHS,56,1,0,0,1,30.624275322,1.0198300283,0.0,censor,15.7837097878166,-0.37489690987481
FHS,67,1,0,0,1,28.337728767,15.979112272,0.0,censor,21.1553730321697,-1.02050788125607
FHS,43,1,0,0,1,26.744787358,4.3758765778,0.0,censor,22.1930184804928,0.69310732612233
FHS,49,0,0,0,1,26.176702812,0.8172531215,0.0,censor,15.3483915126626,-0.0402148536586303
FHS,61,0,0,0,1,25.787448483,1.8045112782,0.0,censor,15.772758384668,-0.76200424688315
FHS,66,0,0,0,1,25.361628517,0.8266360505,0.0,censor,22.7789185489391,-0.81721134930082
FHS,65,1,0,0,1,37.521185945,25.560165975,1.0,death,19.4661190965092,0.24812574868471
FHS,71,1,0,0,1,30.998457525,13.093922652,0.0,death,17.8726899383984,-0.38535803268765
FHS,57,1,0,0,1,28.058870978,21.389728097,0.0,censor,21.6919917864476,1.03221772110892
FHS,75,1,0,0,1,23.810409403,40.588235294,0.0,censor,9.65913757700205,-0.26270688373906
FHS,53,0,0,0,1,29.202425269,0.5790108565,1.0,censor,14.2614647501711,0.15174948533092
FHS,50,0,0,0,1,22.621500726,1.381294964,0.0,censor,20.8870636550308,-0.81322788125502
FHS,67,0,0,0,1,25.306173061,20.81300813,0.0,dementia,7.54277891854894,0.76203609841578
FHS,49,0,0,0,1,30.479569354,7.033492823,0.0,censor,9.6290212183436,0.57190403906027
FHS,50,1,0,0,1,24.153683424,1.0181818182,0.0,censor,21.2594113620808,0.49193062463799
FHS,57,0,0,0,1,20.554281109,5.1818181818,0.0,censor,22.5571526351814,0.46540856417538
FHS,54,0,0,0,1,25.326245378,0.1352874859,0.0,death,18.5571526351814,1.05069954376803
FHS,73,1,0,0,0,30.925998569,5.9433962264,0.0,death,14.8145106091718,0.37236526873116
FHS,53,1,0,0,1,24.216456724,6.6584463625,0.0,censor,20.9281314168378,-0.04098197543371
FHS,55,0,0,0,1,30.588797924,5.2941176471,0.0,censor,22.2833675564682,-0.14699737840542
FHS,70,0,0,0,1,25.370501482,4.6153846154,1.0,censor,11.9397672826831,0.11165308262768
FHS,51,0,0,0,1,33.048643017,2.7610619469,0.0,censor,14.9459274469541,0.70734563911392
FHS,44,0,0,0,1,29.7558751,6.88,0.0,censor,13.8343600273785,0.10558340880331
FHS,75,1,0,0,1,31.442920029,6.5099457505,0.0,death,16.9774127310062,-0.384647401682891
FHS,47,0,0,0,1,35.49572704,1.074168798,0.0,censor,22.2094455852156,0.34559010163668
FHS,65,0,0,0,1,29.209841486,7.5,0.0,death,21.8316221765914,1.04276994825319
FHS,51,0,0,0,1,26.781118651,0.4240282686,0.0,censor,21.6563997262149,-1.19248536423898
FHS,76,0,0,0,1,26.123441297,2.6373626374,0.0,death,11.5592060232717,-0.13978668825193
FHS,66,0,0,0,1,33.930280277,9.7834394904,0.0,censor,21.886379192334,-0.0507542293731703
FHS,61,1,0,0,1,37.327810113,15.730337079,0.0,censor,22.1848049281314,0.27251029985836
FHS,72,0,0,0,1,27.967077193,21.26394052,0.0,dementia,14.8117727583847,0.0025658381176
FHS,56,0,0,0,1,33.653245553,17.184822521,0.0,death,17.7084188911704,-0.25772071784206
FHS,62,1,0,0,1,23.43329936,4.2798353909,0.0,censor,14.54893908282,0.17800240191816
FHS,61,1,0,0,1,38.785934288,29.87755102,0.0,death,15.7344284736482,-0.39999715365522
FHS,55,0,0,0,1,29.301884597,0.3943044907,0.0,censor,23.0554414784394,0.67030014191231
FHS,59,0,0,0,1,33.79085782,26.4,0.0,death,16.3285420944559,-0.0342423866165397
FHS,54,0,0,0,1,23.119673342,1.4319809069,1.0,censor,21.8069815195072,-0.33206862889034
FHS,66,0,0,0,1,26.473426339,1.40969163,1.0,dementia,9.44832306639288,-0.23612756900488
FHS,67,1,0,0,0,24.308357817,5.1131824234,0.0,death,4.37234770704996,-0.5088793192282
FHS,77,0,0,0,1,26.369338323,15.789473684,0.0,dementia,14.2067077344285,-0.0534690988080797
FHS,52,0,0,0,1,23.441120317,0.0,0.0,censor,20.8651608487337,0.62528470645068
FHS,54,0,0,0,1,20.916288652,0.1277955272,0.0,censor,20.9418206707734,0.18151351334412
FHS,56,1,0,0,1,30.840364349,5.1533742331,0.0,censor,20.8350444900753,0.46056284742606
FHS,57,1,0,0,1,26.95107431,1.2857142857,0.0,censor,22.611909650924,0.0666821752622397
FHS,51,1,0,0,1,26.69801258,7.3056994819,1.0,censor,18.0123203285421,-1.1458301715474
FHS,56,1,0,0,1,28.023412448,5.7279236277,0.0,censor,14.8117727583847,-0.45490799857646
FHS,50,1,0,0,1,25.073397816,0.4580152672,0.0,death,18.4996577686516,0.15987174951282
FHS,40,0,0,0,1,20.650887277,0.295202952,0.0,censor,17.1772758384668,0.67363869642159
FHS,65,0,0,0,1,22.959830618,7.2558139535,0.0,censor,14.735112936345,-0.3734205122429
FHS,48,1,0,0,1,25.072296345,2.8265524625,0.0,censor,21.2895277207392,-0.46335567778222
FHS,62,0,0,0,0,26.154730514,0.3092783505,0.0,censor,22.1464750171116,-0.0586730325731402
FHS,49,1,0,0,1,25.707858348,1.536,0.0,censor,20.848733744011,0.84958659264902
FHS,67,0,0,0,1,25.307322489,5.76,1.0,censor,22.90212183436,-0.277733876595489
FHS,47,0,0,0,1,26.290375161,1.6828478964,0.0,censor,21.2292950034223,0.13199648576163
FHS,61,1,0,0,1,33.087821278,21.387406617,0.0,censor,14.7241615331964,-0.42313712010958
FHS,55,0,0,0,1,30.998199128,0.705052879,0.0,censor,21.8918548939083,0.40483846848679
FHS,77,1,0,0,1,30.502679819,13.130193906,0.0,death,9.99041752224504,-0.422350275604479
FHS,74,0,0,0,1,32.430834092,6.149341142,0.0,censor,21.9767282683094,-0.455580807011989
FHS,47,0,0,0,1,27.102598927,0.2797202797,0.0,censor,21.7905544147844,-0.34132410456892
FHS,65,1,0,0,1,28.675688794,7.5616438356,0.0,dementia,20.0082135523614,-0.56729544960962
FHS,76,0,0,0,1,21.178741071,15.376044568,0.0,death,16.7282683093771,-0.62294127625958
FHS,56,1,0,0,0,37.012968402,25.839416058,0.0,death,8.55030800821356,0.826436226418031
FHS,55,0,0,0,1,23.365232103,1.8288393904,0.0,censor,22.2505133470226,0.98151714839362
FHS,51,1,0,0,1,33.693975571,0.6997084548,0.0,censor,9.70841889117044,0.73136777862556
FHS,75,1,0,0,1,31.274187885,5.101663586,0.0,dementia,7.33744010951403,0.12349123637746
FHS,57,1,0,0,1,34.980000991,4.2105263158,0.0,censor,16.8569472963723,1.10430062132626
FHS,64,0,0,0,1,22.741980968,6.2311557789,0.0,dementia,11.1129363449692,0.15187621253683
FHS,58,1,0,0,1,29.884567933,10.070921986,1.0,censor,13.8945927446954,0.773759943408641
FHS,61,0,0,0,1,22.044488533,0.1534526854,0.0,censor,13.5852156057495,-0.19595317050569
FHS,70,0,0,0,1,22.141484283,13.071428571,0.0,dementia,15.1731690622861,0.224255998349
FHS,55,0,0,0,1,33.642968768,3.8709677419,0.0,censor,21.7111567419576,-0.16167984920819
FHS,68,1,0,0,1,27.119673363,14.613180516,1.0,dementia,15.5181382614648,-1.0679725495468
FHS,43,0,0,0,1,24.837056102,0.1276595745,0.0,censor,15.5701574264203,-0.11522666225995
FHS,60,0,0,0,1,30.137080548,19.669966997,1.0,censor,14.5407255304586,0.24739048172846
FHS,57,0,0,0,1,22.396549668,2.1168687982,1.0,censor,22.2888432580424,-1.49201916160613
FHS,60,1,0,0,1,30.031356139,7.3375796178,0.0,death,14.1793292265572,0.404371316364831
FHS,74,1,0,0,1,26.06661017,1.7115689382,0.0,dementia,13.0759753593429,-0.21054887304732
FHS,64,0,0,0,1,27.251196775,3.1724137931,0.0,censor,8.35865845311431,-0.0685972833292404
FHS,62,1,0,0,1,26.071175325,7.2832369942,0.0,censor,17.09787816564,0.23244091952951
FHS,66,1,0,0,0,33.342255631,15.218855219,0.0,death,6.62012320328542,0.0775908489896096
FHS,62,0,0,0,1,25.73247334,1.0714285714,1.0,censor,22.1163586584531,-0.0473634730684999
FHS,62,1,0,0,1,30.638037055,6.9014084507,0.0,censor,21.0184804928131,0.78710749076126
FHS,55,1,0,0,1,29.024807492,1.4860681115,0.0,censor,16.5311430527036,0.69911210512694
FHS,55,0,0,0,1,27.258119032,1.5,0.0,censor,22.3600273785079,0.34167591274118
FHS,44,1,0,0,1,30.093827424,3.8657718121,1.0,censor,21.2703627652293,-0.98946326456562
FHS,45,1,0,0,1,31.274187885,7.9782903664,0.0,censor,17.2484599589322,1.22962578216447
FHS,58,1,0,0,1,27.826042796,9.4444444444,0.0,death,20.1122518822724,-0.44214469536572
FHS,58,0,0,0,1,25.756824253,0.4368932039,0.0,censor,21.0540725530459,-0.40120126981945
FHS,54,0,0,0,1,25.673204489,2.5586353945,0.0,censor,21.0622861054073,0.32777941922145
FHS,55,0,0,0,1,24.969825497,4.7883917775,0.0,censor,22.113620807666,0.36832559352731
FHS,67,1,0,0,1,24.111922483,3.6363636364,0.0,death,13.9082819986311,-0.34451089894335
FHS,51,0,0,0,0,30.762975548,8.4280936455,1.0,censor,2.36824093086927,-0.20287958641726
FHS,47,0,0,0,1,26.25978469,6.4257028112,1.0,censor,20.5420944558522,0.05333977909903
FHS,52,0,0,0,1,25.808157085,10.066577896,0.0,censor,21.3278576317591,0.60389667345078
FHS,51,1,0,0,1,33.287137429,5.1879699248,0.0,censor,21.7221081451061,-0.0200390270267299
FHS,57,0,0,0,1,31.048449194,2.9419354839,0.0,censor,16.9034907597536,-1.21980379297629
FHS,75,0,0,0,1,24.302138067,9.8956158664,1.0,censor,20.9856262833676,0.16291394818505
FHS,52,1,0,0,1,30.617345185,33.015075377,0.0,censor,21.4401095140315,0.31163869727406
FHS,54,1,0,0,1,30.609335892,18.681626928,0.0,censor,21.782340862423,0.74286752887086
FHS,52,1,0,0,1,28.042111232,4.6888567294,0.0,death,12.1149897330596,0.1479886898104
FHS,65,0,0,0,1,20.07558579,2.2857142857,0.0,censor,20.9281314168378,-0.20644836067653
FHS,58,0,0,0,1,28.002985693,1.5053763441,0.0,censor,21.5934291581109,-0.51473929846432
FHS,58,0,0,0,1,31.359834881,22.666666667,0.0,censor,21.5605749486653,-0.34757509461368
FHS,67,1,0,0,1,27.536090001,54.587332054,0.0,death,22.2833675564682,-1.3281436176724
FHS,55,0,0,0,1,26.459434111,2.1352313167,0.0,censor,17.1991786447639,0.65842414560372
FHS,59,1,0,0,1,27.051823879,4.6963562753,0.0,death,16.2765229295003,1.04923071802668
FHS,69,1,0,0,1,29.99445585,16.952908587,0.0,dementia,14.4969199178645,-0.308151143617479
FHS,68,0,0,0,1,28.83011532,12.602739726,0.0,censor,21.3415468856947,0.20426549330767
FHS,50,0,0,0,1,25.16232146,0.8275862069,0.0,censor,21.9603011635866,0.59571220614769
FHS,52,0,0,0,1,19.292620603,1.7122473246,0.0,censor,21.6125941136208,-0.0383952075143497
FHS,54,0,0,0,1,29.354897419,3.7735849057,0.0,censor,14.7624914442163,-0.4778283691221
FHS,67,0,0,0,0,30.601530441,2.7551020408,0.0,death,21.7905544147844,0.69152978467604
FHS,44,1,0,0,1,41.35764039,22.684931507,0.0,censor,21.9822039698836,0.63319889586216
FHS,57,1,0,0,1,27.710259502,5.5319148936,0.0,censor,17.1444216290212,-0.13579095830571
FHS,47,1,0,0,1,29.005905965,9.9217877095,0.0,censor,23.0691307323751,0.87132118079724
FHS,47,0,0,0,1,37.570868289,0.8856088561,0.0,censor,22.3189596167009,-0.782332728087
FHS,52,1,0,0,1,25.578894133,1.0271041369,0.0,censor,22.9760438056126,1.14496308265557
FHS,63,0,0,0,1,35.76715284,13.76344086,1.0,censor,14.7022587268994,0.4568123955311
FHS,50,1,0,0,1,22.47194399,1.9130434783,0.0,dementia,14.9897330595483,-0.75100277946656
FHS,53,1,0,0,1,24.577850299,0.8748481166,0.0,censor,21.8781656399726,0.82947094944557
FHS,56,1,0,0,1,39.466413943,62.73556231,1.0,censor,21.2813141683778,1.91672028529104
FHS,73,1,0,0,1,26.798146983,8.5465116279,1.0,dementia,12.5503080082136,1.11568159205379
FHS,52,0,0,0,1,26.391750847,0.8040201005,0.0,censor,22.7488021902806,0.32142420354077
FHS,63,0,0,0,1,25.335220551,11.633466135,0.0,censor,21.3963039014374,-0.66903361621354
FHS,50,0,0,0,1,20.951081902,0.5460750853,0.0,censor,20.7529089664613,-1.40658189037073
FHS,70,1,0,0,1,30.592620775,7.0175438596,0.0,death,17.2292950034223,-0.76332188656306
FHS,61,1,0,0,1,23.916079587,16.013179572,0.0,censor,21.4948665297741,0.794922273189241
FHS,74,0,0,0,1,26.619642251,2.9793103448,0.0,death,11.2772073921971,-0.13536368003288
FHS,43,0,0,0,1,27.814092416,0.2797202797,0.0,censor,16.7611225188227,-0.43722691626475
FHS,59,0,0,0,1,23.692301407,0.147601476,0.0,censor,22.0369609856263,0.834270305356191
FHS,76,0,0,0,1,29.834153131,16.470588235,0.0,dementia,9.43737166324435,-0.10294566377014
FHS,63,0,0,0,1,25.073741853,0.6685236769,0.0,censor,20.9281314168378,-0.26372892326662
FHS,50,0,0,0,1,21.193227239,0.1343784994,0.0,censor,14.8856947296372,0.41025373683898
FHS,69,1,0,0,1,30.072986824,9.7879282219,0.0,death,18.0670773442847,-0.0384022429338799
FHS,67,0,0,0,0,28.284348589,26.635514019,0.0,death,17.3415468856947,-0.68361586019091
FHS,67,0,0,0,1,27.050909812,2.2784810127,1.0,censor,21.0595482546201,-0.2859207118054
FHS,73,0,0,0,1,34.486055751,2.0634920635,0.0,death,14.2642026009582,0.0286728989441499
FHS,49,0,0,0,1,31.378816843,5.0785973398,0.0,censor,9.02943189596167,0.68982354149028
FHS,57,1,0,0,1,22.470437331,1.8097447796,0.0,censor,22.6748802190281,0.23326092898395
FHS,50,0,0,0,1,44.67750871,11.340996169,0.0,censor,22.3846680355921,-0.14838923863765
FHS,59,1,0,0,1,34.90734086,62.522123894,0.0,censor,21.7385352498289,-0.0628033545898902
FHS,65,1,0,0,1,29.763926759,36.54465593,0.0,censor,21.5934291581109,-0.2783878941384
FHS,66,0,0,0,1,29.680079516,1.6966580977,0.0,censor,18.2477754962355,-0.26997129303096
FHS,51,0,0,0,1,40.098760092,15.127768313,0.0,censor,14.2614647501711,-0.50633408157017
FHS,56,0,0,0,1,23.204074636,0.6615214994,0.0,censor,20.0930869267625,0.0185255547702297
FHS,53,0,0,0,1,23.145207581,1.9764705882,0.0,censor,21.8151950718686,-0.38411739902509
FHS,60,1,0,0,1,30.060265779,15.363321799,0.0,censor,15.9315537303217,-0.0597308407792603
FHS,47,0,0,0,1,19.916895465,0.0,0.0,censor,22.5133470225873,-0.69614876417639
FHS,58,1,0,0,1,26.514678315,18.156028369,0.0,censor,14.2614647501711,0.0438488477064702
FHS,43,0,0,0,1,44.560651652,6.842837274,0.0,censor,21.2511978097194,0.05606506415536
FHS,51,1,0,0,1,26.129733807,0.0,0.0,censor,13.4401095140315,0.88044425046793
FHS,69,0,0,0,1,24.046128092,5.8221024259,0.0,dementia,3.22245037645448,0.358057277308851
FHS,71,1,0,0,1,29.082971535,7.7551020408,0.0,death,13.7138945927447,0.33988133935776
FHS,53,0,0,0,1,20.282409711,0.0,0.0,censor,20.5092402464066,0.35976186703517
FHS,59,1,0,0,1,25.921304958,17.443609023,1.0,censor,21.4209445585216,0.11321698169133
FHS,44,1,0,0,1,29.409802451,6.2130177515,0.0,censor,13.637234770705,-0.22004680407677
FHS,65,0,0,0,1,24.561914693,0.3137254902,0.0,censor,21.3223819301848,0.39106883549622
FHS,51,1,0,0,1,28.804501492,2.9842931937,0.0,censor,22.3080082135524,-0.01840390584413
FHS,71,1,0,0,1,31.67847658,17.517053206,0.0,death,15.7316906228611,-0.53160983905226
FHS,51,0,0,0,1,29.609375,3.2470588235,1.0,censor,20.2765229295003,0.30186322688624
FHS,69,1,0,0,1,26.757258886,4.602739726,1.0,dementia,12.2053388090349,0.21377888801557
FHS,49,0,0,0,1,25.9831857,0.406779661,0.0,censor,14.3655030800821,-0.80815541683262
FHS,66,0,0,0,1,32.211049947,1.1294117647,0.0,death,20.9664613278576,0.38225389283277
FHS,53,1,0,0,1,30.18919179,3.2490974729,0.0,censor,22.7488021902806,-0.20787862430184
FHS,47,1,0,0,1,34.658397879,6.517571885,0.0,censor,22.0698151950719,-0.46656714272014
FHS,59,0,0,0,1,32.908749807,2.7692307692,0.0,censor,20.9856262833676,0.45937204873375
FHS,69,0,0,0,1,26.910181834,8.2168330956,0.0,censor,21.4127310061602,-0.0835032783766593
FHS,48,1,0,0,1,35.610454669,9.8084291188,0.0,censor,22.0944558521561,0.51717185615375
FHS,69,1,0,0,1,30.71907697,38.792184725,0.0,death,14.1984941820671,0.802245262584439
FHS,57,0,0,0,1,21.744198285,1.6774193548,1.0,censor,21.3634496919918,-1.68999781154484
FHS,45,1,0,0,1,27.085510778,0.6575342466,0.0,censor,22.0643394934976,-0.13690745053145
FHS,68,1,0,0,1,26.750849728,4.487534626,0.0,censor,21.9055441478439,0.54214669442882
FHS,50,0,0,0,1,26.766500068,0.7111111111,0.0,censor,15.0171115674196,0.48468392287061
FHS,63,0,0,0,1,32.576754527,9.8909090909,0.0,dementia,16.7720739219713,-0.84392034410875
FHS,71,0,0,0,1,34.607259853,1.7889908257,0.0,censor,17.4647501711157,-1.45505536639844
FHS,55,1,0,0,1,32.949525776,13.202933985,0.0,death,21.2402464065708,0.32452928302913
FHS,65,1,0,0,1,37.153107265,75.906288533,0.0,death,23.9151266255989,-0.38872337391802
FHS,62,0,0,0,1,28.569657139,4.5476772616,0.0,censor,22.570841889117,0.746959419887629
FHS,50,0,0,0,1,26.8667204,0.796460177,0.0,censor,20.9664613278576,-0.29394435589735
FHS,64,1,0,0,1,25.685765657,27.428571429,0.0,dementia,11.5947980835044,-0.591279047964
FHS,67,1,0,0,1,31.142769587,1.3714285714,0.0,censor,21.2402464065708,0.80655453383161
FHS,66,0,0,0,0,26.75102978,5.7798165138,0.0,censor,9.52772073921971,0.30142075462862
FHS,81,0,0,0,1,27.132882266,14.388824214,0.0,death,19.0225872689938,-0.76553722568402
FHS,48,1,0,0,1,26.664140336,4.8818897638,0.0,death,11.6632443531828,0.0711197421553699
FHS,57,0,0,0,1,30.685746197,1.1721611722,1.0,censor,17.0102669404517,-0.62892938724647
FHS,52,0,0,0,1,36.451685807,14.601769912,0.0,censor,21.5496235455168,0.31011587154071
FHS,68,1,0,0,1,25.22468803,0.1435406699,1.0,death,11.0308008213552,-0.52951098107956
FHS,64,0,0,0,1,30.449765042,2.6262626263,0.0,death,20.8651608487337,-0.57094799612505
FHS,65,0,0,0,1,31.257386734,1.9444444444,0.0,censor,14.9404517453799,0.2068081847587
FHS,46,1,0,0,1,26.802342225,29.920844327,1.0,censor,22.3463381245722,-0.10676719323467
FHS,76,1,0,0,1,29.200318209,7.2210065646,0.0,death,9.63449691991786,-0.28625968511911
FHS,76,0,0,0,1,32.699106876,2.7945205479,0.0,dementia,19.6878850102669,-0.28308637607515
FHS,48,1,0,0,1,35.234271597,12.941176471,0.0,censor,21.5003422313484,0.34366467140558
FHS,71,0,0,0,0,26.301550185,0.3274215553,0.0,dementia,6.81998631074606,-0.0140689794615497
FHS,68,1,0,0,0,29.866618452,69.749009247,0.0,death,7.28815879534566,0.75692694336006
FHS,64,1,0,0,1,20.654413706,19.323671498,0.0,death,10.0944558521561,-0.04833881091525
FHS,55,1,0,0,1,32.627398309,7.6113360324,0.0,censor,22.1327857631759,-0.54249938455361
FHS,68,1,0,0,1,28.184160053,2.2317596567,0.0,death,20.1971252566735,-0.0050304672962596
FHS,64,0,0,0,1,31.594318342,2.5389755011,0.0,censor,14.7816563997262,-0.11728946218015
FHS,77,1,0,0,1,27.580613661,5.9649122807,0.0,death,15.4031485284052,-0.46307150485457
FHS,70,1,0,0,1,26.886769012,16.919060052,0.0,censor,22.0232717316906,0.12547962953024
FHS,56,0,0,0,1,34.470392006,6.2044653349,0.0,censor,16.3011635865845,-0.41675332713259
FHS,71,1,0,0,1,24.902107417,25.225933202,0.0,dementia,18.1245722108145,0.19332846553816
FHS,57,0,0,0,1,29.440976851,3.2468996618,0.0,censor,14.1957563312799,-0.16045835318872
FHS,72,1,0,0,1,29.082965491,1.2260536398,0.0,dementia,18.2669404517454,0.83362605415273
FHS,68,1,0,0,1,27.541377397,30.175438596,0.0,death,18.8364134154689,0.0496850610859795
FHS,71,1,0,0,1,33.639033236,26.871794872,0.0,death,9.63997262149213,0.154048947441331
FHS,65,1,0,0,0,33.495724725,8.6713286713,0.0,death,4.47364818617385,0.17463739727889
FHS,67,0,0,0,1,25.462384006,0.3305785124,0.0,censor,14.6447638603696,-0.287964515821351
FHS,63,1,0,0,1,24.522369824,23.315217391,0.0,censor,22.3052703627652,-0.47454813094302
FHS,70,0,0,0,1,24.052907729,2.7737226277,0.0,death,8.89801505817933,-0.12086916284665
FHS,67,0,0,0,1,24.765625,2.1126760563,0.0,death,10.6885694729637,0.804972831610741
FHS,49,0,0,0,1,27.943088156,1.9823788546,1.0,censor,21.5112936344969,-0.0465430959931403
FHS,65,1,0,0,1,24.468388244,8.0620155039,0.0,censor,14.735112936345,-0.12561280925766
FHS,70,0,0,0,1,24.409116293,13.891951488,0.0,censor,22.9349760438056,0.705279011255109
FHS,72,0,0,0,1,25.839634912,9.2417061611,0.0,dementia,5.29226557152635,-0.13411184252459
FHS,71,1,0,0,1,26.020342641,11.703703704,0.0,censor,22.9897330595483,0.321005130296069
FHS,47,0,0,0,1,23.580116503,0.2727272727,0.0,censor,21.3744010951403,-0.60486292363515
FHS,65,0,0,0,1,26.600266551,2.3661971831,0.0,censor,21.242984257358,-0.45050826645607
FHS,57,0,0,0,1,31.439555791,5.6934306569,0.0,censor,22.7433264887064,-0.39719160540769
FHS,69,0,0,0,1,38.410316821,4.3604651163,1.0,dementia,17.284052019165,-0.487574151871669
FHS,45,1,0,0,1,27.14798329,4.1255605381,0.0,censor,22.5763175906913,0.45472044296246
FHS,65,1,0,0,1,31.784868727,64.47761194,1.0,death,18.4120465434634,0.78695357139442
FHS,62,1,0,0,1,28.028458424,27.475862069,0.0,censor,21.6180698151951,0.835431876400619
FHS,73,1,0,0,1,32.469813005,16.605744125,0.0,death,17.3524982888433,0.20470841500872
FHS,52,1,0,0,1,27.618834505,4.1057542768,0.0,censor,16.6105407255305,-0.41392465393494
FHS,65,1,0,0,1,28.102409055,8.7630402385,0.0,death,21.5852156057495,0.512758907314451
FHS,70,0,0,0,1,30.791741583,5.0991501416,0.0,dementia,15.9616700889802,-0.0921006918973802
FHS,60,0,0,0,1,25.753897662,2.1105527638,1.0,censor,21.7056810403833,0.19364148313647
FHS,63,0,0,0,1,22.26376185,14.647058824,0.0,dementia,13.2977412731006,0.50145582656227
FHS,63,0,0,0,1,28.095016623,37.283018868,0.0,censor,21.574264202601,0.16649420075381
FHS,48,0,0,0,1,23.014446029,1.306122449,0.0,censor,21.2895277207392,0.32423890530286
FHS,58,0,0,0,1,27.537975076,18.701298701,0.0,censor,22.2724161533196,-0.03773039272128
FHS,75,0,0,0,0,31.072714029,18.611111111,0.0,death,6.02327173169062,-0.18924171652301
FHS,56,1,0,0,1,23.378615643,6.4516129032,0.0,censor,21.9767282683094,-0.22421114812199
FHS,60,0,0,0,1,37.910271622,9.0497737557,0.0,censor,21.2073921971253,-0.19685809854322
FHS,42,1,0,0,1,29.474499601,4.5051194539,0.0,censor,22.5379876796715,1.21666656565378
FHS,54,0,0,0,1,24.834068873,0.5889570552,1.0,censor,18.6913073237509,-0.64796271729945
FHS,61,0,0,0,1,21.689857827,5.3441295547,0.0,censor,14.2340862422998,0.41854014556083
FHS,76,1,0,0,1,19.595100919,4.1317365269,0.0,death,14.6009582477755,-1.5812323671696
FHS,74,1,0,0,1,29.417332118,13.699421965,0.0,death,13.3853524982888,-0.28546387635911
FHS,44,1,0,0,1,36.487171209,35.589353612,0.0,censor,11.2416153319644,0.10343450394043
FHS,51,0,0,0,1,30.879314689,1.2428078251,0.0,censor,21.1471594798084,-0.84131329899586
FHS,49,1,0,0,1,32.284088237,7.9876160991,0.0,censor,20.5749486652977,0.14754577785669
FHS,68,0,0,0,1,30.403286613,4.8648648649,0.0,censor,14.8145106091718,0.14711087511799
FHS,56,1,0,0,1,24.938088103,3.3139534884,0.0,censor,18.0698151950719,-0.34774038040554
FHS,65,0,0,0,1,28.756075838,3.5250917993,0.0,dementia,18.2149212867899,0.17120769494575
FHS,55,0,0,0,1,21.43214163,18.737541528,0.0,censor,20.413415468857,0.37913504044906
FHS,54,0,0,0,0,33.212292849,3.8783269962,0.0,death,10.425735797399,-0.39203960849091
FHS,66,0,0,0,1,24.445849673,3.4399117971,0.0,death,9.99041752224504,0.0678553692247405
FHS,49,0,0,0,1,31.201814059,0.0,1.0,censor,21.2292950034223,0.52365523370862
FHS,54,0,0,0,1,19.705842188,1.5922798552,0.0,censor,21.2457221081451,-0.73804407546725
FHS,51,1,0,0,1,21.364103085,3.0835117773,1.0,censor,14.6611909650924,-0.86533454306654
FHS,51,1,0,0,1,22.141755375,7.9271070615,0.0,death,15.3949349760438,0.46382721532465
FHS,55,1,0,0,1,25.487904421,3.6404494382,0.0,censor,14.3983572895277,1.27413625410435
FHS,69,1,0,0,1,30.327565012,20.925266904,0.0,death,22.0971937029432,-0.0130599183410595
FHS,64,0,0,0,1,25.707641103,0.25,1.0,censor,22.2395619438741,0.273332616321591
FHS,63,1,0,0,1,32.547679746,6.9152542373,1.0,censor,15.772758384668,0.0302191021543798
FHS,58,1,0,0,1,30.764487972,5.2296819788,0.0,censor,14.1875427789185,0.22864431494146
FHS,47,0,0,0,1,30.562301625,5.2595155709,0.0,censor,20.6379192334018,0.65202838596773
FHS,67,0,0,0,1,33.357631284,1.3921113689,1.0,dementia,16.6680355920602,0.16218607912113
FHS,59,1,0,0,1,25.176444138,13.144876325,0.0,censor,20.5311430527036,0.72117029356388
FHS,64,1,0,0,1,33.430984197,15.380029806,0.0,death,14.8446269678303,-0.0414608965167098
FHS,68,1,0,0,1,25.350705429,1.9969742814,1.0,censor,17.700205338809,0.140389657813959
FHS,76,0,0,0,0,31.007872547,8.5714285714,0.0,death,10.1190965092402,-0.68380291357125
FHS,56,1,0,0,1,29.380409541,3.5190615836,0.0,censor,21.5414099931554,-1.19281054817013
FHS,52,1,0,0,1,31.885778057,18.26458037,0.0,censor,22.362765229295,0.73144477782289
FHS,72,0,0,0,1,25.661162433,2.9447852761,0.0,death,9.56605065023956,-0.121081205653211
FHS,66,0,0,0,1,21.011153133,1.2972972973,0.0,censor,21.7248459958932,-1.03190153756577
FHS,63,1,0,0,1,36.101146421,25.273972603,1.0,censor,21.4236824093087,0.538997636647081
FHS,58,0,0,0,1,22.641278102,4.3085106383,0.0,censor,14.5325119780972,-0.22320163358209
FHS,56,0,0,0,1,45.731639138,44.077669903,0.0,censor,15.4277891854894,0.0294954035331102
FHS,60,1,0,0,1,28.898552788,24.353518822,1.0,censor,14.9158110882957,-0.59127026458683
FHS,44,1,0,0,1,31.774900769,0.0,0.0,censor,21.4428473648186,0.5353675767243
FHS,56,0,0,0,1,18.894975966,0.0,0.0,censor,17.4647501711157,-0.32096087389651
FHS,73,0,0,0,1,37.581230003,4.187568157,0.0,death,15.8220396988364,-0.6717309705422
FHS,81,0,0,0,0,20.585978672,6.9198312236,0.0,death,8.72826830937714,-1.00415554400604
FHS,54,1,0,0,1,33.363591689,10.037453184,0.0,censor,20.8925393566051,-0.1580572134144
FHS,65,1,0,0,1,25.072296345,0.3458213256,1.0,censor,21.3689253935661,0.50287268750471
FHS,53,1,0,0,1,31.712327406,5.8577405858,0.0,censor,21.6125941136208,-0.71649847902917
FHS,60,0,0,0,1,23.166724867,7.5,0.0,censor,22.4750171115674,-0.16991391912361
FHS,52,0,0,0,1,25.725816665,0.5327413984,0.0,censor,22.507871321013,0.94635014054809
FHS,71,1,0,0,1,33.517636948,8.5813148789,0.0,censor,21.1718001368925,-0.436257786741589
FHS,69,1,0,0,1,25.023329575,4.099868594,0.0,censor,19.1101984941821,0.303466173993669
FHS,73,0,0,0,1,25.58110585,5.4778887304,0.0,censor,16.4106776180698,-0.0806498568081594
FHS,70,1,0,0,1,23.099418267,0.3413940256,1.0,dementia,11.3894592744695,1.17269652793635
FHS,56,0,0,0,1,28.314201252,4.4776119403,0.0,censor,21.1882272416153,-0.28807724752145
FHS,50,1,0,0,1,34.265942491,13.664233577,0.0,censor,20.9883641341547,-0.25872529536492
FHS,68,0,0,0,0,38.656352508,4.6346555324,0.0,death,6.55167693360712,-0.17394181022735
FHS,74,0,0,0,0,33.678173865,3.6226415094,0.0,death,6.8145106091718,0.20994621618954
FHS,65,0,0,0,1,33.793160593,2.6556016598,0.0,censor,22.3600273785079,-0.0358086120472805
FHS,50,0,0,0,1,24.239299982,0.1646090535,0.0,censor,21.4866529774127,0.51680519074246
FHS,62,1,0,0,1,25.811037781,7.2685714286,0.0,dementia,17.6728268309377,1.08860046833452
FHS,74,1,0,0,1,23.665704771,16.54676259,0.0,death,17.6180698151951,-0.42339749776237
FHS,54,0,0,0,1,33.421154781,4.347826087,0.0,censor,16.1615331964408,0.0461437651184099
FHS,52,1,0,0,1,36.40362042,38.383838384,0.0,censor,21.6563997262149,0.0951933822455501
FHS,61,0,0,0,1,23.626082755,1.8257261411,0.0,censor,21.886379192334,0.66175195152824
FHS,53,1,0,0,1,29.861284212,14.264705882,0.0,censor,10.3928815879535,0.60311181951208
FHS,67,1,0,0,0,30.245698692,1.2938005391,0.0,dementia,8.25735797399042,-0.21522217577091
FHS,64,1,0,0,1,29.365738211,6.916426513,0.0,censor,17.5989048596851,-0.8994396209081
FHS,49,0,0,0,1,21.13140321,0.5100956429,0.0,censor,21.3607118412047,-0.90369547793814
FHS,55,1,0,0,1,28.376194843,1.71875,0.0,censor,13.6892539356605,-0.40912763436162
FHS,46,0,0,0,1,20.566112883,1.4888337469,0.0,censor,16.1341546885695,0.31856727404075
FHS,46,0,0,0,1,24.812650149,0.9302325581,0.0,censor,20.3477070499658,0.12160088887482
FHS,50,0,0,0,1,30.104020307,3.4443168772,0.0,censor,15.9041752224504,0.74629044328308
FHS,50,0,0,0,0,26.087227785,1.4687882497,0.0,censor,22.2642026009582,-0.67051013344622
FHS,62,0,0,0,1,21.32723913,0.578778135,1.0,censor,17.5989048596851,0.97149191496725
FHS,53,1,0,0,1,26.69801258,0.3803486529,0.0,censor,10.031485284052,0.78551370337698
FHS,57,1,0,0,1,30.374790391,2.528363047,0.0,censor,22.6420260095825,-0.0118381438143402
FHS,66,1,0,0,1,26.320770843,2.2325581395,0.0,death,22.1437371663244,0.52611111455424
FHS,45,1,0,0,1,30.101703802,2.3225806452,1.0,censor,18.2094455852156,-0.0399557139678798
FHS,70,0,0,0,1,24.023486208,3.0,0.0,censor,21.8809034907598,0.0385332827151601
FHS,65,1,0,0,1,27.441475001,9.5641344956,0.0,dementia,18.2149212867899,-0.44316707756848
FHS,54,1,0,0,1,25.029760996,9.8196948682,0.0,censor,16.2354551676934,-1.28573247702866
FHS,66,1,0,0,1,24.83866433,1.014084507,0.0,censor,21.7686516084873,-0.0243758998682296
FHS,72,0,0,0,1,18.222606755,0.7712082262,0.0,death,17.2731006160164,1.07792620104674
FHS,51,1,0,0,1,20.920380244,0.9903713893,0.0,dementia,15.9069130732375,0.38131868682433
FHS,69,1,0,0,1,23.484895455,0.9836065574,0.0,death,18.8884325804244,0.0686345946285499
FHS,50,0,0,0,1,19.980508711,0.3011292346,0.0,censor,14.6694045174538,-0.34516291089359
FHS,48,0,0,0,1,29.998139996,9.7885196375,0.0,censor,22.7077344284736,-0.48370453245401
FHS,50,1,0,0,1,50.0,6.8715083799,0.0,censor,15.3073237508556,1.09607647945273
FHS,54,0,0,0,1,26.129084516,1.0473815461,0.0,censor,22.1437371663244,-1.41854545885141
FHS,65,0,0,0,0,25.805272165,8.1951219512,0.0,death,7.26078028747433,-0.98355154172547
FHS,67,1,0,0,1,31.319113258,6.1855670103,0.0,death,16.041067761807,0.0640817840508902
FHS,62,0,0,0,1,24.410058003,12.023575639,0.0,censor,21.9028062970568,0.56068813018821
FHS,57,1,0,0,1,37.1792384,14.809160305,0.0,death,19.025325119781,0.50153853441184
FHS,47,1,0,0,1,30.743256753,84.610169492,0.0,censor,22.6064339493498,-0.3404348403117
FHS,70,1,0,0,1,34.294339078,13.714285714,0.0,death,14.009582477755,0.32111344168072
FHS,64,1,0,0,1,24.916874538,6.0796139928,0.0,censor,21.242984257358,0.93498582559093
FHS,65,0,0,0,1,24.91798487,2.2641509434,0.0,death,22.0451745379877,0.0099589598048694
FHS,45,0,0,0,0,29.792586014,1.1506849315,0.0,censor,21.4592744695414,-0.13038918802024
FHS,54,0,0,0,1,27.163535548,0.4008908686,0.0,censor,20.6981519507187,0.50537628973293
FHS,77,1,0,0,0,32.485461412,24.200278164,0.0,death,8.8952772073922,0.3821919952781
FHS,63,1,0,0,0,37.636519915,8.7804878049,0.0,dementia,2.41204654346338,-0.43606312332849
FHS,59,0,0,0,1,34.467566265,4.9655172414,1.0,censor,22.1437371663244,0.51879359787728
FHS,49,1,0,0,1,31.597859339,23.088607595,1.0,censor,17.015742642026,-0.97455925963184
FHS,53,0,0,0,1,23.543543357,0.1721664275,0.0,censor,20.8733744010951,0.0835567865488102
FHS,63,1,0,0,1,32.961290412,35.175315568,0.0,censor,21.1225188227242,-0.11035338761413
FHS,54,1,0,0,1,27.044897358,6.5492957746,0.0,censor,22.7241615331964,-0.925232884482
FHS,50,0,0,0,1,19.69815687,1.6017797553,0.0,censor,16.1122518822724,0.53624632825663
FHS,70,1,0,0,1,29.256574288,0.1619433198,1.0,censor,22.8062970568104,0.348621365135401
FHS,56,0,0,0,1,25.462384006,1.4505494505,0.0,censor,22.5160848733744,0.81827779605205
FHS,71,0,0,0,1,20.40837415,1.5539568345,1.0,censor,14.2067077344285,0.25733348692048
FHS,54,0,0,0,1,24.861851076,0.7220216606,0.0,censor,22.4503764544832,0.0392480610605702
FHS,47,1,0,0,0,24.286963088,0.5073995772,0.0,dementia,4.54209445585216,0.83571897759918
FHS,63,0,0,0,1,42.236346382,17.123745819,0.0,censor,22.1930184804928,-0.0743121281348799
FHS,40,1,0,0,1,28.15013963,4.1104972376,0.0,censor,22.258726899384,0.36889341860651
FHS,59,1,0,0,1,29.832984594,16.023738872,0.0,censor,18.7460643394935,-0.0002685668345101
FHS,58,0,0,0,1,24.293926139,12.613636364,0.0,censor,21.5770020533881,-0.54099370707927
FHS,60,1,0,0,1,32.035350775,0.9863013699,1.0,censor,17.6536618754278,0.22576161830822
FHS,60,1,0,0,1,26.940351293,8.2296650718,0.0,death,20.3121149897331,0.28817211922032
FHS,71,0,0,0,1,29.231374827,1.5952732644,0.0,dementia,5.70841889117043,0.10937219159179
FHS,68,0,0,0,0,32.696385393,6.0225846926,0.0,censor,1.93566050650239,0.37331429726418
FHS,53,0,0,0,1,21.665323331,0.8695652174,0.0,censor,22.6748802190281,-0.20940933688031
FHS,63,0,0,0,1,22.717269198,33.798008535,0.0,censor,21.2539356605065,0.50708082783058
FHS,54,1,0,0,1,30.512271776,1.9512195122,0.0,censor,21.3634496919918,0.52797471856181
FHS,74,0,0,0,1,29.147376624,0.3375527426,0.0,death,17.2703627652293,-0.44089916556109
FHS,52,0,0,0,1,28.174581477,25.106861642,0.0,censor,20.8925393566051,0.11136635893247
FHS,63,0,0,0,1,31.982143964,1.6551724138,0.0,death,16.8158795345654,0.0272581520684902
FHS,68,0,0,0,1,27.621180234,2.6948480845,0.0,censor,22.444900752909,-0.57120075331528
FHS,58,1,0,0,1,25.571905731,0.5298013245,0.0,censor,17.2457221081451,0.30968904433306
FHS,51,0,0,0,1,25.9831857,1.2646370023,1.0,censor,9.49760438056126,-0.47317167698507
FHS,61,0,0,0,1,44.206176825,19.32885906,0.0,censor,18.0835044490075,0.46552801399548
FHS,63,1,0,0,1,27.963841936,11.744040151,0.0,censor,22.5160848733744,-0.31782313735378
FHS,61,1,0,0,1,30.164130511,2.2611036339,0.0,censor,21.0595482546201,-0.40373469499201
FHS,55,1,0,0,1,36.669826053,24.364060677,0.0,censor,21.6043805612594,0.95213372572117
FHS,51,1,0,0,0,30.729051459,3.2214765101,0.0,death,3.55099247091034,0.11368135230014
FHS,48,1,0,0,0,26.873689931,32.488262911,0.0,death,6.60369609856263,-0.32813333434895
FHS,44,0,0,0,1,22.130599817,0.0,0.0,censor,22.7022587268994,0.12753284302413
FHS,68,0,0,0,1,35.712071424,0.6282722513,0.0,death,12.4681724845996,0.750059710108449
FHS,48,0,0,0,1,46.650768721,8.9655172414,0.0,censor,16.0301163586585,1.06760801549003
FHS,69,1,0,0,1,20.624035552,0.8462623413,0.0,censor,16.0273785078713,0.410544472075991
FHS,68,1,0,0,0,26.030208169,7.8488372093,0.0,death,21.2457221081451,0.97298886630021
FHS,57,0,0,0,1,23.429924678,0.1854714065,0.0,censor,22.2861054072553,-0.0471520235525198
FHS,67,1,0,0,1,32.636859988,13.306451613,0.0,death,17.3223819301848,0.53029473724518
FHS,75,1,0,0,1,28.408602824,0.4580152672,0.0,dementia,10.6338124572211,-0.3378233165346
FHS,67,0,0,0,1,31.350817759,7.8832116788,0.0,censor,21.533196440794,0.15531327914465
FHS,53,0,0,0,1,32.804680725,2.9681978799,0.0,censor,16.539356605065,0.23877693651778
FHS,60,0,0,0,1,21.439697079,1.1136890951,0.0,censor,20.6762491444216,-0.74543275037441
FHS,55,1,0,0,1,29.569289908,3.4002361275,0.0,death,18.0260095824778,-0.32260308956274
FHS,63,1,0,0,1,39.341727666,8.309178744,0.0,death,11.7262149212868,1.2615923923168
FHS,51,0,0,0,1,22.511518545,2.5997719498,0.0,censor,21.5934291581109,0.24004190960283
FHS,50,1,0,0,1,31.646856237,3.0495552732,0.0,censor,22.2642026009582,-0.38237217460021
FHS,64,1,0,0,1,26.762643453,22.627737226,0.0,death,12.3340177960301,-0.73782229168961
FHS,54,0,0,0,1,34.249820845,4.3665768194,0.0,censor,21.5414099931554,0.63852003039386
FHS,53,0,0,0,1,18.90737897,0.0,0.0,censor,14.9212867898699,0.68137544710304
FHS,65,0,0,0,1,25.831620545,1.932885906,0.0,censor,22.8583162217659,-0.0845779356405998
FHS,55,0,0,0,1,26.262259556,0.7058823529,0.0,censor,15.9315537303217,-0.83693522999582
FHS,70,0,0,0,1,37.671350685,2.8448275862,0.0,censor,15.2717316906229,-0.13268943309258
FHS,50,0,0,0,1,24.780132641,1.8203033839,0.0,censor,17.3169062286105,0.0953469207685004
FHS,55,0,0,0,1,20.302185615,1.0632911392,1.0,censor,21.4647501711157,-0.49138574357439
FHS,60,1,0,0,1,31.334790467,0.4395604396,0.0,censor,22.5325119780972,0.6900603089944
FHS,70,0,0,0,1,26.087227785,0.8044692737,0.0,dementia,13.0102669404517,0.71182025399589
FHS,55,0,0,0,1,35.470206769,3.7142857143,1.0,censor,7.83572895277208,-1.02721150223142
FHS,62,0,0,0,1,32.732423719,31.013916501,0.0,dementia,18.4640657084189,0.33200271218202
FHS,57,1,0,0,1,29.320536143,11.578947368,0.0,censor,22.113620807666,-0.18449558979631
FHS,59,0,0,0,1,26.855530596,5.4298642534,0.0,censor,16.5694729637235,-0.92213016884364
FHS,61,1,0,0,1,25.76221865,9.7297297297,0.0,censor,20.6762491444216,-0.21778001659597
FHS,62,1,0,0,0,23.527281077,9.1361639824,0.0,death,3.40588637919234,0.526906038671361
FHS,64,0,0,0,0,42.059312769,8.0248833593,0.0,death,8.91991786447639,-0.19890272417903
FHS,52,0,0,0,1,25.493433187,0.2718006795,0.0,censor,19.8220396988364,-0.35952837560874
FHS,56,0,0,0,1,21.4056055,0.6648199446,0.0,censor,20.3230663928816,1.05955673749648
FHS,60,1,0,0,1,24.857438145,7.1875,0.0,death,9.92470910335387,-0.50304630060848
FHS,66,0,0,0,1,28.911926285,9.2093023256,1.0,censor,22.5872689938398,-0.4797479735106
FHS,50,0,0,0,1,23.484895455,1.6125419933,0.0,censor,22.652977412731,0.3150964194271
FHS,53,0,0,0,1,39.256113336,2.3529411765,0.0,censor,15.6522929500342,-0.0578079077949397
FHS,76,0,0,0,1,24.838759355,21.935483871,0.0,dementia,7.12936344969199,-0.21638169201357
FHS,62,0,0,0,1,30.241930949,10.039840637,1.0,censor,9.62354551676934,0.15306402895677
FHS,52,1,0,0,1,27.70183223,1.75066313,0.0,death,22.8473648186174,0.48929494396785
FHS,43,1,0,0,1,26.48762694,3.4682080925,0.0,censor,22.7597535934292,0.56542375082644
FHS,54,0,0,0,1,25.676954468,1.4598540146,0.0,censor,21.8781656399726,-0.58851361247714
FHS,78,1,0,0,0,26.249211445,34.980392157,0.0,death,5.46201232032854,0.21241941605052
FHS,51,0,0,0,1,27.984431938,0.777537797,0.0,censor,22.2395619438741,0.28567305780803
FHS,53,1,0,0,1,27.692320555,1.6282225237,1.0,censor,15.3401779603012,0.10886588638033
FHS,50,0,0,0,1,21.953125,0.1447527141,1.0,censor,21.1690622861054,0.0771093089964502
ARIC,60,0,0,0,1,24.19484057,1.3274336283,,censor,20.3285420944559,0.444221925346361
ARIC,66,0,0,0,1,38.638656199,26.06557377,,dementia,18.280629705681,-0.0873335741986296
ARIC,64,0,0,0,1,19.986506999,1.3063763608,,death,10.6475017111567,0.599761604626519
ARIC,55,0,0,0,1,25.215044696,1.7224880383,,censor,21.5386721423682,0.32266775082701
ARIC,61,1,0,0,1,25.343930544,14.059945504,,dementia,11.3182751540041,0.506841227631431
ARIC,69,1,0,0,1,31.379132231,11.878515186,,death,6.48596851471595,0.13737755466867
ARIC,68,1,0,0,1,30.367346939,7.963800905,,death,13.8562628336756,-0.13277267911905
ARIC,60,0,0,0,1,21.8299522,0.8196721311,,censor,21.9247091033539,-1.0792488330125
ARIC,54,1,0,0,1,27.830033742,43.101482326,,censor,22.0287474332649,0.62861802267673
ARIC,66,1,0,0,1,33.016061868,15.017878427,,dementia,17.9438740588638,0.47625797924526
ARIC,70,1,0,0,1,26.262153764,16.224899598,,death,7.80561259411362,-0.0128227727289598
ARIC,68,1,0,0,1,26.538080093,6.2125340599,,death,17.7631759069131,-0.61024424181166
ARIC,59,1,0,0,1,28.509508257,12.552301255,,censor,20.8158795345654,1.03871931934463
ARIC,62,0,0,0,1,24.274955937,0.7912087912,,censor,21.6454483230664,-0.58398234951818
ARIC,60,1,0,0,1,25.961157352,7.2881355932,,censor,20.4079397672827,-0.34484829019622
ARIC,57,1,0,0,1,23.856460289,1.9672131148,,censor,23.8986995208761,0.47469986565198
ARIC,67,1,0,0,1,24.685714286,7.3940949936,,censor,21.3716632443532,-0.48793278150159
ARIC,56,1,0,0,1,38.456790123,17.298701299,,death,19.5975359342916,1.24890961234318
ARIC,57,0,0,0,1,28.990581562,8.4832904884,,censor,22.8446269678303,-0.64889250932202
ARIC,60,0,0,0,1,27.358634355,3.0296377607,,censor,22.4695414099932,-0.0176096495309999
ARIC,66,1,0,0,1,24.007883186,2.2388059701,,death,2.90485968514716,0.59183666706904
ARIC,57,1,0,0,1,31.919307989,17.546468401,,censor,21.7768651608487,-0.0275928439522502
ARIC,74,0,0,0,1,27.614265928,3.044982699,,dementia,15.5865845311431,-1.39777831676452
ARIC,67,1,0,0,1,27.988980716,6.3343108504,,censor,22.7953456536619,-0.41688766122308
ARIC,64,0,0,0,1,23.530366343,0.2755453502,,dementia,22.1218343600274,0.436898557317269
ARIC,60,0,0,0,1,25.23634033,9.2689655172,,dementia,13.015742642026,-0.27257829761482
ARIC,70,1,0,0,1,29.402920245,2.3936170213,,death,10.6803559206023,0.584217488824601
ARIC,63,1,0,0,1,28.235294118,22.147651007,,censor,21.4647501711157,-0.21353381645615
ARIC,66,1,0,0,1,34.792045708,29.203539823,,death,21.4866529774127,0.21694637741343
ARIC,65,1,0,0,1,32.110726644,7.3781902552,,dementia,20.0246406570842,-1.14896075024911
ARIC,61,0,0,0,1,35.017301038,2.4068767908,,censor,22.5544147843942,1.69556474521622
ARIC,55,1,0,0,1,28.528934559,2.6405867971,,censor,22.5544147843943,0.22549514574839
ARIC,55,1,0,0,1,30.034602076,4.0243902439,,death,13.3607118412047,-0.14652698726182
ARIC,66,0,0,0,1,22.206330686,4.5951859956,,death,3.76728268309377,0.953021018324409
ARIC,53,0,0,0,1,20.652339582,0.3026481715,,censor,22.3846680355921,-1.00967580596295
ARIC,55,1,0,0,1,34.155102041,9.53125,,censor,22.8665297741273,0.28555936862449
ARIC,55,0,0,0,1,36.109717989,7.5971223022,,censor,23.0773442847365,-0.93297074286816
ARIC,69,1,0,0,1,35.784717989,13.271889401,,dementia,8.70910335386722,0.687228695363039
ARIC,54,0,0,0,1,44.713718821,22.924528302,,censor,23.6386036960986,-0.11635795555885
ARIC,65,1,0,0,1,25.397923875,1.7483443709,,death,0.908966461327857,0.0522165373106006
ARIC,55,1,0,0,1,34.682080925,34.307116105,,censor,20.8432580424367,0.84897826162018
ARIC,62,0,0,0,1,33.154432133,6.9985775249,,dementia,18.3490759753593,0.68826480761973
ARIC,71,1,0,0,1,34.748905744,115.8110883,,death,1.87816563997262,-0.99421868434717
ARIC,70,0,0,0,1,36.269219847,33.013910355,,death,14.8090349075975,0.40309658924036
ARIC,70,0,0,0,1,31.842094854,0.2150537634,,dementia,20.829568788501,0.713743841902939
ARIC,71,1,0,0,1,28.096885813,9.2703862661,,dementia,19.4770704996578,-0.0050980413646499
ARIC,56,0,0,0,1,20.716793334,0.3283173735,,censor,22.5544147843943,-1.2067622155183
ARIC,62,0,0,0,1,23.4375,17.090352221,,death,23.2553045859001,0.0385150011738503
ARIC,61,0,0,0,1,24.007860225,4.0324449594,,censor,22.0588637919233,-0.46896144416802
ARIC,70,0,0,0,1,24.557752341,1.1380400421,,death,9.29226557152635,0.0124068384553397
ARIC,53,0,0,0,1,29.169332681,0.4455445545,,censor,23.1321013004791,0.23506864631771
ARIC,70,1,0,0,1,18.558262846,1.0084033613,,death,22.9541409993155,-0.0570190492076307
ARIC,64,1,0,0,1,27.440599174,2.4489795918,,dementia,15.8165639972621,0.459015733769139
ARIC,56,0,0,0,1,24.999011115,5.5155279503,,censor,22.3655030800821,-0.54632837568025
ARIC,62,1,0,0,1,31.955922865,17.250945776,,censor,22.2395619438741,-0.0009392853734496
ARIC,58,1,0,0,1,25.943693978,0.5286343612,,death,16.9253935660507,0.20845135592121
ARIC,60,0,0,0,1,44.453125,5.3333333333,,death,20.703627652293,0.8814555170715
ARIC,61,0,0,0,1,42.30494185,6.0385438972,,death,19.6303901437372,-0.33046225454176
ARIC,59,1,0,0,1,18.321682786,14.240506329,,censor,21.7357973990418,0.56643188707708
ARIC,54,0,0,0,1,32.942512881,6.301369863,,censor,21.160848733744,0.20590565483161
ARIC,61,1,0,0,1,27.823724008,24.705882353,,censor,22.321697467488,-0.58162217179472
ARIC,55,1,0,0,1,27.322927639,0.1941747573,,censor,21.3853524982888,0.81031906157106
ARIC,63,0,0,0,1,30.991435622,0.9290322581,,death,12.0793976728268,-0.76739014281776
ARIC,54,1,0,0,1,23.856460289,2.1221864952,,censor,22.6255989048597,0.78196246614609
ARIC,75,1,0,0,1,22.08161157,4.2492917847,,death,8.27926078028748,-0.39064458561618
ARIC,65,0,0,0,1,24.156549421,1.8803418803,,death,15.709787816564,0.46428198042679
ARIC,64,1,0,0,1,28.827160494,17.24340176,,censor,22.0150581793292,0.878860863609189
ARIC,65,1,0,0,1,28.237240076,5.5967078189,,death,6.97878165639973,0.34735317674056
ARIC,57,0,0,0,1,29.972451791,1.1781206171,,censor,21.3305954825462,-0.84838041272088
ARIC,64,0,0,0,1,32.707290451,4.0579710145,,death,11.5783709787817,0.89464045579514
ARIC,56,0,0,0,1,24.836406901,1.1491108071,,censor,21.2977412731006,-0.14817524859146
ARIC,63,0,0,0,1,30.873066257,0.9399477807,,censor,21.7768651608487,-0.68840869366467
ARIC,56,1,0,0,1,25.039918711,15.272727273,,death,10.6858316221766,0.38746698146989
ARIC,64,0,0,0,1,23.98751633,1.4523449319,,dementia,16.5557837097878,0.360317021856819
ARIC,69,0,0,0,1,28.598552272,11.795543906,,dementia,20.6570841889117,0.122758394608449
ARIC,58,1,0,0,1,23.271604938,0.914866582,,censor,22.6146475017112,-0.46665289248765
ARIC,63,0,0,0,1,22.281606383,2.29390681,,death,14.7077344284736,0.82107869795811
ARIC,57,1,0,0,1,36.611538947,10.273972603,,censor,22.0561259411362,-0.10077584233471
ARIC,60,0,0,0,1,23.142559834,2.4383164006,,censor,21.5605749486653,-1.39350864330546
ARIC,61,1,0,0,1,28.027681661,8.1167108753,,censor,23.1841204654346,-0.68111172078737
ARIC,58,1,0,0,1,31.336795073,6.4808362369,,death,21.2128678986995,1.12295830882496
ARIC,56,1,0,0,1,26.062819576,5.8461538462,,censor,21.886379192334,-0.0638905434638801
ARIC,57,1,0,0,1,40.824415379,19.004524887,,death,11.8658453114305,-0.13152144230361
ARIC,62,0,0,0,1,30.521262003,8.8833124216,,censor,21.223819301848,0.50857347366892
ARIC,66,0,0,0,1,27.100490892,15.948387097,,death,15.0581793292266,-0.0227280828377701
ARIC,65,1,0,0,1,28.711144156,9.3312597201,,censor,20.2792607802875,-1.01764967576573
ARIC,68,1,0,0,1,29.547553093,5.2892561983,,censor,20.8186173853525,-1.11609665772095
ARIC,64,1,0,0,1,35.417153931,57.372262774,,censor,22.7707049965777,0.18114001588919
ARIC,66,0,0,0,1,27.078993751,14.918032787,,censor,21.9575633127995,-0.41863895556348
ARIC,66,0,0,0,1,28.577960677,8.2409638554,,censor,22.611909650924,-0.78861441396451
ARIC,57,0,0,0,1,27.576319784,1.6085790885,,censor,22.7378507871321,-0.6483656896852
ARIC,64,1,0,0,1,26.566839754,18.967741935,,censor,20.5475701574264,-1.18595048365519
ARIC,54,1,0,0,1,26.812218711,1.554770318,,censor,21.9822039698836,0.0384333278184798
ARIC,52,0,0,0,1,26.100535396,17.019230769,,censor,21.7987679671458,-0.85964310656377
ARIC,54,0,0,0,1,27.89208962,6.3157894737,,censor,21.8672142368241,-0.95046237711151
ARIC,67,1,0,0,1,26.709072877,27.50929368,,censor,21.7385352498289,-0.11282027105179
ARIC,72,0,0,0,1,25.330236609,6.5636147444,,death,20.3969883641342,-0.75034106519438
ARIC,57,0,0,0,1,26.27784009,0.4200700117,,censor,21.4702258726899,0.02386938373864
ARIC,66,0,0,0,1,22.992940087,0.2895054282,,censor,21.4866529774127,0.208172502247569
ARIC,68,1,0,0,1,30.18707483,13.389473684,,dementia,16.8240930869268,0.28096774132205
ARIC,59,1,0,0,1,29.453061224,29.919571046,,censor,22.8692676249144,1.19707931843083
ARIC,58,0,0,0,1,23.770887242,1.2631578947,,censor,22.839151266256,0.31399120757646
ARIC,59,1,0,0,1,27.035748862,1.9565217391,,dementia,12.788501026694,-0.50476197629613
ARIC,61,0,0,0,1,41.24567474,54.655462185,,censor,21.1854893908282,1.12909900079084
ARIC,73,1,0,0,1,28.124546378,16.865671642,,dementia,8.42162902121834,-0.23934639944717
ARIC,54,0,0,0,1,34.808714349,4.6563192905,,censor,21.5414099931554,-0.7067326683924
ARIC,55,0,0,0,1,22.159428911,6.1336828309,,censor,22.1875427789185,0.61783330965372
ARIC,53,1,0,0,1,28.535861343,3.2684824903,,censor,22.2861054072553,-0.53026524343723
ARIC,60,1,0,0,1,28.341855369,4.5017584994,,censor,22.0369609856263,0.0427537683803301
ARIC,58,0,0,0,1,28.398718001,3.8167938931,,death,4.55852156057495,0.29376991791816
ARIC,57,0,0,0,1,28.4375,5.0546021841,,censor,23.0965092402464,-1.1603444124777
ARIC,63,0,0,0,1,26.657922148,6.0077021823,,censor,21.3935660506502,-0.62792711425569
ARIC,59,0,0,0,1,22.038567493,6.5871121718,,censor,21.4839151266256,-0.64548080847487
ARIC,53,0,0,0,1,22.328913275,2.1677419355,,censor,22.1190965092402,-0.75484709355876
ARIC,59,1,0,0,1,27.049873204,11.012658228,,censor,21.2073921971253,1.35715310182225
ARIC,57,0,0,0,1,31.789809842,13.150684932,,censor,22.3846680355921,0.22446922949973
ARIC,58,0,0,0,1,32.769394909,8.9575289575,,censor,21.3798767967146,0.72301933742542
ARIC,70,0,0,0,1,23.59375,0.7619047619,,censor,20.7200547570157,0.63260581868259
ARIC,54,0,0,0,1,36.51263743,6.8827930175,,death,18.5133470225873,0.24485726745987
ARIC,71,1,0,0,1,31.940411564,34.838709677,,death,21.9767282683094,-0.326133973133651
ARIC,59,0,0,0,1,35.2,2.5563909774,,death,3.49075975359343,0.24558143002251
ARIC,64,1,0,0,1,24.391058839,8.7441860465,,censor,21.8590006844627,0.04843868798053
ARIC,57,0,0,0,1,25.817447292,3.320754717,,censor,22.425735797399,-0.55824684120262
ARIC,55,1,0,0,1,31.19509484,3.7297297297,,censor,20.8870636550308,-0.1981749074506
ARIC,63,1,0,0,1,29.224489796,10.028818444,,death,14.6064339493498,-0.05250592966323
ARIC,59,1,0,0,1,30.890387961,3.937007874,,censor,22.0533880903491,0.827860461166679
ARIC,63,1,0,0,1,22.151999745,22.456140351,,censor,20.6050650239562,0.160630450193911
ARIC,67,0,0,0,1,25.657414171,2.9200463499,,death,21.3935660506502,-0.79728622196874
ARIC,55,0,0,0,1,27.514872904,3.8495575221,,censor,23.0390143737166,-0.2252651866181
ARIC,59,0,0,0,1,26.539686986,9.7607655502,,censor,22.0287474332649,-0.0317347962011702
ARIC,70,1,0,0,1,29.06122449,5.9541984733,,death,19.7344284736482,-0.568917045318921
ARIC,69,1,0,0,1,29.429215616,46.430155211,,death,13.2156057494867,-0.46275513599003
ARIC,61,1,0,0,1,24.343809494,2.2052067381,,censor,21.6755646817248,0.51156625267501
ARIC,57,1,0,0,1,27.246900826,2.2443890274,,censor,22.3436002737851,0.60542407106611
ARIC,61,0,0,0,1,31.092821216,10.993548387,,censor,22.5352498288843,0.443687989685461
ARIC,56,0,0,0,1,21.469150482,0.2771362587,,censor,22.444900752909,0.52496846727514
ARIC,54,0,0,0,1,19.496405585,12.964426877,,dementia,15.1841204654346,1.11033292131839
ARIC,59,0,0,0,1,30.908243393,4.3243243243,,dementia,14.0588637919233,0.26250143073172
ARIC,59,0,0,0,1,27.072143998,0.442804428,,censor,22.4887063655031,-0.24661246656984
ARIC,73,0,0,0,1,21.193206561,6.7892503536,,death,2.40930869267625,-1.03746033827539
ARIC,55,0,0,0,1,24.228843528,0.4483188045,,censor,21.4455852156057,0.44876815351109
ARIC,62,0,0,0,1,31.25,18.0,,censor,23.0828199863107,0.11113101493526
ARIC,54,1,0,0,1,26.556864247,4.8214285714,,censor,20.1232032854209,0.67915739238183
ARIC,71,1,0,0,1,26.216410224,15.489361702,,dementia,21.0321697467488,-0.68291735427802
ARIC,65,0,0,0,1,29.82476959,1.2121212121,,censor,21.4866529774127,0.447291463856681
ARIC,65,1,0,0,1,22.283950617,18.968386023,,dementia,22.113620807666,0.5726570487743
ARIC,71,0,0,0,1,34.8583878,20.066889632,,dementia,21.07871321013,-1.16089942387563
ARIC,56,0,0,0,1,30.083829097,3.2673267327,,censor,21.0266940451745,-0.0254760930676298
ARIC,55,1,0,0,1,26.819923372,2.0262664165,,censor,22.1875427789185,0.59120922028557
ARIC,70,1,0,0,1,25.854108957,5.878962536,,censor,23.0225872689938,0.60248390243808
ARIC,56,0,0,0,1,24.759755138,37.939914163,,censor,21.9137577002053,-0.31723452137261
ARIC,68,1,0,0,1,29.26410358,0.3137254902,,censor,20.9062286105407,-0.57770684362623
ARIC,68,1,0,0,1,29.7796106,0.6818181818,,censor,20.2573579739904,-0.57824781118493
ARIC,63,1,0,0,1,29.126530612,3.29218107,,censor,22.0287474332649,0.19406317488487
ARIC,65,1,0,0,1,26.078971534,1.7673048601,,dementia,9.05681040383299,0.5406479043262
ARIC,62,1,0,0,1,27.799124595,0.7957559682,,death,16.0355920602327,0.47165227111422
ARIC,71,1,0,0,1,21.728997096,3.1003039514,,death,13.6043805612594,0.235905045702179
ARIC,58,0,0,0,1,29.007852558,1.8539325843,,censor,22.5954825462012,0.983016546140991
ARIC,63,1,0,0,1,32.029478458,4.0514469453,,death,13.4702258726899,-0.0936745519804703
ARIC,56,1,0,0,1,23.931855057,0.0,,censor,21.7549623545517,-0.44774966086172
ARIC,55,0,0,0,1,32.214538708,3.5346097202,,censor,22.757015742642,0.32154307872207
ARIC,62,0,0,0,1,27.078993751,3.9177750907,,censor,22.9377138945927,-1.64600941018592
ARIC,64,0,0,0,1,27.061613158,2.8897338403,,censor,20.621492128679,0.46338360082527
ARIC,61,1,0,0,1,35.330612245,45.192582026,,death,5.55783709787817,0.0799014750123
ARIC,63,0,0,0,1,25.93204775,6.4788732394,,dementia,20.9062286105407,0.22390902122124
ARIC,56,0,0,0,1,33.564013841,0.1428571429,,death,9.08692676249144,0.39260767919262
ARIC,58,0,0,0,1,45.70239334,7.2727272727,,dementia,21.6180698151951,0.15621527032983
ARIC,68,0,0,0,1,37.421395779,3.6719706242,,censor,20.6598220396988,-0.0354378477129003
ARIC,71,1,0,0,1,29.162984472,12.115384615,,dementia,17.1854893908282,-1.17959795086575
ARIC,65,1,0,0,1,30.811246105,9.2727272727,,censor,20.8678986995209,-0.60471998800922
ARIC,61,1,0,0,1,30.683106576,11.582491582,,censor,23.791923340178,-0.97897247791827
ARIC,55,0,0,0,1,31.147842057,3.6263736264,,censor,21.9794661190965,0.85177596365425
ARIC,54,0,0,0,1,30.736357659,0.7134363853,,censor,20.3340177960301,-0.11325042916919
ARIC,55,0,0,0,1,37.804076266,17.111517367,,censor,21.5496235455168,0.26785723607848
ARIC,56,0,0,0,1,29.07956542,1.6640986133,,censor,20.9007529089665,-0.42279291935636
ARIC,69,0,0,0,1,42.095449819,11.394230769,,death,14.2696783025325,-0.0205637007828898
ARIC,67,1,0,0,1,29.042386185,6.4257028112,,dementia,19.0992470910335,0.2398418561813
ARIC,55,0,0,0,1,25.729423719,1.327014218,,censor,21.4483230663929,-0.14879039427919
ARIC,56,0,0,0,1,29.322107708,1.3526570048,,censor,21.8288843258042,0.18463133739244
ARIC,62,1,0,0,1,25.308641975,13.690140845,,dementia,18.8528405201916,0.0756599727794402
ARIC,60,1,0,0,1,25.663123623,20.182529335,,censor,22.8281998631075,-0.272945425402
ARIC,59,0,0,0,1,35.360463344,5.74385511,,censor,22.8911704312115,0.88127014564521
ARIC,56,1,0,0,1,36.272068809,2.3198594025,,censor,21.7741273100616,-0.60666556817722
ARIC,67,0,0,0,1,30.370396931,14.630541872,,death,15.7125256673511,-0.17464281939845
ARIC,60,1,0,0,1,33.834466469,4.18230563,,dementia,21.1690622861054,0.0089319819839403
ARIC,65,0,0,0,1,26.174895895,0.4020100503,,censor,22.4065708418891,-0.78632808484909
ARIC,65,0,0,0,1,35.731453293,4.0431266846,,censor,20.8678986995209,-0.42627325338489
ARIC,56,1,0,0,1,31.522112294,6.4056939502,,censor,21.5496235455168,-0.37738759728424
ARIC,68,0,0,0,1,26.398013139,1.4535666218,,censor,20.7091033538672,0.19615261816955
ARIC,60,0,0,0,1,22.25270538,0.3076923077,,censor,22.9596167008898,-0.2177376718478
ARIC,63,0,0,0,1,28.971996128,0.8032128514,,death,8.78302532511978,0.1596565511615
ARIC,70,1,0,0,1,25.142082879,5.2390852391,,death,3.3264887063655,-0.42562143210705
ARIC,59,1,0,0,1,22.408329561,3.5567010309,,censor,22.9404517453799,0.584828058442309
ARIC,63,0,0,0,1,28.316808765,9.4151212553,,dementia,19.3593429158111,0.25692947921122
ARIC,56,0,0,0,1,30.836530532,1.3930348259,,death,18.6776180698152,-0.11592654295089
ARIC,67,1,0,0,1,27.400353796,4.72303207,,death,10.861054072553,-0.30430888164732
ARIC,63,0,0,0,1,23.306680053,4.5169385194,,censor,22.0999315537303,0.2768293777929
ARIC,57,0,0,0,1,27.425047669,28.914027149,,censor,21.0130047912389,-0.39385310939108
ARIC,65,1,0,0,1,29.204152249,28.636363636,,censor,21.2950034223135,-0.21715572411049
ARIC,70,1,0,0,1,27.889273356,2.3529411765,,censor,22.0643394934976,1.00580231122408
ARIC,68,0,0,0,1,27.911882835,18.116129032,,dementia,15.1676933607118,-0.62339150911283
ARIC,64,1,0,0,1,29.889538661,17.351598174,,dementia,21.3744010951403,0.19087493550055
ARIC,66,1,0,0,1,24.151672503,1.628959276,,dementia,18.9733059548255,-0.73592167422435
ARIC,62,0,0,0,1,24.376417234,12.931034483,,censor,21.6427104722793,0.26628221429086
ARIC,64,1,0,0,1,30.604338843,14.35483871,,censor,21.7357973990418,-0.29936667102785
ARIC,53,0,0,0,1,29.090909091,18.473684211,,censor,22.3490759753593,-0.04492741905458
ARIC,67,0,0,0,1,28.717218464,2.9583975347,,dementia,21.4401095140315,-0.0366831471693501
ARIC,67,0,0,0,1,30.4156521,0.914866582,,dementia,11.3894592744695,-0.44946525784081
ARIC,55,0,0,0,1,31.675170068,14.686567164,,censor,20.4654346338125,0.28727840267475
ARIC,66,1,0,0,1,23.967346939,0.9549071618,,censor,22.8501026694045,0.21376532669025
ARIC,67,1,0,0,1,23.121387283,7.5720164609,,censor,22.072553045859,-0.66943617109897
ARIC,59,1,0,0,1,29.197530864,25.714285714,,death,5.79876796714579,0.3586683494082
ARIC,61,0,0,0,1,36.071569436,29.430051813,,censor,22.8829568788501,0.973475755586711
ARIC,53,1,0,0,1,25.374483471,2.9666254635,,censor,22.0260095824778,0.70046890195346
ARIC,66,1,0,0,1,33.967391304,25.674418605,,death,14.5434633812457,0.0454228967798201
ARIC,62,0,0,0,1,22.77318641,2.1761658031,,death,13.1498973305955,0.802295365230989
ARIC,64,1,0,0,1,28.840702948,23.806970509,,censor,22.8637919233402,0.0356393959569601
ARIC,66,1,0,0,1,28.266898326,0.0,,censor,22.0396988364134,-0.46435854143632
ARIC,58,0,0,0,1,36.937088885,35.155482815,,death,20.3805612594114,-0.0733120043917303
ARIC,65,0,0,0,1,35.651337927,43.055934516,,dementia,19.501711156742,0.606588461808791
ARIC,60,1,0,0,1,24.897060232,4.4313146233,,dementia,20.3039014373717,0.25708964607012
ARIC,69,1,0,0,1,26.383673469,1.3219094247,,death,10.9130732375086,-0.57557899454103
ARIC,66,1,0,0,1,25.500910747,14.702702703,,censor,23.088295687885,0.38853388865988
ARIC,62,0,0,0,1,24.241544491,5.3173652695,,dementia,19.8083504449008,-0.83353184360086
ARIC,62,1,0,0,1,30.34607438,50.116472546,,censor,21.3990417522245,0.51890618557937
ARIC,64,0,0,0,1,24.375,12.84015852,,death,8.06023271731691,-0.7528809014538
ARIC,73,1,0,0,1,26.740128558,8.6885245902,,death,16.4599589322382,0.36956770175007
ARIC,71,1,0,0,1,25.020805928,29.585798817,,censor,22.2614647501711,-1.40569466307688
ARIC,54,1,0,0,1,40.293877551,26.953846154,,censor,22.3655030800821,0.47202020015008
ARIC,57,1,0,0,1,29.475392104,14.158878505,,death,18.7077344284736,-0.79052063898821
ARIC,64,0,0,0,1,35.003199217,10.855263158,,death,22.425735797399,-0.79043113794258
ARIC,60,0,0,0,1,21.171875,22.268041237,,censor,21.9520876112252,-0.0948127451924002
ARIC,59,0,0,0,1,25.257657135,0.1615074024,,censor,21.8015058179329,-0.51713480428387
ARIC,65,0,0,0,1,23.808532778,2.8609271523,,dementia,22.0232717316906,0.539028330576291
ARIC,57,1,0,0,1,21.977365702,1.2162162162,,censor,21.5660506502396,-0.47004262730652
ARIC,57,1,0,0,1,28.640453766,33.211009174,,death,19.9698836413415,0.0508886324664701
ARIC,66,1,0,0,1,23.532349178,7.533632287,,death,4.98562628336756,0.2903884213187
ARIC,59,1,0,0,1,28.016326531,11.363636364,,censor,21.015742642026,-0.0720945344566097
ARIC,70,0,0,0,1,26.666666667,4.6987951807,,censor,22.1930184804928,-0.28752080952182
ARIC,63,1,0,0,1,30.787760172,9.5857988166,,censor,21.9110198494182,0.10952270986955
ARIC,68,0,0,0,1,27.614265928,3.6585365854,,censor,22.6338124572211,-0.53846204700798
ARIC,55,0,0,0,1,25.948340651,1.0603829161,,censor,21.6947296372348,0.47660789150068
ARIC,56,1,0,0,1,27.266435986,24.522370012,,censor,22.5571526351814,0.66492245506011
ARIC,53,0,0,0,1,18.664485425,0.2803738318,,censor,20.621492128679,1.34063285409481
ARIC,58,1,0,0,1,26.621746598,7.9266055046,,death,9.33333333333333,0.20864954071704
ARIC,64,0,0,0,1,50.0,19.060402685,,censor,20.8186173853525,-0.88386243080466
ARIC,64,1,0,0,1,24.426078972,4.0837696335,,death,13.6509240246407,-1.00704997405914
ARIC,60,0,0,0,1,29.669839381,4.6900269542,,censor,22.2313483915127,-0.76995514143732
ARIC,67,1,0,0,1,33.96177686,26.261398176,,death,21.9520876112252,-0.16060532026721
ARIC,57,1,0,0,1,27.027870541,3.0188679245,,censor,21.7604380561259,-0.56396508828356
ARIC,55,0,0,0,1,31.683873265,2.9648894668,,censor,21.4702258726899,-0.78898962067148
ARIC,64,1,0,0,1,27.681164617,42.140992167,,dementia,13.4592744695414,0.22967613116644
ARIC,69,1,0,0,1,34.612244898,13.870402802,,censor,20.3778234086242,0.824990657237581
ARIC,58,1,0,0,1,23.407509129,1.426448737,,censor,21.7960301163587,0.51413869732098
ARIC,64,1,0,0,1,24.929111531,14.059405941,,censor,22.6885694729637,0.20097593919312
ARIC,67,0,0,0,1,40.48845795,21.308411215,,dementia,18.8966461327858,-0.41786662563186
ARIC,55,1,0,0,1,37.393648682,15.144230769,,dementia,11.9397672826831,0.21905721268091
ARIC,57,0,0,0,1,25.368480726,0.0,,censor,21.7056810403833,-0.24423999148554
ARIC,61,1,0,0,1,27.870518217,4.032,,censor,21.8535249828884,0.0938808828436201
ARIC,65,0,0,0,1,37.807183365,9.5,,censor,22.4312114989733,-0.66140801816971
ARIC,65,0,0,0,1,26.641328122,3.946406821,,dementia,18.9404517453799,0.841460299365011
ARIC,60,0,0,0,1,25.986892242,0.7535321821,,censor,22.2532511978097,-0.63131777094792
ARIC,73,0,0,0,1,27.804370447,1.9867549669,,death,18.8199863107461,-0.90558602436251
ARIC,73,0,0,0,1,38.233955394,3.4082840237,,death,17.6071184120465,-0.15279363237311
ARIC,64,0,0,0,1,25.858585859,11.78807947,,dementia,17.3114305270363,0.53670212974656
ARIC,59,1,0,0,1,29.627702625,17.879194631,,dementia,14.6338124572211,0.0709968161226399
ARIC,56,1,0,0,1,26.775510204,8.6796785304,,death,10.5571526351814,0.47767090994354
ARIC,67,1,0,0,1,28.152829647,7.7845777234,,censor,21.9876796714579,-0.52372931591369
ARIC,54,0,0,0,1,30.951297223,24.91349481,,censor,21.4428473648186,0.0197451194792897
ARIC,70,0,0,0,1,30.774099126,13.978494624,,dementia,15.2005475701574,0.0888973198815293
ARIC,64,1,0,0,1,31.037414966,8.0108991826,,censor,21.9958932238193,-0.0816416742008997
ARIC,64,0,0,0,1,25.6311675,0.3773584906,,death,20.5749486652977,-0.0699242017158099
ARIC,54,0,0,0,1,26.520347508,3.2571428571,,censor,22.4202600958248,-0.01523895691058
ARIC,57,1,0,0,1,26.234567901,2.1897810219,,dementia,17.0075290896646,0.30638541020626
ARIC,68,0,0,0,1,39.911111111,22.468085106,,death,10.4859685147159,-0.55496674969004
ARIC,73,1,0,0,1,31.405223522,56.542893726,,death,3.27994524298426,0.26888085818069
ARIC,53,1,0,0,1,28.089010955,2.0338983051,,censor,21.4264202600958,0.35975440514544
ARIC,59,0,0,0,1,30.728961239,19.416909621,,censor,21.6235455167693,0.28622682159153
ARIC,64,1,0,0,1,24.960898848,18.381877023,,dementia,19.460643394935,-0.62031770051723
ARIC,65,0,0,0,1,25.36790997,7.671893848,,dementia,15.1485284052019,0.563967747995569
ARIC,68,1,0,0,1,26.555687673,12.341356674,,dementia,21.9575633127995,-1.21808734381809
ARIC,63,1,0,0,1,24.391058839,0.706921944,,death,1.79876796714579,-0.62549483105779
ARIC,67,0,0,0,1,24.310318549,1.2474012474,,death,4.9719370294319,0.558407234755261
ARIC,58,0,0,0,1,20.467411816,1.2257405516,,censor,20.7556468172485,-1.18243873178869
ARIC,69,1,0,0,1,29.174247502,6.9811320755,,censor,20.7994524298426,-0.77672595393214
ARIC,70,1,0,0,1,30.211291782,7.9674796748,,death,12.208076659822,-0.14933646873002
ARIC,54,0,0,0,1,50.0,13.375796178,,death,8.82135523613963,0.0640381904347898
ARIC,69,1,0,0,1,28.663548753,6.4670658683,,dementia,16.0164271047228,-0.47564557699714
ARIC,62,1,0,0,1,23.220249056,14.826254826,,censor,21.0431211498973,-0.0484389228768798
ARIC,57,1,0,0,1,41.197954711,4.1591784339,,censor,22.8281998631075,-0.12036330578045
ARIC,64,1,0,0,1,32.236755186,44.29245283,,death,19.1841204654346,-0.21494574400983
ARIC,65,1,0,0,1,22.970568959,1.5242494226,,censor,20.6160164271047,-0.78001412897439
ARIC,58,0,0,0,1,24.622960911,4.9861495845,,death,21.8726899383984,-1.45652454632364
ARIC,69,1,0,0,1,31.975650628,4.7010309278,,death,21.9548254620123,-0.76517823577033
ARIC,59,1,0,0,1,27.110252385,1.2648221344,,censor,20.7227926078029,-1.01084361081935
ARIC,73,1,0,0,1,26.709072877,27.881899872,,dementia,20.0328542094456,0.555151944081059
ARIC,62,0,0,0,1,27.842056933,2.9493087558,,dementia,18.757015742642,0.53431144689855
ARIC,67,1,0,0,1,29.367556943,8.0097087379,,censor,23.0773442847365,0.59470336653538
ARIC,72,1,0,0,1,26.462045968,8.4705882353,,dementia,17.0595482546201,-0.727484597985119
ARIC,66,0,0,0,1,36.71875,12.575757576,,censor,22.0999315537303,-0.15966322448156
ARIC,62,0,0,0,1,28.360351528,0.46692607,,death,14.5379876796715,-0.1201533722593
ARIC,65,1,0,0,1,27.349592503,10.761670762,,censor,21.2402464065708,0.71045351347462
ARIC,71,1,0,0,1,19.597641346,0.0,,dementia,16.5201916495551,0.0507439481805406
ARIC,53,0,0,0,1,22.633744856,0.8955223881,,censor,21.9137577002053,-0.26668503771594
ARIC,61,0,0,0,1,23.530366343,4.2443729904,,censor,20.9500342231348,0.13047434679846
ARIC,67,0,0,0,1,25.390218522,20.914285714,,dementia,15.419575633128,-0.19215018657647
ARIC,53,0,0,0,1,26.077097506,11.371571072,,censor,22.1519507186858,-0.84508346528751
ARIC,70,1,0,0,1,28.602789256,18.724559023,,dementia,19.0691307323751,-0.86081005671032
ARIC,72,1,0,0,1,28.461330449,1.7366136035,,death,20.2765229295003,-0.90451363258765
ARIC,64,1,0,0,1,39.943914367,13.701657459,,dementia,20.9445585215606,0.2119632392431
ARIC,64,1,0,0,1,37.093425606,24.298642534,,dementia,22.6447638603696,-0.41877562930469
ARIC,58,1,0,0,1,25.335001984,1.186440678,,censor,22.3052703627652,-0.0971692295359603
ARIC,53,0,0,0,1,21.218317195,1.3003095975,,censor,22.2532511978097,-0.56821325287
ARIC,60,0,0,0,1,31.981790826,4.4672657253,,death,21.3579739904175,1.00489494452162
ARIC,67,0,0,0,1,33.244155958,2.6771653543,,censor,22.7871321013005,-0.232852575165251
ARIC,66,0,0,0,1,23.5806741,3.7435008666,,death,12.3750855578371,0.49467121159996
ARIC,56,0,0,0,1,29.250679541,2.2196531792,,dementia,21.2046543463381,0.50454805583354
ARIC,64,0,0,0,1,25.834476452,2.2911694511,,censor,20.6926762491444,0.36313272674864
ARIC,61,0,0,0,1,31.467221644,0.8823529412,,death,22.0588637919233,-0.0782474914431802
ARIC,69,0,0,0,1,24.828593452,5.1682368775,,censor,21.8836413415469,-0.96535309450372
ARIC,57,0,0,0,1,24.801587302,1.1940298507,,censor,21.6344969199179,-0.97518166967897
ARIC,65,0,0,0,1,27.8125,5.7525083612,,censor,22.0780287474333,0.35409971818134
ARIC,62,1,0,0,1,34.671280277,42.328042328,,dementia,14.7049965776865,0.0795891060811897
ARIC,58,1,0,0,1,29.506714876,6.5007320644,,censor,22.5215605749487,-1.08970980784078
ARIC,53,0,0,0,1,31.528851874,6.2717770035,,censor,21.3497604380561,-0.372604309863
ARIC,56,0,0,0,1,27.174526704,0.7202881152,,censor,22.8692676249144,-0.0974221665470601
ARIC,59,1,0,0,1,27.395530867,1.9330855019,,death,3.85215605749487,0.14548782354956
ARIC,57,0,0,0,1,22.03125,0.1662049861,,censor,22.6365503080082,-1.0888090379752
ARIC,59,0,0,0,1,21.118381916,0.347826087,,death,19.2470910335387,-0.48945458084408
ARIC,54,1,0,0,1,27.810826889,3.1704095112,,censor,22.6666666666667,0.8661754256924
ARIC,56,0,0,0,1,32.083523853,6.2234042553,,death,15.1074606433949,-0.0318832951648098
ARIC,56,0,0,0,1,32.61707989,0.4568527919,,dementia,19.2607802874743,-0.12904854123615
ARIC,60,1,0,0,1,23.372933884,23.288009889,,censor,23.0006844626968,-0.62009322672455
ARIC,53,0,0,0,1,24.54039467,3.2478632479,,censor,21.7440109514031,-0.60564826916801
ARIC,58,1,0,0,1,28.468627699,22.158647594,,censor,22.321697467488,-0.2592520994866
ARIC,66,1,0,0,1,26.996691871,8.6956521739,,censor,21.2265571526352,-0.0845590676066394
ARIC,59,1,0,0,1,35.50295858,12.893982808,,censor,21.6892539356605,0.33791556779167
ARIC,54,0,0,0,1,31.325951931,1.6923076923,,censor,21.6755646817248,-0.0411897272677699
ARIC,70,1,0,0,1,23.73348817,31.132075472,,death,13.7796030116359,0.1399081532529
ARIC,69,1,0,0,1,26.729927495,22.205323194,,death,13.5906913073238,0.5822479986521
ARIC,59,0,0,0,1,29.104369284,7.9274611399,,censor,22.9541409993155,0.50704750832825
ARIC,72,0,0,0,1,38.379355687,6.8181818182,,death,6.41752224503765,0.0035975198854899
ARIC,56,0,0,0,1,22.109375,0.0,,censor,22.90212183436,0.82149318102463
ARIC,68,1,0,0,1,29.87755102,8.253968254,,death,14.0862422997947,0.0712160862139399
ARIC,56,0,0,0,1,43.402110299,34.239569314,,dementia,19.8165639972621,-0.32690918539879
ARIC,69,1,0,0,1,24.212578229,2.6966292135,,censor,22.3080082135524,-0.23243754373356
ARIC,72,0,0,0,1,19.584775087,0.8834355828,,dementia,13.0458590006845,-0.31696477193705
ARIC,56,0,0,0,1,31.482007384,3.6788321168,,censor,21.2511978097194,-0.66076694779659
ARIC,71,0,0,0,1,27.960262778,4.9361702128,,censor,21.886379192334,-0.249435959900821
ARIC,68,0,0,0,1,25.6311675,10.801479655,,death,16.7720739219713,1.11804701613351
ARIC,58,0,0,0,1,33.313978807,8.8524590164,,censor,21.4647501711157,-0.0315257706888602
ARIC,56,0,0,0,1,34.096752502,1.7799752781,,death,3.89869952087611,0.18889956179802
ARIC,58,0,0,0,1,23.410741842,3.4874504624,,dementia,16.1204654346338,-0.77104108234667
ARIC,68,1,0,0,1,28.2963138,1.5859030837,,censor,21.3853524982888,-0.27866884078957
ARIC,55,0,0,0,1,32.820203997,8.255033557,,censor,21.6974674880219,-0.16450480927366
ARIC,70,1,0,0,1,30.739416619,11.5,,death,22.2532511978097,0.57381040859449
ARIC,67,1,0,0,1,24.290657439,1.875,,death,14.5544147843943,1.18975945401585
ARIC,71,0,0,0,1,24.761678731,8.2209944751,,censor,20.4490075290897,-0.00588749559451
ARIC,62,0,0,0,1,29.24269897,0.9988109394,,death,12.6926762491444,1.08840046686124
ARIC,57,0,0,0,1,24.459282915,0.0,,censor,22.2669404517454,-1.02150964259589
ARIC,66,0,0,0,1,25.156224964,1.4165261383,,dementia,20.4188911704312,-0.0597885054877494
ARIC,60,1,0,0,1,24.89224498,2.1568627451,,censor,21.264887063655,0.27822032324915
ARIC,71,1,0,0,1,35.916955017,44.785435631,,death,3.53730321697467,0.12617362067658
ARIC,56,0,0,0,1,30.265640877,5.1798561151,,censor,21.6208076659822,-0.19337173163782
ARIC,61,0,0,0,1,31.887755102,56.909090909,,death,7.38124572210814,-0.0837779014579901
ARIC,62,0,0,0,1,32.293399327,14.972067039,,censor,21.7713894592745,-1.04520441256019
ARIC,53,1,0,0,1,22.598870056,8.0597014925,,death,5.83436002737851,-0.32550399736599
ARIC,57,0,0,0,1,26.399635867,14.923857868,,dementia,20.0958247775496,-0.41742932760117
ARIC,53,0,0,0,1,22.055779292,4.0046029919,,censor,22.2532511978097,0.6264168691978
ARIC,74,1,0,0,1,24.386351304,0.9703504043,,dementia,8.52566735112936,1.36635074469486
ARIC,61,0,0,0,1,34.180780062,13.259668508,,censor,21.9219712525667,0.6371334500551
ARIC,65,1,0,0,1,28.393726339,10.094637224,,censor,21.6427104722793,0.0826923698992999
ARIC,68,0,0,0,1,19.296875,1.5768725361,,dementia,18.9541409993155,0.369212595919829
ARIC,65,0,0,0,1,27.465617266,0.5274725275,,censor,21.3305954825462,-0.43715174985171
ARIC,57,1,0,0,1,20.365230095,1.0714285714,,death,22.3381245722108,0.60186493494182
ARIC,57,0,0,0,1,30.11600238,23.597122302,,death,10.3545516769336,-0.14064122896445
ARIC,70,1,0,0,1,27.331350864,50.012903226,,censor,21.1416837782341,-1.10866731003257
ARIC,68,0,0,0,1,25.394477318,2.0899854862,,censor,22.362765229295,0.0197948586449002
ARIC,72,0,0,0,1,28.008178697,3.0727762803,,death,11.1485284052019,-0.38026035921739
ARIC,54,1,0,0,1,32.26122449,18.514285714,,death,21.3771389459274,0.31018482086784
ARIC,64,0,0,0,1,40.821170049,79.887165021,,death,22.0177960301164,0.0910911086848202
ARIC,68,1,0,0,1,28.255313189,11.339915374,,censor,20.6516084873374,0.2783711649926
ARIC,58,0,0,0,1,29.595478882,4.1176470588,,censor,22.4366872005476,-0.36063047120114
ARIC,57,1,0,0,1,25.817174515,21.847826087,,censor,20.9500342231348,-0.43921658871416
ARIC,53,1,0,0,1,37.803457852,4.4615384615,,censor,23.5783709787817,0.13319987542501
ARIC,56,1,0,0,1,30.103806228,1.0603829161,,censor,21.6974674880219,1.10181834678779
ARIC,63,1,0,0,1,24.960898848,18.29787234,,death,19.5071868583162,0.41045812434502
ARIC,55,1,0,0,1,33.950617284,9.9115044248,,censor,21.1252566735113,1.03049906258617
ARIC,64,1,0,0,1,23.689398243,8.9203539823,,death,8.41889117043121,0.58542937263596
ARIC,64,1,0,0,1,33.745659722,17.647058824,,death,19.4579055441478,0.494670099931859
ARIC,57,1,0,0,1,29.17419492,2.2808870116,,death,6.00958247775496,0.2730450419979
ARIC,74,0,0,0,1,26.53375883,26.017699115,,death,21.7385352498289,-0.61657312759101
ARIC,71,1,0,0,1,38.319989669,42.894736842,,death,0.856947296372347,-0.0233519072519201
ARIC,72,1,0,0,1,25.439342404,4.5933014354,,death,14.5790554414784,-0.37839863827023
ARIC,57,0,0,0,1,27.609451755,0.1783060921,,death,7.35112936344969,0.68234691043154
ARIC,73,0,0,0,1,28.002559374,13.170731707,,dementia,15.5290896646133,-0.12523436933443
ARIC,60,0,0,0,1,26.679738104,1.6647398844,,death,14.7077344284736,0.40256047034373
ARIC,66,0,0,0,1,24.896549366,22.432778489,,censor,22.0752908966461,-0.1023210268323
ARIC,68,0,0,0,1,25.558842867,0.5139186296,,dementia,14.444900752909,0.10840488255641
ARIC,57,1,0,0,1,25.862068966,5.386996904,,censor,21.429158110883,0.6034746411998
ARIC,57,0,0,0,1,22.893732731,0.966442953,,censor,22.54893908282,-0.38817079564635
ARIC,70,0,0,0,1,39.63649641,79.833333333,,death,13.9712525667351,-0.31061356690428
ARIC,72,0,0,0,1,24.801587302,7.5187969925,,dementia,18.9240246406571,0.534905725737509
ARIC,60,0,0,0,1,35.74150282,34.160583942,,censor,21.5359342915811,-1.25397125784886
ARIC,62,0,0,0,1,28.528934559,1.1622276029,,censor,22.0150581793292,0.0134266143100902
ARIC,56,1,0,0,1,30.421849648,0.4400977995,,dementia,16.5229295003422,-0.68599736222761
ARIC,68,0,0,0,1,24.238227147,1.6901408451,,death,11.9698836413415,-0.21019997005683
ARIC,54,0,0,0,1,27.820069204,1.4917127072,,death,17.7303216974675,0.0926573630912301
ARIC,56,1,0,0,1,26.301509783,0.6,,censor,21.8754277891855,0.53521154313327
ARIC,63,0,0,0,1,23.948741291,4.199192463,,censor,22.0616016427105,-0.47276303692506
ARIC,59,1,0,0,1,23.231508854,2.1428571429,,censor,22.3381245722108,0.46907726094012
ARIC,59,0,0,0,1,28.303662163,3.4285714286,,censor,21.4154688569473,-0.37125058439967
ARIC,73,1,0,0,1,29.136316337,14.915254237,,death,14.6776180698152,-0.11182636971788
ARIC,69,1,0,0,1,38.694609267,3.8605898123,,death,8.70636550308008,-0.30805628932695
ARIC,55,1,0,0,1,36.055363322,6.3070539419,,censor,22.6392881587953,-0.57120320437107
ARIC,63,0,0,0,1,23.205809566,7.3796791444,,dementia,16.4845995893224,-0.68351018597692
ARIC,58,1,0,0,1,30.69664666,6.8742216687,,censor,21.4346338124572,0.93997773563693
ARIC,70,1,0,0,1,25.434120486,51.428571429,,death,10.7789185489391,-0.15558421479701
ARIC,73,1,0,0,1,25.208163265,5.4669703872,,death,5.48117727583847,-0.67772389336386
ARIC,70,1,0,0,1,36.753650306,39.473684211,,death,11.8986995208761,0.29019124254548
ARIC,58,0,0,0,1,29.128970749,0.9436435125,,censor,22.861054072553,-0.208762081762
ARIC,68,0,0,0,1,23.801652893,5.9638554217,,dementia,18.7296372347707,0.41242000989389
ARIC,58,0,0,0,1,23.051754908,3.0769230769,,censor,22.1054072553046,-0.0617257342480698
ARIC,54,1,0,0,1,25.697069943,2.967032967,,censor,21.5386721423682,-0.54739794248773
ARIC,67,1,0,0,1,28.59653867,4.1772151899,,death,12.9965776865161,0.57639440155956
ARIC,61,0,0,0,1,23.392299688,0.0,,censor,23.501711156742,0.6400597274549
ARIC,57,1,0,0,1,27.830033742,7.892074199,,censor,21.4811772758385,0.45369640479154
ARIC,71,1,0,0,1,28.240740741,9.037037037,,dementia,8.01916495550993,0.83297088440175
ARIC,65,0,0,0,1,25.307665599,2.4697336562,,censor,22.0971937029432,0.15324588515965
ARIC,58,1,0,0,1,27.906022366,6.3701578192,,censor,21.3169062286105,-0.19471234043373
ARIC,57,0,0,0,1,22.993110079,1.9672131148,,censor,20.7994524298426,-0.35561175815369
ARIC,66,1,0,0,1,24.290657439,0.2108963093,,death,13.1416837782341,0.95984241978571
ARIC,70,1,0,0,1,34.325259516,65.820359281,,dementia,21.3196440793977,-0.0995075245224996
ARIC,71,0,0,0,1,28.242553696,5.5384615385,,dementia,20.1013004791239,0.19086614755513
ARIC,64,0,0,0,1,29.817591525,24.857142857,,death,15.4770704996578,-0.25156200768449
ARIC,59,1,0,0,1,26.86873566,0.7772020725,,censor,21.3524982888433,0.4943074257822
ARIC,59,1,0,0,1,26.234567901,8.9256198347,,death,14.0506502395619,-0.75227870095975
ARIC,63,0,0,0,1,28.796329259,6.1896838602,,death,22.5653661875428,0.49027363338912
ARIC,61,1,0,0,1,37.383780992,12.167832168,,death,12.1615331964408,-0.0693759433927703
ARIC,55,0,0,0,1,33.648453773,1.4408233276,,censor,21.3853524982888,0.4502729240255
ARIC,54,0,0,0,1,27.887617066,2.2167487685,,dementia,16.3394934976044,0.58463809191899
ARIC,73,1,0,0,1,25.925925926,15.614035088,,death,7.59753593429158,-0.42726634011868
ARIC,58,0,0,0,1,27.313761043,1.875,,death,15.7837097878166,-0.1518064763746
ARIC,69,1,0,0,1,26.332888752,37.710109622,,death,21.09787816564,-0.2067841588227
ARIC,59,1,0,0,1,27.079914152,4.7887323944,,censor,22.8528405201916,-0.50308189986018
ARIC,65,1,0,0,1,36.623367529,63.938223938,,death,21.8206707734428,-0.49129150281069
ARIC,55,0,0,0,1,32.861373687,3.7130801688,,censor,21.8316221765914,-0.89177509732046
ARIC,59,0,0,0,1,18.186188111,9.0155440415,,dementia,21.1416837782341,-0.0459839591277401
ARIC,72,0,0,0,1,25.156224964,0.4724409449,,death,1.76317590691307,0.84194574587485
ARIC,61,1,0,0,1,32.715318869,0.0,,censor,22.2915811088296,-0.55477443956322
ARIC,60,0,0,0,1,41.312358277,2.6482758621,,censor,20.4544832306639,-0.19238590494084
ARIC,72,0,0,0,1,29.46930281,0.447761194,,death,17.015742642026,-1.17870957589231
ARIC,58,0,0,0,1,28.943985308,0.7559055118,,censor,21.7741273100616,-0.0543909619272903
ARIC,60,0,0,0,1,30.991435622,45.995423341,,censor,20.4134154688569,0.0366115449924003
ARIC,55,0,0,0,1,22.883811961,0.7389162562,,censor,22.2943189596167,0.63600415078078
ARIC,56,0,0,0,1,25.242927319,0.629095675,,dementia,21.719370294319,0.12974871537687
ARIC,61,0,0,0,1,24.1638322,1.6724738676,,censor,22.7515400410678,-0.55553760270345
ARIC,56,1,0,0,1,32.345604561,14.710743802,,dementia,21.3716632443532,-0.41585771033889
ARIC,66,1,0,0,1,27.45144575,1.4742014742,,dementia,16.0876112251882,0.33454768115208
ARIC,69,0,0,0,1,28.557256236,3.5419126328,,censor,21.9603011635866,0.60033002133876
ARIC,53,0,0,0,1,42.046505483,36.04505632,,censor,22.0451745379877,0.10516253943672
ARIC,60,1,0,0,1,33.761128454,2.8046744574,,death,16.7364818617385,0.49669392927639
ARIC,60,0,0,0,1,26.299357208,11.149144254,,censor,23.791923340178,0.22162763071292
ARIC,57,0,0,0,1,29.053287982,0.7659574468,,censor,22.6201232032854,-0.0367728414231401
ARIC,72,1,0,0,1,26.748971193,9.0947368421,,death,10.321697467488,-0.36172720461454
ARIC,62,0,0,0,1,32.893294154,0.2226345083,,death,20.1587953456537,-0.20036355148515
ARIC,58,1,0,0,1,34.355754136,76.842105263,,censor,22.7460643394935,-0.13484692106261
ARIC,58,0,0,0,1,31.426912469,1.5639810427,,censor,22.4640657084189,-1.40691280992825
ARIC,67,1,0,0,1,28.111213707,7.1111111111,,censor,21.8507871321013,-0.24796550103993
ARIC,62,1,0,0,1,28.900471271,6.1375661376,,censor,21.9630390143737,0.15019806848462
ARIC,57,1,0,0,1,40.824901089,9.5652173913,,censor,21.7713894592745,-0.53965032379333
ARIC,66,1,0,0,1,28.805272109,5.9757738896,,death,7.94798083504449,-0.0554506722857198
ARIC,55,0,0,0,1,46.044864227,33.372781065,,censor,22.0561259411362,-0.49139863144015
ARIC,56,0,0,0,1,21.045918367,2.6267281106,,censor,21.9137577002053,0.22870081676487
ARIC,67,1,0,0,1,28.468627699,10.125944584,,censor,21.7330595482546,-0.20517020432948
ARIC,71,1,0,0,1,24.382716049,11.364365971,,death,1.42094455852156,1.17367134613409
ARIC,58,0,0,0,1,28.962891296,6.0966542751,,censor,21.4127310061602,0.29425501837932
ARIC,71,1,0,0,1,23.528607093,9.0653008963,,death,3.79739904175223,0.168333528605091
ARIC,63,1,0,0,1,32.208732561,10.605326877,,censor,21.3935660506502,-0.20550394341793
ARIC,69,1,0,0,1,24.51814059,18.536585366,,death,6.58179329226557,-0.43465942755397
ARIC,62,1,0,0,1,31.091348342,15.730337079,,censor,21.4839151266256,-0.43481511445916
ARIC,57,0,0,0,1,26.740128558,2.5174825175,,censor,22.1957563312799,-0.3132870898565
ARIC,62,0,0,0,1,31.383975026,4.9681528662,,death,5.12525667351129,-0.17579256720348
ARIC,69,1,0,0,1,31.140365532,6.6467065868,,death,11.8877481177276,-0.58693672992525
ARIC,55,0,0,0,1,45.240694042,6.8292682927,,censor,22.8966461327858,-0.19471705532803
ARIC,65,1,0,0,1,33.703703704,12.761904762,,death,16.7912388774812,0.39379209763633
ARIC,58,1,0,0,1,24.074074074,2.131147541,,death,19.6522929500342,-0.12068484582979
ARIC,63,0,0,0,1,27.970863684,1.6925246827,,dementia,14.0971937029432,0.5679582521206
ARIC,56,0,0,0,1,35.605404795,16.733067729,,censor,22.0396988364134,-0.79364875740248
ARIC,63,0,0,0,1,24.735757204,1.316872428,,censor,21.8590006844627,0.646612733049381
ARIC,64,1,0,0,1,28.962891296,9.2138939671,,censor,23.1731690622861,-1.10570092511662
ARIC,56,0,0,0,1,21.638905413,0.0,,censor,22.3874058863792,-0.64803669442399
ARIC,63,1,0,0,1,35.916824197,26.423562412,,dementia,19.709787816564,-1.05464305401812
ARIC,66,1,0,0,1,29.542996214,22.299651568,,censor,21.1006160164271,-0.3502800803769
ARIC,59,1,0,0,1,29.583673469,6.1410788382,,death,2.84736481861739,0.27513386654184
ARIC,61,1,0,0,1,28.631604652,4.824120603,,censor,21.8507871321013,-0.95370217106213
ARIC,69,1,0,0,1,18.879706152,6.6885245902,,censor,23.0335386721424,0.0343673811065202
ARIC,60,0,0,0,1,36.139455782,3.3734939759,,dementia,22.3682409308693,1.02929904904041
ARIC,67,1,0,0,1,34.219358821,8.0357142857,,death,13.5879534565366,0.45199635613063
ARIC,60,0,0,0,1,22.607152502,7.6376988984,,censor,21.305954825462,0.49365053879102
ARIC,61,1,0,0,1,23.511342155,44.783861671,,death,20.5722108145106,-0.3503706229254
ARIC,58,1,0,0,1,21.194420505,1.7618270799,,censor,21.8699520876112,0.42679563548695
ARIC,57,0,0,0,1,34.744476303,7.3846153846,,censor,21.5605749486653,-0.0986518815014399
ARIC,60,1,0,0,1,25.802469136,6.7741935484,,censor,22.2669404517454,-0.44623508567251
ARIC,59,1,0,0,1,24.681227118,1.2574850299,,dementia,20.0711841204654,-0.0462984888520303
ARIC,70,0,0,0,1,26.5625,0.4516938519,,death,4.64065708418891,0.0720866992842105
ARIC,57,1,0,0,1,37.249864792,3.1746031746,,censor,22.4394250513347,-0.47217623957322
ARIC,58,1,0,0,1,37.02708352,70.39745628,,death,6.20123203285421,-0.54340707050768
ARIC,60,1,0,0,1,34.580693486,8.8212927757,,censor,21.9876796714579,-0.0972853718036099
ARIC,71,0,0,0,1,30.475206612,1.7910447761,,dementia,16.8213552361396,-0.48537467807149
ARIC,53,1,0,0,1,24.705544384,4.5964432285,,censor,22.8364134154689,0.96069180899774
ARIC,59,1,0,0,1,27.717685235,23.723228995,,death,13.0321697467488,0.39347840548583
ARIC,67,1,0,0,1,26.217563976,22.790697674,,dementia,19.3292265571526,-0.71956608202099
ARIC,62,0,0,0,1,22.717375526,18.859315589,,censor,21.7768651608487,0.451988675410389
ARIC,66,0,0,0,1,26.357955456,18.744257274,,death,9.58521560574949,-0.57350213153807
ARIC,67,1,0,0,1,31.43542482,8.8397790055,,dementia,14.9541409993155,0.0861048147047598
ARIC,71,1,0,0,1,22.719389525,3.1111111111,,dementia,13.7522245037645,-0.45633374763645
ARIC,55,1,0,0,1,30.15339664,10.608695652,,censor,21.5222450376454,-0.0342745633020399
ARIC,62,1,0,0,1,28.919753086,17.319587629,,death,14.4969199178645,0.14486343507966
ARIC,54,1,0,0,1,23.243801653,7.4885844749,,censor,22.0205338809035,0.7092308171212
ARIC,56,1,0,0,1,27.423469388,7.7647058824,,censor,22.1190965092402,1.42641637262538
ARIC,65,1,0,0,1,23.186621525,12.506596306,,death,12.7282683093771,-0.41440767914068
ARIC,71,0,0,0,1,27.681164617,1.568627451,,death,15.9206023271732,-1.11788568933988
ARIC,58,1,0,0,1,32.66078569,13.179190751,,censor,21.7796030116359,-0.81257576295336
ARIC,53,1,0,0,1,23.186621525,6.8986384266,,censor,22.6091718001369,0.84920071116642
ARIC,58,1,0,0,1,37.837837838,9.7452229299,,death,17.6208076659822,0.1278402444236
ARIC,56,0,0,0,1,24.290657439,1.5642458101,,censor,22.9705681040383,0.75188999042103
ARIC,53,0,0,0,1,24.508945765,2.7953410982,,death,9.96030116358658,-0.47177103833119
ARIC,64,1,0,0,1,31.394275162,8.4774665043,,dementia,13.9548254620123,-0.60400316257989
ARIC,65,1,0,0,1,30.192837466,9.8360655738,,death,13.8672142368241,0.52168136538514
ARIC,54,0,0,0,1,20.523899541,0.7389162562,,censor,20.5092402464066,-0.75191703656943
ARIC,70,1,0,0,1,30.617283951,14.905660377,,censor,21.5605749486653,-0.24239515132125
ARIC,69,0,0,0,1,29.797286999,3.9169139466,,censor,21.8288843258042,-0.0284464359497406
ARIC,60,0,0,0,1,32.790927022,3.2225063939,,death,22.3052703627652,-0.16917887676502
ARIC,69,0,0,0,1,30.489809336,10.873146623,,censor,21.864476386037,-0.77634640504837
ARIC,69,1,0,0,1,25.632747934,18.525730181,,dementia,22.0944558521561,-0.04459833390342
ARIC,55,1,0,0,1,23.276084711,5.5772113943,,censor,21.4045174537988,0.0164363960364099
ARIC,63,0,0,0,1,32.323232323,3.5744680851,,censor,20.5475701574264,-0.29435635978514
ARIC,55,0,0,0,1,27.514872904,3.0734966592,,censor,22.6721423682409,0.96984108611711
ARIC,54,1,0,0,1,25.945945946,0.3269754768,,censor,21.160848733744,0.11212550073327
ARIC,58,0,0,0,1,25.806451613,0.2569593148,,censor,21.4948665297741,0.2711412318478
ARIC,62,1,0,0,1,28.650519031,50.357142857,,dementia,11.7782340862423,0.9632760120619
ARIC,67,0,0,0,1,28.430377088,3.2941176471,,death,18.1574264202601,0.30730632378841
ARIC,65,0,0,0,1,37.015920354,10.895334174,,death,17.4839151266256,0.290595774307251
ARIC,56,1,0,0,1,24.62962963,3.7151702786,,censor,22.9377138945927,0.30501728348374
ARIC,56,1,0,0,1,23.545006944,60.27480916,,censor,21.7631759069131,-0.3816007630776
ARIC,56,0,0,0,1,27.895253962,1.233933162,,censor,21.4045174537988,0.77342595791336
ARIC,53,0,0,0,1,29.802916199,10.869565217,,censor,23.0554414784394,0.19681060736255
ARIC,63,1,0,0,1,22.762951334,6.4285714286,,death,15.9288158795346,0.215004841958169
ARIC,58,1,0,0,1,33.003481264,8.9068825911,,censor,20.7310061601643,0.11801661412295
ARIC,57,1,0,0,1,33.044897959,16.706586826,,censor,20.6351813826146,1.00666443006749
ARIC,69,1,0,0,1,34.50617284,16.342412451,,death,1.61533196440794,0.34170042381925
ARIC,65,0,0,0,1,29.84375,2.0919175911,,censor,20.8514715947981,-0.37179486855785
ARIC,59,1,0,0,1,33.924968366,52.946298984,,death,20.6872005475702,0.739664058774881
ARIC,56,0,0,0,1,26.677184553,3.0196936543,,dementia,20.394250513347,-1.06700453387204
ARIC,66,1,0,0,1,38.494685435,50.272596844,,dementia,21.1362080766598,-1.34685451845665
ARIC,55,0,0,0,1,27.662105889,1.1175785797,,censor,21.4346338124572,0.22474835975397
ARIC,62,0,0,0,1,30.450624628,1.2060301508,,censor,21.5687885010267,-0.33222767924775
ARIC,59,0,0,0,1,34.434582512,0.1860465116,,censor,21.9657768651608,0.44525568721507
ARIC,65,0,0,0,1,30.11600238,1.9622641509,,censor,22.3353867214237,0.0778820085202796
ARIC,71,1,0,0,1,25.864512472,23.104477612,,dementia,21.1909650924025,-0.53143408261014
ARIC,58,0,0,0,1,23.561293236,11.076923077,,censor,21.5523613963039,-0.45508149738521
ARIC,68,0,0,0,1,21.992800918,2.5806451613,,death,0.977412731006162,-0.52150300040798
ARIC,61,0,0,0,1,36.747404844,36.647727273,,censor,22.7843942505133,0.0799331839108497
ARIC,59,0,0,0,1,28.316808765,1.6822429907,,censor,23.025325119781,-0.19643720039244
ARIC,64,1,0,0,1,32.347623967,63.711340206,,censor,21.2977412731006,-0.15348295035517
ARIC,54,0,0,0,1,30.191114776,1.2962962963,,censor,21.9849418206708,-0.13799923898307
ARIC,63,0,0,0,1,23.233456177,3.785488959,,censor,23.2881587953457,0.40615476013203
ARIC,59,1,0,0,1,26.537790615,3.0118890357,,censor,21.719370294319,0.45339857634622
ARIC,72,0,0,0,1,24.999035531,1.0572687225,,dementia,18.3271731690623,-2.06877824104692
ARIC,53,0,0,0,1,32.65625,0.3956043956,,death,16.2819986310746,0.67870393820803
ARIC,56,0,0,0,1,38.315329896,15.098468271,,death,16.662559890486,0.66782983524927
ARIC,53,0,0,0,1,31.5625,8.8025889968,,dementia,22.4284736481862,-0.18303972611706
ARIC,62,1,0,0,1,28.486965869,1.4243323442,,censor,21.4839151266256,0.37831350374092
ARIC,62,0,0,0,1,22.942130454,0.6644518272,,censor,21.2128678986995,0.809431774271221
ARIC,55,1,0,0,1,41.385105564,6.9464544139,,censor,21.990417522245,0.24479881191244
ARIC,68,0,0,0,1,36.772953052,2.8137931034,,death,10.6776180698152,0.437123531750591
ARIC,55,0,0,0,1,31.015625,7.1552795031,,censor,21.0130047912389,-0.74660110219801
ARIC,59,1,0,0,1,25.987654321,4.9805447471,,censor,21.5852156057495,0.0704431550705003
ARIC,57,0,0,0,1,22.302699989,1.593625498,,censor,21.8288843258042,0.31593315749682
ARIC,70,1,0,0,1,21.913580247,18.573351279,,dementia,18.2121834360027,-0.44564509930468
ARIC,73,1,0,0,1,20.479024943,25.496183206,,death,1.65639972621492,-0.25040438303905
ARIC,59,0,0,0,1,25.660730395,5.390070922,,censor,21.7357973990418,-0.29290673177726
ARIC,54,0,0,0,1,23.051754908,3.6321303842,,death,21.6947296372348,-0.5836048403277
ARIC,71,0,0,0,1,20.902888663,1.6802800467,,dementia,14.8446269678303,0.154529877236
ARIC,61,1,0,0,1,30.733471074,16.161616162,,censor,21.5852156057495,1.3348143603646
ARIC,67,1,0,0,1,30.083829097,9.8843930636,,dementia,18.9869952087611,0.813433373392461
ARIC,68,0,0,0,1,27.511050145,3.6101083032,,dementia,16.0027378507871,0.69606336098272
ARIC,65,0,0,0,1,30.410799826,2.6751592357,,censor,22.0944558521561,-0.22583800885234
ARIC,66,0,0,0,1,28.76141644,3.6363636364,,dementia,19.3264887063655,0.0844371961858499
ARIC,71,0,0,0,1,27.530556544,5.3164556962,,dementia,14.7816563997262,-1.0474498274798
ARIC,60,1,0,0,1,27.143037495,13.301886792,,censor,21.9137577002053,0.695403228131021
ARIC,68,1,0,0,1,29.000376184,25.30726257,,death,9.01300479123888,-0.27923133548292
ARIC,65,0,0,0,1,23.776863283,1.1442193087,,dementia,14.1656399726215,-0.30007577936079
ARIC,55,0,0,0,1,20.880963268,0.9230769231,,censor,21.7741273100616,-0.73405618594041
ARIC,69,1,0,0,1,25.404949908,18.423236515,,censor,21.3908281998631,-0.0952212136323695
ARIC,69,1,0,0,1,26.249256395,28.243902439,,dementia,12.0164271047228,0.43510369359656
ARIC,66,0,0,0,1,36.21214549,9.5705521472,,censor,22.4421629021218,-1.3573060491121
ARIC,60,0,0,0,1,23.359757126,2.3329283111,,censor,21.9603011635866,0.36570633808131
ARIC,58,0,0,0,1,23.526077098,1.1009174312,,censor,22.7460643394935,-0.48678487746274
ARIC,54,0,0,0,1,26.126820561,1.7934782609,,censor,22.5407255304586,0.51167700708355
ARIC,61,1,0,0,1,31.314566116,39.272727273,,censor,21.637234770705,0.24017888793968
ARIC,69,0,0,0,1,33.414127424,48.395061728,,censor,21.4647501711157,0.466562534400791
ARIC,60,1,0,0,1,28.236758714,30.419906687,,death,22.1327857631759,-0.57786114399538
ARIC,59,1,0,0,1,28.500402647,5.2173913043,,censor,21.3360711841205,-0.47586365456962
ARIC,58,1,0,0,1,29.336734694,31.203566122,,censor,22.6858316221766,0.0721995497581503
ARIC,62,0,0,0,1,39.581806257,61.255813953,,censor,22.611909650924,0.28345003715995
ARIC,70,1,0,0,1,25.910872405,11.351351351,,death,0.887063655030801,0.51883635197855
ARIC,54,0,0,0,1,42.570677186,25.963060686,,censor,22.154688569473,0.43859697387876
ARIC,59,1,0,0,1,26.196094525,3.9724137931,,dementia,19.5208761122519,0.0593310267715097
ARIC,53,0,0,0,1,26.444139613,5.9668508287,,censor,21.5222450376454,0.64858167480753
ARIC,53,1,0,0,1,31.120867769,10.276679842,,censor,21.9822039698836,-0.25607858834204
ARIC,58,0,0,0,1,30.865051903,6.6042154567,,censor,21.7768651608487,1.54956336695387
ARIC,68,1,0,0,1,30.432653061,14.278074866,,censor,21.4839151266256,-0.4209739020919
ARIC,66,0,0,0,1,29.583349016,10.488081725,,dementia,15.9863107460643,1.13589549334708
ARIC,72,0,0,0,1,25.157232704,0.4580152672,,death,3.76454483230664,-0.375284659778301
ARIC,63,0,0,0,1,34.233241506,1.5841584158,,death,7.90691307323751,0.0506874238651101
ARIC,61,1,0,0,1,27.58965076,2.3529411765,,dementia,22.0616016427105,0.23963991622355
ARIC,63,1,0,0,1,25.696921654,4.3128964059,,censor,21.9247091033539,0.70533657832724
ARIC,73,0,0,0,1,22.582709172,11.924528302,,dementia,16.0219028062971,0.0905404482026299
ARIC,55,0,0,0,1,27.141582391,0.4838709677,,dementia,13.1252566735113,0.0213147486058602
ARIC,68,0,0,0,1,34.413195681,8.8235294118,,dementia,19.0335386721424,0.11150318828513
ARIC,63,0,0,0,1,28.108847025,11.41903172,,censor,22.5462012320329,-1.2288778737666
ARIC,60,0,0,0,1,25.476686428,1.5189873418,,censor,23.6714579055441,-0.19701984153364
ARIC,69,1,0,0,1,26.419753086,5.1385390428,,dementia,22.1930184804928,0.829790726397491
ARIC,69,0,0,0,1,33.760387812,0.5423728814,,death,20.766598220397,0.56646300267707
ARIC,55,0,0,0,1,21.957366825,0.8075370121,,censor,20.9801505817933,0.10304319706229
ARIC,56,1,0,0,1,32.966048553,19.495268139,,death,15.1786447638604,1.16827523064941
ARIC,64,1,0,0,1,25.432685956,6.012793177,,censor,21.7768651608487,0.20586901789339
ARIC,57,1,0,0,1,31.808999082,18.679950187,,censor,22.5133470225873,-0.24633329635722
ARIC,60,0,0,0,1,40.346020761,15.858310627,,death,16.5995893223819,0.0425515692738898
ARIC,54,1,0,0,1,21.585571372,2.7046263345,,censor,21.1690622861054,-0.15937587120353
ARIC,58,0,0,0,1,29.521118382,4.126984127,,death,21.7713894592745,0.24216271947645
ARIC,69,0,0,0,1,31.482007384,3.0,,censor,20.8323066392882,0.64170446497327
ARIC,67,0,0,0,1,36.350359041,1.8876404494,,dementia,16.5776865160849,0.4095662485102
ARIC,66,1,0,0,1,33.515273389,16.421052632,,death,7.13210130047912,1.05800870933525
ARIC,60,0,0,0,1,26.959840342,15.327102804,,death,21.3634496919918,-0.65793253020505
ARIC,62,0,0,0,1,25.208209399,1.0579345088,,censor,22.3791923340178,-0.99207725434273
ARIC,74,1,0,0,1,22.526784897,2.55,,death,13.5058179329227,-0.482468739616191
ARIC,66,0,0,0,1,37.310979619,28.8,,censor,21.9055441478439,-0.43197099919928
ARIC,66,1,0,0,1,32.457142857,1.8264840183,,death,9.62628336755647,0.0076306879645002
ARIC,69,1,0,0,1,29.584775087,7.7288135593,,dementia,15.3182751540041,0.42838111824549
ARIC,58,1,0,0,1,27.338499814,1.1397557666,,death,8.89253935660507,-0.21542858063847
ARIC,63,1,0,0,1,22.653613552,6.693877551,,censor,21.4729637234771,-0.13630315028974
ARIC,60,0,0,0,1,25.558842867,4.2477876106,,dementia,19.9835728952772,0.38875960479223
ARIC,59,1,0,0,1,31.141868512,5.2838933951,,censor,22.3791923340178,-0.49110142396873
ARIC,75,0,0,0,1,23.796646836,6.9624573379,,dementia,20.6735112936345,-0.271932775187661
ARIC,62,1,0,0,1,39.704582755,26.759581882,,death,14.6666666666667,0.47555283566094
ARIC,64,0,0,0,1,24.228843528,2.1531100478,,censor,21.3908281998631,0.0941548154814001
ARIC,56,0,0,0,1,41.730612245,21.71875,,censor,23.0965092402464,-0.67399877823494
ARIC,55,0,0,0,1,23.841672775,0.5177993528,,censor,21.5030800821355,0.8047468491203
ARIC,64,1,0,0,1,32.189674221,6.0240963855,,death,15.4360027378508,0.19280175045503
ARIC,59,1,0,0,1,31.742400412,4.2228739003,,censor,21.7221081451061,0.19532519963072
ARIC,59,1,0,0,1,29.900913834,7.4730538922,,censor,20.2765229295003,0.94371468415026
ARIC,57,0,0,0,1,28.453199275,1.5458937198,,censor,22.321697467488,0.2769030415813
ARIC,66,0,0,0,1,36.032560472,11.481481481,,censor,22.3353867214237,-0.97102616781653
ARIC,74,0,0,0,1,31.20719035,3.3644859813,,death,16.9965776865161,-0.58781809321839
ARIC,61,0,0,0,1,26.601239669,3.0188679245,,censor,20.5311430527036,0.26536438060073
ARIC,69,0,0,0,1,31.445281205,13.740458015,,dementia,20.9691991786448,0.0393013179559006
ARIC,60,1,0,0,1,31.165494862,15.3808948,,death,18.5188227241615,0.795495552472789
ARIC,54,1,0,0,1,29.276844412,4.2857142857,,censor,21.3497604380561,-0.29070202634465
ARIC,55,0,0,0,1,25.636700961,0.9972299169,,censor,21.3552361396304,-0.63112405476117
ARIC,59,0,0,0,1,22.856404959,3.670212766,,censor,22.4859685147159,-1.03848811056034
ARIC,57,0,0,0,1,34.096752502,14.940397351,,dementia,17.9164955509925,-0.43371923384341
ARIC,59,0,0,0,1,32.039871841,3.7128712871,,censor,22.3682409308693,0.0781163222049599
ARIC,53,0,0,0,1,32.536816909,6.9124423963,,censor,21.347022587269,-0.0401202221237199
ARIC,59,1,0,0,1,27.15271059,2.313253012,,censor,23.025325119781,0.39576778983144
ARIC,59,1,0,0,1,33.271604938,4.4974446337,,death,20.8459958932238,-1.01914953454801
ARIC,73,1,0,0,1,26.095091717,4.9016641452,,death,6.21492128678987,0.59578404452965
ARIC,57,0,0,0,1,25.4912764,0.0,,censor,21.5058179329227,-0.0173134484807399
ARIC,54,0,0,0,1,28.671875,1.3810741688,,censor,21.6947296372348,0.19127971451736
ARIC,55,0,0,0,1,24.163498814,0.0,,censor,20.6981519507187,-0.23150614981296
ARIC,58,1,0,0,1,35.980305517,9.7805642633,,censor,21.4373716632444,-0.85968772376249
ARIC,70,1,0,0,1,31.085172123,20.465116279,,censor,22.6557152635181,0.06718993529458
ARIC,69,0,0,0,1,46.410608139,84.568651276,,death,21.6427104722793,-0.30366019246127
ARIC,63,1,0,0,1,27.53182532,2.0047732697,,dementia,23.4387405886379,0.0929177626593798
ARIC,57,1,0,0,1,29.198044656,11.515151515,,death,21.4072553045859,-1.52482158525184
ARIC,66,0,0,0,1,34.293552812,14.612546125,,censor,22.4312114989733,-0.2681979845811
ARIC,59,1,0,0,1,26.128610829,6.6547406082,,censor,21.2731006160164,-1.33020889564945
ARIC,66,1,0,0,1,27.865949414,2.2826086957,,censor,22.4312114989733,0.5658590386103
ARIC,62,0,0,0,1,25.0594884,0.7614213198,,censor,21.0677618069815,-0.83683910040885
ARIC,69,1,0,0,1,27.450604871,9.7250361795,,death,9.61533196440794,0.11400416539427
ARIC,63,1,0,0,1,28.791215806,6.2195121951,,censor,22.0561259411362,-0.20134469259899
ARIC,73,1,0,0,1,26.564087676,1.5384615385,,censor,21.1800136892539,0.62883342699009
ARIC,58,1,0,0,1,28.528934559,4.0927694407,,censor,22.8911704312115,0.24883002267718
ARIC,56,0,0,0,1,31.708551189,12.744827586,,censor,21.7713894592745,0.39939379888536
ARIC,71,0,0,0,1,26.207959755,0.176730486,,death,15.3675564681725,0.70552825872074
ARIC,61,1,0,0,1,33.768078512,15.145631068,,censor,20.5639972621492,-0.39955176968053
ARIC,63,1,0,0,1,37.723093564,56.398640997,,death,15.6030116358658,0.03363677877703
ARIC,70,1,0,0,1,23.350935564,12.127659574,,dementia,10.5544147843943,0.0098437351876896
ARIC,63,1,0,0,1,27.865949414,3.0958230958,,death,7.3264887063655,-0.1695082706967
ARIC,62,1,0,0,1,28.075042938,0.2813599062,,death,13.4976043805613,-0.44957822208715
ARIC,68,1,0,0,1,41.022592152,31.378763867,,dementia,16.208076659822,1.38001145106051
ARIC,55,0,0,0,1,26.451377338,1.5458937198,,censor,21.8781656399726,1.52606647470349
ARIC,55,0,0,0,1,23.323415752,0.4455445545,,censor,21.6262833675565,-0.69016064980446
ARIC,71,1,0,0,1,23.237256216,8.1218274112,,dementia,15.3429158110883,-0.0550987793752299
ARIC,68,1,0,0,1,39.767706098,2.7083333333,,dementia,17.3360711841205,0.31374282567166
ARIC,67,1,0,0,1,28.673835125,18.079763663,,dementia,21.1745379876797,0.30605524553004
ARIC,70,0,0,0,1,34.609838167,3.367003367,,dementia,16.3203285420945,-0.0947931999423403
ARIC,64,1,0,0,1,26.983303318,3.989769821,,dementia,19.2525667351129,-0.25756098760905
ARIC,70,0,0,0,1,25.838292931,0.5933250927,,dementia,14.8035592060233,-0.16575569425669
ARIC,60,0,0,0,1,35.174227482,11.191709845,,censor,21.8507871321013,0.89440818760945
ARIC,63,0,0,0,1,31.800208117,2.0408163265,,censor,21.5030800821355,-1.04894097413866
ARIC,56,1,0,0,1,34.349173554,5.8895705521,,censor,22.7734428473648,0.88270306384612
ARIC,58,0,0,0,1,29.176948759,1.3015184382,,censor,20.6050650239562,-0.59938990276081
ARIC,66,1,0,0,1,26.489628749,7.8589420655,,censor,23.1321013004791,-0.188965192793501
ARIC,72,1,0,0,1,18.0,0.5669291339,,dementia,9.16632443531828,0.81481398072723
ARIC,67,1,0,0,1,28.473469388,12.267657993,,death,22.8309377138946,-0.39394074672596
ARIC,65,1,0,0,1,27.764650284,45.891089109,,censor,21.9575633127995,-0.3683923054534
ARIC,56,1,0,0,1,27.197231834,11.921824104,,censor,20.1533196440794,0.13542223580516
ARIC,55,0,0,0,1,25.839431392,0.2752293578,,censor,22.0999315537303,-0.38640602176166
ARIC,60,0,0,0,1,35.256410256,0.9375,,death,2.89390828199863,0.10661546616047
ARIC,61,0,0,0,1,33.096240383,5.6193353474,,censor,22.8665297741273,0.67449874475118
ARIC,61,1,0,0,1,37.923875433,52.635814889,,dementia,17.0622861054073,0.89340493304323
ARIC,52,1,0,0,1,30.310348992,3.579766537,,censor,21.7494866529774,0.79888318539741
ARIC,59,1,0,0,1,31.875438538,11.575091575,,censor,22.8856947296372,0.0416471328766399
ARIC,55,1,0,0,1,31.30142502,1.1750305998,,censor,21.6262833675565,0.27773642490562
ARIC,61,1,0,0,1,37.639274679,9.118046133,,censor,21.4127310061602,0.21301636107765
ARIC,71,0,0,0,1,26.120666943,9.0465631929,,dementia,15.9726214921287,-0.0862362272087694
ARIC,54,0,0,0,1,27.407657278,2.6845637584,,censor,22.7871321013005,-0.28302001470085
ARIC,60,1,0,0,1,28.400547964,9.2825112108,,censor,21.4127310061602,0.42801580545304
ARIC,57,0,0,0,1,24.234110654,8.4297520661,,censor,21.7221081451061,-1.41703313574321
ARIC,71,0,0,0,1,28.755316346,1.5023474178,,death,7.30732375085558,-0.56403583915916
ARIC,64,0,0,0,1,22.976066597,6.0162601626,,dementia,19.5865845311431,-0.33201529256947
ARIC,54,0,0,0,1,24.322512688,1.0135135135,,censor,21.5058179329227,-0.22593595723615
ARIC,68,0,0,0,1,22.977394408,10.186046512,,censor,22.1848049281314,0.77367756710311
ARIC,71,1,0,0,1,25.56495392,14.459320288,,censor,22.3655030800821,-0.0270698036341699
ARIC,57,0,0,0,1,28.804413972,1.0880829016,,censor,21.2402464065708,-0.63225641966487
ARIC,56,0,0,0,1,27.398751633,3.6036036036,,censor,21.2731006160164,1.17970270512567
ARIC,66,1,0,0,1,25.555555556,12.173913043,,death,5.06502395619439,0.0812502735244394
ARIC,54,1,0,0,1,31.314566116,25.568627451,,censor,23.4633812457221,0.92630567314692
ARIC,56,0,0,0,1,38.335067638,23.945578231,,censor,21.5003422313484,0.82936040099124
ARIC,59,0,0,0,1,29.859223498,0.7853403141,,censor,22.590006844627,-1.33659402186183
ARIC,66,1,0,0,1,31.976744186,14.210526316,,dementia,15.6084873374401,-0.38986780649539
ARIC,67,0,0,0,1,43.19598338,15.781637717,,dementia,18.5023956194387,0.2243707543475
ARIC,66,0,0,0,1,26.71875,1.0169491525,,death,12.5913757700205,-0.27626515597759
ARIC,70,1,0,0,1,27.358634355,3.0222222222,,dementia,17.6947296372348,0.483038549505289
ARIC,55,0,0,0,1,29.065743945,3.0463576159,,censor,20.9555099247091,-1.34822760587907
ARIC,58,1,0,0,1,25.622694386,7.3555166375,,censor,23.5509924709103,0.41282079955425
ARIC,63,1,0,0,1,27.407407407,21.360544218,,censor,21.0075290896646,-1.5328248376751
ARIC,59,1,0,0,1,27.016790809,1.426448737,,death,16.8268309377139,-0.76405897052957
ARIC,69,0,0,0,1,27.39091856,1.2558139535,,dementia,22.7707049965777,0.53201057763727
ARIC,67,1,0,0,1,25.152414696,5.0495049505,,death,21.0075290896646,-0.11087988554693
ARIC,66,0,0,0,1,24.84098009,2.9596412556,,dementia,16.72553045859,0.43808474105158
ARIC,71,1,0,0,1,27.769797951,30.414746544,,death,12.8843258042437,-0.30985702370417
ARIC,59,1,0,0,1,30.463050578,1.8136020151,,censor,21.4839151266256,0.18229219311131
ARIC,67,1,0,0,1,29.098956269,4.3260188088,,death,11.0800821355236,-0.132620582325001
ARIC,66,1,0,0,1,23.649556571,3.2101910828,,censor,22.2094455852156,-0.0046051337824906
ARIC,69,1,0,0,1,27.036734694,15.594059406,,death,16.3449691991786,-1.0287891726116
ARIC,61,1,0,0,1,23.661438615,1.8823529412,,censor,21.6810403832991,0.0697873408933098
ARIC,66,0,0,0,1,27.100490892,3.4862385321,,censor,22.757015742642,0.49297408857427
ARIC,53,1,0,0,1,30.847098252,9.7767857143,,censor,21.7549623545517,-0.18131032313977
ARIC,58,0,0,0,1,24.088223117,1.3550815558,,censor,22.2724161533196,-0.58268033922208
ARIC,54,0,0,0,1,21.565711195,6.15,,censor,22.1464750171116,-0.73598708994107
ARIC,54,0,0,0,1,32.883706752,7.6,,censor,20.6351813826146,0.39526426229303
ARIC,58,0,0,0,1,22.592533248,0.3053435115,,censor,21.6208076659822,-0.26073822775745
ARIC,68,1,0,0,1,34.284607438,8.6287625418,,death,15.2689938398357,0.750151799434251
ARIC,64,1,0,0,1,31.394275162,5.3114754098,,death,23.4168377823409,0.0705300062937894
ARIC,56,0,0,0,1,33.332047375,10.774410774,,censor,22.4996577686516,-0.58792692663483
ARIC,67,0,0,0,1,39.039262344,30.038510911,,censor,21.0349075975359,-0.2779135739955
ARIC,62,1,0,0,1,26.701174094,12.021466905,,censor,22.2094455852156,0.70969185841371
ARIC,55,0,0,0,1,35.273624619,2.8360413589,,censor,21.6235455167693,-0.56325145446644
ARIC,57,0,0,0,1,35.041322314,7.6773296245,,dementia,20.4435318275154,0.0045694913973001
ARIC,60,0,0,0,1,35.767400357,2.2677165354,,censor,20.7337440109514,0.59849422876722
ARIC,54,1,0,0,1,33.489906415,18.876404494,,censor,22.8418891170431,0.17537825494022
ARIC,63,0,0,0,1,26.390333106,2.3529411765,,censor,20.8487337440109,0.94802195528065
ARIC,64,0,0,0,1,32.637629721,57.648546144,,censor,21.6563997262149,-0.14010312584453
ARIC,55,1,0,0,1,29.226107815,0.4332129964,,censor,22.5434633812457,0.16987298223662
ARIC,72,1,0,0,1,23.875592554,2.0083682008,,death,15.3702943189596,-0.19699753156206
ARIC,70,1,0,0,1,33.515273389,8.128342246,,death,4.8870636550308,0.32880659320426
ARIC,58,1,0,0,1,32.7203894,5.6745479833,,death,18.7707049965777,0.14729103431126
ARIC,62,0,0,0,1,29.000594884,4.9511400651,,death,14.2614647501711,0.58606808527496
ARIC,73,1,0,0,1,26.297577855,3.3373639661,,death,10.0479123887748,-0.16722790527207
ARIC,62,1,0,0,1,32.410037088,33.47107438,,censor,23.1813826146475,-0.30231804932186
ARIC,61,0,0,0,1,32.889188733,8.1274900398,,death,10.0643394934976,-1.47047356713413
ARIC,69,1,0,0,1,27.345679012,6.0810810811,,censor,21.9931553730322,0.12853003941067
ARIC,53,1,0,0,1,24.514028536,1.7792421746,,dementia,15.9206023271732,-0.03119266867131
ARIC,53,0,0,0,1,36.401384083,10.520059435,,censor,23.4004106776181,-0.3468264598056
ARIC,63,0,0,0,1,37.61173891,0.7973421927,,death,21.574264202601,-0.12687184096583
ARIC,56,0,0,0,1,23.851904592,15.396226415,,censor,20.4873374401095,-0.36655011207081
ARIC,68,1,0,0,1,30.321046373,4.6975088968,,death,18.1163586584531,0.33376307536348
ARIC,62,1,0,0,1,22.587833094,5.3067047076,,dementia,19.8932238193018,-0.20317362220683
ARIC,54,1,0,0,1,32.383786848,4.2,,censor,22.9322381930185,0.0473024861978097
ARIC,59,1,0,0,1,31.791603935,0.6857142857,,death,14.3709787816564,0.33461513528248
ARIC,64,1,0,0,1,28.016326531,0.6713286713,,censor,21.3196440793977,-1.02358888846631
ARIC,55,0,0,0,1,32.526838648,0.8026755853,,censor,22.7734428473648,0.8844963298845
ARIC,66,0,0,0,1,27.174526704,4.9122807018,,censor,22.8555783709788,0.87530733459199
ARIC,64,1,0,0,1,34.970332029,53.415536375,,censor,20.8870636550308,-1.00238193868223
ARIC,66,0,0,0,1,22.595155709,6.6055045872,,censor,21.9438740588638,-0.31294140119576
ARIC,63,0,0,0,1,33.682294037,7.9436619718,,death,17.5441478439425,-0.2562710864444
ARIC,60,1,0,0,1,27.654833491,40.409956076,,censor,22.3271731690623,0.3912522786482
ARIC,70,1,0,0,1,21.472488374,5.679389313,,dementia,9.75496235455168,0.75067851839831
ARIC,69,1,0,0,1,33.371428571,7.4113009198,,death,18.9678302532512,-0.0453712821695206
ARIC,59,0,0,0,1,27.265625,1.4234875445,,censor,22.1875427789185,-0.95499616135101
ARIC,71,0,0,0,1,31.480266965,11.640718563,,censor,22.7433264887064,0.12129998828474
ARIC,62,1,0,0,1,27.546537172,14.774281806,,censor,22.6858316221766,-0.53779927895255
ARIC,62,1,0,0,1,28.257456829,13.313343328,,censor,20.5886379192334,-0.4206739601405
ARIC,68,1,0,0,1,27.648024239,13.882978723,,death,8.60506502395619,0.4616456233533
ARIC,59,1,0,0,1,28.213851003,17.976346912,,censor,22.0260095824778,0.0254307352843099
ARIC,59,1,0,0,1,29.990751751,18.3081571,,censor,21.6098562628337,-1.04233961750646
ARIC,62,1,0,0,1,27.312060573,4.2411642412,,censor,22.3682409308693,0.0109752355575701
ARIC,60,1,0,0,1,29.418282548,2.5570776256,,censor,22.3490759753593,0.34530783897833
ARIC,55,0,0,0,1,27.6816609,0.7380073801,,censor,21.2156057494867,0.84460373259365
ARIC,66,0,0,0,1,26.002083253,0.5955334988,,censor,21.719370294319,0.544858960433589
ARIC,59,0,0,0,1,25.803093397,10.212765957,,dementia,19.9945242984257,1.37901908312709
ARIC,61,0,0,0,1,27.34660336,0.9917355372,,censor,20.3750855578371,-1.61868858887743
ARIC,62,0,0,0,1,32.733564014,14.966592428,,censor,22.031485284052,0.37778363745835
ARIC,70,1,0,0,1,28.982426304,10.071942446,,censor,22.135523613963,0.30069322824735
ARIC,53,0,0,0,1,40.354187836,6.0453400504,,censor,22.2751540041068,-0.54097881486302
ARIC,62,0,0,0,1,32.606954014,0.1716738197,,dementia,9.01026694045175,0.92608566764919
ARIC,59,1,0,0,1,28.734693878,12.258064516,,censor,21.0075290896646,0.0561910867746398
ARIC,55,0,0,0,1,26.851211073,4.0421052632,,dementia,21.1362080766598,0.38294916865745
ARIC,62,1,0,0,1,32.950680272,29.352517986,,death,19.4004106776181,0.427750131410591
ARIC,63,1,0,0,1,30.710886377,3.937007874,,death,17.3305954825462,0.478783238342329
ARIC,64,1,0,0,1,26.027582477,6.3815028902,,censor,21.4209445585216,-0.34492144974104
ARIC,63,0,0,0,1,25.948340651,0.9836065574,,censor,21.0814510609172,0.49066670251275
ARIC,66,1,0,0,1,34.218522922,36.29726206,,death,3.61943874058864,0.0610746229069704
ARIC,54,0,0,0,1,23.449227149,1.0465116279,,censor,22.8035592060233,0.73421828639397
ARIC,68,1,0,0,1,28.008178697,0.5860805861,,death,12.0574948665298,0.69351054332512
ARIC,61,0,0,0,1,28.349336991,0.78125,,censor,21.9630390143737,0.386646586612839
ARIC,72,1,0,0,1,28.401111076,0.3664122137,,death,17.2073921971253,-0.0149292821264893
ARIC,72,0,0,0,1,28.28125,0.1498127341,,dementia,12.1943874058864,-0.0562416050012502
ARIC,59,1,0,0,1,29.757584555,14.197952218,,death,12.2299794661191,-0.31237050089061
ARIC,62,0,0,0,1,24.560326301,1.4304635762,,dementia,15.3620807665982,-0.6210256796762
ARIC,61,0,0,0,1,27.413466739,6.7866323907,,censor,20.1314168377823,0.21571685365531
ARIC,67,0,0,0,1,21.367521368,7.51565762,,death,12.7200547570157,0.36323100017599
ARIC,70,1,0,0,1,37.951531779,9.5022624434,,dementia,16.0985626283368,0.188516487964461
ARIC,63,1,0,0,1,25.519848771,21.301775148,,dementia,18.9897330595483,-0.19537587035209
ARIC,70,1,0,0,1,23.990109927,8.1230769231,,death,14.135523613963,0.21043756922496
ARIC,63,1,0,0,1,25.49382716,0.4838709677,,censor,21.8151950718686,0.51808421313814
ARIC,53,0,0,0,1,30.654174885,37.697121402,,censor,20.8870636550308,-0.99866888839036
ARIC,59,1,0,0,1,30.648231953,8.75,,censor,20.974674880219,-0.7567579529255
ARIC,61,1,0,0,1,31.311930242,13.846153846,,censor,22.7542778918549,-0.75693518288027
ARIC,60,1,0,0,1,21.758780992,13.53115727,,censor,21.8069815195072,-1.07987695802694
ARIC,60,0,0,0,1,33.846952909,9.8969072165,,censor,22.7542778918549,-0.12713114794281
ARIC,56,0,0,0,1,30.577777778,2.5806451613,,censor,22.0561259411362,-0.20965195330676
ARIC,57,0,0,0,1,25.744917351,4.7893569845,,censor,22.2505133470226,1.31195469380956
ARIC,64,0,0,0,1,29.982991179,17.382465057,,censor,22.7077344284736,-0.92196131057317
ARIC,57,1,0,0,1,32.543617998,5.5813953488,,censor,21.8015058179329,0.941274368888089
ARIC,61,0,0,0,1,20.177777778,1.5494978479,,dementia,18.9924709103354,0.765126528920079
ARIC,70,1,0,0,1,27.598650139,9.9264705882,,dementia,10.3463381245722,1.20676501291005
ARIC,58,1,0,0,1,35.454573827,19.941690962,,death,18.9568788501027,0.53711512947304
ARIC,67,1,0,0,1,32.111351912,46.738544474,,censor,20.7227926078029,-0.241273233127851
ARIC,74,1,0,0,1,24.455791454,16.777629827,,death,11.5893223819302,0.23968487523601
ARIC,67,1,0,0,1,28.650756144,0.7792207792,,dementia,20.0876112251882,-0.61182248158172
ARIC,66,1,0,0,1,25.693133982,44.97723824,,dementia,19.9835728952772,-1.96222672070454
ARIC,65,0,0,0,1,36.652780003,15.572519084,,censor,20.2600958247776,-0.30060298699568
ARIC,74,1,0,0,1,26.472107438,11.908396947,,dementia,8.01916495550993,0.38767914719043
ARIC,60,1,0,0,1,25.926530612,1.0227272727,,censor,21.0130047912389,-0.47115964738028
ARIC,56,0,0,0,1,22.956841139,0.9056603774,,censor,22.3436002737851,0.0800348413176501
ARIC,65,1,0,0,1,28.946124764,1.4523449319,,dementia,19.8412046543463,-0.2729361691444
ARIC,73,1,0,0,1,24.599690083,2.3780487805,,dementia,10.5188227241615,-0.25482856377934
ARIC,60,0,0,0,1,22.481329066,0.1860465116,,censor,21.3935660506502,0.15110222275034
ARIC,64,0,0,0,1,21.825396825,1.3432835821,,censor,20.5749486652977,0.361174878858159
ARIC,62,1,0,0,1,27.612630466,19.251336898,,censor,20.4134154688569,1.37120062486766
ARIC,59,1,0,0,1,28.866955111,10.539523212,,censor,21.4702258726899,0.0862377247522304
ARIC,64,1,0,0,1,29.191836735,1.6176470588,,dementia,19.772758384668,-1.55161148038546
ARIC,73,0,0,0,1,20.776092439,2.7195467422,,dementia,7.80287474332649,0.0705032831740297
ARIC,64,0,0,0,1,35.359977324,11.470588235,,censor,23.2060232717317,-0.65010311815808
ARIC,70,1,0,0,1,36.140532951,20.294117647,,death,9.65639972621492,-0.356554403894221
ARIC,58,0,0,0,1,31.171875,2.0055710306,,dementia,15.564681724846,0.0626333180607901
ARIC,62,1,0,0,1,26.964036,10.357142857,,censor,21.6618754277892,0.97719238325745
ARIC,67,0,0,0,1,32.767184746,1.8983050847,,dementia,20.7364818617385,-0.90554803186838
ARIC,59,1,0,0,1,28.604081633,1.9622641509,,censor,22.4065708418891,-0.38685788939916
ARIC,62,0,0,0,1,28.63810767,4.8231511254,,censor,20.4079397672827,-0.0946665427824897
ARIC,57,1,0,0,1,29.650148764,6.5024630542,,death,7.31006160164271,-0.14380617209881
ARIC,69,1,0,0,1,23.481883601,6.0251046025,,dementia,15.1567419575633,-0.0306465513653507
ARIC,71,1,0,0,1,31.486294896,40.967741935,,dementia,15.6249144421629,0.55370854174503
ARIC,55,1,0,0,1,30.519223147,1.9094247246,,censor,21.1745379876797,-0.74922451674301
ARIC,54,1,0,0,1,30.035713196,14.678899083,,censor,21.368925393566,0.27251271481381
ARIC,66,1,0,0,1,25.085034014,13.009985735,,censor,22.8090349075975,0.34836061956174
ARIC,56,1,0,0,1,30.524098776,59.841269841,,death,13.6673511293634,-0.81578015670644
ARIC,65,0,0,0,1,37.814959851,16.755646817,,censor,21.6235455167693,-0.2290209352493
ARIC,70,0,0,0,1,23.7332384,5.9203036053,,dementia,20.9007529089665,-0.75190333261924
ARIC,65,0,0,0,1,19.912131519,1.163434903,,censor,22.9869952087611,0.27939989072089
ARIC,69,0,0,0,1,22.060353798,1.3705583756,,dementia,18.4750171115674,0.0623649376482305
ARIC,59,0,0,0,1,24.921878014,1.7370325694,,censor,21.968514715948,0.9792255958396
ARIC,66,1,0,0,1,31.500869937,5.9040590406,,death,15.6796714579055,0.53320254123897
ARIC,55,0,0,0,1,36.693393088,1.5345268542,,censor,21.9000684462697,-0.60661563985723
ARIC,69,1,0,0,1,29.453061224,14.322132097,,dementia,14.9103353867214,-0.54986132252329
ARIC,59,0,0,0,1,27.699548629,1.8575851393,,censor,20.5256673511294,1.22998483166494
ARIC,66,0,0,0,1,21.614069691,0.8938547486,,censor,21.8261464750171,-0.25966977891047
ARIC,62,1,0,0,1,29.510591673,5.635359116,,death,2.90485968514716,0.0507924000422101
ARIC,70,0,0,0,1,24.435186669,6.8571428571,,censor,21.3744010951403,-0.64586205939089
ARIC,57,0,0,0,1,20.249673392,4.6451612903,,censor,21.429158110883,-0.78482601809786
ARIC,59,0,0,0,1,30.846276673,0.665742025,,censor,21.0759753593429,-1.27396344845118
ARIC,62,1,0,0,1,33.591626435,27.107438017,,censor,21.1416837782341,-0.41184303225524
ARIC,59,1,0,0,1,30.129211448,2.7692307692,,death,21.015742642026,0.41155097943469
ARIC,66,1,0,0,1,24.894759762,2.5154130703,,censor,21.0075290896646,-0.0040856422153297
ARIC,61,1,0,0,1,29.103569497,4.2966751918,,censor,21.5605749486653,-0.0222089620009903
ARIC,61,0,0,0,1,21.171875,15.629522431,,censor,22.6639288158795,-0.19869710495235
ARIC,74,0,0,0,1,28.005221312,13.204353083,,dementia,19.8576317590691,-0.95524218431954
ARIC,69,1,0,0,1,31.234136582,25.109114249,,dementia,13.8316221765914,-0.5161030538797
ARIC,67,0,0,0,1,19.629971615,7.6276958002,,censor,21.4948665297741,0.0612896608049695
ARIC,71,1,0,0,1,34.039773552,34.157973174,,dementia,15.2826830937714,-0.251978779831521
ARIC,67,0,0,0,1,22.063680803,1.9948849105,,dementia,22.9459274469541,0.47272578383935
ARIC,60,1,0,0,1,32.314335554,47.176781003,,censor,22.9596167008898,-1.3954843155544
ARIC,65,1,0,0,1,35.494270484,17.578692494,,dementia,18.694045174538,-0.0211719382513706
ARIC,65,1,0,0,1,25.737081415,0.1304347826,,censor,21.3196440793977,0.13011339459207
ARIC,63,0,0,0,1,23.19109462,11.659192825,,dementia,18.5215605749487,-0.23481175064225
ARIC,53,0,0,0,1,27.035748862,0.198019802,,death,22.7542778918549,0.36899851775333
ARIC,65,0,0,0,1,35.08650519,3.1111111111,,censor,23.1895961670089,-0.77854598557691
ARIC,58,0,0,0,1,22.754312909,4.8132780083,,censor,20.6187542778919,-0.0464297331316097
ARIC,70,1,0,0,1,28.780504884,6.0,,dementia,16.3039014373717,0.747638251987929
ARIC,68,0,0,0,1,30.914033024,13.678025852,,death,7.80835044490075,-1.06490342873579
ARIC,71,0,0,0,1,28.321664491,2.9032258065,,death,15.0444900752909,0.51516336935243
ARIC,55,0,0,0,1,32.297866163,1.134751773,,censor,21.8781656399726,-0.65895147038336
ARIC,59,0,0,0,1,34.921875,19.558573854,,death,2.73237508555784,0.14180092051061
ARIC,61,0,0,0,1,26.171875,0.4337349398,,dementia,21.4893908281999,0.24305903575935
ARIC,70,1,0,0,1,29.794217902,26.91943128,,dementia,10.7405886379192,0.57887912222207
ARIC,62,0,0,0,1,28.741471912,1.4361702128,,dementia,14.8747433264887,0.86215371170082
ARIC,72,1,0,0,1,29.726516052,1.7248459959,,dementia,19.7864476386037,-0.0143213626800602
ARIC,63,1,0,0,1,27.259089023,11.590909091,,censor,20.8542094455852,-0.45569218348767
ARIC,54,1,0,0,1,24.34142562,1.5720524017,,censor,21.6810403832991,0.19098649911013
ARIC,70,1,0,0,1,33.942743764,3.0379746835,,dementia,17.201916495551,-0.502711215251711
ARIC,56,0,0,0,1,28.236439612,1.8439716312,,censor,21.8316221765914,-0.87265049712048
ARIC,72,1,0,0,1,25.17013782,21.554140127,,death,3.81656399726215,0.41979163606801
ARIC,57,0,0,0,1,27.565192744,10.026525199,,censor,21.3388090349076,-0.0471553030693102
ARIC,62,1,0,0,1,33.788174139,57.841726619,,death,15.8576317590691,0.31974421890836
ARIC,59,1,0,0,1,27.717685235,0.9362808843,,censor,20.4079397672827,0.40120126822602
ARIC,70,0,0,0,1,34.626820731,6.9168900804,,dementia,6.31074606433949,0.86414680007356
ARIC,62,0,0,0,1,26.329610308,3.321799308,,censor,20.8870636550308,-0.0054565234383801
ARIC,61,1,0,0,1,26.385557379,3.9322033898,,censor,22.1026694045175,0.24464414103797
ARIC,65,0,0,0,1,21.328125,0.7100591716,,death,4.73100616016427,0.32780096009749
ARIC,61,0,0,0,1,27.290303391,5.6767411301,,censor,22.8473648186174,0.29239967272594
ARIC,57,0,0,0,1,30.045351474,3.7082818294,,censor,22.3655030800821,0.35567623477575
ARIC,54,0,0,0,1,18.75432526,1.9413549039,,censor,22.0780287474333,-0.66544100571552
ARIC,55,0,0,0,1,36.583988859,13.273743017,,death,0.728268309377139,-0.20986845717432
ARIC,66,1,0,0,1,31.476488918,5.0511945392,,death,7.85763175906913,-0.62287892385633
ARIC,61,1,0,0,1,29.681387918,13.428571429,,censor,21.5003422313484,0.0506165512521903
ARIC,67,1,0,0,1,29.495309816,6.06271777,,death,7.20328542094456,0.0941006206514103
ARIC,73,0,0,0,1,23.891779396,2.1224489796,,death,3.45790554414784,-0.85468329334597
ARIC,71,1,0,0,1,27.514872904,13.428571429,,dementia,13.4948665297741,0.43745186309033
ARIC,69,1,0,0,1,27.016859889,6.0107334526,,dementia,9.21013004791239,1.07000428727395
ARIC,59,1,0,0,1,26.425984608,6.5951742627,,dementia,21.6235455167693,0.26530356897176
ARIC,57,0,0,0,1,20.348943985,0.0,,censor,21.1252566735113,0.0416817896646798
ARIC,62,0,0,0,1,24.464601603,0.0,,censor,23.605749486653,-0.36131825717811
ARIC,54,1,0,0,1,31.708283789,7.2837632777,,censor,22.7789185489391,0.10328530674221
ARIC,69,1,0,0,1,39.493467874,17.269372694,,death,11.5592060232717,-0.0464460761671404
ARIC,62,1,0,0,1,29.204152249,11.170662906,,censor,22.0177960301164,1.08782600781806
ARIC,57,0,0,0,1,28.521070341,12.198221093,,censor,21.4839151266256,0.297255555614
ARIC,57,0,0,0,1,26.465028355,0.5846528624,,death,15.8877481177276,-0.44540367199556
ARIC,57,1,0,0,1,28.863581957,9.4240837696,,censor,20.8815879534565,-0.58164920297321
ARIC,68,0,0,0,1,31.86605455,67.438016529,,death,6.92950034223135,-0.90686304927923
ARIC,68,0,0,0,1,27.873961219,1.9746835443,,dementia,19.5044490075291,0.45817677415386
ARIC,59,0,0,0,1,25.101740707,1.6901408451,,censor,21.5222450376454,-0.0276723147030602
ARIC,69,1,0,0,1,36.289737262,43.076923077,,death,4.03832991101985,-0.0834313448961595
ARIC,52,0,0,0,1,29.322224003,0.8256880734,,censor,22.5790554414784,-0.43912564350973
ARIC,69,0,0,0,1,22.644796052,3.956043956,,dementia,13.4264202600958,-0.0906334577072997
ARIC,61,0,0,0,1,22.015848542,2.510460251,,censor,21.3278576317591,0.64548128334316
ARIC,63,0,0,0,1,25.723204995,11.065868263,,censor,22.3956194387406,-1.57621913008978
ARIC,57,0,0,0,1,23.828125,0.4301075269,,censor,22.8528405201916,0.0852380377849002
ARIC,62,1,0,0,1,29.800830123,7.585335019,,censor,22.7405886379192,0.69024120291763
ARIC,53,0,0,0,1,22.572216577,0.0,,censor,21.3935660506502,0.11819849137809
ARIC,56,0,0,0,1,31.088862961,2.479338843,,dementia,18.6036960985626,-0.17837126612087
ARIC,61,0,0,0,1,33.760387812,5.3173652695,,dementia,16.227241615332,0.75746055078599
ARIC,72,1,0,0,1,30.451019822,15.541718555,,death,18.2751540041068,0.39901000976466
ARIC,62,0,0,0,1,21.860618014,0.4311377246,,censor,22.8501026694045,0.66865584218787
ARIC,63,1,0,0,1,29.594398203,9.711751663,,dementia,16.1587953456537,0.829060078689319
ARIC,63,1,0,0,1,26.246907383,4.2908224076,,censor,20.6187542778919,0.141909978070321
ARIC,68,1,0,0,1,28.405337561,11.707317073,,death,3.46885694729637,0.241228994617541
ARIC,54,1,0,0,1,29.802775749,17.383966245,,censor,22.6365503080082,-0.22871571091001
ARIC,54,0,0,0,1,25.384823116,0.9610983982,,censor,21.7686516084873,-1.73047427194024
ARIC,64,1,0,0,1,30.040816327,37.333333333,,dementia,18.9075975359343,0.36359219880831
ARIC,63,1,0,0,1,34.342888048,23.600605144,,censor,21.4483230663929,-0.93043150326938
ARIC,61,1,0,0,1,29.858633901,36.472795497,,censor,21.8042436687201,0.0337884235727302
ARIC,55,0,0,0,1,26.026174896,0.0,,dementia,20.6269678302532,0.27507173922922
ARIC,55,1,0,0,1,28.581314879,0.3797468354,,censor,20.8980150581793,-0.10299217773707
ARIC,67,1,0,0,1,31.195628949,18.591549296,,death,20.2354551676934,-0.38101012113872
ARIC,58,0,0,0,1,24.157902759,0.281030445,,dementia,21.4811772758385,-0.10841832096122
ARIC,64,1,0,0,1,29.111415943,3.1118314425,,death,19.4524298425736,-0.0292392286123302
ARIC,67,0,0,0,1,31.91689563,14.776725304,,dementia,16.8898015058179,-1.09300543652935
ARIC,56,1,0,0,1,28.276271028,13.286219081,,death,0.700889801505818,0.84778567833489
ARIC,62,1,0,0,1,32.192904936,36.946182728,,death,16.8131416837782,-0.39126259770487
ARIC,65,1,0,0,1,31.473020992,11.684901532,,death,3.5482546201232,0.58703472246242
ARIC,58,1,0,0,1,29.036737786,37.421289355,,censor,22.839151266256,0.23736150495515
ARIC,72,1,0,0,1,49.544193421,0.5413533835,,censor,21.056810403833,1.14618671770209
ARIC,59,0,0,0,1,26.573129252,5.971563981,,censor,22.5982203969884,-1.4645186535649
ARIC,60,0,0,0,1,27.02397531,5.1688009313,,censor,21.6591375770021,-0.25656598159049
ARIC,61,1,0,0,1,30.103806228,2.2672064777,,dementia,16.3039014373717,-0.25088684518391
ARIC,57,1,0,0,1,34.201721525,24.457831325,,censor,21.4811772758385,-1.62619662753099
ARIC,53,0,0,0,1,23.007693424,0.4556962025,,censor,22.0999315537303,-0.19512544102293
ARIC,66,1,0,0,1,33.494801512,1.3267813268,,censor,21.8316221765914,-0.44077878031221
ARIC,63,1,0,0,1,34.736424407,4.3464566929,,censor,21.0266940451745,0.75984906964627
ARIC,68,1,0,0,1,22.626262626,9.6529968454,,death,11.4140999315537,0.25833048820282
ARIC,54,1,0,0,1,31.336795073,0.6530612245,,censor,22.6803559206023,0.86067123719274
ARIC,62,1,0,0,1,30.549679085,25.763490241,,death,16.7556468172485,0.506543991205599
ARIC,65,0,0,0,1,36.033057851,13.744493392,,death,17.0869267624914,0.14598351457358
ARIC,60,0,0,0,1,24.314050209,2.996742671,,censor,22.8117727583847,0.431921046899591
ARIC,70,0,0,0,1,24.389348026,3.0447761194,,dementia,16.0876112251882,0.60535244616414
ARIC,59,0,0,0,1,27.479570582,0.6228373702,,censor,21.9000684462697,1.2753908984287
ARIC,72,0,0,0,1,24.79338843,0.7936507937,,censor,21.2566735112936,-0.49909776678427
ARIC,63,0,0,0,1,23.530366343,0.7761966365,,censor,20.6406570841889,-0.36426102314418
ARIC,70,0,0,0,1,36.961498439,31.340206186,,death,7.59479808350445,0.231689087277201
ARIC,60,0,0,0,1,27.695595003,5.817361894,,death,21.0376454483231,-0.1737616633623
ARIC,62,0,0,0,1,22.279724573,1.0,,censor,21.5003422313484,-0.19895175529714
ARIC,62,1,0,0,1,32.179556517,33.75,,dementia,1.87542778918549,1.01274615418699
ARIC,68,0,0,0,1,23.043531178,2.4578313253,,dementia,20.2600958247776,0.33054790746704
ARIC,62,1,0,0,1,31.221303949,16.388261851,,censor,21.574264202601,0.0144805966852203
ARIC,59,0,0,0,1,37.85467128,8.3676703645,,death,13.201916495551,-0.35854068467765
ARIC,56,1,0,0,1,34.347956831,12.0,,censor,21.1006160164271,-0.20714060950834
ARIC,56,1,0,0,1,23.229390229,3.4650455927,,censor,22.2724161533196,-1.04705537796012
ARIC,57,0,0,0,1,27.421875,3.1977559607,,censor,21.5112936344969,0.36813055947369
ARIC,63,1,0,0,1,30.604338843,0.8645533141,,dementia,15.5071868583162,1.00490001493056
ARIC,60,1,0,0,1,29.46225149,11.132332879,,censor,21.8891170431212,-0.0181983962495799
ARIC,54,0,0,0,1,27.43484225,2.5938566553,,censor,23.2197125256674,0.0700002941302401
ARIC,68,0,0,0,1,29.859223498,6.8924889543,,dementia,19.8329911019849,0.70174675059711
ARIC,67,0,0,0,1,19.245547796,1.3753581662,,dementia,15.958932238193,0.38810927919949
ARIC,54,1,0,0,1,23.869845243,0.6391478029,,censor,22.2505133470226,-0.31863359401439
ARIC,67,1,0,0,1,30.402002381,28.851454824,,dementia,13.8124572210815,-0.86509069029572
ARIC,59,1,0,0,1,26.12244898,0.5633802817,,censor,22.362765229295,-0.39022378582706
ARIC,55,1,0,0,1,26.717787707,5.0943396226,,censor,21.6700889801506,0.0984968158122399
ARIC,56,0,0,0,1,29.940362692,4.0620592384,,censor,23.0554414784394,0.0166777054670803
ARIC,56,0,0,0,1,27.632433911,1.504178273,,censor,22.8117727583847,-0.61293706902787
ARIC,58,0,0,0,1,22.499637103,1.0824742268,,censor,21.7111567419576,0.40027645769544
ARIC,66,0,0,0,1,25.147928994,4.2105263158,,censor,21.4592744695414,0.12454281175507
ARIC,54,1,0,0,1,27.546571542,4.8745519713,,censor,21.6892539356605,-0.31975844012257
ARIC,57,0,0,0,1,27.174526704,0.6299212598,,censor,22.4613278576318,-0.21370063377753
ARIC,62,1,0,0,1,30.141396288,19.274611399,,censor,21.6563997262149,-1.02232073352223
ARIC,67,1,0,0,1,29.557279198,20.671532847,,death,18.7323750855578,-0.45288659499369
ARIC,63,0,0,0,1,39.247065996,14.661921708,,death,16.9144421629021,0.0273909851673601
ARIC,59,1,0,0,1,27.173119065,2.787456446,,dementia,19.5455167693361,0.49438691494572
ARIC,57,0,0,0,1,38.761337868,5.447042641,,death,18.5516769336071,0.64965732405345
ARIC,63,0,0,0,1,34.21875,11.871657754,,censor,22.5571526351814,0.34483730091072
ARIC,63,0,0,0,1,32.49553837,15.950310559,,dementia,20.4517453798768,0.65829732415127
ARIC,59,1,0,0,1,24.946938776,7.0033670034,,death,15.4661190965092,-0.51923736853814
ARIC,58,1,0,0,1,30.475206612,21.721518987,,censor,21.0814510609172,0.1914668202086
ARIC,65,1,0,0,1,30.026332889,1.6783216783,,dementia,12.8898015058179,0.63990891793548
ARIC,68,0,0,0,1,30.9375,5.7446808511,,death,20.2217659137577,0.69970186676548
ARIC,67,1,0,0,1,28.869261259,12.892561983,,dementia,10.6830937713895,0.85033313492541
ARIC,59,1,0,0,1,25.961157352,9.7454545455,,censor,21.6125941136208,-1.47354497520288
ARIC,63,0,0,0,1,38.019565125,11.216216216,,censor,21.4346338124572,0.257537978432531
ARIC,59,1,0,0,1,34.970332029,25.0,,censor,22.8501026694045,0.02928709948688
ARIC,68,0,0,0,1,34.88372093,2.3487544484,,death,20.8323066392882,-0.20163365160959
ARIC,65,0,0,0,1,30.787989636,0.5542725173,,dementia,19.0116358658453,0.29914697091688
ARIC,57,1,0,0,1,27.037037037,29.933184855,,censor,21.0239561943874,0.8331491825843
ARIC,72,1,0,0,1,26.771227691,2.633744856,,death,9.48665297741273,-1.74529961693156
ARIC,70,0,0,0,1,31.328125,0.9677419355,,censor,21.8069815195072,-0.45587980646703
ARIC,55,0,0,0,1,34.651992861,0.6880733945,,censor,22.5242984257358,0.50475282211173
ARIC,63,0,0,0,1,26.147959184,0.736196319,,dementia,11.7180013689254,-0.23208593232437
ARIC,61,0,0,0,1,27.475629493,1.1637931034,,censor,22.217659137577,-1.07812091198388
ARIC,70,1,0,0,1,27.033976125,4.9533954727,,death,14.1875427789185,0.636683141429219
ARIC,60,1,0,0,1,32.60588843,1.6850551655,,censor,21.8918548939083,0.54132383640324
ARIC,54,0,0,0,1,24.179479898,0.8097165992,,death,18.7405886379192,0.18754256274708
ARIC,57,1,0,0,1,24.599690083,6.4705882353,,censor,22.2532511978097,0.0494337477568401
ARIC,66,1,0,0,1,33.756110451,58.069306931,,censor,21.5605749486653,0.0359605632538603
ARIC,60,0,0,0,1,25.155555556,7.294398093,,dementia,15.3730321697467,-0.31873214308611
ARIC,71,1,0,0,1,24.389348026,6.852367688,,dementia,16.7556468172485,-0.3470869381835
ARIC,64,0,0,0,1,32.54942768,3.4152652005,,death,2.77618069815195,0.634566786743051
ARIC,58,0,0,0,1,30.673706127,2.6181818182,,censor,21.0266940451745,0.34190215121528
ARIC,59,1,0,0,1,28.669573259,8.951048951,,death,14.2477754962355,0.20447344827548
ARIC,61,1,0,0,1,44.982698962,4.6861924686,,death,11.2635181382615,-0.13225884770575
ARIC,60,0,0,0,1,31.717230367,2.2140221402,,dementia,18.444900752909,-0.16688546625245
ARIC,56,1,0,0,1,24.405991736,8.315565032,,censor,23.3210130047912,0.0249902873026997
ARIC,69,1,0,0,1,29.26410358,8.0918220947,,death,18.5626283367556,0.415387569799471
ARIC,73,1,0,0,1,26.780299403,4.3875685558,,dementia,11.211498973306,-0.9858989575647
ARIC,65,0,0,0,1,42.65625,66.831683168,,dementia,15.2470910335387,1.45110138895049
ARIC,63,0,0,0,1,21.818181818,7.1599045346,,censor,22.3545516769336,-0.31692440331705
ARIC,66,1,0,0,1,32.895352829,16.400541272,,dementia,10.3299110198494,-0.12552908133366
ARIC,61,0,0,0,1,28.567127103,8.9705882353,,censor,21.4072553045859,0.94857618529515
ARIC,57,0,0,0,1,23.073225445,2.4633431085,,censor,21.4483230663929,0.57022959528029
ARIC,70,0,0,0,1,30.58652655,2.5930372149,,censor,21.2320328542094,-0.16613390197258
ARIC,54,0,0,0,1,22.959087659,1.0480349345,,censor,22.0287474332649,-0.75923126818662
ARIC,57,1,0,0,1,29.313016529,9.92,,death,3.72347707049966,0.710633959345481
ARIC,66,0,0,0,1,43.392504931,17.637795276,,dementia,16.703627652293,0.3898432193597
ARIC,69,1,0,0,1,35.143347866,20.440528634,,death,5.74674880219028,0.728971299114539
ARIC,54,1,0,0,1,29.883381924,20.04950495,,censor,21.8288843258042,0.11647924938219
ARIC,60,1,0,0,1,30.927169421,10.01345895,,censor,21.8617385352498,-0.49372540763636
ARIC,57,1,0,0,1,28.216134326,20.782918149,,dementia,18.839151266256,0.19533401642643
ARIC,57,1,0,0,1,29.223523729,5.6872037915,,censor,21.7440109514031,-0.320842294337
ARIC,62,0,0,0,1,36.413290851,3.5190615836,,censor,22.3134839151266,0.314872667323711
ARIC,53,0,0,0,1,26.960514233,3.4828496042,,censor,21.9028062970568,1.40604912265316
ARIC,70,1,0,0,1,32.27638745,2.1028037383,,death,14.5325119780972,0.196361949759419
ARIC,70,0,0,0,1,35.999419364,23.18537859,,death,12.0930869267625,-0.246708721958031
ARIC,62,1,0,0,1,25.471607776,11.967654987,,censor,20.4517453798768,1.23914013112293
ARIC,67,1,0,0,1,31.136594571,9.1719745223,,death,12.4435318275154,0.122814434188921
ARIC,54,1,0,0,1,28.719723183,2.8215767635,,death,2.76796714579056,-0.1801932260004
ARIC,65,0,0,0,1,30.299434358,2.9563269877,,death,20.0109514031485,-0.80612681481532
ARIC,57,0,0,0,1,25.435568705,3.6464088398,,censor,21.6098562628337,-0.45499085497426
ARIC,67,1,0,0,1,28.920556003,7.4277854195,,censor,22.611909650924,0.21775626113666
ARIC,62,1,0,0,1,33.024691358,11.235370611,,censor,22.861054072553,0.25858237835256
ARIC,72,1,0,0,1,27.117188532,37.996422182,,death,13.6481861738535,-0.155579636265711
ARIC,59,1,0,0,1,29.202445788,5.8741258741,,censor,21.0266940451745,0.77093819360334
ARIC,63,1,0,0,1,27.195250407,1.5137614679,,death,9.31964407939767,0.0146727620308504
ARIC,70,0,0,0,1,28.912742382,6.1832061069,,death,14.3299110198494,0.227132876213069
ARIC,65,0,0,0,1,22.206330686,0.4017857143,,death,21.6673511293634,-0.67029076805919
ARIC,68,1,0,0,1,34.306703398,19.759036145,,dementia,15.8247775496235,-0.0554835700055193
ARIC,62,1,0,0,1,32.050303715,6.3387978142,,death,17.1170431211499,0.959722192827731
ARIC,56,0,0,0,1,33.604296705,4.0540540541,,death,17.2594113620808,0.73981596537091
ARIC,58,0,0,0,1,26.027451446,2.0202020202,,censor,22.5023956194387,-0.18706753717358
ARIC,69,1,0,0,1,27.45865421,5.4281098546,,death,9.42915811088296,-0.16250516647502
ARIC,70,0,0,0,1,29.0625,57.926102503,,censor,21.2758384668036,0.0453915738598198
ARIC,73,1,0,0,1,27.464810711,11.382636656,,dementia,16.7227926078029,-1.29396711630386
ARIC,55,0,0,0,1,38.546712803,4.964028777,,censor,22.0999315537303,-0.25981460512213
ARIC,57,1,0,0,1,24.884363011,0.730964467,,dementia,11.6824093086927,1.31639506843088
ARIC,64,0,0,0,1,26.100522854,1.0126582278,,censor,21.7631759069131,0.7338481713484
ARIC,53,0,0,0,1,25.468038455,2.8070175439,,censor,21.9822039698836,0.35430196629411
ARIC,62,1,0,0,1,25.051903114,0.0,,dementia,18.1574264202601,0.60983244871706
ARIC,67,1,0,0,1,39.914568818,3.7449118046,,censor,22.757015742642,-0.2932661498819
ARIC,58,1,0,0,1,30.1228696,5.1711026616,,dementia,20.2765229295003,0.27093516478016
ARIC,72,1,0,0,1,26.819789223,2.982791587,,dementia,19.2717316906229,-0.24476579897126
ARIC,62,0,0,0,1,29.691043084,1.2244897959,,censor,20.5256673511294,-0.0012106610325801
ARIC,58,1,0,0,1,27.770779094,0.4337349398,,death,22.1273100616016,1.50123700857052
ARIC,69,0,0,0,1,24.438920206,0.4321728691,,censor,22.3189596167009,-1.53152165282634
ARIC,71,1,0,0,1,30.00414951,47.472527473,,death,14.8309377138946,-1.10048081955658
ARIC,57,0,0,0,1,22.353714661,0.8421052632,,censor,21.7166324435318,-0.28237097431541
ARIC,69,0,0,0,1,24.453125,1.3617021277,,censor,21.4948665297741,-0.27934460366244
ARIC,55,1,0,0,1,27.42724257,3.9655172414,,censor,21.4674880219028,-0.37232016753015
ARIC,57,1,0,0,1,36.201581148,28.351648352,,censor,21.5687885010267,0.99591395220565
ARIC,56,1,0,0,1,23.100907029,0.4603580563,,censor,21.6618754277892,-0.74207752230951
ARIC,69,0,0,0,1,25.556099213,18.120805369,,death,7.26351813826146,-0.13824857283799
ARIC,66,0,0,0,1,30.043262298,1.0332103321,,dementia,14.6338124572211,0.34394889666989
ARIC,56,1,0,0,1,24.598765432,4.1947565543,,censor,21.6098562628337,0.46555551110632
ARIC,58,0,0,0,1,28.75,10.057405281,,censor,22.3819301848049,-0.0462914417253998
ARIC,53,0,0,0,1,24.023806068,1.9027484144,,censor,21.1581108829569,0.38896130806549
ARIC,61,0,0,0,1,24.228843528,1.3533834586,,censor,21.5441478439425,-0.7816828093473
ARIC,70,1,0,0,1,26.269590475,2.2429906542,,dementia,19.0992470910335,0.10663569329944
ARIC,66,0,0,0,1,32.515604587,22.415940224,,death,9.5523613963039,-0.54053353143516
ARIC,58,0,0,0,1,28.990581562,1.7777777778,,censor,22.8364134154689,0.83429364063433
ARIC,64,0,0,0,1,30.40695016,1.4616321559,,death,11.9507186858316,0.0356311606636496
ARIC,70,0,0,0,1,23.2389252,6.404494382,,death,11.5290896646133,-0.55071636697099
ARIC,62,1,0,0,1,30.773072001,3.7961335677,,censor,21.7659137577002,-0.87545326536431
ARIC,59,1,0,0,1,26.121256392,0.2684563758,,censor,21.7056810403833,1.13231509134984
ARIC,64,0,0,0,1,38.535491107,14.758418741,,censor,20.7392197125257,-0.6198387951995
ARIC,62,1,0,0,1,32.061345248,1.0447761194,,dementia,15.6221765913758,0.35446369897434
ARIC,61,0,0,0,1,21.258468903,1.5695600476,,dementia,20.0930869267625,0.403133339130331
ARIC,62,1,0,0,1,34.53689168,29.683257919,,censor,22.2861054072553,0.73352232593942
ARIC,57,1,0,0,1,23.58832922,1.1948790896,,censor,22.8993839835729,0.11626585177075
ARIC,61,0,0,0,1,22.185491276,6.943231441,,dementia,17.2347707049966,0.943027386120001
ARIC,70,1,0,0,1,29.90426333,13.728813559,,death,19.6550308008214,0.0277684607700806
ARIC,69,0,0,0,1,31.147271532,25.109114249,,censor,22.0013689253936,0.27207106132832
ARIC,69,0,0,0,1,40.833076844,12.277227723,,death,14.4010951403149,0.549618303455711
ARIC,66,0,0,0,1,24.903581267,6.8924889543,,censor,21.1745379876797,0.16671656036046
ARIC,56,1,0,0,1,28.393726339,1.981981982,,censor,23.3045859000684,0.95672607720477
ARIC,69,0,0,0,1,28.162493731,18.461538462,,censor,21.2731006160164,-0.14234444324501
ARIC,58,0,0,0,1,25.632747934,0.3625377644,,death,15.3401779603012,-0.86462822326729
ARIC,70,1,0,0,1,29.26410358,18.955414013,,dementia,20.4709103353867,-0.62327168406061
ARIC,71,0,0,0,1,26.817338506,48.99713467,,death,9.5523613963039,-0.43137380372842
ARIC,62,0,0,0,1,29.258847574,3.0434782609,,dementia,20.2245037645448,0.46440512920785
ARIC,65,0,0,0,1,24.615152998,0.9090909091,,censor,22.0013689253936,-0.80045836968045
ARIC,68,0,0,0,1,28.885553166,13.818181818,,death,8.90622861054073,-0.167034917992839
ARIC,68,1,0,0,1,34.422173617,2.5581395349,,dementia,3.95071868583162,0.73505696793372
ARIC,67,0,0,0,1,25.894839851,23.793103448,,censor,21.6563997262149,-0.841903823674
ARIC,60,1,0,0,1,33.025769656,18.05745554,,dementia,21.5605749486653,-0.70475689914875
ARIC,60,0,0,0,1,47.115350138,87.182320442,,censor,21.0869267624914,-1.00167910176459
ARIC,61,0,0,0,1,44.811753903,10.909090909,,censor,22.7707049965777,-0.40737925762417
ARIC,58,0,0,0,1,23.728191001,1.6194331984,,censor,20.9363449691992,0.44420238966836
ARIC,59,0,0,0,1,28.548281316,3.6201117318,,censor,21.3524982888433,-0.15259046367595
ARIC,60,0,0,0,1,33.671875,15.365853659,,censor,22.1984941820671,0.0101139769966402
ARIC,56,0,0,0,1,32.714787238,5.3333333333,,censor,21.3908281998631,0.3373882242761
ARIC,61,1,0,0,1,22.976896856,1.4754098361,,censor,21.9028062970568,-0.59444509296406
ARIC,64,1,0,0,1,23.215795194,3.0894308943,,censor,21.9822039698836,-0.00065324888768
ARIC,69,1,0,0,1,30.604338843,4.5801526718,,death,20.9555099247091,0.0802179333167999
ARIC,54,0,0,0,1,29.375,6.8393782383,,censor,22.6748802190281,0.66878986810761
ARIC,68,0,0,0,1,23.572278406,11.987513007,,censor,20.0301163586585,0.19724254447367
ARIC,56,1,0,0,1,25.148729043,6.4680851064,,censor,22.031485284052,-0.12267509993318
ARIC,67,0,0,0,1,41.380989087,3.5705045278,,dementia,11.5783709787817,0.724932390795379
ARIC,71,0,0,0,1,35.790598291,2.2840409956,,death,19.9945242984257,0.48950215083831
ARIC,70,1,0,0,1,38.750039899,82.5,,death,14.3956194387406,-0.49961223393876
ARIC,74,0,0,0,1,35.56961537,54.993581515,,death,19.3949349760438,-0.75637492506395
ARIC,68,0,0,0,1,31.911111111,13.606299213,,censor,21.0650239561944,-0.391404310188391
ARIC,61,1,0,0,1,39.515212726,3.5599505562,,censor,22.6639288158795,-0.65970140142251
ARIC,56,0,0,0,1,25.758268557,0.6391478029,,censor,22.0013689253936,-0.25364473537077
ARIC,65,0,0,0,1,27.639801314,1.1715481172,,censor,22.0177960301164,0.0976716434504894
ARIC,58,0,0,0,1,22.263450835,0.3947368421,,dementia,21.9055441478439,-1.23387547508526
ARIC,58,0,0,0,1,26.225228432,2.1301775148,,censor,20.1670088980151,0.30306381670028
ARIC,65,0,0,0,1,26.755555556,2.5648854962,,dementia,21.0951403148528,0.0110733116605502
ARIC,54,1,0,0,1,35.740740741,8.6206896552,,death,3.70704996577686,-0.47701371279079
ARIC,67,0,0,0,1,30.17411517,2.639068564,,death,13.1663244353183,-0.58688822750349
ARIC,55,0,0,0,1,27.236603526,0.1466992665,,censor,22.9760438056126,0.24948015276122
ARIC,69,1,0,0,1,33.193618172,37.12,,death,15.8110882956879,0.362478422722261
ARIC,68,0,0,0,1,27.89208962,2.4199288256,,censor,22.4202600958248,-1.5985960050952
ARIC,61,1,0,0,1,32.309116426,18.795180723,,death,14.6748802190281,0.904014304178121
ARIC,56,0,0,0,1,27.96875,2.0638820639,,censor,22.5215605749487,-0.81146071065303
ARIC,66,0,0,0,1,26.564087676,10.646387833,,censor,20.2436687200548,-0.42160643972127
ARIC,65,1,0,0,1,26.403670297,8.8019559902,,censor,21.1033538672142,-0.38376581826594
ARIC,57,1,0,0,1,31.746031746,8.3650190114,,death,20.208076659822,-0.32207543443995
ARIC,62,0,0,0,1,25.078125,2.9310344828,,censor,22.1081451060917,0.61605036184081
ARIC,62,1,0,0,1,32.489305122,10.127877238,,censor,20.9774127310062,0.27128266780613
ARIC,61,0,0,0,1,39.008264463,5.8753709199,,death,5.51950718685832,0.99423970910205
ARIC,66,1,0,0,1,32.075912994,20.725689405,,death,9.83162217659138,0.0850516866858001
ARIC,62,0,0,0,1,33.463866145,15.459183673,,censor,21.3305954825462,-0.41294562662613
ARIC,54,1,0,0,1,25.609897098,4.7183846971,,censor,22.2751540041068,-0.53011198563511
ARIC,59,0,0,0,1,30.0,2.1871202916,,censor,21.6755646817248,0.56786536057335
ARIC,59,1,0,0,1,24.567901235,6.3157894737,,censor,20.4298425735797,-0.53023576155925
ARIC,69,1,0,0,1,29.44214876,18.5625,,death,10.6173853524983,0.31424081013883
ARIC,56,0,0,0,1,26.229228075,3.1658291457,,censor,21.4072553045859,-0.56123876113583
ARIC,65,1,0,0,1,26.277285079,29.353612167,,censor,21.8672142368241,-0.9791652271754
ARIC,63,1,0,0,1,24.1638322,5.9720062208,,censor,22.1601642710472,0.43415411750014
ARIC,63,1,0,0,1,32.007548265,4.5425867508,,censor,21.0814510609172,-0.15277811347349
ARIC,67,0,0,0,1,29.033661643,0.6810442679,,dementia,16.6954140999316,-0.65989813706695
ARIC,59,0,0,0,1,28.911564626,6.7647058824,,censor,20.6789869952088,1.00645560204374
ARIC,58,0,0,0,1,32.003534907,2.4633431085,,death,21.1033538672142,-0.93630880045856
ARIC,57,0,0,0,1,22.319489458,0.7177033493,,censor,20.6050650239562,0.18224443165055
ARIC,53,0,0,0,1,27.018100145,6.6666666667,,censor,21.3853524982888,-0.6910476570386
ARIC,62,0,0,0,1,26.259584748,3.3041301627,,censor,21.637234770705,-0.36072884179032
ARIC,72,0,0,0,1,35.405124654,11.781818182,,death,8.88980150581793,-0.0078144516168094
ARIC,66,1,0,0,1,38.239330971,22.748091603,,censor,21.6947296372348,-0.17661691296731
ARIC,63,0,0,0,1,24.359861592,11.368421053,,death,14.9568788501027,0.892442562619711
ARIC,67,1,0,0,1,30.918856147,5.6862745098,,death,16.0246406570842,-0.46141447364394
ARIC,60,0,0,0,1,21.256895953,7.2180451128,,death,18.031485284052,-0.35440936863207
ARIC,60,1,0,0,1,31.975308642,14.760383387,,censor,22.9240246406571,0.571185604502141
ARIC,55,1,0,0,1,26.027216277,25.070063694,,censor,22.2313483915127,0.26601569263197
ARIC,62,0,0,0,1,34.121310469,7.2602739726,,dementia,19.5044490075291,0.13394039463702
ARIC,70,1,0,0,1,29.616326531,2.9055690073,,dementia,20.8405201916496,0.1210238053635
ARIC,68,1,0,0,1,25.501830577,0.170212766,,dementia,20.2737850787132,-0.74578766804265
ARIC,68,1,0,0,1,25.12345679,8.2568807339,,death,16.2792607802875,0.59591985379471
ARIC,56,0,0,0,1,28.934559221,0.1734104046,,censor,21.7713894592745,-1.16995817703002
ARIC,54,1,0,0,1,33.082612902,6.2820512821,,censor,21.6563997262149,-0.0602597205930898
ARIC,68,1,0,0,1,28.212244898,13.138686131,,dementia,19.5592060232717,-1.24030726005377
ARIC,57,1,0,0,1,28.9104911,11.204330176,,censor,20.9883641341547,0.42800333810646
ARIC,70,1,0,0,1,26.679738104,0.3582089552,,dementia,17.2128678986995,-0.77854418166288
ARIC,68,1,0,0,1,29.492455418,25.49132948,,death,23.006160164271,0.749143290174951
ARIC,61,1,0,0,1,37.495471561,7.3652694611,,censor,21.0704996577687,0.41992224868485
ARIC,62,0,0,0,1,29.172437673,1.3533834586,,death,18.4531143052704,0.58834337757055
ARIC,59,0,0,0,1,28.398718001,0.4609475032,,dementia,15.337440109514,-0.57329863728735
ARIC,64,1,0,0,1,36.0185773,58.361774744,,censor,22.3983572895277,-0.99203814210922
ARIC,67,1,0,0,1,27.289882421,4.1838351823,,death,11.9260780287474,0.96874909926855
ARIC,57,0,0,0,1,30.043262298,1.1764705882,,censor,21.1827515400411,-0.84117904887568
ARIC,65,0,0,0,1,29.982991179,1.7733990148,,death,20.2765229295003,-0.63220786104572
ARIC,65,1,0,0,1,35.908484662,48.0,,dementia,15.5400410677618,0.26505269115428
ARIC,58,1,0,0,1,31.407664807,31.060820368,,censor,22.4531143052704,-1.18651311473937
ARIC,65,0,0,0,1,27.174526704,3.2876712329,,dementia,16.7830253251198,0.924272557917941
ARIC,58,1,0,0,1,24.122145775,5.2664576803,,death,17.2703627652293,0.79226225566694
ARIC,63,1,0,0,1,37.412021529,20.136425648,,censor,22.0533880903491,0.62847684831453
ARIC,54,1,0,0,1,29.547327615,1.1374407583,,censor,22.0862422997947,-0.0212840929057897
ARIC,69,0,0,0,1,25.297619048,9.2903225806,,dementia,22.0862422997947,-0.35440200290809
ARIC,60,0,0,0,1,25.723208416,0.9677419355,,censor,20.8158795345654,0.601280019214831
ARIC,55,1,0,0,1,24.228571429,3.6057692308,,censor,21.4702258726899,0.8188094012292
ARIC,57,0,0,0,1,22.106544078,0.4780876494,,death,11.8904859685147,0.43778230303392
ARIC,53,1,0,0,1,27.700831025,5.0393700787,,censor,22.321697467488,0.99148190624856
ARIC,68,1,0,0,1,29.818560381,4.3601895735,,dementia,18.9048596851472,0.92496627231322
ARIC,63,0,0,0,1,36.763418648,43.783783784,,censor,22.2559890485969,0.556939482862499
ARIC,60,0,0,0,1,27.128027682,0.9677419355,,dementia,15.1348391512663,-0.52196182700031
ARIC,69,1,0,0,1,31.378773542,11.428571429,,dementia,19.7535934291581,0.433908654408199
ARIC,61,1,0,0,1,40.765278529,18.488372093,,censor,21.347022587269,-1.16270590230296
ARIC,69,0,0,0,1,24.755648133,3.5905511811,,dementia,13.9137577002053,-0.85650701028021
ARIC,64,1,0,0,1,34.46366782,9.5094339623,,death,1.51403148528405,-0.82944212501566
ARIC,53,1,0,0,1,30.228999436,1.014084507,,censor,21.347022587269,0.44321472175462
ARIC,72,1,0,0,1,24.877140502,28.571428571,,death,14.8418891170431,-1.12619645967586
ARIC,69,0,0,0,1,26.045391245,5.9743954481,,dementia,19.8850102669404,-0.28943111010017
ARIC,72,0,0,0,1,32.841987325,11.904,,death,20.0657084188912,0.0962855761903995
ARIC,55,0,0,0,1,38.196322336,48.097165992,,censor,21.6180698151951,-0.15651262531577
ARIC,66,0,0,0,1,31.123381979,7.4418604651,,censor,20.7392197125257,-0.35444036108815
ARIC,69,1,0,0,1,29.39622143,21.642512077,,censor,21.8535249828884,-0.82021608263563
ARIC,63,1,0,0,1,28.930612245,4.1930116473,,censor,21.5359342915811,0.73075005988444
ARIC,68,1,0,0,1,32.7268431,1.0,,censor,22.0835044490075,0.37573458551194
ARIC,66,1,0,0,1,35.152830783,7.2819216182,,censor,21.8726899383984,0.16414196006408
ARIC,53,1,0,0,1,28.487443751,3.4379263302,,censor,21.5386721423682,-0.76452892773036
ARIC,66,1,0,0,1,25.029760996,9.6916299559,,censor,20.4681724845996,0.27276825962431
ARIC,69,0,0,0,1,46.230677765,23.710843373,,death,11.9342915811088,-0.6637856015431
ARIC,71,1,0,0,1,29.612425606,9.465648855,,death,9.27036276522929,0.23437693417946
ARIC,63,0,0,0,1,23.776863283,0.1431980907,,censor,23.3839835728953,-0.28365665091164
ARIC,71,0,0,0,1,24.890738814,1.2371134021,,dementia,20.0301163586585,1.11707761767234
ARIC,59,0,0,0,1,35.491363043,3.1053604436,,censor,22.321697467488,0.78973268625563
ARIC,58,0,0,0,1,38.42056933,41.317365269,,censor,21.3990417522245,-0.0277422676792199
ARIC,56,1,0,0,1,32.950385052,15.0,,censor,20.9418206707734,0.62290104388023
ARIC,60,0,0,0,1,36.144578313,19.098143236,,censor,22.3709787816564,-0.54456390545185
ARIC,65,1,0,0,1,26.665472245,1.1594202899,,death,12.6954140999316,-0.7985889902745
ARIC,66,0,0,0,1,29.15451895,3.68,,censor,20.4709103353867,-0.12627859205254
ARIC,61,1,0,0,1,39.172942264,21.095541401,,death,6.79260780287474,-0.89203223636476
ARIC,66,1,0,0,1,26.762968562,7.8303425775,,censor,22.3353867214237,-0.31399157794743
ARIC,67,0,0,0,1,38.146936347,9.7386519945,,death,8.23819301848049,-0.31809416339197
ARIC,56,0,0,0,1,24.690405463,0.2992518703,,censor,21.7221081451061,0.827830578042681
ARIC,61,0,0,0,1,32.65625,6.7170953101,,dementia,19.3127994524298,-0.1483038549231
ARIC,69,1,0,0,1,23.44250786,7.8581173261,,censor,21.1444216290212,-0.457456358874239
ARIC,58,0,0,0,1,25.3125,2.5498007968,,dementia,9.40999315537303,-0.21331877973172
ARIC,59,1,0,0,1,37.728622043,21.6,,death,6.58179329226557,0.64314074013559
ARIC,63,1,0,0,1,32.4165929,3.5069885642,,censor,22.0862422997947,0.56615900403481
ARIC,60,0,0,0,1,28.145449137,3.7315875614,,dementia,19.8001368925394,0.39292603522764
ARIC,67,1,0,0,1,24.99356573,13.799323563,,death,3.97262149212868,-0.21168347971324
ARIC,58,0,0,0,1,28.405710886,1.4210526316,,censor,22.4887063655031,-0.48533634988865
ARIC,58,0,0,0,1,28.60102242,2.6629680999,,censor,22.4558521560575,-0.1235733130801
ARIC,61,1,0,0,1,21.234567901,0.4290822408,,censor,21.9931553730322,-0.04287306724502
ARIC,62,0,0,0,1,27.777777778,5.3658536585,,censor,21.637234770705,-0.09693395748114
ARIC,56,0,0,0,1,28.577960677,0.0,,censor,22.0205338809035,1.59190783223366
ARIC,60,1,0,0,1,25.142584132,11.351351351,,censor,21.9329226557153,0.34982714468303
ARIC,65,1,0,0,1,26.506460572,11.534195933,,censor,21.5085557837098,0.39360668742362
ARIC,61,1,0,0,1,24.706037786,62.7929374,,censor,22.2505133470226,0.73006470889587
ARIC,54,0,0,0,1,22.421875,2.7397260274,,censor,21.1937029431896,-1.37631275857189
ARIC,60,1,0,0,1,26.027216277,19.0,,censor,23.1813826146475,-0.21722649043412
ARIC,66,0,0,0,1,37.565875411,9.0476190476,,death,12.4572210814511,0.0683954513703995
ARIC,57,0,0,0,1,25.717314729,2.049934297,,censor,20.8268309377139,-1.25789043483212
ARIC,59,0,0,0,1,27.019351698,1.6125419933,,censor,21.4264202600958,-0.40898028797187
ARIC,59,0,0,0,1,29.427679501,2.6823529412,,censor,21.9466119096509,-0.12182206989778
ARIC,72,1,0,0,1,27.352264923,16.509240246,,death,14.0479123887748,-0.2984048634218
ARIC,62,0,0,0,1,28.756957328,1.9081272085,,censor,21.0814510609172,-0.8269642647529
ARIC,61,0,0,0,1,34.214360042,19.692307692,,censor,21.1416837782341,-0.45727195656833
ARIC,71,1,0,0,1,29.042386185,15.74025974,,dementia,5.68651608487337,-0.26001705968911
ARIC,54,1,0,0,1,33.934558909,29.075630252,,censor,20.2436687200548,0.0658793551908303
ARIC,64,0,0,0,1,20.975468138,0.3022670025,,dementia,20.7173169062286,-0.66582437849217
ARIC,63,1,0,0,1,36.092458678,2.0022246941,,censor,22.17659137577,0.81341762802122
ARIC,70,1,0,0,1,27.559183673,5.3363740023,,dementia,16.0,0.239773476055851
ARIC,71,0,0,0,1,33.048907388,3.071297989,,dementia,15.482546201232,0.52895176574857
ARIC,70,0,0,0,1,30.530900723,6.9787234043,,dementia,13.5989048596851,0.615635725858409
ARIC,60,1,0,0,1,29.737044338,1.0084033613,,censor,22.8446269678303,-0.2682491364194
ARIC,59,1,0,0,1,35.018929151,25.741935484,,death,20.6324435318275,-0.73197891257075
ARIC,64,0,0,0,1,25.682060661,5.0872817955,,censor,21.7960301163587,0.64562846116082
ARIC,63,1,0,0,1,26.965450517,4.2953020134,,censor,21.5660506502396,-1.31136357075676
ARIC,54,0,0,0,1,23.286948761,1.8575851393,,censor,22.0533880903491,0.0462594171580697
ARIC,69,0,0,0,1,32.820804089,10.979381443,,death,5.81245722108145,-0.150492350611979
ARIC,54,0,0,0,1,49.426622151,4.958677686,,censor,22.4832306639288,0.0002858183441802
ARIC,64,0,0,0,1,34.770068899,12.639791938,,censor,20.517453798768,-0.95023577220684
ARIC,72,1,0,0,1,25.123090519,4.175257732,,censor,21.7850787132101,-0.60132223540793
ARIC,64,0,0,0,1,32.03125,19.395203337,,death,20.1642710472279,-0.17504668149408
ARIC,56,0,0,0,1,37.637848621,4.6320868516,,dementia,13.2457221081451,-0.57645429249334
ARIC,62,0,0,0,1,26.53375883,7.4308300395,,censor,21.1444216290212,-0.64970450929046
ARIC,67,1,0,0,1,24.364437073,3.5865504359,,death,17.7686516084873,-0.0613792008433407
ARIC,56,1,0,0,1,40.295943982,15.362731152,,censor,21.2347707049966,-0.37761091189765
ARIC,67,0,0,0,1,40.494862088,6.525198939,,dementia,19.7180013689254,-0.47035794133261
ARIC,67,1,0,0,1,27.053202479,4.9635036496,,dementia,21.7960301163587,0.83019585907948
ARIC,67,0,0,0,1,24.1617357,6.7796610169,,dementia,14.0479123887748,0.18759976079259
ARIC,58,0,0,0,1,25.605536332,0.7471980075,,censor,22.2505133470226,-0.88839701593896
ARIC,62,0,0,0,1,39.336704343,17.186700767,,censor,22.4476386036961,-0.67303571610369
ARIC,56,0,0,0,1,25.17013782,0.8933002481,,death,5.37987679671458,0.59011078154508
ARIC,56,0,0,0,1,30.927456382,7.6165803109,,death,11.9397672826831,0.61955388373244
ARIC,65,1,0,0,1,22.688281223,6.1194029851,,censor,22.861054072553,-0.99665393632788
ARIC,70,0,0,0,1,34.967860422,5.6304985337,,dementia,11.6769336071184,-0.10042251983044
ARIC,64,0,0,0,1,38.666995398,33.03030303,,censor,23.0171115674196,0.23053230642377
ARIC,70,0,0,0,1,34.17489,13.23782235,,dementia,9.89459274469541,0.714310737058101
ARIC,61,1,0,0,1,21.366869143,1.6506189821,,censor,22.0396988364134,0.06276035842995
ARIC,73,1,0,0,1,27.621671258,9.628742515,,death,19.3648186173854,0.322666277262221
