dataset,BAI,BAIPercentile,n_similar,event,time2event
MESA,-1.19549188127835,18.658665217605403,113,censor,6.91033538672142
MESA,-0.49552978405521,44.01766769710363,54,death,4.34223134839151
MESA,-0.754369954324901,35.70379539792946,152,censor,5.90828199863107
MESA,0.0569720452625099,71.14798264484897,121,censor,6.95414099931554
MESA,-0.2290420286509,64.50894503781447,150,censor,7.77549623545517
MESA,0.2450269077079,77.14274483932063,114,censor,6.68309377138946
MESA,-1.42887105347163,26.269005692019682,42,censor,6.09445585215606
MESA,0.30647339618118,81.12624351347698,140,censor,6.81724845995893
MESA,-0.24473963943513,81.4929083105611,138,dementia,6.42847364818617
MESA,-1.24540770075417,9.5065788832986,139,censor,6.98699520876112
MESA,-0.254938634658311,55.00246118977673,107,censor,6.14647501711157
MESA,-0.0876090772585798,42.450498992738204,70,censor,7.0280629705681
MESA,-0.92771560459841,9.508965545107065,107,censor,7.4715947980835
MESA,0.738324878262171,99.90859107302171,66,dementia,5.76043805612594
MESA,-0.9832873179763,30.158542742895772,124,censor,6.13004791238877
MESA,-0.73017856675268,33.37898284514182,159,censor,6.55167693360712
MESA,-0.82432291934461,51.01256502164925,74,censor,6.38740588637919
MESA,0.0510423296883403,71.05599213788321,102,censor,7.50992470910335
MESA,0.0985652307972103,82.68960800397777,182,censor,6.63107460643395
MESA,-0.54945834498127,39.51254293621857,107,censor,7.5482546201232
MESA,-0.49850789187746,44.54900539823267,69,censor,7.52361396303901
MESA,0.22136080496278,86.78783137633087,142,censor,7.42778918548939
MESA,0.16288300396633,90.02853715791842,77,death,5.1937029431896
MESA,-0.28513524747318,41.88188985092413,47,censor,6.75975359342916
MESA,-0.40922414691118,33.578856804837294,151,censor,7.21149897330595
MESA,0.26672264323268,99.28286288590276,76,censor,7.31827515400411
MESA,-1.15106168730937,18.243884000296863,126,censor,5.51403148528405
MESA,-0.3804320766478,54.578064769333714,84,censor,7.11019849418207
MESA,-0.60079069693689,46.49435458641127,128,death,4.15058179329227
MESA,0.0353378524233705,94.63152280085733,67,censor,5.97946611909651
MESA,-1.20051238594956,8.246471895310664,148,censor,6.43668720054757
MESA,-0.0820858790832503,59.75161551126106,68,censor,6.27789185489391
MESA,-0.14585990320209,65.90813104801012,81,censor,6.91854893908282
MESA,0.330671609210251,94.97034209541974,87,censor,7.24435318275154
MESA,-0.776068117009081,45.519346694453745,84,death,6.20396988364134
MESA,-0.99292187907219,26.418000955172623,160,death,1.1937029431896
MESA,-0.47482224725706,49.59790042239785,78,censor,6.68583162217659
MESA,0.45560327097634,93.13190271956007,118,censor,6.3791923340178
MESA,-0.383526600916591,42.22249264140249,70,censor,7.31553730321698
MESA,-1.23734628020559,24.24760797120809,46,death,3.78097193702943
MESA,0.254303067711381,84.71614493408767,154,censor,6.97604380561259
MESA,0.201919228783269,92.03580874956945,150,censor,6.91307323750856
MESA,-1.22379627940083,8.178379729182934,135,censor,7.49075975359343
MESA,-0.83327371710088,29.937958079031084,145,death,4.1533196440794
MESA,-1.85810748803111,4.4739345193314115,102,censor,6.97330595482546
MESA,-0.21788930412322,56.11012132372444,136,censor,6.91581108829569
MESA,-0.0348098645042299,69.49312794060957,46,censor,6.93497604380561
MESA,-0.0473079317984698,70.87072583877065,179,censor,7.06365503080082
MESA,-0.17344408157808,59.52217284007834,52,censor,7.24435318275154
MESA,-0.706018674347961,26.78709197918696,168,censor,6.84736481861739
MESA,0.10466145475077,73.14143239120934,166,censor,7.53182751540041
MESA,0.618242593860749,92.9967189191978,130,censor,7.55099247091034
MESA,-0.13276950714024,82.94575940765006,174,censor,7.2662559890486
MESA,-0.6509422608464,38.14937515116084,31,censor,6.26420260095825
MESA,-0.52425035148532,53.546802136424844,164,censor,6.14373716632443
MESA,0.23936418159157,96.51677643088243,153,censor,7.50444900752909
MESA,-0.24083816307342,74.36323770832745,97,censor,6.58726899383984
MESA,-1.05926720076606,23.95376031015798,116,censor,7.20328542094456
MESA,0.23377880611257,80.07842708890553,125,censor,7.68514715947981
MESA,0.38274014629258,95.75125548933786,48,censor,7.9315537303217
MESA,-1.48334925666619,33.48872245239761,36,dementia,5.42642026009583
MESA,-0.370309518370379,48.154343623392315,125,censor,6.8993839835729
MESA,-2.16537368990727,7.519093992007276,72,censor,7.58384668035592
MESA,-0.0827923578145104,65.87955350437961,77,censor,7.44695414099932
MESA,-0.8583207023865,34.70801427760204,114,death,0.750171115674196
MESA,0.0422836156554098,67.40604854398858,75,censor,5.08145106091718
MESA,-1.54878917855259,12.7843876989473,75,censor,6.11362080766598
MESA,-0.33968520228072,39.49139793192786,90,censor,7.88774811772758
MESA,-0.46539647065496,60.938487314564185,110,censor,6.97330595482546
MESA,0.701349026617331,95.68435510305584,120,censor,6.95140314852841
MESA,-0.13844631709173,67.31659571994776,101,censor,7.16221765913758
MESA,-0.209320368575131,91.01794241978392,42,dementia,0.366872005475702
MESA,-0.0445784225455398,83.20374466495689,71,dementia,4.82409308692676
MESA,-0.89087180706539,25.87290215803474,59,censor,6.37645448323066
MESA,-0.813441616978351,41.63993092669535,99,censor,6.8911704312115
MESA,-0.0648714467482201,73.9748200643803,52,censor,7.48528405201917
MESA,-0.918308910882649,32.103585537711204,137,censor,6.19028062970568
MESA,-0.52909367044047,52.164454705780564,102,censor,6.22039698836413
MESA,-0.0754730781388702,61.00691905189769,35,censor,7.46885694729637
MESA,0.0831236342073595,69.12411718982666,65,censor,7.89048596851472
MESA,-1.18861940111715,16.790442270121897,57,censor,6.17385352498289
MESA,0.24198455041624,80.3941325533358,80,censor,7.64407939767283
MESA,-0.54718692366428,41.00910203163692,171,censor,7.69883641341547
MESA,0.36876645347981,82.9907132954646,105,censor,6.62833675564682
MESA,-0.83651631781003,26.509309689167928,54,censor,7.35112936344969
MESA,-0.58740436156144,31.465514989838198,142,censor,7.11019849418207
MESA,-1.20819223090168,5.95587130241591,150,dementia,4.2135523613963
MESA,-0.12746519821233,62.9186677421163,163,censor,7.86858316221766
MESA,0.17747417160152,87.51910976674013,67,censor,7.31827515400411
MESA,-0.57996338179688,20.305478690126897,109,censor,6.30527036276523
MESA,0.26527098081066,82.87473265303834,117,censor,6.59000684462697
MESA,-0.51626015712164,30.25713601810155,112,censor,7.52635181382615
MESA,0.0561112876918003,66.67154746329578,116,censor,7.86036960985626
MESA,0.19281367053598,70.1415696640803,91,censor,7.06639288158795
MESA,1.295355443722,100.0,99,censor,8.05475701574264
MESA,0.20818713804431,80.5843657904554,67,censor,7.46885694729637
MESA,0.72093289413651,98.41702609813267,121,censor,6.81998631074606
MESA,-0.91767163220544,29.998372503374007,67,censor,5.60985626283368
MESA,-0.0272727414897503,68.84952818309631,54,censor,6.8145106091718
MESA,-0.60890642883259,35.653660113760225,30,censor,7.23613963039014
MESA,0.8376612033242,97.96251955261583,152,censor,6.71868583162218
MESA,0.0971144735095002,72.49224122153548,75,censor,6.13004791238877
MESA,-0.73147175385034,18.009743633273054,80,censor,6.35728952772074
MESA,0.54848139449268,95.32688300804524,61,censor,7.20602327173169
MESA,0.37136895650126,93.13730213670208,190,dementia,4.07939767282683
MESA,-1.19210308384034,16.09777178709461,85,censor,7.12662559890486
MESA,0.41377299652543,89.00291882452159,91,censor,7.52087611225188
MESA,-0.79515896521934,44.49176093572306,84,censor,7.83025325119781
MESA,-0.21015236699169,65.67314241659405,172,censor,7.64134154688569
MESA,-1.4509739090713,13.515313160235,96,censor,6.49691991786448
MESA,-1.08390671554481,30.31097189213493,48,censor,6.24503764544832
MESA,-0.15200958244115,85.27448284757199,101,censor,7.58658453114305
MESA,0.46176890427938,94.95342848689846,176,death,3.83025325119781
MESA,-0.45319550970122,45.88930611045707,139,censor,6.55441478439425
MESA,0.11959044685357,64.71068574723394,89,censor,7.5482546201232
MESA,-0.42704633898889,47.40902184151832,86,death,3.10746064339493
MESA,-0.62192876671626,22.363670690893173,74,censor,6.72416153319644
MESA,-1.33132999767917,4.3237787410845225,173,censor,7.65776865160849
MESA,0.12291489464253,91.10108873263465,125,censor,6.87200547570157
MESA,-0.84660942908594,14.776899175300697,66,censor,7.25256673511294
MESA,-1.01127106466951,22.159553827897412,59,censor,6.70499657768652
MESA,-0.94105801193532,26.9431960605606,68,censor,5.83709787816564
MESA,-0.0079971505879896,79.7916028615764,112,censor,7.37029431895962
MESA,-0.74590850558433,14.526887856536964,141,censor,6.08624229979466
MESA,0.209773939211669,87.10122679709812,67,censor,6.10540725530459
MESA,0.42045669543878,84.4410952512557,54,censor,6.49418206707734
MESA,-1.105080119813,12.348450077560365,118,censor,7.16495550992471
MESA,-0.19474980645168,53.739902203717556,127,censor,6.62833675564682
MESA,-0.0074061299379692,73.94297513597557,106,censor,7.66324435318275
MESA,-0.87274402930782,31.25890847092097,122,censor,6.53798767967146
MESA,-0.18119067152486,50.51170823457439,156,censor,6.362765229295
MESA,-0.72822346108486,17.68145586411611,139,censor,7.58110882956879
MESA,-0.32847312058596,31.50897304715258,48,censor,6.8227241615332
MESA,-0.67017652149194,15.657159534680915,83,censor,6.93771389459274
MESA,-1.11330555299502,14.881357823854957,40,censor,6.98151950718686
MESA,-1.13000653546392,20.739722578803644,94,censor,6.90485968514716
MESA,0.234080841380479,82.7412934126519,57,censor,7.32922655715264
MESA,0.0211425906677903,70.83312758458759,139,censor,7.3347022587269
MESA,-1.26685837995096,7.130097744059449,170,censor,6.43668720054757
MESA,0.22710070066182,76.69083074776064,110,censor,6.31622176591376
MESA,-0.82506710569938,23.451296126083804,109,censor,7.35112936344969
MESA,-0.55666563912179,77.66073247248158,62,censor,6.89664613278576
MESA,-0.87069325597007,18.16640508930918,139,censor,7.26899383983573
MESA,-0.92256026528319,70.13582762029087,25,death,2.49144421629021
MESA,-0.21868317781221,77.08479414685412,98,censor,7.20876112251882
MESA,-0.37997623625821,50.42695187877932,48,censor,6.85284052019165
MESA,-0.532295280703499,47.422660323383,170,censor,6.97056810403833
MESA,0.731317100906929,97.12624020249216,164,censor,6.52703627652293
MESA,-1.14686726986345,12.420279732137438,117,censor,7.79739904175222
MESA,-0.15663075335379,66.52914405216258,66,censor,6.66666666666667
MESA,-1.04107764991615,13.978452505914417,117,censor,6.89390828199863
MESA,0.0814872819699097,70.77342763485704,59,censor,6.35181382614647
MESA,0.15466466170418,85.89006432414077,170,censor,6.71047227926078
MESA,-0.68079607727982,40.26197188573787,171,censor,7.0444900752909
MESA,0.84350181662507,99.20027457181378,178,censor,6.3025325119781
MESA,0.34167921559,90.14330018976815,117,censor,7.28268309377139
MESA,-0.03179896850625,68.15983333177313,112,censor,6.68309377138946
MESA,-0.0639442827357698,66.62696484699613,85,dementia,5.48117727583847
MESA,-0.52618698667736,31.271295439127595,157,censor,7.04175222450376
MESA,-0.436653773322691,37.71181718040328,150,censor,7.14305270362765
MESA,-0.27144635468647,52.13569197283319,159,censor,7.64407939767283
MESA,-0.9162863379539,26.686023451354448,122,censor,6.80082135523614
MESA,-0.87151086919079,23.67689674824145,187,censor,7.37303216974675
MESA,-0.40269494025507,48.873484397005726,157,censor,6.91307323750856
MESA,-0.478728354181411,52.84607864156429,72,dementia,0.59958932238193
MESA,-0.80501406810655,16.85116530618263,174,censor,7.06913073237509
MESA,-0.40623247169686,66.95300395099821,149,censor,7.35934291581109
MESA,0.0224488568225098,83.91260603620198,106,censor,7.41683778234086
MESA,-0.303010530491269,58.36960471096486,69,censor,6.57084188911704
MESA,-0.84548994866452,12.500137666303392,119,dementia,2.3025325119781
MESA,-0.74349106177338,19.63586720619325,182,dementia,6.01505817932923
MESA,-1.27761307592925,13.766865387048089,104,censor,7.52908966461328
MESA,-0.86242478817121,24.462183084895262,134,censor,6.28336755646817
MESA,0.210504223951681,86.88124257948346,176,censor,7.62217659137577
MESA,-0.36819337486001,65.85868366623042,108,censor,6.70773442847365
MESA,-1.25013468099967,8.884889305025853,103,censor,4.55852156057495
MESA,-0.98844852289007,15.268534415241813,128,death,2.71594798083504
MESA,-0.2941783511962,35.30037001808271,90,censor,7.46885694729637
MESA,-0.39203876352867,51.07100331681073,145,censor,7.00889801505818
MESA,-0.52077362495133,69.81020758652637,80,censor,6.8911704312115
MESA,-0.743467412932149,55.385507967327996,72,censor,6.72142368240931
MESA,0.29028184989692,78.50443717699356,65,death,2.79534565366188
MESA,-0.434713656102809,67.10269186977524,96,dementia,3.66872005475702
MESA,-0.88272491787461,26.52072419488541,82,censor,6.93497604380561
MESA,-1.32809460961212,11.549873443543662,56,death,6.17111567419576
MESA,0.7071339742707,93.10774805647793,176,censor,6.78165639972621
MESA,0.12259250719847,69.35080532034934,61,censor,6.02053388090349
MESA,1.10583167775453,100.0,83,censor,7.06365503080082
MESA,-0.21497375412458,54.474201729854,52,censor,7.64407939767283
MESA,-0.27219693371869,41.67167505510857,81,censor,7.18412046543463
MESA,0.61290355719977,98.86708643591835,74,censor,7.61670088980151
MESA,-0.7248986198638,20.193444122157025,124,censor,7.83572895277207
MESA,-1.8293921700762,12.962614965497897,65,censor,6.68035592060233
MESA,-0.872842228046289,50.45847594414029,47,censor,7.64407939767283
MESA,-0.48523797810652,57.281817647571046,124,dementia,5.25119780971937
MESA,0.76246060939062,96.68906709753607,56,censor,6.42573579739904
MESA,-0.40696656947583,42.97911011115686,59,censor,6.74332648870637
MESA,-0.417599955036719,42.61765348122251,113,censor,6.83915126625599
MESA,-0.47103174856462,43.31098323328334,142,death,3.68240930869268
MESA,-0.925599044246739,24.901124687612846,92,censor,6.66392881587953
MESA,-0.80572006759101,25.818948440941544,139,death,5.90280629705681
MESA,-0.1424606090092,54.958453279591396,67,censor,6.93497604380561
MESA,-0.55746234671364,38.069570269109846,198,censor,5.85352498288843
MESA,0.1452540196422,70.76344767329691,72,censor,5.73305954825462
MESA,-0.0252424285675403,75.6026261121732,188,censor,6.88843258042437
MESA,-1.49343711122946,2.274574294397064,146,censor,6.98699520876112
MESA,-0.31931907153986,73.964880418556,136,censor,6.84188911704312
MESA,0.513438758443181,92.23706779375895,58,censor,6.53798767967146
MESA,-0.811296094033131,55.278168238350915,27,censor,6.35181382614647
MESA,-0.20168821950522,80.71128519241533,115,censor,7.00889801505818
MESA,0.3978633486018,96.05027171982195,179,censor,5.60438056125941
MESA,-0.86812636743975,28.38743252191495,124,censor,6.5845311430527
MESA,-1.04782810267693,40.20797731056753,17,censor,7.75359342915811
MESA,0.29358081105472,83.14087493360992,28,censor,6.85284052019165
MESA,-0.39585840985051,40.689902602526864,129,censor,6.52703627652293
MESA,-1.04535006024112,22.16232049905582,51,censor,2.69952087611225
MESA,-0.597128213840681,33.38379352807682,98,dementia,7.91786447638604
MESA,-0.225273689596951,60.35037158691802,149,censor,7.04722792607803
MESA,0.423739774477831,84.87137256560202,144,censor,3.97809719370294
MESA,-1.38810933790568,18.04461207000992,71,censor,6.25872689938398
MESA,0.05121105388736,64.0207686466102,59,censor,7.83846680355921
MESA,-0.69366474839413,36.83269131641273,170,censor,6.24229979466119
MESA,-0.26084316300841,48.08540461344897,76,censor,7.19780971937029
MESA,-0.0777375762018394,68.97323954094703,104,censor,7.29089664613279
MESA,-0.93493966671699,18.23119962174878,125,censor,6.51334702258727
MESA,0.16157408221189,86.4377156709919,39,censor,7.27720739219713
MESA,-1.07494369851451,24.68951326167612,90,censor,7.20602327173169
MESA,0.67120605569929,96.60023685089608,118,censor,6.53524982888433
MESA,0.42346339320237,90.59630309633397,126,censor,7.39493497604381
MESA,-0.794364252024261,56.67493806485503,62,death,6.34633812457221
MESA,0.572647587229319,92.84181960473079,109,censor,7.53456536618754
MESA,1.07818913802913,99.72306479671511,86,death,3.43874058863792
MESA,0.65702058978787,95.19631263517829,126,censor,7.40041067761807
MESA,-0.36036472385572,66.03717208151257,139,censor,7.40862422997947
MESA,-0.10378477548251,67.2713653527267,179,censor,7.72347707049966
MESA,-0.42744559849446,46.47247035347714,96,censor,5.1772758384668
MESA,-0.66832412107632,20.26271419967544,122,death,2.77070499657769
MESA,-0.13257579930537,69.03427879954124,105,censor,7.17864476386037
MESA,-1.22458185356785,9.966992332096739,149,censor,6.66666666666667
MESA,-0.55787684805895,42.13073709872047,60,dementia,5.92197125256673
MESA,0.11333294475805,79.60068905894283,120,death,6.2258726899384
MESA,-0.60413233184371,25.462600201512767,149,censor,6.92950034223135
MESA,-0.972734039825529,29.81881451317616,58,censor,6.59822039698836
MESA,-0.74739356741012,70.20187038288925,42,censor,7.51266255989049
MESA,-0.53945143232879,36.50620542354731,195,censor,6.09445585215606
MESA,0.31573314160353,81.50292540578783,110,censor,7.51266255989049
MESA,-3.34001838602479,0.0,121,censor,6.72689938398357
MESA,-0.6990683846647,25.816541890032614,172,censor,7.23887748117728
MESA,-1.32410691590106,11.690031594683292,51,dementia,5.13073237508556
MESA,-0.85525177707317,50.821129755283785,52,censor,6.60643394934976
MESA,-0.1911823190139,78.35569784476041,139,censor,6.072553045859
MESA,-1.21431050198896,25.278889413986906,25,censor,7.12936344969199
MESA,-0.1837260190153,75.09751765388377,62,censor,7.29363449691992
MESA,-0.90275365500974,11.770300206310187,150,censor,6.53251197809719
MESA,-0.920829938859281,38.5430529806353,45,death,4.82683093771389
MESA,-0.23013140192348,61.82627904164217,118,censor,6.41478439425051
MESA,-0.68908013148152,26.243033694868863,72,censor,8.04380561259411
MESA,-0.640283969737869,45.63366382905108,54,censor,6.362765229295
MESA,0.07040624699791,75.40074439446643,62,censor,7.59206023271732
MESA,-0.47730397943523,57.104849477951255,103,death,3.85215605749487
MESA,-0.16598767864536,58.74320420540069,76,censor,6.80355920602327
MESA,-0.87027176028957,35.40669429074193,47,censor,7.43600273785079
MESA,-0.19820152658571,51.47158304127006,153,censor,8.02464065708419
MESA,0.60297333378019,99.5339474036751,70,censor,7.60574948665298
MESA,-0.7966880273796,15.52151053493852,104,censor,7.73442847364819
MESA,-0.38352801654228,93.4830056105532,11,censor,3.81382614647502
MESA,0.687081456234429,95.29888279507213,128,censor,7.45516769336071
MESA,-0.16223074289323,82.3430439894305,74,death,5.73853524982888
MESA,0.0670694629764199,68.72853412577216,123,censor,6.95414099931554
MESA,0.50340024823239,95.713930358238,106,death,6.06707734428474
MESA,-0.989337967144969,37.573281112483805,86,dementia,7.3429158110883
MESA,-0.98312353045272,32.75274844319003,95,death,7.70431211498973
MESA,-0.26943993212932,43.001474503708046,105,censor,7.95893223819302
MESA,-1.71869286622001,9.409173366942136,52,censor,6.49418206707734
MESA,-0.323544942466251,67.5881430335586,142,censor,7.90417522245038
MESA,-0.41695920377971,35.639411353372914,97,censor,7.1129363449692
MESA,0.38528232365112,74.15724196640025,69,censor,6.42847364818617
MESA,0.1642005659236,74.32350867438733,151,censor,6.29158110882957
MESA,-0.527397196229509,63.17608217673438,71,dementia,4.13141683778234
MESA,0.257692937826251,94.30442145556523,171,censor,7.16495550992471
MESA,0.131254811484651,80.63095319701853,129,censor,7.52908966461328
MESA,-0.0362697515227595,73.02121204887735,200,censor,7.84941820670773
MESA,-0.44925466895417,72.39216091746776,97,censor,6.97604380561259
MESA,-0.81767126158834,21.695623955493787,124,censor,7.44969199178645
MESA,-0.17073715338577,41.45407652774809,72,censor,7.75633127994524
MESA,-0.426952552785529,48.652175465534185,177,censor,7.26078028747433
MESA,-0.0055782656944401,71.62086529182518,78,censor,6.68583162217659
MESA,-0.18611351242433,75.01638306875242,163,censor,7.20602327173169
MESA,-0.97050397273505,16.64958650464494,172,censor,6.87748117727584
MESA,-0.16633622827328,57.09225508626111,86,censor,6.43394934976044
MESA,0.01991945530851,61.002401992785344,89,censor,7.32922655715264
MESA,0.55737994836953,100.00000000000001,57,censor,6.77344284736482
MESA,0.34199184684384,82.5882765989119,95,censor,6.61190965092402
MESA,-0.35930796228165,58.020153644967436,73,censor,6.77344284736482
MESA,0.21344816959392,98.92659351448076,21,censor,7.3429158110883
MESA,0.4991419341743,90.47645445200574,94,censor,7.12662559890486
MESA,0.262356794886971,92.56721119821474,96,censor,6.38193018480493
MESA,-0.56321702943895,26.517783092921256,165,dementia,4.5886379192334
MESA,-1.33813738967079,2.3141856487421326,102,censor,7.71800136892539
MESA,1.85720568182008,100.0,158,censor,7.21971252566735
MESA,0.263251332669221,92.5129802095442,123,censor,6.87474332648871
MESA,-0.28928945101548,59.23246655777919,188,censor,6.072553045859
MESA,-0.73193205723107,47.47172007858612,57,censor,6.18754277891855
MESA,0.0317748417801901,69.0923277399352,140,censor,7.42778918548939
MESA,-0.30802015323212,68.77966286349795,142,censor,6.68035592060233
MESA,-1.23554711411819,19.513154121626396,106,dementia,5.71937029431896
MESA,-0.74527829591312,34.194611608131915,30,censor,6.11088295687885
MESA,0.3564236353833,98.74873303290076,103,censor,8.04928131416838
MESA,-0.3825415195636,49.161466456800916,119,censor,6.45037645448323
MESA,-1.75178706973068,0.0,50,censor,5.98767967145791
MESA,-1.31556317811263,17.21757810178689,73,censor,4.70910335386721
MESA,0.34390598427722,89.29586296574998,49,censor,6.81177275838467
MESA,0.11301027159425,94.73150560013445,153,censor,7.65776865160849
MESA,-0.39208574675203,49.46478554395111,125,dementia,4.63244353182752
MESA,-0.59051822916505,30.279090372176732,193,censor,6.30527036276523
MESA,0.45800149717671,97.49369912720964,48,censor,6.8911704312115
MESA,-0.21717396102628,50.727329095457684,161,censor,5.85352498288843
MESA,-0.906665263765851,26.53843858089356,155,censor,6.38193018480493
MESA,-0.8709991291738,15.037987549515421,154,censor,6.8227241615332
MESA,-0.58864661744494,27.77738664730672,69,censor,4.9719370294319
MESA,-1.16328979531966,37.80167288773973,63,censor,3.01437371663244
MESA,-1.23937811267702,8.013403963946866,44,censor,7.46611909650924
MESA,0.39398494974796,98.70296546020573,153,dementia,1.74948665297741
MESA,-0.28007478360019,56.60246339037095,81,censor,7.00342231348391
MESA,-0.44889573582889,35.98194029643234,80,censor,5.9192334017796
MESA,-1.03405275449275,74.93254962888498,10,censor,6.40657084188912
MESA,-0.73404561560312,20.609393881212792,99,censor,6.20944558521561
MESA,-1.88848789898504,6.127888443750099,138,censor,7.5482546201232
MESA,0.0905921343156301,59.08951409159825,89,censor,6.79808350444901
MESA,-0.415505052438149,56.98370235493939,73,censor,7.14031485284052
MESA,-1.01748984429687,8.24345950272767,71,censor,5.84531143052704
MESA,-0.71332586558904,33.63566813121353,117,censor,6.94592744695414
MESA,-0.0221744365562699,65.96444316943754,90,censor,7.0280629705681
MESA,0.43638714295332,79.89456045185233,65,censor,6.98425735797399
MESA,-0.55680989929768,53.08297945404961,32,death,1.67008898015058
MESA,-0.13164405822803,78.7872438346781,20,censor,6.3709787816564
MESA,0.0277209583121106,80.48276292559191,109,censor,7.31827515400411
MESA,-0.39481373615794,45.76100171502445,130,censor,7.43600273785079
MESA,-0.46113437267704,26.17386262053434,69,censor,7.36755646817248
MESA,-0.77469497325292,42.11327845985659,44,censor,6.80355920602327
MESA,-1.06519185648243,21.65623425164202,96,censor,6.25051334702259
MESA,0.15274304271263,85.20318303321943,129,censor,7.76454483230664
MESA,-0.540473544507501,44.32993101892811,74,censor,6.59822039698836
MESA,-0.610016099370389,52.25693416951202,100,censor,6.75701574264203
MESA,-0.19884537360277,59.69600326406919,48,censor,6.60643394934976
MESA,-0.56431595026359,29.418353568567493,106,censor,7.08829568788501
MESA,-0.0556045029316707,74.33617611749298,112,censor,6.93771389459274
MESA,-1.85267553650697,6.212697761324922,96,dementia,5.51129363449692
MESA,-0.25771322290377,58.10395365860728,144,censor,6.78439425051335
MESA,-1.1350347187407,19.084362882133803,107,censor,6.08350444900753
MESA,-1.41547536140466,8.953104935474773,108,censor,5.73579739904175
MESA,-0.0823425918499694,78.93691361465285,75,censor,4.61327857631759
MESA,-0.6164228477417,58.908684805328306,85,censor,6.40657084188912
MESA,-0.29567268252072,48.83299497511563,62,censor,6.68309377138946
MESA,-2.25825598074773,17.42741677822478,58,censor,7.94524298425736
MESA,0.34456309914728,62.33148346998457,24,censor,6.90485968514716
MESA,-0.67171512946006,45.74971674471581,159,censor,7.83846680355921
MESA,-0.76920973077263,20.135040396804005,87,censor,6.26146475017112
MESA,-1.50815161314017,5.579411540704263,130,censor,7.74264202600958
MESA,-0.166083888617111,57.11583278783378,122,censor,7.46885694729637
MESA,0.30759749730273,87.5988217641434,113,censor,6.93497604380561
MESA,-0.51289315203513,52.55240393026101,58,dementia,5.42094455852156
MESA,0.89610159766612,100.0,18,censor,7.27173169062286
MESA,-1.05101408462735,26.01563666316831,50,death,6.3025325119781
MESA,-0.14729213401439,74.1106320729966,70,censor,6.18206707734428
MESA,0.28839905173992,91.68622828419929,82,censor,6.46406570841889
MESA,-0.72113915299613,39.55281349890677,141,censor,6.45859000684463
MESA,0.5136104153644,96.0506318186551,140,censor,7.57837097878166
MESA,-0.43529929149946,41.75144750840314,63,censor,6.47775496235455
MESA,-0.20832352899322,72.89219073973103,163,censor,7.36208076659822
MESA,1.10089590602738,98.82526743212746,154,censor,7.81930184804928
MESA,-0.609370404223201,57.799987924888676,54,death,5.63175906913073
MESA,-0.7200241174961,19.522111828753278,66,censor,6.42299794661191
MESA,-0.77802301182791,22.35124553184849,197,censor,6.32991101984942
MESA,-0.56596619092043,50.61754142195075,80,censor,7.27994524298426
MESA,-0.3830828631356,51.437477798722064,186,censor,6.5845311430527
MESA,-0.0851438249914906,71.14935274619971,153,censor,6.89664613278576
MESA,-0.298678660249951,53.613971356664166,152,censor,7.73716632443532
MESA,-0.73557127014831,68.14610898113212,76,dementia,2.34086242299795
MESA,-0.670773260586709,46.700366067208506,99,censor,7.1813826146475
MESA,-0.52185457080053,45.38576297111604,99,censor,7.78097193702943
MESA,-0.12419370918842,64.96968601969337,86,censor,6.3025325119781
MESA,-0.34882427934962,69.12212510344258,131,censor,7.41409993155373
MESA,-0.49906141388871,36.72986801667215,150,death,4.09582477754962
MESA,-1.05371501437263,14.087877258330773,82,death,1.42094455852156
MESA,-0.35769026531352,42.54872400923792,183,censor,7.06365503080082
MESA,-0.77395038536599,18.127639167405476,75,censor,7.29363449691992
MESA,-1.24859496930812,13.621320377395337,59,censor,6.95140314852841
MESA,-0.28542947016534,76.79352380688582,138,censor,4.58590006844627
MESA,-0.28333099355663,60.283333535507666,191,censor,7.24709103353867
MESA,0.26529114059485,97.75523605387676,110,death,6.47775496235455
MESA,-2.03644844275988,7.446340986956045,61,censor,6.11635865845311
MESA,-0.11264330092869,63.732428195025676,172,censor,7.58110882956879
MESA,0.19478497969864,85.80855862866932,20,censor,7.16495550992471
MESA,-0.05218007719361,57.982733041746975,60,death,3.39767282683094
MESA,-0.574116898100731,48.64132285513526,130,death,2.61190965092402
MESA,-0.367845328898279,64.9440421474436,41,censor,6.3791923340178
MESA,0.22339114363334,93.84750522299511,182,censor,7.08829568788501
MESA,-0.38035660386048,68.20555135968984,166,censor,7.12388774811773
MESA,-0.48315448628875,56.126194752626446,105,censor,6.85831622176591
MESA,-0.39990471626167,40.302830139022255,166,censor,7.75359342915811
MESA,-0.652188183297621,37.59092868648687,123,death,1.54962354551677
MESA,-0.22471002666759,68.20042156069101,99,censor,6.34360027378508
MESA,-0.74605270424371,36.507966923593756,62,censor,7.35112936344969
MESA,0.51831194364592,87.58224418565591,69,censor,6.97330595482546
MESA,-0.3069727027749,58.69437787604707,68,death,4.75838466803559
MESA,0.00438483625027,78.08333999705013,24,censor,6.83367556468172
MESA,-0.81818232248953,54.32764536669886,41,censor,6.57357973990417
MESA,-0.47517268523578,36.68610526470389,125,censor,6.33264887063655
MESA,0.27637092087391,90.94367174351726,100,death,6.83915126625599
MESA,-1.70123921866643,6.712332595671815,123,dementia,4.290212183436
MESA,-0.78820600409471,38.86049108010989,108,censor,7.54277891854894
MESA,-0.60318374455771,35.189208491843445,38,death,2.12731006160164
MESA,0.23347834806602,87.30935753765033,163,censor,8.02464065708419
MESA,-0.309884401174619,78.08783429797012,115,death,0.785763175906913
MESA,0.241904987072159,96.56848004935824,157,censor,6.91307323750856
MESA,-1.25856652197074,15.652244565952081,107,censor,7.4715947980835
MESA,-0.25285664839772,66.89110856958061,186,censor,8.06023271731691
MESA,0.73386331967869,96.51178920390379,66,censor,7.29911019849418
MESA,-0.407471921343721,61.642503832670094,146,dementia,4.53114305270363
MESA,0.23918878610112,77.87372242484335,102,censor,6.54893908281999
MESA,-0.80405085319205,21.14111161977161,58,censor,4.57494866529774
MESA,0.0619414879086605,77.3017105664353,151,censor,7.58110882956879
MESA,-0.81656180607062,19.155731655514384,92,censor,7.7782340862423
MESA,-0.31489232665638,47.80257004700972,95,censor,7.25256673511294
MESA,-2.60048402847054,2.9194647552500754,155,censor,6.3025325119781
MESA,-0.335373237942269,84.71517739739035,64,censor,6.64750171115674
MESA,-0.429479727048469,70.13680734838134,63,dementia,6.3025325119781
MESA,-0.40866997311214,37.65146999231613,150,censor,6.91581108829569
MESA,-0.29968514750541,63.642048074408834,132,censor,6.60369609856263
MESA,-2.06545798493062,4.866969918032749,87,censor,7.10746064339494
MESA,-1.23242039994382,21.584315419440845,39,censor,7.44147843942505
MESA,-0.18695227307084,69.48261111939802,116,dementia,4.5201916495551
MESA,-0.12196820984414,62.47523285473769,157,censor,3.91238877481177
MESA,-0.43524803255046,35.77455762133812,73,censor,6.98425735797399
MESA,-0.5767472957761,27.252251341887096,84,censor,6.27241615331964
MESA,0.0373502705271605,63.35352838301926,100,dementia,3.76454483230664
MESA,-0.75403079340811,41.00693884883564,83,dementia,4.92539356605065
MESA,-0.52863631726963,23.16069340410575,129,censor,7.45242984257358
MESA,-1.24872291412795,27.43786077844665,58,death,3.68788501026694
MESA,-0.69953097367126,27.83203783550864,58,censor,7.14852840520192
MESA,-0.11463834418156,71.45646016204019,115,censor,7.63860369609856
MESA,-0.81937313180664,37.237978439910954,114,dementia,4.19438740588638
MESA,-0.54873156536383,26.938746868480433,145,censor,7.6249144421629
MESA,-0.685253934285311,33.26943028455195,160,censor,6.39835728952772
MESA,-0.94187114103711,22.92240701505169,134,dementia,4.19438740588638
MESA,-0.13882609693336,57.45887187570623,147,censor,7.97262149212868
MESA,-0.87505207088945,19.877538408395274,84,censor,6.95414099931554
MESA,0.4734465852323,89.05005471299893,50,censor,5.93292265571526
MESA,-0.48219751834914,35.73566557130178,55,censor,7.60301163586585
MESA,-1.06005277956699,27.899244813321598,91,censor,6.55167693360712
MESA,0.43118606668566,95.74351880704172,99,censor,6.5160848733744
MESA,-0.27589633282316,45.492314205070635,46,censor,6.70499657768652
MESA,-1.55498886057978,4.867408728453243,120,censor,7.74811772758385
MESA,0.24533107951053,97.35221137027268,34,censor,7.12388774811773
MESA,0.42489175720212,96.11360285175071,71,censor,7.35112936344969
MESA,-0.0950740827366701,62.959258734316336,52,censor,7.46885694729637
MESA,-0.14170404436881,59.91884170317327,171,censor,7.05544147843943
MESA,-0.91988238462162,23.91830416256437,178,censor,7.23613963039014
MESA,0.54211235085197,99.16669265617918,115,censor,6.42847364818617
MESA,-0.76015912739008,34.59902282750408,58,censor,6.35728952772074
MESA,0.0343936962902198,75.53532891462326,64,censor,6.41478439425051
MESA,-0.550720237978309,36.122789905432995,186,censor,6.30527036276523
MESA,-0.87699391402518,27.988607086001508,82,censor,6.70773442847365
MESA,-1.03974234944428,21.631177122207806,159,censor,6.78439425051335
MESA,-1.44008445641835,9.285253000509332,128,censor,6.54346338124572
MESA,0.24084168388071,87.03213696878419,59,censor,6.53524982888433
MESA,-0.37480227805944,42.176899943676396,98,censor,7.06639288158795
MESA,-0.30240018179072,83.5468527617759,68,dementia,3.97809719370294
MESA,-0.25378905008459,65.67059524913721,74,censor,6.57357973990417
MESA,-0.85272237648217,20.81294759833604,188,censor,6.6694045174538
MESA,-0.31915070300319,45.60690468496802,135,censor,5.65913757700205
MESA,-0.29900761280261,46.83080062487958,105,death,4.435318275154
MESA,-1.30649664397831,22.025810642499618,70,death,6.93771389459274
MESA,0.5852277476529,90.07714078766915,130,censor,7.29637234770705
MESA,-0.57268916203648,34.05826240937443,167,censor,7.31006160164271
MESA,-0.71801649725946,59.72061075672543,96,death,2.98699520876112
MESA,0.29405144093854,90.0782618743464,190,censor,7.33196440793977
MESA,-0.16842355536155,68.23577068422411,70,censor,6.87748117727584
MESA,-0.62396968574466,25.02432164861485,101,censor,7.54551676933607
MESA,-0.518402145508929,40.359602163690475,118,death,6.63381245722108
MESA,0.0075261417557996,86.92661053033837,165,censor,6.33538672142368
MESA,-0.769844744205621,40.68931081867967,77,censor,3.01437371663244
MESA,0.38257386688354,88.38017655048066,103,censor,6.84188911704312
MESA,-0.48394280309929,37.70163123083081,69,censor,7.26078028747433
MESA,-0.71446569571765,22.16903797711848,96,censor,7.29363449691992
MESA,-0.16380922662705,56.147719797703445,100,censor,6.98699520876112
MESA,-0.82084891670999,24.491926878014386,64,censor,6.4394250513347
MESA,-0.80260056088926,30.99923676454956,159,censor,7.20876112251882
MESA,-0.32565792894863,58.733199995015504,156,censor,7.24161533196441
MESA,-0.693249576126441,40.15954259551377,74,censor,7.16495550992471
MESA,-0.74613926871199,26.795999355612427,81,censor,7.7782340862423
MESA,-0.31958150657989,54.03942075763932,134,censor,6.55167693360712
MESA,-0.186909912656991,66.04059179397277,69,censor,6.79260780287474
MESA,-0.30490445974021,50.66432891613755,157,censor,6.64476386036961
MESA,0.45964888182768,97.44667171014655,74,censor,6.91581108829569
MESA,-0.282368470357829,61.09138835597896,130,censor,7.28542094455852
MESA,-0.85065550881455,20.075267303345466,115,censor,7.67967145790554
MESA,-1.29916651593139,90.51022873476515,11,dementia,4.81587953456537
MESA,0.60718102049821,94.15344220320735,98,censor,6.41478439425051
MESA,-0.26454133720705,54.70339146294035,146,censor,7.36755646817248
MESA,-0.54710383910986,41.38082170556926,101,dementia,3.94524298425736
MESA,-0.15165976678534,58.72827899744333,195,censor,6.93497604380561
MESA,-1.17704104619457,12.57708990974329,159,censor,6.11362080766598
MESA,-0.18997007573751,57.316147200874774,158,censor,6.37371663244353
MESA,-1.13158101549241,24.973827121162007,83,censor,7.10746064339494
MESA,0.213010243138319,82.09235870167375,73,dementia,4.54209445585216
MESA,-0.42798267968123,23.018501204699394,58,censor,7.40588637919233
MESA,0.43293692455803,84.64778866108225,77,censor,7.78370978781656
MESA,-0.44514753361451,38.196592226335184,146,censor,7.25530458590007
MESA,-0.0784855830934802,65.75299354308896,197,censor,7.28268309377139
MESA,0.67152373017955,88.13896448359972,61,censor,5.97125256673511
MESA,-0.42634825861484,65.43737905308923,51,censor,7.39493497604381
MESA,0.1575372844198,73.96521938080483,152,censor,6.01505817932923
MESA,-0.64416238752603,37.07853398141834,185,dementia,5.00479123887748
MESA,0.0976830049780403,59.067573563239435,54,censor,7.60574948665298
MESA,-0.0444672251586503,44.88013669624334,76,censor,5.29500342231348
MESA,0.668764875800591,99.79198428469843,129,censor,5.27583846680356
MESA,-0.75056861752157,22.77656756051788,108,censor,6.18754277891855
MESA,-1.59630598526787,10.67554626453995,88,censor,5.83709787816564
MESA,-1.51764261727862,6.961334193384082,90,censor,6.20944558521561
MESA,-0.14140059578747,48.506076466378126,64,censor,7.15674195756331
MESA,0.48862522847492,91.26996045214841,120,censor,6.79534565366188
MESA,-1.26123447925642,2.305248553542585,104,censor,7.53182751540041
MESA,-0.47472055454713,69.33556007963597,86,censor,7.31006160164271
MESA,-0.84708555503415,16.484631221526243,137,censor,6.24777549623546
MESA,-0.4821984140235,32.707957930499646,124,censor,7.21423682409309
MESA,-0.86487300390741,9.156535146144888,116,censor,7.20602327173169
MESA,-0.69962343358784,21.654291730783278,143,censor,7.81656399726215
MESA,0.796552155513329,99.76024722281588,119,censor,7.37303216974675
MESA,-0.14920551084316,69.22819705243002,100,censor,6.98699520876112
MESA,-0.99205876654964,24.88162559088465,71,censor,5.38261464750171
MESA,-0.62327564829333,24.490037892152834,159,censor,7.23340177960301
MESA,0.825160455432081,99.43788979948991,92,censor,7.14852840520192
MESA,0.429475103445679,79.08780907562854,81,censor,6.8993839835729
MESA,0.59613598054309,99.86997139735865,43,censor,5.97399041752224
MESA,-1.14063914526831,9.839908763018828,112,censor,6.39561943874059
MESA,-1.80753895212423,10.743130845800389,65,censor,6.88569472963724
MESA,-0.667244805165861,38.47824015893003,53,censor,6.55167693360712
MESA,-2.69795139027093,15.027292887775447,58,censor,6.34086242299795
MESA,-0.20102295768384,60.79188624689313,113,death,3.9315537303217
MESA,0.16969099727262,81.75513859529428,191,censor,8.10403832991102
MESA,0.59592588880502,99.14895364885929,42,censor,7.35660506502396
MESA,-0.459735135310579,82.4526369515865,38,censor,6.68856947296372
MESA,-0.58344409436868,45.67785614713588,178,censor,7.34017796030116
MESA,-0.83070248102552,51.733147159383755,44,censor,6.26146475017112
MESA,0.20535499269651,79.8127941420356,145,censor,7.64134154688569
MESA,-0.14640441699697,76.27239274424885,76,dementia,6.19028062970568
MESA,-0.29974627355975,49.82864780778858,181,censor,6.81998631074606
MESA,-1.98530631174175,5.879651273974553,85,censor,6.17932922655715
MESA,0.63153579735337,98.96807632039058,55,censor,7.5482546201232
MESA,-0.57656809149582,60.68430335166672,52,censor,6.4394250513347
MESA,-0.42088618435651,43.23328044207476,103,censor,7.62765229295003
MESA,-0.07912236030066,58.77541553710551,166,censor,6.36824093086927
MESA,-0.8943718972782,10.706733153230768,143,censor,6.45859000684463
MESA,-0.35314169073755,41.0099512455692,175,censor,7.57015742642026
MESA,0.0741767132693496,98.60278260844282,43,censor,7.20328542094456
MESA,0.31311273801282,67.2547627357066,67,censor,7.23887748117728
MESA,-0.78817171732816,6.309437583045316,70,death,6.15468856947296
MESA,0.11799721400475,85.22943692938841,159,censor,8.12046543463381
MESA,0.43170444523425,94.30045543782637,111,censor,7.45516769336071
MESA,-0.345403877416361,57.73440103844736,175,censor,6.12731006160164
MESA,-0.96755828909685,33.35540903553687,96,censor,7.20328542094456
MESA,0.23538169531775,84.92103391806505,123,censor,6.89390828199863
MESA,-0.0603800289395402,62.58376525904188,106,censor,7.84941820670773
MESA,0.5330678778272,91.36232806781864,41,dementia,5.89459274469541
MESA,-0.615657665160821,41.1234783135723,92,censor,7.37577002053388
MESA,-1.55626420558083,2.949899363629569,143,censor,7.60848733744011
MESA,-1.07634348007597,13.036350283885586,99,censor,6.74332648870637
MESA,-0.42015353478449,99.04545124214718,10,censor,6.39561943874059
MESA,-1.18549097080673,9.856933280185103,104,censor,6.83367556468172
MESA,0.0334519959628594,75.01138786871496,63,censor,7.71526351813826
MESA,-1.76946145367189,7.108334852863514,68,censor,7.23613963039014
MESA,-0.33495390000399,68.70421737455142,186,censor,7.61943874058864
MESA,-0.0474832354162601,71.06450776319474,99,censor,7.33196440793977
MESA,-0.364762901611,73.86986654511014,88,censor,6.7378507871321
MESA,-1.58374261019561,11.342991019212196,81,censor,7.74811772758385
MESA,-0.19499696114427,62.038933966374515,130,censor,7.35934291581109
MESA,0.19313596134855,97.39940773805667,139,censor,5.28678986995209
MESA,-0.51786694516942,44.923238093397174,181,censor,5.98767967145791
MESA,0.55242339556502,95.96660071913944,63,censor,6.63107460643395
MESA,-0.74647056197708,43.34029457707062,136,censor,6.68035592060233
MESA,-1.00500344198898,31.14087241107022,78,death,2.57905544147844
MESA,0.5553152391471,99.08381220232893,105,censor,7.41683778234086
MESA,-1.06652297132887,13.172847173378617,134,censor,6.30800821355236
MESA,-0.26249260309625,59.4778665757533,194,censor,7.42778918548939
MESA,-0.47738986406715,56.33066182370576,189,censor,7.14305270362765
MESA,0.0946460605763406,85.69330448302927,139,censor,7.39219712525667
MESA,-1.17503078882174,11.938275744076696,111,censor,6.25051334702259
MESA,-0.34384291214494,73.96530288464179,93,censor,7.66598220396988
MESA,-0.0512753033007399,66.60715414705943,122,censor,6.62012320328542
MESA,-0.34143709603544,68.18745035120439,120,censor,7.31006160164271
MESA,0.434167940226681,95.33154822134256,85,censor,7.92881587953457
MESA,-0.99924868781966,16.328758772952494,116,dementia,4.95824777549624
MESA,-0.70722376569539,19.796539335109113,141,censor,7.64955509924709
MESA,0.00526789014257,51.33721859972326,51,censor,7.60574948665298
MESA,0.5433335258222,89.7406570760486,86,censor,7.95345653661875
MESA,0.59509850785376,98.06877239299135,70,censor,7.45242984257358
MESA,-0.0519684557457296,86.59924493691031,124,censor,7.89048596851472
MESA,-1.20215451585872,26.160883884752355,51,censor,6.4394250513347
MESA,0.42559104509634,92.41497868296527,47,censor,7.33744010951403
MESA,-0.23996292005467,52.06279140600553,115,death,2.26694045174538
MESA,-1.05245021953301,22.011360303194667,162,censor,8.16153319644079
MESA,-0.68116467167971,24.46185125574434,145,censor,5.8590006844627
MESA,0.55743805571429,100.0,20,censor,6.55167693360712
MESA,-1.3860840683811,20.158705429740575,36,censor,6.20944558521561
MESA,0.86457820113698,99.57997285866585,95,censor,6.79808350444901
MESA,-0.12956549243052,58.10073081101618,134,censor,5.94661190965092
MESA,-0.57376188039293,26.797461261970113,92,dementia,5.637234770705
MESA,-0.648014960403751,44.5551645583331,62,censor,6.16563997262149
MESA,-0.63535368573624,43.184561409531334,177,censor,7.38672142368241
MESA,1.01286271603267,100.0,54,censor,7.51266255989049
MESA,-1.15027498518446,12.19137751357953,142,censor,7.24161533196441
MESA,-0.40967328814417,53.78162583539765,147,censor,6.34360027378508
MESA,-0.134840637795421,63.08900469737812,159,censor,7.7782340862423
MESA,-0.204995241496251,70.38813858995387,57,censor,6.63107460643395
MESA,-0.20987964323479,58.18017905029579,93,censor,6.36824093086927
MESA,-1.05221013776029,8.491312618966356,71,death,0.58590006844627
MESA,-0.84874397722292,16.96289231605467,64,censor,6.32717316906229
MESA,-0.22519691219693,75.90011785295843,154,dementia,2.64750171115674
MESA,-0.13685198235337,64.8942339629009,90,censor,6.55167693360712
MESA,-0.362473065511649,63.30824811051817,61,censor,7.81382614647502
MESA,-0.60405120981812,37.66680136683487,124,death,5.88090349075975
MESA,-0.88105108472134,11.67585349213418,124,censor,6.4394250513347
MESA,-0.99169921463149,19.16057757054625,116,censor,7.56194387405886
MESA,-0.12881164545279,83.91950849686057,131,death,0.878850102669405
MESA,0.0640780050325901,78.20656945749798,113,censor,7.44695414099932
MESA,-0.22662010784698,62.200924917685455,22,censor,6.42299794661191
MESA,-0.75634131102242,31.617736693704963,165,censor,7.17864476386037
MESA,-1.10048191012268,41.81195375022271,58,dementia,3.73990417522245
MESA,0.50982083349828,91.53584577375572,125,censor,7.06639288158795
MESA,-0.130553100538199,63.741707209045565,152,censor,6.32443531827515
MESA,-0.23252091258193,84.4015064280977,121,dementia,2.25325119780972
MESA,0.469865510100701,86.28757066554769,90,censor,6.85831622176591
MESA,-0.58991531440268,43.63595151438358,118,censor,6.41478439425051
MESA,-0.20786030837259,52.44777080482371,64,censor,6.35181382614647
MESA,-1.45340118813187,9.228910787352433,75,dementia,5.89733059548255
MESA,-0.57829339576706,47.79164269064485,30,censor,6.91033538672142
MESA,0.186935567156689,84.14668395289075,56,censor,7.23887748117728
MESA,-0.31918359014136,70.25002473818631,199,censor,3.23887748117728
MESA,-0.16335248915511,78.69728109127443,146,dementia,4.92265571526352
MESA,-0.83120646637006,35.94773396447204,117,censor,6.072553045859
MESA,-0.26948150313722,56.59902785342036,75,censor,7.21423682409309
MESA,0.468020655281791,84.446045132302,74,censor,6.42299794661191
MESA,0.66470943371436,95.07625409673463,67,censor,7.5482546201232
MESA,-0.58359620933081,29.209761296315225,187,censor,5.89459274469541
MESA,-0.0303369727105604,70.66098580631345,118,censor,6.3791923340178
MESA,-0.56601762710647,33.761429161422406,180,dementia,4.28199863107461
MESA,-0.50470555038614,69.43103627737236,24,censor,7.854893908282
MESA,-0.37760565122864,57.35305166432196,117,censor,7.38945927446954
MESA,-1.08997166692724,43.65529805579154,40,censor,6.43394934976044
MESA,-0.73737690635246,13.152044220661898,85,censor,7.62217659137577
MESA,-0.14749039618438,76.4552013830171,37,censor,6.69952087611225
MESA,-1.30897602408999,7.061911801873868,151,censor,6.68856947296372
MESA,0.06564337152532,83.8466192789067,201,censor,6.18206707734428
MESA,-0.29686517792252,43.48133347249376,92,censor,6.8227241615332
MESA,-1.34134438889339,39.880171305285295,31,censor,6.31622176591376
MESA,0.0109563984961099,82.0277325801099,152,censor,6.39835728952772
MESA,-0.23523450036813,34.15947559271151,62,censor,6.84188911704312
MESA,-0.771994486607571,21.5248383815618,94,censor,6.99247091033539
MESA,-0.0771183938471296,64.30076192839428,141,censor,6.51334702258727
MESA,-0.10793194162714,62.497335532934756,88,censor,6.48596851471595
MESA,-0.42108930603929,37.15459616964213,157,censor,8.12594113620808
MESA,-1.22012049563487,14.530341485209268,74,censor,6.91307323750856
MESA,0.16810660070569,89.31748933704247,65,censor,6.93771389459274
MESA,-0.73265848990937,27.654033375838424,158,censor,6.4476386036961
MESA,0.205465997278711,94.42876427673184,73,death,7.05544147843943
MESA,-0.87487696249965,22.94759695740413,135,censor,6.8227241615332
MESA,0.2131495886747,93.19364067360534,110,censor,6.95140314852841
MESA,-0.4267517668434,40.883867943184576,191,censor,6.37371663244353
MESA,0.3522289760116,92.76948649589202,114,censor,6.92676249144422
MESA,-1.1981309798107,14.650289286131933,97,censor,6.77618069815195
MESA,-0.49921319880811,20.85797912340167,63,censor,6.71868583162218
MESA,-1.76819917392824,3.688726121005645,172,censor,7.26351813826146
MESA,0.20370198444771,87.49506306607303,101,censor,7.96714579055442
MESA,0.0555932486843005,80.68403572003291,128,censor,7.69609856262834
MESA,1.36796433277684,100.0,145,censor,7.43600273785079
MESA,-1.76408812391104,8.848683858910151,96,censor,6.24503764544832
MESA,-1.06286346863229,18.589010285947296,147,death,5.9356605065024
MESA,-0.268815473624051,59.53007796768187,112,censor,6.07802874743327
MESA,-0.55921761456118,46.21466190424993,111,censor,7.06639288158795
MESA,-0.359457911390869,56.53529612172637,190,censor,7.14852840520192
MESA,-0.0587119542029797,44.513834984098345,82,death,0.506502395619439
MESA,0.54553613802464,92.9847658126055,63,censor,7.16769336071184
MESA,-0.38252377903286,65.10864550607205,73,censor,6.65023956194387
MESA,0.36024384460377,82.341666064416,99,censor,7.83846680355921
MESA,0.0894988316049101,80.88518281832793,73,censor,6.47227926078029
MESA,-1.13204770411024,26.48935786146472,59,censor,6.93771389459274
MESA,-0.55232914652958,23.759958660718098,128,censor,7.30184804928131
MESA,0.557078254126699,96.89601454080172,119,censor,6.55167693360712
MESA,-1.15231899966438,13.063135419986315,123,censor,7.24709103353867
MESA,-0.44265065732899,54.48839171608508,86,censor,6.58726899383984
MESA,-0.73453275512245,29.871482309046424,35,censor,6.2258726899384
MESA,0.39031408153519,85.11151968402005,112,censor,7.94798083504449
MESA,-1.20185249308152,18.632907251641164,123,dementia,5.44284736481862
MESA,0.14324476919329,73.67389642416693,162,censor,6.47775496235455
MESA,0.19031212690473,78.8658138883771,167,censor,7.68240930869268
MESA,-0.82587581614679,31.57514744848468,47,death,5.36892539356605
MESA,-0.32226548625902,50.27698148840507,145,censor,6.39561943874059
MESA,-0.07935490600115,67.36824361623366,145,censor,6.80082135523614
MESA,-0.44947911071105,30.080564616392472,69,censor,5.98767967145791
MESA,0.16398685526387,73.24102848406645,93,censor,7.79192334017796
MESA,-0.26030163345422,47.659621373582716,48,censor,7.01711156741958
MESA,-0.80877308319492,30.099378894604005,149,censor,7.65503080082136
MESA,-0.1868307214537,54.199551543298526,139,censor,4.64339493497604
MESA,-1.33778262089642,25.758480122709514,66,censor,7.71800136892539
MESA,-0.73684435092925,32.50077469688857,127,censor,7.57015742642026
MESA,0.0169719650758402,61.32714593165426,103,censor,6.9678302532512
MESA,-0.647932961717849,34.98186636989327,194,censor,7.06091718001369
MESA,-0.56592258761846,26.638549607479575,97,censor,7.27720739219713
MESA,-0.45393971642865,56.63903602109145,181,censor,6.45311430527036
MESA,0.58510006185285,98.22504271803558,54,censor,6.25325119780972
MESA,-0.36535531743925,67.07705051725078,77,censor,7.3347022587269
MESA,0.0486297056063805,81.69870825439602,105,censor,7.5482546201232
MESA,-1.74797692025774,2.576214504868574,191,censor,6.5160848733744
MESA,-0.54883005598447,67.69626163281833,70,censor,7.17590691307324
MESA,0.5368995770095,99.55298722476708,114,death,3.93976728268309
MESA,0.10271069747123,80.39712192638454,191,censor,7.12388774811773
MESA,-0.65999816344643,33.9481524709201,90,censor,6.66392881587953
MESA,-0.39015485599157,44.78734701231707,185,censor,6.61190965092402
MESA,0.18656429748425,79.05885282587471,136,censor,7.71800136892539
MESA,-1.41116370510507,14.468952826905781,120,censor,7.25530458590007
MESA,-0.91642534713917,19.01359651135275,157,censor,7.52087611225188
MESA,-0.43354375213192,46.29034598524504,181,censor,6.86652977412731
MESA,-0.78663415960998,23.79372730527891,190,censor,7.30184804928131
MESA,0.0900131453571404,79.69109170618049,134,censor,6.45311430527036
MESA,0.17375548118126,82.73153914597991,96,censor,6.35455167693361
MESA,-1.17050043011617,30.92432488162685,51,censor,6.72689938398357
MESA,-0.49790759125941,32.831165039627784,69,censor,6.8911704312115
MESA,-0.22032791875786,52.73651057967134,90,death,4.28747433264887
MESA,-0.8215596959326,29.799116995512524,115,censor,7.53182751540041
MESA,0.69497322521496,89.83595171735419,104,death,2.08898015058179
MESA,-0.86407256249899,30.733913930847596,168,censor,6.11088295687885
MESA,-1.06008388103354,8.236827736552069,134,censor,6.2861054072553
MESA,0.3189662252514,92.26273858345321,62,censor,7.21149897330595
MESA,0.60384766118445,97.5638459140626,161,censor,7.35660506502396
MESA,-1.09258018713436,12.37034385934644,183,censor,7.57015742642026
MESA,-1.05928391091111,15.069784450934414,113,censor,5.82340862422998
MESA,-0.74785780120912,25.533699480076645,134,censor,7.53456536618754
MESA,-0.87774787476635,14.447081999487974,99,censor,7.43874058863792
MESA,-1.07702954484347,25.4599344291174,43,censor,5.86447638603696
MESA,-1.39517117949015,15.143742138577823,73,death,5.70841889117043
MESA,-0.58951690926972,81.2229769306545,43,censor,4.10677618069815
MESA,0.0207970041826996,88.78284529820708,123,censor,7.37577002053388
MESA,0.90037231556571,99.5587223354314,99,censor,7.27446954140999
MESA,0.0688655100960503,87.83379392666951,154,censor,2.1492128678987
MESA,0.0293771489140894,73.86102465647281,123,censor,6.71868583162218
MESA,-0.11053825995921,60.85358010347953,77,censor,6.76249144421629
MESA,-0.14419974367559,77.54551146709909,90,censor,7.49897330595483
MESA,-0.57552819996669,25.89971207336048,105,censor,5.91101984941821
MESA,0.33664039874398,86.25847699784143,50,censor,7.81930184804928
MESA,-0.834569562577251,42.61666822271911,77,death,2.88843258042437
MESA,-0.78034662674148,40.41463850119183,100,dementia,5.11430527036276
MESA,-0.63836438179528,52.73562741807344,68,censor,7.11019849418207
MESA,-1.00213499220471,20.453987762657743,141,censor,7.31827515400411
MESA,0.23667123138859,81.90798952402814,82,censor,6.2861054072553
MESA,-0.64884782648904,47.413869893161625,148,censor,7.29911019849418
MESA,-0.377723252458919,77.90415952800205,20,censor,4.3668720054757
MESA,0.0932559527988801,72.18567508552664,32,censor,6.20670773442847
MESA,-0.560280211053551,54.35261476417625,80,censor,6.63107460643395
MESA,-0.53453107434578,44.3658086882964,153,censor,7.68240930869268
MESA,-0.36540646898639,51.87353773348294,192,censor,6.64476386036961
MESA,-0.24495743532939,62.71089206029767,80,censor,7.46611909650924
MESA,-0.32767365084391,69.97908693117989,47,censor,6.24503764544832
MESA,-0.49807467609205,34.744500780623326,139,censor,5.88637919233402
MESA,-0.45741868563134,25.244867008375454,96,censor,6.99247091033539
MESA,-0.30974584097081,50.54045714311347,141,censor,7.35112936344969
MESA,-0.24534814999539,77.47891164366966,134,dementia,2.31348391512663
MESA,-0.0112325613562703,90.63368771604776,104,censor,6.44216290212183
MESA,-0.71659574239459,21.92675072630735,190,censor,7.18412046543463
MESA,0.39312002390229,92.8888352706308,125,death,4.80492813141684
MESA,0.256801887200621,86.41073037285311,107,censor,7.34017796030116
MESA,0.23174190387625,83.49347712830514,129,censor,6.5242984257358
MESA,-1.53138046213162,11.082711878181321,62,dementia,5.12799452429843
MESA,-1.09386366669537,40.38962853938562,19,censor,6.79534565366188
MESA,-1.12199757654056,13.763083467986018,161,censor,7.44695414099932
MESA,-0.81194117283864,73.09866026328615,12,censor,7.29363449691992
MESA,-0.19235256606368,63.04504803476768,80,censor,6.98425735797399
MESA,-0.47965852522985,42.407058788673105,124,censor,6.79534565366188
MESA,-1.31837821618897,27.7837181974334,38,censor,6.16290212183436
MESA,-0.67353575878069,25.559010497621397,125,censor,7.08008213552361
MESA,0.46539701756829,97.66101453672789,127,censor,7.44421629021218
MESA,-0.0574468805742697,64.56153856733958,115,censor,6.95687885010267
MESA,-0.59228708851597,38.970621735796776,112,censor,6.83641341546886
MESA,-0.61059092279936,31.449467538035456,113,dementia,4.71457905544148
MESA,-1.02733554689016,19.735071709433743,43,censor,6.7460643394935
MESA,0.18021649430156,76.75256147272295,72,censor,6.28062970568104
MESA,0.12725451524331,80.77182552285879,116,censor,6.95414099931554
MESA,0.0682703711270406,76.72190923130906,166,censor,7.66050650239562
MESA,0.34702626306581,79.34428900889476,70,censor,7.20054757015743
MESA,-0.44939200009057,42.778716432302524,151,censor,8.02737850787132
MESA,-0.0549805614364203,60.76102787747209,82,censor,6.34360027378508
MESA,-0.56490323827765,18.172817858623738,57,death,5.71937029431896
MESA,-0.86964205159349,49.65035212050296,52,death,5.67008898015058
MESA,-1.21938483563941,7.033299616909326,152,censor,4.03011635865845
MESA,-0.74168979968648,60.130309903269016,22,dementia,4.42984257357974
MESA,-0.327440297605391,53.661452429740756,172,censor,6.37371663244353
MESA,0.0173863713928796,76.09955268407289,121,censor,7.4113620807666
MESA,0.178352178686301,76.0751498537927,116,censor,6.58179329226557
MESA,0.378084019652221,84.07020547557715,107,censor,7.14852840520192
MESA,-0.135122785646961,66.55810000060514,125,censor,6.12731006160164
MESA,0.51423732458446,96.62037985626425,114,censor,6.91307323750856
MESA,-0.28185556872503,55.894935023462075,96,censor,6.8993839835729
MESA,-0.775944948768981,45.26637769983001,41,censor,6.33812457221081
MESA,-0.43061740200476,39.912211922253746,64,censor,7.43052703627652
MESA,-0.2889481659734,50.72335427785244,148,censor,7.85215605749487
MESA,-0.42403473989808,40.29751042099967,131,censor,6.85284052019165
MESA,-0.630848615974099,61.523028355929426,60,censor,6.33538672142368
MESA,0.0559885226575702,76.2271381041631,64,censor,6.80082135523614
MESA,-0.0845610550017696,82.0324510089008,71,censor,5.83709787816564
MESA,-0.0951230583683596,82.73757373972985,103,censor,7.24435318275154
MESA,-0.54970398978546,36.65659622127693,203,censor,7.38398357289528
MESA,-0.26966262276943,50.74228358209984,83,censor,7.40862422997947
MESA,-0.73969651861086,36.82947442037373,80,censor,4.3750855578371
MESA,0.6538066967997,97.60562759771896,121,censor,7.29363449691992
MESA,-0.767298412564141,59.384538378879824,49,dementia,3.50992470910335
MESA,0.17525778358358,82.44981662548989,62,censor,7.72347707049966
MESA,-0.32595032117012,61.49541773633187,136,censor,7.12662559890486
MESA,0.0718605252076998,78.45074856691484,59,censor,6.26694045174538
MESA,-0.13529793363155,74.77985061070402,63,censor,6.39014373716632
MESA,0.264920492268649,96.86006108331895,179,dementia,3.1047227926078
MESA,0.81800347381411,99.97240387718564,185,censor,7.87405886379192
MESA,-0.74983529301327,29.60228134183098,142,censor,7.79466119096509
MESA,-1.00435020899414,27.189169571394984,99,censor,6.94866529774127
MESA,-1.50852868667072,4.419952983059569,154,censor,6.51334702258727
MESA,-0.71275951637295,20.819807828204592,148,censor,7.56194387405886
MESA,0.51172757833405,93.70569359263123,148,censor,7.46611909650924
MESA,-0.29636047832213,58.138478690733734,114,censor,6.77070499657769
MESA,-0.5323077995812,37.30062912882956,82,censor,6.32169746748802
MESA,0.53772207231692,92.7305164684977,167,censor,7.86858316221766
MESA,0.09170792499256,60.19356221035882,53,censor,7.87405886379192
MESA,-0.90199848880099,16.148490597690813,60,censor,6.91033538672142
MESA,0.732908368997801,93.63742263087879,87,censor,7.22245037645448
MESA,0.0768545323042105,84.27618885070038,109,censor,6.11635865845311
MESA,-0.86931749079322,21.142049708212767,80,censor,7.1813826146475
MESA,-0.40855741583322,41.532941774519664,109,censor,7.37029431895962
MESA,-1.03776275696003,30.966270987245586,51,censor,6.39835728952772
MESA,-0.64614374769776,29.336871700941728,144,censor,7.35112936344969
MESA,0.556930166637819,95.96168620252199,161,censor,7.03901437371663
MESA,-0.39151109223166,66.70068155996911,77,censor,6.34086242299795
MESA,-0.822178550748561,38.899517888680236,88,censor,6.41204654346338
MESA,-0.1723633455154,66.61335992576427,74,dementia,5.04585900068446
MESA,-0.7662908751793,14.393802840129625,98,censor,7.2662559890486
MESA,0.21353011169406,73.13899522344128,99,censor,7.59753593429158
MESA,0.26912616236025,80.20702045016698,108,censor,7.37303216974675
MESA,-1.18867568229206,10.08547988420845,135,censor,7.68240930869268
MESA,-0.53348799548906,57.14977960734985,81,censor,7.51266255989049
MESA,-1.12869818452582,20.408362465609073,66,censor,6.77618069815195
MESA,-0.36541974072912,48.7385830640163,76,censor,6.73237508555784
MESA,-0.17349447780054,62.52872891805035,82,dementia,5.85352498288843
MESA,0.0493147041101196,92.30556320084497,56,dementia,6.34633812457221
MESA,-0.78553189109228,29.001992339658546,80,censor,6.45311430527036
MESA,-0.61446706554257,52.221960562694214,75,censor,6.35181382614647
MESA,-0.57708998561591,55.39450140569843,54,censor,6.50513347022587
MESA,0.37003201543384,84.46375354277981,102,censor,6.4394250513347
MESA,-0.45799783614342,64.26575586886126,62,censor,6.4476386036961
MESA,0.22638431484912,94.72323724452998,155,censor,3.65776865160849
MESA,-0.0212872577386506,86.9750711113948,67,censor,6.92402464065708
MESA,-0.24694641644145,64.75949219697227,164,censor,5.21560574948665
MESA,-1.10602145288716,19.437292787329305,83,censor,6.42573579739904
MESA,0.53446128442818,95.39363804593752,21,censor,7.96714579055442
MESA,0.242106719871219,92.74877431956747,109,censor,7.35934291581109
MESA,-1.27783536264041,2.685685339564084,183,censor,7.1129363449692
MESA,-1.09754095063226,14.197988983159256,148,censor,7.38398357289528
MESA,-0.24885677970852,46.984715560857936,96,censor,6.74058863791923
MESA,-1.26537409619262,3.2048654511350447,51,censor,6.70773442847365
MESA,-0.30901677716087,53.359260273681635,149,censor,7.30732375085558
MESA,-0.0779014248502897,76.9754126011316,23,censor,6.11088295687885
MESA,-0.0009479621273499,66.83349948049096,118,censor,7.35660506502396
MESA,0.389131905481619,74.61046586207594,68,censor,7.00889801505818
MESA,-0.88414240787545,12.173401851294422,118,censor,6.85831622176591
MESA,-0.18388278837847,80.00827993220219,150,death,6.51334702258727
MESA,-1.22930063215153,27.951567125025633,64,censor,7.31279945242984
MESA,0.21615407248489,74.40155022115077,116,censor,7.62765229295003
MESA,-0.48049462434626,70.8145610021599,82,death,1.65366187542779
MESA,0.434370150619949,89.9624127001075,73,censor,7.53456536618754
MESA,-0.49986388972829,18.68478708921934,73,censor,7.39219712525667
MESA,0.0237356815829997,65.97575490638877,149,censor,7.28268309377139
MESA,-0.3505810978296,46.5904446223479,23,censor,6.95414099931554
MESA,0.4705365486589,94.54399015541262,102,censor,7.29911019849418
MESA,-0.0123523557175503,79.8881986549466,195,censor,6.42026009582478
MESA,0.0960977964305698,92.19914775867363,49,censor,5.90828199863107
MESA,-0.4635517091585,65.01755890499786,60,death,5.70841889117043
MESA,0.16488246321344,80.4043124643963,134,censor,7.43600273785079
MESA,0.0073540008064497,91.13444091711375,123,death,4.82683093771389
MESA,-1.38675863465457,11.418165894093297,91,censor,6.98973305954825
MESA,-0.29199097695372,60.78868162707293,154,censor,7.30184804928131
MESA,-0.97976511654148,9.305896187571554,70,censor,6.71868583162218
MESA,-0.60948409672285,34.206081048572635,151,censor,7.24161533196441
MESA,-0.566899404562091,40.14212349615248,185,censor,7.38672142368241
MESA,0.18384750603816,79.50756397627167,99,censor,6.72416153319644
MESA,1.32712865620473,100.0,60,censor,6.61190965092402
MESA,-0.29790634317518,42.645198255532264,80,censor,6.3791923340178
MESA,0.24341488828233,86.16018403132973,127,censor,7.12662559890486
MESA,-1.46605364562279,8.349809607443584,108,death,0.777549623545517
MESA,-0.25835874652569,66.29390311373592,188,censor,6.17932922655715
MESA,-0.62350252136814,28.945532838921984,100,censor,6.8145106091718
MESA,0.2579770820615,87.79033667808015,142,censor,7.10746064339494
MESA,-0.72330330867333,38.42365133567075,108,censor,5.45927446954141
MESA,-0.0554552482106601,69.46211042774017,127,dementia,1.59890485968515
MESA,0.66661298129109,91.62397667831769,102,censor,8.13415468856947
MESA,-0.44921261847397,42.48220419939579,168,censor,6.7460643394935
MESA,-0.0578056715543397,78.7065334698704,55,censor,6.60643394934976
MESA,-0.2039595395655,74.342211626062,106,censor,7.54277891854894
MESA,-1.16169470006799,55.71297734197836,25,censor,6.53524982888433
MESA,-0.90370302293089,29.915962538893712,88,censor,7.76180698151951
MESA,0.30308060626765,89.55447275630988,115,censor,7.43326488706365
MESA,-0.852586574464939,45.97140623380199,39,censor,7.25530458590007
MESA,0.55997468749857,92.92366309359964,154,censor,6.84188911704312
MESA,-0.3857977986892,52.40571215520506,25,censor,7.08829568788501
MESA,-1.20529703016396,16.345358782540487,60,censor,6.78439425051335
MESA,-1.1113689879353,17.20537260294055,72,censor,7.30732375085558
MESA,-0.87723731950938,32.455819926994266,71,censor,7.4715947980835
MESA,-0.05369821303008,60.19810158069999,70,censor,7.62217659137577
MESA,-1.0307769662171,23.612643916568423,19,censor,7.12662559890486
MESA,0.0428452381617703,80.04201587600777,135,censor,7.34017796030116
MESA,-0.88785912953406,20.901282684650436,84,censor,6.41204654346338
MESA,-0.41343256767028,53.74012598494667,54,censor,7.56741957563313
MESA,-1.37662213173619,14.581394844886413,88,censor,6.26694045174538
MESA,0.190630578157869,82.93151605140933,120,censor,7.54277891854894
MESA,0.725717044192579,96.71021816142706,108,censor,6.43394934976044
MESA,0.50269937138014,94.98595781127484,175,censor,7.06365503080082
MESA,-0.381164432023721,49.48481398838042,75,dementia,4.59137577002053
MESA,0.764438183734271,99.42914077809226,97,censor,7.60301163586585
MESA,-1.0470154351043,10.616789454597326,71,censor,6.41752224503765
MESA,0.51612725733647,88.51350547204413,133,censor,7.99726214921287
MESA,-0.68271694393219,33.09978376789225,87,censor,7.73990417522245
MESA,-0.159999203041259,86.04607019268843,102,censor,6.65297741273101
MESA,0.2357587289121,83.73952244986285,163,censor,7.4798083504449
MESA,0.56524646045437,97.73576741283692,147,censor,6.70499657768652
MESA,0.26887110157994,69.50635757084758,92,censor,7.27720739219713
MESA,-0.07786823231759,52.564602572425486,109,censor,6.26694045174538
MESA,-0.91364448544998,25.921226947928346,73,censor,6.11088295687885
MESA,-0.0867077284744894,91.24566486933624,132,death,0.446269678302533
MESA,-0.53191731764927,52.79360929347376,50,death,4.03832991101985
MESA,-0.12677950178668,63.148256590378764,107,censor,7.83025325119781
MESA,0.14954490936294,71.76006591897287,40,censor,6.24503764544832
MESA,-0.47440497466213,43.94560770492842,170,censor,7.66324435318275
MESA,0.3906300654462,82.45619795231428,104,censor,6.93497604380561
MESA,0.412986427891791,94.64647272543546,138,censor,6.86105407255305
MESA,-0.63459647151942,37.56527752634713,49,censor,7.25530458590007
MESA,-0.9727129291389,8.751395720949633,66,censor,5.78781656399726
MESA,-0.91423385631358,24.260871657432112,55,censor,7.37850787132101
MESA,-1.27617536408188,4.088777139845911,189,censor,6.07529089664613
MESA,0.0970423937099696,81.57849739225595,72,censor,6.68309377138946
MESA,-0.73687471514323,26.964380561747205,89,censor,7.71800136892539
MESA,-0.60194192978067,28.402370529474112,134,censor,7.49075975359343
MESA,-2.06337307293212,6.204109557518975,79,censor,6.39288158795346
MESA,-0.0742148984110202,88.74896960011812,68,censor,6.16837782340862
MESA,0.43494916488085,94.38587988675673,70,censor,7.83299110198494
MESA,0.0739077532188503,68.58890785806113,79,censor,7.36208076659822
MESA,-0.0786376612511702,68.60539859787878,130,censor,6.31074606433949
MESA,-0.0415099413358398,65.71747556746816,109,censor,7.43052703627652
MESA,-0.21539714656511,57.61279854947213,109,censor,7.14305270362765
MESA,-0.15519915832864,63.78756428742023,52,censor,7.21149897330595
MESA,-0.323947948046469,71.12311634691777,57,censor,6.507871321013
MESA,-0.68868396356109,26.12824236422849,195,censor,7.09103353867214
MESA,-0.56023228808583,52.32978531357908,73,censor,6.89390828199863
MESA,-0.32733066900217,69.37323793531093,124,censor,7.39767282683094
MESA,0.0481592243481302,82.07543356828157,79,censor,7.43600273785079
MESA,-0.45445501719571,54.63818947312844,58,dementia,5.59890485968515
MESA,-0.39300538232903,43.63069775575421,105,censor,7.27173169062286
MESA,0.0587757536693203,84.71450856127072,143,censor,7.61943874058864
MESA,-0.36516576423563,58.91992279824319,166,censor,2.42299794661191
MESA,-0.5821859510535,28.544716080259153,104,censor,6.03696098562628
MESA,-0.6297852296517,26.484068796364728,72,censor,6.56810403832991
MESA,0.40399232689481,91.48062620823725,94,censor,7.05270362765229
MESA,-0.30198012965537,49.89952473843002,183,censor,7.29637234770705
MESA,-0.19006395239514,56.65415889301872,77,censor,6.41204654346338
MESA,-0.0759478459847799,90.72104530741113,114,censor,7.35386721423682
MESA,-0.73243091665898,38.57188540594107,118,censor,6.75975359342916
MESA,-0.27132920411615,52.71647275008678,61,censor,5.85626283367557
MESA,-1.66469646736412,8.823470315553973,51,censor,6.46954140999316
MESA,-0.42250691592542,46.13177068841879,69,censor,6.43121149897331
MESA,0.10926840374077,75.1963090066654,135,censor,6.31622176591376
MESA,-0.2782764244566,59.702321148455574,79,censor,7.11019849418207
MESA,-0.80601754387715,49.505187452407654,37,censor,6.40657084188912
MESA,0.15840804761858,86.57664935181714,138,censor,7.4880219028063
MESA,-0.53321614124628,60.80657335779413,40,death,6.18480492813142
MESA,0.222562671588349,77.40005602943388,46,censor,6.70225872689938
MESA,-1.1039539218309,11.551799145880535,176,censor,6.072553045859
MESA,0.31986186788418,98.03051984439418,79,censor,6.13004791238877
MESA,-1.09565993893893,18.478349237936317,98,censor,6.90212183436003
MESA,-0.53941142875349,58.59615807700227,49,dementia,4.23271731690623
MESA,-0.928618879813569,11.366839382899721,74,censor,6.32717316906229
MESA,0.26817851489095,78.94220088762826,32,censor,6.42573579739904
MESA,-0.382541966015199,54.62965984234376,81,censor,7.66598220396988
MESA,-1.20743114210775,5.137928967658007,135,death,0.49555099247091
MESA,-0.0357141630459907,54.95521924848201,122,censor,6.71868583162218
MESA,-0.5745319970003,45.95195576034741,141,censor,5.52498288843258
MESA,-0.56783546100131,41.775990063977005,157,dementia,5.23477070499658
MESA,-0.92733508924381,49.136528740196106,47,death,2.75975359342916
MESA,-1.06148040862088,9.78426839825778,118,censor,7.25530458590007
MESA,0.0869048894086006,82.6049129933395,161,censor,7.20054757015743
MESA,-0.70268316298308,82.28354443937769,17,death,2.21218343600274
MESA,-0.90662430719706,12.046561549147476,66,censor,6.52703627652293
MESA,-0.50207915283536,40.966435492332444,58,censor,6.67214236824093
MESA,-0.16783793647151,40.41562301084745,109,censor,7.30184804928131
MESA,-0.28236946919227,59.06015359587221,124,death,5.80971937029432
MESA,-1.14209274755173,11.319174375456196,52,censor,6.85831622176591
MESA,-0.44808190047402,42.519034280162614,108,censor,5.91649555099247
MESA,-1.09807591021674,27.280564298664267,89,censor,7.33744010951403
MESA,-0.52912257906672,48.902845337919786,109,censor,7.20328542094456
MESA,-1.09638220275046,21.8095754283351,54,censor,6.09445585215606
MESA,-0.23259910807796,93.53159283138827,42,censor,7.58110882956879
MESA,-0.34517819320172,58.59670903395818,181,censor,6.5927446954141
MESA,-2.46155586528264,0.0,95,censor,6.18754277891855
MESA,-0.44893851094708,47.182251242371315,107,censor,7.46611909650924
MESA,1.29012834050989,98.53240900284327,72,censor,7.08008213552361
MESA,-1.71329787544598,6.979558786805052,68,censor,6.79534565366188
MESA,-0.63713149072976,65.8052782982329,63,censor,0.936344969199179
MESA,-0.700438097086641,37.507034425536915,120,censor,7.7782340862423
MESA,-0.0757392043200795,84.3229588242791,97,censor,7.63860369609856
MESA,0.17318972977501,76.73809651680033,61,censor,6.09171800136893
MESA,-0.52386794501399,53.66119844105046,150,censor,6.66666666666667
MESA,-1.54070317535985,17.22719477534443,64,death,5.60985626283368
MESA,0.52867311827429,99.25180608505046,111,censor,7.60848733744011
MESA,-0.61112286267485,40.3109952796332,69,censor,6.16563997262149
MESA,-1.28792668756289,33.77866609876879,21,censor,7.5482546201232
MESA,-1.02007341579146,44.20842786293856,49,dementia,6.00684462696783
MESA,0.0391718716113701,92.01338473912347,139,censor,6.78165639972621
MESA,-0.151759062550251,69.13109146405515,50,censor,7.60301163586585
MESA,-0.74576524196039,66.7641802600068,38,death,0.725530458590007
MESA,-0.0286616315925897,64.28145567005166,15,censor,6.91033538672142
MESA,-0.0806111539232006,62.72139615130879,140,censor,6.53251197809719
MESA,-0.68572052785814,27.2136524922233,109,censor,6.83915126625599
MESA,0.26243540588396,81.6495884522945,174,censor,7.4880219028063
MESA,0.0417101116535299,73.09587334589655,117,censor,7.06913073237509
MESA,0.27750934074741,86.98266596226317,47,censor,6.91854893908282
MESA,-0.17734630325602,43.12765308480916,69,censor,6.64202600958248
MESA,-1.22626221269539,17.081913535453022,89,censor,6.89664613278576
MESA,-0.44228585144166,37.973140707124024,177,censor,8.04654346338125
MESA,0.0177403185774594,69.04615328848604,175,dementia,5.28678986995209
MESA,-0.3153075056136,69.83932016199951,206,censor,7.2580424366872
MESA,-0.43825823839679,43.010327952503296,79,censor,6.42026009582478
MESA,-0.74416792738336,23.269669102655946,177,censor,7.65776865160849
MESA,-0.40654028750783,49.260115879976794,171,censor,7.76180698151951
MESA,-0.84030497042955,20.237079808277052,65,censor,7.05544147843943
MESA,-0.0982490407938499,52.29123743246481,141,censor,6.23408624229979
MESA,-1.6456832083466,6.109297544226174,111,censor,6.21492128678987
MESA,-0.7351732045532,17.789702136621905,49,censor,7.69609856262834
MESA,-0.26982612706427,76.43598089316932,164,dementia,5.76043805612594
MESA,-0.44089479749385,52.03092008445133,165,censor,7.90965092402464
MESA,-0.06423177249753,58.9350121227206,85,censor,7.43600273785079
MESA,0.60507496358599,97.32215500268097,197,censor,7.39767282683094
MESA,0.35754579266989,75.37145173497908,95,censor,5.90006844626968
MESA,0.43039788876887,96.12999245078521,63,censor,5.19917864476386
MESA,-0.427633706376,72.53475372332178,87,censor,3.40588637919233
MESA,-1.2296779294641,9.506600651801534,87,censor,7.4880219028063
MESA,0.55663129100122,94.4173242119241,47,censor,6.43668720054757
MESA,-0.36879470245889,36.10672484998032,68,censor,6.46954140999316
MESA,1.06934309506214,100.0,141,censor,5.72210814510609
MESA,-0.5126325768935,88.3337238136084,44,death,4.55578370978782
MESA,0.81009235482763,98.47820505863916,147,dementia,4.81587953456537
MESA,-0.95640736773712,19.473733202973435,139,death,3.84394250513347
MESA,-0.81998046866429,16.452114585878064,134,censor,6.22861054072553
MESA,-0.30983187414714,59.6981272953906,79,censor,6.59000684462697
MESA,-0.13587002125155,73.13434088092114,127,censor,7.22245037645448
MESA,0.0948969289188902,76.49253445693343,69,censor,7.02532511978097
MESA,-0.0007742503580196,60.94823295555611,123,censor,7.61670088980151
MESA,0.305476764280699,90.74918924453591,98,censor,7.5564681724846
MESA,-1.2132254486108,12.327252547792876,127,censor,6.98699520876112
MESA,-0.979499968027331,32.697602240608695,99,censor,6.86105407255305
MESA,-0.99961784210857,22.052297221427267,112,death,6.68856947296372
MESA,0.0895588573575594,91.00838681167996,61,death,5.7138945927447
MESA,-0.4853264377903,65.72718750767774,101,censor,7.51540041067762
MESA,0.0460818728906901,70.09094276672646,95,censor,6.45037645448323
MESA,-0.0027641941174195,73.57916974643366,75,censor,7.16769336071184
MESA,-0.78020419063476,53.84914529624833,58,death,5.21834360027379
MESA,0.0095120128552196,88.66428260370682,154,censor,7.25256673511294
MESA,-1.54905119081372,3.889637294755569,157,censor,7.08008213552361
MESA,-0.44044780655886,43.2574952876528,90,censor,6.75975359342916
MESA,0.454057088745159,88.7791533380847,96,death,1.44832306639288
MESA,-0.40581384338357,37.52555258940091,142,censor,6.79808350444901
MESA,0.203443779620061,90.74209782420905,148,censor,7.30732375085558
MESA,-0.210444963346541,68.72486935889934,72,censor,7.08829568788501
MESA,-0.54177357602407,32.76438995173233,147,censor,6.56810403832991
MESA,-0.87843204721303,17.02443843897778,162,censor,8.0684462696783
MESA,-1.18526260123725,10.224403538572998,132,censor,7.88774811772758
MESA,0.11232581370403,71.13553665246314,132,dementia,4.63791923340178
MESA,-0.21385782597314,88.7191142511308,42,death,2.362765229295
MESA,0.14929180909631,80.19856911749993,132,censor,6.45037645448323
MESA,-0.20611983336736,59.63993964471627,179,censor,6.43668720054757
MESA,-1.35866907183358,11.218622843951879,108,censor,6.54893908281999
MESA,-1.91020894090291,17.953810292857273,29,censor,5.95756331279945
MESA,-0.2602790543442,57.97054148088237,65,dementia,0.602327173169062
MESA,-1.45766334543792,14.895363630031772,67,dementia,5.61259411362081
MESA,-0.75270453784232,54.593949737746584,41,censor,7.43600273785079
MESA,-0.0262116941812707,82.12046360796785,151,censor,7.41957563312799
MESA,-0.23261031219254,61.194281467200625,54,censor,7.14031485284052
MESA,-0.02907086088575,92.45151460358039,50,dementia,4.39151266255989
MESA,1.02703389687401,98.93848734719923,113,censor,6.70773442847365
MESA,-1.93215690794604,0.0,43,censor,5.01026694045175
MESA,0.28213939727124,87.70978371982669,198,censor,8.0684462696783
MESA,-0.45977695178702,13.196244852644773,88,censor,6.09445585215606
MESA,0.14998972979878,88.86322102808009,136,censor,7.04175222450376
MESA,-0.46453964418647,41.57893280201311,111,censor,7.74811772758385
MESA,0.0487603939000103,53.555903473151005,57,censor,7.23613963039014
MESA,-0.93407637546664,31.858921500378575,77,death,0.862422997946612
MESA,-0.104177231941441,66.58699441699947,154,censor,6.45037645448323
MESA,-1.04136705914815,13.165801331320003,196,dementia,2.80355920602327
MESA,-0.27714246843708,45.02081371333942,72,censor,7.51266255989049
MESA,-0.84250569469156,12.832187037497716,95,censor,7.12388774811773
MESA,-0.42391870480343,53.34966275453195,184,censor,7.41409993155373
MESA,-0.29651092134085,89.21459644267586,21,death,5.81245722108145
MESA,-0.65415974649324,29.368614143116318,192,censor,6.84188911704312
MESA,-0.51399217438033,35.955433293310016,40,censor,7.58932238193018
MESA,-0.41050559104766,28.55977454941747,86,censor,4.30116358658453
MESA,-0.30583494772837,87.359475610446,25,censor,6.40109514031485
MESA,-0.88968891557951,13.826486277469217,180,censor,7.83572895277207
MESA,-0.19112673124634,63.11159473550816,20,censor,7.43600273785079
MESA,-0.47637065288309,45.04739659806886,80,censor,6.34360027378508
MESA,-0.71402446689174,34.620354785002064,175,censor,6.98973305954825
MESA,-0.38570242548037,47.536985384041095,177,censor,7.59206023271732
MESA,0.14511825428402,79.47945388404695,186,censor,7.06639288158795
MESA,0.0693804365363405,97.51991606287615,61,censor,7.60574948665298
MESA,-0.4841947218134,35.356151128587435,167,censor,5.91649555099247
MESA,0.0209646299182694,73.41875964857054,136,censor,6.55989048596851
MESA,0.883810024897331,99.89925734378063,106,censor,6.94045174537988
MESA,-0.14833945045024,78.7817767816324,54,censor,7.35660506502396
MESA,-0.86773167962332,34.94554668916317,82,censor,7.1813826146475
MESA,1.04873056111674,100.0,42,censor,6.5160848733744
MESA,-0.87867987791137,16.511149322993987,75,censor,5.96577686516085
MESA,0.26026722235188,78.10327291995665,128,censor,6.2861054072553
MESA,-0.35334454640665,49.84071473989422,80,censor,6.507871321013
MESA,-0.73280241908711,30.454786527408416,123,censor,6.94866529774127
MESA,-0.47634054485352,60.57523192902363,164,censor,7.23613963039014
MESA,-0.6208538505481,22.277855043746825,149,censor,7.91512662559891
MESA,-0.10293374017897,64.60708998959781,54,censor,6.98699520876112
MESA,0.661740444530631,95.04075836889245,79,censor,7.58932238193018
MESA,-0.28696240824981,48.55474905245621,107,censor,6.05065023956194
MESA,-0.965175876524739,36.810678108875734,86,censor,6.30527036276523
MESA,-0.20724461936042,41.31577004535611,64,censor,7.70431211498973
MESA,-0.41431553071308,51.04515295390761,59,censor,6.6776180698152
MESA,-0.26858542646863,57.24967896088068,94,censor,6.35455167693361
MESA,-0.0398540458584606,66.53850172805012,91,censor,7.42778918548939
MESA,-0.17764971587998,63.90080037254199,45,censor,7.08829568788501
MESA,-0.48475725613573,57.07516743350497,170,censor,7.69883641341547
MESA,-0.0122649154334994,66.3585649700209,144,censor,6.13004791238877
MESA,-0.579220908069669,35.41972466147525,143,censor,5.86173853524983
MESA,-0.17765447089561,73.73618086222015,57,censor,7.30458590006845
MESA,-0.73503488510469,23.323168875611998,132,censor,6.8062970568104
MESA,-2.12799636379513,6.29651477906041,98,censor,7.10198494182067
MESA,-0.98570642294562,12.287064447868335,102,censor,6.362765229295
MESA,0.0115900942729198,75.99298208699415,75,death,2.26694045174538
MESA,-0.0766334256800299,62.10204035799655,117,censor,6.62286105407255
MESA,0.57183652741883,96.64239872236558,197,censor,6.75975359342916
MESA,0.0608885460723201,67.82663750919595,122,censor,6.44490075290897
MESA,-0.52887535105066,30.196527362547833,60,censor,6.27515400410678
MESA,-0.45389143576848,42.26895021730751,134,death,2.35181382614648
MESA,0.48176273478472,89.2798607670142,84,death,3.40041067761807
MESA,0.0738256168263902,63.22301850316468,75,censor,7.08281998631075
MESA,-0.32926482401412,50.09848030173232,95,censor,6.46954140999316
MESA,0.0551218272028507,81.84622868501674,127,censor,7.40862422997947
MESA,-1.04640031700608,28.483906853393552,65,censor,7.61122518822724
MESA,-0.34678280385647,52.069743200075706,121,censor,6.84188911704312
MESA,-0.98841911089027,11.67227858741236,176,censor,6.50239561943874
MESA,0.17495620788532,65.63403596587108,64,censor,5.86995208761123
MESA,-1.12265815039161,21.51070075677901,69,censor,6.87748117727584
MESA,-1.15411073315885,9.914166781500846,176,censor,3.93702943189596
MESA,-0.4779725757405,57.05171411921057,132,censor,6.66666666666667
MESA,-1.0787547456409,40.042663267048646,42,death,0.92539356605065
MESA,-0.58278319001828,25.859252552180706,76,censor,7.1047227926078
MESA,-0.81663096071765,24.627596048116843,66,censor,6.85831622176591
MESA,-0.51300055012145,34.35239227586975,114,censor,6.62286105407255
MESA,0.958136535877731,99.80369919806496,149,death,1.63997262149213
MESA,-0.18735359960541,87.23472093773293,129,censor,7.6249144421629
MESA,-0.3762936749044,51.66504288724441,182,censor,5.61806981519507
MESA,0.40824323840462,83.68858490767072,43,censor,6.4394250513347
MESA,-0.39838372736995,35.50331753728141,119,censor,6.68856947296372
MESA,-0.1633137782324,58.92040062939942,61,censor,6.42299794661191
MESA,-0.14945584138219,62.710432738866224,72,censor,7.19780971937029
MESA,-0.80911555945959,15.273508028291058,189,censor,8.15605749486653
MESA,-0.0814370606361393,70.51927918055908,158,censor,7.52635181382615
MESA,0.0466409848169505,89.98491423885439,105,censor,7.50444900752909
MESA,0.0245605309728205,76.99471273711364,136,dementia,4.4435318275154
MESA,0.24569389438003,91.58485998797525,95,censor,2.86105407255305
MESA,0.134764530723611,94.21366342023828,111,censor,6.89390828199863
MESA,-0.38175105075594,66.32444503955692,89,censor,5.79055441478439
MESA,-1.20989926441579,6.199828981942771,68,censor,6.68856947296372
MESA,-0.47233720296219,44.94771673874785,202,censor,7.39493497604381
MESA,-1.52981314633754,7.670150806487125,102,censor,4.9719370294319
MESA,-0.10448616643807,51.453024349878184,80,censor,7.23066392881588
MESA,0.13421955820105,72.13505067611385,107,censor,7.21971252566735
MESA,0.18507048775282,82.24958721606987,87,censor,6.43394934976044
MESA,-0.66270613722548,39.23807097395574,53,censor,7.12662559890486
MESA,-0.59364477801566,65.37293834709071,49,death,5.09787816563997
MESA,-0.0252714624111704,76.4828860593129,130,censor,7.14579055441478
MESA,-0.40744134447565,44.215962302141584,153,censor,7.04996577686516
MESA,0.1030132001172,82.80830451699318,46,censor,6.93771389459274
MESA,0.398843264697651,97.31529093779118,16,censor,7.71252566735113
MESA,-0.54896140379726,28.641360287476335,75,censor,5.86721423682409
MESA,-0.0139416679702506,76.426057332011,81,censor,6.32169746748802
MESA,0.654705948437859,85.51152606735228,60,censor,7.51540041067762
MESA,-0.37872541170068,42.832115103622385,132,censor,3.91786447638604
MESA,-0.35212891081851,60.637654384338184,110,censor,6.78165639972621
MESA,-0.43836333263306,67.54961509527102,36,censor,4.67898699520876
MESA,-0.0556192598543802,67.03561698799405,45,censor,7.27173169062286
MESA,-0.61615951197968,24.653496905030284,102,censor,6.97604380561259
MESA,-0.73705518474337,53.39187643573452,105,death,6.58726899383984
MESA,-0.12375719902579,77.84831061341154,73,censor,6.72416153319644
MESA,0.0643813688434193,77.58971037203752,181,censor,7.06639288158795
MESA,-0.60975026857679,12.449887760354333,51,censor,6.34633812457221
MESA,-0.77614909924249,44.25011591392313,32,censor,6.74332648870637
MESA,-0.1772997226426,73.23033978913712,113,censor,6.40109514031485
MESA,0.42509342525782,92.34007014407042,172,censor,6.89390828199863
MESA,-0.18092856816161,70.8081200201422,56,dementia,5.91649555099247
MESA,-0.481011792317091,62.16859864540478,109,censor,7.19507186858316
MESA,0.18836800007808,76.20737807975397,60,censor,6.87748117727584
MESA,-1.24565470829289,5.6195847976543645,135,censor,7.19233401779603
MESA,-0.67113601745965,28.822157550650697,54,censor,6.77618069815195
MESA,-0.851751592921271,24.713619408311832,109,censor,6.39835728952772
MESA,-0.38617849967393,38.59034101624029,127,censor,6.25051334702259
MESA,-0.41481382662147,46.296172978147666,105,censor,6.75701574264203
MESA,-0.0273629678408199,81.01847030509266,72,censor,7.14579055441478
MESA,-0.85263782651319,12.872228307503791,180,censor,7.35660506502396
MESA,-1.41243976844072,13.7665260962882,112,censor,7.11019849418207
MESA,0.0060315394031903,73.11822600592782,115,censor,7.53730321697468
MESA,-0.81084446944454,23.33668258087956,67,censor,6.02874743326489
MESA,-0.95968755611857,2.8370543468029346,38,censor,6.93497604380561
MESA,-0.492662121075401,45.55287452115045,190,censor,6.39014373716632
MESA,-0.22887125866959,45.917027964259304,76,censor,7.21423682409309
MESA,-0.0752870914336498,80.87591576112841,95,censor,7.08829568788501
MESA,0.17438116205862,89.40984982354205,131,death,4.81587953456537
MESA,-0.28049030411927,63.848223889036,109,censor,7.34017796030116
MESA,-0.25127570877926,50.40364134719027,179,censor,7.43326488706365
MESA,-0.94338565361731,23.80657075081988,103,censor,6.3025325119781
MESA,0.60280759516817,92.01609283880926,106,censor,7.44147843942505
MESA,-0.92028227728491,18.399193486861932,148,censor,6.63381245722108
MESA,-0.33566275542079,94.26264594328251,27,censor,5.58247775496235
MESA,-1.02645884972686,25.29977052090563,175,censor,6.07529089664613
MESA,-1.05753677465286,21.347638628619038,154,censor,6.18206707734428
MESA,-1.27387641543245,14.48466618638437,107,censor,7.85763175906913
MESA,-0.3571834553484,50.25841094213791,100,censor,6.81724845995893
MESA,0.5104383378367,86.46718648386855,82,censor,7.66598220396988
MESA,0.66231752880966,95.59166985412094,92,censor,7.79739904175222
MESA,0.142474319971861,79.47101984001107,184,censor,7.43600273785079
MESA,0.44554240705794,90.42570968491272,179,censor,7.66324435318275
MESA,0.77744030620371,98.6040999203346,51,dementia,5.99315537303217
MESA,-1.2109161734145,29.245841776263177,53,censor,7.91238877481177
MESA,-0.54780949270287,35.05533752646197,35,censor,7.27446954140999
MESA,-0.29574140135866,51.27554313019377,142,censor,7.20328542094456
MESA,-1.24461833664794,15.646848778588913,72,censor,6.72963723477071
MESA,0.0265624664229605,91.15989682922404,44,death,2.82819986310746
MESA,0.0423003159903999,61.88727914711394,92,censor,7.44695414099932
MESA,-1.09036923826793,19.181840338620923,91,censor,5.38261464750171
MESA,-0.9838013779087,12.001395281183397,80,censor,6.62286105407255
MESA,-0.48986059618946,30.1108744925108,143,censor,7.60301163586585
MESA,0.76564017500623,95.69882834886008,96,censor,6.6611909650924
MESA,-1.09483285426164,7.409435349172899,192,censor,7.20602327173169
MESA,-0.22167084353433,54.88100457355305,91,death,5.63997262149213
MESA,-0.87948913344954,45.27395806645085,67,censor,6.12731006160164
MESA,0.18764208254364,86.7557577259284,112,censor,6.6694045174538
MESA,-0.74761909365117,31.261200586631393,75,censor,6.08350444900753
MESA,-0.6603601014613,20.614030535689132,149,censor,6.17111567419576
MESA,-0.133499313970469,67.8345668709501,151,censor,7.08555783709788
MESA,-0.44040733875301,46.02650658575209,74,censor,6.39835728952772
MESA,0.305384240902799,89.42468410831313,134,censor,6.97604380561259
MESA,-1.42445595489889,24.99782369550385,24,death,4.84873374401095
MESA,-0.479471232333471,77.23975642089518,40,death,6.48323066392882
MESA,0.23882542838372,84.82521242539082,48,censor,5.15811088295688
MESA,-1.00550024876475,15.537670511126981,43,censor,6.65023956194387
MESA,0.0187830118770805,87.28212312171001,124,dementia,4.40246406570842
MESA,0.18944719675506,92.86046201337608,70,censor,7.43600273785079
MESA,-0.17394765041897,65.82082081532077,96,death,4.83504449007529
MESA,-0.559882372751019,67.04656993047294,47,censor,6.33538672142368
MESA,-0.880211759608091,27.698289266951647,106,dementia,6.36550308008214
MESA,0.70481273476123,90.19538798964301,60,censor,7.66324435318275
MESA,-0.42772549869147,69.11272857901744,97,dementia,5.18001368925394
MESA,-0.33744892716759,52.97728137140431,141,death,4.54483230663929
MESA,-1.26297700976448,19.945212753852868,42,dementia,5.96577686516085
MESA,0.28504150921474,79.77462269914516,141,censor,7.21697467488022
MESA,-0.77696865876475,42.08139259053043,78,dementia,0.0136892539356605
MESA,0.25004590763935,81.6092736815383,112,death,3.4880219028063
MESA,-0.46039093701838,46.20258639584183,143,censor,7.54551676933607
MESA,-0.42714937091723,41.304389580283114,154,censor,7.38672142368241
MESA,-0.69094869832938,26.57956536931864,141,censor,6.29705681040383
MESA,0.0126446002802893,52.66683910060476,70,censor,6.47775496235455
MESA,0.36814271936724,88.16858887962402,152,censor,6.91581108829569
MESA,0.0005411649985596,84.4081907603511,22,censor,5.96303901437372
MESA,-0.791372434284921,40.21627833184764,102,dementia,6.20670773442847
MESA,-0.90984978535832,36.03529897121527,46,censor,7.54551676933607
MESA,-1.33687410504191,7.131846480353863,130,censor,7.83846680355921
MESA,-0.05607953603906,79.07904504811243,179,censor,6.93223819301848
MESA,0.35954473598133,89.18514767104173,104,censor,7.15400410677618
MESA,0.75433026340043,98.24309493561435,51,censor,5.83162217659138
MESA,-1.2365888570703,9.804371976825161,131,censor,6.85831622176591
MESA,-0.18821027292758,56.249063803560745,158,censor,6.83093771389459
MESA,-0.45082465045533,34.72402236944464,123,censor,6.87474332648871
MESA,-0.0957736773150302,53.586106143740125,93,censor,7.26899383983573
MESA,-0.12201561911013,66.27152872142838,186,censor,6.61190965092402
MESA,-0.48175095761827,45.61879703942542,72,censor,7.6249144421629
MESA,-0.0283500972023503,80.21323748261207,109,censor,6.9678302532512
MESA,0.09042162817764,78.99445213082285,83,censor,6.5242984257358
MESA,0.31675197084337,82.6321255394023,80,censor,6.76522929500342
MESA,-0.78787409940138,38.747623436307855,88,censor,6.53798767967146
MESA,-0.35977271210793,67.2008014188265,121,censor,7.39767282683094
MESA,-0.4818937884218,42.964470966447024,81,censor,6.89390828199863
MESA,-0.27172636427152,75.33148952670037,60,censor,7.03080082135524
MESA,0.0384016963782699,89.9028712199436,158,dementia,6.40109514031485
MESA,-0.71474402747287,27.73875006784367,171,death,1.34154688569473
MESA,-2.08967260451642,6.494205083439764,87,censor,6.74058863791923
MESA,-0.834539462817629,34.00345224765938,145,dementia,4.61601642710472
MESA,-2.56221237891971,3.653932649021515,142,censor,7.60301163586585
MESA,0.37328698965543,79.17765799276685,42,death,5.68925393566051
MESA,-0.0469780365365395,74.3313059293497,82,censor,6.13826146475017
MESA,-1.21303350558272,13.881986240609972,96,censor,7.29911019849418
MESA,0.197420741253261,90.60404871401904,149,censor,7.31279945242984
MESA,-1.01937273333764,24.89754125251345,55,censor,7.62217659137577
MESA,-0.4425508116312,64.45238657152277,116,death,3.75906913073237
MESA,-0.75736558241953,51.61125005357844,85,censor,0.186173853524983
MESA,-0.0116709245577198,66.8947885052159,89,censor,6.25598904859685
MESA,-0.79956041294404,23.54105845407774,88,censor,6.48596851471595
MESA,-0.3656257082247,45.987437800769214,153,censor,7.07460643394935
MESA,0.66467351276696,95.44775019781015,102,censor,7.5482546201232
MESA,0.43296202254796,89.71974936045629,160,censor,7.47707049965777
MESA,-0.0629410253894299,60.14474731512284,78,censor,6.99247091033539
MESA,-0.89462956970889,39.88437839942261,79,censor,6.55441478439425
MESA,-0.08999791291224,49.00125048400029,30,censor,6.34360027378508
MESA,-0.52098142058042,32.00775506681889,82,death,6.41752224503765
MESA,-0.40065398654132,47.30327910376825,68,death,0.306639288158795
MESA,0.35086793278765,95.6863198690305,65,censor,6.362765229295
MESA,-0.32229726522479,75.4471863982018,12,death,3.76180698151951
MESA,-0.64697174983808,38.381414609476614,151,censor,7.60301163586585
MESA,-0.638982911935869,50.20109168512883,156,death,1.56605065023956
MESA,-0.0301728781100096,65.5199800793991,49,censor,7.23613963039014
MESA,-0.68812769422252,26.336971862473934,74,censor,7.57837097878166
MESA,0.0056015037367401,63.46391087841019,80,censor,7.55099247091034
MESA,-1.35211356692695,13.149267907377979,86,death,3.09377138945927
MESA,0.0365263668281997,80.42023555955974,65,censor,6.49418206707734
MESA,-0.00513463635125,68.3683403758403,84,censor,5.74948665297741
MESA,0.20509059891556,97.69082283918362,49,censor,6.45037645448323
MESA,0.81991481471272,93.50869977482729,66,censor,6.24229979466119
MESA,-0.434822080941279,42.391650947854515,120,censor,7.20328542094456
MESA,0.0478331668160095,78.84136341312417,64,censor,6.26146475017112
MESA,-0.54018843310553,35.47338771519054,82,censor,6.4394250513347
MESA,-0.25506295316316,58.64811844867637,103,censor,7.71800136892539
MESA,-2.16951810703472,7.74302004548138,62,censor,7.31553730321698
MESA,0.05142670578458,78.38854821916095,146,censor,6.63928815879535
MESA,0.0755632200651696,69.87745051807627,104,censor,6.54893908281999
MESA,-1.57389314304832,5.5928703646848,123,censor,7.60027378507871
MESA,-0.27101562994381,83.22332209629445,92,censor,7.20054757015743
MESA,-0.4189796243847,64.89016251499012,80,censor,6.28336755646817
MESA,-0.35088162817215,44.918338958913935,158,death,6.63107460643395
MESA,0.59733173785024,98.56694993738374,75,death,2.42026009582478
MESA,-1.00953731179082,7.489970104990765,85,censor,6.75975359342916
MESA,-0.45441086926402,32.51431233940175,99,censor,6.04791238877481
MESA,-0.82769969923569,11.689072526305662,104,censor,7.32922655715264
MESA,0.20311710222491,68.99385327602717,73,censor,6.64750171115674
MESA,-0.41948256388733,86.91306809727101,70,death,4.52566735112936
MESA,-0.0529844853300901,68.9533494778014,151,censor,7.34839151266256
MESA,0.39577841739128,94.84224333562874,175,death,4.39972621492129
MESA,-0.17550564298487,54.908810682571364,86,censor,6.64750171115674
MESA,0.400462600841701,80.25512358974053,74,censor,6.24503764544832
MESA,-1.22685303071038,47.63841761853342,35,death,5.95482546201232
MESA,-0.615592498136419,38.75787685999268,78,censor,7.76454483230664
MESA,0.03296987083787,49.36721848196163,49,censor,5.73305954825462
MESA,-1.54973544319867,21.75381559847152,30,censor,6.76522929500342
MESA,-1.1916670811664,7.879462399677207,207,censor,7.51813826146475
MESA,-1.29036022284747,12.96527563797635,49,censor,7.9315537303217
MESA,-0.52509411878952,37.5389240142167,20,censor,5.67008898015058
MESA,-1.15194477052916,14.319398322444988,137,censor,7.64134154688569
MESA,-0.59227154258468,76.7496194790753,44,dementia,4.25735797399042
MESA,-1.08678426528792,6.898329276214181,169,censor,8.0684462696783
MESA,0.78659985142865,94.80605710737815,87,censor,7.564681724846
MESA,0.0414437707403501,71.3992617894216,181,censor,7.53730321697468
MESA,-0.65339552933918,36.36770420728603,95,censor,7.50718685831622
MESA,-1.57255456862133,6.854831971459903,85,censor,6.93497604380561
MESA,-0.625507785343601,29.30392856461774,102,censor,7.34565366187543
MESA,0.0596358308737997,71.29886995371707,116,censor,6.41752224503765
MESA,-1.06046685255746,20.278436823798774,118,censor,6.51060917180014
MESA,-0.301843821226581,56.659829886941836,191,dementia,4.46817248459959
MESA,-0.0855961695946696,63.64203849397787,184,censor,8.04654346338125
MESA,-0.27180847419985,53.11019942800827,88,censor,2.87474332648871
MESA,-0.64090229033713,39.99398089110961,72,censor,7.07186858316222
MESA,0.0555927648669694,82.3843077354298,74,dementia,4.1533196440794
MrOS,-0.24187387387329,41.974426941571366,819,death,9.61917808219178
MrOS,-0.6461604642414,11.816244556981195,647,censor,10.2821917808219
MrOS,-0.3491088595722,35.82451695795603,1166,death,10.1643835616438
MrOS,0.67147499637841,93.78080651208191,803,censor,9.97808219178082
MrOS,0.0464738839643701,70.3769499579631,573,death,7.7972602739726
MrOS,-0.40937947007976,23.21056411597249,846,censor,10.7068493150685
MrOS,-0.81429579702757,12.234923343837641,1113,censor,10.3753424657534
MrOS,-1.47010809561636,1.5313088926189893,944,censor,10.2438356164384
MrOS,-0.647356039584611,22.432892629741346,1049,censor,10.213698630137
MrOS,-0.0978947995179794,51.540981329370034,705,death,8.43835616438356
MrOS,-0.20412385071391,53.02222436792534,1064,censor,9.87671232876712
MrOS,-0.23142072153536,37.494437298279905,1050,censor,11.5835616438356
MrOS,-1.31437735928853,2.472895565940747,360,censor,10.3397260273973
MrOS,-0.304881081997149,38.990652900025346,787,dementia,1.14246575342466
MrOS,-0.17734209202074,40.94060906613147,946,censor,10.5424657534247
MrOS,-0.78650820381077,11.698392301854337,1097,censor,10.4684931506849
MrOS,0.0494153365051005,61.10390514366435,310,censor,10.8356164383562
MrOS,-0.75385872280994,26.581287870912536,484,dementia,3.18630136986301
MrOS,0.32603106234737,79.68733806538063,755,death,9.21917808219178
MrOS,-0.87427364374158,8.994026882706928,905,censor,10.5068493150685
MrOS,0.176878874115231,64.92990229087093,153,censor,9.8
MrOS,-1.05626887569005,6.5123700623215415,1107,death,10.1287671232877
MrOS,-1.03370220727311,6.270761670763563,790,censor,10.4109589041096
MrOS,-0.22888628801513,33.79906636725318,539,censor,10.4383561643836
MrOS,-0.12196021543282,52.4992590576701,799,death,9.56438356164383
MrOS,-0.0786584992148406,59.764807587638316,1042,death,7.67397260273973
MrOS,-0.95749491247936,6.384651850233748,798,censor,9.7972602739726
MrOS,-0.43594281718654,32.6535191291121,724,censor,10.1068493150685
MrOS,-0.0432686021517497,75.91548908596187,715,censor,10.358904109589
MrOS,-0.191323545102919,54.11232746115709,802,dementia,10.372602739726
MrOS,-0.20822507374415,40.38744052445474,1023,censor,9.6027397260274
MrOS,0.20809046858601,77.88464901525417,1143,censor,10.2739726027397
MrOS,0.0070420297481604,66.7612882336845,209,death,4.56712328767123
MrOS,-0.40981354849209,42.12673840295765,971,censor,10.6383561643836
MrOS,-0.35660257315965,30.83880206280543,476,dementia,2.98082191780822
MrOS,-0.21731827371469,48.72913777821541,1030,dementia,0.849315068493151
MrOS,-0.62960575855891,18.61745973718417,326,death,6.50958904109589
MrOS,-0.57011181441318,40.498736250782315,417,death,8.31780821917808
MrOS,-0.59073199087082,31.972519264937056,881,censor,10.4739726027397
MrOS,0.34727042688301,76.03635663231913,358,dementia,7.38356164383562
MrOS,-0.66682904446446,14.54334182616,853,death,9.38356164383562
MrOS,0.429773205340661,86.8253902793001,354,censor,12.0383561643836
MrOS,-0.0625833929107202,56.67345493241564,663,censor,9.8986301369863
MrOS,-0.81078740640019,9.809371622677576,1055,censor,10.0109589041096
MrOS,-1.0955667933328,5.370388571777035,828,censor,10.3780821917808
MrOS,-0.67884565437771,15.535307650891594,1149,censor,10.4109589041096
MrOS,0.0820373161528295,69.90722305438544,1142,censor,10.758904109589
MrOS,-0.591792073122549,20.021067146522107,806,dementia,7.18082191780822
MrOS,0.75194394228663,99.80286498596895,27,censor,9.95890410958904
MrOS,-0.33891960192805,32.32889778388437,872,censor,10.4082191780822
MrOS,0.5020668095419,88.73465894184454,795,censor,10.4191780821918
MrOS,-0.59009761317668,21.093272475536796,636,censor,10.5424657534247
MrOS,-0.15670382511384,46.627703893588894,725,censor,10.6219178082192
MrOS,-0.27367110661351,43.94397563689998,961,censor,10.8383561643836
MrOS,-1.34898845059138,2.9289472272424684,840,censor,9.88767123287671
MrOS,0.48723643406469,89.35741536898254,400,death,2.5013698630137
MrOS,-0.0955446924923606,63.48484031714416,391,death,2.73698630136986
MrOS,-0.72015039482259,11.71329894851465,527,censor,10.1835616438356
MrOS,-0.0321341452937304,57.08926039938824,943,censor,10.3698630136986
MrOS,-0.0167413584144597,58.73170002260606,826,censor,10.4904109589041
MrOS,0.0143559372398201,56.10547613064373,803,death,3.16712328767123
MrOS,0.293357251921179,85.03058073638145,1051,dementia,3.25205479452055
MrOS,-0.59235793088052,20.162200338450248,816,censor,9.80547945205479
MrOS,-0.54907848293946,22.47202250711238,1142,death,3.54246575342466
MrOS,0.66161799394573,95.01087890147862,989,death,11.7506849315069
MrOS,-0.136533523092361,51.69264953257952,1183,censor,10.5972602739726
MrOS,-0.98622287221719,9.030792525648645,293,censor,10.3041095890411
MrOS,-0.609113085969589,14.53414714718337,629,censor,10.2602739726027
MrOS,-0.11153388199554,53.808799711526426,428,censor,10.2
MrOS,-0.498582424860049,22.123863609351186,858,censor,10.5068493150685
MrOS,-0.28377043049711,25.816909343167186,619,censor,10.6465753424658
MrOS,-0.3093716625471,30.685330152460622,889,dementia,2.62739726027397
MrOS,-0.26801922726949,40.343274161183395,151,censor,10.8575342465753
MrOS,0.19233663364713,72.41474338584374,510,censor,11.7917808219178
MrOS,0.306410104246081,75.52581928345911,721,censor,10.213698630137
MrOS,0.599865073580951,93.61593041220252,952,censor,10.8547945205479
MrOS,-0.14070854144212,49.28651705602797,961,censor,10.6054794520548
MrOS,-0.370882966029011,39.347624349206754,1015,censor,10.7178082191781
MrOS,-0.6034181698502,13.394825174882802,773,death,5.79178082191781
MrOS,-0.940809659988809,7.5351278461499644,1106,censor,9.75890410958904
MrOS,-1.19784938157939,17.81689042001104,34,dementia,6.71232876712329
MrOS,-0.688026607344359,17.16128710996085,846,censor,10.1260273972603
MrOS,0.24469861544811,79.63124709048199,36,dementia,10.372602739726
MrOS,-0.191831594399061,37.90381277046917,702,censor,10.5068493150685
MrOS,-1.52154983767363,2.372167287366846,944,dementia,10.4520547945205
MrOS,0.14285266229024,65.85323885628405,706,censor,10.8109589041096
MrOS,-0.56380322389906,20.568339647100235,17,dementia,3.47123287671233
MrOS,-0.52441057810295,48.97245720149487,28,censor,6.34794520547945
MrOS,0.448766940721571,95.01145894723831,979,death,5.91232876712329
MrOS,-1.47193784528195,14.772231232763266,41,censor,10.1452054794521
MrOS,0.47503527523203,91.22525743173773,1063,dementia,10.4739726027397
MrOS,0.07073769854792,87.635990809706,19,dementia,6.25753424657534
MrOS,-0.398114582289119,37.910209572440785,13,death,8.82739726027397
MrOS,0.26351148945827,77.7228434865596,696,censor,11.6191780821918
MrOS,-0.80351722143256,8.605764636386679,492,censor,10.5616438356164
MrOS,-0.33180500487919,38.621551500968415,1002,censor,11.1397260273973
MrOS,-0.498078079831539,27.936318107587944,973,death,8.2
MrOS,0.0015418079952695,50.668301581165046,680,censor,9.6958904109589
MrOS,0.217942943043769,78.70443349305394,1065,dementia,3.21369863013699
MrOS,-0.30809162956502,41.312789640096014,41,censor,11.2328767123288
MrOS,-1.13500196156671,5.558075245546969,1016,death,5.54246575342466
MrOS,0.486244548187079,97.6102019579723,824,death,7.18904109589041
MrOS,-0.695941565967929,15.197491947117001,1022,death,9.17260273972603
MrOS,-0.732437898100901,13.798904707131479,625,censor,9.92602739726027
MrOS,-0.73980062469931,11.667623153077804,980,dementia,10.972602739726
MrOS,-1.24373964165176,2.661224645873244,1158,death,4.67123287671233
MrOS,-0.26024293185624,44.224260950533655,941,censor,9.94794520547945
MrOS,-0.58868057241154,11.430153315874222,17,death,3.23561643835616
MrOS,-0.34015337461823,28.670535566391234,659,censor,10.2630136986301
MrOS,-0.78702648391121,12.303307928556636,1177,censor,10.1972602739726
MrOS,0.0305841853854801,66.65247696456869,1119,censor,10.6657534246575
MrOS,-1.10876961996999,4.4702520086520305,1173,censor,10.6602739726027
MrOS,0.33288472280197,82.13637686477624,1023,censor,10.0520547945205
MrOS,-0.234394730219999,41.06128991829249,1116,death,9.00547945205479
MrOS,-0.68111789137462,13.224565194245711,922,censor,10.1917808219178
MrOS,-0.11353177003645,44.25001381261965,224,censor,9.96712328767123
MrOS,-0.12388390891919,55.80324508748175,1097,censor,9.95068493150685
MrOS,-0.84911378407016,8.901077189679288,501,death,4.12602739726027
MrOS,0.32659237250292,84.03464182324497,960,censor,10.7232876712329
MrOS,-0.0609947386132305,52.59643978356843,891,dementia,2.81095890410959
MrOS,-0.17220894075688,52.510917614480775,674,censor,10.2712328767123
MrOS,-0.715532791425041,12.638961417194428,612,death,6.4986301369863
MrOS,0.473673077948111,87.8775914332352,909,death,5.43013698630137
MrOS,-0.47027532255827,28.79435439133659,1090,dementia,10.3150684931507
MrOS,-0.98161639424165,7.502581459287401,1080,censor,11.158904109589
MrOS,-0.73440754965371,17.07389569338658,864,censor,10.7205479452055
MrOS,0.12351694582412,75.97513040220232,110,death,6.95616438356164
MrOS,-1.14052986913281,3.9178048502592238,952,dementia,1.7013698630137
MrOS,0.246160105436,79.48793650668921,1118,dementia,3.32328767123288
MrOS,-0.260706964593049,40.57291835384151,368,censor,10.3424657534247
MrOS,-0.64180439630324,18.023616675617593,879,dementia,10.3150684931507
MrOS,-0.182346481507849,44.67873187112668,982,censor,10.4356164383562
MrOS,-0.90011451811971,9.265963889815419,1190,death,8.64109589041096
MrOS,0.0814033410418404,67.58530201780947,374,censor,3.58356164383562
MrOS,0.0565518407891602,68.33060814452121,783,dementia,11.958904109589
MrOS,-0.933438068419581,7.61369878199477,1143,censor,9.95068493150685
MrOS,-0.29539461867995,30.978307349783854,637,dementia,6.95890410958904
MrOS,-0.50564919144754,28.064944109215983,1067,censor,3.63835616438356
MrOS,0.2912753912719,87.74490726087586,1052,death,8.50958904109589
MrOS,-0.244981463980881,50.84022087029687,264,censor,6.92054794520548
MrOS,0.0457262025046902,60.847878136250934,816,dementia,10.7972602739726
MrOS,0.13475799309186,75.14756565652563,979,censor,1.24657534246575
MrOS,0.32018680475922,81.50403444963658,546,censor,3.97260273972603
MrOS,-0.553747588213611,25.983327435180534,953,censor,9.93698630136986
MrOS,-1.00779073633252,6.043225935231642,1176,censor,10.3534246575342
MrOS,-0.5819057833682,19.836166993697304,1093,censor,10.1561643835616
MrOS,-0.105474467285291,47.088695875293524,810,censor,10.9561643835616
MrOS,-0.530423364225371,16.99875782656601,729,death,11.0054794520548
MrOS,-0.35877571284749,36.3452123843211,658,censor,10.9479452054795
MrOS,0.0910354016480397,67.43037750139801,848,censor,10.8356164383562
MrOS,0.92827117872919,99.20474184556177,201,censor,11.1424657534247
MrOS,-0.233082038231591,44.545022433853546,474,censor,10.6630136986301
MrOS,-1.16616918574348,6.038191844312032,972,death,11.5479452054795
MrOS,0.20187290706226,68.57744763671495,596,censor,10.8575342465753
MrOS,0.8035349316674,98.06036997351111,1023,censor,10.5095890410959
MrOS,-0.7831080885217,12.825651287701058,1163,censor,10.3095890410959
MrOS,-0.79728527729243,12.150187119551374,924,death,8.51506849315068
MrOS,-0.12323245686125,57.025208891967104,619,death,8.26849315068493
MrOS,-0.706408407616099,13.08433841027041,577,censor,10.4109589041096
MrOS,-0.189068038386699,41.302764523132325,705,censor,10.5123287671233
MrOS,-0.94313913692713,6.419942742081771,1062,censor,10.8493150684932
MrOS,0.0054823610614704,57.54248786925486,959,censor,10.2
MrOS,-0.0810729222433096,52.10839514266916,403,death,8.98356164383562
MrOS,0.0238672628278493,56.40387431137833,737,censor,11.1452054794521
MrOS,0.65912644085245,94.40263973617036,532,dementia,1.11232876712329
MrOS,-0.29972927947277,26.894573658487786,22,censor,10.4794520547945
MrOS,-0.0428274786378793,55.73206794709675,910,censor,10.9095890410959
MrOS,-0.391513096394481,29.833722661371144,1032,censor,10.4383561643836
MrOS,0.0275712282950096,61.99549534061604,996,censor,10.2191780821918
MrOS,0.16752929573459,68.86830316281551,816,dementia,11.9945205479452
MrOS,0.0719014154943494,64.59564426001825,628,dementia,2.71506849315068
MrOS,0.773164336734879,99.7739686001061,856,censor,11.1205479452055
MrOS,0.421116344234061,87.39434898394421,860,censor,10.1287671232877
MrOS,-1.01095603223697,7.936379046908233,923,death,8.40821917808219
MrOS,-1.12744665919598,4.19034233068789,1147,censor,10.4356164383562
MrOS,-0.246809763137649,35.84146952533882,810,death,10.7780821917808
MrOS,-0.706581621509341,13.77611501596757,1080,dementia,4.01095890410959
MrOS,-0.127042611321809,58.97313820076473,39,censor,11.1972602739726
MrOS,0.16873895181313,69.61915134600953,920,dementia,6.41095890410959
MrOS,-0.317990850100971,57.82880786852803,628,death,5.81369863013699
MrOS,0.27679661882878,90.68856633948015,25,censor,10.5342465753425
MrOS,-0.78613874346605,20.624543624938823,546,death,10.0547945205479
MrOS,-0.286654965547361,48.34510881234398,38,death,3.48767123287671
MrOS,-0.57284586488953,16.308254920944037,824,censor,6.8
MrOS,-0.333516925463741,35.587266092054506,1159,censor,10.1890410958904
MrOS,0.0363537866150295,73.4210413914097,995,death,11.5671232876712
MrOS,0.3708892727614,81.35721321037208,794,censor,10.6630136986301
MrOS,-0.0549092364747096,69.54028509902129,831,censor,11.358904109589
MrOS,0.20545976285875,79.89918501706316,1110,censor,10.7397260273973
MrOS,0.672236732104589,95.52578116444819,1063,censor,10.4328767123288
MrOS,-0.374801809820509,39.090477146032256,988,death,10.5780821917808
MrOS,-0.6266324840238,14.61910769342002,721,censor,11.0438356164384
MrOS,-0.20251286808609,40.96287254211325,838,censor,10.2931506849315
MrOS,0.308389954438979,80.7788317138573,736,dementia,3.05205479452055
MrOS,-0.101134021710079,57.20828991205486,29,dementia,3.48767123287671
MrOS,-1.71166692439405,7.031591058486471,46,dementia,0.695890410958904
MrOS,0.0621308216026904,72.51504180457074,929,censor,10.186301369863
MrOS,0.467666014487379,86.95747205419028,836,censor,10.6438356164384
MrOS,-0.80117085815418,12.201599655735391,1149,death,9.33972602739726
MrOS,0.4137039871851,84.64379488310728,702,censor,3.63287671232877
MrOS,-0.0610498697671105,72.47563848066169,295,death,1.92602739726027
MrOS,-0.46357848800088,37.87266297763099,775,censor,11.2328767123288
MrOS,0.0425953133562601,97.39155036331374,17,censor,10.3315068493151
MrOS,-0.46427411246605,30.2355621727763,30,censor,10.7397260273973
MrOS,0.55052339289503,92.6475836621247,699,censor,10.4520547945205
MrOS,0.518730326016041,90.8795099776063,603,censor,10.6191780821918
MrOS,0.116854672078099,67.49975657668803,90,dementia,3.2958904109589
MrOS,0.270639735316669,74.08028042436003,840,censor,10.4191780821918
MrOS,0.38040859793721,88.82273904550497,1059,censor,10.8438356164384
MrOS,-0.11181995694804,58.00667599977215,1054,death,5.75342465753425
MrOS,0.0911266756601293,70.55816914996048,615,censor,10.3178082191781
MrOS,-0.60032709205372,17.215949315059273,805,death,10.6630136986301
MrOS,0.37549284957344,79.999071186637,531,censor,10.572602739726
MrOS,-0.42603207469287,30.416923406806237,546,censor,10.9013698630137
MrOS,-1.55393900038017,2.3670973267587936,437,dementia,3.19178082191781
MrOS,0.54839242268409,94.24370518908296,443,censor,10.8383561643836
MrOS,0.340822912610091,94.48018957514768,33,censor,10.2986301369863
MrOS,-0.0839945468370402,45.10757925319378,479,censor,10.8356164383562
MrOS,0.0008807092447696,57.853475595562415,872,censor,6.71506849315069
MrOS,-0.245104653124881,33.29252338942057,431,death,4.56438356164384
MrOS,-0.84361891975043,12.542198904680466,1153,censor,10.3369863013699
MrOS,-0.53060877824189,26.45745817218078,955,dementia,3.32054794520548
MrOS,0.32212662985709,81.34942640480699,681,censor,10.386301369863
MrOS,-0.1930305212021,38.8828796625047,965,censor,10.7917808219178
MrOS,0.1098719895868,65.33139979477663,814,censor,10.2986301369863
MrOS,1.05546097375883,99.77859700722306,1117,dementia,7.07671232876712
MrOS,0.0507305437678994,63.401426819916566,581,censor,11.2
MrOS,-0.21053476508976,44.32444217457761,1067,censor,11.0082191780822
MrOS,-1.28501757213306,2.6668549372427806,619,dementia,10.6630136986301
MrOS,-0.23326401106529,55.38361602290654,443,censor,11.8438356164384
MrOS,-0.85941266662996,29.274142088052827,163,death,2.81095890410959
MrOS,-0.8932346121386,8.792323644990175,914,censor,10.4356164383562
MrOS,0.15677324145183,65.80633183727981,533,censor,11.5479452054795
MrOS,-1.26926609273184,1.9557421641627335,946,death,10.9506849315068
MrOS,0.10240987245667,76.15588254658641,878,death,1.59178082191781
MrOS,0.676226523237879,92.99853963475229,246,death,4.2958904109589
MrOS,-1.19476375475519,2.2095464573518164,815,censor,11.6465753424658
MrOS,-0.33570855967389,35.01308752896037,772,censor,11.0904109589041
MrOS,-0.30117517924685,40.851651354816944,1202,censor,10.8
MrOS,0.0899142412899593,67.82103751857083,694,dementia,0.947945205479452
MrOS,0.0501961032605294,61.27234148559784,827,death,7.11232876712329
MrOS,-0.0597770862256397,60.40662528656987,25,censor,11.8712328767123
MrOS,-0.202546092887199,51.196494898978514,82,censor,10.7452054794521
MrOS,-1.28311329485112,3.0757952250814125,710,censor,10.3972602739726
MrOS,-0.21651654593182,43.16472236155578,965,censor,10.6054794520548
MrOS,-0.12148779390042,41.435913417338305,183,censor,10.9342465753425
MrOS,-2.2353327544702,0.0,416,death,5.75068493150685
MrOS,-0.1200812993905,49.86895412462315,778,censor,10.5616438356164
MrOS,-0.36020221519784,37.875928075141076,726,censor,10.7287671232877
MrOS,0.61922904710206,92.95628646466201,600,censor,10.7424657534247
MrOS,-0.55836703005691,22.49982284155192,1066,censor,11.2575342465753
MrOS,-0.41358099704992,22.80031705341188,24,dementia,3.81643835616438
MrOS,-0.30672569970726,36.04122646433751,934,dementia,6.33698630136986
MrOS,-0.0436919199113305,52.38582233928605,479,dementia,6.63561643835616
MrOS,-0.66131638167594,16.75653197225607,1154,dementia,3.71506849315068
MrOS,0.58043643428316,94.81393606430038,935,dementia,3.46575342465753
MrOS,0.21783813953097,82.77608455306714,1136,death,11.4219178082192
MrOS,-0.16660801932461,56.00872124257825,29,death,7.77260273972603
MrOS,-0.35228520251603,34.45229174174645,594,death,6.08493150684932
MrOS,-0.12105074128801,42.14944882307375,675,death,8.22191780821918
MrOS,0.45966547546325,89.62156493862962,884,censor,10.9534246575342
MrOS,-0.602726461715829,21.293246457705504,935,dementia,7.0958904109589
MrOS,-0.64597182003604,21.384702276225447,980,censor,11.6191780821918
MrOS,0.2915194808981,81.45378766339755,773,death,1.86849315068493
MrOS,-0.104284982115389,56.317434496223534,22,death,3.86301369863014
MrOS,-0.0040416657727405,49.43744940956855,384,dementia,11.158904109589
MrOS,-0.3696178669519,39.832391689824576,713,censor,10.9917808219178
MrOS,0.367936587881459,91.9756688056945,925,censor,11.1260273972603
MrOS,-0.0335760741448993,69.64775890257012,1022,death,11.241095890411
MrOS,-0.12571534660493,50.901152917048854,1078,death,6.74794520547945
MrOS,-0.84123499199797,8.810728968551828,877,dementia,0.652054794520548
MrOS,-0.252646817339161,55.285773193675155,583,dementia,3.64383561643836
MrOS,-1.00777220090586,6.107016511551468,1110,censor,11.2821917808219
MrOS,-0.852697743521141,12.20034177027035,871,death,7.4958904109589
MrOS,0.0829555465929403,71.18369713771438,35,censor,11.2246575342466
MrOS,-0.12528684826418,65.51196626418866,736,death,4.15890410958904
MrOS,-0.68442542809177,16.73320726855816,933,death,2.06301369863014
MrOS,-1.06684922339809,6.317924721014319,947,censor,11.3369863013699
MrOS,0.746524633060029,97.38855863153668,1034,censor,10.4904109589041
MrOS,0.19180892003164,75.41076138868823,183,dementia,6.49041095890411
MrOS,-0.0617757415873797,62.93921670465277,1152,censor,11.6794520547945
MrOS,0.10997171609973,66.87617901102041,1015,dementia,3.58904109589041
MrOS,-0.531697109375349,24.21699003558899,926,censor,11.6986301369863
MrOS,-0.58957910888967,28.511006751698776,768,censor,4.39178082191781
MrOS,-1.07517355229051,4.3444368118257835,1113,death,6.63013698630137
MrOS,0.19414560295356,69.27256338922044,826,censor,11.0657534246575
MrOS,0.06553012968416,55.11190546134536,428,dementia,7.42191780821918
MrOS,-0.73263892781323,26.55899975273661,463,censor,10.5698630136986
MrOS,0.318751097635641,80.73072738835438,1038,censor,11.0219178082192
MrOS,0.5323367538214,95.87649507433404,768,death,8.58356164383562
MrOS,-1.17811046935536,3.5446638059813362,596,dementia,0.978082191780822
MrOS,0.12934802852164,67.60318730802516,654,censor,11.1397260273973
MrOS,-0.9125510282004,14.081214727086648,620,death,5.23287671232877
MrOS,0.0726787331979395,78.87388862897161,677,death,6.86849315068493
MrOS,0.22974997232961,82.71926395716042,289,death,9.73698630136986
MrOS,-0.664827026863421,25.031911479764673,709,death,4.06027397260274
MrOS,0.11751576691957,83.95350874913333,1023,death,8.55342465753425
MrOS,-0.60881463379827,14.215327073195835,701,censor,11.4027397260274
MrOS,0.0840394592158503,74.46291662322741,324,censor,10.7369863013699
MrOS,0.102137577111699,84.59536135458355,508,censor,11.1041095890411
MrOS,-0.6123841507945,21.674861060283217,1171,death,4.4986301369863
MrOS,-1.07555215920396,3.601461427549327,851,censor,10.5178082191781
MrOS,1.459134500128,100.0,31,censor,10.7890410958904
MrOS,-0.0660292456882601,63.7969801202847,842,censor,10.8191780821918
MrOS,-0.24413203847905,38.50008462745955,687,censor,11.8054794520548
MrOS,-0.71952361743827,19.476951073202102,1050,death,5.13972602739726
MrOS,-0.340799292269359,53.826251640017674,280,death,3.45479452054795
MrOS,-0.47315147839472,28.780111819256387,721,censor,10.8602739726027
MrOS,-0.35998227154568,34.53553802331279,1002,dementia,7.61095890410959
MrOS,-0.392569361207011,44.54390576987128,629,death,11.186301369863
MrOS,-1.16521219371597,5.51209240173642,553,death,11.5643835616438
MrOS,-0.0180952194802501,60.4765418526406,30,censor,11.1890410958904
MrOS,-0.79240969349774,14.227602138693928,273,censor,11.0328767123288
MrOS,0.20169628603276,80.13245430775082,1187,death,8.85479452054794
MrOS,0.644684423906099,92.56105996344682,485,censor,10.8
MrOS,-0.9606568495255,9.541550784493726,616,dementia,10.8931506849315
MrOS,0.13269215527361,56.90360979882212,294,censor,10.7780821917808
MrOS,-1.09359207331207,3.612656706144439,1056,censor,10.5479452054795
MrOS,-0.53609691052505,30.007919266804723,804,dementia,4.6986301369863
MrOS,-0.746531001050479,20.690845859631413,888,death,9.15342465753425
MrOS,-0.14229095895202,61.11936868852583,625,censor,11.9260273972603
MrOS,0.0210637552548206,77.43948942382576,476,dementia,3.80547945205479
MrOS,0.52701172976721,92.60883412120238,1022,death,8.86575342465753
MrOS,-0.64182999244684,10.88141366472822,415,death,5.6986301369863
MrOS,-0.50435570529813,30.320497530477912,439,death,2.26027397260274
MrOS,-0.100258614153771,47.66610546220944,903,censor,4.44657534246575
MrOS,-0.56546319205917,20.080693105979528,999,censor,7.04657534246575
MrOS,0.13754512373813,64.2521989188056,565,censor,11.4328767123288
MrOS,-0.58150490679166,19.165441245549378,534,death,5.43561643835616
MrOS,-0.20235052180772,33.65230569580727,676,death,12.2438356164384
MrOS,0.30832800229702,81.51786423950698,1039,censor,11.1808219178082
MrOS,-0.590015432981561,22.4496427152068,1026,dementia,1.26301369863014
MrOS,0.0227993463502003,65.38190373763547,814,censor,11.2986301369863
MrOS,0.28213254610005,83.15355079339199,1156,censor,11.1205479452055
MrOS,0.209174693828351,83.19644537994292,453,death,6.08219178082192
MrOS,0.0501636446854803,67.70572835972337,931,dementia,6.87397260273973
MrOS,0.0137862958689595,70.83020935181196,465,dementia,1.41095890410959
MrOS,-0.233867149065161,58.32374139985912,428,death,5.66301369863014
MrOS,-1.25449069882261,4.4441504566649845,363,death,9.87123287671233
MrOS,-1.07526803804015,4.130526361391246,959,death,9.03013698630137
MrOS,-0.312217784296,39.902999612190754,850,censor,11.4547945205479
MrOS,-0.790636893354881,28.948611066169754,178,death,7.16164383561644
MrOS,-0.17185165934237,55.667375666509166,765,death,7.23013698630137
MrOS,0.180939199728491,78.64532935462734,739,censor,7.15616438356164
MrOS,0.22588494277103,70.55890993119925,762,dementia,1.43835616438356
MrOS,0.32626408435377,88.71702466986595,740,censor,10.8328767123288
MrOS,-0.32203530269078,63.072653247107866,409,death,5.86575342465753
MrOS,-1.48850322220533,3.9372640828004952,468,dementia,3.63835616438356
MrOS,-0.50906511811295,24.14345962929363,997,dementia,3.45753424657534
MrOS,0.0133408967910697,69.3399279129933,1039,dementia,4.28219178082192
MrOS,0.12061600801657,69.24527146983856,640,censor,11.2164383561644
MrOS,-0.29645048066406,39.047434379254575,524,censor,10.7013698630137
MrOS,0.252037928443271,87.62067445127624,916,dementia,0.843835616438356
MrOS,-0.406534931084541,26.980835897742356,646,censor,11.4109589041096
MrOS,0.12702600466469,77.00489898038745,1014,censor,11.5424657534247
MrOS,0.37327114968584,78.9882626010119,725,censor,11.0054794520548
MrOS,0.23522321401165,73.90581403389295,428,censor,11.4712328767123
MrOS,-0.01298908327188,61.68934151924061,743,censor,11.4356164383562
MrOS,0.11711338490483,76.51931788748267,937,death,11.8246575342466
MrOS,0.0092367435908599,60.14476095813,661,dementia,1.52054794520548
MrOS,-0.0707586428716894,57.45012658408062,1099,censor,11.0958904109589
MrOS,-1.23369657098374,5.359830247550415,730,censor,11.5534246575342
MrOS,-0.11748282940685,69.76362814266346,561,death,10.1506849315068
MrOS,-0.43460733422788,47.52635628988279,532,death,5.64931506849315
MrOS,-0.644443300185431,18.03155497164491,903,censor,11.1835616438356
MrOS,-0.622011593576499,19.748619358321147,998,death,5.02191780821918
MrOS,0.21655594100465,76.71146786501043,1015,censor,11.2
MrOS,-1.39640617058957,5.264992002908705,534,death,5.47397260273973
MrOS,-0.98769143880459,8.72988952703352,648,death,5.78904109589041
MrOS,-0.0351720012556299,68.17042423877386,1081,censor,3.70684931506849
MrOS,-0.363354631294141,43.17212710502596,881,death,1.82465753424658
MrOS,0.67634996779243,79.03950297588803,32,dementia,3.94794520547945
MrOS,-0.829583938379849,8.35093288577954,887,death,9.83013698630137
MrOS,-0.55876307806048,23.692222827636346,904,dementia,3.41917808219178
MrOS,-1.66234849934877,2.2318789767680225,577,censor,11.1616438356164
MrOS,0.0665827177276199,71.56122027653221,1114,dementia,4.28767123287671
MrOS,0.53116824166313,92.5966439948714,974,death,8.28767123287671
MrOS,0.600630242897731,92.31933763854042,651,censor,11.5287671232877
MrOS,-0.46450550286571,21.4260060716366,767,censor,11.6684931506849
MrOS,0.13526671381389,77.47037136894038,873,death,8.39452054794521
MrOS,-1.07801813781779,22.608104094377875,36,dementia,6.94794520547945
MrOS,-0.89493754875239,13.959042651777375,672,death,10.4547945205479
MrOS,0.490412717025031,91.34584456416248,1019,censor,11.2821917808219
MrOS,-0.67243575791143,30.684562241889523,409,censor,10.8904109589041
MrOS,-1.05715313804577,6.01666934252066,851,death,2.29041095890411
MrOS,-2.04902378172093,0.0,160,death,8.75616438356164
MrOS,-0.81909667418636,13.200053968771543,1111,censor,11.6602739726027
MrOS,-0.20702405355804,38.70619934428265,749,censor,11.4191780821918
MrOS,0.477748911264101,82.50067216196268,40,censor,6.98904109589041
MrOS,0.39556450635917,85.9878900104365,183,death,6.90958904109589
MrOS,-1.64404692643844,1.0225526176638664,893,censor,11.5287671232877
MrOS,0.33098103190237,73.32585720449772,549,censor,10.9095890410959
MrOS,0.523446869399341,92.07110246555528,1065,censor,10.8684931506849
MrOS,-0.0825094864591406,54.94313030513419,1033,censor,6.92328767123288
MrOS,-0.92753717203178,7.259866114280993,1116,censor,11.6821917808219
MrOS,-1.19496825769841,6.370615088514618,90,censor,12.2712328767123
MrOS,-0.78595422467436,30.853418395779336,107,censor,7.69041095890411
MrOS,1.01776051760564,100.0,40,censor,6.26027397260274
MrOS,0.51588557678588,94.51104108078908,860,censor,4.31232876712329
MrOS,-0.0048764829407204,64.78936781299998,998,death,5.09041095890411
MrOS,-0.83920507955377,6.845280637308182,665,censor,3.62739726027397
MrOS,0.0389574424094306,69.52661036889582,401,death,8.5013698630137
MrOS,-0.50125646767484,34.95092983648414,1027,censor,11.6191780821918
MrOS,-0.0701709195764295,53.94925983675324,1065,censor,10.9013698630137
MrOS,-0.36981178312308,40.806736770149435,1116,death,9.42465753424658
MrOS,-0.82371450996459,11.88636924984885,866,death,3.82465753424658
MrOS,-0.71339311659752,29.992508282642746,486,censor,11.1972602739726
MrOS,0.26009560375968,73.32371799348994,654,censor,11.4958904109589
MrOS,0.133902898997729,75.36244670151287,1075,death,9.56712328767123
MrOS,-0.64132290799065,22.89581982032509,1134,censor,11.2575342465753
MrOS,-0.78493695448726,16.55119700463949,978,dementia,1.9041095890411
MrOS,0.18318556107688,80.51829411593445,943,death,4.91506849315068
MrOS,-0.53470712410632,36.86890059535502,736,censor,11.4904109589041
MrOS,-1.18982215615976,9.082601827182408,415,dementia,4.3041095890411
MrOS,0.32817322480639,67.22785189245516,24,dementia,11.3123287671233
MrOS,-0.74613438455719,10.555945423048144,608,censor,11.3835616438356
MrOS,0.30440089130103,84.50904646456509,1085,censor,10.5260273972603
MrOS,-1.52772511482312,1.800638507468003,1010,dementia,3.32054794520548
MrOS,0.31710736846631,80.44235807287822,533,dementia,4.13972602739726
MrOS,-0.770389067175439,12.652854714108134,937,censor,10.9315068493151
MrOS,0.01116635070303,58.451280057226995,945,censor,11.0630136986301
MrOS,0.51216916461081,92.8908239774235,434,censor,10.5369863013699
MrOS,-0.73153911596533,11.111436207496023,741,censor,10.7260273972603
MrOS,-0.100916430900109,50.2336345888658,1075,censor,10.4164383561644
MrOS,-0.6080231465881,35.34058446522593,343,death,4.53972602739726
MrOS,0.13195582098984,62.85762187993606,579,censor,10.4109589041096
MrOS,-0.383659505050331,36.67869194411283,556,censor,11.0438356164384
MrOS,0.442352591095769,85.69319504084692,627,censor,10.2438356164384
MrOS,-1.59142023006349,1.855287422021609,632,dementia,0.917808219178082
MrOS,0.0120801344005599,58.33018680410016,930,censor,10.586301369863
MrOS,-0.583028676679371,19.11863506349859,765,censor,10.3369863013699
MrOS,-0.0091764145731502,62.71435219595748,1142,death,8.41369863013699
MrOS,0.22126331394973,76.0150750493164,712,censor,6.67945205479452
MrOS,-0.138553099469181,62.93266206957138,970,censor,11.2328767123288
MrOS,-0.64389694870236,21.524097838655045,1117,dementia,2.89041095890411
MrOS,-0.297702540637481,44.09086813497777,1109,dementia,11.1835616438356
MrOS,-0.7083041928334,13.554594653986534,301,death,3.29041095890411
MrOS,-0.5576807762836,26.734148665708844,742,death,8.89041095890411
MrOS,-0.0704328139665805,56.286993743621345,894,censor,11.3342465753425
MrOS,-0.210576121713579,55.93730376700198,727,censor,10.4465753424658
MrOS,-0.397181503210589,27.022756896142795,654,censor,10.4493150684932
MrOS,-0.55477264014241,26.71261428973225,849,death,9.26849315068493
MrOS,0.05701327780273,74.39039177588494,1072,censor,10.5068493150685
MrOS,-0.17273781576005,43.155784489940366,1002,death,8.56438356164383
MrOS,-1.20546986247754,2.5843022741801067,1049,censor,10.8054794520548
MrOS,0.0016031971132193,86.42517925795157,175,death,2.81643835616438
MrOS,0.0096100913060695,64.73018901520906,962,censor,10.5260273972603
MrOS,-0.0341499474281605,58.278471287779276,470,censor,10.8876712328767
MrOS,-0.0921215788827894,68.42233063229939,846,death,6.97260273972603
MrOS,-0.825773904750351,16.626344998117272,804,dementia,4.24383561643836
MrOS,0.0687066715689397,74.88623485167386,1006,censor,11.5616438356164
MrOS,0.32659492979471,90.0804114792202,1119,censor,10.7506849315069
MrOS,0.18522196873467,74.67213087340532,334,death,11.1232876712329
MrOS,-0.83841193615689,8.742857962112705,914,censor,10.6164383561644
MrOS,-2.62999957530915,0.5329509170642656,894,censor,9.66575342465753
MrOS,-0.26873672442137,58.2693755102922,726,dementia,4.58356164383562
MrOS,-0.54079562980078,24.951218731255217,621,censor,9.93972602739726
MrOS,-0.53429049797584,43.817779324229036,451,dementia,11.1808219178082
MrOS,0.22040774529966,77.44318879066265,804,death,7.38082191780822
MrOS,-0.25381525821189,40.3659205629294,1082,censor,10.9095890410959
MrOS,0.14045405184433,68.64194058564463,872,death,3.78082191780822
MrOS,0.06685330836291,77.22665116708698,956,death,7.21095890410959
MrOS,-0.4322437397043,53.295449248534155,403,death,11.227397260274
MrOS,-0.44310057849072,43.73667395328159,533,dementia,1.94794520547945
MrOS,-0.0889697528737599,48.56354153440366,790,censor,10.6219178082192
MrOS,-0.31920473087101,54.4390016391805,687,dementia,12.2164383561644
MrOS,-0.57033566711515,17.064958531473742,761,censor,9.76164383561644
MrOS,-0.95193161214409,11.743735504944373,197,death,8.95342465753425
MrOS,-0.1646276096159,42.902423627631116,767,censor,10.8191780821918
MrOS,0.258344622750219,79.82892011822817,1117,dementia,11.9808219178082
MrOS,-0.0910747501434599,53.623712993034346,1001,censor,11.1397260273973
MrOS,0.36530217830893,88.9771168638225,1131,death,10.4684931506849
MrOS,-0.94125678292192,6.909680947642941,434,censor,11.0054794520548
MrOS,-0.30754459300323,43.60482308737294,414,death,6.92328767123288
MrOS,-0.545886960622509,38.25651887027122,673,dementia,0.961643835616438
MrOS,-1.21191965362039,0.0,64,death,3.84109589041096
MrOS,0.38695465730876,92.57539749604912,878,censor,10.8986301369863
MrOS,0.0656104299980996,68.72861592641466,990,censor,12.1534246575342
MrOS,0.14811381344702,76.7003982522385,394,censor,3.41643835616438
MrOS,-0.57051335544712,15.750677402821525,489,censor,11.386301369863
MrOS,0.560604656980431,91.25811058571593,584,censor,11.2794520547945
MrOS,-0.0817559721796897,61.554826531942176,794,censor,10.7616438356164
MrOS,0.238380780288681,84.12906628937695,858,death,8.71232876712329
MrOS,-0.17281379172652,53.4537596598184,884,dementia,1.0
MrOS,-0.0069507544172594,63.70949590314217,926,censor,9.83287671232877
MrOS,0.32576368715829,88.2050080738308,928,dementia,0.901369863013699
MrOS,-0.57719781216647,30.353535561647373,890,censor,11.9890410958904
MrOS,-0.0590176662604705,55.4947805510127,951,censor,10.7917808219178
MrOS,0.0738369308546595,70.60229367556309,19,censor,10.4246575342466
MrOS,-0.31775703369136,42.07875398595073,633,death,9.63013698630137
MrOS,-0.86842911747031,16.881899804737962,376,death,9.67123287671233
MrOS,-0.10229245427623,55.69244266537479,530,censor,11.8246575342466
MrOS,-0.74879520996428,14.057799220019229,1098,censor,11.186301369863
MrOS,-0.0284728703510297,63.95782171670574,868,death,7.94794520547945
MrOS,-0.74454160598786,10.141017373495245,575,death,8.22465753424657
MrOS,-0.44981866615707,32.59973734366923,1055,death,6.25479452054795
MrOS,-0.31143774579231,39.51153077195518,531,censor,11.2027397260274
MrOS,-0.895146475562311,12.394595930126778,845,dementia,2.93698630136986
MrOS,-0.708896838466291,22.901755662785067,760,death,9.5972602739726
MrOS,-0.0070209775288503,62.81038300072524,1131,death,9.91780821917808
MrOS,-0.462656418990279,26.275616007125308,1055,censor,11.3315068493151
MrOS,-0.91420485405741,11.708182334198098,755,death,11.2657534246575
MrOS,-0.647027273768791,17.222545472127415,1131,death,9.31506849315068
MrOS,0.59890315241568,92.98725489169993,772,dementia,2.04931506849315
MrOS,-0.14744507333085,41.66549877420475,777,censor,11.5205479452055
MrOS,-0.43778137235272,24.62832627464255,297,censor,10.5698630136986
MrOS,0.388795866773479,89.42488086937466,678,death,8.09041095890411
MrOS,0.38998029467959,89.4874147557908,1147,censor,10.9287671232877
MrOS,0.380377591876341,91.9410436120224,802,death,11.6876712328767
MrOS,-0.0630374889859297,69.13140517425211,722,censor,11.7698630136986
MrOS,0.61737824527591,93.03665162970321,733,censor,10.8712328767123
MrOS,0.76865801198538,94.59115675644227,57,censor,10.9972602739726
MrOS,-0.24905454576358,41.49025309557462,1100,death,7.14794520547945
MrOS,-0.110238164333001,58.767863501090936,875,dementia,4.56438356164384
MrOS,0.34010142410486,85.31276572467561,1126,censor,10.3945205479452
MrOS,-0.46191310050334,52.23345383080497,522,death,8.07397260273973
MrOS,-0.0710829835004901,68.04997289546523,999,death,3.98082191780822
MrOS,-0.0989891549650693,64.01326848553731,1008,death,6.79178082191781
MrOS,0.434019142086881,92.80651142456709,690,death,2.75890410958904
MrOS,-0.551343400850681,22.83297854145864,1114,censor,9.8
MrOS,0.774137283816199,97.831822396079,920,censor,11.1534246575342
MrOS,0.45878636382823,92.066056267131,1164,death,5.13424657534247
MrOS,0.22187793415566,76.30130041687231,513,censor,3.27123287671233
MrOS,0.47632082068216,88.90428879924627,749,censor,11.5643835616438
MrOS,0.729145954723241,96.00354563780068,365,dementia,4.83013698630137
MrOS,-0.0164516115272093,70.09746388107878,945,death,2.98904109589041
MrOS,0.0317330004576405,66.7975982175201,1012,death,4.31232876712329
MrOS,-0.13710019305956,39.160433393065816,388,censor,11.4219178082192
MrOS,0.27422145581928,78.85883774665912,1069,censor,11.241095890411
MrOS,-0.0329378883538993,61.003705341752784,1026,censor,10.7698630136986
MrOS,0.138660607025091,71.83358519717387,665,censor,4.58630136986301
MrOS,-1.63152370935226,1.3551278240741498,886,censor,10.0849315068493
MrOS,-0.0200383649946104,65.57421075271219,442,death,9.17808219178082
MrOS,0.0761999415680904,66.61465013972574,772,censor,11.7561643835616
MrOS,-0.0490777580273999,68.5424428749005,843,death,4.77808219178082
MrOS,-0.62879286392667,18.492947927950755,1168,censor,11.3150684931507
MrOS,0.31276590814623,89.78818510662057,304,death,3.72054794520548
MrOS,0.26502562690264,69.76595194269586,339,censor,11.9424657534247
MrOS,-1.43127214575425,3.2444615358701747,812,censor,11.0219178082192
MrOS,0.22596068664124,80.20149021699726,1049,dementia,3.22739726027397
MrOS,0.57577635675657,94.32967265314372,1103,censor,10.4191780821918
MrOS,-0.176302051700181,59.4857040761769,841,censor,11.7479452054795
MrOS,-0.597592770996999,19.088561458477304,1068,censor,11.0794520547945
MrOS,0.0503464129846293,85.21283503281525,42,censor,11.1287671232877
MrOS,-0.46876703119531,44.501940427070515,410,death,9.73698630136986
MrOS,0.61204743189744,94.93884693294177,797,censor,11.8219178082192
MrOS,-0.16671405880311,47.740446952184364,1128,censor,10.7397260273973
MrOS,0.10790190180895,70.67032780153164,679,death,7.61917808219178
MrOS,0.00343684310659,53.31681698811692,679,censor,10.8246575342466
MrOS,0.59191900393087,96.26032315903824,466,censor,11.4630136986301
MrOS,-0.389669413879039,49.31429036246466,237,dementia,3.27945205479452
MrOS,-0.107182067308641,55.23710778982495,1006,censor,11.7150684931507
MrOS,-0.140796664588019,49.70932667222164,1078,dementia,1.23835616438356
MrOS,-0.912234637099429,12.755999947348005,616,censor,12.0
MrOS,0.28992955226168,80.2859732377768,805,censor,10.4849315068493
MrOS,-0.479472990484931,19.913577278598762,734,censor,10.4876712328767
MrOS,-0.40443532294593,39.19246173663641,887,death,9.15890410958904
MrOS,-0.546047901531161,29.113832585340766,281,dementia,3.1972602739726
MrOS,0.24346166160099,76.86189695614594,539,censor,10.8876712328767
MrOS,0.183337900325139,68.30542237185567,864,dementia,1.47123287671233
MrOS,-0.318884247361289,38.887536587468695,306,dementia,11.6082191780822
MrOS,-0.608788587295589,33.98270896065108,693,dementia,1.18904109589041
MrOS,-0.91895463556084,16.115503932764934,442,censor,1.20547945205479
MrOS,-0.0734912116292094,53.38875857517596,765,censor,10.9479452054795
MrOS,-0.674275218390549,21.117322179392577,546,death,6.18356164383562
MrOS,-0.430503671565199,30.30877444531878,1010,dementia,11.6931506849315
MrOS,0.49429759320272,88.74664356226819,575,censor,10.8520547945205
MrOS,-0.67626456720314,13.498170056421564,968,dementia,11.0246575342466
MrOS,-0.80810072872676,16.067888856371916,34,censor,11.4821917808219
MrOS,0.18749417987589,80.13818374215477,793,death,7.74246575342466
MrOS,-0.147369333615519,66.55974708449793,830,censor,3.73972602739726
MrOS,0.20558774154828,85.42651352300095,519,dementia,10.2219178082192
MrOS,0.13305231606991,63.79940724183989,614,death,8.98356164383562
MrOS,0.39887119803508,89.60387149525248,1079,censor,11.5917808219178
MrOS,0.31792925561945,80.90565358247217,667,death,7.81643835616438
MrOS,-0.71364969561764,17.781816681401686,868,dementia,1.28493150684932
MrOS,-0.70149821942468,18.52747261848177,332,censor,10.8301369863014
MrOS,0.3512603748293,96.31130978005288,380,dementia,1.26849315068493
MrOS,1.02165433866375,99.79888104224882,1122,censor,10.7369863013699
MrOS,-0.34398815813841,47.983445007370854,930,death,4.82739726027397
MrOS,0.0100635586037995,76.0236077689864,814,dementia,1.16986301369863
MrOS,-0.11232924242719,53.30603236555281,32,censor,11.4712328767123
MrOS,-0.16805100071567,52.40910839104981,991,censor,10.372602739726
MrOS,-0.80535545965585,10.58675610392227,302,censor,11.5945205479452
MrOS,-0.84705607944377,10.557358676012548,745,censor,10.3150684931507
MrOS,-0.0911841163336106,58.69320354574174,1156,censor,11.5397260273973
MrOS,-0.47828611180723,56.90338697763678,234,death,8.19178082191781
MrOS,0.6653192466333,97.9060138247558,520,death,7.88493150684932
MrOS,-0.70997211079911,13.612752501331055,599,censor,11.5671232876712
MrOS,0.51610692664424,92.52911965619484,1111,dementia,10.4109589041096
MrOS,0.26737943881561,80.25650964418422,842,death,2.41369863013699
MrOS,-0.13448417116786,58.350606579332286,1094,censor,11.2246575342466
MrOS,-1.47483868867395,1.8678379886941503,1190,death,4.52602739726027
MrOS,-0.388471622300079,26.902957036413436,998,censor,10.4849315068493
MrOS,-0.55176425131787,37.07608061161534,242,dementia,2.53150684931507
MrOS,-0.0421684412537104,57.52597983684986,845,censor,10.558904109589
MrOS,0.25952319198788,82.76910979869301,465,death,10.3205479452055
MrOS,-0.11397947521036,55.413996871333026,1033,censor,11.0
MrOS,-0.27244386704061,43.75116780004578,1165,censor,10.7013698630137
MrOS,-0.593318477908019,19.732851786224412,899,censor,11.6602739726027
MrOS,0.331730141200489,83.70731131332188,1101,censor,11.8164383561644
MrOS,-0.22056906294624,35.43221867497589,557,censor,10.3506849315068
MrOS,0.0111507272379598,60.7543932585865,525,censor,10.1616438356164
MrOS,-0.240256738451311,42.747394683809546,744,death,7.90684931506849
MrOS,0.33447039967655,84.88329695102043,958,censor,10.3205479452055
MrOS,-0.825871992895389,19.275875380930625,218,dementia,2.35890410958904
MrOS,-0.44067601444449,43.331783079629595,253,censor,12.0027397260274
MrOS,0.37013865640053,86.8754379686693,861,death,12.0219178082192
MrOS,-0.758218590084989,15.969371737395623,1148,censor,9.60547945205479
MrOS,-0.70919037452704,18.666346808739316,414,dementia,11.6958904109589
MrOS,-0.16875027148328,56.70238587304576,1067,dementia,2.96164383561644
MrOS,-1.24396454431153,7.182668576920825,175,death,4.46027397260274
MrOS,-1.83372477326912,8.561895217905487,109,death,9.20821917808219
MrOS,-0.42372173091818,31.017013476542914,478,censor,10.3232876712329
MrOS,-0.2289204883216,61.247011876018604,404,death,4.79452054794521
MrOS,0.0039321502808803,73.79435685106607,545,dementia,11.5095890410959
MrOS,-0.51823457499929,49.28505752521553,398,death,10.4246575342466
MrOS,0.06477461272965,61.75289399010013,662,death,11.8356164383562
MrOS,0.16642644162424,73.39124312107161,909,censor,11.6219178082192
MrOS,-0.2936228913419,33.13635130424361,1005,censor,11.7890410958904
MrOS,-0.2211592304814,53.33791095242454,997,censor,11.6219178082192
MrOS,-0.48855098573577,25.65660549763338,826,censor,10.8356164383562
MrOS,0.5467618035112,93.52770964081206,673,censor,11.4767123287671
MrOS,-0.0725505504402093,48.68549277197259,739,censor,11.6082191780822
MrOS,-1.54793471311181,1.4681136533089458,983,censor,10.4767123287671
MrOS,-0.388095087428179,49.94330710742261,729,dementia,11.4
MrOS,-1.09485591050025,13.620259337927125,319,censor,10.1835616438356
MrOS,0.84554309416274,99.03791547667159,1033,censor,10.8547945205479
MrOS,0.21595436099859,57.60544379486049,35,censor,11.3150684931507
MrOS,-0.0102240384594694,56.59457020546874,692,censor,10.2219178082192
MrOS,0.30949566413407,73.87752049052345,610,censor,11.1890410958904
MrOS,-0.408063847416081,38.36402198358342,1064,dementia,1.14520547945205
MrOS,-1.20914001499844,3.350581667467514,1160,censor,10.3671232876712
MrOS,-0.2567598660606,51.50524093278082,683,death,5.3013698630137
MrOS,-0.416701433092901,45.04813320898548,721,censor,10.6821917808219
MrOS,0.35410639619342,82.0941484258851,974,censor,9.64109589041096
MrOS,-0.0429620198822903,53.14756058181993,726,death,5.84657534246575
MrOS,0.21787069882601,75.30662510799242,575,dementia,10.5260273972603
MrOS,0.66390724853199,95.1780082066837,989,death,8.86301369863014
MrOS,-0.9126908961064,9.265454517005024,1155,death,10.8931506849315
MrOS,-0.245998633166769,51.189406124411136,686,death,4.2027397260274
MrOS,-0.73169018685677,14.955117200825203,1168,death,10.3369863013699
MrOS,-0.8347735026135,21.192335527345,342,death,11.3835616438356
MrOS,-0.25980499591939,44.34935137915186,1077,censor,11.1397260273973
MrOS,0.160510195922519,90.72679698655526,774,dementia,2.8958904109589
MrOS,-0.386493356848651,54.294587061363096,236,death,6.21369863013699
MrOS,-0.43509116738912,61.522678665456716,181,death,1.68493150684932
MrOS,0.31546171760785,85.12777348762286,777,dementia,0.652054794520548
MrOS,0.718486629873919,97.29762447034885,1007,dementia,6.77534246575342
MrOS,0.55602363650537,93.321808362594,724,dementia,11.5315068493151
MrOS,0.140066586135219,73.50795984421387,1068,censor,11.2383561643836
MrOS,0.35922911953551,84.65403184131273,1067,dementia,7.4027397260274
MrOS,-0.11223031009692,46.08432383942464,950,censor,11.0821917808219
MrOS,-0.51921417685309,24.338147732911544,1061,censor,12.0958904109589
MrOS,-1.16911619877522,7.485379879118682,752,dementia,0.761643835616438
MrOS,-0.468069509554741,46.40174627313142,117,death,5.75890410958904
MrOS,-1.11419157639462,19.651180148292166,132,death,10.0684931506849
MrOS,-1.09720174603787,7.926230094813016,425,censor,11.6191780821918
MrOS,-0.43885523835595,48.00811244333582,395,death,10.441095890411
MrOS,-0.2036024969075,38.25309480239082,665,death,9.63835616438356
MrOS,0.724932381914731,97.93518810293158,903,dementia,11.7534246575342
MrOS,-1.03116578966089,7.610829531166564,779,censor,11.4328767123288
MrOS,0.18198905140196,77.99151755340088,958,censor,10.427397260274
MrOS,0.14384038186014,71.84084423201942,670,censor,10.1917808219178
MrOS,-0.153956204697469,45.726321280769426,930,death,8.55616438356164
MrOS,-0.43616866444484,57.80277005240452,196,death,10.558904109589
MrOS,-0.14287931942977,64.91625679276002,838,death,10.7780821917808
MrOS,0.53552636873397,92.57098716222015,857,censor,10.6054794520548
MrOS,-0.31597554132625,41.203719845144384,990,death,4.75616438356164
MrOS,0.0985288915805398,70.26892969379779,760,censor,10.427397260274
MrOS,-0.26378063328315,31.43490640605505,133,death,6.03835616438356
MrOS,0.40935761307511,84.11274387755935,843,censor,10.1671232876712
MrOS,-0.10403337809408,59.52862273305936,1080,death,9.97260273972603
MrOS,-1.76330478135463,1.4868987145621693,651,dementia,0.545205479452055
MrOS,0.44053684534741,85.87674595055009,789,censor,10.1808219178082
MrOS,-0.68752944169007,25.50384120980572,737,death,2.38904109589041
MrOS,0.278728540328019,72.70736767258474,446,censor,10.0904109589041
MrOS,-0.42227282227764,30.707607527207657,1029,censor,10.627397260274
MrOS,-0.0531880571722596,86.35616831582962,123,death,7.21917808219178
MrOS,-0.41336739408783,27.050126832452754,27,censor,11.2986301369863
MrOS,-0.56400110460076,26.893587751612547,556,death,11.0657534246575
MrOS,0.34058288695057,91.07844063073712,1049,death,10.0767123287671
MrOS,-0.224437927796561,44.317790172300576,612,censor,11.3506849315068
MrOS,-1.22737991669443,5.170059279506144,396,death,9.57808219178082
MrOS,-0.67503277565767,14.068269626831052,637,censor,11.8109589041096
MrOS,-0.42560944928006,32.10525608602089,853,censor,11.2383561643836
MrOS,0.5505876644374,91.4782390095804,905,censor,11.2191780821918
MrOS,-0.86169483983651,18.161202165889936,129,death,7.03561643835616
MrOS,-0.214468571021121,75.06502793175918,334,death,3.33698630136986
MrOS,-0.207711322271309,53.8202296964689,712,death,9.73972602739726
MrOS,0.30440842420231,90.90617402804575,1026,death,6.82191780821918
MrOS,0.0659872719085101,69.88489036420697,569,death,10.1671232876712
MrOS,1.16335449836605,98.95109594919923,212,dementia,4.35616438356164
MrOS,0.0656666939056905,61.916831710659984,835,censor,3.36986301369863
MrOS,-0.0690778901948207,63.386605544472985,1100,dementia,1.09315068493151
MrOS,-3.4759918512287,0.0,187,death,9.47671232876712
MrOS,-0.0677281176553393,40.969250134688544,323,dementia,0.621917808219178
MrOS,-0.32091968425955,44.34714052080552,943,censor,11.6383561643836
MrOS,0.359158177007819,97.42880896943204,719,death,5.38356164383562
MrOS,-0.0930492519915106,62.100093564253925,400,death,2.84931506849315
MrOS,-2.01794034342223,0.9369045569296184,784,death,3.62739726027397
MrOS,0.22554127871807,90.48032289815976,35,death,10.1671232876712
MrOS,-0.38152903122764,47.062193268113795,621,dementia,11.1780821917808
MrOS,0.14045155842181,86.24243683542744,656,dementia,0.646575342465753
MrOS,-0.04092952260159,61.14073382022955,1198,censor,11.1780821917808
MrOS,-1.23268175974955,4.273959350120306,816,censor,10.7123287671233
MrOS,-0.44945039447768,42.74419180893016,588,death,7.57808219178082
MrOS,0.0097308730614201,60.3565837161013,434,censor,11.2328767123288
MrOS,0.33923659269287,94.4153303957093,782,death,11.0602739726027
MrOS,0.0195100392526996,58.36105662975578,898,censor,11.0383561643836
MrOS,0.223520195937969,77.96002623106442,493,censor,9.47671232876712
MrOS,-0.0585566853380001,55.93042078080036,647,censor,10.8602739726027
MrOS,-0.771393312953511,13.685947649200816,1062,censor,11.0986301369863
MrOS,-1.15946583359472,10.179530978233787,191,death,5.81917808219178
MrOS,0.50273115830735,96.1576678307511,893,dementia,10.4493150684932
MrOS,-0.514369271255811,24.655924192403774,553,censor,10.158904109589
MrOS,-0.295608846897071,56.38391158944936,67,death,10.4876712328767
MrOS,-3.09213095140058,5.872815102232364,138,dementia,5.23287671232877
MrOS,-0.76893169726487,18.627890481503336,787,death,5.95616438356164
MrOS,-0.39633135497523,32.78375750967062,402,censor,11.7616438356164
MrOS,0.147778621737559,83.27016080176568,1074,dementia,11.3178082191781
MrOS,-0.20037480024272,49.6063148728177,41,censor,10.1671232876712
MrOS,-0.81481410573262,14.975805414785267,1002,death,3.47671232876712
MrOS,-0.0992216299559203,49.988444648103126,877,censor,10.1808219178082
MrOS,-0.95962293196813,7.551134107333751,617,death,9.91232876712329
MrOS,-0.209682663426911,70.3044746818761,490,censor,11.0465753424658
MrOS,0.0242329937546103,84.74877648668225,24,censor,11.2164383561644
MrOS,-0.0699051654815193,50.18489048633895,782,censor,10.5671232876712
MrOS,-0.92966442579383,12.898633229604444,901,censor,10.5616438356164
MrOS,-0.25020286834617,49.704294547890015,909,censor,11.1917808219178
MrOS,0.16791485583411,77.70202629350142,783,death,5.66575342465753
MrOS,-0.04432379436454,64.08522001370449,1091,censor,9.77260273972603
MrOS,0.236909832746279,92.57993371577714,563,death,10.6904109589041
MrOS,-0.0834706705074893,59.5621917099397,1122,censor,10.972602739726
MrOS,0.0973712095460002,63.89843715157539,345,censor,10.3917808219178
MrOS,-0.950433183004521,12.509425281628035,302,censor,11.0438356164384
MrOS,0.270101198438979,73.49184018883976,458,death,4.03835616438356
MrOS,-0.94531561177057,7.771624576263336,396,censor,11.3698630136986
MrOS,-0.0029908196124793,57.7794842181454,26,death,5.56164383561644
MrOS,-0.17163384324776,47.95201082079699,730,censor,10.7479452054795
MrOS,-1.21264371143752,11.914513985988576,273,censor,2.81095890410959
MrOS,-0.27634940441004,49.09694495635006,645,death,10.6520547945205
MrOS,-0.35187816798952,40.177000409995365,959,death,9.31506849315068
MrOS,-0.69565986069326,22.994210596931133,829,censor,10.0328767123288
MrOS,0.12469647229224,75.61598524478175,1142,censor,11.7150684931507
MrOS,-0.42712721315927,32.77318736139544,674,censor,9.92328767123288
MrOS,-0.23294033931781,58.470726436411155,803,death,7.36164383561644
MrOS,-0.0089501978771494,60.14637116989449,876,dementia,4.17260273972603
MrOS,0.39525072244236,84.9149783427225,808,censor,10.6246575342466
MrOS,0.35748352519748,87.75851169666281,1097,death,3.37260273972603
MrOS,-0.39847512988101,35.44422393034836,1077,death,7.0
MrOS,-0.17916118318547,55.07539490304807,1079,death,2.1013698630137
MrOS,-0.467188266060801,31.962222140525338,965,censor,9.76438356164384
MrOS,-0.62370383541235,20.185611354921555,1068,censor,11.0821917808219
MrOS,-0.152783168964559,62.04910978258193,1017,censor,11.1452054794521
MrOS,-0.80634089042937,9.796289158369072,784,censor,10.9397260273973
MrOS,-0.0882883935348104,66.87636715475337,811,death,5.55890410958904
MrOS,-0.87776329917793,7.141703030299278,589,censor,10.8493150684932
MrOS,-0.48457769076027,22.169415742663336,642,censor,11.6821917808219
MrOS,-0.894972508584139,12.606727259411539,911,death,8.54794520547945
MrOS,-0.21645868561484,56.76165244201459,305,death,9.25753424657534
MrOS,-0.26746035643832,44.962371845935046,1161,dementia,10.8547945205479
MrOS,-0.35848581599185,46.86688876247229,769,censor,11.041095890411
MrOS,0.98921779237784,99.61749821215497,770,dementia,0.898630136986301
MrOS,-0.13091706975293,48.72635871553849,323,death,5.41917808219178
MrOS,-0.11631496592648,76.68307141005754,12,dementia,1.1041095890411
MrOS,-1.0277429877542,5.845049299890189,668,censor,10.9123287671233
MrOS,-0.62015539118501,26.529642787550294,906,censor,11.0657534246575
MrOS,1.01359246687879,85.62109806783305,27,censor,3.85753424657534
MrOS,-0.38430749382704,53.35507285861319,409,death,2.1041095890411
MrOS,0.61510110089998,93.46967190001426,393,censor,10.7150684931507
MrOS,-0.620590342018789,17.45805391119334,475,censor,10.9643835616438
MrOS,-0.19692445905754,39.65263841373339,838,dementia,10.8684931506849
MrOS,-0.99266138570916,16.157797818097126,44,censor,11.7917808219178
MrOS,-0.258670357615151,32.87546577181879,851,censor,10.0657534246575
MrOS,-1.27016522621476,3.2694239998718038,340,dementia,5.93972602739726
MrOS,-1.05447983274894,6.848283613276474,976,dementia,3.62191780821918
MrOS,-0.625868491104821,31.089767379836456,707,death,8.98630136986301
MrOS,0.0635470079777903,63.884780034227056,767,death,7.08219178082192
MrOS,-0.2112703583322,51.347778819687306,1075,censor,10.0849315068493
MrOS,0.734827651928261,96.24463498460473,825,censor,11.2794520547945
MrOS,-0.12686422556738,67.82786256371571,647,death,7.84657534246575
MrOS,0.47193350204808,94.25000360988359,194,death,3.53972602739726
MrOS,-0.530820153160511,40.070305200258915,12,censor,6.00547945205479
MrOS,-0.25942995293951,51.1584185653178,514,censor,11.9260273972603
MrOS,-0.98822362238443,11.02090683083765,139,censor,9.67397260273973
MrOS,0.0620923666139603,71.31743718198949,909,dementia,11.1506849315068
MrOS,-0.20716052705845,51.13963320429001,956,censor,10.3753424657534
MrOS,-0.82607338768409,9.335470033574534,754,death,10.8109589041096
MrOS,-0.0235091259920793,55.88399268149709,432,censor,10.4301369863014
MrOS,-0.36968735388249,56.18951212576573,344,death,8.32602739726027
MrOS,-0.44399253899367,28.63397541246047,1079,censor,10.3698630136986
MrOS,-1.57098593514062,2.6947160980870146,634,censor,10.6712328767123
MrOS,0.52294187579464,92.74593469391978,423,censor,10.3534246575342
MrOS,-1.15645833549793,7.2896083564832725,839,death,2.78630136986301
MrOS,-0.43939343332609,21.53561608270956,289,censor,10.9479452054795
MrOS,-0.61336319006289,24.44922090882471,862,dementia,11.3945205479452
MrOS,0.0784041312828194,63.07910555030571,839,censor,10.4383561643836
MrOS,0.116940307767101,67.17956594183798,572,death,10.2493150684931
MrOS,0.16466303029849,88.01322736798406,603,death,9.06301369863014
MrOS,0.295805793777809,83.65090872797603,592,death,9.12328767123288
MrOS,-0.66201194089812,15.715776035388394,1113,dementia,10.2821917808219
MrOS,0.07160372131207,78.5937930754558,38,censor,11.2219178082192
MrOS,-0.95889462103988,7.573975231740245,1023,dementia,2.0027397260274
MrOS,-2.44605291288174,0.4156980644090566,1161,censor,10.3972602739726
MrOS,0.34908158069909,77.69983389289267,433,dementia,11.1260273972603
MrOS,-0.10946870968381,45.62298620830887,871,death,6.65205479452055
MrOS,-0.0713736086233396,44.667148127237695,525,censor,11.0958904109589
MrOS,0.660211482633579,94.9792870600989,683,dementia,1.45479452054795
MrOS,-0.7986258399036,11.452288330261371,971,censor,10.1643835616438
MrOS,-1.17985962600506,4.102632197786653,1157,death,3.2
MrOS,-0.61410185250609,35.997392324069715,330,death,6.27671232876712
MrOS,-0.11191466637861,51.153076468355245,630,death,8.66027397260274
MrOS,-0.0453840043192102,55.72506415739042,760,censor,10.1452054794521
MrOS,0.0897875916819402,89.62439890134064,502,dementia,10.9342465753425
MrOS,-0.0745865278528797,54.35321663906373,825,death,6.18356164383562
MrOS,0.22796674131877,80.11789832376681,1130,censor,10.8191780821918
MrOS,-0.33649309747601,38.19316614051861,907,death,4.14520547945205
MrOS,-0.35946230600568,25.79563960175106,839,censor,9.60821917808219
MrOS,-1.20429982221419,7.26468323488659,576,censor,10.6246575342466
MrOS,0.350684414452419,82.93674475303492,783,censor,10.5643835616438
MrOS,0.40980686880945,88.26459258304145,1061,death,11.1780821917808
MrOS,-0.32240654649345,30.443398819901525,125,censor,11.1945205479452
MrOS,-0.219949081231969,57.77644094407292,728,death,9.74794520547945
MrOS,0.23260298916496,76.15791403204071,884,death,6.88493150684932
MrOS,0.16267606210491,72.16677834975633,928,censor,10.3835616438356
MrOS,0.28136456242581,74.52188541878193,801,censor,10.427397260274
MrOS,-0.0604870410566406,69.09819590107152,871,dementia,0.876712328767123
MrOS,0.361316458197339,77.84375437471157,23,death,9.19178082191781
MrOS,-0.70017351173932,18.12548193633475,1109,death,5.48493150684931
MrOS,-0.72626399764366,10.300191523388174,791,censor,10.6027397260274
MrOS,-0.855662464555689,1.6871935562738993,23,censor,9.79452054794521
MrOS,0.35204646139476,86.2754823281874,494,censor,11.3342465753425
MrOS,0.4975484480915,92.10942465191165,817,censor,10.4109589041096
MrOS,-0.506870777264071,23.359524299934886,39,censor,10.6027397260274
MrOS,-0.20682335031432,43.29273943177973,1036,censor,10.4328767123288
MrOS,0.19374428687459,78.65544058772183,460,censor,3.95068493150685
MrOS,0.811989160702819,98.5973605663817,917,censor,10.1424657534247
MrOS,0.0726860401593498,93.647846450338,25,censor,1.07671232876712
MrOS,0.68297299539403,97.04361523747045,763,censor,10.0520547945205
MrOS,-0.0990116087447106,48.63295977003756,648,censor,10.5479452054795
MrOS,-0.0140306186183295,59.793980069645755,41,dementia,1.62465753424658
MrOS,-1.41708332576452,3.6266127942165474,574,death,6.93150684931507
MrOS,0.22980972655332,75.0377925291774,821,censor,10.4301369863014
MrOS,0.79727079224082,97.68518078199645,856,censor,10.3479452054795
MrOS,0.50633012297635,88.02404123975921,319,censor,10.5671232876712
MrOS,0.45787701086996,86.65296872689962,446,censor,9.7972602739726
MrOS,0.49289413204806,91.01621890511434,869,censor,10.8383561643836
MrOS,0.3217836986192,81.44495570978071,702,death,6.85479452054795
MrOS,-0.46707367218691,25.177806304694204,883,censor,10.3972602739726
MrOS,0.233243752240401,82.8638186893816,1071,dementia,3.37808219178082
MrOS,-0.41601163122541,34.41627683870952,1140,dementia,10.7205479452055
MrOS,-0.84389210165699,9.60501885067577,1099,censor,10.7315068493151
MrOS,-0.46202802599153,44.87542158457115,664,death,5.38356164383562
MrOS,0.63139866192089,96.39006055563792,1144,censor,10.7041095890411
MrOS,-1.18566774525708,3.6418831655789203,1173,censor,11.4191780821918
MrOS,-0.28144961953886,48.468591739489874,690,death,8.87945205479452
MrOS,0.545499488351859,89.97801911324493,787,censor,11.241095890411
MrOS,0.0377530834164702,64.5410429948375,468,censor,11.4082191780822
MrOS,0.31605331739235,80.84988721061205,552,dementia,10.5424657534247
MrOS,0.0034421895531693,60.483233567993345,522,death,9.01095890410959
MrOS,0.0738434348362802,80.97168956097335,915,censor,10.7780821917808
MrOS,-0.370407072442239,30.448941850835386,1052,censor,10.5479452054795
MrOS,0.2510187019474,78.9111106775385,1093,death,10.2602739726027
MrOS,-0.17542703731846,55.92682197549609,792,censor,10.7753424657534
MrOS,0.0039985090007604,70.62242340609914,989,dementia,5.94794520547945
MrOS,0.799960918979031,98.44410965000363,751,death,10.7260273972603
MrOS,0.0207153484580701,69.72518435089219,1121,dementia,9.83835616438356
MrOS,0.24747403837714,76.52007759572508,807,censor,11.2958904109589
MrOS,0.43088176425138,88.30128364136023,469,censor,9.81917808219178
MrOS,-0.45901616711908,25.64272622709459,428,censor,9.90684931506849
MrOS,0.16277939551497,71.3634537382546,508,death,10.158904109589
MrOS,-0.505174801085749,28.539557954282486,762,censor,10.2246575342466
MrOS,-0.18941895142723,53.37237733805507,536,censor,9.6027397260274
MrOS,-1.02493828998966,9.019307217295886,368,censor,10.7232876712329
MrOS,-0.923460310840799,11.416195773144594,737,censor,11.2547945205479
MrOS,0.1346942249351,68.81984183174004,418,censor,10.2027397260274
MrOS,0.193174101440189,75.72320373318597,1152,death,8.02465753424658
MrOS,0.47342028865643,90.56525541250714,971,censor,10.2054794520548
MrOS,0.239173916902961,73.14455256829832,803,censor,9.70684931506849
MrOS,0.109823205548599,76.03208893374016,1106,censor,11.3452054794521
MrOS,0.37331922137337,89.2660355375223,609,censor,11.0821917808219
MrOS,0.0546255179151103,81.31783605983122,825,dementia,1.32876712328767
MrOS,-0.0807677362533894,56.003583393430254,785,death,10.9890410958904
MrOS,-0.29672327363113,40.30119239139206,878,censor,10.4109589041096
MrOS,-0.156176718379891,43.25803504855884,983,death,9.31780821917808
MrOS,-2.21774760245477,1.974290095588563,510,censor,10.1835616438356
MrOS,-0.48805773100449,42.28332263381632,25,censor,10.0739726027397
MrOS,-0.0697331078185897,66.9700120680517,44,dementia,3.77808219178082
MrOS,-0.178428006757881,61.80408710533749,19,censor,9.8958904109589
MrOS,-0.640807750597661,13.488230616176331,538,censor,9.62739726027397
MrOS,-0.54148113379312,18.458680061602795,624,censor,10.3753424657534
MrOS,-1.4175479124511,2.850087717629984,968,censor,10.9315068493151
MrOS,-0.741541111070011,20.499850730733876,790,censor,9.99178082191781
MrOS,0.574628711056729,93.46686539348455,379,dementia,4.21643835616438
MrOS,-0.89689901113051,7.664061685191699,1079,censor,10.8
MrOS,0.0661839715866705,64.0256767951384,923,censor,9.38904109589041
MrOS,-1.3068228706437,2.644139401787479,1025,censor,11.4246575342466
MrOS,0.0880085723471595,74.54831900606642,974,censor,9.77808219178082
MrOS,-0.0011085900675396,66.81978441226661,18,dementia,3.87397260273973
MrOS,-0.0719667845950198,54.956656183306336,981,censor,10.3479452054795
MrOS,-0.441942729512979,30.302495960553365,1051,censor,9.73972602739726
MrOS,-0.16782113429707,45.94793514153503,493,censor,10.4109589041096
MrOS,-0.72750502089065,11.1514444343498,731,death,6.50684931506849
MrOS,-0.62985218916543,30.792910469429607,572,censor,9.37808219178082
MrOS,-0.6078390106223,29.261293634674495,803,death,7.96438356164384
MrOS,-0.405239476236601,40.150267444381164,911,censor,11.041095890411
MrOS,-0.37600182468163,33.387107728476835,673,censor,10.0657534246575
MrOS,0.298545742867761,84.92639385681142,943,censor,10.4684931506849
MrOS,-0.0214703786194903,57.78279132982931,1066,censor,10.7945205479452
MrOS,0.10002229258408,75.49930278004686,1127,dementia,1.18904109589041
MrOS,-0.791453137625,13.68912622131122,1144,censor,10.7397260273973
MrOS,-0.11639634315716,54.3556394477777,732,censor,9.81643835616438
MrOS,-0.40125556815329,65.84463618124032,109,death,4.98630136986301
MrOS,-1.07161438302175,3.3574191389163937,759,dementia,7.33150684931507
MrOS,0.631840700899831,97.99666553660644,307,dementia,1.18630136986301
MrOS,-0.0128001852024596,70.50268267183125,928,censor,2.37808219178082
MrOS,0.36317905184835,85.49269004661068,1005,censor,11.2712328767123
MrOS,-0.224165585597839,53.20141334867626,564,censor,10.4904109589041
MrOS,-0.0749749558241106,63.13937774001528,1064,censor,2.16986301369863
MrOS,-0.45307202667851,49.72959394966088,569,death,2.95890410958904
MrOS,-1.38265503708572,5.733246869035993,452,censor,10.0602739726027
MrOS,-0.49234380963172,43.999419124626314,671,death,8.2027397260274
MrOS,-0.191597711586159,60.86888234267082,894,censor,11.2109589041096
MrOS,-0.306270123257841,38.60358235032496,1101,censor,10.4301369863014
MrOS,-0.19881848429014,53.7942034990656,908,death,4.48767123287671
MrOS,-0.449802936012691,34.0294173754404,1122,censor,10.3315068493151
MrOS,-1.13430209828153,5.800759015064765,839,censor,10.4821917808219
MrOS,0.439758990771629,95.83967237739031,861,censor,11.9972602739726
MrOS,-0.0583243164910201,58.97655249675984,1162,censor,10.3178082191781
MrOS,0.14369424415269,79.10312599994415,802,death,2.06301369863014
MrOS,-0.269999919110479,59.2573017670437,625,dementia,1.07123287671233
MrOS,-0.33105623054911,41.29125690840134,973,censor,11.7178082191781
MrOS,0.5015842325458,90.92058653635765,597,death,9.74794520547945
MrOS,-0.41091027241847,52.52760358509734,357,censor,10.5123287671233
MrOS,0.0433166481625605,66.34337541829912,774,dementia,1.28219178082192
MrOS,-0.57289049498039,16.918258786963623,850,death,4.35342465753425
MrOS,-0.81942095884305,9.911839629289435,1132,death,8.85205479452055
MrOS,0.116157487847489,78.31688376970095,852,censor,9.85205479452055
MrOS,0.42239795161386,91.28510453736122,815,censor,10.5671232876712
MrOS,-0.440202157028099,31.602002915305448,971,censor,10.0684931506849
MrOS,0.38395931778862,84.71954991791566,966,censor,11.1479452054795
MrOS,0.169705591830029,68.51338336923293,905,censor,10.5698630136986
MrOS,-0.16074122174265,48.592598814256995,419,censor,10.4931506849315
MrOS,-0.0758271681991005,53.50305497634056,1090,censor,11.4438356164384
MrOS,-1.16129865384185,11.658579195099906,169,dementia,0.46027397260274
MrOS,-0.25270549051713,49.54252806604447,819,dementia,2.92876712328767
MrOS,0.0382730149470305,58.970587183908734,532,dementia,3.27397260273973
MrOS,-0.61275256785746,33.72054138728407,588,censor,9.98904109589041
MrOS,-0.5264459969773,22.879445569951514,821,censor,10.5315068493151
MrOS,-0.85414328916259,7.76467656040532,678,death,2.61095890410959
MrOS,0.34531930790795,81.29378378044689,900,censor,12.0876712328767
MrOS,-0.0861940882286305,68.2795403059551,216,dementia,1.05479452054795
MrOS,0.101430052092959,79.18644035410703,965,censor,10.5041095890411
MrOS,0.48035730096899,89.33046117717099,849,dementia,3.19178082191781
MrOS,0.11194780908839,79.21754507789589,1108,censor,9.60547945205479
MrOS,-0.495310169722499,26.506382860358364,1148,death,2.93424657534247
MrOS,-0.71073161190868,16.752073030880453,1005,censor,12.0876712328767
MrOS,-0.10650895423916,53.27654229624711,481,censor,10.9315068493151
MrOS,-0.27992118910566,37.34215819202896,1112,censor,11.0027397260274
MrOS,-0.80081947591737,8.765546400413411,819,death,2.2
MrOS,-0.239705549756469,39.38682005982849,940,censor,9.63013698630137
MrOS,-0.20211437612662,41.57167447994671,730,censor,11.1753424657534
MrOS,-0.140270885914011,48.3537528493014,473,censor,11.2356164383562
MrOS,0.21563744884008,77.86892564178478,1076,censor,9.70958904109589
MrOS,0.72613740093511,99.41823907016759,471,death,10.2630136986301
MrOS,-1.37923436413904,2.8294793703048366,1016,death,6.85753424657534
MrOS,-0.44545151202138,21.5820782426173,519,censor,10.5315068493151
MrOS,-0.30043443212278,64.21390453007643,501,death,5.46301369863014
MrOS,-0.31023244275041,34.411904616708846,1092,death,11.8301369863014
MrOS,-0.187330159560079,41.0729301335471,699,censor,10.5013698630137
MrOS,-0.69445240526976,19.229114376540473,657,censor,9.60547945205479
MrOS,-0.11797126713853,56.83775580150131,636,death,9.23835616438356
MrOS,-0.296998989452089,37.29712671521184,459,dementia,1.15342465753425
MrOS,-0.252591793328359,52.079046808424295,907,censor,10.6164383561644
MrOS,0.60242072426268,95.69404569874983,898,death,10.0602739726027
MrOS,0.0386003270627498,81.18520561194458,430,dementia,4.31506849315068
MrOS,-0.688518959303489,21.99644294509323,833,censor,11.8356164383562
MrOS,-0.0402367274454207,55.87886762145005,768,death,4.85753424657534
MrOS,0.58147943916906,94.26565423509406,746,censor,10.9095890410959
MrOS,-0.60508344423293,22.798913899952424,1134,death,9.06027397260274
MrOS,0.26917261207997,94.6679463770011,524,censor,3.32054794520548
MrOS,-0.54759664199622,28.65339692557285,990,death,6.16986301369863
MrOS,-0.0426407699858501,61.09341672621547,873,death,2.94520547945205
MrOS,0.388728854210849,90.19193052117642,762,death,8.90958904109589
MrOS,-0.71596068535337,16.970853896093807,1147,censor,10.2191780821918
MrOS,-1.10660581586561,7.172865329870098,941,censor,10.5068493150685
MrOS,0.591261354221319,93.14995351699703,898,censor,9.73698630136986
MrOS,-0.140008151934759,58.82969545302931,26,censor,9.62739726027397
MrOS,0.219363885847341,70.45696128136515,696,censor,9.71506849315069
MrOS,-0.392927925928571,47.644247377683946,742,death,7.6958904109589
MrOS,-0.734129664822321,15.386159944995041,531,dementia,3.43835616438356
MrOS,-0.17782644623169,52.0554134553242,390,censor,10.5698630136986
MrOS,0.24129616054669,78.99453720783124,1015,censor,11.6493150684932
MrOS,-0.49653444329718,43.69983133657074,610,censor,10.5616438356164
MrOS,0.27457349044857,82.98451053206743,1106,censor,10.0849315068493
MrOS,-0.44669518577539,30.304307707524764,904,censor,11.6712328767123
MrOS,-0.326073032655501,67.8094230695035,183,death,9.54246575342466
MrOS,-0.60348263743756,24.929464005872873,1104,censor,11.2082191780822
MrOS,-0.13387059999738,47.14357497679473,598,censor,10.4630136986301
MrOS,0.14522517937891,63.09382481282914,322,censor,10.0356164383562
MrOS,0.37583938800462,92.88524333103248,625,dementia,2.38630136986301
MrOS,-0.37383989707468,39.521479550509504,994,censor,10.7397260273973
MrOS,-1.18415438657536,3.7694487769623635,929,censor,10.1260273972603
MrOS,-0.3892764924456,36.00134254403947,995,death,8.58082191780822
MrOS,-0.88898136626382,6.090290734940007,730,censor,10.7068493150685
MrOS,-0.0857265433585098,53.01854639935161,606,death,10.5479452054795
MrOS,-0.39924517219616,29.036243700733806,520,censor,11.2739726027397
MrOS,-0.15123378195504,51.96898144768663,1138,dementia,10.4082191780822
MrOS,0.14976357350028,74.46489332073838,723,death,9.22191780821918
MrOS,-0.488051430745681,35.66167799815937,844,death,5.2027397260274
MrOS,-0.0538432431496602,75.03658926398381,27,death,9.91232876712329
MrOS,-0.523898056215199,32.78326826137896,1066,death,2.69315068493151
MrOS,0.0184365183599496,59.89040905421293,753,death,4.76164383561644
MrOS,-0.31171013448033,64.67674970691424,33,dementia,11.213698630137
MrOS,0.32314148021959,86.07650139558712,426,death,5.52054794520548
MrOS,0.89898832447836,98.2891616346643,13,censor,9.66301369863014
MrOS,-0.92484611511496,17.412010080557664,221,death,9.63287671232877
MrOS,-0.705042468453129,14.396507831856713,855,censor,10.5041095890411
MrOS,-0.0523568956529104,70.16333596177748,700,censor,10.586301369863
MrOS,-0.24872660424644,49.45993361628977,1110,death,11.786301369863
MrOS,-0.43316606900128,46.9064735448304,416,censor,10.558904109589
MrOS,-0.56895443031855,38.69406774188684,13,censor,11.5205479452055
MrOS,-0.0875790584272707,70.59414718013846,557,dementia,0.936986301369863
MrOS,-0.139931713586751,44.71944656378807,902,censor,10.5561643835616
MrOS,0.206262683175569,78.49701053708577,958,censor,10.4520547945205
MrOS,-0.19093285127685,67.2597752835582,29,censor,10.6602739726027
MrOS,0.489159887667,94.82845305333169,1136,censor,10.9643835616438
MrOS,-0.246781349413099,54.011169083941965,994,dementia,3.28219178082192
MrOS,0.51083166218753,90.71534441361534,390,death,10.1808219178082
MrOS,0.607958752266011,94.86556506893625,451,censor,10.6164383561644
MrOS,-1.50059670336982,0.9817534176871126,224,death,5.3972602739726
MrOS,-0.26298357991066,39.73092756536041,1028,dementia,2.56438356164384
MrOS,-0.49093922636086,54.45971860097532,240,death,6.8
MrOS,-0.800514232981639,25.6805552606415,344,censor,3.47123287671233
MrOS,-0.54308637825899,22.33282887374897,802,censor,10.5095890410959
MrOS,-0.33334605797092,53.427723412949575,20,censor,10.4602739726027
MrOS,0.26692696179239,81.43401643977194,858,censor,10.8547945205479
MrOS,0.46737607143819,93.99479118700951,631,death,9.40821917808219
MrOS,0.19065239563822,72.06117029960363,762,censor,10.9698630136986
MrOS,0.160177389405069,72.80804956231206,627,censor,9.67671232876712
MrOS,-0.15282005721262,88.29076326218943,13,censor,10.2876712328767
MrOS,-0.69499161759113,11.507065843005472,835,censor,11.0821917808219
MrOS,-0.55299121122289,21.539017350930248,904,censor,10.6767123287671
MrOS,-0.30845382216409,31.526218190399366,674,censor,11.4054794520548
MrOS,-0.0297195906646806,59.985283335856316,735,censor,10.6465753424658
MrOS,-0.67479601337687,15.142023162347389,1079,censor,10.3095890410959
MrOS,0.352003096549809,83.42845794186364,229,death,5.98356164383562
MrOS,-0.0169659360327301,76.21601409020472,13,dementia,0.397260273972603
MrOS,0.0390469500296206,69.0556803089377,963,dementia,3.63013698630137
MrOS,-0.0098582931486305,67.08947703290161,760,censor,10.0849315068493
MrOS,0.20937998435521,87.69281510290169,15,death,8.24109589041096
MrOS,-0.434479766048879,28.102857749201135,24,censor,10.5452054794521
MrOS,-0.136623958859209,41.677054881064024,856,censor,9.35616438356164
MrOS,-0.94662916056035,32.83596904016659,12,dementia,1.04657534246575
MrOS,-0.0605739193072694,85.60622018143587,145,death,5.58630136986301
MrOS,-0.17540820439947,54.42457799910719,1152,dementia,1.20821917808219
MrOS,-0.453235013940269,35.33510259056748,23,death,3.74794520547945
MrOS,-0.70494694939525,7.627510822580382,44,censor,10.1260273972603
MrOS,-0.36937887211669,55.31146559111629,595,death,10.3260273972603
MrOS,-1.08361883610125,13.366740315927998,311,death,11.0630136986301
MrOS,-0.35676889274943,29.5318341183155,451,dementia,2.76164383561644
MrOS,-0.44476664473583,40.87541348310021,745,death,3.23835616438356
MrOS,-0.410920853112751,18.659075062752134,31,censor,10.1753424657534
MrOS,-0.31250374524777,38.74454752691504,899,censor,10.8465753424658
MrOS,-0.41605594437643,46.332453160732605,213,dementia,1.26849315068493
MrOS,-1.32429860535052,0.0,19,censor,9.9041095890411
MrOS,0.16399430195801,71.7484671279937,781,censor,10.7616438356164
MrOS,0.24301657228051,79.79136630258391,1095,censor,10.3616438356164
MrOS,-0.60392449127765,21.843116982876865,998,censor,11.9013698630137
MrOS,0.29547699852228,80.07450929512903,1011,censor,10.7178082191781
MrOS,0.46917230650789,91.08659724102985,1075,censor,10.0082191780822
MrOS,-0.53320504006564,18.792099687841464,886,death,5.97808219178082
MrOS,0.11836983968839,72.42990103395329,873,death,5.47671232876712
MrOS,-0.21173733870543,37.799906962591244,795,censor,10.7890410958904
MrOS,-1.17132860689112,4.969655145985706,940,censor,11.1561643835616
MrOS,-0.54304352250834,33.29060778442737,324,censor,10.3369863013699
MrOS,-0.0121010769057193,61.4631543049331,950,death,5.74246575342466
MrOS,-0.43372430487248,40.01430070855319,28,censor,3.56164383561644
MrOS,-1.74543253587576,1.525937129520718,530,death,6.68767123287671
MrOS,0.10709408833482,65.79578769684142,511,death,8.59178082191781
MrOS,-1.23393860188444,3.1774233107734307,475,censor,10.6054794520548
MrOS,-0.616490086958891,15.49613690553067,786,censor,3.34246575342466
MrOS,-0.31348336196297,38.031755440117585,946,dementia,1.41643835616438
MrOS,0.527718505881261,92.9005515602632,980,dementia,0.545205479452055
MrOS,-0.160705539272389,51.413883144316394,1168,censor,10.1342465753425
MrOS,0.25368959466719,77.90341196520515,957,censor,10.6465753424658
MrOS,-0.0796893277566895,65.29937530228796,15,censor,11.0
MrOS,-0.2774718307775,36.711199409186094,1097,dementia,0.956164383561644
MrOS,-0.57594514177411,6.7459479276650995,13,death,11.0931506849315
MrOS,0.10634856718649,78.73993520883836,29,censor,3.45205479452055
MrOS,-0.0821596148262401,51.446076364749835,550,censor,10.8246575342466
MrOS,-1.62658006230699,3.621731483420458,302,death,10.1890410958904
MrOS,0.5081544357684,91.81548032988384,524,censor,3.43835616438356
MrOS,-0.43967574770525,37.80603530230485,439,censor,11.5780821917808
MrOS,1.10699490387546,99.93610119902151,981,death,4.59452054794521
MrOS,-0.12523334107608,51.605700436416406,960,censor,10.7671232876712
MrOS,0.29847003952257,76.22794454340278,910,censor,9.3972602739726
MrOS,0.82192043692761,99.97200253267165,388,dementia,3.56438356164384
MrOS,0.34189404252151,90.51303259247972,996,censor,10.5095890410959
MrOS,-0.310222141698191,40.76062290096133,797,censor,10.9287671232877
MrOS,-0.31252295757664,65.42719427989324,483,dementia,1.43561643835616
MrOS,-0.762925407366229,13.5961125592558,1045,censor,11.986301369863
MrOS,0.1342934071505,89.92301897420029,420,death,7.6958904109589
MrOS,-0.27755129372768,44.06967264001911,941,dementia,0.986301369863014
MrOS,0.410531840811259,95.27133923904675,37,censor,3.62739726027397
MrOS,0.0567143834051606,62.56815195327694,459,censor,11.2958904109589
MrOS,0.24683382314828,76.34224328929602,958,death,3.6986301369863
MrOS,0.0182901409971095,52.417496198859645,373,censor,10.3287671232877
MrOS,0.0860478769165695,81.50812368279597,565,dementia,1.0986301369863
MrOS,0.0518092205334199,51.46850669111605,13,censor,5.73424657534247
MrOS,-0.42110924164284,32.22626302284821,517,censor,11.0493150684932
MrOS,0.31398484493586,89.88159496385532,503,dementia,1.2027397260274
MrOS,0.4288233716498,91.93157469741182,833,censor,10.9424657534247
MrOS,-0.182028462737431,49.0611991179487,983,censor,10.8547945205479
MrOS,-0.347546043429441,30.699812532240113,550,censor,11.0246575342466
MrOS,0.13426441340734,84.09221819070878,674,death,5.94794520547945
MrOS,-0.450681319748981,40.1828271767131,660,censor,10.572602739726
MrOS,0.275453537062531,87.96698032706311,30,death,2.93698630136986
MrOS,-0.70085953206777,13.619466015703718,777,censor,10.8684931506849
MrOS,0.74586473392412,98.97536573301424,1129,censor,10.9671232876712
MrOS,-0.61335458084973,39.98765748849744,186,censor,11.1835616438356
MrOS,0.0079111456176306,67.98154415437968,27,dementia,3.63287671232877
MrOS,-0.06146256556368,60.13519563121417,1072,dementia,1.0986301369863
MrOS,-0.20356146816554,42.657503056726455,1031,censor,10.8109589041096
MrOS,0.0636728540286398,76.75527017454898,31,censor,11.0849315068493
MrOS,-0.68308536931755,16.182502419326404,1050,censor,10.8794520547945
MrOS,-0.37993819473499,59.58246096521094,28,censor,11.0958904109589
MrOS,-0.44289833960476,56.86706930070351,151,dementia,1.35068493150685
MrOS,0.0277282714527004,80.4756413441078,306,death,10.7452054794521
MrOS,0.0829639518247902,69.95692638767589,985,death,4.8986301369863
MrOS,-0.0671627622859702,81.32935901564034,243,dementia,0.810958904109589
MrOS,0.21902493957152,89.41914995488527,434,dementia,3.16164383561644
MrOS,-0.7424690610065,25.13328842863271,295,death,3.00547945205479
MrOS,-0.18513147747185,65.64517320645585,712,death,4.6986301369863
MrOS,-0.40116567093545,28.175304775763617,525,dementia,11.9424657534247
MrOS,0.0006729459882805,79.92910656308598,516,censor,0.994520547945206
MrOS,-0.34419610671393,47.159054859299204,602,death,9.9013698630137
MrOS,-0.364757186229061,36.16262146785529,464,censor,11.4356164383562
MrOS,-0.18211747231198,68.47836866410913,670,dementia,6.71232876712329
MrOS,0.54042016846433,91.36422289440169,754,censor,10.1178082191781
MrOS,-0.69471042498691,18.64504617492693,1107,censor,11.0794520547945
MrOS,-0.684523631439011,31.104530001388785,416,censor,10.8164383561644
MrOS,0.0022916671409305,64.30951706923663,1052,death,12.2657534246575
MrOS,-0.30388398949536,55.32597389349969,470,death,11.8931506849315
MrOS,-0.26632995157712,49.11707358431461,549,censor,11.027397260274
MrOS,-0.33653752821468,58.86277527750933,483,censor,11.4520547945205
MrOS,-0.70107304509105,25.840503414467605,678,censor,3.6986301369863
MrOS,0.649240033097691,94.42846264267658,812,censor,1.31506849315068
MrOS,-0.21938773249435,59.156241257513464,561,censor,3.65753424657534
MrOS,0.55458112623881,96.11569343468047,944,dementia,0.728767123287671
MrOS,0.1248270075748,71.10710532572796,756,censor,11.1205479452055
MrOS,-0.0063469777665901,65.70258781800338,542,death,11.8219178082192
MrOS,-0.8951625335394,20.914321644603977,360,censor,11.5068493150685
MrOS,-1.22722343597903,5.210008681241717,686,dementia,11.0054794520548
MrOS,0.0965147694002795,82.32719090946205,909,death,9.53424657534247
MrOS,-0.65821462177597,32.259644422012784,327,dementia,4.31506849315068
MrOS,-0.58023495842146,18.506020970149876,712,censor,10.6054794520548
MrOS,-0.21420043791023,58.030460199290204,717,dementia,1.35342465753425
MrOS,-0.38148525616899,51.295185138791055,565,dementia,1.72876712328767
MrOS,-0.979333514765921,13.374743180896338,435,death,7.59178082191781
MrOS,-0.398255225323361,39.441165886462024,25,death,11.8986301369863
MrOS,-0.916192759808661,13.260641100476928,701,death,3.32328767123288
MrOS,-0.13761522389226,82.0018206824652,55,death,8.76438356164384
MrOS,0.35739174262962,97.80478766536265,718,dementia,6.26575342465753
MrOS,-0.68383634748901,34.77734465195954,355,death,6.54246575342466
MrOS,-0.688783620651721,27.236821242502657,26,dementia,3.74246575342466
MrOS,0.33857668903396,89.52083435388579,630,censor,11.1616438356164
MrOS,-0.264018325006229,37.54802775168358,848,censor,10.9698630136986
MrOS,0.14725776577566,89.8730598001975,404,death,6.24109589041096
MrOS,-1.1414041087171,17.751439894121667,96,death,10.9095890410959
MrOS,-0.45898811405434,48.141930077594836,506,dementia,1.43013698630137
MrOS,-0.164205038205451,66.48465347360978,596,death,8.81369863013699
MrOS,0.15632376557746,68.96434799108769,558,death,8.54520547945205
MrOS,-0.48455863912191,40.56393319591307,721,dementia,6.38630136986301
MrOS,-0.73915758618988,19.718176472202853,173,death,10.5890410958904
MrOS,-0.642092610433519,28.39620682537218,628,dementia,3.58082191780822
MrOS,-0.15296032773517,74.72645829155579,566,death,10.5260273972603
MrOS,-0.443641054106701,27.19023762035,834,censor,10.4821917808219
MrOS,-0.0010810394724501,60.344944020731404,447,censor,10.4328767123288
MrOS,-0.15858362248012,69.26940332271107,568,dementia,1.80821917808219
MrOS,-0.3115248684023,31.198138944121293,522,censor,3.13972602739726
MrOS,-0.46479573356476,25.858756868746948,1051,censor,10.2821917808219
MrOS,0.50167201768122,90.39629609066725,906,censor,10.9287671232877
MrOS,-0.155061855682651,56.506895638360206,597,censor,10.572602739726
MrOS,0.215126224363421,82.52072273956925,1035,censor,10.6986301369863
MrOS,-0.792736848836179,25.781182637813444,259,death,2.5041095890411
MrOS,0.27440059126378,92.27081323494549,819,death,8.35342465753425
MrOS,-0.56710202701091,44.00623330665602,209,death,4.03835616438356
MrOS,-0.39507409690742,52.597334520917144,273,death,7.34520547945205
MrOS,-0.462256884966941,25.80183082988524,789,death,7.87945205479452
MrOS,-0.6899077336983,35.35680536368345,208,death,5.5041095890411
MrOS,-0.201513419101251,72.80690169810276,455,death,1.83013698630137
MrOS,-1.43522621927248,2.845536996381091,564,death,2.12328767123288
MrOS,-0.15097645057261,74.26440590569983,387,censor,10.7780821917808
MrOS,-0.538857200683979,44.283258333399715,454,censor,11.3945205479452
MrOS,-0.11397977263078,58.891815919103855,865,censor,9.30684931506849
MrOS,0.25080720089633,87.17129770120502,162,death,1.86849315068493
MrOS,-0.61833613146721,37.92526218137631,242,death,2.28767123287671
MrOS,-0.0425703260456302,88.15687964489263,300,censor,11.2328767123288
MrOS,-0.545133292105859,23.326642398330396,968,censor,10.7123287671233
MrOS,0.0517898890958193,67.53306710640682,1168,dementia,1.49315068493151
MrOS,-0.30526354000026,49.73767732835212,294,dementia,6.18082191780822
MrOS,-2.47032255324966,0.0,677,death,10.4356164383562
MrOS,-1.64167967702391,1.79827418237326,748,death,6.42739726027397
MrOS,-0.677151415214951,25.831891140438547,252,dementia,1.38630136986301
MrOS,-0.27814815389092,58.83916163520102,550,death,10.3205479452055
MrOS,-0.67871989890581,21.043126194823113,1018,censor,10.9452054794521
MrOS,-0.53217734645027,18.758368149170817,891,dementia,10.9095890410959
MrOS,0.24787365779093,92.94646085173848,296,dementia,3.54246575342466
MrOS,-0.18620570264259,55.18310381350074,27,censor,10.6794520547945
MrOS,-0.56166707531096,46.12234623038803,302,death,3.27945205479452
MrOS,-1.40350329859443,9.010334086697053,135,censor,11.5917808219178
MrOS,-1.77622900177588,2.1208223988802755,352,death,10.2109589041096
MrOS,-0.56162434191618,46.98625677357393,341,censor,11.6520547945205
MrOS,-0.127986329226751,86.53893243209673,144,death,6.2
MrOS,0.0414074193531107,68.78313961446435,719,censor,11.2328767123288
MrOS,-1.65632799925493,1.7518055264548205,528,death,1.85205479452055
MrOS,0.19596888270367,72.08316721200593,308,censor,11.2712328767123
MrOS,-0.0794813998565104,55.74205871580622,293,censor,10.6821917808219
MrOS,0.40583374447295,96.66909340918274,40,censor,10.8164383561644
MrOS,-0.63519852894203,22.53933243822637,38,censor,10.8712328767123
MrOS,-0.153456961056141,74.19461116747524,534,dementia,3.51780821917808
MrOS,-0.66373058146654,14.147669977279834,38,censor,3.75890410958904
MrOS,0.0440769512412103,44.97907237798224,26,dementia,1.02191780821918
MrOS,-0.37280678555874,56.92368115248294,344,dementia,5.78082191780822
MrOS,-0.67343166640737,21.00447363640322,1018,censor,10.786301369863
MrOS,0.50768605653699,95.79462474043908,37,censor,10.7506849315069
MrOS,-0.24905471937895,62.68831698309896,38,death,3.77260273972603
MrOS,-0.33308050989469,48.03797841112348,37,censor,3.66027397260274
MrOS,0.74029761351122,98.31460371333606,798,censor,10.586301369863
MrOS,-0.779588680687171,18.241890158353502,550,death,8.42191780821918
MrOS,-0.285765181239201,69.39777419626435,295,dementia,4.18904109589041
MrOS,-0.19801093314376,76.76530682961356,25,death,3.46575342465753
MrOS,-0.84824804723621,16.057328430562425,704,dementia,10.6520547945205
MrOS,0.15496909205448,54.274010863149485,36,death,7.91780821917808
MrOS,-1.44573524705736,5.306809160746396,497,death,4.43561643835616
MrOS,-0.8120302129271,19.267538393929698,471,death,7.26301369863014
MrOS,-0.70407826029587,26.565846630100197,724,censor,10.7671232876712
MrOS,0.0678596349950794,86.3705102433193,704,death,8.2027397260274
MrOS,-0.23188703506498,64.8667380860899,642,death,6.28767123287671
MrOS,-0.625147653021421,24.03071931764236,35,death,10.1616438356164
MrOS,-0.15863376093868,73.71612570046624,43,dementia,11.1479452054795
MrOS,0.138825535777841,74.40254725091438,38,censor,11.2164383561644
MrOS,-0.274710275268821,61.005795145181935,34,death,3.48493150684931
MrOS,-0.0811729846032804,47.85424670212018,524,censor,10.3150684931507
MrOS,0.0701728586904593,68.41990053205892,38,censor,11.2931506849315
MrOS,-0.228311764514081,85.82028281494519,27,censor,3.52876712328767
MrOS,0.247228485937789,96.31768717517203,261,death,3.31780821917808
MrOS,0.38052974148144,81.73971083991411,598,censor,10.8465753424658
MrOS,-0.41128606760762,5.323438381760693,25,censor,11.0931506849315
MrOS,0.0333807277761096,38.473195846251976,18,censor,11.1808219178082
MrOS,-0.4448302836202,53.95070062922887,333,death,8.18904109589041
MrOS,-0.765461284569869,23.691676808685187,601,dementia,5.59452054794521
MrOS,1.00076986379408,90.01092800952252,40,dementia,1.43013698630137
MrOS,-0.33806943948251,24.28363078386962,20,dementia,3.78630136986301
MrOS,-0.211456062252191,45.60052797094485,37,censor,11.0547945205479
MrOS,0.113006912453579,70.92061344525423,235,death,11.2356164383562
MrOS,0.21327948921991,91.81918917204308,19,death,2.4958904109589
MrOS,0.1236345966166,79.79647703185357,1068,censor,10.7945205479452
MrOS,-0.36074323538116,43.21810716189917,24,dementia,1.32328767123288
MrOS,0.50931075410748,94.80446652520632,43,dementia,1.3041095890411
MrOS,0.13600404389197,83.34233052264175,34,censor,10.9232876712329
MrOS,-0.79766728687633,23.653521489555175,319,censor,10.3041095890411
MrOS,-0.148836670211379,76.77876063993469,280,death,3.29041095890411
MrOS,-0.36889544619641,63.34225756789995,116,death,8.63561643835616
MrOS,0.0904741224907894,90.00825071603691,609,dementia,1.11780821917808
MrOS,0.02160657971787,61.498819997543436,610,censor,11.1232876712329
MrOS,-0.6056567676737,40.878806688824696,468,dementia,10.4465753424658
MrOS,-0.37769671814447,62.77473301982628,30,censor,11.4904109589041
MrOS,-0.17465603025136,33.18413138520552,42,death,1.49041095890411
MrOS,-0.26386928503936,38.98652888291977,34,dementia,6.36712328767123
MrOS,0.48599821865767,100.0,34,censor,10.6849315068493
MrOS,0.0925346943338596,66.80730532866566,674,censor,10.8849315068493
MrOS,-0.0462702675631803,88.37640696585055,43,censor,5.73698630136986
MrOS,-0.278839928339011,63.073172682247026,39,censor,11.4657534246575
MrOS,-0.214139210005921,39.735136043130325,880,censor,10.5890410958904
MrOS,0.68462780631765,100.0,13,censor,10.7342465753425
MrOS,-0.25734017801976,44.94534848671654,1132,dementia,6.38630136986301
MrOS,-0.38867363661808,41.07253730263221,40,dementia,1.47945205479452
MrOS,-0.711513615195349,14.511208551447034,764,dementia,1.41369863013699
MrOS,-0.56999849581092,28.5809501117945,25,censor,10.6383561643836
MrOS,-0.89014029673239,11.012226376562158,1098,death,10.2191780821918
MrOS,-0.4847850612578,28.86948559484171,918,censor,10.5506849315068
MrOS,-0.81869185290174,15.24841879967818,860,death,8.7972602739726
MrOS,-0.62013580968167,22.429916221054924,747,dementia,1.03013698630137
MrOS,-0.383586018530811,61.04326152560764,111,dementia,1.33150684931507
MrOS,0.64043938472806,98.11476494233834,882,death,9.86575342465753
MrOS,0.14189106170172,86.4199671096576,916,censor,11.2164383561644
MrOS,-0.76957903961694,15.044970341618141,1202,death,4.27671232876712
MrOS,-0.759770244371479,19.76863119118073,683,death,3.29315068493151
MrOS,-0.78648985774599,0.12624025372227296,32,censor,10.5616438356164
MrOS,0.456947059026039,88.66106180152374,975,death,7.35616438356164
MrOS,0.26176353679395,79.59090910659884,679,dementia,1.23835616438356
MrOS,-1.096544597814,5.0644551483814375,1113,death,10.5068493150685
MrOS,0.50494478158284,90.53586888823015,1032,censor,11.1945205479452
MrOS,-0.17527453154833,51.57425812344906,24,dementia,1.60547945205479
MrOS,0.309643550905859,82.72416083381268,276,censor,10.8438356164384
MrOS,0.5935457610962,96.87608755511089,910,death,10.8849315068493
MrOS,-0.40513604470797,27.599708877753784,813,dementia,5.55342465753425
MrOS,-0.175218314197009,55.16694435266393,909,censor,11.4301369863014
MrOS,0.607770045333061,100.0,12,dementia,6.62465753424657
MrOS,0.87243179722567,99.56144470057232,662,censor,6.43013698630137
MrOS,-1.00601902216653,5.865242067999996,585,dementia,3.6986301369863
MrOS,0.40949782047191,85.77349531443166,37,dementia,1.51232876712329
MrOS,-0.0771105528371507,58.06807365650477,620,censor,9.97260273972603
MrOS,0.309903599366091,85.7957997370407,649,dementia,1.3041095890411
MrOS,-0.177246657475889,44.74733388383976,672,dementia,1.41369863013699
MrOS,0.22349273827371,70.87886566007613,417,censor,11.1753424657534
MrOS,-0.78779787349084,18.307891416873208,875,death,5.12054794520548
MrOS,-0.548963014523289,54.7120088634146,125,dementia,11.3068493150685
MrOS,0.77706689477326,99.06921922856995,1182,death,4.11232876712329
MrOS,-0.10330419686279,48.93287826699508,977,censor,10.5917808219178
MrOS,-0.80728310457973,12.860246683887537,992,censor,10.9342465753425
MrOS,0.33333861336986,86.63810021649526,1043,dementia,1.2
MrOS,-0.61966617934204,41.91235263349631,29,death,11.2109589041096
MrOS,-0.481142670402301,35.4294076891113,777,dementia,1.22191780821918
MrOS,-0.20996401456871,46.14032776875955,761,death,2.20547945205479
MrOS,-0.30857623422019,39.3908377405012,1105,death,6.42191780821918
MrOS,-0.25048939069157,44.841219608187814,32,dementia,1.13698630136986
MrOS,-0.1690476427695,53.95406943069526,28,censor,11.1616438356164
MrOS,-0.35977521383862,36.96557745429571,962,censor,10.6109589041096
MrOS,-0.12772013918993,70.91993014805801,18,censor,11.2465753424658
MrOS,-0.431377849503841,36.85983046226601,15,death,11.3013698630137
MrOS,0.0564094663582097,70.70351731980553,1163,death,3.51506849315069
MrOS,0.16991829449594,80.05666279705663,1005,censor,10.3178082191781
MrOS,0.47763716288019,94.54817783633973,599,death,6.78356164383562
MrOS,-0.29303754888853,40.95700968813529,630,death,7.13972602739726
MrOS,-0.75511886678815,12.612398428280642,1005,censor,10.1424657534247
MrOS,-0.24876509776939,34.67549998487825,864,death,8.43013698630137
MrOS,-1.14073470452589,6.998352791997593,624,death,2.36438356164384
MrOS,0.6349795408861,94.08454126032927,858,censor,11.4493150684932
MrOS,0.0092875533297899,80.61874153268373,677,censor,10.8739726027397
MrOS,0.97564273821688,99.15410469393899,230,censor,6.24657534246575
MrOS,-0.555045457226031,42.67234916717685,514,death,5.06027397260274
MrOS,0.52677505800211,97.45207363997086,1042,censor,11.9205479452055
MrOS,-0.78365388166184,19.827854822836944,777,death,7.95068493150685
MrOS,-0.766734200691999,21.921325919304454,601,death,7.82191780821918
MrOS,0.19748526099859,96.34555738451962,80,dementia,0.693150684931507
MrOS,0.4482246740195,96.77718957164151,794,death,6.83835616438356
MrOS,-0.73421436329411,11.798522946827315,960,death,6.63013698630137
MrOS,0.99401464433399,99.68395132415472,936,dementia,3.27945205479452
MrOS,-1.20593844402873,8.84076448631772,575,death,4.97808219178082
MrOS,0.11311704247085,85.78896041684357,716,death,8.16438356164384
MrOS,-0.46825174697142,42.92362149976082,813,censor,11.7561643835616
MrOS,0.12064193073963,72.82998512410629,384,censor,11.1835616438356
MrOS,-0.78963141560006,26.674429788978397,274,death,9.89315068493151
MrOS,-0.28671903512148,65.04926526845347,558,dementia,2.27945205479452
MrOS,-0.0099751646577104,65.45501143461095,793,death,7.35068493150685
MrOS,-0.0336192746650298,91.5465534252978,216,dementia,1.25205479452055
MrOS,-1.75655574078452,0.897423568560017,494,death,4.97260273972603
MrOS,-0.40040128048075,43.717158623884366,769,censor,10.8986301369863
MrOS,-0.72570646682985,14.638335073660148,628,censor,10.4219178082192
MrOS,-0.0035474661461606,55.413765374937796,919,dementia,5.9041095890411
MrOS,0.0399797974321999,62.92346110209759,888,censor,10.9671232876712
MrOS,0.0691391023806702,85.20711857139413,773,death,10.0109589041096
MrOS,-0.20290878862325,49.75471747926147,1075,censor,9.78904109589041
MrOS,-0.96616602183115,9.093148892964093,866,dementia,1.23287671232877
MrOS,0.0772212572893693,78.35282454194058,955,death,8.86575342465753
MrOS,-0.33454350855399,48.818650462392306,928,death,9.44109589041096
MrOS,-0.18084588263022,61.45195010062657,619,death,7.81095890410959
MrOS,-0.91579039796828,12.459281993253112,865,death,9.6
MrOS,0.20565669301879,90.35785468832101,522,death,8.35068493150685
MrOS,-0.81445230291895,20.095666405067345,244,death,4.34794520547945
MrOS,0.0511191802283705,64.48627535437323,670,censor,10.1013698630137
MrOS,-0.474080368422349,32.43854123338109,943,death,2.87671232876712
MrOS,-0.46901859591528,34.83244292773871,1050,death,8.89315068493151
MrOS,-0.4412086994078,35.15289647357516,821,censor,11.558904109589
MrOS,-0.92657182742165,7.627503093756741,504,death,7.18630136986301
MrOS,-0.281886074229919,39.277353967213436,751,death,6.70958904109589
MrOS,-0.68772419452134,74.0849008028483,12,death,6.52328767123288
MrOS,0.32274899168728,99.61612263028884,185,death,8.58356164383562
MrOS,0.0476459240907005,68.83806168058634,906,censor,10.4246575342466
MrOS,0.74801831301443,98.89776969937903,538,censor,6.36164383561644
MrOS,0.13623838292845,70.41204907268713,847,death,5.0027397260274
MrOS,0.16880530245747,70.99160539291037,929,censor,10.7972602739726
MrOS,0.15542269698571,90.75476104276109,528,dementia,7.07123287671233
MrOS,0.45240536135349,87.30894248074776,862,death,8.18356164383562
MrOS,-0.9156191159351,13.371775248860004,907,censor,3.37260273972603
MrOS,-0.77180663364754,26.867759451795894,323,death,9.67123287671233
MrOS,0.07752199809904,74.13258846066574,892,censor,11.2547945205479
MrOS,0.13072375521137,70.27800593242846,1065,censor,10.3123287671233
MrOS,0.50190285867843,87.3113061544714,205,censor,11.0301369863014
MrOS,-0.741733474839511,13.985600215295738,768,death,10.3178082191781
MrOS,-0.41857429442524,35.16877969211499,1126,dementia,4.13972602739726
MrOS,-0.57292335221165,17.83904356421149,419,death,6.85479452054795
MrOS,-1.21852950691144,9.264711880685,140,death,10.8383561643836
MrOS,0.74379354310546,96.94097715045459,977,censor,10.2356164383562
MrOS,-0.75446476994113,15.035360730087321,656,censor,10.5150684931507
MrOS,0.209816353651939,88.31342085451519,659,censor,10.6082191780822
MrOS,-0.0778947877685994,66.81217511999328,586,dementia,3.3972602739726
MrOS,-0.412939587866759,39.606863647655885,591,censor,11.4849315068493
MrOS,-0.437466970971521,46.207865080698014,698,dementia,6.55616438356164
MrOS,-0.559526900697109,25.457991296901618,1116,censor,10.1972602739726
MrOS,-0.651103776289951,15.532486760054253,473,death,3.21095890410959
MrOS,-1.15260730486029,6.737492364390421,829,death,5.04383561643836
MrOS,1.19257414368638,100.0,1053,death,9.35890410958904
MrOS,-0.24655802802862,52.55103672461892,717,death,5.70684931506849
MrOS,0.0470156432709601,60.85973609847622,856,censor,11.2958904109589
MrOS,-0.345920904275479,26.763755973364628,153,dementia,1.18630136986301
MrOS,-0.31859582209533,41.3713554776012,1100,censor,10.241095890411
MrOS,-0.32717772240203,33.150191253868144,936,censor,10.6657534246575
MrOS,-0.8430493694539,6.371122486033377,594,censor,10.7260273972603
MrOS,0.715677111083249,98.20113821431829,1152,death,10.6958904109589
MrOS,-0.28382093899685,39.35175474319453,920,censor,10.3917808219178
MrOS,0.598622576593659,92.03243241477594,883,death,9.73698630136986
MrOS,1.38335566342901,100.0,209,death,11.7808219178082
MrOS,-0.43399241240115,26.564276100154803,675,censor,9.55890410958904
MrOS,-0.37838301173657,57.49359212123489,134,dementia,3.52054794520548
MrOS,-1.28292153586114,2.375419705136529,695,censor,9.86301369863014
MrOS,0.433884905053191,85.08848096996671,405,censor,10.3479452054795
MrOS,0.51805944346372,91.29360911604809,889,censor,11.0876712328767
MrOS,0.26920308679975,80.31548685915963,1115,censor,11.2986301369863
MrOS,0.710456673375759,98.81710979377992,619,dementia,1.45753424657534
MrOS,-0.212659352283799,67.2179781772194,410,death,4.67671232876712
MrOS,-0.51215027645777,28.29022832238122,1169,death,9.09041095890411
MrOS,-0.43881139897329,25.06328261368441,837,censor,10.6849315068493
MrOS,-0.10252189861892,64.50412568978345,991,censor,11.3123287671233
MrOS,-0.55343941563637,26.93053861805346,206,dementia,2.84109589041096
MrOS,-0.55316873016361,25.675863399889867,710,censor,9.83835616438356
MrOS,-1.5554009540288,2.2403011061878497,705,censor,11.4438356164384
MrOS,0.38800396929373,77.05096855000588,45,death,8.35342465753425
MrOS,0.10955622780249,65.20672634205422,650,dementia,1.36712328767123
MrOS,-0.2341135502659,42.465098578224676,1147,death,9.61369863013699
MrOS,-0.7902767586038,24.337814079213175,181,dementia,0.764383561643836
MrOS,0.471908484861081,94.14280470628282,1149,death,2.67397260273973
MrOS,-1.59197146808093,2.284896678932814,692,death,10.8
MrOS,-0.395756492602089,41.91449411923236,510,death,11.5205479452055
MrOS,-0.61340100187292,34.46205602921365,575,dementia,5.40547945205479
MrOS,-0.52079207561513,22.184397142150047,792,censor,10.6575342465753
MrOS,-0.63118713735107,38.23568086666601,276,dementia,9.97260273972603
MrOS,-0.90749090453027,8.771460324280993,1143,death,10.9945205479452
MrOS,0.346093423609079,78.25692229481065,407,censor,11.3972602739726
MrOS,-1.12205075798298,10.85128966315918,277,censor,3.53424657534247
MrOS,0.435290666456039,86.30349710931905,929,death,10.2493150684931
MrOS,-0.47336852321156,23.194343218413213,746,death,7.86575342465753
MrOS,-0.49190162433801,26.0586572266493,892,censor,10.0328767123288
MrOS,-0.63769848461845,24.89837163194445,774,death,8.76986301369863
MrOS,-0.18398667840204,61.43344591416645,926,death,4.16164383561644
MrOS,-0.0592004311746607,67.96884282648361,962,censor,10.9890410958904
MrOS,-0.46984015140888,20.648138107878978,642,censor,5.68767123287671
MrOS,-1.52503268605738,4.7210041764437225,603,death,3.33972602739726
MrOS,-0.46299497799457,18.638384639175875,677,censor,10.241095890411
MrOS,-0.11515505437423,72.302836337018,556,death,5.42739726027397
MrOS,0.20031279263431,70.31656400362994,893,death,7.12054794520548
MrOS,-0.958538587548981,9.784364268064312,887,censor,10.9123287671233
MrOS,0.67301314042704,95.97840311005652,807,death,11.0520547945205
MrOS,-0.575677735420609,23.613608145628167,1131,censor,10.6493150684932
MrOS,-0.0223154575508104,64.50785369622398,1017,death,9.97534246575342
MrOS,0.699332964841111,95.86845607663376,642,death,7.71232876712329
MrOS,-0.10564982394625,41.01818134827449,314,censor,10.4547945205479
MrOS,-0.20808453005185,81.48322371196562,200,censor,10.0958904109589
MrOS,-0.50411786941892,51.001282893659436,355,death,7.90958904109589
MrOS,-0.23221147972265,38.32036677376454,469,death,6.54794520547945
MrOS,-0.35792494682357,50.95623674782345,606,censor,10.7041095890411
MrOS,-0.21380819389739,37.00736550658556,774,censor,10.5287671232877
MrOS,0.1998253850086,78.40715326940783,905,dementia,11.8109589041096
MrOS,0.26698146798982,79.57775070262215,811,dementia,3.22191780821918
MrOS,-0.0042387085594299,63.798118984360556,1124,censor,10.3671232876712
MrOS,-0.55348400343287,49.46892718441826,281,death,7.26027397260274
MrOS,0.15984699747512,72.3741031384936,630,censor,10.0301369863014
MrOS,0.36390210694136,82.08312853574122,282,censor,10.586301369863
MrOS,-0.20150971774745,49.74149026075226,631,censor,11.186301369863
MrOS,-0.462849902307519,28.02527900632114,502,censor,10.3342465753425
MrOS,-0.0243466334745804,50.25631639685964,598,censor,3.14520547945205
MrOS,-0.86231187904863,8.107461179586695,946,censor,9.92876712328767
MrOS,0.54094152360301,90.68217528810192,351,censor,10.4904109589041
MrOS,0.3258169875334,81.23626382067441,681,censor,10.7041095890411
MrOS,-0.71495807044147,19.99138877861592,152,censor,10.7260273972603
MrOS,-1.06835002540824,5.106233339094099,1208,censor,10.7369863013699
MrOS,0.0874624980204302,68.22463649166079,744,censor,10.3835616438356
MrOS,-0.681571229417059,14.486897950459273,904,censor,11.1972602739726
MrOS,-0.590126283984161,20.66048374759776,910,censor,11.6794520547945
MrOS,-0.08646579881284,68.76293122921062,373,death,3.27397260273973
MrOS,0.18511229222395,67.71500411425113,686,censor,10.8301369863014
MrOS,-0.3978862135185,46.84714145137942,272,dementia,0.536986301369863
MrOS,-0.25897584814951,46.08258951252598,1153,censor,11.4219178082192
MrOS,0.486135773481909,84.92391769915773,348,death,10.1205479452055
MrOS,0.13992044661137,73.35500921482138,1081,censor,10.9369863013699
MrOS,0.0299760440288907,77.31844098048586,793,death,3.98630136986301
MrOS,0.61948979037426,92.80450027190496,924,censor,10.9917808219178
MrOS,-0.64291487426927,20.65472246927224,905,censor,10.3397260273973
MrOS,-0.173343078698321,82.28247567797466,241,dementia,3.31780821917808
MrOS,-0.10304040929837,67.82499283771301,535,dementia,1.11506849315068
MrOS,0.338157893344599,94.92833259141254,870,censor,3.44109589041096
MrOS,-1.11988167730188,4.330672866946235,547,censor,11.1506849315068
MrOS,-0.72799061618887,22.48143139888285,165,death,9.55342465753425
MrOS,-0.525859642075559,31.263277783378562,589,death,4.74794520547945
MrOS,0.668500152325031,95.22630919601765,727,censor,9.84383561643836
MrOS,-1.16804131217005,14.517432538668123,147,death,5.4958904109589
MrOS,-0.650551979748511,16.271092799460867,625,death,11.2301369863014
MrOS,-1.05694859989912,5.408896536949093,856,death,8.13150684931507
MrOS,0.183199625742471,75.6057700564316,1079,death,3.47397260273973
MrOS,0.0859151382550294,62.48616434205609,681,death,6.33698630136986
MrOS,0.18148784572881,83.5033311705395,1111,death,4.98082191780822
MrOS,-0.71556322972873,11.660368912796082,790,death,3.68219178082192
MrOS,-0.93296757378645,12.3769753877874,618,censor,9.84109589041096
MrOS,-0.63937544340446,31.309666045121347,560,censor,10.0876712328767
MrOS,-0.143126486216831,56.22309276195192,1041,censor,9.71780821917808
MrOS,-0.772242905733439,13.162363593972577,875,dementia,10.9123287671233
MrOS,0.0108001945668804,62.714015598182954,194,dementia,3.29315068493151
MrOS,0.134405259232609,78.23524039792845,603,death,3.82191780821918
MrOS,0.0626729988544596,71.60012902629242,1131,death,9.19452054794521
MrOS,-0.80355676906765,15.21990977863626,1104,dementia,0.904109589041096
MrOS,-0.3226308393363,41.031779674391025,1114,death,11.1890410958904
MrOS,0.55618656928945,92.04688831770311,156,death,10.4821917808219
MrOS,0.48682152732603,83.8485104998857,340,censor,10.2383561643836
MrOS,-0.54315426182991,35.813281385821355,830,death,9.75068493150685
MrOS,-0.0578010546334696,67.99668064793097,938,censor,10.3260273972603
MrOS,-0.17136634289607,46.94850606339029,808,death,10.4328767123288
MrOS,-0.0720870042536603,53.869389641145666,695,censor,10.1397260273973
MrOS,-0.14228612398509,58.08941891879761,988,dementia,2.51232876712329
MrOS,0.0561223272138093,61.26157141382929,858,censor,11.2904109589041
MrOS,-0.768108906116839,11.294396249298787,373,censor,3.31506849315068
MrOS,-0.04049957923812,74.37386873127274,544,death,4.3972602739726
MrOS,-0.0395737269341694,61.53845634189396,1056,censor,10.0547945205479
MrOS,0.409896797913051,91.73828540354438,555,dementia,10.6849315068493
MrOS,-0.95073763525093,10.871191894856622,793,death,7.74246575342466
MrOS,0.62695127219486,96.17033602717899,663,dementia,6.84383561643836
MrOS,-0.567950682542229,33.348992304557434,664,death,7.96986301369863
MrOS,-0.47171869269167,38.47859402045266,757,censor,10.2465753424658
MrOS,-0.10884894292831,42.8817942625738,765,censor,10.0876712328767
MrOS,-1.42918747483775,1.2998000702899082,854,censor,3.5972602739726
MrOS,0.15490509698417,72.32540289094597,999,death,9.33972602739726
MrOS,-0.2374497964714,48.332289155175644,1165,censor,10.9561643835616
MrOS,0.38260188603129,84.17263943685542,871,death,1.43287671232877
MrOS,-0.24072910628404,37.98149410237789,815,censor,11.0712328767123
MrOS,0.15718878278541,86.30144250370557,713,death,3.7041095890411
MrOS,0.0219059706213798,79.85708010097399,815,censor,6.16712328767123
MrOS,-0.0795557851182096,42.73421043376985,71,censor,10.1068493150685
MrOS,-0.38747499275791,39.16608442594777,1090,censor,3.02739726027397
MrOS,0.42796791368782,95.89135547958283,473,death,7.02465753424658
MrOS,-0.45622409882906,24.871746747072777,918,censor,10.6849315068493
MrOS,-0.26304691182323,40.17760777032191,554,censor,10.972602739726
MrOS,-0.0849837367293205,67.66490474201632,447,death,2.67671232876712
MrOS,0.22616859866266,76.81346812304106,867,death,7.93972602739726
MrOS,-0.35589872986849,41.923916203320665,1073,dementia,5.0986301369863
MrOS,-0.98711590401048,11.392965018026953,442,censor,10.7753424657534
MrOS,-0.713829692807791,18.570174421694052,956,death,3.87671232876712
MrOS,0.0543088014403097,71.1299509663635,761,censor,10.2027397260274
MrOS,0.84069066523176,99.09428895736768,1126,censor,9.63561643835616
MrOS,0.673040083531799,96.19446430576724,885,censor,11.2767123287671
MrOS,-0.610063709407029,38.89292692412638,355,death,6.41095890410959
MrOS,-0.10828917209728,48.90125988708374,916,censor,10.0328767123288
MrOS,-0.403346026054101,35.279381813700496,900,censor,10.6986301369863
MrOS,-0.106237674589489,51.6656206069787,234,censor,10.3698630136986
MrOS,0.2026588872095,76.6998457526857,451,censor,10.3150684931507
MrOS,0.287254061424621,70.42257767608429,254,censor,9.95342465753425
MrOS,0.0297026512851204,64.14668059792866,644,dementia,0.780821917808219
MrOS,-0.2989508921479,30.484783810321655,748,censor,11.5452054794521
MrOS,0.26531407052307,95.77924378960218,316,death,9.13424657534247
MrOS,0.641457788268811,95.02273327328588,1097,censor,11.1424657534247
MrOS,-0.91366861177345,16.191651215721684,205,death,8.9041095890411
MrOS,0.3361292766407,77.13610640454118,501,dementia,10.9095890410959
MrOS,0.742138264424089,96.75642383277359,816,censor,10.813698630137
MrOS,0.20566001654559,82.4608065933686,936,censor,11.241095890411
MrOS,0.4915235077246,94.01562323361769,940,censor,9.37808219178082
MrOS,0.84978658326791,99.08191840408693,777,censor,10.0821917808219
MrOS,-0.985238824150819,6.2887350344245565,930,censor,3.64931506849315
MrOS,0.110113090889141,67.64485310662921,636,censor,11.2027397260274
MrOS,0.56703257773077,93.27528930001118,821,death,10.986301369863
MrOS,-1.0002276878552,8.776140326710486,969,dementia,3.64109589041096
MrOS,0.32927849299991,94.78545710923646,735,censor,9.77534246575343
MrOS,-0.47750748839503,27.07514360760995,1162,death,3.38630136986301
MrOS,-0.03777989077998,75.03329564336109,776,censor,10.4931506849315
MrOS,0.53808969389622,92.55880712372779,880,censor,3.43013698630137
MrOS,-0.699327874309991,20.11307036516468,507,censor,10.6986301369863
MrOS,0.49672437226219,86.71705806641178,215,death,1.64109589041096
MrOS,-0.44065747751561,35.80339899309304,972,death,9.48219178082192
MrOS,-0.17329066750608,59.27417425109655,774,censor,10.2602739726027
MrOS,0.67426337927449,74.19690903951607,13,death,7.25205479452055
MrOS,-0.47365605337688,27.92011805875091,1093,censor,10.3561643835616
MrOS,-0.57855178712142,23.594479489214688,914,censor,10.7561643835616
MrOS,-0.0295400870254198,63.0640675241572,528,censor,10.372602739726
MrOS,0.111098617245349,70.78661346204507,1025,death,4.90684931506849
MrOS,-0.23937630258466,40.35236038240941,1060,censor,9.66849315068493
MrOS,1.03110297581657,100.0,127,censor,10.5178082191781
MrOS,-0.30409056002996,55.925697354735426,283,death,9.92054794520548
MrOS,-0.3489344375169,52.44513950546228,354,death,3.4027397260274
MrOS,-0.2590014885169,36.65024110223596,977,censor,10.4712328767123
MrOS,-1.05884236897541,7.012798445995029,948,death,8.90958904109589
MrOS,-0.518575365676411,30.00219315091541,520,death,8.3013698630137
MrOS,0.36915971110232,83.45413659578091,733,censor,4.37260273972603
MrOS,-0.29800198634441,39.72494732670703,285,censor,10.7260273972603
MrOS,0.18555974607479,85.47112543600844,849,death,11.0986301369863
MrOS,0.852010536654009,99.50650010084257,921,censor,10.8356164383562
MrOS,-0.0145153978080799,69.87349437538832,853,censor,4.02191780821918
MrOS,-0.68434930804123,55.11170607020677,11,death,3.24931506849315
MrOS,0.216625071676199,89.18394558633513,369,censor,11.7178082191781
MrOS,-0.58858192093,16.318086922073707,379,censor,10.8191780821918
MrOS,0.293078185104061,83.64742457686656,1014,death,5.8986301369863
MrOS,-0.0307388891362194,62.09514940887217,725,censor,10.8328767123288
MrOS,-0.32103501608584,44.68333037676084,979,death,4.63561643835616
MrOS,-0.60523810451119,23.556099361079198,1096,censor,11.4027397260274
MrOS,-0.88029092929056,6.474938357121248,474,censor,10.9506849315068
MrOS,-0.49150324908935,45.04322433258271,138,death,3.1013698630137
MrOS,0.14497730620824,79.96623753919177,503,censor,11.4054794520548
MrOS,-0.50539767932722,25.757467566391714,482,censor,11.3013698630137
MrOS,-0.0401554110380602,58.932266334051036,1120,censor,11.4054794520548
MrOS,-0.192388236263611,50.101438913914535,1042,censor,10.5479452054795
MrOS,-0.0115797301392504,67.40283124263284,1078,censor,10.758904109589
MrOS,0.0458662758337596,50.889722954357275,288,death,7.60821917808219
MrOS,0.0427397298654299,76.31801522600445,98,death,2.93698630136986
MrOS,-0.74253185924955,10.375980338001586,685,death,8.66849315068493
MrOS,-0.86347929900455,7.319809940950691,496,death,8.88219178082192
MrOS,0.42955974769763,87.83766194624057,376,censor,10.3260273972603
MrOS,-0.55725513351896,19.83570968152713,1060,censor,10.0876712328767
MrOS,-0.6575316945906,18.768520994205563,1090,death,7.91232876712329
MrOS,0.416357769006309,93.61118939187405,1171,death,10.427397260274
MrOS,0.2584173938825,77.39556914173075,781,dementia,11.3945205479452
MrOS,-1.05431714124165,18.30540713029739,139,dementia,4.09315068493151
MrOS,0.12404558888792,81.13864265376873,391,death,7.33150684931507
MrOS,-0.27457450983686,31.483539038005226,769,death,6.6958904109589
MrOS,0.0584965678149601,74.8913044683807,988,dementia,3.97808219178082
MrOS,0.564363472369089,95.09303442932388,907,censor,10.1917808219178
MrOS,-1.0629935235657,3.729779205041697,693,censor,10.8602739726027
MrOS,-0.18852814787903,54.42283389685122,1017,death,11.7095890410959
MrOS,0.128260789177109,80.31052783482474,913,death,5.56986301369863
MrOS,-0.831834025676331,16.239911646088377,726,censor,11.6438356164384
MrOS,-0.228074475950049,66.62358824660578,264,censor,9.76438356164384
MrOS,-0.39941031987089,23.172891580879366,668,death,6.21095890410959
MrOS,-0.311785060709769,42.52290087456933,900,death,7.08493150684932
MrOS,-0.20027002168778,62.469967779453206,817,dementia,6.05205479452055
MrOS,-1.55671675631666,2.307203157715651,459,dementia,3.4986301369863
MrOS,-0.45317721348564,30.44855924054702,795,censor,10.5917808219178
MrOS,-0.26847191308063,46.85328577875997,965,censor,10.0657534246575
MrOS,-0.1951873015104,44.15885104658273,308,dementia,3.71506849315068
MrOS,-0.718742286197509,11.885555649686674,851,death,8.32876712328767
MrOS,-0.30971607997778,42.59081905123123,1012,censor,10.7260273972603
MrOS,-0.24154777220009,34.03519515618504,830,censor,11.4904109589041
MrOS,-0.47972618050111,40.79060541270078,479,death,4.13150684931507
MrOS,-0.409611918398831,31.9104728032821,1140,censor,9.95068493150685
MrOS,-0.0221918023531302,64.19129431784113,686,censor,10.4575342465753
MrOS,-0.172640771132269,50.36884864394058,695,dementia,6.95616438356164
MrOS,0.192003740252601,75.37480188298197,950,dementia,1.6986301369863
MrOS,-0.61527449019429,37.75058148631613,281,death,10.8493150684932
MrOS,-0.74877662176681,11.892894724059557,1052,censor,10.6493150684932
MrOS,-1.63144479093481,0.5594387161548647,716,dementia,11.413698630137
MrOS,0.30241213844606,83.00746991617112,1025,dementia,10.7095890410959
MrOS,-1.25204635056428,6.5760396890651265,393,censor,11.1917808219178
MrOS,0.0803828135607901,80.80021945145003,943,censor,11.6849315068493
MrOS,0.0104583809274999,62.53434841015559,1037,death,10.8931506849315
MrOS,-0.846365680275019,17.34479937143917,745,death,5.9972602739726
MrOS,-0.96109671382421,6.740329945004767,309,censor,10.8520547945205
MrOS,0.283967018272681,78.59315628806105,733,censor,9.82739726027397
MrOS,-0.31610248473264,35.61375783467379,467,censor,10.5671232876712
MrOS,-1.11699385833177,9.264440931997548,427,death,9.71506849315069
MrOS,1.32147960373536,100.0,805,death,3.43287671232877
MrOS,-0.315929833950091,35.66346085900658,716,censor,10.8986301369863
MrOS,-0.13518074119377,73.29309222796957,630,dementia,1.17808219178082
MrOS,-0.29231930132683,41.821849559345445,385,censor,11.3561643835616
MrOS,-0.317601283261099,25.15485598070231,662,censor,10.9315068493151
MrOS,0.67853125607798,96.05927588401376,978,dementia,1.15616438356164
MrOS,0.0627070243716204,82.49629041896885,812,dementia,4.02465753424658
MrOS,1.17835583659854,100.0,456,death,11.5315068493151
MrOS,-0.96737219922379,8.861834004823107,933,death,8.55616438356164
MrOS,-0.0476311758898802,43.16617988370306,546,censor,11.0109589041096
MrOS,0.204243381202249,77.74437356036474,972,censor,10.786301369863
MrOS,-0.57164901511474,20.70298430056146,1020,censor,9.93424657534247
MrOS,-1.22541557935388,6.3326180785145025,588,death,11.6383561643836
MrOS,-0.264192827412521,67.2759930484888,63,death,9.34520547945205
MrOS,-0.79208077139656,13.702602472507555,997,censor,3.99452054794521
MrOS,-0.62832686856697,23.61600464194065,893,censor,9.72602739726027
MrOS,0.340833253415551,89.64470967307344,1118,dementia,10.6465753424658
MrOS,0.356818655174,93.4996772116884,1069,censor,10.5260273972603
MrOS,-0.39537625560923,28.53626477250422,817,censor,10.3561643835616
MrOS,-0.0811324420527498,51.78541500696363,797,censor,10.3424657534247
MrOS,-0.0585494007137399,55.61563758877173,819,death,8.41643835616438
MrOS,-0.95336742036797,12.789388523554738,418,dementia,4.3041095890411
MrOS,-1.04209435280239,2.107862496680252,448,censor,10.8109589041096
MrOS,-0.0274401679933405,48.340909670245175,405,dementia,1.79178082191781
MrOS,-0.761617651091881,16.58389598329168,878,censor,10.8904109589041
MrOS,-0.0556971333261103,55.72023823109536,914,censor,10.3150684931507
MrOS,0.321526626628891,82.07696825668681,752,death,8.10684931506849
MrOS,-0.52043994285107,31.141288379002503,301,death,6.94246575342466
MrOS,-0.19532594245081,50.16048590107164,1121,dementia,7.0
MrOS,0.315913573619621,82.27862916422332,1043,censor,10.8109589041096
MrOS,0.70729844099565,95.72489300141245,259,death,3.92054794520548
MrOS,-0.1719179800612,72.02283963930631,450,death,10.0054794520548
MrOS,-1.14875282700026,11.60647597638405,116,death,3.15890410958904
MrOS,0.21790292178767,70.92508466976305,731,censor,10.5534246575342
MrOS,0.167742247787101,85.27063575138236,1042,death,11.5561643835616
MrOS,0.287821992999901,81.05758408020972,648,censor,10.7369863013699
MrOS,-0.74556425658311,13.528153903123588,955,censor,10.2219178082192
MrOS,0.112063210922329,67.86357084362861,962,censor,11.2657534246575
MrOS,0.195914449199699,75.15870300924601,937,censor,1.41917808219178
MrOS,-0.20173459452614,51.26870082518497,935,censor,10.2630136986301
MrOS,-0.390048032913781,43.070594482963905,937,death,8.12328767123288
MrOS,-0.2436034106909,42.6552113656704,802,censor,11.613698630137
MrOS,-0.98947544106986,6.396643049823246,1127,censor,10.3753424657534
MrOS,0.58300539098731,93.53728803906992,1104,death,7.20821917808219
MrOS,-0.0929511567412007,55.57880808283349,546,censor,9.7013698630137
MrOS,-0.263981272928891,42.77083287282356,1201,death,10.8547945205479
MrOS,-1.39348014158323,4.276132994042116,768,death,9.71506849315069
MrOS,-0.47124501398652,33.29844262177594,982,death,10.4684931506849
MrOS,-0.331338259257799,42.2355603621995,1123,censor,10.627397260274
MrOS,0.22860316179832,75.8908699904124,1073,censor,11.213698630137
MrOS,-0.0906909909368395,57.87252642287683,273,censor,4.31232876712329
MrOS,-0.0024205589798199,84.94468798578583,262,death,2.58904109589041
MrOS,-0.16067988411758,61.17305710285313,428,censor,10.6657534246575
MrOS,-0.22974913739061,57.58524659863231,898,death,11.0191780821918
MrOS,-1.39673712427059,2.090395494931693,1036,dementia,1.73150684931507
MrOS,0.0686417099881098,81.20215296575464,957,death,9.66849315068493
MrOS,-0.51379254612863,30.836607327103327,795,censor,11.0630136986301
MrOS,0.0518246049354801,81.1695646306223,383,death,3.69315068493151
MrOS,0.690819147071851,97.6364912591191,1138,censor,10.2986301369863
MrOS,0.20655813546109,92.52973878647389,462,censor,4.10958904109589
MrOS,0.24610610170549,92.43494384587515,139,death,5.49315068493151
MrOS,-0.31621998703032,32.30536486020615,880,censor,9.7013698630137
MrOS,-0.0643527648591302,70.0165935470625,529,dementia,4.32328767123288
MrOS,-0.43437846578536,37.358331943602266,634,censor,10.9342465753425
MrOS,-0.338339031357719,54.17848696656579,500,censor,11.0547945205479
MrOS,-0.33665952417003,24.953346473473086,613,censor,11.386301369863
MrOS,-0.82689295470946,10.667160702803304,1131,death,7.61643835616438
MrOS,0.69549929325664,94.95065951865787,269,death,8.42465753424658
MrOS,-0.25478893773153,47.674276622155865,1085,censor,4.27671232876712
MrOS,-0.4256566262048,26.73042730095872,1052,censor,10.7835616438356
MrOS,-0.0332382889764702,55.47704914941859,1005,censor,11.4739726027397
MrOS,-1.41684526742383,9.536577239197493,130,death,7.72876712328767
MrOS,-0.66851352992217,14.88615438406857,899,death,10.2958904109589
MrOS,0.0598274145699605,74.35250472832656,1124,censor,3.83835616438356
MrOS,-0.35885678872007,45.33878663471257,815,death,10.172602739726
MrOS,0.209990997028299,72.85708605567488,354,censor,10.1698630136986
MrOS,0.56922679763679,94.53300489141954,1115,dementia,1.53698630136986
MrOS,-0.51479775726576,19.955178222712142,769,censor,11.6794520547945
MrOS,0.0535226779836705,88.07421328305357,312,death,12.0465753424658
MrOS,0.58395474741959,93.81303975671332,911,death,7.24383561643836
MrOS,-0.0456157166503701,52.544180466387296,643,censor,10.0328767123288
MrOS,0.27820898014018,90.09289329067632,938,dementia,3.56712328767123
MrOS,-0.357143412944519,28.046763340862412,931,censor,10.8712328767123
MrOS,0.3830669096189,95.03247077924884,978,death,8.15616438356164
MrOS,-0.18558664838595,45.4243771011765,997,death,11.8794520547945
MrOS,0.3977863471269,92.4757419584059,1185,censor,9.95342465753425
MrOS,-1.37602299807468,2.0947460796136856,985,death,7.52602739726027
MrOS,-0.68756191506839,21.152154741868713,882,censor,11.2794520547945
MrOS,-0.0764683149471395,72.01769697465188,563,censor,10.7643835616438
MrOS,-0.39782502924682,34.71754571889617,270,death,8.83561643835616
MrOS,-0.94952510901405,13.582750231325734,714,dementia,3.97808219178082
MrOS,-0.0964330740224199,58.990542486755125,786,censor,11.3123287671233
MrOS,0.49397919499347,86.16725211621026,373,censor,11.5561643835616
MrOS,0.0619532035195107,61.45413467054265,555,death,6.91232876712329
MrOS,0.101197132455719,69.56224022080775,479,dementia,4.25479452054795
MrOS,-0.29444370237112,32.867855316201464,789,censor,10.7424657534247
MrOS,0.11497669039845,74.37950350909689,955,censor,9.5945205479452
MrOS,-0.0694476352890206,60.10034462834796,1184,censor,10.2
MrOS,-0.0850157389442799,78.34555457702513,59,dementia,6.12876712328767
MrOS,0.8310494365631,98.61445838870304,814,censor,9.93150684931507
MrOS,0.45733154736545,87.74318107184453,435,dementia,4.1013698630137
MrOS,-0.64858995779677,16.909641343266856,436,censor,10.4767123287671
MrOS,0.0969496671929505,69.97375054761723,1086,censor,9.8958904109589
MrOS,0.361286265430419,94.833158583232,706,death,8.14246575342466
MrOS,-1.36107557953985,3.2318823162556582,870,censor,11.5068493150685
MrOS,0.446513518530899,90.84795787279467,274,dementia,3.87123287671233
MrOS,0.0259579610627796,52.99201022304458,513,censor,10.186301369863
MrOS,0.35587094529771,96.39117424510486,430,death,8.15616438356164
MrOS,-0.40109543366447,32.959095776485455,808,dementia,1.22739726027397
MrOS,-0.56662190738698,18.357364324293293,986,censor,11.0438356164384
MrOS,-0.185879764074799,52.179730994566356,1030,censor,10.227397260274
MrOS,-0.49562674614384,32.14800355680905,874,death,9.6027397260274
MrOS,-0.31417769177914,63.851538407787,525,death,9.39178082191781
MrOS,-0.78083926081768,21.423528376643713,706,censor,6.26849315068493
MrOS,-0.5268036784201,22.02520333475315,1038,censor,10.4383561643836
MrOS,0.42924458836265,87.60262399885252,1017,censor,10.1698630136986
MrOS,-0.22874341904399,36.920685842496226,830,censor,10.7232876712329
MrOS,-0.24281221554515,76.39254543692672,220,death,7.78630136986301
MrOS,-0.379058914593379,39.573946893238585,857,death,7.62465753424657
MrOS,-1.20279710444062,8.9058581591595,448,death,12.0493150684932
MrOS,-1.19675243049429,4.434378461434876,617,dementia,10.8493150684932
MrOS,0.0542139708414098,81.09651549228184,358,dementia,4.04931506849315
MrOS,-0.41190419614684,44.328547878959455,795,dementia,6.9041095890411
MrOS,0.18579240426922,78.90696115672213,931,censor,6.87945205479452
MrOS,-0.32947912720941,39.75848474181308,1151,censor,10.3972602739726
MrOS,-0.19377186745524,47.1005935595237,1157,censor,11.1068493150685
MrOS,-0.377671148735701,28.968373326657083,961,censor,9.93150684931507
MrOS,-0.90756360345676,8.473897869580554,1074,death,10.3780821917808
MrOS,0.28171210256257,82.73965588325281,1083,censor,11.1616438356164
MrOS,-0.73339087422556,18.67927543602701,880,censor,12.0465753424658
MrOS,0.20434190200404,72.63133445526114,880,censor,9.86027397260274
MrOS,0.39340867309009,94.34251228566991,35,dementia,4.14246575342466
MrOS,-0.180511174419431,59.396522923053546,38,censor,10.5397260273973
MrOS,0.850677475002171,99.64621588934871,362,censor,9.73698630136986
MrOS,-0.0753311360374198,61.84439899612572,636,death,2.90684931506849
MrOS,-0.77865660910615,13.907164655238335,1048,death,6.06849315068493
MrOS,-0.18878432233748,58.026917281894484,880,censor,9.62739726027397
MrOS,0.260463809648139,91.18401210851373,581,dementia,1.2
MrOS,-1.0075141703592,12.80554586560427,435,censor,11.027397260274
MrOS,-0.44497217801915,32.078742793165716,903,dementia,10.3890410958904
MrOS,0.14875686754431,85.87260570693755,27,censor,10.5013698630137
MrOS,0.33612988822334,78.03567212284288,362,censor,9.7041095890411
MrOS,-0.90867869417477,13.192927876497423,820,censor,11.5260273972603
MrOS,-0.0135448771435705,58.82982442057327,1049,censor,10.5342465753425
MrOS,-0.43064055451279,25.121700740163472,122,death,1.81643835616438
MrOS,-0.49063794136526,25.726079840900894,608,censor,10.986301369863
MrOS,0.255791184740541,80.48115478659022,1107,censor,10.4931506849315
MrOS,0.0103588945995995,67.30617547840365,794,censor,10.3342465753425
MrOS,0.0671440516349506,76.27388259389649,700,censor,10.6602739726027
MrOS,0.58408561120728,98.14766246674765,425,death,2.04931506849315
MrOS,0.40009358942413,84.11055699891462,542,death,7.88219178082192
MrOS,0.100110217438539,69.3006343439826,40,censor,10.4301369863014
MrOS,0.34562143617091,92.25491330247772,27,dementia,10.2821917808219
MrOS,-0.1027452514429,54.875484879779556,263,censor,10.9178082191781
MrOS,-0.71512798545732,17.771511311492,877,dementia,7.31780821917808
MrOS,0.27537512011757,92.7425111492676,558,death,8.28219178082192
MrOS,-1.68965814853714,2.769940769211643,396,dementia,6.47123287671233
MrOS,-0.0440947879838504,57.457509716433165,510,death,3.80547945205479
MrOS,-0.36327761863168,32.910638503550004,1055,censor,10.5150684931507
MrOS,-1.10179522993227,9.578236318527228,577,death,8.15616438356164
MrOS,-0.66532811547918,27.69527835813919,597,censor,10.5397260273973
MrOS,-0.64874747706962,15.979840583987901,545,dementia,3.15342465753425
MrOS,0.329720294759861,83.72922605040779,537,censor,9.84657534246575
MrOS,-0.61856907532408,12.52061137462562,689,censor,10.4109589041096
MrOS,-0.11706685781717,48.03906359549315,1010,censor,10.4109589041096
MrOS,-0.635581664829471,18.431253085793674,1119,censor,10.3369863013699
MrOS,-0.9628520857309,13.048894130964767,465,death,9.16986301369863
MrOS,-0.32398467834181,29.411836657029234,748,dementia,10.4
MrOS,-0.0670183947503702,54.79019374271202,572,censor,3.18082191780822
MrOS,-1.24370182980914,5.371339637615122,408,death,8.94246575342466
MrOS,0.0698891241620501,77.59452802387449,593,death,4.20547945205479
MrOS,-0.34804352409779,32.13525624700284,378,censor,9.55616438356164
MrOS,-0.71581931490355,26.08338628336571,654,dementia,3.11780821917808
MrOS,0.24153267140592,88.77150148565009,998,death,10.5890410958904
MrOS,0.0589782068982103,67.7827623153924,811,death,9.06575342465753
MrOS,-1.27784060269195,36.45935232004426,26,death,6.32054794520548
MrOS,0.23896171918679,84.50250096748385,649,censor,3.14794520547945
MrOS,-0.50605630609238,38.7076130191569,727,censor,10.5205479452055
MrOS,0.17518869975745,92.37179559190054,546,dementia,7.34246575342466
MrOS,-0.45606412067005,62.87427551150128,106,death,1.87397260273973
MrOS,-0.58504184173792,25.106020533046376,935,death,8.25753424657534
MrOS,0.38510609713021,87.37029692630774,1119,death,2.86849315068493
MrOS,0.720896244026299,99.16264329242604,782,censor,10.4191780821918
MrOS,-0.793533437190589,10.139260601089145,535,censor,10.4465753424658
MrOS,0.359207237465,84.80198442245056,937,censor,10.3342465753425
MrOS,0.0659992017511101,87.34955059324194,425,death,10.4191780821918
MrOS,-0.25154765501955,41.691390606687875,753,censor,10.7068493150685
MrOS,-0.15389940331934,44.94483002361412,694,censor,10.3479452054795
MrOS,0.0125119131553006,65.93026900245991,1118,death,7.75890410958904
MrOS,-0.176821180823571,37.88139148994022,430,dementia,1.20547945205479
MrOS,-0.24932668397894,70.11582303624112,321,death,5.17534246575342
MrOS,-0.54426269099262,24.116795532205256,644,dementia,3.13150684931507
MrOS,-0.99785793357359,11.671971676001215,391,death,4.02191780821918
MrOS,0.0425581479810205,63.95180571146274,672,censor,6.8958904109589
MrOS,-1.53925760142506,1.7107681907072672,822,censor,10.4109589041096
MrOS,-0.52711975558974,66.909087214136,31,dementia,1.32876712328767
MrOS,-0.11299574202246,46.681148518367166,980,censor,10.4356164383562
MrOS,0.27543037512085,86.871168342207,211,dementia,1.08767123287671
MrOS,-1.08905878422368,8.373019800125094,677,dementia,10.4328767123288
MrOS,-2.72951414903662,2.3304286785892314,355,dementia,1.11780821917808
MrOS,-0.11389985101081,58.05619606169323,1154,censor,9.97260273972603
MrOS,-1.34973207613066,3.6567176317632053,890,death,11.5534246575342
MrOS,-0.0847495163855797,64.57902557922577,1027,censor,9.92602739726027
MrOS,0.39150470460925,94.99097059651075,23,death,10.3424657534247
MrOS,-0.12811499451946,71.56008137308864,398,death,5.64383561643836
MrOS,-0.56338447482716,22.083014829187032,396,censor,3.15616438356164
MrOS,-0.0522933546838004,61.298257464693776,1182,death,1.65753424657534
MrOS,-0.05215147199401,57.0225350287449,493,censor,2.82739726027397
MrOS,-0.583282256848121,18.139342072022448,1044,censor,10.158904109589
MrOS,0.1601599896241,73.26667966428758,925,censor,10.4328767123288
MrOS,-0.814073565193919,13.209448071038398,1024,censor,10.4712328767123
MrOS,-0.860626996396709,13.426328993522244,737,censor,10.4904109589041
MrOS,0.0872735798933803,67.10773378426855,465,death,7.43287671232877
MrOS,-0.64597963617436,32.255560827829655,587,dementia,7.31506849315068
MrOS,0.0327640660376403,63.3463777994681,974,censor,10.0493150684932
MrOS,0.39809703559135,83.22850590404548,841,death,5.0
MrOS,-0.279484986559611,34.146907310746236,809,censor,10.4657534246575
MrOS,0.573900605673509,94.62834223035362,456,dementia,10.4794520547945
MrOS,0.471926350407129,96.30318228388748,412,death,2.4986301369863
MrOS,0.28503780702942,82.36078157905162,684,censor,3.10958904109589
MrOS,-0.7664564890501,15.067836763848456,929,dementia,5.57534246575342
MrOS,0.15824521286503,71.59927123381014,790,death,3.26575342465753
MrOS,0.257068120793591,83.37693108116459,1201,censor,10.3972602739726
MrOS,-0.546805593366641,21.21427193492781,1062,censor,10.4904109589041
MrOS,0.390034857447429,86.32900103897775,702,censor,10.4383561643836
MrOS,-0.762858975364141,24.482756646289754,630,censor,10.7835616438356
MrOS,-0.835321414148051,10.408671318716934,1102,censor,10.5780821917808
MrOS,-0.50911396135127,21.910745084900473,742,censor,10.558904109589
MrOS,-0.600001844596539,44.21257787901549,328,censor,10.5890410958904
MrOS,-0.49276819315801,21.674935128151482,827,censor,10.558904109589
MrOS,1.17798549962007,100.00000000000001,702,death,8.89315068493151
MrOS,-0.1301817557837,61.31078991442956,510,death,6.18356164383562
MrOS,-0.354246154128531,48.938797519054795,787,censor,10.5397260273973
MrOS,-0.58010055524948,21.960159534978754,1191,censor,10.5095890410959
MrOS,-0.240967230679389,70.96517849409697,61,dementia,1.20547945205479
MrOS,0.37784030859969,87.94021023722343,1093,censor,10.4986301369863
MrOS,0.30612748143265,91.21658139092136,1086,dementia,3.16986301369863
MrOS,-0.351667931497261,39.08303533036065,1179,dementia,11.1424657534247
MrOS,-0.83817929849763,19.79224268504053,599,dementia,3.24109589041096
MrOS,0.72574997150757,98.79719316000526,980,dementia,3.24383561643836
MrOS,0.42613625534962,85.64468283997365,727,censor,10.4876712328767
MrOS,0.27443219942765,80.16516589779951,733,censor,10.4767123287671
MrOS,0.28381203408735,81.59020079628752,1059,dementia,1.24657534246575
MrOS,-0.32940462555467,33.242456420080444,613,dementia,3.21095890410959
MrOS,-1.08743546149556,7.246768333860331,268,censor,3.21369863013699
MrOS,-0.431474233690869,26.25277648040755,269,censor,10.6794520547945
MrOS,0.37852198599919,86.76426722998539,547,censor,10.5972602739726
MrOS,0.0495448097356103,75.85298486448275,1030,censor,10.5945205479452
MrOS,0.44820376583983,91.64798840037308,857,censor,10.6630136986301
MrOS,0.18467804807451,81.5064756461557,443,dementia,10.7534246575342
MrOS,0.32838811288284,76.1146867175983,559,censor,11.1616438356164
MrOS,-0.32387338200554,47.70878942067154,821,censor,10.627397260274
MrOS,0.10617356685587,95.52481515757998,219,dementia,3.1041095890411
MrOS,0.64357645596585,95.61532719909785,663,dementia,4.04657534246575
MrOS,-0.17253732210531,46.77551843053426,844,death,5.76438356164384
MrOS,0.0022618484499005,61.47737690778509,994,censor,9.85205479452055
MrOS,-0.60177902579689,15.689393608509075,873,censor,10.0109589041096
MrOS,-0.284619618958681,36.76180730412426,21,dementia,3.22465753424658
MrOS,0.39950970091454,84.7118683512646,863,dementia,1.07397260273973
MrOS,-0.747365410934469,29.306723930199016,210,death,4.45205479452055
MrOS,-0.0336986105364701,55.078137487129275,750,censor,10.6082191780822
MrOS,0.0107161866482997,72.1245148990537,1064,censor,10.6575342465753
MrOS,-0.33219188420962,41.29174413945042,935,censor,10.8109589041096
MrOS,-0.120319153381119,66.0356232198155,545,death,4.94794520547945
MrOS,0.502822523333801,87.93034215196329,673,censor,10.6054794520548
MrOS,0.63909079248387,93.12817185286086,853,dementia,2.88219178082192
MrOS,0.11140442699235,66.2513923044122,594,censor,10.1506849315068
MrOS,-0.11046113757213,65.2542976229577,891,dementia,1.19452054794521
MrOS,-1.23679024715701,5.058664528942898,576,dementia,1.20821917808219
MrOS,0.0503339879201803,62.64288886159235,782,censor,10.7561643835616
MrOS,-0.71818433472988,12.036284963900828,789,censor,10.6821917808219
MrOS,-0.72385134656088,19.18204463860893,960,censor,10.7616438356164
MrOS,0.10776189150466,72.2365590332712,1027,censor,10.9123287671233
MrOS,0.17811944089063,72.10758053517571,1052,censor,6.39452054794521
MrOS,-0.79264729882024,9.626348496715945,987,censor,10.7178082191781
MrOS,-0.30069223242247,48.48839449418035,922,censor,10.7150684931507
MrOS,-0.71207733967162,10.679799599585344,818,censor,10.2684931506849
MrOS,0.29594106786712,90.34350736946021,251,death,3.2958904109589
MrOS,-0.0334408087151999,45.378373686199176,544,censor,11.4191780821918
MrOS,-0.49840512927049,28.414280424295725,1115,censor,10.7178082191781
MrOS,-0.75019959758621,20.579143711713822,871,death,7.77260273972603
MrOS,0.711970455753701,96.44579125938012,644,censor,10.7123287671233
MrOS,-0.214072767016771,38.9367165064691,661,censor,10.7424657534247
MrOS,-0.0625920418602306,61.468818377022004,899,dementia,6.17260273972603
MrOS,-0.16166604996058,58.312444549010586,883,dementia,3.44931506849315
MrOS,-0.96515238258999,12.596305896339299,397,dementia,7.17260273972603
MrOS,0.0096229426437304,77.96839781017768,718,death,6.96164383561644
MrOS,-0.257793461456281,52.2050476106375,282,dementia,1.22465753424658
MrOS,-0.18586997258129,57.824540033359725,898,censor,10.9616438356164
MrOS,-0.72144914756401,24.13695725082003,367,censor,6.5013698630137
MrOS,-1.14361937975129,6.27794799188623,761,death,6.73424657534247
MrOS,-0.38660522455333,33.32026047693213,687,censor,10.7287671232877
MrOS,-0.15053336776263,48.42775765436612,819,death,8.1013698630137
MrOS,0.18312387181055,82.55314606762252,1032,censor,10.8219178082192
MrOS,-0.59592176319216,23.636671230118058,885,censor,10.2465753424658
MrOS,-0.749389238504109,18.510473722522487,173,death,4.26027397260274
MrOS,0.0083135931356395,59.804593740519095,605,censor,9.94246575342466
MrOS,0.0261160932160294,80.04141883342417,403,death,4.68219178082192
MrOS,0.24316900256721,87.20645120124075,962,censor,10.9698630136986
MrOS,-0.23959623397507,49.8938552383158,249,censor,11.5205479452055
MrOS,-0.47326232154531,37.28649654180325,591,censor,10.8767123287671
MrOS,0.49199213151566,94.73906572253021,1172,censor,6.55342465753425
MrOS,-0.57966301859783,29.651226292137864,982,death,9.38630136986301
MrOS,-0.25376780477639,66.47285141207473,20,censor,11.1095890410959
MrOS,-0.28950038540623,47.73751368934579,999,death,11.6164383561644
MrOS,0.13286489062709,82.3932918191876,715,death,10.4054794520548
MrOS,-0.865397374884959,11.691542862907264,34,dementia,1.3013698630137
MrOS,0.30138219926971,87.89087662457665,906,dementia,1.26027397260274
MrOS,0.5873218482673,91.66646713255282,723,censor,10.0301369863014
MrOS,-1.51373440749856,4.422151141068764,99,death,4.12602739726027
MrOS,-0.0313527092748899,68.39995681248692,999,censor,3.28767123287671
MrOS,-0.220269688533099,43.99834443776055,796,censor,2.84109589041096
MrOS,-0.94312996357051,8.528075266924025,1161,death,5.69315068493151
MrOS,-0.26263709202595,70.97910657505159,199,death,2.81095890410959
MrOS,0.0987254933524497,71.69498710426159,1141,censor,10.8054794520548
MrOS,0.39070806332371,89.25011572039789,150,dementia,6.18630136986301
MrOS,0.568509406988061,90.37289420822489,744,censor,10.8328767123288
MrOS,0.44906123014043,91.7067795146273,1083,death,11.6794520547945
MrOS,-1.392549891172,2.8894016111004985,589,censor,10.8904109589041
MrOS,-0.85480727684331,14.307371297159436,239,death,10.0958904109589
MrOS,-0.130785697208771,44.97547346165263,255,censor,3.39452054794521
MrOS,-1.20028371419394,16.72705430245789,79,censor,10.8821917808219
MrOS,-0.41213534874544,25.621275490326898,820,censor,10.9150684931507
MrOS,0.23788788351095,84.28653272149262,308,censor,10.7808219178082
MrOS,-0.06529154009243,53.12850716096776,906,censor,10.9561643835616
MrOS,-0.02343855232469,56.51159324361154,858,censor,10.9013698630137
MrOS,-0.208618128055311,55.69048591537568,987,death,6.98082191780822
MrOS,-0.57867255015025,30.518834398625135,34,dementia,1.4027397260274
MrOS,0.02746590436914,59.98987997069217,886,censor,10.8767123287671
MrOS,-0.57479242626162,28.587100423529353,730,censor,7.28493150684931
MrOS,0.0151867070860405,76.61502509022543,691,dementia,3.4958904109589
MrOS,0.08343405257923,67.20318471224101,885,dementia,10.6246575342466
MrOS,-0.21064939262819,51.085659963070384,1074,dementia,3.64657534246575
MrOS,0.355791706438011,92.8259467639309,609,censor,10.7616438356164
MrOS,-0.3828409785684,27.664852810369254,470,censor,10.8246575342466
MrOS,0.27998426932236,92.58863637990882,962,death,10.6739726027397
MrOS,-0.65507817766124,22.01498668978383,691,censor,10.8356164383562
MrOS,-0.72382601627004,19.20673014563723,869,censor,3.3972602739726
MrOS,0.32145631558889,91.43106715302031,1007,dementia,0.926027397260274
MrOS,-0.30387019176427,57.18213026806682,658,censor,10.9232876712329
MrOS,-0.26547291657421,34.37335694309527,727,censor,10.9178082191781
MrOS,-0.62810703863823,25.919510178069995,872,death,3.03835616438356
MrOS,0.143916193315221,83.08894799635881,698,death,4.1013698630137
MrOS,0.0091012607031501,46.39577025180599,294,death,5.94246575342466
MrOS,0.210473229076371,85.55266995523208,578,death,6.77808219178082
MrOS,0.20678590357946,82.14860766826955,654,censor,10.6794520547945
MrOS,-0.14350428790402,51.245590021550996,783,censor,10.8684931506849
MrOS,-0.30246791735549,31.12088016137746,361,dementia,1.33150684931507
MrOS,-0.24500440288508,52.32877281939626,1065,censor,10.8164383561644
MrOS,0.23643401206467,86.06446756923893,792,death,3.65479452054795
MrOS,-0.20133148708299,71.83890089258908,176,death,2.15616438356164
MrOS,-0.17391067808816,45.13813966153272,1068,censor,3.01095890410959
MrOS,-0.16394201167616,59.436567100706974,1072,death,10.7232876712329
MrOS,0.318964740969081,83.06129903279574,1079,censor,10.9041095890411
MrOS,-0.1806429569545,36.526723198197836,764,censor,10.9643835616438
MrOS,-0.27374924874831,60.65347932519067,597,dementia,3.37808219178082
MrOS,0.26528207216242,86.78744853732499,999,censor,11.0849315068493
MrOS,-0.45396763685971,42.42134758265841,456,censor,11.0246575342466
MrOS,-0.17109349090636,51.08719925817895,36,censor,11.2575342465753
MrOS,0.30855282464812,83.66847530352275,1108,dementia,1.4027397260274
MrOS,-0.03422814195646,57.69341710305386,915,censor,10.4547945205479
MrOS,0.0254800986562103,73.45480543639427,790,death,10.3945205479452
MrOS,0.05624630737301,72.7368184588352,41,death,9.61917808219178
MrOS,-0.23730140641606,45.80589863268648,43,censor,10.8876712328767
MrOS,-0.0933695424221,56.37076292374093,518,death,4.13972602739726
MrOS,-0.23089911623148,57.82028420820128,35,dementia,1.35342465753425
MrOS,-0.321389674684541,42.09358297947677,1072,dementia,10.4
MrOS,0.04358701878771,66.25690441965467,43,censor,3.53698630136986
MrOS,-0.953258914747229,22.79349730474557,31,dementia,1.19452054794521
MrOS,-0.37605007176908,29.802413166148614,42,censor,10.2821917808219
MrOS,-0.65464916312335,13.061342279199424,231,censor,10.9479452054795
MrOS,0.53053127361916,82.0053048270478,26,censor,10.9260273972603
MrOS,-0.16718733740194,36.9394995694069,672,censor,10.7890410958904
MrOS,-0.369001449920751,25.34121532049281,859,censor,10.2958904109589
MrOS,-0.37924733155691,38.12476545541943,345,censor,10.8712328767123
MrOS,0.43201138333817,91.63416064670389,430,censor,10.9041095890411
MrOS,-0.325945896597101,39.26798118675814,42,dementia,3.31780821917808
MrOS,-0.32903154172115,43.72094918646386,1089,censor,5.53698630136986
MrOS,-1.00001906292333,6.261441338357215,785,death,3.67671232876712
MrOS,-0.0177117519837594,60.72543913120618,1064,censor,10.8657534246575
MrOS,-0.59213841879076,13.435012363513254,685,dementia,10.8849315068493
MrOS,-0.50103089960725,36.95107564374017,724,dementia,10.9205479452055
MrOS,0.35636973967608,88.05422503761204,797,censor,11.0109589041096
MrOS,-0.0717945294978094,55.348626464459144,474,dementia,1.32876712328767
MrOS,-1.15014777180056,6.9174850005664394,967,censor,11.0301369863014
MrOS,-0.36378260712308,38.242186782555656,544,censor,11.1287671232877
MrOS,-0.357630169445321,33.56777137232712,987,censor,11.2246575342466
MrOS,-1.21990653687906,2.9525754728518794,1163,death,11.6849315068493
MrOS,-0.0058390276815501,62.77855377084158,859,death,2.42191780821918
MrOS,-0.0967305357090098,45.63190576890119,619,censor,10.4465753424658
MrOS,-0.20546982826189,49.62006480345435,594,death,10.5068493150685
MrOS,-0.0295853335526104,69.70285041232935,35,censor,10.9424657534247
MrOS,-0.102653198731259,51.53142754777862,40,dementia,0.986301369863014
MrOS,0.704750036006401,97.8302998752849,636,death,3.33698630136986
MrOS,-0.30231961167061,38.25448932951843,1054,censor,10.8794520547945
MrOS,-0.0165248359302097,73.89934736654601,919,censor,10.8109589041096
MrOS,0.29027722152327,79.92016525975876,718,censor,11.0767123287671
MrOS,-0.217314565473519,60.01132881330818,604,death,10.0356164383562
MrOS,-0.48671665918269,28.117594310263453,1054,censor,10.8876712328767
MrOS,0.339170214373659,79.68935073563804,37,death,8.68767123287671
MrOS,-0.0738430634825605,54.572228547612674,831,dementia,3.68493150684932
MrOS,-0.804782509109479,14.578446011040922,1142,censor,7.36438356164384
MrOS,0.44995899304193,89.03388820670769,942,dementia,3.60821917808219
MrOS,-0.0289201124125995,59.12219114347161,352,censor,10.5890410958904
MrOS,0.800037003628221,100.0,36,dementia,1.41643835616438
MrOS,0.409706179346369,85.04381067736962,886,censor,10.8986301369863
MrOS,-0.34690717484203,49.21073677826197,29,death,7.48219178082192
MrOS,-0.16226990355966,74.8177195127407,484,death,6.4986301369863
MrOS,-0.2792021107594,37.90332878276668,838,death,11.1150684931507
MrOS,0.58220730653297,97.69929862155209,673,dementia,10.9068493150685
MrOS,-0.12814295377146,83.325175485392,261,censor,6.83835616438356
MrOS,-0.426672928599859,30.612673159597822,663,censor,10.958904109589
MrOS,-0.44186176166513,29.001469481671236,396,death,8.1972602739726
MrOS,0.391629516773649,83.58413754006813,868,censor,11.2767123287671
MrOS,0.0026703150486298,66.92517397798035,1152,censor,11.4684931506849
MrOS,-0.0373489720760602,58.39537684010141,1110,censor,10.9616438356164
MrOS,-0.66904555737336,22.720922861884887,967,censor,7.35616438356164
MrOS,-0.55996313659623,28.584927229735197,1118,death,1.51506849315069
MrOS,0.05158462425225,65.70931889725485,861,dementia,11.3260273972603
MrOS,0.335386783390931,79.01498990137215,26,censor,4.10684931506849
MrOS,-0.0732351855687597,53.968729403338266,44,death,5.76438356164384
MrOS,0.172152415148069,69.61672017801075,40,dementia,3.77534246575342
MrOS,-0.413071945380371,35.294478167341055,33,censor,10.6246575342466
MrOS,0.23194566036011,81.81272063391067,41,censor,11.0109589041096
MrOS,-1.47274837110316,4.624797814256858,422,death,6.95342465753425
MrOS,-0.629185870592011,22.24152302994381,233,death,5.60821917808219
MrOS,-0.374774367216079,37.2432728429085,750,death,9.87671232876712
MrOS,-0.0096472945555305,39.73907536373131,33,dementia,10.9534246575342
MrOS,0.0967569740776497,74.20446877650191,48,death,2.31780821917808
MrOS,0.62813393247549,95.64531964136603,991,death,5.67397260273973
MrOS,-0.18863420991386,67.24433090747246,33,dementia,3.71780821917808
MrOS,-0.76592684920504,16.749841232978838,28,censor,11.2958904109589
MrOS,-0.553157374125659,20.23248438984792,974,death,8.13150684931507
MrOS,-0.0382752133969305,58.23003911817101,554,censor,10.9205479452055
MrOS,0.0654884647265902,78.28719282440733,886,death,9.46575342465753
MrOS,-0.2610432848027,33.34530634983601,953,censor,10.9616438356164
MrOS,-1.03584204610274,11.551878555400496,531,death,4.87123287671233
MrOS,0.334468781730899,89.37245820146725,593,censor,10.8794520547945
MrOS,0.65536927292346,94.69537672809065,794,dementia,11.2109589041096
MrOS,-0.11397977826972,48.589253755184956,732,censor,10.8191780821918
MrOS,-0.0958262402987003,47.19511854606582,433,censor,10.8493150684932
MrOS,0.50819363325131,89.99375281569826,465,dementia,3.60547945205479
MrOS,-0.44469239112087,30.743370417472146,567,censor,10.9068493150685
MrOS,-0.294793824530529,34.01160230624668,467,censor,10.9479452054795
MrOS,-1.22350919809624,5.644763177427091,844,censor,10.9452054794521
MrOS,-1.40397100139012,5.203191898197161,246,censor,10.8493150684932
MrOS,-0.28547594203193,56.151388528923114,420,censor,10.3917808219178
MrOS,-0.93758000435548,17.087153956752953,355,dementia,3.78082191780822
MrOS,0.2386610786742,89.93875830099407,881,censor,10.8547945205479
MrOS,0.0428292771665795,65.31798682581132,408,censor,10.8493150684932
MrOS,-0.13807690371322,45.244841150993274,919,censor,10.9561643835616
MrOS,0.01613076951446,70.68909836627519,686,censor,6.66849315068493
MrOS,-0.19469101320871,39.55560945365607,862,death,1.44383561643836
MrOS,0.460293260681139,87.49933591419027,505,censor,3.81369863013699
MrOS,-0.5221958127123,37.663036473542014,474,death,11.2438356164384
MrOS,-0.25789859643743,48.630946298897776,946,death,3.44657534246575
MrOS,0.19268289380304,83.8003762605454,1097,censor,3.79178082191781
MrOS,-0.0242116040862896,63.97112594139261,942,censor,10.8547945205479
MrOS,0.0409021019772894,69.7384856232124,1069,censor,10.9342465753425
MrOS,-0.12526639642081,55.73636242377131,169,censor,3.84383561643836
MrOS,-0.0449133027329594,56.36896854614558,581,death,8.36164383561644
MrOS,0.0451108907573996,66.003760844803,896,censor,11.0164383561644
MrOS,0.145038842364259,82.62523677297912,512,death,11.1205479452055
MrOS,-1.27344697687762,5.154853246335788,426,censor,1.45205479452055
MrOS,-0.9766921785726,9.559275467816178,980,censor,11.0657534246575
MrOS,0.218836654798641,77.07197776795539,1093,censor,10.9671232876712
MrOS,-0.19776395369902,38.852914212656415,820,censor,10.9534246575342
MrOS,-0.30811595512338,47.06650025338973,584,dementia,1.43287671232877
MrOS,0.0030302766799493,53.62893461852708,805,censor,10.8575342465753
MrOS,-0.98354795863813,11.833173107485601,479,dementia,7.34246575342466
MrOS,-0.555424295029699,23.316279293896955,943,censor,11.1178082191781
MrOS,-0.56815406710643,24.463365604995264,848,censor,10.5506849315068
MrOS,-0.41488310950116,24.482601342737745,679,death,2.7013698630137
MrOS,-1.02358743853686,6.382356610748341,1136,censor,10.9232876712329
MrOS,-0.0260940398805602,55.52277544745612,301,death,10.3808219178082
MrOS,-0.0234728328280895,73.91508894362728,728,death,8.98904109589041
MrOS,-0.236691069092289,68.33591797475405,52,censor,5.20547945205479
MrOS,-1.22871947593676,4.305272197666329,1002,censor,10.5534246575342
MrOS,-0.235646314646419,68.50085278255136,376,death,9.32328767123288
MrOS,-0.0926572578498394,49.98213241866699,631,censor,11.1205479452055
MrOS,0.34110440631167,88.13499783846893,1156,dementia,10.8328767123288
MrOS,-0.30693822466456,47.27341591865956,1024,censor,10.8547945205479
MrOS,0.457253159759721,94.69351828689054,1070,censor,10.7041095890411
MrOS,0.46262968953812,85.69584247987682,587,censor,10.7287671232877
MrOS,-0.696274759740059,14.602954492669712,934,censor,6.49315068493151
MrOS,0.0696927025298507,75.1240194467506,38,dementia,5.38356164383562
MrOS,-0.0824310961836602,49.41080114268634,16,death,9.99452054794521
MrOS,0.33398816453298,83.39111038469325,1067,censor,10.7369863013699
MrOS,-0.83457201007641,10.408148701900583,492,dementia,10.3534246575342
MrOS,0.0130942115578307,61.16631821024719,1014,censor,10.8547945205479
MrOS,0.12788396800559,69.32550238754784,717,censor,3.80547945205479
MrOS,0.74407583463026,96.85223637190077,825,censor,5.68219178082192
MrOS,-0.0400314979834206,50.84099498510057,531,death,8.05753424657534
MrOS,0.0616955301269002,61.16376986922803,800,censor,10.8986301369863
MrOS,0.34835797928429,92.53738894435273,1057,censor,10.8493150684932
MrOS,0.67554144933554,93.9648872857542,746,censor,10.2219178082192
MrOS,0.78023757930831,97.32875386930415,1014,death,6.2
MrOS,0.416809514621851,83.41801512067961,578,censor,10.8328767123288
MrOS,-0.30758180596215,37.77168544053411,1121,censor,10.9041095890411
MrOS,-0.136653435704579,42.900062444321605,785,censor,10.7808219178082
MrOS,0.381669351787239,82.47960484594653,790,censor,2.81643835616438
MrOS,-0.16298728903117,68.86079247914684,630,death,10.7698630136986
MrOS,-0.20595312909083,29.55814430249942,490,death,5.19452054794521
MrOS,0.273972740473781,85.7044017545223,1072,death,5.05205479452055
MrOS,0.09528356763593,67.56207658878732,1035,censor,10.7835616438356
MrOS,0.41022939547467,84.24993004857828,801,censor,10.8
MrOS,0.35200884936187,78.06269290056298,446,death,4.56164383561644
MrOS,0.0391928756647204,69.14199433631964,1117,censor,3.09041095890411
MrOS,-0.2352919363176,61.28058441020089,288,dementia,1.12876712328767
MrOS,-0.2499327127065,47.10146884197893,935,censor,10.358904109589
MrOS,-0.57117739757747,37.63419992354975,590,dementia,1.59452054794521
MrOS,0.66201264132991,97.11378130317574,1180,dementia,4.76164383561644
MrOS,0.375972959978201,87.44949278357414,998,dementia,1.16164383561644
MrOS,0.22772806906099,85.13972867778917,1043,death,6.98356164383562
MrOS,-1.01341539505714,5.6372422986419535,409,censor,12.158904109589
MrOS,-0.474237405019591,35.54817718904365,703,death,8.63013698630137
MrOS,-1.27547417580409,2.99530821267553,820,dementia,7.64657534246575
MrOS,-0.68647556279186,23.971689434420554,320,censor,11.8054794520548
MrOS,0.145026729577209,90.39270139945278,718,dementia,7.51506849315069
MrOS,-0.750846169319649,30.82416284504589,282,dementia,0.545205479452055
MrOS,-0.45096739292521,33.021075487303946,332,death,9.04931506849315
MrOS,-0.86612831162779,10.280319541370599,837,death,10.9561643835616
MrOS,0.0519690199392201,58.22693842216473,540,censor,11.441095890411
MrOS,-0.33813905177399,31.578089739209478,839,dementia,1.17260273972603
MrOS,-0.0036140520082497,62.62359010316575,789,death,1.62465753424658
MrOS,-1.01709478193882,4.72202491782178,1031,censor,10.3013698630137
MrOS,-0.60844705971148,37.27306394168576,605,death,5.25479452054795
MrOS,-0.83723297514516,15.581182967994023,942,death,5.56438356164384
MrOS,-1.29828397255626,4.806123123185916,679,censor,2.38356164383562
MrOS,-2.05970776070846,0.0,140,death,9.18356164383562
MrOS,-0.90726559009801,23.454704365931242,233,death,7.31232876712329
MrOS,-2.65714539313137,0.10966155133492002,481,death,2.26849315068493
MrOS,-0.64895587745475,36.863769441461805,339,death,5.76164383561644
MrOS,-1.0978488900063,2.5110065167228335,666,death,9.80547945205479
MrOS,-0.22555465140419,60.52091686777259,585,censor,5.86301369863014
MrOS,-1.00745803231452,9.101250034724563,737,dementia,11.2027397260274
MrOS,0.48541791354893,88.42522133067683,828,censor,10.9780821917808
MrOS,0.16283156357559,69.11280532099106,659,censor,10.3095890410959
MrOS,-0.251665288154371,52.87704192457025,966,death,10.6602739726027
MrOS,-0.944792053550169,6.566916040866759,1055,censor,11.1205479452055
MrOS,-0.36071218015346,48.22418920608215,560,censor,3.15068493150685
MrOS,0.15693214680862,80.45180871959599,869,death,8.97808219178082
MrOS,-0.51053704611199,24.65379156347552,1139,censor,3.14246575342466
MrOS,0.19270837419399,76.25423607538205,942,dementia,7.56712328767123
MrOS,-0.146069287859019,60.516501401268656,22,death,11.4767123287671
MrOS,0.0906628478322105,79.00897677854148,858,death,10.8904109589041
MrOS,-0.38604409725276,40.78790539320956,879,death,11.8027397260274
MrOS,0.292179543786099,77.41927634364328,376,censor,12.013698630137
MrOS,0.78360623738476,97.81797608976797,964,censor,10.4027397260274
MrOS,-0.0074629313045804,65.47071739629263,1010,death,6.58630136986301
MrOS,-0.26854710290902,49.06333600941295,10,dementia,1.13698630136986
MrOS,-0.36048165722604,34.92357965791295,1073,censor,10.7369863013699
MrOS,0.450657587908429,86.7145089038476,396,censor,10.3123287671233
MrOS,1.35311542983444,100.0,747,dementia,11.2383561643836
MrOS,0.749173009534709,99.11885651172499,480,death,9.64931506849315
MrOS,-0.0750166183020994,65.10591138508225,47,censor,2.8986301369863
MrOS,-0.0615592493533399,58.228885979180056,916,dementia,10.4383561643836
MrOS,-0.379005480994449,64.29618744610839,272,death,4.45479452054794
MrOS,-0.97178469971541,10.043718875990953,853,censor,10.9424657534247
MrOS,0.2395923824086,85.46144088465378,752,death,7.85205479452055
MrOS,0.0704762520098598,69.35683978905764,1071,death,11.0739726027397
MrOS,0.6167596821643,96.78615777544363,510,censor,11.158904109589
MrOS,0.70181854966218,97.00839088159829,1092,dementia,1.04109589041096
MrOS,-0.0124297295946306,67.60848427293767,946,death,4.14794520547945
MrOS,0.0820069768161005,75.44582883120334,948,censor,9.91232876712329
MrOS,0.17159047695074,82.6326904449189,236,death,6.53972602739726
MrOS,-1.14758240610189,9.760315237625823,488,dementia,3.19452054794521
MrOS,-0.28802606079889,57.08672077008838,779,dementia,1.20821917808219
MrOS,0.2870542314405,93.41800589207506,508,death,10.1013698630137
MrOS,0.377521209681071,86.8196693769004,901,censor,10.5068493150685
MrOS,0.18619651572409,76.99744792351105,608,censor,11.0876712328767
MrOS,-0.81672213216106,17.97159846664554,525,censor,12.1232876712329
MrOS,-0.421578658650451,25.501172068520784,386,censor,10.8904109589041
MrOS,-0.57359697195222,18.74738323393234,954,censor,10.1479452054795
MrOS,-0.0436741006099098,82.5859140422701,470,death,3.1013698630137
MrOS,0.50494762564682,90.29538758069498,711,censor,11.1643835616438
MrOS,-0.99580348528728,15.00856116969115,422,death,7.68219178082192
MrOS,-0.3607522455576,30.85111415773716,985,death,4.3013698630137
MrOS,-0.57122104467534,27.49177753983719,22,censor,11.2821917808219
MrOS,-1.66389651903399,1.6690222530711025,595,dementia,11.3424657534247
MrOS,-0.35671193506613,32.68388192442454,735,dementia,0.956164383561644
MrOS,-0.45187195940937,28.90287542078828,957,dementia,0.641095890410959
MrOS,-0.35283052882163,43.15054198356958,622,death,1.37808219178082
MrOS,0.0681537136796194,74.27820816794686,765,censor,10.0712328767123
MrOS,0.11739810814136,74.58648180757481,765,censor,10.2547945205479
MrOS,0.27102032886657,84.51319703288942,1021,censor,11.5479452054795
MrOS,-0.17151762035099,57.53553437744379,901,dementia,6.38082191780822
MrOS,-0.85383001527731,7.587777253260391,587,death,8.05479452054795
MrOS,-0.0046335292545506,56.55438222493223,757,censor,11.3643835616438
MrOS,-0.7874280955717,13.123441205821987,1132,censor,10.8767123287671
MrOS,0.340786519445,78.82731059665961,345,censor,11.1506849315068
MrOS,-0.434522206106099,34.697388486431166,540,censor,10.4520547945205
MrOS,-0.240916533487901,37.3636101918607,553,censor,10.641095890411
MrOS,0.20896050432428,86.867815875983,533,death,8.97808219178082
MrOS,-0.22774067189673,59.33398856965206,502,censor,10.1643835616438
MrOS,0.09744851791814,74.63654264256803,1106,censor,10.9698630136986
MrOS,-0.307586262076229,70.84233006475003,380,dementia,2.99452054794521
MrOS,-0.60861277799588,22.30572103172825,1075,censor,10.9890410958904
MrOS,-0.75252261071676,34.719655975466196,93,death,8.6986301369863
MrOS,0.216157050440771,77.27961163565924,655,dementia,1.06849315068493
MrOS,0.43606797603281,87.23005619410871,936,dementia,6.34794520547945
MrOS,-0.5470808540254,25.65689764696597,33,censor,3.08767123287671
MrOS,-0.0444187895068595,53.22517227718509,925,censor,11.2356164383562
MrOS,-0.52641048425252,32.2423383009408,1015,death,5.57534246575342
MrOS,-0.29248396513251,32.31923632460898,524,death,6.0958904109589
MrOS,0.475842062126721,94.996117630595,201,death,8.78630136986301
MrOS,-0.67823914651794,18.493722068898702,853,censor,10.7013698630137
MrOS,-0.58195861239721,18.64226635552522,596,censor,10.5123287671233
MrOS,-0.682776601455021,23.506813141031095,538,death,5.50958904109589
MrOS,-0.30485979705995,48.77110672778216,988,death,4.79452054794521
MrOS,-0.4686872733103,40.288684894411944,327,dementia,1.03013698630137
MrOS,0.3709058511048,83.04180142169423,820,censor,11.2438356164384
MrOS,-0.10614279939267,54.826164892486105,983,dementia,3.11780821917808
MrOS,0.2492360102718,88.31911757582687,814,death,8.54794520547945
MrOS,0.50921686331702,91.32762655861855,931,censor,11.9452054794521
MrOS,-0.166109010861091,49.851447142601664,639,censor,10.0027397260274
MrOS,-0.508795706911999,51.69648366091757,367,death,8.34520547945205
MrOS,-0.0445461760646793,53.66298039064907,899,censor,11.3260273972603
MrOS,0.422097785887389,97.04190581884302,318,dementia,3.15890410958904
MrOS,-1.089129897345,12.912735587739723,138,death,4.97534246575342
MrOS,-0.31797217595782,39.60963588519862,1146,death,10.9616438356164
MrOS,-0.39676855121273,37.0361717949927,816,censor,10.186301369863
MrOS,0.50242452529174,91.61297410994949,602,death,10.6986301369863
MrOS,-0.456662824765409,33.062390882139,978,dementia,3.24383561643836
MrOS,1.26175221067698,100.0,13,censor,3.1972602739726
MrOS,-0.9618603304073,17.43038372166862,319,death,9.80547945205479
MrOS,-1.45506751844538,1.9689187981857685,571,death,8.33424657534247
MrOS,-0.62823449659589,26.238258110278498,930,dementia,7.53424657534247
MrOS,1.11036564093857,99.8356558907346,982,death,9.0986301369863
MrOS,0.0678226407557204,78.56049724940627,942,death,5.27671232876712
MrOS,-0.428224982078591,27.605657049518044,1026,censor,11.1397260273973
MrOS,-0.0424657594209904,64.84086194561382,863,censor,10.7178082191781
MrOS,-0.15969209601961,53.275556419764385,481,censor,10.2356164383562
MrOS,-0.853812585258279,6.7546786646518475,467,dementia,7.73972602739726
MrOS,0.75367242619572,97.32281242270044,788,censor,9.96164383561644
MrOS,-0.85203127459628,6.80403313325762,513,censor,10.6849315068493
MrOS,-0.36899263028122,28.5320794679128,894,censor,11.3123287671233
MrOS,-0.0027748890438999,61.273607297859286,1018,censor,10.8739726027397
MrOS,-0.667551763705271,33.93950298003874,366,dementia,1.21917808219178
MrOS,-0.88994416322317,11.801782306400002,1069,dementia,5.8986301369863
MrOS,0.0215936297823603,75.4071082500011,990,censor,3.18904109589041
MrOS,0.11075833045608,70.42654246341523,1093,death,1.53698630136986
MrOS,-1.44210302223321,2.3714465754296827,904,death,8.13424657534247
MrOS,0.0344434596897699,70.95121209389589,921,censor,10.6356164383562
MrOS,-0.85553608522968,8.170897099247133,948,censor,11.2575342465753
MrOS,-0.78434769510793,23.310586502327062,426,death,2.62191780821918
MrOS,0.184927496440049,85.47696786685273,961,death,5.95890410958904
MrOS,-0.0184197830524098,59.796149831183165,397,censor,10.9287671232877
MrOS,-0.331871190618421,59.7721265395319,24,death,8.87397260273973
MrOS,0.306449349385611,80.60199368769905,941,censor,11.5232876712329
MrOS,-0.14148899788277,56.24153186001076,484,death,8.01369863013699
MrOS,0.0674417939751606,66.27622209975148,1093,censor,10.1095890410959
MrOS,0.856500677919659,99.57613469773658,850,dementia,7.32054794520548
MrOS,-0.342316404650811,34.25778783965455,1068,censor,10.3178082191781
MrOS,-0.371754517384611,28.32852690820979,835,death,7.14520547945205
MrOS,-0.0261111890104601,58.15779890864779,969,death,2.96712328767123
MrOS,-0.0664372088886097,54.31623795413157,847,censor,11.3671232876712
MrOS,-0.0903910836797905,68.86033662461999,659,death,11.5178082191781
MrOS,-0.79913730014291,21.648141064297853,366,death,10.2794520547945
MrOS,-0.71179619245805,15.778270993101946,828,censor,10.4931506849315
MrOS,-0.97137701485141,4.3494357059389985,615,censor,10.6383561643836
MrOS,-0.107284304111811,46.6158565070328,739,censor,11.4465753424658
MrOS,0.0302019415743103,63.229450525216045,1059,censor,3.04657534246575
MrOS,-0.3977818993447,51.76701546827342,642,dementia,10.9315068493151
MrOS,-0.0762383403640797,76.22295274600596,454,death,9.01369863013699
MrOS,0.0827535228502796,71.41289973282039,1085,censor,11.0849315068493
MrOS,-0.163926409044311,45.814567589608394,1062,death,7.20821917808219
MrOS,-0.52040264215527,35.081098477085476,717,censor,3.24109589041096
MrOS,-0.49302929976058,39.50688934020938,720,death,10.9780821917808
MrOS,-0.20386185617199,77.70052978010762,24,censor,5.5013698630137
MrOS,0.399420272623669,81.06795737005221,245,censor,10.8931506849315
MrOS,-0.526863242673311,26.090441017341664,583,death,11.0356164383562
MrOS,0.142792311158389,68.37997591649632,648,censor,11.4219178082192
MrOS,-0.91979464177673,7.310097214546879,886,censor,10.2794520547945
MrOS,-0.757258966436309,14.576475452248097,1029,censor,10.4027397260274
MrOS,-0.61058953801943,31.297971669709124,410,censor,9.87945205479452
MrOS,-0.656062569535319,26.77210880564344,401,censor,10.5479452054795
MrOS,0.36475965679077,95.87882243259068,215,death,7.54794520547945
MrOS,0.261939506642671,85.78349260661837,1136,censor,11.0465753424658
MrOS,0.3101632378194,90.4966436023474,961,censor,11.5972602739726
MrOS,-0.0422482085863805,95.80422847315248,27,dementia,5.42739726027397
MrOS,0.0938099833559093,70.92376053612664,530,censor,11.7534246575342
MrOS,-0.64353179258247,11.176934428897056,749,censor,11.1123287671233
MrOS,-0.0752878969138393,67.0601581063416,678,censor,11.4630136986301
MrOS,-0.81116683976621,19.272140441096667,591,death,10.3753424657534
MrOS,-0.34847702720964,28.38308819769384,711,censor,11.241095890411
MrOS,-0.45950229244157,39.72707081065968,465,death,4.70958904109589
MrOS,0.115014234352699,69.77354566900534,586,censor,11.427397260274
MrOS,-0.62701423543418,33.93301478358772,515,dementia,1.17260273972603
MrOS,-0.404559440032349,35.95329959019072,980,censor,11.3671232876712
MrOS,-1.25372460846409,2.67669332851464,1004,censor,10.3890410958904
MrOS,0.0111318593177103,72.20414746347335,928,censor,10.2054794520548
MrOS,-1.23067958855223,4.124655776311758,850,death,9.21369863013699
MrOS,-0.70162393832842,13.326200609364703,747,censor,6.53424657534247
MrOS,-0.55000950102196,21.83118080909366,554,death,4.73150684931507
MrOS,0.08945359605177,82.23478581435046,600,death,3.70958904109589
MrOS,0.18871498538218,73.3830827815294,1059,censor,11.2164383561644
MrOS,-0.36990961540844,57.37532690932943,17,censor,10.0328767123288
MrOS,-1.06930807313073,9.332883607639813,589,death,6.29041095890411
MrOS,0.71298793225664,98.30813702207645,669,dementia,5.63835616438356
MrOS,-0.39001844218145,34.04894301041629,1189,dementia,1.09315068493151
MrOS,0.2115706568899,77.7001874636381,454,dementia,3.31232876712329
MrOS,-0.19439426581459,45.14648590864602,796,censor,6.4986301369863
MrOS,-0.191130510724319,39.7810102193844,407,censor,10.9698630136986
MrOS,0.23264034754348,86.61432978850402,477,death,8.36712328767123
MrOS,0.39450156431253,83.32697271229355,668,death,9.54794520547945
MrOS,0.0173134149674794,95.48068396172467,150,death,10.2164383561644
MrOS,-0.31057619426828,58.28515547082093,650,censor,10.7917808219178
MrOS,-0.61853261116009,17.988365138094224,367,censor,10.0712328767123
MrOS,0.22747693037518,95.5282501341347,459,censor,3.38356164383562
MrOS,0.27853476587029,77.90706163896134,302,censor,10.2575342465753
MrOS,-0.91083965585406,18.077070519796795,525,censor,10.0109589041096
MrOS,-0.58715107133454,40.04921395015109,538,dementia,3.37260273972603
MrOS,0.196236275625139,80.86620090963903,932,censor,3.60821917808219
MrOS,-0.7153892987341,23.376131878018047,433,death,3.41095890410959
MrOS,-1.0725766805868,4.377623015330951,671,censor,10.9068493150685
MrOS,-0.62741903644672,21.923836301346434,400,dementia,6.55616438356164
MrOS,-0.228121524867269,71.6974888420427,227,death,7.54246575342466
MrOS,-0.35008928193481,29.727454128638865,578,death,7.59452054794521
MrOS,-0.76097098616226,27.80291907040458,377,death,7.01095890410959
MrOS,-0.25016218548767,51.04500239628652,466,censor,10.0301369863014
MrOS,0.25128714881269,82.3640294062438,1043,censor,11.0082191780822
MrOS,-1.46013402166346,40.2710030988522,10,dementia,5.47945205479452
MrOS,-1.10591405214603,8.076482243827064,683,censor,10.8630136986301
MrOS,0.601654560645019,97.55582005465082,782,death,10.358904109589
MrOS,0.0696141211092595,86.5684653270789,771,death,7.82465753424658
MrOS,-0.10595770912262,48.2160343774024,706,dementia,3.6027397260274
MrOS,-0.37125702509812,68.14446614071116,77,dementia,1.14794520547945
MrOS,0.08012211600482,71.97891077864527,1000,death,9.17260273972603
MrOS,-0.426161297719371,45.410621452627225,550,dementia,3.50684931506849
MrOS,0.4454149640495,87.9967737388697,754,dementia,11.3342465753425
MrOS,0.0346196588982195,59.637415470004385,42,censor,10.7232876712329
MrOS,-1.28135040540269,3.358144396953981,889,death,7.37534246575343
MrOS,-0.57528699315239,23.386378300763518,662,death,10.6904109589041
MrOS,-1.70348084842898,3.956758800774689,317,dementia,3.46027397260274
MrOS,-0.42797489781458,32.47467527012826,1028,censor,11.2356164383562
MrOS,0.18950018129981,84.10996229337223,952,dementia,1.22465753424658
MrOS,-0.57872211198157,33.367399673294464,795,censor,10.2191780821918
MrOS,-0.0085333651960297,75.28099375463775,647,death,8.0958904109589
MrOS,0.21794820782807,90.50640908416398,879,censor,10.0904109589041
MrOS,-0.20517652865223,61.67435227598833,246,dementia,3.54246575342466
MrOS,0.26343000028849,81.19580480372063,766,censor,10.5534246575342
MrOS,0.0601850400277598,69.91843843252481,895,dementia,1.09041095890411
MrOS,0.0760464235639802,67.20254034372046,722,death,5.58356164383562
MrOS,0.13006362639623,78.80954584439608,608,dementia,3.47123287671233
MrOS,-0.302851215037831,46.9664872610712,936,censor,10.2547945205479
MrOS,0.628721228814091,93.26479138425141,916,dementia,10.8904109589041
MrOS,-0.0938931074899102,70.31240816615657,565,death,5.36712328767123
MrOS,-0.349843619750141,49.12543429959806,512,censor,10.5917808219178
MrOS,-0.206831271257531,51.59005688938314,1057,censor,11.0684931506849
MrOS,-0.0642532358303498,59.16198289478857,1130,dementia,10.1698630136986
MrOS,-0.654676846148099,41.440122022821505,15,dementia,5.67671232876712
MrOS,-0.35941294209368,65.2634038439817,23,censor,10.413698630137
MrOS,-0.546121318994631,29.71117868190398,1018,dementia,0.904109589041096
MrOS,-0.2195911529637,46.51649714566823,411,death,3.2
MrOS,-0.562780202871291,19.232315938008696,795,death,6.67123287671233
MrOS,-1.25270510385697,4.2496107232913625,937,death,1.6958904109589
MrOS,-0.34925640362345,47.21666520217223,876,dementia,10.4219178082192
MrOS,-0.12354648072337,57.697302373985046,480,censor,10.241095890411
MrOS,-0.38241345645486,34.73769708574914,1047,censor,10.7616438356164
MrOS,-0.33725581198844,36.704134358096766,1025,censor,6.57534246575342
MrOS,-0.0966776715958403,66.44628073603924,903,dementia,1.1972602739726
MrOS,0.1741120733264,82.67043478941574,1130,death,4.51506849315069
MrOS,-0.60271114643089,31.174549296000066,33,death,10.6082191780822
MrOS,-0.10153191009243,52.243395700558764,1117,death,2.7972602739726
MrOS,0.377053644272419,91.333016707718,563,death,5.32602739726027
MrOS,0.66666049633818,95.19233842864452,682,death,11.3698630136986
MrOS,-0.77263113238088,10.557595054094092,992,censor,11.1616438356164
MrOS,-0.66935062395775,13.835033541296738,874,censor,10.4219178082192
MrOS,-0.18454120935983,62.388574945778004,35,dementia,3.54794520547945
MrOS,-0.44489255566276,26.240910996669736,552,censor,10.4547945205479
MrOS,-0.0799825309245904,52.14778505157913,1106,censor,3.27945205479452
MrOS,0.374700865430459,85.50553980465733,1053,censor,3.14794520547945
MrOS,-1.23859620555358,2.5271043952556047,1176,censor,3.44657534246575
MrOS,0.18785467624644,76.5547254541041,1119,death,6.44109589041096
MrOS,-0.247377066043801,43.97549881363203,1031,censor,10.1945205479452
MrOS,-0.596483043574141,39.529645355917424,24,death,2.66849315068493
MrOS,-0.293521520537711,42.141899182886874,1185,censor,10.1068493150685
MrOS,-0.69069766214198,13.904443315221574,780,censor,10.7808219178082
MrOS,0.42650024420245,86.11736408058222,409,dementia,11.1452054794521
MrOS,-0.32131055815385,33.13964547582566,979,censor,10.0876712328767
MrOS,-0.1863611572298,64.77153265447525,570,dementia,3.58356164383562
MrOS,0.0333274330181496,67.94869699973295,1070,censor,9.91506849315068
MrOS,-0.39800111974175,42.12201821468861,588,dementia,3.90958904109589
MrOS,-1.6128554993097,1.3918667876716573,944,censor,11.5424657534247
MrOS,-0.244794730506121,40.832639073376356,999,censor,10.3479452054795
MrOS,-0.58952640636649,20.94627634535767,1183,censor,10.6630136986301
MrOS,-0.84748557677499,8.934140664496313,1070,censor,10.9753424657534
MrOS,-0.518237479038891,22.05949318733282,1021,censor,11.6602739726027
MrOS,-0.59558041629956,34.48773245827398,573,death,5.16986301369863
MrOS,0.60697489526499,95.46287285212489,1157,death,9.0027397260274
MrOS,-0.19833971137179,34.96509967073837,654,dementia,1.32328767123288
MrOS,0.39145490791321,86.06274370741055,271,death,2.03835616438356
MrOS,-0.96601792467099,7.746750201288733,1056,censor,9.83835616438356
MrOS,0.0569528399680493,48.394425331135565,35,dementia,5.80547945205479
MrOS,-0.74994075331755,37.626059953946644,35,death,11.4520547945205
MrOS,-0.45603271350881,41.502821382956455,898,dementia,3.58356164383562
MrOS,-0.92390359158141,7.700480810995242,358,censor,9.80547945205479
MrOS,-0.87968178403766,5.890196507184031,686,censor,10.7780821917808
MrOS,-0.24471078709208,33.049591409191216,56,death,8.78082191780822
MrOS,-1.60090118254071,2.540496991043024,190,death,2.60547945205479
MrOS,0.289906224036621,89.02460148069248,297,censor,11.0630136986301
MrOS,0.27772248725616,75.74890800754685,461,death,7.02191780821918
MrOS,-0.35402143487277,45.707102055566864,905,censor,10.5972602739726
MrOS,-0.4845331795088,37.03966621890721,742,death,8.64657534246575
MrOS,0.17152636044385,72.26949604449601,541,censor,11.586301369863
MrOS,-0.3708527712573,31.982911916921903,1155,censor,11.1424657534247
MrOS,-0.40915234725033,32.7420748244763,791,death,5.6958904109589
MrOS,-0.79069712225829,12.616757676748566,1083,censor,9.65205479452055
MrOS,-0.47120875902973,33.28744836962902,740,dementia,5.46301369863014
MrOS,-0.16178491147983,48.06328562932276,703,death,8.94246575342466
MrOS,-1.34763792633116,1.9948663248006222,851,death,9.82739726027397
MrOS,-0.92543114565376,5.629197711851375,774,censor,10.6630136986301
MrOS,-0.84783737422389,7.4922080306345835,606,death,3.18082191780822
MrOS,-0.457959947795,27.585294005811594,779,censor,9.90684931506849
MrOS,-0.80354780149853,10.203118374523829,1067,censor,11.4876712328767
MrOS,-0.33680823424875,48.638798460361926,26,dementia,9.64383561643836
MrOS,-0.32433152432431,32.18911488057445,1050,censor,11.1013698630137
MrOS,-1.00531798275751,5.383404159159449,960,censor,10.2356164383562
MrOS,-1.99086864586657,1.807415634865708,613,death,7.23287671232877
MrOS,-0.46605990223168,29.186094319978697,821,censor,10.0054794520548
MrOS,-0.20879486763109,33.89732508790707,612,censor,10.8301369863014
MrOS,0.34569858344142,99.64427755650577,22,death,7.51780821917808
MrOS,0.76204084301214,98.16603063019471,901,censor,3.75890410958904
MrOS,-0.390076366126949,24.63263255826739,845,censor,11.0
MrOS,0.73661657801923,97.00091054635006,451,dementia,11.3561643835616
MrOS,-0.39319233408861,33.89594363939422,913,death,10.6520547945205
MrOS,0.10854520861712,64.69320051803749,654,censor,11.4794520547945
MrOS,0.76641055427601,98.73456315808554,866,censor,10.4493150684932
MrOS,-0.54414674177149,32.57773793657039,452,censor,11.5068493150685
MrOS,0.149146745218761,74.85585398058632,1179,death,3.72876712328767
MrOS,0.0582471639118197,66.45954795572776,1065,dementia,10.7506849315069
MrOS,-0.26043808675291,43.87095511978482,920,censor,10.2794520547945
MrOS,-0.44981295458095,21.502419249155935,655,death,8.83013698630137
MrOS,-0.496818705711441,35.73342497471677,880,death,9.38904109589041
MrOS,-1.1144661298219,2.444178321635877,603,censor,9.74520547945206
MrOS,0.0113568105051201,74.43453518201042,886,dementia,1.11232876712329
MrOS,-0.67072635008788,18.033724262717406,1207,censor,10.8904109589041
MrOS,-0.515986106227609,27.397656777509248,1148,death,10.0712328767123
MrOS,-0.139643004404709,47.236919483422234,411,censor,10.7452054794521
MrOS,0.319249474684651,91.51351890226849,33,death,2.55068493150685
MrOS,-0.489947803102559,30.68094009182597,915,death,9.33972602739726
MrOS,-0.92510589319325,3.880608994523733,491,censor,10.6383561643836
MrOS,-1.18219560429139,4.00105073153248,1110,censor,11.4657534246575
MrOS,-0.40729502553074,40.42261637497168,43,censor,10.9013698630137
MrOS,-0.330174580028449,35.21925200847689,1139,death,7.18904109589041
MrOS,-0.253579761779299,46.0284426709678,624,death,10.0849315068493
MrOS,0.0266371857793004,65.10536885395383,1151,censor,11.3561643835616
MrOS,-0.201376069604861,51.16326921039564,1118,death,6.88493150684932
MrOS,-0.403639310026971,31.022504138542132,468,censor,11.4630136986301
MrOS,-0.68053718870387,28.682455873963832,32,dementia,10.3397260273973
MrOS,-0.0904562109323805,52.21339676750812,49,censor,6.16986301369863
MrOS,-0.27841412278303,40.63059745339401,1038,censor,10.372602739726
MrOS,-1.00697488894101,5.347573045379241,1095,censor,11.1616438356164
MrOS,-0.41590506287712,44.23598781945132,26,censor,11.0383561643836
MrOS,0.45061991228575,87.39093438321083,912,censor,11.0301369863014
MrOS,0.3632343075246,97.90502356944802,29,censor,10.9561643835616
MrOS,0.28401767024295,97.09504434150827,32,death,6.64657534246575
MrOS,-0.29223693115797,39.975278905546354,662,censor,10.6931506849315
MrOS,0.24976874321375,75.41806382935346,704,death,2.08219178082192
MrOS,-0.49461592064239,23.542516802899808,364,censor,10.1123287671233
MrOS,-0.08628200614897,71.13740574538053,651,death,5.87123287671233
MrOS,-0.70864197156395,31.957911237002794,22,censor,11.1835616438356
MrOS,0.699252957791251,95.81348973410567,792,censor,10.7780821917808
MrOS,-0.24788342797027,39.8795698507399,905,censor,10.9643835616438
MrOS,-0.695073887906,22.12683880093304,314,censor,9.49041095890411
MrOS,0.241162951423981,84.43699294778926,40,censor,11.4246575342466
MrOS,-0.639234791988029,20.651153487405114,48,censor,6.6
MrOS,0.63017790339192,91.84424849521605,331,censor,3.85205479452055
MrOS,-0.69755763836533,17.99288925526348,1150,censor,3.73972602739726
MrOS,0.26138377017284,88.63182255772753,1123,death,10.8027397260274
MrOS,-1.88574283442103,0.7061509660315105,1104,dementia,3.51232876712329
MrOS,0.19458183374725,74.71505793365532,900,censor,11.172602739726
MrOS,-0.173821311094009,46.418220480794176,979,death,11.9479452054795
MrOS,0.16187140815546,78.79059325674496,1073,death,6.04931506849315
MrOS,0.85920802738313,99.44788714349083,446,censor,11.1452054794521
MrOS,-0.28592533713325,46.17170496335812,964,death,9.58630136986301
MrOS,0.0662877876256005,72.4918075703972,1194,dementia,10.8849315068493
MrOS,-0.23631467819786,39.76424503425782,1051,censor,12.1287671232877
MrOS,0.0262526062257393,69.46146849387797,714,death,11.8602739726027
MrOS,-1.19476069981684,4.108152360121487,1074,censor,11.0876712328767
MrOS,-0.35103534502347,31.930659310510546,29,censor,10.4328767123288
MrOS,0.4631869996136,93.34983401703057,607,censor,10.2027397260274
MrOS,-0.91676788580066,10.021212655355903,1015,dementia,0.986301369863014
MrOS,-0.53195946352165,28.190023419634617,1061,death,3.00547945205479
MrOS,-1.6468013695857,2.070686708584755,810,death,4.23561643835616
MrOS,0.0557228487559698,65.08228104267528,929,censor,10.7205479452055
MrOS,-0.90313586834948,10.166100801217429,887,death,12.0109589041096
MrOS,-0.670850322080361,12.598146136937153,34,censor,10.1534246575342
MrOS,0.0068751593781399,57.474854203191505,863,censor,10.6054794520548
MrOS,-0.31037979252683,38.47187822425074,840,censor,3.63561643835616
MrOS,-0.45864869014095,28.86511622824839,1102,censor,10.9178082191781
MrOS,0.10745719469675,73.9492325466683,1105,censor,9.85753424657534
MrOS,-1.05692498167148,7.198420972085102,1029,death,11.2958904109589
MrOS,-0.131583522740949,46.02473398098533,1024,death,3.34246575342466
MrOS,-1.23278824184993,3.3613708361496184,961,dementia,3.7041095890411
MrOS,0.4239114908117,87.2248288296214,834,dementia,10.8164383561644
MrOS,-0.0045003688725003,59.48465554189696,793,censor,10.2712328767123
MrOS,-0.68882917361484,21.455227263297985,992,censor,9.95068493150685
MrOS,-0.187809675708939,55.10299861789804,120,dementia,3.8027397260274
MrOS,-0.85077503421432,10.073327716419733,1196,death,9.81095890410959
MrOS,0.118879062487871,75.4477416889881,1177,censor,3.74246575342466
MrOS,-0.49390323290466,27.288889654927623,1060,censor,11.2547945205479
MrOS,-0.64234574595088,17.57650297254569,1176,dementia,1.01917808219178
MrOS,0.0960291378458606,69.36693089792915,1135,censor,10.8986301369863
MrOS,-0.18627320098157,59.49098140491849,675,censor,10.9123287671233
MrOS,-0.258963161000941,49.963632837880205,1060,censor,11.2438356164384
MrOS,0.71062957847117,98.27677417677535,1011,death,9.72602739726027
MrOS,0.31706879369367,89.91064015407581,40,death,11.8794520547945
MrOS,-0.30581286195326,39.35002363857267,957,dementia,3.7972602739726
MrOS,-0.67093749591437,14.130575412347016,782,censor,11.3917808219178
MrOS,0.49189927964358,93.38908805473378,581,death,8.49041095890411
MrOS,-0.10166802206291,54.670122561079175,1005,censor,9.81917808219178
MrOS,-0.173975998054,50.113786457951335,915,dementia,5.58356164383562
MrOS,0.0133938379413394,68.61661554206157,1061,censor,10.9369863013699
MrOS,-0.472906829203571,56.88476594883986,17,death,4.13698630136986
MrOS,-0.16924295193967,62.840704447917894,712,death,3.84383561643836
MrOS,-0.0387394649578695,61.33393181223123,1135,dementia,10.9068493150685
MrOS,-0.368915961585201,35.294746706647665,1110,death,9.95616438356164
MrOS,-0.32104752090851,38.490684213481344,436,death,7.1972602739726
MrOS,-0.14939019813079,44.80692478459871,1038,dementia,11.0301369863014
MrOS,0.69356245828386,98.09020604325386,359,censor,11.4246575342466
MrOS,-0.49219579633257,26.54688862657233,1037,dementia,1.17260273972603
MrOS,-0.37078752525008,59.88155406914037,460,death,7.72602739726027
MrOS,-0.0291550929465103,50.75482426242264,791,censor,10.6876712328767
MrOS,-0.632765303267431,15.242009294210927,1040,censor,10.1753424657534
MrOS,-1.21466989801465,8.705681976121477,587,censor,3.8986301369863
MrOS,-0.37280211661803,35.19348514820352,820,death,5.28493150684931
MrOS,0.17532330413583,77.47318296582871,578,death,9.93698630136986
MrOS,-0.43643531842561,38.59963972227252,1052,censor,11.2630136986301
MrOS,-0.66021048147073,22.709917314458863,24,censor,11.4712328767123
MrOS,-0.47918716658301,31.750715535021737,938,dementia,1.13698630136986
MrOS,-0.0475060105169305,60.292375977746765,714,censor,10.5698630136986
MrOS,-0.4662128681167,38.6364606887701,28,censor,11.558904109589
MrOS,0.75340123589321,96.24274915279697,274,death,5.07945205479452
MrOS,-0.33344139751602,47.69666642662982,970,death,8.23835616438356
MrOS,0.0631294602600093,67.04464384440591,728,censor,9.83287671232877
MrOS,-0.38917793920597,26.217511853225986,816,censor,11.0082191780822
MrOS,-0.556354671502361,21.412232876800495,1085,censor,9.86849315068493
MrOS,-0.0220092476455207,63.188021444297675,942,death,6.42191780821918
MrOS,-0.875053327634549,12.191960035824675,870,censor,10.2958904109589
MrOS,-0.48814479311151,32.28081440210847,919,dementia,0.649315068493151
MrOS,0.28435477761393,81.70421949712477,956,death,7.11506849315068
MrOS,-0.15083528585298,51.316376079071155,572,censor,11.158904109589
MrOS,-1.79080469366875,0.6934468288707007,1017,death,1.74794520547945
MrOS,0.3538607430534,81.29616057730954,835,censor,3.85753424657534
MrOS,0.0304031171087701,62.78739519364403,979,censor,9.76164383561644
MrOS,-0.42461362422405,29.441203496779483,1082,censor,11.1561643835616
MrOS,-0.92916298752139,6.018528138518991,520,censor,10.6520547945205
MrOS,-0.206126791164171,41.79198945010258,1099,censor,11.0383561643836
MrOS,-0.29099988429565,33.264080025869305,732,censor,10.7369863013699
MrOS,0.45188400375946,88.30414470545504,527,censor,10.4465753424658
MrOS,0.43081321731697,100.0,30,death,2.63013698630137
MrOS,0.17560384590489,70.305860803017,642,censor,10.8931506849315
MrOS,0.181330612406749,74.44705536406964,1038,censor,9.95068493150685
MrOS,-0.53329464268249,18.84222808430636,945,censor,10.813698630137
MrOS,1.16028949942698,99.95199071749343,860,censor,11.2
MrOS,-0.0646971970691297,54.45609702891174,1095,censor,11.1616438356164
MrOS,0.0088525968688102,64.39540929038526,983,dementia,3.16164383561644
MrOS,-0.156217635642,45.72918546498122,1017,death,5.07123287671233
MrOS,-0.20157267296788,52.636598837263975,206,dementia,1.0
MrOS,0.0359691476784704,61.6777768661698,922,censor,11.2164383561644
MrOS,-0.413164504399521,27.85679169773494,1056,censor,11.4246575342466
MrOS,0.26408871855823,88.4839239213287,27,censor,11.2986301369863
MrOS,0.22734961336911,76.74929481381949,773,death,12.0986301369863
MrOS,-0.7117576901693,26.880862667726397,19,censor,10.6438356164384
MrOS,-0.9580519229306,16.640144821798724,169,dementia,1.06575342465753
MrOS,-0.23007635129789,34.974060488967716,931,censor,10.0109589041096
MrOS,-1.16043575553044,8.818900726990515,593,death,9.46849315068493
MrOS,0.373178111566379,85.90659817155166,483,censor,10.0684931506849
MrOS,-0.81335109666741,10.881262371918345,354,dementia,1.2027397260274
MrOS,0.14723138806721,73.85207921437546,755,censor,10.0712328767123
MrOS,0.43131270481456,88.8239706052669,966,death,10.6027397260274
MrOS,-0.72369355733717,11.2421271393615,43,death,2.56712328767123
SOF,-0.11646892459038,75.75727355172398,49,censor,7.06365503080082
SOF,-0.67370825478186,51.020533109098444,46,censor,6.8062970568104
SOF,-0.0921319670217002,78.42291432880145,61,censor,6.90485968514716
SOF,-0.766822361493669,26.580081041447535,55,death,6.71868583162218
SOF,-1.46385984214458,0.0,40,censor,6.65297741273101
SOF,-1.43828071779974,0.0,51,censor,7.04175222450376
SOF,-0.85137236092626,28.919535271918935,27,censor,6.65571526351814
SOF,-0.171323123976239,76.62896185316451,59,dementia,5.02121834360027
SOF,0.40524436380631,97.48442141936171,60,dementia,3.64134154688569
SOF,-0.283943515271621,72.84752113735095,37,censor,7.90691307323751
SOF,-1.36513659010203,28.327501755763077,39,censor,7.38945927446954
SOF,-0.60896738241503,36.27470787047576,46,censor,7.33744010951403
SOF,-0.625679016947019,41.02916161871969,56,dementia,5.76591375770021
SOF,-0.96193887717783,23.29097652138399,43,censor,6.50239561943874
SOF,-1.41530232381137,12.391359389890917,42,censor,7.48528405201917
SOF,-0.82604748872136,39.444783107032,38,censor,6.55715263518138
SOF,-0.18435409144855,80.40457333912931,50,dementia,3.95345653661875
SOF,-0.86861570681335,10.847584180887951,20,dementia,5.78507871321013
SOF,-0.62419091192442,31.567042470976155,48,censor,6.6611909650924
SOF,-0.0401362873306695,80.37733770948947,40,dementia,4.94455852156057
SOF,-0.60607022012187,54.74474447220404,43,dementia,5.96303901437372
SOF,0.0877028845635905,96.95633485937857,39,censor,7.60027378507871
SOF,-0.464879221464631,71.38434985877859,48,dementia,4.19164955509925
SOF,-1.60447086050277,22.575170246872997,33,dementia,4.28473648186174
SOF,-0.91866410216424,23.046265350610877,62,censor,6.99520876112252
SOF,-1.34265678120196,7.539154991213738,56,dementia,5.80698151950719
SOF,-0.51956061068492,36.03673631102019,48,censor,7.94524298425736
SOF,-1.41662984826812,17.23434626300776,46,censor,7.30184804928131
SOF,-2.30069092491099,0.0,26,dementia,4.25188227241615
SOF,-0.91922231438123,27.61102555087814,51,censor,6.67488021902806
SOF,-0.78433457456117,33.490157655142525,52,censor,6.87200547570157
SOF,0.0764599528673699,90.14953300401683,20,dementia,5.50034223134839
SOF,-0.12570523157933,94.13377535653463,18,dementia,4.79397672826831
SOF,-0.32837969859287,43.199977936583814,29,dementia,5.68377823408624
SOF,-0.57091165816347,26.799649190546226,39,censor,6.63107460643395
SOF,-0.766663024156639,70.00716891976495,27,censor,7.30458590006845
SOF,-0.594483124616789,40.35489631526529,65,censor,7.21971252566735
SOF,-0.38602764307002,65.08609103621447,49,dementia,4.25735797399042
SOF,-0.96836869501326,4.511179398081096,11,censor,7.32101300479124
SOF,0.18361779428422,89.38468702292349,43,dementia,5.14715947980835
SOF,-0.76606355217442,53.11206103653298,11,dementia,5.99041752224504
SOF,-1.33484323537477,13.029297064686412,64,censor,7.50718685831622
SOF,-0.72647828275412,76.24341457155023,14,censor,6.77344284736482
SOF,-0.0076240724636903,85.23145921725181,57,censor,7.94250513347023
SOF,-1.49731539641637,10.589523008117343,41,censor,6.80355920602327
SOF,-0.78705580743964,18.18496046179456,40,dementia,4.10130047912389
SOF,-0.444676136128631,51.96429758124655,50,censor,6.60643394934976
SOF,0.13785120060389,96.61567167093254,65,death,7.3429158110883
SOF,-1.05572823871977,13.266327732970309,62,censor,7.43600273785079
SOF,-0.84402451464255,37.28421625644206,27,censor,6.46406570841889
SOF,-0.23355920176045,69.00503016540968,52,censor,7.59753593429158
SOF,0.49111979864426,96.84193842566755,45,dementia,5.15537303216975
SOF,-0.13972504922907,80.82364369737589,51,censor,7.02532511978097
SOF,-0.2727296549264,61.531834138586724,41,dementia,5.93839835728953
SOF,-0.21888799268435,65.25016150929018,58,dementia,5.53593429158111
SOF,-1.14502596927403,9.192489873349103,53,censor,6.88569472963724
SOF,-1.6735044219773,0.0,51,censor,6.68035592060233
SOF,-0.312949969537419,77.68149639521236,15,dementia,4.40793976728268
SOF,-0.76041050234021,37.22453260426142,59,censor,6.61738535249829
SOF,-0.54329535229774,63.11531944268756,21,censor,7.59206023271732
SOF,-0.88890917326672,27.017872104724315,20,censor,7.06639288158795
SOF,-0.3231499148417,58.472993362310696,40,censor,7.55920602327173
SOF,-0.74843215212891,40.98899136898968,54,censor,7.11841204654346
SOF,-1.61235693182103,0.0,37,censor,6.53251197809719
SOF,-1.0895321920915,19.98425066484545,57,censor,7.3429158110883
SOF,-0.0374549049119594,92.40662662945576,22,dementia,4.53661875427789
SOF,0.0639357073160795,78.91095674693979,53,censor,7.57015742642026
SOF,-0.49156414797156,46.142221678381745,62,censor,7.03080082135524
SOF,-0.0644604011225198,90.24303646431109,38,censor,6.84736481861739
SOF,-0.0870361928045,61.22722061437292,36,dementia,4.05749486652977
SOF,0.0301481902121594,84.72636540643698,55,dementia,5.2539356605065
SOF,0.0005646039271795,92.96391429489496,31,censor,7.1895961670089
SOF,-0.210714973367659,73.90159637287239,50,censor,6.83915126625599
SOF,-0.78374511112395,51.925917200218635,31,censor,6.87474332648871
SOF,-0.0677660375185198,75.85414319575466,48,dementia,5.82340862422998
SOF,-1.52898361631333,11.115234178967086,49,censor,6.7460643394935
SOF,-0.45158902182838,69.80851877916032,47,dementia,3.85215605749487
SOF,-0.48023068467422,42.32126164878316,27,death,6.18480492813142
SOF,0.15193264767597,100.0,15,dementia,4.44900752908966
SOF,-0.22451102008328,80.79719604152437,35,censor,7.12936344969199
SOF,-0.68605921630041,45.479572472603095,56,censor,6.69678302532512
SOF,0.0850634318370297,85.97997482104785,52,censor,7.43052703627652
SOF,-0.754987927132071,58.40706567108005,11,censor,7.30458590006845
SOF,-0.72175028946162,31.370587971274638,52,censor,7.12936344969199
SOF,-1.07557067987404,23.585175518952145,54,censor,6.62559890485969
SOF,0.481715936682561,99.15499509745554,28,dementia,4.97741273100616
SOF,-0.718210080188,57.343674801573364,10,censor,6.72142368240931
SOF,0.0859505876167304,88.0707370230916,51,censor,7.30458590006845
SOF,-0.7399296569895,27.55031787085028,42,censor,7.04175222450376
SOF,-0.316325467383319,59.905485629378525,64,censor,7.5482546201232
SOF,-0.83832213430431,24.73827180648305,49,dementia,5.52498288843258
SOF,-0.0829049057021507,89.65012645072137,52,censor,6.5160848733744
SOF,-0.40120252712244,56.72164411600696,53,censor,7.59206023271732
SOF,0.70067878944423,99.46080719849536,43,dementia,4.92265571526352
SOF,0.0272208024313201,87.41745224403923,48,censor,7.49075975359343
SOF,-1.29125227411083,11.198670554927103,64,censor,6.62833675564682
SOF,-2.39391561987405,0.0,43,censor,7.34565366187543
SOF,-0.0076222523435205,94.20957299721074,13,dementia,4.86242299794661
SOF,-0.58658794061522,24.24086652151763,54,censor,7.35934291581109
SOF,-0.59515569301787,34.04573627498812,61,dementia,3.89322381930185
SOF,0.0972925319889796,82.29059859825026,40,censor,7.92881587953457
SOF,-0.881566270198211,74.87703207613156,10,dementia,4.40793976728268
SOF,-0.0841180975602398,60.63130462749549,47,censor,7.06091718001369
SOF,-0.46511880189427,54.88616148162798,63,censor,6.87200547570157
SOF,-0.0491064515555905,82.43324127340907,34,censor,6.74880219028063
SOF,1.2116599218434,100.0,19,dementia,5.30047912388775
SOF,-0.38667531550151,42.85504826484563,52,censor,7.56741957563313
SOF,-0.73933084610254,64.22918686565443,33,censor,7.12662559890486
SOF,-0.523232262871549,55.690756850996465,24,dementia,4.82409308692676
SOF,0.806829094464619,100.0,59,dementia,5.78781656399726
SOF,0.385410712247069,99.05076086878063,51,dementia,3.84941820670773
SOF,-0.17255901529695,68.27001785754,47,censor,7.11019849418207
SOF,-0.912545956535421,19.899376198457308,59,death,6.39288158795346
SOF,-1.65814570094245,16.442339708777734,35,censor,7.35934291581109
SOF,-0.238642812011859,68.48482654536919,62,censor,6.34907597535934
SOF,-1.33914565263505,11.809625572332989,56,censor,6.61464750171116
SOF,-0.24871200483451,71.97433346387659,55,censor,7.19780971937029
SOF,-0.72919171248908,26.31572545745134,37,dementia,4.94455852156057
SOF,-0.937139299579449,9.672379475485247,54,censor,6.99520876112252
SOF,-0.39095771739258,32.72421009891642,47,censor,7.564681724846
SOF,-0.299553289597659,71.53718461296509,44,dementia,4.92265571526352
SOF,-0.0421119559552295,80.27402942222977,13,dementia,5.00205338809035
SOF,-0.36604388878541,52.68691235904173,35,censor,7.46064339493498
SOF,-0.31490020803229,98.93963029574729,15,dementia,4.19712525667351
SOF,-0.93296399380139,14.162150821045623,34,censor,6.80903490759754
SOF,-0.62118397821655,36.06803866087231,57,censor,7.41683778234086
SOF,-0.29150285764609,56.00415228305676,59,censor,7.57289527720739
SOF,0.27939129408892,96.14624317438398,12,censor,7.05270362765229
SOF,-0.493664773570789,54.31691399010572,61,censor,7.57015742642026
SOF,-0.23250479347741,66.27968674813778,60,censor,6.8993839835729
SOF,0.10370335845905,90.87916983221047,57,dementia,5.72210814510609
SOF,-0.3454065257088,75.44251858689597,38,censor,6.69130732375086
FHS,-0.49251921524771,17.033245757973003,152,death,16.1889117043121
FHS,-0.0608143799283397,57.50222524062607,46,dementia,16.7583846680356
FHS,0.651744150340831,79.59019337379559,126,censor,22.3956194387406
FHS,0.10090866953624,52.79554765020995,133,censor,21.8151950718686
FHS,0.30792949718298,80.10017836976586,103,dementia,11.9206023271732
FHS,-0.96783555407571,8.842115654844244,117,censor,21.3634496919918
FHS,-0.29841462144634,35.86234383273291,140,censor,22.3052703627652
FHS,0.14468053637901,39.39661959902304,78,censor,20.788501026694
FHS,0.36729700665033,75.50642458087638,45,death,18.2970568104038
FHS,0.359483695127579,83.95312063226626,104,death,9.68925393566051
FHS,0.41527474996272,72.65963942874943,115,censor,22.1492128678987
FHS,0.59706920665115,82.87053241481406,130,death,14.5735797399042
FHS,0.250737130215509,93.12597175254957,43,dementia,13.7960301163587
FHS,-0.39972699468778,22.962844418601083,88,death,14.3983572895277
FHS,-0.38142086205316,20.688265149703454,92,censor,21.2292950034223
FHS,0.22328882383504,55.042959384556504,29,censor,18.7433264887064
FHS,-0.41622852069175,27.67124626853659,101,censor,15.3182751540041
FHS,0.6942442569839,83.06439822922948,132,censor,21.7138945927447
FHS,0.20758175110454,62.04012589106147,132,censor,15.3401779603012
FHS,-0.0066354950429101,50.95749872278806,115,death,12.5995893223819
FHS,-0.21290135029296,24.582656391164694,85,censor,15.64681724846
FHS,0.61071984494306,82.34518920921758,153,censor,21.7303216974675
FHS,0.10248066452281,54.59578012370157,113,dementia,16.2874743326489
FHS,0.101472946248759,65.93095339366025,137,censor,21.1718001368925
FHS,0.39433930170599,83.95030935156382,130,death,20.0985626283368
FHS,0.55893872600158,87.26893563125498,90,dementia,5.11978097193703
FHS,-0.85928286472727,12.401186407055812,69,censor,14.5845311430527
FHS,0.43576463512682,73.30509488933318,138,censor,22.2696783025325
FHS,0.26050879197611,79.63728009279221,15,censor,17.6892539356605
FHS,0.38004970733887,70.33964598557785,105,censor,21.3634496919918
FHS,-0.47823908816048,17.13655285021192,52,censor,9.19644079397673
FHS,0.53278527759373,80.88135967665033,125,censor,13.700205338809
FHS,-1.02767591493245,5.859430441978661,144,censor,21.5605749486653
FHS,-0.9443067386609,14.611276327727444,74,censor,19.066392881588
FHS,-0.0465911012303103,43.09440250062298,114,death,18.9103353867214
FHS,0.23342874321265,60.07712743722865,49,censor,14.0533880903491
FHS,0.16767517929112,72.13016735385446,104,dementia,15.315537303217
FHS,0.61877961926339,92.70503078656651,100,dementia,10.6255989048597
FHS,-1.08954256082539,1.4626638277792525,117,death,21.1143052703628
FHS,-0.0046853091968998,51.77161582400824,163,censor,17.5824777549624
FHS,0.0695325913603803,50.16381965109494,129,censor,21.6098562628337
FHS,0.54475553516877,82.6776558598322,85,censor,22.1711156741958
FHS,0.31856077928861,69.4243980379518,154,censor,15.7262149212868
FHS,0.12953317916993,59.44964658538586,106,death,14.6255989048597
FHS,0.16295029509672,44.855295988236186,81,death,17.8672142368241
FHS,-0.492799418740511,14.85043946433505,119,censor,22.6228610540726
FHS,-0.0391301861744502,38.13494285307451,91,censor,20.3668720054757
FHS,-0.55291529913217,15.172806932717833,136,dementia,12.5530458590007
FHS,-0.99295048692046,45.89426333375743,11,death,8.62422997946612
FHS,-0.45055612993753,22.308938525567733,123,censor,21.5578370978782
FHS,0.5798480530478,82.09026710145187,111,censor,20.8104038329911
FHS,-0.41442334959295,22.19815652069287,144,censor,14.9596167008898
FHS,-1.25900459763028,12.279079296663747,45,censor,20.9856262833676
FHS,0.76652731817943,88.88477572465094,138,death,23.1622176591376
FHS,0.53100194012079,84.29052475034707,170,censor,18.4175222450376
FHS,0.26571088511067,91.1334796452551,11,death,3.51266255989049
FHS,0.1440379382734,57.703829280126925,131,death,21.4674880219028
FHS,0.21090676962589,65.44513671821389,126,censor,15.2553045859001
FHS,-0.37677066818995,26.05410107395774,127,censor,22.0260095824778
FHS,-0.0003357505595801,43.1445146088799,134,censor,14.3874058863792
FHS,-0.37489690987481,22.880157795877043,101,censor,15.7837097878166
FHS,0.93626750497819,94.14609844288971,120,censor,22.3436002737851
FHS,-0.92162729691796,2.7329603958991995,111,censor,20.8678986995209
FHS,0.686095331949021,77.70646375595096,141,death,21.9876796714579
FHS,0.36043042593011,59.43417432963868,67,death,18.6255989048597
FHS,-1.02050788125607,7.746703324045484,119,censor,21.1553730321697
FHS,0.69310732612233,83.97056933436434,78,censor,22.1930184804928
FHS,-0.0402148536586303,46.41050681194347,123,censor,15.3483915126626
FHS,-0.76200424688315,12.16377781135311,169,censor,15.772758384668
FHS,-0.81721134930082,8.921132877285455,146,censor,22.7789185489391
FHS,0.24812574868471,56.84280641180483,65,death,19.4661190965092
FHS,-0.38535803268765,29.02831101428725,107,death,17.8726899383984
FHS,1.45500760960072,100.0,124,censor,15.0362765229295
FHS,1.03221772110892,98.2941730176936,135,censor,21.6919917864476
FHS,-0.26270688373906,65.57566816316233,35,censor,9.65913757700205
FHS,-0.1997301985898,35.60015628236818,30,censor,13.927446954141
FHS,-0.134265003762479,53.63008588169904,13,death,4.09856262833675
FHS,0.15174948533092,55.87297565213648,138,censor,14.2614647501711
FHS,0.6237155186802,80.03845037342383,51,censor,21.347022587269
FHS,-0.81322788125502,14.041635861229228,125,censor,20.8870636550308
FHS,0.76203609841578,97.98985029468255,84,dementia,7.54277891854894
FHS,0.385242128532261,81.56996631982192,159,censor,23.0444900752909
FHS,0.67004261678979,84.87504069400421,107,censor,21.1115674195756
FHS,0.57190403906027,75.93416290223881,98,censor,9.6290212183436
FHS,0.49193062463799,69.89516187555878,75,censor,21.2594113620808
FHS,0.46540856417538,86.70902568086927,114,censor,22.5571526351814
FHS,1.05069954376803,99.01553394576096,117,death,18.5571526351814
FHS,1.66821352843062,100.0,127,censor,20.9253935660507
FHS,-0.04098197543371,48.65237946972293,123,censor,20.9281314168378
FHS,-0.14699737840542,46.280547499312824,138,censor,22.2833675564682
FHS,0.11165308262768,65.48315758929436,120,censor,11.9397672826831
FHS,0.51714757955696,86.69577774649748,121,censor,15.3675564681725
FHS,0.70734563911392,95.31950890411102,106,censor,14.9459274469541
FHS,-1.02024938134934,0.5596880031996715,63,dementia,16.0492813141684
FHS,0.10558340880331,53.30067094515792,66,censor,13.8343600273785
FHS,-0.384647401682891,38.392206140255865,78,death,16.9774127310062
FHS,0.5513313046615,75.76679376815615,101,censor,16.2929500342231
FHS,0.34559010163668,77.08848780135206,61,censor,22.2094455852156
FHS,0.90902406768801,95.01955550401777,134,death,20.9719370294319
FHS,-0.47288623864777,21.866504939453353,155,censor,17.8672142368241
FHS,1.04276994825319,100.0,136,death,21.8316221765914
FHS,-1.19248536423898,6.01862914684951,125,censor,21.6563997262149
FHS,-0.13978668825193,33.81404960798022,91,death,11.5592060232717
FHS,0.33117985433808,65.80977068233948,127,death,20.8514715947981
FHS,-0.0507542293731703,52.426918704122336,90,censor,21.886379192334
FHS,0.27251029985836,57.927954632457244,86,censor,22.1848049281314
FHS,0.0025658381176,56.48449777339879,65,dementia,14.8117727583847
FHS,-0.74693158018605,3.9802655151154736,11,death,4.13963039014374
FHS,-0.25772071784206,42.06623641837858,62,death,17.7084188911704
FHS,0.17800240191816,54.676724464006035,118,censor,14.54893908282
FHS,-0.39999715365522,17.20490659326786,48,death,15.7344284736482
FHS,0.67030014191231,91.1490286076007,137,censor,23.0554414784394
FHS,-0.0342423866165397,60.98709490850145,53,death,16.3285420944559
FHS,-0.44346041332312,19.994804775240883,129,death,17.9192334017796
FHS,-0.33206862889034,34.35820852560565,146,censor,21.8069815195072
FHS,-0.23612756900488,38.20855731762346,150,dementia,9.44832306639288
FHS,-0.0534690988080797,60.21028589405375,52,dementia,14.2067077344285
FHS,0.62528470645068,86.88436864324278,101,censor,20.8651608487337
FHS,0.18151351334412,62.93984779933616,100,censor,20.9418206707734
FHS,-0.24553047635095,17.778500388256237,26,dementia,13.6290212183436
FHS,0.46056284742606,73.31621053556195,142,censor,20.8350444900753
FHS,0.0666821752622397,41.694553193811934,116,censor,22.611909650924
FHS,-1.1458301715474,6.757086499507691,134,censor,18.0123203285421
FHS,-0.45490799857646,19.858808911392977,147,censor,14.8117727583847
FHS,0.15987174951282,43.8934743062403,66,death,18.4996577686516
FHS,0.67363869642159,96.31292588791592,59,censor,17.1772758384668
FHS,-0.3734205122429,19.804383474637827,114,censor,14.735112936345
FHS,-0.46335567778222,18.96556684708182,88,censor,21.2895277207392
FHS,0.84958659264902,89.47294246035572,87,censor,20.848733744011
FHS,-0.277733876595489,25.479310101760095,125,censor,22.90212183436
FHS,0.13199648576163,58.941508480147355,122,censor,21.2292950034223
FHS,-0.42313712010958,16.943435077612683,112,censor,14.7241615331964
FHS,-0.00738874188132,41.49353405815012,123,death,11.419575633128
FHS,0.0590963328572101,63.38221973406731,74,dementia,5.52498288843258
FHS,0.40483846848679,76.09844120401196,137,censor,21.8918548939083
FHS,-0.422350275604479,27.773644290564555,70,death,9.99041752224504
FHS,-0.455580807011989,24.142748535988368,76,censor,21.9767282683094
FHS,0.16931005134564,56.868346369905765,138,censor,22.6447638603696
FHS,-0.34132410456892,34.36952327232647,105,censor,21.7905544147844
FHS,-0.56729544960962,15.360898042151991,146,dementia,20.0082135523614
FHS,0.27583232219079,50.04427990267355,63,censor,22.5653661875428
FHS,-0.62294127625958,20.792241587919072,39,death,16.7282683093771
FHS,0.0906747378680997,57.939532188111144,146,censor,20.8158795345654
FHS,0.98151714839362,97.66753703753471,153,censor,22.2505133470226
FHS,0.73136777862556,87.04235619589171,58,censor,9.70841889117044
FHS,0.12349123637746,69.40078008636965,75,dementia,7.33744010951403
FHS,0.864886628408171,97.659018081488,161,censor,16.5639972621492
FHS,1.10430062132626,98.356619232056,101,censor,16.8569472963723
FHS,-0.31810817300045,32.09393317409973,114,censor,16.8021902806297
FHS,0.29855402203633,77.33717543500678,128,censor,20.4271047227926
FHS,0.15187621253683,61.236453136639234,124,dementia,11.1129363449692
FHS,0.773759943408641,90.82169382013464,149,censor,13.8945927446954
FHS,-0.19595317050569,40.89424613162534,117,censor,13.5852156057495
FHS,0.224255998349,62.70761288471536,70,dementia,15.1731690622861
FHS,-0.16167984920819,41.56382249687183,111,censor,21.7111567419576
FHS,0.97427864548736,94.06716301904491,115,censor,15.2060232717317
FHS,-1.0679725495468,4.94947605866473,116,dementia,15.5181382614648
FHS,-0.11522666225995,42.22739982407352,80,censor,15.5701574264203
FHS,0.24739048172846,80.19872030964406,87,censor,14.5407255304586
FHS,-1.49201916160613,5.648537367836768,150,censor,22.2888432580424
FHS,0.404371316364831,70.396155997096,151,death,14.1793292265572
FHS,-0.21054887304732,36.39953410251308,66,dementia,13.0759753593429
FHS,-0.0685972833292404,52.27969129118068,166,censor,8.35865845311431
FHS,0.23244091952951,62.56873990984174,144,censor,17.09787816564
FHS,0.0775908489896096,55.37334343486837,13,death,6.62012320328542
FHS,-0.0473634730684999,49.72021871066127,160,censor,22.1163586584531
FHS,0.81267584637817,99.49742258509092,62,censor,21.7111567419576
FHS,0.78710749076126,92.08092511678045,147,censor,21.0184804928131
FHS,-0.70349250553143,19.339525920448587,138,censor,15.3593429158111
FHS,0.69911210512694,82.25724133650971,118,censor,16.5311430527036
FHS,0.34167591274118,75.14199391627174,169,censor,22.3600273785079
FHS,-0.98946326456562,9.029081953136645,85,censor,21.2703627652293
FHS,1.22962578216447,99.91119896849104,85,censor,17.2484599589322
FHS,-0.44214469536572,23.616231232198253,157,death,20.1122518822724
FHS,-0.40120126981945,27.661246192892893,147,censor,21.0540725530459
FHS,0.32777941922145,73.27521810122614,170,censor,21.0622861054073
FHS,0.60736679786234,79.46501554623894,117,death,18.1190965092403
FHS,0.36832559352731,76.08917180066149,169,censor,22.113620807666
FHS,-0.34451089894335,26.830502599893897,114,death,13.9082819986311
FHS,0.05333977909903,44.51231264163895,104,censor,20.5420944558522
FHS,0.60389667345078,91.44743484725907,127,censor,21.3278576317591
FHS,-0.40194543363726,17.91634670296326,79,censor,22.3244353182752
FHS,-0.0200390270267299,48.81030136393535,104,censor,21.7221081451061
FHS,-1.21980379297629,5.095158710558041,154,censor,16.9034907597536
FHS,0.106843470179849,56.01463800881668,87,censor,17.9822039698836
FHS,0.53362539507047,86.35966270874852,128,death,11.8220396988364
FHS,0.16291394818505,68.69603008069664,71,censor,20.9856262833676
FHS,0.31163869727406,60.915752187853506,93,censor,21.4401095140315
FHS,0.74286752887086,89.37976916442696,130,censor,21.782340862423
FHS,0.1479886898104,61.77132507867144,133,death,12.1149897330596
FHS,0.92093085933444,95.44520134277647,104,censor,8.90622861054073
FHS,-0.20644836067653,39.51500886540331,114,censor,20.9281314168378
FHS,-0.51473929846432,23.38621343780868,174,censor,21.5934291581109
FHS,-0.34757509461368,32.03337843432319,73,censor,21.5605749486653
FHS,-1.3281436176724,9.836115566917092,72,death,22.2833675564682
FHS,0.65842414560372,89.0497953803846,173,censor,17.1991786447639
FHS,1.04923071802668,95.14168128385177,142,death,16.2765229295003
FHS,1.11710827129972,100.0,38,censor,21.6646132785763
FHS,0.48714508235732,66.86313630841288,82,censor,16.2655715263518
FHS,-0.308151143617479,33.548345859514,112,dementia,14.4969199178645
FHS,0.20426549330767,73.05984228212616,102,censor,21.3415468856947
FHS,0.59571220614769,88.00411168029454,124,censor,21.9603011635866
FHS,-0.0383952075143497,51.03320359295644,104,censor,21.6125941136208
FHS,-0.4778283691221,21.321968228167055,150,censor,14.7624914442163
FHS,0.69152978467604,99.50152014222522,15,death,21.7905544147844
FHS,0.63319889586216,94.12040958633852,16,censor,21.9822039698836
FHS,-0.13579095830571,40.920514421702634,148,censor,17.1444216290212
FHS,0.87132118079724,92.71667775367486,105,censor,23.0691307323751
FHS,0.53383565401044,81.17003219673677,12,death,7.76454483230664
FHS,-0.782332728087,39.474943152270136,38,censor,22.3189596167009
FHS,1.14496308265557,97.45146461292408,91,censor,22.9760438056126
FHS,0.4568123955311,91.28164180147564,65,censor,14.7022587268994
FHS,-0.75100277946656,16.214118381449378,71,dementia,14.9897330595483
FHS,0.82947094944557,85.4224766806661,80,censor,21.8781656399726
FHS,1.91672028529104,100.0,23,censor,21.2813141683778
FHS,0.29981186452982,65.45596974713409,129,censor,19.5482546201232
FHS,1.11568159205379,99.89685361164892,102,dementia,12.5503080082136
FHS,0.32142420354077,70.01106755682008,141,censor,22.7488021902806
FHS,-0.66903361621354,9.874978455318802,120,censor,21.3963039014374
FHS,-1.40658189037073,5.6028735757347805,101,censor,20.7529089664613
FHS,-0.76332188656306,9.902742109394648,116,death,17.2292950034223
FHS,0.794922273189241,91.46918374639517,102,censor,21.4948665297741
FHS,-0.13536368003288,38.06976333582631,101,death,11.2772073921971
FHS,-0.43722691626475,26.68249502187118,80,censor,16.7611225188227
FHS,1.07196048771914,100.0,42,censor,22.1711156741958
FHS,0.834270305356191,92.00661045502264,132,censor,22.0369609856263
FHS,-0.10294566377014,39.629230165706225,53,dementia,9.43737166324435
FHS,-0.26372892326662,34.92094335729011,152,censor,20.9281314168378
FHS,0.0777162358522801,35.36673095112729,59,dementia,18.8856947296372
FHS,0.82079789821161,95.0546461830243,114,death,12.4845995893224
FHS,0.41025373683898,77.17525059467978,91,censor,14.8856947296372
FHS,-0.0384022429338799,48.154712993438494,123,death,18.0670773442847
FHS,-0.2859207118054,27.370963089577725,151,censor,21.0595482546201
FHS,0.0286728989441499,74.44961932184707,61,death,14.2642026009582
FHS,0.68982354149028,90.83946486509167,97,censor,9.02943189596167
FHS,0.23326092898395,61.911603422649335,87,censor,22.6748802190281
FHS,-0.14838923863765,47.018735754572205,12,censor,22.3846680355921
FHS,-0.0628033545898902,46.540560094105544,51,censor,21.7385352498289
FHS,-0.2783878941384,36.71284863764451,97,censor,21.5934291581109
FHS,-0.71188202729917,7.895746040614956,157,censor,21.0869267624914
FHS,-0.26997129303096,33.929685069613456,140,censor,18.2477754962355
FHS,-0.50633408157017,33.81960397431262,26,censor,14.2614647501711
FHS,0.0185255547702297,51.16838076835587,133,censor,20.0930869267625
FHS,-0.38411739902509,28.31443839036795,153,censor,21.8151950718686
FHS,-0.0597308407792603,37.08158214209994,145,censor,15.9315537303217
FHS,-0.69614876417639,20.08249168956536,71,censor,22.5133470225873
FHS,0.0438488477064702,49.315497439289764,130,censor,14.2614647501711
FHS,0.80445156958442,94.39265351604648,71,censor,17.8672142368241
FHS,0.88044425046793,92.32182285420451,57,censor,13.4401095140315
FHS,0.358057277308851,81.76572902957625,107,dementia,3.22245037645448
FHS,0.33988133935776,77.09347821957968,115,death,13.7138945927447
FHS,0.35976186703517,72.99108256062794,94,censor,20.5092402464066
FHS,0.404700082936979,74.71831164395046,118,death,11.6878850102669
FHS,0.11321698169133,56.05728943737547,128,censor,21.4209445585216
FHS,-0.22004680407677,32.60490535500972,93,censor,13.637234770705
FHS,0.19531834245296,60.915942695305,143,censor,22.2669404517454
FHS,0.39106883549622,80.31858200368217,137,censor,21.3223819301848
FHS,-0.27124080958408,30.72397172109833,92,death,12.5886379192334
FHS,-0.01840390584413,48.101957072845664,122,censor,22.3080082135524
FHS,-0.53160983905226,14.817377206123618,97,death,15.7316906228611
FHS,0.30186322688624,65.78914646010072,139,censor,20.2765229295003
FHS,0.21377888801557,61.628289608127695,123,dementia,12.2053388090349
FHS,-0.80815541683262,14.50216005791443,116,censor,14.3655030800821
FHS,0.38225389283277,87.28397667942109,106,death,20.9664613278576
FHS,-0.20787862430184,37.46933174649213,126,censor,22.7488021902806
FHS,1.32731721202702,100.0,11,death,17.5468856947296
FHS,-0.46656714272014,19.821132322841247,70,censor,22.0698151950719
FHS,0.45937204873375,84.25262582790333,129,censor,20.9856262833676
FHS,-0.0835032783766593,44.202807345144194,113,censor,21.4127310061602
FHS,0.536135576733081,78.05575218697338,132,death,16.290212183436
FHS,0.51717185615375,77.61027331144109,69,censor,22.0944558521561
FHS,0.802245262584439,97.66753697312218,76,death,14.1984941820671
FHS,-1.68999781154484,2.9374356651379463,144,censor,21.3634496919918
FHS,0.74535893629694,86.3088593876858,131,censor,20.9856262833676
FHS,0.69716027362398,91.6599592681975,126,dementia,16.7501711156742
FHS,0.08332042422076,44.570981886089804,109,censor,22.2888432580424
FHS,-0.13690745053145,22.739375859620502,57,censor,22.0643394934976
FHS,0.54214669442882,83.96774274989835,128,censor,21.9055441478439
FHS,0.37933279884613,68.98496340765007,104,death,10.7405886379192
FHS,0.48468392287061,79.42343565016753,129,censor,15.0171115674196
FHS,-0.84392034410875,8.436380224456274,102,dementia,16.7720739219713
FHS,-1.45505536639844,9.046826593672066,68,censor,17.4647501711157
FHS,0.32452928302913,63.767738000990065,127,death,21.2402464065708
FHS,0.65202946233407,90.5492016875774,90,death,23.460643394935
FHS,-0.38872337391802,32.57649000801294,25,death,23.9151266255989
FHS,-1.11164531843223,0.9036481253504195,65,death,19.7152635181383
FHS,0.746959419887629,96.36121794945124,163,censor,22.570841889117
FHS,0.19538215183535,58.19505850634658,105,censor,16.1724845995893
FHS,-0.29394435589735,35.7684194499611,133,censor,20.9664613278576
FHS,-0.68606068835394,15.195820391269713,101,censor,17.2758384668036
FHS,1.48184652336953,100.0,123,death,15.0417522245038
FHS,-0.591279047964,17.010965363300585,100,dementia,11.5947980835044
FHS,0.80655453383161,93.72312972330487,93,censor,21.2402464065708
FHS,-1.13624766281045,2.2168964986795516,127,censor,20.4709103353867
FHS,0.30142075462862,71.88602097277109,16,censor,9.52772073921971
FHS,0.39571698435238,79.10088117719609,57,death,20.5557837097878
FHS,-0.76553722568402,17.99498558601705,35,death,19.0225872689938
FHS,0.0711197421553699,52.5724848456937,113,death,11.6632443531828
FHS,-0.62892938724647,18.574223808707313,144,censor,17.0102669404517
FHS,0.31011587154071,81.38894893810917,47,censor,21.5496235455168
FHS,0.16160409800482,49.63077222686616,101,censor,21.5687885010267
FHS,-0.52951098107956,10.616678670762587,53,death,11.0308008213552
FHS,-0.57094799612505,14.967812013100245,141,death,20.8651608487337
FHS,0.2068081847587,80.98935524941047,128,censor,14.9404517453799
FHS,-0.10676719323467,38.203599305548146,65,censor,22.3463381245722
FHS,-0.28625968511911,47.67104741864708,81,death,9.63449691991786
FHS,-0.20748193638369,27.03671423340465,106,censor,16.2929500342231
FHS,-0.28308637607515,38.84562850801078,66,dementia,19.6878850102669
FHS,0.34366467140558,66.60760244810064,69,censor,21.5003422313484
FHS,0.14822746254178,53.937949478012726,111,death,9.68925393566051
FHS,-0.04833881091525,56.548585443083105,62,death,10.0944558521561
FHS,-0.54249938455361,14.106800809156073,126,censor,22.1327857631759
FHS,0.14991838517645,65.56137003885542,51,censor,14.7515400410678
FHS,-0.0050304672962596,44.253880209278705,106,death,20.1971252566735
FHS,-0.11728946218015,44.20966504555506,130,censor,14.7816563997262
FHS,-0.46307150485457,22.693287062552642,74,death,15.4031485284052
FHS,0.12547962953024,61.07342338830095,102,censor,22.0232717316906
FHS,-0.41675332713259,24.30808096186717,90,censor,16.3011635865845
FHS,0.0892945612141602,67.22966994405708,27,censor,21.574264202601
FHS,0.48554756147338,81.52487942850502,130,censor,20.5749486652977
FHS,0.19332846553816,72.6692725077877,81,dementia,18.1245722108145
FHS,-0.62710154216367,5.165376759728367,37,censor,20.0903490759754
FHS,-0.16045835318872,43.832570073416676,163,censor,14.1957563312799
FHS,0.83362605415273,96.84671327050178,74,dementia,18.2669404517454
FHS,0.0496850610859795,57.771423831289624,95,death,18.8364134154689
FHS,0.154048947441331,62.15447703968547,72,death,9.63997262149213
FHS,-0.89475281228717,4.633856443842725,127,censor,21.8973305954825
FHS,0.17463739727889,84.55341082133988,13,death,4.47364818617385
FHS,-0.287964515821351,27.21262414974753,132,censor,14.6447638603696
FHS,-0.47454813094302,26.13439209506363,98,censor,22.3052703627652
FHS,-0.12086916284665,38.637403125063194,121,death,8.89801505817933
FHS,0.804972831610741,96.99869324128446,146,death,10.6885694729637
FHS,0.71387280992858,86.66807603042348,76,censor,20.8596851471595
FHS,-0.0465430959931403,41.2757415001803,134,censor,21.5112936344969
FHS,-0.12561280925766,43.640837714624645,121,censor,14.735112936345
FHS,0.705279011255109,94.34230897777806,84,censor,22.9349760438056
FHS,-0.13411184252459,31.458038306566582,88,dementia,5.29226557152635
FHS,0.321005130296069,75.84340142738678,102,censor,22.9897330595483
FHS,-0.60486292363515,21.12117128819479,97,censor,21.3744010951403
FHS,-0.45050826645607,21.834246763139326,163,censor,21.242984257358
FHS,-0.39719160540769,30.055069296712773,126,censor,22.7433264887064
FHS,-0.35794215988277,22.72492243275144,110,censor,16.643394934976
FHS,-0.487574151871669,37.142762876412185,48,dementia,17.284052019165
FHS,0.45472044296246,68.75851721226088,94,censor,22.5763175906913
FHS,0.78695357139442,90.80079414673503,67,death,18.4120465434634
FHS,0.835431876400619,95.00767426673231,114,censor,21.6180698151951
FHS,1.4065260611405,100.0,84,death,19.6030116358658
FHS,-1.31790539271272,0.0,77,censor,14.1683778234086
FHS,0.20470841500872,72.559186504571,79,death,17.3524982888433
FHS,-0.41392465393494,23.503961528953056,127,censor,16.6105407255305
FHS,0.512758907314451,77.65127098694816,143,death,21.5852156057495
FHS,-0.0921006918973802,46.11635563684503,110,dementia,15.9616700889802
FHS,0.19364148313647,67.75432438144401,171,censor,21.7056810403833
FHS,0.50145582656227,78.4194844488781,81,dementia,13.2977412731006
FHS,0.16649420075381,62.54778065062947,52,censor,21.574264202601
FHS,-0.2111832718158,29.00966784011773,124,death,18.1163586584531
FHS,-0.15155952372394,42.45655485597534,168,dementia,13.0677618069815
FHS,0.32423890530286,76.58097017753092,121,censor,21.2895277207392
FHS,-0.03773039272128,54.23367436604569,102,censor,22.2724161533196
FHS,-0.22421114812199,36.78322532435176,118,censor,21.9767282683094
FHS,-0.19685809854322,49.41773857471737,54,censor,21.2073921971253
FHS,1.21666656565378,95.73845078540596,75,censor,22.5379876796715
FHS,-0.64796271729945,17.351632662617558,135,censor,18.6913073237509
FHS,-1.00131330453297,1.1966915828592848,105,censor,16.2464065708419
FHS,0.41854014556083,80.60834177472225,132,censor,14.2340862422998
FHS,-0.169878459718,40.3637352254825,147,death,10.4832306639288
FHS,1.07665578331207,100.0,99,censor,22.4969199178645
FHS,-1.5812323671696,38.86294575541891,26,death,14.6009582477755
FHS,-0.28546387635911,47.107293368579995,92,death,13.3853524982888
FHS,0.10343450394043,59.9965852981463,33,censor,11.2416153319644
FHS,-0.84131329899586,10.378810375547241,127,censor,21.1471594798084
FHS,0.14754577785669,60.25569916286552,109,censor,20.5749486652977
FHS,0.17370773334938,59.59989815161542,115,censor,22.3572895277207
FHS,0.14711087511799,68.45586922342424,126,censor,14.8145106091718
FHS,-0.34774038040554,28.00107236297446,121,censor,18.0698151950719
FHS,0.17120769494575,76.39687006458247,150,dementia,18.2149212867899
FHS,0.37913504044906,70.58848080069887,56,censor,20.413415468857
FHS,0.84535327374061,94.82134904253246,125,censor,21.1854893908282
FHS,0.0678553692247405,60.18041081021221,143,death,9.99041752224504
FHS,0.52365523370862,83.38793845129868,88,censor,21.2292950034223
FHS,-0.73804407546725,20.465861462687712,113,censor,21.2457221081451
FHS,-0.86533454306654,13.813985650263303,72,censor,14.6611909650924
FHS,0.11466968201463,27.372988965132684,44,censor,21.1882272416153
FHS,0.46382721532465,84.29640272057442,91,death,15.3949349760438
FHS,0.43430755784353,65.89057984463439,49,censor,21.2950034223135
FHS,1.27413625410435,100.0,124,censor,14.3983572895277
FHS,-0.0130599183410595,51.8038941583201,105,death,22.0971937029432
FHS,0.796784863002971,100.0,24,death,13.2895277207392
FHS,0.273332616321591,72.12064468388364,142,censor,22.2395619438741
FHS,0.0302191021543798,50.633898902232914,144,censor,15.772758384668
FHS,0.22864431494146,62.08789480856539,150,censor,14.1875427789185
FHS,0.00807065926871,50.40510382627838,105,censor,14.466803559206
FHS,0.65202838596773,84.55406966642254,93,censor,20.6379192334018
FHS,0.16218607912113,74.13624470611836,91,dementia,16.6680355920602
FHS,0.417433480955231,80.8528273443919,100,death,19.9698836413415
FHS,-0.2520331100095,35.00038096656603,143,censor,22.1026694045175
FHS,0.72117029356388,84.51526217640757,132,censor,20.5311430527036
FHS,-0.0414608965167098,43.10360875862955,119,death,14.8446269678303
FHS,0.49910088508436,75.5825437346344,131,censor,20.3148528405202
FHS,0.140389657813959,51.751689911279406,107,censor,17.700205338809
FHS,-0.68380291357125,40.79016813962124,12,death,10.1190965092402
FHS,-0.58083311014181,18.937604394883742,79,censor,22.0396988364134
FHS,-1.19281054817013,3.5144387586489554,138,censor,21.5414099931554
FHS,0.73144477782289,87.40816051852701,120,censor,22.362765229295
FHS,-0.121081205653211,39.392976246507686,111,death,9.56605065023956
FHS,-1.03190153756577,8.98918765967582,122,censor,21.7248459958932
FHS,0.538997636647081,85.15914516606637,80,censor,21.4236824093087
FHS,-0.22320163358209,36.74246259988698,163,censor,14.5325119780972
FHS,-0.59127026458683,13.689972985787218,126,censor,14.9158110882957
FHS,-0.3772289210141,18.80778799104106,90,death,18.0807665982204
FHS,0.5353675767243,75.63134405771359,36,censor,21.4428473648186
FHS,-0.32096087389651,36.42111561684574,90,censor,17.4647501711157
FHS,-0.6717309705422,23.795254683476948,41,death,15.8220396988364
FHS,-0.1580572134144,35.716991224203966,121,censor,20.8925393566051
FHS,0.50287268750471,73.07643119021166,63,censor,21.3689253935661
FHS,-0.71649847902917,11.684269252079112,128,censor,21.6125941136208
FHS,-0.16991391912361,39.75893133693298,130,censor,22.4750171115674
FHS,0.94635014054809,96.10370619016773,126,censor,22.507871321013
FHS,-0.436257786741589,22.0732328356429,88,censor,21.1718001368925
FHS,0.303466173993669,69.10777826359579,111,censor,19.1101984941821
FHS,-0.0806498568081594,49.864384600795226,97,censor,16.4106776180698
FHS,1.17269652793635,100.0,38,dementia,11.3894592744695
FHS,-0.28807724752145,35.09268981444668,162,censor,21.1882272416153
FHS,-0.25872529536492,26.467114145638323,89,censor,20.9883641341547
FHS,-0.0358086120472805,55.295397475884386,105,censor,22.3600273785079
FHS,0.51680519074246,82.59700619670836,104,censor,21.4866529774127
FHS,1.08860046833452,97.82833568554838,143,dementia,17.6728268309377
FHS,-0.42339749776237,34.002565765520124,71,death,17.6180698151951
FHS,0.0461437651184099,57.1641576942591,108,censor,16.1615331964408
FHS,0.34765435268594,78.25598638622446,110,censor,19.9479808350445
FHS,0.64093157482282,89.74046564541328,104,censor,22.7816563997262
FHS,0.0951933822455501,43.96714415418077,47,censor,21.6563997262149
FHS,0.66175195152824,89.08063410573556,162,censor,21.886379192334
FHS,0.60311181951208,80.35567564367206,136,censor,10.3928815879535
FHS,-0.8994396209081,7.506371576882661,146,censor,17.5989048596851
FHS,-0.90369547793814,10.788556275590212,99,censor,21.3607118412047
FHS,-0.40912763436162,19.256055037792784,121,censor,13.6892539356605
FHS,0.8501618437338,92.55895942481281,148,censor,21.7138945927447
FHS,0.31856727404075,74.19438246396746,91,censor,16.1341546885695
FHS,0.12160088887482,58.58692011324381,111,censor,20.3477070499658
FHS,0.74629044328308,97.91933880282352,130,censor,15.9041752224504
FHS,0.97149191496725,94.72810668841514,126,censor,17.5989048596851
FHS,0.78551370337698,79.97355336674713,82,censor,10.031485284052
FHS,-0.0118381438143402,46.85558260143106,133,censor,22.6420260095825
FHS,0.43563029091534,65.18968547751683,114,death,17.2320328542094
FHS,0.52611111455424,77.42284276347976,124,death,22.1437371663244
FHS,-0.0399557139678798,43.80891087142604,79,censor,18.2094455852156
FHS,0.0385332827151601,55.223796562555464,119,censor,21.8809034907598
FHS,-0.44316707756848,25.249706047266034,136,dementia,18.2149212867899
FHS,-1.28573247702866,4.02742647614076,130,censor,16.2354551676934
FHS,-0.0243758998682296,32.17011212969493,87,censor,21.7686516084873
FHS,1.07792620104674,100.0,47,death,17.2731006160164
FHS,0.38131868682433,61.18308689089914,50,dementia,15.9069130732375
FHS,0.0686345946285499,46.227091257916605,65,death,18.8884325804244
FHS,-0.34516291089359,34.01492427726008,90,censor,14.6694045174538
FHS,-0.48370453245401,17.24277981072904,84,censor,22.7077344284736
FHS,-1.41854545885141,3.5645925802132994,152,censor,22.1437371663244
FHS,-0.98355154172547,35.65578122271917,13,death,7.26078028747433
FHS,0.0640817840508902,55.145439345584585,131,death,16.041067761807
FHS,0.56068813018821,88.44757007652872,119,censor,21.9028062970568
FHS,0.50153853441184,70.51114581056913,81,death,19.025325119781
FHS,-0.3404348403117,51.70178970290348,21,censor,22.6064339493498
FHS,0.32111344168072,77.93890571306837,88,death,14.009582477755
FHS,0.93498582559093,92.76982637810268,131,censor,21.242984257358
FHS,0.0099589598048694,56.067225691874015,156,death,22.0451745379877
FHS,0.50537628973293,80.36532033263343,138,censor,20.6981519507187
FHS,0.51879359787728,88.32871725290327,93,censor,22.1437371663244
FHS,0.43608355171098,78.24826480342269,167,censor,22.1081451060917
FHS,-0.97455925963184,8.630562806340755,89,censor,17.015742642026
FHS,0.0835567865488102,54.32054477521166,113,censor,20.8733744010951
FHS,-0.11035338761413,37.93943651284893,93,censor,21.1225188227242
FHS,-0.925232884482,9.746172505896581,138,censor,22.7241615331964
FHS,0.53624632825663,89.05513230230554,96,censor,16.1122518822724
FHS,0.348621365135401,65.72021800783456,50,censor,22.8062970568104
FHS,0.81827779605205,93.51216307245772,168,censor,22.5160848733744
FHS,0.25733348692048,76.5346380683614,87,censor,14.2067077344285
FHS,0.0392480610605702,50.79823232740742,141,censor,22.4503764544832
FHS,0.40932062152336,79.48276853860611,98,censor,21.6427104722793
FHS,-0.0743121281348799,53.261281996224476,18,censor,22.1930184804928
FHS,0.36889341860651,58.905528702742785,57,censor,22.258726899384
FHS,-0.0002685668345101,45.5033672183481,146,censor,18.7460643394935
FHS,-0.0003514493110898,51.085241161843015,120,censor,2.85557837097878
FHS,-0.54099370707927,21.41453686806242,113,censor,21.5770020533881
FHS,0.22576161830822,50.79105218257356,90,censor,17.6536618754278
FHS,-0.34528007274182,30.3929975491545,116,censor,21.3963039014374
FHS,0.44834514929241,54.45694749872931,76,censor,14.9404517453799
FHS,0.65551090850769,73.37724544353539,58,censor,21.7549623545517
FHS,0.28817211922032,65.66296443661714,150,death,20.3121149897331
FHS,0.10937219159179,71.70523617513712,109,dementia,5.70841889117043
FHS,-0.68470814238963,11.307714813043521,122,death,16.5941136208077
FHS,0.6764350778456,89.07342014154797,140,death,14.7734428473648
FHS,-0.16975346753971,28.944579230597164,108,censor,9.49760438056126
FHS,0.37331429726418,84.26810673644655,13,censor,1.93566050650239
FHS,-0.0138356736829998,62.16538633129119,73,censor,21.6974674880219
FHS,-0.20940933688031,41.12651594297818,120,censor,22.6748802190281
FHS,0.50708082783058,84.41998602544695,47,censor,21.2539356605065
FHS,0.52797471856181,75.89471145462426,115,censor,21.3634496919918
FHS,-0.44089916556109,28.312532610451488,67,death,17.2703627652293
FHS,0.11136635893247,66.3312222598664,60,censor,20.8925393566051
FHS,0.27736397101207,69.40768566275615,162,dementia,6.66392881587954
FHS,0.0272581520684902,58.51621033889231,136,death,16.8158795345654
FHS,-0.57120075331528,9.18133795739977,140,censor,22.444900752909
FHS,0.30968904433306,56.56579288951945,88,censor,17.2457221081451
FHS,-0.47317167698507,25.482844917723153,145,censor,9.49760438056126
FHS,0.46552801399548,98.93996703773357,13,censor,18.0835044490075
FHS,0.39891388511882,72.31760062690307,130,death,14.1054072553046
FHS,-0.31782313735378,31.85877836195041,144,censor,22.5160848733744
FHS,-0.40373469499201,20.28827506926334,134,censor,21.0595482546201
FHS,0.95213372572117,95.4859750386296,64,censor,21.6043805612594
FHS,0.12753284302413,63.47191962525592,72,censor,22.7022587268994
FHS,0.750059710108449,99.77603726428855,51,death,12.4681724845996
FHS,0.48022343999545,80.31731536827134,176,censor,15.5783709787817
FHS,0.410544472075991,79.12065279098036,36,censor,16.0273785078713
FHS,0.97298886630021,99.99999999999999,11,death,21.2457221081451
FHS,-0.0471520235525198,43.88403169134668,122,censor,22.2861054072553
FHS,0.53029473724518,83.15631193166462,121,death,17.3223819301848
FHS,-0.3378233165346,31.444351157925627,41,dementia,10.6338124572211
FHS,0.35950800265432,49.857113218652636,40,death,10.8829568788501
FHS,0.15531327914465,72.28134058727228,114,censor,21.533196440794
FHS,0.23877693651778,61.997478017496974,116,censor,16.539356605065
FHS,-0.74543275037441,20.718537954651467,139,censor,20.6762491444216
FHS,-0.32260308956274,32.82286090654868,134,death,18.0260095824778
FHS,1.2615923923168,99.55694200102168,57,death,11.7262149212868
FHS,-0.87624954514133,7.890776921819069,152,censor,9.43189596167009
FHS,0.24004190960283,62.88058526250258,141,censor,21.5934291581109
FHS,-0.38237217460021,26.75681154845373,98,censor,22.2642026009582
FHS,-0.73782229168961,12.219215253673424,114,death,12.3340177960301
FHS,0.63852003039386,88.63953809666688,96,censor,21.5414099931554
FHS,0.68137544710304,92.16203867875761,83,censor,14.9212867898699
FHS,-0.0845779356405998,46.53608274349669,158,censor,22.8583162217659
FHS,-0.83693522999582,10.058022768462287,149,censor,15.9315537303217
FHS,-0.13268943309258,59.25404283701727,50,censor,15.2717316906229
FHS,0.0953469207685004,52.59244043556187,147,censor,17.3169062286105
FHS,-0.49138574357439,29.075467146600147,116,censor,21.4647501711157
FHS,0.6900603089944,77.2781162091315,75,censor,22.5325119780972
FHS,0.71182025399589,93.82219391821175,123,dementia,13.0102669404517
FHS,-1.02721150223142,12.792017717761789,81,censor,7.83572895277208
FHS,-0.00140223386704,51.73008808762997,99,censor,22.154688569473
FHS,0.33200271218202,88.93995278228675,52,dementia,18.4640657084189
FHS,-0.18449558979631,33.91501682329422,148,censor,22.113620807666
FHS,-0.92213016884364,6.3794097220625545,173,censor,16.5694729637235
FHS,0.65739641028874,82.46651616522549,153,censor,21.4428473648186
FHS,0.548269709524701,94.41151502705569,53,death,13.7577002053388
FHS,-0.21778001659597,35.222043760464906,136,censor,20.6762491444216
FHS,-0.35952837560874,28.581072768340917,115,censor,19.8220396988364
FHS,1.05955673749648,99.88144056289403,121,censor,20.3230663928816
FHS,-0.50304630060848,15.542317757470041,135,death,9.92470910335387
FHS,-0.4797479735106,18.670842004386067,126,censor,22.5872689938398
FHS,0.3150964194271,66.95148571760454,133,censor,22.652977412731
FHS,-0.0578079077949397,60.47433141007622,42,censor,15.6522929500342
FHS,-0.21638169201357,26.235292659704665,46,dementia,7.12936344969199
FHS,0.15306402895677,65.28531084083576,118,censor,9.62354551676934
FHS,0.48929494396785,69.50316779909944,114,death,22.8473648186174
FHS,0.56542375082644,76.15152575252385,74,censor,22.7597535934292
FHS,-0.31003596642048,33.245474048846795,103,censor,9.65913757700205
FHS,-0.58851361247714,20.270582485655954,161,censor,21.8781656399726
FHS,0.28567305780803,63.70222944116111,137,censor,22.2395619438741
FHS,-0.13036368396,42.09624151206435,137,censor,21.5934291581109
FHS,0.10886588638033,50.460391344996644,117,censor,15.3401779603012
FHS,0.0771093089964502,52.284286180627454,98,censor,21.1690622861054
