dataset,BAI,BAIPercentile,n_similar,event,time2event
MESA,-1.19549188127835,16.573202462646865,89,censor,6.91033538672142
MESA,-0.49552978405521,49.065082612812716,38,death,4.34223134839151
MESA,-0.754369954324901,41.216565329317966,112,censor,5.90828199863107
MESA,0.0569720452625099,64.09687135406638,77,censor,6.95414099931554
MESA,-0.2290420286509,67.51795249323267,115,censor,7.77549623545517
MESA,0.2450269077079,80.3537234495518,83,censor,6.68309377138946
MESA,-1.42887105347163,23.541857909627335,35,censor,6.09445585215606
MESA,0.30647339618118,78.5803366203515,103,censor,6.81724845995893
MESA,-0.24473963943513,81.84277096895755,102,dementia,6.42847364818617
MESA,-1.24540770075417,8.009963516180727,110,censor,6.98699520876112
MESA,-0.254938634658311,48.26868907688102,69,censor,6.14647501711157
MESA,-0.0876090772585798,51.51863409093604,41,censor,7.0280629705681
MESA,-0.92771560459841,19.333254237760475,39,censor,7.4715947980835
MESA,0.738324878262171,100.0,25,dementia,5.76043805612594
MESA,-0.9832873179763,51.273398515779256,43,censor,6.13004791238877
MESA,-0.73017856675268,34.26978786586747,121,censor,6.55167693360712
MESA,-0.82432291934461,57.144545385117695,55,censor,6.38740588637919
MESA,0.0510423296883403,78.74693087999408,69,censor,7.50992470910335
MESA,0.0985652307972103,79.48012223930577,133,censor,6.63107460643395
MESA,-0.54945834498127,52.435928504631526,38,censor,7.5482546201232
MESA,-0.49850789187746,47.29884833931743,15,censor,7.52361396303901
MESA,0.22136080496278,92.89677159682996,33,censor,7.42778918548939
MESA,0.16288300396633,87.56394875528152,18,death,5.1937029431896
MESA,-0.28513524747318,39.84393595036537,39,censor,6.75975359342916
MESA,-0.40922414691118,31.46465755747855,108,censor,7.21149897330595
MESA,0.26672264323268,99.49029394293247,60,censor,7.31827515400411
MESA,-1.15106168730937,18.469978575447932,95,censor,5.51403148528405
MESA,-0.3804320766478,59.17716631350651,44,censor,7.11019849418207
MESA,-0.60079069693689,42.16250995947143,98,death,4.15058179329227
MESA,0.0353378524233705,94.45078970945686,49,censor,5.97946611909651
MESA,-1.20051238594956,9.706869766654656,109,censor,6.43668720054757
MESA,-0.0820858790832503,59.824026069329044,55,censor,6.27789185489391
MESA,-0.14585990320209,52.01602636428401,39,censor,6.91854893908282
MESA,0.330671609210251,94.93668531909276,68,censor,7.24435318275154
MESA,-0.776068117009081,49.30480429895169,67,death,6.20396988364134
MESA,-0.99292187907219,29.378629088176144,115,death,1.1937029431896
MESA,-0.47482224725706,45.043281652134475,46,censor,6.68583162217659
MESA,0.45560327097634,89.59849786359838,75,censor,6.3791923340178
MESA,-0.383526600916591,44.98056821577611,57,censor,7.31553730321698
MESA,-1.23734628020559,23.446176909515735,35,death,3.78097193702943
MESA,0.254303067711381,81.20119828200177,34,censor,6.97604380561259
MESA,0.201919228783269,90.89217164666725,116,censor,6.91307323750856
MESA,-1.22379627940083,10.75077683317937,108,censor,7.49075975359343
MESA,-0.83327371710088,34.78686224501464,106,death,4.1533196440794
MESA,-1.85810748803111,5.643065613262451,75,censor,6.97330595482546
MESA,-0.21788930412322,62.27317261012283,95,censor,6.91581108829569
MESA,-0.0473079317984698,66.13841219211449,130,censor,7.06365503080082
MESA,-0.17344408157808,65.83420228496664,30,censor,7.24435318275154
MESA,-0.706018674347961,31.3673022710293,42,censor,6.84736481861739
MESA,0.10466145475077,66.35271607447989,122,censor,7.53182751540041
MESA,0.618242593860749,91.002477897629,100,censor,7.55099247091034
MESA,-0.13276950714024,81.6785333491544,126,censor,7.2662559890486
MESA,-0.6509422608464,51.47497686141258,20,censor,6.26420260095825
MESA,-0.52425035148532,57.02483412810658,123,censor,6.14373716632443
MESA,0.23936418159157,98.40295286910886,114,censor,7.50444900752909
MESA,-0.24083816307342,72.38115985243462,74,censor,6.58726899383984
MESA,-1.05926720076606,36.38250443273159,40,censor,7.20328542094456
MESA,0.23377880611257,77.83965554545223,91,censor,7.68514715947981
MESA,0.38274014629258,94.05396571444574,34,censor,7.9315537303217
MESA,-1.48334925666619,44.544198505325305,28,dementia,5.42642026009583
MESA,-0.370309518370379,61.57531872342083,45,censor,6.8993839835729
MESA,-2.16537368990727,9.237214099370732,54,censor,7.58384668035592
MESA,-0.0827923578145104,69.06121001237992,33,censor,7.44695414099932
MESA,-0.8583207023865,37.56342275898178,89,death,0.750171115674196
MESA,0.0422836156554098,76.0135881153361,29,censor,5.08145106091718
MESA,-1.54878917855259,28.258556141480675,25,censor,6.11362080766598
MESA,-0.33968520228072,37.24822289389986,66,censor,7.88774811772758
MESA,-0.46539647065496,53.30858424474342,73,censor,6.97330595482546
MESA,0.701349026617331,94.32690771161678,76,censor,6.95140314852841
MESA,-0.13844631709173,61.9053899820997,69,censor,7.16221765913758
MESA,-0.209320368575131,88.39589716799406,31,dementia,0.366872005475702
MESA,-0.0445784225455398,84.52645017564203,51,dementia,4.82409308692676
MESA,-0.89087180706539,31.145303196957173,46,censor,6.37645448323066
MESA,-0.813441616978351,40.30026096845062,75,censor,6.8911704312115
MESA,-0.0648714467482201,78.75741988216801,29,censor,7.48528405201917
MESA,-0.918308910882649,35.749073328511294,99,censor,6.19028062970568
MESA,-0.52909367044047,54.642786093804276,66,censor,6.22039698836413
MESA,-0.0754730781388702,70.39663062688703,27,censor,7.46885694729637
MESA,0.0831236342073595,71.66504085336231,50,censor,7.89048596851472
MESA,-1.18861940111715,26.388668973424164,20,censor,6.17385352498289
MESA,0.24198455041624,82.67105164848283,58,censor,7.64407939767283
MESA,-0.54718692366428,45.55751623977086,135,censor,7.69883641341547
MESA,0.36876645347981,76.0409558903652,78,censor,6.62833675564682
MESA,-0.83651631781003,27.559758579052627,46,censor,7.35112936344969
MESA,-0.58740436156144,34.62516613956503,103,censor,7.11019849418207
MESA,-1.20819223090168,9.116378568063794,44,dementia,4.2135523613963
MESA,-0.12746519821233,65.1686374903926,117,censor,7.86858316221766
MESA,0.17747417160152,91.30612062699473,22,censor,7.31827515400411
MESA,-0.57996338179688,24.221606000600588,68,censor,6.30527036276523
MESA,0.26527098081066,82.99343826215107,92,censor,6.59000684462697
MESA,-0.51626015712164,31.6437252652871,84,censor,7.52635181382615
MESA,0.0561112876918003,87.17748314612648,31,censor,7.86036960985626
MESA,0.19281367053598,68.8194619908544,64,censor,7.06639288158795
MESA,1.295355443722,100.0,30,censor,8.05475701574264
MESA,0.20818713804431,89.99052556691409,38,censor,7.46885694729637
MESA,0.72093289413651,97.942813749769,95,censor,6.81998631074606
MESA,-0.91767163220544,67.63700015735016,14,censor,5.60985626283368
MESA,-0.0272727414897503,83.74617470242228,10,censor,6.8145106091718
MESA,-0.60890642883259,50.70028873910874,19,censor,7.23613963039014
MESA,0.8376612033242,98.21719798869866,112,censor,6.71868583162218
MESA,0.0971144735095002,72.59172794967574,60,censor,6.13004791238877
MESA,-0.73147175385034,19.629626423838214,51,censor,6.35728952772074
MESA,0.54848139449268,94.27748819913013,49,censor,7.20602327173169
MESA,0.37136895650126,93.84020881623891,141,dementia,4.07939767282683
MESA,-1.19210308384034,15.771396726812526,60,censor,7.12662559890486
MESA,0.41377299652543,91.1929380581915,38,censor,7.52087611225188
MESA,-0.79515896521934,38.62615068304039,59,censor,7.83025325119781
MESA,-0.21015236699169,63.39345468865441,127,censor,7.64134154688569
MESA,-1.4509739090713,11.56075357976878,58,censor,6.49691991786448
MESA,-1.08390671554481,33.00349538443531,39,censor,6.24503764544832
MESA,-0.15200958244115,87.75618537851781,82,censor,7.58658453114305
MESA,0.46176890427938,94.08152351257287,127,death,3.83025325119781
MESA,-0.45319550970122,52.49167595877795,36,censor,6.55441478439425
MESA,0.11959044685357,62.72442971746644,65,censor,7.5482546201232
MESA,-0.42704633898889,52.2699073069559,65,death,3.10746064339493
MESA,-0.62192876671626,43.58225576398244,16,censor,6.72416153319644
MESA,-1.33132999767917,5.058558830356609,134,censor,7.65776865160849
MESA,0.12291489464253,93.68187240553921,89,censor,6.87200547570157
MESA,-0.84660942908594,17.487564545276072,55,censor,7.25256673511294
MESA,-1.01127106466951,19.275388601812807,47,censor,6.70499657768652
MESA,-0.94105801193532,33.0520876686958,53,censor,5.83709787816564
MESA,-0.0079971505879896,72.74170770684609,86,censor,7.37029431895962
MESA,-0.74590850558433,22.871226296520675,35,censor,6.08624229979466
MESA,0.209773939211669,86.33753758815467,55,censor,6.10540725530459
MESA,0.42045669543878,89.19321909352536,42,censor,6.49418206707734
MESA,-1.105080119813,14.222037727498511,89,censor,7.16495550992471
MESA,-0.19474980645168,64.65042183156709,27,censor,6.62833675564682
MESA,-0.0074061299379692,80.4269442536929,75,censor,7.66324435318275
MESA,-0.87274402930782,35.81000189434209,92,censor,6.53798767967146
MESA,-0.18119067152486,74.33140951425035,44,censor,6.362765229295
MESA,-0.72822346108486,17.64450663023791,96,censor,7.58110882956879
MESA,-0.32847312058596,27.887737294964953,15,censor,6.8227241615332
MESA,-0.67017652149194,30.166205363618776,32,censor,6.93771389459274
MESA,-1.13000653546392,31.19833794416526,33,censor,6.90485968514716
MESA,0.234080841380479,81.70601137392313,48,censor,7.32922655715264
MESA,0.0211425906677903,69.99149209828262,106,censor,7.3347022587269
MESA,-1.26685837995096,9.132828486752963,130,censor,6.43668720054757
MESA,0.22710070066182,69.96622752642939,31,censor,6.31622176591376
MESA,-0.82506710569938,34.60310322065343,41,censor,7.35112936344969
MESA,-0.55666563912179,77.92219449820128,49,censor,6.89664613278576
MESA,-0.87069325597007,19.88839089927128,37,censor,7.26899383983573
MESA,-0.92256026528319,70.60587892222563,20,death,2.49144421629021
MESA,-0.21868317781221,75.63731277796843,79,censor,7.20876112251882
MESA,-0.37997623625821,57.52017829212503,24,censor,6.85284052019165
MESA,-0.532295280703499,50.63053780378812,128,censor,6.97056810403833
MESA,0.731317100906929,96.23474205568363,127,censor,6.52703627652293
MESA,-1.14686726986345,16.115393057271515,92,censor,7.79739904175222
MESA,-0.15663075335379,69.40138713919323,56,censor,6.66666666666667
MESA,-1.04107764991615,15.921092112981466,91,censor,6.89390828199863
MESA,0.0814872819699097,72.29825285875813,32,censor,6.35181382614647
MESA,0.15466466170418,82.25815509924996,128,censor,6.71047227926078
MESA,-0.68079607727982,38.940288207654135,136,censor,7.0444900752909
MESA,0.84350181662507,98.86618565465471,130,censor,6.3025325119781
MESA,0.34167921559,90.41054289528508,73,censor,7.28268309377139
MESA,-0.03179896850625,65.35596355668201,82,censor,6.68309377138946
MESA,-0.0639442827357698,66.92497088605754,28,dementia,5.48117727583847
MESA,-0.52618698667736,30.756240597051654,114,censor,7.04175222450376
MESA,-0.436653773322691,37.14333463319776,105,censor,7.14305270362765
MESA,-0.27144635468647,51.76316656244901,120,censor,7.64407939767283
MESA,-0.9162863379539,24.605497499386512,97,censor,6.80082135523614
MESA,-0.87151086919079,22.743603304305086,143,censor,7.37303216974675
MESA,-0.40269494025507,53.59929516245077,122,censor,6.91307323750856
MESA,-0.478728354181411,52.98303288601765,50,dementia,0.59958932238193
MESA,-0.80501406810655,22.060188220593695,48,censor,7.06913073237509
MESA,-0.40623247169686,69.84727234260288,112,censor,7.35934291581109
MESA,0.0224488568225098,93.78871496467725,72,censor,7.41683778234086
MESA,-0.303010530491269,59.678221440073386,56,censor,6.57084188911704
MESA,-0.84548994866452,12.998438394045307,77,dementia,2.3025325119781
MESA,-0.74349106177338,29.65797392091074,46,dementia,6.01505817932923
MESA,-1.27761307592925,15.537642248912759,80,censor,7.52908966461328
MESA,-0.86242478817121,24.96357285432257,107,censor,6.28336755646817
MESA,0.210504223951681,87.9661656715029,129,censor,7.62217659137577
MESA,-0.36819337486001,61.77869209547216,72,censor,6.70773442847365
MESA,-1.25013468099967,10.38501178007238,82,censor,4.55852156057495
MESA,-0.98844852289007,23.254306936905465,30,death,2.71594798083504
MESA,-0.2941783511962,33.85330131470742,52,censor,7.46885694729637
MESA,-0.39203876352867,45.568967716869736,94,censor,7.00889801505818
MESA,-0.52077362495133,65.72565766094803,61,censor,6.8911704312115
MESA,-0.743467412932149,48.60049143387637,43,censor,6.72142368240931
MESA,0.29028184989692,81.26395589238695,45,death,2.79534565366188
MESA,-0.434713656102809,62.47356945518102,76,dementia,3.66872005475702
MESA,-0.88272491787461,26.206976764525063,45,censor,6.93497604380561
MESA,-1.32809460961212,14.135412592375141,40,death,6.17111567419576
MESA,0.7071339742707,91.031625479819,136,censor,6.78165639972621
MESA,0.12259250719847,67.96557025506327,49,censor,6.02053388090349
MESA,1.10583167775453,100.0,36,censor,7.06365503080082
MESA,-0.21497375412458,53.4674314297483,20,censor,7.64407939767283
MESA,-0.27219693371869,41.649001800223935,60,censor,7.18412046543463
MESA,0.61290355719977,98.45444573136962,32,censor,7.61670088980151
MESA,-0.7248986198638,20.56554657276678,90,censor,7.83572895277207
MESA,-1.8293921700762,23.224924070068447,18,censor,6.68035592060233
MESA,-0.872842228046289,57.71789430386024,36,censor,7.64407939767283
MESA,-0.48523797810652,70.1462635298824,28,dementia,5.25119780971937
MESA,0.76246060939062,95.95521056159069,46,censor,6.42573579739904
MESA,-0.40696656947583,45.39874513823443,47,censor,6.74332648870637
MESA,-0.417599955036719,46.37281015150883,78,censor,6.83915126625599
MESA,-0.47103174856462,51.41893244833029,37,death,3.68240930869268
MESA,-0.925599044246739,29.21099524927247,70,censor,6.66392881587953
MESA,-0.80572006759101,31.916443035434664,100,death,5.90280629705681
MESA,-0.1424606090092,52.614691122001915,53,censor,6.93497604380561
MESA,-0.55746234671364,40.3532614995136,155,censor,5.85352498288843
MESA,0.1452540196422,71.72556168723277,57,censor,5.73305954825462
MESA,-0.0252424285675403,85.84603358658732,50,censor,6.88843258042437
MESA,-1.49343711122946,0.4459454998418544,111,censor,6.98699520876112
MESA,-0.31931907153986,75.2042321840191,105,censor,6.84188911704312
MESA,0.513438758443181,81.14659735549562,19,censor,6.53798767967146
MESA,-0.811296094033131,74.39780534460066,20,censor,6.35181382614647
MESA,-0.20168821950522,79.94598016327183,91,censor,7.00889801505818
MESA,0.3978633486018,95.67161811389371,140,censor,5.60438056125941
MESA,-0.86812636743975,30.246300104538054,95,censor,6.5845311430527
MESA,0.29358081105472,79.77772171136068,23,censor,6.85284052019165
MESA,-0.39585840985051,53.302267597813575,46,censor,6.52703627652293
MESA,-1.04535006024112,24.19156378744823,38,censor,2.69952087611225
MESA,-0.597128213840681,28.28851087139192,64,dementia,7.91786447638604
MESA,-0.225273689596951,56.01681717197342,51,censor,7.04722792607803
MESA,0.423739774477831,83.64501633921581,103,censor,3.97809719370294
MESA,-1.38810933790568,22.97996336048385,38,censor,6.25872689938398
MESA,0.05121105388736,63.47780761703791,44,censor,7.83846680355921
MESA,-0.69366474839413,36.28794505296717,129,censor,6.24229979466119
MESA,-0.26084316300841,47.96454157273879,60,censor,7.19780971937029
MESA,-0.0777375762018394,71.51351526329452,32,censor,7.29089664613279
MESA,-0.93493966671699,18.923578474539415,92,censor,6.51334702258727
MESA,0.16157408221189,90.06374613420026,19,censor,7.27720739219713
MESA,-1.07494369851451,23.64462387440898,66,censor,7.20602327173169
MESA,0.67120605569929,96.65695465294105,86,censor,6.53524982888433
MESA,0.42346339320237,92.77205196002642,99,censor,7.39493497604381
MESA,-0.794364252024261,88.94107036846056,19,death,6.34633812457221
MESA,0.572647587229319,95.82476164315146,71,censor,7.53456536618754
MESA,1.07818913802913,99.3517462662963,34,death,3.43874058863792
MESA,0.65702058978787,94.91709190830095,93,censor,7.40041067761807
MESA,-0.36036472385572,63.853676585673625,108,censor,7.40862422997947
MESA,-0.10378477548251,67.4272531304481,131,censor,7.72347707049966
MESA,-0.42744559849446,49.52669413405908,63,censor,5.1772758384668
MESA,-0.66832412107632,15.99021548874131,92,death,2.77070499657769
MESA,-0.13257579930537,73.94674322477007,67,censor,7.17864476386037
MESA,-1.22458185356785,10.280591895972606,107,censor,6.66666666666667
MESA,-0.55787684805895,44.868845378668574,47,dementia,5.92197125256673
MESA,0.11333294475805,80.12295083604701,90,death,6.2258726899384
MESA,-0.60413233184371,33.65668403147197,47,censor,6.92950034223135
MESA,-0.972734039825529,30.112087983009925,47,censor,6.59822039698836
MESA,-0.74739356741012,64.20307948821691,29,censor,7.51266255989049
MESA,-0.53945143232879,31.777303357951176,50,censor,6.09445585215606
MESA,0.31573314160353,81.41741421788763,78,censor,7.51266255989049
MESA,-3.34001838602479,0.0,73,censor,6.72689938398357
MESA,-0.6990683846647,38.22742691181148,43,censor,7.23887748117728
MESA,-1.32410691590106,15.265975318640118,41,dementia,5.13073237508556
MESA,-0.85525177707317,41.31610271012574,41,censor,6.60643394934976
MESA,-0.1911823190139,79.4988617648901,107,censor,6.072553045859
MESA,-1.21431050198896,30.0428673110018,18,censor,7.12936344969199
MESA,-0.1837260190153,82.87347737424247,38,censor,7.29363449691992
MESA,-0.90275365500974,10.06595146358412,113,censor,6.53251197809719
MESA,-0.920829938859281,43.26849597427997,35,death,4.82683093771389
MESA,-0.23013140192348,60.58804256139916,87,censor,6.41478439425051
MESA,-0.68908013148152,22.089975304001015,53,censor,8.04380561259411
MESA,-0.640283969737869,45.85436431171957,43,censor,6.362765229295
MESA,0.07040624699791,72.55017486202401,42,censor,7.59206023271732
MESA,-0.47730397943523,75.43868423884447,37,death,3.85215605749487
MESA,-0.16598767864536,69.57822790778083,41,censor,6.80355920602327
MESA,-0.87027176028957,39.45600924319557,37,censor,7.43600273785079
MESA,-0.19820152658571,49.30961898024229,109,censor,8.02464065708419
MESA,0.60297333378019,99.4909536132423,60,censor,7.60574948665298
MESA,-0.7966880273796,29.764895484197453,44,censor,7.73442847364819
MESA,0.687081456234429,100.0,32,censor,7.45516769336071
MESA,-0.16223074289323,86.69905540905096,25,death,5.73853524982888
MESA,0.0670694629764199,71.94268313025806,30,censor,6.95414099931554
MESA,0.50340024823239,98.69691336969437,67,death,6.06707734428474
MESA,-0.989337967144969,72.06172980008115,16,dementia,7.3429158110883
MESA,-0.98312353045272,33.4790205269406,72,death,7.70431211498973
MESA,-0.26943993212932,46.08781004842598,28,censor,7.95893223819302
MESA,-1.71869286622001,12.707825372367825,38,censor,6.49418206707734
MESA,-0.323544942466251,67.37904279747565,111,censor,7.90417522245038
MESA,-0.41695920377971,41.03751222907568,59,censor,7.1129363449692
MESA,0.38528232365112,76.64643185591027,55,censor,6.42847364818617
MESA,0.1642005659236,70.51530331464843,108,censor,6.29158110882957
MESA,-0.527397196229509,57.58119945311116,55,dementia,4.13141683778234
MESA,0.257692937826251,93.17993884970666,123,censor,7.16495550992471
MESA,0.131254811484651,87.08944854411776,89,censor,7.52908966461328
MESA,-0.0362697515227595,71.57176362729476,152,censor,7.84941820670773
MESA,-0.44925466895417,65.54667274548281,68,censor,6.97604380561259
MESA,-0.81767126158834,39.48593539684696,48,censor,7.44969199178645
MESA,-0.17073715338577,41.66650380913955,54,censor,7.75633127994524
MESA,-0.426952552785529,49.867961238407425,44,censor,7.26078028747433
MESA,-0.0055782656944401,71.78212377751571,35,censor,6.68583162217659
MESA,-0.18611351242433,75.87954417336377,44,censor,7.20602327173169
MESA,-0.97050397273505,13.266937849160234,42,censor,6.87748117727584
MESA,-0.16633622827328,52.785840553114184,68,censor,6.43394934976044
MESA,0.01991945530851,69.11098405581801,36,censor,7.32922655715264
MESA,0.55737994836953,100.0,45,censor,6.77344284736482
MESA,0.34199184684384,84.56813949850743,38,censor,6.61190965092402
MESA,-0.35930796228165,57.13451947241078,16,censor,6.77344284736482
MESA,0.21344816959392,98.8849353676878,20,censor,7.3429158110883
MESA,0.4991419341743,93.26850749521935,57,censor,7.12662559890486
MESA,0.262356794886971,82.46860140365038,27,censor,6.38193018480493
MESA,-0.56321702943895,21.42337108370668,121,dementia,4.5886379192334
MESA,-1.33813738967079,2.609763263158013,80,censor,7.71800136892539
MESA,1.85720568182008,100.0,110,censor,7.21971252566735
MESA,0.263251332669221,94.02581651637004,83,censor,6.87474332648871
MESA,-0.28928945101548,59.41270968797262,141,censor,6.072553045859
MESA,-0.73193205723107,50.78678134225017,27,censor,6.18754277891855
MESA,0.0317748417801901,66.95158492551752,111,censor,7.42778918548939
MESA,-0.30802015323212,72.73709117108132,104,censor,6.68035592060233
MESA,-1.23554711411819,22.839258642404012,82,dementia,5.71937029431896
MESA,-0.74527829591312,35.452225525862374,17,censor,6.11088295687885
MESA,0.3564236353833,99.23780851013699,24,censor,8.04928131416838
MESA,-0.3825415195636,43.85973684851777,89,censor,6.45037645448323
MESA,-1.75178706973068,0.0,40,censor,5.98767967145791
MESA,-1.31556317811263,20.50369020604106,56,censor,4.70910335386721
MESA,0.34390598427722,87.48135626038837,40,censor,6.81177275838467
MESA,0.11301027159425,94.14714116278864,118,censor,7.65776865160849
MESA,-0.39208574675203,57.91397725234993,44,dementia,4.63244353182752
MESA,-0.59051822916505,37.85065066620591,51,censor,6.30527036276523
MESA,0.45800149717671,100.0,10,censor,6.8911704312115
MESA,-0.21717396102628,54.97329191412296,40,censor,5.85352498288843
MESA,-0.906665263765851,23.348343876832743,122,censor,6.38193018480493
MESA,-0.8709991291738,22.52062175933856,38,censor,6.8227241615332
MESA,-0.58864661744494,32.44605314465731,57,censor,4.9719370294319
MESA,-1.16328979531966,38.46451461597449,48,censor,3.01437371663244
MESA,-1.23937811267702,11.972092488584744,36,censor,7.46611909650924
MESA,0.39398494974796,97.4262456702676,41,dementia,1.74948665297741
MESA,-0.28007478360019,62.116272523901735,14,censor,7.00342231348391
MESA,-0.44889573582889,37.72017353541386,63,censor,5.9192334017796
MESA,-0.73404561560312,28.551162233117573,39,censor,6.20944558521561
MESA,-1.88848789898504,14.817727916210078,44,censor,7.5482546201232
MESA,0.0905921343156301,70.15657347854733,36,censor,6.79808350444901
MESA,-0.415505052438149,53.56516918885503,51,censor,7.14031485284052
MESA,-1.01748984429687,10.077971217984793,59,censor,5.84531143052704
MESA,-0.71332586558904,34.09716236472068,88,censor,6.94592744695414
MESA,-0.0221744365562699,63.249638482498376,58,censor,7.0280629705681
MESA,0.43638714295332,90.30409424981463,15,censor,6.98425735797399
MESA,-0.13164405822803,78.23100671472216,14,censor,6.3709787816564
MESA,0.0277209583121106,88.35633108639522,79,censor,7.31827515400411
MESA,-0.39481373615794,54.02930238959401,30,censor,7.43600273785079
MESA,-0.46113437267704,24.846623156600334,55,censor,7.36755646817248
MESA,-0.77469497325292,44.358179891683875,29,censor,6.80355920602327
MESA,-1.06519185648243,24.898744639493138,25,censor,6.25051334702259
MESA,0.15274304271263,78.43553105479549,26,censor,7.76454483230664
MESA,-0.540473544507501,40.55199793390169,48,censor,6.59822039698836
MESA,-0.610016099370389,76.12514466703846,31,censor,6.75701574264203
MESA,-0.19884537360277,69.21411142687958,25,censor,6.60643394934976
MESA,-0.56431595026359,33.89463354179397,36,censor,7.08829568788501
MESA,-0.0556045029316707,61.8923445046696,39,censor,6.93771389459274
MESA,-1.85267553650697,36.29262540974974,22,dementia,5.51129363449692
MESA,-0.25771322290377,62.94954471755029,100,censor,6.78439425051335
MESA,-1.1350347187407,31.528594976901903,25,censor,6.08350444900753
MESA,-1.41547536140466,8.369209983999067,84,censor,5.73579739904175
MESA,-0.0823425918499694,77.53901462226926,54,censor,4.61327857631759
MESA,-0.6164228477417,56.85441175358674,56,censor,6.40657084188912
MESA,-0.29567268252072,49.094631616676594,50,censor,6.68309377138946
MESA,-2.25825598074773,24.012587491355468,35,censor,7.94524298425736
MESA,0.34456309914728,58.76891678985056,16,censor,6.90485968514716
MESA,-0.67171512946006,43.1426736289837,123,censor,7.83846680355921
MESA,-0.76920973077263,19.755123134840986,59,censor,6.26146475017112
MESA,-1.50815161314017,6.404215445330843,100,censor,7.74264202600958
MESA,-0.166083888617111,60.09061736832853,85,censor,7.46885694729637
MESA,0.30759749730273,86.48408421164285,72,censor,6.93497604380561
MESA,-0.51289315203513,50.65323381066642,45,dementia,5.42094455852156
MESA,-1.05101408462735,31.888593347448733,37,death,6.3025325119781
MESA,-0.14729213401439,77.54837928937673,54,censor,6.18206707734428
MESA,0.28839905173992,100.0,16,censor,6.46406570841889
MESA,-0.72113915299613,64.69992785394645,32,censor,6.45859000684463
MESA,0.5136104153644,94.94290724806135,103,censor,7.57837097878166
MESA,-0.43529929149946,45.17107528841663,50,censor,6.47775496235455
MESA,-0.20832352899322,84.93050725237701,40,censor,7.36208076659822
MESA,1.10089590602738,100.0,116,censor,7.81930184804928
MESA,-0.609370404223201,50.866996996449096,43,death,5.63175906913073
MESA,-0.7200241174961,37.19167714843708,18,censor,6.42299794661191
MESA,-0.77802301182791,24.395927884675842,150,censor,6.32991101984942
MESA,-0.56596619092043,50.79541924732167,62,censor,7.27994524298426
MESA,-0.3830828631356,52.964310366796084,146,censor,6.5845311430527
MESA,-0.0851438249914906,72.90016733468431,106,censor,6.89664613278576
MESA,-0.298678660249951,57.361285358781245,107,censor,7.73716632443532
MESA,-0.73557127014831,72.65697071455652,58,dementia,2.34086242299795
MESA,-0.670773260586709,55.29586839915187,75,censor,7.1813826146475
MESA,-0.52185457080053,48.913131823789804,72,censor,7.78097193702943
MESA,-0.12419370918842,66.23323567141887,68,censor,6.3025325119781
MESA,-0.34882427934962,74.0879782963856,97,censor,7.41409993155373
MESA,-0.49906141388871,35.65609609376873,105,death,4.09582477754962
MESA,-1.05371501437263,17.13571544607433,64,death,1.42094455852156
MESA,-0.35769026531352,42.45856705068083,135,censor,7.06365503080082
MESA,-0.77395038536599,31.866553825693448,32,censor,7.29363449691992
MESA,-1.24859496930812,14.447620661469719,45,censor,6.95140314852841
MESA,-0.28542947016534,79.01167099340991,102,censor,4.58590006844627
MESA,-0.28333099355663,55.95595635410403,145,censor,7.24709103353867
MESA,0.26529114059485,97.02678314566155,88,death,6.47775496235455
MESA,-2.03644844275988,10.314240263305464,44,censor,6.11635865845311
MESA,-0.11264330092869,70.84554347563996,47,censor,7.58110882956879
MESA,0.19478497969864,88.83869426852705,16,censor,7.16495550992471
MESA,-0.05218007719361,57.57673061989744,47,death,3.39767282683094
MESA,-0.574116898100731,48.4691850556384,101,death,2.61190965092402
MESA,-0.367845328898279,60.615816804738614,30,censor,6.3791923340178
MESA,0.22339114363334,93.39694757452689,134,censor,7.08829568788501
MESA,-0.38035660386048,65.76220305885262,127,censor,7.12388774811773
MESA,-0.48315448628875,49.10702595035697,71,censor,6.85831622176591
MESA,-0.39990471626167,38.136727966648806,125,censor,7.75359342915811
MESA,-0.652188183297621,37.046155014786066,84,death,1.54962354551677
MESA,-0.22471002666759,78.7563739611344,74,censor,6.34360027378508
MESA,-0.74605270424371,44.227153751796195,40,censor,7.35112936344969
MESA,0.51831194364592,100.0,13,censor,6.97330595482546
MESA,-0.3069727027749,64.46015052101403,19,death,4.75838466803559
MESA,0.00438483625027,88.0650571846032,16,censor,6.83367556468172
MESA,-0.81818232248953,53.8681149435656,32,censor,6.57357973990417
MESA,-0.47517268523578,41.671108148037916,100,censor,6.33264887063655
MESA,0.27637092087391,90.04767551482202,28,death,6.83915126625599
MESA,-1.70123921866643,8.37274645041733,91,dementia,4.290212183436
MESA,-0.78820600409471,41.98824449251278,73,censor,7.54277891854894
MESA,-0.60318374455771,31.799213144246426,19,death,2.12731006160164
MESA,0.23347834806602,85.07819465327752,124,censor,8.02464065708419
MESA,-0.309884401174619,80.00320265234404,28,death,0.785763175906913
MESA,0.241904987072159,96.1217939459098,124,censor,6.91307323750856
MESA,-1.25856652197074,15.415635084400098,78,censor,7.4715947980835
MESA,-0.25285664839772,61.3808061539146,51,censor,8.06023271731691
MESA,0.73386331967869,95.84195080970791,51,censor,7.29911019849418
MESA,-0.407471921343721,59.39310604992986,114,dementia,4.53114305270363
MESA,0.23918878610112,74.1593153614969,63,censor,6.54893908281999
MESA,-0.80405085319205,20.447272966576378,47,censor,4.57494866529774
MESA,0.0619414879086605,78.72520777868166,104,censor,7.58110882956879
MESA,-0.81656180607062,20.52856436932424,65,censor,7.7782340862423
MESA,-0.31489232665638,52.95198879958207,73,censor,7.25256673511294
MESA,-2.60048402847054,3.901830340925771,111,censor,6.3025325119781
MESA,-0.335373237942269,73.3789232164041,17,censor,6.64750171115674
MESA,-0.429479727048469,66.64261004945855,46,dementia,6.3025325119781
MESA,-0.40866997311214,36.91991067343707,106,censor,6.91581108829569
MESA,-0.29968514750541,73.86445382821917,30,censor,6.60369609856263
MESA,-2.06545798493062,8.008936124249251,46,censor,7.10746064339494
MESA,-1.23242039994382,32.026746355146294,25,censor,7.44147843942505
MESA,-0.18695227307084,74.4573323581527,25,dementia,4.5201916495551
MESA,-0.12196820984414,56.694034108847895,116,censor,3.91238877481177
MESA,-0.43524803255046,41.077217531985724,42,censor,6.98425735797399
MESA,-0.5767472957761,32.56873266501056,69,censor,6.27241615331964
MESA,0.0373502705271605,58.69664724974956,63,dementia,3.76454483230664
MESA,-0.75403079340811,49.947870868910925,64,dementia,4.92539356605065
MESA,-0.52863631726963,26.930513637240782,44,censor,7.45242984257358
MESA,-1.24872291412795,31.500005612263863,16,death,3.68788501026694
MESA,-0.69953097367126,30.192320283612126,46,censor,7.14852840520192
MESA,-0.11463834418156,78.81910754447523,82,censor,7.63860369609856
MESA,-0.81937313180664,41.61457300166105,89,dementia,4.19438740588638
MESA,-0.54873156536383,22.67740892864676,110,censor,7.6249144421629
MESA,-0.685253934285311,34.6711458407595,120,censor,6.39835728952772
MESA,-0.94187114103711,25.171672155444256,99,dementia,4.19438740588638
MESA,-0.13882609693336,58.737234865871976,114,censor,7.97262149212868
MESA,-0.87505207088945,21.3071305607213,51,censor,6.95414099931554
MESA,0.4734465852323,99.70411832775729,28,censor,5.93292265571526
MESA,-0.48219751834914,44.36595225439358,34,censor,7.60301163586585
MESA,-1.06005277956699,37.988629975338675,27,censor,6.55167693360712
MESA,0.43118606668566,94.05904743919456,61,censor,6.5160848733744
MESA,-0.27589633282316,46.32690264255714,36,censor,6.70499657768652
MESA,-1.55498886057978,7.049895753222499,85,censor,7.74811772758385
MESA,0.42489175720212,98.29529493597805,37,censor,7.35112936344969
MESA,-0.0950740827366701,61.45518132218362,42,censor,7.46885694729637
MESA,-0.14170404436881,57.04863982930589,130,censor,7.05544147843943
MESA,-0.91988238462162,35.59169767611836,40,censor,7.23613963039014
MESA,0.54211235085197,98.54190109307946,41,censor,6.42847364818617
MESA,-0.76015912739008,47.70791362876716,25,censor,6.35728952772074
MESA,0.0343936962902198,75.924943486696,40,censor,6.41478439425051
MESA,-0.550720237978309,43.71553458600796,44,censor,6.30527036276523
MESA,-0.87699391402518,26.657609569888436,64,censor,6.70773442847365
MESA,-1.03974234944428,23.40772266144374,115,censor,6.78439425051335
MESA,-1.44008445641835,9.038893364065002,98,censor,6.54346338124572
MESA,0.24084168388071,87.89792931723053,46,censor,6.53524982888433
MESA,-0.37480227805944,45.144922587994245,77,censor,7.06639288158795
MESA,-0.30240018179072,82.21741881527542,44,dementia,3.97809719370294
MESA,-0.25378905008459,68.26829130002344,29,censor,6.57357973990417
MESA,-0.85272237648217,23.913202204174432,135,censor,6.6694045174538
MESA,-0.31915070300319,47.62503635238,95,censor,5.65913757700205
MESA,-0.29900761280261,45.23159892649592,67,death,4.435318275154
MESA,-1.30649664397831,39.50660663624597,25,death,6.93771389459274
MESA,0.5852277476529,90.42081135971758,95,censor,7.29637234770705
MESA,-0.57268916203648,48.543385922588406,42,censor,7.31006160164271
MESA,-0.71801649725946,64.94753459838455,74,death,2.98699520876112
MESA,0.29405144093854,90.61615868080865,147,censor,7.33196440793977
MESA,-0.16842355536155,68.63873478629084,59,censor,6.87748117727584
MESA,-0.62396968574466,32.82163555832081,31,censor,7.54551676933607
MESA,-0.518402145508929,46.82591284469428,86,death,6.63381245722108
MESA,0.0075261417557996,83.89204392926074,122,censor,6.33538672142368
MESA,-0.769844744205621,50.380858616510665,15,censor,3.01437371663244
MESA,0.38257386688354,87.92702318435961,65,censor,6.84188911704312
MESA,-0.48394280309929,40.19453943134386,58,censor,7.26078028747433
MESA,-0.71446569571765,21.373022452652567,33,censor,7.29363449691992
MESA,-0.16380922662705,60.08205078849037,71,censor,6.98699520876112
MESA,-0.82084891670999,50.25934326865709,11,censor,6.4394250513347
MESA,-0.80260056088926,35.36076854497331,117,censor,7.20876112251882
MESA,-0.32565792894863,58.820187562454215,121,censor,7.24161533196441
MESA,-0.693249576126441,44.44650179755569,54,censor,7.16495550992471
MESA,-0.74613926871199,26.527301716760178,46,censor,7.7782340862423
MESA,-0.31958150657989,51.46455176536317,98,censor,6.55167693360712
MESA,-0.186909912656991,70.68518821803423,55,censor,6.79260780287474
MESA,-0.30490445974021,48.07611674562473,119,censor,6.64476386036961
MESA,0.45964888182768,96.81633830501413,59,censor,6.91581108829569
MESA,-0.282368470357829,60.88565232477044,87,censor,7.28542094455852
MESA,-0.85065550881455,23.664155097688283,79,censor,7.67967145790554
MESA,0.60718102049821,100.0,23,censor,6.41478439425051
MESA,-0.26454133720705,67.26790284670088,38,censor,7.36755646817248
MESA,-0.54710383910986,41.13670132019171,72,dementia,3.94524298425736
MESA,-0.15165976678534,64.63319823373497,47,censor,6.93497604380561
MESA,-1.17704104619457,14.876211925997985,115,censor,6.11362080766598
MESA,-0.18997007573751,58.45206580173191,115,censor,6.37371663244353
MESA,-1.13158101549241,27.888566043830973,67,censor,7.10746064339494
MESA,0.213010243138319,86.04611698519307,48,dementia,4.54209445585216
MESA,-0.42798267968123,26.35614696627419,44,censor,7.40588637919233
MESA,0.43293692455803,86.75450987018729,54,censor,7.78370978781656
MESA,-0.44514753361451,45.14820473686156,50,censor,7.25530458590007
MESA,-0.0784855830934802,65.84399203107992,149,censor,7.28268309377139
MESA,0.67152373017955,85.6023762027559,50,censor,5.97125256673511
MESA,-0.42634825861484,68.00650922027613,34,censor,7.39493497604381
MESA,0.1575372844198,69.29665003717813,35,censor,6.01505817932923
MESA,-0.64416238752603,39.07634057537946,137,dementia,5.00479123887748
MESA,0.0976830049780403,64.13653690491009,38,censor,7.60574948665298
MESA,-0.0444672251586503,41.32024460557474,30,censor,5.29500342231348
MESA,0.668764875800591,99.91699751667016,96,censor,5.27583846680356
MESA,-0.75056861752157,27.396668068495604,79,censor,6.18754277891855
MESA,-1.59630598526787,19.954745913227132,37,censor,5.83709787816564
MESA,-1.51764261727862,12.88065384626956,37,censor,6.20944558521561
MESA,-0.14140059578747,52.05081320312922,52,censor,7.15674195756331
MESA,0.48862522847492,91.743574689021,94,censor,6.79534565366188
MESA,-1.26123447925642,2.895380135914361,78,censor,7.53182751540041
MESA,-0.47472055454713,71.48386938315501,66,censor,7.31006160164271
MESA,-0.84708555503415,15.209878643029487,105,censor,6.24777549623546
MESA,-0.4821984140235,36.275214085746015,90,censor,7.21423682409309
MESA,-0.86487300390741,10.964591297431372,74,censor,7.20602327173169
MESA,-0.69962343358784,21.473557480148457,106,censor,7.81656399726215
MESA,0.796552155513329,99.68464106207472,94,censor,7.37303216974675
MESA,-0.14920551084316,72.18307403583418,70,censor,6.98699520876112
MESA,-0.99205876654964,26.748181165980426,55,censor,5.38261464750171
MESA,-0.62327564829333,20.978502499581097,117,censor,7.23340177960301
MESA,0.825160455432081,99.26752144560677,68,censor,7.14852840520192
MESA,0.429475103445679,76.71337619002449,31,censor,6.8993839835729
MESA,0.59613598054309,99.85290474593324,36,censor,5.97399041752224
MESA,-1.14063914526831,6.5186316438601954,28,censor,6.39561943874059
MESA,-1.80753895212423,28.917672516595495,15,censor,6.88569472963724
MESA,-0.667244805165861,44.50678423875854,10,censor,6.55167693360712
MESA,-2.69795139027093,17.293370455362858,45,censor,6.34086242299795
MESA,-0.20102295768384,64.59814732037009,42,death,3.9315537303217
MESA,0.16969099727262,82.51380467701661,148,censor,8.10403832991102
MESA,0.59592588880502,98.8720793811776,27,censor,7.35660506502396
MESA,-0.459735135310579,84.06897145370121,30,censor,6.68856947296372
MESA,-0.58344409436868,48.631364514111986,133,censor,7.34017796030116
MESA,-0.83070248102552,59.379964337069346,35,censor,6.26146475017112
MESA,0.20535499269651,79.64039256124181,112,censor,7.64134154688569
MESA,-0.14640441699697,93.01968005002409,28,dementia,6.19028062970568
MESA,-0.29974627355975,49.22318077106936,135,censor,6.81998631074606
MESA,-1.98530631174175,7.737078535824199,66,censor,6.17932922655715
MESA,0.63153579735337,100.0,20,censor,7.5482546201232
MESA,-0.57656809149582,68.57891696811565,38,censor,6.4394250513347
MESA,-0.42088618435651,37.28880464522373,20,censor,7.62765229295003
MESA,-0.07912236030066,57.828317453745996,127,censor,6.36824093086927
MESA,-0.8943718972782,9.43559766712749,93,censor,6.45859000684463
MESA,-0.35314169073755,53.95648645909395,46,censor,7.57015742642026
MESA,0.0741767132693496,98.28429339664048,34,censor,7.20328542094456
MESA,0.31311273801282,59.379796285619115,23,censor,7.23887748117728
MESA,-0.78817171732816,4.765274663240598,45,death,6.15468856947296
MESA,0.11799721400475,90.58189530615202,41,censor,8.12046543463381
MESA,0.43170444523425,95.01678930343424,70,censor,7.45516769336071
MESA,-0.345403877416361,48.48886430417049,47,censor,6.12731006160164
MESA,-0.96755828909685,28.631744698026154,61,censor,7.20328542094456
MESA,0.23538169531775,83.13618821447092,77,censor,6.89390828199863
MESA,-0.0603800289395402,80.02813071893034,24,censor,7.84941820670773
MESA,0.5330678778272,95.96741171080396,30,dementia,5.89459274469541
MESA,-0.615657665160821,55.97035531727103,30,censor,7.37577002053388
MESA,-1.55626420558083,3.8602240185836156,113,censor,7.60848733744011
MESA,-1.07634348007597,17.626205152696706,74,censor,6.74332648870637
MESA,-1.18549097080673,9.585755519667432,68,censor,6.83367556468172
MESA,0.0334519959628594,73.39633227049744,52,censor,7.71526351813826
MESA,-1.76946145367189,11.769740032225664,46,censor,7.23613963039014
MESA,-0.33495390000399,68.62987821667497,141,censor,7.61943874058864
MESA,-0.0474832354162601,75.27723534892009,64,censor,7.33196440793977
MESA,-0.364762901611,69.30312431315397,57,censor,6.7378507871321
MESA,-1.58374261019561,14.54336797992448,27,censor,7.74811772758385
MESA,-0.19499696114427,60.668467957279354,83,censor,7.35934291581109
MESA,0.19313596134855,95.43717089103166,37,censor,5.28678986995209
MESA,-0.51786694516942,45.7520474941086,135,censor,5.98767967145791
MESA,0.55242339556502,94.34604077422414,47,censor,6.63107460643395
MESA,-0.74647056197708,48.61768690255487,102,censor,6.68035592060233
MESA,-1.00500344198898,42.575108516278995,27,death,2.57905544147844
MESA,0.5553152391471,98.46145693238604,31,censor,7.41683778234086
MESA,-1.06652297132887,23.4308441194922,32,censor,6.30800821355236
MESA,-0.26249260309625,60.257597278151444,143,censor,7.42778918548939
MESA,-0.47738986406715,55.250264612017745,144,censor,7.14305270362765
MESA,0.0946460605763406,82.53137825609294,38,censor,7.39219712525667
MESA,-1.17503078882174,15.967644505333443,88,censor,6.25051334702259
MESA,-0.34384291214494,80.14961507780485,72,censor,7.66598220396988
MESA,-0.0512753033007399,70.722787875202,91,censor,6.62012320328542
MESA,-0.34143709603544,68.57426844151512,93,censor,7.31006160164271
MESA,0.434167940226681,95.41263473603789,64,censor,7.92881587953457
MESA,-0.99924868781966,22.0248286828444,31,dementia,4.95824777549624
MESA,-0.70722376569539,21.354652676541946,103,censor,7.64955509924709
MESA,0.00526789014257,47.65299184812673,44,censor,7.60574948665298
MESA,0.5433335258222,92.25796413552324,68,censor,7.95345653661875
MESA,0.59509850785376,97.53075504609254,27,censor,7.45242984257358
MESA,-0.0519684557457296,88.72378787001429,28,censor,7.89048596851472
MESA,-1.20215451585872,25.9860982792606,40,censor,6.4394250513347
MESA,0.42559104509634,91.46959096336718,38,censor,7.33744010951403
MESA,-0.23996292005467,58.61727533393798,45,death,2.26694045174538
MESA,-1.05245021953301,21.40333776214409,127,censor,8.16153319644079
MESA,-0.68116467167971,27.560301887763707,111,censor,5.8590006844627
MESA,-1.3860840683811,17.626988786099556,28,censor,6.20944558521561
MESA,0.86457820113698,99.16736240509763,60,censor,6.79808350444901
MESA,-0.12956549243052,56.40071319607429,106,censor,5.94661190965092
MESA,-0.57376188039293,28.135376895626393,66,dementia,5.637234770705
MESA,-0.648014960403751,59.18114398134546,22,censor,6.16563997262149
MESA,-0.63535368573624,47.82399016053584,42,censor,7.38672142368241
MESA,1.01286271603267,100.0,45,censor,7.51266255989049
MESA,-1.15027498518446,14.384842699159247,104,censor,7.24161533196441
MESA,-0.40967328814417,47.72981700437781,34,censor,6.34360027378508
MESA,-0.134840637795421,62.063398653077904,125,censor,7.7782340862423
MESA,-0.204995241496251,76.45571547248704,45,censor,6.63107460643395
MESA,-0.20987964323479,53.839646838341416,31,censor,6.36824093086927
MESA,-1.05221013776029,7.504132971537353,45,death,0.58590006844627
MESA,-0.84874397722292,26.055763931137008,28,censor,6.32717316906229
MESA,-0.22519691219693,74.97875526065542,39,dementia,2.64750171115674
MESA,-0.13685198235337,70.42563588807951,65,censor,6.55167693360712
MESA,-0.362473065511649,68.47942322959797,44,censor,7.81382614647502
MESA,-0.60405120981812,12.673960747607032,31,death,5.88090349075975
MESA,-0.88105108472134,12.192675426576837,93,censor,6.4394250513347
MESA,-0.99169921463149,24.37257871650553,23,censor,7.56194387405886
MESA,-0.12881164545279,82.17364268662189,102,death,0.878850102669405
MESA,0.0640780050325901,77.66825673018701,84,censor,7.44695414099932
MESA,-0.22662010784698,67.88606151724316,19,censor,6.42299794661191
MESA,-0.75634131102242,36.49830766513593,119,censor,7.17864476386037
MESA,-1.10048191012268,67.25355340687479,15,dementia,3.73990417522245
MESA,0.50982083349828,95.72128467902718,34,censor,7.06639288158795
MESA,-0.130553100538199,63.482514715064084,106,censor,6.32443531827515
MESA,-0.23252091258193,84.87317699753874,29,dementia,2.25325119780972
MESA,0.469865510100701,87.34769464173503,35,censor,6.85831622176591
MESA,-0.58991531440268,40.58739425770976,30,censor,6.41478439425051
MESA,-0.20786030837259,50.41505566241661,40,censor,6.35181382614647
MESA,-1.45340118813187,16.306078819798792,28,dementia,5.89733059548255
MESA,-0.57829339576706,47.45266192823788,15,censor,6.91033538672142
MESA,0.186935567156689,81.48406984033308,46,censor,7.23887748117728
MESA,-0.31918359014136,79.53437901354559,45,censor,3.23887748117728
MESA,-0.16335248915511,79.42367827738613,115,dementia,4.92265571526352
MESA,-0.83120646637006,39.87788489291031,91,censor,6.072553045859
MESA,-0.26948150313722,57.50307096127574,13,censor,7.21423682409309
MESA,0.468020655281791,84.54190297884107,58,censor,6.42299794661191
MESA,0.66470943371436,94.24853004292176,15,censor,7.5482546201232
MESA,-0.58359620933081,30.684092068398517,142,censor,5.89459274469541
MESA,-0.0303369727105604,68.38193812153591,74,censor,6.3791923340178
MESA,-0.56601762710647,17.693304688677745,43,dementia,4.28199863107461
MESA,-0.37760565122864,48.52172732746407,27,censor,7.38945927446954
MESA,-1.08997166692724,47.30780261456375,32,censor,6.43394934976044
MESA,-0.73737690635246,15.574182575789468,53,censor,7.62217659137577
MESA,-0.14749039618438,84.06740460272631,20,censor,6.69952087611225
MESA,-1.30897602408999,8.590384538665766,118,censor,6.68856947296372
MESA,0.06564337152532,84.74887413172824,155,censor,6.18206707734428
MESA,-0.29686517792252,46.67355082326864,59,censor,6.8227241615332
MESA,-1.34134438889339,46.42835841237417,21,censor,6.31622176591376
MESA,0.0109563984961099,82.6070571587739,114,censor,6.39835728952772
MESA,-0.23523450036813,60.70723543500671,12,censor,6.84188911704312
MESA,-0.771994486607571,23.14774603783342,70,censor,6.99247091033539
MESA,-0.0771183938471296,73.41627073055851,37,censor,6.51334702258727
MESA,-0.10793194162714,59.742586882910544,66,censor,6.48596851471595
MESA,-0.42108930603929,36.97770380554629,113,censor,8.12594113620808
MESA,-1.22012049563487,15.99350286850106,59,censor,6.91307323750856
MESA,0.16810660070569,89.88626457688761,52,censor,6.93771389459274
MESA,-0.73265848990937,29.19977499123659,123,censor,6.4476386036961
MESA,0.205465997278711,93.32136510730383,53,death,7.05544147843943
MESA,-0.87487696249965,21.249777730951667,100,censor,6.8227241615332
MESA,0.2131495886747,88.8983870622683,30,censor,6.95140314852841
MESA,-0.4267517668434,38.155694192317334,142,censor,6.37371663244353
MESA,0.3522289760116,94.52182994040297,31,censor,6.92676249144422
MESA,-1.1981309798107,15.428815854227214,77,censor,6.77618069815195
MESA,-0.49921319880811,24.01968114259492,21,censor,6.71868583162218
MESA,-1.76819917392824,10.500214319604174,41,censor,7.26351813826146
MESA,0.20370198444771,82.94780750902797,65,censor,7.96714579055442
MESA,0.0555932486843005,69.45767362712675,36,censor,7.69609856262834
MESA,1.36796433277684,100.0,114,censor,7.43600273785079
MESA,-1.76408812391104,9.810658422326757,68,censor,6.24503764544832
MESA,-1.06286346863229,16.912907900960022,116,death,5.9356605065024
MESA,-0.268815473624051,72.59999800029286,42,censor,6.07802874743327
MESA,-0.55921761456118,51.03856476637487,85,censor,7.06639288158795
MESA,-0.359457911390869,68.48142918936922,46,censor,7.14852840520192
MESA,-0.0587119542029797,43.69540636883706,62,death,0.506502395619439
MESA,0.54553613802464,98.83000898154347,21,censor,7.16769336071184
MESA,-0.38252377903286,49.133224367350614,18,censor,6.65023956194387
MESA,0.36024384460377,82.14294784459517,30,censor,7.83846680355921
MESA,0.0894988316049101,83.36120196809894,33,censor,6.47227926078029
MESA,-1.13204770411024,24.89209798616033,46,censor,6.93771389459274
MESA,-0.55232914652958,22.232871498620867,95,censor,7.30184804928131
MESA,0.557078254126699,95.69520224151225,89,censor,6.55167693360712
MESA,-1.15231899966438,31.162430186012962,22,censor,7.24709103353867
MESA,-0.44265065732899,55.62827831005872,67,censor,6.58726899383984
MESA,-0.73453275512245,43.12328492099349,20,censor,6.2258726899384
MESA,0.39031408153519,85.67389722004363,82,censor,7.94798083504449
MESA,-1.20185249308152,13.932291224879755,97,dementia,5.44284736481862
MESA,0.14324476919329,85.30129479755425,47,censor,6.47775496235455
MESA,0.19031212690473,74.09473853092308,123,censor,7.68240930869268
MESA,-0.32226548625902,45.310860473966834,97,censor,6.39561943874059
MESA,-0.07935490600115,70.56770423302888,105,censor,6.80082135523614
MESA,-0.44947911071105,31.50253694968897,55,censor,5.98767967145791
MESA,0.16398685526387,72.46794895178655,40,censor,7.79192334017796
MESA,-0.26030163345422,51.898334352439775,27,censor,7.01711156741958
MESA,-0.80877308319492,32.886150722250306,113,censor,7.65503080082136
MESA,-0.1868307214537,55.73685571657915,99,censor,4.64339493497604
MESA,-1.33778262089642,29.21393602821084,50,censor,7.71800136892539
MESA,-0.73684435092925,39.47476198927855,32,censor,7.57015742642026
MESA,0.0169719650758402,62.016759661433795,82,censor,6.9678302532512
MESA,-0.647932961717849,36.0805970045065,145,censor,7.06091718001369
MESA,-0.56592258761846,25.714667691047616,36,censor,7.27720739219713
MESA,-0.45393971642865,60.10004167606348,137,censor,6.45311430527036
MESA,0.58510006185285,98.88389210677924,36,censor,6.25325119780972
MESA,-0.36535531743925,65.68213405028726,57,censor,7.3347022587269
MESA,0.0486297056063805,81.09086628039479,64,censor,7.5482546201232
MESA,-1.74797692025774,3.3394181918110313,145,censor,6.5160848733744
MESA,-0.54883005598447,64.84468137773248,50,censor,7.17590691307324
MESA,0.5368995770095,100.0,43,death,3.93976728268309
MESA,0.10271069747123,76.78817055709327,142,censor,7.12388774811773
MESA,-0.65999816344643,38.23037910210734,71,censor,6.66392881587953
MESA,-0.39015485599157,43.7797970690333,141,censor,6.61190965092402
MESA,0.18656429748425,77.47530276102255,97,censor,7.71800136892539
MESA,-1.41116370510507,22.77108743416056,45,censor,7.25530458590007
MESA,-0.91642534713917,20.235584469297894,122,censor,7.52087611225188
MESA,-0.43354375213192,46.45114062949046,141,censor,6.86652977412731
MESA,-0.78663415960998,25.299765426157734,144,censor,7.30184804928131
MESA,0.0900131453571404,78.40131367397312,96,censor,6.45311430527036
MESA,0.17375548118126,72.53018305758835,35,censor,6.35455167693361
MESA,-1.17050043011617,44.75102936410062,35,censor,6.72689938398357
MESA,-0.49790759125941,36.19273436143237,57,censor,6.8911704312115
MESA,-0.22032791875786,52.83325621499333,65,death,4.28747433264887
MESA,-0.8215596959326,31.28792290642168,91,censor,7.53182751540041
MESA,0.69497322521496,86.74688353140883,78,death,2.08898015058179
MESA,-0.86407256249899,28.411062559447522,131,censor,6.11088295687885
MESA,-1.06008388103354,10.25175288705085,100,censor,6.2861054072553
MESA,0.3189662252514,90.41231193604769,49,censor,7.21149897330595
MESA,0.60384766118445,97.15164397692341,124,censor,7.35660506502396
MESA,-1.09258018713436,12.256829301550534,135,censor,7.57015742642026
MESA,-1.05928391091111,23.578579611521217,44,censor,5.82340862422998
MESA,-0.74785780120912,25.068063726689324,97,censor,7.53456536618754
MESA,-0.87774787476635,18.532030692122433,28,censor,7.43874058863792
MESA,-1.07702954484347,21.050493608663317,35,censor,5.86447638603696
MESA,-1.39517117949015,20.21823017671945,47,death,5.70841889117043
MESA,-0.58951690926972,74.60070737917823,34,censor,4.10677618069815
MESA,0.0207970041826996,93.5144608395542,92,censor,7.37577002053388
MESA,0.90037231556571,100.0,23,censor,7.27446954140999
MESA,0.0688655100960503,97.93458324153043,35,censor,2.1492128678987
MESA,0.0293771489140894,69.63893235028574,76,censor,6.71868583162218
MESA,-0.11053825995921,68.71225610787242,15,censor,6.76249144421629
MESA,-0.14419974367559,80.23799740562856,64,censor,7.49897330595483
MESA,-0.57552819996669,27.82699732594127,69,censor,5.91101984941821
MESA,0.33664039874398,96.9078244196512,28,censor,7.81930184804928
MESA,-0.834569562577251,66.13492804056071,24,death,2.88843258042437
MESA,-0.78034662674148,39.75550510175257,77,dementia,5.11430527036276
MESA,-0.63836438179528,50.19193451288373,54,censor,7.11019849418207
MESA,-1.00213499220471,20.2622019543607,109,censor,7.31827515400411
MESA,0.23667123138859,81.41489415820571,64,censor,6.2861054072553
MESA,-0.64884782648904,43.15039942220863,36,censor,7.29911019849418
MESA,0.0932559527988801,68.22426514833191,26,censor,6.20670773442847
MESA,-0.560280211053551,56.99487568438223,58,censor,6.63107460643395
MESA,-0.53453107434578,46.50670468576949,115,censor,7.68240930869268
MESA,-0.36540646898639,52.132858513690465,144,censor,6.64476386036961
MESA,-0.24495743532939,65.08238282910364,65,censor,7.46611909650924
MESA,-0.32767365084391,72.16144790673633,26,censor,6.24503764544832
MESA,-0.49807467609205,52.93755397365474,49,censor,5.88637919233402
MESA,-0.45741868563134,25.748336454163265,71,censor,6.99247091033539
MESA,-0.30974584097081,42.72730233052105,106,censor,7.35112936344969
MESA,-0.24534814999539,82.74743956442701,99,dementia,2.31348391512663
MESA,-0.0112325613562703,91.54601352732176,80,censor,6.44216290212183
MESA,-0.71659574239459,25.441501513745074,48,censor,7.18412046543463
MESA,0.39312002390229,90.75809486121723,41,death,4.80492813141684
MESA,0.256801887200621,88.59518673432927,40,censor,7.34017796030116
MESA,0.23174190387625,81.6067867517753,84,censor,6.5242984257358
MESA,-1.53138046213162,10.632292949662412,50,dementia,5.12799452429843
MESA,-1.09386366669537,45.940148517876054,14,censor,6.79534565366188
MESA,-1.12199757654056,12.123066637961989,127,censor,7.44695414099932
MESA,-0.19235256606368,72.6835202658373,45,censor,6.98425735797399
MESA,-0.47965852522985,39.690496432315285,86,censor,6.79534565366188
MESA,-1.31837821618897,50.41582900937813,11,censor,6.16290212183436
MESA,-0.67353575878069,31.279849456451547,32,censor,7.08008213552361
MESA,0.46539701756829,98.99073141002434,87,censor,7.44421629021218
MESA,-0.0574468805742697,66.23977033271741,84,censor,6.95687885010267
MESA,-0.59228708851597,35.9210541748835,71,censor,6.83641341546886
MESA,-0.61059092279936,32.13037493045689,72,dementia,4.71457905544148
MESA,-1.02733554689016,24.37674712982793,34,censor,6.7460643394935
MESA,0.18021649430156,79.698113090977,57,censor,6.28062970568104
MESA,0.12725451524331,79.84975899626968,73,censor,6.95414099931554
MESA,0.0682703711270406,74.58620678977142,122,censor,7.66050650239562
MESA,0.34702626306581,63.21184579961773,17,censor,7.20054757015743
MESA,-0.44939200009057,42.88108685558076,33,censor,8.02737850787132
MESA,-0.0549805614364203,55.3845379670109,38,censor,6.34360027378508
MESA,-0.56490323827765,24.61883626759156,40,death,5.71937029431896
MESA,-0.86964205159349,68.6898860852812,16,death,5.67008898015058
MESA,-1.21938483563941,15.15383754410523,34,censor,4.03011635865845
MESA,-0.74168979968648,65.55590324812414,18,dementia,4.42984257357974
MESA,-0.327440297605391,58.41368755192193,122,censor,6.37371663244353
MESA,0.0173863713928796,60.103383841680724,32,censor,7.4113620807666
MESA,0.178352178686301,75.58965519166193,30,censor,6.58179329226557
MESA,0.378084019652221,84.42192981602578,21,censor,7.14852840520192
MESA,-0.135122785646961,65.04035091013922,94,censor,6.12731006160164
MESA,0.51423732458446,95.7402799090501,67,censor,6.91307323750856
MESA,-0.28185556872503,65.12365244696167,31,censor,6.8993839835729
MESA,-0.775944948768981,49.546313338565625,33,censor,6.33812457221081
MESA,-0.43061740200476,40.307586817035364,29,censor,7.43052703627652
MESA,-0.2889481659734,49.4479941203649,47,censor,7.85215605749487
MESA,-0.42403473989808,35.850678367655824,85,censor,6.85284052019165
MESA,-0.630848615974099,65.2128549378157,47,censor,6.33538672142368
MESA,0.0559885226575702,71.82059783473821,29,censor,6.80082135523614
MESA,-0.0845610550017696,78.66751868389855,46,censor,5.83709787816564
MESA,-0.0951230583683596,85.32480750971565,78,censor,7.24435318275154
MESA,-0.54970398978546,40.089069925794014,154,censor,7.38398357289528
MESA,-0.26966262276943,49.8400735071333,51,censor,7.40862422997947
MESA,-0.73969651861086,33.78853863911024,17,censor,4.3750855578371
MESA,0.6538066967997,96.22106565994457,73,censor,7.29363449691992
MESA,-0.767298412564141,67.62514674973787,11,dementia,3.50992470910335
MESA,0.17525778358358,94.1088033624356,10,censor,7.72347707049966
MESA,-0.32595032117012,59.91107222813288,35,censor,7.12662559890486
MESA,0.0718605252076998,61.47671138491373,18,censor,6.26694045174538
MESA,-0.13529793363155,75.72169546703729,52,censor,6.39014373716632
MESA,0.264920492268649,96.43814401768724,131,dementia,3.1047227926078
MESA,0.81800347381411,99.9642791146668,140,censor,7.87405886379192
MESA,-0.74983529301327,36.56542795461612,104,censor,7.79466119096509
MESA,-1.00435020899414,50.19374304643634,36,censor,6.94866529774127
MESA,-1.50852868667072,11.407236754602067,39,censor,6.51334702258727
MESA,-0.71275951637295,19.603504551551907,111,censor,7.56194387405886
MESA,0.51172757833405,97.63708628950732,42,censor,7.46611909650924
MESA,-0.29636047832213,57.19997152174796,74,censor,6.77070499657769
MESA,-0.5323077995812,45.400309783577086,66,censor,6.32169746748802
MESA,0.53772207231692,86.91720667070716,41,censor,7.86858316221766
MESA,0.09170792499256,60.38876444550062,29,censor,7.87405886379192
MESA,-0.90199848880099,14.55214118344908,48,censor,6.91033538672142
MESA,0.732908368997801,98.7166269370247,51,censor,7.22245037645448
MESA,0.0768545323042105,80.1401767391839,73,censor,6.11635865845311
MESA,-0.86931749079322,22.837415478556977,52,censor,7.1813826146475
MESA,-0.40855741583322,41.76096900283692,68,censor,7.37029431895962
MESA,-1.03776275696003,57.28461816091857,11,censor,6.39835728952772
MESA,-0.64614374769776,30.975880190444524,108,censor,7.35112936344969
MESA,0.556930166637819,98.13940640072562,35,censor,7.03901437371663
MESA,-0.39151109223166,70.68469971506188,59,censor,6.34086242299795
MESA,-0.822178550748561,29.550933538150392,62,censor,6.41204654346338
MESA,-0.1723633455154,72.7168717117576,14,dementia,5.04585900068446
MESA,-0.7662908751793,14.095164911206963,70,censor,7.2662559890486
MESA,0.21353011169406,68.3164083019485,61,censor,7.59753593429158
MESA,0.26912616236025,77.74983356395846,71,censor,7.37303216974675
MESA,-1.18867568229206,18.891056218681907,31,censor,7.68240930869268
MESA,-0.53348799548906,50.16082384354827,64,censor,7.51266255989049
MESA,-1.12869818452582,34.3718212441395,36,censor,6.77618069815195
MESA,-0.36541974072912,58.23736453459842,29,censor,6.73237508555784
MESA,-0.17349447780054,71.0568266191653,61,dementia,5.85352498288843
MESA,0.0493147041101196,91.936933384123,38,dementia,6.34633812457221
MESA,-0.78553189109228,33.451284616382196,61,censor,6.45311430527036
MESA,-0.61446706554257,47.295115606093354,52,censor,6.35181382614647
MESA,-0.57708998561591,59.49447548573295,43,censor,6.50513347022587
MESA,0.37003201543384,90.64454019863776,70,censor,6.4394250513347
MESA,-0.45799783614342,68.58660084124,23,censor,6.4476386036961
MESA,0.22638431484912,94.83015701509679,120,censor,3.65776865160849
MESA,-0.0212872577386506,95.6381302909256,16,censor,6.92402464065708
MESA,-0.24694641644145,64.44190738508752,122,censor,5.21560574948665
MESA,-1.10602145288716,22.07456390910942,61,censor,6.42573579739904
MESA,0.53446128442818,95.31465217676134,14,censor,7.96714579055442
MESA,0.242106719871219,98.24775578738343,36,censor,7.35934291581109
MESA,-1.27783536264041,0.9648176487424935,136,censor,7.1129363449692
MESA,-1.09754095063226,13.062125914797067,29,censor,7.38398357289528
MESA,-0.24885677970852,56.72604698629281,20,censor,6.74058863791923
MESA,-1.26537409619262,2.05148036281914,36,censor,6.70773442847365
MESA,-0.30901677716087,52.16397019974969,107,censor,7.30732375085558
MESA,-0.0779014248502897,72.90799270682714,21,censor,6.11088295687885
MESA,-0.0009479621273499,74.23982565903022,78,censor,7.35660506502396
MESA,0.389131905481619,80.60106035442888,42,censor,7.00889801505818
MESA,-0.88414240787545,9.211154566272057,79,censor,6.85831622176591
MESA,-0.18388278837847,80.51039366262498,112,death,6.51334702258727
MESA,-1.22930063215153,19.228849366869575,41,censor,7.31279945242984
MESA,0.21615407248489,73.44367429081132,82,censor,7.62765229295003
MESA,-0.48049462434626,71.43932088996281,59,death,1.65366187542779
MESA,0.434370150619949,87.13640936825732,53,censor,7.53456536618754
MESA,-0.49986388972829,17.920052577930107,29,censor,7.39219712525667
MESA,0.0237356815829997,76.57127520561542,38,censor,7.28268309377139
MESA,0.4705365486589,94.22903948717783,63,censor,7.29911019849418
MESA,-0.0123523557175503,76.31632870919019,145,censor,6.42026009582478
MESA,0.0960977964305698,91.78516103931331,41,censor,5.90828199863107
MESA,-0.4635517091585,71.14819836713201,44,death,5.70841889117043
MESA,0.16488246321344,76.4701254027235,85,censor,7.43600273785079
MESA,0.0073540008064497,90.47700959025228,97,death,4.82683093771389
MESA,-1.38675863465457,20.977493512700953,23,censor,6.98973305954825
MESA,-0.29199097695372,67.71581880229465,111,censor,7.30184804928131
MESA,-0.97976511654148,11.113490607598212,57,censor,6.71868583162218
MESA,-0.60948409672285,39.19636937385457,38,censor,7.24161533196441
MESA,-0.566899404562091,43.87848743463952,144,censor,7.38672142368241
MESA,0.18384750603816,81.305080004004,71,censor,6.72416153319644
MESA,1.32712865620473,100.00000000000001,49,censor,6.61190965092402
MESA,-0.29790634317518,47.43138439336515,27,censor,6.3791923340178
MESA,0.24341488828233,90.11435523289146,91,censor,7.12662559890486
MESA,-1.46605364562279,10.32193098404905,72,death,0.777549623545517
MESA,-0.25835874652569,67.68064354840277,143,censor,6.17932922655715
MESA,-0.62350252136814,24.09013597161688,60,censor,6.8145106091718
MESA,0.2579770820615,89.26082050721371,93,censor,7.10746064339494
MESA,-0.72330330867333,42.51347827675689,73,censor,5.45927446954141
MESA,-0.0554552482106601,66.17520129805045,91,dementia,1.59890485968515
MESA,0.66661298129109,91.64309189380042,73,censor,8.13415468856947
MESA,-0.44921261847397,43.936040886287365,127,censor,6.7460643394935
MESA,-0.0578056715543397,77.46200793586878,43,censor,6.60643394934976
MESA,-0.2039595395655,79.04699703851281,69,censor,7.54277891854894
MESA,-1.16169470006799,57.5612312941385,21,censor,6.53524982888433
MESA,-0.90370302293089,49.822429225898105,27,censor,7.76180698151951
MESA,0.30308060626765,86.61136340207246,74,censor,7.43326488706365
MESA,-0.852586574464939,51.19952944086009,32,censor,7.25530458590007
MESA,0.55997468749857,97.34748446451654,38,censor,6.84188911704312
MESA,-0.3857977986892,58.75210561208579,20,censor,7.08829568788501
MESA,-1.20529703016396,21.909895025117386,28,censor,6.78439425051335
MESA,-1.1113689879353,14.751188577333625,46,censor,7.30732375085558
MESA,-0.87723731950938,35.051595812013865,39,censor,7.4715947980835
MESA,-0.05369821303008,62.441158408385164,55,censor,7.62217659137577
MESA,-1.0307769662171,15.2689788149647,16,censor,7.12662559890486
MESA,0.0428452381617703,82.55160146107221,94,censor,7.34017796030116
MESA,-0.88785912953406,23.955908833414107,54,censor,6.41204654346338
MESA,-0.41343256767028,59.319620173553794,42,censor,7.56741957563313
MESA,-1.37662213173619,16.879597322799373,64,censor,6.26694045174538
MESA,0.190630578157869,83.86106304531947,40,censor,7.54277891854894
MESA,0.725717044192579,94.56784169461021,38,censor,6.43394934976044
MESA,0.50269937138014,96.12861927552724,41,censor,7.06365503080082
MESA,-0.381164432023721,49.50321427221437,56,dementia,4.59137577002053
MESA,0.764438183734271,99.24401552983257,75,censor,7.60301163586585
MESA,-1.0470154351043,11.478280868187362,58,censor,6.41752224503765
MESA,0.51612725733647,89.35395222930032,106,censor,7.99726214921287
MESA,-0.68271694393219,37.8326305149161,70,censor,7.73990417522245
MESA,-0.159999203041259,90.64979783581519,66,censor,6.65297741273101
MESA,0.2357587289121,84.99789911093285,123,censor,7.4798083504449
MESA,0.56524646045437,96.80960225108771,111,censor,6.70499657768652
MESA,0.26887110157994,76.5096361984934,54,censor,7.27720739219713
MESA,-0.07786823231759,50.76334792825159,65,censor,6.26694045174538
MESA,-0.91364448544998,29.509248640252206,49,censor,6.11088295687885
MESA,-0.0867077284744894,90.9657016458032,101,death,0.446269678302533
MESA,-0.53191731764927,36.561590544492645,37,death,4.03832991101985
MESA,-0.12677950178668,61.09243771056866,85,censor,7.83025325119781
MESA,0.14954490936294,68.39297176676025,33,censor,6.24503764544832
MESA,-0.47440497466213,45.59359585957911,129,censor,7.66324435318275
MESA,0.3906300654462,81.97003544300843,80,censor,6.93497604380561
MESA,0.412986427891791,98.61078955336265,41,censor,6.86105407255305
MESA,-0.63459647151942,55.79457897324065,23,censor,7.25530458590007
MESA,-0.9727129291389,9.986983002192064,53,censor,5.78781656399726
MESA,-0.91423385631358,29.21536351607944,40,censor,7.37850787132101
MESA,-1.27617536408188,12.280171677578664,52,censor,6.07529089664613
MESA,0.0970423937099696,81.06799969955925,58,censor,6.68309377138946
MESA,-0.73687471514323,31.34817212542875,68,censor,7.71800136892539
MESA,-0.60194192978067,32.93008660103648,102,censor,7.49075975359343
MESA,-2.06337307293212,8.700614665250384,52,censor,6.39288158795346
MESA,-0.0742148984110202,85.58688429729538,48,censor,6.16837782340862
MESA,0.43494916488085,92.26225264409946,51,censor,7.83299110198494
MESA,0.0739077532188503,69.01426323426446,48,censor,7.36208076659822
MESA,-0.0786376612511702,68.32370279034218,96,censor,6.31074606433949
MESA,-0.0415099413358398,77.26797525407703,37,censor,7.43052703627652
MESA,-0.21539714656511,57.05406605242399,41,censor,7.14305270362765
MESA,-0.15519915832864,66.47883369899779,36,censor,7.21149897330595
MESA,-0.323947948046469,67.6300602905373,45,censor,6.507871321013
MESA,-0.68868396356109,29.282995558234596,150,censor,7.09103353867214
MESA,-0.56023228808583,60.782428906303544,54,censor,6.89390828199863
MESA,-0.32733066900217,70.05592655856319,28,censor,7.39767282683094
MESA,0.0481592243481302,83.38630019535859,54,censor,7.43600273785079
MESA,-0.45445501719571,69.42022223489714,19,dementia,5.59890485968515
MESA,-0.39300538232903,40.171665245936936,68,censor,7.27173169062286
MESA,0.0587757536693203,85.89442981637279,113,censor,7.61943874058864
MESA,-0.36516576423563,56.98779735006049,35,censor,2.42299794661191
MESA,-0.5821859510535,25.153486687213356,74,censor,6.03696098562628
MESA,-0.6297852296517,27.82753048671404,57,censor,6.56810403832991
MESA,0.40399232689481,88.22979156604066,60,censor,7.05270362765229
MESA,-0.30198012965537,49.029359255629345,135,censor,7.29637234770705
MESA,-0.19006395239514,58.30535881262957,61,censor,6.41204654346338
MESA,-0.0759478459847799,90.65168237927679,89,censor,7.35386721423682
MESA,-0.73243091665898,30.990592510292107,75,censor,6.75975359342916
MESA,-0.27132920411615,52.85910472012654,50,censor,5.85626283367557
MESA,-1.66469646736412,43.707347229216836,11,censor,6.46954140999316
MESA,-0.42250691592542,46.541170179360975,57,censor,6.43121149897331
MESA,0.10926840374077,74.83784209082697,106,censor,6.31622176591376
MESA,-0.2782764244566,64.92933206442713,34,censor,7.11019849418207
MESA,0.15840804761858,93.41296128359528,36,censor,7.4880219028063
MESA,-0.53321614124628,65.96188185018954,29,death,6.18480492813142
MESA,0.222562671588349,81.81626267840588,34,censor,6.70225872689938
MESA,-1.1039539218309,12.744782526158577,135,censor,6.072553045859
MESA,0.31986186788418,97.38772301518755,65,censor,6.13004791238877
MESA,-1.09565993893893,39.76368826941737,29,censor,6.90212183436003
MESA,-0.53941142875349,83.25497632156907,11,dementia,4.23271731690623
MESA,-0.928618879813569,20.131699298654457,16,censor,6.32717316906229
MESA,0.26817851489095,80.58293801093001,18,censor,6.42573579739904
MESA,-0.382541966015199,53.88921400653144,43,censor,7.66598220396988
MESA,-1.20743114210775,11.601692252075152,46,death,0.49555099247091
MESA,-0.0357141630459907,52.555910356526184,90,censor,6.71868583162218
MESA,-0.5745319970003,46.4475801124281,106,censor,5.52498288843258
MESA,-0.56783546100131,43.90857910452541,121,dementia,5.23477070499658
MESA,-0.92733508924381,43.44154155728153,35,death,2.75975359342916
MESA,-1.06148040862088,12.386672193152881,86,censor,7.25530458590007
MESA,0.0869048894086006,80.17652530265384,125,censor,7.20054757015743
MESA,-0.70268316298308,86.0298482973571,12,death,2.21218343600274
MESA,-0.90662430719706,14.017594935048095,53,censor,6.52703627652293
MESA,-0.50207915283536,36.69995791665155,32,censor,6.67214236824093
MESA,-0.16783793647151,35.54889346215626,78,censor,7.30184804928131
MESA,-0.28236946919227,57.12903783799408,92,death,5.80971937029432
MESA,-1.14209274755173,13.215387314531506,41,censor,6.85831622176591
MESA,-0.44808190047402,39.045461926658135,68,censor,5.91649555099247
MESA,-1.09807591021674,27.558209275763975,66,censor,7.33744010951403
MESA,-0.52912257906672,53.238889147508544,82,censor,7.20328542094456
MESA,-1.09638220275046,22.719725899469882,39,censor,6.09445585215606
MESA,-0.23259910807796,96.90504195641782,33,censor,7.58110882956879
MESA,-0.34517819320172,62.169549387919176,45,censor,6.5927446954141
MESA,-2.46155586528264,0.0,71,censor,6.18754277891855
MESA,-0.44893851094708,48.60641606130301,85,censor,7.46611909650924
MESA,1.29012834050989,98.1303430196161,57,censor,7.08008213552361
MESA,-1.71329787544598,9.387531413110938,54,censor,6.79534565366188
MESA,-0.63713149072976,57.61683785284647,44,censor,0.936344969199179
MESA,-0.700438097086641,39.77354739893063,89,censor,7.7782340862423
MESA,-0.0757392043200795,82.54436195628149,61,censor,7.63860369609856
MESA,0.17318972977501,78.14282176576327,50,censor,6.09171800136893
MESA,-0.52386794501399,49.12441506775282,115,censor,6.66666666666667
MESA,-1.54070317535985,11.518350204456846,51,death,5.60985626283368
MESA,0.52867311827429,99.75594051714715,70,censor,7.60848733744011
MESA,-0.61112286267485,45.17619418732443,56,censor,6.16563997262149
MESA,-1.28792668756289,65.02587849851903,10,censor,7.5482546201232
MESA,-1.02007341579146,78.22925090544526,14,dementia,6.00684462696783
MESA,0.0391718716113701,91.81092413126363,102,censor,6.78165639972621
MESA,-0.151759062550251,75.05479551163793,36,censor,7.60301163586585
MESA,-0.74576524196039,67.92192577310075,29,death,0.725530458590007
MESA,-0.0286616315925897,55.709482260970795,10,censor,6.91033538672142
MESA,-0.0806111539232006,57.834003727119004,101,censor,6.53251197809719
MESA,-0.68572052785814,25.22706817900154,80,censor,6.83915126625599
MESA,0.26243540588396,83.80077043157145,134,censor,7.4880219028063
MESA,0.0417101116535299,75.656106741046,43,censor,7.06913073237509
MESA,0.27750934074741,84.56690506973516,36,censor,6.91854893908282
MESA,-0.17734630325602,38.93272434171596,55,censor,6.64202600958248
MESA,-1.22626221269539,26.27079863080332,25,censor,6.89664613278576
MESA,-0.44228585144166,36.519142957294335,132,censor,8.04654346338125
MESA,0.0177403185774594,78.81387961695202,40,dementia,5.28678986995209
MESA,-0.3153075056136,67.29537644180674,157,censor,7.2580424366872
MESA,-0.43825823839679,45.920231071521066,61,censor,6.42026009582478
MESA,-0.74416792738336,24.856602246489626,134,censor,7.65776865160849
MESA,-0.40654028750783,48.97783071628071,126,censor,7.76180698151951
MESA,-0.84030497042955,20.82660035093249,51,censor,7.05544147843943
MESA,-0.0982490407938499,52.57240062868092,106,censor,6.23408624229979
MESA,-1.6456832083466,6.60639352197276,75,censor,6.21492128678987
MESA,-0.7351732045532,18.10912658817131,40,censor,7.69609856262834
MESA,-0.26982612706427,74.62251977657758,126,dementia,5.76043805612594
MESA,-0.44089479749385,56.92169496299309,124,censor,7.90965092402464
MESA,-0.06423177249753,57.83089213204919,61,censor,7.43600273785079
MESA,0.60507496358599,97.35451402447116,145,censor,7.39767282683094
MESA,0.35754579266989,100.0,27,censor,5.90006844626968
MESA,0.43039788876887,95.611088174644,29,censor,5.19917864476386
MESA,-0.427633706376,64.85437622749295,18,censor,3.40588637919233
MESA,-1.2296779294641,14.909111880391563,34,censor,7.4880219028063
MESA,0.55663129100122,91.15597169573222,20,censor,6.43668720054757
MESA,-0.36879470245889,35.719182356363866,54,censor,6.46954140999316
MESA,1.06934309506214,100.0,103,censor,5.72210814510609
MESA,-0.5126325768935,85.18112678528855,32,death,4.55578370978782
MESA,0.81009235482763,98.0238796042439,109,dementia,4.81587953456537
MESA,-0.95640736773712,19.416581926423433,104,death,3.84394250513347
MESA,-0.81998046866429,18.05982364832192,102,censor,6.22861054072553
MESA,-0.30983187414714,61.60705213497808,18,censor,6.59000684462697
MESA,-0.13587002125155,88.91604823583152,33,censor,7.22245037645448
MESA,0.0948969289188902,75.34301699352692,54,censor,7.02532511978097
MESA,-0.0007742503580196,62.285985781469314,91,censor,7.61670088980151
MESA,0.305476764280699,86.77034277555622,62,censor,7.5564681724846
MESA,-1.2132254486108,9.223980358354693,32,censor,6.98699520876112
MESA,-0.979499968027331,25.97157049392073,66,censor,6.86105407255305
MESA,-0.99961784210857,15.853137083246288,80,death,6.68856947296372
MESA,0.0895588573575594,99.31272360245835,21,death,5.7138945927447
MESA,-0.4853264377903,71.2310665459293,80,censor,7.51540041067762
MESA,0.0460818728906901,92.12487683884274,23,censor,6.45037645448323
MESA,-0.0027641941174195,78.57578028596782,58,censor,7.16769336071184
MESA,-0.78020419063476,49.74618788860474,38,death,5.21834360027379
MESA,0.0095120128552196,87.50930800482526,117,censor,7.25256673511294
MESA,-1.54905119081372,10.01179515678627,42,censor,7.08008213552361
MESA,-0.44044780655886,37.66404930306227,55,censor,6.75975359342916
MESA,0.454057088745159,88.23413901294442,61,death,1.44832306639288
MESA,-0.40581384338357,37.82333467090699,103,censor,6.79808350444901
MESA,0.203443779620061,87.8932900608015,113,censor,7.30732375085558
MESA,-0.210444963346541,67.34629480279771,58,censor,7.08829568788501
MESA,-0.54177357602407,28.252894275959516,107,censor,6.56810403832991
MESA,-0.87843204721303,18.1820238438901,123,censor,8.0684462696783
MESA,-1.18526260123725,12.305541057686925,97,censor,7.88774811772758
MESA,0.11232581370403,76.07358361133834,98,dementia,4.63791923340178
MESA,-0.21385782597314,84.52455609596198,32,death,2.362765229295
MESA,0.14929180909631,74.54212151120848,43,censor,6.45037645448323
MESA,-0.20611983336736,54.11941989342879,130,censor,6.43668720054757
MESA,-1.35866907183358,13.600995064859458,86,censor,6.54893908281999
MESA,-1.91020894090291,23.003174550390813,22,censor,5.95756331279945
MESA,-0.2602790543442,57.116858451431234,53,dementia,0.602327173169062
MESA,-1.45766334543792,18.096919585372607,51,dementia,5.61259411362081
MESA,-0.75270453784232,81.03730335843653,10,censor,7.43600273785079
MESA,-0.0262116941812707,79.54711248865848,33,censor,7.41957563312799
MESA,-0.23261031219254,66.49143937122757,20,censor,7.14031485284052
MESA,-0.02907086088575,91.56409821381844,15,dementia,4.39151266255989
MESA,1.02703389687401,98.489600172979,70,censor,6.70773442847365
MESA,-1.93215690794604,0.0,34,censor,5.01026694045175
MESA,0.28213939727124,88.35731310597029,153,censor,8.0684462696783
MESA,-0.45977695178702,9.766671509556803,63,censor,6.09445585215606
MESA,0.14998972979878,81.31118867720555,34,censor,7.04175222450376
MESA,-0.46453964418647,57.37282761769944,27,censor,7.74811772758385
MESA,0.0487603939000103,71.74215475558411,12,censor,7.23613963039014
MESA,-0.93407637546664,54.60247567313783,22,death,0.862422997946612
MESA,-0.104177231941441,66.32203344497835,40,censor,6.45037645448323
MESA,-1.04136705914815,13.252292850785912,144,dementia,2.80355920602327
MESA,-0.27714246843708,44.180294257294904,57,censor,7.51266255989049
MESA,-0.84250569469156,24.84580624623333,30,censor,7.12388774811773
MESA,-0.42391870480343,54.68046402811946,145,censor,7.41409993155373
MESA,-0.29651092134085,90.01201204793477,14,death,5.81245722108145
MESA,-0.65415974649324,33.17731511447936,147,censor,6.84188911704312
MESA,-0.51399217438033,34.73009369729684,33,censor,7.58932238193018
MESA,-0.41050559104766,26.273699354724446,62,censor,4.30116358658453
MESA,-0.30583494772837,90.77460594530723,13,censor,6.40109514031485
MESA,-0.88968891557951,13.7482714108126,45,censor,7.83572895277207
MESA,-0.19112673124634,63.23541787068852,16,censor,7.43600273785079
MESA,-0.47637065288309,53.65701097569205,65,censor,6.34360027378508
MESA,-0.71402446689174,38.911883587242244,130,censor,6.98973305954825
MESA,-0.38570242548037,51.433076237387176,137,censor,7.59206023271732
MESA,0.14511825428402,78.55004965284238,143,censor,7.06639288158795
MESA,0.0693804365363405,96.89078068603983,48,censor,7.60574948665298
MESA,-0.4841947218134,44.00482383759822,42,censor,5.91649555099247
MESA,0.0209646299182694,75.86901069255624,89,censor,6.55989048596851
MESA,0.883810024897331,100.0,67,censor,6.94045174537988
MESA,-0.14833945045024,73.46238109026883,46,censor,7.35660506502396
MESA,-0.86773167962332,37.24224145792743,44,censor,7.1813826146475
MESA,1.04873056111674,100.0,19,censor,6.5160848733744
MESA,-0.87867987791137,20.570400905512138,61,censor,5.96577686516085
MESA,0.26026722235188,77.4426073867521,100,censor,6.2861054072553
MESA,-0.35334454640665,45.72657875736732,14,censor,6.507871321013
MESA,-0.73280241908711,54.218436285143326,48,censor,6.94866529774127
MESA,-0.47634054485352,63.020080866985204,125,censor,7.23613963039014
MESA,-0.6208538505481,23.795816310760664,103,censor,7.91512662559891
MESA,-0.10293374017897,78.27775579392058,31,censor,6.98699520876112
MESA,0.661740444530631,98.60834018371814,50,censor,7.58932238193018
MESA,-0.28696240824981,56.46065915494544,72,censor,6.05065023956194
MESA,-0.965175876524739,29.905336232507995,68,censor,6.30527036276523
MESA,-0.20724461936042,53.10465600316322,15,censor,7.70431211498973
MESA,-0.41431553071308,58.77744542916367,41,censor,6.6776180698152
MESA,-0.26858542646863,57.44152081894779,62,censor,6.35455167693361
MESA,-0.0398540458584606,77.31786876831296,63,censor,7.42778918548939
MESA,-0.17764971587998,65.2220052027294,35,censor,7.08829568788501
MESA,-0.48475725613573,58.02758852290072,132,censor,7.69883641341547
MESA,-0.0122649154334994,62.04805010340492,108,censor,6.13004791238877
MESA,-0.579220908069669,41.448650557009415,109,censor,5.86173853524983
MESA,-0.17765447089561,78.08215645127126,45,censor,7.30458590006845
MESA,-0.73503488510469,25.06991042311033,100,censor,6.8062970568104
MESA,-2.12799636379513,8.190568151295318,75,censor,7.10198494182067
MESA,-0.98570642294562,12.226312712223606,71,censor,6.362765229295
MESA,0.0115900942729198,90.76516347729206,17,death,2.26694045174538
MESA,-0.0766334256800299,77.89843271917354,30,censor,6.62286105407255
MESA,0.57183652741883,95.72977111783649,149,censor,6.75975359342916
MESA,0.0608885460723201,68.6725538432293,93,censor,6.44490075290897
MESA,-0.52887535105066,40.262408680199314,12,censor,6.27515400410678
MESA,-0.45389143576848,49.55548317864442,36,death,2.35181382614648
MESA,0.48176273478472,90.59047757567116,53,death,3.40041067761807
MESA,0.0738256168263902,59.878800487801996,58,censor,7.08281998631075
MESA,-0.32926482401412,51.78764972673313,70,censor,6.46954140999316
MESA,0.0551218272028507,90.83444510822913,47,censor,7.40862422997947
MESA,-1.04640031700608,32.09867226535998,20,censor,7.61122518822724
MESA,-0.34678280385647,51.50382199362006,74,censor,6.84188911704312
MESA,-0.98841911089027,13.15908571951327,128,censor,6.50239561943874
MESA,0.17495620788532,64.60465534392429,50,censor,5.86995208761123
MESA,-1.12265815039161,22.141668548501087,55,censor,6.87748117727584
MESA,-1.15411073315885,9.287780179332692,39,censor,3.93702943189596
MESA,-0.4779725757405,54.42952117809722,103,censor,6.66666666666667
MESA,-1.0787547456409,39.935008059882335,28,death,0.92539356605065
MESA,-0.58278319001828,16.65260077967207,42,censor,7.1047227926078
MESA,-0.81663096071765,34.51810035698988,26,censor,6.85831622176591
MESA,-0.51300055012145,36.58683573465623,86,censor,6.62286105407255
MESA,0.958136535877731,100.0,36,death,1.63997262149213
MESA,-0.18735359960541,86.30516288032352,97,censor,7.6249144421629
MESA,-0.3762936749044,49.82825404505752,40,censor,5.61806981519507
MESA,0.40824323840462,85.54744983526172,21,censor,6.4394250513347
MESA,-0.39838372736995,49.76566647617208,32,censor,6.68856947296372
MESA,-0.1633137782324,59.79960347765248,51,censor,6.42299794661191
MESA,-0.14945584138219,61.665155363776556,46,censor,7.19780971937029
MESA,-0.80911555945959,15.762122592562774,141,censor,8.15605749486653
MESA,-0.0814370606361393,70.16715584598676,116,censor,7.52635181382615
MESA,0.0466409848169505,90.97447754074014,81,censor,7.50444900752909
MESA,0.0245605309728205,78.29309371928034,95,dementia,4.4435318275154
MESA,0.24569389438003,91.07138597351066,70,censor,2.86105407255305
MESA,0.134764530723611,95.09592013550012,86,censor,6.89390828199863
MESA,-0.38175105075594,64.54230992788374,67,censor,5.79055441478439
MESA,-1.20989926441579,7.110324002509306,56,censor,6.68856947296372
MESA,-0.47233720296219,46.652065264813906,50,censor,7.39493497604381
MESA,-1.52981314633754,24.804439923017572,21,censor,4.9719370294319
MESA,-0.10448616643807,52.92547608310906,57,censor,7.23066392881588
MESA,0.13421955820105,71.50506628241041,65,censor,7.21971252566735
MESA,0.18507048775282,94.18459273961425,36,censor,6.43394934976044
MESA,-0.66270613722548,38.76827784762213,36,censor,7.12662559890486
MESA,-0.59364477801566,58.16688198881678,42,death,5.09787816563997
MESA,-0.0252714624111704,82.93798096186444,99,censor,7.14579055441478
MESA,-0.40744134447565,41.02922949533106,102,censor,7.04996577686516
MESA,0.1030132001172,80.15428511909285,20,censor,6.93771389459274
MESA,0.398843264697651,98.44327026521768,12,censor,7.71252566735113
MESA,-0.54896140379726,29.744690662520895,45,censor,5.86721423682409
MESA,-0.0139416679702506,79.65863763033336,49,censor,6.32169746748802
MESA,0.654705948437859,94.98523507620251,46,censor,7.51540041067762
MESA,-0.37872541170068,36.018943126470624,96,censor,3.91786447638604
MESA,-0.35212891081851,63.297955611973165,72,censor,6.78165639972621
MESA,-0.43836333263306,74.46638388992551,26,censor,4.67898699520876
MESA,-0.0556192598543802,67.60752633082046,37,censor,7.27173169062286
MESA,-0.61615951197968,26.631351546587265,66,censor,6.97604380561259
MESA,-0.73705518474337,58.27459528072826,79,death,6.58726899383984
MESA,-0.12375719902579,76.80972073288589,59,censor,6.72416153319644
MESA,0.0643813688434193,78.2471766254446,142,censor,7.06639288158795
MESA,-0.60975026857679,10.889068993881683,33,censor,6.34633812457221
MESA,-0.77614909924249,51.93550142695277,23,censor,6.74332648870637
MESA,-0.1772997226426,69.52396620103806,72,censor,6.40109514031485
MESA,0.42509342525782,95.66015947514938,132,censor,6.89390828199863
MESA,-0.18092856816161,85.8076643662987,12,dementia,5.91649555099247
MESA,-0.481011792317091,58.68155320757706,84,censor,7.19507186858316
MESA,0.18836800007808,74.43253891198731,48,censor,6.87748117727584
MESA,-1.24565470829289,7.393000821719977,107,censor,7.19233401779603
MESA,-0.67113601745965,26.50066052188776,35,censor,6.77618069815195
MESA,-0.851751592921271,25.572740680015343,76,censor,6.39835728952772
MESA,-0.38617849967393,43.355247752121116,93,censor,6.25051334702259
MESA,-0.41481382662147,50.609175007774056,32,censor,6.75701574264203
MESA,-0.0273629678408199,88.34381505721475,21,censor,7.14579055441478
MESA,-0.85263782651319,11.901637074285162,133,censor,7.35660506502396
MESA,-1.41243976844072,13.428975837891702,85,censor,7.11019849418207
MESA,0.0060315394031903,71.72280785873807,76,censor,7.53730321697468
MESA,-0.81084446944454,23.877908573811403,55,censor,6.02874743326489
MESA,-0.95968755611857,3.5799620251704476,29,censor,6.93497604380561
MESA,-0.492662121075401,47.376672049109054,143,censor,6.39014373716632
MESA,-0.22887125866959,40.5156465699445,60,censor,7.21423682409309
MESA,-0.0752870914336498,91.85287135028888,30,censor,7.08829568788501
MESA,0.17438116205862,87.16792046334011,96,death,4.81587953456537
MESA,-0.28049030411927,68.13049547490134,78,censor,7.34017796030116
MESA,-0.25127570877926,48.77406597432858,134,censor,7.43326488706365
MESA,-0.94338565361731,25.451376031993384,77,censor,6.3025325119781
MESA,0.60280759516817,94.76246110945316,77,censor,7.44147843942505
MESA,-0.92028227728491,17.83186943949331,116,censor,6.63381245722108
MESA,-0.33566275542079,93.68401151210101,20,censor,5.58247775496235
MESA,-1.02645884972686,36.086474666300695,42,censor,6.07529089664613
MESA,-1.05753677465286,21.311574719105494,118,censor,6.18206707734428
MESA,-1.27387641543245,42.86515186832033,20,censor,7.85763175906913
MESA,-0.3571834553484,56.88409383323713,58,censor,6.81724845995893
MESA,0.5104383378367,87.34121929681264,61,censor,7.66598220396988
MESA,0.66231752880966,95.86925462931691,36,censor,7.79739904175222
MESA,0.142474319971861,74.59638273809031,135,censor,7.43600273785079
MESA,0.44554240705794,91.77750232517819,140,censor,7.66324435318275
MESA,0.77744030620371,97.43680608407485,19,dementia,5.99315537303217
MESA,-1.2109161734145,28.07956699212223,44,censor,7.91238877481177
MESA,-0.29574140135866,54.593160683309335,105,censor,7.20328542094456
MESA,-1.24461833664794,31.307859138584845,26,censor,6.72963723477071
MESA,0.0265624664229605,88.57541787456267,33,death,2.82819986310746
MESA,0.0423003159903999,61.52484579197859,57,censor,7.44695414099932
MESA,-1.09036923826793,15.618159570286629,57,censor,5.38261464750171
MESA,-0.9838013779087,14.769982181628343,64,censor,6.62286105407255
MESA,-0.48986059618946,27.52129644347965,99,censor,7.60301163586585
MESA,0.76564017500623,95.23569991515457,39,censor,6.6611909650924
MESA,-1.09483285426164,5.761437163404921,143,censor,7.20602327173169
MESA,-0.22167084353433,58.51010352004941,31,death,5.63997262149213
MESA,-0.87948913344954,57.98561083433709,52,censor,6.12731006160164
MESA,0.18764208254364,88.49814649880906,75,censor,6.6694045174538
MESA,-0.74761909365117,37.89630366600329,56,censor,6.08350444900753
MESA,-0.6603601014613,19.965048717434364,99,censor,6.17111567419576
MESA,-0.133499313970469,58.680969032634685,46,censor,7.08555783709788
MESA,-0.44040733875301,38.54224235998318,14,censor,6.39835728952772
MESA,0.305384240902799,86.96445620737971,85,censor,6.97604380561259
MESA,-1.42445595489889,30.70049144554785,20,death,4.84873374401095
MESA,-0.479471232333471,83.51864125383263,25,death,6.48323066392882
MESA,0.23882542838372,81.49024634740005,29,censor,5.15811088295688
MESA,-1.00550024876475,19.39065935067802,36,censor,6.65023956194387
MESA,0.0187830118770805,85.85529202302963,95,dementia,4.40246406570842
MESA,0.18944719675506,89.53627117950995,37,censor,7.43600273785079
MESA,-0.17394765041897,71.730178542113,61,death,4.83504449007529
MESA,-0.559882372751019,70.3978706052664,37,censor,6.33538672142368
MESA,-0.880211759608091,32.66285467766735,79,dementia,6.36550308008214
MESA,0.70481273476123,87.83896232524381,48,censor,7.66324435318275
MESA,-0.42772549869147,61.87264730903806,63,dementia,5.18001368925394
MESA,-0.33744892716759,54.34099953900235,106,death,4.54483230663929
MESA,-1.26297700976448,18.507626755850374,35,dementia,5.96577686516085
MESA,0.28504150921474,75.67277768708131,103,censor,7.21697467488022
MESA,-0.77696865876475,36.94875362504139,54,dementia,0.0136892539356605
MESA,0.25004590763935,83.29206959412917,71,death,3.4880219028063
MESA,-0.46039093701838,47.20299972864061,101,censor,7.54551676933607
MESA,-0.42714937091723,66.55855599531326,39,censor,7.38672142368241
MESA,-0.69094869832938,28.0677581478016,110,censor,6.29705681040383
MESA,0.0126446002802893,51.798971283450676,47,censor,6.47775496235455
MESA,0.36814271936724,89.94796540073956,118,censor,6.91581108829569
MESA,0.0005411649985596,94.14500968093914,15,censor,5.96303901437372
MESA,-0.791372434284921,34.94360076412674,71,dementia,6.20670773442847
MESA,-0.90984978535832,40.363112880245794,30,censor,7.54551676933607
MESA,-1.33687410504191,8.074729505745347,101,censor,7.83846680355921
MESA,-0.05607953603906,84.35124631735,42,censor,6.93223819301848
MESA,0.35954473598133,88.65818406996193,79,censor,7.15400410677618
MESA,0.75433026340043,98.63192321369672,38,censor,5.83162217659138
MESA,-1.2365888570703,7.199478325246568,87,censor,6.85831622176591
MESA,-0.18821027292758,61.58878999249373,41,censor,6.83093771389459
MESA,-0.45082465045533,36.850533296838215,80,censor,6.87474332648871
MESA,-0.0957736773150302,51.902836210269896,75,censor,7.26899383983573
MESA,-0.12201561911013,65.88536614572969,136,censor,6.61190965092402
MESA,-0.48175095761827,47.10014797183724,52,censor,7.6249144421629
MESA,-0.0283500972023503,84.78697611328063,79,censor,6.9678302532512
MESA,0.09042162817764,80.6662258706111,67,censor,6.5242984257358
MESA,0.31675197084337,86.0206582880764,46,censor,6.76522929500342
MESA,-0.78787409940138,41.36903951112499,68,censor,6.53798767967146
MESA,-0.35977271210793,68.6816751450328,97,censor,7.39767282683094
MESA,-0.4818937884218,40.8178678700581,37,censor,6.89390828199863
MESA,-0.27172636427152,80.19131536585813,48,censor,7.03080082135524
MESA,0.0384016963782699,87.9672936033794,120,dementia,6.40109514031485
MESA,-0.71474402747287,29.529971825323134,128,death,1.34154688569473
MESA,-2.08967260451642,9.726927924141636,57,censor,6.74058863791923
MESA,-0.834539462817629,31.922034064713344,113,dementia,4.61601642710472
MESA,-2.56221237891971,9.350956470787883,42,censor,7.60301163586585
MESA,0.37328698965543,88.7515224223768,28,death,5.68925393566051
MESA,-0.0469780365365395,78.18147882793386,18,censor,6.13826146475017
MESA,-1.21303350558272,23.44998651470834,31,censor,7.29911019849418
MESA,0.197420741253261,89.81384394838697,113,censor,7.31279945242984
MESA,-1.01937273333764,28.23376764736202,35,censor,7.62217659137577
MESA,-0.4425508116312,71.75540764874911,88,death,3.75906913073237
MESA,-0.75736558241953,55.013067339716756,66,censor,0.186173853524983
MESA,-0.0116709245577198,63.48408072745974,38,censor,6.25598904859685
MESA,-0.79956041294404,56.71736312859992,25,censor,6.48596851471595
MESA,-0.3656257082247,45.02661513633461,38,censor,7.07460643394935
MESA,0.66467351276696,94.17103038649506,77,censor,7.5482546201232
MESA,0.43296202254796,91.79800766864132,121,censor,7.47707049965777
MESA,-0.0629410253894299,58.885414954432285,61,censor,6.99247091033539
MESA,-0.89462956970889,39.05198995087066,60,censor,6.55441478439425
MESA,-0.08999791291224,62.080592906437786,22,censor,6.34360027378508
MESA,-0.52098142058042,36.48741162969331,54,death,6.41752224503765
MESA,-0.40065398654132,47.666723553778986,12,death,0.306639288158795
MESA,0.35086793278765,94.91608600523108,52,censor,6.362765229295
MESA,-0.64697174983808,39.5769511730143,116,censor,7.60301163586585
MESA,-0.638982911935869,54.258754546412696,116,death,1.56605065023956
MESA,-0.0301728781100096,71.48320151616625,37,censor,7.23613963039014
MESA,-0.68812769422252,28.048671245530567,58,censor,7.57837097878166
MESA,0.0056015037367401,71.58828687455632,55,censor,7.55099247091034
MESA,-1.35211356692695,12.294581145278734,69,death,3.09377138945927
MESA,0.0365263668281997,79.35202529622889,54,censor,6.49418206707734
MESA,-0.00513463635125,73.8470749365286,47,censor,5.74948665297741
MESA,0.20509059891556,96.67058871503102,19,censor,6.45037645448323
MESA,0.81991481471272,98.73380226081504,45,censor,6.24229979466119
MESA,-0.434822080941279,49.58974959976667,87,censor,7.20328542094456
MESA,0.0478331668160095,88.7389543908598,13,censor,6.26146475017112
MESA,-0.54018843310553,41.90486018040132,67,censor,6.4394250513347
MESA,-0.25506295316316,58.78195560040724,78,censor,7.71800136892539
MESA,-2.16951810703472,9.112555089254599,49,censor,7.31553730321698
MESA,0.05142670578458,73.7604973984002,52,censor,6.63928815879535
MESA,0.0755632200651696,69.50348300319757,84,censor,6.54893908281999
MESA,-1.57389314304832,6.709688311907698,97,censor,7.60027378507871
MESA,-0.27101562994381,82.16621973452672,72,censor,7.20054757015743
MESA,-0.4189796243847,63.73163755739628,64,censor,6.28336755646817
MESA,-0.35088162817215,45.03610813603578,118,death,6.63107460643395
MESA,0.59733173785024,100.0,50,death,2.42026009582478
MESA,-1.00953731179082,8.179539006462525,67,censor,6.75975359342916
MESA,-0.45441086926402,41.51656890254251,34,censor,6.04791238877481
MESA,-0.82769969923569,6.725802700185063,67,censor,7.32922655715264
MESA,0.20311710222491,68.40698852045642,43,censor,6.64750171115674
MESA,-0.41948256388733,89.20706007827161,55,death,4.52566735112936
MESA,-0.0529844853300901,71.2569438315421,99,censor,7.34839151266256
MESA,0.39577841739128,93.81687311109405,42,death,4.39972621492129
MESA,-0.17550564298487,65.36214152755632,22,censor,6.64750171115674
MESA,0.400462600841701,75.0313612814754,53,censor,6.24503764544832
MESA,-1.22685303071038,45.76979899056585,30,death,5.95482546201232
MESA,-0.615592498136419,46.49406934098275,60,censor,7.76454483230664
MESA,0.03296987083787,65.99075782228542,11,censor,5.73305954825462
MESA,-1.54973544319867,32.718073278373,13,censor,6.76522929500342
MESA,-1.1916670811664,9.202915325497225,160,censor,7.51813826146475
MESA,-1.29036022284747,22.81336573396291,22,censor,7.9315537303217
MESA,-0.52509411878952,46.58940452329923,13,censor,5.67008898015058
MESA,-1.15194477052916,23.902025328635958,32,censor,7.64134154688569
MESA,-1.08678426528792,6.617388304784971,126,censor,8.0684462696783
MESA,0.78659985142865,100.0,22,censor,7.564681724846
MESA,0.0414437707403501,73.20952692739048,136,censor,7.53730321697468
MESA,-0.65339552933918,38.20777033990422,68,censor,7.50718685831622
MESA,-1.57255456862133,8.88797913738224,67,censor,6.93497604380561
MESA,-0.625507785343601,36.33620558401298,76,censor,7.34565366187543
MESA,0.0596358308737997,65.70486062267759,75,censor,6.41752224503765
MESA,-1.06046685255746,17.543662972281357,74,censor,6.51060917180014
MESA,-0.301843821226581,57.19912782858325,140,dementia,4.46817248459959
MESA,-0.0855961695946696,62.10233675379198,142,censor,8.04654346338125
MESA,-0.27180847419985,65.85867883254548,32,censor,2.87474332648871
MESA,-0.64090229033713,48.38580622539929,28,censor,7.07186858316222
MESA,0.0555927648669694,88.99844657342962,54,dementia,4.1533196440794
MrOS,-0.24187387387329,40.67161910934005,169,death,9.61917808219178
MrOS,-0.6461604642414,8.552772699577561,127,censor,10.2821917808219
MrOS,-0.3491088595722,36.172821813361175,249,death,10.1643835616438
MrOS,0.67147499637841,94.15032104155812,637,censor,9.97808219178082
MrOS,0.0464738839643701,74.39904950351621,440,death,7.7972602739726
MrOS,-0.40937947007976,21.846679539593566,670,censor,10.7068493150685
MrOS,-0.81429579702757,12.99820972904336,876,censor,10.3753424657534
MrOS,-1.47010809561636,1.5787919899206542,739,censor,10.2438356164384
MrOS,-0.647356039584611,19.500951090554587,226,censor,10.213698630137
MrOS,-0.0978947995179794,52.821789589212074,567,death,8.43835616438356
MrOS,-0.20412385071391,52.27620154298823,843,censor,9.87671232876712
MrOS,-0.23142072153536,36.04320242989291,832,censor,11.5835616438356
MrOS,-1.31437735928853,2.9673690274591262,285,censor,10.3397260273973
MrOS,-0.304881081997149,28.68175406248169,180,dementia,1.14246575342466
MrOS,-0.17734209202074,40.63726082074495,755,censor,10.5424657534247
MrOS,-0.78650820381077,11.782840284628868,866,censor,10.4684931506849
MrOS,0.0494153365051005,66.48075258827872,266,censor,10.8356164383562
MrOS,-0.75385872280994,27.444139577262227,394,dementia,3.18630136986301
MrOS,0.32603106234737,79.36975858089134,592,death,9.21917808219178
MrOS,-0.87427364374158,9.902409998447473,197,censor,10.5068493150685
MrOS,0.176878874115231,76.69393476825452,28,censor,9.8
MrOS,-1.05626887569005,7.071204244912388,871,death,10.1287671232877
MrOS,-1.03370220727311,7.7944214159080945,609,censor,10.4109589041096
MrOS,-0.22888628801513,33.2467199162892,433,censor,10.4383561643836
MrOS,-0.12196021543282,52.132744684110584,646,death,9.56438356164383
MrOS,-0.0786584992148406,62.504292775439154,809,death,7.67397260273973
MrOS,-0.95749491247936,6.968605778110241,631,censor,9.7972602739726
MrOS,-0.43594281718654,32.82200255453887,582,censor,10.1068493150685
MrOS,-0.0432686021517497,74.44783439926515,155,censor,10.358904109589
MrOS,-0.191323545102919,56.505241080053686,618,dementia,10.372602739726
MrOS,-0.20822507374415,39.530810538872494,819,censor,9.6027397260274
MrOS,0.20809046858601,77.21964290699059,901,censor,10.2739726027397
MrOS,0.0070420297481604,68.70674108050028,167,death,4.56712328767123
MrOS,-0.40981354849209,44.671046711255215,204,censor,10.6383561643836
MrOS,-0.35660257315965,33.80339085265193,383,dementia,2.98082191780822
MrOS,-0.21731827371469,55.08172222713476,211,dementia,0.849315068493151
MrOS,-0.62960575855891,26.257492492616898,68,death,6.50958904109589
MrOS,-0.57011181441318,44.460089056958495,80,death,8.31780821917808
MrOS,-0.59073199087082,32.82328114511955,687,censor,10.4739726027397
MrOS,0.34727042688301,83.11277346937291,295,dementia,7.38356164383562
MrOS,-0.66682904446446,16.641971655521836,661,death,9.38356164383562
MrOS,0.429773205340661,90.78226880042637,73,censor,12.0383561643836
MrOS,-0.0625833929107202,59.69091529489969,512,censor,9.8986301369863
MrOS,-0.81078740640019,9.487432752005077,828,censor,10.0109589041096
MrOS,-1.0955667933328,5.55782479054931,656,censor,10.3780821917808
MrOS,-0.67884565437771,16.611343494475257,907,censor,10.4109589041096
MrOS,0.0820373161528295,69.16643697171831,901,censor,10.758904109589
MrOS,-0.591792073122549,20.389149408565082,645,dementia,7.18082191780822
MrOS,0.75194394228663,100.0,18,censor,9.95890410958904
MrOS,-0.33891960192805,33.32922811769847,690,censor,10.4082191780822
MrOS,0.5020668095419,89.2722599803111,635,censor,10.4191780821918
MrOS,-0.59009761317668,25.01608040320268,482,censor,10.5424657534247
MrOS,-0.15670382511384,47.734461559265135,571,censor,10.6219178082192
MrOS,-0.27367110661351,46.73465234317396,743,censor,10.8383561643836
MrOS,-1.34898845059138,1.8887110211524076,192,censor,9.88767123287671
MrOS,0.48723643406469,90.4051206998744,83,death,2.5013698630137
MrOS,-0.0955446924923606,63.962707735706786,304,death,2.73698630136986
MrOS,-0.72015039482259,12.959015517246986,423,censor,10.1835616438356
MrOS,-0.0321341452937304,57.5510211350818,737,censor,10.3698630136986
MrOS,-0.0167413584144597,60.51893624714428,647,censor,10.4904109589041
MrOS,0.0143559372398201,55.77321269579266,635,death,3.16712328767123
MrOS,0.293357251921179,85.67598726821889,820,dementia,3.25205479452055
MrOS,-0.59235793088052,20.205663646690073,633,censor,9.80547945205479
MrOS,-0.54907848293946,22.01801590508333,901,death,3.54246575342466
MrOS,0.66161799394573,95.49338075612046,779,death,11.7506849315069
MrOS,-0.136533523092361,50.63756333363894,935,censor,10.5972602739726
MrOS,-0.98622287221719,10.70637178099258,227,censor,10.3041095890411
MrOS,-0.609113085969589,15.021059713146222,493,censor,10.2602739726027
MrOS,-0.11153388199554,57.4520634950226,332,censor,10.2
MrOS,-0.498582424860049,21.940358187406428,686,censor,10.5068493150685
MrOS,-0.28377043049711,25.64549875825143,499,censor,10.6465753424658
MrOS,-0.3093716625471,29.162623626076773,706,dementia,2.62739726027397
MrOS,-0.26801922726949,43.24238388487067,121,censor,10.8575342465753
MrOS,0.19233663364713,69.84943115435178,404,censor,11.7917808219178
MrOS,0.306410104246081,75.15296033059802,571,censor,10.213698630137
MrOS,0.599865073580951,94.09702761467383,755,censor,10.8547945205479
MrOS,-0.14070854144212,50.48594743310249,748,censor,10.6054794520548
MrOS,-0.370882966029011,39.80092364636143,796,censor,10.7178082191781
MrOS,-0.6034181698502,13.34790452181837,612,death,5.79178082191781
MrOS,-0.940809659988809,8.139779420655278,875,censor,9.75890410958904
MrOS,-1.19784938157939,25.991874449138642,24,dementia,6.71232876712329
MrOS,-0.688026607344359,18.16521280544547,663,censor,10.1260273972603
MrOS,0.24469861544811,80.25751042533848,23,dementia,10.372602739726
MrOS,-0.191831594399061,37.92732748017306,565,censor,10.5068493150685
MrOS,-1.52154983767363,2.6756595307680335,736,dementia,10.4520547945205
MrOS,0.14285266229024,64.5380039244131,555,censor,10.8109589041096
MrOS,-0.56380322389906,26.915442238980436,12,dementia,3.47123287671233
MrOS,-0.52441057810295,61.12409826544545,19,censor,6.34794520547945
MrOS,0.448766940721571,95.39748096939189,761,death,5.91232876712329
MrOS,-1.47193784528195,20.24552394069689,28,censor,10.1452054794521
MrOS,0.47503527523203,91.71325355893332,837,dementia,10.4739726027397
MrOS,0.07073769854792,95.71659756664495,12,dementia,6.25753424657534
MrOS,0.26351148945827,78.97617350226858,544,censor,11.6191780821918
MrOS,-0.80351722143256,8.77718039342593,382,censor,10.5616438356164
MrOS,-0.33180500487919,36.167663679126555,799,censor,11.1397260273973
MrOS,-0.498078079831539,27.79731479742559,765,death,8.2
MrOS,0.0015418079952695,51.308306698097695,537,censor,9.6958904109589
MrOS,0.217942943043769,79.15341427547197,835,dementia,3.21369863013699
MrOS,-0.30809162956502,50.433336905813256,16,censor,11.2328767123288
MrOS,-1.13500196156671,5.238842387890745,796,death,5.54246575342466
MrOS,0.486244548187079,97.2727226087993,661,death,7.18904109589041
MrOS,-0.695941565967929,16.308315760201825,804,death,9.17260273972603
MrOS,-0.732437898100901,13.943504672061628,501,censor,9.92602739726027
MrOS,-0.73980062469931,10.508912404152793,206,dementia,10.972602739726
MrOS,-1.24373964165176,3.3728093647320816,245,death,4.67123287671233
MrOS,-0.26024293185624,46.07859452548356,732,censor,9.94794520547945
MrOS,-0.58868057241154,17.038916178508092,11,death,3.23561643835616
MrOS,-0.34015337461823,29.318072772974105,528,censor,10.2630136986301
MrOS,-0.78702648391121,12.279174134617548,927,censor,10.1972602739726
MrOS,0.0305841853854801,66.76940893685274,891,censor,10.6657534246575
MrOS,-1.10876961996999,4.643869492416487,931,censor,10.6602739726027
MrOS,0.33288472280197,82.79206138836234,816,censor,10.0520547945205
MrOS,-0.234394730219999,38.77399864659545,877,death,9.00547945205479
MrOS,-0.68111789137462,13.523053040473126,735,censor,10.1917808219178
MrOS,-0.11353177003645,46.17022793854496,187,censor,9.96712328767123
MrOS,-0.12388390891919,50.422456351155226,236,censor,9.95068493150685
MrOS,-0.84911378407016,9.655159624278427,395,death,4.12602739726027
MrOS,0.32659237250292,80.03148947912736,187,censor,10.7232876712329
MrOS,-0.0609947386132305,52.011831032596305,193,dementia,2.81095890410959
MrOS,-0.17220894075688,49.82825784554918,147,censor,10.2712328767123
MrOS,-0.715532791425041,10.225740828582968,132,death,6.4986301369863
MrOS,0.473673077948111,86.20892575703805,186,death,5.43013698630137
MrOS,-0.47027532255827,28.643363856580535,850,dementia,10.3150684931507
MrOS,-0.98161639424165,8.102496799473025,847,censor,11.158904109589
MrOS,-0.73440754965371,16.947538161169835,688,censor,10.7205479452055
MrOS,0.12351694582412,66.61243366303565,22,death,6.95616438356164
MrOS,-1.14052986913281,4.308335512982644,754,dementia,1.7013698630137
MrOS,0.246160105436,79.26305386303252,884,dementia,3.32328767123288
MrOS,-0.260706964593049,46.02962193235988,292,censor,10.3424657534247
MrOS,-0.64180439630324,18.76390815479084,189,dementia,10.3150684931507
MrOS,-0.182346481507849,44.51335894544355,787,censor,10.4356164383562
MrOS,-0.90011451811971,8.949744536735212,253,death,8.64109589041096
MrOS,0.0814033410418404,71.40787447321723,310,censor,3.58356164383562
MrOS,0.0565518407891602,70.3028565246926,630,dementia,11.958904109589
MrOS,-0.933438068419581,8.153408114776912,903,censor,9.95068493150685
MrOS,-0.29539461867995,31.465854530670896,497,dementia,6.95890410958904
MrOS,-0.50564919144754,26.160218974691993,239,censor,3.63835616438356
MrOS,0.2912753912719,87.55615273231912,817,death,8.50958904109589
MrOS,-0.244981463980881,53.40104579675387,214,censor,6.92054794520548
MrOS,0.0457262025046902,59.606455812668266,169,dementia,10.7972602739726
MrOS,0.13475799309186,76.03247935718852,770,censor,1.24657534246575
MrOS,0.32018680475922,84.96318296268504,428,censor,3.97260273972603
MrOS,-0.553747588213611,28.33029652532314,741,censor,9.93698630136986
MrOS,-1.00779073633252,6.646494582951715,935,censor,10.3534246575342
MrOS,-0.5819057833682,19.810513933768007,868,censor,10.1561643835616
MrOS,-0.105474467285291,46.112835608200854,644,censor,10.9561643835616
MrOS,-0.530423364225371,16.69224298670845,575,death,11.0054794520548
MrOS,-0.35877571284749,36.7394700054824,528,censor,10.9479452054795
MrOS,0.0910354016480397,69.1518123898819,666,censor,10.8356164383562
MrOS,0.92827117872919,99.05055211546913,162,censor,11.1424657534247
MrOS,-0.233082038231591,45.43266208139473,381,censor,10.6630136986301
MrOS,-1.16616918574348,5.630769185279887,772,death,11.5479452054795
MrOS,0.20187290706226,70.08281831558048,478,censor,10.8575342465753
MrOS,0.8035349316674,97.99122516128787,806,censor,10.5095890410959
MrOS,-0.7831080885217,12.820299767804489,926,censor,10.3095890410959
MrOS,-0.79728527729243,12.026744577439782,723,death,8.51506849315068
MrOS,-0.12323245686125,57.96414176274543,481,death,8.26849315068493
MrOS,-0.706408407616099,14.245965017010791,460,censor,10.4109589041096
MrOS,-0.189068038386699,40.70697650226831,558,censor,10.5123287671233
MrOS,-0.94313913692713,5.159082381512855,228,censor,10.8493150684932
MrOS,0.0054823610614704,58.405145998457904,197,censor,10.2
MrOS,-0.0810729222433096,54.294047038964464,332,death,8.98356164383562
MrOS,0.0238672628278493,56.606140466883275,589,censor,11.1452054794521
MrOS,0.65912644085245,95.22080828104893,425,dementia,1.11232876712329
MrOS,-0.29972927947277,28.011644402153166,19,censor,10.4794520547945
MrOS,-0.0428274786378793,55.78344073027214,197,censor,10.9095890410959
MrOS,-0.391513096394481,28.127289852206182,813,censor,10.4383561643836
MrOS,0.0275712282950096,62.46157102625749,784,censor,10.2191780821918
MrOS,0.16752929573459,68.74461752821776,647,dementia,11.9945205479452
MrOS,0.0719014154943494,67.47810984758668,491,dementia,2.71506849315068
MrOS,0.773164336734879,99.85404908042126,678,censor,11.1205479452055
MrOS,0.421116344234061,81.48445285206387,187,censor,10.1287671232877
MrOS,-1.01095603223697,7.965253827327329,738,death,8.40821917808219
MrOS,-1.12744665919598,4.411200973118037,903,censor,10.4356164383562
MrOS,-0.246809763137649,34.70495420171777,644,death,10.7780821917808
MrOS,-0.706581621509341,11.654717766850773,228,dementia,4.01095890410959
MrOS,-0.127042611321809,65.832648760145,25,censor,11.1972602739726
MrOS,0.16873895181313,70.06490050517351,194,dementia,6.41095890410959
MrOS,-0.317990850100971,58.66862264447857,501,death,5.81369863013699
MrOS,0.27679661882878,95.50738728531805,11,censor,10.5342465753425
MrOS,-0.78613874346605,21.630941855739913,441,death,10.0547945205479
MrOS,-0.286654965547361,52.290039416575574,25,death,3.48767123287671
MrOS,-0.57284586488953,14.42456483445748,168,censor,6.8
MrOS,-0.333516925463741,33.97371252149651,914,censor,10.1890410958904
MrOS,0.0363537866150295,73.85524785103556,203,death,11.5671232876712
MrOS,0.3708892727614,77.41502227064893,164,censor,10.6630136986301
MrOS,-0.0549092364747096,70.47263744753882,657,censor,11.358904109589
MrOS,0.20545976285875,78.46660529368097,239,censor,10.7397260273973
MrOS,0.672236732104589,96.07691953366344,836,censor,10.4328767123288
MrOS,-0.374801809820509,34.00563385946449,218,death,10.5780821917808
MrOS,-0.6266324840238,13.811074008628108,568,censor,11.0438356164384
MrOS,-0.20251286808609,40.05984967320398,665,censor,10.2931506849315
MrOS,0.308389954438979,80.46200930257847,584,dementia,3.05205479452055
MrOS,-1.71166692439405,9.64428801279719,30,dementia,0.695890410958904
MrOS,0.0621308216026904,70.40751842903973,211,censor,10.186301369863
MrOS,0.467666014487379,83.64614547082395,172,censor,10.6438356164384
MrOS,-0.80117085815418,12.603564997220424,237,death,9.33972602739726
MrOS,0.4137039871851,85.56503788699247,143,censor,3.63287671232877
MrOS,-0.0610498697671105,76.04380970597686,240,death,1.92602739726027
MrOS,-0.46357848800088,37.77742075888122,615,censor,11.2328767123288
MrOS,0.0425953133562601,96.43081424621005,15,censor,10.3315068493151
MrOS,-0.46427411246605,31.05894694175257,24,censor,10.7397260273973
MrOS,0.55052339289503,92.69403904179036,559,censor,10.4520547945205
MrOS,0.518730326016041,91.80154682836731,471,censor,10.6191780821918
MrOS,0.116854672078099,76.42601220386399,20,dementia,3.2958904109589
MrOS,0.270639735316669,75.0296488811621,666,censor,10.4191780821918
MrOS,0.38040859793721,89.4232987392794,829,censor,10.8438356164384
MrOS,-0.11181995694804,55.13036282216571,230,death,5.75342465753425
MrOS,0.0911266756601293,65.72787105227803,138,censor,10.3178082191781
MrOS,-0.60032709205372,17.461212075744434,630,death,10.6630136986301
MrOS,0.37549284957344,76.66988370988662,107,censor,10.572602739726
MrOS,-0.42603207469287,33.419694636798425,423,censor,10.9013698630137
MrOS,-1.55393900038017,2.4570942936259423,97,dementia,3.19178082191781
MrOS,0.54839242268409,94.75095254368011,347,censor,10.8383561643836
MrOS,0.340822912610091,95.73786519871733,24,censor,10.2986301369863
MrOS,-0.0839945468370402,43.07458017454193,373,censor,10.8356164383562
MrOS,0.0008807092447696,59.25977101900112,702,censor,6.71506849315069
MrOS,-0.245104653124881,33.867140532528424,333,death,4.56438356164384
MrOS,-0.84361891975043,11.796570193022104,242,censor,10.3369863013699
MrOS,-0.53060877824189,30.14250879032347,194,dementia,3.32054794520548
MrOS,0.32212662985709,83.48558123707275,547,censor,10.386301369863
MrOS,-0.1930305212021,38.311652331261435,768,censor,10.7917808219178
MrOS,0.1098719895868,65.36044133006635,646,censor,10.2986301369863
MrOS,1.05546097375883,99.89266411171613,237,dementia,7.07671232876712
MrOS,0.0507305437678994,66.59366565388785,464,censor,11.2
MrOS,-0.21053476508976,43.41102989995403,851,censor,11.0082191780822
MrOS,-1.28501757213306,3.283244647026475,495,dementia,10.6630136986301
MrOS,-0.23326401106529,54.23107921177851,340,censor,11.8438356164384
MrOS,-0.85941266662996,31.937638493146114,129,death,2.81095890410959
MrOS,-0.8932346121386,8.934473540150844,713,censor,10.4356164383562
MrOS,0.15677324145183,66.92189108922508,105,censor,11.5479452054795
MrOS,-1.26926609273184,2.207554565058574,760,death,10.9506849315068
MrOS,0.10240987245667,74.8802831334213,692,death,1.59178082191781
MrOS,0.676226523237879,86.54833374014613,50,death,4.2958904109589
MrOS,-1.19476375475519,2.4324454770469006,651,censor,11.6465753424658
MrOS,-0.33570855967389,37.2877518298187,611,censor,11.0904109589041
MrOS,-0.30117517924685,40.374726511925324,952,censor,10.8
MrOS,0.0899142412899593,67.44661930613746,548,dementia,0.947945205479452
MrOS,0.0501961032605294,60.10496613820293,652,death,7.11232876712329
MrOS,-0.0597770862256397,58.93110499097999,11,censor,11.8712328767123
MrOS,-0.202546092887199,55.34247757532907,66,censor,10.7452054794521
MrOS,-1.28311329485112,3.890294344882815,569,censor,10.3972602739726
MrOS,-0.21651654593182,43.22114656813703,761,censor,10.6054794520548
MrOS,-0.12148779390042,42.43768030978883,155,censor,10.9342465753425
MrOS,-2.2353327544702,0.0,327,death,5.75068493150685
MrOS,-0.1200812993905,51.3157426402079,620,censor,10.5616438356164
MrOS,-0.36020221519784,43.10386449442739,556,censor,10.7287671232877
MrOS,0.61922904710206,93.32919916406445,486,censor,10.7424657534247
MrOS,-0.55836703005691,22.237314901987936,845,censor,11.2575342465753
MrOS,-0.41358099704992,43.05240792331275,17,dementia,3.81643835616438
MrOS,-0.30672569970726,35.827961861789014,747,dementia,6.33698630136986
MrOS,-0.0436919199113305,56.15620717731549,391,dementia,6.63561643835616
MrOS,-0.66131638167594,17.63428071193503,909,dementia,3.71506849315068
MrOS,0.58043643428316,94.73586282670925,739,dementia,3.46575342465753
MrOS,0.21783813953097,81.4598150743622,900,death,11.4219178082192
MrOS,-0.16660801932461,61.78361113581129,12,death,7.77260273972603
MrOS,-0.35228520251603,25.416208623632745,126,death,6.08493150684932
MrOS,-0.12105074128801,43.321043188535235,546,death,8.22191780821918
MrOS,0.45966547546325,89.67376982935153,700,censor,10.9534246575342
MrOS,-0.602726461715829,16.698682740834396,209,dementia,7.0958904109589
MrOS,-0.64597182003604,23.378355647326927,753,censor,11.6191780821918
MrOS,0.2915194808981,71.55926068631076,156,death,1.86849315068493
MrOS,-0.104284982115389,72.92622488955224,16,death,3.86301369863014
MrOS,-0.0040416657727405,52.76516792159159,320,dementia,11.158904109589
MrOS,-0.3696178669519,39.750670712795916,570,censor,10.9917808219178
MrOS,0.367936587881459,91.96359240206955,715,censor,11.1260273972603
MrOS,-0.0335760741448993,69.53259197053877,227,death,11.241095890411
MrOS,-0.12571534660493,51.29538057769647,839,death,6.74794520547945
MrOS,-0.84123499199797,8.985709905888418,694,dementia,0.652054794520548
MrOS,-0.252646817339161,47.38048929271505,129,dementia,3.64383561643836
MrOS,-1.00777220090586,6.9434778415503375,870,censor,11.2821917808219
MrOS,-0.852697743521141,14.014369784375752,675,death,7.4958904109589
MrOS,0.0829555465929403,70.22947476083198,25,censor,11.2246575342466
MrOS,-0.12528684826418,65.62762772072169,578,death,4.15890410958904
MrOS,-0.68442542809177,17.444859485277384,747,death,2.06301369863014
MrOS,-1.06684922339809,6.933595283530339,722,censor,11.3369863013699
MrOS,0.746524633060029,97.3069702774874,825,censor,10.4904109589041
MrOS,0.19180892003164,82.01316389988143,143,dementia,6.49041095890411
MrOS,-0.0617757415873797,62.89688249319891,916,censor,11.6794520547945
MrOS,0.10997171609973,70.08017554694561,209,dementia,3.58904109589041
MrOS,-0.531697109375349,24.629517838250987,730,censor,11.6986301369863
MrOS,-0.58957910888967,28.118407681827573,164,censor,4.39178082191781
MrOS,-1.07517355229051,4.786469913855546,874,death,6.63013698630137
MrOS,0.19414560295356,69.27476328941997,655,censor,11.0657534246575
MrOS,0.06553012968416,56.27075480870626,94,dementia,7.42191780821918
MrOS,-0.73263892781323,27.1120728668575,373,censor,10.5698630136986
MrOS,0.318751097635641,81.46348950053122,824,censor,11.0219178082192
MrOS,0.5323367538214,95.05473728438254,621,death,8.58356164383562
MrOS,-1.17811046935536,1.8675725619941914,119,dementia,0.978082191780822
MrOS,0.12934802852164,72.75706584320095,527,censor,11.1397260273973
MrOS,-0.9125510282004,12.716815412755954,121,death,5.23287671232877
MrOS,0.0726787331979395,77.9088184022697,537,death,6.86849315068493
MrOS,0.22974997232961,82.08432392750021,231,death,9.73698630136986
MrOS,-0.664827026863421,26.263876302585384,570,death,4.06027397260274
MrOS,0.11751576691957,83.65303619575366,798,death,8.55342465753425
MrOS,-0.60881463379827,14.496358732060093,560,censor,11.4027397260274
MrOS,0.0840394592158503,66.59829282691274,63,censor,10.7369863013699
MrOS,0.102137577111699,83.7129371928842,407,censor,11.1041095890411
MrOS,-0.6123841507945,22.241634120470184,242,death,4.4986301369863
MrOS,-1.07555215920396,3.7162372224190676,677,censor,10.5178082191781
MrOS,1.459134500128,100.0,12,censor,10.7890410958904
MrOS,-0.0660292456882601,63.75815767760908,652,censor,10.8191780821918
MrOS,-0.24413203847905,37.957822725718565,141,censor,11.8054794520548
MrOS,-0.71952361743827,20.981176189192738,817,death,5.13972602739726
MrOS,-0.340799292269359,55.14212660597897,213,death,3.45479452054795
MrOS,-0.47315147839472,30.070383804747927,562,censor,10.8602739726027
MrOS,-0.35998227154568,28.85055176946118,221,dementia,7.61095890410959
MrOS,-0.392569361207011,47.67565331046356,486,death,11.186301369863
MrOS,-1.16521219371597,6.389772065677065,107,death,11.5643835616438
MrOS,-0.79240969349774,17.002476645600673,214,censor,11.0328767123288
MrOS,0.20169628603276,79.78871511666792,941,death,8.85479452054794
MrOS,0.644684423906099,92.89587720669635,390,censor,10.8
MrOS,-0.9606568495255,10.07417127927385,502,dementia,10.8931506849315
MrOS,0.13269215527361,55.50608575200326,236,censor,10.7780821917808
MrOS,-1.09359207331207,3.9929881854442875,832,censor,10.5479452054795
MrOS,-0.53609691052505,31.266070664621424,623,dementia,4.6986301369863
MrOS,-0.746531001050479,22.071335257042616,696,death,9.15342465753425
MrOS,-0.14229095895202,61.193377479076304,506,censor,11.9260273972603
MrOS,0.0210637552548206,79.20697241959256,376,dementia,3.80547945205479
MrOS,0.52701172976721,94.96119701331695,213,death,8.86575342465753
MrOS,-0.64182999244684,10.620295887771318,327,death,5.6986301369863
MrOS,-0.50435570529813,31.125434405574804,345,death,2.26027397260274
MrOS,-0.100258614153771,45.6503649093798,715,censor,4.44657534246575
MrOS,-0.56546319205917,18.306093758673878,215,censor,7.04657534246575
MrOS,0.13754512373813,65.13321692240994,446,censor,11.4328767123288
MrOS,-0.58150490679166,19.115690921459322,428,death,5.43561643835616
MrOS,-0.20235052180772,33.4152377159867,543,death,12.2438356164384
MrOS,0.30832800229702,81.14860150472086,820,censor,11.1808219178082
MrOS,-0.590015432981561,22.389973335948543,820,dementia,1.26301369863014
MrOS,0.0227993463502003,68.09303913014243,643,censor,11.2986301369863
MrOS,0.28213254610005,83.45507131857627,921,censor,11.1205479452055
MrOS,0.209174693828351,83.02097935757797,366,death,6.08219178082192
MrOS,0.0501636446854803,67.1351075872763,200,dementia,6.87397260273973
MrOS,0.0137862958689595,71.8319059713082,106,dementia,1.41095890410959
MrOS,-0.233867149065161,60.30584688352025,349,death,5.66301369863014
MrOS,-1.25449069882261,5.5421157737338165,304,death,9.87123287671233
MrOS,-1.07526803804015,4.311335088615041,760,death,9.03013698630137
MrOS,-0.312217784296,38.57899030220031,676,censor,11.4547945205479
MrOS,-0.790636893354881,28.967909501419577,138,death,7.16164383561644
MrOS,-0.17185165934237,54.10246877613365,619,death,7.23013698630137
MrOS,0.180939199728491,76.63961904089444,149,censor,7.15616438356164
MrOS,0.22588494277103,70.98812005471834,603,dementia,1.43835616438356
MrOS,0.32626408435377,89.18767517727025,593,censor,10.8328767123288
MrOS,-0.32203530269078,63.64641728660759,330,death,5.86575342465753
MrOS,-1.48850322220533,9.147273772104448,91,dementia,3.63835616438356
MrOS,-0.50906511811295,28.888618122160764,204,dementia,3.45753424657534
MrOS,0.0133408967910697,74.40666045128035,210,dementia,4.28219178082192
MrOS,0.12061600801657,71.93381171712193,507,censor,11.2164383561644
MrOS,-0.29645048066406,39.18008656289219,416,censor,10.7013698630137
MrOS,0.252037928443271,86.84767909071732,746,dementia,0.843835616438356
MrOS,-0.406534931084541,25.91284046043163,516,censor,11.4109589041096
MrOS,0.12702600466469,77.06995777124632,801,censor,11.5424657534247
MrOS,0.37327114968584,80.76266930646297,579,censor,11.0054794520548
MrOS,0.23522321401165,77.04555958570164,341,censor,11.4712328767123
MrOS,-0.01298908327188,64.67781658247895,572,censor,11.4356164383562
MrOS,0.11711338490483,78.19278278476948,725,death,11.8246575342466
MrOS,0.0092367435908599,61.7062251185298,521,dementia,1.52054794520548
MrOS,-0.0707586428716894,53.46200151568919,231,censor,11.0958904109589
MrOS,-1.23369657098374,5.525906089927793,570,censor,11.5534246575342
MrOS,-0.11748282940685,69.93579227181742,453,death,10.1506849315068
MrOS,-0.43460733422788,47.602969031686364,417,death,5.64931506849315
MrOS,-0.644443300185431,20.882791655660686,700,censor,11.1835616438356
MrOS,-0.622011593576499,22.308552459796346,773,death,5.02191780821918
MrOS,0.21655594100465,76.39253991354013,803,censor,11.2
MrOS,-1.39640617058957,6.1115546842337904,112,death,5.47397260273973
MrOS,-0.98769143880459,8.352707429765834,516,death,5.78904109589041
MrOS,-0.0351720012556299,69.08959904411905,237,censor,3.70684931506849
MrOS,-0.363354631294141,44.14929888822947,696,death,1.82465753424658
MrOS,0.67634996779243,84.10506977389912,19,dementia,3.94794520547945
MrOS,-0.829583938379849,8.511630993817679,710,death,9.83013698630137
MrOS,-0.55876307806048,23.652188588887768,712,dementia,3.41917808219178
MrOS,-1.66234849934877,2.2628544487095072,459,censor,11.1616438356164
MrOS,0.0665827177276199,70.06142878309497,243,dementia,4.28767123287671
MrOS,0.53116824166313,92.26295725699673,779,death,8.28767123287671
MrOS,0.600630242897731,92.71854960172057,519,censor,11.5287671232877
MrOS,-0.46450550286571,20.853096828986217,607,censor,11.6684931506849
MrOS,0.13526671381389,76.52848377673452,687,death,8.39452054794521
MrOS,-0.89493754875239,15.334201893056457,529,death,10.4547945205479
MrOS,0.490412717025031,92.49277471826994,790,censor,11.2821917808219
MrOS,-0.67243575791143,32.94319693629449,318,censor,10.8904109589041
MrOS,-1.05715313804577,6.863387772393863,665,death,2.29041095890411
MrOS,-2.04902378172093,0.0,125,death,8.75616438356164
MrOS,-0.81909667418636,13.404704850452145,872,censor,11.6602739726027
MrOS,-0.20702405355804,45.08075041001564,151,censor,11.4191780821918
MrOS,0.477748911264101,80.76643950031102,24,censor,6.98904109589041
MrOS,0.39556450635917,88.97495043090603,156,death,6.90958904109589
MrOS,-1.64404692643844,1.0511802680927562,715,censor,11.5287671232877
MrOS,0.33098103190237,61.89691877211705,106,censor,10.9095890410959
MrOS,0.523446869399341,89.89454707343258,225,censor,10.8684931506849
MrOS,-0.0825094864591406,47.87254557939468,229,censor,6.92328767123288
MrOS,-0.92753717203178,6.804868622348939,239,censor,11.6821917808219
MrOS,-1.19496825769841,7.642121906243046,73,censor,12.2712328767123
MrOS,-0.78595422467436,18.794613438045435,24,censor,7.69041095890411
MrOS,1.01776051760564,100.0,27,censor,6.26027397260274
MrOS,0.51588557678588,93.21907845063095,194,censor,4.31232876712329
MrOS,-0.0048764829407204,59.4545481800372,222,death,5.09041095890411
MrOS,-0.83920507955377,7.238777480546412,527,censor,3.62739726027397
MrOS,0.0389574424094306,69.24574852249833,87,death,8.5013698630137
MrOS,-0.50125646767484,34.8922248727432,808,censor,11.6191780821918
MrOS,-0.0701709195764295,52.731023522212304,838,censor,10.9013698630137
MrOS,-0.36981178312308,42.54740338183847,233,death,9.42465753424658
MrOS,-0.82371450996459,12.582019904856491,664,death,3.82465753424658
MrOS,-0.71339311659752,31.897377634132173,391,censor,11.1972602739726
MrOS,0.26009560375968,73.69687155571653,134,censor,11.4958904109589
MrOS,0.133902898997729,75.90884774179388,217,death,9.56712328767123
MrOS,-0.64132290799065,21.067079614666564,229,censor,11.2575342465753
MrOS,-0.78493695448726,11.032183016447002,214,dementia,1.9041095890411
MrOS,0.18318556107688,79.02845118497208,747,death,4.91506849315068
MrOS,-0.53470712410632,37.59114109709392,575,censor,11.4904109589041
MrOS,-1.18982215615976,11.174680343199107,318,dementia,4.3041095890411
MrOS,0.32817322480639,68.10648544428012,19,dementia,11.3123287671233
MrOS,-0.74613438455719,11.006285780794903,483,censor,11.3835616438356
MrOS,0.30440089130103,84.39439025419183,228,censor,10.5260273972603
MrOS,-1.52772511482312,1.7918671659458534,794,dementia,3.32054794520548
MrOS,0.31710736846631,63.5879157542391,94,dementia,4.13972602739726
MrOS,-0.770389067175439,12.576510882272087,204,censor,10.9315068493151
MrOS,0.01116635070303,56.83381694806908,741,censor,11.0630136986301
MrOS,0.51216916461081,92.95315700163802,346,censor,10.5369863013699
MrOS,-0.73153911596533,14.213596776018134,158,censor,10.7260273972603
MrOS,-0.100916430900109,49.444278216798374,852,censor,10.4164383561644
MrOS,-0.6080231465881,36.24744374429567,277,death,4.53972602739726
MrOS,0.13195582098984,68.8741650952417,121,censor,10.4109589041096
MrOS,-0.383659505050331,43.99552018882303,108,censor,11.0438356164384
MrOS,0.442352591095769,88.06705462440381,507,censor,10.2438356164384
MrOS,-1.59142023006349,1.9380895115693053,510,dementia,0.917808219178082
MrOS,0.0120801344005599,57.98544043080685,738,censor,10.586301369863
MrOS,-0.583028676679371,19.796613285334274,602,censor,10.3369863013699
MrOS,-0.0091764145731502,60.899951607509365,897,death,8.41369863013699
MrOS,0.22126331394973,70.66033964997567,149,censor,6.67945205479452
MrOS,-0.138553099469181,63.777497772533344,754,censor,11.2328767123288
MrOS,-0.64389694870236,19.25116601365695,242,dementia,2.89041095890411
MrOS,-0.297702540637481,45.89961412658165,871,dementia,11.1835616438356
MrOS,-0.7083041928334,14.626097503006086,252,death,3.29041095890411
MrOS,-0.5576807762836,30.460220444141765,567,death,8.89041095890411
MrOS,-0.0704328139665805,54.41505784288044,713,censor,11.3342465753425
MrOS,-0.210576121713579,59.94013860648426,563,censor,10.4465753424658
MrOS,-0.397181503210589,26.368788566745422,518,censor,10.4493150684932
MrOS,-0.55477264014241,27.788347288736208,655,death,9.26849315068493
MrOS,0.05701327780273,74.49908441482475,841,censor,10.5068493150685
MrOS,-0.17273781576005,54.303238703896206,211,death,8.56438356164383
MrOS,-1.20546986247754,2.6198933023101687,824,censor,10.8054794520548
MrOS,0.0016031971132193,84.35085430290664,147,death,2.81643835616438
MrOS,0.0096100913060695,59.170081699538116,205,censor,10.5260273972603
MrOS,-0.0341499474281605,61.38810586435551,378,censor,10.8876712328767
MrOS,-0.0921215788827894,69.58141775025248,664,death,6.97260273972603
MrOS,-0.825773904750351,17.8320727044655,643,dementia,4.24383561643836
MrOS,0.0687066715689397,82.19282444976717,207,censor,11.5616438356164
MrOS,0.32659492979471,89.39491627489946,888,censor,10.7506849315069
MrOS,0.18522196873467,76.26037266417634,256,death,11.1232876712329
MrOS,-0.83841193615689,8.209337800997863,726,censor,10.6164383561644
MrOS,-2.62999957530915,0.6851613181134897,709,censor,9.66575342465753
MrOS,-0.26873672442137,59.22556512703295,573,dementia,4.58356164383562
MrOS,-0.54079562980078,26.529084117931717,483,censor,9.93972602739726
MrOS,-0.53429049797584,41.32827116774807,354,dementia,11.1808219178082
MrOS,0.22040774529966,79.15896600488483,623,death,7.38082191780822
MrOS,-0.25381525821189,38.401953317733664,856,censor,10.9095890410959
MrOS,0.14045405184433,67.8226906849999,685,death,3.78082191780822
MrOS,0.06685330836291,76.69254394242274,751,death,7.21095890410959
MrOS,-0.4322437397043,53.97564818751761,330,death,11.227397260274
MrOS,-0.44310057849072,32.77944209899314,122,dementia,1.94794520547945
MrOS,-0.0889697528737599,48.733766687739255,626,censor,10.6219178082192
MrOS,-0.31920473087101,59.5127349610186,143,dementia,12.2164383561644
MrOS,-0.57033566711515,17.882095239764578,605,censor,9.76164383561644
MrOS,-0.95193161214409,14.141053025952969,156,death,8.95342465753425
MrOS,-0.1646276096159,43.637156273764866,614,censor,10.8191780821918
MrOS,0.258344622750219,79.94415362168282,888,dementia,11.9808219178082
MrOS,-0.0910747501434599,54.1102404481043,802,censor,11.1397260273973
MrOS,0.36530217830893,89.11700663934988,898,death,10.4684931506849
MrOS,-0.94125678292192,6.876700776097997,336,censor,11.0054794520548
MrOS,-0.30754459300323,43.27118572548912,324,death,6.92328767123288
MrOS,-0.545886960622509,30.321596129305,146,dementia,0.961643835616438
MrOS,-1.21191965362039,0.0,53,death,3.84109589041096
MrOS,0.38695465730876,93.16360293961591,681,censor,10.8986301369863
MrOS,0.0656104299980996,69.91888099165881,771,censor,12.1534246575342
MrOS,0.14811381344702,76.32598681747133,310,censor,3.41643835616438
MrOS,-0.57051335544712,16.591716207253416,387,censor,11.386301369863
MrOS,0.560604656980431,90.81856552667513,469,censor,11.2794520547945
MrOS,-0.0817559721796897,64.18515498656497,161,censor,10.7616438356164
MrOS,0.238380780288681,82.32106959223955,195,death,8.71232876712329
MrOS,-0.17281379172652,52.85619204186174,704,dementia,1.0
MrOS,-0.0069507544172594,63.62056287532764,199,censor,9.83287671232877
MrOS,0.32576368715829,88.73108557991341,704,dementia,0.901369863013699
MrOS,-0.57719781216647,30.889796682885333,712,censor,11.9890410958904
MrOS,-0.0590176662604705,56.63172753388086,742,censor,10.7917808219178
MrOS,-0.31775703369136,43.454242513618965,496,death,9.63013698630137
MrOS,-0.86842911747031,17.07598862968396,304,death,9.67123287671233
MrOS,-0.10229245427623,57.93868694722978,412,censor,11.8246575342466
MrOS,-0.74879520996428,13.911970715871355,857,censor,11.186301369863
MrOS,-0.0284728703510297,68.83528684181685,177,death,7.94794520547945
MrOS,-0.74454160598786,10.564997035430991,454,death,8.22465753424657
MrOS,-0.44981866615707,30.743498744624254,842,death,6.25479452054795
MrOS,-0.31143774579231,37.390840225122936,422,censor,11.2027397260274
MrOS,-0.895146475562311,12.92862600507875,178,dementia,2.93698630136986
MrOS,-0.708896838466291,24.176307439414693,600,death,9.5972602739726
MrOS,-0.0070209775288503,63.298963803366505,886,death,9.91780821917808
MrOS,-0.462656418990279,35.63902626087767,222,censor,11.3315068493151
MrOS,-0.91420485405741,12.41503289059381,605,death,11.2657534246575
MrOS,-0.647027273768791,17.845161241813802,895,death,9.31506849315068
MrOS,0.59890315241568,94.3441772303289,613,dementia,2.04931506849315
MrOS,-0.14744507333085,39.23158527839,615,censor,11.5205479452055
MrOS,-0.43778137235272,24.397721399716783,242,censor,10.5698630136986
MrOS,0.388795866773479,89.91305984418771,548,death,8.09041095890411
MrOS,0.38998029467959,90.09241998879224,909,censor,10.9287671232877
MrOS,0.380377591876341,90.83967226805929,641,death,11.6876712328767
MrOS,-0.0630374889859297,70.27797306997768,578,censor,11.7698630136986
MrOS,0.61737824527591,94.97416598523873,578,censor,10.8712328767123
MrOS,0.76865801198538,94.37338898133792,40,censor,10.9972602739726
MrOS,-0.24905454576358,39.6497166322584,864,death,7.14794520547945
MrOS,-0.110238164333001,59.19702540733507,685,dementia,4.56438356164384
MrOS,0.34010142410486,85.8746614179158,886,censor,10.3945205479452
MrOS,-0.46191310050334,51.303080057610806,106,death,8.07397260273973
MrOS,-0.0710829835004901,69.24658859266388,785,death,3.98082191780822
MrOS,-0.0989891549650693,65.3092579499524,797,death,6.79178082191781
MrOS,0.434019142086881,92.73521524483117,552,death,2.75890410958904
MrOS,-0.551343400850681,23.035905080778356,876,censor,9.8
MrOS,0.774137283816199,97.74088313100253,732,censor,11.1534246575342
MrOS,0.45878636382823,92.4923582218653,922,death,5.13424657534247
MrOS,0.22187793415566,62.62114631986836,106,censor,3.27123287671233
MrOS,0.47632082068216,89.55405294258703,594,censor,11.5643835616438
MrOS,0.729145954723241,99.69013307369784,80,dementia,4.83013698630137
MrOS,-0.0164516115272093,70.22011711697957,737,death,2.98904109589041
MrOS,0.0317330004576405,68.22761222450508,792,death,4.31232876712329
MrOS,-0.13710019305956,40.33055787795786,299,censor,11.4219178082192
MrOS,0.27422145581928,79.2773640781411,847,censor,11.241095890411
MrOS,-0.0329378883538993,59.34529909782035,812,censor,10.7698630136986
MrOS,0.138660607025091,70.45861293930646,531,censor,4.58630136986301
MrOS,-1.63152370935226,1.503752613028241,702,censor,10.0849315068493
MrOS,-0.0200383649946104,65.68308136290949,359,death,9.17808219178082
MrOS,0.0761999415680904,56.71090464701657,167,censor,11.7561643835616
MrOS,-0.0490777580273999,68.4347932442331,681,death,4.77808219178082
MrOS,-0.62879286392667,17.19300406889988,243,censor,11.3150684931507
MrOS,0.31276590814623,88.86859720574031,250,death,3.72054794520548
MrOS,0.26502562690264,69.90718967562967,270,censor,11.9424657534247
MrOS,-1.43127214575425,3.6701783690329726,632,censor,11.0219178082192
MrOS,0.22596068664124,78.55641856428733,827,dementia,3.22739726027397
MrOS,0.57577635675657,94.44106519217294,876,censor,10.4191780821918
MrOS,-0.176302051700181,63.691323270653214,167,censor,11.7479452054795
MrOS,-0.597592770996999,19.83428632863176,838,censor,11.0794520547945
MrOS,0.0503464129846293,88.4174187287778,27,censor,11.1287671232877
MrOS,-0.46876703119531,45.15387186613175,337,death,9.73698630136986
MrOS,0.61204743189744,94.88318274000903,630,censor,11.8219178082192
MrOS,-0.16671405880311,57.323970198715244,240,censor,10.7397260273973
MrOS,0.10790190180895,73.21637581225062,549,death,7.61917808219178
MrOS,0.00343684310659,52.12823220661197,539,censor,10.8246575342466
MrOS,0.59191900393087,96.6987000303592,364,censor,11.4630136986301
MrOS,-0.389669413879039,48.906742157091415,188,dementia,3.27945205479452
MrOS,-0.107182067308641,54.9409147583011,799,censor,11.7150684931507
MrOS,-0.140796664588019,49.16117463462081,850,dementia,1.23835616438356
MrOS,-0.912234637099429,13.71732449386518,495,censor,12.0
MrOS,0.28992955226168,82.11474133736897,627,censor,10.4849315068493
MrOS,-0.479472990484931,19.348419567896297,578,censor,10.4876712328767
MrOS,-0.40443532294593,39.80188414827951,702,death,9.15890410958904
MrOS,-0.546047901531161,31.953717207362047,217,dementia,3.1972602739726
MrOS,0.24346166160099,83.59404243393861,105,censor,10.8876712328767
MrOS,0.183337900325139,67.6152237973269,683,dementia,1.47123287671233
MrOS,-0.318884247361289,39.39803113778794,248,dementia,11.6082191780822
MrOS,-0.608788587295589,33.39250378788915,151,dementia,1.18904109589041
MrOS,-0.91895463556084,15.435668532063167,345,censor,1.20547945205479
MrOS,-0.0734912116292094,57.324427943553246,595,censor,10.9479452054795
MrOS,-0.674275218390549,21.064008002058994,427,death,6.18356164383562
MrOS,-0.430503671565199,30.27077522394478,803,dementia,11.6931506849315
MrOS,0.49429759320272,89.09696054459405,455,censor,10.8520547945205
MrOS,-0.67626456720314,13.095098189647835,765,dementia,11.0246575342466
MrOS,-0.80810072872676,25.5061141045748,23,censor,11.4821917808219
MrOS,0.18749417987589,80.38397074766888,630,death,7.74246575342466
MrOS,-0.147369333615519,67.57760731149455,646,censor,3.73972602739726
MrOS,0.20558774154828,83.59388857153415,95,dementia,10.2219178082192
MrOS,0.13305231606991,56.38521365941553,123,death,8.98356164383562
MrOS,0.39887119803508,89.02636309533034,220,censor,11.5917808219178
MrOS,0.31792925561945,79.43861953600428,526,death,7.81643835616438
MrOS,-0.71364969561764,19.97819599755967,178,dementia,1.28493150684932
MrOS,-0.70149821942468,20.630113666960433,263,censor,10.8301369863014
MrOS,0.3512603748293,96.3054129569178,306,dementia,1.26849315068493
MrOS,1.02165433866375,99.77127162121931,886,censor,10.7369863013699
MrOS,-0.34398815813841,48.755027740959235,725,death,4.82739726027397
MrOS,0.0100635586037995,76.46379040459914,644,dementia,1.16986301369863
MrOS,-0.11232924242719,59.40665250523045,20,censor,11.4712328767123
MrOS,-0.16805100071567,50.55615070292172,786,censor,10.372602739726
MrOS,-0.80535545965585,12.44412584835337,237,censor,11.5945205479452
MrOS,-0.84705607944377,10.87909549257006,592,censor,10.3150684931507
MrOS,-0.0911841163336106,58.33946522345448,916,censor,11.5397260273973
MrOS,-0.47828611180723,58.27384756040755,190,death,8.19178082191781
MrOS,0.6653192466333,98.0028221114313,407,death,7.88493150684932
MrOS,-0.70997211079911,14.6035443757832,124,censor,11.5671232876712
MrOS,0.51610692664424,92.78141326442324,229,dementia,10.4109589041096
MrOS,0.26737943881561,71.58395963436135,171,death,2.41369863013699
MrOS,-0.13448417116786,59.38637730647412,856,censor,11.2246575342466
MrOS,-1.47483868867395,1.9389186004524452,936,death,4.52602739726027
MrOS,-0.388471622300079,25.77442086041746,787,censor,10.4849315068493
MrOS,-0.55176425131787,38.70160456974762,199,dementia,2.53150684931507
MrOS,-0.0421684412537104,59.52237867283108,679,censor,10.558904109589
MrOS,0.25952319198788,82.2136329849259,373,death,10.3205479452055
MrOS,-0.11397947521036,54.279568374589545,820,censor,11.0
MrOS,-0.27244386704061,42.74717456678477,925,censor,10.7013698630137
MrOS,-0.593318477908019,20.012691548147277,705,censor,11.6602739726027
MrOS,0.331730141200489,83.95432036500661,871,censor,11.8164383561644
MrOS,-0.22056906294624,35.21547098183166,449,censor,10.3506849315068
MrOS,0.0111507272379598,55.73059826465329,109,censor,10.1616438356164
MrOS,-0.240256738451311,41.64706022966934,595,death,7.90684931506849
MrOS,0.33447039967655,85.0232352321419,756,censor,10.3205479452055
MrOS,-0.825871992895389,29.27291414073106,43,dementia,2.35890410958904
MrOS,-0.44067601444449,26.582269125592294,43,censor,12.0027397260274
MrOS,0.37013865640053,90.39611386012268,178,death,12.0219178082192
MrOS,-0.758218590084989,17.0410519577102,908,censor,9.60547945205479
MrOS,-0.70919037452704,18.90288370149375,325,dementia,11.6958904109589
MrOS,-0.16875027148328,56.2542718563929,840,dementia,2.96164383561644
MrOS,-1.24396454431153,4.5640757841115605,138,death,4.46027397260274
MrOS,-1.83372477326912,10.041709747317249,89,death,9.20821917808219
MrOS,-0.42372173091818,35.514530051105545,367,censor,10.3232876712329
MrOS,-0.2289204883216,61.693722278476514,79,death,4.79452054794521
MrOS,0.0039321502808803,74.13995577211791,443,dementia,11.5095890410959
MrOS,-0.51823457499929,48.542818588426606,319,death,10.4246575342466
MrOS,0.06477461272965,60.96182800720086,523,death,11.8356164383562
MrOS,0.16642644162424,75.71451066853767,728,censor,11.6219178082192
MrOS,-0.2936228913419,38.08862239636864,214,censor,11.7890410958904
MrOS,-0.2211592304814,53.289434937957225,787,censor,11.6219178082192
MrOS,-0.48855098573577,26.544595082832974,660,censor,10.8356164383562
MrOS,0.5467618035112,93.41899031889379,540,censor,11.4767123287671
MrOS,-0.0725505504402093,50.04819581967358,594,censor,11.6082191780822
MrOS,-1.54793471311181,1.4241279011730792,777,censor,10.4767123287671
MrOS,-0.388095087428179,49.66443053858669,156,dementia,11.4
MrOS,-1.09485591050025,14.456377442025934,241,censor,10.1835616438356
MrOS,0.84554309416274,98.83028724623388,817,censor,10.8547945205479
MrOS,0.21595436099859,62.100896586222085,21,censor,11.3150684931507
MrOS,-0.0102240384594694,56.93390625044871,550,censor,10.2219178082192
MrOS,0.30949566413407,76.26387764847054,492,censor,11.1890410958904
MrOS,-0.408063847416081,38.7189302837149,833,dementia,1.14520547945205
MrOS,-1.20914001499844,3.348755786089556,913,censor,10.3671232876712
MrOS,-0.2567598660606,41.31486291856897,163,death,5.3013698630137
MrOS,-0.416701433092901,45.345246571947406,566,censor,10.6821917808219
MrOS,0.35410639619342,83.77515763967389,774,censor,9.64109589041096
MrOS,-0.0429620198822903,55.82651290378106,581,death,5.84657534246575
MrOS,0.21787069882601,64.65256810950244,128,dementia,10.5260273972603
MrOS,0.66390724853199,94.6274904818445,198,death,8.86301369863014
MrOS,-0.9126908961064,10.188076775687893,912,death,10.8931506849315
MrOS,-0.245998633166769,53.8027360677852,523,death,4.2027397260274
MrOS,-0.73169018685677,15.9707595247606,924,death,10.3369863013699
MrOS,-0.8347735026135,24.243946191783714,267,death,11.3835616438356
MrOS,-0.25980499591939,45.58542848472856,840,censor,11.1397260273973
MrOS,0.160510195922519,93.15590859242528,165,dementia,2.8958904109589
MrOS,-0.386493356848651,55.5390936242224,180,death,6.21369863013699
MrOS,-0.43509116738912,61.44152014846524,151,death,1.68493150684932
MrOS,0.31546171760785,83.90238716853621,614,dementia,0.652054794520548
MrOS,0.718486629873919,95.0665053416724,225,dementia,6.77534246575342
MrOS,0.55602363650537,92.99502681271387,569,dementia,11.5315068493151
MrOS,0.140066586135219,73.3326268643463,842,censor,11.2383561643836
MrOS,0.35922911953551,86.23727866204013,837,dementia,7.4027397260274
MrOS,-0.11223031009692,45.02400156436018,756,censor,11.0821917808219
MrOS,-0.51921417685309,23.984321492907583,848,censor,12.0958904109589
MrOS,-1.16911619877522,8.128103480083539,161,dementia,0.761643835616438
MrOS,-0.468069509554741,54.53776537983986,88,death,5.75890410958904
MrOS,-1.11419157639462,19.11450378635072,106,death,10.0684931506849
MrOS,-1.09720174603787,7.935089448726619,345,censor,11.6191780821918
MrOS,-0.43885523835595,48.90786528857026,324,death,10.441095890411
MrOS,-0.2036024969075,38.50711942308873,135,death,9.63835616438356
MrOS,0.724932381914731,98.10934563593949,197,dementia,11.7534246575342
MrOS,-1.03116578966089,7.890699361273153,631,censor,11.4328767123288
MrOS,0.18198905140196,79.41940363821709,741,censor,10.427397260274
MrOS,0.14384038186014,75.28449318960637,529,censor,10.1917808219178
MrOS,-0.153956204697469,57.18882563469934,197,death,8.55616438356164
MrOS,-0.43616866444484,57.242387404545624,166,death,10.558904109589
MrOS,-0.14287931942977,66.77660016961033,660,death,10.7780821917808
MrOS,0.53552636873397,92.57134400327375,676,censor,10.6054794520548
MrOS,-0.31597554132625,31.780052464166072,228,death,4.75616438356164
MrOS,0.0985288915805398,60.842431804010374,168,censor,10.427397260274
MrOS,-0.26378063328315,40.90974956689901,25,death,6.03835616438356
MrOS,0.40935761307511,85.07572126607889,667,censor,10.1671232876712
MrOS,-0.10403337809408,61.081881978849545,842,death,9.97260273972603
MrOS,-1.76330478135463,1.7172421094216384,524,dementia,0.545205479452055
MrOS,0.44053684534741,86.49931278759938,621,censor,10.1808219178082
MrOS,-0.68752944169007,27.571632664023454,579,death,2.38904109589041
MrOS,0.278728540328019,76.47428078153798,365,censor,10.0904109589041
MrOS,-0.42227282227764,42.93183259367272,218,censor,10.627397260274
MrOS,-0.0531880571722596,89.1600700665553,102,death,7.21917808219178
MrOS,-0.41336739408783,29.74149946390524,20,censor,11.2986301369863
MrOS,-0.56400110460076,27.01359712585577,108,death,11.0657534246575
MrOS,0.34058288695057,90.90583205819685,836,death,10.0767123287671
MrOS,-0.224437927796561,49.38527245495813,124,censor,11.3506849315068
MrOS,-1.22737991669443,9.83104495467292,69,death,9.57808219178082
MrOS,-0.67503277565767,15.133868633858958,128,censor,11.8109589041096
MrOS,-0.42560944928006,39.76715171979342,179,censor,11.2383561643836
MrOS,0.5505876644374,90.76404066472625,180,censor,11.2191780821918
MrOS,-0.86169483983651,20.115105633573375,105,death,7.03561643835616
MrOS,-0.214468571021121,74.75260713423394,263,death,3.33698630136986
MrOS,-0.207711322271309,57.2348611738594,552,death,9.73972602739726
MrOS,0.30440842420231,90.32900575717228,798,death,6.82191780821918
MrOS,0.0659872719085101,71.48812798803098,457,death,10.1671232876712
MrOS,1.16335449836605,100.0,47,dementia,4.35616438356164
MrOS,0.0656666939056905,63.10036115191655,667,censor,3.36986301369863
MrOS,-0.0690778901948207,62.16047474010269,235,dementia,1.09315068493151
MrOS,-3.4759918512287,0.0,152,death,9.47671232876712
MrOS,-0.0677281176553393,44.64398540276206,271,dementia,0.621917808219178
MrOS,-0.32091968425955,43.22539076676948,747,censor,11.6383561643836
MrOS,0.359158177007819,97.32397434991121,574,death,5.38356164383562
MrOS,-0.0930492519915106,64.777915879389,325,death,2.84931506849315
MrOS,-2.01794034342223,1.1698161063603008,618,death,3.62739726027397
MrOS,0.22554127871807,90.13392697298218,25,death,10.1671232876712
MrOS,-0.38152903122764,46.10173122616987,497,dementia,11.1780821917808
MrOS,0.14045155842181,85.67525333775512,527,dementia,0.646575342465753
MrOS,-0.04092952260159,60.764428155211384,948,censor,11.1780821917808
MrOS,-1.23268175974955,4.886205461515019,644,censor,10.7123287671233
MrOS,-0.44945039447768,41.26155675066232,470,death,7.57808219178082
MrOS,0.0097308730614201,49.47686187759302,95,censor,11.2328767123288
MrOS,0.33923659269287,94.96598841981299,166,death,11.0602739726027
MrOS,0.0195100392526996,58.43832147449625,182,censor,11.0383561643836
MrOS,0.223520195937969,80.52485168031882,376,censor,9.47671232876712
MrOS,-0.0585566853380001,58.38844462748913,514,censor,10.8602739726027
MrOS,-0.771393312953511,13.784997754288238,850,censor,11.0986301369863
MrOS,-1.15946583359472,7.514580249669013,39,death,5.81917808219178
MrOS,0.50273115830735,96.24305849333568,691,dementia,10.4493150684932
MrOS,-0.514369271255811,26.864201868810948,432,censor,10.158904109589
MrOS,-0.295608846897071,61.70191561962324,52,death,10.4876712328767
MrOS,-3.09213095140058,7.2231661223937715,108,dementia,5.23287671232877
MrOS,-0.76893169726487,19.385473409281357,627,death,5.95616438356164
MrOS,-0.39633135497523,31.94927237615673,324,censor,11.7616438356164
MrOS,0.147778621737559,86.85717522100809,225,dementia,11.3178082191781
MrOS,-0.20037480024272,48.05632026768474,26,censor,10.1671232876712
MrOS,-0.81481410573262,16.265920664491667,778,death,3.47671232876712
MrOS,-0.0992216299559203,58.03846593000051,188,censor,10.1808219178082
MrOS,-0.95962293196813,8.32218963003594,141,death,9.91232876712329
MrOS,-0.209682663426911,71.82406422254901,393,censor,11.0465753424658
MrOS,-0.0699051654815193,47.814917556492176,626,censor,10.5671232876712
MrOS,-0.92966442579383,14.236006556230178,711,censor,10.5616438356164
MrOS,-0.25020286834617,49.295932816279006,731,censor,11.1917808219178
MrOS,0.16791485583411,78.99717783460135,626,death,5.66575342465753
MrOS,-0.04432379436454,62.511982121183856,870,censor,9.77260273972603
MrOS,0.236909832746279,93.87466810548226,452,death,10.6904109589041
MrOS,-0.0834706705074893,60.05359321500565,884,censor,10.972602739726
MrOS,0.0973712095460002,69.07730933645882,280,censor,10.3917808219178
MrOS,-0.950433183004521,12.538181578345478,245,censor,11.0438356164384
MrOS,0.270101198438979,77.14742872162545,378,death,4.03835616438356
MrOS,-0.94531561177057,9.192916020742015,317,censor,11.3698630136986
MrOS,-0.17163384324776,50.9848285926542,576,censor,10.7479452054795
MrOS,-1.21264371143752,14.162802072751003,211,censor,2.81095890410959
MrOS,-0.27634940441004,48.92682090024205,521,death,10.6520547945205
MrOS,-0.35187816798952,40.85247260475779,758,death,9.31506849315068
MrOS,-0.69565986069326,23.421632689423387,657,censor,10.0328767123288
MrOS,0.12469647229224,74.60627079634914,896,censor,11.7150684931507
MrOS,-0.42712721315927,34.576250973328534,518,censor,9.92328767123288
MrOS,-0.23294033931781,58.32630885674049,639,death,7.36164383561644
MrOS,-0.0089501978771494,60.2279793186629,705,dementia,4.17260273972603
MrOS,0.39525072244236,86.37981793154525,635,censor,10.6246575342466
MrOS,0.35748352519748,88.65281613153047,860,death,3.37260273972603
MrOS,-0.39847512988101,35.209600170766805,847,death,7.0
MrOS,-0.17916118318547,55.49542294141511,847,death,2.1013698630137
MrOS,-0.467188266060801,33.37561699242539,743,censor,9.76438356164384
MrOS,-0.62370383541235,22.15629675275796,222,censor,11.0821917808219
MrOS,-0.152783168964559,61.91188050474354,801,censor,11.1452054794521
MrOS,-0.80634089042937,10.343203200998571,622,censor,10.9397260273973
MrOS,-0.0882883935348104,67.41999068391766,638,death,5.55890410958904
MrOS,-0.87776329917793,7.50078725651798,467,censor,10.8493150684932
MrOS,-0.48457769076027,23.460889843543526,513,censor,11.6821917808219
MrOS,-0.894972508584139,13.399880071303874,710,death,8.54794520547945
MrOS,-0.21645868561484,58.45189868949783,243,death,9.25753424657534
MrOS,-0.26746035643832,45.9560246756713,919,dementia,10.8547945205479
MrOS,-0.35848581599185,47.20721654654327,612,censor,11.041095890411
MrOS,0.98921779237784,100.0,170,dementia,0.898630136986301
MrOS,-0.13091706975293,52.458632896484424,260,death,5.41917808219178
MrOS,-0.11631496592648,90.34691569785274,10,dementia,1.1041095890411
MrOS,-1.0277429877542,5.8209349578742335,535,censor,10.9123287671233
MrOS,-0.62015539118501,29.069280829530342,185,censor,11.0657534246575
MrOS,1.01359246687879,100.0,16,censor,3.85753424657534
MrOS,-0.38430749382704,56.70072285887672,311,death,2.1041095890411
MrOS,0.61510110089998,93.48747475326154,306,censor,10.7150684931507
MrOS,-0.620590342018789,19.327197995550684,376,censor,10.9643835616438
MrOS,-0.19692445905754,38.065266879176214,660,dementia,10.8684931506849
MrOS,-0.99266138570916,25.842015143652127,27,censor,11.7917808219178
MrOS,-0.258670357615151,31.482839879224763,677,censor,10.0657534246575
MrOS,-1.27016522621476,0.11594127991151126,75,dementia,5.93972602739726
MrOS,-1.05447983274894,7.430489235860339,772,dementia,3.62191780821918
MrOS,-0.625868491104821,25.91502153825932,148,death,8.98630136986301
MrOS,0.0635470079777903,62.47890353587712,159,death,7.08219178082192
MrOS,-0.2112703583322,50.57880704195874,855,censor,10.0849315068493
MrOS,0.734827651928261,96.90577980868429,651,censor,11.2794520547945
MrOS,-0.12686422556738,69.1862480369011,502,death,7.84657534246575
MrOS,0.47193350204808,94.66130966561043,160,death,3.53972602739726
MrOS,-0.25942995293951,52.430690015937245,401,censor,11.9260273972603
MrOS,-0.98822362238443,12.841523406659917,109,censor,9.67397260273973
MrOS,0.0620923666139603,65.8882669626269,204,dementia,11.1506849315068
MrOS,-0.20716052705845,52.66551863604771,198,censor,10.3753424657534
MrOS,-0.82607338768409,10.189895787246922,614,death,10.8109589041096
MrOS,-0.0235091259920793,60.75591654567183,354,censor,10.4301369863014
MrOS,-0.36968735388249,57.11927446300169,278,death,8.32602739726027
MrOS,-0.44399253899367,28.495999911032648,842,censor,10.3698630136986
MrOS,-1.57098593514062,2.703625064411188,490,censor,10.6712328767123
MrOS,0.52294187579464,91.28379514111339,92,censor,10.3534246575342
MrOS,-1.15645833549793,7.015247148567145,180,death,2.78630136986301
MrOS,-0.43939343332609,21.118823210593604,248,censor,10.9479452054795
MrOS,-0.61336319006289,15.81934072877222,196,dementia,11.3945205479452
MrOS,0.0784041312828194,62.45419229397526,663,censor,10.4383561643836
MrOS,0.116940307767101,71.98456663362806,462,death,10.2493150684931
MrOS,0.16466303029849,87.20614888919667,471,death,9.06301369863014
MrOS,0.295805793777809,85.37989919662871,481,death,9.12328767123288
MrOS,-0.66201194089812,15.601149061078607,884,dementia,10.2821917808219
MrOS,0.07160372131207,79.206513853976,11,censor,11.2219178082192
MrOS,-0.95889462103988,8.174337912140073,799,dementia,2.0027397260274
MrOS,-2.44605291288174,0.5201605537567259,922,censor,10.3972602739726
MrOS,0.34908158069909,81.96414520812169,353,dementia,11.1260273972603
MrOS,-0.10946870968381,44.57634271463278,690,death,6.65205479452055
MrOS,-0.0713736086233396,46.825656654786236,430,censor,11.0958904109589
MrOS,0.660211482633579,95.72551478022318,545,dementia,1.45479452054795
MrOS,-0.7986258399036,11.213200879327987,762,censor,10.1643835616438
MrOS,-1.17985962600506,4.335633109946073,912,death,3.2
MrOS,-0.61410185250609,38.90365803387827,80,death,6.27671232876712
MrOS,-0.11191466637861,53.63521348343223,491,death,8.66027397260274
MrOS,-0.0453840043192102,57.63494540009574,609,censor,10.1452054794521
MrOS,0.0897875916819402,90.62904958718174,408,dementia,10.9342465753425
MrOS,-0.0745865278528797,60.46711567308577,170,death,6.18356164383562
MrOS,0.22796674131877,81.94562641292889,240,censor,10.8191780821918
MrOS,-0.33649309747601,42.11606568930365,697,death,4.14520547945205
MrOS,-0.35946230600568,25.595615751998697,666,censor,9.60821917808219
MrOS,-1.20429982221419,8.452883512607285,447,censor,10.6246575342466
MrOS,0.350684414452419,85.49811688833049,614,censor,10.5643835616438
MrOS,0.40980686880945,88.44583763380972,835,death,11.1780821917808
MrOS,-0.32240654649345,31.92761144934981,101,censor,11.1945205479452
MrOS,-0.219949081231969,60.054878381403924,568,death,9.74794520547945
MrOS,0.23260298916496,80.29433845651211,188,death,6.88493150684932
MrOS,0.16267606210491,72.74273588688801,740,censor,10.3835616438356
MrOS,0.28136456242581,76.41829178526041,635,censor,10.427397260274
MrOS,-0.0604870410566406,67.69240119972083,171,dementia,0.876712328767123
MrOS,0.361316458197339,80.11441899158969,11,death,9.19178082191781
MrOS,-0.70017351173932,18.758549778528295,870,death,5.48493150684931
MrOS,-0.72626399764366,10.422405512031826,633,censor,10.6027397260274
MrOS,-0.855662464555689,0.0,19,censor,9.79452054794521
MrOS,0.35204646139476,87.35718647653779,398,censor,11.3342465753425
MrOS,0.4975484480915,91.47298540394334,169,censor,10.4109589041096
MrOS,-0.506870777264071,23.343385634284715,15,censor,10.6027397260274
MrOS,-0.20682335031432,43.08516210600569,808,censor,10.4328767123288
MrOS,0.19374428687459,77.85311493654241,368,censor,3.95068493150685
MrOS,0.811989160702819,99.04778891357857,192,censor,10.1424657534247
MrOS,0.0726860401593498,91.85617816577336,19,censor,1.07671232876712
MrOS,0.68297299539403,97.15513416135265,603,censor,10.0520547945205
MrOS,-0.0990116087447106,49.75869403235431,508,censor,10.5479452054795
MrOS,-0.0140306186183295,62.03747446879866,28,dementia,1.62465753424658
MrOS,-1.41708332576452,4.049204592636423,461,death,6.93150684931507
MrOS,0.22980972655332,73.95897781921843,646,censor,10.4301369863014
MrOS,0.79727079224082,97.22639347584074,682,censor,10.3479452054795
MrOS,0.50633012297635,87.73389333602195,256,censor,10.5671232876712
MrOS,0.45787701086996,88.14596927110892,357,censor,9.7972602739726
MrOS,0.49289413204806,90.21040078878235,687,censor,10.8383561643836
MrOS,0.3217836986192,81.07782693809231,552,death,6.85479452054795
MrOS,-0.46707367218691,25.37004939386168,698,censor,10.3972602739726
MrOS,0.233243752240401,83.09744046642753,233,dementia,3.37808219178082
MrOS,-0.41601163122541,34.27526009207905,895,dementia,10.7205479452055
MrOS,-0.84389210165699,11.906943213836058,227,censor,10.7315068493151
MrOS,-0.46202802599153,46.09530656149984,521,death,5.38356164383562
MrOS,0.63139866192089,96.66219950077685,900,censor,10.7041095890411
MrOS,-1.18566774525708,3.7159535308696774,923,censor,11.4191780821918
MrOS,-0.28144961953886,50.0161921628314,534,death,8.87945205479452
MrOS,0.545499488351859,90.43959904480285,622,censor,11.241095890411
MrOS,0.0377530834164702,75.48097134232498,101,censor,11.4082191780822
MrOS,0.31605331739235,68.4537518193393,106,dementia,10.5424657534247
MrOS,0.0034421895531693,62.66879515090398,426,death,9.01095890410959
MrOS,0.0738434348362802,80.26443905999473,721,censor,10.7780821917808
MrOS,-0.370407072442239,28.89300458737374,832,censor,10.5479452054795
MrOS,0.2510187019474,78.48856666463537,866,death,10.2602739726027
MrOS,-0.17542703731846,55.90569934124573,617,censor,10.7753424657534
MrOS,0.0039985090007604,70.6501396251962,768,dementia,5.94794520547945
MrOS,0.799960918979031,98.27290955605237,599,death,10.7260273972603
MrOS,0.0207153484580701,75.42056169207862,224,dementia,9.83835616438356
MrOS,0.24747403837714,77.6251655779281,637,censor,11.2958904109589
MrOS,0.43088176425138,86.97126568626571,108,censor,9.81917808219178
MrOS,-0.45901616711908,29.164274243374052,328,censor,9.90684931506849
MrOS,0.16277939551497,76.31556789325208,414,death,10.158904109589
MrOS,-0.505174801085749,26.487353574026272,613,censor,10.2246575342466
MrOS,-0.18941895142723,53.570768728958896,433,censor,9.6027397260274
MrOS,-1.02493828998966,12.445719322344296,284,censor,10.7232876712329
MrOS,-0.923460310840799,10.51673771831979,140,censor,11.2547945205479
MrOS,0.1346942249351,71.30700449385742,319,censor,10.2027397260274
MrOS,0.193174101440189,75.2977561675633,907,death,8.02465753424658
MrOS,0.47342028865643,91.62588123008977,762,censor,10.2054794520548
MrOS,0.239173916902961,73.41368551708055,637,censor,9.70684931506849
MrOS,0.109823205548599,75.83802607559865,867,censor,11.3452054794521
MrOS,0.37331922137337,89.02996745339722,474,censor,11.0821917808219
MrOS,0.0546255179151103,82.88540440886833,173,dementia,1.32876712328767
MrOS,-0.0807677362533894,57.72738418974148,622,death,10.9890410958904
MrOS,-0.29672327363113,43.472785077153596,680,censor,10.4109589041096
MrOS,-0.156176718379891,41.89887251188933,783,death,9.31780821917808
MrOS,-2.21774760245477,2.5231972152212196,390,censor,10.1835616438356
MrOS,-0.48805773100449,51.73576296908773,18,censor,10.0739726027397
MrOS,-0.0697331078185897,73.72397515026468,27,dementia,3.77808219178082
MrOS,-0.178428006757881,61.68205928427007,16,censor,9.8958904109589
MrOS,-0.640807750597661,14.627638216615736,439,censor,9.62739726027397
MrOS,-0.54148113379312,16.552067440377083,118,censor,10.3753424657534
MrOS,-1.4175479124511,3.0940808072889276,769,censor,10.9315068493151
MrOS,-0.741541111070011,21.140637908968476,157,censor,9.99178082191781
MrOS,0.574628711056729,92.92462600057986,302,dementia,4.21643835616438
MrOS,-0.89689901113051,7.671494382469235,852,censor,10.8
MrOS,0.0661839715866705,63.593118771202285,731,censor,9.38904109589041
MrOS,-1.3068228706437,2.926239232866044,809,censor,11.4246575342466
MrOS,0.0880085723471595,74.98363829883945,753,censor,9.77808219178082
MrOS,-0.0719667845950198,55.8665071903828,773,censor,10.3479452054795
MrOS,-0.441942729512979,35.71519802622973,216,censor,9.73972602739726
MrOS,-0.16782113429707,46.40347804752169,391,censor,10.4109589041096
MrOS,-0.72750502089065,10.975940631734842,576,death,6.50684931506849
MrOS,-0.62985218916543,35.401724536391576,446,censor,9.37808219178082
MrOS,-0.6078390106223,28.32282905774164,643,death,7.96438356164384
MrOS,-0.405239476236601,39.03997380639657,722,censor,11.041095890411
MrOS,-0.37600182468163,35.068249228397285,540,censor,10.0657534246575
MrOS,0.298545742867761,85.91062614454874,747,censor,10.4684931506849
MrOS,-0.0214703786194903,57.40649524741329,838,censor,10.7945205479452
MrOS,0.10002229258408,75.49240609530612,886,dementia,1.18904109589041
MrOS,-0.791453137625,14.438914721013486,903,censor,10.7397260273973
MrOS,-0.11639634315716,52.87656665170005,576,censor,9.81643835616438
MrOS,-0.40125556815329,73.79835624538367,29,death,4.98630136986301
MrOS,-1.07161438302175,3.5584264483452426,602,dementia,7.33150684931507
MrOS,0.631840700899831,97.96923340570012,236,dementia,1.18630136986301
MrOS,-0.0128001852024596,70.81541629102804,201,censor,2.37808219178082
MrOS,0.36317905184835,87.22538272339797,792,censor,11.2712328767123
MrOS,-0.224165585597839,53.639257867364776,445,censor,10.4904109589041
MrOS,-0.0749749558241106,58.41306795775924,238,censor,2.16986301369863
MrOS,-0.45307202667851,52.08878993375005,445,death,2.95890410958904
MrOS,-1.38265503708572,6.1439852350844415,354,censor,10.0602739726027
MrOS,-0.49234380963172,49.78934528342998,135,death,8.2027397260274
MrOS,-0.191597711586159,61.54998950963237,703,censor,11.2109589041096
MrOS,-0.306270123257841,39.439532866052474,862,censor,10.4301369863014
MrOS,-0.19881848429014,52.16650974207694,730,death,4.48767123287671
MrOS,-0.449802936012691,34.21422913658767,883,censor,10.3315068493151
MrOS,-1.13430209828153,7.235679656451543,168,censor,10.4821917808219
MrOS,0.439758990771629,95.66662691454933,671,censor,11.9972602739726
MrOS,-0.0583243164910201,58.381904530577025,918,censor,10.3178082191781
MrOS,0.14369424415269,80.80999665306967,610,death,2.06301369863014
MrOS,-0.269999919110479,60.99266110091986,491,dementia,1.07123287671233
MrOS,-0.33105623054911,42.183946959670976,771,censor,11.7178082191781
MrOS,0.5015842325458,91.73393958421508,459,death,9.74794520547945
MrOS,-0.41091027241847,51.58285419676233,276,censor,10.5123287671233
MrOS,0.0433166481625605,67.11354727889548,622,dementia,1.28219178082192
MrOS,-0.57289049498039,17.817243354392325,671,death,4.35342465753425
MrOS,-0.81942095884305,9.40067942266245,896,death,8.85205479452055
MrOS,0.116157487847489,77.99309035605411,675,censor,9.85205479452055
MrOS,0.42239795161386,91.80748059611572,169,censor,10.5671232876712
MrOS,-0.440202157028099,31.037113181562233,776,censor,10.0684931506849
MrOS,0.38395931778862,79.37588099136009,201,censor,11.1479452054795
MrOS,0.169705591830029,68.59572507764454,720,censor,10.5698630136986
MrOS,-0.16074122174265,52.47383860938837,328,censor,10.4931506849315
MrOS,-0.0758271681991005,53.671880789668975,858,censor,11.4438356164384
MrOS,-1.16129865384185,26.542485197577456,32,dementia,0.46027397260274
MrOS,-0.25270549051713,52.59932581426415,625,dementia,2.92876712328767
MrOS,0.0382730149470305,62.7025399103128,432,dementia,3.27397260273973
MrOS,-0.61275256785746,36.009657623593355,467,censor,9.98904109589041
MrOS,-0.5264459969773,24.373867401832054,649,censor,10.5315068493151
MrOS,-0.85414328916259,8.091189051764449,533,death,2.61095890410959
MrOS,0.34531930790795,82.79932600192929,712,censor,12.0876712328767
MrOS,-0.0861940882286305,67.74267874454887,162,dementia,1.05479452054795
MrOS,0.101430052092959,79.17470965425046,748,censor,10.5041095890411
MrOS,0.48035730096899,87.30512772945295,182,dementia,3.19178082191781
MrOS,0.11194780908839,78.67145401028095,873,censor,9.60547945205479
MrOS,-0.495310169722499,25.785173164530825,898,death,2.93424657534247
MrOS,-0.71073161190868,17.13570224101219,789,censor,12.0876712328767
MrOS,-0.10650895423916,57.353030204024634,384,censor,10.9315068493151
MrOS,-0.27992118910566,36.59492531171844,873,censor,11.0027397260274
MrOS,-0.80081947591737,10.108245991121152,168,death,2.2
MrOS,-0.239705549756469,39.544293233083565,735,censor,9.63013698630137
MrOS,-0.20211437612662,40.23777176396142,154,censor,11.1753424657534
MrOS,-0.140270885914011,51.79552957900201,378,censor,11.2356164383562
MrOS,0.21563744884008,79.72371499157501,234,censor,9.70958904109589
MrOS,0.72613740093511,99.29729501140515,373,death,10.2630136986301
MrOS,-1.37923436413904,3.09472668474847,796,death,6.85753424657534
MrOS,-0.44545151202138,22.63762663970204,420,censor,10.5315068493151
MrOS,-0.30043443212278,64.19378057820498,388,death,5.46301369863014
MrOS,-0.31023244275041,33.15118741068734,865,death,11.8301369863014
MrOS,-0.187330159560079,40.77666329834962,554,censor,10.5013698630137
MrOS,-0.69445240526976,19.76477571285281,509,censor,9.60547945205479
MrOS,-0.11797126713853,57.347087202068984,509,death,9.23835616438356
MrOS,-0.296998989452089,35.55306668569266,357,dementia,1.15342465753425
MrOS,-0.252591793328359,52.61432273958118,720,censor,10.6164383561644
MrOS,0.60242072426268,94.71463982425851,205,death,10.0602739726027
MrOS,0.0386003270627498,83.47006179952994,341,dementia,4.31506849315068
MrOS,-0.688518959303489,22.698819306330197,670,censor,11.8356164383562
MrOS,-0.0402367274454207,58.726024779666865,620,death,4.85753424657534
MrOS,0.58147943916906,94.72752563862748,581,censor,10.9095890410959
MrOS,-0.60508344423293,22.84565563879281,241,death,9.06027397260274
MrOS,0.26917261207997,89.52011647601024,104,censor,3.32054794520548
MrOS,-0.54759664199622,29.89274326812411,777,death,6.16986301369863
MrOS,-0.0426407699858501,61.22992558664437,691,death,2.94520547945205
MrOS,0.388728854210849,89.28281283209206,602,death,8.90958904109589
MrOS,-0.71596068535337,17.963497963506676,905,censor,10.2191780821918
MrOS,-1.10660581586561,7.332462589245963,750,censor,10.5068493150685
MrOS,0.591261354221319,94.45156266772287,706,censor,9.73698630136986
MrOS,-0.140008151934759,53.10350776387502,19,censor,9.62739726027397
MrOS,0.219363885847341,72.35780722627462,559,censor,9.71506849315069
MrOS,-0.392927925928571,46.46566496604849,597,death,7.6958904109589
MrOS,-0.734129664822321,16.613438689894224,419,dementia,3.43835616438356
MrOS,-0.17782644623169,51.81979478112192,318,censor,10.5698630136986
MrOS,0.24129616054669,79.57888994684552,787,censor,11.6493150684932
MrOS,-0.49653444329718,45.77272914136727,476,censor,10.5616438356164
MrOS,0.27457349044857,82.6843469216857,868,censor,10.0849315068493
MrOS,-0.44669518577539,31.384109258493954,711,censor,11.6712328767123
MrOS,-0.326073032655501,66.31647932304298,142,death,9.54246575342466
MrOS,-0.60348263743756,24.238860524653077,872,censor,11.2082191780822
MrOS,-0.13387059999738,45.395696535675725,475,censor,10.4630136986301
MrOS,0.14522517937891,57.858039393070754,54,censor,10.0356164383562
MrOS,0.37583938800462,92.61184707224788,479,dementia,2.38630136986301
MrOS,-0.37383989707468,41.18905739983142,774,censor,10.7397260273973
MrOS,-1.18415438657536,4.1302479890265635,723,censor,10.1260273972603
MrOS,-0.3892764924456,38.38674320485862,210,death,8.58082191780822
MrOS,-0.88898136626382,6.712102401512711,576,censor,10.7068493150685
MrOS,-0.0857265433585098,48.13191716494174,110,death,10.5479452054795
MrOS,-0.39924517219616,33.22320036389599,415,censor,11.2739726027397
MrOS,-0.15123378195504,57.77172240270846,244,dementia,10.4082191780822
MrOS,0.14976357350028,75.91386355492082,571,death,9.22191780821918
MrOS,-0.488051430745681,34.786834704817096,676,death,5.2027397260274
MrOS,-0.523898056215199,33.90883279866323,221,death,2.69315068493151
MrOS,0.0184365183599496,61.16505873505449,604,death,4.76164383561644
MrOS,-0.31171013448033,63.63012779644798,25,dementia,11.213698630137
MrOS,0.32314148021959,87.09734814609088,328,death,5.52054794520548
MrOS,0.89898832447836,97.41264010735185,11,censor,9.66301369863014
MrOS,-0.92484611511496,17.874282658394055,175,death,9.63287671232877
MrOS,-0.705042468453129,16.650534963354698,656,censor,10.5041095890411
MrOS,-0.0523568956529104,70.35417714433552,145,censor,10.586301369863
MrOS,-0.24872660424644,48.79361799176171,885,death,11.786301369863
MrOS,-0.43316606900128,50.450852547175884,326,censor,10.558904109589
MrOS,-0.56895443031855,39.88323458379941,10,censor,11.5205479452055
MrOS,-0.0875790584272707,72.27159412372339,434,dementia,0.936986301369863
MrOS,-0.139931713586751,43.87237499508036,717,censor,10.5561643835616
MrOS,0.206262683175569,74.44030067094677,213,censor,10.4520547945205
MrOS,-0.19093285127685,65.0253437676429,22,censor,10.6602739726027
MrOS,0.489159887667,95.40781266983834,896,censor,10.9643835616438
MrOS,-0.246781349413099,53.684943228809146,787,dementia,3.28219178082192
MrOS,0.51083166218753,91.71217026073401,77,death,10.1808219178082
MrOS,0.607958752266011,95.22617349741653,355,censor,10.6164383561644
MrOS,-1.50059670336982,1.145160400700083,176,death,5.3972602739726
MrOS,-0.26298357991066,40.31171722524101,220,dementia,2.56438356164384
MrOS,-0.49093922636086,53.81716935454862,195,death,6.8
MrOS,-0.800514232981639,25.153896496471745,266,censor,3.47123287671233
MrOS,-0.54308637825899,23.175964309038566,625,censor,10.5095890410959
MrOS,0.26692696179239,77.55754164962336,178,censor,10.8547945205479
MrOS,0.46737607143819,93.10207686605725,510,death,9.40821917808219
MrOS,0.19065239563822,73.3082220771756,603,censor,10.9698630136986
MrOS,0.160177389405069,77.09224340357592,502,censor,9.67671232876712
MrOS,-0.15282005721262,92.05903375938429,10,censor,10.2876712328767
MrOS,-0.69499161759113,12.54483619128136,661,censor,11.0821917808219
MrOS,-0.55299121122289,22.736811891878258,718,censor,10.6767123287671
MrOS,-0.30845382216409,32.503205293214904,536,censor,11.4054794520548
MrOS,-0.0297195906646806,62.81227348182885,569,censor,10.6465753424658
MrOS,-0.67479601337687,16.149766682216853,845,censor,10.3095890410959
MrOS,0.352003096549809,86.38567542072678,177,death,5.98356164383562
MrOS,-0.0169659360327301,72.72360934385131,10,dementia,0.397260273972603
MrOS,0.0390469500296206,72.02020524147895,746,dementia,3.63013698630137
MrOS,-0.0098582931486305,67.18023213908334,594,censor,10.0849315068493
MrOS,0.20937998435521,85.54010011629273,12,death,8.24109589041096
MrOS,-0.434479766048879,29.292520056063104,20,censor,10.5452054794521
MrOS,-0.136623958859209,40.49125261070929,679,censor,9.35616438356164
MrOS,-0.94662916056035,33.591325231160425,10,dementia,1.04657534246575
MrOS,-0.0605739193072694,92.05111830551611,31,death,5.58630136986301
MrOS,-0.17540820439947,53.745278834088325,918,dementia,1.20821917808219
MrOS,-0.453235013940269,36.459583013676045,17,death,3.74794520547945
MrOS,-0.70494694939525,2.7750579852856854,37,censor,10.1260273972603
MrOS,-0.36937887211669,54.876643091136344,127,death,10.3260273972603
MrOS,-1.08361883610125,14.026953078896113,252,death,11.0630136986301
MrOS,-0.35676889274943,20.190868390026246,88,dementia,2.76164383561644
MrOS,-0.44476664473583,41.151110185449994,590,death,3.23835616438356
MrOS,-0.410920853112751,11.398858175345731,24,censor,10.1753424657534
MrOS,-0.31250374524777,34.28680483092291,191,censor,10.8465753424658
MrOS,-0.41605594437643,38.493434257518224,46,dementia,1.26849315068493
MrOS,-1.32429860535052,0.0,16,censor,9.9041095890411
MrOS,0.16399430195801,73.52856948910451,617,censor,10.7616438356164
MrOS,0.24301657228051,79.53749186992796,858,censor,10.3616438356164
MrOS,-0.60392449127765,22.01812271000719,787,censor,11.9013698630137
MrOS,0.29547699852228,75.94649794186243,213,censor,10.7178082191781
MrOS,0.46917230650789,91.37877273231214,222,censor,10.0082191780822
MrOS,-0.53320504006564,18.268795278196492,703,death,5.97808219178082
MrOS,0.11836983968839,65.8651327355541,192,death,5.47671232876712
MrOS,-0.21173733870543,36.90687531499715,623,censor,10.7890410958904
MrOS,-1.17132860689112,5.567169161155036,205,censor,11.1561643835616
MrOS,-0.54304352250834,33.0317222360398,248,censor,10.3369863013699
MrOS,-0.0121010769057193,62.91383525454426,743,death,5.74246575342466
MrOS,-1.74543253587576,1.723968661596166,414,death,6.68767123287671
MrOS,0.10709408833482,69.22110022570892,408,death,8.59178082191781
MrOS,-1.23393860188444,3.6547174487389142,374,censor,10.6054794520548
MrOS,-0.616490086958891,14.129287015585964,622,censor,3.34246575342466
MrOS,-0.31348336196297,35.58738535867269,753,dementia,1.41643835616438
MrOS,0.527718505881261,93.1616223404797,770,dementia,0.545205479452055
MrOS,-0.160705539272389,51.2437999693306,924,censor,10.1342465753425
MrOS,0.25368959466719,80.71934042022497,196,censor,10.6465753424658
MrOS,-0.2774718307775,43.09685676765938,232,dementia,0.956164383561644
MrOS,-0.57594514177411,6.971595187992164,10,death,11.0931506849315
MrOS,0.10634856718649,74.89419666807342,23,censor,3.45205479452055
MrOS,-0.0821596148262401,53.76496794598572,429,censor,10.8246575342466
MrOS,-1.62658006230699,3.7230759274728227,235,death,10.1890410958904
MrOS,0.5081544357684,88.70417508835232,96,censor,3.43835616438356
MrOS,-0.43967574770525,39.08697191908706,351,censor,11.5780821917808
MrOS,1.10699490387546,99.91866785418482,770,death,4.59452054794521
MrOS,-0.12523334107608,50.04145806589908,767,censor,10.7671232876712
MrOS,0.29847003952257,78.01162003201505,720,censor,9.3972602739726
MrOS,0.82192043692761,100.0,71,dementia,3.56438356164384
MrOS,0.34189404252151,90.20514753006228,791,censor,10.5095890410959
MrOS,-0.310222141698191,40.01210494865003,633,censor,10.9287671232877
MrOS,-0.31252295757664,66.47718461549246,382,dementia,1.43561643835616
MrOS,-0.762925407366229,14.74559612590765,813,censor,11.986301369863
MrOS,0.1342934071505,90.0021625355124,326,death,7.6958904109589
MrOS,-0.27755129372768,49.08970560820447,193,dementia,0.986301369863014
MrOS,0.410531840811259,93.83067877568624,29,censor,3.62739726027397
MrOS,0.0567143834051606,45.01579026625946,91,censor,11.2958904109589
MrOS,0.24683382314828,78.10728614079662,766,death,3.6986301369863
MrOS,0.0182901409971095,56.52995891686219,316,censor,10.3287671232877
MrOS,0.0860478769165695,78.69190335305812,130,dementia,1.0986301369863
MrOS,0.0518092205334199,45.53240784751913,11,censor,5.73424657534247
MrOS,-0.42110924164284,30.9166567244259,408,censor,11.0493150684932
MrOS,0.31398484493586,89.44981608526626,410,dementia,1.2027397260274
MrOS,0.4288233716498,92.91096217484272,633,censor,10.9424657534247
MrOS,-0.182028462737431,50.547509006534845,767,censor,10.8547945205479
MrOS,-0.347546043429441,20.326785782678243,116,censor,11.0246575342466
MrOS,0.13426441340734,83.80943365172952,520,death,5.94794520547945
MrOS,-0.450681319748981,39.95386054774807,526,censor,10.572602739726
MrOS,0.275453537062531,85.27384267693013,24,death,2.93698630136986
MrOS,-0.70085953206777,13.886629056327603,610,censor,10.8684931506849
MrOS,0.74586473392412,99.04388135240347,890,censor,10.9671232876712
MrOS,-0.61335458084973,38.60417162668495,149,censor,11.1835616438356
MrOS,0.0079111456176306,51.96852712612069,21,dementia,3.63287671232877
MrOS,-0.06146256556368,67.96461986201112,224,dementia,1.0986301369863
MrOS,-0.20356146816554,40.878607252777485,813,censor,10.8109589041096
MrOS,0.0636728540286398,73.57788857205831,26,censor,11.0849315068493
MrOS,-0.68308536931755,12.231681965604091,233,censor,10.8794520547945
MrOS,-0.37993819473499,59.43542594549013,23,censor,11.0958904109589
MrOS,-0.44289833960476,56.87062520192052,113,dementia,1.35068493150685
MrOS,0.0277282714527004,84.67297567455962,74,death,10.7452054794521
MrOS,0.0829639518247902,71.52819738602852,768,death,4.8986301369863
MrOS,-0.0671627622859702,81.73783939789769,194,dementia,0.810958904109589
MrOS,0.21902493957152,88.32511772397433,343,dementia,3.16164383561644
MrOS,-0.7424690610065,24.715363021950502,241,death,3.00547945205479
MrOS,-0.18513147747185,66.02742855793838,560,death,4.6986301369863
MrOS,-0.40116567093545,16.657988701058866,117,dementia,11.9424657534247
MrOS,0.0006729459882805,80.74752057181384,419,censor,0.994520547945206
MrOS,-0.34419610671393,46.618860273809936,484,death,9.9013698630137
MrOS,-0.364757186229061,38.35339847409326,360,censor,11.4356164383562
MrOS,-0.18211747231198,69.43656596553664,529,dementia,6.71232876712329
MrOS,0.54042016846433,91.7710014123024,590,censor,10.1178082191781
MrOS,-0.69471042498691,19.929520783048186,881,censor,11.0794520547945
MrOS,-0.684523631439011,41.700661380210924,76,censor,10.8164383561644
MrOS,0.0022916671409305,65.66402120295982,820,death,12.2657534246575
MrOS,-0.30388398949536,56.53163716900113,106,death,11.8931506849315
MrOS,-0.26632995157712,49.53247341117662,438,censor,11.027397260274
MrOS,-0.33653752821468,58.683917373283464,385,censor,11.4520547945205
MrOS,-0.70107304509105,27.406996173809226,537,censor,3.6986301369863
MrOS,0.649240033097691,96.13341457647803,643,censor,1.31506849315068
MrOS,-0.21938773249435,59.25195103436775,455,censor,3.65753424657534
MrOS,0.55458112623881,95.99675373189268,741,dementia,0.728767123287671
MrOS,0.1248270075748,73.69590169734599,603,censor,11.1205479452055
MrOS,-0.0063469777665901,66.73907114414592,435,death,11.8219178082192
MrOS,-0.8951625335394,24.146953168928288,87,censor,11.5068493150685
MrOS,-1.22722343597903,5.9305585245020325,141,dementia,11.0054794520548
MrOS,0.0965147694002795,81.61684646966548,715,death,9.53424657534247
MrOS,-0.65821462177597,29.532410391467806,259,dementia,4.31506849315068
MrOS,-0.58023495842146,19.015446516198825,561,censor,10.6054794520548
MrOS,-0.21420043791023,62.81878391131404,134,dementia,1.35342465753425
MrOS,-0.38148525616899,51.06573846433022,452,dementia,1.72876712328767
MrOS,-0.979333514765921,13.090758498641645,352,death,7.59178082191781
MrOS,-0.916192759808661,14.156989453748382,551,death,3.32328767123288
MrOS,0.35739174262962,98.55067605292842,154,dementia,6.26575342465753
MrOS,-0.68383634748901,36.344935334541525,292,death,6.54246575342466
MrOS,-0.688783620651721,21.59833315492775,21,dementia,3.74246575342466
MrOS,0.33857668903396,91.94653292446995,139,censor,11.1616438356164
MrOS,-0.264018325006229,37.84314656834956,680,censor,10.9698630136986
MrOS,0.14725776577566,88.92497060782922,318,death,6.24109589041096
MrOS,-1.1414041087171,17.238134141093504,82,death,10.9095890410959
MrOS,-0.45898811405434,48.08650239514655,406,dementia,1.43013698630137
MrOS,-0.164205038205451,66.22906791662464,474,death,8.81369863013699
MrOS,0.15632376557746,73.97318890018626,452,death,8.54520547945205
MrOS,-0.48455863912191,40.59880496344645,564,dementia,6.38630136986301
MrOS,-0.73915758618988,40.60223986399499,43,death,10.5890410958904
MrOS,-0.642092610433519,28.727874707444172,498,dementia,3.58082191780822
MrOS,-0.15296032773517,76.56836622638362,455,death,10.5260273972603
MrOS,-0.443641054106701,28.130688882159593,667,censor,10.4821917808219
MrOS,-0.0010810394724501,61.2804005462649,368,censor,10.4328767123288
MrOS,-0.15858362248012,68.70703872405994,457,dementia,1.80821917808219
MrOS,-0.3115248684023,32.46992084995433,414,censor,3.13972602739726
MrOS,-0.46479573356476,32.37240780299586,221,censor,10.2821917808219
MrOS,0.50167201768122,90.76061008062054,714,censor,10.9287671232877
MrOS,-0.155061855682651,57.36475251556342,470,censor,10.572602739726
MrOS,0.215126224363421,82.27680260195078,813,censor,10.6986301369863
MrOS,-0.792736848836179,26.857544923105518,201,death,2.5041095890411
MrOS,0.27440059126378,91.84425794716967,655,death,8.35342465753425
MrOS,-0.56710202701091,67.38659819215245,34,death,4.03835616438356
MrOS,-0.39507409690742,55.34474624347585,223,death,7.34520547945205
MrOS,-0.462256884966941,31.768890679543627,165,death,7.87945205479452
MrOS,-0.6899077336983,52.081018389370776,46,death,5.5041095890411
MrOS,-0.201513419101251,73.05254313544364,360,death,1.83013698630137
MrOS,-1.43522621927248,1.0100437608992865,125,death,2.12328767123288
MrOS,-0.15097645057261,75.97226905234248,298,censor,10.7780821917808
MrOS,-0.538857200683979,44.638007878546865,350,censor,11.3945205479452
MrOS,-0.11397977263078,61.89443160436951,667,censor,9.30684931506849
MrOS,0.25080720089633,97.14650647057422,37,death,1.86849315068493
MrOS,-0.61833613146721,37.27888791436943,190,death,2.28767123287671
MrOS,-0.0425703260456302,88.90036822452417,238,censor,11.2328767123288
MrOS,-0.545133292105859,23.32107749266594,761,censor,10.7123287671233
MrOS,0.0517898890958193,66.9118750982951,921,dementia,1.49315068493151
MrOS,-0.30526354000026,49.12949939353204,231,dementia,6.18082191780822
MrOS,-2.47032255324966,0.0,534,death,10.4356164383562
MrOS,-1.64167967702391,1.670250023920686,159,death,6.42739726027397
MrOS,-0.677151415214951,29.394328665235534,205,dementia,1.38630136986301
MrOS,-0.27814815389092,57.070733085580784,441,death,10.3205479452055
MrOS,-0.67871989890581,13.979136900490161,230,censor,10.9452054794521
MrOS,-0.53217734645027,24.480497745140763,185,dementia,10.9095890410959
MrOS,0.24787365779093,92.42323069436922,224,dementia,3.54246575342466
MrOS,-0.18620570264259,65.0819052145391,12,censor,10.6794520547945
MrOS,-0.56166707531096,48.211489284755594,64,death,3.27945205479452
MrOS,-1.40350329859443,11.647876780888225,104,censor,11.5917808219178
MrOS,-1.77622900177588,2.6363664619836342,273,death,10.2109589041096
MrOS,-0.56162434191618,45.634737468752675,275,censor,11.6520547945205
MrOS,-0.127986329226751,85.04062101564278,37,death,6.2
MrOS,0.0414074193531107,67.20746354059902,142,censor,11.2328767123288
MrOS,-1.65632799925493,1.8419993630541294,427,death,1.85205479452055
MrOS,0.19596888270367,72.87117407112514,239,censor,11.2712328767123
MrOS,-0.0794813998565104,62.59362768069664,220,censor,10.6821917808219
MrOS,0.40583374447295,97.60283377981317,32,censor,10.8164383561644
MrOS,-0.63519852894203,31.242872060632454,24,censor,10.8712328767123
MrOS,-0.153456961056141,75.07412987475365,426,dementia,3.51780821917808
MrOS,-0.37280678555874,56.20644960491496,266,dementia,5.78082191780822
MrOS,-0.67343166640737,22.132331376709462,802,censor,10.786301369863
MrOS,0.50768605653699,94.86692399775943,30,censor,10.7506849315069
MrOS,-0.33308050989469,51.39943141136778,30,censor,3.66027397260274
MrOS,0.74029761351122,98.94183056511355,618,censor,10.586301369863
MrOS,-0.779588680687171,21.4045696358618,113,death,8.42191780821918
MrOS,-0.285765181239201,69.09969911892989,239,dementia,4.18904109589041
MrOS,-0.19801093314376,79.941138231071,18,death,3.46575342465753
MrOS,-0.84824804723621,18.030602497950575,550,dementia,10.6520547945205
MrOS,0.15496909205448,54.290458163280675,27,death,7.91780821917808
MrOS,-1.44573524705736,5.546269699798665,398,death,4.43561643835616
MrOS,-0.8120302129271,19.037271610855235,380,death,7.26301369863014
MrOS,-0.70407826029587,22.86091132670137,150,censor,10.7671232876712
MrOS,0.0678596349950794,86.80680593933852,555,death,8.2027397260274
MrOS,-0.23188703506498,65.16037323298242,514,death,6.28767123287671
MrOS,-0.15863376093868,76.85376740549073,36,dementia,11.1479452054795
MrOS,0.138825535777841,75.35561642382038,30,censor,11.2164383561644
MrOS,-0.274710275268821,65.40694889286915,26,death,3.48493150684931
MrOS,-0.0811729846032804,51.42178271797178,424,censor,10.3150684931507
MrOS,0.0701728586904593,65.52638212975775,30,censor,11.2931506849315
MrOS,-0.228311764514081,83.21662963018987,22,censor,3.52876712328767
MrOS,0.247228485937789,97.2694499009067,64,death,3.31780821917808
MrOS,0.38052974148144,82.8461750945742,474,censor,10.8465753424658
MrOS,-0.41128606760762,5.8057876461123525,20,censor,11.0931506849315
MrOS,-0.4448302836202,51.69688767594272,259,death,8.18904109589041
MrOS,-0.765461284569869,24.984179034434778,477,dementia,5.59452054794521
MrOS,1.00076986379408,100.0,13,dementia,1.43013698630137
MrOS,-0.33806943948251,15.434316270132808,16,dementia,3.78630136986301
MrOS,-0.211456062252191,45.92993844946518,28,censor,11.0547945205479
MrOS,0.113006912453579,69.8746758882252,196,death,11.2356164383562
MrOS,0.21327948921991,89.79056288735568,15,death,2.4958904109589
MrOS,0.1236345966166,81.94831748894782,221,censor,10.7945205479452
MrOS,0.50931075410748,93.70170646244546,35,dementia,1.3041095890411
MrOS,0.13600404389197,83.62427100048379,27,censor,10.9232876712329
MrOS,-0.79766728687633,26.058330913131545,259,censor,10.3041095890411
MrOS,-0.148836670211379,79.86006081371251,234,death,3.29041095890411
MrOS,-0.36889544619641,62.08329001993605,26,death,8.63561643835616
MrOS,0.0904741224907894,90.53190192759362,482,dementia,1.11780821917808
MrOS,0.02160657971787,63.67477949582101,495,censor,11.1232876712329
MrOS,-0.6056567676737,41.69834700264974,376,dementia,10.4465753424658
MrOS,-0.37769671814447,60.138769770652345,25,censor,11.4904109589041
MrOS,-0.17465603025136,35.97206210699903,34,death,1.49041095890411
MrOS,-0.26386928503936,34.33600186650665,26,dementia,6.36712328767123
MrOS,0.0925346943338596,56.44476920132983,146,censor,10.8849315068493
MrOS,-0.278839928339011,64.65936575473924,32,censor,11.4657534246575
MrOS,-0.214139210005921,42.06812296397252,191,censor,10.5890410958904
MrOS,0.68462780631765,99.99999999999999,10,censor,10.7342465753425
MrOS,-0.25734017801976,44.49414764677258,893,dementia,6.38630136986301
MrOS,-0.38867363661808,39.51051816189296,33,dementia,1.47945205479452
MrOS,-0.711513615195349,14.732608206851538,593,dementia,1.41369863013699
MrOS,-0.56999849581092,28.57937125306556,20,censor,10.6383561643836
MrOS,-0.89014029673239,11.704968126118903,861,death,10.2191780821918
MrOS,-0.4847850612578,30.05298584695851,719,censor,10.5506849315068
MrOS,-0.81869185290174,15.991399999491582,673,death,8.7972602739726
MrOS,-0.62013580968167,22.08278803920858,596,dementia,1.03013698630137
MrOS,-0.383586018530811,61.67626787655749,90,dementia,1.33150684931507
MrOS,0.64043938472806,98.32465646494944,195,death,9.86575342465753
MrOS,0.14189106170172,87.26492155825251,200,censor,11.2164383561644
MrOS,-0.76957903961694,15.33142649571895,953,death,4.27671232876712
MrOS,-0.759770244371479,18.886779956806635,154,death,3.29315068493151
MrOS,-0.78648985774599,0.0,26,censor,10.5616438356164
MrOS,0.456947059026039,85.50088313856746,195,death,7.35616438356164
MrOS,0.26176353679395,71.03524682508655,135,dementia,1.23835616438356
MrOS,-1.096544597814,5.395767063729987,875,death,10.5068493150685
MrOS,0.50494478158284,91.33657979453261,813,censor,11.1945205479452
MrOS,-0.17527453154833,53.19304681813379,20,dementia,1.60547945205479
MrOS,0.309643550905859,83.18166097013103,210,censor,10.8438356164384
MrOS,0.5935457610962,96.99173294252303,715,death,10.8849315068493
MrOS,-0.40513604470797,37.46096549820022,161,dementia,5.55342465753425
MrOS,-0.175218314197009,47.31829325339438,205,censor,11.4301369863014
MrOS,0.87243179722567,99.47679786797043,527,censor,6.43013698630137
MrOS,-1.00601902216653,6.5957216103846195,470,dementia,3.6986301369863
MrOS,0.40949782047191,86.6567039392989,14,dementia,1.51232876712329
MrOS,-0.0771105528371507,61.346911233176755,480,censor,9.97260273972603
MrOS,0.309903599366091,85.93459521027148,127,dementia,1.3041095890411
MrOS,-0.177246657475889,47.42769591804284,525,dementia,1.41369863013699
MrOS,0.22349273827371,69.6692686528811,332,censor,11.1753424657534
MrOS,-0.78779787349084,20.299336314251228,688,death,5.12054794520548
MrOS,-0.548963014523289,56.33342478359997,100,dementia,11.3068493150685
MrOS,0.77706689477326,98.95776844978185,937,death,4.11232876712329
MrOS,-0.10330419686279,48.940299198152715,767,censor,10.5917808219178
MrOS,-0.80728310457973,13.761271609170983,784,censor,10.9342465753425
MrOS,0.33333861336986,86.38469084255136,820,dementia,1.2
MrOS,-0.481142670402301,37.17436977398334,607,dementia,1.22191780821918
MrOS,-0.20996401456871,47.704869116637134,159,death,2.20547945205479
MrOS,-0.30857623422019,40.31416473882377,865,death,6.42191780821918
MrOS,-0.25048939069157,41.82252838244741,26,dementia,1.13698630136986
MrOS,-0.35977521383862,36.476036867806236,762,censor,10.6109589041096
MrOS,-0.12772013918993,67.59122506843251,15,censor,11.2465753424658
MrOS,-0.431377849503841,28.586514392148235,12,death,11.3013698630137
MrOS,0.0564094663582097,70.26809583730916,921,death,3.51506849315069
MrOS,0.16991829449594,78.7993877125249,226,censor,10.3178082191781
MrOS,0.47763716288019,95.09875007207386,485,death,6.78356164383562
MrOS,-0.29303754888853,42.49559374881536,493,death,7.13972602739726
MrOS,-0.75511886678815,12.477003669687338,798,censor,10.1424657534247
MrOS,-0.24876509776939,32.56915913612588,686,death,8.43013698630137
MrOS,-1.14073470452589,6.265500489465337,496,death,2.36438356164384
MrOS,0.6349795408861,94.98965535384917,679,censor,11.4493150684932
MrOS,0.0092875533297899,80.95450681285453,533,censor,10.8739726027397
MrOS,0.97564273821688,98.93145970730585,184,censor,6.24657534246575
MrOS,-0.555045457226031,42.945823203086434,415,death,5.06027397260274
MrOS,0.52677505800211,97.35188267926475,825,censor,11.9205479452055
MrOS,-0.78365388166184,22.66730939316772,611,death,7.95068493150685
MrOS,-0.766734200691999,22.681088285716655,483,death,7.82191780821918
MrOS,0.19748526099859,96.70603462047393,68,dementia,0.693150684931507
MrOS,0.4482246740195,96.35908253218884,642,death,6.83835616438356
MrOS,-0.73421436329411,11.955456678958129,770,death,6.63013698630137
MrOS,0.99401464433399,99.59240435537082,739,dementia,3.27945205479452
MrOS,-1.20593844402873,7.617169050258755,466,death,4.97808219178082
MrOS,0.11311704247085,86.23278305912791,563,death,8.16438356164384
MrOS,-0.46825174697142,41.739835246728475,178,censor,11.7561643835616
MrOS,0.12064193073963,75.94969172758802,302,censor,11.1835616438356
MrOS,-0.78963141560006,27.69272145042079,225,death,9.89315068493151
MrOS,-0.28671903512148,65.34322798666909,438,dementia,2.27945205479452
MrOS,-0.0099751646577104,64.52798896953004,619,death,7.35068493150685
MrOS,-0.0336192746650298,91.73781135245636,172,dementia,1.25205479452055
MrOS,-1.75655574078452,0.8758998399907464,387,death,4.97260273972603
MrOS,-0.40040128048075,42.87735563813337,618,censor,10.8986301369863
MrOS,-0.72570646682985,15.127346267611404,127,censor,10.4219178082192
MrOS,-0.0035474661461606,53.87258878333985,727,dementia,5.9041095890411
MrOS,0.0399797974321999,63.32604284426436,705,censor,10.9671232876712
MrOS,0.0691391023806702,86.86447412081233,175,death,10.0109589041096
MrOS,-0.20290878862325,57.320782582838696,224,censor,9.78904109589041
MrOS,-0.96616602183115,10.089201028830349,686,dementia,1.23287671232877
MrOS,0.0772212572893693,76.68742531132902,773,death,8.86575342465753
MrOS,-0.33454350855399,49.89201924144594,723,death,9.44109589041096
MrOS,-0.18084588263022,61.489122144727794,491,death,7.81095890410959
MrOS,-0.91579039796828,14.051322786617048,676,death,9.6
MrOS,0.20565669301879,85.99811550068418,99,death,8.35068493150685
MrOS,-0.81445230291895,20.44004671292471,203,death,4.34794520547945
MrOS,0.0511191802283705,61.84453813628468,534,censor,10.1013698630137
MrOS,-0.474080368422349,33.46849014253216,732,death,2.87671232876712
MrOS,-0.46901859591528,32.988965280427855,225,death,8.89315068493151
MrOS,-0.4412086994078,34.783221094655104,640,censor,11.558904109589
MrOS,-0.92657182742165,2.8823933656532157,95,death,7.18630136986301
MrOS,-0.281886074229919,38.99977951811655,603,death,6.70958904109589
MrOS,0.32274899168728,100.0,148,death,8.58356164383562
MrOS,0.0476459240907005,69.65131950991228,721,censor,10.4246575342466
MrOS,0.74801831301443,99.17229777289597,425,censor,6.36164383561644
MrOS,0.13623838292845,68.96360450570515,673,death,5.0027397260274
MrOS,0.16880530245747,72.29200455790941,741,censor,10.7972602739726
MrOS,0.15542269698571,91.98172312688243,426,dementia,7.07123287671233
MrOS,0.45240536135349,84.6075176952447,182,death,8.18356164383562
MrOS,-0.9156191159351,14.587679256142794,721,censor,3.37260273972603
MrOS,-0.77180663364754,27.43641938448276,267,death,9.67123287671233
MrOS,0.07752199809904,74.49023526325048,689,censor,11.2547945205479
MrOS,0.13072375521137,70.00866749792236,835,censor,10.3123287671233
MrOS,0.50190285867843,89.44972644373797,174,censor,11.0301369863014
MrOS,-0.741733474839511,14.500310399431442,618,death,10.3178082191781
MrOS,-0.41857429442524,34.15369583776758,896,dementia,4.13972602739726
MrOS,-0.57292335221165,18.84172747953438,337,death,6.85479452054795
MrOS,-1.21852950691144,8.691258609375568,116,death,10.8383561643836
MrOS,0.74379354310546,96.7549114138595,206,censor,10.2356164383562
MrOS,-0.75446476994113,12.380280425492533,141,censor,10.5150684931507
MrOS,0.209816353651939,88.43492678582032,512,censor,10.6082191780822
MrOS,-0.0778947877685994,67.1448090356104,472,dementia,3.3972602739726
MrOS,-0.412939587866759,38.77421601741757,471,censor,11.4849315068493
MrOS,-0.437466970971521,46.38546925640506,554,dementia,6.55616438356164
MrOS,-0.559526900697109,26.170253191622628,880,censor,10.1972602739726
MrOS,-0.651103776289951,16.15025040860188,360,death,3.21095890410959
MrOS,-1.15260730486029,6.6236287679428045,658,death,5.04383561643836
MrOS,1.19257414368638,100.0,222,death,9.35890410958904
MrOS,-0.24655802802862,52.56403934206756,582,death,5.70684931506849
MrOS,0.0470156432709601,59.906266898507404,676,censor,11.2958904109589
MrOS,-0.345920904275479,27.71690954276444,128,dementia,1.18630136986301
MrOS,-0.31859582209533,42.488961295662115,862,censor,10.241095890411
MrOS,-0.32717772240203,33.669215159161915,741,censor,10.6657534246575
MrOS,-0.8430493694539,6.680535082379472,471,censor,10.7260273972603
MrOS,0.715677111083249,98.02182220728656,916,death,10.6958904109589
MrOS,-0.28382093899685,39.6183244336072,730,censor,10.3917808219178
MrOS,0.598622576593659,92.65659348761206,698,death,9.73698630136986
MrOS,1.38335566342901,99.99999999999999,164,death,11.7808219178082
MrOS,-0.43399241240115,24.4678051512117,531,censor,9.55890410958904
MrOS,-0.37838301173657,64.90958217622116,98,dementia,3.52054794520548
MrOS,-1.28292153586114,2.847826274328949,552,censor,9.86301369863014
MrOS,0.433884905053191,95.68807905473216,86,censor,10.3479452054795
MrOS,0.51805944346372,91.81069240808415,698,censor,11.0876712328767
MrOS,0.26920308679975,80.61213024646969,878,censor,11.2986301369863
MrOS,0.710456673375759,98.88563190573464,485,dementia,1.45753424657534
MrOS,-0.212659352283799,65.99165034717356,322,death,4.67671232876712
MrOS,-0.51215027645777,29.016165389989645,240,death,9.09041095890411
MrOS,-0.43881139897329,24.75884597348811,667,censor,10.6849315068493
MrOS,-0.10252189861892,64.87486761882455,780,censor,11.3123287671233
MrOS,-0.55343941563637,28.116320579161336,163,dementia,2.84109589041096
MrOS,-0.55316873016361,25.217743259241306,571,censor,9.83835616438356
MrOS,-1.5554009540288,2.5631753444450953,558,censor,11.4438356164384
MrOS,0.38800396929373,77.02022771381576,38,death,8.35342465753425
MrOS,0.10955622780249,64.25382568910291,515,dementia,1.36712328767123
MrOS,-0.2341135502659,40.51499326368556,903,death,9.61369863013699
MrOS,-0.7902767586038,23.492814650239037,149,dementia,0.764383561643836
MrOS,0.471908484861081,94.123931206048,906,death,2.67397260273973
MrOS,-1.59197146808093,2.6656312863490474,540,death,10.8
MrOS,-0.395756492602089,42.81818845701133,400,death,11.5205479452055
MrOS,-0.61340100187292,37.650035527840586,450,dementia,5.40547945205479
MrOS,-0.52079207561513,22.120920897948753,630,censor,10.6575342465753
MrOS,-0.63118713735107,41.62923051100514,213,dementia,9.97260273972603
MrOS,-0.90749090453027,9.528854429115466,903,death,10.9945205479452
MrOS,0.346093423609079,78.89209138706393,316,censor,11.3972602739726
MrOS,-1.12205075798298,10.962012339072773,212,censor,3.53424657534247
MrOS,0.435290666456039,87.58019180482374,738,death,10.2493150684931
MrOS,-0.47336852321156,22.323318498361278,597,death,7.86575342465753
MrOS,-0.49190162433801,27.753082618773398,703,censor,10.0328767123288
MrOS,-0.63769848461845,27.149840584451994,599,death,8.76986301369863
MrOS,-0.18398667840204,62.167746755168565,718,death,4.16164383561644
MrOS,-0.0592004311746607,67.25489770162743,767,censor,10.9890410958904
MrOS,-0.46984015140888,20.553318015386047,514,censor,5.68767123287671
MrOS,-1.52503268605738,4.9056567532083974,469,death,3.33972602739726
MrOS,-0.46299497799457,18.15673270438827,538,censor,10.241095890411
MrOS,-0.11515505437423,73.93438224099418,433,death,5.42739726027397
MrOS,0.20031279263431,70.88739459596556,710,death,7.12054794520548
MrOS,-0.958538587548981,8.21363079160076,185,censor,10.9123287671233
MrOS,0.67301314042704,91.54804234869593,177,death,11.0520547945205
MrOS,-0.575677735420609,24.689435219594827,893,censor,10.6493150684932
MrOS,-0.0223154575508104,68.60664868702152,214,death,9.97534246575342
MrOS,0.699332964841111,96.35746647349548,514,death,7.71232876712329
MrOS,-0.10564982394625,43.39960351487375,257,censor,10.4547945205479
MrOS,-0.20808453005185,83.07128883509377,160,censor,10.0958904109589
MrOS,-0.50411786941892,50.028910800585344,286,death,7.90958904109589
MrOS,-0.23221147972265,39.215869621556465,365,death,6.54794520547945
MrOS,-0.35792494682357,51.9629989731287,483,censor,10.7041095890411
MrOS,-0.21380819389739,34.63821274274282,616,censor,10.5287671232877
MrOS,0.1998253850086,77.33949554029738,721,dementia,11.8109589041096
MrOS,0.26698146798982,77.98214443891982,641,dementia,3.22191780821918
MrOS,-0.0042387085594299,63.086679074088075,887,censor,10.3671232876712
MrOS,-0.55348400343287,48.27156141067131,231,death,7.26027397260274
MrOS,0.15984699747512,72.0528619239816,500,censor,10.0301369863014
MrOS,0.36390210694136,84.21415218572392,235,censor,10.586301369863
MrOS,-0.20150971774745,52.81722845284657,484,censor,11.186301369863
MrOS,-0.462849902307519,30.01578401618132,385,censor,10.3342465753425
MrOS,-0.0243466334745804,48.65698265244081,476,censor,3.14520547945205
MrOS,-0.86231187904863,8.338440738099614,749,censor,9.92876712328767
MrOS,0.54094152360301,90.0629303306168,275,censor,10.4904109589041
MrOS,0.3258169875334,84.26216369021421,532,censor,10.7041095890411
MrOS,-0.71495807044147,23.504252486053005,121,censor,10.7260273972603
MrOS,-1.06835002540824,5.462610396122755,956,censor,10.7369863013699
MrOS,0.0874624980204302,71.96822987754341,574,censor,10.3835616438356
MrOS,-0.681571229417059,16.281054322135102,703,censor,11.1972602739726
MrOS,-0.590126283984161,21.85232046555859,703,censor,11.6794520547945
MrOS,-0.08646579881284,69.66810605085203,302,death,3.27397260273973
MrOS,0.18511229222395,66.74952768123136,540,censor,10.8301369863014
MrOS,-0.3978862135185,49.68178194545527,212,dementia,0.536986301369863
MrOS,-0.25897584814951,45.63953931593846,916,censor,11.4219178082192
MrOS,0.486135773481909,83.64649443030406,276,death,10.1205479452055
MrOS,0.13992044661137,73.11479129567923,850,censor,10.9369863013699
MrOS,0.0299760440288907,78.84827750357918,618,death,3.98630136986301
MrOS,0.61948979037426,93.61879047205285,726,censor,10.9917808219178
MrOS,-0.64291487426927,20.763341420898104,715,censor,10.3397260273973
MrOS,-0.173343078698321,72.94762799719491,47,dementia,3.31780821917808
MrOS,-0.10304040929837,69.25024653506787,418,dementia,1.11506849315068
MrOS,0.338157893344599,94.32442514622657,182,censor,3.44109589041096
MrOS,-1.11988167730188,4.934196651892924,434,censor,11.1506849315068
MrOS,-0.72799061618887,27.75934451566457,131,death,9.55342465753425
MrOS,-0.525859642075559,31.62522230162309,472,death,4.74794520547945
MrOS,0.668500152325031,97.41624682508669,575,censor,9.84383561643836
MrOS,-1.16804131217005,18.392028690393122,116,death,5.4958904109589
MrOS,-0.650551979748511,16.283245000993794,505,death,11.2301369863014
MrOS,-1.05694859989912,5.639839645623431,687,death,8.13150684931507
MrOS,0.183199625742471,74.83364001837816,853,death,3.47397260273973
MrOS,0.0859151382550294,61.2629178936848,537,death,6.33698630136986
MrOS,0.18148784572881,82.69943841715568,872,death,4.98082191780822
MrOS,-0.71556322972873,12.247318661903941,631,death,3.68219178082192
MrOS,-0.93296757378645,14.639650075850387,482,censor,9.84109589041096
MrOS,-0.63937544340446,35.01201230050065,438,censor,10.0876712328767
MrOS,-0.143126486216831,54.83827401282831,830,censor,9.71780821917808
MrOS,-0.772242905733439,14.564118288253777,182,dementia,10.9123287671233
MrOS,0.0108001945668804,65.86932161451816,161,dementia,3.29315068493151
MrOS,0.134405259232609,79.63158236730217,483,death,3.82191780821918
MrOS,0.0626729988544596,69.98039374180833,896,death,9.19452054794521
MrOS,-0.80355676906765,16.327982001694178,867,dementia,0.904109589041096
MrOS,-0.3226308393363,42.10726113917674,874,death,11.1890410958904
MrOS,0.55618656928945,93.77412558780696,133,death,10.4821917808219
MrOS,0.48682152732603,83.49872984462904,270,censor,10.2383561643836
MrOS,-0.54315426182991,37.14659391732652,651,death,9.75068493150685
MrOS,-0.0578010546334696,67.96631478718628,741,censor,10.3260273972603
MrOS,-0.17136634289607,49.1041816745751,635,death,10.4328767123288
MrOS,-0.0720870042536603,55.545779384384645,554,censor,10.1397260273973
MrOS,-0.14228612398509,52.823296927806446,210,dementia,2.51232876712329
MrOS,0.0561223272138093,60.43636534739389,677,censor,11.2904109589041
MrOS,-0.768108906116839,12.70693422668662,283,censor,3.31506849315068
MrOS,-0.04049957923812,76.26832552621384,428,death,4.3972602739726
MrOS,-0.0395737269341694,57.57176151214748,231,censor,10.0547945205479
MrOS,0.409896797913051,96.1189551235185,109,dementia,10.6849315068493
MrOS,-0.95073763525093,11.989786179841902,622,death,7.74246575342466
MrOS,0.62695127219486,95.91006411901529,514,dementia,6.84383561643836
MrOS,-0.567950682542229,34.45033919962917,517,death,7.96986301369863
MrOS,-0.47171869269167,41.74308262089988,585,censor,10.2465753424658
MrOS,-0.10884894292831,41.252279301330496,602,censor,10.0876712328767
MrOS,-1.42918747483775,1.4561258607081757,683,censor,3.5972602739726
MrOS,0.15490509698417,71.11764463088277,217,death,9.33972602739726
MrOS,-0.2374497964714,53.06630354629899,239,censor,10.9561643835616
MrOS,0.38260188603129,85.05797166617643,690,death,1.43287671232877
MrOS,-0.24072910628404,37.69747550600561,647,censor,11.0712328767123
MrOS,0.15718878278541,86.71237628297644,567,death,3.7041095890411
MrOS,0.0219059706213798,79.6725911482283,645,censor,6.16712328767123
MrOS,-0.0795557851182096,47.82100547287274,61,censor,10.1068493150685
MrOS,-0.38747499275791,39.47435700337894,854,censor,3.02739726027397
MrOS,0.42796791368782,95.47927955035254,99,death,7.02465753424658
MrOS,-0.45622409882906,24.513009359343766,724,censor,10.6849315068493
MrOS,-0.26304691182323,40.10631298172983,434,censor,10.972602739726
MrOS,-0.0849837367293205,68.80700580904974,350,death,2.67671232876712
MrOS,0.22616859866266,76.09989677363107,685,death,7.93972602739726
MrOS,-0.35589872986849,42.22750198224112,842,dementia,5.0986301369863
MrOS,-0.98711590401048,12.957027520020201,346,censor,10.7753424657534
MrOS,-0.713829692807791,21.134465670249746,739,death,3.87671232876712
MrOS,0.0543088014403097,64.91674948534944,178,censor,10.2027397260274
MrOS,0.84069066523176,98.84864906315445,889,censor,9.63561643835616
MrOS,0.673040083531799,96.75191340722043,688,censor,11.2767123287671
MrOS,-0.610063709407029,42.455050452588914,278,death,6.41095890410959
MrOS,-0.10828917209728,46.294831798018095,724,censor,10.0328767123288
MrOS,-0.403346026054101,33.04902974199752,724,censor,10.6986301369863
MrOS,-0.106237674589489,48.69092607864832,187,censor,10.3698630136986
MrOS,0.2026588872095,80.45452466423497,365,censor,10.3150684931507
MrOS,0.287254061424621,70.63845742044835,206,censor,9.95342465753425
MrOS,0.0297026512851204,68.38776707082292,500,dementia,0.780821917808219
MrOS,-0.2989508921479,30.92912318743926,158,censor,11.5452054794521
MrOS,0.26531407052307,95.44110736540988,241,death,9.13424657534247
MrOS,0.641457788268811,95.86301301267257,862,censor,11.1424657534247
MrOS,-0.91366861177345,18.25152020300039,169,death,8.9041095890411
MrOS,0.3361292766407,76.81518458238718,390,dementia,10.9095890410959
MrOS,0.742138264424089,95.30019664215996,167,censor,10.813698630137
MrOS,0.20566001654559,89.02297400095905,195,censor,11.241095890411
MrOS,0.4915235077246,94.51055796247128,741,censor,9.37808219178082
MrOS,0.84978658326791,98.91267271359361,618,censor,10.0821917808219
MrOS,-0.985238824150819,6.798984186214779,742,censor,3.64931506849315
MrOS,0.110113090889141,69.71409082531363,487,censor,11.2027397260274
MrOS,0.56703257773077,93.27224488898847,652,death,10.986301369863
MrOS,-1.0002276878552,9.18224262679383,773,dementia,3.64109589041096
MrOS,0.32927849299991,94.81982321689699,595,censor,9.77534246575343
MrOS,-0.47750748839503,33.18200737541163,247,death,3.38630136986301
MrOS,-0.03777989077998,75.51065349184145,608,censor,10.4931506849315
MrOS,0.53808969389622,92.63764643467393,706,censor,3.43013698630137
MrOS,-0.699327874309991,20.95451870205079,414,censor,10.6986301369863
MrOS,0.49672437226219,88.34280429385575,173,death,1.64109589041096
MrOS,-0.44065747751561,35.12949970995828,775,death,9.48219178082192
MrOS,-0.17329066750608,57.9948668228959,620,censor,10.2602739726027
MrOS,0.67426337927449,73.16634039966165,10,death,7.25205479452055
MrOS,-0.47365605337688,27.187498860417953,864,censor,10.3561643835616
MrOS,-0.57855178712142,26.389027337936696,702,censor,10.7561643835616
MrOS,-0.0295400870254198,62.98180453418244,417,censor,10.372602739726
MrOS,0.111098617245349,72.12596526651305,805,death,4.90684931506849
MrOS,-0.23937630258466,39.98988073174241,829,censor,9.66849315068493
MrOS,1.03110297581657,100.0,105,censor,10.5178082191781
MrOS,-0.30409056002996,58.27053757434733,232,death,9.92054794520548
MrOS,-0.3489344375169,48.92642292029066,74,death,3.4027397260274
MrOS,-0.2590014885169,35.32501749422233,777,censor,10.4712328767123
MrOS,-1.05884236897541,7.55759834737645,751,death,8.90958904109589
MrOS,-0.518575365676411,29.990260001964476,412,death,8.3013698630137
MrOS,0.36915971110232,72.90822713374604,146,censor,4.37260273972603
MrOS,-0.29800198634441,40.03245341700661,226,censor,10.7260273972603
MrOS,0.18555974607479,84.97716049077682,664,death,11.0986301369863
MrOS,0.852010536654009,99.41109367332051,730,censor,10.8356164383562
MrOS,-0.0145153978080799,69.3082517620165,669,censor,4.02191780821918
MrOS,0.216625071676199,88.81604101439059,285,censor,11.7178082191781
MrOS,-0.58858192093,25.09239260540493,77,censor,10.8191780821918
MrOS,0.293078185104061,84.59948395001369,795,death,5.8986301369863
MrOS,-0.0307388891362194,66.3766909465264,556,censor,10.8328767123288
MrOS,-0.32103501608584,45.79669744160369,769,death,4.63561643835616
MrOS,-0.60523810451119,22.673963870669535,866,censor,11.4027397260274
MrOS,-0.88029092929056,7.685594846964271,374,censor,10.9506849315068
MrOS,-0.49150324908935,33.33888820861571,25,death,3.1013698630137
MrOS,0.14497730620824,79.63284132299785,389,censor,11.4054794520548
MrOS,-0.50539767932722,28.188399290857507,373,censor,11.3013698630137
MrOS,-0.0401554110380602,58.653179996610085,882,censor,11.4054794520548
MrOS,-0.192388236263611,49.567486069880104,820,censor,10.5479452054795
MrOS,-0.0115797301392504,66.99231701132774,847,censor,10.758904109589
MrOS,0.0458662758337596,51.73969636017029,231,death,7.60821917808219
MrOS,0.0427397298654299,81.2290613149826,77,death,2.93698630136986
MrOS,-0.74253185924955,10.329962820919063,538,death,8.66849315068493
MrOS,-0.86347929900455,8.785540740309342,390,death,8.88219178082192
MrOS,0.42955974769763,81.6291432620714,78,censor,10.3260273972603
MrOS,-0.55725513351896,22.389706157183724,227,censor,10.0876712328767
MrOS,-0.6575316945906,20.129231199255823,858,death,7.91232876712329
MrOS,0.416357769006309,93.71829802107054,930,death,10.427397260274
MrOS,0.2584173938825,78.45103337016924,622,dementia,11.3945205479452
MrOS,-1.05431714124165,20.507868219618878,105,dementia,4.09315068493151
MrOS,0.12404558888792,84.58403877031309,318,death,7.33150684931507
MrOS,-0.27457450983686,36.115141170844176,159,death,6.6958904109589
MrOS,0.0584965678149601,78.97287225417062,208,dementia,3.97808219178082
MrOS,0.564363472369089,94.4176243273353,726,censor,10.1917808219178
MrOS,-1.0629935235657,4.080229832206175,551,censor,10.8602739726027
MrOS,-0.18852814787903,50.48865488430357,222,death,11.7095890410959
MrOS,0.128260789177109,81.19925685242656,703,death,5.56986301369863
MrOS,-0.831834025676331,13.567179029874204,158,censor,11.6438356164384
MrOS,-0.228074475950049,67.84472303703713,213,censor,9.76438356164384
MrOS,-0.39941031987089,22.071240444913425,528,death,6.21095890410959
MrOS,-0.311785060709769,42.5145355576707,713,death,7.08493150684932
MrOS,-0.20027002168778,62.867137067852774,646,dementia,6.05205479452055
MrOS,-1.55671675631666,2.191349746047228,377,dementia,3.4986301369863
MrOS,-0.45317721348564,29.679065821257634,635,censor,10.5917808219178
MrOS,-0.26847191308063,46.53225892339516,764,censor,10.0657534246575
MrOS,-0.1951873015104,46.11142591248752,256,dementia,3.71506849315068
MrOS,-0.718742286197509,11.919566134429868,675,death,8.32876712328767
MrOS,-0.30971607997778,45.22410386486808,791,censor,10.7260273972603
MrOS,-0.24154777220009,32.350849025940214,657,censor,11.4904109589041
MrOS,-0.47972618050111,39.96251011228685,371,death,4.13150684931507
MrOS,-0.409611918398831,31.375903839377848,899,censor,9.95068493150685
MrOS,-0.0221918023531302,65.46258641831338,531,censor,10.4575342465753
MrOS,-0.172640771132269,52.497799602674235,548,dementia,6.95616438356164
MrOS,0.192003740252601,69.99066983245308,206,dementia,1.6986301369863
MrOS,-0.61527449019429,39.75523660790255,224,death,10.8493150684932
MrOS,-0.74877662176681,11.93950897192784,832,censor,10.6493150684932
MrOS,-1.63144479093481,0.5107319131078837,557,dementia,11.413698630137
MrOS,0.30241213844606,82.0493501560268,808,dementia,10.7095890410959
MrOS,-1.25204635056428,7.582314196567868,90,censor,11.1917808219178
MrOS,0.0803828135607901,80.42266110423263,734,censor,11.6849315068493
MrOS,0.0104583809274999,60.40309740118818,820,death,10.8931506849315
MrOS,-0.846365680275019,19.671192966456662,586,death,5.9972602739726
MrOS,-0.96109671382421,8.628343540561254,245,censor,10.8520547945205
MrOS,0.283967018272681,79.86695192010964,581,censor,9.82739726027397
MrOS,-0.31610248473264,45.7775487923238,94,censor,10.5671232876712
MrOS,-1.11699385833177,9.127387195746534,342,death,9.71506849315069
MrOS,1.32147960373536,99.99999999999999,616,death,3.43287671232877
MrOS,-0.315929833950091,33.20220465868094,562,censor,10.8986301369863
MrOS,-0.13518074119377,74.60220174069347,499,dementia,1.17808219178082
MrOS,-0.29231930132683,51.58740430074813,79,censor,11.3561643835616
MrOS,-0.317601283261099,25.950770947510268,532,censor,10.9315068493151
MrOS,0.67853125607798,96.30224049511644,781,dementia,1.15616438356164
MrOS,0.0627070243716204,82.91296248129997,635,dementia,4.02465753424658
MrOS,1.17835583659854,100.0,81,death,11.5315068493151
MrOS,-0.96737219922379,9.729496253630664,739,death,8.55616438356164
MrOS,-0.0476311758898802,43.92786487152877,430,censor,11.0109589041096
MrOS,0.204243381202249,76.29517847892322,190,censor,10.786301369863
MrOS,-0.57164901511474,20.996868474333574,808,censor,9.93424657534247
MrOS,-1.22541557935388,7.545083811762053,458,death,11.6383561643836
MrOS,-0.264192827412521,74.55329933102358,48,death,9.34520547945205
MrOS,-0.79208077139656,12.371114263089895,220,censor,3.99452054794521
MrOS,-0.62832686856697,25.561254692469912,684,censor,9.72602739726027
MrOS,0.340833253415551,89.69213876684881,882,dementia,10.6465753424658
MrOS,0.356818655174,93.4507196016274,850,censor,10.5260273972603
MrOS,-0.39537625560923,26.19823675178418,651,censor,10.3561643835616
MrOS,-0.0811324420527498,52.33020386071583,635,censor,10.3424657534247
MrOS,-0.0585494007137399,57.4645328588568,660,death,8.41643835616438
MrOS,-0.95336742036797,12.794295301322922,344,dementia,4.3041095890411
MrOS,-1.04209435280239,2.636324054635674,356,censor,10.8109589041096
MrOS,-0.0274401679933405,49.354892032692355,316,dementia,1.79178082191781
MrOS,-0.761617651091881,18.663118582943486,674,censor,10.8904109589041
MrOS,-0.0556971333261103,57.4913798584642,714,censor,10.3150684931507
MrOS,0.321526626628891,84.20804497499822,602,death,8.10684931506849
MrOS,-0.52043994285107,34.372436734394945,240,death,6.94246575342466
MrOS,-0.19532594245081,50.98576489452241,880,dementia,7.0
MrOS,0.315913573619621,83.455942386427,816,censor,10.8109589041096
MrOS,0.70729844099565,89.11110664275384,53,death,3.92054794520548
MrOS,-0.1719179800612,73.55087436737506,372,death,10.0054794520548
MrOS,-1.14875282700026,26.392762520773847,23,death,3.15890410958904
MrOS,0.21790292178767,70.15056397790906,574,censor,10.5534246575342
MrOS,0.167742247787101,84.0915705015178,831,death,11.5561643835616
MrOS,0.287821992999901,80.59410106840868,513,censor,10.7369863013699
MrOS,-0.74556425658311,13.585638859292239,762,censor,10.2219178082192
MrOS,0.112063210922329,66.47949866300338,760,censor,11.2657534246575
MrOS,0.195914449199699,74.9079451241583,739,censor,1.41917808219178
MrOS,-0.20173459452614,49.69546567195033,738,censor,10.2630136986301
MrOS,-0.390048032913781,43.146338703742195,743,death,8.12328767123288
MrOS,-0.2436034106909,45.565698453074454,631,censor,11.613698630137
MrOS,-0.98947544106986,3.817533228532505,243,censor,10.3753424657534
MrOS,0.58300539098731,93.9346655393761,869,death,7.20821917808219
MrOS,-0.0929511567412007,55.35014997080703,427,censor,9.7013698630137
MrOS,-0.263981272928891,47.031890218646055,249,death,10.8547945205479
MrOS,-1.39348014158323,4.760474257487672,604,death,9.71506849315069
MrOS,-0.47124501398652,32.42983362678826,776,death,10.4684931506849
MrOS,-0.331338259257799,43.475734750771096,884,censor,10.627397260274
MrOS,0.22860316179832,75.94069805744236,851,censor,11.213698630137
MrOS,-0.0906909909368395,58.4745590601886,53,censor,4.31232876712329
MrOS,-0.0024205589798199,86.93762210422139,215,death,2.58904109589041
MrOS,-0.16067988411758,62.043776914589415,334,censor,10.6657534246575
MrOS,-0.22974913739061,58.43701761847649,699,death,11.0191780821918
MrOS,-1.39673712427059,2.548116045701339,825,dementia,1.73150684931507
MrOS,0.0686417099881098,83.08815824743579,201,death,9.66849315068493
MrOS,-0.51379254612863,30.201347876535085,640,censor,11.0630136986301
MrOS,0.0518246049354801,83.5542000756029,312,death,3.69315068493151
MrOS,0.690819147071851,97.95001048435161,894,censor,10.2986301369863
MrOS,0.20655813546109,93.57448711085135,378,censor,4.10958904109589
MrOS,0.24610610170549,97.02489215000047,115,death,5.49315068493151
MrOS,-0.31621998703032,32.920752441425996,689,censor,9.7013698630137
MrOS,-0.0643527648591302,67.66165298434755,121,dementia,4.32328767123288
MrOS,-0.43437846578536,36.97469878953105,501,censor,10.9342465753425
MrOS,-0.338339031357719,55.46742294670772,403,censor,11.0547945205479
MrOS,-0.33665952417003,29.995637428401018,124,censor,11.386301369863
MrOS,-0.82689295470946,10.486879255225974,898,death,7.61643835616438
MrOS,0.69549929325664,95.16284440295804,213,death,8.42465753424658
MrOS,-0.25478893773153,49.34626989719753,848,censor,4.27671232876712
MrOS,-0.4256566262048,24.90267972485942,833,censor,10.7835616438356
MrOS,-0.0332382889764702,54.85940681987241,791,censor,11.4739726027397
MrOS,-1.41684526742383,11.823702476958108,106,death,7.72876712328767
MrOS,-0.66851352992217,14.83506793734596,703,death,10.2958904109589
MrOS,0.0598274145699605,74.69759683594658,885,censor,3.83835616438356
MrOS,-0.35885678872007,46.675373950275976,634,death,10.172602739726
MrOS,0.209990997028299,74.03626741149853,289,censor,10.1698630136986
MrOS,0.56922679763679,94.41320576425272,886,dementia,1.53698630136986
MrOS,-0.51479775726576,22.426014821752766,158,censor,11.6794520547945
MrOS,0.0535226779836705,77.7863403893846,55,death,12.0465753424658
MrOS,0.58395474741959,93.61429636287008,723,death,7.24383561643836
MrOS,-0.0456157166503701,52.52192164805794,515,censor,10.0328767123288
MrOS,0.27820898014018,92.73495937266456,202,dementia,3.56712328767123
MrOS,-0.357143412944519,27.593460885528383,732,censor,10.8712328767123
MrOS,0.3830669096189,94.9278612579917,776,death,8.15616438356164
MrOS,-0.18558664838595,46.009258182721055,778,death,11.8794520547945
MrOS,0.3977863471269,92.65097247821338,940,censor,9.95342465753425
MrOS,-1.37602299807468,2.4152742457683294,763,death,7.52602739726027
MrOS,-0.68756191506839,22.16925566697645,686,censor,11.2794520547945
MrOS,-0.0764683149471395,73.00545358504493,453,censor,10.7643835616438
MrOS,-0.39782502924682,24.50608505131915,58,death,8.83561643835616
MrOS,-0.94952510901405,14.324163158205366,570,dementia,3.97808219178082
MrOS,-0.0964330740224199,62.42413522729626,595,censor,11.3123287671233
MrOS,0.49397919499347,86.31372187569957,293,censor,11.5561643835616
MrOS,0.0619532035195107,61.322414228517815,117,death,6.91232876712329
MrOS,0.101197132455719,73.6136144044252,391,dementia,4.25479452054795
MrOS,-0.29444370237112,33.517867274477396,615,censor,10.7424657534247
MrOS,0.11497669039845,74.87352362079422,753,censor,9.5945205479452
MrOS,-0.0694476352890206,57.07954339951699,247,censor,10.2
MrOS,-0.0850157389442799,77.85949326139888,50,dementia,6.12876712328767
MrOS,0.8310494365631,98.5231481087815,645,censor,9.93150684931507
MrOS,0.45733154736545,88.43388404170672,344,dementia,4.1013698630137
MrOS,-0.64858995779677,25.033827814410778,88,censor,10.4767123287671
MrOS,0.0969496671929505,73.20708058977864,230,censor,9.8958904109589
MrOS,0.361286265430419,94.37196186606978,547,death,8.14246575342466
MrOS,-1.36107557953985,4.014383773111262,686,censor,11.5068493150685
MrOS,0.446513518530899,89.07365567344242,212,dementia,3.87123287671233
MrOS,0.0259579610627796,52.44827654326517,402,censor,10.186301369863
MrOS,0.35587094529771,96.00091439202765,87,death,8.15616438356164
MrOS,-0.40109543366447,30.831817514675386,640,dementia,1.22739726027397
MrOS,-0.56662190738698,17.680386622687053,781,censor,11.0438356164384
MrOS,-0.185879764074799,54.35400610327546,801,censor,10.227397260274
MrOS,-0.49562674614384,34.248453372776716,679,death,9.6027397260274
MrOS,-0.31417769177914,63.971434583212584,418,death,9.39178082191781
MrOS,-0.78083926081768,15.267026204975098,150,censor,6.26849315068493
MrOS,-0.5268036784201,21.962948070054825,813,censor,10.4383561643836
MrOS,0.42924458836265,88.63285623434749,810,censor,10.1698630136986
MrOS,-0.22874341904399,35.41464491030641,654,censor,10.7232876712329
MrOS,-0.24281221554515,77.0584084182145,179,death,7.78630136986301
MrOS,-0.379058914593379,41.270188744629806,658,death,7.62465753424657
MrOS,-1.20279710444062,9.800651186290683,352,death,12.0493150684932
MrOS,-1.19675243049429,5.436518893177759,470,dementia,10.8493150684932
MrOS,0.0542139708414098,85.13535383841764,79,dementia,4.04931506849315
MrOS,-0.41190419614684,43.992700676409385,170,dementia,6.9041095890411
MrOS,0.18579240426922,77.42881475059033,738,censor,6.87945205479452
MrOS,-0.32947912720941,40.642813229186665,910,censor,10.3972602739726
MrOS,-0.19377186745524,45.75375378829012,912,censor,11.1068493150685
MrOS,-0.377671148735701,28.584461504966498,759,censor,9.93150684931507
MrOS,-0.90756360345676,8.767961502893158,841,death,10.3780821917808
MrOS,0.28171210256257,83.44424761575561,847,censor,11.1616438356164
MrOS,-0.73339087422556,19.50080250011828,692,censor,12.0465753424658
MrOS,0.20434190200404,72.75186275302562,698,censor,9.86027397260274
MrOS,0.39340867309009,92.84123209160465,28,dementia,4.14246575342466
MrOS,-0.180511174419431,67.55599607140152,25,censor,10.5397260273973
MrOS,0.850677475002171,99.69104469499051,294,censor,9.73698630136986
MrOS,-0.0753311360374198,63.65988930627039,513,death,2.90684931506849
MrOS,-0.77865660910615,10.652243078828459,218,death,6.06849315068493
MrOS,-0.18878432233748,58.8439788177933,695,censor,9.62739726027397
MrOS,0.260463809648139,91.90958060960088,460,dementia,1.2
MrOS,-1.0075141703592,14.638698303009113,99,censor,11.027397260274
MrOS,-0.44497217801915,33.68585619437576,710,dementia,10.3890410958904
MrOS,0.14875686754431,84.54510714140129,22,censor,10.5013698630137
MrOS,0.33612988822334,81.52970012145819,295,censor,9.7041095890411
MrOS,-0.90867869417477,15.011199348143776,642,censor,11.5260273972603
MrOS,-0.0135448771435705,59.121327002766435,828,censor,10.5342465753425
MrOS,-0.43064055451279,30.548797845655237,102,death,1.81643835616438
MrOS,-0.49063794136526,25.808570947262982,491,censor,10.986301369863
MrOS,0.255791184740541,80.3286669017683,868,censor,10.4931506849315
MrOS,0.0103588945995995,70.56596889293984,614,censor,10.3342465753425
MrOS,0.0671440516349506,79.01558650589959,141,censor,10.6602739726027
MrOS,0.58408561120728,97.83410260086745,344,death,2.04931506849315
MrOS,0.40009358942413,73.44412532954973,100,death,7.88219178082192
MrOS,0.100110217438539,63.01829833840035,32,censor,10.4301369863014
MrOS,0.34562143617091,93.93886220261244,21,dementia,10.2821917808219
MrOS,-0.1027452514429,61.80744540668683,203,censor,10.9178082191781
MrOS,-0.71512798545732,20.255828893612737,680,dementia,7.31780821917808
MrOS,0.27537512011757,93.31039668250554,452,death,8.28219178082192
MrOS,-1.68965814853714,7.59503495242534,92,dementia,6.47123287671233
MrOS,-0.0440947879838504,61.1461090054563,412,death,3.80547945205479
MrOS,-0.36327761863168,34.01777312371782,827,censor,10.5150684931507
MrOS,-1.10179522993227,10.05623031024886,460,death,8.15616438356164
MrOS,-0.66532811547918,28.06130015114399,471,censor,10.5397260273973
MrOS,-0.64874747706962,24.009317216057674,108,dementia,3.15342465753425
MrOS,0.329720294759861,74.94687668228815,118,censor,9.84657534246575
MrOS,-0.61856907532408,12.371655177655649,554,censor,10.4109589041096
MrOS,-0.11706685781717,47.52441462715436,807,censor,10.4109589041096
MrOS,-0.635581664829471,18.375033059325503,884,censor,10.3369863013699
MrOS,-0.9628520857309,12.87614498304799,362,death,9.16986301369863
MrOS,-0.32398467834181,29.814141270588532,595,dementia,10.4
MrOS,-0.0670183947503702,55.69932830660345,464,censor,3.18082191780822
MrOS,-1.24370182980914,5.977223084001563,326,death,8.94246575342466
MrOS,0.0698891241620501,76.86852550309014,471,death,4.20547945205479
MrOS,-0.34804352409779,37.609807591479985,303,censor,9.55616438356164
MrOS,-0.71581931490355,28.757189679734726,512,dementia,3.11780821917808
MrOS,0.24153267140592,92.2698548265078,223,death,10.5890410958904
MrOS,0.0589782068982103,70.71275634977798,637,death,9.06575342465753
MrOS,-1.27784060269195,47.29510381356262,22,death,6.32054794520548
MrOS,0.23896171918679,84.5859993076975,524,censor,3.14794520547945
MrOS,-0.50605630609238,37.50036626954638,581,censor,10.5205479452055
MrOS,0.17518869975745,94.20145594432614,116,dementia,7.34246575342466
MrOS,-0.45606412067005,61.106963234570586,88,death,1.87397260273973
MrOS,-0.58504184173792,25.202979514447755,745,death,8.25753424657534
MrOS,0.38510609713021,88.09107482601496,885,death,2.86849315068493
MrOS,0.720896244026299,99.11751832603169,616,censor,10.4191780821918
MrOS,-0.793533437190589,10.480796214999712,419,censor,10.4465753424658
MrOS,0.359207237465,84.67655206825668,740,censor,10.3342465753425
MrOS,0.0659992017511101,87.00014149007323,331,death,10.4191780821918
MrOS,-0.25154765501955,42.261034585596015,598,censor,10.7068493150685
MrOS,-0.15389940331934,46.473740387400845,543,censor,10.3479452054795
MrOS,0.0125119131553006,66.8672355979041,873,death,7.75890410958904
MrOS,-0.176821180823571,39.86940419304363,353,dementia,1.20547945205479
MrOS,-0.24932668397894,68.36967769968102,252,death,5.17534246575342
MrOS,-0.54426269099262,25.27761250733974,498,dementia,3.13150684931507
MrOS,-0.99785793357359,11.250212519947064,313,death,4.02191780821918
MrOS,0.0425581479810205,66.15134381270347,538,censor,6.8958904109589
MrOS,-1.53925760142506,2.104087212794124,627,censor,10.4109589041096
MrOS,-0.52711975558974,67.81279097370997,25,dementia,1.32876712328767
MrOS,-0.11299574202246,45.70417313419363,775,censor,10.4356164383562
MrOS,0.27543037512085,85.60700010907745,163,dementia,1.08767123287671
MrOS,-1.08905878422368,8.596507758023945,538,dementia,10.4328767123288
MrOS,-2.72951414903662,2.7120455473778944,291,dementia,1.11780821917808
MrOS,-0.11389985101081,56.79222666470152,915,censor,9.97260273972603
MrOS,-1.34973207613066,3.7587042806463713,703,death,11.5534246575342
MrOS,-0.0847495163855797,66.02302660907418,800,censor,9.92602739726027
MrOS,0.39150470460925,94.3300841951673,17,death,10.3424657534247
MrOS,-0.12811499451946,72.14684561567672,309,death,5.64383561643836
MrOS,-0.56338447482716,22.73315583319611,317,censor,3.15616438356164
MrOS,-0.0522933546838004,62.80074653074675,244,death,1.65753424657534
MrOS,-0.05215147199401,61.48084823769156,390,censor,2.82739726027397
MrOS,-0.583282256848121,17.654083327268772,818,censor,10.158904109589
MrOS,0.1601599896241,74.12319676395683,723,censor,10.4328767123288
MrOS,-0.814073565193919,14.025965959151623,811,censor,10.4712328767123
MrOS,-0.860626996396709,14.161518481744562,576,censor,10.4904109589041
MrOS,0.0872735798933803,67.97542140036818,370,death,7.43287671232877
MrOS,-0.64597963617436,32.995479493381154,473,dementia,7.31506849315068
MrOS,0.0327640660376403,61.40454724601054,771,censor,10.0493150684932
MrOS,0.39809703559135,84.6900228555597,665,death,5.0
MrOS,-0.279484986559611,34.602991452838104,634,censor,10.4657534246575
MrOS,0.573900605673509,94.42387371390176,356,dementia,10.4794520547945
MrOS,0.471926350407129,96.08044018987151,325,death,2.4986301369863
MrOS,0.28503780702942,84.51608305837775,549,censor,3.10958904109589
MrOS,-0.7664564890501,15.260188466675856,738,dementia,5.57534246575342
MrOS,0.15824521286503,72.82969537643328,618,death,3.26575342465753
MrOS,0.257068120793591,82.95514443315808,953,censor,10.3972602739726
MrOS,-0.546805593366641,20.793171600224728,833,censor,10.4904109589041
MrOS,0.390034857447429,80.85383732354407,158,censor,10.4383561643836
MrOS,-0.762858975364141,25.961608207418926,501,censor,10.7835616438356
MrOS,-0.835321414148051,10.114866538346718,871,censor,10.5780821917808
MrOS,-0.50911396135127,22.411078560928924,586,censor,10.558904109589
MrOS,-0.600001844596539,41.37981344963539,262,censor,10.5890410958904
MrOS,-0.49276819315801,21.514355427676957,657,censor,10.558904109589
MrOS,1.17798549962007,100.0,554,death,8.89315068493151
MrOS,-0.1301817557837,63.85122892117039,386,death,6.18356164383562
MrOS,-0.354246154128531,50.205106355330805,616,censor,10.5397260273973
MrOS,-0.58010055524948,21.930812290370707,939,censor,10.5095890410959
MrOS,-0.240967230679389,72.20565571480307,54,dementia,1.20547945205479
MrOS,0.37784030859969,88.2369816346377,864,censor,10.4986301369863
MrOS,0.30612748143265,90.52022187894895,851,dementia,3.16986301369863
MrOS,-0.351667931497261,38.025633335117746,937,dementia,11.1424657534247
MrOS,-0.83817929849763,12.980636514707733,129,dementia,3.24109589041096
MrOS,0.72574997150757,98.59532245397311,777,dementia,3.24383561643836
MrOS,0.42613625534962,86.69376007083231,579,censor,10.4876712328767
MrOS,0.27443219942765,82.15191238945593,577,censor,10.4767123287671
MrOS,0.28381203408735,82.61989900946075,840,dementia,1.24657534246575
MrOS,-0.32940462555467,35.181566640633875,490,dementia,3.21095890410959
MrOS,-1.08743546149556,7.5453185029144025,218,censor,3.21369863013699
MrOS,-0.431474233690869,30.156917025720773,207,censor,10.6794520547945
MrOS,0.37852198599919,87.22818136832309,432,censor,10.5972602739726
MrOS,0.0495448097356103,75.8048228682552,812,censor,10.5945205479452
MrOS,0.44820376583983,91.66608953290117,676,censor,10.6630136986301
MrOS,0.18467804807451,88.03471048754163,97,dementia,10.7534246575342
MrOS,0.32838811288284,75.17368126942425,441,censor,11.1616438356164
MrOS,-0.32387338200554,40.75236507844813,187,censor,10.627397260274
MrOS,0.10617356685587,95.89874164660863,183,dementia,3.1041095890411
MrOS,0.64357645596585,92.53895122343688,150,dementia,4.04657534246575
MrOS,-0.17253732210531,47.490214215785464,667,death,5.76438356164384
MrOS,0.0022618484499005,62.28104863673817,782,censor,9.85205479452055
MrOS,-0.60177902579689,16.65272660513998,684,censor,10.0109589041096
MrOS,-0.284619618958681,32.387993030231065,16,dementia,3.22465753424658
MrOS,0.39950970091454,85.90729621088057,688,dementia,1.07397260273973
MrOS,-0.747365410934469,26.295520420967094,169,death,4.45205479452055
MrOS,-0.0336986105364701,56.266968588216315,590,censor,10.6082191780822
MrOS,0.0107161866482997,72.0794424917425,837,censor,10.6575342465753
MrOS,-0.33219188420962,45.15501164581296,724,censor,10.8109589041096
MrOS,-0.120319153381119,67.08045480553898,428,death,4.94794520547945
MrOS,0.502822523333801,88.43455051491405,529,censor,10.6054794520548
MrOS,0.63909079248387,93.78415380906938,677,dementia,2.88219178082192
MrOS,0.11140442699235,70.64153624984017,476,censor,10.1506849315068
MrOS,-0.11046113757213,66.05968238903635,708,dementia,1.19452054794521
MrOS,-1.23679024715701,4.474030134655542,453,dementia,1.20821917808219
MrOS,0.0503339879201803,58.51348182925698,165,censor,10.7561643835616
MrOS,-0.71818433472988,11.18106907545196,623,censor,10.6821917808219
MrOS,-0.72385134656088,20.42894359512249,751,censor,10.7616438356164
MrOS,0.10776189150466,70.92829438508933,814,censor,10.9123287671233
MrOS,0.17811944089063,72.00767031386162,827,censor,6.39452054794521
MrOS,-0.79264729882024,9.240466294930648,776,censor,10.7178082191781
MrOS,-0.30069223242247,49.71122056425956,726,censor,10.7150684931507
MrOS,-0.71207733967162,11.105259212925667,652,censor,10.2684931506849
MrOS,0.29594106786712,91.2049784265492,200,death,3.2958904109589
MrOS,-0.0334408087151999,46.37088684705215,435,censor,11.4191780821918
MrOS,-0.49840512927049,28.2365708720751,877,censor,10.7178082191781
MrOS,-0.75019959758621,22.333058959387323,692,death,7.77260273972603
MrOS,0.711970455753701,96.9318287894547,504,censor,10.7123287671233
MrOS,-0.214072767016771,38.86953002406672,536,censor,10.7424657534247
MrOS,-0.0625920418602306,55.985264360176245,212,dementia,6.17260273972603
MrOS,-0.16166604996058,58.53522263805775,710,dementia,3.44931506849315
MrOS,-0.96515238258999,11.581939611778667,308,dementia,7.17260273972603
MrOS,0.0096229426437304,78.61463629655655,570,death,6.96164383561644
MrOS,-0.257793461456281,54.37899598838555,215,dementia,1.22465753424658
MrOS,-0.18586997258129,59.71989600175702,697,censor,10.9616438356164
MrOS,-0.72144914756401,22.915922353051645,301,censor,6.5013698630137
MrOS,-1.14361937975129,6.7883119155412475,586,death,6.73424657534247
MrOS,-0.38660522455333,35.300708421573574,550,censor,10.7287671232877
MrOS,-0.15053336776263,49.30724305824264,654,death,8.1013698630137
MrOS,0.18312387181055,81.97874273579177,821,censor,10.8219178082192
MrOS,-0.59592176319216,23.10232135685829,706,censor,10.2465753424658
MrOS,-0.749389238504109,36.432937299339976,33,death,4.26027397260274
MrOS,0.0083135931356395,62.813893160701,494,censor,9.94246575342466
MrOS,0.0261160932160294,82.61330806355441,324,death,4.68219178082192
MrOS,0.24316900256721,85.78267323575481,762,censor,10.9698630136986
MrOS,-0.23959623397507,49.6568571994263,192,censor,11.5205479452055
MrOS,-0.47326232154531,38.666928649309156,462,censor,10.8767123287671
MrOS,0.49199213151566,95.25944676796195,932,censor,6.55342465753425
MrOS,-0.57966301859783,29.88220100572708,777,death,9.38630136986301
MrOS,-0.25376780477639,70.72222428308588,17,censor,11.1095890410959
MrOS,-0.28950038540623,39.80211604010409,224,death,11.6164383561644
MrOS,0.13286489062709,83.4618127012348,560,death,10.4054794520548
MrOS,0.30138219926971,87.95218841043474,208,dementia,1.26027397260274
MrOS,0.5873218482673,89.41771827501468,142,censor,10.0301369863014
MrOS,-1.51373440749856,0.0,23,death,4.12602739726027
MrOS,-0.0313527092748899,68.14760124269182,789,censor,3.28767123287671
MrOS,-0.220269688533099,44.81612513329262,631,censor,2.84109589041096
MrOS,-0.94312996357051,9.322263934444335,924,death,5.69315068493151
MrOS,-0.26263709202595,71.61236689045215,157,death,2.81095890410959
MrOS,0.0987254933524497,71.85170057256431,894,censor,10.8054794520548
MrOS,0.39070806332371,86.47371960458433,29,dementia,6.18630136986301
MrOS,0.568509406988061,90.5949376664488,593,censor,10.8328767123288
MrOS,0.44906123014043,90.04702162942449,237,death,11.6794520547945
MrOS,-1.392549891172,3.446427607838416,474,censor,10.8904109589041
MrOS,-0.85480727684331,16.536708948178017,197,death,10.0958904109589
MrOS,-0.130785697208771,46.07044239301801,213,censor,3.39452054794521
MrOS,-1.20028371419394,19.98228686973362,62,censor,10.8821917808219
MrOS,-0.41213534874544,24.48696890947213,650,censor,10.9150684931507
MrOS,0.23788788351095,83.59934144843831,253,censor,10.7808219178082
MrOS,-0.06529154009243,47.10342915969193,199,censor,10.9561643835616
MrOS,-0.02343855232469,55.55242988352,185,censor,10.9013698630137
MrOS,-0.208618128055311,52.83135969482341,217,death,6.98082191780822
MrOS,-0.57867255015025,26.760032842610432,28,dementia,1.4027397260274
MrOS,0.02746590436914,59.80769251742542,705,censor,10.8767123287671
MrOS,-0.57479242626162,29.745476855671274,576,censor,7.28493150684931
MrOS,0.0151867070860405,77.15625576892556,531,dementia,3.4958904109589
MrOS,0.08343405257923,67.23280428250114,702,dementia,10.6246575342466
MrOS,-0.21064939262819,54.44401409302785,215,dementia,3.64657534246575
MrOS,0.355791706438011,93.75157574066797,130,censor,10.7616438356164
MrOS,-0.3828409785684,29.886045616049554,384,censor,10.8246575342466
MrOS,0.27998426932236,92.12148425302705,752,death,10.6739726027397
MrOS,-0.65507817766124,23.02884529545846,541,censor,10.8356164383562
MrOS,-0.72382601627004,19.976385540050227,680,censor,3.3972602739726
MrOS,0.32145631558889,91.23358882653307,782,dementia,0.926027397260274
MrOS,-0.30387019176427,60.41647026981584,508,censor,10.9232876712329
MrOS,-0.26547291657421,34.09416555685841,569,censor,10.9178082191781
MrOS,-0.62810703863823,27.861644154168605,685,death,3.03835616438356
MrOS,0.143916193315221,87.4312527216931,145,death,4.1013698630137
MrOS,0.0091012607031501,46.43062044895703,236,death,5.94246575342466
MrOS,0.210473229076371,91.73028504929194,108,death,6.77808219178082
MrOS,0.20678590357946,77.0246707984471,150,censor,10.6794520547945
MrOS,-0.14350428790402,53.335159296723695,607,censor,10.8684931506849
MrOS,-0.30246791735549,31.996351184217833,282,dementia,1.33150684931507
MrOS,-0.24500440288508,52.02369760646834,839,censor,10.8164383561644
MrOS,0.23643401206467,85.65753692464044,632,death,3.65479452054795
MrOS,-0.20133148708299,73.64075977223904,142,death,2.15616438356164
MrOS,-0.17391067808816,44.747445122647804,839,censor,3.01095890410959
MrOS,-0.16394201167616,59.25938537322382,849,death,10.7232876712329
MrOS,0.318964740969081,83.50802715773764,858,censor,10.9041095890411
MrOS,-0.1806429569545,36.678742461015204,612,censor,10.9643835616438
MrOS,-0.27374924874831,60.8297591984476,466,dementia,3.37808219178082
MrOS,0.26528207216242,86.35168577204162,782,censor,11.0849315068493
MrOS,-0.45396763685971,46.012527809730805,356,censor,11.0246575342466
MrOS,-0.17109349090636,50.03607331936565,28,censor,11.2575342465753
MrOS,0.30855282464812,84.51203103164985,882,dementia,1.4027397260274
MrOS,-0.03422814195646,56.18032852599851,727,censor,10.4547945205479
MrOS,0.0254800986562103,75.04571279160291,609,death,10.3945205479452
MrOS,0.05624630737301,82.85831792719779,28,death,9.61917808219178
MrOS,-0.23730140641606,45.244276402886705,27,censor,10.8876712328767
MrOS,-0.0933695424221,60.97509400211099,404,death,4.13972602739726
MrOS,-0.23089911623148,56.3281056021449,25,dementia,1.35342465753425
MrOS,-0.321389674684541,43.947290005023326,838,dementia,10.4
MrOS,0.04358701878771,66.87561097663563,29,censor,3.53698630136986
MrOS,-0.953258914747229,33.09660101081845,21,dementia,1.19452054794521
MrOS,-0.37605007176908,36.30504499323981,28,censor,10.2821917808219
MrOS,-0.65464916312335,13.10435022826916,196,censor,10.9479452054795
MrOS,0.53053127361916,97.77825664516962,17,censor,10.9260273972603
MrOS,-0.16718733740194,39.17700883649294,128,censor,10.7890410958904
MrOS,-0.369001449920751,25.17122518689108,683,censor,10.2958904109589
MrOS,-0.37924733155691,40.3571863676922,270,censor,10.8712328767123
MrOS,0.43201138333817,91.81011375801157,348,censor,10.9041095890411
MrOS,-0.325945896597101,39.23904452168396,15,dementia,3.31780821917808
MrOS,-0.32903154172115,43.837361757680064,863,censor,5.53698630136986
MrOS,-1.00001906292333,6.494877344582786,624,death,3.67671232876712
MrOS,-0.0177117519837594,61.40704611990965,832,censor,10.8657534246575
MrOS,-0.59213841879076,13.894054905945445,546,dementia,10.8849315068493
MrOS,-0.50103089960725,39.918969734511876,560,dementia,10.9205479452055
MrOS,0.35636973967608,86.99322901280628,155,censor,11.0109589041096
MrOS,-0.0717945294978094,57.276600958770985,375,dementia,1.32876712328767
MrOS,-1.15014777180056,6.9502645930417275,770,censor,11.0301369863014
MrOS,-0.36378260712308,41.05521993943745,416,censor,11.1287671232877
MrOS,-0.357630169445321,35.29157553423342,770,censor,11.2246575342466
MrOS,-1.21990653687906,2.7345473056580314,920,death,11.6849315068493
MrOS,-0.0058390276815501,63.6636623492257,685,death,2.42191780821918
MrOS,-0.0967305357090098,44.15837264578489,489,censor,10.4465753424658
MrOS,-0.20546982826189,48.78297706898538,473,death,10.5068493150685
MrOS,-0.0295853335526104,66.17638700978281,28,censor,10.9424657534247
MrOS,-0.102653198731259,74.61783292046918,13,dementia,0.986301369863014
MrOS,0.704750036006401,97.34761250056367,520,death,3.33698630136986
MrOS,-0.30231961167061,38.22566771730241,834,censor,10.8794520547945
MrOS,-0.0165248359302097,76.2774582586124,196,censor,10.8109589041096
MrOS,0.29027722152327,83.7704125304826,581,censor,11.0767123287671
MrOS,-0.217314565473519,60.54421807419839,483,death,10.0356164383562
MrOS,-0.48671665918269,28.26752845312007,825,censor,10.8876712328767
MrOS,0.339170214373659,78.11218698827486,12,death,8.68767123287671
MrOS,-0.0738430634825605,55.758871318284235,669,dementia,3.68493150684932
MrOS,-0.804782509109479,11.854108318082298,237,censor,7.36438356164384
MrOS,0.44995899304193,89.73135228245816,733,dementia,3.60821917808219
MrOS,-0.0289201124125995,34.315860429850666,69,censor,10.5890410958904
MrOS,0.800037003628221,100.0,29,dementia,1.41643835616438
MrOS,0.409706179346369,86.19053585635767,699,censor,10.8986301369863
MrOS,-0.34690717484203,43.965252425512176,24,death,7.48219178082192
MrOS,-0.16226990355966,76.67655395674122,381,death,6.4986301369863
MrOS,-0.2792021107594,39.733354209958414,650,death,11.1150684931507
MrOS,0.58220730653297,97.7971361067713,523,dementia,10.9068493150685
MrOS,-0.12814295377146,84.68792954116411,197,censor,6.83835616438356
MrOS,-0.426672928599859,34.47766447525154,505,censor,10.958904109589
MrOS,-0.44186176166513,26.700865313919415,313,death,8.1972602739726
MrOS,0.391629516773649,84.7401295926282,683,censor,11.2767123287671
MrOS,0.0026703150486298,66.04992950123768,911,censor,11.4684931506849
MrOS,-0.0373489720760602,58.327588861019876,878,censor,10.9616438356164
MrOS,-0.66904555737336,23.697551049898365,771,censor,7.35616438356164
MrOS,-0.55996313659623,28.53745724790238,890,death,1.51506849315069
MrOS,0.05158462425225,67.36827093370418,680,dementia,11.3260273972603
MrOS,0.335386783390931,78.5838092641524,19,censor,4.10684931506849
MrOS,-0.0732351855687597,55.90855135285634,29,death,5.76438356164384
MrOS,0.172152415148069,62.00142584449879,32,dementia,3.77534246575342
MrOS,-0.413071945380371,34.64454454713622,28,censor,10.6246575342466
MrOS,0.23194566036011,79.72010800323318,32,censor,11.0109589041096
MrOS,-1.47274837110316,5.612384803153605,323,death,6.95342465753425
MrOS,-0.629185870592011,23.90789945337093,184,death,5.60821917808219
MrOS,-0.374774367216079,36.42937046302738,602,death,9.87671232876712
MrOS,-0.0096472945555305,34.36454397746009,27,dementia,10.9534246575342
MrOS,0.0967569740776497,69.9501183820543,38,death,2.31780821917808
MrOS,0.62813393247549,95.76825082938078,786,death,5.67397260273973
MrOS,-0.18863420991386,68.49891969128161,27,dementia,3.71780821917808
MrOS,-0.76592684920504,21.35131400454638,24,censor,11.2958904109589
MrOS,-0.553157374125659,20.247945169022998,203,death,8.13150684931507
MrOS,-0.0382752133969305,49.44051159865266,124,censor,10.9205479452055
MrOS,0.0654884647265902,77.95747240532062,190,death,9.46575342465753
MrOS,-0.2610432848027,31.15086738934539,758,censor,10.9616438356164
MrOS,-1.03584204610274,11.237140222427357,418,death,4.87123287671233
MrOS,0.334468781730899,92.05532503769597,135,censor,10.8794520547945
MrOS,0.65536927292346,95.47223059085177,162,dementia,11.2109589041096
MrOS,-0.11397977826972,47.69686598408332,149,censor,10.8191780821918
MrOS,-0.0958262402987003,51.29199375128797,358,censor,10.8493150684932
MrOS,0.50819363325131,91.5424246608507,102,dementia,3.60547945205479
MrOS,-0.44469239112087,33.343514792914945,439,censor,10.9068493150685
MrOS,-0.294793824530529,35.06253857120655,378,censor,10.9479452054795
MrOS,-1.22350919809624,5.725506415433653,677,censor,10.9452054794521
MrOS,-1.40397100139012,6.200515146622829,190,censor,10.8493150684932
MrOS,-0.28547594203193,54.18933191927329,335,censor,10.3917808219178
MrOS,-0.93758000435548,17.994319492307692,275,dementia,3.78082191780822
MrOS,0.2386610786742,89.12546503326318,701,censor,10.8547945205479
MrOS,0.0428292771665795,68.38762638479928,333,censor,10.8493150684932
MrOS,-0.13807690371322,54.167077258453325,193,censor,10.9561643835616
MrOS,0.01613076951446,71.26938796881656,546,censor,6.66849315068493
MrOS,-0.19469101320871,37.934285519709086,687,death,1.44383561643836
MrOS,0.460293260681139,79.04930847823222,94,censor,3.81369863013699
MrOS,-0.5221958127123,38.51007147625898,389,death,11.2438356164384
MrOS,-0.25789859643743,50.281101552715654,194,death,3.44657534246575
MrOS,0.19268289380304,83.15368210724345,861,censor,3.79178082191781
MrOS,-0.0242116040862896,58.809951742713935,215,censor,10.8547945205479
MrOS,0.0409021019772894,67.78285810657012,847,censor,10.9342465753425
MrOS,-0.12526639642081,60.85771815881718,136,censor,3.84383561643836
MrOS,-0.0449133027329594,58.40468302020013,468,death,8.36164383561644
MrOS,0.0451108907573996,69.06675868232199,706,censor,11.0164383561644
MrOS,0.145038842364259,85.51417735135296,405,death,11.1205479452055
MrOS,-1.27344697687762,10.644788539785825,88,censor,1.45205479452055
MrOS,-0.9766921785726,10.455764980671121,766,censor,11.0657534246575
MrOS,0.218836654798641,77.03992208375847,860,censor,10.9671232876712
MrOS,-0.19776395369902,38.34374510742664,654,censor,10.9534246575342
MrOS,-0.30811595512338,53.390532263071364,444,dementia,1.43287671232877
MrOS,0.0030302766799493,53.07626221648458,633,censor,10.8575342465753
MrOS,-0.98354795863813,13.54346986121512,363,dementia,7.34246575342466
MrOS,-0.555424295029699,24.56139646930047,732,censor,11.1178082191781
MrOS,-0.56815406710643,24.581744962586285,670,censor,10.5506849315068
MrOS,-0.41488310950116,25.132908882236944,533,death,2.7013698630137
MrOS,-1.02358743853686,6.630623979046043,895,censor,10.9232876712329
MrOS,-0.0260940398805602,60.9621476734393,241,death,10.3808219178082
MrOS,-0.0234728328280895,74.42528643380959,578,death,8.98904109589041
MrOS,-0.236691069092289,71.19582052403626,42,censor,5.20547945205479
MrOS,-1.22871947593676,4.473300856383552,786,censor,10.5534246575342
MrOS,-0.235646314646419,67.12044786924824,293,death,9.32328767123288
MrOS,-0.0926572578498394,51.252139219554735,513,censor,11.1205479452055
MrOS,0.34110440631167,88.91296282428453,910,dementia,10.8328767123288
MrOS,-0.30693822466456,48.30229869818383,809,censor,10.8547945205479
MrOS,0.457253159759721,95.03076377347475,843,censor,10.7041095890411
MrOS,0.46262968953812,85.97699931789153,464,censor,10.7287671232877
MrOS,-0.696274759740059,15.080424441632596,746,censor,6.49315068493151
MrOS,0.0696927025298507,87.45661093578893,24,dementia,5.38356164383562
MrOS,-0.0824310961836602,61.26265455312816,13,death,9.99452054794521
MrOS,0.33398816453298,84.1236644362671,843,censor,10.7369863013699
MrOS,-0.83457201007641,11.222203505764186,392,dementia,10.3534246575342
MrOS,0.0130942115578307,59.07541007878649,800,censor,10.8547945205479
MrOS,0.12788396800559,70.8748512138564,561,censor,3.80547945205479
MrOS,0.74407583463026,96.98690905679086,655,censor,5.68219178082192
MrOS,-0.0400314979834206,54.59185483286495,426,death,8.05753424657534
MrOS,0.0616955301269002,60.9972173689158,640,censor,10.8986301369863
MrOS,0.34835797928429,92.35467792724378,832,censor,10.8493150684932
MrOS,0.67554144933554,94.5701546518903,590,censor,10.2219178082192
MrOS,0.78023757930831,97.05732114293664,806,death,6.2
MrOS,0.416809514621851,83.81257773130967,457,censor,10.8328767123288
MrOS,-0.30758180596215,37.12424634297408,880,censor,10.9041095890411
MrOS,-0.136653435704579,41.45587956920324,625,censor,10.7808219178082
MrOS,0.381669351787239,83.71076911349935,628,censor,2.81643835616438
MrOS,-0.16298728903117,69.18160430252796,496,death,10.7698630136986
MrOS,-0.20595312909083,30.707677538935087,406,death,5.19452054794521
MrOS,0.273972740473781,86.07639048516415,840,death,5.05205479452055
MrOS,0.09528356763593,66.82865283281771,819,censor,10.7835616438356
MrOS,0.41022939547467,85.62154486393285,635,censor,10.8
MrOS,0.35200884936187,77.70610909265032,348,death,4.56164383561644
MrOS,0.0391928756647204,65.00394473461289,240,censor,3.09041095890411
MrOS,-0.2352919363176,63.33142780915752,67,dementia,1.12876712328767
MrOS,-0.2499327127065,49.98556792835853,720,censor,10.358904109589
MrOS,-0.57117739757747,34.647044129044055,120,dementia,1.59452054794521
MrOS,0.66201264132991,96.24996409065741,251,dementia,4.76164383561644
MrOS,0.375972959978201,86.96964166553553,787,dementia,1.16164383561644
MrOS,0.22772806906099,83.72378454905301,839,death,6.98356164383562
MrOS,-1.01341539505714,5.766267176010614,335,censor,12.158904109589
MrOS,-0.474237405019591,33.94851077007127,149,death,8.63013698630137
MrOS,-1.27547417580409,3.487078485434945,634,dementia,7.64657534246575
MrOS,-0.68647556279186,24.394884413104965,246,censor,11.8054794520548
MrOS,0.145026729577209,90.92149088703745,568,dementia,7.51506849315069
MrOS,-0.750846169319649,31.22009556214936,226,dementia,0.545205479452055
MrOS,-0.45096739292521,34.41165641374559,269,death,9.04931506849315
MrOS,-0.86612831162779,10.441527818121674,665,death,10.9561643835616
MrOS,0.0519690199392201,60.075300170612294,440,censor,11.441095890411
MrOS,-0.33813905177399,27.724802894799463,184,dementia,1.17260273972603
MrOS,-0.0036140520082497,52.46011344033926,175,death,1.62465753424658
MrOS,-1.01709478193882,5.392411870606628,818,censor,10.3013698630137
MrOS,-0.60844705971148,34.72059106207428,129,death,5.25479452054795
MrOS,-0.83723297514516,16.17872062342551,746,death,5.56438356164384
MrOS,-1.29828397255626,4.785184343689195,532,censor,2.38356164383562
MrOS,-2.05970776070846,0.0,110,death,9.18356164383562
MrOS,-0.90726559009801,23.433006099657888,188,death,7.31232876712329
MrOS,-2.65714539313137,0.13626444437271062,384,death,2.26849315068493
MrOS,-0.64895587745475,38.8422334937077,271,death,5.76164383561644
MrOS,-1.0978488900063,2.9791920712510467,522,death,9.80547945205479
MrOS,-0.22555465140419,62.976589352013825,460,censor,5.86301369863014
MrOS,-1.00745803231452,10.983382654069388,574,dementia,11.2027397260274
MrOS,0.48541791354893,88.58953027070349,654,censor,10.9780821917808
MrOS,0.16283156357559,67.71919345551991,524,censor,10.3095890410959
MrOS,-0.251665288154371,52.57304920181211,763,death,10.6602739726027
MrOS,-0.944792053550169,5.927247043451441,221,censor,11.1205479452055
MrOS,-0.36071218015346,49.4542241014329,449,censor,3.15068493150685
MrOS,0.15693214680862,80.91390870870426,689,death,8.97808219178082
MrOS,-0.51053704611199,28.895802993794828,243,censor,3.14246575342466
MrOS,0.19270837419399,76.071304777409,747,dementia,7.56712328767123
MrOS,-0.146069287859019,54.096912974350886,18,death,11.4767123287671
MrOS,0.0906628478322105,78.26153261880843,687,death,10.8904109589041
MrOS,-0.38604409725276,40.11596582384098,694,death,11.8027397260274
MrOS,0.292179543786099,67.76134198422434,80,censor,12.013698630137
MrOS,0.78360623738476,96.95966102108544,200,censor,10.4027397260274
MrOS,-0.0074629313045804,65.27712937248728,804,death,6.58630136986301
MrOS,-0.36048165722604,40.2959946175862,226,censor,10.7369863013699
MrOS,0.450657587908429,88.36843541607942,320,censor,10.3123287671233
MrOS,1.35311542983444,100.0,585,dementia,11.2383561643836
MrOS,0.749173009534709,98.95650952307464,381,death,9.64931506849315
MrOS,-0.0750166183020994,63.94176907346265,38,censor,2.8986301369863
MrOS,-0.0615592493533399,60.350122214189426,714,dementia,10.4383561643836
MrOS,-0.379005480994449,64.12579716805725,219,death,4.45479452054794
MrOS,-0.97178469971541,10.744611851435566,183,censor,10.9424657534247
MrOS,0.2395923824086,86.06792593588692,170,death,7.85205479452055
MrOS,0.0704762520098598,67.7660392149051,846,death,11.0739726027397
MrOS,0.6167596821643,97.79052943567874,384,censor,11.158904109589
MrOS,0.70181854966218,97.82603245140025,240,dementia,1.04109589041096
MrOS,-0.0124297295946306,65.64586864225416,750,death,4.14794520547945
MrOS,0.0820069768161005,74.54620717106441,212,censor,9.91232876712329
MrOS,0.17159047695074,88.69554555415105,190,death,6.53972602739726
MrOS,-1.14758240610189,13.602744753357909,108,dementia,3.19452054794521
MrOS,-0.28802606079889,57.659121940324326,614,dementia,1.20821917808219
MrOS,0.2870542314405,93.23609068386946,393,death,10.1013698630137
MrOS,0.377521209681071,87.74354916705789,701,censor,10.5068493150685
MrOS,0.18619651572409,78.24624833814546,490,censor,11.0876712328767
MrOS,-0.81672213216106,14.626197665795305,124,censor,12.1232876712329
MrOS,-0.421578658650451,29.07791197211628,309,censor,10.8904109589041
MrOS,-0.57359697195222,19.866635971156537,194,censor,10.1479452054795
MrOS,-0.0436741006099098,77.26669661061592,93,death,3.1013698630137
MrOS,0.50494762564682,91.14788399344967,572,censor,11.1643835616438
MrOS,-0.99580348528728,14.905152442688253,100,death,7.68219178082192
MrOS,-0.3607522455576,31.97802475392458,769,death,4.3013698630137
MrOS,-1.66389651903399,1.4751837298805779,469,dementia,11.3424657534247
MrOS,-0.35671193506613,42.73079872086703,155,dementia,0.956164383561644
MrOS,-0.45187195940937,29.055887462803106,199,dementia,0.641095890410959
MrOS,-0.35283052882163,48.941250694441166,471,death,1.37808219178082
MrOS,0.0681537136796194,73.51358592687755,617,censor,10.0712328767123
MrOS,0.11739810814136,77.78483912227361,600,censor,10.2547945205479
MrOS,0.27102032886657,84.54294505797439,805,censor,11.5479452054795
MrOS,-0.17151762035099,57.12175551176164,203,dementia,6.38082191780822
MrOS,-0.85383001527731,8.129186562114379,462,death,8.05479452054795
MrOS,-0.0046335292545506,57.17149662898045,600,censor,11.3643835616438
MrOS,-0.7874280955717,13.915658103474627,893,censor,10.8767123287671
MrOS,0.340786519445,79.79942332575698,289,censor,11.1506849315068
MrOS,-0.434522206106099,40.09726674257158,412,censor,10.4520547945205
MrOS,-0.240916533487901,37.85640451725502,448,censor,10.641095890411
MrOS,0.20896050432428,86.53588716240506,434,death,8.97808219178082
MrOS,-0.22774067189673,59.83754537132588,399,censor,10.1643835616438
MrOS,0.09744851791814,73.79502122441805,873,censor,10.9698630136986
MrOS,-0.307586262076229,71.86344958238787,305,dementia,2.99452054794521
MrOS,-0.60861277799588,23.62272236029467,841,censor,10.9890410958904
MrOS,-0.75252261071676,35.92121965811438,81,death,8.6986301369863
MrOS,0.216157050440771,80.67337224243546,516,dementia,1.06849315068493
MrOS,0.43606797603281,88.62181125394426,741,dementia,6.34794520547945
MrOS,-0.5470808540254,24.244480606336907,25,censor,3.08767123287671
MrOS,-0.0444187895068595,52.6621756055637,726,censor,11.2356164383562
MrOS,-0.52641048425252,32.94024439375992,792,death,5.57534246575342
MrOS,-0.29248396513251,33.0162778009457,97,death,6.0958904109589
MrOS,0.475842062126721,93.92593939687275,146,death,8.78630136986301
MrOS,-0.67823914651794,19.667152893995265,665,censor,10.7013698630137
MrOS,-0.58195861239721,19.474674950137096,461,censor,10.5123287671233
MrOS,-0.682776601455021,24.01458923047359,418,death,5.50958904109589
MrOS,-0.30485979705995,44.57963920779102,215,death,4.79452054794521
MrOS,-0.4686872733103,42.35138560544204,68,dementia,1.03013698630137
MrOS,0.3709058511048,76.04929924839496,172,censor,11.2438356164384
MrOS,-0.10614279939267,46.943059867483775,227,dementia,3.11780821917808
MrOS,0.2492360102718,88.09705219982511,640,death,8.54794520547945
MrOS,0.50921686331702,91.45535238741827,742,censor,11.9452054794521
MrOS,-0.166109010861091,51.93868560451658,505,censor,10.0027397260274
MrOS,-0.508795706911999,51.285764341404715,300,death,8.34520547945205
MrOS,-0.0445461760646793,54.05512556815085,712,censor,11.3260273972603
MrOS,0.422097785887389,98.57383262507241,263,dementia,3.15890410958904
MrOS,-1.089129897345,28.46667689181377,31,death,4.97534246575342
MrOS,-0.31797217595782,40.8579892525638,904,death,10.9616438356164
MrOS,-0.39676855121273,40.00958807024811,629,censor,10.186301369863
MrOS,0.50242452529174,92.95307686307423,479,death,10.6986301369863
MrOS,-0.456662824765409,33.339377411896486,767,dementia,3.24383561643836
MrOS,1.26175221067698,100.0,10,censor,3.1972602739726
MrOS,-0.9618603304073,18.36437506991418,242,death,9.80547945205479
MrOS,-1.45506751844538,1.774289489645884,452,death,8.33424657534247
MrOS,-0.62823449659589,26.84497582399404,740,dementia,7.53424657534247
MrOS,1.11036564093857,99.79138353546273,770,death,9.0986301369863
MrOS,0.0678226407557204,77.99646397891073,752,death,5.27671232876712
MrOS,-0.428224982078591,25.48818582796356,811,censor,11.1397260273973
MrOS,-0.0424657594209904,62.96216304128217,198,censor,10.7178082191781
MrOS,-0.15969209601961,54.62249555837,376,censor,10.2356164383562
MrOS,-0.853812585258279,8.423180503356,371,dementia,7.73972602739726
MrOS,0.75367242619572,97.5475423422392,624,censor,9.96164383561644
MrOS,-0.85203127459628,7.62806148760402,107,censor,10.6849315068493
MrOS,-0.36899263028122,28.180317949417073,707,censor,11.3123287671233
MrOS,-0.0027748890438999,62.31916769568458,799,censor,10.8739726027397
MrOS,-0.667551763705271,32.80772311234364,285,dementia,1.21917808219178
MrOS,-0.88994416322317,13.223322811101818,833,dementia,5.8986301369863
MrOS,0.0215936297823603,75.4818214329193,768,censor,3.18904109589041
MrOS,0.11075833045608,70.88607833765462,863,death,1.53698630136986
MrOS,-1.44210302223321,2.558261168292919,714,death,8.13424657534247
MrOS,0.0344434596897699,69.81598274476619,728,censor,10.6356164383562
MrOS,-0.85553608522968,10.395992282608377,194,censor,11.2575342465753
MrOS,-0.78434769510793,31.135665613253853,89,death,2.62191780821918
MrOS,0.184927496440049,85.19615662560535,747,death,5.95890410958904
MrOS,-0.0184197830524098,66.5273622896263,315,censor,10.9287671232877
MrOS,0.306449349385611,81.62852649533274,745,censor,11.5232876712329
MrOS,-0.14148899788277,56.921746115558335,382,death,8.01369863013699
MrOS,0.0674417939751606,65.78575550684951,868,censor,10.1095890410959
MrOS,0.856500677919659,99.63391524808485,685,dementia,7.32054794520548
MrOS,-0.342316404650811,31.68714666225934,840,censor,10.3178082191781
MrOS,-0.371754517384611,29.9128702539189,651,death,7.14520547945205
MrOS,-0.0261111890104601,56.72380577206703,764,death,2.96712328767123
MrOS,-0.0664372088886097,49.3137484799057,167,censor,11.3671232876712
MrOS,-0.0903910836797905,64.79042575799629,142,death,11.5178082191781
MrOS,-0.79913730014291,22.01982368687978,303,death,10.2794520547945
MrOS,-0.71179619245805,16.64737110146811,644,censor,10.4931506849315
MrOS,-0.97137701485141,6.3404480709442215,137,censor,10.6383561643836
MrOS,-0.107284304111811,46.05523471286636,583,censor,11.4465753424658
MrOS,0.0302019415743103,63.523406161638334,830,censor,3.04657534246575
MrOS,-0.3977818993447,49.14160450073777,139,dementia,10.9315068493151
MrOS,-0.0762383403640797,78.37985863892946,369,death,9.01369863013699
MrOS,0.0827535228502796,69.78423820101332,855,censor,11.0849315068493
MrOS,-0.163926409044311,44.684876686551085,837,death,7.20821917808219
MrOS,-0.52040264215527,36.018625153163796,557,censor,3.24109589041096
MrOS,-0.49302929976058,41.094367691147234,157,death,10.9780821917808
MrOS,-0.20386185617199,76.02622906566975,21,censor,5.5013698630137
MrOS,0.399420272623669,80.4864865270753,193,censor,10.8931506849315
MrOS,-0.526863242673311,26.326587036350485,473,death,11.0356164383562
MrOS,0.142792311158389,70.90679313841542,517,censor,11.4219178082192
MrOS,-0.91979464177673,7.6707102256568644,711,censor,10.2794520547945
MrOS,-0.757258966436309,14.841828110246006,808,censor,10.4027397260274
MrOS,-0.61058953801943,31.702807796782107,322,censor,9.87945205479452
MrOS,-0.656062569535319,26.915009175807356,319,censor,10.5479452054795
MrOS,0.36475965679077,95.1067669893751,170,death,7.54794520547945
MrOS,0.261939506642671,84.99916561838103,896,censor,11.0465753424658
MrOS,0.3101632378194,89.93950203858812,745,censor,11.5972602739726
MrOS,-0.0422482085863805,95.6366206121613,22,dementia,5.42739726027397
MrOS,0.0938099833559093,71.61400417931816,414,censor,11.7534246575342
MrOS,-0.64353179258247,12.415940288035939,152,censor,11.1123287671233
MrOS,-0.0752878969138393,68.42796185849444,535,censor,11.4630136986301
MrOS,-0.81116683976621,20.185290746745576,473,death,10.3753424657534
MrOS,-0.34847702720964,29.511304953870905,570,censor,11.241095890411
MrOS,-0.45950229244157,37.851685964414536,382,death,4.70958904109589
MrOS,0.115014234352699,71.40068454959065,459,censor,11.427397260274
MrOS,-0.62701423543418,32.65284780372118,408,dementia,1.17260273972603
MrOS,-0.404559440032349,37.38155613648378,204,censor,11.3671232876712
MrOS,-1.25372460846409,2.7159940258443926,209,censor,10.3890410958904
MrOS,0.0111318593177103,72.85209679467798,719,censor,10.2054794520548
MrOS,-1.23067958855223,4.0155582733999475,691,death,9.21369863013699
MrOS,-0.70162393832842,14.254373118082535,599,censor,6.53424657534247
MrOS,-0.55000950102196,22.76132164432175,430,death,4.73150684931507
MrOS,0.08945359605177,82.1690851118133,474,death,3.70958904109589
MrOS,0.18871498538218,73.46394401679069,829,censor,11.2164383561644
MrOS,-0.36990961540844,57.21938620606698,13,censor,10.0328767123288
MrOS,-1.06930807313073,8.945866918728079,461,death,6.29041095890411
MrOS,0.71298793225664,98.95380774911918,511,dementia,5.63835616438356
MrOS,-0.39001844218145,33.63840613436571,941,dementia,1.09315068493151
MrOS,0.2115706568899,78.51357959760237,353,dementia,3.31232876712329
MrOS,-0.19439426581459,50.028617361788996,163,censor,6.4986301369863
MrOS,-0.191130510724319,40.71850539350126,327,censor,10.9698630136986
MrOS,0.23264034754348,85.78762646130426,390,death,8.36712328767123
MrOS,0.39450156431253,84.13080427608068,526,death,9.54794520547945
MrOS,0.0173134149674794,96.64532238975683,123,death,10.2164383561644
MrOS,-0.31057619426828,59.533959477681144,518,censor,10.7917808219178
MrOS,-0.61853261116009,14.173582622129373,291,censor,10.0712328767123
MrOS,0.22747693037518,96.69890358801493,358,censor,3.38356164383562
MrOS,0.27853476587029,78.22733302665655,244,censor,10.2575342465753
MrOS,-0.91083965585406,19.629783804793426,411,censor,10.0109589041096
MrOS,-0.58715107133454,39.3944968335782,430,dementia,3.37260273972603
MrOS,0.196236275625139,81.1731016723636,740,censor,3.60821917808219
MrOS,-0.7153892987341,24.708863914936956,350,death,3.41095890410959
MrOS,-1.0725766805868,5.183219975484105,523,censor,10.9068493150685
MrOS,-0.62741903644672,21.71093630776191,315,dementia,6.55616438356164
MrOS,-0.228121524867269,79.82451199419299,57,death,7.54246575342466
MrOS,-0.35008928193481,29.588387242441247,469,death,7.59452054794521
MrOS,-0.76097098616226,30.151382488579998,299,death,7.01095890410959
MrOS,-0.25016218548767,50.524316085851346,107,censor,10.0301369863014
MrOS,0.25128714881269,82.90734558509727,814,censor,11.0082191780822
MrOS,-1.10591405214603,8.52824700139785,534,censor,10.8630136986301
MrOS,0.601654560645019,97.26858947560757,624,death,10.358904109589
MrOS,0.0696141211092595,85.86896838646194,609,death,7.82465753424658
MrOS,-0.10595770912262,49.66866897827296,567,dementia,3.6027397260274
MrOS,-0.37125702509812,67.23232137841866,66,dementia,1.14794520547945
MrOS,0.08012211600482,71.24700797313312,782,death,9.17260273972603
MrOS,-0.426161297719371,46.802764172030216,102,dementia,3.50684931506849
MrOS,0.4454149640495,84.69281958177648,157,dementia,11.3342465753425
MrOS,0.0346196588982195,56.219889765884766,34,censor,10.7232876712329
MrOS,-1.28135040540269,3.4990682251529304,720,death,7.37534246575343
MrOS,-0.57528699315239,15.946966943989333,157,death,10.6904109589041
MrOS,-1.70348084842898,4.641171870320017,260,dementia,3.46027397260274
MrOS,-0.42797489781458,37.27529828266609,213,censor,11.2356164383562
MrOS,0.18950018129981,83.5351944524744,761,dementia,1.22465753424658
MrOS,-0.57872211198157,35.137091630526875,624,censor,10.2191780821918
MrOS,-0.0085333651960297,73.11268501637662,130,death,8.0958904109589
MrOS,0.21794820782807,89.99168663615372,686,censor,10.0904109589041
MrOS,-0.20517652865223,63.05891095824002,192,dementia,3.54246575342466
MrOS,0.26343000028849,82.26183051495656,605,censor,10.5534246575342
MrOS,0.0601850400277598,72.9315905457385,174,dementia,1.09041095890411
MrOS,0.0760464235639802,64.25419764981257,570,death,5.58356164383562
MrOS,0.13006362639623,78.8486010792775,121,dementia,3.47123287671233
MrOS,-0.302851215037831,49.5723631581539,724,censor,10.2547945205479
MrOS,0.628721228814091,94.41427239535176,722,dementia,10.8904109589041
MrOS,-0.0938931074899102,70.53676767677348,446,death,5.36712328767123
MrOS,-0.349843619750141,47.21701864919703,415,censor,10.5917808219178
MrOS,-0.206831271257531,49.90779535670751,845,censor,11.0684931506849
MrOS,-0.0642532358303498,60.09040903906812,886,dementia,10.1698630136986
MrOS,-0.35941294209368,74.79550363599834,17,censor,10.413698630137
MrOS,-0.546121318994631,29.831816101997212,807,dementia,0.904109589041096
MrOS,-0.2195911529637,50.515911655680824,87,death,3.2
MrOS,-0.562780202871291,18.54603743997204,627,death,6.67123287671233
MrOS,-1.25270510385697,4.245828417521955,200,death,1.6958904109589
MrOS,-0.34925640362345,41.958087689028154,187,dementia,10.4219178082192
MrOS,-0.12354648072337,57.410815786252314,375,censor,10.241095890411
MrOS,-0.38241345645486,32.51943239463379,830,censor,10.7616438356164
MrOS,-0.33725581198844,37.885273452842696,799,censor,6.57534246575342
MrOS,-0.0966776715958403,67.1116269394387,716,dementia,1.1972602739726
MrOS,0.1741120733264,81.41172093828294,896,death,4.51506849315069
MrOS,-0.60271114643089,22.804545177833212,26,death,10.6082191780822
MrOS,-0.10153191009243,51.870948873338705,882,death,2.7972602739726
MrOS,0.377053644272419,90.80774583582739,431,death,5.32602739726027
MrOS,0.66666049633818,93.84093133128383,144,death,11.3698630136986
MrOS,-0.77263113238088,10.371012861531636,792,censor,11.1616438356164
MrOS,-0.66935062395775,13.618283524067266,693,censor,10.4219178082192
MrOS,-0.18454120935983,63.847107038505335,29,dementia,3.54794520547945
MrOS,-0.44489255566276,22.018672284445923,103,censor,10.4547945205479
MrOS,-0.0799825309245904,51.097841790833044,875,censor,3.27945205479452
MrOS,0.374700865430459,86.23239956459693,833,censor,3.14794520547945
MrOS,-1.23859620555358,2.31197948073754,927,censor,3.44657534246575
MrOS,0.18785467624644,75.65647649531459,880,death,6.44109589041096
MrOS,-0.247377066043801,43.84869168304128,816,censor,10.1945205479452
MrOS,-0.596483043574141,32.58068483436948,20,death,2.66849315068493
MrOS,-0.293521520537711,42.471018851673925,942,censor,10.1068493150685
MrOS,-0.69069766214198,15.232408178773419,607,censor,10.7808219178082
MrOS,0.42650024420245,87.8993473563343,339,dementia,11.1452054794521
MrOS,-0.32131055815385,33.36743929174336,210,censor,10.0876712328767
MrOS,-0.1863611572298,67.0983668113997,443,dementia,3.58356164383562
MrOS,0.0333274330181496,69.829024113309,834,censor,9.91506849315068
MrOS,-0.39800111974175,41.945906805425956,470,dementia,3.90958904109589
MrOS,-1.6128554993097,1.3667027006724837,747,censor,11.5424657534247
MrOS,-0.244794730506121,41.19958183958921,778,censor,10.3479452054795
MrOS,-0.58952640636649,20.716812085903747,931,censor,10.6630136986301
MrOS,-0.84748557677499,9.072379017467414,842,censor,10.9753424657534
MrOS,-0.518237479038891,21.359758786640672,807,censor,11.6602739726027
MrOS,-0.59558041629956,33.88684129668289,457,death,5.16986301369863
MrOS,0.60697489526499,96.12289446427526,912,death,9.0027397260274
MrOS,-0.19833971137179,36.528937589241046,523,dementia,1.32328767123288
MrOS,0.39145490791321,88.64033590670444,214,death,2.03835616438356
MrOS,-0.96601792467099,8.758304251148314,820,censor,9.83835616438356
MrOS,0.0569528399680493,39.448981796744086,29,dementia,5.80547945205479
MrOS,-0.74994075331755,40.315152701242134,28,death,11.4520547945205
MrOS,-0.45603271350881,40.97375941002568,705,dementia,3.58356164383562
MrOS,-0.92390359158141,8.724844002982817,286,censor,9.80547945205479
MrOS,-0.87968178403766,6.501358105631906,544,censor,10.7780821917808
MrOS,-0.24471078709208,35.452562215874806,45,death,8.78082191780822
MrOS,-1.60090118254071,1.9723456897798817,160,death,2.60547945205479
MrOS,0.289906224036621,87.36436438392863,238,censor,11.0630136986301
MrOS,0.27772248725616,77.91890415833153,374,death,7.02191780821918
MrOS,-0.35402143487277,47.30507467540292,705,censor,10.5972602739726
MrOS,-0.4845331795088,37.559678912157885,590,death,8.64657534246575
MrOS,0.17152636044385,75.97587267920426,416,censor,11.586301369863
MrOS,-0.3708527712573,31.13645436779455,908,censor,11.1424657534247
MrOS,-0.40915234725033,31.03523406882974,624,death,5.6958904109589
MrOS,-0.79069712225829,12.636512478967045,852,censor,9.65205479452055
MrOS,-0.47120875902973,33.045274777082525,594,dementia,5.46301369863014
MrOS,-0.16178491147983,46.12552580687249,561,death,8.94246575342466
MrOS,-1.34763792633116,2.341196021809518,679,death,9.82739726027397
MrOS,-0.92543114565376,5.654331124374143,609,censor,10.6630136986301
MrOS,-0.84783737422389,8.301496041858412,483,death,3.18082191780822
MrOS,-0.457959947795,29.450535895159017,612,censor,9.90684931506849
MrOS,-0.80354780149853,10.310663028492833,840,censor,11.4876712328767
MrOS,-0.32433152432431,32.23533256159273,821,censor,11.1013698630137
MrOS,-1.00531798275751,6.347023945271615,756,censor,10.2356164383562
MrOS,-1.99086864586657,5.310481367311172,122,death,7.23287671232877
MrOS,-0.46605990223168,28.26811625112885,168,censor,10.0054794520548
MrOS,-0.20879486763109,33.284919559989305,484,censor,10.8301369863014
MrOS,0.34569858344142,99.60012043056582,18,death,7.51780821917808
MrOS,0.76204084301214,99.09971239603236,191,censor,3.75890410958904
MrOS,-0.390076366126949,24.360513532385575,662,censor,11.0
MrOS,0.73661657801923,98.24925973356441,375,dementia,11.3561643835616
MrOS,-0.39319233408861,27.955322613198003,202,death,10.6520547945205
MrOS,0.10854520861712,63.18862436614816,517,censor,11.4794520547945
MrOS,0.76641055427601,99.58926963062612,187,censor,10.4493150684932
MrOS,-0.54414674177149,33.37168737966882,360,censor,11.5068493150685
MrOS,0.149146745218761,74.47788808784502,928,death,3.72876712328767
MrOS,0.0582471639118197,68.89187310636068,224,dementia,10.7506849315069
MrOS,-0.26043808675291,37.562909518733946,207,censor,10.2794520547945
MrOS,-0.44981295458095,21.80994049592865,530,death,8.83013698630137
MrOS,-0.496818705711441,34.42289991648258,191,death,9.38904109589041
MrOS,-1.1144661298219,0.790240584234971,140,censor,9.74520547945206
MrOS,0.0113568105051201,74.81212182381041,693,dementia,1.11232876712329
MrOS,-0.67072635008788,15.060251767191334,248,censor,10.8904109589041
MrOS,-0.515986106227609,31.577514252323184,237,death,10.0712328767123
MrOS,-0.139643004404709,48.925786418335775,332,censor,10.7452054794521
MrOS,0.319249474684651,89.70825094628118,28,death,2.55068493150685
MrOS,-0.489947803102559,30.887576229209923,193,death,9.33972602739726
MrOS,-0.92510589319325,4.732319878094378,384,censor,10.6383561643836
MrOS,-1.18219560429139,4.289387694167425,874,censor,11.4657534246575
MrOS,-0.40729502553074,35.213283621384456,35,censor,10.9013698630137
MrOS,-0.330174580028449,37.84262883863382,244,death,7.18904109589041
MrOS,-0.253579761779299,36.86286404101921,151,death,10.0849315068493
MrOS,0.0266371857793004,64.64647372157499,916,censor,11.3561643835616
MrOS,-0.201376069604861,50.49482331398969,888,death,6.88493150684932
MrOS,-0.403639310026971,38.6201916092134,95,censor,11.4630136986301
MrOS,-0.68053718870387,23.783972890208776,26,dementia,10.3397260273973
MrOS,-0.0904562109323805,76.87916438525028,11,censor,6.16986301369863
MrOS,-0.27841412278303,41.436586382086304,818,censor,10.372602739726
MrOS,-1.00697488894101,6.059700951953941,863,censor,11.1616438356164
MrOS,-0.41590506287712,47.656874350206834,19,censor,11.0383561643836
MrOS,0.45061991228575,88.42841105056497,721,censor,11.0301369863014
MrOS,0.3632343075246,97.67866804482956,24,censor,10.9561643835616
MrOS,0.28401767024295,96.82483835106493,27,death,6.64657534246575
MrOS,-0.29223693115797,43.18266905427404,512,censor,10.6931506849315
MrOS,0.24976874321375,73.87251789173287,558,death,2.08219178082192
MrOS,-0.49461592064239,23.271030206559924,292,censor,10.1123287671233
MrOS,-0.08628200614897,72.26889108325419,519,death,5.87123287671233
MrOS,-0.70864197156395,39.55405931770582,18,censor,11.1835616438356
MrOS,0.699252957791251,96.21654098981233,631,censor,10.7780821917808
MrOS,-0.24788342797027,40.205155428120705,716,censor,10.9643835616438
MrOS,-0.695073887906,22.248836540565854,239,censor,9.49041095890411
MrOS,0.241162951423981,87.87590641762473,30,censor,11.4246575342466
MrOS,-0.639234791988029,20.10166811352665,38,censor,6.6
MrOS,0.63017790339192,93.5023691169587,261,censor,3.85205479452055
MrOS,-0.69755763836533,18.797216583253448,916,censor,3.73972602739726
MrOS,0.26138377017284,87.88686540293517,884,death,10.8027397260274
MrOS,-1.88574283442103,1.728209575406321,240,dementia,3.51232876712329
MrOS,0.19458183374725,74.38424132056885,714,censor,11.172602739726
MrOS,-0.173821311094009,47.443887511516365,214,death,11.9479452054795
MrOS,0.16187140815546,80.31151627663367,223,death,6.04931506849315
MrOS,0.85920802738313,99.6790425463818,362,censor,11.1452054794521
MrOS,-0.28592533713325,47.316411252193554,758,death,9.58630136986301
MrOS,0.0662877876256005,72.6807241732268,947,dementia,10.8849315068493
MrOS,-0.23631467819786,50.22399176567223,221,censor,12.1287671232877
MrOS,0.0262526062257393,71.13659040117747,559,death,11.8602739726027
MrOS,-1.19476069981684,4.295812075674579,845,censor,11.0876712328767
MrOS,-0.35103534502347,34.50087549097791,21,censor,10.4328767123288
MrOS,0.4631869996136,93.15817333971131,496,censor,10.2027397260274
MrOS,-0.91676788580066,9.975556264464077,213,dementia,0.986301369863014
MrOS,-0.53195946352165,30.050915274486773,212,death,3.00547945205479
MrOS,-1.6468013695857,1.9882927685173435,626,death,4.23561643835616
MrOS,0.0557228487559698,63.625447822491395,735,censor,10.7205479452055
MrOS,-0.90313586834948,4.859681170493763,203,death,12.0109589041096
MrOS,-0.670850322080361,13.380864192204198,27,censor,10.1534246575342
MrOS,0.0068751593781399,55.20569509852982,684,censor,10.6054794520548
MrOS,-0.31037979252683,40.31400845435662,662,censor,3.63561643835616
MrOS,-0.45864869014095,26.608188496460453,870,censor,10.9178082191781
MrOS,0.10745719469675,76.34811797694447,236,censor,9.85753424657534
MrOS,-1.05692498167148,7.874179481010564,799,death,11.2958904109589
MrOS,-0.131583522740949,44.528604646798954,819,death,3.34246575342466
MrOS,-1.23278824184993,2.7050067947722707,226,dementia,3.7041095890411
MrOS,0.4239114908117,81.78638671676073,184,dementia,10.8164383561644
MrOS,-0.0045003688725003,56.369428954545114,628,censor,10.2712328767123
MrOS,-0.68882917361484,22.61277934819701,789,censor,9.95068493150685
MrOS,-0.187809675708939,52.8483104115168,32,dementia,3.8027397260274
MrOS,-0.85077503421432,9.491967674399298,248,death,9.81095890410959
MrOS,0.118879062487871,73.72532809876921,250,censor,3.74246575342466
MrOS,-0.49390323290466,27.918453801731296,828,censor,11.2547945205479
MrOS,-0.64234574595088,18.10674127351259,925,dementia,1.01917808219178
MrOS,0.0960291378458606,69.12668336310152,897,censor,10.8986301369863
MrOS,-0.18627320098157,58.20790772535167,146,censor,10.9123287671233
MrOS,-0.258963161000941,48.606961358243524,227,censor,11.2438356164384
MrOS,0.71062957847117,98.03465583994449,804,death,9.72602739726027
MrOS,0.31706879369367,83.72263072800378,12,death,11.8794520547945
MrOS,-0.30581286195326,40.752916086933965,750,dementia,3.7972602739726
MrOS,-0.67093749591437,16.37960341915318,160,censor,11.3917808219178
MrOS,0.49189927964358,91.60405050949561,130,death,8.49041095890411
MrOS,-0.10166802206291,57.00899576570291,786,censor,9.81917808219178
MrOS,-0.173975998054,42.2711141206337,214,dementia,5.58356164383562
MrOS,0.0133938379413394,68.27532011387177,840,censor,10.9369863013699
MrOS,-0.16924295193967,63.68590746065727,556,death,3.84383561643836
MrOS,-0.0387394649578695,61.511734826776596,893,dementia,10.9068493150685
MrOS,-0.368915961585201,36.16795595763256,237,death,9.95616438356164
MrOS,-0.32104752090851,43.41281052831272,340,death,7.1972602739726
MrOS,-0.14939019813079,42.06007197217883,823,dementia,11.0301369863014
MrOS,0.69356245828386,97.07033851048558,67,censor,11.4246575342466
MrOS,-0.49219579633257,26.449129193110107,810,dementia,1.17260273972603
MrOS,-0.37078752525008,60.0073372504626,368,death,7.72602739726027
MrOS,-0.0291550929465103,50.02856033559086,627,censor,10.6876712328767
MrOS,-0.632765303267431,15.73153893061381,819,censor,10.1753424657534
MrOS,-1.21466989801465,14.93158559491536,112,censor,3.8986301369863
MrOS,-0.37280211661803,34.785631694719086,652,death,5.28493150684931
MrOS,0.17532330413583,76.84313738455937,121,death,9.93698630136986
MrOS,-0.43643531842561,37.498331319888415,834,censor,11.2630136986301
MrOS,-0.66021048147073,23.685976402034697,19,censor,11.4712328767123
MrOS,-0.47918716658301,32.48854677638242,203,dementia,1.13698630136986
MrOS,-0.0475060105169305,63.22141736150871,554,censor,10.5698630136986
MrOS,-0.4662128681167,36.75883538460756,22,censor,11.558904109589
MrOS,0.75340123589321,100.0,51,death,5.07945205479452
MrOS,-0.33344139751602,47.41515469082015,211,death,8.23835616438356
MrOS,0.0631294602600093,69.65139477792083,580,censor,9.83287671232877
MrOS,-0.38917793920597,26.279861212343203,648,censor,11.0082191780822
MrOS,-0.556354671502361,21.214193022962277,854,censor,9.86849315068493
MrOS,-0.0220092476455207,66.8161746058813,186,death,6.42191780821918
MrOS,-0.875053327634549,8.15878571455867,192,censor,10.2958904109589
MrOS,-0.48814479311151,32.108528691687894,719,dementia,0.649315068493151
MrOS,0.28435477761393,83.06151479652584,748,death,7.11506849315068
MrOS,-0.15083528585298,42.539980881051015,126,censor,11.158904109589
MrOS,-1.79080469366875,2.75306345931706,207,death,1.74794520547945
MrOS,0.3538607430534,83.29954577058288,667,censor,3.85753424657534
MrOS,0.0304031171087701,63.0902398096966,773,censor,9.76164383561644
MrOS,-0.42461362422405,32.94116242320685,230,censor,11.1561643835616
MrOS,-0.92916298752139,7.461231098892358,405,censor,10.6520547945205
MrOS,-0.206126791164171,40.07438897572587,871,censor,11.0383561643836
MrOS,-0.29099988429565,31.233480339612026,585,censor,10.7369863013699
MrOS,0.45188400375946,90.31008798948416,423,censor,10.4465753424658
MrOS,0.43081321731697,100.0,23,death,2.63013698630137
MrOS,0.17560384590489,72.24794367875066,513,censor,10.8931506849315
MrOS,0.181330612406749,78.78360152682033,216,censor,9.95068493150685
MrOS,-0.53329464268249,18.471902278904064,753,censor,10.813698630137
MrOS,1.16028949942698,99.97815336451843,683,censor,11.2
MrOS,-0.0646971970691297,53.369125074360745,863,censor,11.1616438356164
MrOS,0.0088525968688102,66.41722492079421,771,dementia,3.16164383561644
MrOS,-0.156217635642,44.913435269574016,803,death,5.07123287671233
MrOS,-0.20157267296788,51.90751595605679,164,dementia,1.0
MrOS,0.0359691476784704,60.05345680698554,726,censor,11.2164383561644
MrOS,-0.413164504399521,30.475145658026577,230,censor,11.4246575342466
MrOS,0.26408871855823,86.58045410679254,23,censor,11.2986301369863
MrOS,0.22734961336911,78.65721245299504,610,death,12.0986301369863
MrOS,-0.7117576901693,32.8370338116713,15,censor,10.6438356164384
MrOS,-0.9580519229306,21.081475189721488,135,dementia,1.06575342465753
MrOS,-0.23007635129789,39.12371289862778,189,censor,10.0109589041096
MrOS,-1.16043575553044,8.76295455010104,459,death,9.46849315068493
MrOS,0.373178111566379,81.76139916548452,118,censor,10.0684931506849
MrOS,-0.81335109666741,11.511826030487065,70,dementia,1.2027397260274
MrOS,0.14723138806721,77.0336566625856,585,censor,10.0712328767123
MrOS,0.43131270481456,83.9938252621681,207,death,10.6027397260274
MrOS,-0.72369355733717,13.347138570976895,33,death,2.56712328767123
SOF,-0.11646892459038,77.92095120389484,44,censor,7.06365503080082
SOF,-0.67370825478186,54.290059667542536,43,censor,6.8062970568104
SOF,-0.0921319670217002,78.81008092149328,56,censor,6.90485968514716
SOF,-0.766822361493669,27.933303158223403,51,death,6.71868583162218
SOF,-1.46385984214458,0.0,38,censor,6.65297741273101
SOF,-0.85137236092626,28.919535271918935,27,censor,6.65571526351814
SOF,-0.171323123976239,77.82833040498963,56,dementia,5.02121834360027
SOF,0.40524436380631,97.28074175349178,55,dementia,3.64134154688569
SOF,-0.283943515271621,72.98369966967194,36,censor,7.90691307323751
SOF,-1.36513659010203,28.914605882139988,34,censor,7.38945927446954
SOF,-0.60896738241503,30.174122849286228,42,censor,7.33744010951403
SOF,-0.625679016947019,41.4490498503139,51,dementia,5.76591375770021
SOF,-0.96193887717783,23.68652567194973,40,censor,6.50239561943874
SOF,-1.41530232381137,12.437438985157195,40,censor,7.48528405201917
SOF,-0.82604748872136,46.03142159303587,35,censor,6.55715263518138
SOF,-0.86861570681335,10.97683129562406,19,dementia,5.78507871321013
SOF,-0.62419091192442,26.315591544512863,44,censor,6.6611909650924
SOF,-0.0401362873306695,79.80651787002034,36,dementia,4.94455852156057
SOF,-0.60607022012187,61.82529529131091,38,dementia,5.96303901437372
SOF,0.0877028845635905,98.88133001711198,35,censor,7.60027378507871
SOF,-0.464879221464631,78.2895526579568,43,dementia,4.19164955509925
SOF,-1.60447086050277,28.407066770195858,29,dementia,4.28473648186174
SOF,-0.91866410216424,24.46102494456899,57,censor,6.99520876112252
SOF,-1.34265678120196,8.034546690870332,50,dementia,5.80698151950719
SOF,-0.51956061068492,36.03673631102019,48,censor,7.94524298425736
SOF,-1.41662984826812,15.447782549713864,41,censor,7.30184804928131
SOF,-2.30069092491099,0.0,24,dementia,4.25188227241615
SOF,-0.91922231438123,30.678363346991315,46,censor,6.67488021902806
SOF,-0.78433457456117,38.64234312055776,46,censor,6.87200547570157
SOF,0.0764599528673699,87.07404052621513,17,dementia,5.50034223134839
SOF,-0.12570523157933,94.13377535653463,18,dementia,4.79397672826831
SOF,-0.32837969859287,44.073467665889495,28,dementia,5.68377823408624
SOF,-0.57091165816347,26.78839986367444,37,censor,6.63107460643395
SOF,-0.766663024156639,75.51831275552495,25,censor,7.30458590006845
SOF,-0.594483124616789,40.59452141488393,60,censor,7.21971252566735
SOF,-0.38602764307002,66.35099542560155,45,dementia,4.25735797399042
SOF,-0.96836869501326,3.0063291839877997,10,censor,7.32101300479124
SOF,0.18361779428422,89.35377770796384,42,dementia,5.14715947980835
SOF,-1.33484323537477,13.634766621713512,57,censor,7.50718685831622
SOF,-0.72647828275412,73.80510101195159,12,censor,6.77344284736482
SOF,-0.0076240724636903,87.90101166444312,52,censor,7.94250513347023
SOF,-1.49731539641637,13.106541540865289,38,censor,6.80355920602327
SOF,-0.78705580743964,18.282420140174374,38,dementia,4.10130047912389
SOF,-0.444676136128631,52.95489996733082,46,censor,6.60643394934976
SOF,0.13785120060389,97.22100244589504,58,death,7.3429158110883
SOF,-1.05572823871977,13.680329105016636,55,censor,7.43600273785079
SOF,-0.84402451464255,40.04336390497688,25,censor,6.46406570841889
SOF,-0.23355920176045,72.19314634073419,47,censor,7.59753593429158
SOF,0.49111979864426,96.46019787383382,41,dementia,5.15537303216975
SOF,-0.13972504922907,80.49781921509327,44,censor,7.02532511978097
SOF,-0.2727296549264,58.457450927686125,37,dementia,5.93839835728953
SOF,-0.21888799268435,65.64141639550726,55,dementia,5.53593429158111
SOF,-1.14502596927403,9.158611127832899,48,censor,6.88569472963724
SOF,-1.6735044219773,0.0,45,censor,6.68035592060233
SOF,-0.312949969537419,78.60242582068541,14,dementia,4.40793976728268
SOF,-0.76041050234021,40.323276735595925,52,censor,6.61738535249829
SOF,-0.54329535229774,62.445546712000024,18,censor,7.59206023271732
SOF,-0.88890917326672,27.017872104724315,20,censor,7.06639288158795
SOF,-0.3231499148417,55.782529699643426,36,censor,7.55920602327173
SOF,-1.61235693182103,0.0,36,censor,6.53251197809719
SOF,-1.0895321920915,21.956521723196857,51,censor,7.3429158110883
SOF,-0.0374549049119594,89.56946889401672,19,dementia,4.53661875427789
SOF,0.0639357073160795,79.10945199558718,51,censor,7.57015742642026
SOF,-0.49156414797156,46.67605376039321,57,censor,7.03080082135524
SOF,-0.0644604011225198,91.06738447117269,35,censor,6.84736481861739
SOF,-0.0870361928045,61.04762992582159,34,dementia,4.05749486652977
SOF,0.0301481902121594,84.2279834247822,51,dementia,5.2539356605065
SOF,0.0005646039271795,92.94108295797786,30,censor,7.1895961670089
SOF,-0.210714973367659,78.69412066877887,43,censor,6.83915126625599
SOF,-0.0677660375185198,75.85414319575466,48,dementia,5.82340862422998
SOF,-1.52898361631333,13.025764555894215,43,censor,6.7460643394935
SOF,-0.45158902182838,75.31341694605048,42,dementia,3.85215605749487
SOF,-0.48023068467422,42.418131720923796,26,death,6.18480492813142
SOF,0.15193264767597,100.0,12,dementia,4.44900752908966
SOF,-0.22451102008328,83.80178502979156,32,censor,7.12936344969199
SOF,-0.68605921630041,47.628242498614114,50,censor,6.69678302532512
SOF,0.0850634318370297,86.59209421200106,50,censor,7.43052703627652
SOF,-0.754987927132071,58.03388225054546,10,censor,7.30458590006845
SOF,-0.72175028946162,31.755160639176136,48,censor,7.12936344969199
SOF,-1.07557067987404,25.10587575462531,49,censor,6.62559890485969
SOF,0.481715936682561,99.15499509745554,28,dementia,4.97741273100616
SOF,0.0859505876167304,90.27522805644655,46,censor,7.30458590006845
SOF,-0.7399296569895,24.601465441706523,38,censor,7.04175222450376
SOF,-0.316325467383319,61.01112666717993,57,censor,7.5482546201232
SOF,-0.83832213430431,27.244571506808242,43,dementia,5.52498288843258
SOF,-0.0829049057021507,92.28293765803662,46,censor,6.5160848733744
SOF,-0.40120252712244,58.49973573277487,48,censor,7.59206023271732
SOF,0.70067878944423,99.45934207473302,42,dementia,4.92265571526352
SOF,0.0272208024313201,91.47871491592245,43,censor,7.49075975359343
SOF,-1.29125227411083,11.303862339135835,58,censor,6.62833675564682
SOF,-2.39391561987405,0.0,39,censor,7.34565366187543
SOF,-0.58658794061522,24.301648584864093,52,censor,7.35934291581109
SOF,-0.59515569301787,32.55743446634223,56,dementia,3.89322381930185
SOF,0.0972925319889796,82.7939648474531,38,censor,7.92881587953457
SOF,-0.0841180975602398,61.28337804570388,45,censor,7.06091718001369
SOF,-0.46511880189427,55.28261598798095,57,censor,6.87200547570157
SOF,1.2116599218434,100.0,18,dementia,5.30047912388775
SOF,-0.38667531550151,43.1526026805145,50,censor,7.56741957563313
SOF,-0.73933084610254,55.34241496121703,29,censor,7.12662559890486
SOF,0.806829094464619,100.0,56,dementia,5.78781656399726
SOF,-0.17255901529695,67.31137042845423,43,censor,7.11019849418207
SOF,-0.912545956535421,21.016527033425735,52,death,6.39288158795346
SOF,-0.238642812011859,68.90888768796712,57,censor,6.34907597535934
SOF,-1.33914565263505,12.030466722886207,51,censor,6.61464750171116
SOF,-0.24871200483451,77.41148552438109,49,censor,7.19780971937029
SOF,-0.72919171248908,38.60780035439183,32,dementia,4.94455852156057
SOF,-0.937139299579449,9.798609809318432,51,censor,6.99520876112252
SOF,-0.39095771739258,32.76096514604793,45,censor,7.564681724846
SOF,-0.299553289597659,82.28572553823489,40,dementia,4.92265571526352
SOF,-0.0421119559552295,92.9511037055796,12,dementia,5.00205338809035
SOF,-0.36604388878541,54.489727723839046,34,censor,7.46064339493498
SOF,-0.31490020803229,98.91889714699893,11,dementia,4.19712525667351
SOF,-0.93296399380139,15.658533717072938,32,censor,6.80903490759754
SOF,-0.62118397821655,32.18377426449721,52,censor,7.41683778234086
SOF,-0.29150285764609,56.57839978734858,56,censor,7.57289527720739
SOF,-0.493664773570789,56.427397883998815,56,censor,7.57015742642026
SOF,-0.23250479347741,66.93189154508056,57,censor,6.8993839835729
SOF,0.10370335845905,92.6043135984055,52,dementia,5.72210814510609
SOF,-0.3454065257088,84.90896121140415,32,censor,6.69130732375086
FHS,-0.49251921524771,16.732327408767908,136,death,16.1889117043121
FHS,-0.0608143799283397,63.28286172168882,37,dementia,16.7583846680356
FHS,0.651744150340831,78.17645895475877,107,censor,22.3956194387406
FHS,0.10090866953624,52.62996169029973,118,censor,21.8151950718686
FHS,0.30792949718298,99.99999999999999,16,dementia,11.9206023271732
FHS,-0.96783555407571,7.689405085617733,99,censor,21.3634496919918
FHS,-0.29841462144634,35.52507944053734,116,censor,22.3052703627652
FHS,0.14468053637901,36.33536960272292,69,censor,20.788501026694
FHS,0.36729700665033,83.41720826749201,38,death,18.2970568104038
FHS,0.359483695127579,79.90475751534824,88,death,9.68925393566051
FHS,0.41527474996272,69.91847340187742,103,censor,22.1492128678987
FHS,0.59706920665115,83.71088753806279,116,death,14.5735797399042
FHS,0.250737130215509,93.45928762538627,36,dementia,13.7960301163587
FHS,-0.39972699468778,25.628824224523324,77,death,14.3983572895277
FHS,-0.38142086205316,20.04468387434191,81,censor,21.2292950034223
FHS,0.22328882383504,53.26910717200484,25,censor,18.7433264887064
FHS,-0.41622852069175,26.510305019731774,84,censor,15.3182751540041
FHS,0.6942442569839,82.56847503416832,115,censor,21.7138945927447
FHS,0.20758175110454,58.685125487818716,112,censor,15.3401779603012
FHS,-0.0066354950429101,54.7490852742108,96,death,12.5995893223819
FHS,-0.21290135029296,22.344511692285465,74,censor,15.64681724846
FHS,0.61071984494306,83.2826347322132,136,censor,21.7303216974675
FHS,0.10248066452281,57.81070399318993,100,dementia,16.2874743326489
FHS,0.101472946248759,69.98929719257546,113,censor,21.1718001368925
FHS,0.39433930170599,81.88677891434611,107,death,20.0985626283368
FHS,0.55893872600158,83.6495999763348,74,dementia,5.11978097193703
FHS,-0.85928286472727,13.931190501404322,59,censor,14.5845311430527
FHS,0.43576463512682,72.06903479941451,125,censor,22.2696783025325
FHS,0.26050879197611,80.98554177694837,14,censor,17.6892539356605
FHS,0.38004970733887,81.24895604401719,12,censor,21.3634496919918
FHS,-0.47823908816048,16.856079360998145,44,censor,9.19644079397673
FHS,0.53278527759373,81.0750586866896,110,censor,13.700205338809
FHS,-1.02767591493245,5.5219185777653,123,censor,21.5605749486653
FHS,-0.9443067386609,13.861242045734281,68,censor,19.066392881588
FHS,-0.0465911012303103,41.036925027482056,95,death,18.9103353867214
FHS,0.23342874321265,63.543105755381966,41,censor,14.0533880903491
FHS,0.16767517929112,73.60204839915124,17,dementia,15.315537303217
FHS,0.61877961926339,94.96948393442248,87,dementia,10.6255989048597
FHS,-1.08954256082539,1.7606287331360007,97,death,21.1143052703628
FHS,-0.0046853091968998,50.933703780013886,137,censor,17.5824777549624
FHS,0.0695325913603803,47.865082016164045,116,censor,21.6098562628337
FHS,0.54475553516877,82.83761421940422,75,censor,22.1711156741958
FHS,0.31856077928861,64.61212753296913,129,censor,15.7262149212868
FHS,0.12953317916993,59.68392022494143,93,death,14.6255989048597
FHS,0.16295029509672,43.10152568189195,71,death,17.8672142368241
FHS,-0.492799418740511,17.29900640307128,99,censor,22.6228610540726
FHS,-0.0391301861744502,38.16674280859292,80,censor,20.3668720054757
FHS,-0.55291529913217,19.043331299162336,24,dementia,12.5530458590007
FHS,-0.99295048692046,45.89426333375743,11,death,8.62422997946612
FHS,-0.45055612993753,20.358143366991687,105,censor,21.5578370978782
FHS,0.5798480530478,78.54156019852468,96,censor,20.8104038329911
FHS,-0.41442334959295,20.087912304518273,128,censor,14.9596167008898
FHS,-1.25900459763028,13.86816740463891,38,censor,20.9856262833676
FHS,0.76652731817943,89.58826323181502,125,death,23.1622176591376
FHS,0.53100194012079,81.21146352203402,140,censor,18.4175222450376
FHS,0.26571088511067,91.1334796452551,11,death,3.51266255989049
FHS,0.1440379382734,53.70017770186856,110,death,21.4674880219028
FHS,0.21090676962589,65.58713954355532,111,censor,15.2553045859001
FHS,-0.37677066818995,25.597935913490613,113,censor,22.0260095824778
FHS,-0.0003357505595801,42.51006967952629,121,censor,14.3874058863792
FHS,-0.37489690987481,24.738247584609447,90,censor,15.7837097878166
FHS,0.93626750497819,93.57952396915205,102,censor,22.3436002737851
FHS,-0.92162729691796,1.1415810449834192,99,censor,20.8678986995209
FHS,0.686095331949021,77.96088528783088,127,death,21.9876796714579
FHS,0.36043042593011,59.80058133796871,60,death,18.6255989048597
FHS,-1.02050788125607,5.293100527262725,106,censor,21.1553730321697
FHS,0.69310732612233,81.61011581515349,71,censor,22.1930184804928
FHS,-0.0402148536586303,43.63630367306772,104,censor,15.3483915126626
FHS,-0.76200424688315,12.356900706073365,140,censor,15.772758384668
FHS,-0.81721134930082,10.331540598189454,121,censor,22.7789185489391
FHS,-0.38535803268765,28.65000254807995,94,death,17.8726899383984
FHS,1.45500760960072,100.0,112,censor,15.0362765229295
FHS,1.03221772110892,98.09771802226633,120,censor,21.6919917864476
FHS,-0.26270688373906,66.7752090820212,32,censor,9.65913757700205
FHS,-0.1997301985898,34.59257743022438,28,censor,13.927446954141
FHS,-0.134265003762479,53.064922375200204,11,death,4.09856262833675
FHS,0.15174948533092,77.57249935711144,21,censor,14.2614647501711
FHS,0.6237155186802,75.02380804084927,47,censor,21.347022587269
FHS,-0.81322788125502,12.98399928035268,106,censor,20.8870636550308
FHS,0.76203609841578,97.55346177944786,70,dementia,7.54277891854894
FHS,0.385242128532261,93.5030348279818,28,censor,23.0444900752909
FHS,0.67004261678979,82.22019159647353,91,censor,21.1115674195756
FHS,0.57190403906027,71.81541525543123,85,censor,9.6290212183436
FHS,0.49193062463799,67.9846713226505,65,censor,21.2594113620808
FHS,0.46540856417538,85.13086845689595,95,censor,22.5571526351814
FHS,1.05069954376803,98.86753537628232,98,death,18.5571526351814
FHS,1.66821352843062,100.0,19,censor,20.9253935660507
FHS,-0.04098197543371,47.131296148244346,109,censor,20.9281314168378
FHS,-0.14699737840542,47.67328165014049,112,censor,22.2833675564682
FHS,0.11165308262768,57.9479415665748,19,censor,11.9397672826831
FHS,0.51714757955696,84.91026237978703,100,censor,15.3675564681725
FHS,0.70734563911392,94.47351505159853,91,censor,14.9459274469541
FHS,-1.02024938134934,0.5993368438036861,53,dementia,16.0492813141684
FHS,0.10558340880331,51.6746223351281,54,censor,13.8343600273785
FHS,-0.384647401682891,40.7026366173253,71,death,16.9774127310062
FHS,0.5513313046615,73.06020788185756,91,censor,16.2929500342231
FHS,0.34559010163668,77.57070923520757,52,censor,22.2094455852156
FHS,0.90902406768801,96.59577228833105,16,death,20.9719370294319
FHS,-0.47288623864777,22.11015748794392,129,censor,17.8672142368241
FHS,1.04276994825319,100.0,113,death,21.8316221765914
FHS,-1.19248536423898,6.564647760479726,106,censor,21.6563997262149
FHS,-0.13978668825193,33.51365744853403,77,death,11.5592060232717
FHS,0.33117985433808,66.08153881556731,114,death,20.8514715947981
FHS,-0.0507542293731703,57.11940734501518,75,censor,21.886379192334
FHS,0.27251029985836,58.87212013353339,75,censor,22.1848049281314
FHS,0.0025658381176,59.66829720801536,54,dementia,14.8117727583847
FHS,-0.74693158018605,3.9802655151154736,11,death,4.13963039014374
FHS,-0.25772071784206,46.41668167762597,53,death,17.7084188911704
FHS,0.17800240191816,54.51176437483287,103,censor,14.54893908282
FHS,-0.39999715365522,21.16902039242696,41,death,15.7344284736482
FHS,0.67030014191231,89.6778529989217,115,censor,23.0554414784394
FHS,-0.0342423866165397,72.74694648022212,47,death,16.3285420944559
FHS,-0.44346041332312,19.48896061023673,113,death,17.9192334017796
FHS,-0.33206862889034,69.27661268094921,22,censor,21.8069815195072
FHS,-0.23612756900488,50.249972170083154,26,dementia,9.44832306639288
FHS,-0.0534690988080797,66.04904121933143,42,dementia,14.2067077344285
FHS,0.62528470645068,85.63801773990829,85,censor,20.8651608487337
FHS,0.18151351334412,59.25455796561261,84,censor,20.9418206707734
FHS,0.46056284742606,73.31350460930031,128,censor,20.8350444900753
FHS,0.0666821752622397,44.058419942832266,101,censor,22.611909650924
FHS,-1.1458301715474,38.93443663138951,15,censor,18.0123203285421
FHS,-0.45490799857646,18.602658223914737,130,censor,14.8117727583847
FHS,0.15987174951282,41.31775247169945,56,death,18.4996577686516
FHS,0.67363869642159,96.29858758777657,52,censor,17.1772758384668
FHS,-0.3734205122429,18.074337371044948,94,censor,14.735112936345
FHS,-0.46335567778222,14.389252640274844,79,censor,21.2895277207392
FHS,0.84958659264902,88.40039088449733,78,censor,20.848733744011
FHS,-0.277733876595489,43.256293383016356,23,censor,22.90212183436
FHS,0.13199648576163,55.062761423392395,104,censor,21.2292950034223
FHS,-0.42313712010958,15.36418588057075,100,censor,14.7241615331964
FHS,-0.00738874188132,44.93567691407784,109,death,11.419575633128
FHS,0.0590963328572101,68.37648913671876,63,dementia,5.52498288843258
FHS,0.40483846848679,73.85405905878615,115,censor,21.8918548939083
FHS,-0.422350275604479,27.415994868514225,64,death,9.99041752224504
FHS,-0.455580807011989,23.853027467692986,63,censor,21.9767282683094
FHS,0.16931005134564,52.84635600573742,118,censor,22.6447638603696
FHS,-0.34132410456892,35.050803837734826,88,censor,21.7905544147844
FHS,-0.56729544960962,14.300377196157203,128,dementia,20.0082135523614
FHS,0.27583232219079,48.43510493027255,56,censor,22.5653661875428
FHS,-0.62294127625958,24.115464166600407,32,death,16.7282683093771
FHS,0.0906747378680997,56.17566596060685,123,censor,20.8158795345654
FHS,0.98151714839362,97.20497059680812,129,censor,22.2505133470226
FHS,0.73136777862556,85.77602477065662,53,censor,9.70841889117044
FHS,0.12349123637746,72.72657653982306,67,dementia,7.33744010951403
FHS,0.864886628408171,100.0,26,censor,16.5639972621492
FHS,1.10430062132626,98.25859573344545,92,censor,16.8569472963723
FHS,-0.31810817300045,30.310617386704912,96,censor,16.8021902806297
FHS,0.29855402203633,74.68081219558383,104,censor,20.4271047227926
FHS,0.15187621253683,60.56467749334204,103,dementia,11.1129363449692
FHS,0.773759943408641,98.11198490850992,17,censor,13.8945927446954
FHS,-0.19595317050569,41.15999187809051,100,censor,13.5852156057495
FHS,0.224255998349,60.307412905884426,59,dementia,15.1731690622861
FHS,-0.16167984920819,40.94957426941663,92,censor,21.7111567419576
FHS,0.97427864548736,92.76774863455299,99,censor,15.2060232717317
FHS,-1.0679725495468,32.3411564165674,14,dementia,15.5181382614648
FHS,-0.11522666225995,42.14254380577999,69,censor,15.5701574264203
FHS,0.24739048172846,86.76441241936676,11,censor,14.5407255304586
FHS,-1.49201916160613,31.544318888476994,23,censor,22.2888432580424
FHS,0.404371316364831,70.38069795373964,134,death,14.1793292265572
FHS,-0.21054887304732,43.024738946751164,57,dementia,13.0759753593429
FHS,-0.0685972833292404,52.382862513773496,136,censor,8.35865845311431
FHS,0.23244091952951,61.215325753949244,129,censor,17.09787816564
FHS,0.0775908489896096,55.37334343486837,13,death,6.62012320328542
FHS,-0.0473634730684999,62.342650798048915,26,censor,22.1163586584531
FHS,0.81267584637817,99.41525508489156,54,censor,21.7111567419576
FHS,0.78710749076126,91.61799053915149,129,censor,21.0184804928131
FHS,-0.70349250553143,18.309794437402896,118,censor,15.3593429158111
FHS,0.69911210512694,81.19960457580925,104,censor,16.5311430527036
FHS,0.34167591274118,70.41770326285958,142,censor,22.3600273785079
FHS,1.22962578216447,99.89741070633357,77,censor,17.2484599589322
FHS,-0.44214469536572,22.58386570305286,141,death,20.1122518822724
FHS,-0.40120126981945,25.727528974602954,125,censor,21.0540725530459
FHS,0.32777941922145,68.26125281593268,143,censor,21.0622861054073
FHS,0.60736679786234,77.29034724176184,105,death,18.1190965092403
FHS,0.36832559352731,72.18566687473857,141,censor,22.113620807666
FHS,-0.34451089894335,28.371913761057442,100,death,13.9082819986311
FHS,0.05333977909903,84.06289998956883,14,censor,20.5420944558522
FHS,0.60389667345078,89.98282581883869,108,censor,21.3278576317591
FHS,-0.40194543363726,15.787923493532988,71,censor,22.3244353182752
FHS,-0.0200390270267299,47.67588457181793,95,censor,21.7221081451061
FHS,-1.21980379297629,5.029500017436321,127,censor,16.9034907597536
FHS,0.106843470179849,58.36662693463388,69,censor,17.9822039698836
FHS,0.53362539507047,100.0,20,death,11.8220396988364
FHS,0.16291394818505,69.91097867330826,11,censor,20.9856262833676
FHS,0.31163869727406,59.17074187108062,82,censor,21.4401095140315
FHS,0.74286752887086,90.48919800799337,115,censor,21.782340862423
FHS,0.1479886898104,59.38359555086009,117,death,12.1149897330596
FHS,0.92093085933444,95.09218862461015,87,censor,8.90622861054073
FHS,-0.20644836067653,37.145540699303226,96,censor,20.9281314168378
FHS,-0.51473929846432,22.364686308193296,145,censor,21.5934291581109
FHS,-0.34757509461368,36.037096790494545,64,censor,21.5605749486653
FHS,-1.3281436176724,11.65235313755135,63,death,22.2833675564682
FHS,0.65842414560372,86.92585302507601,144,censor,17.1991786447639
FHS,1.04923071802668,94.98960388942031,125,death,16.2765229295003
FHS,1.11710827129972,100.0,32,censor,21.6646132785763
FHS,0.48714508235732,63.34903453726772,74,censor,16.2655715263518
FHS,-0.308151143617479,32.707532810134126,98,dementia,14.4969199178645
FHS,0.20426549330767,72.33033938538155,86,censor,21.3415468856947
FHS,0.59571220614769,86.32846952719653,105,censor,21.9603011635866
FHS,-0.0383952075143497,45.125505908042626,89,censor,21.6125941136208
FHS,-0.4778283691221,20.1216920808297,125,censor,14.7624914442163
FHS,0.69152978467604,99.49767492273664,14,death,21.7905544147844
FHS,0.63319889586216,95.22507698813428,14,censor,21.9822039698836
FHS,-0.13579095830571,41.65748350346608,130,censor,17.1444216290212
FHS,0.87132118079724,91.68070577581334,93,censor,23.0691307323751
FHS,0.53383565401044,81.17003219673677,12,death,7.76454483230664
FHS,-0.782332728087,40.820908389458715,31,censor,22.3189596167009
FHS,1.14496308265557,97.28949267337383,81,censor,22.9760438056126
FHS,-0.75100277946656,10.03579775602649,64,dementia,14.9897330595483
FHS,0.82947094944557,84.35746148005201,71,censor,21.8781656399726
FHS,0.29981186452982,71.46412681024651,13,censor,19.5482546201232
FHS,1.11568159205379,99.567737145673,12,dementia,12.5503080082136
FHS,0.32142420354077,65.544724643146,121,censor,22.7488021902806
FHS,-0.66903361621354,12.051169633877631,100,censor,21.3963039014374
FHS,-1.40658189037073,4.4640923048777505,84,censor,20.7529089664613
FHS,-0.76332188656306,9.515514609972664,103,death,17.2292950034223
FHS,0.794922273189241,90.79386028008815,91,censor,21.4948665297741
FHS,-0.13536368003288,37.95097351920242,86,death,11.2772073921971
FHS,-0.43722691626475,27.1027215616518,69,censor,16.7611225188227
FHS,1.07196048771914,100.0,36,censor,22.1711156741958
FHS,0.834270305356191,92.64151618034539,111,censor,22.0369609856263
FHS,-0.10294566377014,41.095112119243176,44,dementia,9.43737166324435
FHS,-0.26372892326662,35.01558019543337,127,censor,20.9281314168378
FHS,0.0777162358522801,38.83634926748643,51,dementia,18.8856947296372
FHS,0.82079789821161,94.82539980786434,99,death,12.4845995893224
FHS,0.41025373683898,75.64778932263707,78,censor,14.8856947296372
FHS,-0.0384022429338799,50.38420545164471,109,death,18.0670773442847
FHS,-0.2859207118054,29.57134589632358,27,censor,21.0595482546201
FHS,0.0286728989441499,78.80408117758998,51,death,14.2642026009582
FHS,0.68982354149028,89.34790367339292,85,censor,9.02943189596167
FHS,0.23326092898395,59.67810620256429,76,censor,22.6748802190281
FHS,-0.14838923863765,48.06782019933191,11,censor,22.3846680355921
FHS,-0.0628033545898902,59.343723347481685,41,censor,21.7385352498289
FHS,-0.2783878941384,38.503008861299705,84,censor,21.5934291581109
FHS,-0.71188202729917,8.860592354739543,130,censor,21.0869267624914
FHS,-0.26997129303096,33.082081135946154,112,censor,18.2477754962355
FHS,-0.50633408157017,33.91196429534138,23,censor,14.2614647501711
FHS,0.0185255547702297,47.24949139616506,113,censor,20.0930869267625
FHS,-0.38411739902509,23.752642400389885,130,censor,21.8151950718686
FHS,-0.0597308407792603,37.37939601692216,129,censor,15.9315537303217
FHS,-0.69614876417639,21.36027880645664,60,censor,22.5133470225873
FHS,0.0438488477064702,50.159741508250335,117,censor,14.2614647501711
FHS,0.80445156958442,94.56581441530223,61,censor,17.8672142368241
FHS,0.88044425046793,91.73154883559876,49,censor,13.4401095140315
FHS,0.358057277308851,76.97441121074583,89,dementia,3.22245037645448
FHS,0.33988133935776,79.20458993031126,104,death,13.7138945927447
FHS,0.35976186703517,70.57779638149833,80,censor,20.5092402464066
FHS,0.404700082936979,74.26376416072799,105,death,11.6878850102669
FHS,0.11321698169133,73.17068484528606,14,censor,21.4209445585216
FHS,-0.22004680407677,28.19271809709691,84,censor,13.637234770705
FHS,0.19531834245296,60.118595254863514,127,censor,22.2669404517454
FHS,0.39106883549622,78.50882524310482,114,censor,21.3223819301848
FHS,-0.27124080958408,30.890973623285504,77,death,12.5886379192334
FHS,-0.01840390584413,45.96923889422477,108,censor,22.3080082135524
FHS,-0.53160983905226,13.321277621818858,85,death,15.7316906228611
FHS,0.30186322688624,94.38163848486185,23,censor,20.2765229295003
FHS,0.21377888801557,72.76951289522083,14,dementia,12.2053388090349
FHS,-0.80815541683262,16.306722041629147,98,censor,14.3655030800821
FHS,0.38225389283277,85.51226299119301,86,death,20.9664613278576
FHS,-0.20787862430184,37.55815603645399,113,censor,22.7488021902806
FHS,1.32731721202702,100.0,11,death,17.5468856947296
FHS,-0.46656714272014,16.74539292907096,64,censor,22.0698151950719
FHS,0.45937204873375,85.52802550343114,105,censor,20.9856262833676
FHS,-0.0835032783766593,42.47602733133117,94,censor,21.4127310061602
FHS,0.536135576733081,77.47111846197515,114,death,16.290212183436
FHS,0.51717185615375,77.4086009443413,61,censor,22.0944558521561
FHS,0.802245262584439,97.61028641624979,64,death,14.1984941820671
FHS,-1.68999781154484,15.824594082022708,22,censor,21.3634496919918
FHS,0.74535893629694,86.28895123208888,118,censor,20.9856262833676
FHS,0.69716027362398,89.7696632266759,105,dementia,16.7501711156742
FHS,0.08332042422076,43.51918217541956,93,censor,22.2888432580424
FHS,-0.13690745053145,22.25679828491525,50,censor,22.0643394934976
FHS,0.54214669442882,84.32452435026921,113,censor,21.9055441478439
FHS,0.37933279884613,66.92283987700125,94,death,10.7405886379192
FHS,0.48468392287061,77.1059179557388,110,censor,15.0171115674196
FHS,-0.84392034410875,10.166340377811064,85,dementia,16.7720739219713
FHS,-1.45505536639844,10.372928495777742,55,censor,17.4647501711157
FHS,0.32452928302913,63.89805933282343,111,death,21.2402464065708
FHS,0.65202946233407,92.7473682879819,79,death,23.460643394935
FHS,-0.38872337391802,47.994353203013006,20,death,23.9151266255989
FHS,-1.11164531843223,1.3376608009452373,56,death,19.7152635181383
FHS,0.746959419887629,95.67803905625723,133,censor,22.570841889117
FHS,0.19538215183535,89.64900548797554,11,censor,16.1724845995893
FHS,-0.29394435589735,34.63445039882678,114,censor,20.9664613278576
FHS,-0.68606068835394,16.614880604336086,84,censor,17.2758384668036
FHS,1.48184652336953,100.0,109,death,15.0417522245038
FHS,-0.591279047964,16.98279722994174,86,dementia,11.5947980835044
FHS,0.80655453383161,93.09154437354212,81,censor,21.2402464065708
FHS,-1.13624766281045,1.9610721356955536,108,censor,20.4709103353867
FHS,0.30142075462862,71.73531654349613,15,censor,9.52772073921971
FHS,0.39571698435238,76.4543415794051,48,death,20.5557837097878
FHS,-0.76553722568402,19.831131818013528,29,death,19.0225872689938
FHS,0.0711197421553699,49.20305686278913,103,death,11.6632443531828
FHS,-0.62892938724647,34.776577493223265,23,censor,17.0102669404517
FHS,0.31011587154071,87.05964465148529,41,censor,21.5496235455168
FHS,0.16160409800482,84.40510366723801,13,censor,21.5687885010267
FHS,-0.52951098107956,25.41528347793576,10,death,11.0308008213552
FHS,-0.57094799612505,15.50335607566524,114,death,20.8651608487337
FHS,0.2068081847587,79.62686866951461,100,censor,14.9404517453799
FHS,-0.28625968511911,50.794167943347155,73,death,9.63449691991786
FHS,-0.20748193638369,25.27036325614573,94,censor,16.2929500342231
FHS,-0.28308637607515,39.578180521628546,56,dementia,19.6878850102669
FHS,0.34366467140558,65.63146121942327,61,censor,21.5003422313484
FHS,0.14822746254178,35.769830765233785,12,death,9.68925393566051
FHS,-0.04833881091525,57.59383197605615,57,death,10.0944558521561
FHS,-0.54249938455361,13.046011551030194,114,censor,22.1327857631759
FHS,-0.0050304672962596,49.79956688708788,94,death,20.1971252566735
FHS,-0.11728946218015,44.057364638216335,106,censor,14.7816563997262
FHS,-0.46307150485457,24.145845359085044,68,death,15.4031485284052
FHS,0.12547962953024,62.167934961031975,90,censor,22.0232717316906
FHS,-0.41675332713259,21.580584822971595,75,censor,16.3011635865845
FHS,0.0892945612141602,78.17051589204341,21,censor,21.574264202601
FHS,0.48554756147338,78.38772421311872,114,censor,20.5749486652977
FHS,0.19332846553816,73.87844652403244,73,dementia,18.1245722108145
FHS,-0.62710154216367,6.612902929321999,30,censor,20.0903490759754
FHS,-0.16045835318872,43.73071646199782,135,censor,14.1957563312799
FHS,0.83362605415273,99.59072115216976,63,dementia,18.2669404517454
FHS,0.0496850610859795,59.26733305978953,82,death,18.8364134154689
FHS,0.154048947441331,66.42062914088005,64,death,9.63997262149213
FHS,-0.89475281228717,4.870229382121098,107,censor,21.8973305954825
FHS,0.17463739727889,84.55341082133988,13,death,4.47364818617385
FHS,-0.287964515821351,31.294753822248524,109,censor,14.6447638603696
FHS,-0.47454813094302,24.604972337711324,83,censor,22.3052703627652
FHS,-0.12086916284665,39.65807761076633,102,death,8.89801505817933
FHS,0.804972831610741,96.80152047589091,122,death,10.6885694729637
FHS,0.71387280992858,85.02487711360149,70,censor,20.8596851471595
FHS,-0.0465430959931403,58.46771460100732,19,censor,21.5112936344969
FHS,-0.12561280925766,45.49506385964403,107,censor,14.735112936345
FHS,0.705279011255109,93.01946702773678,71,censor,22.9349760438056
FHS,-0.13411184252459,29.664526607709238,73,dementia,5.29226557152635
FHS,0.321005130296069,77.1813977698495,90,censor,22.9897330595483
FHS,-0.60486292363515,21.063308210425454,81,censor,21.3744010951403
FHS,-0.45050826645607,22.83775820522609,135,censor,21.242984257358
FHS,-0.39719160540769,29.226860056254694,100,censor,22.7433264887064
FHS,-0.35794215988277,25.06374040257251,97,censor,16.643394934976
FHS,0.45472044296246,64.15567053997377,85,censor,22.5763175906913
FHS,0.78695357139442,98.0077524391044,10,death,18.4120465434634
FHS,0.835431876400619,94.3437828856135,100,censor,21.6180698151951
FHS,1.4065260611405,100.0,71,death,19.6030116358658
FHS,-1.31790539271272,0.0,65,censor,14.1683778234086
FHS,0.20470841500872,74.23583090047443,68,death,17.3524982888433
FHS,-0.41392465393494,20.800482843760765,112,censor,16.6105407255305
FHS,0.512758907314451,78.33033253497597,125,death,21.5852156057495
FHS,-0.0921006918973802,46.776663952449894,89,dementia,15.9616700889802
FHS,0.19364148313647,88.02305563501002,30,censor,21.7056810403833
FHS,0.50145582656227,75.86727739825191,63,dementia,13.2977412731006
FHS,0.16649420075381,63.44678306488385,45,censor,21.574264202601
FHS,-0.2111832718158,31.091606154483834,109,death,18.1163586584531
FHS,-0.15155952372394,50.68521099863769,30,dementia,13.0677618069815
FHS,0.32423890530286,73.08822941409646,103,censor,21.2895277207392
FHS,-0.03773039272128,57.93586530802827,86,censor,22.2724161533196
FHS,-0.22421114812199,35.493621218504316,107,censor,21.9767282683094
FHS,-0.19685809854322,56.288313342767104,46,censor,21.2073921971253
FHS,1.21666656565378,95.03111274942088,67,censor,22.5379876796715
FHS,-0.64796271729945,25.506658615617912,21,censor,18.6913073237509
FHS,-1.00131330453297,1.4039239699525088,87,censor,16.2464065708419
FHS,0.41854014556083,78.56956317630203,107,censor,14.2340862422998
FHS,-0.169878459718,38.727640364324884,123,death,10.4832306639288
FHS,1.07665578331207,100.0,83,censor,22.4969199178645
FHS,-1.5812323671696,41.93940669306574,22,death,14.6009582477755
FHS,-0.28546387635911,47.83939132105388,82,death,13.3853524982888
FHS,0.10343450394043,59.15945506308251,28,censor,11.2416153319644
FHS,-0.84131329899586,11.949105904541534,106,censor,21.1471594798084
FHS,0.14754577785669,57.47333867273831,99,censor,20.5749486652977
FHS,0.17370773334938,56.38731844084133,97,censor,22.3572895277207
FHS,0.14711087511799,69.92783880600575,105,censor,14.8145106091718
FHS,-0.34774038040554,27.025330125050722,107,censor,18.0698151950719
FHS,0.17120769494575,75.63433666344342,121,dementia,18.2149212867899
FHS,0.37913504044906,68.69912878877493,49,censor,20.413415468857
FHS,0.84535327374061,94.19396958769677,106,censor,21.1854893908282
FHS,0.0678553692247405,61.58058916143454,118,death,9.99041752224504
FHS,-0.73804407546725,18.596531103975767,97,censor,21.2457221081451
FHS,0.11466968201463,30.759284832702583,37,censor,21.1882272416153
FHS,0.46382721532465,82.34861662575973,84,death,15.3949349760438
FHS,0.43430755784353,60.60044794268567,45,censor,21.2950034223135
FHS,1.27413625410435,100.0,108,censor,14.3983572895277
FHS,-0.0130599183410595,52.692320576379906,93,death,22.0971937029432
FHS,0.796784863002971,100.0,19,death,13.2895277207392
FHS,0.273332616321591,90.38753444580684,25,censor,22.2395619438741
FHS,0.0302191021543798,53.261405990556405,15,censor,15.772758384668
FHS,0.22864431494146,61.610089698153544,135,censor,14.1875427789185
FHS,0.00807065926871,45.14980298049172,88,censor,14.466803559206
FHS,0.65202838596773,81.90578566881217,81,censor,20.6379192334018
FHS,0.16218607912113,90.67401808573355,16,dementia,16.6680355920602
FHS,0.417433480955231,80.8694792234334,88,death,19.9698836413415
FHS,-0.2520331100095,34.71097112212143,117,censor,22.1026694045175
FHS,0.72117029356388,84.84334043485377,117,censor,20.5311430527036
FHS,-0.0414608965167098,46.34283449073949,106,death,14.8446269678303
FHS,0.49910088508436,74.27963482147511,117,censor,20.3148528405202
FHS,0.140389657813959,51.45203664476845,12,censor,17.700205338809
FHS,-0.68380291357125,40.68846898529849,10,death,10.1190965092402
FHS,-0.58083311014181,13.241834275522493,65,censor,22.0396988364134
FHS,-1.19281054817013,3.7969233436277126,123,censor,21.5414099931554
FHS,0.73144477782289,87.62546179167494,105,censor,22.362765229295
FHS,-0.121081205653211,40.56270503278491,93,death,9.56605065023956
FHS,-1.03190153756577,7.280025174561823,101,censor,21.7248459958932
FHS,0.538997636647081,91.24157064629198,11,censor,21.4236824093087
FHS,-0.22320163358209,31.03325088589287,135,censor,14.5325119780972
FHS,-0.59127026458683,36.4218948451907,14,censor,14.9158110882957
FHS,-0.3772289210141,20.112386813975334,81,death,18.0807665982204
FHS,0.5353675767243,71.15761111764714,32,censor,21.4428473648186
FHS,-0.32096087389651,32.44782234613559,77,censor,17.4647501711157
FHS,-0.6717309705422,28.085087839331838,35,death,15.8220396988364
FHS,-0.1580572134144,35.97430838283669,108,censor,20.8925393566051
FHS,-0.71649847902917,9.33377626527377,116,censor,21.6125941136208
FHS,-0.16991391912361,36.68437423046874,105,censor,22.4750171115674
FHS,0.94635014054809,95.80296617449997,107,censor,22.507871321013
FHS,-0.436257786741589,23.023991746435392,80,censor,21.1718001368925
FHS,0.303466173993669,68.21213808396891,97,censor,19.1101984941821
FHS,-0.0806498568081594,54.57463921202658,83,censor,16.4106776180698
FHS,-0.28807724752145,34.77428257598955,136,censor,21.1882272416153
FHS,-0.25872529536492,23.752835134295356,78,censor,20.9883641341547
FHS,-0.0358086120472805,57.484190240865345,86,censor,22.3600273785079
FHS,0.51680519074246,81.42767603108429,86,censor,21.4866529774127
FHS,1.08860046833452,98.55101283252112,128,dementia,17.6728268309377
FHS,-0.42339749776237,33.731038046729985,65,death,17.6180698151951
FHS,0.0461437651184099,59.17659657689115,90,censor,16.1615331964408
FHS,0.34765435268594,79.0298791140362,97,censor,19.9479808350445
FHS,0.64093157482282,87.8324000099085,89,censor,22.7816563997262
FHS,0.0951933822455501,46.26648593343086,39,censor,21.6563997262149
FHS,0.66175195152824,88.26162567632117,136,censor,21.886379192334
FHS,0.60311181951208,80.89955770960785,123,censor,10.3928815879535
FHS,-0.8994396209081,6.895974657561933,128,censor,17.5989048596851
FHS,-0.90369547793814,10.52809308637542,83,censor,21.3607118412047
FHS,-0.40912763436162,19.454836560889348,106,censor,13.6892539356605
FHS,0.8501618437338,92.00529770174771,132,censor,21.7138945927447
FHS,0.31856727404075,70.88309156178971,77,censor,16.1341546885695
FHS,0.12160088887482,54.79419949068805,93,censor,20.3477070499658
FHS,0.74629044328308,97.53339322703467,110,censor,15.9041752224504
FHS,0.97149191496725,100.0,20,censor,17.5989048596851
FHS,0.78551370337698,78.15843311214469,71,censor,10.031485284052
FHS,-0.0118381438143402,48.54153102672521,119,censor,22.6420260095825
FHS,0.43563029091534,62.88345460525055,105,death,17.2320328542094
FHS,0.52611111455424,74.96382554505955,109,death,22.1437371663244
FHS,0.0385332827151601,59.913461275602394,100,censor,21.8809034907598
FHS,-0.44316707756848,24.55760241285931,120,dementia,18.2149212867899
FHS,-1.28573247702866,4.390041484093695,115,censor,16.2354551676934
FHS,-0.0243758998682296,35.42940794856713,77,censor,21.7686516084873
FHS,1.07792620104674,100.0,37,death,17.2731006160164
FHS,0.38131868682433,56.8840116924111,44,dementia,15.9069130732375
FHS,0.0686345946285499,56.29893451029398,55,death,18.8884325804244
FHS,-0.34516291089359,32.48581469512343,77,censor,14.6694045174538
FHS,-0.48370453245401,19.52622236169954,71,censor,22.7077344284736
FHS,-1.41854545885141,2.562638398293933,129,censor,22.1437371663244
FHS,-0.98355154172547,36.075004074457944,12,death,7.26078028747433
FHS,0.0640817840508902,55.89561608171565,116,death,16.041067761807
FHS,0.56068813018821,86.23011131319693,99,censor,21.9028062970568
FHS,0.50153853441184,73.23112768106931,72,death,19.025325119781
FHS,-0.3404348403117,51.22772534313393,17,censor,22.6064339493498
FHS,0.32111344168072,78.93327720274455,79,death,14.009582477755
FHS,0.93498582559093,93.11330393007646,116,censor,21.242984257358
FHS,0.0099589598048694,55.15254219488833,130,death,22.0451745379877
FHS,0.50537628973293,78.09702345940802,118,censor,20.6981519507187
FHS,0.51879359787728,100.0,14,censor,22.1437371663244
FHS,0.43608355171098,74.11013325232288,140,censor,22.1081451060917
FHS,-0.97455925963184,59.07184916201397,12,censor,17.015742642026
FHS,0.0835567865488102,50.78411820489726,96,censor,20.8733744010951
FHS,-0.11035338761413,43.52415419489327,82,censor,21.1225188227242
FHS,-0.925232884482,7.212007838041798,121,censor,22.7241615331964
FHS,0.53624632825663,87.67115219869817,81,censor,16.1122518822724
FHS,0.81827779605205,92.53968321101534,140,censor,22.5160848733744
FHS,0.25733348692048,88.63093867814064,16,censor,14.2067077344285
FHS,0.0392480610605702,47.39402080727001,120,censor,22.4503764544832
FHS,0.40932062152336,95.58967976422599,16,censor,21.6427104722793
FHS,-0.0743121281348799,60.21146355747656,14,censor,22.1930184804928
FHS,0.36889341860651,52.71715538475307,51,censor,22.258726899384
FHS,-0.0002685668345101,46.87466828479248,129,censor,18.7460643394935
FHS,-0.0003514493110898,52.256318673157416,101,censor,2.85557837097878
FHS,-0.54099370707927,19.407515269690563,91,censor,21.5770020533881
FHS,-0.34528007274182,39.88361221960026,14,censor,21.3963039014374
FHS,0.44834514929241,50.55950181832539,67,censor,14.9404517453799
FHS,0.65551090850769,70.04725624857332,52,censor,21.7549623545517
FHS,0.28817211922032,65.14992432492163,135,death,20.3121149897331
FHS,0.10937219159179,75.46721724294267,89,dementia,5.70841889117043
FHS,-0.68470814238963,7.554770414129252,109,death,16.5941136208077
FHS,0.6764350778456,87.94170972660696,118,death,14.7734428473648
FHS,-0.16975346753971,30.756512168354213,97,censor,9.49760438056126
FHS,0.37331429726418,84.12230656905645,12,censor,1.93566050650239
FHS,-0.0138356736829998,74.13298802741275,63,censor,21.6974674880219
FHS,-0.20940933688031,35.998003899547534,101,censor,22.6748802190281
FHS,0.50708082783058,83.46284544112744,39,censor,21.2539356605065
FHS,0.52797471856181,74.19196494847479,104,censor,21.3634496919918
FHS,-0.44089916556109,30.96453517905901,55,death,17.2703627652293
FHS,0.11136635893247,70.16459468459627,52,censor,20.8925393566051
FHS,0.27736397101207,64.02661064778697,135,dementia,6.66392881587954
FHS,0.0272581520684902,60.0510109728467,109,death,16.8158795345654
FHS,-0.57120075331528,10.61758828202947,113,censor,22.444900752909
FHS,0.30968904433306,56.28489381787116,76,censor,17.2457221081451
FHS,-0.47317167698507,40.08091328923874,20,censor,9.49760438056126
FHS,0.46552801399548,98.89842452462304,11,censor,18.0835044490075
FHS,0.39891388511882,70.80592688170043,115,death,14.1054072553046
FHS,-0.31782313735378,31.61731443717056,127,censor,22.5160848733744
FHS,-0.40373469499201,21.69172288380757,118,censor,21.0595482546201
FHS,0.95213372572117,97.4485296402659,55,censor,21.6043805612594
FHS,0.12753284302413,61.028558385630305,61,censor,22.7022587268994
FHS,0.750059710108449,99.72830514940733,41,death,12.4681724845996
FHS,0.48022343999545,76.69427926081788,146,censor,15.5783709787817
FHS,0.410544472075991,91.08429264268298,29,censor,16.0273785078713
FHS,0.97298886630021,99.99999999999999,11,death,21.2457221081451
FHS,-0.0471520235525198,40.38074653616311,103,censor,22.2861054072553
FHS,0.53029473724518,84.5064326882978,108,death,17.3223819301848
FHS,-0.3378233165346,37.04253888710026,33,dementia,10.6338124572211
FHS,0.35950800265432,49.20008728747901,35,death,10.8829568788501
FHS,0.15531327914465,73.25607088664565,95,censor,21.533196440794
FHS,0.23877693651778,61.87883013257129,98,censor,16.539356605065
FHS,-0.74543275037441,19.814766842622458,118,censor,20.6762491444216
FHS,-0.32260308956274,32.96299801221475,120,death,18.0260095824778
FHS,1.2615923923168,100.0,52,death,11.7262149212868
FHS,-0.87624954514133,7.118388515380856,136,censor,9.43189596167009
FHS,0.24004190960283,57.15708406590705,121,censor,21.5934291581109
FHS,-0.38237217460021,24.593722709679884,89,censor,22.2642026009582
FHS,-0.73782229168961,10.907132830108893,99,death,12.3340177960301
FHS,0.63852003039386,86.6941292929535,80,censor,21.5414099931554
FHS,0.68137544710304,92.13112582664132,72,censor,14.9212867898699
FHS,-0.0845779356405998,45.76109359941853,132,censor,22.8583162217659
FHS,-0.83693522999582,10.329449324462992,127,censor,15.9315537303217
FHS,-0.13268943309258,56.65121627840334,43,censor,15.2717316906229
FHS,0.0953469207685004,47.25104108999314,126,censor,17.3169062286105
FHS,-0.49138574357439,54.8210888228966,17,censor,21.4647501711157
FHS,0.6900603089944,73.44184504721989,65,censor,22.5325119780972
FHS,0.71182025399589,93.00732387950528,100,dementia,13.0102669404517
FHS,-1.02721150223142,41.80466716443205,11,censor,7.83572895277208
FHS,-0.00140223386704,78.71395002540669,15,censor,22.154688569473
FHS,0.33200271218202,93.40595492059289,46,dementia,18.4640657084189
FHS,-0.18449558979631,33.77149588692129,131,censor,22.113620807666
FHS,-0.92213016884364,6.328913111875862,145,censor,16.5694729637235
FHS,0.65739641028874,83.88252782282561,137,censor,21.4428473648186
FHS,0.548269709524701,93.88466499719367,45,death,13.7577002053388
FHS,-0.21778001659597,35.83599523133698,121,censor,20.6762491444216
FHS,-0.35952837560874,26.86727989698837,96,censor,19.8220396988364
FHS,1.05955673749648,99.8570245478301,104,censor,20.3230663928816
FHS,-0.50304630060848,14.194014260694626,120,death,9.92470910335387
FHS,-0.4797479735106,34.75552890771945,21,censor,22.5872689938398
FHS,0.3150964194271,61.48744265923437,114,censor,22.652977412731
FHS,-0.0578079077949397,58.506405131900216,35,censor,15.6522929500342
FHS,-0.21638169201357,28.3912730715262,38,dementia,7.12936344969199
FHS,0.15306402895677,63.85904732061954,19,censor,9.62354551676934
FHS,0.48929494396785,66.72703439316902,103,death,22.8473648186174
FHS,0.56542375082644,72.57979343503345,68,censor,22.7597535934292
FHS,-0.31003596642048,30.150410809108656,13,censor,9.65913757700205
FHS,-0.58851361247714,18.828843742215636,137,censor,21.8781656399726
FHS,0.28567305780803,59.95010869846597,117,censor,22.2395619438741
FHS,-0.13036368396,41.77546907554359,121,censor,21.5934291581109
FHS,0.10886588638033,84.1044506962242,12,censor,15.3401779603012
FHS,0.0771093089964502,85.34589112365717,15,censor,21.1690622861054
