group,time,CIF,CI_lo,CI_hi
BAI ≥ 65% percentile,0.0,0.0,0.0,0.0
BAI ≥ 65% percentile,0.186174,0.0,0.0,0.0
BAI ≥ 65% percentile,0.366872,0.00040453,4.36e-05,0.0022897
BAI ≥ 65% percentile,0.377823,0.00040453,4.36e-05,0.0022897
BAI ≥ 65% percentile,0.39726,0.00080906,0.00017525,0.00284979
BAI ≥ 65% percentile,0.44627,0.00080906,0.00017525,0.00284979
BAI ≥ 65% percentile,0.545205,0.00121359,0.00035402,0.00343688
BAI ≥ 65% percentile,0.646575,0.00161812,0.00056176,0.00401355
BAI ≥ 65% percentile,0.652055,0.00202265,0.00078959,0.00457775
BAI ≥ 65% percentile,0.693151,0.00242718,0.00103242,0.00513093
BAI ≥ 65% percentile,0.70089,0.00242718,0.00103242,0.00513093
BAI ≥ 65% percentile,0.72553,0.00242718,0.00103242,0.00513093
BAI ≥ 65% percentile,0.728767,0.00283172,0.00128699,0.00567474
BAI ≥ 65% percentile,0.785763,0.00283172,0.00128699,0.00567474
BAI ≥ 65% percentile,0.810959,0.00323625,0.00155108,0.0062106
BAI ≥ 65% percentile,0.843836,0.00364078,0.00182311,0.00673962
BAI ≥ 65% percentile,0.876712,0.00404531,0.00210186,0.00726274
BAI ≥ 65% percentile,0.87885,0.00404531,0.00210186,0.00726274
BAI ≥ 65% percentile,0.887064,0.00404531,0.00210186,0.00726274
BAI ≥ 65% percentile,0.89863,0.00444984,0.00238643,0.00778066
BAI ≥ 65% percentile,0.90137,0.00485437,0.00267608,0.008294
BAI ≥ 65% percentile,0.926027,0.0052589,0.00297023,0.00880324
BAI ≥ 65% percentile,0.936986,0.00566343,0.00326839,0.0093088
BAI ≥ 65% percentile,0.947945,0.00606796,0.00357017,0.00981104
BAI ≥ 65% percentile,0.994521,0.00606796,0.00357017,0.00981104
BAI ≥ 65% percentile,1.041096,0.00647266,0.00387532,0.01031049
BAI ≥ 65% percentile,1.054795,0.00687735,0.00418346,0.01080717
BAI ≥ 65% percentile,1.068493,0.00728205,0.00449434,0.01130128
BAI ≥ 65% percentile,1.073973,0.00768675,0.00480775,0.01179302
BAI ≥ 65% percentile,1.076712,0.00768675,0.00480775,0.01179302
BAI ≥ 65% percentile,1.087671,0.00809161,0.0051236,0.01228282
BAI ≥ 65% percentile,1.090411,0.00849647,0.00544163,0.01277057
BAI ≥ 65% percentile,1.09863,0.00890133,0.00576168,0.0132564
BAI ≥ 65% percentile,1.10411,0.00930619,0.00608363,0.01374045
BAI ≥ 65% percentile,1.112329,0.01011592,0.00673275,0.01470358
BAI ≥ 65% percentile,1.115068,0.01052078,0.00705972,0.01518286
BAI ≥ 65% percentile,1.117808,0.01092564,0.00738818,0.01566073
BAI ≥ 65% percentile,1.156164,0.0113305,0.00771805,0.01613726
BAI ≥ 65% percentile,1.161644,0.01173536,0.00804925,0.01661251
BAI ≥ 65% percentile,1.169863,0.01214022,0.00838173,0.01708655
BAI ≥ 65% percentile,1.178082,0.01254508,0.00871541,0.01755944
BAI ≥ 65% percentile,1.186301,0.01294995,0.00905025,0.01803122
BAI ≥ 65% percentile,1.189041,0.01335481,0.00938619,0.01850196
BAI ≥ 65% percentile,1.194521,0.01375967,0.00972319,0.01897169
BAI ≥ 65% percentile,1.19726,0.01416453,0.01006119,0.01944045
BAI ≥ 65% percentile,1.2,0.01497425,0.01074007,0.02037524
BAI ≥ 65% percentile,1.20274,0.01537912,0.01108086,0.02084133
BAI ≥ 65% percentile,1.205479,0.01578398,0.01142251,0.0213066
BAI ≥ 65% percentile,1.224658,0.01618884,0.01176499,0.02177108
BAI ≥ 65% percentile,1.238356,0.0165937,0.01210827,0.0222348
BAI ≥ 65% percentile,1.246575,0.01699856,0.01245231,0.02269777
BAI ≥ 65% percentile,1.252055,0.01740359,0.01279722,0.02316026
BAI ≥ 65% percentile,1.260274,0.01780862,0.01314285,0.02362206
BAI ≥ 65% percentile,1.268493,0.01821365,0.01348917,0.02408319
BAI ≥ 65% percentile,1.282192,0.01861868,0.01383617,0.02454367
BAI ≥ 65% percentile,1.30411,0.01942874,0.0145321,0.02546278
BAI ≥ 65% percentile,1.315068,0.01942874,0.0145321,0.02546278
BAI ≥ 65% percentile,1.328767,0.02023913,0.01523072,0.02637996
BAI ≥ 65% percentile,1.367123,0.02064433,0.01558091,0.02683771
BAI ≥ 65% percentile,1.40274,0.02104952,0.01593167,0.02729492
BAI ≥ 65% percentile,1.410959,0.02145472,0.01628296,0.0277516
BAI ≥ 65% percentile,1.416438,0.02185992,0.01663479,0.02820777
BAI ≥ 65% percentile,1.419178,0.02185992,0.01663479,0.02820777
BAI ≥ 65% percentile,1.420945,0.02185992,0.01663479,0.02820777
BAI ≥ 65% percentile,1.430137,0.02226528,0.01698727,0.02866366
BAI ≥ 65% percentile,1.432877,0.02226528,0.01698727,0.02866366
BAI ≥ 65% percentile,1.435616,0.02267065,0.01734025,0.02911906
BAI ≥ 65% percentile,1.438356,0.02307602,0.01769371,0.02957399
BAI ≥ 65% percentile,1.448323,0.02307602,0.01769371,0.02957399
BAI ≥ 65% percentile,1.454795,0.02348138,0.01804766,0.03002846
BAI ≥ 65% percentile,1.457534,0.02388675,0.01840208,0.03048247
BAI ≥ 65% percentile,1.471233,0.02429211,0.01875695,0.03093605
BAI ≥ 65% percentile,1.493151,0.02469748,0.01911226,0.0313892
BAI ≥ 65% percentile,1.512329,0.02510284,0.01946801,0.03184193
BAI ≥ 65% percentile,1.536986,0.02550821,0.01982418,0.03229425
BAI ≥ 65% percentile,1.591781,0.02550821,0.01982418,0.03229425
BAI ≥ 65% percentile,1.598905,0.02591357,0.02018076,0.03274617
BAI ≥ 65% percentile,1.615332,0.02591357,0.02018076,0.03274617
BAI ≥ 65% percentile,1.639973,0.02591357,0.02018076,0.03274617
BAI ≥ 65% percentile,1.641096,0.02591357,0.02018076,0.03274617
BAI ≥ 65% percentile,1.653662,0.02591357,0.02018076,0.03274617
BAI ≥ 65% percentile,1.69863,0.02631894,0.02053775,0.0331977
BAI ≥ 65% percentile,1.749487,0.0267243,0.02089514,0.03364885
BAI ≥ 65% percentile,1.763176,0.0267243,0.02089514,0.03364885
BAI ≥ 65% percentile,1.808219,0.02712967,0.02125291,0.03409962
BAI ≥ 65% percentile,1.830137,0.02712967,0.02125291,0.03409962
BAI ≥ 65% percentile,1.868493,0.02712967,0.02125291,0.03409962
BAI ≥ 65% percentile,1.875428,0.02753503,0.02161106,0.03455003
BAI ≥ 65% percentile,1.926027,0.02753503,0.02161106,0.03455003
BAI ≥ 65% percentile,1.935661,0.02753503,0.02161106,0.03455003
BAI ≥ 65% percentile,2.038356,0.02753503,0.02161106,0.03455003
BAI ≥ 65% percentile,2.049315,0.02794057,0.02196972,0.03500029
BAI ≥ 65% percentile,2.063014,0.02794057,0.02196972,0.03500029
BAI ≥ 65% percentile,2.067077,0.02794057,0.02196972,0.03500029
BAI ≥ 65% percentile,2.082192,0.02794057,0.02196972,0.03500029
BAI ≥ 65% percentile,2.08898,0.02794057,0.02196972,0.03500029
BAI ≥ 65% percentile,2.149213,0.02794057,0.02196972,0.03500029
BAI ≥ 65% percentile,2.156164,0.02794057,0.02196972,0.03500029
BAI ≥ 65% percentile,2.212183,0.02794057,0.02196972,0.03500029
BAI ≥ 65% percentile,2.253251,0.02834628,0.02232887,0.03545042
BAI ≥ 65% percentile,2.26694,0.02834628,0.02232887,0.03545042
BAI ≥ 65% percentile,2.279452,0.02875199,0.02268838,0.0359002
BAI ≥ 65% percentile,2.313484,0.02915769,0.02304824,0.03634964
BAI ≥ 65% percentile,2.317808,0.02915769,0.02304824,0.03634964
BAI ≥ 65% percentile,2.340862,0.0295634,0.02340844,0.03679875
BAI ≥ 65% percentile,2.362765,0.0295634,0.02340844,0.03679875
BAI ≥ 65% percentile,2.378082,0.0295634,0.02340844,0.03679875
BAI ≥ 65% percentile,2.386301,0.02996928,0.02376911,0.03724775
BAI ≥ 65% percentile,2.413699,0.02996928,0.02376911,0.03724775
BAI ≥ 65% percentile,2.42026,0.02996928,0.02376911,0.03724775
BAI ≥ 65% percentile,2.491444,0.02996928,0.02376911,0.03724775
BAI ≥ 65% percentile,2.49589,0.02996928,0.02376911,0.03724775
BAI ≥ 65% percentile,2.49863,0.02996928,0.02376911,0.03724775
BAI ≥ 65% percentile,2.50137,0.02996928,0.02376911,0.03724775
BAI ≥ 65% percentile,2.548939,0.02996928,0.02376911,0.03724775
BAI ≥ 65% percentile,2.550685,0.02996928,0.02376911,0.03724775
BAI ≥ 65% percentile,2.589041,0.02996928,0.02376911,0.03724775
BAI ≥ 65% percentile,2.630137,0.02996928,0.02376911,0.03724775
BAI ≥ 65% percentile,2.647502,0.03037516,0.02413011,0.03769643
BAI ≥ 65% percentile,2.673973,0.03037516,0.02413011,0.03769643
BAI ≥ 65% percentile,2.676712,0.03037516,0.02413011,0.03769643
BAI ≥ 65% percentile,2.758904,0.03037516,0.02413011,0.03769643
BAI ≥ 65% percentile,2.776181,0.03037516,0.02413011,0.03769643
BAI ≥ 65% percentile,2.795346,0.03037516,0.02413011,0.03769643
BAI ≥ 65% percentile,2.810959,0.03037516,0.02413011,0.03769643
BAI ≥ 65% percentile,2.816438,0.03037516,0.02413011,0.03769643
BAI ≥ 65% percentile,2.8282,0.03037516,0.02413011,0.03769643
BAI ≥ 65% percentile,2.847365,0.03037516,0.02413011,0.03769643
BAI ≥ 65% percentile,2.861054,0.03037516,0.02413011,0.03769643
BAI ≥ 65% percentile,2.868493,0.03037516,0.02413011,0.03769643
BAI ≥ 65% percentile,2.882192,0.03078139,0.02449171,0.03814523
BAI ≥ 65% percentile,2.89589,0.03118761,0.02485363,0.03859372
BAI ≥ 65% percentile,2.89863,0.03118761,0.02485363,0.03859372
BAI ≥ 65% percentile,2.90486,0.03118761,0.02485363,0.03859372
BAI ≥ 65% percentile,2.936986,0.03118761,0.02485363,0.03859372
BAI ≥ 65% percentile,2.973306,0.03118761,0.02485363,0.03859372
BAI ≥ 65% percentile,2.989041,0.03118761,0.02485363,0.03859372
BAI ≥ 65% percentile,2.994521,0.03159401,0.025216,0.03904212
BAI ≥ 65% percentile,3.052055,0.03200041,0.02557867,0.03949023
BAI ≥ 65% percentile,3.090411,0.03200041,0.02557867,0.03949023
BAI ≥ 65% percentile,3.10137,0.03200041,0.02557867,0.03949023
BAI ≥ 65% percentile,3.10411,0.03240699,0.02594179,0.03993826
BAI ≥ 65% percentile,3.104723,0.03281357,0.0263052,0.040386
BAI ≥ 65% percentile,3.109589,0.03281357,0.0263052,0.040386
BAI ≥ 65% percentile,3.147945,0.03281357,0.0263052,0.040386
BAI ≥ 65% percentile,3.158904,0.03322067,0.02666932,0.0408341
BAI ≥ 65% percentile,3.161644,0.03362777,0.02703373,0.04128193
BAI ≥ 65% percentile,3.169863,0.03403487,0.02739842,0.04172948
BAI ≥ 65% percentile,3.189041,0.03403487,0.02739842,0.04172948
BAI ≥ 65% percentile,3.191781,0.03444215,0.02776353,0.04217698
BAI ≥ 65% percentile,3.19726,0.03444215,0.02776353,0.04217698
BAI ≥ 65% percentile,3.213699,0.03484961,0.02812906,0.04262442
BAI ≥ 65% percentile,3.221918,0.03525706,0.02849485,0.04307161
BAI ≥ 65% percentile,3.22245,0.03566452,0.02886091,0.04351854
BAI ≥ 65% percentile,3.227397,0.03607197,0.02922722,0.04396522
BAI ≥ 65% percentile,3.238877,0.03607197,0.02922722,0.04396522
BAI ≥ 65% percentile,3.243836,0.0364796,0.02959394,0.04441186
BAI ≥ 65% percentile,3.252055,0.03688723,0.0299609,0.04485825
BAI ≥ 65% percentile,3.265753,0.03688723,0.0299609,0.04485825
BAI ≥ 65% percentile,3.271233,0.03688723,0.0299609,0.04485825
BAI ≥ 65% percentile,3.273973,0.03688723,0.0299609,0.04485825
BAI ≥ 65% percentile,3.279452,0.03729504,0.03032826,0.04530462
BAI ≥ 65% percentile,3.279945,0.03729504,0.03032826,0.04530462
BAI ≥ 65% percentile,3.287671,0.03729504,0.03032826,0.04530462
BAI ≥ 65% percentile,3.290411,0.03729504,0.03032826,0.04530462
BAI ≥ 65% percentile,3.29589,0.03770303,0.03069601,0.04575097
BAI ≥ 65% percentile,3.310062,0.03770303,0.03069601,0.04575097
BAI ≥ 65% percentile,3.312329,0.03811101,0.03106399,0.04619708
BAI ≥ 65% percentile,3.317808,0.038519,0.03143222,0.04664296
BAI ≥ 65% percentile,3.320548,0.038519,0.03143222,0.04664296
BAI ≥ 65% percentile,3.323288,0.03892716,0.03180082,0.04708883
BAI ≥ 65% percentile,3.336986,0.03892716,0.03180082,0.04708883
BAI ≥ 65% percentile,3.372603,0.03892716,0.03180082,0.04708883
BAI ≥ 65% percentile,3.378082,0.03933533,0.03216965,0.04753448
BAI ≥ 65% percentile,3.383562,0.03933533,0.03216965,0.04753448
BAI ≥ 65% percentile,3.39726,0.03974367,0.03253886,0.04798011
BAI ≥ 65% percentile,3.400411,0.03974367,0.03253886,0.04798011
BAI ≥ 65% percentile,3.405886,0.03974367,0.03253886,0.04798011
BAI ≥ 65% percentile,3.405886,0.03974367,0.03253886,0.04798011
BAI ≥ 65% percentile,3.416438,0.03974367,0.03253886,0.04798011
BAI ≥ 65% percentile,3.430137,0.03974367,0.03253886,0.04798011
BAI ≥ 65% percentile,3.432877,0.03974367,0.03253886,0.04798011
BAI ≥ 65% percentile,3.438356,0.03974367,0.03253886,0.04798011
BAI ≥ 65% percentile,3.438741,0.03974367,0.03253886,0.04798011
BAI ≥ 65% percentile,3.441096,0.03974367,0.03253886,0.04798011
BAI ≥ 65% percentile,3.444216,0.03974367,0.03253886,0.04798011
BAI ≥ 65% percentile,3.452055,0.03974367,0.03253886,0.04798011
BAI ≥ 65% percentile,3.465753,0.04015309,0.03290917,0.04842683
BAI ≥ 65% percentile,3.468857,0.04015309,0.03290917,0.04842683
BAI ≥ 65% percentile,3.471233,0.04056251,0.0332797,0.04887333
BAI ≥ 65% percentile,3.473973,0.04056251,0.0332797,0.04887333
BAI ≥ 65% percentile,3.488022,0.04056251,0.0332797,0.04887333
BAI ≥ 65% percentile,3.49589,0.04097193,0.03365045,0.04931962
BAI ≥ 65% percentile,3.512663,0.04097193,0.03365045,0.04931962
BAI ≥ 65% percentile,3.515068,0.04097193,0.03365045,0.04931962
BAI ≥ 65% percentile,3.517808,0.04138135,0.03402142,0.04976569
BAI ≥ 65% percentile,3.528767,0.04138135,0.03402142,0.04976569
BAI ≥ 65% percentile,3.536986,0.04138135,0.03402142,0.04976569
BAI ≥ 65% percentile,3.537303,0.04138135,0.03402142,0.04976569
BAI ≥ 65% percentile,3.539726,0.04138135,0.03402142,0.04976569
BAI ≥ 65% percentile,3.542466,0.04179113,0.0343929,0.05021199
BAI ≥ 65% percentile,3.548255,0.04179113,0.0343929,0.05021199
BAI ≥ 65% percentile,3.564384,0.04220092,0.03476459,0.05065808
BAI ≥ 65% percentile,3.564682,0.04220092,0.03476459,0.05065808
BAI ≥ 65% percentile,3.567123,0.0426107,0.03513648,0.05110397
BAI ≥ 65% percentile,3.583562,0.04302048,0.03550859,0.05154966
BAI ≥ 65% percentile,3.589041,0.04343045,0.03588104,0.05199537
BAI ≥ 65% percentile,3.605479,0.04384041,0.03625369,0.05244088
BAI ≥ 65% percentile,3.608219,0.04425038,0.03662655,0.0528862
BAI ≥ 65% percentile,3.627397,0.04425038,0.03662655,0.0528862
BAI ≥ 65% percentile,3.630137,0.04466071,0.03699989,0.05333176
BAI ≥ 65% percentile,3.632877,0.04507104,0.03737343,0.05377714
BAI ≥ 65% percentile,3.641342,0.04548155,0.03774731,0.05422254
BAI ≥ 65% percentile,3.654795,0.04548155,0.03774731,0.05422254
BAI ≥ 65% percentile,3.657769,0.04548155,0.03774731,0.05422254
BAI ≥ 65% percentile,3.66872,0.04589224,0.03812153,0.05466798
BAI ≥ 65% percentile,3.674196,0.04589224,0.03812153,0.05466798
BAI ≥ 65% percentile,3.693151,0.04589224,0.03812153,0.05466798
BAI ≥ 65% percentile,3.693361,0.04630294,0.03849594,0.05511324
BAI ≥ 65% percentile,3.69863,0.04630294,0.03849594,0.05511324
BAI ≥ 65% percentile,3.70411,0.04630294,0.03849594,0.05511324
BAI ≥ 65% percentile,3.706849,0.04630294,0.03849594,0.05511324
BAI ≥ 65% percentile,3.709589,0.04630294,0.03849594,0.05511324
BAI ≥ 65% percentile,3.717808,0.04671382,0.03887068,0.05555854
BAI ≥ 65% percentile,3.720548,0.04671382,0.03887068,0.05555854
BAI ≥ 65% percentile,3.723477,0.04671382,0.03887068,0.05555854
BAI ≥ 65% percentile,3.728767,0.04671382,0.03887068,0.05555854
BAI ≥ 65% percentile,3.739726,0.04671382,0.03887068,0.05555854
BAI ≥ 65% percentile,3.742466,0.04671382,0.03887068,0.05555854
BAI ≥ 65% percentile,3.758904,0.04671382,0.03887068,0.05555854
BAI ≥ 65% percentile,3.761807,0.04671382,0.03887068,0.05555854
BAI ≥ 65% percentile,3.764545,0.04712525,0.03924607,0.05600432
BAI ≥ 65% percentile,3.767283,0.04712525,0.03924607,0.05600432
BAI ≥ 65% percentile,3.775342,0.04753669,0.03962163,0.05644992
BAI ≥ 65% percentile,3.778082,0.04794812,0.03999737,0.05689534
BAI ≥ 65% percentile,3.780822,0.04794812,0.03999737,0.05689534
BAI ≥ 65% percentile,3.791781,0.04794812,0.03999737,0.05689534
BAI ≥ 65% percentile,3.805479,0.04835974,0.04037344,0.05734081
BAI ≥ 65% percentile,3.813699,0.04835974,0.04037344,0.05734081
BAI ≥ 65% percentile,3.813826,0.04835974,0.04037344,0.05734081
BAI ≥ 65% percentile,3.816564,0.04835974,0.04037344,0.05734081
BAI ≥ 65% percentile,3.821918,0.04835974,0.04037344,0.05734081
BAI ≥ 65% percentile,3.830253,0.04835974,0.04037344,0.05734081
BAI ≥ 65% percentile,3.838356,0.04835974,0.04037344,0.05734081
BAI ≥ 65% percentile,3.849418,0.0487721,0.04075031,0.057787
BAI ≥ 65% percentile,3.852055,0.0487721,0.04075031,0.057787
BAI ≥ 65% percentile,3.852156,0.0495972,0.04150486,0.0586793
BAI ≥ 65% percentile,3.857534,0.0495972,0.04150486,0.0586793
BAI ≥ 65% percentile,3.871233,0.05001013,0.04188271,0.05912564
BAI ≥ 65% percentile,3.873973,0.05042305,0.04226072,0.05957182
BAI ≥ 65% percentile,3.920548,0.05042305,0.04226072,0.05957182
BAI ≥ 65% percentile,3.939767,0.05042305,0.04226072,0.05957182
BAI ≥ 65% percentile,3.947945,0.05083598,0.0426389,0.06001783
BAI ≥ 65% percentile,3.950685,0.05083598,0.0426389,0.06001783
BAI ≥ 65% percentile,3.950719,0.05124909,0.0430174,0.06046391
BAI ≥ 65% percentile,3.953457,0.0516622,0.04339606,0.06090982
BAI ≥ 65% percentile,3.972603,0.0516622,0.04339606,0.06090982
BAI ≥ 65% percentile,3.978082,0.0520755,0.04377504,0.0613558
BAI ≥ 65% percentile,3.978097,0.0524888,0.04415417,0.06180162
BAI ≥ 65% percentile,3.980822,0.0524888,0.04415417,0.06180162
BAI ≥ 65% percentile,3.986301,0.0524888,0.04415417,0.06180162
BAI ≥ 65% percentile,4.002738,0.05290229,0.04453362,0.06224751
BAI ≥ 65% percentile,4.010951,0.05331578,0.04491323,0.06269325
BAI ≥ 65% percentile,4.021918,0.05331578,0.04491323,0.06269325
BAI ≥ 65% percentile,4.024658,0.05372946,0.04529315,0.06313906
BAI ≥ 65% percentile,4.038356,0.05372946,0.04529315,0.06313906
BAI ≥ 65% percentile,4.046575,0.05414314,0.04567322,0.06358471
BAI ≥ 65% percentile,4.049315,0.05455682,0.04605344,0.06403022
BAI ≥ 65% percentile,4.057495,0.05497049,0.04643382,0.06447558
BAI ≥ 65% percentile,4.079398,0.05538417,0.04681433,0.0649208
BAI ≥ 65% percentile,4.10137,0.05579785,0.047195,0.06536587
BAI ≥ 65% percentile,4.106776,0.05579785,0.047195,0.06536587
BAI ≥ 65% percentile,4.106849,0.05579785,0.047195,0.06536587
BAI ≥ 65% percentile,4.109589,0.05579785,0.047195,0.06536587
BAI ≥ 65% percentile,4.112329,0.05579785,0.047195,0.06536587
BAI ≥ 65% percentile,4.123203,0.0562121,0.04757629,0.06581147
BAI ≥ 65% percentile,4.136893,0.05662635,0.04795772,0.06625692
BAI ≥ 65% percentile,4.139726,0.0570406,0.04833929,0.06670224
BAI ≥ 65% percentile,4.142466,0.05745485,0.04872101,0.06714742
BAI ≥ 65% percentile,4.145106,0.05745485,0.04872101,0.06714742
BAI ≥ 65% percentile,4.147945,0.05745485,0.04872101,0.06714742
BAI ≥ 65% percentile,4.15332,0.05786909,0.04910286,0.06759246
BAI ≥ 65% percentile,4.158904,0.05786909,0.04910286,0.06759246
BAI ≥ 65% percentile,4.161533,0.05869759,0.04986698,0.06848213
BAI ≥ 65% percentile,4.189041,0.05911184,0.05024925,0.06892677
BAI ≥ 65% percentile,4.19165,0.05952609,0.05063164,0.06937128
BAI ≥ 65% percentile,4.197125,0.05994034,0.05101417,0.06981565
BAI ≥ 65% percentile,4.205479,0.05994034,0.05101417,0.06981565
BAI ≥ 65% percentile,4.216438,0.06035459,0.05139683,0.0702599
BAI ≥ 65% percentile,4.219028,0.06076883,0.05177962,0.07070401
BAI ≥ 65% percentile,4.254795,0.06118308,0.05216254,0.071148
BAI ≥ 65% percentile,4.257358,0.06159733,0.05254559,0.07159187
BAI ≥ 65% percentile,4.282192,0.06201158,0.05292876,0.07203561
BAI ≥ 65% percentile,4.287671,0.06242583,0.05331205,0.07247923
BAI ≥ 65% percentile,4.29589,0.06242583,0.05331205,0.07247923
BAI ≥ 65% percentile,4.312329,0.06242583,0.05331205,0.07247923
BAI ≥ 65% percentile,4.314853,0.06284027,0.05369564,0.07292295
BAI ≥ 65% percentile,4.315068,0.06325471,0.05407934,0.07336655
BAI ≥ 65% percentile,4.323288,0.06366915,0.05446317,0.07381003
BAI ≥ 65% percentile,4.356164,0.06408359,0.05484712,0.07425339
BAI ≥ 65% percentile,4.366872,0.06408359,0.05484712,0.07425339
BAI ≥ 65% percentile,4.372603,0.06408359,0.05484712,0.07425339
BAI ≥ 65% percentile,4.380561,0.06449842,0.05523152,0.07469708
BAI ≥ 65% percentile,4.391513,0.06491325,0.05561603,0.07514065
BAI ≥ 65% percentile,4.39726,0.06491325,0.05561603,0.07514065
BAI ≥ 65% percentile,4.399726,0.06491325,0.05561603,0.07514065
BAI ≥ 65% percentile,4.402464,0.06532808,0.05600067,0.07558411
BAI ≥ 65% percentile,4.40794,0.0657429,0.05638542,0.07602745
BAI ≥ 65% percentile,4.443532,0.06615773,0.05677028,0.07647068
BAI ≥ 65% percentile,4.449008,0.06657256,0.05715527,0.07691379
BAI ≥ 65% percentile,4.473648,0.06657256,0.05715527,0.07691379
BAI ≥ 65% percentile,4.515068,0.06657256,0.05715527,0.07691379
BAI ≥ 65% percentile,4.520192,0.06698738,0.05754036,0.0773568
BAI ≥ 65% percentile,4.525667,0.06698738,0.05754036,0.0773568
BAI ≥ 65% percentile,4.536619,0.06740221,0.05792557,0.07779969
BAI ≥ 65% percentile,4.542094,0.06781704,0.05831088,0.07824247
BAI ≥ 65% percentile,4.555784,0.06781704,0.05831088,0.07824247
BAI ≥ 65% percentile,4.558522,0.06781704,0.05831088,0.07824247
BAI ≥ 65% percentile,4.561644,0.06781704,0.05831088,0.07824247
BAI ≥ 65% percentile,4.567123,0.06781704,0.05831088,0.07824247
BAI ≥ 65% percentile,4.5859,0.06781704,0.05831088,0.07824247
BAI ≥ 65% percentile,4.586301,0.06781704,0.05831088,0.07824247
BAI ≥ 65% percentile,4.594521,0.06781704,0.05831088,0.07824247
BAI ≥ 65% percentile,4.613279,0.06781704,0.05831088,0.07824247
BAI ≥ 65% percentile,4.637919,0.06823245,0.05869682,0.07868582
BAI ≥ 65% percentile,4.676712,0.06823245,0.05869682,0.07868582
BAI ≥ 65% percentile,4.678987,0.06823245,0.05869682,0.07868582
BAI ≥ 65% percentile,4.682192,0.06823245,0.05869682,0.07868582
BAI ≥ 65% percentile,4.69863,0.06823245,0.05869682,0.07868582
BAI ≥ 65% percentile,4.731006,0.06823245,0.05869682,0.07868582
BAI ≥ 65% percentile,4.758385,0.06823245,0.05869682,0.07868582
BAI ≥ 65% percentile,4.761644,0.06864806,0.05908302,0.07912929
BAI ≥ 65% percentile,4.778082,0.06864806,0.05908302,0.07912929
BAI ≥ 65% percentile,4.793977,0.06906367,0.05946934,0.07957265
BAI ≥ 65% percentile,4.804928,0.06906367,0.05946934,0.07957265
BAI ≥ 65% percentile,4.81588,0.06947928,0.05985577,0.0800159
BAI ≥ 65% percentile,4.824093,0.06989489,0.0602423,0.08045904
BAI ≥ 65% percentile,4.826831,0.06989489,0.0602423,0.08045904
BAI ≥ 65% percentile,4.830137,0.0703105,0.06062895,0.08090208
BAI ≥ 65% percentile,4.832307,0.0703105,0.06062895,0.08090208
BAI ≥ 65% percentile,4.862423,0.07072611,0.06101569,0.08134502
BAI ≥ 65% percentile,4.887064,0.07072611,0.06101569,0.08134502
BAI ≥ 65% percentile,4.89863,0.07072611,0.06101569,0.08134502
BAI ≥ 65% percentile,4.906849,0.07072611,0.06101569,0.08134502
BAI ≥ 65% percentile,4.915068,0.07072611,0.06101569,0.08134502
BAI ≥ 65% percentile,4.922656,0.07155733,0.0617895,0.08223058
BAI ≥ 65% percentile,4.941821,0.07197294,0.06217656,0.08267321
BAI ≥ 65% percentile,4.944559,0.07238855,0.06256373,0.08311574
BAI ≥ 65% percentile,4.947945,0.07238855,0.06256373,0.08311574
BAI ≥ 65% percentile,4.95551,0.07280415,0.06295099,0.08355816
BAI ≥ 65% percentile,4.963723,0.07321976,0.06333836,0.08400049
BAI ≥ 65% percentile,4.971937,0.07321976,0.06333836,0.08400049
BAI ≥ 65% percentile,4.977413,0.07363537,0.06372582,0.08444272
BAI ≥ 65% percentile,4.980822,0.07363537,0.06372582,0.08444272
BAI ≥ 65% percentile,4.985626,0.07363537,0.06372582,0.08444272
BAI ≥ 65% percentile,4.986301,0.07363537,0.06372582,0.08444272
BAI ≥ 65% percentile,5.0,0.07363537,0.06372582,0.08444272
BAI ≥ 65% percentile,5.00274,0.07363537,0.06372582,0.08444272
BAI ≥ 65% percentile,5.021218,0.07405098,0.06411339,0.08488485
BAI ≥ 65% percentile,5.045859,0.07446659,0.06450105,0.08532688
BAI ≥ 65% percentile,5.052055,0.07446659,0.06450105,0.08532688
BAI ≥ 65% percentile,5.079452,0.07446659,0.06450105,0.08532688
BAI ≥ 65% percentile,5.084189,0.0748822,0.06488881,0.08576882
BAI ≥ 65% percentile,5.097878,0.0748822,0.06488881,0.08576882
BAI ≥ 65% percentile,5.119781,0.07529781,0.06527667,0.08621066
BAI ≥ 65% percentile,5.134247,0.07529781,0.06527667,0.08621066
BAI ≥ 65% percentile,5.147159,0.07571342,0.06566462,0.0866524
BAI ≥ 65% percentile,5.155373,0.07612903,0.06605267,0.08709406
BAI ≥ 65% percentile,5.158111,0.07612903,0.06605267,0.08709406
BAI ≥ 65% percentile,5.175342,0.07612903,0.06605267,0.08709406
BAI ≥ 65% percentile,5.180014,0.07654484,0.06644099,0.08753584
BAI ≥ 65% percentile,5.193703,0.07654484,0.06644099,0.08753584
BAI ≥ 65% percentile,5.199179,0.07654484,0.06644099,0.08753584
BAI ≥ 65% percentile,5.205479,0.07654484,0.06644099,0.08753584
BAI ≥ 65% percentile,5.215606,0.07654484,0.06644099,0.08753584
BAI ≥ 65% percentile,5.253936,0.07696125,0.06682992,0.08797823
BAI ≥ 65% percentile,5.275838,0.07696125,0.06682992,0.08797823
BAI ≥ 65% percentile,5.276712,0.07696125,0.06682992,0.08797823
BAI ≥ 65% percentile,5.281314,0.07737786,0.06721912,0.08842075
BAI ≥ 65% percentile,5.28679,0.07779448,0.06760842,0.08886318
BAI ≥ 65% percentile,5.300479,0.07821129,0.06799798,0.08930575
BAI ≥ 65% percentile,5.314168,0.07821129,0.06799798,0.08930575
BAI ≥ 65% percentile,5.326027,0.07821129,0.06799798,0.08930575
BAI ≥ 65% percentile,5.367123,0.07821129,0.06799798,0.08930575
BAI ≥ 65% percentile,5.379877,0.07821129,0.06799798,0.08930575
BAI ≥ 65% percentile,5.383562,0.07862811,0.06838763,0.08974823
BAI ≥ 65% percentile,5.427397,0.07904493,0.06877738,0.09019062
BAI ≥ 65% percentile,5.430137,0.07904493,0.06877738,0.09019062
BAI ≥ 65% percentile,5.476712,0.07904493,0.06877738,0.09019062
BAI ≥ 65% percentile,5.481177,0.07946174,0.06916722,0.09063291
BAI ≥ 65% percentile,5.493151,0.07946174,0.06916722,0.09063291
BAI ≥ 65% percentile,5.500342,0.07987856,0.06955714,0.09107512
BAI ≥ 65% percentile,5.50137,0.07987856,0.06955714,0.09107512
BAI ≥ 65% percentile,5.519507,0.07987856,0.06955714,0.09107512
BAI ≥ 65% percentile,5.520548,0.07987856,0.06955714,0.09107512
BAI ≥ 65% percentile,5.544148,0.07987856,0.06955714,0.09107512
BAI ≥ 65% percentile,5.558904,0.07987856,0.06955714,0.09107512
BAI ≥ 65% percentile,5.569863,0.07987856,0.06955714,0.09107512
BAI ≥ 65% percentile,5.582478,0.07987856,0.06955714,0.09107512
BAI ≥ 65% percentile,5.583562,0.07987856,0.06955714,0.09107512
BAI ≥ 65% percentile,5.586301,0.07987856,0.06955714,0.09107512
BAI ≥ 65% percentile,5.604381,0.07987856,0.06955714,0.09107512
BAI ≥ 65% percentile,5.638356,0.08029598,0.06994769,0.09151794
BAI ≥ 65% percentile,5.643836,0.08029598,0.06994769,0.09151794
BAI ≥ 65% percentile,5.665753,0.08029598,0.06994769,0.09151794
BAI ≥ 65% percentile,5.673973,0.08029598,0.06994769,0.09151794
BAI ≥ 65% percentile,5.682192,0.08029598,0.06994769,0.09151794
BAI ≥ 65% percentile,5.689254,0.08029598,0.06994769,0.09151794
BAI ≥ 65% percentile,5.691992,0.08071362,0.07033851,0.09196091
BAI ≥ 65% percentile,5.708419,0.08113125,0.07072941,0.09240378
BAI ≥ 65% percentile,5.713895,0.08113125,0.07072941,0.09240378
BAI ≥ 65% percentile,5.722108,0.08154888,0.07112041,0.09284657
BAI ≥ 65% percentile,5.73306,0.08154888,0.07112041,0.09284657
BAI ≥ 65% percentile,5.736986,0.08154888,0.07112041,0.09284657
BAI ≥ 65% percentile,5.738535,0.08154888,0.07112041,0.09284657
BAI ≥ 65% percentile,5.746749,0.08154888,0.07112041,0.09284657
BAI ≥ 65% percentile,5.760438,0.08238539,0.07190373,0.0937333
BAI ≥ 65% percentile,5.787817,0.08280364,0.07229552,0.09417654
BAI ≥ 65% percentile,5.790554,0.08280364,0.07229552,0.09417654
BAI ≥ 65% percentile,5.798768,0.08280364,0.07229552,0.09417654
BAI ≥ 65% percentile,5.812457,0.08280364,0.07229552,0.09417654
BAI ≥ 65% percentile,5.823409,0.0832221,0.07268758,0.09461992
BAI ≥ 65% percentile,5.831622,0.0832221,0.07268758,0.09461992
BAI ≥ 65% percentile,5.837098,0.0832221,0.07268758,0.09461992
BAI ≥ 65% percentile,5.869952,0.0832221,0.07268758,0.09461992
BAI ≥ 65% percentile,5.871233,0.0832221,0.07268758,0.09461992
BAI ≥ 65% percentile,5.894593,0.08364118,0.07308027,0.09506393
BAI ≥ 65% percentile,5.89863,0.08364118,0.07308027,0.09506393
BAI ≥ 65% percentile,5.900068,0.08364118,0.07308027,0.09506393
BAI ≥ 65% percentile,5.908282,0.08364118,0.07308027,0.09506393
BAI ≥ 65% percentile,5.912329,0.08364118,0.07308027,0.09506393
BAI ≥ 65% percentile,5.916496,0.08406068,0.0734734,0.09550833
BAI ≥ 65% percentile,5.932923,0.08406068,0.0734734,0.09550833
BAI ≥ 65% percentile,5.946612,0.08406068,0.0734734,0.09550833
BAI ≥ 65% percentile,5.947945,0.0844806,0.07386699,0.09595313
BAI ≥ 65% percentile,5.958904,0.0844806,0.07386699,0.09595313
BAI ≥ 65% percentile,5.963039,0.0844806,0.07386699,0.09595313
BAI ≥ 65% percentile,5.971253,0.0844806,0.07386699,0.09595313
BAI ≥ 65% percentile,5.97399,0.0844806,0.07386699,0.09595313
BAI ≥ 65% percentile,5.979466,0.0844806,0.07386699,0.09595313
BAI ≥ 65% percentile,5.983562,0.0844806,0.07386699,0.09595313
BAI ≥ 65% percentile,5.993155,0.08490135,0.07426139,0.09639879
BAI ≥ 65% percentile,6.015058,0.08490135,0.07426139,0.09639879
BAI ≥ 65% percentile,6.020534,0.08490135,0.07426139,0.09639879
BAI ≥ 65% percentile,6.049315,0.08490135,0.07426139,0.09639879
BAI ≥ 65% percentile,6.067077,0.08490135,0.07426139,0.09639879
BAI ≥ 65% percentile,6.072553,0.08490135,0.07426139,0.09639879
BAI ≥ 65% percentile,6.082192,0.08490135,0.07426139,0.09639879
BAI ≥ 65% percentile,6.091718,0.08490135,0.07426139,0.09639879
BAI ≥ 65% percentile,6.094456,0.08490135,0.07426139,0.09639879
BAI ≥ 65% percentile,6.097194,0.08490135,0.07426139,0.09639879
BAI ≥ 65% percentile,6.105407,0.08490135,0.07426139,0.09639879
BAI ≥ 65% percentile,6.110883,0.08490135,0.07426139,0.09639879
BAI ≥ 65% percentile,6.116359,0.08490135,0.07426139,0.09639879
BAI ≥ 65% percentile,6.12731,0.08490135,0.07426139,0.09639879
BAI ≥ 65% percentile,6.128767,0.08532423,0.07465772,0.09684678
BAI ≥ 65% percentile,6.130048,0.08532423,0.07465772,0.09684678
BAI ≥ 65% percentile,6.138261,0.08532423,0.07465772,0.09684678
BAI ≥ 65% percentile,6.154689,0.08532423,0.07465772,0.09684678
BAI ≥ 65% percentile,6.162902,0.08532423,0.07465772,0.09684678
BAI ≥ 65% percentile,6.167123,0.08532423,0.07465772,0.09684678
BAI ≥ 65% percentile,6.168378,0.08532423,0.07465772,0.09684678
BAI ≥ 65% percentile,6.171116,0.08532423,0.07465772,0.09684678
BAI ≥ 65% percentile,6.179329,0.08532423,0.07465772,0.09684678
BAI ≥ 65% percentile,6.182067,0.08532423,0.07465772,0.09684678
BAI ≥ 65% percentile,6.186301,0.08574991,0.07505657,0.09729786
BAI ≥ 65% percentile,6.190281,0.08617558,0.0754555,0.09774886
BAI ≥ 65% percentile,6.2,0.08617558,0.0754555,0.09774886
BAI ≥ 65% percentile,6.206708,0.08617558,0.0754555,0.09774886
BAI ≥ 65% percentile,6.214921,0.08617558,0.0754555,0.09774886
BAI ≥ 65% percentile,6.225873,0.08617558,0.0754555,0.09774886
BAI ≥ 65% percentile,6.241096,0.08617558,0.0754555,0.09774886
BAI ≥ 65% percentile,6.2423,0.08617558,0.0754555,0.09774886
BAI ≥ 65% percentile,6.245038,0.08617558,0.0754555,0.09774886
BAI ≥ 65% percentile,6.246575,0.08617558,0.0754555,0.09774886
BAI ≥ 65% percentile,6.253251,0.08617558,0.0754555,0.09774886
BAI ≥ 65% percentile,6.255989,0.08617558,0.0754555,0.09774886
BAI ≥ 65% percentile,6.257534,0.08660299,0.07585604,0.09820175
BAI ≥ 65% percentile,6.260274,0.08660299,0.07585604,0.09820175
BAI ≥ 65% percentile,6.261465,0.08660299,0.07585604,0.09820175
BAI ≥ 65% percentile,6.265753,0.08703084,0.07625705,0.09865505
BAI ≥ 65% percentile,6.26694,0.08703084,0.07625705,0.09865505
BAI ≥ 65% percentile,6.28063,0.08703084,0.07625705,0.09865505
BAI ≥ 65% percentile,6.283368,0.08703084,0.07625705,0.09865505
BAI ≥ 65% percentile,6.286105,0.08703084,0.07625705,0.09865505
BAI ≥ 65% percentile,6.291581,0.08703084,0.07625705,0.09865505
BAI ≥ 65% percentile,6.302533,0.08746002,0.07665929,0.09910977
BAI ≥ 65% percentile,6.310746,0.08788941,0.07706181,0.09956465
BAI ≥ 65% percentile,6.316222,0.08788941,0.07706181,0.09956465
BAI ≥ 65% percentile,6.321697,0.08788941,0.07706181,0.09956465
BAI ≥ 65% percentile,6.335387,0.08788941,0.07706181,0.09956465
BAI ≥ 65% percentile,6.340862,0.08788941,0.07706181,0.09956465
BAI ≥ 65% percentile,6.3436,0.08788941,0.07706181,0.09956465
BAI ≥ 65% percentile,6.346338,0.0883208,0.07746616,0.10002172
BAI ≥ 65% percentile,6.347945,0.0887522,0.0778706,0.1004787
BAI ≥ 65% percentile,6.351814,0.0887522,0.0778706,0.1004787
BAI ≥ 65% percentile,6.354552,0.0887522,0.0778706,0.1004787
BAI ≥ 65% percentile,6.361644,0.0887522,0.0778706,0.1004787
BAI ≥ 65% percentile,6.362765,0.0887522,0.0778706,0.1004787
BAI ≥ 65% percentile,6.370979,0.0887522,0.0778706,0.1004787
BAI ≥ 65% percentile,6.379192,0.0887522,0.0778706,0.1004787
BAI ≥ 65% percentile,6.38193,0.0887522,0.0778706,0.1004787
BAI ≥ 65% percentile,6.390144,0.0887522,0.0778706,0.1004787
BAI ≥ 65% percentile,6.392882,0.0887522,0.0778706,0.1004787
BAI ≥ 65% percentile,6.394521,0.0887522,0.0778706,0.1004787
BAI ≥ 65% percentile,6.395619,0.0887522,0.0778706,0.1004787
BAI ≥ 65% percentile,6.398357,0.0887522,0.0778706,0.1004787
BAI ≥ 65% percentile,6.401095,0.08918675,0.07827787,0.10093918
BAI ≥ 65% percentile,6.406571,0.08918675,0.07827787,0.10093918
BAI ≥ 65% percentile,6.410959,0.08962198,0.07868582,0.10140035
BAI ≥ 65% percentile,6.414784,0.08962198,0.07868582,0.10140035
BAI ≥ 65% percentile,6.417522,0.08962198,0.07868582,0.10140035
BAI ≥ 65% percentile,6.42026,0.08962198,0.07868582,0.10140035
BAI ≥ 65% percentile,6.422998,0.08962198,0.07868582,0.10140035
BAI ≥ 65% percentile,6.425736,0.08962198,0.07868582,0.10140035
BAI ≥ 65% percentile,6.428474,0.09005904,0.07909545,0.10186351
BAI ≥ 65% percentile,6.430137,0.09005904,0.07909545,0.10186351
BAI ≥ 65% percentile,6.433949,0.09005904,0.07909545,0.10186351
BAI ≥ 65% percentile,6.436687,0.09005904,0.07909545,0.10186351
BAI ≥ 65% percentile,6.439425,0.09005904,0.07909545,0.10186351
BAI ≥ 65% percentile,6.441096,0.09005904,0.07909545,0.10186351
BAI ≥ 65% percentile,6.442163,0.09005904,0.07909545,0.10186351
BAI ≥ 65% percentile,6.444901,0.09005904,0.07909545,0.10186351
BAI ≥ 65% percentile,6.450376,0.09005904,0.07909545,0.10186351
BAI ≥ 65% percentile,6.453114,0.09005904,0.07909545,0.10186351
BAI ≥ 65% percentile,6.464066,0.09005904,0.07909545,0.10186351
BAI ≥ 65% percentile,6.472279,0.09005904,0.07909545,0.10186351
BAI ≥ 65% percentile,6.477755,0.09005904,0.07909545,0.10186351
BAI ≥ 65% percentile,6.483231,0.09005904,0.07909545,0.10186351
BAI ≥ 65% percentile,6.490411,0.09050028,0.0795088,0.10233134
BAI ≥ 65% percentile,6.494182,0.09050028,0.0795088,0.10233134
BAI ≥ 65% percentile,6.49863,0.09050028,0.0795088,0.10233134
BAI ≥ 65% percentile,6.507871,0.09050028,0.0795088,0.10233134
BAI ≥ 65% percentile,6.513347,0.09050028,0.0795088,0.10233134
BAI ≥ 65% percentile,6.516085,0.09050028,0.0795088,0.10233134
BAI ≥ 65% percentile,6.523288,0.09050028,0.0795088,0.10233134
BAI ≥ 65% percentile,6.524298,0.09050028,0.0795088,0.10233134
BAI ≥ 65% percentile,6.527036,0.09050028,0.0795088,0.10233134
BAI ≥ 65% percentile,6.53525,0.09050028,0.0795088,0.10233134
BAI ≥ 65% percentile,6.537988,0.09050028,0.0795088,0.10233134
BAI ≥ 65% percentile,6.539726,0.09050028,0.0795088,0.10233134
BAI ≥ 65% percentile,6.548939,0.09050028,0.0795088,0.10233134
BAI ≥ 65% percentile,6.551677,0.09050028,0.0795088,0.10233134
BAI ≥ 65% percentile,6.553425,0.09050028,0.0795088,0.10233134
BAI ≥ 65% percentile,6.55989,0.09050028,0.0795088,0.10233134
BAI ≥ 65% percentile,6.57358,0.09050028,0.0795088,0.10233134
BAI ≥ 65% percentile,6.581793,0.09050028,0.0795088,0.10233134
BAI ≥ 65% percentile,6.586301,0.09050028,0.0795088,0.10233134
BAI ≥ 65% percentile,6.587269,0.09050028,0.0795088,0.10233134
BAI ≥ 65% percentile,6.590007,0.09050028,0.0795088,0.10233134
BAI ≥ 65% percentile,6.606434,0.09050028,0.0795088,0.10233134
BAI ≥ 65% percentile,6.61191,0.09050028,0.0795088,0.10233134
BAI ≥ 65% percentile,6.620123,0.09050028,0.0795088,0.10233134
BAI ≥ 65% percentile,6.624658,0.0909482,0.07992805,0.1028067
BAI ≥ 65% percentile,6.628337,0.0909482,0.07992805,0.1028067
BAI ≥ 65% percentile,6.631075,0.0909482,0.07992805,0.1028067
BAI ≥ 65% percentile,6.633812,0.0909482,0.07992805,0.1028067
BAI ≥ 65% percentile,6.639288,0.0909482,0.07992805,0.1028067
BAI ≥ 65% percentile,6.646575,0.0909482,0.07992805,0.1028067
BAI ≥ 65% percentile,6.647502,0.0909482,0.07992805,0.1028067
BAI ≥ 65% percentile,6.65024,0.0909482,0.07992805,0.1028067
BAI ≥ 65% percentile,6.652977,0.0909482,0.07992805,0.1028067
BAI ≥ 65% percentile,6.661191,0.0909482,0.07992805,0.1028067
BAI ≥ 65% percentile,6.663929,0.09139858,0.08034951,0.10328475
BAI ≥ 65% percentile,6.666667,0.09139858,0.08034951,0.10328475
BAI ≥ 65% percentile,6.668493,0.09139858,0.08034951,0.10328475
BAI ≥ 65% percentile,6.669405,0.09139858,0.08034951,0.10328475
BAI ≥ 65% percentile,6.67488,0.09139858,0.08034951,0.10328475
BAI ≥ 65% percentile,6.679452,0.09139858,0.08034951,0.10328475
BAI ≥ 65% percentile,6.680356,0.09139858,0.08034951,0.10328475
BAI ≥ 65% percentile,6.683094,0.09139858,0.08034951,0.10328475
BAI ≥ 65% percentile,6.685832,0.09139858,0.08034951,0.10328475
BAI ≥ 65% percentile,6.688569,0.09139858,0.08034951,0.10328475
BAI ≥ 65% percentile,6.699521,0.09139858,0.08034951,0.10328475
BAI ≥ 65% percentile,6.702259,0.09139858,0.08034951,0.10328475
BAI ≥ 65% percentile,6.704997,0.09139858,0.08034951,0.10328475
BAI ≥ 65% percentile,6.707734,0.09139858,0.08034951,0.10328475
BAI ≥ 65% percentile,6.710472,0.09139858,0.08034951,0.10328475
BAI ≥ 65% percentile,6.712329,0.09185316,0.08077473,0.10376752
BAI ≥ 65% percentile,6.715948,0.09185316,0.08077473,0.10376752
BAI ≥ 65% percentile,6.718686,0.09185316,0.08077473,0.10376752
BAI ≥ 65% percentile,6.724162,0.09185316,0.08077473,0.10376752
BAI ≥ 65% percentile,6.737851,0.09185316,0.08077473,0.10376752
BAI ≥ 65% percentile,6.748802,0.09185316,0.08077473,0.10376752
BAI ≥ 65% percentile,6.759754,0.09185316,0.08077473,0.10376752
BAI ≥ 65% percentile,6.765229,0.09185316,0.08077473,0.10376752
BAI ≥ 65% percentile,6.773443,0.09185316,0.08077473,0.10376752
BAI ≥ 65% percentile,6.775342,0.09231002,0.081202,0.10425277
BAI ≥ 65% percentile,6.778082,0.09231002,0.081202,0.10425277
BAI ≥ 65% percentile,6.781656,0.09231002,0.081202,0.10425277
BAI ≥ 65% percentile,6.783562,0.09231002,0.081202,0.10425277
BAI ≥ 65% percentile,6.792608,0.09231002,0.081202,0.10425277
BAI ≥ 65% percentile,6.795346,0.09231002,0.081202,0.10425277
BAI ≥ 65% percentile,6.798084,0.09231002,0.081202,0.10425277
BAI ≥ 65% percentile,6.800821,0.09231002,0.081202,0.10425277
BAI ≥ 65% percentile,6.811773,0.09231002,0.081202,0.10425277
BAI ≥ 65% percentile,6.814511,0.09231002,0.081202,0.10425277
BAI ≥ 65% percentile,6.817248,0.09231002,0.081202,0.10425277
BAI ≥ 65% percentile,6.819986,0.09231002,0.081202,0.10425277
BAI ≥ 65% percentile,6.821918,0.09231002,0.081202,0.10425277
BAI ≥ 65% percentile,6.833676,0.09231002,0.081202,0.10425277
BAI ≥ 65% percentile,6.838356,0.09231002,0.081202,0.10425277
BAI ≥ 65% percentile,6.839151,0.09231002,0.081202,0.10425277
BAI ≥ 65% percentile,6.841889,0.09231002,0.081202,0.10425277
BAI ≥ 65% percentile,6.843836,0.09277123,0.08163315,0.1047429
BAI ≥ 65% percentile,6.847365,0.09277123,0.08163315,0.1047429
BAI ≥ 65% percentile,6.852841,0.09277123,0.08163315,0.1047429
BAI ≥ 65% percentile,6.854795,0.09277123,0.08163315,0.1047429
BAI ≥ 65% percentile,6.858316,0.09277123,0.08163315,0.1047429
BAI ≥ 65% percentile,6.861054,0.09277123,0.08163315,0.1047429
BAI ≥ 65% percentile,6.863792,0.09277123,0.08163315,0.1047429
BAI ≥ 65% percentile,6.868493,0.09277123,0.08163315,0.1047429
BAI ≥ 65% percentile,6.872005,0.09277123,0.08163315,0.1047429
BAI ≥ 65% percentile,6.873973,0.09323401,0.08206574,0.10523471
BAI ≥ 65% percentile,6.874743,0.09323401,0.08206574,0.10523471
BAI ≥ 65% percentile,6.877481,0.09323401,0.08206574,0.10523471
BAI ≥ 65% percentile,6.879452,0.09323401,0.08206574,0.10523471
BAI ≥ 65% percentile,6.884932,0.09323401,0.08206574,0.10523471
BAI ≥ 65% percentile,6.888433,0.09323401,0.08206574,0.10523471
BAI ≥ 65% percentile,6.89117,0.09323401,0.08206574,0.10523471
BAI ≥ 65% percentile,6.893908,0.09323401,0.08206574,0.10523471
BAI ≥ 65% percentile,6.896646,0.09323401,0.08206574,0.10523471
BAI ≥ 65% percentile,6.899384,0.09323401,0.08206574,0.10523471
BAI ≥ 65% percentile,6.902122,0.0937002,0.0825014,0.10573032
BAI ≥ 65% percentile,6.90486,0.0937002,0.0825014,0.10573032
BAI ≥ 65% percentile,6.909589,0.0937002,0.0825014,0.10573032
BAI ≥ 65% percentile,6.910335,0.0937002,0.0825014,0.10573032
BAI ≥ 65% percentile,6.913073,0.0937002,0.0825014,0.10573032
BAI ≥ 65% percentile,6.915811,0.0937002,0.0825014,0.10573032
BAI ≥ 65% percentile,6.918549,0.0937002,0.0825014,0.10573032
BAI ≥ 65% percentile,6.924025,0.0937002,0.0825014,0.10573032
BAI ≥ 65% percentile,6.926762,0.0937002,0.0825014,0.10573032
BAI ≥ 65% percentile,6.932238,0.0937002,0.0825014,0.10573032
BAI ≥ 65% percentile,6.934976,0.0937002,0.0825014,0.10573032
BAI ≥ 65% percentile,6.937714,0.0937002,0.0825014,0.10573032
BAI ≥ 65% percentile,6.940452,0.0937002,0.0825014,0.10573032
BAI ≥ 65% percentile,6.951403,0.0937002,0.0825014,0.10573032
BAI ≥ 65% percentile,6.954141,0.0937002,0.0825014,0.10573032
BAI ≥ 65% percentile,6.956164,0.0937002,0.0825014,0.10573032
BAI ≥ 65% percentile,6.961644,0.0937002,0.0825014,0.10573032
BAI ≥ 65% percentile,6.96783,0.0937002,0.0825014,0.10573032
BAI ≥ 65% percentile,6.972603,0.0937002,0.0825014,0.10573032
BAI ≥ 65% percentile,6.973306,0.0937002,0.0825014,0.10573032
BAI ≥ 65% percentile,6.976044,0.0937002,0.0825014,0.10573032
BAI ≥ 65% percentile,6.978782,0.0937002,0.0825014,0.10573032
BAI ≥ 65% percentile,6.983562,0.0937002,0.0825014,0.10573032
BAI ≥ 65% percentile,6.984257,0.0937002,0.0825014,0.10573032
BAI ≥ 65% percentile,6.986995,0.0937002,0.0825014,0.10573032
BAI ≥ 65% percentile,6.989041,0.0937002,0.0825014,0.10573032
BAI ≥ 65% percentile,6.992471,0.0937002,0.0825014,0.10573032
BAI ≥ 65% percentile,7.008898,0.0937002,0.0825014,0.10573032
BAI ≥ 65% percentile,7.014374,0.0937002,0.0825014,0.10573032
BAI ≥ 65% percentile,7.021918,0.0937002,0.0825014,0.10573032
BAI ≥ 65% percentile,7.024658,0.0937002,0.0825014,0.10573032
BAI ≥ 65% percentile,7.025325,0.0937002,0.0825014,0.10573032
BAI ≥ 65% percentile,7.030801,0.0937002,0.0825014,0.10573032
BAI ≥ 65% percentile,7.039014,0.0937002,0.0825014,0.10573032
BAI ≥ 65% percentile,7.041752,0.0937002,0.0825014,0.10573032
BAI ≥ 65% percentile,7.052704,0.0937002,0.0825014,0.10573032
BAI ≥ 65% percentile,7.055441,0.0937002,0.0825014,0.10573032
BAI ≥ 65% percentile,7.060917,0.0937002,0.0825014,0.10573032
BAI ≥ 65% percentile,7.063655,0.0937002,0.0825014,0.10573032
BAI ≥ 65% percentile,7.066393,0.0937002,0.0825014,0.10573032
BAI ≥ 65% percentile,7.069131,0.0937002,0.0825014,0.10573032
BAI ≥ 65% percentile,7.071233,0.09418152,0.08295019,0.10624317
BAI ≥ 65% percentile,7.076712,0.09466284,0.0833991,0.1067559
BAI ≥ 65% percentile,7.080082,0.09466284,0.0833991,0.1067559
BAI ≥ 65% percentile,7.085558,0.09466284,0.0833991,0.1067559
BAI ≥ 65% percentile,7.088296,0.09466284,0.0833991,0.1067559
BAI ≥ 65% percentile,7.107461,0.09466284,0.0833991,0.1067559
BAI ≥ 65% percentile,7.110198,0.09466284,0.0833991,0.1067559
BAI ≥ 65% percentile,7.115068,0.09466284,0.0833991,0.1067559
BAI ≥ 65% percentile,7.120548,0.09466284,0.0833991,0.1067559
BAI ≥ 65% percentile,7.123888,0.09466284,0.0833991,0.1067559
BAI ≥ 65% percentile,7.126626,0.09466284,0.0833991,0.1067559
BAI ≥ 65% percentile,7.129363,0.09466284,0.0833991,0.1067559
BAI ≥ 65% percentile,7.132101,0.09466284,0.0833991,0.1067559
BAI ≥ 65% percentile,7.145791,0.09466284,0.0833991,0.1067559
BAI ≥ 65% percentile,7.148528,0.09466284,0.0833991,0.1067559
BAI ≥ 65% percentile,7.154004,0.09466284,0.0833991,0.1067559
BAI ≥ 65% percentile,7.156164,0.09466284,0.0833991,0.1067559
BAI ≥ 65% percentile,7.162218,0.09466284,0.0833991,0.1067559
BAI ≥ 65% percentile,7.164956,0.09466284,0.0833991,0.1067559
BAI ≥ 65% percentile,7.167693,0.09466284,0.0833991,0.1067559
BAI ≥ 65% percentile,7.178645,0.09466284,0.0833991,0.1067559
BAI ≥ 65% percentile,7.189041,0.09466284,0.0833991,0.1067559
BAI ≥ 65% percentile,7.189596,0.09466284,0.0833991,0.1067559
BAI ≥ 65% percentile,7.19781,0.09466284,0.0833991,0.1067559
BAI ≥ 65% percentile,7.200548,0.09466284,0.0833991,0.1067559
BAI ≥ 65% percentile,7.203285,0.09466284,0.0833991,0.1067559
BAI ≥ 65% percentile,7.206023,0.09466284,0.0833991,0.1067559
BAI ≥ 65% percentile,7.208219,0.09466284,0.0833991,0.1067559
BAI ≥ 65% percentile,7.208761,0.09466284,0.0833991,0.1067559
BAI ≥ 65% percentile,7.210959,0.09466284,0.0833991,0.1067559
BAI ≥ 65% percentile,7.211499,0.09466284,0.0833991,0.1067559
BAI ≥ 65% percentile,7.216975,0.09466284,0.0833991,0.1067559
BAI ≥ 65% percentile,7.219178,0.09466284,0.0833991,0.1067559
BAI ≥ 65% percentile,7.219713,0.09466284,0.0833991,0.1067559
BAI ≥ 65% percentile,7.22245,0.09466284,0.0833991,0.1067559
BAI ≥ 65% percentile,7.23614,0.09466284,0.0833991,0.1067559
BAI ≥ 65% percentile,7.238877,0.09466284,0.0833991,0.1067559
BAI ≥ 65% percentile,7.243836,0.09466284,0.0833991,0.1067559
BAI ≥ 65% percentile,7.244353,0.09466284,0.0833991,0.1067559
BAI ≥ 65% percentile,7.252055,0.09466284,0.0833991,0.1067559
BAI ≥ 65% percentile,7.252567,0.09466284,0.0833991,0.1067559
BAI ≥ 65% percentile,7.258042,0.09466284,0.0833991,0.1067559
BAI ≥ 65% percentile,7.266256,0.09466284,0.0833991,0.1067559
BAI ≥ 65% percentile,7.271732,0.09466284,0.0833991,0.1067559
BAI ≥ 65% percentile,7.27447,0.09466284,0.0833991,0.1067559
BAI ≥ 65% percentile,7.277207,0.09466284,0.0833991,0.1067559
BAI ≥ 65% percentile,7.282683,0.09466284,0.0833991,0.1067559
BAI ≥ 65% percentile,7.290897,0.09466284,0.0833991,0.1067559
BAI ≥ 65% percentile,7.293634,0.09466284,0.0833991,0.1067559
BAI ≥ 65% percentile,7.296372,0.09466284,0.0833991,0.1067559
BAI ≥ 65% percentile,7.29911,0.09466284,0.0833991,0.1067559
BAI ≥ 65% percentile,7.304586,0.09466284,0.0833991,0.1067559
BAI ≥ 65% percentile,7.307324,0.09466284,0.0833991,0.1067559
BAI ≥ 65% percentile,7.310062,0.09466284,0.0833991,0.1067559
BAI ≥ 65% percentile,7.312799,0.09466284,0.0833991,0.1067559
BAI ≥ 65% percentile,7.318275,0.09466284,0.0833991,0.1067559
BAI ≥ 65% percentile,7.320548,0.09516598,0.08386683,0.10729366
BAI ≥ 65% percentile,7.329227,0.09516598,0.08386683,0.10729366
BAI ≥ 65% percentile,7.331507,0.09516598,0.08386683,0.10729366
BAI ≥ 65% percentile,7.331964,0.09516598,0.08386683,0.10729366
BAI ≥ 65% percentile,7.334702,0.09516598,0.08386683,0.10729366
BAI ≥ 65% percentile,7.33744,0.09567039,0.08433577,0.10783273
BAI ≥ 65% percentile,7.340178,0.09567039,0.08433577,0.10783273
BAI ≥ 65% percentile,7.342466,0.09617574,0.08480566,0.10837274
BAI ≥ 65% percentile,7.342916,0.09617574,0.08480566,0.10837274
BAI ≥ 65% percentile,7.348392,0.09617574,0.08480566,0.10837274
BAI ≥ 65% percentile,7.350685,0.09617574,0.08480566,0.10837274
BAI ≥ 65% percentile,7.351129,0.09617574,0.08480566,0.10837274
BAI ≥ 65% percentile,7.353867,0.09617574,0.08480566,0.10837274
BAI ≥ 65% percentile,7.356164,0.09617574,0.08480566,0.10837274
BAI ≥ 65% percentile,7.356605,0.09617574,0.08480566,0.10837274
BAI ≥ 65% percentile,7.359343,0.09617574,0.08480566,0.10837274
BAI ≥ 65% percentile,7.362081,0.09617574,0.08480566,0.10837274
BAI ≥ 65% percentile,7.370294,0.09617574,0.08480566,0.10837274
BAI ≥ 65% percentile,7.373032,0.09617574,0.08480566,0.10837274
BAI ≥ 65% percentile,7.37577,0.09617574,0.08480566,0.10837274
BAI ≥ 65% percentile,7.380822,0.09617574,0.08480566,0.10837274
BAI ≥ 65% percentile,7.383562,0.0966859,0.08527979,0.10891816
BAI ≥ 65% percentile,7.392197,0.0966859,0.08527979,0.10891816
BAI ≥ 65% percentile,7.394935,0.0966859,0.08527979,0.10891816
BAI ≥ 65% percentile,7.397673,0.0966859,0.08527979,0.10891816
BAI ≥ 65% percentile,7.400411,0.0966859,0.08527979,0.10891816
BAI ≥ 65% percentile,7.40274,0.09719802,0.08575574,0.10946568
BAI ≥ 65% percentile,7.408624,0.09719802,0.08575574,0.10946568
BAI ≥ 65% percentile,7.411362,0.09719802,0.08575574,0.10946568
BAI ≥ 65% percentile,7.4141,0.09719802,0.08575574,0.10946568
BAI ≥ 65% percentile,7.416838,0.09719802,0.08575574,0.10946568
BAI ≥ 65% percentile,7.419576,0.09719802,0.08575574,0.10946568
BAI ≥ 65% percentile,7.427789,0.09719802,0.08575574,0.10946568
BAI ≥ 65% percentile,7.430527,0.09719802,0.08575574,0.10946568
BAI ≥ 65% percentile,7.432877,0.09719802,0.08575574,0.10946568
BAI ≥ 65% percentile,7.433265,0.09719802,0.08575574,0.10946568
BAI ≥ 65% percentile,7.436003,0.09719802,0.08575574,0.10946568
BAI ≥ 65% percentile,7.441478,0.09719802,0.08575574,0.10946568
BAI ≥ 65% percentile,7.444216,0.09719802,0.08575574,0.10946568
BAI ≥ 65% percentile,7.446954,0.09719802,0.08575574,0.10946568
BAI ≥ 65% percentile,7.45243,0.09719802,0.08575574,0.10946568
BAI ≥ 65% percentile,7.455168,0.09719802,0.08575574,0.10946568
BAI ≥ 65% percentile,7.466119,0.09719802,0.08575574,0.10946568
BAI ≥ 65% percentile,7.468857,0.09719802,0.08575574,0.10946568
BAI ≥ 65% percentile,7.471595,0.09719802,0.08575574,0.10946568
BAI ≥ 65% percentile,7.474333,0.09719802,0.08575574,0.10946568
BAI ≥ 65% percentile,7.47707,0.09719802,0.08575574,0.10946568
BAI ≥ 65% percentile,7.479808,0.09719802,0.08575574,0.10946568
BAI ≥ 65% percentile,7.485284,0.09719802,0.08575574,0.10946568
BAI ≥ 65% percentile,7.488022,0.09719802,0.08575574,0.10946568
BAI ≥ 65% percentile,7.49076,0.09719802,0.08575574,0.10946568
BAI ≥ 65% percentile,7.498973,0.09719802,0.08575574,0.10946568
BAI ≥ 65% percentile,7.504449,0.09719802,0.08575574,0.10946568
BAI ≥ 65% percentile,7.509925,0.09719802,0.08575574,0.10946568
BAI ≥ 65% percentile,7.512663,0.09719802,0.08575574,0.10946568
BAI ≥ 65% percentile,7.515068,0.09772355,0.08624325,0.1100286
BAI ≥ 65% percentile,7.5154,0.09772355,0.08624325,0.1100286
BAI ≥ 65% percentile,7.517808,0.09772355,0.08624325,0.1100286
BAI ≥ 65% percentile,7.520876,0.09772355,0.08624325,0.1100286
BAI ≥ 65% percentile,7.526352,0.09772355,0.08624325,0.1100286
BAI ≥ 65% percentile,7.52909,0.09772355,0.08624325,0.1100286
BAI ≥ 65% percentile,7.531828,0.09772355,0.08624325,0.1100286
BAI ≥ 65% percentile,7.534565,0.09772355,0.08624325,0.1100286
BAI ≥ 65% percentile,7.537303,0.09772355,0.08624325,0.1100286
BAI ≥ 65% percentile,7.542466,0.09772355,0.08624325,0.1100286
BAI ≥ 65% percentile,7.542779,0.09825221,0.08673356,0.11059497
BAI ≥ 65% percentile,7.547945,0.09825221,0.08673356,0.11059497
BAI ≥ 65% percentile,7.548255,0.09825221,0.08673356,0.11059497
BAI ≥ 65% percentile,7.550992,0.09825221,0.08673356,0.11059497
BAI ≥ 65% percentile,7.55373,0.09825221,0.08673356,0.11059497
BAI ≥ 65% percentile,7.556468,0.09825221,0.08673356,0.11059497
BAI ≥ 65% percentile,7.564682,0.09825221,0.08673356,0.11059497
BAI ≥ 65% percentile,7.567123,0.09878474,0.08722733,0.11116566
BAI ≥ 65% percentile,7.570157,0.09878474,0.08722733,0.11116566
BAI ≥ 65% percentile,7.578371,0.09878474,0.08722733,0.11116566
BAI ≥ 65% percentile,7.581109,0.09878474,0.08722733,0.11116566
BAI ≥ 65% percentile,7.586585,0.09878474,0.08722733,0.11116566
BAI ≥ 65% percentile,7.589322,0.09878474,0.08722733,0.11116566
BAI ≥ 65% percentile,7.59206,0.09878474,0.08722733,0.11116566
BAI ≥ 65% percentile,7.594798,0.09878474,0.08722733,0.11116566
BAI ≥ 65% percentile,7.597536,0.09878474,0.08722733,0.11116566
BAI ≥ 65% percentile,7.600274,0.09878474,0.08722733,0.11116566
BAI ≥ 65% percentile,7.603012,0.09878474,0.08722733,0.11116566
BAI ≥ 65% percentile,7.605749,0.09878474,0.08722733,0.11116566
BAI ≥ 65% percentile,7.608487,0.09878474,0.08722733,0.11116566
BAI ≥ 65% percentile,7.616701,0.09878474,0.08722733,0.11116566
BAI ≥ 65% percentile,7.619178,0.09878474,0.08722733,0.11116566
BAI ≥ 65% percentile,7.619439,0.09878474,0.08722733,0.11116566
BAI ≥ 65% percentile,7.622177,0.09878474,0.08722733,0.11116566
BAI ≥ 65% percentile,7.624914,0.09878474,0.08722733,0.11116566
BAI ≥ 65% percentile,7.627652,0.09878474,0.08722733,0.11116566
BAI ≥ 65% percentile,7.638604,0.09878474,0.08722733,0.11116566
BAI ≥ 65% percentile,7.641342,0.09878474,0.08722733,0.11116566
BAI ≥ 65% percentile,7.644079,0.09878474,0.08722733,0.11116566
BAI ≥ 65% percentile,7.657769,0.09878474,0.08722733,0.11116566
BAI ≥ 65% percentile,7.660507,0.09878474,0.08722733,0.11116566
BAI ≥ 65% percentile,7.663244,0.09878474,0.08722733,0.11116566
BAI ≥ 65% percentile,7.665982,0.09878474,0.08722733,0.11116566
BAI ≥ 65% percentile,7.671458,0.09878474,0.08722733,0.11116566
BAI ≥ 65% percentile,7.682409,0.09878474,0.08722733,0.11116566
BAI ≥ 65% percentile,7.685147,0.09878474,0.08722733,0.11116566
BAI ≥ 65% percentile,7.69589,0.09878474,0.08722733,0.11116566
BAI ≥ 65% percentile,7.696099,0.09878474,0.08722733,0.11116566
BAI ≥ 65% percentile,7.712329,0.09878474,0.08722733,0.11116566
BAI ≥ 65% percentile,7.712526,0.09878474,0.08722733,0.11116566
BAI ≥ 65% percentile,7.715264,0.09878474,0.08722733,0.11116566
BAI ≥ 65% percentile,7.718001,0.09878474,0.08722733,0.11116566
BAI ≥ 65% percentile,7.723477,0.09878474,0.08722733,0.11116566
BAI ≥ 65% percentile,7.742466,0.09878474,0.08722733,0.11116566
BAI ≥ 65% percentile,7.758904,0.09878474,0.08722733,0.11116566
BAI ≥ 65% percentile,7.764545,0.09878474,0.08722733,0.11116566
BAI ≥ 65% percentile,7.78371,0.09878474,0.08722733,0.11116566
BAI ≥ 65% percentile,7.786301,0.09878474,0.08722733,0.11116566
BAI ≥ 65% percentile,7.791923,0.09878474,0.08722733,0.11116566
BAI ≥ 65% percentile,7.79726,0.09878474,0.08722733,0.11116566
BAI ≥ 65% percentile,7.797399,0.09878474,0.08722733,0.11116566
BAI ≥ 65% percentile,7.802875,0.09933452,0.08773585,0.11175627
BAI ≥ 65% percentile,7.816438,0.09933452,0.08773585,0.11175627
BAI ≥ 65% percentile,7.819302,0.09933452,0.08773585,0.11175627
BAI ≥ 65% percentile,7.824658,0.09933452,0.08773585,0.11175627
BAI ≥ 65% percentile,7.832991,0.09933452,0.08773585,0.11175627
BAI ≥ 65% percentile,7.838467,0.09933452,0.08773585,0.11175627
BAI ≥ 65% percentile,7.846575,0.09933452,0.08773585,0.11175627
BAI ≥ 65% percentile,7.849418,0.09933452,0.08773585,0.11175627
BAI ≥ 65% percentile,7.852055,0.09933452,0.08773585,0.11175627
BAI ≥ 65% percentile,7.86037,0.09933452,0.08773585,0.11175627
BAI ≥ 65% percentile,7.868583,0.09933452,0.08773585,0.11175627
BAI ≥ 65% percentile,7.874059,0.09933452,0.08773585,0.11175627
BAI ≥ 65% percentile,7.882192,0.09933452,0.08773585,0.11175627
BAI ≥ 65% percentile,7.884932,0.09933452,0.08773585,0.11175627
BAI ≥ 65% percentile,7.890486,0.09933452,0.08773585,0.11175627
BAI ≥ 65% percentile,7.904175,0.09933452,0.08773585,0.11175627
BAI ≥ 65% percentile,7.906913,0.09933452,0.08773585,0.11175627
BAI ≥ 65% percentile,7.928816,0.09933452,0.08773585,0.11175627
BAI ≥ 65% percentile,7.931554,0.09933452,0.08773585,0.11175627
BAI ≥ 65% percentile,7.939726,0.09933452,0.08773585,0.11175627
BAI ≥ 65% percentile,7.942505,0.09933452,0.08773585,0.11175627
BAI ≥ 65% percentile,7.947981,0.09933452,0.08773585,0.11175627
BAI ≥ 65% percentile,7.953457,0.09933452,0.08773585,0.11175627
BAI ≥ 65% percentile,7.967146,0.09933452,0.08773585,0.11175627
BAI ≥ 65% percentile,7.997262,0.09933452,0.08773585,0.11175627
BAI ≥ 65% percentile,8.019165,0.10045038,0.0887672,0.1129559
BAI ≥ 65% percentile,8.024641,0.10045038,0.0887672,0.1129559
BAI ≥ 65% percentile,8.024658,0.10045038,0.0887672,0.1129559
BAI ≥ 65% percentile,8.035592,0.1010087,0.08928349,0.11355586
BAI ≥ 65% percentile,8.049281,0.1010087,0.08928349,0.11355586
BAI ≥ 65% percentile,8.054757,0.1010087,0.08928349,0.11355586
BAI ≥ 65% percentile,8.060233,0.1010087,0.08928349,0.11355586
BAI ≥ 65% percentile,8.068446,0.1010087,0.08928349,0.11355586
BAI ≥ 65% percentile,8.090411,0.1010087,0.08928349,0.11355586
BAI ≥ 65% percentile,8.09589,0.1010087,0.08928349,0.11355586
BAI ≥ 65% percentile,8.104038,0.1010087,0.08928349,0.11355586
BAI ≥ 65% percentile,8.106849,0.1010087,0.08928349,0.11355586
BAI ≥ 65% percentile,8.120465,0.1010087,0.08928349,0.11355586
BAI ≥ 65% percentile,8.131417,0.10156942,0.08980199,0.11415839
BAI ≥ 65% percentile,8.134155,0.10156942,0.08980199,0.11415839
BAI ≥ 65% percentile,8.136893,0.10156942,0.08980199,0.11415839
BAI ≥ 65% percentile,8.142466,0.10156942,0.08980199,0.11415839
BAI ≥ 65% percentile,8.156164,0.10156942,0.08980199,0.11415839
BAI ≥ 65% percentile,8.164384,0.10156942,0.08980199,0.11415839
BAI ≥ 65% percentile,8.183562,0.10156942,0.08980199,0.11415839
BAI ≥ 65% percentile,8.20274,0.10156942,0.08980199,0.11415839
BAI ≥ 65% percentile,8.241096,0.10156942,0.08980199,0.11415839
BAI ≥ 65% percentile,8.282192,0.10156942,0.08980199,0.11415839
BAI ≥ 65% percentile,8.287671,0.10156942,0.08980199,0.11415839
BAI ≥ 65% percentile,8.350685,0.10156942,0.08980199,0.11415839
BAI ≥ 65% percentile,8.353425,0.10156942,0.08980199,0.11415839
BAI ≥ 65% percentile,8.367123,0.10156942,0.08980199,0.11415839
BAI ≥ 65% percentile,8.394521,0.10156942,0.08980199,0.11415839
BAI ≥ 65% percentile,8.418891,0.10156942,0.08980199,0.11415839
BAI ≥ 65% percentile,8.424658,0.10156942,0.08980199,0.11415839
BAI ≥ 65% percentile,8.490411,0.10156942,0.08980199,0.11415839
BAI ≥ 65% percentile,8.50137,0.10156942,0.08980199,0.11415839
BAI ≥ 65% percentile,8.509589,0.10156942,0.08980199,0.11415839
BAI ≥ 65% percentile,8.525667,0.10213054,0.09032101,0.11476117
BAI ≥ 65% percentile,8.545205,0.10213054,0.09032101,0.11476117
BAI ≥ 65% percentile,8.547945,0.10213054,0.09032101,0.11476117
BAI ≥ 65% percentile,8.553425,0.10213054,0.09032101,0.11476117
BAI ≥ 65% percentile,8.569473,0.10213054,0.09032101,0.11476117
BAI ≥ 65% percentile,8.583562,0.10213054,0.09032101,0.11476117
BAI ≥ 65% percentile,8.591781,0.10213054,0.09032101,0.11476117
BAI ≥ 65% percentile,8.605065,0.10213054,0.09032101,0.11476117
BAI ≥ 65% percentile,8.687671,0.10213054,0.09032101,0.11476117
BAI ≥ 65% percentile,8.709103,0.10269165,0.09084023,0.11536375
BAI ≥ 65% percentile,8.712329,0.10269165,0.09084023,0.11536375
BAI ≥ 65% percentile,8.764384,0.10269165,0.09084023,0.11536375
BAI ≥ 65% percentile,8.786301,0.10269165,0.09084023,0.11536375
BAI ≥ 65% percentile,8.813699,0.10269165,0.09084023,0.11536375
BAI ≥ 65% percentile,8.821355,0.10269165,0.09084023,0.11536375
BAI ≥ 65% percentile,8.854209,0.10269165,0.09084023,0.11536375
BAI ≥ 65% percentile,8.854795,0.10269165,0.09084023,0.11536375
BAI ≥ 65% percentile,8.863014,0.10269165,0.09084023,0.11536375
BAI ≥ 65% percentile,8.865753,0.10269165,0.09084023,0.11536375
BAI ≥ 65% percentile,8.893151,0.10269165,0.09084023,0.11536375
BAI ≥ 65% percentile,8.906229,0.10269165,0.09084023,0.11536375
BAI ≥ 65% percentile,8.906849,0.10269165,0.09084023,0.11536375
BAI ≥ 65% percentile,8.909589,0.10269165,0.09084023,0.11536375
BAI ≥ 65% percentile,8.978082,0.10269165,0.09084023,0.11536375
BAI ≥ 65% percentile,8.989041,0.10269165,0.09084023,0.11536375
BAI ≥ 65% percentile,9.00274,0.10269165,0.09084023,0.11536375
BAI ≥ 65% percentile,9.010267,0.10325318,0.09135998,0.11596659
BAI ≥ 65% percentile,9.013699,0.10325318,0.09135998,0.11596659
BAI ≥ 65% percentile,9.029432,0.10325318,0.09135998,0.11596659
BAI ≥ 65% percentile,9.05681,0.10381513,0.09188028,0.11656971
BAI ≥ 65% percentile,9.063014,0.10381513,0.09188028,0.11656971
BAI ≥ 65% percentile,9.065753,0.10381513,0.09188028,0.11656971
BAI ≥ 65% percentile,9.086927,0.10381513,0.09188028,0.11656971
BAI ≥ 65% percentile,9.09863,0.10381513,0.09188028,0.11656971
BAI ≥ 65% percentile,9.123288,0.10381513,0.09188028,0.11656971
BAI ≥ 65% percentile,9.130732,0.10381513,0.09188028,0.11656971
BAI ≥ 65% percentile,9.134247,0.10381513,0.09188028,0.11656971
BAI ≥ 65% percentile,9.166324,0.10437708,0.09240076,0.11717263
BAI ≥ 65% percentile,9.172603,0.10437708,0.09240076,0.11717263
BAI ≥ 65% percentile,9.178082,0.10437708,0.09240076,0.11717263
BAI ≥ 65% percentile,9.191781,0.10437708,0.09240076,0.11717263
BAI ≥ 65% percentile,9.194521,0.10437708,0.09240076,0.11717263
BAI ≥ 65% percentile,9.21013,0.10493902,0.09292142,0.11777533
BAI ≥ 65% percentile,9.219178,0.10493902,0.09292142,0.11777533
BAI ≥ 65% percentile,9.221918,0.10493902,0.09292142,0.11777533
BAI ≥ 65% percentile,9.237509,0.10493902,0.09292142,0.11777533
BAI ≥ 65% percentile,9.323288,0.10493902,0.09292142,0.11777533
BAI ≥ 65% percentile,9.339726,0.10493902,0.09292142,0.11777533
BAI ≥ 65% percentile,9.345205,0.10493902,0.09292142,0.11777533
BAI ≥ 65% percentile,9.358904,0.10493902,0.09292142,0.11777533
BAI ≥ 65% percentile,9.378082,0.10493902,0.09292142,0.11777533
BAI ≥ 65% percentile,9.39726,0.10493902,0.09292142,0.11777533
BAI ≥ 65% percentile,9.407255,0.10493902,0.09292142,0.11777533
BAI ≥ 65% percentile,9.408219,0.10493902,0.09292142,0.11777533
BAI ≥ 65% percentile,9.431896,0.10493902,0.09292142,0.11777533
BAI ≥ 65% percentile,9.465753,0.10493902,0.09292142,0.11777533
BAI ≥ 65% percentile,9.476712,0.10493902,0.09292142,0.11777533
BAI ≥ 65% percentile,9.527721,0.10493902,0.09292142,0.11777533
BAI ≥ 65% percentile,9.533196,0.10493902,0.09292142,0.11777533
BAI ≥ 65% percentile,9.534247,0.10493902,0.09292142,0.11777533
BAI ≥ 65% percentile,9.542466,0.10493902,0.09292142,0.11777533
BAI ≥ 65% percentile,9.547945,0.10493902,0.09292142,0.11777533
BAI ≥ 65% percentile,9.567123,0.10493902,0.09292142,0.11777533
BAI ≥ 65% percentile,9.594521,0.10493902,0.09292142,0.11777533
BAI ≥ 65% percentile,9.605479,0.10493902,0.09292142,0.11777533
BAI ≥ 65% percentile,9.619178,0.10493902,0.09292142,0.11777533
BAI ≥ 65% percentile,9.629021,0.10493902,0.09292142,0.11777533
BAI ≥ 65% percentile,9.635616,0.10493902,0.09292142,0.11777533
BAI ≥ 65% percentile,9.641096,0.10493902,0.09292142,0.11777533
BAI ≥ 65% percentile,9.649315,0.10493902,0.09292142,0.11777533
BAI ≥ 65% percentile,9.659138,0.10493902,0.09292142,0.11777533
BAI ≥ 65% percentile,9.663014,0.10493902,0.09292142,0.11777533
BAI ≥ 65% percentile,9.668493,0.10493902,0.09292142,0.11777533
BAI ≥ 65% percentile,9.676712,0.10493902,0.09292142,0.11777533
BAI ≥ 65% percentile,9.689254,0.10493902,0.09292142,0.11777533
BAI ≥ 65% percentile,9.70411,0.10493902,0.09292142,0.11777533
BAI ≥ 65% percentile,9.706849,0.10493902,0.09292142,0.11777533
BAI ≥ 65% percentile,9.708419,0.10493902,0.09292142,0.11777533
BAI ≥ 65% percentile,9.709589,0.10493902,0.09292142,0.11777533
BAI ≥ 65% percentile,9.715068,0.10493902,0.09292142,0.11777533
BAI ≥ 65% percentile,9.726027,0.10493902,0.09292142,0.11777533
BAI ≥ 65% percentile,9.736986,0.10493902,0.09292142,0.11777533
BAI ≥ 65% percentile,9.747945,0.10493902,0.09292142,0.11777533
BAI ≥ 65% percentile,9.754962,0.10550921,0.09344922,0.11838744
BAI ≥ 65% percentile,9.760438,0.10550921,0.09344922,0.11838744
BAI ≥ 65% percentile,9.764384,0.10550921,0.09344922,0.11838744
BAI ≥ 65% percentile,9.771389,0.10550921,0.09344922,0.11838744
BAI ≥ 65% percentile,9.775342,0.10550921,0.09344922,0.11838744
BAI ≥ 65% percentile,9.778082,0.10550921,0.09344922,0.11838744
BAI ≥ 65% percentile,9.79726,0.10550921,0.09344922,0.11838744
BAI ≥ 65% percentile,9.8,0.10550921,0.09344922,0.11838744
BAI ≥ 65% percentile,9.819178,0.10550921,0.09344922,0.11838744
BAI ≥ 65% percentile,9.827397,0.10550921,0.09344922,0.11838744
BAI ≥ 65% percentile,9.832877,0.10550921,0.09344922,0.11838744
BAI ≥ 65% percentile,9.838356,0.10608296,0.09398023,0.1190035
BAI ≥ 65% percentile,9.843836,0.10608296,0.09398023,0.1190035
BAI ≥ 65% percentile,9.846575,0.10608296,0.09398023,0.1190035
BAI ≥ 65% percentile,9.852055,0.10608296,0.09398023,0.1190035
BAI ≥ 65% percentile,9.857534,0.10608296,0.09398023,0.1190035
BAI ≥ 65% percentile,9.860274,0.10608296,0.09398023,0.1190035
BAI ≥ 65% percentile,9.865753,0.10608296,0.09398023,0.1190035
BAI ≥ 65% percentile,9.894593,0.10665897,0.09451334,0.11962197
BAI ≥ 65% percentile,9.89589,0.10665897,0.09451334,0.11962197
BAI ≥ 65% percentile,9.912329,0.10665897,0.09451334,0.11962197
BAI ≥ 65% percentile,9.915068,0.10665897,0.09451334,0.11962197
BAI ≥ 65% percentile,9.931507,0.10665897,0.09451334,0.11962197
BAI ≥ 65% percentile,9.936986,0.10665897,0.09451334,0.11962197
BAI ≥ 65% percentile,9.950685,0.10665897,0.09451334,0.11962197
BAI ≥ 65% percentile,9.953425,0.10665897,0.09451334,0.11962197
BAI ≥ 65% percentile,9.958904,0.10665897,0.09451334,0.11962197
BAI ≥ 65% percentile,9.961644,0.10665897,0.09451334,0.11962197
BAI ≥ 65% percentile,9.978082,0.10665897,0.09451334,0.11962197
BAI ≥ 65% percentile,10.005479,0.10665897,0.09451334,0.11962197
BAI ≥ 65% percentile,10.008219,0.10665897,0.09451334,0.11962197
BAI ≥ 65% percentile,10.010959,0.10665897,0.09451334,0.11962197
BAI ≥ 65% percentile,10.030137,0.10665897,0.09451334,0.11962197
BAI ≥ 65% percentile,10.031485,0.10665897,0.09451334,0.11962197
BAI ≥ 65% percentile,10.052055,0.10665897,0.09451334,0.11962197
BAI ≥ 65% percentile,10.060274,0.10665897,0.09451334,0.11962197
BAI ≥ 65% percentile,10.068493,0.10665897,0.09451334,0.11962197
BAI ≥ 65% percentile,10.071233,0.10665897,0.09451334,0.11962197
BAI ≥ 65% percentile,10.076712,0.10665897,0.09451334,0.11962197
BAI ≥ 65% percentile,10.082192,0.10665897,0.09451334,0.11962197
BAI ≥ 65% percentile,10.084932,0.10665897,0.09451334,0.11962197
BAI ≥ 65% percentile,10.090411,0.10665897,0.09451334,0.11962197
BAI ≥ 65% percentile,10.09589,0.10665897,0.09451334,0.11962197
BAI ≥ 65% percentile,10.10137,0.10665897,0.09451334,0.11962197
BAI ≥ 65% percentile,10.109589,0.10665897,0.09451334,0.11962197
BAI ≥ 65% percentile,10.117808,0.10665897,0.09451334,0.11962197
BAI ≥ 65% percentile,10.120548,0.10665897,0.09451334,0.11962197
BAI ≥ 65% percentile,10.128767,0.10665897,0.09451334,0.11962197
BAI ≥ 65% percentile,10.142466,0.10665897,0.09451334,0.11962197
BAI ≥ 65% percentile,10.150685,0.10665897,0.09451334,0.11962197
BAI ≥ 65% percentile,10.158904,0.10665897,0.09451334,0.11962197
BAI ≥ 65% percentile,10.167123,0.10665897,0.09451334,0.11962197
BAI ≥ 65% percentile,10.169863,0.10665897,0.09451334,0.11962197
BAI ≥ 65% percentile,10.180822,0.10665897,0.09451334,0.11962197
BAI ≥ 65% percentile,10.186301,0.10665897,0.09451334,0.11962197
BAI ≥ 65% percentile,10.191781,0.10665897,0.09451334,0.11962197
BAI ≥ 65% percentile,10.20274,0.10665897,0.09451334,0.11962197
BAI ≥ 65% percentile,10.205479,0.10665897,0.09451334,0.11962197
BAI ≥ 65% percentile,10.213699,0.10665897,0.09451334,0.11962197
BAI ≥ 65% percentile,10.216438,0.10665897,0.09451334,0.11962197
BAI ≥ 65% percentile,10.221918,0.10725577,0.09506412,0.12026454
BAI ≥ 65% percentile,10.231348,0.10785307,0.09561554,0.12090744
BAI ≥ 65% percentile,10.235616,0.10785307,0.09561554,0.12090744
BAI ≥ 65% percentile,10.238356,0.10785307,0.09561554,0.12090744
BAI ≥ 65% percentile,10.243836,0.10785307,0.09561554,0.12090744
BAI ≥ 65% percentile,10.249315,0.10785307,0.09561554,0.12090744
BAI ≥ 65% percentile,10.254795,0.10785307,0.09561554,0.12090744
BAI ≥ 65% percentile,10.257534,0.10785307,0.09561554,0.12090744
BAI ≥ 65% percentile,10.260274,0.10785307,0.09561554,0.12090744
BAI ≥ 65% percentile,10.263014,0.10785307,0.09561554,0.12090744
BAI ≥ 65% percentile,10.273973,0.10785307,0.09561554,0.12090744
BAI ≥ 65% percentile,10.282192,0.10845334,0.09616968,0.12155359
BAI ≥ 65% percentile,10.287671,0.10845334,0.09616968,0.12155359
BAI ≥ 65% percentile,10.29863,0.10845334,0.09616968,0.12155359
BAI ≥ 65% percentile,10.309589,0.10845334,0.09616968,0.12155359
BAI ≥ 65% percentile,10.312329,0.10845334,0.09616968,0.12155359
BAI ≥ 65% percentile,10.315068,0.10845334,0.09616968,0.12155359
BAI ≥ 65% percentile,10.317808,0.10845334,0.09616968,0.12155359
BAI ≥ 65% percentile,10.320548,0.10845334,0.09616968,0.12155359
BAI ≥ 65% percentile,10.326027,0.10845334,0.09616968,0.12155359
BAI ≥ 65% percentile,10.331507,0.10845334,0.09616968,0.12155359
BAI ≥ 65% percentile,10.334247,0.10845334,0.09616968,0.12155359
BAI ≥ 65% percentile,10.342466,0.10845334,0.09616968,0.12155359
BAI ≥ 65% percentile,10.346338,0.10906174,0.09673086,0.12220903
BAI ≥ 65% percentile,10.347945,0.10906174,0.09673086,0.12220903
BAI ≥ 65% percentile,10.353425,0.10906174,0.09673086,0.12220903
BAI ≥ 65% percentile,10.358904,0.10906174,0.09673086,0.12220903
BAI ≥ 65% percentile,10.361644,0.10906174,0.09673086,0.12220903
BAI ≥ 65% percentile,10.365503,0.10906174,0.09673086,0.12220903
BAI ≥ 65% percentile,10.372603,0.10967274,0.09729443,0.12286725
BAI ≥ 65% percentile,10.383562,0.10967274,0.09729443,0.12286725
BAI ≥ 65% percentile,10.386301,0.10967274,0.09729443,0.12286725
BAI ≥ 65% percentile,10.392882,0.10967274,0.09729443,0.12286725
BAI ≥ 65% percentile,10.394521,0.10967274,0.09729443,0.12286725
BAI ≥ 65% percentile,10.39726,0.10967274,0.09729443,0.12286725
BAI ≥ 65% percentile,10.40274,0.10967274,0.09729443,0.12286725
BAI ≥ 65% percentile,10.405479,0.10967274,0.09729443,0.12286725
BAI ≥ 65% percentile,10.410959,0.11028741,0.09786132,0.12352952
BAI ≥ 65% percentile,10.413699,0.11028741,0.09786132,0.12352952
BAI ≥ 65% percentile,10.419178,0.11028741,0.09786132,0.12352952
BAI ≥ 65% percentile,10.424658,0.11028741,0.09786132,0.12352952
BAI ≥ 65% percentile,10.427397,0.11028741,0.09786132,0.12352952
BAI ≥ 65% percentile,10.430137,0.11028741,0.09786132,0.12352952
BAI ≥ 65% percentile,10.432877,0.11028741,0.09786132,0.12352952
BAI ≥ 65% percentile,10.438356,0.11028741,0.09786132,0.12352952
BAI ≥ 65% percentile,10.446575,0.11028741,0.09786132,0.12352952
BAI ≥ 65% percentile,10.449315,0.11091123,0.09843608,0.12420227
BAI ≥ 65% percentile,10.452055,0.11091123,0.09843608,0.12420227
BAI ≥ 65% percentile,10.468493,0.11091123,0.09843608,0.12420227
BAI ≥ 65% percentile,10.471233,0.11091123,0.09843608,0.12420227
BAI ≥ 65% percentile,10.473973,0.11153779,0.09901338,0.12487797
BAI ≥ 65% percentile,10.476712,0.11153779,0.09901338,0.12487797
BAI ≥ 65% percentile,10.479452,0.11216491,0.0995914,0.12555404
BAI ≥ 65% percentile,10.482192,0.11216491,0.0995914,0.12555404
BAI ≥ 65% percentile,10.484932,0.11216491,0.0995914,0.12555404
BAI ≥ 65% percentile,10.487671,0.11216491,0.0995914,0.12555404
BAI ≥ 65% percentile,10.490411,0.11216491,0.0995914,0.12555404
BAI ≥ 65% percentile,10.493151,0.11216491,0.0995914,0.12555404
BAI ≥ 65% percentile,10.49863,0.11216491,0.0995914,0.12555404
BAI ≥ 65% percentile,10.50137,0.11216491,0.0995914,0.12555404
BAI ≥ 65% percentile,10.50411,0.11216491,0.0995914,0.12555404
BAI ≥ 65% percentile,10.506849,0.11216491,0.0995914,0.12555404
BAI ≥ 65% percentile,10.509589,0.11216491,0.0995914,0.12555404
BAI ≥ 65% percentile,10.517808,0.11216491,0.0995914,0.12555404
BAI ≥ 65% percentile,10.526027,0.11279988,0.10017622,0.12623908
BAI ≥ 65% percentile,10.529774,0.113436,0.10076225,0.12692517
BAI ≥ 65% percentile,10.534247,0.113436,0.10076225,0.12692517
BAI ≥ 65% percentile,10.536986,0.113436,0.10076225,0.12692517
BAI ≥ 65% percentile,10.542466,0.11407326,0.1013495,0.12761232
BAI ≥ 65% percentile,10.553425,0.11407326,0.1013495,0.12761232
BAI ≥ 65% percentile,10.557153,0.11407326,0.1013495,0.12761232
BAI ≥ 65% percentile,10.564384,0.11407326,0.1013495,0.12761232
BAI ≥ 65% percentile,10.567123,0.11407326,0.1013495,0.12761232
BAI ≥ 65% percentile,10.569863,0.11407326,0.1013495,0.12761232
BAI ≥ 65% percentile,10.572603,0.11407326,0.1013495,0.12761232
BAI ≥ 65% percentile,10.586301,0.11407326,0.1013495,0.12761232
BAI ≥ 65% percentile,10.589041,0.11407326,0.1013495,0.12761232
BAI ≥ 65% percentile,10.594521,0.11407326,0.1013495,0.12761232
BAI ≥ 65% percentile,10.59726,0.11407326,0.1013495,0.12761232
BAI ≥ 65% percentile,10.60274,0.11407326,0.1013495,0.12761232
BAI ≥ 65% percentile,10.605479,0.11407326,0.1013495,0.12761232
BAI ≥ 65% percentile,10.608219,0.11407326,0.1013495,0.12761232
BAI ≥ 65% percentile,10.616438,0.11407326,0.1013495,0.12761232
BAI ≥ 65% percentile,10.617385,0.11407326,0.1013495,0.12761232
BAI ≥ 65% percentile,10.619178,0.11407326,0.1013495,0.12761232
BAI ≥ 65% percentile,10.624658,0.11472046,0.10194528,0.12831088
BAI ≥ 65% percentile,10.625599,0.11536826,0.10254183,0.12900983
BAI ≥ 65% percentile,10.635616,0.11536826,0.10254183,0.12900983
BAI ≥ 65% percentile,10.643836,0.11536826,0.10254183,0.12900983
BAI ≥ 65% percentile,10.646575,0.11601725,0.10313963,0.12970989
BAI ≥ 65% percentile,10.647502,0.11601725,0.10313963,0.12970989
BAI ≥ 65% percentile,10.657534,0.11601725,0.10313963,0.12970989
BAI ≥ 65% percentile,10.660274,0.11601725,0.10313963,0.12970989
BAI ≥ 65% percentile,10.663014,0.11601725,0.10313963,0.12970989
BAI ≥ 65% percentile,10.665753,0.11601725,0.10313963,0.12970989
BAI ≥ 65% percentile,10.673973,0.11601725,0.10313963,0.12970989
BAI ≥ 65% percentile,10.677618,0.11601725,0.10313963,0.12970989
BAI ≥ 65% percentile,10.679452,0.11601725,0.10313963,0.12970989
BAI ≥ 65% percentile,10.680356,0.11601725,0.10313963,0.12970989
BAI ≥ 65% percentile,10.683094,0.11667108,0.10374174,0.13041535
BAI ≥ 65% percentile,10.684932,0.11732491,0.10434412,0.13112051
BAI ≥ 65% percentile,10.685832,0.11732491,0.10434412,0.13112051
BAI ≥ 65% percentile,10.688569,0.11732491,0.10434412,0.13112051
BAI ≥ 65% percentile,10.690411,0.11732491,0.10434412,0.13112051
BAI ≥ 65% percentile,10.69589,0.11732491,0.10434412,0.13112051
BAI ≥ 65% percentile,10.69863,0.11732491,0.10434412,0.13112051
BAI ≥ 65% percentile,10.70411,0.11732491,0.10434412,0.13112051
BAI ≥ 65% percentile,10.709589,0.11798183,0.10494934,0.13182899
BAI ≥ 65% percentile,10.712329,0.11798183,0.10494934,0.13182899
BAI ≥ 65% percentile,10.715068,0.11798183,0.10494934,0.13182899
BAI ≥ 65% percentile,10.717808,0.11798183,0.10494934,0.13182899
BAI ≥ 65% percentile,10.720548,0.11798183,0.10494934,0.13182899
BAI ≥ 65% percentile,10.721424,0.11864124,0.1055569,0.1325401
BAI ≥ 65% percentile,10.723288,0.11864124,0.1055569,0.1325401
BAI ≥ 65% percentile,10.726027,0.11864124,0.1055569,0.1325401
BAI ≥ 65% percentile,10.728767,0.11864124,0.1055569,0.1325401
BAI ≥ 65% percentile,10.734247,0.11864124,0.1055569,0.1325401
BAI ≥ 65% percentile,10.736986,0.11864124,0.1055569,0.1325401
BAI ≥ 65% percentile,10.739726,0.11864124,0.1055569,0.1325401
BAI ≥ 65% percentile,10.740589,0.11930571,0.10616896,0.13325687
BAI ≥ 65% percentile,10.742466,0.11930571,0.10616896,0.13325687
BAI ≥ 65% percentile,10.745205,0.11930571,0.10616896,0.13325687
BAI ≥ 65% percentile,10.750685,0.11997082,0.10678181,0.13397407
BAI ≥ 65% percentile,10.753425,0.12063721,0.10739602,0.13469247
BAI ≥ 65% percentile,10.758904,0.12063721,0.10739602,0.13469247
BAI ≥ 65% percentile,10.761644,0.12063721,0.10739602,0.13469247
BAI ≥ 65% percentile,10.764384,0.12063721,0.10739602,0.13469247
BAI ≥ 65% percentile,10.769863,0.12063721,0.10739602,0.13469247
BAI ≥ 65% percentile,10.778082,0.12063721,0.10739602,0.13469247
BAI ≥ 65% percentile,10.780822,0.12063721,0.10739602,0.13469247
BAI ≥ 65% percentile,10.783562,0.12063721,0.10739602,0.13469247
BAI ≥ 65% percentile,10.786301,0.12063721,0.10739602,0.13469247
BAI ≥ 65% percentile,10.789041,0.12063721,0.10739602,0.13469247
BAI ≥ 65% percentile,10.794521,0.12063721,0.10739602,0.13469247
BAI ≥ 65% percentile,10.79726,0.12063721,0.10739602,0.13469247
BAI ≥ 65% percentile,10.8,0.12063721,0.10739602,0.13469247
BAI ≥ 65% percentile,10.80274,0.12063721,0.10739602,0.13469247
BAI ≥ 65% percentile,10.805479,0.12063721,0.10739602,0.13469247
BAI ≥ 65% percentile,10.810959,0.12063721,0.10739602,0.13469247
BAI ≥ 65% percentile,10.813699,0.12063721,0.10739602,0.13469247
BAI ≥ 65% percentile,10.816438,0.12131742,0.108022,0.13542685
BAI ≥ 65% percentile,10.819178,0.12131742,0.108022,0.13542685
BAI ≥ 65% percentile,10.821918,0.12199898,0.10864939,0.13616248
BAI ≥ 65% percentile,10.830137,0.12199898,0.10864939,0.13616248
BAI ≥ 65% percentile,10.832877,0.12268189,0.1092782,0.13689937
BAI ≥ 65% percentile,10.835616,0.12268189,0.1092782,0.13689937
BAI ≥ 65% percentile,10.838356,0.12268189,0.1092782,0.13689937
BAI ≥ 65% percentile,10.843836,0.12268189,0.1092782,0.13689937
BAI ≥ 65% percentile,10.846575,0.12268189,0.1092782,0.13689937
BAI ≥ 65% percentile,10.849315,0.12268189,0.1092782,0.13689937
BAI ≥ 65% percentile,10.852055,0.12268189,0.1092782,0.13689937
BAI ≥ 65% percentile,10.854795,0.12268189,0.1092782,0.13689937
BAI ≥ 65% percentile,10.855578,0.12268189,0.1092782,0.13689937
BAI ≥ 65% percentile,10.857534,0.12268189,0.1092782,0.13689937
BAI ≥ 65% percentile,10.868493,0.12268189,0.1092782,0.13689937
BAI ≥ 65% percentile,10.871233,0.12268189,0.1092782,0.13689937
BAI ≥ 65% percentile,10.873973,0.12268189,0.1092782,0.13689937
BAI ≥ 65% percentile,10.879452,0.12268189,0.1092782,0.13689937
BAI ≥ 65% percentile,10.884932,0.12338009,0.10991999,0.13765399
BAI ≥ 65% percentile,10.887671,0.12338009,0.10991999,0.13765399
BAI ≥ 65% percentile,10.890411,0.12407971,0.11056328,0.13840993
BAI ≥ 65% percentile,10.893151,0.12407971,0.11056328,0.13840993
BAI ≥ 65% percentile,10.89863,0.12407971,0.11056328,0.13840993
BAI ≥ 65% percentile,10.90411,0.12407971,0.11056328,0.13840993
BAI ≥ 65% percentile,10.906849,0.1247844,0.11121107,0.13917149
BAI ≥ 65% percentile,10.909589,0.12548908,0.11185918,0.1399327
BAI ≥ 65% percentile,10.912329,0.12548908,0.11185918,0.1399327
BAI ≥ 65% percentile,10.923288,0.12548908,0.11185918,0.1399327
BAI ≥ 65% percentile,10.926027,0.12548908,0.11185918,0.1399327
BAI ≥ 65% percentile,10.928767,0.12548908,0.11185918,0.1399327
BAI ≥ 65% percentile,10.934247,0.12619889,0.11251186,0.14069961
BAI ≥ 65% percentile,10.936986,0.12619889,0.11251186,0.14069961
BAI ≥ 65% percentile,10.942466,0.12619889,0.11251186,0.14069961
BAI ≥ 65% percentile,10.953425,0.12619889,0.11251186,0.14069961
BAI ≥ 65% percentile,10.956164,0.12619889,0.11251186,0.14069961
BAI ≥ 65% percentile,10.956879,0.12619889,0.11251186,0.14069961
BAI ≥ 65% percentile,10.964384,0.12619889,0.11251186,0.14069961
BAI ≥ 65% percentile,10.967123,0.12619889,0.11251186,0.14069961
BAI ≥ 65% percentile,10.969863,0.12619889,0.11251186,0.14069961
BAI ≥ 65% percentile,10.978082,0.12619889,0.11251186,0.14069961
BAI ≥ 65% percentile,10.986301,0.12619889,0.11251186,0.14069961
BAI ≥ 65% percentile,10.989041,0.12619889,0.11251186,0.14069961
BAI ≥ 65% percentile,10.991781,0.12619889,0.11251186,0.14069961
BAI ≥ 65% percentile,10.99726,0.12619889,0.11251186,0.14069961
BAI ≥ 65% percentile,11.0,0.12619889,0.11251186,0.14069961
BAI ≥ 65% percentile,11.005479,0.12619889,0.11251186,0.14069961
BAI ≥ 65% percentile,11.008219,0.12619889,0.11251186,0.14069961
BAI ≥ 65% percentile,11.010959,0.12619889,0.11251186,0.14069961
BAI ≥ 65% percentile,11.016438,0.12619889,0.11251186,0.14069961
BAI ≥ 65% percentile,11.021918,0.12619889,0.11251186,0.14069961
BAI ≥ 65% percentile,11.030137,0.12619889,0.11251186,0.14069961
BAI ≥ 65% percentile,11.046575,0.12619889,0.11251186,0.14069961
BAI ≥ 65% percentile,11.052055,0.12619889,0.11251186,0.14069961
BAI ≥ 65% percentile,11.060274,0.12619889,0.11251186,0.14069961
BAI ≥ 65% percentile,11.063014,0.12619889,0.11251186,0.14069961
BAI ≥ 65% percentile,11.063655,0.12619889,0.11251186,0.14069961
BAI ≥ 65% percentile,11.065753,0.12619889,0.11251186,0.14069961
BAI ≥ 65% percentile,11.073973,0.12619889,0.11251186,0.14069961
BAI ≥ 65% percentile,11.076712,0.12619889,0.11251186,0.14069961
BAI ≥ 65% percentile,11.082192,0.12619889,0.11251186,0.14069961
BAI ≥ 65% percentile,11.084932,0.12619889,0.11251186,0.14069961
BAI ≥ 65% percentile,11.087671,0.12619889,0.11251186,0.14069961
BAI ≥ 65% percentile,11.09863,0.12619889,0.11251186,0.14069961
BAI ≥ 65% percentile,11.101985,0.12619889,0.11251186,0.14069961
BAI ≥ 65% percentile,11.10411,0.12619889,0.11251186,0.14069961
BAI ≥ 65% percentile,11.109589,0.12619889,0.11251186,0.14069961
BAI ≥ 65% percentile,11.120548,0.12619889,0.11251186,0.14069961
BAI ≥ 65% percentile,11.123288,0.12619889,0.11251186,0.14069961
BAI ≥ 65% percentile,11.126027,0.12694134,0.11319179,0.14150486
BAI ≥ 65% percentile,11.128767,0.12694134,0.11319179,0.14150486
BAI ≥ 65% percentile,11.139726,0.12694134,0.11319179,0.14150486
BAI ≥ 65% percentile,11.142466,0.12694134,0.11319179,0.14150486
BAI ≥ 65% percentile,11.145205,0.1276879,0.11387547,0.14231458
BAI ≥ 65% percentile,11.147945,0.12843529,0.11456022,0.14312486
BAI ≥ 65% percentile,11.150685,0.12918352,0.11524603,0.14393569
BAI ≥ 65% percentile,11.153425,0.12918352,0.11524603,0.14393569
BAI ≥ 65% percentile,11.158904,0.12918352,0.11524603,0.14393569
BAI ≥ 65% percentile,11.161644,0.12918352,0.11524603,0.14393569
BAI ≥ 65% percentile,11.164384,0.12918352,0.11524603,0.14393569
BAI ≥ 65% percentile,11.172603,0.12918352,0.11524603,0.14393569
BAI ≥ 65% percentile,11.175342,0.12918352,0.11524603,0.14393569
BAI ≥ 65% percentile,11.178082,0.12918352,0.11524603,0.14393569
BAI ≥ 65% percentile,11.180822,0.12918352,0.11524603,0.14393569
BAI ≥ 65% percentile,11.183562,0.12918352,0.11524603,0.14393569
BAI ≥ 65% percentile,11.189041,0.12918352,0.11524603,0.14393569
BAI ≥ 65% percentile,11.194521,0.12918352,0.11524603,0.14393569
BAI ≥ 65% percentile,11.2,0.12918352,0.11524603,0.14393569
BAI ≥ 65% percentile,11.20274,0.12918352,0.11524603,0.14393569
BAI ≥ 65% percentile,11.210959,0.12994535,0.11594339,0.14476229
BAI ≥ 65% percentile,11.213699,0.12994535,0.11594339,0.14476229
BAI ≥ 65% percentile,11.216438,0.12994535,0.11594339,0.14476229
BAI ≥ 65% percentile,11.219178,0.12994535,0.11594339,0.14476229
BAI ≥ 65% percentile,11.221918,0.12994535,0.11594339,0.14476229
BAI ≥ 65% percentile,11.224658,0.12994535,0.11594339,0.14476229
BAI ≥ 65% percentile,11.232877,0.12994535,0.11594339,0.14476229
BAI ≥ 65% percentile,11.235616,0.12994535,0.11594339,0.14476229
BAI ≥ 65% percentile,11.238356,0.13071685,0.11664908,0.14559997
BAI ≥ 65% percentile,11.241096,0.13071685,0.11664908,0.14559997
BAI ≥ 65% percentile,11.243836,0.13071685,0.11664908,0.14559997
BAI ≥ 65% percentile,11.246575,0.13071685,0.11664908,0.14559997
BAI ≥ 65% percentile,11.252567,0.13071685,0.11664908,0.14559997
BAI ≥ 65% percentile,11.254795,0.13071685,0.11664908,0.14559997
BAI ≥ 65% percentile,11.265753,0.13071685,0.11664908,0.14559997
BAI ≥ 65% percentile,11.271233,0.13071685,0.11664908,0.14559997
BAI ≥ 65% percentile,11.276712,0.13071685,0.11664908,0.14559997
BAI ≥ 65% percentile,11.279452,0.13071685,0.11664908,0.14559997
BAI ≥ 65% percentile,11.282192,0.13071685,0.11664908,0.14559997
BAI ≥ 65% percentile,11.293151,0.13071685,0.11664908,0.14559997
BAI ≥ 65% percentile,11.29589,0.13071685,0.11664908,0.14559997
BAI ≥ 65% percentile,11.29863,0.13071685,0.11664908,0.14559997
BAI ≥ 65% percentile,11.312329,0.13150572,0.11736936,0.14645791
BAI ≥ 65% percentile,11.317808,0.13229458,0.11809008,0.14731534
BAI ≥ 65% percentile,11.318275,0.13308344,0.11881124,0.14817228
BAI ≥ 65% percentile,11.326027,0.13387231,0.11953283,0.14902871
BAI ≥ 65% percentile,11.334247,0.13466117,0.12025484,0.14988466
BAI ≥ 65% percentile,11.345205,0.13466117,0.12025484,0.14988466
BAI ≥ 65% percentile,11.356164,0.13545192,0.12097882,0.15074238
BAI ≥ 65% percentile,11.358904,0.13545192,0.12097882,0.15074238
BAI ≥ 65% percentile,11.369863,0.13545192,0.12097882,0.15074238
BAI ≥ 65% percentile,11.389459,0.13624361,0.12170399,0.15160075
BAI ≥ 65% percentile,11.392197,0.1370353,0.12242958,0.15245864
BAI ≥ 65% percentile,11.394521,0.137827,0.12315557,0.15331606
BAI ≥ 65% percentile,11.39726,0.137827,0.12315557,0.15331606
BAI ≥ 65% percentile,11.405479,0.137827,0.12315557,0.15331606
BAI ≥ 65% percentile,11.408219,0.137827,0.12315557,0.15331606
BAI ≥ 65% percentile,11.4141,0.137827,0.12315557,0.15331606
BAI ≥ 65% percentile,11.421918,0.137827,0.12315557,0.15331606
BAI ≥ 65% percentile,11.424658,0.137827,0.12315557,0.15331606
BAI ≥ 65% percentile,11.427397,0.137827,0.12315557,0.15331606
BAI ≥ 65% percentile,11.449315,0.137827,0.12315557,0.15331606
BAI ≥ 65% percentile,11.463014,0.137827,0.12315557,0.15331606
BAI ≥ 65% percentile,11.468493,0.137827,0.12315557,0.15331606
BAI ≥ 65% percentile,11.471233,0.137827,0.12315557,0.15331606
BAI ≥ 65% percentile,11.476712,0.137827,0.12315557,0.15331606
BAI ≥ 65% percentile,11.479452,0.137827,0.12315557,0.15331606
BAI ≥ 65% percentile,11.49589,0.137827,0.12315557,0.15331606
BAI ≥ 65% percentile,11.509589,0.13863328,0.12389395,0.15419037
BAI ≥ 65% percentile,11.517808,0.13863328,0.12389395,0.15419037
BAI ≥ 65% percentile,11.523288,0.13863328,0.12389395,0.15419037
BAI ≥ 65% percentile,11.528767,0.13863328,0.12389395,0.15419037
BAI ≥ 65% percentile,11.531507,0.13944154,0.12463438,0.15506656
BAI ≥ 65% percentile,11.542466,0.13944154,0.12463438,0.15506656
BAI ≥ 65% percentile,11.547945,0.13944154,0.12463438,0.15506656
BAI ≥ 65% percentile,11.556164,0.13944154,0.12463438,0.15506656
BAI ≥ 65% percentile,11.561644,0.13944154,0.12463438,0.15506656
BAI ≥ 65% percentile,11.564384,0.13944154,0.12463438,0.15506656
BAI ≥ 65% percentile,11.567123,0.13944154,0.12463438,0.15506656
BAI ≥ 65% percentile,11.578371,0.14025586,0.1253802,0.15594946
BAI ≥ 65% percentile,11.586301,0.14025586,0.1253802,0.15594946
BAI ≥ 65% percentile,11.589322,0.14025586,0.1253802,0.15594946
BAI ≥ 65% percentile,11.591781,0.14025586,0.1253802,0.15594946
BAI ≥ 65% percentile,11.59726,0.14025586,0.1253802,0.15594946
BAI ≥ 65% percentile,11.619178,0.14025586,0.1253802,0.15594946
BAI ≥ 65% percentile,11.621918,0.14025586,0.1253802,0.15594946
BAI ≥ 65% percentile,11.638604,0.14025586,0.1253802,0.15594946
BAI ≥ 65% percentile,11.649315,0.14025586,0.1253802,0.15594946
BAI ≥ 65% percentile,11.679452,0.14025586,0.1253802,0.15594946
BAI ≥ 65% percentile,11.682409,0.14107636,0.12613153,0.15683923
BAI ≥ 65% percentile,11.684932,0.14107636,0.12613153,0.15683923
BAI ≥ 65% percentile,11.687671,0.14107636,0.12613153,0.15683923
BAI ≥ 65% percentile,11.687885,0.14107636,0.12613153,0.15683923
BAI ≥ 65% percentile,11.715068,0.14107636,0.12613153,0.15683923
BAI ≥ 65% percentile,11.717808,0.14107636,0.12613153,0.15683923
BAI ≥ 65% percentile,11.726215,0.14107636,0.12613153,0.15683923
BAI ≥ 65% percentile,11.750685,0.14107636,0.12613153,0.15683923
BAI ≥ 65% percentile,11.753425,0.14189999,0.12688586,0.15773224
BAI ≥ 65% percentile,11.756164,0.14189999,0.12688586,0.15773224
BAI ≥ 65% percentile,11.769863,0.14189999,0.12688586,0.15773224
BAI ≥ 65% percentile,11.778234,0.14272681,0.12764325,0.15862852
BAI ≥ 65% percentile,11.780822,0.14272681,0.12764325,0.15862852
BAI ≥ 65% percentile,11.791781,0.14272681,0.12764325,0.15862852
BAI ≥ 65% percentile,11.810959,0.14355469,0.12840195,0.15952557
BAI ≥ 65% percentile,11.816438,0.14355469,0.12840195,0.15952557
BAI ≥ 65% percentile,11.821918,0.14355469,0.12840195,0.15952557
BAI ≥ 65% percentile,11.82204,0.14355469,0.12840195,0.15952557
BAI ≥ 65% percentile,11.824658,0.14355469,0.12840195,0.15952557
BAI ≥ 65% percentile,11.860274,0.14355469,0.12840195,0.15952557
BAI ≥ 65% percentile,11.879452,0.14355469,0.12840195,0.15952557
BAI ≥ 65% percentile,11.890486,0.14355469,0.12840195,0.15952557
BAI ≥ 65% percentile,11.8987,0.14355469,0.12840195,0.15952557
BAI ≥ 65% percentile,11.920548,0.14355469,0.12840195,0.15952557
BAI ≥ 65% percentile,11.920602,0.14438581,0.12916375,0.16042597
BAI ≥ 65% percentile,11.926078,0.14438581,0.12916375,0.16042597
BAI ≥ 65% percentile,11.939767,0.14438581,0.12916375,0.16042597
BAI ≥ 65% percentile,11.942466,0.14438581,0.12916375,0.16042597
BAI ≥ 65% percentile,11.945205,0.14438581,0.12916375,0.16042597
BAI ≥ 65% percentile,11.958904,0.14521913,0.1299278,0.16132848
BAI ≥ 65% percentile,11.980822,0.14605244,0.13069228,0.16223048
BAI ≥ 65% percentile,11.994521,0.14688576,0.1314572,0.16313198
BAI ≥ 65% percentile,11.99726,0.14688576,0.1314572,0.16313198
BAI ≥ 65% percentile,12.013699,0.14688576,0.1314572,0.16313198
BAI ≥ 65% percentile,12.016427,0.14772128,0.13222437,0.16403562
BAI ≥ 65% percentile,12.021918,0.14772128,0.13222437,0.16403562
BAI ≥ 65% percentile,12.032854,0.14772128,0.13222437,0.16403562
BAI ≥ 65% percentile,12.038356,0.14772128,0.13222437,0.16403562
BAI ≥ 65% percentile,12.046575,0.14772128,0.13222437,0.16403562
BAI ≥ 65% percentile,12.057495,0.14772128,0.13222437,0.16403562
BAI ≥ 65% percentile,12.087671,0.14772128,0.13222437,0.16403562
BAI ≥ 65% percentile,12.09863,0.14772128,0.13222437,0.16403562
BAI ≥ 65% percentile,12.153425,0.14772128,0.13222437,0.16403562
BAI ≥ 65% percentile,12.375086,0.14772128,0.13222437,0.16403562
BAI ≥ 65% percentile,12.383299,0.14772128,0.13222437,0.16403562
BAI ≥ 65% percentile,12.388775,0.14856017,0.13299473,0.16494276
BAI ≥ 65% percentile,12.427105,0.14939906,0.13376553,0.16584942
BAI ≥ 65% percentile,12.457221,0.14939906,0.13376553,0.16584942
BAI ≥ 65% percentile,12.468172,0.14939906,0.13376553,0.16584942
BAI ≥ 65% percentile,12.4846,0.14939906,0.13376553,0.16584942
BAI ≥ 65% percentile,12.528405,0.14939906,0.13376553,0.16584942
BAI ≥ 65% percentile,12.550308,0.15023795,0.13453675,0.16675558
BAI ≥ 65% percentile,12.563997,0.15107684,0.13530839,0.16766128
BAI ≥ 65% percentile,12.692676,0.15107684,0.13530839,0.16766128
BAI ≥ 65% percentile,12.70089,0.15107684,0.13530839,0.16766128
BAI ≥ 65% percentile,12.720055,0.15107684,0.13530839,0.16766128
BAI ≥ 65% percentile,12.889802,0.15191573,0.13608044,0.1685665
BAI ≥ 65% percentile,12.928131,0.15191573,0.13608044,0.1685665
BAI ≥ 65% percentile,12.996578,0.15191573,0.13608044,0.1685665
BAI ≥ 65% percentile,13.002053,0.15191573,0.13608044,0.1685665
BAI ≥ 65% percentile,13.010267,0.15275462,0.13685291,0.16947125
BAI ≥ 65% percentile,13.03217,0.15275462,0.13685291,0.16947125
BAI ≥ 65% percentile,13.092402,0.15275462,0.13685291,0.16947125
BAI ≥ 65% percentile,13.09514,0.15275462,0.13685291,0.16947125
BAI ≥ 65% percentile,13.141684,0.15275462,0.13685291,0.16947125
BAI ≥ 65% percentile,13.149897,0.15275462,0.13685291,0.16947125
BAI ≥ 65% percentile,13.289528,0.15275462,0.13685291,0.16947125
BAI ≥ 65% percentile,13.297741,0.15359351,0.13762578,0.17037555
BAI ≥ 65% percentile,13.32512,0.15359351,0.13762578,0.17037555
BAI ≥ 65% percentile,13.355236,0.15443241,0.13839904,0.17127939
BAI ≥ 65% percentile,13.415469,0.15443241,0.13839904,0.17127939
BAI ≥ 65% percentile,13.44011,0.15443241,0.13839904,0.17127939
BAI ≥ 65% percentile,13.459274,0.15527247,0.13917368,0.17218417
BAI ≥ 65% percentile,13.494867,0.15611254,0.13994872,0.1730885
BAI ≥ 65% percentile,13.585216,0.15611254,0.13994872,0.1730885
BAI ≥ 65% percentile,13.587953,0.15611254,0.13994872,0.1730885
BAI ≥ 65% percentile,13.590691,0.15611254,0.13994872,0.1730885
BAI ≥ 65% percentile,13.598905,0.1569526,0.14072414,0.1739924
BAI ≥ 65% percentile,13.604381,0.1569526,0.14072414,0.1739924
BAI ≥ 65% percentile,13.700205,0.1569526,0.14072414,0.1739924
BAI ≥ 65% percentile,13.702943,0.1569526,0.14072414,0.1739924
BAI ≥ 65% percentile,13.713895,0.1569526,0.14072414,0.1739924
BAI ≥ 65% percentile,13.7577,0.1569526,0.14072414,0.1739924
BAI ≥ 65% percentile,13.779603,0.1569526,0.14072414,0.1739924
BAI ≥ 65% percentile,13.79603,0.15779386,0.14150093,0.17489726
BAI ≥ 65% percentile,13.867214,0.15779386,0.14150093,0.17489726
BAI ≥ 65% percentile,13.894593,0.15779386,0.14150093,0.17489726
BAI ≥ 65% percentile,14.009582,0.15779386,0.14150093,0.17489726
BAI ≥ 65% percentile,14.091718,0.15779386,0.14150093,0.17489726
BAI ≥ 65% percentile,14.097194,0.15863632,0.14227911,0.1758031
BAI ≥ 65% percentile,14.102669,0.15863632,0.14227911,0.1758031
BAI ≥ 65% percentile,14.105407,0.15863632,0.14227911,0.1758031
BAI ≥ 65% percentile,14.146475,0.15863632,0.14227911,0.1758031
BAI ≥ 65% percentile,14.176591,0.15947878,0.14305767,0.17670852
BAI ≥ 65% percentile,14.179329,0.15947878,0.14305767,0.17670852
BAI ≥ 65% percentile,14.187543,0.15947878,0.14305767,0.17670852
BAI ≥ 65% percentile,14.198494,0.15947878,0.14305767,0.17670852
BAI ≥ 65% percentile,14.206708,0.15947878,0.14305767,0.17670852
BAI ≥ 65% percentile,14.234086,0.15947878,0.14305767,0.17670852
BAI ≥ 65% percentile,14.261465,0.1603237,0.14383866,0.1776164
BAI ≥ 65% percentile,14.264203,0.1603237,0.14383866,0.1776164
BAI ≥ 65% percentile,14.310746,0.16116862,0.14462002,0.17852385
BAI ≥ 65% percentile,14.329911,0.16116862,0.14462002,0.17852385
BAI ≥ 65% percentile,14.395619,0.16201354,0.14540175,0.17943088
BAI ≥ 65% percentile,14.398357,0.16201354,0.14540175,0.17943088
BAI ≥ 65% percentile,14.401095,0.16201354,0.14540175,0.17943088
BAI ≥ 65% percentile,14.433949,0.16201354,0.14540175,0.17943088
BAI ≥ 65% percentile,14.540726,0.16201354,0.14540175,0.17943088
BAI ≥ 65% percentile,14.554415,0.16201354,0.14540175,0.17943088
BAI ≥ 65% percentile,14.57358,0.16201354,0.14540175,0.17943088
BAI ≥ 65% percentile,14.633812,0.16286095,0.14618594,0.18034042
BAI ≥ 65% percentile,14.652977,0.16370837,0.1469705,0.18124955
BAI ≥ 65% percentile,14.666667,0.16370837,0.1469705,0.18124955
BAI ≥ 65% percentile,14.67488,0.16370837,0.1469705,0.18124955
BAI ≥ 65% percentile,14.702259,0.16370837,0.1469705,0.18124955
BAI ≥ 65% percentile,14.707734,0.16370837,0.1469705,0.18124955
BAI ≥ 65% percentile,14.75154,0.16370837,0.1469705,0.18124955
BAI ≥ 65% percentile,14.773443,0.16370837,0.1469705,0.18124955
BAI ≥ 65% percentile,14.809035,0.16370837,0.1469705,0.18124955
BAI ≥ 65% percentile,14.814511,0.16370837,0.1469705,0.18124955
BAI ≥ 65% percentile,14.874743,0.1645596,0.14775861,0.18216275
BAI ≥ 65% percentile,14.885695,0.16541084,0.1485471,0.18307553
BAI ≥ 65% percentile,14.921287,0.16541084,0.1485471,0.18307553
BAI ≥ 65% percentile,14.940452,0.16541084,0.1485471,0.18307553
BAI ≥ 65% percentile,14.945927,0.16541084,0.1485471,0.18307553
BAI ≥ 65% percentile,14.956879,0.16541084,0.1485471,0.18307553
BAI ≥ 65% percentile,14.986995,0.16626726,0.14934028,0.18399397
BAI ≥ 65% percentile,15.017112,0.16626726,0.14934028,0.18399397
BAI ≥ 65% percentile,15.019849,0.16626726,0.14934028,0.18399397
BAI ≥ 65% percentile,15.036277,0.16626726,0.14934028,0.18399397
BAI ≥ 65% percentile,15.041752,0.16626726,0.14934028,0.18399397
BAI ≥ 65% percentile,15.04449,0.16626726,0.14934028,0.18399397
BAI ≥ 65% percentile,15.132101,0.1671263,0.15013603,0.18491507
BAI ≥ 65% percentile,15.148528,0.16798535,0.15093215,0.18583575
BAI ≥ 65% percentile,15.178645,0.16798535,0.15093215,0.18583575
BAI ≥ 65% percentile,15.18412,0.16884439,0.15172863,0.18675602
BAI ≥ 65% percentile,15.206023,0.16884439,0.15172863,0.18675602
BAI ≥ 65% percentile,15.247091,0.16970477,0.15252659,0.18767744
BAI ≥ 65% percentile,15.268994,0.16970477,0.15252659,0.18767744
BAI ≥ 65% percentile,15.315537,0.17056515,0.15332492,0.18859845
BAI ≥ 65% percentile,15.318275,0.17142552,0.1541236,0.18951907
BAI ≥ 65% percentile,15.345654,0.17314628,0.15572203,0.19135911
BAI ≥ 65% percentile,15.367556,0.17314628,0.15572203,0.19135911
BAI ≥ 65% percentile,15.394935,0.17314628,0.15572203,0.19135911
BAI ≥ 65% percentile,15.405886,0.17400801,0.1565229,0.19228012
BAI ≥ 65% percentile,15.482546,0.17486973,0.15732411,0.19320074
BAI ≥ 65% percentile,15.488022,0.17486973,0.15732411,0.19320074
BAI ≥ 65% percentile,15.507187,0.17573146,0.15812567,0.19412098
BAI ≥ 65% percentile,15.520876,0.17573146,0.15812567,0.19412098
BAI ≥ 65% percentile,15.540041,0.17659319,0.15892757,0.19504084
BAI ≥ 65% percentile,15.578371,0.17659319,0.15892757,0.19504084
BAI ≥ 65% percentile,15.622177,0.17745629,0.15973096,0.19596192
BAI ≥ 65% percentile,15.624914,0.17831938,0.16053469,0.19688262
BAI ≥ 65% percentile,15.679671,0.17831938,0.16053469,0.19688262
BAI ≥ 65% percentile,15.682409,0.17831938,0.16053469,0.19688262
BAI ≥ 65% percentile,15.709788,0.17831938,0.16053469,0.19688262
BAI ≥ 65% percentile,15.726215,0.17831938,0.16053469,0.19688262
BAI ≥ 65% percentile,15.811088,0.17831938,0.16053469,0.19688262
BAI ≥ 65% percentile,15.816564,0.17918387,0.16133992,0.19780457
BAI ≥ 65% percentile,15.852156,0.18004835,0.16214548,0.19872614
BAI ≥ 65% percentile,15.857632,0.18004835,0.16214548,0.19872614
BAI ≥ 65% percentile,15.904175,0.18004835,0.16214548,0.19872614
BAI ≥ 65% percentile,15.928816,0.18004835,0.16214548,0.19872614
BAI ≥ 65% percentile,15.958932,0.18091423,0.16295255,0.19964897
BAI ≥ 65% percentile,15.964408,0.18178011,0.16375994,0.20057144
BAI ≥ 65% percentile,15.986311,0.18264599,0.16456767,0.20149355
BAI ≥ 65% percentile,16.0,0.18351187,0.16537571,0.2024153
BAI ≥ 65% percentile,16.002738,0.18437776,0.16618407,0.20333669
BAI ≥ 65% percentile,16.021903,0.18524364,0.16699275,0.20425774
BAI ≥ 65% percentile,16.027379,0.18524364,0.16699275,0.20425774
BAI ≥ 65% percentile,16.035592,0.18524364,0.16699275,0.20425774
BAI ≥ 65% percentile,16.087611,0.18697824,0.16861346,0.20610207
BAI ≥ 65% percentile,16.112252,0.18697824,0.16861346,0.20610207
BAI ≥ 65% percentile,16.134155,0.18697824,0.16861346,0.20610207
BAI ≥ 65% percentile,16.158795,0.18784841,0.16942672,0.20702703
BAI ≥ 65% percentile,16.208077,0.18871858,0.17024029,0.20795165
BAI ≥ 65% percentile,16.227242,0.18958874,0.17105416,0.20887592
BAI ≥ 65% percentile,16.265572,0.18958874,0.17105416,0.20887592
BAI ≥ 65% percentile,16.276523,0.18958874,0.17105416,0.20887592
BAI ≥ 65% percentile,16.279261,0.18958874,0.17105416,0.20887592
BAI ≥ 65% percentile,16.281999,0.18958874,0.17105416,0.20887592
BAI ≥ 65% percentile,16.290212,0.18958874,0.17105416,0.20887592
BAI ≥ 65% percentile,16.29295,0.18958874,0.17105416,0.20887592
BAI ≥ 65% percentile,16.303901,0.19046182,0.17187082,0.20980322
BAI ≥ 65% percentile,16.339493,0.1913349,0.17268779,0.21073017
BAI ≥ 65% percentile,16.36961,0.1913349,0.17268779,0.21073017
BAI ≥ 65% percentile,16.459959,0.1913349,0.17268779,0.21073017
BAI ≥ 65% percentile,16.520192,0.19220798,0.17350507,0.21165679
BAI ≥ 65% percentile,16.531143,0.19220798,0.17350507,0.21165679
BAI ≥ 65% percentile,16.555784,0.19308254,0.1743239,0.21258478
BAI ≥ 65% percentile,16.563997,0.19308254,0.1743239,0.21258478
BAI ≥ 65% percentile,16.566735,0.19395858,0.17514431,0.21351414
BAI ≥ 65% percentile,16.577687,0.19483463,0.17596502,0.21444317
BAI ≥ 65% percentile,16.66256,0.19483463,0.17596502,0.21444317
BAI ≥ 65% percentile,16.668036,0.19571068,0.17678603,0.21537188
BAI ≥ 65% percentile,16.703628,0.19658672,0.17760734,0.21630025
BAI ≥ 65% percentile,16.722793,0.19658672,0.17760734,0.21630025
BAI ≥ 65% percentile,16.72553,0.19746277,0.17842894,0.21722831
BAI ≥ 65% percentile,16.736482,0.19746277,0.17842894,0.21722831
BAI ≥ 65% percentile,16.750171,0.19833881,0.17925083,0.21815604
BAI ≥ 65% percentile,16.755647,0.19833881,0.17925083,0.21815604
BAI ≥ 65% percentile,16.772074,0.19833881,0.17925083,0.21815604
BAI ≥ 65% percentile,16.783025,0.19921486,0.18007302,0.21908345
BAI ≥ 65% percentile,16.791239,0.19921486,0.18007302,0.21908345
BAI ≥ 65% percentile,16.824093,0.2000909,0.18089549,0.22001054
BAI ≥ 65% percentile,16.848734,0.2000909,0.18089549,0.22001054
BAI ≥ 65% percentile,16.856947,0.2000909,0.18089549,0.22001054
BAI ≥ 65% percentile,16.867899,0.20096848,0.18171956,0.22093908
BAI ≥ 65% percentile,17.01848,0.20096848,0.18171956,0.22093908
BAI ≥ 65% percentile,17.062286,0.20184606,0.18254391,0.22186731
BAI ≥ 65% percentile,17.086927,0.20184606,0.18254391,0.22186731
BAI ≥ 65% percentile,17.117043,0.20184606,0.18254391,0.22186731
BAI ≥ 65% percentile,17.136208,0.20272364,0.18336855,0.22279522
BAI ≥ 65% percentile,17.177276,0.20272364,0.18336855,0.22279522
BAI ≥ 65% percentile,17.199179,0.20272364,0.18336855,0.22279522
BAI ≥ 65% percentile,17.234771,0.20360432,0.18419614,0.2237264
BAI ≥ 65% percentile,17.24846,0.20360432,0.18419614,0.2237264
BAI ≥ 65% percentile,17.259411,0.20360432,0.18419614,0.2237264
BAI ≥ 65% percentile,17.270363,0.20360432,0.18419614,0.2237264
BAI ≥ 65% percentile,17.273101,0.20360432,0.18419614,0.2237264
BAI ≥ 65% percentile,17.305955,0.20360432,0.18419614,0.2237264
BAI ≥ 65% percentile,17.311431,0.20448658,0.18502536,0.22465905
BAI ≥ 65% percentile,17.322382,0.20448658,0.18502536,0.22465905
BAI ≥ 65% percentile,17.330595,0.20448658,0.18502536,0.22465905
BAI ≥ 65% percentile,17.336071,0.20536884,0.18585486,0.2255914
BAI ≥ 65% percentile,17.352498,0.20536884,0.18585486,0.2255914
BAI ≥ 65% percentile,17.371663,0.20536884,0.18585486,0.2255914
BAI ≥ 65% percentile,17.459274,0.20536884,0.18585486,0.2255914
BAI ≥ 65% percentile,17.483915,0.20536884,0.18585486,0.2255914
BAI ≥ 65% percentile,17.54141,0.20536884,0.18585486,0.2255914
BAI ≥ 65% percentile,17.546886,0.20536884,0.18585486,0.2255914
BAI ≥ 65% percentile,17.560575,0.20536884,0.18585486,0.2255914
BAI ≥ 65% percentile,17.598905,0.20536884,0.18585486,0.2255914
BAI ≥ 65% percentile,17.620808,0.20536884,0.18585486,0.2255914
BAI ≥ 65% percentile,17.667351,0.20625271,0.18668603,0.22652529
BAI ≥ 65% percentile,17.672827,0.20713658,0.18751747,0.22745888
BAI ≥ 65% percentile,17.689254,0.20713658,0.18751747,0.22745888
BAI ≥ 65% percentile,17.69473,0.20802208,0.1883506,0.22839402
BAI ≥ 65% percentile,17.867214,0.20802208,0.1883506,0.22839402
BAI ≥ 65% percentile,17.891855,0.20890923,0.18918542,0.22933073
BAI ≥ 65% percentile,17.943874,0.20979637,0.19002052,0.23026714
BAI ≥ 65% percentile,17.954825,0.20979637,0.19002052,0.23026714
BAI ≥ 65% percentile,18.083504,0.20979637,0.19002052,0.23026714
BAI ≥ 65% percentile,18.116359,0.20979637,0.19002052,0.23026714
BAI ≥ 65% percentile,18.119097,0.20979637,0.19002052,0.23026714
BAI ≥ 65% percentile,18.124572,0.21068517,0.19085731,0.23120513
BAI ≥ 65% percentile,18.151951,0.21068517,0.19085731,0.23120513
BAI ≥ 65% percentile,18.157426,0.21157397,0.19169439,0.23214283
BAI ≥ 65% percentile,18.193018,0.21246276,0.19253174,0.23308022
BAI ≥ 65% percentile,18.214921,0.21335156,0.19336937,0.23401731
BAI ≥ 65% percentile,18.26694,0.21424036,0.19420726,0.23495411
BAI ≥ 65% percentile,18.275154,0.21424036,0.19420726,0.23495411
BAI ≥ 65% percentile,18.297057,0.21424036,0.19420726,0.23495411
BAI ≥ 65% percentile,18.299795,0.21512916,0.19504543,0.23589061
BAI ≥ 65% percentile,18.349076,0.21601795,0.19588386,0.23682683
BAI ≥ 65% percentile,18.412047,0.21601795,0.19588386,0.23682683
BAI ≥ 65% percentile,18.417522,0.21601795,0.19588386,0.23682683
BAI ≥ 65% percentile,18.453114,0.21601795,0.19588386,0.23682683
BAI ≥ 65% percentile,18.464066,0.21690846,0.19672404,0.2377647
BAI ≥ 65% percentile,18.502396,0.21779896,0.19756448,0.23870227
BAI ≥ 65% percentile,18.513347,0.21779896,0.19756448,0.23870227
BAI ≥ 65% percentile,18.518823,0.21779896,0.19756448,0.23870227
BAI ≥ 65% percentile,18.551677,0.21779896,0.19756448,0.23870227
BAI ≥ 65% percentile,18.557153,0.21779896,0.19756448,0.23870227
BAI ≥ 65% percentile,18.562628,0.21779896,0.19756448,0.23870227
BAI ≥ 65% percentile,18.565366,0.21779896,0.19756448,0.23870227
BAI ≥ 65% percentile,18.71321,0.21779896,0.19756448,0.23870227
BAI ≥ 65% percentile,18.729637,0.21868947,0.19840518,0.23963956
BAI ≥ 65% percentile,18.757016,0.21957997,0.19924615,0.24057657
BAI ≥ 65% percentile,18.819986,0.21957997,0.19924615,0.24057657
BAI ≥ 65% percentile,18.841889,0.22047047,0.20008737,0.24151329
BAI ≥ 65% percentile,18.90486,0.22136098,0.20092886,0.24244974
BAI ≥ 65% percentile,18.907598,0.22225148,0.20177061,0.2433859
BAI ≥ 65% percentile,18.913073,0.22225148,0.20177061,0.2433859
BAI ≥ 65% percentile,18.924025,0.22314198,0.20261261,0.24432179
BAI ≥ 65% percentile,18.940452,0.22403249,0.20345486,0.2452574
BAI ≥ 65% percentile,18.954141,0.22492299,0.20429737,0.24619273
BAI ≥ 65% percentile,18.956879,0.22492299,0.20429737,0.24619273
BAI ≥ 65% percentile,18.986995,0.2258135,0.20514013,0.2471278
BAI ≥ 65% percentile,18.992471,0.226704,0.20598314,0.2480626
BAI ≥ 65% percentile,19.011636,0.2275945,0.2068264,0.24899713
BAI ≥ 65% percentile,19.025325,0.2275945,0.2068264,0.24899713
BAI ≥ 65% percentile,19.099247,0.22848501,0.2076699,0.24993139
BAI ≥ 65% percentile,19.110198,0.22848501,0.2076699,0.24993139
BAI ≥ 65% percentile,19.216975,0.22848501,0.2076699,0.24993139
BAI ≥ 65% percentile,19.219713,0.22848501,0.2076699,0.24993139
BAI ≥ 65% percentile,19.364819,0.22848501,0.2076699,0.24993139
BAI ≥ 65% percentile,19.400411,0.22848501,0.2076699,0.24993139
BAI ≥ 65% percentile,19.411362,0.22937731,0.20851522,0.25086743
BAI ≥ 65% percentile,19.457906,0.22937731,0.20851522,0.25086743
BAI ≥ 65% percentile,19.501711,0.23026962,0.20936078,0.25180321
BAI ≥ 65% percentile,19.504449,0.23116193,0.21020659,0.25273872
BAI ≥ 65% percentile,19.507187,0.23116193,0.21020659,0.25273872
BAI ≥ 65% percentile,19.545517,0.23205423,0.21105264,0.25367397
BAI ≥ 65% percentile,19.548255,0.23205423,0.21105264,0.25367397
BAI ≥ 65% percentile,19.597536,0.23205423,0.21105264,0.25367397
BAI ≥ 65% percentile,19.603012,0.23205423,0.21105264,0.25367397
BAI ≥ 65% percentile,19.627652,0.23294839,0.21190053,0.25461105
BAI ≥ 65% percentile,19.649555,0.23384254,0.21274867,0.25554787
BAI ≥ 65% percentile,19.671458,0.23473669,0.21359705,0.25648444
BAI ≥ 65% percentile,19.753593,0.23563085,0.21444567,0.25742074
BAI ≥ 65% percentile,19.800137,0.236525,0.21529453,0.25835679
BAI ≥ 65% percentile,19.832991,0.23741916,0.21614362,0.25929259
BAI ≥ 65% percentile,19.947981,0.23741916,0.21614362,0.25929259
BAI ≥ 65% percentile,19.969884,0.23741916,0.21614362,0.25929259
BAI ≥ 65% percentile,19.983573,0.2383152,0.2169946,0.26023026
BAI ≥ 65% percentile,19.994524,0.23921124,0.21784581,0.26116768
BAI ≥ 65% percentile,20.030116,0.24010728,0.21869726,0.26210485
BAI ≥ 65% percentile,20.032854,0.24100523,0.21955061,0.26304393
BAI ≥ 65% percentile,20.065708,0.24100523,0.21955061,0.26304393
BAI ≥ 65% percentile,20.093087,0.24190319,0.22040419,0.26398275
BAI ≥ 65% percentile,20.098563,0.24190319,0.22040419,0.26398275
BAI ≥ 65% percentile,20.1013,0.24280114,0.22125801,0.26492133
BAI ≥ 65% percentile,20.104038,0.24280114,0.22125801,0.26492133
BAI ≥ 65% percentile,20.123203,0.24280114,0.22125801,0.26492133
BAI ≥ 65% percentile,20.167009,0.24280114,0.22125801,0.26492133
BAI ≥ 65% percentile,20.172485,0.243703,0.22211548,0.26586406
BAI ≥ 65% percentile,20.221766,0.243703,0.22211548,0.26586406
BAI ≥ 65% percentile,20.224504,0.24460486,0.22297317,0.26680653
BAI ≥ 65% percentile,20.260096,0.24550672,0.2238311,0.26774876
BAI ≥ 65% percentile,20.262834,0.24550672,0.2238311,0.26774876
BAI ≥ 65% percentile,20.276523,0.2473144,0.22555113,0.26963693
BAI ≥ 65% percentile,20.290212,0.2473144,0.22555113,0.26963693
BAI ≥ 65% percentile,20.314853,0.2473144,0.22555113,0.26963693
BAI ≥ 65% percentile,20.323066,0.2473144,0.22555113,0.26963693
BAI ≥ 65% percentile,20.328542,0.2473144,0.22555113,0.26963693
BAI ≥ 65% percentile,20.372348,0.24822631,0.22641855,0.27058972
BAI ≥ 65% percentile,20.377823,0.24822631,0.22641855,0.27058972
BAI ≥ 65% percentile,20.383299,0.24822631,0.22641855,0.27058972
BAI ≥ 65% percentile,20.40794,0.24822631,0.22641855,0.27058972
BAI ≥ 65% percentile,20.413415,0.24822631,0.22641855,0.27058972
BAI ≥ 65% percentile,20.413415,0.24822631,0.22641855,0.27058972
BAI ≥ 65% percentile,20.427105,0.24822631,0.22641855,0.27058972
BAI ≥ 65% percentile,20.440794,0.24915062,0.22729704,0.27155622
BAI ≥ 65% percentile,20.451745,0.25007493,0.22817579,0.27252246
BAI ≥ 65% percentile,20.465435,0.25007493,0.22817579,0.27252246
BAI ≥ 65% percentile,20.468172,0.25007493,0.22817579,0.27252246
BAI ≥ 65% percentile,20.473648,0.25007493,0.22817579,0.27252246
BAI ≥ 65% percentile,20.50924,0.25007493,0.22817579,0.27252246
BAI ≥ 65% percentile,20.525667,0.25007493,0.22817579,0.27252246
BAI ≥ 65% percentile,20.531143,0.25007493,0.22817579,0.27252246
BAI ≥ 65% percentile,20.555784,0.25007493,0.22817579,0.27252246
BAI ≥ 65% percentile,20.574949,0.25007493,0.22817579,0.27252246
BAI ≥ 65% percentile,20.621492,0.25007493,0.22817579,0.27252246
BAI ≥ 65% percentile,20.626968,0.25102085,0.22907361,0.27351281
BAI ≥ 65% percentile,20.632444,0.25102085,0.22907361,0.27351281
BAI ≥ 65% percentile,20.635181,0.25102085,0.22907361,0.27351281
BAI ≥ 65% percentile,20.637919,0.25102085,0.22907361,0.27351281
BAI ≥ 65% percentile,20.651608,0.25102085,0.22907361,0.27351281
BAI ≥ 65% percentile,20.657084,0.251978,0.22998147,0.27451557
BAI ≥ 65% percentile,20.665298,0.251978,0.22998147,0.27451557
BAI ≥ 65% percentile,20.678987,0.251978,0.22998147,0.27451557
BAI ≥ 65% percentile,20.687201,0.251978,0.22998147,0.27451557
BAI ≥ 65% percentile,20.692676,0.251978,0.22998147,0.27451557
BAI ≥ 65% percentile,20.698152,0.251978,0.22998147,0.27451557
BAI ≥ 65% percentile,20.703628,0.251978,0.22998147,0.27451557
BAI ≥ 65% percentile,20.711841,0.251978,0.22998147,0.27451557
BAI ≥ 65% percentile,20.720055,0.251978,0.22998147,0.27451557
BAI ≥ 65% percentile,20.733744,0.251978,0.22998147,0.27451557
BAI ≥ 65% percentile,20.766598,0.251978,0.22998147,0.27451557
BAI ≥ 65% percentile,20.769336,0.251978,0.22998147,0.27451557
BAI ≥ 65% percentile,20.772074,0.251978,0.22998147,0.27451557
BAI ≥ 65% percentile,20.810404,0.251978,0.22998147,0.27451557
BAI ≥ 65% percentile,20.813142,0.251978,0.22998147,0.27451557
BAI ≥ 65% percentile,20.81588,0.251978,0.22998147,0.27451557
BAI ≥ 65% percentile,20.829569,0.25296832,0.23091834,0.27555565
BAI ≥ 65% percentile,20.832307,0.25296832,0.23091834,0.27555565
BAI ≥ 65% percentile,20.835044,0.25296832,0.23091834,0.27555565
BAI ≥ 65% percentile,20.843258,0.25296832,0.23091834,0.27555565
BAI ≥ 65% percentile,20.848734,0.25296832,0.23091834,0.27555565
BAI ≥ 65% percentile,20.848734,0.25296832,0.23091834,0.27555565
BAI ≥ 65% percentile,20.859685,0.25296832,0.23091834,0.27555565
BAI ≥ 65% percentile,20.865161,0.25296832,0.23091834,0.27555565
BAI ≥ 65% percentile,20.892539,0.25296832,0.23091834,0.27555565
BAI ≥ 65% percentile,20.922656,0.25296832,0.23091834,0.27555565
BAI ≥ 65% percentile,20.925394,0.25296832,0.23091834,0.27555565
BAI ≥ 65% percentile,20.936345,0.25296832,0.23091834,0.27555565
BAI ≥ 65% percentile,20.941821,0.25296832,0.23091834,0.27555565
BAI ≥ 65% percentile,20.944559,0.25398911,0.23188177,0.27663009
BAI ≥ 65% percentile,20.966461,0.25398911,0.23188177,0.27663009
BAI ≥ 65% percentile,20.971937,0.25398911,0.23188177,0.27663009
BAI ≥ 65% percentile,20.977413,0.25398911,0.23188177,0.27663009
BAI ≥ 65% percentile,20.985626,0.25398911,0.23188177,0.27663009
BAI ≥ 65% percentile,20.988364,0.25398911,0.23188177,0.27663009
BAI ≥ 65% percentile,21.015743,0.25398911,0.23188177,0.27663009
BAI ≥ 65% percentile,21.01848,0.25398911,0.23188177,0.27663009
BAI ≥ 65% percentile,21.023956,0.25398911,0.23188177,0.27663009
BAI ≥ 65% percentile,21.026694,0.25398911,0.23188177,0.27663009
BAI ≥ 65% percentile,21.029432,0.25398911,0.23188177,0.27663009
BAI ≥ 65% percentile,21.045859,0.25398911,0.23188177,0.27663009
BAI ≥ 65% percentile,21.062286,0.25398911,0.23188177,0.27663009
BAI ≥ 65% percentile,21.0705,0.25398911,0.23188177,0.27663009
BAI ≥ 65% percentile,21.081451,0.25398911,0.23188177,0.27663009
BAI ≥ 65% percentile,21.111567,0.25398911,0.23188177,0.27663009
BAI ≥ 65% percentile,21.114305,0.25398911,0.23188177,0.27663009
BAI ≥ 65% percentile,21.125257,0.25398911,0.23188177,0.27663009
BAI ≥ 65% percentile,21.136208,0.25506565,0.23289322,0.27776802
BAI ≥ 65% percentile,21.158111,0.25506565,0.23289322,0.27776802
BAI ≥ 65% percentile,21.1718,0.25506565,0.23289322,0.27776802
BAI ≥ 65% percentile,21.174538,0.25614811,0.23391016,0.27891227
BAI ≥ 65% percentile,21.180014,0.25614811,0.23391016,0.27891227
BAI ≥ 65% percentile,21.185489,0.25614811,0.23391016,0.27891227
BAI ≥ 65% percentile,21.204654,0.25723962,0.23493527,0.28006642
BAI ≥ 65% percentile,21.207392,0.25723962,0.23493527,0.28006642
BAI ≥ 65% percentile,21.212868,0.25723962,0.23493527,0.28006642
BAI ≥ 65% percentile,21.215606,0.25723962,0.23493527,0.28006642
BAI ≥ 65% percentile,21.221081,0.25723962,0.23493527,0.28006642
BAI ≥ 65% percentile,21.223819,0.25723962,0.23493527,0.28006642
BAI ≥ 65% percentile,21.226557,0.25834978,0.23597666,0.28124153
BAI ≥ 65% percentile,21.229295,0.25834978,0.23597666,0.28124153
BAI ≥ 65% percentile,21.232033,0.25834978,0.23597666,0.28124153
BAI ≥ 65% percentile,21.237509,0.25834978,0.23597666,0.28124153
BAI ≥ 65% percentile,21.240246,0.25834978,0.23597666,0.28124153
BAI ≥ 65% percentile,21.242984,0.25834978,0.23597666,0.28124153
BAI ≥ 65% percentile,21.245722,0.25834978,0.23597666,0.28124153
BAI ≥ 65% percentile,21.253936,0.25834978,0.23597666,0.28124153
BAI ≥ 65% percentile,21.259411,0.25834978,0.23597666,0.28124153
BAI ≥ 65% percentile,21.264887,0.25834978,0.23597666,0.28124153
BAI ≥ 65% percentile,21.273101,0.25834978,0.23597666,0.28124153
BAI ≥ 65% percentile,21.275838,0.25834978,0.23597666,0.28124153
BAI ≥ 65% percentile,21.281314,0.25834978,0.23597666,0.28124153
BAI ≥ 65% percentile,21.289528,0.25834978,0.23597666,0.28124153
BAI ≥ 65% percentile,21.295003,0.25834978,0.23597666,0.28124153
BAI ≥ 65% percentile,21.305955,0.25834978,0.23597666,0.28124153
BAI ≥ 65% percentile,21.314168,0.25834978,0.23597666,0.28124153
BAI ≥ 65% percentile,21.322382,0.25834978,0.23597666,0.28124153
BAI ≥ 65% percentile,21.32512,0.25834978,0.23597666,0.28124153
BAI ≥ 65% percentile,21.327858,0.25834978,0.23597666,0.28124153
BAI ≥ 65% percentile,21.341547,0.25834978,0.23597666,0.28124153
BAI ≥ 65% percentile,21.347023,0.25834978,0.23597666,0.28124153
BAI ≥ 65% percentile,21.352498,0.25834978,0.23597666,0.28124153
BAI ≥ 65% percentile,21.357974,0.25834978,0.23597666,0.28124153
BAI ≥ 65% percentile,21.36345,0.25834978,0.23597666,0.28124153
BAI ≥ 65% percentile,21.368925,0.25834978,0.23597666,0.28124153
BAI ≥ 65% percentile,21.368925,0.25834978,0.23597666,0.28124153
BAI ≥ 65% percentile,21.377139,0.25834978,0.23597666,0.28124153
BAI ≥ 65% percentile,21.379877,0.25834978,0.23597666,0.28124153
BAI ≥ 65% percentile,21.385352,0.25834978,0.23597666,0.28124153
BAI ≥ 65% percentile,21.390828,0.25834978,0.23597666,0.28124153
BAI ≥ 65% percentile,21.399042,0.25834978,0.23597666,0.28124153
BAI ≥ 65% percentile,21.404517,0.25834978,0.23597666,0.28124153
BAI ≥ 65% percentile,21.407255,0.25834978,0.23597666,0.28124153
BAI ≥ 65% percentile,21.412731,0.25834978,0.23597666,0.28124153
BAI ≥ 65% percentile,21.423682,0.25834978,0.23597666,0.28124153
BAI ≥ 65% percentile,21.42642,0.25834978,0.23597666,0.28124153
BAI ≥ 65% percentile,21.429158,0.25834978,0.23597666,0.28124153
BAI ≥ 65% percentile,21.434634,0.25834978,0.23597666,0.28124153
BAI ≥ 65% percentile,21.44011,0.25834978,0.23597666,0.28124153
BAI ≥ 65% percentile,21.442847,0.25834978,0.23597666,0.28124153
BAI ≥ 65% percentile,21.445585,0.25834978,0.23597666,0.28124153
BAI ≥ 65% percentile,21.448323,0.25834978,0.23597666,0.28124153
BAI ≥ 65% percentile,21.46475,0.25834978,0.23597666,0.28124153
BAI ≥ 65% percentile,21.470226,0.25834978,0.23597666,0.28124153
BAI ≥ 65% percentile,21.481177,0.25834978,0.23597666,0.28124153
BAI ≥ 65% percentile,21.483915,0.25834978,0.23597666,0.28124153
BAI ≥ 65% percentile,21.486653,0.25834978,0.23597666,0.28124153
BAI ≥ 65% percentile,21.489391,0.25967827,0.23719959,0.28267209
BAI ≥ 65% percentile,21.494867,0.25967827,0.23719959,0.28267209
BAI ≥ 65% percentile,21.500342,0.25967827,0.23719959,0.28267209
BAI ≥ 65% percentile,21.50308,0.25967827,0.23719959,0.28267209
BAI ≥ 65% percentile,21.508556,0.25967827,0.23719959,0.28267209
BAI ≥ 65% percentile,21.511294,0.25967827,0.23719959,0.28267209
BAI ≥ 65% percentile,21.522245,0.25967827,0.23719959,0.28267209
BAI ≥ 65% percentile,21.533196,0.25967827,0.23719959,0.28267209
BAI ≥ 65% percentile,21.535934,0.25967827,0.23719959,0.28267209
BAI ≥ 65% percentile,21.538672,0.25967827,0.23719959,0.28267209
BAI ≥ 65% percentile,21.54141,0.25967827,0.23719959,0.28267209
BAI ≥ 65% percentile,21.549624,0.25967827,0.23719959,0.28267209
BAI ≥ 65% percentile,21.555099,0.25967827,0.23719959,0.28267209
BAI ≥ 65% percentile,21.568789,0.25967827,0.23719959,0.28267209
BAI ≥ 65% percentile,21.574264,0.25967827,0.23719959,0.28267209
BAI ≥ 65% percentile,21.585216,0.25967827,0.23719959,0.28267209
BAI ≥ 65% percentile,21.587953,0.25967827,0.23719959,0.28267209
BAI ≥ 65% percentile,21.590691,0.26110143,0.23849978,0.28421485
BAI ≥ 65% percentile,21.604381,0.26110143,0.23849978,0.28421485
BAI ≥ 65% percentile,21.609856,0.26110143,0.23849978,0.28421485
BAI ≥ 65% percentile,21.61807,0.26253544,0.23981004,0.28576915
BAI ≥ 65% percentile,21.623546,0.26253544,0.23981004,0.28576915
BAI ≥ 65% percentile,21.637235,0.26253544,0.23981004,0.28576915
BAI ≥ 65% percentile,21.64271,0.26253544,0.23981004,0.28576915
BAI ≥ 65% percentile,21.648186,0.26253544,0.23981004,0.28576915
BAI ≥ 65% percentile,21.661875,0.26253544,0.23981004,0.28576915
BAI ≥ 65% percentile,21.664613,0.26253544,0.23981004,0.28576915
BAI ≥ 65% percentile,21.675565,0.26253544,0.23981004,0.28576915
BAI ≥ 65% percentile,21.689254,0.26253544,0.23981004,0.28576915
BAI ≥ 65% percentile,21.691992,0.26253544,0.23981004,0.28576915
BAI ≥ 65% percentile,21.69473,0.26253544,0.23981004,0.28576915
BAI ≥ 65% percentile,21.697467,0.26253544,0.23981004,0.28576915
BAI ≥ 65% percentile,21.705681,0.26253544,0.23981004,0.28576915
BAI ≥ 65% percentile,21.711157,0.26253544,0.23981004,0.28576915
BAI ≥ 65% percentile,21.713895,0.26253544,0.23981004,0.28576915
BAI ≥ 65% percentile,21.716632,0.26253544,0.23981004,0.28576915
BAI ≥ 65% percentile,21.71937,0.26253544,0.23981004,0.28576915
BAI ≥ 65% percentile,21.722108,0.26253544,0.23981004,0.28576915
BAI ≥ 65% percentile,21.730322,0.26253544,0.23981004,0.28576915
BAI ≥ 65% percentile,21.735797,0.26253544,0.23981004,0.28576915
BAI ≥ 65% percentile,21.744011,0.26253544,0.23981004,0.28576915
BAI ≥ 65% percentile,21.749487,0.26253544,0.23981004,0.28576915
BAI ≥ 65% percentile,21.754962,0.26253544,0.23981004,0.28576915
BAI ≥ 65% percentile,21.763176,0.26253544,0.23981004,0.28576915
BAI ≥ 65% percentile,21.771389,0.26253544,0.23981004,0.28576915
BAI ≥ 65% percentile,21.776865,0.26253544,0.23981004,0.28576915
BAI ≥ 65% percentile,21.782341,0.26253544,0.23981004,0.28576915
BAI ≥ 65% percentile,21.790554,0.26253544,0.23981004,0.28576915
BAI ≥ 65% percentile,21.79603,0.26421583,0.24131358,0.28762363
BAI ≥ 65% percentile,21.801506,0.26421583,0.24131358,0.28762363
BAI ≥ 65% percentile,21.815195,0.26421583,0.24131358,0.28762363
BAI ≥ 65% percentile,21.828884,0.26421583,0.24131358,0.28762363
BAI ≥ 65% percentile,21.831622,0.26421583,0.24131358,0.28762363
BAI ≥ 65% percentile,21.850787,0.26421583,0.24131358,0.28762363
BAI ≥ 65% percentile,21.859001,0.26421583,0.24131358,0.28762363
BAI ≥ 65% percentile,21.864476,0.26421583,0.24131358,0.28762363
BAI ≥ 65% percentile,21.869952,0.26421583,0.24131358,0.28762363
BAI ≥ 65% percentile,21.875428,0.26421583,0.24131358,0.28762363
BAI ≥ 65% percentile,21.878166,0.26421583,0.24131358,0.28762363
BAI ≥ 65% percentile,21.886379,0.26421583,0.24131358,0.28762363
BAI ≥ 65% percentile,21.891855,0.26421583,0.24131358,0.28762363
BAI ≥ 65% percentile,21.900068,0.26421583,0.24131358,0.28762363
BAI ≥ 65% percentile,21.902806,0.26421583,0.24131358,0.28762363
BAI ≥ 65% percentile,21.905544,0.26421583,0.24131358,0.28762363
BAI ≥ 65% percentile,21.913758,0.26421583,0.24131358,0.28762363
BAI ≥ 65% percentile,21.919233,0.26421583,0.24131358,0.28762363
BAI ≥ 65% percentile,21.921971,0.26421583,0.24131358,0.28762363
BAI ≥ 65% percentile,21.924709,0.26421583,0.24131358,0.28762363
BAI ≥ 65% percentile,21.932923,0.26421583,0.24131358,0.28762363
BAI ≥ 65% percentile,21.960301,0.26421583,0.24131358,0.28762363
BAI ≥ 65% percentile,21.963039,0.26421583,0.24131358,0.28762363
BAI ≥ 65% percentile,21.965777,0.26421583,0.24131358,0.28762363
BAI ≥ 65% percentile,21.968515,0.26421583,0.24131358,0.28762363
BAI ≥ 65% percentile,21.979466,0.26421583,0.24131358,0.28762363
BAI ≥ 65% percentile,21.982204,0.26421583,0.24131358,0.28762363
BAI ≥ 65% percentile,21.984942,0.26421583,0.24131358,0.28762363
BAI ≥ 65% percentile,21.98768,0.26421583,0.24131358,0.28762363
BAI ≥ 65% percentile,21.990418,0.26421583,0.24131358,0.28762363
BAI ≥ 65% percentile,22.001369,0.26421583,0.24131358,0.28762363
BAI ≥ 65% percentile,22.015058,0.26421583,0.24131358,0.28762363
BAI ≥ 65% percentile,22.017796,0.26421583,0.24131358,0.28762363
BAI ≥ 65% percentile,22.020534,0.26421583,0.24131358,0.28762363
BAI ≥ 65% percentile,22.023272,0.26633485,0.24313865,0.29003604
BAI ≥ 65% percentile,22.02601,0.26633485,0.24313865,0.29003604
BAI ≥ 65% percentile,22.028747,0.26633485,0.24313865,0.29003604
BAI ≥ 65% percentile,22.031485,0.26633485,0.24313865,0.29003604
BAI ≥ 65% percentile,22.036961,0.26633485,0.24313865,0.29003604
BAI ≥ 65% percentile,22.045175,0.26633485,0.24313865,0.29003604
BAI ≥ 65% percentile,22.047912,0.26633485,0.24313865,0.29003604
BAI ≥ 65% percentile,22.053388,0.26633485,0.24313865,0.29003604
BAI ≥ 65% percentile,22.064339,0.26633485,0.24313865,0.29003604
BAI ≥ 65% percentile,22.078029,0.26633485,0.24313865,0.29003604
BAI ≥ 65% percentile,22.083504,0.26633485,0.24313865,0.29003604
BAI ≥ 65% percentile,22.086242,0.26633485,0.24313865,0.29003604
BAI ≥ 65% percentile,22.094456,0.26633485,0.24313865,0.29003604
BAI ≥ 65% percentile,22.099932,0.26633485,0.24313865,0.29003604
BAI ≥ 65% percentile,22.108145,0.26633485,0.24313865,0.29003604
BAI ≥ 65% percentile,22.113621,0.26866112,0.24511146,0.29271607
BAI ≥ 65% percentile,22.116359,0.26866112,0.24511146,0.29271607
BAI ≥ 65% percentile,22.119097,0.26866112,0.24511146,0.29271607
BAI ≥ 65% percentile,22.121834,0.27105026,0.24713527,0.29547049
BAI ≥ 65% percentile,22.12731,0.27105026,0.24713527,0.29547049
BAI ≥ 65% percentile,22.135524,0.27105026,0.24713527,0.29547049
BAI ≥ 65% percentile,22.143737,0.27105026,0.24713527,0.29547049
BAI ≥ 65% percentile,22.149213,0.27105026,0.24713527,0.29547049
BAI ≥ 65% percentile,22.151951,0.27105026,0.24713527,0.29547049
BAI ≥ 65% percentile,22.154689,0.27105026,0.24713527,0.29547049
BAI ≥ 65% percentile,22.160164,0.27105026,0.24713527,0.29547049
BAI ≥ 65% percentile,22.171116,0.27105026,0.24713527,0.29547049
BAI ≥ 65% percentile,22.176591,0.27105026,0.24713527,0.29547049
BAI ≥ 65% percentile,22.184805,0.27105026,0.24713527,0.29547049
BAI ≥ 65% percentile,22.187543,0.27105026,0.24713527,0.29547049
BAI ≥ 65% percentile,22.193018,0.27365484,0.24930934,0.29850629
BAI ≥ 65% percentile,22.209446,0.27365484,0.24930934,0.29850629
BAI ≥ 65% percentile,22.231348,0.27365484,0.24930934,0.29850629
BAI ≥ 65% percentile,22.239562,0.27365484,0.24930934,0.29850629
BAI ≥ 65% percentile,22.250513,0.27365484,0.24930934,0.29850629
BAI ≥ 65% percentile,22.253251,0.27365484,0.24930934,0.29850629
BAI ≥ 65% percentile,22.255989,0.27365484,0.24930934,0.29850629
BAI ≥ 65% percentile,22.269678,0.27365484,0.24930934,0.29850629
BAI ≥ 65% percentile,22.272416,0.27365484,0.24930934,0.29850629
BAI ≥ 65% percentile,22.286105,0.27365484,0.24930934,0.29850629
BAI ≥ 65% percentile,22.294319,0.27365484,0.24930934,0.29850629
BAI ≥ 65% percentile,22.299795,0.27365484,0.24930934,0.29850629
BAI ≥ 65% percentile,22.321697,0.27365484,0.24930934,0.29850629
BAI ≥ 65% percentile,22.327173,0.27365484,0.24930934,0.29850629
BAI ≥ 65% percentile,22.338125,0.27365484,0.24930934,0.29850629
BAI ≥ 65% percentile,22.3436,0.27365484,0.24930934,0.29850629
BAI ≥ 65% percentile,22.349076,0.27365484,0.24930934,0.29850629
BAI ≥ 65% percentile,22.354552,0.27684313,0.25184836,0.30234891
BAI ≥ 65% percentile,22.35729,0.27684313,0.25184836,0.30234891
BAI ≥ 65% percentile,22.360027,0.27684313,0.25184836,0.30234891
BAI ≥ 65% percentile,22.362765,0.27684313,0.25184836,0.30234891
BAI ≥ 65% percentile,22.365503,0.27684313,0.25184836,0.30234891
BAI ≥ 65% percentile,22.368241,0.28019084,0.25450397,0.30639315
BAI ≥ 65% percentile,22.395619,0.28019084,0.25450397,0.30639315
BAI ≥ 65% percentile,22.431211,0.28019084,0.25450397,0.30639315
BAI ≥ 65% percentile,22.444901,0.28019084,0.25450397,0.30639315
BAI ≥ 65% percentile,22.447639,0.28364316,0.25724802,0.31055664
BAI ≥ 65% percentile,22.464066,0.28364316,0.25724802,0.31055664
BAI ≥ 65% percentile,22.49692,0.28364316,0.25724802,0.31055664
BAI ≥ 65% percentile,22.507871,0.28364316,0.25724802,0.31055664
BAI ≥ 65% percentile,22.516085,0.28364316,0.25724802,0.31055664
BAI ≥ 65% percentile,22.524298,0.28364316,0.25724802,0.31055664
BAI ≥ 65% percentile,22.532512,0.28364316,0.25724802,0.31055664
BAI ≥ 65% percentile,22.53525,0.28364316,0.25724802,0.31055664
BAI ≥ 65% percentile,22.537988,0.28364316,0.25724802,0.31055664
BAI ≥ 65% percentile,22.540726,0.28364316,0.25724802,0.31055664
BAI ≥ 65% percentile,22.554415,0.28364316,0.25724802,0.31055664
BAI ≥ 65% percentile,22.557153,0.28364316,0.25724802,0.31055664
BAI ≥ 65% percentile,22.565366,0.28364316,0.25724802,0.31055664
BAI ≥ 65% percentile,22.570842,0.28364316,0.25724802,0.31055664
BAI ≥ 65% percentile,22.595483,0.28364316,0.25724802,0.31055664
BAI ≥ 65% percentile,22.609172,0.28364316,0.25724802,0.31055664
BAI ≥ 65% percentile,22.61191,0.28364316,0.25724802,0.31055664
BAI ≥ 65% percentile,22.625599,0.28364316,0.25724802,0.31055664
BAI ≥ 65% percentile,22.666667,0.28364316,0.25724802,0.31055664
BAI ≥ 65% percentile,22.672142,0.28364316,0.25724802,0.31055664
BAI ≥ 65% percentile,22.67488,0.28364316,0.25724802,0.31055664
BAI ≥ 65% percentile,22.680356,0.28364316,0.25724802,0.31055664
BAI ≥ 65% percentile,22.685832,0.28364316,0.25724802,0.31055664
BAI ≥ 65% percentile,22.702259,0.28364316,0.25724802,0.31055664
BAI ≥ 65% percentile,22.740589,0.28364316,0.25724802,0.31055664
BAI ≥ 65% percentile,22.743326,0.28364316,0.25724802,0.31055664
BAI ≥ 65% percentile,22.748802,0.28364316,0.25724802,0.31055664
BAI ≥ 65% percentile,22.754278,0.28364316,0.25724802,0.31055664
BAI ≥ 65% percentile,22.757016,0.28364316,0.25724802,0.31055664
BAI ≥ 65% percentile,22.759754,0.28364316,0.25724802,0.31055664
BAI ≥ 65% percentile,22.770705,0.2888999,0.26084233,0.31749989
BAI ≥ 65% percentile,22.773443,0.2888999,0.26084233,0.31749989
BAI ≥ 65% percentile,22.781656,0.2888999,0.26084233,0.31749989
BAI ≥ 65% percentile,22.78987,0.2888999,0.26084233,0.31749989
BAI ≥ 65% percentile,22.803559,0.2888999,0.26084233,0.31749989
BAI ≥ 65% percentile,22.806297,0.2888999,0.26084233,0.31749989
BAI ≥ 65% percentile,22.809035,0.2888999,0.26084233,0.31749989
BAI ≥ 65% percentile,22.811773,0.2888999,0.26084233,0.31749989
BAI ≥ 65% percentile,22.822724,0.2888999,0.26084233,0.31749989
BAI ≥ 65% percentile,22.836413,0.2888999,0.26084233,0.31749989
BAI ≥ 65% percentile,22.839151,0.2888999,0.26084233,0.31749989
BAI ≥ 65% percentile,22.847365,0.2888999,0.26084233,0.31749989
BAI ≥ 65% percentile,22.850103,0.2888999,0.26084233,0.31749989
BAI ≥ 65% percentile,22.855578,0.2888999,0.26084233,0.31749989
BAI ≥ 65% percentile,22.86653,0.2888999,0.26084233,0.31749989
BAI ≥ 65% percentile,22.869268,0.2888999,0.26084233,0.31749989
BAI ≥ 65% percentile,22.872005,0.2888999,0.26084233,0.31749989
BAI ≥ 65% percentile,22.880219,0.2888999,0.26084233,0.31749989
BAI ≥ 65% percentile,22.882957,0.2888999,0.26084233,0.31749989
BAI ≥ 65% percentile,22.89117,0.2888999,0.26084233,0.31749989
BAI ≥ 65% percentile,22.902122,0.2888999,0.26084233,0.31749989
BAI ≥ 65% percentile,22.921287,0.2888999,0.26084233,0.31749989
BAI ≥ 65% percentile,22.924025,0.2888999,0.26084233,0.31749989
BAI ≥ 65% percentile,22.934976,0.2888999,0.26084233,0.31749989
BAI ≥ 65% percentile,22.940452,0.2888999,0.26084233,0.31749989
BAI ≥ 65% percentile,22.945927,0.29875409,0.2652714,0.33289944
BAI ≥ 65% percentile,22.954141,0.29875409,0.2652714,0.33289944
BAI ≥ 65% percentile,22.970568,0.29875409,0.2652714,0.33289944
BAI ≥ 65% percentile,22.976044,0.29875409,0.2652714,0.33289944
BAI ≥ 65% percentile,22.989733,0.29875409,0.2652714,0.33289944
BAI ≥ 65% percentile,23.00616,0.29875409,0.2652714,0.33289944
BAI ≥ 65% percentile,23.017112,0.29875409,0.2652714,0.33289944
BAI ≥ 65% percentile,23.022587,0.29875409,0.2652714,0.33289944
BAI ≥ 65% percentile,23.025325,0.29875409,0.2652714,0.33289944
BAI ≥ 65% percentile,23.04449,0.29875409,0.2652714,0.33289944
BAI ≥ 65% percentile,23.055441,0.29875409,0.2652714,0.33289944
BAI ≥ 65% percentile,23.069131,0.29875409,0.2652714,0.33289944
BAI ≥ 65% percentile,23.077344,0.29875409,0.2652714,0.33289944
BAI ≥ 65% percentile,23.088296,0.29875409,0.2652714,0.33289944
BAI ≥ 65% percentile,23.132101,0.29875409,0.2652714,0.33289944
BAI ≥ 65% percentile,23.137577,0.29875409,0.2652714,0.33289944
BAI ≥ 65% percentile,23.162218,0.29875409,0.2652714,0.33289944
BAI ≥ 65% percentile,23.219713,0.29875409,0.2652714,0.33289944
BAI ≥ 65% percentile,23.288159,0.29875409,0.2652714,0.33289944
BAI ≥ 65% percentile,23.304586,0.29875409,0.2652714,0.33289944
BAI ≥ 65% percentile,23.403149,0.29875409,0.2652714,0.33289944
BAI ≥ 65% percentile,23.460643,0.29875409,0.2652714,0.33289944
BAI ≥ 65% percentile,23.463381,0.29875409,0.2652714,0.33289944
BAI ≥ 65% percentile,23.501711,0.29875409,0.2652714,0.33289944
BAI ≥ 65% percentile,23.550992,0.29875409,0.2652714,0.33289944
BAI ≥ 65% percentile,23.578371,0.29875409,0.2652714,0.33289944
BAI ≥ 65% percentile,23.797399,0.29875409,0.2652714,0.33289944
BAI ≥ 65% percentile,23.8987,0.29875409,0.2652714,0.33289944
BAI < 65% percentile,0.0,0.0,0.0,0.0
BAI < 65% percentile,0.013689,0.00024184,2.653e-05,0.00138666
BAI < 65% percentile,0.186174,0.00024184,2.653e-05,0.00138666
BAI < 65% percentile,0.306639,0.00024184,2.653e-05,0.00138666
BAI < 65% percentile,0.460274,0.00048373,0.00010585,0.00171776
BAI < 65% percentile,0.495551,0.00048373,0.00010585,0.00171776
BAI < 65% percentile,0.506502,0.00048373,0.00010585,0.00171776
BAI < 65% percentile,0.536986,0.00072563,0.00021324,0.00206786
BAI < 65% percentile,0.545205,0.00120942,0.00047443,0.00274977
BAI < 65% percentile,0.5859,0.00120942,0.00047443,0.00274977
BAI < 65% percentile,0.599589,0.00145132,0.00061991,0.00308069
BAI < 65% percentile,0.602327,0.00169322,0.00077238,0.00340609
BAI < 65% percentile,0.613279,0.00169322,0.00077238,0.00340609
BAI < 65% percentile,0.621918,0.00193511,0.00093051,0.00372678
BAI < 65% percentile,0.641096,0.00217701,0.00109335,0.00404343
BAI < 65% percentile,0.649315,0.00241891,0.00126019,0.00435657
BAI < 65% percentile,0.652055,0.0026608,0.00143048,0.00466663
BAI < 65% percentile,0.69589,0.0029027,0.0016038,0.00497396
BAI < 65% percentile,0.728268,0.0029027,0.0016038,0.00497396
BAI < 65% percentile,0.750171,0.0029027,0.0016038,0.00497396
BAI < 65% percentile,0.761644,0.0031446,0.00177978,0.00527885
BAI < 65% percentile,0.764384,0.00338649,0.00195815,0.00558156
BAI < 65% percentile,0.77755,0.00338649,0.00195815,0.00558156
BAI < 65% percentile,0.780822,0.00362839,0.00213866,0.00588229
BAI < 65% percentile,0.849315,0.00387029,0.00232111,0.00618121
BAI < 65% percentile,0.856947,0.00387029,0.00232111,0.00618121
BAI < 65% percentile,0.862423,0.00387029,0.00232111,0.00618121
BAI < 65% percentile,0.90411,0.00435408,0.00269119,0.00677422
BAI < 65% percentile,0.908966,0.00435408,0.00269119,0.00677422
BAI < 65% percentile,0.917808,0.00459597,0.00287854,0.00706856
BAI < 65% percentile,0.925394,0.00459597,0.00287854,0.00706856
BAI < 65% percentile,0.936345,0.00459597,0.00287854,0.00706856
BAI < 65% percentile,0.956164,0.00507989,0.00325737,0.0076536
BAI < 65% percentile,0.961644,0.00532184,0.00344863,0.00794438
BAI < 65% percentile,0.977413,0.00532184,0.00344863,0.00794438
BAI < 65% percentile,0.978082,0.0055638,0.00364101,0.00823409
BAI < 65% percentile,0.986301,0.00628966,0.00422421,0.00909747
BAI < 65% percentile,1.0,0.00677357,0.00461751,0.00966877
BAI < 65% percentile,1.019178,0.00701553,0.00481536,0.00995327
BAI < 65% percentile,1.021918,0.00725748,0.00501397,0.01023705
BAI < 65% percentile,1.030137,0.0077414,0.00541329,0.0108026
BAI < 65% percentile,1.046575,0.00798335,0.00561395,0.01108442
BAI < 65% percentile,1.065753,0.00822531,0.00581522,0.01136564
BAI < 65% percentile,1.071233,0.00846726,0.00601709,0.0116463
BAI < 65% percentile,1.093151,0.00895117,0.00642252,0.01220598
BAI < 65% percentile,1.09863,0.00919313,0.00662604,0.01248505
BAI < 65% percentile,1.117808,0.00943508,0.00683006,0.01276364
BAI < 65% percentile,1.128767,0.00967704,0.00703457,0.01304176
BAI < 65% percentile,1.136986,0.01040291,0.00765086,0.01387345
BAI < 65% percentile,1.142466,0.01064486,0.00785715,0.01414985
BAI < 65% percentile,1.145205,0.01088682,0.00806386,0.01442586
BAI < 65% percentile,1.147945,0.01112877,0.00827096,0.01470148
BAI < 65% percentile,1.153425,0.01137073,0.00847844,0.01497674
BAI < 65% percentile,1.172603,0.01209659,0.00910307,0.01580039
BAI < 65% percentile,1.186301,0.01233855,0.00931197,0.01607428
BAI < 65% percentile,1.189041,0.0125805,0.0095212,0.01634784
BAI < 65% percentile,1.193703,0.0125805,0.0095212,0.01634784
BAI < 65% percentile,1.194521,0.01282246,0.00973075,0.0166211
BAI < 65% percentile,1.20274,0.01306442,0.00994061,0.01689405
BAI < 65% percentile,1.205479,0.01330637,0.01015078,0.01716672
BAI < 65% percentile,1.208219,0.01403242,0.01078315,0.01798325
BAI < 65% percentile,1.219178,0.01427443,0.0109945,0.01825489
BAI < 65% percentile,1.221918,0.01451645,0.01120611,0.01852627
BAI < 65% percentile,1.224658,0.01475846,0.01141798,0.0187974
BAI < 65% percentile,1.227397,0.01500048,0.01163011,0.01906829
BAI < 65% percentile,1.232877,0.01524249,0.01184249,0.01933893
BAI < 65% percentile,1.238356,0.01548451,0.0120551,0.01960934
BAI < 65% percentile,1.263014,0.01572652,0.01226796,0.01987952
BAI < 65% percentile,1.268493,0.01596854,0.01248104,0.02014948
BAI < 65% percentile,1.284932,0.01621055,0.01269435,0.02041922
BAI < 65% percentile,1.30137,0.01645257,0.01290788,0.02068874
BAI < 65% percentile,1.323288,0.0169366,0.01333559,0.02122716
BAI < 65% percentile,1.328767,0.01717861,0.01354976,0.02149607
BAI < 65% percentile,1.331507,0.01766264,0.0139787,0.0220333
BAI < 65% percentile,1.341547,0.01766264,0.0139787,0.0220333
BAI < 65% percentile,1.350685,0.01790466,0.01419347,0.02230162
BAI < 65% percentile,1.353425,0.01838869,0.01462357,0.02283772
BAI < 65% percentile,1.378082,0.01838869,0.01462357,0.02283772
BAI < 65% percentile,1.386301,0.0186307,0.0148389,0.02310551
BAI < 65% percentile,1.40274,0.01887272,0.01505441,0.02337311
BAI < 65% percentile,1.413699,0.01935675,0.01548596,0.02390781
BAI < 65% percentile,1.416438,0.01959876,0.01570199,0.02417491
BAI < 65% percentile,1.420945,0.01959876,0.01570199,0.02417491
BAI < 65% percentile,1.430137,0.01984078,0.01591819,0.02444185
BAI < 65% percentile,1.432877,0.02008279,0.01613455,0.02470862
BAI < 65% percentile,1.443836,0.02008279,0.01613455,0.02470862
BAI < 65% percentile,1.452055,0.02008279,0.01613455,0.02470862
BAI < 65% percentile,1.479452,0.02032487,0.01635113,0.02497531
BAI < 65% percentile,1.490411,0.02032487,0.01635113,0.02497531
BAI < 65% percentile,1.514031,0.02032487,0.01635113,0.02497531
BAI < 65% percentile,1.515068,0.02032487,0.01635113,0.02497531
BAI < 65% percentile,1.520548,0.02056694,0.01656786,0.02524185
BAI < 65% percentile,1.549624,0.02056694,0.01656786,0.02524185
BAI < 65% percentile,1.566051,0.02056694,0.01656786,0.02524185
BAI < 65% percentile,1.594521,0.02080902,0.01678475,0.02550824
BAI < 65% percentile,1.605479,0.02105109,0.01700179,0.02577448
BAI < 65% percentile,1.623546,0.02105109,0.01700179,0.02577448
BAI < 65% percentile,1.624658,0.02129317,0.01721899,0.02604057
BAI < 65% percentile,1.6564,0.02129317,0.01721899,0.02604057
BAI < 65% percentile,1.657534,0.02129317,0.01721899,0.02604057
BAI < 65% percentile,1.670089,0.02129317,0.01721899,0.02604057
BAI < 65% percentile,1.684932,0.02129317,0.01721899,0.02604057
BAI < 65% percentile,1.69589,0.02129317,0.01721899,0.02604057
BAI < 65% percentile,1.70137,0.02153524,0.01743633,0.02630651
BAI < 65% percentile,1.728767,0.02177732,0.01765382,0.02657231
BAI < 65% percentile,1.731507,0.02201939,0.01787145,0.02683798
BAI < 65% percentile,1.747945,0.02201939,0.01787145,0.02683798
BAI < 65% percentile,1.749487,0.02201939,0.01787145,0.02683798
BAI < 65% percentile,1.791781,0.02226147,0.01808923,0.0271035
BAI < 65% percentile,1.798768,0.02226147,0.01808923,0.0271035
BAI < 65% percentile,1.816438,0.02226147,0.01808923,0.0271035
BAI < 65% percentile,1.824658,0.02226147,0.01808923,0.0271035
BAI < 65% percentile,1.852055,0.02226147,0.01808923,0.0271035
BAI < 65% percentile,1.873973,0.02226147,0.01808923,0.0271035
BAI < 65% percentile,1.878166,0.02226147,0.01808923,0.0271035
BAI < 65% percentile,1.90411,0.02250354,0.01830714,0.02736889
BAI < 65% percentile,1.947945,0.02274562,0.01852519,0.02763415
BAI < 65% percentile,2.00274,0.02298769,0.01874338,0.02789928
BAI < 65% percentile,2.063014,0.02298769,0.01874338,0.02789928
BAI < 65% percentile,2.10137,0.02298769,0.01874338,0.02789928
BAI < 65% percentile,2.10411,0.02298769,0.01874338,0.02789928
BAI < 65% percentile,2.123288,0.02298769,0.01874338,0.02789928
BAI < 65% percentile,2.12731,0.02298769,0.01874338,0.02789928
BAI < 65% percentile,2.130048,0.02298769,0.01874338,0.02789928
BAI < 65% percentile,2.169863,0.02298769,0.01874338,0.02789928
BAI < 65% percentile,2.2,0.02298769,0.01874338,0.02789928
BAI < 65% percentile,2.205479,0.02298769,0.01874338,0.02789928
BAI < 65% percentile,2.260274,0.02298769,0.01874338,0.02789928
BAI < 65% percentile,2.26694,0.02298769,0.01874338,0.02789928
BAI < 65% percentile,2.268493,0.02298769,0.01874338,0.02789928
BAI < 65% percentile,2.287671,0.02298769,0.01874338,0.02789928
BAI < 65% percentile,2.290411,0.02298769,0.01874338,0.02789928
BAI < 65% percentile,2.302533,0.02322983,0.01896175,0.02816435
BAI < 65% percentile,2.351814,0.02322983,0.01896175,0.02816435
BAI < 65% percentile,2.358904,0.02347196,0.01918025,0.02842929
BAI < 65% percentile,2.364384,0.02347196,0.01918025,0.02842929
BAI < 65% percentile,2.383562,0.02347196,0.01918025,0.02842929
BAI < 65% percentile,2.389041,0.02347196,0.01918025,0.02842929
BAI < 65% percentile,2.409309,0.02347196,0.01918025,0.02842929
BAI < 65% percentile,2.412047,0.02371416,0.01939893,0.02869418
BAI < 65% percentile,2.421918,0.02371416,0.01939893,0.02869418
BAI < 65% percentile,2.422998,0.02371416,0.01939893,0.02869418
BAI < 65% percentile,2.494182,0.02371416,0.01939893,0.02869418
BAI < 65% percentile,2.50411,0.02371416,0.01939893,0.02869418
BAI < 65% percentile,2.512329,0.02395642,0.01961778,0.02895902
BAI < 65% percentile,2.531507,0.02419867,0.01983677,0.02922373
BAI < 65% percentile,2.564384,0.02444093,0.02005587,0.02948833
BAI < 65% percentile,2.567123,0.02444093,0.02005587,0.02948833
BAI < 65% percentile,2.579055,0.02444093,0.02005587,0.02948833
BAI < 65% percentile,2.605479,0.02444093,0.02005587,0.02948833
BAI < 65% percentile,2.610959,0.02444093,0.02005587,0.02948833
BAI < 65% percentile,2.61191,0.02444093,0.02005587,0.02948833
BAI < 65% percentile,2.621918,0.02444093,0.02005587,0.02948833
BAI < 65% percentile,2.627397,0.02468319,0.0202751,0.02975281
BAI < 65% percentile,2.668493,0.02468319,0.0202751,0.02975281
BAI < 65% percentile,2.693151,0.02468319,0.0202751,0.02975281
BAI < 65% percentile,2.699521,0.02468319,0.0202751,0.02975281
BAI < 65% percentile,2.70137,0.02468319,0.0202751,0.02975281
BAI < 65% percentile,2.71321,0.02468319,0.0202751,0.02975281
BAI < 65% percentile,2.715068,0.02492551,0.0204945,0.03001724
BAI < 65% percentile,2.715948,0.02492551,0.0204945,0.03001724
BAI < 65% percentile,2.732375,0.02492551,0.0204945,0.03001724
BAI < 65% percentile,2.736986,0.02492551,0.0204945,0.03001724
BAI < 65% percentile,2.759754,0.02492551,0.0204945,0.03001724
BAI < 65% percentile,2.761644,0.02516783,0.02071401,0.03028156
BAI < 65% percentile,2.767967,0.02516783,0.02071401,0.03028156
BAI < 65% percentile,2.770705,0.02516783,0.02071401,0.03028156
BAI < 65% percentile,2.786301,0.02516783,0.02071401,0.03028156
BAI < 65% percentile,2.79726,0.02516783,0.02071401,0.03028156
BAI < 65% percentile,2.803559,0.02541015,0.02093365,0.03054577
BAI < 65% percentile,2.810959,0.02565246,0.0211534,0.03080986
BAI < 65% percentile,2.827397,0.02565246,0.0211534,0.03080986
BAI < 65% percentile,2.841096,0.02589491,0.02137336,0.03107399
BAI < 65% percentile,2.849315,0.02589491,0.02137336,0.03107399
BAI < 65% percentile,2.855578,0.02589491,0.02137336,0.03107399
BAI < 65% percentile,2.874743,0.02589491,0.02137336,0.03107399
BAI < 65% percentile,2.876712,0.02589491,0.02137336,0.03107399
BAI < 65% percentile,2.888433,0.02589491,0.02137336,0.03107399
BAI < 65% percentile,2.890411,0.02613753,0.02159359,0.03133823
BAI < 65% percentile,2.893908,0.02613753,0.02159359,0.03133823
BAI < 65% percentile,2.90486,0.02613753,0.02159359,0.03133823
BAI < 65% percentile,2.906849,0.02613753,0.02159359,0.03133823
BAI < 65% percentile,2.928767,0.02638016,0.02181393,0.03160236
BAI < 65% percentile,2.934247,0.02638016,0.02181393,0.03160236
BAI < 65% percentile,2.936986,0.02662279,0.02203438,0.03186639
BAI < 65% percentile,2.945205,0.02662279,0.02203438,0.03186639
BAI < 65% percentile,2.958904,0.02662279,0.02203438,0.03186639
BAI < 65% percentile,2.961644,0.02686541,0.02225494,0.03213031
BAI < 65% percentile,2.967123,0.02686541,0.02225494,0.03213031
BAI < 65% percentile,2.980822,0.02710804,0.02247561,0.03239412
BAI < 65% percentile,2.986995,0.02735066,0.02269638,0.03265783
BAI < 65% percentile,3.005479,0.02735066,0.02269638,0.03265783
BAI < 65% percentile,3.010959,0.02735066,0.02269638,0.03265783
BAI < 65% percentile,3.014374,0.02735066,0.02269638,0.03265783
BAI < 65% percentile,3.027397,0.02735066,0.02269638,0.03265783
BAI < 65% percentile,3.038356,0.02735066,0.02269638,0.03265783
BAI < 65% percentile,3.046575,0.02735066,0.02269638,0.03265783
BAI < 65% percentile,3.049966,0.02735066,0.02269638,0.03265783
BAI < 65% percentile,3.087671,0.02735066,0.02269638,0.03265783
BAI < 65% percentile,3.093771,0.02735066,0.02269638,0.03265783
BAI < 65% percentile,3.10137,0.02735066,0.02269638,0.03265783
BAI < 65% percentile,3.107461,0.02735066,0.02269638,0.03265783
BAI < 65% percentile,3.117808,0.02783666,0.02313885,0.03318584
BAI < 65% percentile,3.131507,0.02807966,0.02336023,0.03344969
BAI < 65% percentile,3.139726,0.02807966,0.02336023,0.03344969
BAI < 65% percentile,3.140315,0.02807966,0.02336023,0.03344969
BAI < 65% percentile,3.142466,0.02807966,0.02336023,0.03344969
BAI < 65% percentile,3.145205,0.02807966,0.02336023,0.03344969
BAI < 65% percentile,3.150685,0.02807966,0.02336023,0.03344969
BAI < 65% percentile,3.153425,0.02832291,0.02358193,0.03371374
BAI < 65% percentile,3.156164,0.02832291,0.02358193,0.03371374
BAI < 65% percentile,3.158904,0.02832291,0.02358193,0.03371374
BAI < 65% percentile,3.161644,0.02856622,0.02380378,0.03397777
BAI < 65% percentile,3.167123,0.02856622,0.02380378,0.03397777
BAI < 65% percentile,3.180822,0.02856622,0.02380378,0.03397777
BAI < 65% percentile,3.186301,0.02880959,0.02402578,0.03424178
BAI < 65% percentile,3.191781,0.02905296,0.02424788,0.03450569
BAI < 65% percentile,3.194521,0.02929634,0.02447007,0.0347695
BAI < 65% percentile,3.19726,0.02953971,0.02469236,0.03503322
BAI < 65% percentile,3.2,0.02953971,0.02469236,0.03503322
BAI < 65% percentile,3.210959,0.02978308,0.02491474,0.03529685
BAI < 65% percentile,3.213699,0.02978308,0.02491474,0.03529685
BAI < 65% percentile,3.224658,0.03002652,0.02513727,0.03556047
BAI < 65% percentile,3.235616,0.03002652,0.02513727,0.03556047
BAI < 65% percentile,3.238356,0.03002652,0.02513727,0.03556047
BAI < 65% percentile,3.241096,0.03026995,0.02535989,0.03582399
BAI < 65% percentile,3.243836,0.03051345,0.02558265,0.0360875
BAI < 65% percentile,3.249315,0.03051345,0.02558265,0.0360875
BAI < 65% percentile,3.273973,0.03075695,0.0258055,0.03635092
BAI < 65% percentile,3.279452,0.03100044,0.02602844,0.03661425
BAI < 65% percentile,3.282192,0.03124401,0.02625153,0.03687757
BAI < 65% percentile,3.290411,0.03124401,0.02625153,0.03687757
BAI < 65% percentile,3.293151,0.03148757,0.0264747,0.03714081
BAI < 65% percentile,3.315068,0.03148757,0.0264747,0.03714081
BAI < 65% percentile,3.317808,0.03173119,0.02669801,0.03740403
BAI < 65% percentile,3.320548,0.03221844,0.02714488,0.03793023
BAI < 65% percentile,3.323288,0.03221844,0.02714488,0.03793023
BAI < 65% percentile,3.326489,0.03221844,0.02714488,0.03793023
BAI < 65% percentile,3.339726,0.03221844,0.02714488,0.03793023
BAI < 65% percentile,3.342466,0.03221844,0.02714488,0.03793023
BAI < 65% percentile,3.369863,0.03221844,0.02714488,0.03793023
BAI < 65% percentile,3.372603,0.03246219,0.02736854,0.03819336
BAI < 65% percentile,3.378082,0.032706,0.02759235,0.03845648
BAI < 65% percentile,3.386301,0.032706,0.02759235,0.03845648
BAI < 65% percentile,3.394521,0.032706,0.02759235,0.03845648
BAI < 65% percentile,3.39726,0.032706,0.02759235,0.03845648
BAI < 65% percentile,3.397673,0.032706,0.02759235,0.03845648
BAI < 65% percentile,3.40274,0.032706,0.02759235,0.03845648
BAI < 65% percentile,3.410959,0.032706,0.02759235,0.03845648
BAI < 65% percentile,3.419178,0.03294994,0.02781634,0.03871967
BAI < 65% percentile,3.438356,0.03319388,0.02804041,0.03898277
BAI < 65% percentile,3.446575,0.03319388,0.02804041,0.03898277
BAI < 65% percentile,3.449315,0.03343788,0.02826462,0.03924588
BAI < 65% percentile,3.454795,0.03343788,0.02826462,0.03924588
BAI < 65% percentile,3.457534,0.03368189,0.0284889,0.03950891
BAI < 65% percentile,3.457906,0.03368189,0.0284889,0.03950891
BAI < 65% percentile,3.460274,0.03392589,0.02871327,0.03977185
BAI < 65% percentile,3.471233,0.03416989,0.02893771,0.04003473
BAI < 65% percentile,3.476712,0.03416989,0.02893771,0.04003473
BAI < 65% percentile,3.479808,0.03416989,0.02893771,0.04003473
BAI < 65% percentile,3.484932,0.03416989,0.02893771,0.04003473
BAI < 65% percentile,3.487671,0.03441396,0.02916228,0.0402976
BAI < 65% percentile,3.49076,0.03441396,0.02916228,0.0402976
BAI < 65% percentile,3.49863,0.03465803,0.02938693,0.0405604
BAI < 65% percentile,3.504449,0.03465803,0.02938693,0.0405604
BAI < 65% percentile,3.506849,0.03490209,0.02961165,0.04082312
BAI < 65% percentile,3.509925,0.03514616,0.02983645,0.04108577
BAI < 65% percentile,3.512329,0.03539023,0.03006132,0.04134835
BAI < 65% percentile,3.520548,0.03563429,0.03028627,0.04161085
BAI < 65% percentile,3.534247,0.03563429,0.03028627,0.04161085
BAI < 65% percentile,3.542466,0.03587843,0.03051134,0.04187336
BAI < 65% percentile,3.547945,0.03612256,0.03073648,0.0421358
BAI < 65% percentile,3.561644,0.03612256,0.03073648,0.0421358
BAI < 65% percentile,3.580822,0.03636675,0.03096175,0.04239824
BAI < 65% percentile,3.583562,0.03661095,0.03118709,0.04266062
BAI < 65% percentile,3.59726,0.03661095,0.03118709,0.04266062
BAI < 65% percentile,3.60274,0.0368552,0.03141256,0.042923
BAI < 65% percentile,3.619439,0.0368552,0.03141256,0.042923
BAI < 65% percentile,3.621918,0.03709946,0.03163809,0.04318531
BAI < 65% percentile,3.627397,0.03709946,0.03163809,0.04318531
BAI < 65% percentile,3.635616,0.03709946,0.03163809,0.04318531
BAI < 65% percentile,3.638356,0.03734385,0.0318638,0.0434477
BAI < 65% percentile,3.641096,0.0375883,0.03208963,0.0437101
BAI < 65% percentile,3.643836,0.03783275,0.03231553,0.04397244
BAI < 65% percentile,3.646575,0.0380772,0.0325415,0.04423471
BAI < 65% percentile,3.649315,0.0380772,0.0325415,0.04423471
BAI < 65% percentile,3.657534,0.0380772,0.0325415,0.04423471
BAI < 65% percentile,3.657769,0.03832178,0.03276765,0.04449706
BAI < 65% percentile,3.660274,0.03832178,0.03276765,0.04449706
BAI < 65% percentile,3.676712,0.03832178,0.03276765,0.04449706
BAI < 65% percentile,3.682192,0.03832178,0.03276765,0.04449706
BAI < 65% percentile,3.682409,0.03832178,0.03276765,0.04449706
BAI < 65% percentile,3.684932,0.03856642,0.03299391,0.04475942
BAI < 65% percentile,3.687885,0.03856642,0.03299391,0.04475942
BAI < 65% percentile,3.69863,0.03881107,0.03322024,0.04502172
BAI < 65% percentile,3.70411,0.03905577,0.03344669,0.04528403
BAI < 65% percentile,3.70705,0.03905577,0.03344669,0.04528403
BAI < 65% percentile,3.715068,0.03954519,0.03389978,0.04580847
BAI < 65% percentile,3.739726,0.03954519,0.03389978,0.04580847
BAI < 65% percentile,3.739904,0.03978996,0.03412647,0.04607066
BAI < 65% percentile,3.742466,0.04003473,0.03435323,0.0463328
BAI < 65% percentile,3.747945,0.04003473,0.03435323,0.0463328
BAI < 65% percentile,3.758904,0.04003473,0.03435323,0.0463328
BAI < 65% percentile,3.759069,0.04003473,0.03435323,0.0463328
BAI < 65% percentile,3.764545,0.04003473,0.03435323,0.0463328
BAI < 65% percentile,3.772603,0.04003473,0.03435323,0.0463328
BAI < 65% percentile,3.780822,0.04027957,0.0345801,0.04659495
BAI < 65% percentile,3.780972,0.04027957,0.0345801,0.04659495
BAI < 65% percentile,3.786301,0.04052441,0.03480704,0.04685704
BAI < 65% percentile,3.79726,0.04076925,0.03503403,0.04711907
BAI < 65% percentile,3.797399,0.04076925,0.03503403,0.04711907
BAI < 65% percentile,3.80274,0.04101408,0.03526109,0.04738104
BAI < 65% percentile,3.805479,0.04101408,0.03526109,0.04738104
BAI < 65% percentile,3.816438,0.04125892,0.03548821,0.04764295
BAI < 65% percentile,3.824658,0.04125892,0.03548821,0.04764295
BAI < 65% percentile,3.841096,0.04125892,0.03548821,0.04764295
BAI < 65% percentile,3.843836,0.04125892,0.03548821,0.04764295
BAI < 65% percentile,3.843943,0.04125892,0.03548821,0.04764295
BAI < 65% percentile,3.852156,0.04125892,0.03548821,0.04764295
BAI < 65% percentile,3.863014,0.04125892,0.03548821,0.04764295
BAI < 65% percentile,3.876712,0.04125892,0.03548821,0.04764295
BAI < 65% percentile,3.882272,0.04150382,0.03571544,0.04790488
BAI < 65% percentile,3.893224,0.04174872,0.03594273,0.04816675
BAI < 65% percentile,3.89863,0.04174872,0.03594273,0.04816675
BAI < 65% percentile,3.8987,0.04174872,0.03594273,0.04816675
BAI < 65% percentile,3.909589,0.04199369,0.03617013,0.04842864
BAI < 65% percentile,3.912389,0.04199369,0.03617013,0.04842864
BAI < 65% percentile,3.917864,0.04199369,0.03617013,0.04842864
BAI < 65% percentile,3.931554,0.04199369,0.03617013,0.04842864
BAI < 65% percentile,3.937029,0.04199369,0.03617013,0.04842864
BAI < 65% percentile,3.945243,0.04223885,0.03639776,0.0486907
BAI < 65% percentile,3.964408,0.04248402,0.03662545,0.0489527
BAI < 65% percentile,3.972621,0.04248402,0.03662545,0.0489527
BAI < 65% percentile,3.978082,0.04272918,0.03685319,0.04921464
BAI < 65% percentile,3.994521,0.04272918,0.03685319,0.04921464
BAI < 65% percentile,4.005476,0.04297441,0.03708105,0.04947661
BAI < 65% percentile,4.010959,0.04321963,0.03730897,0.04973851
BAI < 65% percentile,4.021918,0.04321963,0.03730897,0.04973851
BAI < 65% percentile,4.030116,0.04346486,0.03753694,0.05000037
BAI < 65% percentile,4.03833,0.04346486,0.03753694,0.05000037
BAI < 65% percentile,4.038356,0.04346486,0.03753694,0.05000037
BAI < 65% percentile,4.060274,0.04346486,0.03753694,0.05000037
BAI < 65% percentile,4.093151,0.04371015,0.03776502,0.05026224
BAI < 65% percentile,4.095825,0.04371015,0.03776502,0.05026224
BAI < 65% percentile,4.098563,0.04371015,0.03776502,0.05026224
BAI < 65% percentile,4.1013,0.04395545,0.03799315,0.05052406
BAI < 65% percentile,4.126027,0.04395545,0.03799315,0.05052406
BAI < 65% percentile,4.131417,0.04420074,0.03822135,0.05078582
BAI < 65% percentile,4.131507,0.04420074,0.03822135,0.05078582
BAI < 65% percentile,4.136986,0.04420074,0.03822135,0.05078582
BAI < 65% percentile,4.13963,0.04420074,0.03822135,0.05078582
BAI < 65% percentile,4.139726,0.04444603,0.03844959,0.05104754
BAI < 65% percentile,4.145205,0.04444603,0.03844959,0.05104754
BAI < 65% percentile,4.150582,0.04444603,0.03844959,0.05104754
BAI < 65% percentile,4.15332,0.04444603,0.03844959,0.05104754
BAI < 65% percentile,4.161644,0.04444603,0.03844959,0.05104754
BAI < 65% percentile,4.172485,0.04469133,0.03867789,0.0513092
BAI < 65% percentile,4.172603,0.04493662,0.03890624,0.0515708
BAI < 65% percentile,4.194387,0.04542721,0.0393631,0.05209386
BAI < 65% percentile,4.20274,0.04542721,0.0393631,0.05209386
BAI < 65% percentile,4.213552,0.0456725,0.03959161,0.05235531
BAI < 65% percentile,4.21629,0.04591779,0.03982017,0.05261672
BAI < 65% percentile,4.227242,0.04616309,0.04004879,0.05287807
BAI < 65% percentile,4.232717,0.04640838,0.04027745,0.05313937
BAI < 65% percentile,4.235616,0.04640838,0.04027745,0.05313937
BAI < 65% percentile,4.243836,0.04665367,0.04050616,0.05340062
BAI < 65% percentile,4.251882,0.04689897,0.04073493,0.05366182
BAI < 65% percentile,4.257358,0.04714426,0.04096374,0.05392298
BAI < 65% percentile,4.260274,0.04714426,0.04096374,0.05392298
BAI < 65% percentile,4.276712,0.04714426,0.04096374,0.05392298
BAI < 65% percentile,4.281999,0.04738962,0.04119266,0.05418416
BAI < 65% percentile,4.284736,0.04763498,0.04142163,0.05444529
BAI < 65% percentile,4.287474,0.04763498,0.04142163,0.05444529
BAI < 65% percentile,4.290212,0.04788034,0.04165064,0.05470637
BAI < 65% percentile,4.301164,0.04788034,0.04165064,0.05470637
BAI < 65% percentile,4.30137,0.04788034,0.04165064,0.05470637
BAI < 65% percentile,4.30411,0.04837119,0.04210894,0.05522855
BAI < 65% percentile,4.312329,0.04837119,0.04210894,0.05522855
BAI < 65% percentile,4.315068,0.04861668,0.04233821,0.05548965
BAI < 65% percentile,4.325804,0.04861668,0.04233821,0.05548965
BAI < 65% percentile,4.336756,0.04886217,0.04256754,0.05575069
BAI < 65% percentile,4.342231,0.04886217,0.04256754,0.05575069
BAI < 65% percentile,4.347945,0.04886217,0.04256754,0.05575069
BAI < 65% percentile,4.353425,0.04886217,0.04256754,0.05575069
BAI < 65% percentile,4.372348,0.04886217,0.04256754,0.05575069
BAI < 65% percentile,4.375086,0.04886217,0.04256754,0.05575069
BAI < 65% percentile,4.391781,0.04886217,0.04256754,0.05575069
BAI < 65% percentile,4.402464,0.04910779,0.04279702,0.05601185
BAI < 65% percentile,4.40794,0.04935342,0.04302655,0.05627295
BAI < 65% percentile,4.429843,0.04984467,0.04348576,0.05679503
BAI < 65% percentile,4.435318,0.04984467,0.04348576,0.05679503
BAI < 65% percentile,4.435616,0.04984467,0.04348576,0.05679503
BAI < 65% percentile,4.446575,0.04984467,0.04348576,0.05679503
BAI < 65% percentile,4.452055,0.04984467,0.04348576,0.05679503
BAI < 65% percentile,4.454795,0.04984467,0.04348576,0.05679503
BAI < 65% percentile,4.460274,0.04984467,0.04348576,0.05679503
BAI < 65% percentile,4.468172,0.05009036,0.04371549,0.05705608
BAI < 65% percentile,4.487671,0.05009036,0.04371549,0.05705608
BAI < 65% percentile,4.49863,0.05009036,0.04371549,0.05705608
BAI < 65% percentile,4.520192,0.05033605,0.04394526,0.05731708
BAI < 65% percentile,4.526027,0.05033605,0.04394526,0.05731708
BAI < 65% percentile,4.531143,0.05058174,0.04417508,0.05757803
BAI < 65% percentile,4.536619,0.05082743,0.04440494,0.05783895
BAI < 65% percentile,4.539726,0.05082743,0.04440494,0.05783895
BAI < 65% percentile,4.544832,0.05082743,0.04440494,0.05783895
BAI < 65% percentile,4.558522,0.05082743,0.04440494,0.05783895
BAI < 65% percentile,4.564384,0.05107319,0.04463491,0.05809989
BAI < 65% percentile,4.569473,0.05131895,0.04486492,0.05836079
BAI < 65% percentile,4.574949,0.05131895,0.04486492,0.05836079
BAI < 65% percentile,4.577687,0.05131895,0.04486492,0.05836079
BAI < 65% percentile,4.583562,0.05156477,0.04509503,0.05862173
BAI < 65% percentile,4.588638,0.0518106,0.04532519,0.05888262
BAI < 65% percentile,4.591376,0.05205642,0.04555539,0.05914347
BAI < 65% percentile,4.616016,0.05230225,0.04578564,0.05940428
BAI < 65% percentile,4.632444,0.0527939,0.04624625,0.05992576
BAI < 65% percentile,4.635616,0.0527939,0.04624625,0.05992576
BAI < 65% percentile,4.640657,0.0527939,0.04624625,0.05992576
BAI < 65% percentile,4.643395,0.0527939,0.04624625,0.05992576
BAI < 65% percentile,4.671233,0.0527939,0.04624625,0.05992576
BAI < 65% percentile,4.69863,0.05303979,0.04647668,0.06018652
BAI < 65% percentile,4.709103,0.05303979,0.04647668,0.06018652
BAI < 65% percentile,4.709589,0.05303979,0.04647668,0.06018652
BAI < 65% percentile,4.714579,0.05328575,0.04670721,0.06044731
BAI < 65% percentile,4.731507,0.05328575,0.04670721,0.06044731
BAI < 65% percentile,4.747945,0.05328575,0.04670721,0.06044731
BAI < 65% percentile,4.756164,0.05328575,0.04670721,0.06044731
BAI < 65% percentile,4.761644,0.05328575,0.04670721,0.06044731
BAI < 65% percentile,4.794521,0.05328575,0.04670721,0.06044731
BAI < 65% percentile,4.824093,0.05353171,0.04693779,0.06070806
BAI < 65% percentile,4.826831,0.05353171,0.04693779,0.06070806
BAI < 65% percentile,4.827397,0.05353171,0.04693779,0.06070806
BAI < 65% percentile,4.835044,0.05353171,0.04693779,0.06070806
BAI < 65% percentile,4.848734,0.05353171,0.04693779,0.06070806
BAI < 65% percentile,4.857534,0.05353171,0.04693779,0.06070806
BAI < 65% percentile,4.871233,0.05353171,0.04693779,0.06070806
BAI < 65% percentile,4.922656,0.05377767,0.0471684,0.06096877
BAI < 65% percentile,4.925394,0.05402363,0.04739906,0.06122944
BAI < 65% percentile,4.939083,0.05402363,0.04739906,0.06122944
BAI < 65% percentile,4.944559,0.05426959,0.04762975,0.06149007
BAI < 65% percentile,4.958248,0.05451555,0.04786049,0.06175065
BAI < 65% percentile,4.960986,0.05500746,0.04832208,0.06227171
BAI < 65% percentile,4.971937,0.05500746,0.04832208,0.06227171
BAI < 65% percentile,4.972603,0.05500746,0.04832208,0.06227171
BAI < 65% percentile,4.975342,0.05500746,0.04832208,0.06227171
BAI < 65% percentile,4.978082,0.05500746,0.04832208,0.06227171
BAI < 65% percentile,5.002053,0.05525356,0.04855306,0.06253233
BAI < 65% percentile,5.004791,0.05549965,0.04878408,0.06279292
BAI < 65% percentile,5.010267,0.05549965,0.04878408,0.06279292
BAI < 65% percentile,5.021918,0.05549965,0.04878408,0.06279292
BAI < 65% percentile,5.043836,0.05549965,0.04878408,0.06279292
BAI < 65% percentile,5.060274,0.05549965,0.04878408,0.06279292
BAI < 65% percentile,5.065024,0.05549965,0.04878408,0.06279292
BAI < 65% percentile,5.071233,0.05549965,0.04878408,0.06279292
BAI < 65% percentile,5.081451,0.05549965,0.04878408,0.06279292
BAI < 65% percentile,5.089665,0.05574588,0.04901525,0.06305362
BAI < 65% percentile,5.090411,0.05574588,0.04901525,0.06305362
BAI < 65% percentile,5.09863,0.05599211,0.04924647,0.06331427
BAI < 65% percentile,5.114305,0.05623834,0.04947772,0.0635749
BAI < 65% percentile,5.120548,0.05623834,0.04947772,0.0635749
BAI < 65% percentile,5.125257,0.05623834,0.04947772,0.0635749
BAI < 65% percentile,5.127995,0.05648458,0.04970901,0.06383548
BAI < 65% percentile,5.130732,0.05673081,0.04994034,0.06409602
BAI < 65% percentile,5.139726,0.05673081,0.04994034,0.06409602
BAI < 65% percentile,5.152635,0.05697704,0.05017171,0.06435653
BAI < 65% percentile,5.169863,0.05697704,0.05017171,0.06435653
BAI < 65% percentile,5.177276,0.05697704,0.05017171,0.06435653
BAI < 65% percentile,5.185489,0.05722333,0.05040318,0.06461707
BAI < 65% percentile,5.194521,0.05722333,0.05040318,0.06461707
BAI < 65% percentile,5.20274,0.05722333,0.05040318,0.06461707
BAI < 65% percentile,5.218344,0.05722333,0.05040318,0.06461707
BAI < 65% percentile,5.232877,0.05746963,0.05063468,0.06487758
BAI < 65% percentile,5.234771,0.05771593,0.05086623,0.06513805
BAI < 65% percentile,5.251198,0.05796223,0.05109781,0.06539849
BAI < 65% percentile,5.254795,0.05796223,0.05109781,0.06539849
BAI < 65% percentile,5.284932,0.05796223,0.05109781,0.06539849
BAI < 65% percentile,5.292266,0.05820853,0.05132942,0.06565889
BAI < 65% percentile,5.295003,0.05820853,0.05132942,0.06565889
BAI < 65% percentile,5.30137,0.05820853,0.05132942,0.06565889
BAI < 65% percentile,5.368925,0.05820853,0.05132942,0.06565889
BAI < 65% percentile,5.377139,0.05820853,0.05132942,0.06565889
BAI < 65% percentile,5.382615,0.05820853,0.05132942,0.06565889
BAI < 65% percentile,5.383562,0.05820853,0.05132942,0.06565889
BAI < 65% percentile,5.39726,0.05820853,0.05132942,0.06565889
BAI < 65% percentile,5.405479,0.05845503,0.05156126,0.06591948
BAI < 65% percentile,5.409993,0.05845503,0.05156126,0.06591948
BAI < 65% percentile,5.419178,0.05845503,0.05156126,0.06591948
BAI < 65% percentile,5.420945,0.05870154,0.05179313,0.06618003
BAI < 65% percentile,5.42642,0.05894804,0.05202504,0.06644055
BAI < 65% percentile,5.435616,0.05894804,0.05202504,0.06644055
BAI < 65% percentile,5.442847,0.05919455,0.05225699,0.06670104
BAI < 65% percentile,5.459274,0.05919455,0.05225699,0.06670104
BAI < 65% percentile,5.463014,0.05944112,0.05248903,0.06696157
BAI < 65% percentile,5.473973,0.05944112,0.05248903,0.06696157
BAI < 65% percentile,5.479452,0.05968769,0.05272111,0.06722206
BAI < 65% percentile,5.481177,0.05968769,0.05272111,0.06722206
BAI < 65% percentile,5.484932,0.05968769,0.05272111,0.06722206
BAI < 65% percentile,5.486653,0.05968769,0.05272111,0.06722206
BAI < 65% percentile,5.494867,0.05968769,0.05272111,0.06722206
BAI < 65% percentile,5.49589,0.05968769,0.05272111,0.06722206
BAI < 65% percentile,5.50411,0.05968769,0.05272111,0.06722206
BAI < 65% percentile,5.505818,0.05968769,0.05272111,0.06722206
BAI < 65% percentile,5.509589,0.05968769,0.05272111,0.06722206
BAI < 65% percentile,5.511294,0.05993427,0.05295322,0.06748251
BAI < 65% percentile,5.514031,0.05993427,0.05295322,0.06748251
BAI < 65% percentile,5.524983,0.06042755,0.05341768,0.06800347
BAI < 65% percentile,5.535934,0.06067426,0.05365003,0.06826398
BAI < 65% percentile,5.536986,0.06067426,0.05365003,0.06826398
BAI < 65% percentile,5.542466,0.06067426,0.05365003,0.06826398
BAI < 65% percentile,5.553425,0.06092104,0.05388247,0.06852452
BAI < 65% percentile,5.557837,0.06092104,0.05388247,0.06852452
BAI < 65% percentile,5.561644,0.06092104,0.05388247,0.06852452
BAI < 65% percentile,5.564384,0.06092104,0.05388247,0.06852452
BAI < 65% percentile,5.575342,0.06116782,0.05411494,0.06878504
BAI < 65% percentile,5.583562,0.0614146,0.05434745,0.06904552
BAI < 65% percentile,5.594521,0.06166138,0.05457999,0.06930596
BAI < 65% percentile,5.598905,0.06190816,0.05481257,0.06956638
BAI < 65% percentile,5.608219,0.06190816,0.05481257,0.06956638
BAI < 65% percentile,5.609856,0.06190816,0.05481257,0.06956638
BAI < 65% percentile,5.612594,0.06215501,0.05504525,0.06982683
BAI < 65% percentile,5.61807,0.06215501,0.05504525,0.06982683
BAI < 65% percentile,5.631759,0.06215501,0.05504525,0.06982683
BAI < 65% percentile,5.637235,0.06240193,0.05527801,0.07008733
BAI < 65% percentile,5.639973,0.06240193,0.05527801,0.07008733
BAI < 65% percentile,5.649315,0.06240193,0.05527801,0.07008733
BAI < 65% percentile,5.659138,0.06240193,0.05527801,0.07008733
BAI < 65% percentile,5.663014,0.06240193,0.05527801,0.07008733
BAI < 65% percentile,5.670089,0.06264892,0.05551088,0.07034788
BAI < 65% percentile,5.676712,0.06289598,0.05574384,0.07060847
BAI < 65% percentile,5.683778,0.06314304,0.05597683,0.07086903
BAI < 65% percentile,5.686516,0.0633901,0.05620986,0.07112955
BAI < 65% percentile,5.687671,0.0633901,0.05620986,0.07112955
BAI < 65% percentile,5.693151,0.0633901,0.05620986,0.07112955
BAI < 65% percentile,5.69589,0.0633901,0.05620986,0.07112955
BAI < 65% percentile,5.69863,0.0633901,0.05620986,0.07112955
BAI < 65% percentile,5.706849,0.0633901,0.05620986,0.07112955
BAI < 65% percentile,5.708419,0.0633901,0.05620986,0.07112955
BAI < 65% percentile,5.71937,0.06363723,0.05644298,0.07139012
BAI < 65% percentile,5.727584,0.06388436,0.05667614,0.07165066
BAI < 65% percentile,5.73306,0.06388436,0.05667614,0.07165066
BAI < 65% percentile,5.734247,0.06388436,0.05667614,0.07165066
BAI < 65% percentile,5.735797,0.06388436,0.05667614,0.07165066
BAI < 65% percentile,5.742466,0.06388436,0.05667614,0.07165066
BAI < 65% percentile,5.749487,0.06388436,0.05667614,0.07165066
BAI < 65% percentile,5.750685,0.06388436,0.05667614,0.07165066
BAI < 65% percentile,5.753425,0.06388436,0.05667614,0.07165066
BAI < 65% percentile,5.758904,0.06388436,0.05667614,0.07165066
BAI < 65% percentile,5.760438,0.06413177,0.05690957,0.07191148
BAI < 65% percentile,5.761644,0.06413177,0.05690957,0.07191148
BAI < 65% percentile,5.764384,0.06413177,0.05690957,0.07191148
BAI < 65% percentile,5.765914,0.06437918,0.05714304,0.07217226
BAI < 65% percentile,5.780822,0.06462659,0.05737655,0.07243302
BAI < 65% percentile,5.785079,0.06487399,0.05761008,0.07269374
BAI < 65% percentile,5.787817,0.06487399,0.05761008,0.07269374
BAI < 65% percentile,5.789041,0.06487399,0.05761008,0.07269374
BAI < 65% percentile,5.791781,0.06487399,0.05761008,0.07269374
BAI < 65% percentile,5.805479,0.06512147,0.05784371,0.07295451
BAI < 65% percentile,5.806982,0.06536895,0.05807737,0.07321525
BAI < 65% percentile,5.809719,0.06536895,0.05807737,0.07321525
BAI < 65% percentile,5.812457,0.06536895,0.05807737,0.07321525
BAI < 65% percentile,5.813699,0.06536895,0.05807737,0.07321525
BAI < 65% percentile,5.819178,0.06536895,0.05807737,0.07321525
BAI < 65% percentile,5.823409,0.06536895,0.05807737,0.07321525
BAI < 65% percentile,5.83436,0.06536895,0.05807737,0.07321525
BAI < 65% percentile,5.837098,0.06536895,0.05807737,0.07321525
BAI < 65% percentile,5.842574,0.06536895,0.05807737,0.07321525
BAI < 65% percentile,5.845311,0.06536895,0.05807737,0.07321525
BAI < 65% percentile,5.846575,0.06536895,0.05807737,0.07321525
BAI < 65% percentile,5.853525,0.06561672,0.05831132,0.07347627
BAI < 65% percentile,5.856263,0.06561672,0.05831132,0.07347627
BAI < 65% percentile,5.859001,0.06561672,0.05831132,0.07347627
BAI < 65% percentile,5.861739,0.06561672,0.05831132,0.07347627
BAI < 65% percentile,5.863014,0.06561672,0.05831132,0.07347627
BAI < 65% percentile,5.864476,0.06561672,0.05831132,0.07347627
BAI < 65% percentile,5.865753,0.06561672,0.05831132,0.07347627
BAI < 65% percentile,5.867214,0.06561672,0.05831132,0.07347627
BAI < 65% percentile,5.880903,0.06561672,0.05831132,0.07347627
BAI < 65% percentile,5.886379,0.06561672,0.05831132,0.07347627
BAI < 65% percentile,5.894593,0.06561672,0.05831132,0.07347627
BAI < 65% percentile,5.897331,0.06586519,0.05854592,0.07373806
BAI < 65% percentile,5.89863,0.06611367,0.05878056,0.07399982
BAI < 65% percentile,5.902806,0.06611367,0.05878056,0.07399982
BAI < 65% percentile,5.90411,0.06636214,0.05901523,0.07426155
BAI < 65% percentile,5.908282,0.06636214,0.05901523,0.07426155
BAI < 65% percentile,5.91102,0.06636214,0.05901523,0.07426155
BAI < 65% percentile,5.916496,0.06636214,0.05901523,0.07426155
BAI < 65% percentile,5.919233,0.06636214,0.05901523,0.07426155
BAI < 65% percentile,5.921971,0.0668598,0.0594853,0.0747857
BAI < 65% percentile,5.935661,0.0668598,0.0594853,0.0747857
BAI < 65% percentile,5.938398,0.06710863,0.05972038,0.07504774
BAI < 65% percentile,5.939726,0.06735754,0.05995556,0.07530982
BAI < 65% percentile,5.942466,0.06735754,0.05995556,0.07530982
BAI < 65% percentile,5.946612,0.06735754,0.05995556,0.07530982
BAI < 65% percentile,5.954825,0.06735754,0.05995556,0.07530982
BAI < 65% percentile,5.956164,0.06735754,0.05995556,0.07530982
BAI < 65% percentile,5.957563,0.06735754,0.05995556,0.07530982
BAI < 65% percentile,5.963039,0.06760659,0.0601909,0.07557203
BAI < 65% percentile,5.965777,0.06785563,0.06042627,0.07583421
BAI < 65% percentile,5.968515,0.06785563,0.06042627,0.07583421
BAI < 65% percentile,5.978082,0.06785563,0.06042627,0.07583421
BAI < 65% percentile,5.984942,0.06785563,0.06042627,0.07583421
BAI < 65% percentile,5.98768,0.06785563,0.06042627,0.07583421
BAI < 65% percentile,5.990418,0.06810504,0.06066198,0.07609676
BAI < 65% percentile,5.99726,0.06810504,0.06066198,0.07609676
BAI < 65% percentile,6.005479,0.06810504,0.06066198,0.07609676
BAI < 65% percentile,6.006845,0.06835452,0.0608978,0.07635936
BAI < 65% percentile,6.009582,0.06835452,0.0608978,0.07635936
BAI < 65% percentile,6.015058,0.068604,0.06113364,0.07662193
BAI < 65% percentile,6.028747,0.068604,0.06113364,0.07662193
BAI < 65% percentile,6.036961,0.068604,0.06113364,0.07662193
BAI < 65% percentile,6.038356,0.068604,0.06113364,0.07662193
BAI < 65% percentile,6.047912,0.068604,0.06113364,0.07662193
BAI < 65% percentile,6.05065,0.068604,0.06113364,0.07662193
BAI < 65% percentile,6.052055,0.06885377,0.06136978,0.0768848
BAI < 65% percentile,6.053388,0.06885377,0.06136978,0.0768848
BAI < 65% percentile,6.068493,0.06885377,0.06136978,0.0768848
BAI < 65% percentile,6.072553,0.06885377,0.06136978,0.0768848
BAI < 65% percentile,6.075291,0.06885377,0.06136978,0.0768848
BAI < 65% percentile,6.078029,0.06885377,0.06136978,0.0768848
BAI < 65% percentile,6.083504,0.06885377,0.06136978,0.0768848
BAI < 65% percentile,6.084932,0.06885377,0.06136978,0.0768848
BAI < 65% percentile,6.086242,0.06885377,0.06136978,0.0768848
BAI < 65% percentile,6.08898,0.06885377,0.06136978,0.0768848
BAI < 65% percentile,6.094456,0.06885377,0.06136978,0.0768848
BAI < 65% percentile,6.09589,0.06885377,0.06136978,0.0768848
BAI < 65% percentile,6.105407,0.06885377,0.06136978,0.0768848
BAI < 65% percentile,6.110883,0.06885377,0.06136978,0.0768848
BAI < 65% percentile,6.113621,0.06885377,0.06136978,0.0768848
BAI < 65% percentile,6.116359,0.06885377,0.06136978,0.0768848
BAI < 65% percentile,6.119097,0.06885377,0.06136978,0.0768848
BAI < 65% percentile,6.12731,0.06885377,0.06136978,0.0768848
BAI < 65% percentile,6.130048,0.06885377,0.06136978,0.0768848
BAI < 65% percentile,6.143737,0.06885377,0.06136978,0.0768848
BAI < 65% percentile,6.146475,0.06885377,0.06136978,0.0768848
BAI < 65% percentile,6.149213,0.06885377,0.06136978,0.0768848
BAI < 65% percentile,6.151951,0.06885377,0.06136978,0.0768848
BAI < 65% percentile,6.154689,0.06885377,0.06136978,0.0768848
BAI < 65% percentile,6.162902,0.06885377,0.06136978,0.0768848
BAI < 65% percentile,6.16564,0.06885377,0.06136978,0.0768848
BAI < 65% percentile,6.169863,0.06885377,0.06136978,0.0768848
BAI < 65% percentile,6.171116,0.06885377,0.06136978,0.0768848
BAI < 65% percentile,6.172603,0.06910618,0.06160829,0.07715059
BAI < 65% percentile,6.173854,0.06910618,0.06160829,0.07715059
BAI < 65% percentile,6.179329,0.06910618,0.06160829,0.07715059
BAI < 65% percentile,6.180822,0.06935875,0.06184696,0.07741652
BAI < 65% percentile,6.182067,0.06935875,0.06184696,0.07741652
BAI < 65% percentile,6.183562,0.06935875,0.06184696,0.07741652
BAI < 65% percentile,6.184805,0.06935875,0.06184696,0.07741652
BAI < 65% percentile,6.187543,0.06935875,0.06184696,0.07741652
BAI < 65% percentile,6.190281,0.06935875,0.06184696,0.07741652
BAI < 65% percentile,6.201232,0.06935875,0.06184696,0.07741652
BAI < 65% percentile,6.20397,0.06935875,0.06184696,0.07741652
BAI < 65% percentile,6.206708,0.06961168,0.062086,0.07768283
BAI < 65% percentile,6.209446,0.06961168,0.062086,0.07768283
BAI < 65% percentile,6.210959,0.06961168,0.062086,0.07768283
BAI < 65% percentile,6.213699,0.06961168,0.062086,0.07768283
BAI < 65% percentile,6.214921,0.06961168,0.062086,0.07768283
BAI < 65% percentile,6.220397,0.06961168,0.062086,0.07768283
BAI < 65% percentile,6.225873,0.06961168,0.062086,0.07768283
BAI < 65% percentile,6.228611,0.06961168,0.062086,0.07768283
BAI < 65% percentile,6.234086,0.06961168,0.062086,0.07768283
BAI < 65% percentile,6.2423,0.06961168,0.062086,0.07768283
BAI < 65% percentile,6.245038,0.06961168,0.062086,0.07768283
BAI < 65% percentile,6.247775,0.06961168,0.062086,0.07768283
BAI < 65% percentile,6.250513,0.06961168,0.062086,0.07768283
BAI < 65% percentile,6.254795,0.06961168,0.062086,0.07768283
BAI < 65% percentile,6.258727,0.06961168,0.062086,0.07768283
BAI < 65% percentile,6.261465,0.06961168,0.062086,0.07768283
BAI < 65% percentile,6.264203,0.06961168,0.062086,0.07768283
BAI < 65% percentile,6.26694,0.06961168,0.062086,0.07768283
BAI < 65% percentile,6.268493,0.06961168,0.062086,0.07768283
BAI < 65% percentile,6.269678,0.06961168,0.062086,0.07768283
BAI < 65% percentile,6.272416,0.06961168,0.062086,0.07768283
BAI < 65% percentile,6.275154,0.06961168,0.062086,0.07768283
BAI < 65% percentile,6.276712,0.06961168,0.062086,0.07768283
BAI < 65% percentile,6.277892,0.06961168,0.062086,0.07768283
BAI < 65% percentile,6.28063,0.06961168,0.062086,0.07768283
BAI < 65% percentile,6.283368,0.06961168,0.062086,0.07768283
BAI < 65% percentile,6.286105,0.06961168,0.062086,0.07768283
BAI < 65% percentile,6.287671,0.06961168,0.062086,0.07768283
BAI < 65% percentile,6.290411,0.06961168,0.062086,0.07768283
BAI < 65% percentile,6.297057,0.06961168,0.062086,0.07768283
BAI < 65% percentile,6.299795,0.06961168,0.062086,0.07768283
BAI < 65% percentile,6.302533,0.06961168,0.062086,0.07768283
BAI < 65% percentile,6.30527,0.06961168,0.062086,0.07768283
BAI < 65% percentile,6.308008,0.06961168,0.062086,0.07768283
BAI < 65% percentile,6.316222,0.06961168,0.062086,0.07768283
BAI < 65% percentile,6.320548,0.06961168,0.062086,0.07768283
BAI < 65% percentile,6.321697,0.06961168,0.062086,0.07768283
BAI < 65% percentile,6.324435,0.06961168,0.062086,0.07768283
BAI < 65% percentile,6.327173,0.06961168,0.062086,0.07768283
BAI < 65% percentile,6.329911,0.06961168,0.062086,0.07768283
BAI < 65% percentile,6.332649,0.06961168,0.062086,0.07768283
BAI < 65% percentile,6.335387,0.06961168,0.062086,0.07768283
BAI < 65% percentile,6.336986,0.06986827,0.0623283,0.0779532
BAI < 65% percentile,6.338125,0.06986827,0.0623283,0.0779532
BAI < 65% percentile,6.340862,0.06986827,0.0623283,0.0779532
BAI < 65% percentile,6.3436,0.06986827,0.0623283,0.0779532
BAI < 65% percentile,6.346338,0.06986827,0.0623283,0.0779532
BAI < 65% percentile,6.347945,0.06986827,0.0623283,0.0779532
BAI < 65% percentile,6.349076,0.06986827,0.0623283,0.0779532
BAI < 65% percentile,6.351814,0.06986827,0.0623283,0.0779532
BAI < 65% percentile,6.354552,0.06986827,0.0623283,0.0779532
BAI < 65% percentile,6.35729,0.06986827,0.0623283,0.0779532
BAI < 65% percentile,6.362765,0.06986827,0.0623283,0.0779532
BAI < 65% percentile,6.365503,0.07012625,0.06257188,0.07822511
BAI < 65% percentile,6.367123,0.07038423,0.06281549,0.07849698
BAI < 65% percentile,6.368241,0.07038423,0.06281549,0.07849698
BAI < 65% percentile,6.370979,0.07038423,0.06281549,0.07849698
BAI < 65% percentile,6.373717,0.07038423,0.06281549,0.07849698
BAI < 65% percentile,6.376454,0.07038423,0.06281549,0.07849698
BAI < 65% percentile,6.379192,0.07038423,0.06281549,0.07849698
BAI < 65% percentile,6.380822,0.070643,0.06305983,0.07876969
BAI < 65% percentile,6.38193,0.070643,0.06305983,0.07876969
BAI < 65% percentile,6.386301,0.07116069,0.06354874,0.07931519
BAI < 65% percentile,6.387406,0.07116069,0.06354874,0.07931519
BAI < 65% percentile,6.390144,0.07116069,0.06354874,0.07931519
BAI < 65% percentile,6.392882,0.07116069,0.06354874,0.07931519
BAI < 65% percentile,6.395619,0.07116069,0.06354874,0.07931519
BAI < 65% percentile,6.398357,0.07116069,0.06354874,0.07931519
BAI < 65% percentile,6.406571,0.07116069,0.06354874,0.07931519
BAI < 65% percentile,6.410959,0.07116069,0.06354874,0.07931519
BAI < 65% percentile,6.412047,0.07116069,0.06354874,0.07931519
BAI < 65% percentile,6.414784,0.07116069,0.06354874,0.07931519
BAI < 65% percentile,6.417522,0.07116069,0.06354874,0.07931519
BAI < 65% percentile,6.42026,0.07116069,0.06354874,0.07931519
BAI < 65% percentile,6.421918,0.07116069,0.06354874,0.07931519
BAI < 65% percentile,6.422998,0.07116069,0.06354874,0.07931519
BAI < 65% percentile,6.425736,0.07116069,0.06354874,0.07931519
BAI < 65% percentile,6.427397,0.07116069,0.06354874,0.07931519
BAI < 65% percentile,6.431211,0.07116069,0.06354874,0.07931519
BAI < 65% percentile,6.433949,0.07116069,0.06354874,0.07931519
BAI < 65% percentile,6.436687,0.07116069,0.06354874,0.07931519
BAI < 65% percentile,6.439425,0.07116069,0.06354874,0.07931519
BAI < 65% percentile,6.447639,0.07116069,0.06354874,0.07931519
BAI < 65% percentile,6.450376,0.07116069,0.06354874,0.07931519
BAI < 65% percentile,6.453114,0.07116069,0.06354874,0.07931519
BAI < 65% percentile,6.45859,0.07116069,0.06354874,0.07931519
BAI < 65% percentile,6.464066,0.07116069,0.06354874,0.07931519
BAI < 65% percentile,6.469541,0.07116069,0.06354874,0.07931519
BAI < 65% percentile,6.471233,0.07142305,0.06379636,0.07959184
BAI < 65% percentile,6.477755,0.07142305,0.06379636,0.07959184
BAI < 65% percentile,6.485969,0.07142305,0.06379636,0.07959184
BAI < 65% percentile,6.493151,0.07142305,0.06379636,0.07959184
BAI < 65% percentile,6.494182,0.07142305,0.06379636,0.07959184
BAI < 65% percentile,6.49692,0.07142305,0.06379636,0.07959184
BAI < 65% percentile,6.49863,0.07142305,0.06379636,0.07959184
BAI < 65% percentile,6.50137,0.07142305,0.06379636,0.07959184
BAI < 65% percentile,6.502396,0.07142305,0.06379636,0.07959184
BAI < 65% percentile,6.505133,0.07142305,0.06379636,0.07959184
BAI < 65% percentile,6.506849,0.07142305,0.06379636,0.07959184
BAI < 65% percentile,6.507871,0.07142305,0.06379636,0.07959184
BAI < 65% percentile,6.509589,0.07142305,0.06379636,0.07959184
BAI < 65% percentile,6.510609,0.07142305,0.06379636,0.07959184
BAI < 65% percentile,6.513347,0.07142305,0.06379636,0.07959184
BAI < 65% percentile,6.516085,0.07142305,0.06379636,0.07959184
BAI < 65% percentile,6.527036,0.07142305,0.06379636,0.07959184
BAI < 65% percentile,6.532512,0.07142305,0.06379636,0.07959184
BAI < 65% percentile,6.534247,0.07142305,0.06379636,0.07959184
BAI < 65% percentile,6.53525,0.07142305,0.06379636,0.07959184
BAI < 65% percentile,6.537988,0.07142305,0.06379636,0.07959184
BAI < 65% percentile,6.542466,0.07142305,0.06379636,0.07959184
BAI < 65% percentile,6.543463,0.07142305,0.06379636,0.07959184
BAI < 65% percentile,6.546201,0.07142305,0.06379636,0.07959184
BAI < 65% percentile,6.547945,0.07142305,0.06379636,0.07959184
BAI < 65% percentile,6.548939,0.07142305,0.06379636,0.07959184
BAI < 65% percentile,6.551677,0.07142305,0.06379636,0.07959184
BAI < 65% percentile,6.554415,0.07142305,0.06379636,0.07959184
BAI < 65% percentile,6.556164,0.07195387,0.0642971,0.08015186
BAI < 65% percentile,6.557153,0.07195387,0.0642971,0.08015186
BAI < 65% percentile,6.568104,0.07195387,0.0642971,0.08015186
BAI < 65% percentile,6.570842,0.07195387,0.0642971,0.08015186
BAI < 65% percentile,6.57358,0.07195387,0.0642971,0.08015186
BAI < 65% percentile,6.575342,0.07195387,0.0642971,0.08015186
BAI < 65% percentile,6.581793,0.07195387,0.0642971,0.08015186
BAI < 65% percentile,6.584531,0.07195387,0.0642971,0.08015186
BAI < 65% percentile,6.587269,0.07195387,0.0642971,0.08015186
BAI < 65% percentile,6.590007,0.07195387,0.0642971,0.08015186
BAI < 65% percentile,6.592745,0.07195387,0.0642971,0.08015186
BAI < 65% percentile,6.59822,0.07195387,0.0642971,0.08015186
BAI < 65% percentile,6.6,0.07195387,0.0642971,0.08015186
BAI < 65% percentile,6.603696,0.07195387,0.0642971,0.08015186
BAI < 65% percentile,6.606434,0.07195387,0.0642971,0.08015186
BAI < 65% percentile,6.61191,0.07195387,0.0642971,0.08015186
BAI < 65% percentile,6.614648,0.07195387,0.0642971,0.08015186
BAI < 65% percentile,6.617385,0.07195387,0.0642971,0.08015186
BAI < 65% percentile,6.620123,0.07195387,0.0642971,0.08015186
BAI < 65% percentile,6.622861,0.07195387,0.0642971,0.08015186
BAI < 65% percentile,6.625599,0.07195387,0.0642971,0.08015186
BAI < 65% percentile,6.628337,0.07195387,0.0642971,0.08015186
BAI < 65% percentile,6.630137,0.07195387,0.0642971,0.08015186
BAI < 65% percentile,6.631075,0.07195387,0.0642971,0.08015186
BAI < 65% percentile,6.633812,0.07195387,0.0642971,0.08015186
BAI < 65% percentile,6.635616,0.07222205,0.06454997,0.08043494
BAI < 65% percentile,6.642026,0.07222205,0.06454997,0.08043494
BAI < 65% percentile,6.644764,0.07222205,0.06454997,0.08043494
BAI < 65% percentile,6.647502,0.07222205,0.06454997,0.08043494
BAI < 65% percentile,6.65024,0.07222205,0.06454997,0.08043494
BAI < 65% percentile,6.652055,0.07222205,0.06454997,0.08043494
BAI < 65% percentile,6.652977,0.07222205,0.06454997,0.08043494
BAI < 65% percentile,6.655715,0.07222205,0.06454997,0.08043494
BAI < 65% percentile,6.661191,0.07222205,0.06454997,0.08043494
BAI < 65% percentile,6.663929,0.07222205,0.06454997,0.08043494
BAI < 65% percentile,6.666667,0.07222205,0.06454997,0.08043494
BAI < 65% percentile,6.669405,0.07222205,0.06454997,0.08043494
BAI < 65% percentile,6.671233,0.07222205,0.06454997,0.08043494
BAI < 65% percentile,6.672142,0.07222205,0.06454997,0.08043494
BAI < 65% percentile,6.67488,0.07222205,0.06454997,0.08043494
BAI < 65% percentile,6.677618,0.07222205,0.06454997,0.08043494
BAI < 65% percentile,6.680356,0.07222205,0.06454997,0.08043494
BAI < 65% percentile,6.683094,0.07222205,0.06454997,0.08043494
BAI < 65% percentile,6.685832,0.07222205,0.06454997,0.08043494
BAI < 65% percentile,6.687671,0.07222205,0.06454997,0.08043494
BAI < 65% percentile,6.688569,0.07222205,0.06454997,0.08043494
BAI < 65% percentile,6.691307,0.07222205,0.06454997,0.08043494
BAI < 65% percentile,6.69589,0.07222205,0.06454997,0.08043494
BAI < 65% percentile,6.696783,0.07222205,0.06454997,0.08043494
BAI < 65% percentile,6.704997,0.07222205,0.06454997,0.08043494
BAI < 65% percentile,6.707734,0.07222205,0.06454997,0.08043494
BAI < 65% percentile,6.709589,0.07222205,0.06454997,0.08043494
BAI < 65% percentile,6.712329,0.07249326,0.06480554,0.08072137
BAI < 65% percentile,6.71321,0.07249326,0.06480554,0.08072137
BAI < 65% percentile,6.715068,0.07249326,0.06480554,0.08072137
BAI < 65% percentile,6.718686,0.07249326,0.06480554,0.08072137
BAI < 65% percentile,6.721424,0.07249326,0.06480554,0.08072137
BAI < 65% percentile,6.724162,0.07249326,0.06480554,0.08072137
BAI < 65% percentile,6.726899,0.07249326,0.06480554,0.08072137
BAI < 65% percentile,6.729637,0.07249326,0.06480554,0.08072137
BAI < 65% percentile,6.732375,0.07249326,0.06480554,0.08072137
BAI < 65% percentile,6.734247,0.07249326,0.06480554,0.08072137
BAI < 65% percentile,6.740589,0.07249326,0.06480554,0.08072137
BAI < 65% percentile,6.743326,0.07249326,0.06480554,0.08072137
BAI < 65% percentile,6.746064,0.07249326,0.06480554,0.08072137
BAI < 65% percentile,6.747945,0.07249326,0.06480554,0.08072137
BAI < 65% percentile,6.757016,0.07249326,0.06480554,0.08072137
BAI < 65% percentile,6.759754,0.07249326,0.06480554,0.08072137
BAI < 65% percentile,6.762491,0.07249326,0.06480554,0.08072137
BAI < 65% percentile,6.765229,0.07249326,0.06480554,0.08072137
BAI < 65% percentile,6.770705,0.07249326,0.06480554,0.08072137
BAI < 65% percentile,6.773443,0.07249326,0.06480554,0.08072137
BAI < 65% percentile,6.776181,0.07249326,0.06480554,0.08072137
BAI < 65% percentile,6.781656,0.07249326,0.06480554,0.08072137
BAI < 65% percentile,6.784394,0.07249326,0.06480554,0.08072137
BAI < 65% percentile,6.787132,0.07249326,0.06480554,0.08072137
BAI < 65% percentile,6.791781,0.07249326,0.06480554,0.08072137
BAI < 65% percentile,6.792608,0.07249326,0.06480554,0.08072137
BAI < 65% percentile,6.795346,0.07249326,0.06480554,0.08072137
BAI < 65% percentile,6.798084,0.07249326,0.06480554,0.08072137
BAI < 65% percentile,6.8,0.07249326,0.06480554,0.08072137
BAI < 65% percentile,6.800821,0.07249326,0.06480554,0.08072137
BAI < 65% percentile,6.803559,0.07249326,0.06480554,0.08072137
BAI < 65% percentile,6.806297,0.07249326,0.06480554,0.08072137
BAI < 65% percentile,6.809035,0.07249326,0.06480554,0.08072137
BAI < 65% percentile,6.814511,0.07249326,0.06480554,0.08072137
BAI < 65% percentile,6.817248,0.07249326,0.06480554,0.08072137
BAI < 65% percentile,6.819986,0.07249326,0.06480554,0.08072137
BAI < 65% percentile,6.822724,0.07249326,0.06480554,0.08072137
BAI < 65% percentile,6.830938,0.07249326,0.06480554,0.08072137
BAI < 65% percentile,6.833676,0.07249326,0.06480554,0.08072137
BAI < 65% percentile,6.836413,0.07249326,0.06480554,0.08072137
BAI < 65% percentile,6.839151,0.07249326,0.06480554,0.08072137
BAI < 65% percentile,6.841889,0.07249326,0.06480554,0.08072137
BAI < 65% percentile,6.847365,0.07249326,0.06480554,0.08072137
BAI < 65% percentile,6.852841,0.07249326,0.06480554,0.08072137
BAI < 65% percentile,6.854795,0.07249326,0.06480554,0.08072137
BAI < 65% percentile,6.857534,0.07249326,0.06480554,0.08072137
BAI < 65% percentile,6.858316,0.07249326,0.06480554,0.08072137
BAI < 65% percentile,6.861054,0.07249326,0.06480554,0.08072137
BAI < 65% percentile,6.86653,0.07249326,0.06480554,0.08072137
BAI < 65% percentile,6.869268,0.07277137,0.06506724,0.08101556
BAI < 65% percentile,6.872005,0.07277137,0.06506724,0.08101556
BAI < 65% percentile,6.874743,0.07277137,0.06506724,0.08101556
BAI < 65% percentile,6.877481,0.07277137,0.06506724,0.08101556
BAI < 65% percentile,6.884932,0.07277137,0.06506724,0.08101556
BAI < 65% percentile,6.885695,0.07277137,0.06506724,0.08101556
BAI < 65% percentile,6.89117,0.07277137,0.06506724,0.08101556
BAI < 65% percentile,6.893908,0.07277137,0.06506724,0.08101556
BAI < 65% percentile,6.89589,0.07277137,0.06506724,0.08101556
BAI < 65% percentile,6.896646,0.07277137,0.06506724,0.08101556
BAI < 65% percentile,6.899384,0.07277137,0.06506724,0.08101556
BAI < 65% percentile,6.902122,0.07277137,0.06506724,0.08101556
BAI < 65% percentile,6.90411,0.07305125,0.06533052,0.08131169
BAI < 65% percentile,6.90486,0.07305125,0.06533052,0.08131169
BAI < 65% percentile,6.910335,0.07305125,0.06533052,0.08131169
BAI < 65% percentile,6.912329,0.07305125,0.06533052,0.08131169
BAI < 65% percentile,6.913073,0.07305125,0.06533052,0.08131169
BAI < 65% percentile,6.915811,0.07305125,0.06533052,0.08131169
BAI < 65% percentile,6.920548,0.07305125,0.06533052,0.08131169
BAI < 65% percentile,6.923288,0.07305125,0.06533052,0.08131169
BAI < 65% percentile,6.9295,0.07305125,0.06533052,0.08131169
BAI < 65% percentile,6.931507,0.07305125,0.06533052,0.08131169
BAI < 65% percentile,6.934976,0.07305125,0.06533052,0.08131169
BAI < 65% percentile,6.937714,0.07305125,0.06533052,0.08131169
BAI < 65% percentile,6.942466,0.07305125,0.06533052,0.08131169
BAI < 65% percentile,6.94319,0.07305125,0.06533052,0.08131169
BAI < 65% percentile,6.945927,0.07305125,0.06533052,0.08131169
BAI < 65% percentile,6.947945,0.07333301,0.0655955,0.0816099
BAI < 65% percentile,6.948665,0.07333301,0.0655955,0.0816099
BAI < 65% percentile,6.951403,0.07333301,0.0655955,0.0816099
BAI < 65% percentile,6.953425,0.07333301,0.0655955,0.0816099
BAI < 65% percentile,6.954141,0.07333301,0.0655955,0.0816099
BAI < 65% percentile,6.956164,0.07361524,0.06586095,0.0819086
BAI < 65% percentile,6.956879,0.07361524,0.06586095,0.0819086
BAI < 65% percentile,6.958904,0.07389757,0.06612652,0.08220737
BAI < 65% percentile,6.96783,0.07389757,0.06612652,0.08220737
BAI < 65% percentile,6.970568,0.07389757,0.06612652,0.08220737
BAI < 65% percentile,6.973306,0.07389757,0.06612652,0.08220737
BAI < 65% percentile,6.976044,0.07389757,0.06612652,0.08220737
BAI < 65% percentile,6.980822,0.07389757,0.06612652,0.08220737
BAI < 65% percentile,6.98152,0.07389757,0.06612652,0.08220737
BAI < 65% percentile,6.984257,0.07389757,0.06612652,0.08220737
BAI < 65% percentile,6.986995,0.07389757,0.06612652,0.08220737
BAI < 65% percentile,6.989733,0.07389757,0.06612652,0.08220737
BAI < 65% percentile,6.992471,0.07389757,0.06612652,0.08220737
BAI < 65% percentile,6.995209,0.07389757,0.06612652,0.08220737
BAI < 65% percentile,7.0,0.07418182,0.06639382,0.08250826
BAI < 65% percentile,7.003422,0.07418182,0.06639382,0.08250826
BAI < 65% percentile,7.008898,0.07418182,0.06639382,0.08250826
BAI < 65% percentile,7.010959,0.07418182,0.06639382,0.08250826
BAI < 65% percentile,7.014374,0.07418182,0.06639382,0.08250826
BAI < 65% percentile,7.017112,0.07418182,0.06639382,0.08250826
BAI < 65% percentile,7.028063,0.07418182,0.06639382,0.08250826
BAI < 65% percentile,7.030801,0.07418182,0.06639382,0.08250826
BAI < 65% percentile,7.035616,0.07418182,0.06639382,0.08250826
BAI < 65% percentile,7.041752,0.07418182,0.06639382,0.08250826
BAI < 65% percentile,7.04449,0.07418182,0.06639382,0.08250826
BAI < 65% percentile,7.046575,0.07418182,0.06639382,0.08250826
BAI < 65% percentile,7.047228,0.07418182,0.06639382,0.08250826
BAI < 65% percentile,7.049966,0.07418182,0.06639382,0.08250826
BAI < 65% percentile,7.055441,0.07418182,0.06639382,0.08250826
BAI < 65% percentile,7.060917,0.07418182,0.06639382,0.08250826
BAI < 65% percentile,7.063655,0.07418182,0.06639382,0.08250826
BAI < 65% percentile,7.066393,0.07418182,0.06639382,0.08250826
BAI < 65% percentile,7.069131,0.07418182,0.06639382,0.08250826
BAI < 65% percentile,7.071869,0.07418182,0.06639382,0.08250826
BAI < 65% percentile,7.074606,0.07418182,0.06639382,0.08250826
BAI < 65% percentile,7.080082,0.07418182,0.06639382,0.08250826
BAI < 65% percentile,7.082192,0.07418182,0.06639382,0.08250826
BAI < 65% percentile,7.08282,0.07418182,0.06639382,0.08250826
BAI < 65% percentile,7.084932,0.07418182,0.06639382,0.08250826
BAI < 65% percentile,7.088296,0.07418182,0.06639382,0.08250826
BAI < 65% percentile,7.091034,0.07418182,0.06639382,0.08250826
BAI < 65% percentile,7.09589,0.07446911,0.06666382,0.08281253
BAI < 65% percentile,7.099247,0.07446911,0.06666382,0.08281253
BAI < 65% percentile,7.101985,0.07446911,0.06666382,0.08281253
BAI < 65% percentile,7.104723,0.07446911,0.06666382,0.08281253
BAI < 65% percentile,7.107461,0.07446911,0.06666382,0.08281253
BAI < 65% percentile,7.110198,0.07446911,0.06666382,0.08281253
BAI < 65% percentile,7.112329,0.07446911,0.06666382,0.08281253
BAI < 65% percentile,7.112936,0.07446911,0.06666382,0.08281253
BAI < 65% percentile,7.118412,0.07446911,0.06666382,0.08281253
BAI < 65% percentile,7.123888,0.07446911,0.06666382,0.08281253
BAI < 65% percentile,7.126626,0.07446911,0.06666382,0.08281253
BAI < 65% percentile,7.129363,0.07475829,0.06693554,0.0831189
BAI < 65% percentile,7.139726,0.07475829,0.06693554,0.0831189
BAI < 65% percentile,7.140315,0.07475829,0.06693554,0.0831189
BAI < 65% percentile,7.143053,0.07475829,0.06693554,0.0831189
BAI < 65% percentile,7.145205,0.07475829,0.06693554,0.0831189
BAI < 65% percentile,7.147945,0.07475829,0.06693554,0.0831189
BAI < 65% percentile,7.148528,0.07475829,0.06693554,0.0831189
BAI < 65% percentile,7.156742,0.07475829,0.06693554,0.0831189
BAI < 65% percentile,7.161644,0.07475829,0.06693554,0.0831189
BAI < 65% percentile,7.164956,0.07475829,0.06693554,0.0831189
BAI < 65% percentile,7.172603,0.07504868,0.06720836,0.0834266
BAI < 65% percentile,7.175907,0.07504868,0.06720836,0.0834266
BAI < 65% percentile,7.178645,0.07504868,0.06720836,0.0834266
BAI < 65% percentile,7.180822,0.07533928,0.0674814,0.08373447
BAI < 65% percentile,7.181383,0.07533928,0.0674814,0.08373447
BAI < 65% percentile,7.18412,0.07533928,0.0674814,0.08373447
BAI < 65% percentile,7.186301,0.07533928,0.0674814,0.08373447
BAI < 65% percentile,7.189041,0.07533928,0.0674814,0.08373447
BAI < 65% percentile,7.192334,0.07533928,0.0674814,0.08373447
BAI < 65% percentile,7.195072,0.07533928,0.0674814,0.08373447
BAI < 65% percentile,7.19726,0.07533928,0.0674814,0.08373447
BAI < 65% percentile,7.19781,0.07533928,0.0674814,0.08373447
BAI < 65% percentile,7.203285,0.07533928,0.0674814,0.08373447
BAI < 65% percentile,7.206023,0.07533928,0.0674814,0.08373447
BAI < 65% percentile,7.208219,0.07533928,0.0674814,0.08373447
BAI < 65% percentile,7.208761,0.07533928,0.0674814,0.08373447
BAI < 65% percentile,7.211499,0.07533928,0.0674814,0.08373447
BAI < 65% percentile,7.214237,0.07533928,0.0674814,0.08373447
BAI < 65% percentile,7.219713,0.07533928,0.0674814,0.08373447
BAI < 65% percentile,7.227926,0.07533928,0.0674814,0.08373447
BAI < 65% percentile,7.230137,0.07533928,0.0674814,0.08373447
BAI < 65% percentile,7.230664,0.07533928,0.0674814,0.08373447
BAI < 65% percentile,7.232877,0.07533928,0.0674814,0.08373447
BAI < 65% percentile,7.233402,0.07533928,0.0674814,0.08373447
BAI < 65% percentile,7.23614,0.07533928,0.0674814,0.08373447
BAI < 65% percentile,7.238877,0.07533928,0.0674814,0.08373447
BAI < 65% percentile,7.241615,0.07533928,0.0674814,0.08373447
BAI < 65% percentile,7.244353,0.07533928,0.0674814,0.08373447
BAI < 65% percentile,7.247091,0.07533928,0.0674814,0.08373447
BAI < 65% percentile,7.252567,0.07533928,0.0674814,0.08373447
BAI < 65% percentile,7.255305,0.07533928,0.0674814,0.08373447
BAI < 65% percentile,7.260274,0.07533928,0.0674814,0.08373447
BAI < 65% percentile,7.26078,0.07533928,0.0674814,0.08373447
BAI < 65% percentile,7.263014,0.07533928,0.0674814,0.08373447
BAI < 65% percentile,7.263518,0.07533928,0.0674814,0.08373447
BAI < 65% percentile,7.266256,0.07533928,0.0674814,0.08373447
BAI < 65% percentile,7.268994,0.07533928,0.0674814,0.08373447
BAI < 65% percentile,7.271732,0.07533928,0.0674814,0.08373447
BAI < 65% percentile,7.27447,0.07533928,0.0674814,0.08373447
BAI < 65% percentile,7.277207,0.07533928,0.0674814,0.08373447
BAI < 65% percentile,7.279945,0.07533928,0.0674814,0.08373447
BAI < 65% percentile,7.284932,0.07533928,0.0674814,0.08373447
BAI < 65% percentile,7.285421,0.07533928,0.0674814,0.08373447
BAI < 65% percentile,7.293634,0.07533928,0.0674814,0.08373447
BAI < 65% percentile,7.296372,0.07533928,0.0674814,0.08373447
BAI < 65% percentile,7.29911,0.07533928,0.0674814,0.08373447
BAI < 65% percentile,7.301848,0.07533928,0.0674814,0.08373447
BAI < 65% percentile,7.304586,0.07533928,0.0674814,0.08373447
BAI < 65% percentile,7.307324,0.07533928,0.0674814,0.08373447
BAI < 65% percentile,7.310062,0.07533928,0.0674814,0.08373447
BAI < 65% percentile,7.312329,0.07533928,0.0674814,0.08373447
BAI < 65% percentile,7.312799,0.07533928,0.0674814,0.08373447
BAI < 65% percentile,7.315068,0.07563794,0.06776155,0.08405144
BAI < 65% percentile,7.315537,0.07563794,0.06776155,0.08405144
BAI < 65% percentile,7.317808,0.07593683,0.06804194,0.08436861
BAI < 65% percentile,7.318275,0.07593683,0.06804194,0.08436861
BAI < 65% percentile,7.321013,0.07593683,0.06804194,0.08436861
BAI < 65% percentile,7.326489,0.07593683,0.06804194,0.08436861
BAI < 65% percentile,7.329227,0.07593683,0.06804194,0.08436861
BAI < 65% percentile,7.331507,0.07623614,0.06832275,0.08468621
BAI < 65% percentile,7.334702,0.07623614,0.06832275,0.08468621
BAI < 65% percentile,7.33744,0.07623614,0.06832275,0.08468621
BAI < 65% percentile,7.340178,0.07623614,0.06832275,0.08468621
BAI < 65% percentile,7.342466,0.076536,0.0686041,0.08500437
BAI < 65% percentile,7.342916,0.07683586,0.0688855,0.08532247
BAI < 65% percentile,7.345205,0.07683586,0.0688855,0.08532247
BAI < 65% percentile,7.345654,0.07683586,0.0688855,0.08532247
BAI < 65% percentile,7.351129,0.07683586,0.0688855,0.08532247
BAI < 65% percentile,7.353867,0.07683586,0.0688855,0.08532247
BAI < 65% percentile,7.356164,0.07683586,0.0688855,0.08532247
BAI < 65% percentile,7.356605,0.07683586,0.0688855,0.08532247
BAI < 65% percentile,7.359343,0.07683586,0.0688855,0.08532247
BAI < 65% percentile,7.361644,0.07683586,0.0688855,0.08532247
BAI < 65% percentile,7.364384,0.07683586,0.0688855,0.08532247
BAI < 65% percentile,7.367556,0.07683586,0.0688855,0.08532247
BAI < 65% percentile,7.370294,0.07683586,0.0688855,0.08532247
BAI < 65% percentile,7.373032,0.07683586,0.0688855,0.08532247
BAI < 65% percentile,7.375342,0.07683586,0.0688855,0.08532247
BAI < 65% percentile,7.37577,0.07683586,0.0688855,0.08532247
BAI < 65% percentile,7.378508,0.07683586,0.0688855,0.08532247
BAI < 65% percentile,7.381246,0.07683586,0.0688855,0.08532247
BAI < 65% percentile,7.383984,0.07683586,0.0688855,0.08532247
BAI < 65% percentile,7.386721,0.07683586,0.0688855,0.08532247
BAI < 65% percentile,7.389459,0.07683586,0.0688855,0.08532247
BAI < 65% percentile,7.392197,0.07683586,0.0688855,0.08532247
BAI < 65% percentile,7.394935,0.07683586,0.0688855,0.08532247
BAI < 65% percentile,7.403149,0.07683586,0.0688855,0.08532247
BAI < 65% percentile,7.405886,0.07683586,0.0688855,0.08532247
BAI < 65% percentile,7.408624,0.07683586,0.0688855,0.08532247
BAI < 65% percentile,7.4141,0.07683586,0.0688855,0.08532247
BAI < 65% percentile,7.416838,0.07683586,0.0688855,0.08532247
BAI < 65% percentile,7.421918,0.0771397,0.06917042,0.08564505
BAI < 65% percentile,7.427789,0.0771397,0.06917042,0.08564505
BAI < 65% percentile,7.430527,0.0771397,0.06917042,0.08564505
BAI < 65% percentile,7.433265,0.0771397,0.06917042,0.08564505
BAI < 65% percentile,7.436003,0.0771397,0.06917042,0.08564505
BAI < 65% percentile,7.438741,0.0771397,0.06917042,0.08564505
BAI < 65% percentile,7.441478,0.0771397,0.06917042,0.08564505
BAI < 65% percentile,7.446954,0.0771397,0.06917042,0.08564505
BAI < 65% percentile,7.449692,0.0771397,0.06917042,0.08564505
BAI < 65% percentile,7.45243,0.0771397,0.06917042,0.08564505
BAI < 65% percentile,7.460643,0.0771397,0.06917042,0.08564505
BAI < 65% percentile,7.466119,0.0771397,0.06917042,0.08564505
BAI < 65% percentile,7.468857,0.0771397,0.06917042,0.08564505
BAI < 65% percentile,7.471595,0.0771397,0.06917042,0.08564505
BAI < 65% percentile,7.474333,0.0771397,0.06917042,0.08564505
BAI < 65% percentile,7.482192,0.0771397,0.06917042,0.08564505
BAI < 65% percentile,7.485284,0.0771397,0.06917042,0.08564505
BAI < 65% percentile,7.488022,0.0771397,0.06917042,0.08564505
BAI < 65% percentile,7.49076,0.0771397,0.06917042,0.08564505
BAI < 65% percentile,7.49589,0.0771397,0.06917042,0.08564505
BAI < 65% percentile,7.507187,0.0771397,0.06917042,0.08564505
BAI < 65% percentile,7.512663,0.0771397,0.06917042,0.08564505
BAI < 65% percentile,7.5154,0.0771397,0.06917042,0.08564505
BAI < 65% percentile,7.518138,0.0771397,0.06917042,0.08564505
BAI < 65% percentile,7.520876,0.0771397,0.06917042,0.08564505
BAI < 65% percentile,7.523614,0.0771397,0.06917042,0.08564505
BAI < 65% percentile,7.526027,0.0771397,0.06917042,0.08564505
BAI < 65% percentile,7.526352,0.0771397,0.06917042,0.08564505
BAI < 65% percentile,7.52909,0.0771397,0.06917042,0.08564505
BAI < 65% percentile,7.531828,0.0771397,0.06917042,0.08564505
BAI < 65% percentile,7.534247,0.0774488,0.06945998,0.08597354
BAI < 65% percentile,7.534565,0.0774488,0.06945998,0.08597354
BAI < 65% percentile,7.542779,0.0774488,0.06945998,0.08597354
BAI < 65% percentile,7.545517,0.0774488,0.06945998,0.08597354
BAI < 65% percentile,7.548255,0.0774488,0.06945998,0.08597354
BAI < 65% percentile,7.550992,0.0774488,0.06945998,0.08597354
BAI < 65% percentile,7.559206,0.0774488,0.06945998,0.08597354
BAI < 65% percentile,7.561944,0.0774488,0.06945998,0.08597354
BAI < 65% percentile,7.564682,0.0774488,0.06945998,0.08597354
BAI < 65% percentile,7.56742,0.0774488,0.06945998,0.08597354
BAI < 65% percentile,7.570157,0.0774488,0.06945998,0.08597354
BAI < 65% percentile,7.572895,0.0774488,0.06945998,0.08597354
BAI < 65% percentile,7.578082,0.0774488,0.06945998,0.08597354
BAI < 65% percentile,7.578371,0.0774488,0.06945998,0.08597354
BAI < 65% percentile,7.581109,0.0774488,0.06945998,0.08597354
BAI < 65% percentile,7.583847,0.0774488,0.06945998,0.08597354
BAI < 65% percentile,7.589322,0.0774488,0.06945998,0.08597354
BAI < 65% percentile,7.591781,0.0774488,0.06945998,0.08597354
BAI < 65% percentile,7.59206,0.0774488,0.06945998,0.08597354
BAI < 65% percentile,7.594521,0.0774488,0.06945998,0.08597354
BAI < 65% percentile,7.597536,0.0774488,0.06945998,0.08597354
BAI < 65% percentile,7.600274,0.0774488,0.06945998,0.08597354
BAI < 65% percentile,7.603012,0.0774488,0.06945998,0.08597354
BAI < 65% percentile,7.605749,0.0774488,0.06945998,0.08597354
BAI < 65% percentile,7.608219,0.0774488,0.06945998,0.08597354
BAI < 65% percentile,7.608487,0.0774488,0.06945998,0.08597354
BAI < 65% percentile,7.610959,0.07776275,0.0697538,0.08630751
BAI < 65% percentile,7.611225,0.07776275,0.0697538,0.08630751
BAI < 65% percentile,7.616438,0.07776275,0.0697538,0.08630751
BAI < 65% percentile,7.616701,0.07776275,0.0697538,0.08630751
BAI < 65% percentile,7.622177,0.07776275,0.0697538,0.08630751
BAI < 65% percentile,7.624658,0.07776275,0.0697538,0.08630751
BAI < 65% percentile,7.624914,0.07776275,0.0697538,0.08630751
BAI < 65% percentile,7.627652,0.07776275,0.0697538,0.08630751
BAI < 65% percentile,7.641342,0.07776275,0.0697538,0.08630751
BAI < 65% percentile,7.644079,0.07776275,0.0697538,0.08630751
BAI < 65% percentile,7.646575,0.07807815,0.07004895,0.08664306
BAI < 65% percentile,7.649555,0.07807815,0.07004895,0.08664306
BAI < 65% percentile,7.655031,0.07807815,0.07004895,0.08664306
BAI < 65% percentile,7.657769,0.07807815,0.07004895,0.08664306
BAI < 65% percentile,7.663244,0.07807815,0.07004895,0.08664306
BAI < 65% percentile,7.665982,0.07807815,0.07004895,0.08664306
BAI < 65% percentile,7.673973,0.07807815,0.07004895,0.08664306
BAI < 65% percentile,7.679671,0.07807815,0.07004895,0.08664306
BAI < 65% percentile,7.682192,0.07807815,0.07004895,0.08664306
BAI < 65% percentile,7.682409,0.07807815,0.07004895,0.08664306
BAI < 65% percentile,7.690411,0.07807815,0.07004895,0.08664306
BAI < 65% percentile,7.69589,0.07807815,0.07004895,0.08664306
BAI < 65% percentile,7.696099,0.07807815,0.07004895,0.08664306
BAI < 65% percentile,7.698836,0.07807815,0.07004895,0.08664306
BAI < 65% percentile,7.704312,0.07807815,0.07004895,0.08664306
BAI < 65% percentile,7.718001,0.07807815,0.07004895,0.08664306
BAI < 65% percentile,7.726027,0.07807815,0.07004895,0.08664306
BAI < 65% percentile,7.728767,0.07807815,0.07004895,0.08664306
BAI < 65% percentile,7.734428,0.07807815,0.07004895,0.08664306
BAI < 65% percentile,7.737166,0.07807815,0.07004895,0.08664306
BAI < 65% percentile,7.739726,0.07839614,0.0703464,0.08698149
BAI < 65% percentile,7.739904,0.07839614,0.0703464,0.08698149
BAI < 65% percentile,7.742466,0.07839614,0.0703464,0.08698149
BAI < 65% percentile,7.742642,0.07839614,0.0703464,0.08698149
BAI < 65% percentile,7.748118,0.07839614,0.0703464,0.08698149
BAI < 65% percentile,7.753593,0.07839614,0.0703464,0.08698149
BAI < 65% percentile,7.756331,0.07839614,0.0703464,0.08698149
BAI < 65% percentile,7.761807,0.07839614,0.0703464,0.08698149
BAI < 65% percentile,7.764545,0.07839614,0.0703464,0.08698149
BAI < 65% percentile,7.772603,0.07839614,0.0703464,0.08698149
BAI < 65% percentile,7.775496,0.07839614,0.0703464,0.08698149
BAI < 65% percentile,7.778234,0.07839614,0.0703464,0.08698149
BAI < 65% percentile,7.780972,0.07839614,0.0703464,0.08698149
BAI < 65% percentile,7.794661,0.07839614,0.0703464,0.08698149
BAI < 65% percentile,7.797399,0.07839614,0.0703464,0.08698149
BAI < 65% percentile,7.805613,0.07839614,0.0703464,0.08698149
BAI < 65% percentile,7.80835,0.07839614,0.0703464,0.08698149
BAI < 65% percentile,7.810959,0.07839614,0.0703464,0.08698149
BAI < 65% percentile,7.811088,0.07871649,0.07064597,0.08732257
BAI < 65% percentile,7.813826,0.07871649,0.07064597,0.08732257
BAI < 65% percentile,7.816564,0.07871649,0.07064597,0.08732257
BAI < 65% percentile,7.821918,0.07871649,0.07064597,0.08732257
BAI < 65% percentile,7.830253,0.07871649,0.07064597,0.08732257
BAI < 65% percentile,7.835729,0.07871649,0.07064597,0.08732257
BAI < 65% percentile,7.835729,0.07871649,0.07064597,0.08732257
BAI < 65% percentile,7.838467,0.07871649,0.07064597,0.08732257
BAI < 65% percentile,7.849418,0.07871649,0.07064597,0.08732257
BAI < 65% percentile,7.852156,0.07871649,0.07064597,0.08732257
BAI < 65% percentile,7.854894,0.07871649,0.07064597,0.08732257
BAI < 65% percentile,7.857632,0.07871649,0.07064597,0.08732257
BAI < 65% percentile,7.865753,0.07871649,0.07064597,0.08732257
BAI < 65% percentile,7.868583,0.07871649,0.07064597,0.08732257
BAI < 65% percentile,7.874059,0.07871649,0.07064597,0.08732257
BAI < 65% percentile,7.879452,0.07871649,0.07064597,0.08732257
BAI < 65% percentile,7.887748,0.07871649,0.07064597,0.08732257
BAI < 65% percentile,7.906849,0.07871649,0.07064597,0.08732257
BAI < 65% percentile,7.906913,0.07871649,0.07064597,0.08732257
BAI < 65% percentile,7.909589,0.07871649,0.07064597,0.08732257
BAI < 65% percentile,7.909651,0.07871649,0.07064597,0.08732257
BAI < 65% percentile,7.912329,0.07871649,0.07064597,0.08732257
BAI < 65% percentile,7.912389,0.07871649,0.07064597,0.08732257
BAI < 65% percentile,7.915127,0.07871649,0.07064597,0.08732257
BAI < 65% percentile,7.917808,0.07871649,0.07064597,0.08732257
BAI < 65% percentile,7.917864,0.07903952,0.07094792,0.08766664
BAI < 65% percentile,7.931554,0.07903952,0.07094792,0.08766664
BAI < 65% percentile,7.945243,0.07903952,0.07094792,0.08766664
BAI < 65% percentile,7.947945,0.07903952,0.07094792,0.08766664
BAI < 65% percentile,7.947981,0.07903952,0.07094792,0.08766664
BAI < 65% percentile,7.950685,0.07903952,0.07094792,0.08766664
BAI < 65% percentile,7.958932,0.07903952,0.07094792,0.08766664
BAI < 65% percentile,7.964384,0.07903952,0.07094792,0.08766664
BAI < 65% percentile,7.969863,0.07903952,0.07094792,0.08766664
BAI < 65% percentile,7.969884,0.07903952,0.07094792,0.08766664
BAI < 65% percentile,7.972621,0.07903952,0.07094792,0.08766664
BAI < 65% percentile,7.994524,0.07903952,0.07094792,0.08766664
BAI < 65% percentile,8.0,0.07903952,0.07094792,0.08766664
BAI < 65% percentile,8.013699,0.07903952,0.07094792,0.08766664
BAI < 65% percentile,8.024641,0.07903952,0.07094792,0.08766664
BAI < 65% percentile,8.027379,0.07903952,0.07094792,0.08766664
BAI < 65% percentile,8.043806,0.07903952,0.07094792,0.08766664
BAI < 65% percentile,8.046543,0.07903952,0.07094792,0.08766664
BAI < 65% percentile,8.054795,0.07903952,0.07094792,0.08766664
BAI < 65% percentile,8.057534,0.07903952,0.07094792,0.08766664
BAI < 65% percentile,8.060233,0.07903952,0.07094792,0.08766664
BAI < 65% percentile,8.068446,0.07903952,0.07094792,0.08766664
BAI < 65% percentile,8.073973,0.07903952,0.07094792,0.08766664
BAI < 65% percentile,8.10137,0.07903952,0.07094792,0.08766664
BAI < 65% percentile,8.123288,0.07903952,0.07094792,0.08766664
BAI < 65% percentile,8.125941,0.07903952,0.07094792,0.08766664
BAI < 65% percentile,8.131507,0.07903952,0.07094792,0.08766664
BAI < 65% percentile,8.134247,0.07903952,0.07094792,0.08766664
BAI < 65% percentile,8.156057,0.07903952,0.07094792,0.08766664
BAI < 65% percentile,8.156164,0.07903952,0.07094792,0.08766664
BAI < 65% percentile,8.161533,0.07903952,0.07094792,0.08766664
BAI < 65% percentile,8.189041,0.07903952,0.07094792,0.08766664
BAI < 65% percentile,8.19165,0.07936451,0.07125162,0.08801286
BAI < 65% percentile,8.191781,0.07936451,0.07125162,0.08801286
BAI < 65% percentile,8.19726,0.07936451,0.07125162,0.08801286
BAI < 65% percentile,8.2,0.07936451,0.07125162,0.08801286
BAI < 65% percentile,8.20274,0.07936451,0.07125162,0.08801286
BAI < 65% percentile,8.208077,0.07936451,0.07125162,0.08801286
BAI < 65% percentile,8.221918,0.07936451,0.07125162,0.08801286
BAI < 65% percentile,8.224658,0.07936451,0.07125162,0.08801286
BAI < 65% percentile,8.238193,0.07936451,0.07125162,0.08801286
BAI < 65% percentile,8.238356,0.07936451,0.07125162,0.08801286
BAI < 65% percentile,8.257358,0.07968949,0.07155539,0.08835901
BAI < 65% percentile,8.257534,0.07968949,0.07155539,0.08835901
BAI < 65% percentile,8.268493,0.07968949,0.07155539,0.08835901
BAI < 65% percentile,8.279261,0.07968949,0.07155539,0.08835901
BAI < 65% percentile,8.30137,0.07968949,0.07155539,0.08835901
BAI < 65% percentile,8.317808,0.07968949,0.07155539,0.08835901
BAI < 65% percentile,8.326027,0.07968949,0.07155539,0.08835901
BAI < 65% percentile,8.328767,0.07968949,0.07155539,0.08835901
BAI < 65% percentile,8.334247,0.07968949,0.07155539,0.08835901
BAI < 65% percentile,8.345205,0.07968949,0.07155539,0.08835901
BAI < 65% percentile,8.358658,0.07968949,0.07155539,0.08835901
BAI < 65% percentile,8.361644,0.07968949,0.07155539,0.08835901
BAI < 65% percentile,8.408219,0.07968949,0.07155539,0.08835901
BAI < 65% percentile,8.413699,0.07968949,0.07155539,0.08835901
BAI < 65% percentile,8.416438,0.07968949,0.07155539,0.08835901
BAI < 65% percentile,8.421629,0.08001461,0.07185934,0.08870524
BAI < 65% percentile,8.421918,0.08001461,0.07185934,0.08870524
BAI < 65% percentile,8.430137,0.08001461,0.07185934,0.08870524
BAI < 65% percentile,8.438356,0.08001461,0.07185934,0.08870524
BAI < 65% percentile,8.457221,0.08001461,0.07185934,0.08870524
BAI < 65% percentile,8.476386,0.08001461,0.07185934,0.08870524
BAI < 65% percentile,8.479124,0.08001461,0.07185934,0.08870524
BAI < 65% percentile,8.515068,0.08001461,0.07185934,0.08870524
BAI < 65% percentile,8.547945,0.08001461,0.07185934,0.08870524
BAI < 65% percentile,8.556164,0.08001461,0.07185934,0.08870524
BAI < 65% percentile,8.564384,0.08001461,0.07185934,0.08870524
BAI < 65% percentile,8.580822,0.08001461,0.07185934,0.08870524
BAI < 65% percentile,8.62423,0.08001461,0.07185934,0.08870524
BAI < 65% percentile,8.630137,0.08001461,0.07185934,0.08870524
BAI < 65% percentile,8.635616,0.08001461,0.07185934,0.08870524
BAI < 65% percentile,8.641096,0.08001461,0.07185934,0.08870524
BAI < 65% percentile,8.646575,0.08001461,0.07185934,0.08870524
BAI < 65% percentile,8.660274,0.08001461,0.07185934,0.08870524
BAI < 65% percentile,8.668493,0.08001461,0.07185934,0.08870524
BAI < 65% percentile,8.69863,0.08001461,0.07185934,0.08870524
BAI < 65% percentile,8.706366,0.08001461,0.07185934,0.08870524
BAI < 65% percentile,8.755647,0.08033972,0.07216336,0.0890514
BAI < 65% percentile,8.756164,0.08033972,0.07216336,0.0890514
BAI < 65% percentile,8.769863,0.08033972,0.07216336,0.0890514
BAI < 65% percentile,8.780822,0.08033972,0.07216336,0.0890514
BAI < 65% percentile,8.783025,0.08033972,0.07216336,0.0890514
BAI < 65% percentile,8.79726,0.08033972,0.07216336,0.0890514
BAI < 65% percentile,8.827397,0.08033972,0.07216336,0.0890514
BAI < 65% percentile,8.830137,0.08033972,0.07216336,0.0890514
BAI < 65% percentile,8.835616,0.08033972,0.07216336,0.0890514
BAI < 65% percentile,8.852055,0.08033972,0.07216336,0.0890514
BAI < 65% percentile,8.873973,0.08033972,0.07216336,0.0890514
BAI < 65% percentile,8.879452,0.08033972,0.07216336,0.0890514
BAI < 65% percentile,8.882192,0.08033972,0.07216336,0.0890514
BAI < 65% percentile,8.889802,0.08033972,0.07216336,0.0890514
BAI < 65% percentile,8.890411,0.08033972,0.07216336,0.0890514
BAI < 65% percentile,8.892539,0.08033972,0.07216336,0.0890514
BAI < 65% percentile,8.893151,0.08033972,0.07216336,0.0890514
BAI < 65% percentile,8.898015,0.08033972,0.07216336,0.0890514
BAI < 65% percentile,8.90411,0.08033972,0.07216336,0.0890514
BAI < 65% percentile,8.906229,0.08033972,0.07216336,0.0890514
BAI < 65% percentile,8.909589,0.08033972,0.07216336,0.0890514
BAI < 65% percentile,8.928131,0.08033972,0.07216336,0.0890514
BAI < 65% percentile,8.941821,0.08033972,0.07216336,0.0890514
BAI < 65% percentile,8.942466,0.08033972,0.07216336,0.0890514
BAI < 65% percentile,8.953425,0.08033972,0.07216336,0.0890514
BAI < 65% percentile,8.983562,0.08033972,0.07216336,0.0890514
BAI < 65% percentile,8.986301,0.08033972,0.07216336,0.0890514
BAI < 65% percentile,9.005479,0.08033972,0.07216336,0.0890514
BAI < 65% percentile,9.010959,0.08033972,0.07216336,0.0890514
BAI < 65% percentile,9.013005,0.08033972,0.07216336,0.0890514
BAI < 65% percentile,9.030137,0.08033972,0.07216336,0.0890514
BAI < 65% percentile,9.049315,0.08033972,0.07216336,0.0890514
BAI < 65% percentile,9.060274,0.08033972,0.07216336,0.0890514
BAI < 65% percentile,9.090411,0.08033972,0.07216336,0.0890514
BAI < 65% percentile,9.130732,0.08033972,0.07216336,0.0890514
BAI < 65% percentile,9.153425,0.08033972,0.07216336,0.0890514
BAI < 65% percentile,9.158904,0.08033972,0.07216336,0.0890514
BAI < 65% percentile,9.169863,0.08033972,0.07216336,0.0890514
BAI < 65% percentile,9.172603,0.08033972,0.07216336,0.0890514
BAI < 65% percentile,9.183562,0.08033972,0.07216336,0.0890514
BAI < 65% percentile,9.196441,0.08033972,0.07216336,0.0890514
BAI < 65% percentile,9.208219,0.08033972,0.07216336,0.0890514
BAI < 65% percentile,9.213699,0.08033972,0.07216336,0.0890514
BAI < 65% percentile,9.238356,0.08033972,0.07216336,0.0890514
BAI < 65% percentile,9.257534,0.08033972,0.07216336,0.0890514
BAI < 65% percentile,9.268493,0.08033972,0.07216336,0.0890514
BAI < 65% percentile,9.270363,0.08033972,0.07216336,0.0890514
BAI < 65% percentile,9.292266,0.08033972,0.07216336,0.0890514
BAI < 65% percentile,9.305955,0.08033972,0.07216336,0.0890514
BAI < 65% percentile,9.306849,0.08033972,0.07216336,0.0890514
BAI < 65% percentile,9.315068,0.08033972,0.07216336,0.0890514
BAI < 65% percentile,9.317808,0.08033972,0.07216336,0.0890514
BAI < 65% percentile,9.319644,0.08033972,0.07216336,0.0890514
BAI < 65% percentile,9.333333,0.08033972,0.07216336,0.0890514
BAI < 65% percentile,9.336071,0.08033972,0.07216336,0.0890514
BAI < 65% percentile,9.339726,0.08033972,0.07216336,0.0890514
BAI < 65% percentile,9.356164,0.08033972,0.07216336,0.0890514
BAI < 65% percentile,9.378082,0.08033972,0.07216336,0.0890514
BAI < 65% percentile,9.383562,0.08033972,0.07216336,0.0890514
BAI < 65% percentile,9.386301,0.08033972,0.07216336,0.0890514
BAI < 65% percentile,9.389041,0.08033972,0.07216336,0.0890514
BAI < 65% percentile,9.391781,0.08033972,0.07216336,0.0890514
BAI < 65% percentile,9.409993,0.08066552,0.07246803,0.08939827
BAI < 65% percentile,9.424658,0.08066552,0.07246803,0.08939827
BAI < 65% percentile,9.429158,0.08066552,0.07246803,0.08939827
BAI < 65% percentile,9.431896,0.08066552,0.07246803,0.08939827
BAI < 65% percentile,9.437372,0.08099147,0.0727729,0.08974523
BAI < 65% percentile,9.441096,0.08099147,0.0727729,0.08974523
BAI < 65% percentile,9.448323,0.08131741,0.07307782,0.09009211
BAI < 65% percentile,9.468493,0.08131741,0.07307782,0.09009211
BAI < 65% percentile,9.476712,0.08131741,0.07307782,0.09009211
BAI < 65% percentile,9.482192,0.08131741,0.07307782,0.09009211
BAI < 65% percentile,9.486653,0.08131741,0.07307782,0.09009211
BAI < 65% percentile,9.490411,0.08131741,0.07307782,0.09009211
BAI < 65% percentile,9.497604,0.08131741,0.07307782,0.09009211
BAI < 65% percentile,9.552361,0.08131741,0.07307782,0.09009211
BAI < 65% percentile,9.553425,0.08131741,0.07307782,0.09009211
BAI < 65% percentile,9.556164,0.08131741,0.07307782,0.09009211
BAI < 65% percentile,9.558904,0.08131741,0.07307782,0.09009211
BAI < 65% percentile,9.564384,0.08131741,0.07307782,0.09009211
BAI < 65% percentile,9.566051,0.08131741,0.07307782,0.09009211
BAI < 65% percentile,9.568789,0.08164405,0.07338342,0.09043972
BAI < 65% percentile,9.578082,0.08164405,0.07338342,0.09043972
BAI < 65% percentile,9.585216,0.08164405,0.07338342,0.09043972
BAI < 65% percentile,9.586301,0.08164405,0.07338342,0.09043972
BAI < 65% percentile,9.59726,0.08164405,0.07338342,0.09043972
BAI < 65% percentile,9.6,0.08164405,0.07338342,0.09043972
BAI < 65% percentile,9.60274,0.08164405,0.07338342,0.09043972
BAI < 65% percentile,9.605479,0.08164405,0.07338342,0.09043972
BAI < 65% percentile,9.608219,0.08164405,0.07338342,0.09043972
BAI < 65% percentile,9.613699,0.08164405,0.07338342,0.09043972
BAI < 65% percentile,9.615332,0.08164405,0.07338342,0.09043972
BAI < 65% percentile,9.619178,0.08164405,0.07338342,0.09043972
BAI < 65% percentile,9.623546,0.08164405,0.07338342,0.09043972
BAI < 65% percentile,9.626283,0.08164405,0.07338342,0.09043972
BAI < 65% percentile,9.627397,0.08164405,0.07338342,0.09043972
BAI < 65% percentile,9.630137,0.08164405,0.07338342,0.09043972
BAI < 65% percentile,9.632877,0.08164405,0.07338342,0.09043972
BAI < 65% percentile,9.634497,0.08164405,0.07338342,0.09043972
BAI < 65% percentile,9.637235,0.08164405,0.07338342,0.09043972
BAI < 65% percentile,9.638356,0.08164405,0.07338342,0.09043972
BAI < 65% percentile,9.639973,0.08164405,0.07338342,0.09043972
BAI < 65% percentile,9.643836,0.08197209,0.0736903,0.09078887
BAI < 65% percentile,9.652055,0.08197209,0.0736903,0.09078887
BAI < 65% percentile,9.6564,0.08197209,0.0736903,0.09078887
BAI < 65% percentile,9.659138,0.08197209,0.0736903,0.09078887
BAI < 65% percentile,9.665753,0.08197209,0.0736903,0.09078887
BAI < 65% percentile,9.668493,0.08197209,0.0736903,0.09078887
BAI < 65% percentile,9.671233,0.08197209,0.0736903,0.09078887
BAI < 65% percentile,9.673973,0.08197209,0.0736903,0.09078887
BAI < 65% percentile,9.689254,0.08197209,0.0736903,0.09078887
BAI < 65% percentile,9.69589,0.08197209,0.0736903,0.09078887
BAI < 65% percentile,9.70137,0.08197209,0.0736903,0.09078887
BAI < 65% percentile,9.715068,0.08197209,0.0736903,0.09078887
BAI < 65% percentile,9.717808,0.08197209,0.0736903,0.09078887
BAI < 65% percentile,9.726027,0.08197209,0.0736903,0.09078887
BAI < 65% percentile,9.736986,0.08197209,0.0736903,0.09078887
BAI < 65% percentile,9.739726,0.08197209,0.0736903,0.09078887
BAI < 65% percentile,9.745205,0.08197209,0.0736903,0.09078887
BAI < 65% percentile,9.747945,0.08197209,0.0736903,0.09078887
BAI < 65% percentile,9.750685,0.08197209,0.0736903,0.09078887
BAI < 65% percentile,9.758904,0.08197209,0.0736903,0.09078887
BAI < 65% percentile,9.761644,0.08197209,0.0736903,0.09078887
BAI < 65% percentile,9.764384,0.08197209,0.0736903,0.09078887
BAI < 65% percentile,9.772603,0.08197209,0.0736903,0.09078887
BAI < 65% percentile,9.789041,0.08197209,0.0736903,0.09078887
BAI < 65% percentile,9.790554,0.08197209,0.0736903,0.09078887
BAI < 65% percentile,9.794521,0.08197209,0.0736903,0.09078887
BAI < 65% percentile,9.79726,0.08197209,0.0736903,0.09078887
BAI < 65% percentile,9.8,0.08197209,0.0736903,0.09078887
BAI < 65% percentile,9.805479,0.08197209,0.0736903,0.09078887
BAI < 65% percentile,9.810959,0.08197209,0.0736903,0.09078887
BAI < 65% percentile,9.816438,0.08197209,0.0736903,0.09078887
BAI < 65% percentile,9.819178,0.08197209,0.0736903,0.09078887
BAI < 65% percentile,9.827397,0.08197209,0.0736903,0.09078887
BAI < 65% percentile,9.830137,0.08197209,0.0736903,0.09078887
BAI < 65% percentile,9.831622,0.08197209,0.0736903,0.09078887
BAI < 65% percentile,9.832877,0.08197209,0.0736903,0.09078887
BAI < 65% percentile,9.838356,0.08197209,0.0736903,0.09078887
BAI < 65% percentile,9.841096,0.08197209,0.0736903,0.09078887
BAI < 65% percentile,9.852055,0.08197209,0.0736903,0.09078887
BAI < 65% percentile,9.863014,0.08197209,0.0736903,0.09078887
BAI < 65% percentile,9.868493,0.08197209,0.0736903,0.09078887
BAI < 65% percentile,9.871233,0.08197209,0.0736903,0.09078887
BAI < 65% percentile,9.876712,0.08197209,0.0736903,0.09078887
BAI < 65% percentile,9.879452,0.08197209,0.0736903,0.09078887
BAI < 65% percentile,9.887671,0.08197209,0.0736903,0.09078887
BAI < 65% percentile,9.893151,0.08197209,0.0736903,0.09078887
BAI < 65% percentile,9.89589,0.08197209,0.0736903,0.09078887
BAI < 65% percentile,9.89863,0.08197209,0.0736903,0.09078887
BAI < 65% percentile,9.90137,0.08197209,0.0736903,0.09078887
BAI < 65% percentile,9.90411,0.08197209,0.0736903,0.09078887
BAI < 65% percentile,9.906849,0.08197209,0.0736903,0.09078887
BAI < 65% percentile,9.912329,0.08197209,0.0736903,0.09078887
BAI < 65% percentile,9.917808,0.08197209,0.0736903,0.09078887
BAI < 65% percentile,9.919233,0.08197209,0.0736903,0.09078887
BAI < 65% percentile,9.920548,0.08197209,0.0736903,0.09078887
BAI < 65% percentile,9.923288,0.08197209,0.0736903,0.09078887
BAI < 65% percentile,9.924709,0.08197209,0.0736903,0.09078887
BAI < 65% percentile,9.926027,0.08197209,0.0736903,0.09078887
BAI < 65% percentile,9.928767,0.08197209,0.0736903,0.09078887
BAI < 65% percentile,9.931507,0.08197209,0.0736903,0.09078887
BAI < 65% percentile,9.934247,0.08197209,0.0736903,0.09078887
BAI < 65% percentile,9.936986,0.08197209,0.0736903,0.09078887
BAI < 65% percentile,9.939726,0.08197209,0.0736903,0.09078887
BAI < 65% percentile,9.942466,0.08197209,0.0736903,0.09078887
BAI < 65% percentile,9.947945,0.08197209,0.0736903,0.09078887
BAI < 65% percentile,9.950685,0.08197209,0.0736903,0.09078887
BAI < 65% percentile,9.956164,0.08197209,0.0736903,0.09078887
BAI < 65% percentile,9.960301,0.08197209,0.0736903,0.09078887
BAI < 65% percentile,9.967123,0.08197209,0.0736903,0.09078887
BAI < 65% percentile,9.972603,0.08230821,0.07400423,0.09114718
BAI < 65% percentile,9.975342,0.08230821,0.07400423,0.09114718
BAI < 65% percentile,9.989041,0.08230821,0.07400423,0.09114718
BAI < 65% percentile,9.990418,0.08230821,0.07400423,0.09114718
BAI < 65% percentile,9.991781,0.08230821,0.07400423,0.09114718
BAI < 65% percentile,9.994521,0.08230821,0.07400423,0.09114718
BAI < 65% percentile,10.00274,0.08230821,0.07400423,0.09114718
BAI < 65% percentile,10.005479,0.08230821,0.07400423,0.09114718
BAI < 65% percentile,10.010959,0.08230821,0.07400423,0.09114718
BAI < 65% percentile,10.030137,0.08230821,0.07400423,0.09114718
BAI < 65% percentile,10.032877,0.08230821,0.07400423,0.09114718
BAI < 65% percentile,10.035616,0.08230821,0.07400423,0.09114718
BAI < 65% percentile,10.047912,0.08230821,0.07400423,0.09114718
BAI < 65% percentile,10.049315,0.08230821,0.07400423,0.09114718
BAI < 65% percentile,10.054795,0.08230821,0.07400423,0.09114718
BAI < 65% percentile,10.060274,0.08230821,0.07400423,0.09114718
BAI < 65% percentile,10.064339,0.08230821,0.07400423,0.09114718
BAI < 65% percentile,10.065753,0.08230821,0.07400423,0.09114718
BAI < 65% percentile,10.068493,0.08230821,0.07400423,0.09114718
BAI < 65% percentile,10.071233,0.08230821,0.07400423,0.09114718
BAI < 65% percentile,10.073973,0.08230821,0.07400423,0.09114718
BAI < 65% percentile,10.084932,0.08230821,0.07400423,0.09114718
BAI < 65% percentile,10.087671,0.08230821,0.07400423,0.09114718
BAI < 65% percentile,10.094456,0.08230821,0.07400423,0.09114718
BAI < 65% percentile,10.09589,0.08230821,0.07400423,0.09114718
BAI < 65% percentile,10.097194,0.08230821,0.07400423,0.09114718
BAI < 65% percentile,10.106849,0.08230821,0.07400423,0.09114718
BAI < 65% percentile,10.112329,0.08230821,0.07400423,0.09114718
BAI < 65% percentile,10.119097,0.08230821,0.07400423,0.09114718
BAI < 65% percentile,10.126027,0.08230821,0.07400423,0.09114718
BAI < 65% percentile,10.128767,0.08230821,0.07400423,0.09114718
BAI < 65% percentile,10.134247,0.08230821,0.07400423,0.09114718
BAI < 65% percentile,10.139726,0.08230821,0.07400423,0.09114718
BAI < 65% percentile,10.142466,0.08230821,0.07400423,0.09114718
BAI < 65% percentile,10.145205,0.08230821,0.07400423,0.09114718
BAI < 65% percentile,10.147945,0.08230821,0.07400423,0.09114718
BAI < 65% percentile,10.153425,0.08230821,0.07400423,0.09114718
BAI < 65% percentile,10.156164,0.08230821,0.07400423,0.09114718
BAI < 65% percentile,10.158904,0.08230821,0.07400423,0.09114718
BAI < 65% percentile,10.161644,0.08230821,0.07400423,0.09114718
BAI < 65% percentile,10.164384,0.08230821,0.07400423,0.09114718
BAI < 65% percentile,10.167123,0.08230821,0.07400423,0.09114718
BAI < 65% percentile,10.169863,0.08265258,0.07432535,0.09151487
BAI < 65% percentile,10.172603,0.08265258,0.07432535,0.09151487
BAI < 65% percentile,10.175342,0.08265258,0.07432535,0.09151487
BAI < 65% percentile,10.180822,0.08265258,0.07432535,0.09151487
BAI < 65% percentile,10.183562,0.08265258,0.07432535,0.09151487
BAI < 65% percentile,10.186301,0.08265258,0.07432535,0.09151487
BAI < 65% percentile,10.189041,0.08265258,0.07432535,0.09151487
BAI < 65% percentile,10.191781,0.08265258,0.07432535,0.09151487
BAI < 65% percentile,10.194521,0.08265258,0.07432535,0.09151487
BAI < 65% percentile,10.19726,0.08265258,0.07432535,0.09151487
BAI < 65% percentile,10.2,0.08265258,0.07432535,0.09151487
BAI < 65% percentile,10.210959,0.08265258,0.07432535,0.09151487
BAI < 65% percentile,10.213699,0.08265258,0.07432535,0.09151487
BAI < 65% percentile,10.219178,0.08265258,0.07432535,0.09151487
BAI < 65% percentile,10.221918,0.08265258,0.07432535,0.09151487
BAI < 65% percentile,10.224658,0.08265258,0.07432535,0.09151487
BAI < 65% percentile,10.227397,0.08265258,0.07432535,0.09151487
BAI < 65% percentile,10.235616,0.08265258,0.07432535,0.09151487
BAI < 65% percentile,10.241096,0.08265258,0.07432535,0.09151487
BAI < 65% percentile,10.243836,0.08265258,0.07432535,0.09151487
BAI < 65% percentile,10.246575,0.08265258,0.07432535,0.09151487
BAI < 65% percentile,10.253251,0.08265258,0.07432535,0.09151487
BAI < 65% percentile,10.254795,0.08265258,0.07432535,0.09151487
BAI < 65% percentile,10.260274,0.08265258,0.07432535,0.09151487
BAI < 65% percentile,10.263014,0.08265258,0.07432535,0.09151487
BAI < 65% percentile,10.268493,0.08265258,0.07432535,0.09151487
BAI < 65% percentile,10.271233,0.08265258,0.07432535,0.09151487
BAI < 65% percentile,10.279452,0.08265258,0.07432535,0.09151487
BAI < 65% percentile,10.282192,0.08300383,0.07465245,0.0918904
BAI < 65% percentile,10.283368,0.08300383,0.07465245,0.0918904
BAI < 65% percentile,10.293151,0.08300383,0.07465245,0.0918904
BAI < 65% percentile,10.29589,0.08300383,0.07465245,0.0918904
BAI < 65% percentile,10.30137,0.08300383,0.07465245,0.0918904
BAI < 65% percentile,10.30411,0.08300383,0.07465245,0.0918904
BAI < 65% percentile,10.309589,0.08300383,0.07465245,0.0918904
BAI < 65% percentile,10.315068,0.08371003,0.0753101,0.09264544
BAI < 65% percentile,10.317808,0.08371003,0.0753101,0.09264544
BAI < 65% percentile,10.320548,0.08371003,0.0753101,0.09264544
BAI < 65% percentile,10.321697,0.08371003,0.0753101,0.09264544
BAI < 65% percentile,10.323288,0.08371003,0.0753101,0.09264544
BAI < 65% percentile,10.326027,0.08371003,0.0753101,0.09264544
BAI < 65% percentile,10.328767,0.08371003,0.0753101,0.09264544
BAI < 65% percentile,10.329911,0.08406433,0.07564006,0.09302419
BAI < 65% percentile,10.331507,0.08406433,0.07564006,0.09302419
BAI < 65% percentile,10.334247,0.08406433,0.07564006,0.09302419
BAI < 65% percentile,10.336986,0.08406433,0.07564006,0.09302419
BAI < 65% percentile,10.339726,0.08441965,0.075971,0.09340403
BAI < 65% percentile,10.342466,0.08441965,0.075971,0.09340403
BAI < 65% percentile,10.347945,0.08441965,0.075971,0.09340403
BAI < 65% percentile,10.350685,0.08441965,0.075971,0.09340403
BAI < 65% percentile,10.353425,0.08477635,0.07630321,0.09378536
BAI < 65% percentile,10.354552,0.08477635,0.07630321,0.09378536
BAI < 65% percentile,10.356164,0.08477635,0.07630321,0.09378536
BAI < 65% percentile,10.358904,0.08477635,0.07630321,0.09378536
BAI < 65% percentile,10.367123,0.08477635,0.07630321,0.09378536
BAI < 65% percentile,10.369863,0.08477635,0.07630321,0.09378536
BAI < 65% percentile,10.372603,0.08513462,0.07663685,0.09416841
BAI < 65% percentile,10.375342,0.08513462,0.07663685,0.09416841
BAI < 65% percentile,10.378082,0.08513462,0.07663685,0.09416841
BAI < 65% percentile,10.380822,0.08513462,0.07663685,0.09416841
BAI < 65% percentile,10.389041,0.08549431,0.07697178,0.09455299
BAI < 65% percentile,10.391781,0.08549431,0.07697178,0.09455299
BAI < 65% percentile,10.39726,0.08549431,0.07697178,0.09455299
BAI < 65% percentile,10.398357,0.08549431,0.07697178,0.09455299
BAI < 65% percentile,10.4,0.08621651,0.07764435,0.09532513
BAI < 65% percentile,10.40274,0.08621651,0.07764435,0.09532513
BAI < 65% percentile,10.408219,0.0865778,0.07798091,0.09571126
BAI < 65% percentile,10.410959,0.0865778,0.07798091,0.09571126
BAI < 65% percentile,10.416438,0.0865778,0.07798091,0.09571126
BAI < 65% percentile,10.421918,0.08694106,0.07831926,0.09609957
BAI < 65% percentile,10.424658,0.08694106,0.07831926,0.09609957
BAI < 65% percentile,10.425736,0.08694106,0.07831926,0.09609957
BAI < 65% percentile,10.430137,0.08694106,0.07831926,0.09609957
BAI < 65% percentile,10.432877,0.08730505,0.07865832,0.09648862
BAI < 65% percentile,10.435616,0.08730505,0.07865832,0.09648862
BAI < 65% percentile,10.438356,0.08767031,0.07899857,0.09687904
BAI < 65% percentile,10.441096,0.08767031,0.07899857,0.09687904
BAI < 65% percentile,10.444901,0.08767031,0.07899857,0.09687904
BAI < 65% percentile,10.446575,0.08803631,0.07933953,0.09727022
BAI < 65% percentile,10.449315,0.08803631,0.07933953,0.09727022
BAI < 65% percentile,10.452055,0.08840306,0.07968122,0.09766215
BAI < 65% percentile,10.454795,0.08840306,0.07968122,0.09766215
BAI < 65% percentile,10.457534,0.08840306,0.07968122,0.09766215
BAI < 65% percentile,10.460274,0.08840306,0.07968122,0.09766215
BAI < 65% percentile,10.463014,0.08840306,0.07968122,0.09766215
BAI < 65% percentile,10.465753,0.08840306,0.07968122,0.09766215
BAI < 65% percentile,10.468493,0.08840306,0.07968122,0.09766215
BAI < 65% percentile,10.471233,0.08840306,0.07968122,0.09766215
BAI < 65% percentile,10.473973,0.08840306,0.07968122,0.09766215
BAI < 65% percentile,10.476712,0.08840306,0.07968122,0.09766215
BAI < 65% percentile,10.479452,0.08840306,0.07968122,0.09766215
BAI < 65% percentile,10.482192,0.08840306,0.07968122,0.09766215
BAI < 65% percentile,10.483231,0.08840306,0.07968122,0.09766215
BAI < 65% percentile,10.484932,0.08840306,0.07968122,0.09766215
BAI < 65% percentile,10.485969,0.08840306,0.07968122,0.09766215
BAI < 65% percentile,10.487671,0.08840306,0.07968122,0.09766215
BAI < 65% percentile,10.490411,0.08840306,0.07968122,0.09766215
BAI < 65% percentile,10.493151,0.08840306,0.07968122,0.09766215
BAI < 65% percentile,10.50137,0.08840306,0.07968122,0.09766215
BAI < 65% percentile,10.50411,0.08840306,0.07968122,0.09766215
BAI < 65% percentile,10.506849,0.08840306,0.07968122,0.09766215
BAI < 65% percentile,10.509589,0.08840306,0.07968122,0.09766215
BAI < 65% percentile,10.512329,0.08840306,0.07968122,0.09766215
BAI < 65% percentile,10.515068,0.08840306,0.07968122,0.09766215
BAI < 65% percentile,10.517808,0.08840306,0.07968122,0.09766215
BAI < 65% percentile,10.518823,0.08877719,0.08002933,0.0980625
BAI < 65% percentile,10.520548,0.08877719,0.08002933,0.0980625
BAI < 65% percentile,10.526027,0.08877719,0.08002933,0.0980625
BAI < 65% percentile,10.527036,0.08877719,0.08002933,0.0980625
BAI < 65% percentile,10.528767,0.08877719,0.08002933,0.0980625
BAI < 65% percentile,10.531507,0.08877719,0.08002933,0.0980625
BAI < 65% percentile,10.534247,0.08877719,0.08002933,0.0980625
BAI < 65% percentile,10.539726,0.08877719,0.08002933,0.0980625
BAI < 65% percentile,10.542466,0.08877719,0.08002933,0.0980625
BAI < 65% percentile,10.545205,0.08877719,0.08002933,0.0980625
BAI < 65% percentile,10.547945,0.08877719,0.08002933,0.0980625
BAI < 65% percentile,10.550685,0.08877719,0.08002933,0.0980625
BAI < 65% percentile,10.551677,0.08877719,0.08002933,0.0980625
BAI < 65% percentile,10.553425,0.08877719,0.08002933,0.0980625
BAI < 65% percentile,10.554415,0.08915524,0.08038089,0.09846727
BAI < 65% percentile,10.556164,0.08915524,0.08038089,0.09846727
BAI < 65% percentile,10.558904,0.08915524,0.08038089,0.09846727
BAI < 65% percentile,10.561644,0.08915524,0.08038089,0.09846727
BAI < 65% percentile,10.567123,0.08915524,0.08038089,0.09846727
BAI < 65% percentile,10.569863,0.08915524,0.08038089,0.09846727
BAI < 65% percentile,10.572603,0.08915524,0.08038089,0.09846727
BAI < 65% percentile,10.578082,0.08915524,0.08038089,0.09846727
BAI < 65% percentile,10.586301,0.08915524,0.08038089,0.09846727
BAI < 65% percentile,10.589041,0.08915524,0.08038089,0.09846727
BAI < 65% percentile,10.591781,0.08915524,0.08038089,0.09846727
BAI < 65% percentile,10.59726,0.08915524,0.08038089,0.09846727
BAI < 65% percentile,10.60274,0.08915524,0.08038089,0.09846727
BAI < 65% percentile,10.605479,0.08915524,0.08038089,0.09846727
BAI < 65% percentile,10.608219,0.08915524,0.08038089,0.09846727
BAI < 65% percentile,10.610959,0.08915524,0.08038089,0.09846727
BAI < 65% percentile,10.616438,0.08915524,0.08038089,0.09846727
BAI < 65% percentile,10.621918,0.08915524,0.08038089,0.09846727
BAI < 65% percentile,10.624658,0.08915524,0.08038089,0.09846727
BAI < 65% percentile,10.627397,0.08915524,0.08038089,0.09846727
BAI < 65% percentile,10.633812,0.08954265,0.08074052,0.09888276
BAI < 65% percentile,10.638356,0.08954265,0.08074052,0.09888276
BAI < 65% percentile,10.641096,0.08954265,0.08074052,0.09888276
BAI < 65% percentile,10.643836,0.08954265,0.08074052,0.09888276
BAI < 65% percentile,10.646575,0.08954265,0.08074052,0.09888276
BAI < 65% percentile,10.649315,0.08954265,0.08074052,0.09888276
BAI < 65% percentile,10.652055,0.08993216,0.08110205,0.09930056
BAI < 65% percentile,10.657534,0.08993216,0.08110205,0.09930056
BAI < 65% percentile,10.660274,0.08993216,0.08110205,0.09930056
BAI < 65% percentile,10.663014,0.0903223,0.08146423,0.09971898
BAI < 65% percentile,10.665753,0.0903223,0.08146423,0.09971898
BAI < 65% percentile,10.671233,0.0903223,0.08146423,0.09971898
BAI < 65% percentile,10.676712,0.0903223,0.08146423,0.09971898
BAI < 65% percentile,10.679452,0.0903223,0.08146423,0.09971898
BAI < 65% percentile,10.682192,0.0903223,0.08146423,0.09971898
BAI < 65% percentile,10.684932,0.0903223,0.08146423,0.09971898
BAI < 65% percentile,10.687671,0.0903223,0.08146423,0.09971898
BAI < 65% percentile,10.690411,0.0903223,0.08146423,0.09971898
BAI < 65% percentile,10.693151,0.0903223,0.08146423,0.09971898
BAI < 65% percentile,10.69863,0.0903223,0.08146423,0.09971898
BAI < 65% percentile,10.70137,0.0903223,0.08146423,0.09971898
BAI < 65% percentile,10.70411,0.0903223,0.08146423,0.09971898
BAI < 65% percentile,10.706849,0.0903223,0.08146423,0.09971898
BAI < 65% percentile,10.712329,0.0903223,0.08146423,0.09971898
BAI < 65% percentile,10.715068,0.0903223,0.08146423,0.09971898
BAI < 65% percentile,10.717808,0.0903223,0.08146423,0.09971898
BAI < 65% percentile,10.720548,0.09071959,0.08183258,0.10014556
BAI < 65% percentile,10.723288,0.09071959,0.08183258,0.10014556
BAI < 65% percentile,10.726027,0.09071959,0.08183258,0.10014556
BAI < 65% percentile,10.728767,0.09071959,0.08183258,0.10014556
BAI < 65% percentile,10.731507,0.09071959,0.08183258,0.10014556
BAI < 65% percentile,10.736986,0.09071959,0.08183258,0.10014556
BAI < 65% percentile,10.739726,0.09071959,0.08183258,0.10014556
BAI < 65% percentile,10.742466,0.09071959,0.08183258,0.10014556
BAI < 65% percentile,10.745205,0.09071959,0.08183258,0.10014556
BAI < 65% percentile,10.747945,0.09071959,0.08183258,0.10014556
BAI < 65% percentile,10.756164,0.09071959,0.08183258,0.10014556
BAI < 65% percentile,10.761644,0.09071959,0.08183258,0.10014556
BAI < 65% percentile,10.767123,0.09071959,0.08183258,0.10014556
BAI < 65% percentile,10.769863,0.09071959,0.08183258,0.10014556
BAI < 65% percentile,10.775342,0.09071959,0.08183258,0.10014556
BAI < 65% percentile,10.778082,0.09071959,0.08183258,0.10014556
BAI < 65% percentile,10.778919,0.09071959,0.08183258,0.10014556
BAI < 65% percentile,10.780822,0.09071959,0.08183258,0.10014556
BAI < 65% percentile,10.783562,0.09071959,0.08183258,0.10014556
BAI < 65% percentile,10.786301,0.09071959,0.08183258,0.10014556
BAI < 65% percentile,10.789041,0.09071959,0.08183258,0.10014556
BAI < 65% percentile,10.791781,0.09071959,0.08183258,0.10014556
BAI < 65% percentile,10.794521,0.09071959,0.08183258,0.10014556
BAI < 65% percentile,10.79726,0.09112752,0.08221007,0.1005844
BAI < 65% percentile,10.8,0.09112752,0.08221007,0.1005844
BAI < 65% percentile,10.805479,0.09112752,0.08221007,0.1005844
BAI < 65% percentile,10.810959,0.09112752,0.08221007,0.1005844
BAI < 65% percentile,10.813699,0.09112752,0.08221007,0.1005844
BAI < 65% percentile,10.816438,0.09112752,0.08221007,0.1005844
BAI < 65% percentile,10.819178,0.09112752,0.08221007,0.1005844
BAI < 65% percentile,10.824658,0.09112752,0.08221007,0.1005844
BAI < 65% percentile,10.830137,0.09112752,0.08221007,0.1005844
BAI < 65% percentile,10.832877,0.09112752,0.08221007,0.1005844
BAI < 65% percentile,10.835616,0.09112752,0.08221007,0.1005844
BAI < 65% percentile,10.838356,0.09112752,0.08221007,0.1005844
BAI < 65% percentile,10.846575,0.09112752,0.08221007,0.1005844
BAI < 65% percentile,10.849315,0.09154137,0.08259268,0.10103
BAI < 65% percentile,10.852055,0.09154137,0.08259268,0.10103
BAI < 65% percentile,10.854795,0.09195643,0.08297645,0.10147686
BAI < 65% percentile,10.857534,0.09195643,0.08297645,0.10147686
BAI < 65% percentile,10.860274,0.09195643,0.08297645,0.10147686
BAI < 65% percentile,10.861054,0.09195643,0.08297645,0.10147686
BAI < 65% percentile,10.863014,0.09195643,0.08297645,0.10147686
BAI < 65% percentile,10.865753,0.09195643,0.08297645,0.10147686
BAI < 65% percentile,10.868493,0.09237417,0.08336261,0.10192671
BAI < 65% percentile,10.871233,0.09237417,0.08336261,0.10192671
BAI < 65% percentile,10.873973,0.09237417,0.08336261,0.10192671
BAI < 65% percentile,10.876712,0.09237417,0.08336261,0.10192671
BAI < 65% percentile,10.879452,0.09237417,0.08336261,0.10192671
BAI < 65% percentile,10.882192,0.09237417,0.08336261,0.10192671
BAI < 65% percentile,10.882957,0.09237417,0.08336261,0.10192671
BAI < 65% percentile,10.884932,0.09279488,0.08375141,0.10237987
BAI < 65% percentile,10.887671,0.09279488,0.08375141,0.10237987
BAI < 65% percentile,10.890411,0.09279488,0.08375141,0.10237987
BAI < 65% percentile,10.893151,0.09321759,0.08414203,0.10283523
BAI < 65% percentile,10.89863,0.09321759,0.08414203,0.10283523
BAI < 65% percentile,10.90137,0.09321759,0.08414203,0.10283523
BAI < 65% percentile,10.90411,0.09321759,0.08414203,0.10283523
BAI < 65% percentile,10.906849,0.09364234,0.0845345,0.10329279
BAI < 65% percentile,10.909589,0.09406759,0.08492754,0.1037508
BAI < 65% percentile,10.912329,0.09449336,0.08532115,0.10420925
BAI < 65% percentile,10.913073,0.09449336,0.08532115,0.10420925
BAI < 65% percentile,10.915068,0.09449336,0.08532115,0.10420925
BAI < 65% percentile,10.917808,0.09449336,0.08532115,0.10420925
BAI < 65% percentile,10.920548,0.09492093,0.08571642,0.10466965
BAI < 65% percentile,10.923288,0.09492093,0.08571642,0.10466965
BAI < 65% percentile,10.928767,0.09492093,0.08571642,0.10466965
BAI < 65% percentile,10.931507,0.0953498,0.08611292,0.10513141
BAI < 65% percentile,10.934247,0.0953498,0.08611292,0.10513141
BAI < 65% percentile,10.939726,0.0953498,0.08611292,0.10513141
BAI < 65% percentile,10.942466,0.0953498,0.08611292,0.10513141
BAI < 65% percentile,10.945205,0.0953498,0.08611292,0.10513141
BAI < 65% percentile,10.947945,0.0953498,0.08611292,0.10513141
BAI < 65% percentile,10.950685,0.0953498,0.08611292,0.10513141
BAI < 65% percentile,10.953425,0.09578316,0.08651334,0.10559825
BAI < 65% percentile,10.956164,0.09578316,0.08651334,0.10559825
BAI < 65% percentile,10.958904,0.09578316,0.08651334,0.10559825
BAI < 65% percentile,10.961644,0.09578316,0.08651334,0.10559825
BAI < 65% percentile,10.962355,0.09621892,0.08691593,0.10606775
BAI < 65% percentile,10.964384,0.09621892,0.08691593,0.10606775
BAI < 65% percentile,10.967123,0.09621892,0.08691593,0.10606775
BAI < 65% percentile,10.969863,0.09621892,0.08691593,0.10606775
BAI < 65% percentile,10.972603,0.09665632,0.08732004,0.10653899
BAI < 65% percentile,10.975342,0.09665632,0.08732004,0.10653899
BAI < 65% percentile,10.978082,0.09665632,0.08732004,0.10653899
BAI < 65% percentile,10.978782,0.09665632,0.08732004,0.10653899
BAI < 65% percentile,10.986301,0.09665632,0.08732004,0.10653899
BAI < 65% percentile,10.989041,0.09665632,0.08732004,0.10653899
BAI < 65% percentile,10.991781,0.09665632,0.08732004,0.10653899
BAI < 65% percentile,10.994521,0.09665632,0.08732004,0.10653899
BAI < 65% percentile,11.0,0.09665632,0.08732004,0.10653899
BAI < 65% percentile,11.00274,0.09665632,0.08732004,0.10653899
BAI < 65% percentile,11.005479,0.09709618,0.08772637,0.10701295
BAI < 65% percentile,11.008219,0.09709618,0.08772637,0.10701295
BAI < 65% percentile,11.010959,0.09709618,0.08772637,0.10701295
BAI < 65% percentile,11.019178,0.09709618,0.08772637,0.10701295
BAI < 65% percentile,11.021918,0.09709618,0.08772637,0.10701295
BAI < 65% percentile,11.024658,0.09753743,0.08813401,0.10748837
BAI < 65% percentile,11.027397,0.09753743,0.08813401,0.10748837
BAI < 65% percentile,11.030137,0.0979798,0.08854274,0.10796493
BAI < 65% percentile,11.030801,0.0979798,0.08854274,0.10796493
BAI < 65% percentile,11.032877,0.0979798,0.08854274,0.10796493
BAI < 65% percentile,11.035616,0.0979798,0.08854274,0.10796493
BAI < 65% percentile,11.038356,0.0979798,0.08854274,0.10796493
BAI < 65% percentile,11.041096,0.0979798,0.08854274,0.10796493
BAI < 65% percentile,11.043836,0.0979798,0.08854274,0.10796493
BAI < 65% percentile,11.049315,0.0979798,0.08854274,0.10796493
BAI < 65% percentile,11.054795,0.0979798,0.08854274,0.10796493
BAI < 65% percentile,11.063014,0.0979798,0.08854274,0.10796493
BAI < 65% percentile,11.065753,0.0979798,0.08854274,0.10796493
BAI < 65% percentile,11.068493,0.0979798,0.08854274,0.10796493
BAI < 65% percentile,11.071233,0.0979798,0.08854274,0.10796493
BAI < 65% percentile,11.079452,0.0979798,0.08854274,0.10796493
BAI < 65% percentile,11.080082,0.0979798,0.08854274,0.10796493
BAI < 65% percentile,11.082192,0.0979798,0.08854274,0.10796493
BAI < 65% percentile,11.087671,0.0979798,0.08854274,0.10796493
BAI < 65% percentile,11.090411,0.0979798,0.08854274,0.10796493
BAI < 65% percentile,11.093151,0.0979798,0.08854274,0.10796493
BAI < 65% percentile,11.09589,0.0979798,0.08854274,0.10796493
BAI < 65% percentile,11.09863,0.0979798,0.08854274,0.10796493
BAI < 65% percentile,11.10137,0.0979798,0.08854274,0.10796493
BAI < 65% percentile,11.106849,0.0979798,0.08854274,0.10796493
BAI < 65% percentile,11.112329,0.0979798,0.08854274,0.10796493
BAI < 65% percentile,11.112936,0.09843222,0.08896007,0.10845308
BAI < 65% percentile,11.115068,0.09843222,0.08896007,0.10845308
BAI < 65% percentile,11.117808,0.09843222,0.08896007,0.10845308
BAI < 65% percentile,11.120548,0.09843222,0.08896007,0.10845308
BAI < 65% percentile,11.123288,0.09843222,0.08896007,0.10845308
BAI < 65% percentile,11.128767,0.09843222,0.08896007,0.10845308
BAI < 65% percentile,11.139726,0.09843222,0.08896007,0.10845308
BAI < 65% percentile,11.142466,0.09888731,0.08937979,0.10894419
BAI < 65% percentile,11.145205,0.09888731,0.08937979,0.10894419
BAI < 65% percentile,11.148528,0.09888731,0.08937979,0.10894419
BAI < 65% percentile,11.150685,0.09888731,0.08937979,0.10894419
BAI < 65% percentile,11.156164,0.09888731,0.08937979,0.10894419
BAI < 65% percentile,11.158904,0.09934419,0.08980118,0.10943722
BAI < 65% percentile,11.161644,0.09934419,0.08980118,0.10943722
BAI < 65% percentile,11.175342,0.09934419,0.08980118,0.10943722
BAI < 65% percentile,11.178082,0.09980349,0.09022475,0.1099329
BAI < 65% percentile,11.180822,0.1002631,0.09064875,0.11042876
BAI < 65% percentile,11.183562,0.10072302,0.09107317,0.11092479
BAI < 65% percentile,11.186301,0.10072302,0.09107317,0.11092479
BAI < 65% percentile,11.189041,0.10072302,0.09107317,0.11092479
BAI < 65% percentile,11.191781,0.10072302,0.09107317,0.11092479
BAI < 65% percentile,11.194521,0.10072302,0.09107317,0.11092479
BAI < 65% percentile,11.19726,0.10072302,0.09107317,0.11092479
BAI < 65% percentile,11.2,0.10072302,0.09107317,0.11092479
BAI < 65% percentile,11.20274,0.10118694,0.09150111,0.11142534
BAI < 65% percentile,11.208219,0.10118694,0.09150111,0.11142534
BAI < 65% percentile,11.210959,0.10118694,0.09150111,0.11142534
BAI < 65% percentile,11.211499,0.1016518,0.09193,0.1119268
BAI < 65% percentile,11.213699,0.10211666,0.09235906,0.11242807
BAI < 65% percentile,11.216438,0.10211666,0.09235906,0.11242807
BAI < 65% percentile,11.224658,0.10211666,0.09235906,0.11242807
BAI < 65% percentile,11.227397,0.10211666,0.09235906,0.11242807
BAI < 65% percentile,11.230137,0.10211666,0.09235906,0.11242807
BAI < 65% percentile,11.230664,0.10211666,0.09235906,0.11242807
BAI < 65% percentile,11.232877,0.10211666,0.09235906,0.11242807
BAI < 65% percentile,11.235616,0.10211666,0.09235906,0.11242807
BAI < 65% percentile,11.238356,0.10211666,0.09235906,0.11242807
BAI < 65% percentile,11.241096,0.10211666,0.09235906,0.11242807
BAI < 65% percentile,11.241615,0.10211666,0.09235906,0.11242807
BAI < 65% percentile,11.243836,0.10211666,0.09235906,0.11242807
BAI < 65% percentile,11.254795,0.10211666,0.09235906,0.11242807
BAI < 65% percentile,11.257534,0.10211666,0.09235906,0.11242807
BAI < 65% percentile,11.263014,0.10211666,0.09235906,0.11242807
BAI < 65% percentile,11.263518,0.10211666,0.09235906,0.11242807
BAI < 65% percentile,11.265753,0.10211666,0.09235906,0.11242807
BAI < 65% percentile,11.273973,0.10211666,0.09235906,0.11242807
BAI < 65% percentile,11.277207,0.10211666,0.09235906,0.11242807
BAI < 65% percentile,11.279452,0.10211666,0.09235906,0.11242807
BAI < 65% percentile,11.282192,0.10211666,0.09235906,0.11242807
BAI < 65% percentile,11.290411,0.10211666,0.09235906,0.11242807
BAI < 65% percentile,11.293634,0.10258984,0.09279525,0.11293891
BAI < 65% percentile,11.29589,0.10258984,0.09279525,0.11293891
BAI < 65% percentile,11.29863,0.10258984,0.09279525,0.11293891
BAI < 65% percentile,11.30137,0.10258984,0.09279525,0.11293891
BAI < 65% percentile,11.306849,0.10306499,0.09323326,0.11345187
BAI < 65% percentile,11.312329,0.10306499,0.09323326,0.11345187
BAI < 65% percentile,11.315068,0.10306499,0.09323326,0.11345187
BAI < 65% percentile,11.326027,0.10306499,0.09323326,0.11345187
BAI < 65% percentile,11.331507,0.10306499,0.09323326,0.11345187
BAI < 65% percentile,11.334247,0.10306499,0.09323326,0.11345187
BAI < 65% percentile,11.336986,0.10306499,0.09323326,0.11345187
BAI < 65% percentile,11.342466,0.10354312,0.09367395,0.11396814
BAI < 65% percentile,11.350685,0.10354312,0.09367395,0.11396814
BAI < 65% percentile,11.356164,0.10354312,0.09367395,0.11396814
BAI < 65% percentile,11.364384,0.10354312,0.09367395,0.11396814
BAI < 65% percentile,11.367123,0.10354312,0.09367395,0.11396814
BAI < 65% percentile,11.369863,0.10354312,0.09367395,0.11396814
BAI < 65% percentile,11.383562,0.10354312,0.09367395,0.11396814
BAI < 65% percentile,11.386301,0.10354312,0.09367395,0.11396814
BAI < 65% percentile,11.389459,0.10402462,0.09411763,0.11448816
BAI < 65% percentile,11.391781,0.10402462,0.09411763,0.11448816
BAI < 65% percentile,11.394521,0.10450647,0.09456177,0.11500838
BAI < 65% percentile,11.4,0.10498865,0.09500637,0.1155288
BAI < 65% percentile,11.40274,0.10498865,0.09500637,0.1155288
BAI < 65% percentile,11.405479,0.10498865,0.09500637,0.1155288
BAI < 65% percentile,11.410959,0.10498865,0.09500637,0.1155288
BAI < 65% percentile,11.413699,0.10547254,0.09545259,0.11605103
BAI < 65% percentile,11.419178,0.10547254,0.09545259,0.11605103
BAI < 65% percentile,11.419576,0.10547254,0.09545259,0.11605103
BAI < 65% percentile,11.421918,0.10547254,0.09545259,0.11605103
BAI < 65% percentile,11.424658,0.10547254,0.09545259,0.11605103
BAI < 65% percentile,11.430137,0.10547254,0.09545259,0.11605103
BAI < 65% percentile,11.432877,0.10547254,0.09545259,0.11605103
BAI < 65% percentile,11.435616,0.10547254,0.09545259,0.11605103
BAI < 65% percentile,11.441096,0.10547254,0.09545259,0.11605103
BAI < 65% percentile,11.443836,0.10547254,0.09545259,0.11605103
BAI < 65% percentile,11.446575,0.10547254,0.09545259,0.11605103
BAI < 65% percentile,11.452055,0.10547254,0.09545259,0.11605103
BAI < 65% percentile,11.454795,0.10547254,0.09545259,0.11605103
BAI < 65% percentile,11.463014,0.10547254,0.09545259,0.11605103
BAI < 65% percentile,11.465753,0.10547254,0.09545259,0.11605103
BAI < 65% percentile,11.471233,0.10547254,0.09545259,0.11605103
BAI < 65% percentile,11.473973,0.10547254,0.09545259,0.11605103
BAI < 65% percentile,11.476712,0.10547254,0.09545259,0.11605103
BAI < 65% percentile,11.482192,0.10547254,0.09545259,0.11605103
BAI < 65% percentile,11.484932,0.10547254,0.09545259,0.11605103
BAI < 65% percentile,11.487671,0.10547254,0.09545259,0.11605103
BAI < 65% percentile,11.490411,0.10547254,0.09545259,0.11605103
BAI < 65% percentile,11.506849,0.10547254,0.09545259,0.11605103
BAI < 65% percentile,11.520548,0.10547254,0.09545259,0.11605103
BAI < 65% percentile,11.526027,0.10547254,0.09545259,0.11605103
BAI < 65% percentile,11.528767,0.10547254,0.09545259,0.11605103
BAI < 65% percentile,11.52909,0.10547254,0.09545259,0.11605103
BAI < 65% percentile,11.539726,0.10547254,0.09545259,0.11605103
BAI < 65% percentile,11.542466,0.10547254,0.09545259,0.11605103
BAI < 65% percentile,11.545205,0.10547254,0.09545259,0.11605103
BAI < 65% percentile,11.547945,0.10547254,0.09545259,0.11605103
BAI < 65% percentile,11.553425,0.10547254,0.09545259,0.11605103
BAI < 65% percentile,11.558904,0.10547254,0.09545259,0.11605103
BAI < 65% percentile,11.559206,0.10547254,0.09545259,0.11605103
BAI < 65% percentile,11.564384,0.10547254,0.09545259,0.11605103
BAI < 65% percentile,11.567123,0.10547254,0.09545259,0.11605103
BAI < 65% percentile,11.578082,0.10547254,0.09545259,0.11605103
BAI < 65% percentile,11.583562,0.10547254,0.09545259,0.11605103
BAI < 65% percentile,11.591781,0.10547254,0.09545259,0.11605103
BAI < 65% percentile,11.594521,0.10547254,0.09545259,0.11605103
BAI < 65% percentile,11.594798,0.10597393,0.09591358,0.11659364
BAI < 65% percentile,11.608219,0.10647531,0.09637477,0.11713602
BAI < 65% percentile,11.613699,0.10647531,0.09637477,0.11713602
BAI < 65% percentile,11.616438,0.10647531,0.09637477,0.11713602
BAI < 65% percentile,11.619178,0.10647531,0.09637477,0.11713602
BAI < 65% percentile,11.621918,0.10647531,0.09637477,0.11713602
BAI < 65% percentile,11.638356,0.10647531,0.09637477,0.11713602
BAI < 65% percentile,11.643836,0.10647531,0.09637477,0.11713602
BAI < 65% percentile,11.646575,0.10647531,0.09637477,0.11713602
BAI < 65% percentile,11.652055,0.10647531,0.09637477,0.11713602
BAI < 65% percentile,11.660274,0.10647531,0.09637477,0.11713602
BAI < 65% percentile,11.663244,0.10647531,0.09637477,0.11713602
BAI < 65% percentile,11.668493,0.10647531,0.09637477,0.11713602
BAI < 65% percentile,11.671233,0.10647531,0.09637477,0.11713602
BAI < 65% percentile,11.676934,0.10698235,0.09684086,0.11768484
BAI < 65% percentile,11.679452,0.10698235,0.09684086,0.11768484
BAI < 65% percentile,11.682192,0.10698235,0.09684086,0.11768484
BAI < 65% percentile,11.684932,0.10698235,0.09684086,0.11768484
BAI < 65% percentile,11.693151,0.10749131,0.09730875,0.11823568
BAI < 65% percentile,11.69589,0.10800026,0.09777685,0.1187863
BAI < 65% percentile,11.69863,0.10800026,0.09777685,0.1187863
BAI < 65% percentile,11.709589,0.10800026,0.09777685,0.1187863
BAI < 65% percentile,11.715068,0.10800026,0.09777685,0.1187863
BAI < 65% percentile,11.717808,0.10800026,0.09777685,0.1187863
BAI < 65% percentile,11.718001,0.10851037,0.09824611,0.11933804
BAI < 65% percentile,11.747945,0.10851037,0.09824611,0.11933804
BAI < 65% percentile,11.756164,0.10851037,0.09824611,0.11933804
BAI < 65% percentile,11.761644,0.10851037,0.09824611,0.11933804
BAI < 65% percentile,11.786301,0.10851037,0.09824611,0.11933804
BAI < 65% percentile,11.789041,0.10851037,0.09824611,0.11933804
BAI < 65% percentile,11.791781,0.10851037,0.09824611,0.11933804
BAI < 65% percentile,11.80274,0.10851037,0.09824611,0.11933804
BAI < 65% percentile,11.805479,0.10851037,0.09824611,0.11933804
BAI < 65% percentile,11.810959,0.10851037,0.09824611,0.11933804
BAI < 65% percentile,11.824658,0.10851037,0.09824611,0.11933804
BAI < 65% percentile,11.830137,0.10851037,0.09824611,0.11933804
BAI < 65% percentile,11.835616,0.10851037,0.09824611,0.11933804
BAI < 65% percentile,11.843836,0.10851037,0.09824611,0.11933804
BAI < 65% percentile,11.865845,0.10851037,0.09824611,0.11933804
BAI < 65% percentile,11.871233,0.10851037,0.09824611,0.11933804
BAI < 65% percentile,11.879452,0.10851037,0.09824611,0.11933804
BAI < 65% percentile,11.887748,0.10851037,0.09824611,0.11933804
BAI < 65% percentile,11.893151,0.10851037,0.09824611,0.11933804
BAI < 65% percentile,11.89863,0.10851037,0.09824611,0.11933804
BAI < 65% percentile,11.90137,0.10851037,0.09824611,0.11933804
BAI < 65% percentile,11.926027,0.10851037,0.09824611,0.11933804
BAI < 65% percentile,11.934292,0.10851037,0.09824611,0.11933804
BAI < 65% percentile,11.939767,0.10902639,0.0987205,0.11989652
BAI < 65% percentile,11.942466,0.10954281,0.09919542,0.12045523
BAI < 65% percentile,11.947945,0.10954281,0.09919542,0.12045523
BAI < 65% percentile,11.950719,0.10954281,0.09919542,0.12045523
BAI < 65% percentile,11.958932,0.10954281,0.09919542,0.12045523
BAI < 65% percentile,11.969884,0.10954281,0.09919542,0.12045523
BAI < 65% percentile,11.986301,0.10954281,0.09919542,0.12045523
BAI < 65% percentile,11.989041,0.10954281,0.09919542,0.12045523
BAI < 65% percentile,12.0,0.10954281,0.09919542,0.12045523
BAI < 65% percentile,12.00274,0.10954281,0.09919542,0.12045523
BAI < 65% percentile,12.010959,0.10954281,0.09919542,0.12045523
BAI < 65% percentile,12.013689,0.10954281,0.09919542,0.12045523
BAI < 65% percentile,12.027379,0.11006084,0.0996719,0.1210156
BAI < 65% percentile,12.046575,0.11006084,0.0996719,0.1210156
BAI < 65% percentile,12.049315,0.11006084,0.0996719,0.1210156
BAI < 65% percentile,12.079398,0.11006084,0.0996719,0.1210156
BAI < 65% percentile,12.087671,0.11006084,0.0996719,0.1210156
BAI < 65% percentile,12.093087,0.11006084,0.0996719,0.1210156
BAI < 65% percentile,12.09589,0.11006084,0.0996719,0.1210156
BAI < 65% percentile,12.11499,0.11006084,0.0996719,0.1210156
BAI < 65% percentile,12.123288,0.11006084,0.0996719,0.1210156
BAI < 65% percentile,12.128767,0.11006084,0.0996719,0.1210156
BAI < 65% percentile,12.158904,0.11006084,0.0996719,0.1210156
BAI < 65% percentile,12.161533,0.11006084,0.0996719,0.1210156
BAI < 65% percentile,12.194387,0.11058132,0.10015062,0.12157864
BAI < 65% percentile,12.205339,0.1111018,0.10062956,0.12214143
BAI < 65% percentile,12.208077,0.1111018,0.10062956,0.12214143
BAI < 65% percentile,12.216438,0.11162229,0.1011087,0.12270398
BAI < 65% percentile,12.229979,0.11162229,0.1011087,0.12270398
BAI < 65% percentile,12.243836,0.11162229,0.1011087,0.12270398
BAI < 65% percentile,12.246407,0.11162229,0.1011087,0.12270398
BAI < 65% percentile,12.265753,0.11162229,0.1011087,0.12270398
BAI < 65% percentile,12.271233,0.11162229,0.1011087,0.12270398
BAI < 65% percentile,12.334018,0.11162229,0.1011087,0.12270398
BAI < 65% percentile,12.443532,0.11162229,0.1011087,0.12270398
BAI < 65% percentile,12.468172,0.11162229,0.1011087,0.12270398
BAI < 65% percentile,12.495551,0.11162229,0.1011087,0.12270398
BAI < 65% percentile,12.553046,0.11214319,0.1015884,0.12326679
BAI < 65% percentile,12.588638,0.11214319,0.1015884,0.12326679
BAI < 65% percentile,12.591376,0.11214319,0.1015884,0.12326679
BAI < 65% percentile,12.599589,0.11214319,0.1015884,0.12326679
BAI < 65% percentile,12.643395,0.11214319,0.1015884,0.12326679
BAI < 65% percentile,12.659822,0.11214319,0.1015884,0.12326679
BAI < 65% percentile,12.695414,0.11214319,0.1015884,0.12326679
BAI < 65% percentile,12.728268,0.11214319,0.1015884,0.12326679
BAI < 65% percentile,12.788501,0.11266409,0.1020683,0.12382937
BAI < 65% percentile,12.84052,0.11266409,0.1020683,0.12382937
BAI < 65% percentile,12.884326,0.11266409,0.1020683,0.12382937
BAI < 65% percentile,13.015743,0.11318498,0.1025484,0.12439171
BAI < 65% percentile,13.045859,0.11370588,0.10302871,0.12495383
BAI < 65% percentile,13.067762,0.11422678,0.10350921,0.12551573
BAI < 65% percentile,13.075975,0.11474768,0.1039899,0.1260774
BAI < 65% percentile,13.125257,0.11526858,0.10447079,0.12663886
BAI < 65% percentile,13.166324,0.11526858,0.10447079,0.12663886
BAI < 65% percentile,13.201916,0.11526858,0.10447079,0.12663886
BAI < 65% percentile,13.215606,0.11526858,0.10447079,0.12663886
BAI < 65% percentile,13.245722,0.11578947,0.10495187,0.1272001
BAI < 65% percentile,13.322382,0.11631037,0.10543314,0.12776112
BAI < 65% percentile,13.341547,0.11631037,0.10543314,0.12776112
BAI < 65% percentile,13.360712,0.11631037,0.10543314,0.12776112
BAI < 65% percentile,13.385352,0.11631037,0.10543314,0.12776112
BAI < 65% percentile,13.423682,0.11631037,0.10543314,0.12776112
BAI < 65% percentile,13.42642,0.11683127,0.1059146,0.12832193
BAI < 65% percentile,13.453799,0.11683127,0.1059146,0.12832193
BAI < 65% percentile,13.470226,0.11683127,0.1059146,0.12832193
BAI < 65% percentile,13.497604,0.11683127,0.1059146,0.12832193
BAI < 65% percentile,13.505818,0.11683127,0.1059146,0.12832193
BAI < 65% percentile,13.585216,0.11683127,0.1059146,0.12832193
BAI < 65% percentile,13.590691,0.1173526,0.1063966,0.12888304
BAI < 65% percentile,13.629021,0.11787392,0.10687878,0.12944393
BAI < 65% percentile,13.637235,0.11787392,0.10687878,0.12944393
BAI < 65% percentile,13.648186,0.11787392,0.10687878,0.12944393
BAI < 65% percentile,13.650924,0.11787392,0.10687878,0.12944393
BAI < 65% percentile,13.667351,0.11787392,0.10687878,0.12944393
BAI < 65% percentile,13.689254,0.11787392,0.10687878,0.12944393
BAI < 65% percentile,13.711157,0.11787392,0.10687878,0.12944393
BAI < 65% percentile,13.752225,0.11839611,0.10736187,0.13000562
BAI < 65% percentile,13.812457,0.11891829,0.10784514,0.13056711
BAI < 65% percentile,13.831622,0.11944047,0.10832859,0.13112839
BAI < 65% percentile,13.83436,0.11944047,0.10832859,0.13112839
BAI < 65% percentile,13.856263,0.11944047,0.10832859,0.13112839
BAI < 65% percentile,13.908282,0.11944047,0.10832859,0.13112839
BAI < 65% percentile,13.913758,0.11996309,0.10881258,0.13168998
BAI < 65% percentile,13.927447,0.11996309,0.10881258,0.13168998
BAI < 65% percentile,13.954825,0.12048614,0.10929712,0.13225187
BAI < 65% percentile,13.971253,0.12048614,0.10929712,0.13225187
BAI < 65% percentile,14.047912,0.12100919,0.10978183,0.13281357
BAI < 65% percentile,14.05065,0.12100919,0.10978183,0.13281357
BAI < 65% percentile,14.053388,0.12100919,0.10978183,0.13281357
BAI < 65% percentile,14.058864,0.12153268,0.11026708,0.13337558
BAI < 65% percentile,14.086242,0.12153268,0.11026708,0.13337558
BAI < 65% percentile,14.135524,0.12153268,0.11026708,0.13337558
BAI < 65% percentile,14.157426,0.12153268,0.11026708,0.13337558
BAI < 65% percentile,14.16564,0.12205616,0.1107525,0.13393739
BAI < 65% percentile,14.168378,0.12205616,0.1107525,0.13393739
BAI < 65% percentile,14.187543,0.12205616,0.1107525,0.13393739
BAI < 65% percentile,14.190281,0.12258053,0.11123884,0.13450003
BAI < 65% percentile,14.195756,0.12258053,0.11123884,0.13450003
BAI < 65% percentile,14.206708,0.12310534,0.11172573,0.135063
BAI < 65% percentile,14.228611,0.12363014,0.11221278,0.13562577
BAI < 65% percentile,14.247775,0.12363014,0.11221278,0.13562577
BAI < 65% percentile,14.261465,0.12363014,0.11221278,0.13562577
BAI < 65% percentile,14.269678,0.12363014,0.11221278,0.13562577
BAI < 65% percentile,14.351814,0.12363014,0.11221278,0.13562577
BAI < 65% percentile,14.365503,0.12363014,0.11221278,0.13562577
BAI < 65% percentile,14.370979,0.12363014,0.11221278,0.13562577
BAI < 65% percentile,14.387406,0.12363014,0.11221278,0.13562577
BAI < 65% percentile,14.395619,0.12363014,0.11221278,0.13562577
BAI < 65% percentile,14.398357,0.12363014,0.11221278,0.13562577
BAI < 65% percentile,14.444901,0.12415717,0.11270188,0.13619094
BAI < 65% percentile,14.464066,0.12415717,0.11270188,0.13619094
BAI < 65% percentile,14.466804,0.12415717,0.11270188,0.13619094
BAI < 65% percentile,14.49692,0.12468465,0.11319154,0.13675644
BAI < 65% percentile,14.502396,0.12468465,0.11319154,0.13675644
BAI < 65% percentile,14.532512,0.12468465,0.11319154,0.13675644
BAI < 65% percentile,14.537988,0.12468465,0.11319154,0.13675644
BAI < 65% percentile,14.543463,0.12468465,0.11319154,0.13675644
BAI < 65% percentile,14.548939,0.12468465,0.11319154,0.13675644
BAI < 65% percentile,14.579055,0.12468465,0.11319154,0.13675644
BAI < 65% percentile,14.584531,0.12468465,0.11319154,0.13675644
BAI < 65% percentile,14.600958,0.12468465,0.11319154,0.13675644
BAI < 65% percentile,14.606434,0.12468465,0.11319154,0.13675644
BAI < 65% percentile,14.625599,0.12468465,0.11319154,0.13675644
BAI < 65% percentile,14.633812,0.12521349,0.11368251,0.13732333
BAI < 65% percentile,14.644764,0.12521349,0.11368251,0.13732333
BAI < 65% percentile,14.65024,0.12521349,0.11368251,0.13732333
BAI < 65% percentile,14.661191,0.12521349,0.11368251,0.13732333
BAI < 65% percentile,14.669405,0.12521349,0.11368251,0.13732333
BAI < 65% percentile,14.677618,0.12521349,0.11368251,0.13732333
BAI < 65% percentile,14.704997,0.1257437,0.11417481,0.13789163
BAI < 65% percentile,14.724162,0.1257437,0.11417481,0.13789163
BAI < 65% percentile,14.735113,0.1257437,0.11417481,0.13789163
BAI < 65% percentile,14.762491,0.1257437,0.11417481,0.13789163
BAI < 65% percentile,14.781656,0.12627576,0.11466885,0.13846188
BAI < 65% percentile,14.803559,0.12680828,0.11516345,0.13903248
BAI < 65% percentile,14.811773,0.12734081,0.11565822,0.13960289
BAI < 65% percentile,14.814511,0.12734081,0.11565822,0.13960289
BAI < 65% percentile,14.825462,0.12787379,0.11615355,0.14017366
BAI < 65% percentile,14.830938,0.12787379,0.11615355,0.14017366
BAI < 65% percentile,14.841889,0.12787379,0.11615355,0.14017366
BAI < 65% percentile,14.844627,0.12840678,0.11664904,0.14074423
BAI < 65% percentile,14.910335,0.12893977,0.1171447,0.14131463
BAI < 65% percentile,14.915811,0.12893977,0.1171447,0.14131463
BAI < 65% percentile,14.940452,0.12893977,0.1171447,0.14131463
BAI < 65% percentile,14.954141,0.12947369,0.11764132,0.14188592
BAI < 65% percentile,14.959617,0.12947369,0.11764132,0.14188592
BAI < 65% percentile,14.989733,0.13000809,0.1181385,0.14245759
BAI < 65% percentile,15.003422,0.13054249,0.11863585,0.14302907
BAI < 65% percentile,15.008898,0.13107689,0.11913335,0.14360037
BAI < 65% percentile,15.049966,0.13161129,0.11963102,0.14417149
BAI < 65% percentile,15.058179,0.13161129,0.11963102,0.14417149
BAI < 65% percentile,15.107461,0.13161129,0.11963102,0.14417149
BAI < 65% percentile,15.134839,0.13214569,0.12012884,0.14474244
BAI < 65% percentile,15.156742,0.13268008,0.12062682,0.14531321
BAI < 65% percentile,15.167693,0.13321448,0.12112495,0.14588381
BAI < 65% percentile,15.173169,0.13374888,0.12162324,0.14645424
BAI < 65% percentile,15.186858,0.13374888,0.12162324,0.14645424
BAI < 65% percentile,15.200548,0.13428328,0.12212167,0.1470245
BAI < 65% percentile,15.255305,0.13428328,0.12212167,0.1470245
BAI < 65% percentile,15.271732,0.13428328,0.12212167,0.1470245
BAI < 65% percentile,15.282683,0.13481863,0.12262108,0.1475957
BAI < 65% percentile,15.293634,0.13481863,0.12262108,0.1475957
BAI < 65% percentile,15.296372,0.13481863,0.12262108,0.1475957
BAI < 65% percentile,15.312799,0.13535399,0.12312064,0.14816672
BAI < 65% percentile,15.318275,0.13535399,0.12312064,0.14816672
BAI < 65% percentile,15.33744,0.13588982,0.12362075,0.14873813
BAI < 65% percentile,15.340178,0.13588982,0.12362075,0.14873813
BAI < 65% percentile,15.342916,0.13642662,0.12412185,0.14931049
BAI < 65% percentile,15.348392,0.13642662,0.12412185,0.14931049
BAI < 65% percentile,15.359343,0.13642662,0.12412185,0.14931049
BAI < 65% percentile,15.362081,0.1369644,0.12462392,0.14988381
BAI < 65% percentile,15.370294,0.1369644,0.12462392,0.14988381
BAI < 65% percentile,15.373032,0.13750217,0.12512614,0.15045696
BAI < 65% percentile,15.381246,0.13750217,0.12512614,0.15045696
BAI < 65% percentile,15.403149,0.13750217,0.12512614,0.15045696
BAI < 65% percentile,15.419576,0.13803995,0.12562851,0.15102994
BAI < 65% percentile,15.436003,0.13803995,0.12562851,0.15102994
BAI < 65% percentile,15.466119,0.13803995,0.12562851,0.15102994
BAI < 65% percentile,15.47707,0.13803995,0.12562851,0.15102994
BAI < 65% percentile,15.501711,0.13857772,0.12613103,0.15160276
BAI < 65% percentile,15.518138,0.13911549,0.12663369,0.15217542
BAI < 65% percentile,15.52909,0.13965327,0.12713649,0.15274792
BAI < 65% percentile,15.564682,0.14019104,0.12763943,0.15332027
BAI < 65% percentile,15.570157,0.14019104,0.12763943,0.15332027
BAI < 65% percentile,15.586585,0.14072931,0.12814295,0.15389302
BAI < 65% percentile,15.59206,0.14126758,0.1286466,0.15446561
BAI < 65% percentile,15.603012,0.14126758,0.1286466,0.15446561
BAI < 65% percentile,15.608487,0.14180584,0.12915039,0.15503805
BAI < 65% percentile,15.646817,0.14180584,0.12915039,0.15503805
BAI < 65% percentile,15.652293,0.14180584,0.12915039,0.15503805
BAI < 65% percentile,15.657769,0.1423451,0.12965517,0.15561148
BAI < 65% percentile,15.682409,0.14288436,0.13016009,0.15618475
BAI < 65% percentile,15.693361,0.14288436,0.13016009,0.15618475
BAI < 65% percentile,15.704312,0.14288436,0.13016009,0.15618475
BAI < 65% percentile,15.712526,0.14342362,0.13066515,0.15675786
BAI < 65% percentile,15.731691,0.14342362,0.13066515,0.15675786
BAI < 65% percentile,15.734428,0.14342362,0.13066515,0.15675786
BAI < 65% percentile,15.759069,0.14396288,0.13117035,0.15733083
BAI < 65% percentile,15.772758,0.14396288,0.13117035,0.15733083
BAI < 65% percentile,15.78371,0.14396288,0.13117035,0.15733083
BAI < 65% percentile,15.791923,0.14396288,0.13117035,0.15733083
BAI < 65% percentile,15.813826,0.14450365,0.13167698,0.15790537
BAI < 65% percentile,15.82204,0.14450365,0.13167698,0.15790537
BAI < 65% percentile,15.824778,0.14504441,0.13218375,0.15847976
BAI < 65% percentile,15.827515,0.14558518,0.13269065,0.15905401
BAI < 65% percentile,15.887748,0.14558518,0.13269065,0.15905401
BAI < 65% percentile,15.906913,0.14612595,0.13319769,0.1596281
BAI < 65% percentile,15.920602,0.14666672,0.13370486,0.16020205
BAI < 65% percentile,15.931554,0.14666672,0.13370486,0.16020205
BAI < 65% percentile,15.96167,0.1472085,0.13421304,0.16077701
BAI < 65% percentile,15.972621,0.14775029,0.13472135,0.16135183
BAI < 65% percentile,16.016427,0.14829208,0.13522979,0.16192651
BAI < 65% percentile,16.024641,0.14829208,0.13522979,0.16192651
BAI < 65% percentile,16.041068,0.14829208,0.13522979,0.16192651
BAI < 65% percentile,16.049281,0.14883386,0.13573837,0.16250104
BAI < 65% percentile,16.098563,0.14937565,0.13624707,0.16307543
BAI < 65% percentile,16.104038,0.14937565,0.13624707,0.16307543
BAI < 65% percentile,16.120465,0.15045922,0.13726486,0.16422378
BAI < 65% percentile,16.161533,0.15045922,0.13726486,0.16422378
BAI < 65% percentile,16.172485,0.15045922,0.13726486,0.16422378
BAI < 65% percentile,16.188912,0.15045922,0.13726486,0.16422378
BAI < 65% percentile,16.205339,0.15045922,0.13726486,0.16422378
BAI < 65% percentile,16.221766,0.15100204,0.13777485,0.16479893
BAI < 65% percentile,16.235455,0.15100204,0.13777485,0.16479893
BAI < 65% percentile,16.246407,0.15100204,0.13777485,0.16479893
BAI < 65% percentile,16.287474,0.1515459,0.13828585,0.16537512
BAI < 65% percentile,16.29295,0.1515459,0.13828585,0.16537512
BAI < 65% percentile,16.301164,0.1515459,0.13828585,0.16537512
BAI < 65% percentile,16.303901,0.15209081,0.13879789,0.16595236
BAI < 65% percentile,16.320329,0.15263571,0.13931006,0.16652946
BAI < 65% percentile,16.328542,0.15263571,0.13931006,0.16652946
BAI < 65% percentile,16.342231,0.15318061,0.13982235,0.16710642
BAI < 65% percentile,16.344969,0.15318061,0.13982235,0.16710642
BAI < 65% percentile,16.350445,0.15318061,0.13982235,0.16710642
BAI < 65% percentile,16.394251,0.15318061,0.13982235,0.16710642
BAI < 65% percentile,16.410678,0.15318061,0.13982235,0.16710642
BAI < 65% percentile,16.4846,0.15372605,0.14033523,0.16768385
BAI < 65% percentile,16.52293,0.15427148,0.14084823,0.16826114
BAI < 65% percentile,16.539357,0.15427148,0.14084823,0.16826114
BAI < 65% percentile,16.542094,0.15427148,0.14084823,0.16826114
BAI < 65% percentile,16.54757,0.15427148,0.14084823,0.16826114
BAI < 65% percentile,16.566735,0.15481744,0.14136181,0.16883889
BAI < 65% percentile,16.569473,0.15481744,0.14136181,0.16883889
BAI < 65% percentile,16.594114,0.15481744,0.14136181,0.16883889
BAI < 65% percentile,16.599589,0.15481744,0.14136181,0.16883889
BAI < 65% percentile,16.610541,0.15481744,0.14136181,0.16883889
BAI < 65% percentile,16.643395,0.15481744,0.14136181,0.16883889
BAI < 65% percentile,16.695414,0.155365,0.14187691,0.16941834
BAI < 65% percentile,16.722793,0.15591257,0.14239213,0.16999764
BAI < 65% percentile,16.728268,0.15591257,0.14239213,0.16999764
BAI < 65% percentile,16.755647,0.15646013,0.14290747,0.17057681
BAI < 65% percentile,16.758385,0.1570077,0.14342294,0.17115585
BAI < 65% percentile,16.761123,0.1570077,0.14342294,0.17115585
BAI < 65% percentile,16.772074,0.1575558,0.143939,0.17173537
BAI < 65% percentile,16.80219,0.1575558,0.143939,0.17173537
BAI < 65% percentile,16.813142,0.1575558,0.143939,0.17173537
BAI < 65% percentile,16.81588,0.1575558,0.143939,0.17173537
BAI < 65% percentile,16.821355,0.15810445,0.14445565,0.17231536
BAI < 65% percentile,16.826831,0.15810445,0.14445565,0.17231536
BAI < 65% percentile,16.837782,0.15810445,0.14445565,0.17231536
BAI < 65% percentile,16.873374,0.15865309,0.14497242,0.17289523
BAI < 65% percentile,16.889802,0.15920174,0.14548931,0.17347496
BAI < 65% percentile,16.903491,0.15920174,0.14548931,0.17347496
BAI < 65% percentile,16.914442,0.15920174,0.14548931,0.17347496
BAI < 65% percentile,16.925394,0.15920174,0.14548931,0.17347496
BAI < 65% percentile,16.950034,0.15920174,0.14548931,0.17347496
BAI < 65% percentile,16.977413,0.15920174,0.14548931,0.17347496
BAI < 65% percentile,16.996578,0.15920174,0.14548931,0.17347496
BAI < 65% percentile,17.007529,0.15975093,0.1460068,0.17405519
BAI < 65% percentile,17.010267,0.15975093,0.1460068,0.17405519
BAI < 65% percentile,17.015743,0.15975093,0.1460068,0.17405519
BAI < 65% percentile,17.05681,0.15975093,0.1460068,0.17405519
BAI < 65% percentile,17.059548,0.16030123,0.14652537,0.17463653
BAI < 65% percentile,17.097878,0.16030123,0.14652537,0.17463653
BAI < 65% percentile,17.136208,0.16030123,0.14652537,0.17463653
BAI < 65% percentile,17.144422,0.16030123,0.14652537,0.17463653
BAI < 65% percentile,17.180014,0.16140405,0.14756479,0.17580135
BAI < 65% percentile,17.185489,0.16195546,0.14808469,0.17638357
BAI < 65% percentile,17.201916,0.16250687,0.1486047,0.17696566
BAI < 65% percentile,17.207392,0.16250687,0.1486047,0.17696566
BAI < 65% percentile,17.212868,0.16305828,0.14912483,0.17754761
BAI < 65% percentile,17.229295,0.16305828,0.14912483,0.17754761
BAI < 65% percentile,17.232033,0.16305828,0.14912483,0.17754761
BAI < 65% percentile,17.245722,0.16305828,0.14912483,0.17754761
BAI < 65% percentile,17.270363,0.16305828,0.14912483,0.17754761
BAI < 65% percentile,17.275838,0.16305828,0.14912483,0.17754761
BAI < 65% percentile,17.284052,0.16361081,0.14964605,0.17813072
BAI < 65% percentile,17.292266,0.16416335,0.1501674,0.1787137
BAI < 65% percentile,17.297741,0.16471589,0.15068886,0.17929655
BAI < 65% percentile,17.316906,0.16471589,0.15068886,0.17929655
BAI < 65% percentile,17.338809,0.16471589,0.15068886,0.17929655
BAI < 65% percentile,17.46475,0.16471589,0.15068886,0.17929655
BAI < 65% percentile,17.544148,0.16471589,0.15068886,0.17929655
BAI < 65% percentile,17.555099,0.16471589,0.15068886,0.17929655
BAI < 65% percentile,17.582478,0.16471589,0.15068886,0.17929655
BAI < 65% percentile,17.598905,0.16471589,0.15068886,0.17929655
BAI < 65% percentile,17.607118,0.16471589,0.15068886,0.17929655
BAI < 65% percentile,17.61807,0.16471589,0.15068886,0.17929655
BAI < 65% percentile,17.620808,0.16471589,0.15068886,0.17929655
BAI < 65% percentile,17.645448,0.16527128,0.15121293,0.17988251
BAI < 65% percentile,17.653662,0.16527128,0.15121293,0.17988251
BAI < 65% percentile,17.700205,0.16527128,0.15121293,0.17988251
BAI < 65% percentile,17.708419,0.16527128,0.15121293,0.17988251
BAI < 65% percentile,17.730322,0.16527128,0.15121293,0.17988251
BAI < 65% percentile,17.763176,0.16527128,0.15121293,0.17988251
BAI < 65% percentile,17.768652,0.16527128,0.15121293,0.17988251
BAI < 65% percentile,17.787817,0.16527128,0.15121293,0.17988251
BAI < 65% percentile,17.820671,0.16527128,0.15121293,0.17988251
BAI < 65% percentile,17.867214,0.16527128,0.15121293,0.17988251
BAI < 65% percentile,17.87269,0.16527128,0.15121293,0.17988251
BAI < 65% percentile,17.889117,0.16527128,0.15121293,0.17988251
BAI < 65% percentile,17.916496,0.16582841,0.15173863,0.18047031
BAI < 65% percentile,17.919233,0.16582841,0.15173863,0.18047031
BAI < 65% percentile,17.924709,0.16582841,0.15173863,0.18047031
BAI < 65% percentile,17.982204,0.16582841,0.15173863,0.18047031
BAI < 65% percentile,18.009582,0.16638613,0.15226497,0.18105865
BAI < 65% percentile,18.01232,0.16638613,0.15226497,0.18105865
BAI < 65% percentile,18.02601,0.16638613,0.15226497,0.18105865
BAI < 65% percentile,18.031485,0.16638613,0.15226497,0.18105865
BAI < 65% percentile,18.067077,0.16638613,0.15226497,0.18105865
BAI < 65% percentile,18.069815,0.16638613,0.15226497,0.18105865
BAI < 65% percentile,18.080767,0.16638613,0.15226497,0.18105865
BAI < 65% percentile,18.116359,0.16638613,0.15226497,0.18105865
BAI < 65% percentile,18.195756,0.16694504,0.15279245,0.18164821
BAI < 65% percentile,18.209446,0.16694504,0.15279245,0.18164821
BAI < 65% percentile,18.212183,0.16750454,0.15332058,0.18223831
BAI < 65% percentile,18.214921,0.16806405,0.15384882,0.18282828
BAI < 65% percentile,18.247775,0.16806405,0.15384882,0.18282828
BAI < 65% percentile,18.28063,0.16862415,0.1543777,0.1834188
BAI < 65% percentile,18.327173,0.16918426,0.1549067,0.18400919
BAI < 65% percentile,18.346338,0.16918426,0.1549067,0.18400919
BAI < 65% percentile,18.444901,0.16974436,0.15543582,0.18459946
BAI < 65% percentile,18.475017,0.17030446,0.15596505,0.1851896
BAI < 65% percentile,18.499658,0.17030446,0.15596505,0.1851896
BAI < 65% percentile,18.521561,0.17086457,0.1564944,0.18577962
BAI < 65% percentile,18.603696,0.17142467,0.15702386,0.18636952
BAI < 65% percentile,18.606434,0.17198478,0.15755343,0.18695929
BAI < 65% percentile,18.625599,0.17198478,0.15755343,0.18695929
BAI < 65% percentile,18.677618,0.17198478,0.15755343,0.18695929
BAI < 65% percentile,18.691307,0.17198478,0.15755343,0.18695929
BAI < 65% percentile,18.694045,0.17254549,0.15808365,0.18754962
BAI < 65% percentile,18.707734,0.17254549,0.15808365,0.18754962
BAI < 65% percentile,18.732375,0.17254549,0.15808365,0.18754962
BAI < 65% percentile,18.740589,0.17254549,0.15808365,0.18754962
BAI < 65% percentile,18.743326,0.17254549,0.15808365,0.18754962
BAI < 65% percentile,18.746064,0.17254549,0.15808365,0.18754962
BAI < 65% percentile,18.765229,0.17310743,0.15861505,0.18814122
BAI < 65% percentile,18.770705,0.17310743,0.15861505,0.18814122
BAI < 65% percentile,18.819986,0.17310743,0.15861505,0.18814122
BAI < 65% percentile,18.836413,0.17310743,0.15861505,0.18814122
BAI < 65% percentile,18.839151,0.17366937,0.15914657,0.18873269
BAI < 65% percentile,18.852841,0.1742313,0.1596782,0.18932404
BAI < 65% percentile,18.885695,0.17479324,0.16020994,0.18991527
BAI < 65% percentile,18.888433,0.17479324,0.16020994,0.18991527
BAI < 65% percentile,18.896646,0.17535518,0.16074179,0.19050638
BAI < 65% percentile,18.899384,0.17535518,0.16074179,0.19050638
BAI < 65% percentile,18.910335,0.17535518,0.16074179,0.19050638
BAI < 65% percentile,18.96783,0.17535518,0.16074179,0.19050638
BAI < 65% percentile,18.973306,0.17591712,0.16127376,0.19109737
BAI < 65% percentile,18.98152,0.17647906,0.16180583,0.19168824
BAI < 65% percentile,18.989733,0.177041,0.16233801,0.192279
BAI < 65% percentile,19.022587,0.177041,0.16233801,0.192279
BAI < 65% percentile,19.030801,0.17760294,0.1628703,0.19286964
BAI < 65% percentile,19.033539,0.17816488,0.16340269,0.19346015
BAI < 65% percentile,19.066393,0.17816488,0.16340269,0.19346015
BAI < 65% percentile,19.069131,0.17872744,0.16393575,0.19405126
BAI < 65% percentile,19.099247,0.17929001,0.16446891,0.19464226
BAI < 65% percentile,19.18412,0.17929001,0.16446891,0.19464226
BAI < 65% percentile,19.208761,0.17929001,0.16446891,0.19464226
BAI < 65% percentile,19.238877,0.17985258,0.16500218,0.19523314
BAI < 65% percentile,19.247091,0.17985258,0.16500218,0.19523314
BAI < 65% percentile,19.252567,0.18041514,0.16553556,0.1958239
BAI < 65% percentile,19.26078,0.18097771,0.16606904,0.19641455
BAI < 65% percentile,19.271732,0.18154028,0.16660262,0.19700509
BAI < 65% percentile,19.282683,0.18154028,0.16660262,0.19700509
BAI < 65% percentile,19.312799,0.18210284,0.16713631,0.19759551
BAI < 65% percentile,19.326489,0.18266541,0.1676701,0.19818583
BAI < 65% percentile,19.329227,0.18322798,0.168204,0.19877603
BAI < 65% percentile,19.359343,0.18379054,0.16873799,0.19936612
BAI < 65% percentile,19.373032,0.18379054,0.16873799,0.19936612
BAI < 65% percentile,19.394935,0.18379054,0.16873799,0.19936612
BAI < 65% percentile,19.45243,0.18379054,0.16873799,0.19936612
BAI < 65% percentile,19.460643,0.18435311,0.16927209,0.1999561
BAI < 65% percentile,19.466119,0.18435311,0.16927209,0.1999561
BAI < 65% percentile,19.47707,0.18491568,0.1698063,0.20054597
BAI < 65% percentile,19.504449,0.18547824,0.1703406,0.20113574
BAI < 65% percentile,19.520876,0.18604081,0.170875,0.20172539
BAI < 65% percentile,19.559206,0.18660338,0.1714095,0.20231494
BAI < 65% percentile,19.564682,0.18660338,0.1714095,0.20231494
BAI < 65% percentile,19.586585,0.18716594,0.1719441,0.20290438
BAI < 65% percentile,19.63039,0.18716594,0.1719441,0.20290438
BAI < 65% percentile,19.652293,0.18716594,0.1719441,0.20290438
BAI < 65% percentile,19.655031,0.18716594,0.1719441,0.20290438
BAI < 65% percentile,19.66872,0.18716594,0.1719441,0.20290438
BAI < 65% percentile,19.687885,0.18772851,0.1724788,0.20349371
BAI < 65% percentile,19.709788,0.18829108,0.1730136,0.20408294
BAI < 65% percentile,19.715264,0.18829108,0.1730136,0.20408294
BAI < 65% percentile,19.718001,0.18885364,0.1735485,0.20467207
BAI < 65% percentile,19.723477,0.18885364,0.1735485,0.20467207
BAI < 65% percentile,19.734428,0.18885364,0.1735485,0.20467207
BAI < 65% percentile,19.772758,0.18941621,0.17408349,0.20526108
BAI < 65% percentile,19.786448,0.18997878,0.17461858,0.20585
BAI < 65% percentile,19.80835,0.19054134,0.17515377,0.20643881
BAI < 65% percentile,19.816564,0.19110391,0.17568905,0.20702752
BAI < 65% percentile,19.82204,0.19110391,0.17568905,0.20702752
BAI < 65% percentile,19.841205,0.19166714,0.17622501,0.20761686
BAI < 65% percentile,19.857632,0.19223036,0.17676107,0.2082061
BAI < 65% percentile,19.88501,0.19279359,0.17729722,0.20879524
BAI < 65% percentile,19.893224,0.19335681,0.17783346,0.20938427
BAI < 65% percentile,19.928816,0.19392004,0.1783698,0.20997321
BAI < 65% percentile,19.969884,0.19392004,0.1783698,0.20997321
BAI < 65% percentile,19.983573,0.19448326,0.17890623,0.21056204
BAI < 65% percentile,20.008214,0.19504648,0.17944276,0.21115078
BAI < 65% percentile,20.010951,0.19504648,0.17944276,0.21115078
BAI < 65% percentile,20.024641,0.19560971,0.17997938,0.21173941
BAI < 65% percentile,20.071184,0.19617293,0.18051609,0.21232795
BAI < 65% percentile,20.073922,0.19617293,0.18051609,0.21232795
BAI < 65% percentile,20.087611,0.19673616,0.18105289,0.21291639
BAI < 65% percentile,20.090349,0.19673616,0.18105289,0.21291639
BAI < 65% percentile,20.093087,0.19673616,0.18105289,0.21291639
BAI < 65% percentile,20.095825,0.19730073,0.18159098,0.21350623
BAI < 65% percentile,20.098563,0.19730073,0.18159098,0.21350623
BAI < 65% percentile,20.112252,0.19730073,0.18159098,0.21350623
BAI < 65% percentile,20.11499,0.19786529,0.18212915,0.21409597
BAI < 65% percentile,20.131417,0.19786529,0.18212915,0.21409597
BAI < 65% percentile,20.15332,0.19786529,0.18212915,0.21409597
BAI < 65% percentile,20.158795,0.19786529,0.18212915,0.21409597
BAI < 65% percentile,20.164271,0.19786529,0.18212915,0.21409597
BAI < 65% percentile,20.197125,0.19786529,0.18212915,0.21409597
BAI < 65% percentile,20.208077,0.19786529,0.18212915,0.21409597
BAI < 65% percentile,20.235455,0.19786529,0.18212915,0.21409597
BAI < 65% percentile,20.243669,0.19786529,0.18212915,0.21409597
BAI < 65% percentile,20.257358,0.19786529,0.18212915,0.21409597
BAI < 65% percentile,20.260096,0.19786529,0.18212915,0.21409597
BAI < 65% percentile,20.273785,0.19843465,0.18267168,0.21469095
BAI < 65% percentile,20.276523,0.19843465,0.18267168,0.21469095
BAI < 65% percentile,20.279261,0.19843465,0.18267168,0.21469095
BAI < 65% percentile,20.303901,0.19900541,0.18321553,0.21528739
BAI < 65% percentile,20.312115,0.19900541,0.18321553,0.21528739
BAI < 65% percentile,20.334018,0.19900541,0.18321553,0.21528739
BAI < 65% percentile,20.339493,0.19957686,0.18376009,0.21588451
BAI < 65% percentile,20.344969,0.20014831,0.18430475,0.21648152
BAI < 65% percentile,20.347707,0.20014831,0.18430475,0.21648152
BAI < 65% percentile,20.366872,0.20014831,0.18430475,0.21648152
BAI < 65% percentile,20.375086,0.20014831,0.18430475,0.21648152
BAI < 65% percentile,20.380561,0.20014831,0.18430475,0.21648152
BAI < 65% percentile,20.394251,0.20072188,0.18485139,0.2170808
BAI < 65% percentile,20.396988,0.20072188,0.18485139,0.2170808
BAI < 65% percentile,20.40794,0.20072188,0.18485139,0.2170808
BAI < 65% percentile,20.413415,0.20072188,0.18485139,0.2170808
BAI < 65% percentile,20.418891,0.20129759,0.18540002,0.21768235
BAI < 65% percentile,20.429843,0.20129759,0.18540002,0.21768235
BAI < 65% percentile,20.443532,0.20187402,0.18594938,0.21828461
BAI < 65% percentile,20.449008,0.20187402,0.18594938,0.21828461
BAI < 65% percentile,20.454483,0.20187402,0.18594938,0.21828461
BAI < 65% percentile,20.47091,0.20245189,0.18650011,0.21888837
BAI < 65% percentile,20.487337,0.20245189,0.18650011,0.21888837
BAI < 65% percentile,20.501027,0.20245189,0.18650011,0.21888837
BAI < 65% percentile,20.50924,0.20245189,0.18650011,0.21888837
BAI < 65% percentile,20.517454,0.20245189,0.18650011,0.21888837
BAI < 65% percentile,20.52293,0.20245189,0.18650011,0.21888837
BAI < 65% percentile,20.525667,0.20245189,0.18650011,0.21888837
BAI < 65% percentile,20.531143,0.20245189,0.18650011,0.21888837
BAI < 65% percentile,20.542094,0.20245189,0.18650011,0.21888837
BAI < 65% percentile,20.54757,0.20245189,0.18650011,0.21888837
BAI < 65% percentile,20.563997,0.20245189,0.18650011,0.21888837
BAI < 65% percentile,20.572211,0.20245189,0.18650011,0.21888837
BAI < 65% percentile,20.574949,0.20245189,0.18650011,0.21888837
BAI < 65% percentile,20.577687,0.20245189,0.18650011,0.21888837
BAI < 65% percentile,20.588638,0.20245189,0.18650011,0.21888837
BAI < 65% percentile,20.605065,0.20245189,0.18650011,0.21888837
BAI < 65% percentile,20.616016,0.20245189,0.18650011,0.21888837
BAI < 65% percentile,20.618754,0.20245189,0.18650011,0.21888837
BAI < 65% percentile,20.621492,0.20245189,0.18650011,0.21888837
BAI < 65% percentile,20.632444,0.20245189,0.18650011,0.21888837
BAI < 65% percentile,20.637919,0.20245189,0.18650011,0.21888837
BAI < 65% percentile,20.640657,0.20245189,0.18650011,0.21888837
BAI < 65% percentile,20.659822,0.20245189,0.18650011,0.21888837
BAI < 65% percentile,20.66256,0.20245189,0.18650011,0.21888837
BAI < 65% percentile,20.668036,0.20245189,0.18650011,0.21888837
BAI < 65% percentile,20.673511,0.20305082,0.18706957,0.21951556
BAI < 65% percentile,20.676249,0.20305082,0.18706957,0.21951556
BAI < 65% percentile,20.687201,0.20365132,0.18764053,0.22014438
BAI < 65% percentile,20.698152,0.20365132,0.18764053,0.22014438
BAI < 65% percentile,20.709103,0.20365132,0.18764053,0.22014438
BAI < 65% percentile,20.711841,0.20365132,0.18764053,0.22014438
BAI < 65% percentile,20.717317,0.2042542,0.1882137,0.22077576
BAI < 65% percentile,20.722793,0.2042542,0.1882137,0.22077576
BAI < 65% percentile,20.731006,0.2042542,0.1882137,0.22077576
BAI < 65% percentile,20.736482,0.20485948,0.1887891,0.2214097
BAI < 65% percentile,20.73922,0.20485948,0.1887891,0.2214097
BAI < 65% percentile,20.752909,0.20485948,0.1887891,0.2214097
BAI < 65% percentile,20.755647,0.20485948,0.1887891,0.2214097
BAI < 65% percentile,20.788501,0.20485948,0.1887891,0.2214097
BAI < 65% percentile,20.799452,0.20485948,0.1887891,0.2214097
BAI < 65% percentile,20.807666,0.20485948,0.1887891,0.2214097
BAI < 65% percentile,20.810404,0.20485948,0.1887891,0.2214097
BAI < 65% percentile,20.81588,0.20485948,0.1887891,0.2214097
BAI < 65% percentile,20.818617,0.20485948,0.1887891,0.2214097
BAI < 65% percentile,20.826831,0.20485948,0.1887891,0.2214097
BAI < 65% percentile,20.832307,0.20485948,0.1887891,0.2214097
BAI < 65% percentile,20.84052,0.20547541,0.189374,0.22205546
BAI < 65% percentile,20.843258,0.20547541,0.189374,0.22205546
BAI < 65% percentile,20.845996,0.20547541,0.189374,0.22205546
BAI < 65% percentile,20.848734,0.20547541,0.189374,0.22205546
BAI < 65% percentile,20.851472,0.20547541,0.189374,0.22205546
BAI < 65% percentile,20.854209,0.20547541,0.189374,0.22205546
BAI < 65% percentile,20.865161,0.20547541,0.189374,0.22205546
BAI < 65% percentile,20.867899,0.20547541,0.189374,0.22205546
BAI < 65% percentile,20.873374,0.20547541,0.189374,0.22205546
BAI < 65% percentile,20.881588,0.20547541,0.189374,0.22205546
BAI < 65% percentile,20.887064,0.20547541,0.189374,0.22205546
BAI < 65% percentile,20.889802,0.20547541,0.189374,0.22205546
BAI < 65% percentile,20.892539,0.20547541,0.189374,0.22205546
BAI < 65% percentile,20.898015,0.20547541,0.189374,0.22205546
BAI < 65% percentile,20.900753,0.20610596,0.18997186,0.22271752
BAI < 65% percentile,20.906229,0.2067374,0.19057063,0.22338043
BAI < 65% percentile,20.922656,0.2067374,0.19057063,0.22338043
BAI < 65% percentile,20.928131,0.2067374,0.19057063,0.22338043
BAI < 65% percentile,20.941821,0.2067374,0.19057063,0.22338043
BAI < 65% percentile,20.950034,0.2067374,0.19057063,0.22338043
BAI < 65% percentile,20.95551,0.2067374,0.19057063,0.22338043
BAI < 65% percentile,20.958248,0.2067374,0.19057063,0.22338043
BAI < 65% percentile,20.966461,0.2067374,0.19057063,0.22338043
BAI < 65% percentile,20.969199,0.20737873,0.1911782,0.22405434
BAI < 65% percentile,20.971937,0.20737873,0.1911782,0.22405434
BAI < 65% percentile,20.974675,0.20737873,0.1911782,0.22405434
BAI < 65% percentile,20.977413,0.20737873,0.1911782,0.22405434
BAI < 65% percentile,20.980151,0.20737873,0.1911782,0.22405434
BAI < 65% percentile,20.985626,0.20737873,0.1911782,0.22405434
BAI < 65% percentile,20.988364,0.20737873,0.1911782,0.22405434
BAI < 65% percentile,21.007529,0.20737873,0.1911782,0.22405434
BAI < 65% percentile,21.013005,0.20737873,0.1911782,0.22405434
BAI < 65% percentile,21.015743,0.20737873,0.1911782,0.22405434
BAI < 65% percentile,21.026694,0.20737873,0.1911782,0.22405434
BAI < 65% percentile,21.029432,0.20737873,0.1911782,0.22405434
BAI < 65% percentile,21.03217,0.20803508,0.19179903,0.22474506
BAI < 65% percentile,21.034908,0.20803508,0.19179903,0.22474506
BAI < 65% percentile,21.037645,0.20803508,0.19179903,0.22474506
BAI < 65% percentile,21.040383,0.20803508,0.19179903,0.22474506
BAI < 65% percentile,21.043121,0.20803508,0.19179903,0.22474506
BAI < 65% percentile,21.054073,0.20803508,0.19179903,0.22474506
BAI < 65% percentile,21.059548,0.20803508,0.19179903,0.22474506
BAI < 65% percentile,21.065024,0.20803508,0.19179903,0.22474506
BAI < 65% percentile,21.067762,0.20803508,0.19179903,0.22474506
BAI < 65% percentile,21.075975,0.20803508,0.19179903,0.22474506
BAI < 65% percentile,21.078713,0.20870024,0.19242769,0.22544557
BAI < 65% percentile,21.081451,0.20870024,0.19242769,0.22544557
BAI < 65% percentile,21.086927,0.20870024,0.19242769,0.22544557
BAI < 65% percentile,21.09514,0.2100426,0.193696,0.2268597
BAI < 65% percentile,21.097878,0.2100426,0.193696,0.2268597
BAI < 65% percentile,21.100616,0.2100426,0.193696,0.2268597
BAI < 65% percentile,21.103354,0.2100426,0.193696,0.2268597
BAI < 65% percentile,21.106092,0.2100426,0.193696,0.2268597
BAI < 65% percentile,21.114305,0.2100426,0.193696,0.2268597
BAI < 65% percentile,21.122519,0.2100426,0.193696,0.2268597
BAI < 65% percentile,21.125257,0.2100426,0.193696,0.2268597
BAI < 65% percentile,21.136208,0.21071994,0.19433576,0.22757347
BAI < 65% percentile,21.141684,0.21139729,0.1949757,0.22828706
BAI < 65% percentile,21.144422,0.21139729,0.1949757,0.22828706
BAI < 65% percentile,21.147159,0.21139729,0.1949757,0.22828706
BAI < 65% percentile,21.155373,0.21139729,0.1949757,0.22828706
BAI < 65% percentile,21.160849,0.21139729,0.1949757,0.22828706
BAI < 65% percentile,21.169062,0.21208415,0.19562408,0.22901125
BAI < 65% percentile,21.1718,0.21208415,0.19562408,0.22901125
BAI < 65% percentile,21.174538,0.21208415,0.19562408,0.22901125
BAI < 65% percentile,21.180014,0.21208415,0.19562408,0.22901125
BAI < 65% percentile,21.182752,0.21208415,0.19562408,0.22901125
BAI < 65% percentile,21.188227,0.21208415,0.19562408,0.22901125
BAI < 65% percentile,21.190965,0.21278083,0.19628114,0.22974639
BAI < 65% percentile,21.193703,0.21278083,0.19628114,0.22974639
BAI < 65% percentile,21.196441,0.21278083,0.19628114,0.22974639
BAI < 65% percentile,21.207392,0.21278083,0.19628114,0.22974639
BAI < 65% percentile,21.226557,0.21278083,0.19628114,0.22974639
BAI < 65% percentile,21.229295,0.21278083,0.19628114,0.22974639
BAI < 65% percentile,21.232033,0.21278083,0.19628114,0.22974639
BAI < 65% percentile,21.234771,0.21278083,0.19628114,0.22974639
BAI < 65% percentile,21.237509,0.21278083,0.19628114,0.22974639
BAI < 65% percentile,21.240246,0.21278083,0.19628114,0.22974639
BAI < 65% percentile,21.242984,0.21278083,0.19628114,0.22974639
BAI < 65% percentile,21.245722,0.21278083,0.19628114,0.22974639
BAI < 65% percentile,21.251198,0.21278083,0.19628114,0.22974639
BAI < 65% percentile,21.253936,0.21278083,0.19628114,0.22974639
BAI < 65% percentile,21.256674,0.21278083,0.19628114,0.22974639
BAI < 65% percentile,21.264887,0.21278083,0.19628114,0.22974639
BAI < 65% percentile,21.270363,0.21278083,0.19628114,0.22974639
BAI < 65% percentile,21.273101,0.21278083,0.19628114,0.22974639
BAI < 65% percentile,21.278576,0.21278083,0.19628114,0.22974639
BAI < 65% percentile,21.289528,0.21278083,0.19628114,0.22974639
BAI < 65% percentile,21.295003,0.21278083,0.19628114,0.22974639
BAI < 65% percentile,21.297741,0.21278083,0.19628114,0.22974639
BAI < 65% percentile,21.316906,0.21278083,0.19628114,0.22974639
BAI < 65% percentile,21.319644,0.21350649,0.19696341,0.23051437
BAI < 65% percentile,21.330595,0.21350649,0.19696341,0.23051437
BAI < 65% percentile,21.336071,0.21350649,0.19696341,0.23051437
BAI < 65% percentile,21.338809,0.21350649,0.19696341,0.23051437
BAI < 65% percentile,21.347023,0.21350649,0.19696341,0.23051437
BAI < 65% percentile,21.34976,0.21350649,0.19696341,0.23051437
BAI < 65% percentile,21.352498,0.21350649,0.19696341,0.23051437
BAI < 65% percentile,21.355236,0.21350649,0.19696341,0.23051437
BAI < 65% percentile,21.360712,0.21350649,0.19696341,0.23051437
BAI < 65% percentile,21.36345,0.21350649,0.19696341,0.23051437
BAI < 65% percentile,21.371663,0.21425335,0.19766408,0.23130639
BAI < 65% percentile,21.374401,0.2150015,0.19836611,0.23209961
BAI < 65% percentile,21.379877,0.2150015,0.19836611,0.23209961
BAI < 65% percentile,21.385352,0.2150015,0.19836611,0.23209961
BAI < 65% percentile,21.390828,0.2150015,0.19836611,0.23209961
BAI < 65% percentile,21.393566,0.2150015,0.19836611,0.23209961
BAI < 65% percentile,21.396304,0.2150015,0.19836611,0.23209961
BAI < 65% percentile,21.399042,0.2150015,0.19836611,0.23209961
BAI < 65% percentile,21.404517,0.2150015,0.19836611,0.23209961
BAI < 65% percentile,21.407255,0.2150015,0.19836611,0.23209961
BAI < 65% percentile,21.412731,0.2150015,0.19836611,0.23209961
BAI < 65% percentile,21.415469,0.2150015,0.19836611,0.23209961
BAI < 65% percentile,21.420945,0.2150015,0.19836611,0.23209961
BAI < 65% percentile,21.42642,0.2150015,0.19836611,0.23209961
BAI < 65% percentile,21.429158,0.2150015,0.19836611,0.23209961
BAI < 65% percentile,21.437372,0.2150015,0.19836611,0.23209961
BAI < 65% percentile,21.44011,0.21578219,0.19909614,0.23292999
BAI < 65% percentile,21.442847,0.21578219,0.19909614,0.23292999
BAI < 65% percentile,21.448323,0.21578219,0.19909614,0.23292999
BAI < 65% percentile,21.459274,0.21578219,0.19909614,0.23292999
BAI < 65% percentile,21.46475,0.21578219,0.19909614,0.23292999
BAI < 65% percentile,21.467488,0.2165744,0.19983623,0.23377336
BAI < 65% percentile,21.470226,0.2165744,0.19983623,0.23377336
BAI < 65% percentile,21.472964,0.2165744,0.19983623,0.23377336
BAI < 65% percentile,21.481177,0.21737551,0.20058418,0.23462668
BAI < 65% percentile,21.483915,0.21737551,0.20058418,0.23462668
BAI < 65% percentile,21.486653,0.21737551,0.20058418,0.23462668
BAI < 65% percentile,21.489391,0.21737551,0.20058418,0.23462668
BAI < 65% percentile,21.494867,0.21737551,0.20058418,0.23462668
BAI < 65% percentile,21.500342,0.21737551,0.20058418,0.23462668
BAI < 65% percentile,21.50308,0.21737551,0.20058418,0.23462668
BAI < 65% percentile,21.505818,0.21737551,0.20058418,0.23462668
BAI < 65% percentile,21.511294,0.21737551,0.20058418,0.23462668
BAI < 65% percentile,21.522245,0.21737551,0.20058418,0.23462668
BAI < 65% percentile,21.533196,0.21737551,0.20058418,0.23462668
BAI < 65% percentile,21.535934,0.21737551,0.20058418,0.23462668
BAI < 65% percentile,21.538672,0.21737551,0.20058418,0.23462668
BAI < 65% percentile,21.54141,0.21737551,0.20058418,0.23462668
BAI < 65% percentile,21.544148,0.21737551,0.20058418,0.23462668
BAI < 65% percentile,21.549624,0.21737551,0.20058418,0.23462668
BAI < 65% percentile,21.552361,0.21737551,0.20058418,0.23462668
BAI < 65% percentile,21.557837,0.21737551,0.20058418,0.23462668
BAI < 65% percentile,21.560575,0.21822272,0.20137125,0.23553323
BAI < 65% percentile,21.566051,0.21822272,0.20137125,0.23553323
BAI < 65% percentile,21.568789,0.21822272,0.20137125,0.23553323
BAI < 65% percentile,21.571526,0.21822272,0.20137125,0.23553323
BAI < 65% percentile,21.574264,0.21822272,0.20137125,0.23553323
BAI < 65% percentile,21.577002,0.21822272,0.20137125,0.23553323
BAI < 65% percentile,21.585216,0.21822272,0.20137125,0.23553323
BAI < 65% percentile,21.593429,0.21822272,0.20137125,0.23553323
BAI < 65% percentile,21.596167,0.21822272,0.20137125,0.23553323
BAI < 65% percentile,21.598905,0.21822272,0.20137125,0.23553323
BAI < 65% percentile,21.609856,0.21822272,0.20137125,0.23553323
BAI < 65% percentile,21.612594,0.21822272,0.20137125,0.23553323
BAI < 65% percentile,21.61807,0.21822272,0.20137125,0.23553323
BAI < 65% percentile,21.620808,0.21822272,0.20137125,0.23553323
BAI < 65% percentile,21.623546,0.21913156,0.20220993,0.23651168
BAI < 65% percentile,21.626283,0.21913156,0.20220993,0.23651168
BAI < 65% percentile,21.629021,0.21913156,0.20220993,0.23651168
BAI < 65% percentile,21.634497,0.21913156,0.20220993,0.23651168
BAI < 65% percentile,21.637235,0.21913156,0.20220993,0.23651168
BAI < 65% percentile,21.64271,0.21913156,0.20220993,0.23651168
BAI < 65% percentile,21.645448,0.21913156,0.20220993,0.23651168
BAI < 65% percentile,21.653662,0.21913156,0.20220993,0.23651168
BAI < 65% percentile,21.6564,0.21913156,0.20220993,0.23651168
BAI < 65% percentile,21.659138,0.21913156,0.20220993,0.23651168
BAI < 65% percentile,21.661875,0.21913156,0.20220993,0.23651168
BAI < 65% percentile,21.667351,0.21913156,0.20220993,0.23651168
BAI < 65% percentile,21.670089,0.21913156,0.20220993,0.23651168
BAI < 65% percentile,21.672827,0.21913156,0.20220993,0.23651168
BAI < 65% percentile,21.675565,0.21913156,0.20220993,0.23651168
BAI < 65% percentile,21.68104,0.21913156,0.20220993,0.23651168
BAI < 65% percentile,21.689254,0.21913156,0.20220993,0.23651168
BAI < 65% percentile,21.69473,0.21913156,0.20220993,0.23651168
BAI < 65% percentile,21.697467,0.21913156,0.20220993,0.23651168
BAI < 65% percentile,21.705681,0.21913156,0.20220993,0.23651168
BAI < 65% percentile,21.711157,0.21913156,0.20220993,0.23651168
BAI < 65% percentile,21.713895,0.21913156,0.20220993,0.23651168
BAI < 65% percentile,21.716632,0.21913156,0.20220993,0.23651168
BAI < 65% percentile,21.71937,0.22010766,0.20310413,0.2375694
BAI < 65% percentile,21.722108,0.22010766,0.20310413,0.2375694
BAI < 65% percentile,21.724846,0.22010766,0.20310413,0.2375694
BAI < 65% percentile,21.73306,0.22010766,0.20310413,0.2375694
BAI < 65% percentile,21.735797,0.22010766,0.20310413,0.2375694
BAI < 65% percentile,21.738535,0.22010766,0.20310413,0.2375694
BAI < 65% percentile,21.744011,0.22010766,0.20310413,0.2375694
BAI < 65% percentile,21.752225,0.22010766,0.20310413,0.2375694
BAI < 65% percentile,21.754962,0.22010766,0.20310413,0.2375694
BAI < 65% percentile,21.760438,0.22010766,0.20310413,0.2375694
BAI < 65% percentile,21.763176,0.22010766,0.20310413,0.2375694
BAI < 65% percentile,21.765914,0.22010766,0.20310413,0.2375694
BAI < 65% percentile,21.768652,0.22010766,0.20310413,0.2375694
BAI < 65% percentile,21.771389,0.22010766,0.20310413,0.2375694
BAI < 65% percentile,21.774127,0.22010766,0.20310413,0.2375694
BAI < 65% percentile,21.776865,0.22010766,0.20310413,0.2375694
BAI < 65% percentile,21.779603,0.22010766,0.20310413,0.2375694
BAI < 65% percentile,21.785079,0.22010766,0.20310413,0.2375694
BAI < 65% percentile,21.790554,0.22010766,0.20310413,0.2375694
BAI < 65% percentile,21.793292,0.22010766,0.20310413,0.2375694
BAI < 65% percentile,21.798768,0.22010766,0.20310413,0.2375694
BAI < 65% percentile,21.801506,0.22010766,0.20310413,0.2375694
BAI < 65% percentile,21.804244,0.22010766,0.20310413,0.2375694
BAI < 65% percentile,21.806982,0.22010766,0.20310413,0.2375694
BAI < 65% percentile,21.815195,0.22010766,0.20310413,0.2375694
BAI < 65% percentile,21.820671,0.22010766,0.20310413,0.2375694
BAI < 65% percentile,21.826146,0.22010766,0.20310413,0.2375694
BAI < 65% percentile,21.828884,0.22010766,0.20310413,0.2375694
BAI < 65% percentile,21.831622,0.22120117,0.20409286,0.23876805
BAI < 65% percentile,21.837098,0.22120117,0.20409286,0.23876805
BAI < 65% percentile,21.845311,0.22120117,0.20409286,0.23876805
BAI < 65% percentile,21.850787,0.22120117,0.20409286,0.23876805
BAI < 65% percentile,21.853525,0.22120117,0.20409286,0.23876805
BAI < 65% percentile,21.856263,0.22120117,0.20409286,0.23876805
BAI < 65% percentile,21.859001,0.22120117,0.20409286,0.23876805
BAI < 65% percentile,21.861739,0.22120117,0.20409286,0.23876805
BAI < 65% percentile,21.864476,0.22120117,0.20409286,0.23876805
BAI < 65% percentile,21.867214,0.22120117,0.20409286,0.23876805
BAI < 65% percentile,21.87269,0.22120117,0.20409286,0.23876805
BAI < 65% percentile,21.878166,0.22120117,0.20409286,0.23876805
BAI < 65% percentile,21.880903,0.22120117,0.20409286,0.23876805
BAI < 65% percentile,21.883641,0.22120117,0.20409286,0.23876805
BAI < 65% percentile,21.886379,0.22120117,0.20409286,0.23876805
BAI < 65% percentile,21.889117,0.22120117,0.20409286,0.23876805
BAI < 65% percentile,21.897331,0.22120117,0.20409286,0.23876805
BAI < 65% percentile,21.900068,0.22120117,0.20409286,0.23876805
BAI < 65% percentile,21.902806,0.22120117,0.20409286,0.23876805
BAI < 65% percentile,21.905544,0.22240589,0.20516905,0.24010235
BAI < 65% percentile,21.91102,0.22240589,0.20516905,0.24010235
BAI < 65% percentile,21.913758,0.22240589,0.20516905,0.24010235
BAI < 65% percentile,21.924709,0.22240589,0.20516905,0.24010235
BAI < 65% percentile,21.927447,0.22240589,0.20516905,0.24010235
BAI < 65% percentile,21.943874,0.22240589,0.20516905,0.24010235
BAI < 65% percentile,21.946612,0.22240589,0.20516905,0.24010235
BAI < 65% percentile,21.952088,0.22240589,0.20516905,0.24010235
BAI < 65% percentile,21.954825,0.22240589,0.20516905,0.24010235
BAI < 65% percentile,21.957563,0.22364318,0.20627167,0.24147545
BAI < 65% percentile,21.963039,0.22364318,0.20627167,0.24147545
BAI < 65% percentile,21.976728,0.22364318,0.20627167,0.24147545
BAI < 65% percentile,21.982204,0.22364318,0.20627167,0.24147545
BAI < 65% percentile,21.984942,0.22364318,0.20627167,0.24147545
BAI < 65% percentile,21.98768,0.22364318,0.20627167,0.24147545
BAI < 65% percentile,21.993155,0.22364318,0.20627167,0.24147545
BAI < 65% percentile,21.995893,0.22364318,0.20627167,0.24147545
BAI < 65% percentile,21.998631,0.22364318,0.20627167,0.24147545
BAI < 65% percentile,22.001369,0.22364318,0.20627167,0.24147545
BAI < 65% percentile,22.015058,0.22364318,0.20627167,0.24147545
BAI < 65% percentile,22.017796,0.22364318,0.20627167,0.24147545
BAI < 65% percentile,22.023272,0.22364318,0.20627167,0.24147545
BAI < 65% percentile,22.02601,0.22364318,0.20627167,0.24147545
BAI < 65% percentile,22.028747,0.22364318,0.20627167,0.24147545
BAI < 65% percentile,22.031485,0.22364318,0.20627167,0.24147545
BAI < 65% percentile,22.036961,0.22364318,0.20627167,0.24147545
BAI < 65% percentile,22.039699,0.22364318,0.20627167,0.24147545
BAI < 65% percentile,22.045175,0.22364318,0.20627167,0.24147545
BAI < 65% percentile,22.053388,0.22364318,0.20627167,0.24147545
BAI < 65% percentile,22.056126,0.22364318,0.20627167,0.24147545
BAI < 65% percentile,22.058864,0.22364318,0.20627167,0.24147545
BAI < 65% percentile,22.061602,0.22505214,0.20750386,0.24306367
BAI < 65% percentile,22.064339,0.22505214,0.20750386,0.24306367
BAI < 65% percentile,22.069815,0.22505214,0.20750386,0.24306367
BAI < 65% percentile,22.072553,0.22505214,0.20750386,0.24306367
BAI < 65% percentile,22.075291,0.22505214,0.20750386,0.24306367
BAI < 65% percentile,22.078029,0.22505214,0.20750386,0.24306367
BAI < 65% percentile,22.086242,0.22649658,0.20876463,0.24469435
BAI < 65% percentile,22.094456,0.22795153,0.210036,0.24633527
BAI < 65% percentile,22.097194,0.22795153,0.210036,0.24633527
BAI < 65% percentile,22.099932,0.22795153,0.210036,0.24633527
BAI < 65% percentile,22.102669,0.22795153,0.210036,0.24633527
BAI < 65% percentile,22.102669,0.22795153,0.210036,0.24633527
BAI < 65% percentile,22.105407,0.22795153,0.210036,0.24633527
BAI < 65% percentile,22.110883,0.22795153,0.210036,0.24633527
BAI < 65% percentile,22.113621,0.22795153,0.210036,0.24633527
BAI < 65% percentile,22.116359,0.22795153,0.210036,0.24633527
BAI < 65% percentile,22.119097,0.22795153,0.210036,0.24633527
BAI < 65% percentile,22.132786,0.22795153,0.210036,0.24633527
BAI < 65% percentile,22.143737,0.22795153,0.210036,0.24633527
BAI < 65% percentile,22.146475,0.22795153,0.210036,0.24633527
BAI < 65% percentile,22.151951,0.22795153,0.210036,0.24633527
BAI < 65% percentile,22.154689,0.22795153,0.210036,0.24633527
BAI < 65% percentile,22.160164,0.22795153,0.210036,0.24633527
BAI < 65% percentile,22.184805,0.22795153,0.210036,0.24633527
BAI < 65% percentile,22.187543,0.22795153,0.210036,0.24633527
BAI < 65% percentile,22.193018,0.22795153,0.210036,0.24633527
BAI < 65% percentile,22.195756,0.22795153,0.210036,0.24633527
BAI < 65% percentile,22.198494,0.22795153,0.210036,0.24633527
BAI < 65% percentile,22.209446,0.22795153,0.210036,0.24633527
BAI < 65% percentile,22.217659,0.22795153,0.210036,0.24633527
BAI < 65% percentile,22.231348,0.22795153,0.210036,0.24633527
BAI < 65% percentile,22.239562,0.22795153,0.210036,0.24633527
BAI < 65% percentile,22.250513,0.22795153,0.210036,0.24633527
BAI < 65% percentile,22.253251,0.22795153,0.210036,0.24633527
BAI < 65% percentile,22.258727,0.22795153,0.210036,0.24633527
BAI < 65% percentile,22.261465,0.22795153,0.210036,0.24633527
BAI < 65% percentile,22.264203,0.22795153,0.210036,0.24633527
BAI < 65% percentile,22.26694,0.22795153,0.210036,0.24633527
BAI < 65% percentile,22.272416,0.22795153,0.210036,0.24633527
BAI < 65% percentile,22.275154,0.22795153,0.210036,0.24633527
BAI < 65% percentile,22.283368,0.22795153,0.210036,0.24633527
BAI < 65% percentile,22.286105,0.22795153,0.210036,0.24633527
BAI < 65% percentile,22.288843,0.22795153,0.210036,0.24633527
BAI < 65% percentile,22.291581,0.22795153,0.210036,0.24633527
BAI < 65% percentile,22.294319,0.22795153,0.210036,0.24633527
BAI < 65% percentile,22.30527,0.22795153,0.210036,0.24633527
BAI < 65% percentile,22.308008,0.22795153,0.210036,0.24633527
BAI < 65% percentile,22.313484,0.22795153,0.210036,0.24633527
BAI < 65% percentile,22.316222,0.22795153,0.210036,0.24633527
BAI < 65% percentile,22.31896,0.22795153,0.210036,0.24633527
BAI < 65% percentile,22.321697,0.22795153,0.210036,0.24633527
BAI < 65% percentile,22.324435,0.22795153,0.210036,0.24633527
BAI < 65% percentile,22.335387,0.22795153,0.210036,0.24633527
BAI < 65% percentile,22.338125,0.22795153,0.210036,0.24633527
BAI < 65% percentile,22.3436,0.22795153,0.210036,0.24633527
BAI < 65% percentile,22.346338,0.22795153,0.210036,0.24633527
BAI < 65% percentile,22.349076,0.22795153,0.210036,0.24633527
BAI < 65% percentile,22.354552,0.22795153,0.210036,0.24633527
BAI < 65% percentile,22.35729,0.22795153,0.210036,0.24633527
BAI < 65% percentile,22.360027,0.22795153,0.210036,0.24633527
BAI < 65% percentile,22.362765,0.22795153,0.210036,0.24633527
BAI < 65% percentile,22.365503,0.22795153,0.210036,0.24633527
BAI < 65% percentile,22.368241,0.22795153,0.210036,0.24633527
BAI < 65% percentile,22.370979,0.22795153,0.210036,0.24633527
BAI < 65% percentile,22.379192,0.22795153,0.210036,0.24633527
BAI < 65% percentile,22.38193,0.22795153,0.210036,0.24633527
BAI < 65% percentile,22.384668,0.22795153,0.210036,0.24633527
BAI < 65% percentile,22.387406,0.22795153,0.210036,0.24633527
BAI < 65% percentile,22.395619,0.22795153,0.210036,0.24633527
BAI < 65% percentile,22.398357,0.22795153,0.210036,0.24633527
BAI < 65% percentile,22.406571,0.22795153,0.210036,0.24633527
BAI < 65% percentile,22.42026,0.22795153,0.210036,0.24633527
BAI < 65% percentile,22.425736,0.22795153,0.210036,0.24633527
BAI < 65% percentile,22.428474,0.23028378,0.21187337,0.24917659
BAI < 65% percentile,22.431211,0.23028378,0.21187337,0.24917659
BAI < 65% percentile,22.436687,0.23028378,0.21187337,0.24917659
BAI < 65% percentile,22.439425,0.23028378,0.21187337,0.24917659
BAI < 65% percentile,22.442163,0.23028378,0.21187337,0.24917659
BAI < 65% percentile,22.444901,0.23028378,0.21187337,0.24917659
BAI < 65% percentile,22.447639,0.23028378,0.21187337,0.24917659
BAI < 65% percentile,22.450376,0.23028378,0.21187337,0.24917659
BAI < 65% percentile,22.453114,0.23028378,0.21187337,0.24917659
BAI < 65% percentile,22.455852,0.23028378,0.21187337,0.24917659
BAI < 65% percentile,22.461328,0.23028378,0.21187337,0.24917659
BAI < 65% percentile,22.464066,0.23028378,0.21187337,0.24917659
BAI < 65% percentile,22.469541,0.23028378,0.21187337,0.24917659
BAI < 65% percentile,22.475017,0.23028378,0.21187337,0.24917659
BAI < 65% percentile,22.483231,0.23028378,0.21187337,0.24917659
BAI < 65% percentile,22.485969,0.23028378,0.21187337,0.24917659
BAI < 65% percentile,22.488706,0.23028378,0.21187337,0.24917659
BAI < 65% percentile,22.49692,0.23028378,0.21187337,0.24917659
BAI < 65% percentile,22.499658,0.23028378,0.21187337,0.24917659
BAI < 65% percentile,22.502396,0.23028378,0.21187337,0.24917659
BAI < 65% percentile,22.510609,0.23028378,0.21187337,0.24917659
BAI < 65% percentile,22.513347,0.23028378,0.21187337,0.24917659
BAI < 65% percentile,22.516085,0.23028378,0.21187337,0.24917659
BAI < 65% percentile,22.521561,0.23028378,0.21187337,0.24917659
BAI < 65% percentile,22.527036,0.23028378,0.21187337,0.24917659
BAI < 65% percentile,22.543463,0.23028378,0.21187337,0.24917659
BAI < 65% percentile,22.546201,0.23028378,0.21187337,0.24917659
BAI < 65% percentile,22.548939,0.23028378,0.21187337,0.24917659
BAI < 65% percentile,22.554415,0.23028378,0.21187337,0.24917659
BAI < 65% percentile,22.562628,0.23028378,0.21187337,0.24917659
BAI < 65% percentile,22.565366,0.23028378,0.21187337,0.24917659
BAI < 65% percentile,22.576318,0.23028378,0.21187337,0.24917659
BAI < 65% percentile,22.579055,0.23028378,0.21187337,0.24917659
BAI < 65% percentile,22.587269,0.23028378,0.21187337,0.24917659
BAI < 65% percentile,22.590007,0.23028378,0.21187337,0.24917659
BAI < 65% percentile,22.59822,0.23028378,0.21187337,0.24917659
BAI < 65% percentile,22.606434,0.23028378,0.21187337,0.24917659
BAI < 65% percentile,22.61191,0.23028378,0.21187337,0.24917659
BAI < 65% percentile,22.614648,0.23028378,0.21187337,0.24917659
BAI < 65% percentile,22.620123,0.23028378,0.21187337,0.24917659
BAI < 65% percentile,22.622861,0.23028378,0.21187337,0.24917659
BAI < 65% percentile,22.633812,0.23028378,0.21187337,0.24917659
BAI < 65% percentile,22.63655,0.23028378,0.21187337,0.24917659
BAI < 65% percentile,22.639288,0.23028378,0.21187337,0.24917659
BAI < 65% percentile,22.642026,0.23028378,0.21187337,0.24917659
BAI < 65% percentile,22.644764,0.23379892,0.21427768,0.25384286
BAI < 65% percentile,22.652977,0.23379892,0.21427768,0.25384286
BAI < 65% percentile,22.655715,0.23379892,0.21427768,0.25384286
BAI < 65% percentile,22.663929,0.23379892,0.21427768,0.25384286
BAI < 65% percentile,22.67488,0.23379892,0.21427768,0.25384286
BAI < 65% percentile,22.685832,0.23379892,0.21427768,0.25384286
BAI < 65% percentile,22.688569,0.23379892,0.21427768,0.25384286
BAI < 65% percentile,22.696783,0.23379892,0.21427768,0.25384286
BAI < 65% percentile,22.702259,0.23379892,0.21427768,0.25384286
BAI < 65% percentile,22.707734,0.23379892,0.21427768,0.25384286
BAI < 65% percentile,22.710472,0.23379892,0.21427768,0.25384286
BAI < 65% percentile,22.724162,0.23379892,0.21427768,0.25384286
BAI < 65% percentile,22.729637,0.23379892,0.21427768,0.25384286
BAI < 65% percentile,22.737851,0.23379892,0.21427768,0.25384286
BAI < 65% percentile,22.743326,0.23379892,0.21427768,0.25384286
BAI < 65% percentile,22.746064,0.23379892,0.21427768,0.25384286
BAI < 65% percentile,22.748802,0.23379892,0.21427768,0.25384286
BAI < 65% percentile,22.75154,0.23379892,0.21427768,0.25384286
BAI < 65% percentile,22.754278,0.23379892,0.21427768,0.25384286
BAI < 65% percentile,22.757016,0.23379892,0.21427768,0.25384286
BAI < 65% percentile,22.770705,0.23379892,0.21427768,0.25384286
BAI < 65% percentile,22.778919,0.23379892,0.21427768,0.25384286
BAI < 65% percentile,22.784394,0.23379892,0.21427768,0.25384286
BAI < 65% percentile,22.787132,0.23379892,0.21427768,0.25384286
BAI < 65% percentile,22.795346,0.23379892,0.21427768,0.25384286
BAI < 65% percentile,22.811773,0.23379892,0.21427768,0.25384286
BAI < 65% percentile,22.814511,0.23379892,0.21427768,0.25384286
BAI < 65% percentile,22.8282,0.23379892,0.21427768,0.25384286
BAI < 65% percentile,22.830938,0.23379892,0.21427768,0.25384286
BAI < 65% percentile,22.833676,0.23379892,0.21427768,0.25384286
BAI < 65% percentile,22.839151,0.23379892,0.21427768,0.25384286
BAI < 65% percentile,22.841889,0.23379892,0.21427768,0.25384286
BAI < 65% percentile,22.844627,0.23379892,0.21427768,0.25384286
BAI < 65% percentile,22.847365,0.23379892,0.21427768,0.25384286
BAI < 65% percentile,22.850103,0.23379892,0.21427768,0.25384286
BAI < 65% percentile,22.852841,0.23379892,0.21427768,0.25384286
BAI < 65% percentile,22.858316,0.23379892,0.21427768,0.25384286
BAI < 65% percentile,22.861054,0.23379892,0.21427768,0.25384286
BAI < 65% percentile,22.863792,0.23379892,0.21427768,0.25384286
BAI < 65% percentile,22.86653,0.23379892,0.21427768,0.25384286
BAI < 65% percentile,22.869268,0.23379892,0.21427768,0.25384286
BAI < 65% percentile,22.885695,0.23379892,0.21427768,0.25384286
BAI < 65% percentile,22.89117,0.23379892,0.21427768,0.25384286
BAI < 65% percentile,22.896646,0.23379892,0.21427768,0.25384286
BAI < 65% percentile,22.899384,0.23379892,0.21427768,0.25384286
BAI < 65% percentile,22.902122,0.23379892,0.21427768,0.25384286
BAI < 65% percentile,22.932238,0.23379892,0.21427768,0.25384286
BAI < 65% percentile,22.937714,0.23379892,0.21427768,0.25384286
BAI < 65% percentile,22.954141,0.23379892,0.21427768,0.25384286
BAI < 65% percentile,22.959617,0.23379892,0.21427768,0.25384286
BAI < 65% percentile,22.986995,0.23379892,0.21427768,0.25384286
BAI < 65% percentile,23.000684,0.23379892,0.21427768,0.25384286
BAI < 65% percentile,23.025325,0.23379892,0.21427768,0.25384286
BAI < 65% percentile,23.033539,0.23379892,0.21427768,0.25384286
BAI < 65% percentile,23.039014,0.23379892,0.21427768,0.25384286
BAI < 65% percentile,23.047228,0.23379892,0.21427768,0.25384286
BAI < 65% percentile,23.055441,0.23379892,0.21427768,0.25384286
BAI < 65% percentile,23.077344,0.23379892,0.21427768,0.25384286
BAI < 65% percentile,23.08282,0.23379892,0.21427768,0.25384286
BAI < 65% percentile,23.088296,0.23379892,0.21427768,0.25384286
BAI < 65% percentile,23.096509,0.23379892,0.21427768,0.25384286
BAI < 65% percentile,23.115674,0.23379892,0.21427768,0.25384286
BAI < 65% percentile,23.132101,0.23379892,0.21427768,0.25384286
BAI < 65% percentile,23.173169,0.23379892,0.21427768,0.25384286
BAI < 65% percentile,23.181383,0.23379892,0.21427768,0.25384286
BAI < 65% percentile,23.18412,0.23379892,0.21427768,0.25384286
BAI < 65% percentile,23.186858,0.23379892,0.21427768,0.25384286
BAI < 65% percentile,23.189596,0.23379892,0.21427768,0.25384286
BAI < 65% percentile,23.206023,0.23379892,0.21427768,0.25384286
BAI < 65% percentile,23.208761,0.23379892,0.21427768,0.25384286
BAI < 65% percentile,23.214237,0.23379892,0.21427768,0.25384286
BAI < 65% percentile,23.219713,0.23379892,0.21427768,0.25384286
BAI < 65% percentile,23.255305,0.23379892,0.21427768,0.25384286
BAI < 65% percentile,23.268994,0.23379892,0.21427768,0.25384286
BAI < 65% percentile,23.321013,0.23379892,0.21427768,0.25384286
BAI < 65% percentile,23.383984,0.23379892,0.21427768,0.25384286
BAI < 65% percentile,23.400411,0.23379892,0.21427768,0.25384286
BAI < 65% percentile,23.416838,0.23379892,0.21427768,0.25384286
BAI < 65% percentile,23.438741,0.27308381,0.19629485,0.35530912
BAI < 65% percentile,23.605749,0.27308381,0.19629485,0.35530912
BAI < 65% percentile,23.638604,0.27308381,0.19629485,0.35530912
BAI < 65% percentile,23.671458,0.27308381,0.19629485,0.35530912
BAI < 65% percentile,23.791923,0.27308381,0.19629485,0.35530912
BAI < 65% percentile,23.915127,0.27308381,0.19629485,0.35530912
