dataset,age,sexM,race_Asian,race_Black,race_White,BMI,AHI,event,time2event,BAI
MESA,83.0,0,0,0,1,21.89797181743157,3.8502673797,censor,6.910335386721424,-11.954918812783504
MESA,57.0,1,0,0,1,19.844636142013183,32.181818182,death,4.342231348391513,-4.955297840552099
MESA,80.0,1,0,0,1,27.77376593864411,20.21978022,censor,5.908281998631074,-7.543699543249005
MESA,60.0,0,0,1,0,31.448357736446383,6.5402843602,censor,6.954140999315538,0.5697204526250985
MESA,60.0,0,0,0,1,32.72911687458512,17.891566265,censor,6.683093771389459,2.450269077079
MESA,77.0,1,1,0,0,28.83166267865227,66.691449814,censor,6.094455852156058,-14.2887105347163
MESA,63.0,1,0,0,1,31.76218787158145,3.5643564356,censor,6.8172484599589325,3.064733961811797
MESA,68.0,1,0,1,0,25.61668978232524,5.5919395466,censor,6.146475017111568,-2.549386346583105
MESA,56.0,1,0,1,0,26.663304241042063,3.8823529412,censor,7.028062970568104,-0.8760907725857976
MESA,61.0,0,0,1,0,30.12914871612661,20.454545455,censor,7.471594798083505,-9.2771560459841
MESA,63.0,0,0,1,0,22.61967200419587,1.5483870968,dementia,5.760438056125941,7.383248782621706
MESA,75.0,1,0,1,0,28.87130881557599,11.083743842,censor,6.130047912388775,-9.832873179762998
MESA,74.0,0,0,0,1,26.78637151839976,19.559471366,censor,6.551676933607118,-7.301785667526801
MESA,80.0,0,0,1,0,29.735186010247265,38.100890208,censor,6.3874058863791925,-8.243229193446098
MESA,60.0,0,0,1,0,26.154686887056226,3.3050847458,censor,7.509924709103354,0.5104232968834026
MESA,71.0,1,0,0,1,30.54432600446216,16.978021978,censor,6.631074606433949,0.9856523079721028
MESA,68.0,0,0,1,0,38.37678043536685,14.662921348,censor,7.5482546201232035,-5.494583449812701
MESA,82.0,1,0,0,1,33.81577841586954,49.956521739,censor,7.523613963039014,-4.9850789187746045
MESA,60.0,1,0,0,1,29.105120553384356,27.461538462,censor,7.427789185489391,2.213608049627801
MESA,77.0,0,0,0,1,20.09897919114535,0.0,death,5.193702943189596,1.628830039663299
MESA,58.0,1,0,0,1,29.287190082644628,8.6217008798,censor,7.211498973305955,-4.092241469111798
MESA,82.0,1,0,0,1,22.218639788493117,38.141809291,censor,7.318275154004107,2.6672264323268
MESA,84.0,1,0,0,1,26.639474068663255,14.086956522,censor,5.514031485284052,-11.510616873093696
MESA,67.0,1,0,1,0,32.96945844078556,36.894409938,censor,7.110198494182067,-3.804320766478
MESA,81.0,0,0,0,1,30.648648648648653,9.0410958904,death,4.1505817932922655,-6.007906969368904
MESA,80.0,1,0,1,0,26.97006489994592,1.4117647059,censor,5.979466119096509,0.3533785242337046
MESA,71.0,1,0,0,1,30.35243980297576,38.033898305,censor,6.436687200547571,-12.005123859495598
MESA,59.0,0,0,0,1,38.259282961833314,2.4770642202,censor,6.277891854893908,-0.8208587908325029
MESA,65.0,1,0,1,0,34.27452376481813,32.746478873,censor,6.91854893908282,-1.4585990320208992
MESA,71.0,1,1,0,0,24.369869125520527,15.269461078,censor,7.24435318275154,3.306716092102505
MESA,89.0,1,0,0,1,24.61509492805004,13.225058005,death,6.203969883641341,-7.760681170090805
MESA,75.0,1,0,0,1,27.420722161434224,34.736842105,death,1.1937029431895962,-9.929218790721904
MESA,67.0,0,0,1,0,41.5447022928994,18.790035587,censor,6.685831622176591,-4.748222472570603
MESA,68.0,0,1,0,0,21.306314962005416,13.64806867,censor,7.315537303216975,-3.835266009165906
MESA,81.0,0,0,1,0,23.16547649446592,33.815789474,death,3.780971937029432,-12.373462802055895
MESA,79.0,0,0,0,1,29.92663774247912,4.2542787286,censor,6.913073237508556,2.019192287832695
MESA,64.0,0,0,0,1,22.86726720809808,0.8450704225,censor,7.490759753593429,-12.237962794008295
MESA,80.0,1,0,0,1,28.976860092559622,22.119815668,death,4.153319644079398,-8.332737171008802
MESA,68.0,0,0,1,0,27.8148210021521,11.412103746,censor,6.915811088295688,-2.1788930412322003
MESA,60.0,0,1,0,0,27.614395103358405,0.9813084112,censor,6.934976043805612,-0.3480986450422989
MESA,70.0,1,0,0,1,30.59592575826166,15.800711744,censor,7.063655030800821,-0.4730793179846984
MESA,74.0,1,0,0,1,30.502710171112767,5.5890410959,censor,6.847364818617385,-7.060186743479605
MESA,64.0,0,0,0,1,19.830573939703385,3.3802816901,censor,7.550992470910335,6.182425938607494
MESA,77.0,1,0,0,1,26.604105571847505,16.79245283,censor,7.266255989048597,-1.3276950714024025
MESA,57.0,0,0,1,0,46.80193496371942,18.237885463,censor,6.264202600958248,-6.509422608464
MESA,77.0,1,0,0,1,24.65217391304348,13.605947955,censor,6.143737166324435,-5.2425035148531975
MESA,73.0,1,0,1,0,26.18923740151628,11.032258065,censor,7.203285420944559,-10.592672007660603
MESA,61.0,1,0,0,1,26.404996973586066,1.7391304348,censor,7.685147159479809,2.3377880611257
MESA,56.0,1,0,0,1,34.5690182733278,71.888544892,censor,7.931553730321697,3.827401462925799
MESA,86.0,0,0,1,0,24.89551227548093,0.0,dementia,5.426420260095825,-14.833492566661905
MESA,69.0,1,0,1,0,27.515854019173958,8.085106383,censor,6.899383983572895,-3.703095183703794
MESA,58.0,1,0,0,1,20.592498269896197,2.5899280576,censor,7.58384668035592,-21.653736899072697
MESA,64.0,0,0,1,0,41.08598831181072,18.031088083,censor,7.446954140999315,-0.8279235781451035
MESA,82.0,1,0,0,1,24.39671555093406,3.4285714286,death,0.7501711156741958,-8.583207023865
MESA,57.0,0,0,1,0,39.51474063842537,6.6486486486,censor,5.08145106091718,0.4228361565540979
MESA,76.0,1,0,1,0,32.125889969782804,54.907161804,censor,6.113620807665982,-15.487891785525903
MESA,58.0,1,0,0,1,33.86665852690699,34.831460674,censor,7.887748117727583,-3.3968520228072023
MESA,77.0,1,0,1,0,27.881559000440124,15.990220049,censor,6.973305954825462,-4.653964706549601
MESA,73.0,1,0,1,0,24.22777427593085,4.3659043659,censor,7.162217659137577,-1.3844631709173
MESA,87.0,1,0,1,0,27.29217026648345,58.145695364,dementia,0.3668720054757016,-2.093203685751305
MESA,82.0,0,0,1,0,22.902024009980305,3.786407767,dementia,4.824093086926762,-0.4457842254553981
MESA,82.0,0,0,0,1,22.24213878453881,0.604534005,censor,6.891170431211499,-8.134416169783506
MESA,62.0,0,0,1,0,39.561925365062194,48.078175896,censor,7.485284052019165,-0.6487144674822005
MESA,78.0,1,0,0,1,27.523441911819177,37.445255474,censor,6.190280629705681,-9.183089108826492
MESA,62.0,1,1,0,0,21.526151716298724,0.9803921569,censor,7.468856947296373,-0.7547307813887016
MESA,65.0,0,0,0,1,17.078288521940856,0.5113636364,censor,7.8904859685147155,0.8312363420735949
MESA,75.0,0,0,1,0,21.398316372742286,0.5700712589,censor,6.1738535249828885,-11.886194011171495
MESA,58.0,1,0,0,1,21.76738159639646,2.1621621622,censor,7.644079397672827,2.419845504162403
MESA,61.0,1,0,0,1,35.46473320191119,17.56097561,censor,6.628336755646817,3.687664534798104
MESA,56.0,0,0,0,1,32.306706144501085,0.0,censor,7.351129363449692,-8.365163178100303
MESA,69.0,1,0,0,1,31.164896207188846,39.032258065,censor,7.110198494182067,-5.874043615614397
MESA,73.0,0,0,1,0,30.46229338842975,3.679245283,dementia,4.213552361396304,-12.081922309016797
MESA,56.0,0,0,1,0,26.90468200488604,1.6927899687,censor,7.318275154004107,1.7747417160151997
MESA,58.0,0,0,1,0,32.939933656248826,5.5609756098,censor,6.30527036276523,-5.799633817968797
MESA,57.0,0,0,0,1,23.182106337948785,2.1989528796,censor,6.590006844626968,2.6527098081066
MESA,57.0,0,0,0,1,33.42748926858009,4.2154566745,censor,7.526351813826146,-5.162601571216399
MESA,60.0,1,0,0,1,33.84978136232745,18.75,censor,7.860369609856263,0.5611128769180027
MESA,63.0,1,0,0,1,25.336586062938277,0.3625377644,censor,7.066392881587953,1.9281367053598049
MESA,62.0,0,0,0,1,36.76038816568048,16.787564767,censor,8.054757015742641,12.953554437220006
MESA,61.0,0,0,1,0,40.91988089739685,22.322274882,censor,7.468856947296373,2.081871380443097
MESA,59.0,0,0,0,1,22.857187499999995,1.5652173913,censor,6.8199863107460645,7.209328941365101
MESA,76.0,1,1,0,0,27.074162233876788,11.796610169,censor,5.6098562628336754,-9.176716322054403
MESA,62.0,1,1,0,0,24.443571749333003,2.457337884,censor,6.8145106091718,-0.2727274148975027
MESA,70.0,0,0,0,1,44.68717866620693,5.5135135135,censor,7.236139630390143,-6.0890642883259005
MESA,66.0,0,0,0,1,34.22682554300217,6.1290322581,censor,6.718685831622176,8.376612033241997
MESA,61.0,1,1,0,0,24.497403151449426,38.727272727,censor,6.130047912388775,0.9711447350950024
MESA,66.0,1,0,1,0,24.57508301231657,1.981981982,censor,6.357289527720739,-7.314717538503402
MESA,61.0,1,1,0,0,26.875182744448328,3.6945812808,censor,7.20602327173169,5.484813944926799
MESA,69.0,1,0,0,1,25.21215556818167,15.97733711,dementia,4.079397672826831,3.7136895650126007
MESA,77.0,1,0,1,0,28.297178599946765,2.1081081081,censor,7.12662559890486,-11.921030838403397
MESA,60.0,1,0,1,0,29.578778962442524,16.444444444,censor,7.520876112251882,4.137729965254295
MESA,82.0,1,0,1,0,29.076035530050977,7.4545454545,censor,7.83025325119781,-7.951589652193405
MESA,75.0,1,0,0,1,29.857778089002487,7.96875,censor,7.641341546885695,-2.101523669916901
MESA,68.0,1,0,1,0,33.60225728164075,16.812339332,censor,6.496919917864476,-14.509739090712998
MESA,85.0,0,0,1,0,20.975584912581414,3.8476953908,censor,6.245037645448323,-10.839067155448106
MESA,75.0,0,0,0,1,28.257843224562848,0.1445783133,censor,7.586584531143052,-1.5200958244114986
MESA,69.0,1,0,0,1,30.663719922525303,5.1111111111,death,3.8302532511978096,4.617689042793799
MESA,65.0,0,0,0,1,28.11715189718588,22.944162437,censor,6.55441478439425,-4.531955097012201
MESA,57.0,1,0,0,1,24.609252930293003,1.5204678363,censor,7.5482546201232035,1.1959044685357014
MESA,82.0,1,0,0,1,28.90602370098789,1.35,death,3.1074606433949348,-4.270463389888903
MESA,64.0,1,1,0,0,27.512057600088443,25.390428212,censor,6.72416153319644,-6.219287667162597
MESA,59.0,0,0,0,1,27.239405119354757,5.4777070064,censor,7.657768651608487,-13.313299976791695
MESA,77.0,0,0,1,0,34.445029413784425,4.6435845214,censor,6.872005475701574,1.2291489464252976
MESA,58.0,0,1,0,0,23.808897875282234,3.7580993521,censor,7.252566735112937,-8.466094290859402
MESA,76.0,0,1,0,0,24.33285567538402,1.2244897959,censor,6.704996577686516,-10.112710646695106
MESA,73.0,1,1,0,0,20.225574109770985,20.299401198,censor,5.83709787816564,-9.4105801193532
MESA,76.0,1,0,0,1,32.09667147762585,2.4725274725,censor,7.370294318959616,-0.0799715058798966
MESA,62.0,1,0,0,1,31.8364489252958,23.361344538,censor,6.0862422997946615,-7.459085055843303
MESA,68.0,0,1,0,0,25.649382716049377,13.576642336,censor,6.105407255304586,2.0977393921166936
MESA,61.0,1,1,0,0,21.000581314878897,3.982300885,censor,6.494182067077344,4.204566954387801
MESA,77.0,0,0,0,1,28.5964832361516,30.63559322,censor,7.1649555099247095,-11.050801198130005
MESA,59.0,0,0,0,1,22.28102494879445,2.2641509434,censor,6.628336755646817,-1.9474980645168003
MESA,65.0,1,0,0,1,22.338676301159943,0.5660377358,dementia,-2.5544147843942504,-15.042655548708296
MESA,72.0,0,0,0,1,36.92372914381992,10.875,censor,7.663244353182751,-0.0740612993796929
MESA,74.0,1,0,0,1,30.41223027343477,58.461538462,censor,6.537987679671458,-8.727440293078203
MESA,71.0,0,0,1,0,30.410285531402224,2.0638820639,censor,7.581108829568788,-7.282234610848597
MESA,68.0,0,0,1,0,32.18080620678023,22.252747253,censor,-0.947296372347707,1.2059668965006978
MESA,62.0,1,0,1,0,24.96186057039385,0.1652892562,censor,6.822724161533197,-3.2847312058596003
MESA,59.0,1,0,1,0,31.33964130658088,5.652173913,censor,6.937713894592744,-6.701765214919398
MESA,69.0,0,1,0,0,19.31617650991717,0.0,censor,6.981519507186858,-11.133055529950198
MESA,89.0,0,1,0,0,22.8281455332526,2.4590163934,death,3.7399041752224496,-6.648116819783297
MESA,76.0,1,0,1,0,23.339673838848885,18.556701031,censor,6.90485968514716,-11.300065354639202
MESA,60.0,0,0,0,1,31.75992674838428,2.4561403509,censor,7.3347022587268995,0.2114259066779027
MESA,64.0,0,0,0,1,22.14353052265841,5.1818181818,censor,6.436687200547571,-12.668583799509598
MESA,60.0,0,0,0,1,33.267132212903874,18.441558442,censor,6.316221765913758,2.2710070066181984
MESA,65.0,0,0,1,0,38.34969146824572,9.5302013423,censor,7.351129363449692,-8.250671056993802
MESA,79.0,1,1,0,0,23.717420882949995,33.404255319,censor,6.896646132785763,-5.566656391217904
MESA,71.0,1,0,0,1,22.531529458440787,4.0,censor,7.268993839835729,-8.706932559700697
MESA,88.0,1,0,1,0,19.92322622847925,27.272727273,death,2.4914442162902124,-9.225602652831896
MESA,82.0,0,0,0,1,25.15834710743802,0.64,censor,7.208761122518823,-2.186831778122098
MESA,58.0,1,0,1,0,34.35713197083594,70.909090909,censor,6.852840520191649,-3.7997623625821006
MESA,74.0,0,0,0,1,22.129027273429656,2.2680412371,censor,6.52703627652293,7.313171009069293
MESA,61.0,0,0,0,1,23.408517972347628,0.4838709677,censor,7.797399041752224,-11.4686726986345
MESA,59.0,0,1,0,0,22.85106161908915,4.602739726,censor,6.666666666666667,-1.566307533537902
MESA,57.0,0,0,0,1,22.419296734278326,2.4827586207,censor,6.893908281998631,-10.4107764991615
MESA,59.0,0,0,1,0,40.55012095695922,23.23699422,censor,6.351813826146475,0.8148728196990973
MESA,73.0,1,0,0,1,30.38871602039392,5.2307692308,censor,6.71047227926078,1.5466466170418016
MESA,77.0,0,0,0,1,25.45240299638078,3.5849056604,censor,7.044490075290897,-6.807960772798197
MESA,62.0,1,0,0,1,26.0351593373286,12.515337423,censor,6.3025325119780975,8.4350181662507
MESA,63.0,0,0,1,0,37.13846748244782,3.75,censor,7.282683093771389,3.416792155899998
MESA,61.0,1,0,0,1,29.79061519763233,53.523421589,censor,6.683093771389459,-0.3179896850624999
MESA,62.0,1,0,0,1,26.133721073151065,3.9252336449,censor,7.041752224503765,-5.261869866773601
MESA,72.0,0,0,1,0,28.870398489760746,4.4117647059,censor,7.143052703627652,-4.366537733226906
MESA,58.0,0,0,0,1,27.75986196227762,7.3205741627,censor,7.644079397672827,-2.7144635468647
MESA,76.0,0,0,0,1,22.305807831603147,0.5625,censor,6.80082135523614,-9.162863379539004
MESA,74.0,0,0,0,1,24.97389470088645,4.0909090909,censor,7.3730321697467485,-8.7151086919079
MESA,74.0,1,0,1,0,27.373263985636907,0.5988023952,dementia,0.5995893223819302,-4.787283541814105
MESA,63.0,1,0,0,1,27.318166891866436,5.1063829787,censor,7.069130732375085,-8.0501406810655
MESA,73.0,0,0,0,1,28.2332361516035,21.147540984,censor,7.359342915811088,-4.062324716968604
MESA,71.0,0,0,1,0,31.90617283950617,30.972568579,censor,7.416837782340862,0.2244885682250981
MESA,76.0,0,1,0,0,26.16094660204135,8.1081081081,censor,6.570841889117043,-3.030105304912695
MESA,60.0,0,0,1,0,32.677934431798874,9.1358024691,dementia,2.302532511978097,-8.454899486645203
MESA,62.0,1,0,0,1,27.38813968466232,15.354330709,dementia,6.015058179329227,-7.434910617733799
MESA,55.0,0,0,0,1,30.53220153449632,1.6085790885,censor,7.529089664613279,-12.7761307592925
MESA,63.0,0,0,0,1,24.25892151408968,0.6434316354,censor,6.283367556468172,-8.624247881712101
MESA,68.0,1,0,0,1,23.572697239947907,7.7419354839,censor,7.62217659137577,2.1050422395168056
MESA,76.0,1,0,1,0,25.95549515882453,6.8263473054,censor,6.707734428473648,-3.681933748600102
MESA,81.0,0,0,0,1,22.29672174338515,19.259259259,censor,4.558521560574949,-12.501346809996704
MESA,60.0,0,0,0,1,21.872862590334304,12.428571429,death,2.7159479808350446,-9.8844852289007
MESA,61.0,1,0,1,0,25.569302263960587,6.0326086957,censor,7.468856947296373,-2.941783511962001
MESA,67.0,0,0,1,0,32.88901046567387,6.2278481013,censor,7.008898015058179,-3.920387635286701
MESA,89.0,0,0,0,1,29.8370720188902,9.6529968454,censor,6.891170431211499,-5.207736249513303
MESA,73.0,1,0,1,0,22.41435893031858,38.163265306,censor,6.721423682409308,-7.434674129321493
MESA,87.0,0,0,0,1,25.783017324087837,9.7810218978,dementia,3.668720054757016,-4.347136561028094
MESA,67.0,1,0,1,0,35.04597079502433,36.404494382,censor,6.934976043805612,-8.8272491787461
MESA,64.0,1,0,0,1,36.95399623094079,66.934673367,death,6.1711156741957565,-13.280946096121198
MESA,71.0,0,0,0,1,21.44933483806983,4.3146067416,censor,6.781656399726215,7.071339742706996
MESA,57.0,1,1,0,0,24.849834977550856,6.4,censor,6.020533880903491,1.2259250719846977
MESA,58.0,1,0,1,0,32.65643579072533,11.320754717,censor,7.063655030800821,11.0583167775453
MESA,55.0,0,0,1,0,23.757839532871976,2.2119815668,censor,7.644079397672827,-2.1497375412457984
MESA,55.0,0,0,0,1,35.632826050712666,11.037735849,censor,7.184120465434634,-2.7219693371868985
MESA,60.0,0,0,1,0,39.090041733657294,19.26199262,censor,7.616700889801506,6.129035571997704
MESA,61.0,1,0,0,1,24.8388318009735,2.2466960352,censor,7.835728952772074,-7.248986198638001
MESA,79.0,1,0,1,0,24.963300625820903,1.0421836228,censor,6.680355920602327,-18.293921700762
MESA,84.0,0,0,1,0,27.39752768773315,43.495145631,censor,7.644079397672827,-8.728422280462894
MESA,56.0,1,1,0,0,28.61045791173515,12.43373494,censor,6.425735797399041,7.624606093906202
MESA,75.0,0,0,1,0,26.469001337688947,1.7433414044,censor,6.839151266255989,-4.1759995503671945
MESA,70.0,0,0,0,1,34.26258342770402,10.425531915,death,3.682409308692676,-4.7103174856462005
MESA,82.0,0,0,1,0,27.50509539242875,12.292682927,censor,6.663928815879535,-9.255990442467391
MESA,64.0,1,1,0,0,28.91617602019693,7.5514874142,censor,6.934976043805612,-1.4246060900919986
MESA,68.0,0,0,0,1,28.10766081252338,2.6213592233,censor,5.853524982888432,-5.574623467136398
MESA,57.0,0,0,0,1,21.27607266704621,0.1360544218,censor,5.73305954825462,1.4525401964219995
MESA,66.0,1,0,0,1,27.18734434959668,15.315315315,censor,6.888432580424367,-0.2524242856754028
MESA,80.0,0,0,0,1,22.820212187937887,9.2417061611,censor,6.841889117043121,-3.1931907153986003
MESA,62.0,1,0,1,0,31.660263646358896,1.0033444816,censor,6.537987679671458,5.134387584431806
MESA,84.0,0,0,0,1,23.26129796011208,3.5795454545,censor,7.008898015058179,-2.0168821950522045
MESA,83.0,1,0,0,1,27.862397362717868,4.181184669,censor,6.584531143052704,-8.6812636743975
MESA,74.0,1,0,1,0,40.96840491062807,2.8346456693,censor,7.753593429158111,-10.478281026769302
MESA,56.0,0,1,0,0,20.197229916897506,0.0,censor,6.852840520191649,2.9358081105472
MESA,62.0,0,0,1,0,29.589522171957174,4.6265060241,censor,6.52703627652293,-3.9585840985050993
MESA,84.0,1,0,0,1,29.874402338805808,0.5286343612,censor,2.699520876112252,-10.453500602411196
MESA,72.0,0,0,1,0,30.17060489798845,0.5217391304,dementia,7.917864476386037,-5.971282138406806
MESA,69.0,0,0,1,0,31.959472443008124,10.29972752,censor,7.047227926078029,-2.2527368959695053
MESA,65.0,1,0,1,0,36.878003353038494,27.989690722,censor,6.258726899383984,-13.8810933790568
MESA,66.0,1,0,0,1,35.42,93.574468085,censor,7.838466803559206,0.5121105388735998
MESA,77.0,0,0,0,1,25.58740168535218,11.964809384,censor,6.242299794661191,-6.9366474839413
MESA,65.0,1,1,0,0,24.26462418988301,41.601830664,censor,7.197809719370294,-2.608431630084098
MESA,78.0,0,0,1,0,29.475991364651694,1.0041841004,censor,7.2908966461327855,-0.7773757620183943
MESA,65.0,0,0,0,1,25.310159717085792,29.528795812,censor,6.513347022587269,-9.349396667169898
MESA,61.0,1,0,1,0,39.89549152451092,60.473684211,censor,7.277207392197125,1.6157408221189016
MESA,81.0,1,0,1,0,27.64954549754473,5.1147540984,censor,7.20602327173169,-10.749436985145095
MESA,62.0,1,0,0,1,34.68393376424726,5.9047619048,censor,6.535249828884326,6.712060556992896
MESA,55.0,0,0,0,1,25.63229126500821,6.4794816415,censor,7.394934976043806,4.234633932023698
MESA,87.0,1,0,1,0,25.19706080796777,18.760107817,death,6.346338124572211,-7.943642520242605
MESA,67.0,0,0,1,0,23.657142857142865,6.2870159453,censor,7.534565366187543,5.726475872293193
MESA,64.0,1,0,1,0,21.958770157423707,10.982142857,death,3.4387405886379194,10.7818913802913
MESA,82.0,0,0,0,1,24.42662448941845,6.6806722689,censor,7.408624229979466,-3.603647238557201
MESA,64.0,1,0,0,1,25.110158628424934,11.780104712,censor,7.723477070499658,-1.0378477548251013
MESA,69.0,1,0,1,0,28.28209951299956,2.6168224299,censor,5.177275838466803,-4.274455984944595
MESA,70.0,0,0,1,0,28.987719164366364,0.7537688442,censor,7.17864476386037,-1.3257579930536991
MESA,77.0,1,0,0,1,28.79763598049992,34.367088608,censor,6.666666666666667,-12.245818535678495
MESA,75.0,1,1,0,0,24.59238391450706,3.8605898123,dementia,5.921971252566735,-5.578768480589503
MESA,62.0,1,0,0,1,29.26598282602158,51.653543307,death,6.225872689938399,1.1333294475805005
MESA,69.0,0,0,1,0,32.472953944041706,3.3039647577,censor,6.929500342231348,-6.041323318437101
MESA,80.0,0,1,0,0,22.602014678243517,3.2624113475,censor,6.598220396988364,-9.727340398255294
MESA,89.0,1,0,1,0,23.058205650979723,8.9502762431,censor,7.512662559890486,-7.473935674101199
MESA,63.0,0,0,0,1,24.91615022968653,7.0777479893,censor,6.094455852156058,-5.3945143232879005
MESA,57.0,1,0,0,1,29.300291545189506,2.2900763359,censor,7.512662559890486,3.157331416035298
MESA,69.0,1,0,1,0,25.469678953626637,14.913294798,censor,6.7268993839835725,-33.4001838602479
MESA,63.0,1,0,0,1,25.438066920094847,19.441340782,censor,7.238877481177276,-6.990683846647002
MESA,55.0,1,1,0,0,23.246387023543832,5.3708439898,dementia,5.130732375085558,-13.2410691590106
MESA,81.0,1,1,0,0,26.44748263888889,10.909090909,censor,6.606433949349761,-8.552517770731697
MESA,76.0,0,0,0,1,25.264189756195368,0.6451612903,censor,6.072553045859,-1.911823190139004
MESA,63.0,0,0,0,1,45.26312103917931,36.109422492,censor,7.129363449691992,-12.143105019889603
MESA,70.0,0,0,1,0,22.790385904433588,0.3607214429,censor,7.293634496919918,-1.8372601901530032
MESA,66.0,0,0,0,1,32.2418420070804,13.977272727,censor,6.532511978097194,-9.027536550097402
MESA,80.0,1,1,0,0,20.04194551795645,23.492063492,death,4.826830937713894,-9.208299388592806
MESA,66.0,0,0,0,1,20.561107266435982,18.0,censor,6.414784394250513,-2.301314019234802
MESA,56.0,1,0,0,1,32.32814972260802,50.902111324,censor,8.043805612594113,-6.890801314815199
MESA,81.0,0,1,0,0,26.07255537804036,9.6167247387,censor,6.362765229295003,-6.402839697378695
MESA,78.0,1,0,1,0,29.69447016244424,24.666666667,death,3.8521560574948666,-4.7730397943523
MESA,61.0,1,0,1,0,33.43521151900993,32.535211268,censor,6.803559206023272,-1.6598767864536017
MESA,83.0,0,1,0,0,25.19271002315877,4.4366197183,censor,7.436002737850787,-8.702717602895703
MESA,60.0,1,0,0,1,31.074311038981307,9.0983606557,censor,8.02464065708419,-1.9820152658571004
MESA,55.0,0,0,0,1,31.148854350264383,0.2752293578,censor,7.605749486652978,6.0297333378019005
MESA,78.0,0,0,0,1,44.22293278104731,2.2018348624,censor,3.813826146475017,-3.8352801654228017
MESA,64.0,1,0,0,1,21.25858836801623,10.24,censor,7.455167693360712,6.870814562344293
MESA,88.0,0,0,0,1,32.74743104380747,11.009174312,censor,-0.6844626967830253,-8.3134440928917
MESA,76.0,0,0,1,0,38.80594285714285,25.65,death,5.738535249828884,-1.6223074289323025
MESA,55.0,1,0,0,1,25.82570490699436,10.273972603,censor,6.954140999315538,0.6706946297641991
MESA,68.0,0,0,1,0,37.63936345357283,2.56,death,6.067077344284736,5.034002482323899
MESA,80.0,0,0,0,1,27.152040653037695,0.2158273381,dementia,7.342915811088296,-9.893379671449694
MESA,86.0,1,0,0,1,24.9106821909372,20.914285714,death,7.704312114989733,-9.831235304527198
MESA,59.0,1,0,0,1,25.32393001699493,1.44,censor,7.958932238193018,-2.694399321293197
MESA,88.0,1,0,1,0,26.556631831001237,26.853146853,censor,6.494182067077344,-17.186928662200103
MESA,74.0,0,0,0,1,24.92583693521973,0.6266318538,censor,7.904175222450377,-3.235449424662505
MESA,61.0,1,0,1,0,29.867340990632258,3.8961038961,censor,7.112936344969199,-4.169592037797102
MESA,57.0,1,1,0,0,23.832803922343015,22.65060241,censor,6.4284736481861735,3.852823236511199
MESA,60.0,1,0,0,1,27.355444865226104,4.5731707317,censor,6.291581108829569,1.6420056592359984
MESA,89.0,0,0,0,1,31.547203000711377,7.2072072072,dementia,4.131416837782341,-5.273971962295093
MESA,74.0,1,0,0,1,30.374828623174093,9.0865384615,censor,7.1649555099247095,2.5769293782625056
MESA,70.0,0,0,1,0,28.6153204961814,1.8461538462,censor,7.529089664613279,1.312548114846507
MESA,68.0,0,0,0,1,29.324214420707094,6.2465753425,censor,7.8494182067077345,-0.3626975152275946
MESA,80.0,1,0,1,0,25.278377498047107,11.785714286,censor,6.976043805612594,-4.4925466895416974
MESA,59.0,0,0,0,1,40.14948237337418,7.2,censor,7.756331279945243,-1.7073715338577031
MESA,70.0,1,0,0,1,24.093577264451625,7.0909090909,censor,7.260780287474333,-4.2695255278552935
MESA,65.0,1,0,1,0,30.613015818362065,60.702576112,censor,6.685831622176591,-0.0557826569444017
MESA,76.0,1,0,0,1,28.986606928096588,23.727272727,censor,7.20602327173169,-1.8611351242433043
MESA,81.0,1,1,0,0,16.29307867621682,17.211796247,death,1.9000684462696784,-9.399395768778206
MESA,62.0,0,0,0,1,17.542882601915792,1.8367346939,censor,6.433949349760438,-1.6633622827327983
MESA,60.0,1,0,1,0,25.83274192440649,20.396600567,censor,7.329226557152635,0.1991945530850998
MESA,57.0,0,0,1,0,27.082544378698227,4.2613636364,censor,6.047912388774812,-17.5367228197139
MESA,69.0,0,1,0,0,18.370906448242973,12.413793103,censor,6.7734428473648185,5.573799483695296
MESA,60.0,1,0,1,0,25.76,14.888337469,censor,6.611909650924025,3.4199184684383965
MESA,71.0,1,1,0,0,23.65297694274995,6.4748201439,censor,6.7734428473648185,-3.593079622816504
MESA,67.0,1,1,0,0,35.33389687235841,53.784860558,censor,7.342915811088296,2.134481695939201
MESA,63.0,1,0,1,0,28.042026810206504,2.4291497976,censor,7.12662559890486,4.991419341742997
MESA,73.0,0,0,0,1,35.18269018077983,25.565217391,censor,6.381930184804928,2.623567948869706
MESA,59.0,1,0,0,1,26.99355545062552,10.138504155,dementia,4.588637919233402,-5.632170294389503
MESA,69.0,0,0,1,0,30.067921286477493,6.0952380952,censor,7.219712525667351,18.572056818200807
MESA,76.0,0,0,1,0,28.124802116387222,1.7142857143,censor,6.874743326488707,2.632513326692205
MESA,68.0,1,0,0,1,24.22,13.027522936,censor,6.072553045859,-2.892894510154804
MESA,67.0,1,0,1,0,38.70831241078531,12.144578313,censor,6.187542778918549,-7.319320572310701
MESA,62.0,0,0,0,1,22.759148379289236,1.8997361478,censor,7.427789185489391,0.3177484178019014
MESA,83.0,1,0,0,1,23.34716174083331,4.7191011236,dementia,5.71937029431896,-12.355471141181894
MESA,58.0,0,0,1,0,47.22561966733879,7.7664974619,censor,6.11088295687885,-7.4527829591311985
MESA,66.0,0,0,0,1,32.781442595464725,25.693069307,censor,6.450376454483231,-3.8254151956359976
MESA,86.0,0,0,0,1,32.718215394918005,14.751381215,censor,4.709103353867215,-13.155631781126305
MESA,55.0,0,1,0,0,21.799653973746448,4.0243902439,censor,6.811772758384668,3.4390598427722026
MESA,81.0,0,0,0,1,26.79729230769231,8.1818181818,censor,7.657768651608487,1.130102715942499
MESA,63.0,0,0,1,0,28.88800708159092,13.564154786,dementia,4.632443531827516,-3.9208574675203
MESA,68.0,1,0,0,1,28.73107056207796,15.130434783,censor,6.30527036276523,-5.9051822916504975
MESA,67.0,1,1,0,0,20.599225793296217,3.112033195,censor,6.891170431211499,4.580014971767099
MESA,69.0,1,0,0,1,31.492134991770666,23.411214953,censor,5.853524982888432,-2.1717396102628044
MESA,79.0,0,0,0,1,24.849041317850386,4.7282608696,censor,6.381930184804928,-9.066652637658509
MESA,69.0,0,0,0,1,32.85620554507186,12.272727273,censor,6.822724161533197,-8.709991291738
MESA,61.0,0,1,0,0,20.82993949663158,3.2692307692,censor,4.971937029431896,-5.886466174449403
MESA,87.0,1,0,0,1,27.05181250210863,66.910994764,censor,3.014373716632444,-11.632897953196604
MESA,66.0,0,1,0,0,21.55672303895593,3.5492957746,censor,7.003422313483915,-2.8007478360018965
MESA,90.0,1,1,0,0,24.400948912426077,1.1920529801,censor,6.406570841889117,-10.340527544927497
MESA,68.0,0,0,1,0,27.144041865652436,4.5882352941,censor,7.5482546201232035,-18.8848789898504
MESA,76.0,0,0,1,0,39.01656345812192,3.6416184971,censor,7.14031485284052,-4.155050524381494
MESA,67.0,0,1,0,0,27.230921052631576,8.3185840708,censor,5.845311430527036,-10.174898442968695
MESA,60.0,0,0,0,1,32.75308641975308,1.226993865,censor,6.945927446954141,-7.133258655890401
MESA,57.0,0,0,1,0,26.852789173637376,3.3906633907,censor,7.028062970568104,-0.2217443655626993
MESA,57.0,1,1,0,0,23.157050322673346,12.326732673,censor,6.98425735797399,4.363871429533198
MESA,54.0,0,0,0,1,44.12458485975242,31.774193548,censor,6.3709787816564,-1.3164405822803005
MESA,89.0,0,0,1,0,25.0742803443844,4.7507331378,censor,6.910335386721424,-7.170227308840495
MESA,81.0,0,1,0,0,22.129027273429656,3.2898172324,censor,6.4284736481861735,-8.942552390495194
MESA,61.0,1,1,0,0,27.708059673484712,33.813559322,censor,7.367556468172484,-4.6113437267704
MESA,75.0,0,0,1,0,21.20802796703696,0.1538461538,censor,6.803559206023272,-7.746949732529202
MESA,75.0,1,0,0,1,31.36273934568642,72.918660287,censor,6.250513347022587,-10.6519185648243
MESA,66.0,0,0,0,1,26.90852076124568,0.3045685279,censor,7.764544832306639,1.5274304271263048
MESA,73.0,1,0,1,0,30.76718034152436,0.9160305344,censor,6.598220396988364,-5.404735445075005
MESA,78.0,1,0,1,0,25.33070348454964,6.013363029,censor,6.757015742642026,-6.100160993703895
MESA,55.0,1,0,1,0,31.46843562402346,60.731707317,censor,6.606433949349761,-1.9884537360277008
MESA,60.0,0,0,1,0,33.26245965064903,13.155080214,censor,7.08829568788501,-5.643159502635903
MESA,83.0,1,0,0,1,24.132215663253994,32.285012285,dementia,5.51129363449692,-18.526755365069704
MESA,75.0,0,0,1,0,29.681835457311724,7.2,censor,6.784394250513347,-2.577132229037701
MESA,73.0,1,0,0,1,20.18113626503832,24.786324786,censor,6.083504449007529,-11.350347187407005
MESA,85.0,1,0,0,1,24.7205707491082,7.6557863501,censor,5.735797399041752,-14.154753614046598
MESA,80.0,1,0,1,0,25.88142891105847,1.9047619048,censor,4.61327857631759,-0.8234259184996944
MESA,82.0,1,0,1,0,30.16985687432638,9.9497487437,censor,6.406570841889117,-6.164228477416998
MESA,70.0,0,1,0,0,23.05899555466414,20.609418283,censor,6.683093771389459,-2.9567268252071983
MESA,72.0,1,0,1,0,21.171172562476645,46.408839779,censor,7.945242984257358,-22.582559807477303
MESA,58.0,1,0,1,0,19.09348060344828,0.6916426513,censor,6.90485968514716,3.4456309914727967
MESA,78.0,0,0,0,1,26.91599707815924,3.5555555556,censor,7.838466803559206,-6.717151294600598
MESA,71.0,1,0,1,0,26.487875045872045,1.6179775281,censor,6.261464750171116,-7.6920973077263
MESA,63.0,0,0,0,1,33.910034602076124,2.2285714286,censor,7.742642026009582,-15.0815161314017
MESA,76.0,0,0,1,0,25.82469018946919,4.1698841699,censor,7.468856947296373,-1.6608388861711063
MESA,69.0,1,0,1,0,32.32584755611391,12.642140468,censor,6.934976043805612,3.0759749730273
MESA,72.0,1,1,0,0,29.54203406974381,42.246575342,dementia,5.420944558521561,-5.128931520351301
MESA,88.0,0,0,1,0,26.19579921680313,17.326968974,death,6.3025325119780975,-10.5101408462735
MESA,71.0,0,1,0,0,24.10070696762832,4.8186528497,censor,6.464065708418891,2.883990517399198
MESA,81.0,0,0,0,1,29.35921250396716,6.5573770492,censor,6.458590006844627,-7.211391529961304
MESA,65.0,1,0,0,1,25.75173937710891,42.784090909,censor,7.578370978781656,5.136104153643998
MESA,66.0,1,1,0,0,23.16272657052444,57.80104712,censor,6.477754962354552,-4.352992914994601
MESA,77.0,1,0,0,1,29.171095832307856,6.6666666667,censor,7.36208076659822,-2.0832352899322046
MESA,63.0,0,0,0,1,31.248000000000005,12.405063291,censor,7.819301848049282,11.008959060273796
MESA,57.0,1,0,0,1,33.88526467176052,52.182410423,censor,6.422997946611909,-7.2002411749610005
MESA,69.0,0,0,0,1,24.27217526090545,6.6666666667,censor,6.329911019849418,-7.7802301182791
MESA,73.0,1,1,0,0,23.295839187985884,19.343283582,censor,7.279945242984257,-5.659661909204303
MESA,64.0,0,0,0,1,24.85126528642385,3.3962264151,censor,6.584531143052704,-3.830828631355999
MESA,71.0,0,0,1,0,31.708511585345573,6.8571428571,censor,6.896646132785763,-0.8514382499149065
MESA,70.0,0,0,1,0,28.72606572174963,8.5,censor,7.737166324435318,-2.9867866024995067
MESA,87.0,1,0,0,1,24.19341934726837,3.0481283422,dementia,2.3408624229979464,-7.3557127014831
MESA,84.0,0,0,1,0,30.942105625396813,8.4923076923,censor,7.181382614647502,-6.707732605867093
MESA,67.0,0,0,0,1,28.69388132602971,45.306122449,censor,7.780971937029432,-5.218545708005301
MESA,68.0,1,1,0,0,24.916062538212945,9.4285714286,censor,6.3025325119780975,-1.2419370918841963
MESA,81.0,1,0,0,1,25.3772078038176,25.828877005,censor,7.41409993155373,-3.488242793496198
MESA,75.0,0,0,1,0,31.57883620977933,5.4054054054,death,4.095824777549623,-4.990614138887096
MESA,71.0,1,1,0,0,22.19152232408065,19.683794466,death,1.4209445585215603,-10.5371501437263
MESA,67.0,1,0,0,1,28.896282316114952,19.753846154,censor,7.063655030800821,-3.5769026531352
MESA,56.0,1,0,1,0,27.750220566611112,12.989690722,censor,7.293634496919918,-7.7395038536598975
MESA,85.0,1,0,1,0,27.32432141704615,2.5352112676,censor,6.951403148528406,-12.485949693081196
MESA,82.0,1,0,0,1,26.681440443213297,10.25,censor,4.58590006844627,-2.854294701653401
MESA,81.0,1,0,0,1,33.78506416369979,9.3413173653,death,6.477754962354552,2.652911405948501
MESA,79.0,1,0,1,0,25.7830389662926,0.6876790831,censor,6.116358658453114,-20.364484427598804
MESA,63.0,1,0,0,1,26.769735888723304,5.6824512535,censor,7.581108829568788,-1.1264330092868988
MESA,59.0,1,1,0,0,17.204277346908444,1.186440678,censor,7.1649555099247095,1.9478497969863968
MESA,77.0,1,0,0,1,36.4464237724114,49.038461538,death,3.397672826830937,-0.5218007719360997
MESA,78.0,0,0,0,1,23.13253779514184,0.9523809524,death,2.6119096509240247,-5.741168981007306
MESA,80.0,1,0,1,0,21.635275492876023,0.4395604396,censor,6.379192334017796,-3.6784532889827934
MESA,75.0,1,0,0,1,25.96504661952164,15.592105263,censor,7.08829568788501,2.2339114363334005
MESA,79.0,0,0,0,1,27.984395744890097,6.4406779661,censor,7.123887748117728,-3.8035660386048
MESA,76.0,1,0,1,0,27.87468902109249,5.1968503937,censor,6.8583162217659135,-4.8315448628874975
MESA,59.0,1,0,0,1,27.72321428571429,14.366197183,censor,7.753593429158111,-3.999047162616698
MESA,76.0,0,0,1,0,35.25485714285715,10.251256281,death,1.5496235455167693,-6.521881832976206
MESA,76.0,0,0,1,0,29.83021631175827,29.579831933,censor,6.343600273785079,-2.247100266675901
MESA,67.0,0,0,1,0,36.1128517359321,57.134831461,censor,7.351129363449692,-7.4605270424371
MESA,58.0,1,1,0,0,25.40314451118629,34.32,censor,6.973305954825462,5.183119436459201
MESA,76.0,1,0,1,0,21.209243606745268,2.9916897507,death,4.758384668035592,-3.0697270277489963
MESA,56.0,0,0,1,0,30.359186437633007,93.55450237,censor,6.833675564681725,0.0438483625027004
MESA,82.0,0,1,0,0,22.023870592660987,0.8653846154,censor,6.573579739904175,-8.181823224895297
MESA,57.0,0,0,0,1,23.83428707481876,2.7204030227,censor,6.33264887063655,-4.751726852357798
MESA,59.0,1,0,0,1,27.70839577221705,61.438848921,death,6.839151266255989,2.763709208739101
MESA,70.0,0,0,0,1,24.390859739931837,28.881987578,dementia,4.290212183436003,-17.0123921866643
MESA,78.0,0,0,1,0,33.60690930469361,22.458100559,censor,7.542778918548939,-7.882060040947096
MESA,58.0,1,0,1,0,39.78581435279557,49.736842105,death,2.127310061601643,-6.031837445577104
MESA,61.0,1,0,0,1,27.059163663241343,21.042654028,censor,8.02464065708419,2.3347834806601995
MESA,81.0,1,0,0,1,22.21958582686605,15.211267606,death,0.785763175906913,-3.098844011746195
MESA,79.0,0,0,0,1,24.7264989073072,3.6031331593,censor,6.913073237508556,2.4190498707215937
MESA,79.0,0,0,1,0,30.05286694980538,18.311688312,censor,7.471594798083505,-12.585665219707394
MESA,72.0,1,0,0,1,26.925531356691614,19.851851852,censor,8.060232717316905,-2.528566483977201
MESA,58.0,1,0,0,1,19.46155523274904,2.9230769231,censor,7.299110198494182,7.338633196786901
MESA,81.0,0,0,0,1,24.73981394372654,6.7226890756,dementia,4.531143052703627,-4.074719213437206
MESA,58.0,0,0,1,0,29.60263604075299,14.090909091,censor,6.548939082819986,2.391887861011199
MESA,68.0,0,1,0,0,17.116812924401295,1.9591836735,censor,4.574948665297741,-8.040508531920501
MESA,68.0,0,0,1,0,31.886491080803005,5.4800936768,censor,7.581108829568788,0.6194148790866052
MESA,57.0,0,0,0,1,34.029286160836136,15.763747454,censor,7.7782340862423,-8.165618060706201
MESA,76.0,1,0,0,1,29.766322534709857,27.543859649,censor,6.3025325119780975,-26.0048402847054
MESA,87.0,0,0,1,0,29.845666798575387,20.043668122,censor,6.647501711156742,-3.353732379422695
MESA,80.0,1,0,1,0,27.98447154661984,1.3461538462,dementia,6.3025325119780975,-4.294797270484693
MESA,59.0,1,0,0,1,28.87069366783693,5.0526315789,censor,6.915811088295688,-4.086699731121399
MESA,75.0,1,0,0,1,28.98417225405879,1.6458852868,censor,6.6036960985626285,-2.9968514750541004
MESA,65.0,1,0,1,0,32.61488389929253,37.695652174,censor,7.107460643394935,-20.6545798493062
MESA,73.0,0,0,0,1,38.73502035239532,64.213075061,censor,7.441478439425051,-12.324203999438197
MESA,75.0,0,0,0,1,19.054915385535512,1.897810219,dementia,4.520191649555099,-1.8695227307083968
MESA,88.0,1,1,0,0,22.667255508444548,61.82320442,censor,6.310746064339494,-12.054174942955996
MESA,72.0,1,0,0,1,32.85447878966418,15.384615385,censor,3.912388774811773,-1.219682098441396
MESA,58.0,1,0,1,0,31.33729338842976,28.208955224,censor,6.98425735797399,-4.352480325504601
MESA,68.0,0,1,0,0,23.86158952037304,4.4585987261,censor,6.272416153319644,-5.767472957761001
MESA,67.0,1,0,1,0,25.54468255736244,4.3708609272,dementia,3.76454483230664,0.3735027052716049
MESA,85.0,0,0,1,0,27.35439699867647,6.4670658683,dementia,4.9253935660506505,-7.540307934081099
MESA,63.0,0,0,1,0,28.30961116772105,3.5185185185,censor,7.452429842573579,-5.286363172696298
MESA,87.0,1,0,1,0,24.426078971533524,20.769230769,death,3.68788501026694,-12.4872291412795
MESA,63.0,0,1,0,0,19.382857142857144,1.6085790885,censor,7.148528405201916,-6.995309736712599
MESA,78.0,0,0,1,0,26.13502880285578,7.34375,censor,7.638603696098563,-1.1463834418156011
MESA,60.0,1,0,0,1,30.821183979346696,24.57337884,censor,7.624914442162902,-5.487315653638298
MESA,73.0,1,0,0,1,23.016600724777227,13.05785124,censor,6.398357289527721,-6.852539342853106
MESA,78.0,0,0,0,1,27.419442041522498,22.295081967,dementia,4.19438740588638,-9.418711410371102
MESA,57.0,0,0,0,1,26.07704872552264,8.1958762887,censor,7.972621492128679,-1.3882609693336008
MESA,63.0,0,0,1,0,41.403480071386085,5.7954545455,censor,6.954140999315538,-8.750520708894499
MESA,56.0,0,0,1,0,42.49163818960115,15.138461538,censor,5.932922655715264,4.734465852322998
MESA,61.0,0,0,1,0,21.17047615233892,1.4893617021,censor,7.603011635865846,-4.821975183491404
MESA,79.0,1,0,1,0,27.26969192573316,3.5294117647,censor,6.551676933607118,-10.600527795669905
MESA,74.0,1,0,1,0,32.02530354045506,24.457478006,censor,6.5160848733744015,4.311860666856603
MESA,57.0,1,1,0,0,24.854608976081696,2.102425876,censor,6.704996577686516,-2.758963328231601
MESA,56.0,1,0,0,1,24.854040024588485,17.301587302,censor,7.748117727583847,-15.549888605797795
MESA,75.0,0,1,0,0,24.042575393926743,59.61038961,censor,7.123887748117728,2.4533107951052955
MESA,60.0,1,0,1,0,33.870787086175724,37.249070632,censor,7.351129363449692,4.248917572021199
MESA,62.0,0,1,0,0,21.12517788016599,0.6648199446,censor,7.468856947296373,-0.9507408273667012
MESA,63.0,0,0,0,1,29.8723486835958,2.6405867971,censor,7.055441478439425,-1.4170404436881014
MESA,77.0,0,0,0,1,28.011797501932374,7.2765957447,censor,7.236139630390143,-9.1988238462162
MESA,62.0,1,0,1,0,24.16751025627364,56.811594203,censor,6.357289527720739,-7.601591273900802
MESA,57.0,0,0,1,0,29.48059556168607,0.4063205418,censor,6.414784394250513,0.3439369629021982
MESA,70.0,0,0,0,1,30.771525066214554,5.034965035,censor,6.30527036276523,-5.507202379783095
MESA,71.0,1,1,0,0,25.734826533009635,17.518248175,censor,6.707734428473648,-8.7699391402518
MESA,75.0,1,0,0,1,27.67013964501397,30.05988024,censor,6.784394250513347,-10.397423494442805
MESA,83.0,0,0,0,1,28.66852814117972,5.9090909091,censor,6.543463381245722,-14.4008445641835
MESA,74.0,0,1,0,0,29.261721609778352,7.399463807,censor,6.535249828884326,2.4084168388070992
MESA,76.0,1,0,1,0,21.04611078576812,21.787709497,dementia,3.978097193702943,-3.024001817907205
MESA,75.0,1,0,1,0,34.48350694444444,47.73993808,censor,6.573579739904175,-2.5378905008459043
MESA,70.0,1,0,0,1,28.41682419659736,10.796460177,censor,6.05886379192334,-0.3848096484406937
MESA,72.0,1,0,0,1,28.72339423406689,18.333333333,censor,6.669404517453799,-8.527223764821699
MESA,57.0,1,0,0,1,26.212035123966945,4.6601941748,censor,5.6591375770020536,-3.1915070300319
MESA,70.0,0,0,1,0,28.908181645279303,0.5642633229,death,4.435318275154004,-2.990076128026104
MESA,79.0,1,0,1,0,27.236802762459345,60.48,death,6.937713894592744,-13.064966439783106
MESA,59.0,1,0,0,1,30.573171132415503,2.9916897507,censor,7.29637234770705,5.852277476528997
MESA,68.0,1,0,0,1,23.20618094245549,17.76,censor,7.310061601642711,-5.726891620364803
MESA,67.0,0,0,0,1,30.6818059379326,5.2409638554,censor,7.331964407939767,2.9405144093854005
MESA,62.0,0,1,0,0,20.50491775772565,6.9696969697,censor,6.877481177275839,-1.6842355536155011
MESA,75.0,0,0,1,0,23.76290554311872,4.6829268293,censor,7.545516769336071,-6.239696857446603
MESA,78.0,1,0,0,1,29.82061842244743,13.292307692,censor,6.335386721423682,0.0752614175579964
MESA,85.0,0,0,0,1,20.68961887636507,15.517241379,censor,3.014373716632444,-7.698447442056207
MESA,58.0,0,0,1,0,34.16433037013567,11.176470588,censor,6.841889117043121,3.825738668835399
MESA,62.0,0,1,0,0,25.54101810504701,8.8405797101,censor,7.260780287474333,-4.839428030992899
MESA,67.0,1,0,1,0,29.12824533539336,2.16,censor,7.293634496919918,-7.144656957176501
MESA,78.0,0,0,1,0,29.293141130743276,0.8333333333,censor,6.9869952087611225,-1.6380922662705046
MESA,65.0,0,1,0,0,25.279573202010877,20.483383686,censor,6.439425051334703,-8.208489167099899
MESA,63.0,0,0,0,1,26.45763182944017,1.1368421053,censor,7.241615331964408,-3.2565792894862966
MESA,78.0,1,0,0,1,24.40452778887615,0.3715170279,censor,7.1649555099247095,-6.932495761264406
MESA,60.0,1,0,1,0,28.926720000000003,43.553299492,censor,7.7782340862423,-7.461392687119897
MESA,66.0,0,0,0,1,20.71398814292581,13.768115942,censor,6.551676933607118,-3.1958150657988966
MESA,59.0,0,0,0,1,29.54203406974381,4.3971631206,censor,6.6447638603696095,-3.049044597402101
MESA,68.0,0,1,0,0,25.801634353468987,9.652173913,censor,6.915811088295688,4.5964888182767965
MESA,72.0,0,0,1,0,35.2484825445733,3.5915492958,censor,7.285420944558521,-2.8236847035782944
MESA,78.0,0,0,1,0,27.624476180797583,1.8292682927,censor,7.679671457905544,-8.506555088145504
MESA,94.0,0,0,1,0,32.78659763197295,0.4991680532,dementia,4.815879534565366,-12.991665159313897
MESA,67.0,0,0,0,1,22.176912630149392,0.0,censor,6.414784394250513,6.0718102049821
MESA,68.0,1,0,1,0,28.51418563379562,14.782608696,censor,-0.8240930869267625,-16.507885671897697
MESA,65.0,1,0,0,1,27.41274649226231,1.9399538106,censor,7.367556468172484,-2.6454133720705
MESA,72.0,0,0,1,0,35.2840312431831,1.6260162602,dementia,3.9452429842573578,-5.4710383910986025
MESA,64.0,0,0,0,1,26.840236686390536,7.6991150442,censor,6.934976043805612,-1.5165976678533966
MESA,71.0,1,0,0,1,27.04566857142857,38.028169014,censor,6.113620807665982,-11.7704104619457
MESA,59.0,1,0,0,1,28.94884166341227,9.3617021277,censor,6.373716632443532,-1.8997007573751008
MESA,90.0,1,0,0,1,29.05468650745764,11.213872832,censor,7.107460643394935,-11.315810154924094
MESA,71.0,1,0,1,0,24.85422740524781,0.9350649351,dementia,4.542094455852156,2.130102431383193
MESA,57.0,1,0,0,1,22.79153701529544,0.3351955307,censor,7.405886379192334,-4.279826796812301
MESA,68.0,0,0,1,0,30.92633906235532,11.704035874,censor,7.255304585900069,-4.451475336145101
MESA,63.0,0,0,0,1,24.722945301063447,6.0775862069,censor,7.282683093771389,-0.7848558309348022
MESA,58.0,1,1,0,0,29.53294465980892,21.157024793,censor,5.971252566735113,6.715237301795497
MESA,75.0,0,0,1,0,21.853770070124224,0.1714285714,censor,7.394934976043806,-4.263482586148399
MESA,59.0,0,0,0,1,26.752895967921585,11.971830986,censor,6.015058179329227,1.5753728441980002
MESA,74.0,1,0,0,1,28.7658391526613,9.8130841121,dementia,5.004791238877481,-6.441623875260305
MESA,64.0,1,0,1,0,23.036920712352565,0.6201550388,censor,7.605749486652978,0.9768300497804034
MESA,59.0,1,0,1,0,25.6870957098242,2.5850340136,censor,5.295003422313484,-0.4446722515865033
MESA,77.0,0,0,1,0,25.574019111692724,10.774647887,censor,6.187542778918549,-7.5056861752157
MESA,71.0,1,0,1,0,33.634943304354486,35.461741425,censor,5.83709787816564,-15.963059852678697
MESA,63.0,0,0,1,0,40.66895664937566,7.6923076923,censor,6.209445585215605,-15.1764261727862
MESA,57.0,1,1,0,0,23.018195224806373,32.445652174,censor,7.156741957563312,-1.4140059578747
MESA,58.0,0,0,0,1,21.025566106647187,6.0262008734,censor,6.795345653661875,4.886252284749197
MESA,66.0,1,0,0,1,21.84959363238803,1.9494584838,censor,7.531827515400411,-12.6123447925642
MESA,85.0,1,0,0,1,24.787914524661776,29.38215103,censor,7.310061601642711,-4.747205545471303
MESA,62.0,0,0,0,1,31.893749999999997,16.52173913,censor,6.247775496235455,-8.470855550341497
MESA,76.0,0,0,1,0,26.33659342288011,9.8360655738,censor,7.214236824093087,-4.821984140235003
MESA,61.0,0,0,1,0,30.52759013175191,2.3741007194,censor,7.20602327173169,-8.648730039074103
MESA,81.0,0,0,1,0,26.228342109733312,5.9210526316,censor,6.9869952087611225,-1.4920551084316005
MESA,76.0,1,1,0,0,22.287235237303737,23.942992874,censor,5.382614647501711,-9.9205876654964
MESA,60.0,1,0,0,1,32.062340960610314,1.5915119363,censor,7.148528405201916,8.251604554320807
MESA,61.0,1,0,1,0,25.464122547702225,2.676056338,censor,6.899383983572895,4.2947510344567945
MESA,56.0,0,1,0,0,20.79251411103065,1.1413043478,censor,5.973990417522245,5.961359805430902
MESA,63.0,0,0,0,1,23.56461160864985,32.689655172,censor,6.395619438740589,-11.406391452683105
MESA,78.0,1,1,0,0,26.11180120331891,25.900990099,censor,6.885694729637235,-18.0753895212423
MESA,82.0,0,1,0,0,25.248309382924766,10.666666667,censor,6.551676933607118,-6.6724480516586056
MESA,90.0,0,0,1,0,30.56369758064935,3.5204081633,censor,6.340862422997946,-26.9795139027093
MESA,65.0,0,0,0,1,28.95008540209813,7.5191815857,censor,8.10403832991102,1.6969099727262034
MESA,55.0,0,0,1,0,31.716562499999995,0.0,censor,7.356605065023956,5.959258888050201
MESA,85.0,0,1,0,0,22.428877915607075,1.8633540373,censor,6.688569472963724,-4.597351353105793
MESA,76.0,1,0,0,1,26.729186170497385,8.3905013193,censor,7.340177960301164,-5.8344409436868006
MESA,81.0,1,1,0,0,20.928057765943095,41.481481481,censor,6.261464750171116,-8.3070248102552
MESA,76.0,1,0,1,0,35.61105330095965,9.8313253012,dementia,6.190280629705681,-1.4640441699696964
MESA,70.0,1,1,0,0,23.90876033057852,20.049140049,censor,6.179329226557153,-19.8530631174175
MESA,55.0,0,0,1,0,33.70889365182182,34.785276074,censor,7.5482546201232035,6.3153579735337
MESA,80.0,0,0,0,1,35.260974745181926,47.653429603,censor,6.439425051334703,-5.765680914958196
MESA,64.0,0,0,0,1,23.80306797299555,0.0,censor,7.627652292950034,-4.208861843565103
MESA,63.0,0,0,0,1,30.763183391003466,10.506329114,censor,6.368240930869268,-0.7912236030065998
MESA,70.0,0,0,1,0,32.617316903411734,12.720848057,censor,6.458590006844627,-8.943718972782001
MESA,63.0,1,0,0,1,30.206395385134037,10.392156863,censor,7.57015742642026,-3.531416907375501
MESA,60.0,1,0,1,0,25.06001690617075,1.6326530612,censor,7.238877481177276,3.1311273801281985
MESA,68.0,1,0,0,1,29.036326299751856,37.772397094,censor,8.120465434633813,1.1799721400474965
MESA,63.0,0,0,1,0,36.43250589136751,13.726415094,censor,7.455167693360712,4.3170444523425004
MESA,75.0,1,0,0,1,28.05524355980382,21.023017903,censor,6.1273100616016425,-3.4540387741636067
MESA,76.0,1,0,1,0,31.463880553786783,32.023460411,censor,7.203285420944559,-9.6755828909685
MESA,63.0,0,0,1,0,34.15078306924688,3.2018561485,censor,6.893908281998631,2.3538169531775
MESA,55.0,0,0,0,1,21.95115265480661,5.3448275862,censor,7.8494182067077345,-0.6038002893954015
MESA,71.0,1,0,1,0,22.33605555283877,0.0,dementia,5.894592744695414,5.330678778272002
MESA,75.0,1,0,1,0,28.20139132220246,2.04778157,censor,7.37577002053388,-6.156576651608205
MESA,64.0,0,0,0,1,22.98765432098765,1.2552301255,censor,7.60848733744011,-15.562642055808295
MESA,74.0,1,0,1,0,43.18481290070677,1.9607843137,censor,6.395619438740589,-4.201535347844896
MESA,74.0,0,0,1,0,24.828019914403004,2.2709163347,censor,6.833675564681725,-11.854909708067296
MESA,64.0,0,1,0,0,28.229996653963887,3.6116504854,censor,7.715263518138261,0.3345199596285937
MESA,64.0,0,0,0,1,38.5432098765432,27.62979684,censor,7.236139630390143,-17.694614536718902
MESA,75.0,0,0,0,1,24.67734038229525,6.6,censor,7.619438740588638,-3.349539000039897
MESA,80.0,1,0,1,0,26.406717749584264,34.338461538,censor,6.737850787132102,-3.6476290161100025
MESA,63.0,0,0,0,1,37.509587679508655,23.265306122,censor,7.748117727583847,-15.837426101956098
MESA,64.0,0,0,1,0,34.01290807860952,10.448548813,censor,7.359342915811088,-1.9499696114426968
MESA,71.0,1,0,0,1,24.02666451260061,13.069306931,censor,5.987679671457905,-5.178669451694205
MESA,83.0,1,0,0,1,27.375425352108905,13.686354379,censor,6.680355920602327,-7.464705619770797
MESA,71.0,1,0,1,0,36.192626591411205,9.037037037,death,2.5790554414784395,-10.050034419889798
MESA,73.0,0,0,1,0,34.245832731750234,1.3170731707,censor,7.416837782340862,5.553152391471002
MESA,66.0,0,0,0,1,34.95456144952202,2.9556650246,censor,6.308008213552362,-10.665229713288705
MESA,68.0,1,0,0,1,26.07775421564176,10.481927711,censor,7.427789185489391,-2.6249260309624987
MESA,75.0,0,0,0,1,29.63896436126644,5.5479452055,censor,7.143052703627652,-4.773898640671504
MESA,75.0,0,0,1,0,27.63948401821376,7.4826789838,censor,7.392197125256674,0.9464606057634056
MESA,67.0,0,0,0,1,23.65702206368081,0.0,censor,6.250513347022587,-11.7503078882174
MESA,85.0,1,0,0,1,28.73743348084925,2.8915662651,censor,7.665982203969883,-3.4384291214494027
MESA,64.0,0,0,0,1,31.7562454019691,27.533156499,censor,6.620123203285421,-0.5127530330073995
MESA,82.0,0,0,0,1,21.98536536469645,2.7480916031,censor,7.310061601642711,-3.414370960354404
MESA,63.0,0,0,0,1,35.928766566436124,0.9230769231,censor,7.928815879534565,4.341679402266806
MESA,79.0,0,0,0,1,33.2716049382716,13.303167421,dementia,4.958247775496235,-9.9924868781966
MESA,66.0,1,0,0,1,27.8610491591667,1.4388489209,censor,7.649555099247091,-7.072237656953902
MESA,57.0,1,1,0,0,30.791430004595583,19.753846154,censor,7.605749486652978,0.0526789014257005
MESA,61.0,0,0,0,1,21.659867846576915,0.0,censor,7.953456536618754,5.433335258222002
MESA,57.0,1,0,1,0,28.306793279766254,2.7615062762,censor,7.452429842573579,5.950985078537599
MESA,77.0,0,0,0,1,21.02443422662362,11.25,censor,7.8904859685147155,-0.5196845574572961
MESA,73.0,1,1,0,0,30.22025708388066,45.72972973,censor,6.439425051334703,-12.021545158587202
MESA,62.0,0,1,0,0,29.110271546635182,16.346153846,censor,7.337440109514032,4.255910450963398
MESA,65.0,1,0,1,0,25.974100138887813,17.73512476,death,2.26694045174538,-2.3996292005466984
MESA,76.0,0,0,0,1,26.39120538129409,1.8237082067,censor,8.161533196440795,-10.5245021953301
MESA,68.0,1,0,1,0,44.85722153279287,56.918918919,censor,6.551676933607118,5.574380557142902
MESA,86.0,0,1,0,0,21.36751130202855,2.8723404255,censor,6.209445585215605,-13.860840683811006
MESA,69.0,0,0,0,1,38.14623050701272,7.7184466019,dementia,5.637234770704997,-5.737618803929301
MESA,75.0,0,0,1,0,25.081157847101665,0.0,censor,6.165639972621492,-6.480149604037507
MESA,76.0,0,0,0,1,24.31515905307465,6.2117647059,censor,7.38672142368241,-6.3535368573624
MESA,59.0,0,1,0,0,27.705311489095276,7.6056338028,censor,7.512662559890486,10.1286271603267
MESA,62.0,1,0,0,1,26.50824652777777,37.424242424,censor,7.241615331964408,-11.502749851844598
MESA,76.0,1,0,0,1,26.245287749558265,2.4,censor,6.343600273785079,-4.096732881441696
MESA,79.0,0,1,0,0,22.95769282302237,15.635179153,censor,6.631074606433949,-2.049952414962505
MESA,70.0,0,0,1,0,24.108158712044848,1.0144927536,censor,6.368240930869268,-2.0987964323478963
MESA,56.0,0,0,1,0,37.86395661350882,20.590405904,censor,6.327173169062286,-8.487439772229202
MESA,75.0,0,0,0,1,22.692693148688043,11.483870968,dementia,2.647501711156742,-2.251969121969296
MESA,66.0,1,0,0,1,22.267172077312814,54.965034965,censor,6.551676933607118,-1.3685198235337026
MESA,72.0,0,0,1,0,19.163223140495862,4.7872340426,censor,7.813826146475017,-3.624730655116494
MESA,62.0,0,0,0,1,21.14790424768266,0.9896907216,censor,7.561943874058864,-9.916992146314897
MESA,56.0,0,0,0,1,32.38481882614746,3.0909090909,censor,7.446954140999315,0.6407800503259011
MESA,62.0,1,1,0,0,32.50150793315805,1.7034700315,censor,6.422997946611909,-2.2662010784697983
MESA,88.0,0,0,0,1,18.595269058862154,6.6498740554,dementia,3.7399041752224496,-11.0048191012268
MESA,56.0,1,0,0,1,25.17474849921877,5.4088050314,censor,7.066392881587953,5.0982083349828
MESA,84.0,1,0,0,1,27.79234692749851,4.8461538462,dementia,2.2532511978097194,-2.325209125819299
MESA,64.0,1,0,1,0,26.68505312868949,2.3502304147,censor,6.8583162217659135,4.698655101007006
MESA,81.0,0,0,1,0,30.30755735862504,5.8666666667,censor,6.414784394250513,-5.899153144026798
MESA,63.0,0,0,1,0,38.18857089354265,32.068965517,dementia,5.897330595482546,-14.534011881318698
MESA,64.0,1,0,1,0,42.59759169550173,64.132231405,censor,6.910335386721424,-5.7829339576706005
MESA,66.0,0,1,0,0,26.046511627906973,25.459459459,censor,7.238877481177276,1.8693556715668933
MESA,79.0,0,0,0,1,22.222383509943388,3.3802816901,dementia,4.922655715263518,-1.6335248915511045
MESA,85.0,1,0,0,1,28.242938734746108,9.8876404494,censor,6.072553045859,-8.312064663700596
MESA,63.0,0,1,0,0,22.91773167843516,7.9017857143,censor,7.214236824093087,-2.694815031372201
MESA,60.0,1,1,0,0,25.7652190033858,18.962264151,censor,6.422997946611909,4.680206552817907
MESA,58.0,1,0,0,1,23.89348279905058,0.2926829268,censor,7.5482546201232035,6.647094337143599
MESA,67.0,0,0,0,1,27.492683510466637,11.768488746,censor,5.894592744695414,-5.835962093308098
MESA,67.0,0,0,1,0,37.53007505104046,5.4744525547,censor,6.379192334017796,-0.3033697271056041
MESA,65.0,0,0,0,1,45.81572273879966,41.196172249,censor,7.854893908281999,-5.047055503861401
MESA,81.0,1,1,0,0,24.40308167627906,69.54954955,censor,6.433949349760438,-10.899716669272394
MESA,64.0,1,0,1,0,28.22760476967577,1.5789473684,censor,7.62217659137577,-7.373769063524598
MESA,58.0,1,0,1,0,37.13187877977881,87.402985075,censor,6.699520876112252,-1.4749039618438005
MESA,58.0,0,0,0,1,26.74519903888322,4.900990099,censor,6.688569472963724,-13.0897602408999
MESA,70.0,0,0,0,1,26.418972836668896,7.0093457944,censor,6.182067077344285,0.6564337152532005
MESA,61.0,0,0,1,0,27.91272269724613,0.9625668449,censor,6.822724161533197,-2.9686517792251976
MESA,79.0,1,0,1,0,18.2824509220702,35.162094763,censor,6.316221765913758,-13.413443888933898
MESA,74.0,0,0,0,1,33.34831252767296,7.1760797342,censor,6.398357289527721,0.1095639849610989
MESA,56.0,1,1,0,0,27.52336832871906,24.0,censor,6.841889117043121,-2.3523450036813003
MESA,67.0,1,0,0,1,29.413518793956296,49.6485623,censor,6.513347022587269,-0.771183938471296
MESA,55.0,1,0,0,1,31.197438978874917,37.155963303,censor,6.485968514715948,-1.079319416271403
MESA,59.0,1,0,0,1,26.977446623676038,5.7558139535,censor,8.125941136208077,-4.210893060392898
MESA,75.0,0,0,0,1,26.3770559674809,60.152284264,censor,6.913073237508556,-12.201204956348697
MESA,76.0,0,1,0,0,22.057239299052,10.947867299,censor,6.937713894592744,1.6810660070568986
MESA,61.0,0,0,0,1,25.829575598954385,2.07852194,censor,6.447638603696099,-7.326584899093703
MESA,76.0,1,0,0,1,26.208984375,0.0,death,7.055441478439425,2.054659972787107
MESA,78.0,0,0,1,0,29.188423522159617,18.0,censor,6.951403148528406,2.131495886747004
MESA,66.0,1,0,0,1,28.07756232686981,8.3290488432,censor,6.373716632443532,-4.267517668434003
MESA,56.0,1,0,0,1,26.01109075993009,28.843813387,censor,6.926762491444216,3.522289760116003
MESA,81.0,0,0,0,1,25.00656255419355,0.4166666667,censor,6.776180698151951,-11.981309798107006
MESA,56.0,0,0,1,0,25.85456838810285,1.6363636364,censor,6.718685831622176,-4.992131988081098
MESA,76.0,1,0,0,1,28.81461326734174,6.511627907,censor,7.263518138261465,-17.681991739282402
MESA,58.0,0,0,1,0,30.73300459269659,1.9626168224,censor,7.967145790554415,2.0370198444771006
MESA,74.0,0,0,1,0,26.88886794231313,10.971428571,censor,7.696098562628337,0.5559324868430053
MESA,82.0,0,0,1,0,27.68787053356834,2.3788546256,censor,6.245037645448323,-17.6408812391104
MESA,79.0,0,0,0,1,28.279257669486174,2.5714285714,death,5.935660506502396,-10.628634686322895
MESA,70.0,1,0,1,0,26.808361516553934,25.764705882,censor,6.078028747433265,-2.688154736240506
MESA,75.0,0,0,0,1,22.351450997049568,24.821917808,censor,7.066392881587953,-5.592176145611802
MESA,69.0,0,0,0,1,29.7288858516354,9.5192307692,censor,7.148528405201916,-3.5945791139086936
MESA,71.0,1,0,0,1,37.687677363576256,28.695652174,death,0.5065023956194388,-0.5871195420297965
MESA,66.0,1,0,1,0,25.46876522324473,0.4603580563,censor,7.167693360711842,5.455361380246401
MESA,85.0,0,0,1,0,26.56672005974784,14.207436399,censor,6.650239561943874,-3.8252377903286
MESA,63.0,0,0,0,1,36.449906388683424,17.929411765,censor,7.838466803559206,3.602438446037695
MESA,62.0,1,0,1,0,31.5178670633346,51.295336788,censor,6.472279260780288,0.8949883160491012
MESA,80.0,1,1,0,0,26.891844255728245,31.0,censor,6.937713894592744,-11.320477041102391
MESA,67.0,1,0,0,1,33.88613860575117,4.0214477212,censor,7.301848049281314,-5.523291465295799
MESA,69.0,1,0,0,1,33.2092930385547,38.8,censor,6.551676933607118,5.570782541266993
MESA,78.0,0,0,0,1,27.779976256430555,0.7915567282,censor,7.247091033538672,-11.523189996643794
MESA,72.0,1,1,0,0,24.370370370370367,17.939698492,censor,6.587268993839836,-4.426506573289899
MESA,59.0,1,0,1,0,37.30361270022141,102.90502793,censor,6.225872689938399,-7.3453275512245
MESA,61.0,0,0,0,1,35.7710092269724,6.213592233,censor,7.94798083504449,3.903140815351904
MESA,85.0,0,0,0,1,25.203442936078407,5.0246305419,dementia,5.4428473648186175,-12.018524930815204
MESA,65.0,1,0,0,1,32.54072707800321,12.140762463,censor,7.682409308692677,1.903121269047304
MESA,67.0,0,1,0,0,26.84880940621553,40.830670927,death,5.368925393566051,-8.258758161467902
MESA,65.0,0,0,1,0,30.221872819646038,4.6341463415,censor,6.395619438740589,-3.222654862590197
MESA,59.0,1,0,0,1,24.497598274678957,12.782608696,censor,6.80082135523614,-0.7935490600115003
MESA,58.0,1,1,0,0,21.2919974960847,19.472295515,censor,5.987679671457905,-4.494791107110501
MESA,61.0,1,0,1,0,32.66129032258065,12.989690722,censor,7.79192334017796,1.639868552638703
MESA,57.0,0,0,1,0,24.58444051338025,0.2580645161,censor,7.017111567419575,-2.603016334542197
MESA,78.0,1,0,0,1,25.579717684371275,3.6734693878,censor,7.655030800821355,-8.087730831949202
MESA,87.0,1,0,0,1,21.821910690831483,6.288209607,censor,7.7180013689253935,-13.377826208964194
MESA,76.0,0,0,0,1,29.4695533422351,25.212765957,censor,7.57015742642026,-7.368443509292504
MESA,60.0,0,0,0,1,23.33861326743049,0.1435406699,censor,6.967830253251198,0.1697196507584024
MESA,73.0,1,0,0,1,26.926018615127656,11.142857143,censor,7.060917180013689,-6.479329617178493
MESA,57.0,0,0,1,0,33.936879237808846,4.9342105263,censor,7.277207392197125,-5.6592258761846
MESA,71.0,0,0,0,1,27.29044834307992,13.176972281,censor,6.453114305270363,-4.539397164286498
MESA,61.0,1,0,1,0,24.23531619440796,0.5642633229,censor,6.253251197809719,5.851000618528502
MESA,85.0,0,0,1,0,25.148148148148145,5.8371040724,censor,7.3347022587268995,-3.653553174392499
MESA,74.0,1,0,1,0,30.528168713688927,25.058823529,censor,7.5482546201232035,0.4862970560638047
MESA,73.0,0,0,0,1,23.808452856514048,7.1641791045,censor,6.5160848733744015,-17.4797692025774
MESA,84.0,1,0,1,0,27.72127972574395,28.385269122,censor,7.175906913073238,-5.488300559844703
MESA,68.0,1,0,0,1,29.514144019043844,7.6033057851,censor,7.123887748117728,1.0271069747122965
MESA,57.0,0,0,0,1,19.3993820996039,2.0843672457,censor,6.663928815879535,-6.599981634464299
MESA,61.0,0,0,0,1,26.33251638339816,6.0631578947,censor,6.611909650924025,-3.901548559915703
MESA,56.0,1,0,0,1,29.68790713909961,13.419023136,censor,7.7180013689253935,1.8656429748425007
MESA,69.0,1,0,1,0,31.01750547045952,9.3818181818,censor,7.255304585900069,-14.1116370510507
MESA,59.0,0,0,0,1,27.552921691423837,3.4532374101,censor,7.520876112251882,-9.164253471391705
MESA,63.0,0,0,0,1,26.38243843763574,2.9857819905,censor,6.86652977412731,-4.3354375213192
MESA,71.0,0,0,0,1,23.689088357929723,4.5086705202,censor,7.301848049281314,-7.866341596099801
MESA,70.0,1,0,0,1,29.89711422892011,51.168831169,censor,6.453114305270363,0.9001314535714044
MESA,64.0,0,0,1,0,25.92666429334282,1.125,censor,6.354551676933607,1.7375548118126003
MESA,71.0,0,0,0,1,39.60798816568047,40.507614213,censor,6.7268993839835725,-11.7050043011617
MESA,60.0,0,1,0,0,24.58677685950413,7.3943661972,censor,6.891170431211499,-4.979075912594098
MESA,67.0,1,0,0,1,22.996525116769902,0.6271777003,death,4.287474332648871,-2.2032791875786017
MESA,56.0,0,0,0,1,26.84654551111757,1.5424164524,censor,7.531827515400411,-8.215596959326
MESA,71.0,0,0,0,1,17.427584555931737,5.8483754513,death,2.088980150581793,6.949732252149602
MESA,79.0,0,0,0,1,27.67048822449363,8.625,censor,6.11088295687885,-8.640725624989898
MESA,63.0,1,0,0,1,24.09783153463196,2.5592417062,censor,6.286105407255304,-10.600838810335397
MESA,65.0,0,1,0,0,21.873643747287492,0.618556701,censor,7.211498973305955,3.189662252513997
MESA,75.0,1,0,0,1,26.96695337256677,15.19379845,censor,7.57015742642026,-10.925801871343594
MESA,64.0,1,0,1,0,26.251346976475148,16.348314607,censor,5.823408624229979,-10.592839109111097
MESA,73.0,0,0,0,1,33.78002450881461,13.486238532,censor,7.534565366187543,-7.478578012091205
MESA,55.0,1,0,0,1,26.093847224245657,2.4605678233,censor,7.438740588637919,-8.777478747663501
MESA,83.0,0,1,0,0,22.324582499077188,1.9266055046,censor,5.864476386036961,-10.770295448434696
MESA,82.0,1,0,1,0,25.223413733891395,35.346534653,death,5.708418891170431,-13.9517117949015
MESA,86.0,1,1,0,0,24.24102966986135,14.455958549,censor,4.106776180698152,-5.895169092697202
MESA,69.0,0,0,0,1,25.70991779160396,32.608695652,censor,7.37577002053388,0.2079700418269965
MESA,76.0,0,0,0,1,21.712382934443287,5.5862068966,censor,2.1492128678986995,0.6886551009605029
MESA,69.0,1,0,1,0,27.286638567478327,19.260969977,censor,6.718685831622176,0.2937714891408944
MESA,78.0,0,0,1,0,37.24136613110593,8.6381322957,censor,-0.2245037645448323,-22.338567641999603
MESA,62.0,1,1,0,0,23.621570619828717,32.247557003,censor,6.76249144421629,-1.1053825995920974
MESA,83.0,0,0,1,0,26.234384295062465,4.7107438017,censor,7.498973305954825,-1.441997436755898
MESA,62.0,0,0,1,0,32.248124999999995,1.2371134021,censor,5.911019849418207,-5.755281999666899
MESA,59.0,1,0,1,0,37.205357142857146,6.2068965517,censor,7.819301848049282,3.366403987439803
MESA,82.0,0,0,1,0,37.974192956183096,6.9444444444,death,2.8884325804243667,-8.345695625772507
MESA,82.0,0,0,0,1,19.94105954206092,3.0379746835,dementia,5.114305270362765,-7.803466267414805
MESA,78.0,1,1,0,0,24.13586748117533,23.463687151,censor,7.110198494182067,-6.383643817952802
MESA,59.0,0,0,0,1,28.04622093248811,1.7224880383,censor,7.318275154004107,-10.0213499220471
MESA,61.0,0,0,1,0,28.361719613455385,2.2332506203,censor,6.532511978097194,1.2117497712844028
MESA,64.0,1,1,0,0,24.44902171573161,13.052631579,censor,6.286105407255304,2.3667123138858983
MESA,80.0,1,0,0,1,25.481305523678067,8.1176470588,censor,7.299110198494182,-6.488478264890404
MESA,87.0,0,0,1,0,41.32736144160359,3.6631578947,censor,4.3668720054757015,-3.777232524589195
MESA,59.0,0,1,0,0,20.09924783870666,0.0,censor,6.206707734428473,0.9325595279888006
MESA,73.0,0,0,0,1,28.6868449704142,57.738693467,censor,6.631074606433949,-5.602802110535507
MESA,73.0,1,0,0,1,28.18440838847749,8.5915492958,censor,6.6447638603696095,-3.654064689863901
MESA,69.0,0,1,0,0,23.50738116787866,7.8504672897,censor,7.46611909650924,-2.4495743532938974
MESA,73.0,1,0,1,0,37.85574776785715,71.203319502,censor,6.245037645448323,-3.2767365084391
MESA,65.0,0,0,1,0,33.29541374986123,6.9281045752,censor,5.886379192334018,-4.980746760920503
MESA,60.0,1,0,0,1,32.79348275317772,2.2594142259,censor,6.992470910335387,-4.574186856313403
MESA,67.0,0,0,0,1,34.190209087822545,11.663066955,censor,7.351129363449692,-3.0974584097081035
MESA,80.0,1,0,0,1,27.946128076184262,31.941176471,dementia,2.3134839151266258,-2.453481499953895
MESA,74.0,0,0,0,1,21.668241965973536,23.763676149,censor,6.442162902121835,-0.1123256135627031
MESA,68.0,1,0,0,1,24.892652263300985,14.598930481,censor,7.184120465434634,-7.165957423945898
MESA,69.0,0,0,1,0,29.585094595149187,19.152119701,death,4.804928131416838,3.9312002390229
MESA,62.0,0,0,1,0,36.3711075360854,14.285714286,censor,7.340177960301164,2.5680188720062063
MESA,61.0,0,0,1,0,32.46361635033022,9.2207792208,censor,6.524298425735798,2.3174190387625018
MESA,92.0,1,0,0,1,24.80961253877808,14.613180516,dementia,5.127994524298426,-15.313804621316194
MESA,84.0,1,1,0,0,18.876404494382022,3.375,censor,6.795345653661875,-10.938636666953698
MESA,75.0,0,0,0,1,25.9504769037443,1.3636363636,censor,7.446954140999315,-11.2199757654056
MESA,62.0,0,0,1,0,47.48697169748068,0.6,censor,7.293634496919918,-8.119411728386403
MESA,63.0,1,0,1,0,35.51657721606648,17.647058824,censor,6.98425735797399,-1.9235256606367983
MESA,60.0,1,0,0,1,22.818071271646613,16.601941748,censor,6.795345653661875,-4.796585252298499
MESA,61.0,0,0,0,1,32.498614958448755,18.412698413,censor,7.080082135523614,-6.735357587806902
MESA,78.0,0,0,1,0,28.847396736125987,2.25,censor,7.444216290212183,4.6539701756829
MESA,65.0,0,0,0,1,32.04329736759924,30.756302521,censor,6.95687885010267,-0.574468805742697
MESA,68.0,1,0,1,0,29.728379462947498,21.372031662,censor,6.836413415468857,-5.922870885159703
MESA,68.0,0,0,1,0,37.046038482014936,15.352480418,dementia,4.714579055441479,-6.1059092279936
MESA,79.0,0,1,0,0,27.428571428571438,20.968421053,censor,6.746064339493498,-10.2733554689016
MESA,57.0,0,0,0,1,22.469135802469133,0.0,censor,6.28062970568104,1.8021649430155973
MESA,59.0,0,0,0,1,25.9502427641236,2.6978417266,censor,8.02737850787132,-4.493920000905703
MESA,59.0,1,0,1,0,32.92628956383484,18.448275862,censor,6.343600273785079,-0.5498056143642032
MESA,63.0,1,0,1,0,23.9998329167856,0.5341246291,death,5.71937029431896,-5.649032382776497
MESA,71.0,1,0,0,1,24.338623568733528,2.9339853301,dementia,-1.4182067077344285,0.1749837665714011
MESA,78.0,1,0,1,0,37.40254921337198,30.735694823,death,5.670088980150582,-8.696420515934904
MESA,77.0,0,0,0,1,21.712025781786103,2.7177700348,censor,4.030116358658453,-12.1938483563941
MESA,84.0,0,1,0,0,31.951511857829157,6.3343108504,dementia,4.42984257357974,-7.416897996864803
MESA,71.0,1,0,0,1,27.68244927020292,29.79020979,censor,6.373716632443532,-3.2744029760539064
MESA,77.0,0,0,1,0,27.27904031807846,11.527093596,censor,7.411362080766598,0.1738637139287959
MESA,64.0,0,0,0,1,36.59293373793749,5.6179775281,censor,6.581793292265571,1.783521786863005
MESA,61.0,0,0,0,1,22.45301195602487,0.3399433428,censor,7.148528405201916,3.780840196522206
MESA,63.0,1,0,1,0,27.21722084181348,15.449101796,censor,6.913073237508556,5.142373245844595
MESA,71.0,1,0,1,0,26.28447809626825,3.2801822323,censor,6.899383983572895,-2.818555687250296
MESA,77.0,0,1,0,0,29.833760248766787,20.941828255,censor,6.338124572210814,-7.759449487689807
MESA,57.0,1,0,1,0,34.804859825795155,12.695214106,censor,7.430527036276523,-4.3061740200476
MESA,63.0,0,0,1,0,32.20366452723296,12.290502793,censor,6.852840520191649,-4.240347398980802
MESA,79.0,1,1,0,0,22.78400348579132,33.556231003,censor,6.335386721423682,-6.308486159740994
MESA,55.0,1,0,1,0,32.337824745695904,30.065359477,censor,6.80082135523614,0.5598852265757017
MESA,76.0,1,0,1,0,36.27896932732744,15.111111111,censor,5.83709787816564,-0.845610550017696
MESA,80.0,0,0,0,1,20.756696647387518,1.1085450346,censor,7.24435318275154,-0.9512305836835964
MESA,67.0,0,0,0,1,25.612608598797056,6.7625899281,censor,7.383983572895278,-5.497039897854599
MESA,57.0,0,0,1,0,37.39471435546875,2.8977272727,censor,7.408624229979466,-2.6966262276943027
MESA,71.0,1,1,0,0,21.8918106184637,20.727272727,censor,4.375085557837098,-7.396965186108602
MESA,66.0,1,0,1,0,27.144041865652436,17.010309278,censor,7.293634496919918,6.538066967996997
MESA,91.0,1,0,0,1,24.96201884808522,2.5446428571,dementia,3.509924709103354,-7.672984125641406
MESA,59.0,0,1,0,0,21.70261661139592,4.0268456376,censor,7.723477070499658,1.752577835835801
MESA,74.0,1,0,0,1,25.13354496512056,1.8556701031,censor,7.12662559890486,-3.259503211701201
MESA,64.0,0,0,0,1,37.607822516585934,55.23465704,censor,6.26694045174538,0.7186052520769977
MESA,58.0,0,1,0,0,24.355509149424076,11.116751269,censor,6.3901437371663246,-1.3529793363154994
MESA,67.0,1,0,1,0,29.153056536135963,5.6790123457,censor,6.28062970568104,-9.932869243073398
MESA,76.0,1,0,0,1,27.937881328059465,17.054263566,dementia,3.1047227926078027,2.649204922686493
MESA,73.0,0,0,0,1,22.83901467076463,5.0289017341,censor,7.874058863791923,8.180034738141103
MESA,67.0,1,0,1,0,23.13960313616612,15.355450237,censor,6.9486652977412735,-10.043502089941398
MESA,65.0,0,0,0,1,29.65805243959045,17.142857143,censor,6.513347022587269,-15.0852868667072
MESA,57.0,1,0,0,1,27.48346039003389,9.2307692308,censor,7.46611909650924,5.117275783340503
MESA,63.0,0,0,1,0,32.10389813499459,17.181208054,censor,6.770704996577686,-2.9636047832212995
MESA,69.0,0,1,0,0,23.35257628455663,3.6486486486,censor,6.321697467488022,-5.323077995812
MESA,61.0,0,0,0,1,26.9233203290062,10.4,censor,7.868583162217659,5.377220723169202
MESA,57.0,1,0,1,0,21.998961346923384,7.1604938272,censor,7.874058863791923,0.9170792499255996
MESA,62.0,1,1,0,0,28.24881023200476,5.4285714286,censor,6.910335386721424,-9.0199848880099
MESA,59.0,1,0,1,0,32.11009174311926,7.0866141732,censor,7.222450376454483,7.329083689978006
MESA,73.0,1,0,1,0,25.4068832675917,5.3191489362,censor,6.116358658453114,0.7685453230421047
MESA,65.0,0,0,1,0,32.574459730847046,50.0,censor,7.181382614647502,-8.693174907932203
MESA,61.0,0,0,1,0,27.68057196560701,13.35078534,censor,7.370294318959616,-4.0855741583322
MESA,84.0,1,1,0,0,26.071629285239872,17.166212534,censor,6.398357289527721,-10.377627569600309
MESA,64.0,0,0,0,1,20.427693761814744,8.2464454976,censor,7.351129363449692,-6.461437476977601
MESA,62.0,0,0,0,1,23.83391003460208,2.8503562945,censor,7.039014373716633,5.569301666378195
MESA,81.0,1,0,0,1,29.513682331945272,81.643835616,censor,6.340862422997946,-3.9151109223166
MESA,69.0,0,1,0,0,23.86848599216142,11.269035533,dementia,5.045859000684462,-1.7236334551540011
MESA,57.0,1,0,0,1,33.85195435539428,6.3913043478,censor,7.266255989048597,-7.662908751792997
MESA,79.0,1,0,0,1,25.549714285714284,2.8915662651,censor,7.682409308692677,-11.886756822920605
MESA,87.0,0,0,0,1,25.962609981286384,19.316239316,censor,7.512662559890486,-5.334879954890596
MESA,64.0,1,0,1,0,38.16964285714286,11.693735499,censor,6.776180698151951,-11.286981845258197
MESA,58.0,0,0,1,0,35.30340632663252,25.308056872,censor,6.7323750855578375,-3.6541974072912
MESA,77.0,0,0,1,0,26.072127780818203,22.820512821,dementia,5.853524982888432,-1.7349447780053993
MESA,77.0,1,0,1,0,31.691883716620534,2.2641509434,censor,6.351813826146475,-6.144670655425699
MESA,80.0,0,1,0,0,25.59959365724354,4.5033112583,censor,6.505133470225872,-5.7708998561591045
MESA,68.0,0,0,1,0,24.994234589450887,15.357142857,censor,6.439425051334703,3.7003201543384
MESA,67.0,0,0,1,0,36.6495703333144,56.226415094,censor,6.447638603696099,-4.5799783614342005
MESA,78.0,0,0,0,1,31.55588020452885,3.4782608696,censor,3.657768651608488,2.2638431484912047
MESA,70.0,1,1,0,0,19.56039408997613,22.5,censor,6.924024640657084,-0.2128725773865056
MESA,78.0,1,0,0,1,29.700788608037385,9.1185410334,censor,5.215605749486653,-2.469464164414504
MESA,85.0,0,0,1,0,27.0578449905482,4.3764705882,censor,6.425735797399041,-11.060214528871596
MESA,64.0,1,0,0,1,29.42858225351707,13.035714286,censor,7.112936344969199,-12.778353626404098
MESA,61.0,0,0,0,1,24.87830800297588,1.5639810427,censor,7.383983572895278,-10.9754095063226
MESA,57.0,0,0,0,1,21.09605052191234,0.8845208845,censor,6.740588637919234,-2.488567797085203
MESA,68.0,1,0,1,0,21.59616888888591,0.9549071618,censor,6.707734428473648,-12.653740961926196
MESA,74.0,0,1,0,0,21.650429991937653,6.8115942029,dementia,-0.0958247775496235,-1.5170797172724946
MESA,56.0,0,1,0,0,27.186377722833207,39.04109589,censor,6.11088295687885,-0.7790142485028966
MESA,63.0,0,0,1,0,26.69533042736904,2.5675675676,censor,7.356605065023956,-0.0094796212734991
MESA,62.0,1,0,1,0,23.17017722308429,2.0289855072,censor,7.008898015058179,3.8913190548161936
MESA,73.0,0,0,0,1,25.09661635740901,20.0,death,6.513347022587269,-1.8388278837847023
MESA,75.0,1,0,1,0,34.159773550910096,62.844827586,censor,7.312799452429843,-12.2930063215153
MESA,56.0,1,0,0,1,25.979304481264123,3.5668789809,censor,7.627652292950034,2.161540724848898
MESA,84.0,0,0,1,0,35.038315457479875,8.6161879896,death,1.6536618754277892,-4.804946243462595
MESA,69.0,1,0,0,1,37.34744801512287,43.953488372,censor,7.534565366187543,4.343701506199494
MESA,58.0,0,0,1,0,30.576397633136096,14.017094017,censor,7.299110198494182,4.705365486589002
MESA,69.0,1,0,0,1,27.25454845080885,7.5,censor,6.420260095824777,-0.1235235571755026
MESA,73.0,0,1,0,0,16.760212655142933,1.686746988,censor,5.908281998631074,0.9609779643056982
MESA,83.0,0,0,0,1,36.03400236127509,3.5294117647,death,5.708418891170431,-4.635517091585001
MESA,62.0,0,0,1,0,31.4169312064007,6.1184210526,censor,7.436002737850787,1.6488246321343991
MESA,85.0,0,0,0,1,25.1990278152849,5.3543307087,death,4.826830937713894,0.0735400080644979
MESA,80.0,0,0,1,0,29.27605866112087,23.571428571,censor,6.989733059548255,-13.867586346545709
MESA,74.0,1,0,0,1,28.663114245191128,33.680297398,censor,7.301848049281314,-2.919909769537199
MESA,60.0,1,1,0,0,25.26975778546713,50.542635659,censor,6.718685831622176,-9.797651165414798
MESA,70.0,0,0,0,1,31.802317047809105,15.893223819,censor,7.241615331964408,-6.0948409672285
MESA,71.0,0,0,0,1,23.31401301855858,2.9424307036,censor,7.38672142368241,-5.668994045620906
MESA,55.0,1,0,0,1,29.62459656871072,32.061068702,censor,6.72416153319644,1.8384750603815967
MESA,57.0,1,1,0,0,23.56885028722672,43.297297297,censor,6.611909650924025,13.271286562047294
MESA,69.0,1,0,1,0,24.07964951357287,1.6030534351,censor,6.379192334017796,-2.979063431751797
MESA,56.0,1,0,0,1,25.52111958747573,14.960629921,censor,7.12662559890486,2.434148882823301
MESA,74.0,1,0,1,0,24.759707804690507,6.3043478261,death,0.7775496235455168,-14.660536456227902
MESA,72.0,1,0,0,1,26.3719756449287,6.4229765013,censor,6.179329226557153,-2.583587465256897
MESA,62.0,1,0,1,0,30.473773063061987,14.615384615,censor,6.8145106091718,-6.235025213681404
MESA,74.0,0,0,1,0,33.155132936362904,28.783783784,censor,5.45927446954141,-7.2330330867333
MESA,58.0,0,0,0,1,33.85776342169748,13.231441048,censor,8.134154688569472,6.666129812910896
MESA,69.0,1,0,0,1,23.87049350128638,5.9475218659,censor,6.746064339493498,-4.492126184739703
MESA,69.0,0,1,0,0,19.179867940034576,21.728395062,censor,6.606433949349761,-0.5780567155433971
MESA,77.0,0,0,1,0,37.54083329952534,13.072625698,censor,7.542778918548939,-2.039595395654999
MESA,82.0,1,1,0,0,30.474462719710942,61.648351648,censor,6.535249828884326,-11.6169470006799
MESA,76.0,1,0,1,0,23.35437172400109,3.8709677419,censor,7.761806981519507,-9.037030229308897
MESA,72.0,1,0,1,0,30.15735231814916,6.4589235127,censor,7.433264887063655,3.030806062676504
MESA,87.0,1,0,0,1,26.39793249275589,0.2443991853,censor,7.255304585900069,-8.525865744649394
MESA,61.0,0,0,0,1,28.61466954505841,14.964705882,censor,6.841889117043121,5.599746874985698
MESA,74.0,1,1,0,0,21.903442817570244,0.6299212598,censor,7.08829568788501,-3.857977986891996
MESA,62.0,1,0,1,0,31.11619292305392,93.411078717,censor,6.784394250513347,-12.052970301639595
MESA,64.0,0,0,1,0,36.96578291777599,39.712230216,censor,7.307323750855578,-11.113689879352997
MESA,68.0,1,0,1,0,34.92633848365074,50.602409639,censor,7.471594798083505,-8.772373195093799
MESA,64.0,0,0,0,1,18.35296774436373,0.266075388,censor,7.62217659137577,-0.5369821303007996
MESA,77.0,0,0,1,0,29.456446618357106,2.4148606811,censor,7.340177960301164,0.4284523816177028
MESA,73.0,0,0,1,0,22.881791672018416,1.3793103448,censor,6.412046543463381,-8.878591295340598
MESA,75.0,0,1,0,0,22.65084342560554,0.3726708075,censor,7.567419575633128,-4.134325676702801
MESA,86.0,0,0,1,0,29.82030679327977,6.9026548673,censor,6.26694045174538,-13.766221317361897
MESA,66.0,0,0,1,0,25.04875175095784,3.9204545455,censor,7.542778918548939,1.9063057815786948
MESA,68.0,0,0,1,0,25.240054869684503,1.9879518072,censor,6.433949349760438,7.257170441925794
MESA,70.0,0,0,0,1,31.895312908182948,9.6923076923,censor,7.063655030800821,5.026993713801403
MESA,80.0,1,0,0,1,31.086464463558173,1.2658227848,dementia,4.591375770020534,-3.811644320237207
MESA,64.0,0,0,0,1,20.82823548928934,0.2977667494,censor,7.603011635865846,7.644381837342706
MESA,77.0,0,1,0,0,23.480835185169813,6.935483871,censor,6.417522245037645,-10.470154351043009
MESA,64.0,0,0,0,1,21.896352986974385,1.0786516854,censor,7.997262149212868,5.161272573364698
MESA,60.0,0,0,0,1,22.176,0.0,censor,7.73990417522245,-6.827169439321899
MESA,75.0,0,0,1,0,38.26667302933418,16.216216216,censor,6.652977412731006,-1.5999920304125936
MESA,63.0,0,0,0,1,23.26241216715976,12.442396313,censor,7.479808350444901,2.357587289121
MESA,66.0,1,0,0,1,33.271869370013434,20.784313725,censor,6.704996577686516,5.652464604543695
MESA,59.0,1,0,1,0,28.722768166089967,5.4545454545,censor,7.277207392197125,2.6887110157993988
MESA,62.0,1,0,1,0,26.958912374653952,8.0,censor,6.26694045174538,-0.7786823231759001
MESA,71.0,0,0,0,1,34.640731340266385,46.843373494,censor,6.11088295687885,-9.1364448544998
MESA,82.0,1,0,0,1,25.998655737891674,4.8837209302,death,0.4462696783025325,-0.8670772847448944
MESA,58.0,0,0,0,1,32.070027775439776,1.1368421053,censor,7.83025325119781,-1.2677950178668027
MESA,62.0,0,1,0,0,29.62080222896101,18.167938931,censor,6.245037645448323,1.4954490936293965
MESA,68.0,0,0,1,0,28.453164541373948,11.772151899,censor,6.861054072553046,4.129864278917907
MESA,69.0,0,0,1,0,42.23658093254004,32.317073171,censor,7.255304585900069,-6.345964715194199
MESA,59.0,0,1,0,0,22.98885134327134,2.2222222222,censor,5.787816563997263,-9.727129291388998
MESA,77.0,0,0,1,0,20.21171349426197,13.097345133,censor,7.378507871321013,-9.142338563135796
MESA,65.0,1,0,0,1,27.714501091053364,13.244680851,censor,6.075290896646133,-12.761753640818805
MESA,75.0,0,1,0,0,23.04722550177096,10.263157895,censor,6.683093771389459,0.970423937099696
MESA,56.0,0,0,0,1,27.922297577854675,7.7372262774,censor,7.490759753593429,-6.019419297806699
MESA,57.0,0,0,1,0,33.0162940778867,1.3138686131,censor,6.392881587953457,-20.6337307293212
MESA,82.0,1,0,1,0,24.49144436178128,2.2085889571,censor,6.168377823408624,-0.7421489841102016
MESA,61.0,1,0,0,1,37.73811353536704,23.236074271,censor,7.832991101984942,4.349491648808495
MESA,62.0,0,0,1,0,41.37136838632311,4.7208121827,censor,7.36208076659822,0.739077532188503
MESA,67.0,1,0,0,1,24.461060312598534,1.6956521739,censor,6.310746064339494,-0.7863766125117024
MESA,61.0,0,0,1,0,30.834567901234564,1.7532467532,censor,7.430527036276523,-0.4150994133583978
MESA,63.0,1,0,1,0,30.34727158908848,11.020408163,censor,7.143052703627652,-2.1539714656510967
MESA,64.0,0,0,0,1,43.40381471070851,10.454545455,censor,7.211498973305955,-1.5519915832864015
MESA,74.0,1,1,0,0,29.875476582518115,15.872093023,censor,6.507871321013004,-3.239479480464695
MESA,64.0,0,0,0,1,26.244527839380137,4.7727272727,censor,7.091033538672143,-6.886839635610897
MESA,74.0,0,0,1,0,29.84004761844455,48.303249097,censor,6.893908281998631,-5.602322880858296
MESA,79.0,0,0,0,1,22.976896856457525,16.390977444,censor,7.397672826830938,-3.2733066900216983
MESA,78.0,1,0,1,0,31.49984375077505,47.093023256,censor,7.436002737850787,0.4815922434813018
MESA,71.0,0,0,0,1,40.54966180135279,4.0657084189,dementia,5.598904859685147,-4.544550171957098
MESA,60.0,0,0,1,0,32.398039066056526,1.56,censor,7.271731690622861,-3.930053823290301
MESA,74.0,0,0,0,1,23.090930265472952,2.1670428894,censor,2.42299794661191,-3.651657642356298
MESA,63.0,1,1,0,0,22.229038806920755,7.0893371758,censor,6.568104038329911,-6.297852296517
MESA,56.0,0,0,1,0,30.926882000392197,3.3540372671,censor,7.052703627652293,4.039923268948101
MESA,64.0,1,1,0,0,23.22839890684804,38.093023256,censor,6.412046543463381,-1.9006395239513976
MESA,82.0,0,0,0,1,25.118711598587737,17.766990291,censor,7.353867214236824,-0.7594784598477986
MESA,75.0,1,0,1,0,30.092983939137785,15.395683453,censor,6.759753593429158,-7.324309166589799
MESA,59.0,0,1,0,0,20.770392580244568,3.7668161435,censor,5.856262833675565,-2.713292041161502
MESA,80.0,0,1,0,0,24.109184270978783,1.4501510574,censor,6.469541409993155,-16.6469646736412
MESA,63.0,0,1,0,0,24.274289968052443,13.050397878,censor,6.431211498973306,-4.225069159254197
MESA,62.0,0,0,0,1,22.176,1.8502202643,censor,6.316221765913758,1.0926840374077005
MESA,71.0,1,0,0,1,23.512828707085465,2.2285714286,censor,7.488021902806297,1.5840804761858038
MESA,89.0,0,0,1,0,35.68109506260444,15.982532751,death,6.184804928131417,-5.332161412462796
MESA,64.0,1,0,0,1,20.035328748240577,0.1941747573,censor,6.702258726899384,2.225626715883493
MESA,75.0,0,0,0,1,28.17700628698224,10.626349892,censor,6.072553045859,-11.039539218309002
MESA,74.0,0,1,0,0,24.07580156764121,4.2077922078,censor,6.130047912388775,3.1986186788417967
MESA,77.0,0,0,1,0,37.633332380108094,6.0913705584,censor,6.902121834360028,-10.956599389389297
MESA,88.0,0,0,0,1,21.421478956809267,24.72,dementia,4.232717316906228,-5.394114287534904
MESA,63.0,1,1,0,0,24.72200509161318,9.0731707317,censor,6.327173169062286,-9.286188798135695
MESA,55.0,0,0,1,0,42.5632155736844,39.815668203,censor,6.425735797399041,2.6817851489094977
MESA,68.0,1,0,1,0,35.707121831981304,18.766519824,censor,7.665982203969883,-3.8254196601519936
MESA,67.0,1,0,0,1,35.636977497343324,16.119402985,censor,6.718685831622176,-0.3571416304599069
MESA,75.0,0,0,0,1,26.960541685112197,23.951612903,censor,5.5249828884325805,-5.745319970002996
MESA,73.0,0,0,0,1,20.895689793302356,5.4545454545,dementia,5.234770704996578,-5.678354610013102
MESA,84.0,1,0,1,0,20.05208333333333,10.680628272,death,2.759753593429158,-9.273350892438105
MESA,55.0,1,0,0,1,25.312500000000004,6.6288951841,censor,7.255304585900069,-10.6148040862088
MESA,71.0,0,0,0,1,21.19176871607121,2.9457364341,censor,7.200547570157426,0.8690488940860064
MESA,94.0,1,1,0,0,20.074157978086813,29.122807018,death,2.212183436002738,-7.026831629830795
MESA,57.0,1,1,0,0,25.79242398505181,32.452830189,censor,6.52703627652293,-9.066243071970597
MESA,61.0,0,0,1,0,40.6326169596146,29.253731343,censor,6.672142368240931,-5.020791528353598
MESA,71.0,1,0,0,1,36.578472920822406,15.194805195,censor,7.301848049281314,-1.6783793647150986
MESA,68.0,0,0,0,1,33.19510546241212,20.606060606,death,5.809719370294319,-2.8236946919226966
MESA,77.0,0,1,0,0,21.18073943986797,22.448979592,censor,6.8583162217659135,-11.420927475517304
MESA,80.0,0,0,1,0,30.771714111707723,28.827586207,censor,7.337440109514032,-10.980759102167395
MESA,75.0,0,0,0,1,20.34763105176892,15.896103896,censor,7.203285420944559,-5.291225790667198
MESA,59.0,0,0,0,1,41.69836253950014,16.446700508,censor,6.094455852156058,-10.963822027504598
MESA,80.0,0,0,0,1,32.25393430113021,80.877742947,censor,7.581108829568788,-2.325991080779602
MESA,69.0,0,0,0,1,23.999680323938406,12.139534884,censor,6.5927446954141,-3.451781932017198
MESA,59.0,0,0,0,1,28.41789567021514,0.3797468354,censor,7.46611909650924,-4.489385109470803
MESA,60.0,1,1,0,0,22.945525622503613,12.783505155,censor,7.080082135523614,12.901283405098894
MESA,64.0,1,1,0,0,21.87257617728532,6.56,censor,6.795345653661875,-17.1329787544598
MESA,84.0,1,0,1,0,24.550711886405995,26.52173913,censor,0.9363449691991786,-6.371314907297602
MESA,73.0,1,0,0,1,20.93640988702805,5.3571428571,censor,7.7782340862423,-7.004380970866407
MESA,58.0,1,0,1,0,26.393609827189483,10.822281167,censor,6.031485284052019,-0.9383145840594976
MESA,78.0,1,0,1,0,26.821061926293936,35.570032573,censor,7.638603696098563,-0.7573920432007952
MESA,60.0,1,1,0,0,27.292060491493384,46.012269939,censor,6.091718001368926,1.731897297750102
MESA,76.0,0,0,0,1,30.559825360382405,2.3140495868,censor,6.666666666666667,-5.238679450139898
MESA,84.0,1,0,0,1,21.849546654461413,36.526946108,death,5.6098562628336754,-15.407031753598504
MESA,73.0,1,0,1,0,31.627326549779216,13.770491803,censor,7.60848733744011,5.286731182742898
MESA,78.0,0,1,0,0,22.295259369207656,6.6914498141,censor,6.165639972621492,-6.111228626748499
MESA,81.0,1,0,1,0,40.44309623656204,61.272084806,censor,7.5482546201232035,-12.8792668756289
MESA,84.0,1,0,1,0,24.07403672009156,45.405405405,dementia,6.006844626967831,-10.200734157914596
MESA,79.0,1,0,0,1,28.22659662789705,35.172413793,censor,6.781656399726215,0.3917187161137008
MESA,66.0,1,0,1,0,31.285142963038243,0.2542372881,censor,7.603011635865846,-1.517590625502507
MESA,83.0,1,1,0,0,21.63214285714286,4.5476772616,death,0.7255304585900069,-7.457652419603903
MESA,63.0,0,0,0,1,47.718657093069936,78.43444227,censor,6.910335386721424,-0.2866163159258974
MESA,67.0,1,0,0,1,30.57368078814947,2.2950819672,censor,6.532511978097194,-0.8061115392320062
MESA,61.0,0,0,0,1,29.002151727912132,7.4816625917,censor,7.488021902806297,2.6243540588396
MESA,62.0,0,0,1,0,36.19927188814031,11.25,censor,7.069130732375085,0.4171011165352993
MESA,68.0,0,1,0,0,24.47515112174936,0.0,censor,6.91854893908282,2.7750934074741025
MESA,81.0,1,0,1,0,27.03701940049753,5.614973262,censor,6.896646132785763,-12.2626221269539
MESA,65.0,1,0,0,1,27.66248758355929,23.035714286,censor,8.046543463381246,-4.422858514416603
MESA,66.0,0,0,0,1,22.741483875806637,3.0967741935,dementia,5.286789869952088,0.1774031857745939
MESA,71.0,0,0,0,1,27.67531945386112,5.797752809,censor,7.258042436687201,-3.153075056136004
MESA,65.0,1,1,0,0,21.08053769946753,15.37366548,censor,6.420260095824777,-4.3825823839679
MESA,69.0,0,0,0,1,28.80588653878182,14.185303514,censor,7.657768651608487,-7.4416792738336
MESA,66.0,1,0,0,1,23.661434258398724,8.6842105263,censor,7.761806981519507,-4.0654028750782985
MESA,57.0,1,1,0,0,25.481912269809357,8.6146095718,censor,7.055441478439425,-8.403049704295498
MESA,61.0,0,0,0,1,30.06524512680272,18.214285714,censor,6.234086242299795,-0.9824904079384992
MESA,76.0,1,0,1,0,28.96860630651633,8.4210526316,censor,6.2149212867898695,-16.456832083465997
MESA,62.0,0,1,0,0,20.17371967525808,0.7594936709,censor,7.696098562628337,-7.351732045532003
MESA,77.0,0,0,0,1,30.271530264651936,7.4393530997,dementia,5.760438056125941,-2.6982612706427034
MESA,75.0,1,0,0,1,26.90229005993445,4.204851752,censor,7.909650924024641,-4.408947974938499
MESA,57.0,1,0,0,1,23.598713944797844,1.7368421053,censor,7.436002737850787,-0.6423177249752996
MESA,66.0,1,0,0,1,28.09329373766941,10.734824281,censor,7.397672826830938,6.050749635859901
MESA,67.0,1,0,0,1,36.55576779243328,32.558139535,censor,5.900068446269678,3.5754579266989026
MESA,63.0,1,0,1,0,37.953673558260576,14.364089776,censor,5.19917864476386,4.3039788876887
MESA,88.0,1,0,0,1,31.07191847932589,16.666666667,censor,3.405886379192334,-4.276337063759996
MESA,60.0,1,0,1,0,25.45245604337114,25.830508475,censor,7.488021902806297,-12.296779294641
MESA,56.0,0,0,1,0,42.087232655762,3.6298932384,censor,6.436687200547571,5.566312910012201
MESA,63.0,1,1,0,0,24.46457356702229,4.1911764706,censor,6.469541409993155,-3.687947024588901
MESA,63.0,1,0,0,1,24.066664585999188,3.4482758621,censor,5.722108145106092,10.693430950621403
MESA,91.0,1,0,1,0,24.510477699216064,10.434782609,death,4.555783709787817,-5.126325768935004
MESA,66.0,0,0,0,1,19.99938951802448,7.2131147541,dementia,4.815879534565366,8.100923548276299
MESA,80.0,0,0,0,1,26.09810777049489,17.142857143,death,3.8439425051334704,-9.564073677371198
MESA,64.0,1,0,0,1,24.227405247813408,2.4523160763,censor,6.228610540725531,-8.1998046866429
MESA,69.0,1,1,0,0,22.85141650407312,27.857142857,censor,6.590006844626968,-3.0983187414714024
MESA,79.0,1,0,0,1,31.86496877205559,26.818181818,censor,7.222450376454483,-1.358700212515501
MESA,63.0,1,1,0,0,22.820212187937887,56.850828729,censor,7.025325119780972,0.948969289188902
MESA,64.0,0,0,0,1,35.87193443713095,6.5853658537,censor,7.616700889801506,-0.0077425035801965
MESA,68.0,1,0,1,0,26.145406783589586,38.095238095,censor,7.5564681724846,3.0547676428069934
MESA,80.0,1,0,1,0,29.140754132231407,26.168224299,censor,6.861054072553046,-9.794999680273309
MESA,77.0,0,0,1,0,36.54487432320986,5.9541984733,death,6.688569472963724,-9.996178421085702
MESA,76.0,1,0,1,0,32.534019287209226,75.660377358,death,5.713894592744696,0.8955885735755942
MESA,67.0,0,0,0,1,32.55746816488906,0.0,censor,7.167693360711842,-0.0276419411741954
MESA,82.0,1,0,1,0,31.90089481170619,58.860759494,death,5.218343600273785,-7.802041906347597
MESA,61.0,1,0,0,1,30.94800153533922,16.348314607,censor,7.080082135523614,-15.4905119081372
MESA,66.0,1,0,1,0,23.81677714285715,6.0,death,1.4483230663928817,4.540570887451594
MESA,64.0,1,0,0,1,30.65652892561984,2.5065274151,censor,6.798083504449007,-4.058138433835701
MESA,73.0,1,0,0,1,29.68188581721356,2.2916666667,censor,7.307323750855578,2.0344377962006064
MESA,69.0,1,1,0,0,27.338325729022017,37.611940299,censor,7.08829568788501,-2.104449633465407
MESA,61.0,1,0,0,1,23.78978522017928,11.811023622,censor,6.568104038329911,-5.417735760240703
MESA,75.0,1,0,0,1,27.18724681399651,3.9215686275,censor,8.068446269678303,-8.784320472130304
MESA,69.0,1,0,0,1,24.016323375852256,42.366412214,censor,7.887748117727583,-11.852626012372497
MESA,60.0,0,0,0,1,33.369684468013254,7.9024390244,dementia,4.63791923340178,1.1232581370403023
MESA,67.0,0,0,1,0,27.931024598329444,3.3802816901,censor,6.450376454483231,1.4929180909631017
MESA,70.0,1,0,0,1,30.82044093608766,6.2211981567,censor,6.436687200547571,-2.0611983336736017
MESA,82.0,1,0,0,1,33.853411074067374,12.563176895,censor,6.548939082819986,-13.586690718335802
MESA,87.0,1,1,0,0,21.086686470429377,41.233480176,censor,5.9575633127994525,-19.102089409029105
MESA,67.0,0,1,0,0,23.447830578512395,20.39408867,dementia,0.6023271731690623,-2.602790543441998
MESA,85.0,1,0,1,0,24.936300322745037,4.6153846154,dementia,5.612594113620808,-14.576633454379206
MESA,86.0,1,1,0,0,22.48729149190031,11.835616438,censor,7.436002737850787,-7.527045378423196
MESA,62.0,1,0,1,0,37.062434124868254,4.5454545455,censor,7.14031485284052,-2.3261031219254
MESA,75.0,0,0,1,0,20.35363571509807,0.7438016529,dementia,4.39151266255989,-0.2907086088574999
MESA,59.0,0,0,1,0,32.449074067138184,5.5844155844,censor,6.707734428473648,10.270338968740106
MESA,65.0,0,0,0,1,24.49264022690596,4.2562929062,censor,8.068446269678303,2.8213939727124
MESA,69.0,0,0,0,1,29.42745401528447,24.045801527,censor,7.041752224503765,1.4998972979878005
MESA,55.0,0,0,0,1,31.39321469767278,3.937007874,censor,7.748117727583847,-4.645396441864698
MESA,77.0,1,0,1,0,22.206458753187636,4.0793201133,death,0.8624229979466119,-9.340763754666398
MESA,69.0,1,0,0,1,28.66135520588668,41.46179402,censor,6.450376454483231,-1.041772319414406
MESA,72.0,1,0,0,1,28.029436076045872,12.783505155,dementia,2.803559206023272,-10.413670591481498
MESA,62.0,1,1,0,0,23.83185039160317,5.9294117647,censor,7.512662559890486,-2.7714246843708
MESA,67.0,0,0,1,0,30.708076476951348,0.2181818182,censor,7.123887748117728,-8.425056946915603
MESA,67.0,0,0,0,1,26.30424448288064,1.6271186441,censor,7.41409993155373,-4.239187048034303
MESA,85.0,1,0,1,0,37.263882991787256,67.924528302,death,5.812457221081451,-2.965109213408496
MESA,63.0,0,0,0,1,26.74756970736804,4.4906444906,censor,6.841889117043121,-6.541597464932401
MESA,56.0,0,1,0,0,20.97346739539449,0.8294930876,censor,7.589322381930184,-5.139921743803299
MESA,71.0,0,0,1,0,45.36690212401963,53.484162896,censor,6.401095140314853,-3.0583494772836985
MESA,68.0,0,0,0,1,23.35316866416829,11.374407583,censor,7.835728952772074,-8.896889155795101
MESA,60.0,1,0,0,1,41.4488374398145,73.79501385,censor,7.436002737850787,-1.9112673124634008
MESA,66.0,0,1,0,0,24.313806768843737,2.3799582463,censor,6.343600273785079,-4.763706528830902
MESA,77.0,1,0,0,1,28.04997025580012,9.6774193548,censor,6.989733059548255,-7.140244668917404
MESA,67.0,0,0,0,1,22.923415746813085,2.8895184136,censor,7.592060232717317,-3.857024254803697
MESA,65.0,0,0,0,1,23.31440114468479,4.6261682243,censor,7.066392881587953,1.4511825428402003
MESA,77.0,1,1,0,0,21.04065314367477,25.552560647,censor,7.605749486652978,0.6938043653634054
MESA,71.0,1,0,0,1,29.90980272067272,3.4520547945,censor,5.916495550992471,-4.841947218133996
MESA,65.0,0,0,1,0,32.90578512396694,11.489361702,censor,6.5598904859685145,0.2096462991826939
MESA,66.0,1,0,1,0,25.54606401384084,5.9778597786,censor,6.940451745379876,8.838100248973305
MESA,75.0,0,1,0,0,19.17610393651255,0.9699769053,censor,7.356605065023956,-1.4833945045023995
MESA,68.0,1,0,1,0,32.2002209569134,48.701298701,censor,7.181382614647502,-8.6773167962332
MESA,64.0,0,0,1,0,45.60917443814429,4.5217391304,censor,6.5160848733744015,10.4873056111674
MESA,72.0,0,1,0,0,23.105464840287112,12.609699769,censor,5.965776865160849,-8.786798779113703
MESA,73.0,0,1,0,0,23.675518562557805,7.7419354839,censor,6.507871321013004,-3.533445464066503
MESA,67.0,1,0,1,0,26.17757653969384,9.6569920844,censor,6.9486652977412735,-7.328024190871098
MESA,75.0,0,0,0,1,29.257142857142856,13.273137698,censor,7.236139630390143,-4.763405448535195
MESA,68.0,1,0,0,1,28.246743959878724,1.935483871,dementia,2.4202600958247777,-1.0314918999544034
MESA,89.0,0,0,1,0,25.449449358944342,2.0749279539,censor,6.76249144421629,-7.8602708891382065
MESA,71.0,0,0,1,0,30.600189035916824,3.1979695431,censor,7.915126625598905,-6.208538505481002
MESA,60.0,0,0,1,0,24.017113308983465,0.3519061584,censor,6.9869952087611225,-1.0293374017896966
MESA,58.0,1,0,1,0,30.839669501468343,4.2990654206,censor,7.589322381930184,6.617404445306306
MESA,65.0,0,0,1,0,23.56574670713974,3.5795454545,censor,6.050650239561944,-2.869624082498099
MESA,87.0,0,0,0,1,21.51138544920772,4.8684210526,censor,6.30527036276523,-9.651758765247394
MESA,55.0,0,0,0,1,21.172839506172835,0.1652892562,censor,7.704312114989733,-2.0724461936042005
MESA,65.0,1,0,1,0,31.31378694703432,0.7079646018,censor,6.677618069815195,-4.143155307130797
MESA,61.0,0,0,1,0,32.4378034551545,0.7826086957,censor,6.354551676933607,-2.6858542646862986
MESA,67.0,0,0,0,1,35.92139051445541,25.945945946,censor,7.427789185489391,-0.3985404585846055
MESA,72.0,0,1,0,0,19.466326830702872,25.243128964,censor,7.08829568788501,-1.776497158799799
MESA,76.0,0,0,0,1,28.26167125826332,11.945080092,censor,7.698836413415469,-4.847572561357296
MESA,66.0,1,0,0,1,32.88496981208314,24.109589041,censor,6.130047912388775,-0.1226491543349936
MESA,73.0,1,0,0,1,26.03294717823361,1.843575419,censor,5.861738535249829,-5.7922090806966935
MESA,74.0,1,1,0,0,25.324958677685952,3.10626703,censor,7.304585900068446,-1.776544708956095
MESA,63.0,1,0,0,1,29.16356679774684,47.404063205,censor,6.806297056810404,-7.350348851046903
MESA,80.0,0,0,1,0,30.667623156218983,20.371352785,censor,7.101984941820671,-21.279963637951298
MESA,73.0,0,0,1,0,35.08302983728157,1.7880794702,censor,6.362765229295003,-9.8570642294562
MESA,75.0,1,0,0,1,35.086991684465914,58.095238095,death,2.26694045174538,0.1159009427291977
MESA,62.0,1,0,0,1,26.290779907886325,1.2735849057,censor,6.622861054072553,-0.7663342568002989
MESA,58.0,0,0,0,1,32.983379501385045,5.6756756757,censor,6.444900752908967,0.6088854607232008
MESA,57.0,1,1,0,0,23.612719982178653,4.7404063205,censor,6.275154004106776,-5.288753510506602
MESA,77.0,1,0,0,1,33.57089601333276,12.138728324,death,2.351813826146475,-4.538914357684803
MESA,61.0,1,1,0,0,25.934282222277652,11.837837838,censor,7.082819986310746,0.7382561682639022
MESA,74.0,1,0,0,1,31.07721411381569,1.0465116279,censor,6.469541409993155,-3.2926482401412045
MESA,71.0,1,0,1,0,28.56886861267703,16.643835616,censor,7.408624229979466,0.5512182720285068
MESA,66.0,0,0,0,1,37.20152624884874,44.091858038,censor,7.611225188227242,-10.4640031700608
MESA,65.0,1,0,1,0,28.940374238234583,10.106951872,censor,6.841889117043121,-3.467828038564697
MESA,64.0,1,0,0,1,24.33585529320898,9.1237113402,censor,6.50239561943874,-9.884191108902698
MESA,58.0,1,1,0,0,28.49063636140454,22.105263158,censor,5.8699520876112254,1.7495620788532025
MESA,72.0,0,0,0,1,22.7603305785124,3.1384615385,censor,3.9370294318959616,-11.5411073315885
MESA,82.0,0,0,0,1,25.350837483023994,2.3684210526,censor,6.666666666666667,-4.779725757405004
MESA,92.0,1,0,1,0,27.596462028514416,16.737588652,death,0.9253935660506504,-10.787547456409
MESA,56.0,1,0,1,0,30.32401754690501,9.724137931,censor,7.104722792607803,-5.827831900182801
MESA,69.0,0,0,1,0,25.052874203720823,0.0,censor,6.8583162217659135,-8.166309607176501
MESA,57.0,0,0,0,1,33.51790542005811,4.5398773006,censor,6.622861054072553,-5.130005501214498
MESA,65.0,0,0,0,1,23.467666834143525,3.5190615836,censor,5.618069815195072,-3.7629367490440018
MESA,61.0,0,0,1,0,46.19718731410571,14.482758621,censor,6.439425051334703,4.0824323840462
MESA,57.0,1,0,0,1,31.508163966751088,19.432624113,censor,6.688569472963724,-3.9838372736995
MESA,60.0,0,1,0,0,27.05669020805498,6.3157894737,censor,6.422997946611909,-1.633137782323999
MESA,62.0,0,0,1,0,29.266609038501,0.0,censor,7.197809719370294,-1.494558413821899
MESA,66.0,0,0,0,1,23.10428167109337,16.592592593,censor,7.526351813826146,-0.8143706063613934
MESA,78.0,1,0,0,1,23.96399523903987,1.6071428571,censor,7.5044490075290895,0.4664098481695049
MESA,77.0,0,0,1,0,29.88670765581599,2.9752066116,dementia,4.4435318275154,0.2456053097282051
MESA,75.0,0,0,1,0,23.35797144556812,12.947368421,censor,2.861054072553046,2.456938943800296
MESA,81.0,0,0,0,1,24.828019914403004,0.6617647059,censor,6.893908281998631,1.3476453072361068
MESA,87.0,0,0,0,1,23.40335644775946,2.0895522388,censor,5.790554414784395,-3.8175105075594047
MESA,62.0,0,1,0,0,20.90319109363376,9.5652173913,censor,6.688569472963724,-12.098992644157905
MESA,67.0,0,0,0,1,28.03247492241963,5.652173913,censor,7.394934976043806,-4.723372029621899
MESA,88.0,0,0,0,1,25.45821907923221,6.7012987013,censor,4.971937029431896,-15.298131463375398
MESA,62.0,1,0,0,1,22.467849930917208,0.8553971487,censor,7.230663928815879,-1.0448616643806972
MESA,65.0,1,0,1,0,24.998654038394097,6.8899521531,censor,7.219712525667351,1.342195582010504
MESA,64.0,1,0,1,0,27.715786087011757,46.40625,censor,6.433949349760438,1.8507048775282016
MESA,75.0,0,0,1,0,40.87919753464516,1.9444444444,censor,7.12662559890486,-6.627061372254801
MESA,67.0,0,0,0,1,31.88148788927336,21.768707483,censor,7.145790554414784,-0.2527146241117037
MESA,67.0,0,0,1,0,31.330608370737515,7.3426573427,censor,7.049965776865161,-4.074413444756502
MESA,58.0,0,0,1,0,24.32201361102561,0.0,censor,6.937713894592744,1.0301320011719994
MESA,63.0,0,0,0,1,49.751635930993466,17.868852459,censor,7.712525667351129,3.9884326469765057
MESA,60.0,1,0,1,0,33.956968304358185,6.4547677262,censor,5.867214236824093,-5.489614037972601
MESA,69.0,0,0,1,0,40.852088729007534,4.204851752,censor,6.321697467488022,-0.1394166797025064
MESA,60.0,1,0,0,1,28.30036538405244,0.0,censor,7.515400410677618,6.547059484378593
MESA,74.0,1,0,0,1,33.49478470440154,5.4661016949,censor,3.917864476386037,-3.787254117006796
MESA,71.0,0,0,1,0,36.155063043308,19.35483871,censor,6.781656399726215,-3.521289108185101
MESA,83.0,0,0,1,0,18.723749112426034,10.105263158,censor,4.678986995208761,-4.383633326330596
MESA,59.0,0,1,0,0,19.02696279147092,1.0023866348,censor,7.271731690622861,-0.5561925985438023
MESA,62.0,0,0,1,0,33.429647603772594,20.959692898,censor,6.976043805612594,-6.1615951197968
MESA,86.0,1,0,0,1,25.60343921513532,17.307692308,death,6.587268993839836,-7.370551847433703
MESA,70.0,1,1,0,0,29.110925864831746,16.875,censor,6.72416153319644,-1.237571990257905
MESA,59.0,1,0,0,1,27.616430073575195,9.0604026846,censor,6.47501711156742,-3.4757016544498995
MESA,64.0,0,0,0,1,26.35305858765872,2.2368421053,censor,7.066392881587953,0.643813688434193
MESA,55.0,0,0,1,0,29.83092611862643,0.3438395415,censor,6.346338124572211,-6.0975026857679
MESA,64.0,0,0,0,1,45.91260339886321,20.402684564,censor,6.743326488706366,-7.761490992424903
MESA,75.0,1,0,1,0,27.798816568047336,20.966542751,censor,6.401095140314853,-1.772997226426
MESA,61.0,0,0,0,1,29.274991417246653,4.4015444015,censor,6.893908281998631,4.250934252578205
MESA,74.0,0,1,0,0,23.9207310668394,0.4444444444,dementia,5.916495550992471,-1.8092856816161031
MESA,80.0,0,0,0,1,32.208178400498575,2.3931623932,censor,7.195071868583162,-4.810117923170907
MESA,60.0,1,1,0,0,25.762301473304067,3.6997319035,censor,6.877481177275839,1.8836800007808
MESA,63.0,0,0,0,1,21.96938571108989,1.68,censor,7.19233401779603,-12.4565470829289
MESA,54.0,0,0,0,1,33.40010099734882,22.008733624,censor,5.2265571526351815,-1.1627348045972994
MESA,62.0,0,0,1,0,27.49428738441918,53.265306122,censor,6.776180698151951,-6.7113601745965
MESA,73.0,0,0,1,0,31.462533455589487,26.75900277,censor,6.398357289527721,-8.517515929212706
MESA,68.0,1,0,0,1,25.478694750092007,1.023890785,censor,6.250513347022587,-3.861784996739303
MESA,79.0,0,0,1,0,24.89651387138316,6.1403508772,censor,6.757015742642026,-4.148138266214701
MESA,81.0,0,0,0,1,37.0944,8.8944723618,censor,7.145790554414784,-0.2736296784081986
MESA,66.0,1,0,0,1,31.32857947082005,9.8936170213,censor,7.356605065023956,-8.526378265131903
MESA,84.0,1,0,0,1,24.080141396288344,9.5424836601,censor,7.110198494182067,-14.1243976844072
MESA,63.0,0,0,1,0,33.20371935756551,1.9402985075,censor,7.537303216974675,0.0603153940319032
MESA,63.0,0,1,0,0,21.70255661066472,12.606382979,censor,6.028747433264887,-8.108444694445403
MESA,63.0,1,1,0,0,25.233118467989232,0.9979209979,censor,6.934976043805612,-9.596875561185698
MESA,71.0,0,0,0,1,28.1450712203302,10.495626822,censor,6.3901437371663246,-4.926621210754007
MESA,63.0,1,1,0,0,28.023865510062645,22.460732984,censor,7.214236824093087,-2.288712586695901
MESA,76.0,1,0,1,0,25.29232683781276,3.5467980296,censor,7.08829568788501,-0.7528709143364978
MESA,72.0,1,0,0,1,31.916681614373683,45.405405405,death,4.815879534565366,1.7438116205862002
MESA,72.0,0,0,1,0,34.237866679265174,1.3418530351,censor,7.340177960301164,-2.804903041192702
MESA,66.0,1,0,0,1,30.14787135339951,16.710875332,censor,7.433264887063655,-2.5127570877926004
MESA,78.0,1,0,0,1,21.085387046106263,4.05,censor,6.3025325119780975,-9.433856536173096
MESA,66.0,1,0,0,1,25.232334179376014,0.5797101449,censor,7.441478439425051,6.0280759516817
MESA,91.0,0,0,1,0,37.35359244799255,7.2,censor,5.582477754962355,-3.356627554207904
MESA,72.0,0,0,0,1,28.0183944880628,1.6981132075,censor,6.075290896646133,-10.264588497268598
MESA,76.0,0,0,0,1,29.57385903321631,1.875,censor,6.182067077344285,-10.5753677465286
MESA,87.0,0,0,0,1,24.575587207739854,6.3043478261,censor,7.857631759069131,-12.7387641543245
MESA,64.0,1,0,1,0,31.31232446082094,22.900763359,censor,6.8172484599589325,-3.5718345534840026
MESA,56.0,1,0,0,1,27.51417044132571,1.1506849315,censor,7.665982203969883,5.104383378366997
MESA,92.0,0,0,1,0,19.353565442091664,0.3578528827,dementia,5.281314168377824,-9.335670719156298
MESA,59.0,1,0,1,0,26.02780743899104,10.588235294,censor,7.797399041752224,6.623175288096604
MESA,68.0,1,0,0,1,30.35712437244448,6.8181818182,censor,7.436002737850787,1.4247431997186055
MESA,70.0,0,0,0,1,37.65783574900415,56.5,dementia,5.993155373032169,7.774403062037095
MESA,89.0,0,0,0,1,25.097160463569207,0.2948402948,censor,7.912388774811773,-12.109161734145005
MESA,60.0,0,1,0,0,19.790567450908764,0.1276595745,censor,7.274469541409993,-5.4780949270287
MESA,58.0,1,0,0,1,27.354586439967523,23.81443299,censor,7.203285420944559,-2.9574140135866003
MESA,73.0,0,0,1,0,39.17215863105561,31.853281853,censor,6.729637234770705,-12.446183366479405
MESA,66.0,1,0,1,0,24.468830795748342,3.1168831169,censor,7.446954140999315,0.4230031599039989
MESA,69.0,1,0,1,0,23.681711557944887,33.165829146,censor,5.382614647501711,-10.903692382679305
MESA,69.0,0,1,0,0,24.54356839869612,7.5,censor,6.622861054072553,-9.838013779087
MESA,59.0,1,0,1,0,27.61590300618903,7.7358490566,censor,6.661190965092403,7.656401750062301
MESA,70.0,1,0,0,1,28.903579258323436,7.2611464968,censor,7.20602327173169,-10.948328542616402
MESA,58.0,0,0,1,0,27.8497313482649,1.775147929,death,5.639972621492129,-2.2167084353433
MESA,88.0,0,0,1,0,28.131485854310537,13.739130435,censor,6.1273100616016425,-8.794891334495404
MESA,75.0,0,0,1,0,25.559156670787534,2.8265524625,censor,6.669404517453799,1.8764208254363977
MESA,71.0,0,0,0,1,18.887146692757195,0.1459854015,censor,6.083504449007529,-7.476190936511699
MESA,70.0,0,0,1,0,33.77355767940078,6.0504201681,censor,6.1711156741957565,-6.603601014612998
MESA,73.0,0,0,1,0,30.25785123966942,7.5949367089,censor,7.085557837097878,-1.334993139704693
MESA,65.0,0,1,0,0,25.48096885813149,4.6451612903,censor,6.398357289527721,-4.404073387530097
MESA,62.0,0,0,1,0,31.41563184806428,6.0784313725,censor,6.976043805612594,3.053842409027993
MESA,89.0,1,0,1,0,19.629179124273826,24.033149171,death,4.848733744010952,-14.244559548988905
MESA,82.0,1,0,1,0,37.27349888604747,6.1764705882,death,6.483230663928816,-4.794712323334707
MESA,56.0,0,0,1,0,33.62063853822518,0.0,censor,5.158110882956879,2.388254283837199
MESA,63.0,0,1,0,0,26.733435796934145,33.529411765,censor,6.650239561943874,-10.0550024876475
MESA,65.0,1,0,1,0,33.45048270591994,63.197492163,censor,7.436002737850787,1.8944719675506008
MESA,64.0,0,0,1,0,36.41239364101852,22.222222222,death,4.8350444900752905,-1.7394765041897031
MESA,82.0,0,0,1,0,28.928571428571427,8.3397683398,dementia,6.365503080082136,-8.802117596080905
MESA,55.0,1,1,0,0,26.85440261197837,15.227272727,censor,7.663244353182751,7.048127347612301
MESA,77.0,1,0,1,0,24.367027408510623,20.294117647,dementia,5.180013689253936,-4.2772549869146985
MESA,67.0,1,0,0,1,23.291177179947688,2.9189189189,death,4.544832306639288,-3.3744892716758983
MESA,89.0,0,0,0,1,24.67404806913313,0.0,dementia,5.965776865160849,-12.629770097644794
MESA,63.0,1,0,0,1,33.65875697623583,8.4246575342,censor,7.216974674880219,2.8504150921474007
MESA,80.0,1,0,1,0,25.13831934279351,3.282674772,dementia,0.0136892539356605,-7.769686587647499
MESA,74.0,0,0,1,0,32.8686647060295,8.2294264339,censor,7.545516769336071,-4.6039093701838
MESA,66.0,0,0,0,1,33.4268241553297,6.1417322835,censor,7.38672142368241,-4.271493709172297
MESA,61.0,0,0,0,1,22.07814658139452,2.8954423592,censor,6.297056810403833,-6.909486983293803
MESA,66.0,1,0,1,0,23.278792271024507,1.6417910448,censor,6.477754962354552,0.1264460028028935
MESA,59.0,0,0,0,1,24.826227354824585,3.5097493036,censor,6.915811088295688,3.6814271936723983
MESA,61.0,0,0,0,1,43.63148875739645,60.21978022,censor,5.963039014373717,0.0054116499855965
MESA,77.0,1,0,1,0,28.310167365593426,5.4227405248,dementia,6.206707734428473,-7.913724342849207
MESA,80.0,1,0,1,0,38.14248484357155,12.280701754,censor,7.545516769336071,-9.098497853583195
MESA,60.0,0,0,0,1,30.806834469687505,1.3043478261,censor,7.838466803559206,-13.368741050419104
MESA,71.0,1,0,0,1,25.24616546451681,5.6090651558,censor,6.93223819301848,-0.5607953603905997
MESA,55.0,0,0,0,1,30.603085652735583,1.775147929,censor,7.15400410677618,3.595447359813299
MESA,65.0,0,0,1,0,26.990966835838996,5.25,censor,6.8583162217659135,-12.365888570703
MESA,62.0,1,0,0,1,30.093600726186875,23.91198044,censor,6.830937713894593,-1.8821027292758004
MESA,67.0,0,0,1,0,29.45599433214628,19.161290323,censor,6.874743326488707,-4.5082465045532985
MESA,59.0,0,0,0,1,22.6127100073046,0.1612903226,censor,7.268993839835729,-0.9577367731503016
MESA,67.0,1,0,0,1,25.71387755749909,16.075471698,censor,6.611909650924025,-1.220156191101296
MESA,79.0,0,0,1,0,21.691358024691358,3.4239130435,censor,7.624914442162902,-4.817509576182701
MESA,80.0,0,0,1,0,26.124321787750617,4.1428571429,censor,6.967830253251198,-0.2835009720235035
MESA,68.0,0,1,0,0,22.477946338634357,4.0490797546,censor,6.524298425735798,0.9042162817763996
MESA,59.0,1,0,1,0,25.94462777439829,27.494356659,censor,6.765229295003422,3.167519708433701
MESA,83.0,0,0,0,1,23.5595567867036,10.41322314,censor,7.397672826830938,-3.597727121079302
MESA,65.0,1,0,1,0,31.53336628769155,54.761904762,censor,6.893908281998631,-4.818937884218002
MESA,77.0,0,1,0,0,25.163236507168232,1.8571428571,censor,7.030800821355236,-2.717263642715196
MESA,74.0,1,0,0,1,25.859489624439,5.023923445,death,1.3415468856947297,-7.147440274728695
MESA,73.0,0,0,1,0,22.743114005555093,1.7733990148,censor,6.740588637919234,-20.8967260451642
MESA,81.0,0,0,0,1,24.86634970227218,5.150812065,dementia,4.616016427104722,-8.345394628176294
MESA,69.0,0,0,1,0,27.998946140238623,10.966057441,censor,7.603011635865846,-25.622123789197097
MESA,58.0,1,0,1,0,30.38871602039392,0.3560830861,death,5.689253935660506,3.7328698965542975
MESA,67.0,1,1,0,0,24.123292032083896,8.1440443213,censor,6.138261464750171,-0.4697803653653949
MESA,76.0,0,0,1,0,38.2032,7.4430379747,censor,7.299110198494182,-12.130335055827205
MESA,61.0,0,0,1,0,40.44444444444444,0.974025974,censor,7.62217659137577,-10.1937273333764
MESA,85.0,1,0,0,1,28.6519334578714,17.358490566,death,3.759069130732375,-4.4255081163120025
MESA,88.0,1,0,0,1,23.932226744130634,15.128205128,censor,0.1861738535249829,-7.573655824195299
MESA,63.0,1,0,1,0,32.02371862766073,33.414634146,censor,6.255989048596852,-0.1167092455771978
MESA,69.0,0,0,1,0,32.57387719377851,0.1657458564,censor,6.485968514715948,-7.995604129440402
MESA,65.0,1,0,0,1,26.27054664815049,2.34375,censor,7.0746064339493495,-3.656257082247002
MESA,58.0,0,0,0,1,28.99854109878296,29.048991354,censor,7.5482546201232035,6.646735127669601
MESA,63.0,1,1,0,0,25.948961698291832,12.590163934,censor,6.992470910335387,-0.6294102538942994
MESA,83.0,0,0,0,1,21.869543974497827,0.1488833747,censor,6.55441478439425,-8.9462956970889
MESA,67.0,1,1,0,0,20.1619905206276,1.0975609756,censor,6.343600273785079,-0.8999791291224
MESA,64.0,1,0,1,0,30.131146121883653,1.7142857143,death,6.417522245037645,-5.2098142058042
MESA,74.0,0,1,0,0,18.970828497383472,4.1317365269,death,0.3066392881587953,-4.0065398654132025
MESA,60.0,0,1,0,0,22.025647812634052,2.0,censor,6.362765229295003,3.5086793278765
MESA,64.0,0,1,0,0,31.54199297866594,74.594594595,death,3.761806981519507,-3.222972652247897
MESA,76.0,0,0,0,1,21.699162840939778,6.6246056782,censor,7.603011635865846,-6.469717498380803
MESA,80.0,1,0,0,1,26.58196847491942,15.373134328,death,1.566050650239562,-6.389829119358694
MESA,76.0,1,0,0,1,38.69497552819488,46.666666667,censor,7.236139630390143,-0.3017287811000955
MESA,59.0,0,0,0,1,20.36655241544332,0.1578947368,censor,7.578370978781656,-6.881276942225199
MESA,60.0,0,0,0,1,39.4434653666344,11.0,censor,7.550992470910335,0.0560150373674019
MESA,82.0,1,0,0,1,27.642515373933744,65.063291139,death,3.0937713894592744,-13.521135669269498
MESA,65.0,1,1,0,0,30.03571408228479,33.782991202,censor,6.494182067077344,0.3652636682819974
MESA,58.0,1,0,1,0,31.771834476567765,16.68161435,censor,5.749486652977413,-0.0513463635125006
MESA,77.0,0,0,1,0,42.63657569663889,5.8536585366,censor,6.450376454483231,2.050905989155595
MESA,58.0,0,0,0,1,39.632659131469374,15.546558704,censor,6.242299794661191,8.199148147127204
MESA,71.0,0,0,1,0,27.58372370188205,18.253968254,censor,7.203285420944559,-4.348220809412794
MESA,78.0,0,1,0,0,24.7968,12.430939227,censor,6.261464750171116,0.4783316681600951
MESA,70.0,0,1,0,0,22.674003569303988,2.7571115974,censor,6.439425051334703,-5.4018843310553
MESA,74.0,0,0,0,1,37.05684905961959,6.6666666667,censor,7.7180013689253935,-2.5506295316316
MESA,74.0,1,1,0,0,23.68754645206441,56.496350365,censor,7.315537303216975,-21.695181070347203
MESA,58.0,0,0,0,1,23.303571428571438,0.6198347107,censor,6.548939082819986,0.7556322006516965
MESA,82.0,0,0,0,1,31.716562499999995,4.7318611987,censor,7.600273785078714,-15.738931430483206
MESA,83.0,0,0,0,1,26.561022172865997,27.04,censor,7.200547570157426,-2.710156299438097
MESA,73.0,1,1,0,0,26.44982698961938,19.234449761,censor,6.283367556468172,-4.189796243846999
MESA,61.0,1,0,0,1,27.93439425892181,24.611260054,death,6.631074606433949,-3.5088162817215007
MESA,74.0,0,0,1,0,39.52267919251318,26.470588235,death,2.4202600958247777,5.973317378502401
MESA,57.0,0,0,1,0,30.14769477459913,2.390438247,censor,6.047912388774812,-4.544108692640201
MESA,90.0,1,0,0,1,24.587357465505548,19.191919192,death,4.525667351129363,-4.194825638873297
MESA,69.0,0,0,1,0,31.9753086419753,9.5705521472,censor,7.34839151266256,-0.5298448533009008
MESA,70.0,1,0,0,1,23.111424866291696,11.457905544,death,4.399726214921286,3.957784173912799
MESA,55.0,1,0,0,1,30.699211945887463,40.384615385,censor,6.647501711156742,-1.7550564298487004
MESA,65.0,1,0,0,1,38.380778950498,26.290322581,censor,6.245037645448323,4.004626008417006
MESA,86.0,1,0,0,1,21.744120665560317,71.696750903,death,5.95482546201232,-12.268530307103802
MESA,58.0,1,0,0,1,33.926553394718994,0.640569395,censor,5.73305954825462,0.3296987083787002
MESA,63.0,0,0,1,0,43.24101103595585,74.860681115,censor,6.765229295003422,-15.4973544319867
MESA,71.0,0,0,0,1,28.55222790357925,4.8186528497,censor,7.51813826146475,-11.916670811663998
MESA,60.0,0,0,1,0,23.17901750179342,0.1425178147,censor,7.931553730321697,-12.903602228474703
MESA,77.0,0,0,0,1,21.013131101245328,8.275862069,censor,7.641341546885695,-11.519447705291595
MESA,81.0,1,1,0,0,21.7877672488057,40.256410256,dementia,4.257357973990418,-5.922715425846803
MESA,68.0,1,0,0,1,27.17323751334886,2.875,censor,8.068446269678303,-10.867842652879196
MESA,62.0,1,0,0,1,30.349763872491145,0.6569343066,censor,7.564681724845996,7.8659985142865025
MESA,63.0,0,0,0,1,25.21108474169611,10.78817734,censor,7.537303216974675,0.4144377074035006
MESA,71.0,0,0,0,1,32.72889232069915,32.790697674,censor,7.507186858316222,-6.533955293391799
MESA,85.0,0,0,0,1,20.00303362897014,4.4025157233,censor,6.934976043805612,-15.725545686213296
MESA,74.0,1,0,1,0,29.89859383450514,15.9375,censor,6.510609171800137,-10.604668525574604
MESA,72.0,1,0,0,1,28.070648134383827,14.323607427,dementia,4.468172484599589,-3.0184382122658064
MESA,63.0,0,0,0,1,29.074285714285715,3.8338658147,censor,8.046543463381246,-0.8559616959466965
MESA,55.0,0,0,1,0,28.70437499999999,3.9301310044,censor,2.8747433264887063,-2.718084741998503
MESA,65.0,0,0,1,0,43.312157016752565,6.8271334792,censor,7.0718685831622174,-6.4090229033713015
MESA,77.0,0,0,1,0,24.32351781786833,25.230125523,dementia,4.153319644079398,0.5559276486696945
MrOS,69.0,1,0,0,1,28.951937351764943,5.654450261780105,censor,10.706849315068494,-4.093794700797602
MrOS,76.0,1,0,0,1,24.767527489806128,10.082644628099173,censor,10.375342465753423,-8.142957970275702
MrOS,77.0,1,0,0,1,24.77589765188402,3.6627906976744176,censor,10.213698630136989,-6.473560395846107
MrOS,72.0,1,0,0,1,26.80451626389607,0.6857142857142857,death,8.438356164383562,-0.9789479951797944
MrOS,79.0,1,0,0,1,26.913769584530343,4.137931034482759,censor,9.876712328767123,-2.0412385071390986
MrOS,72.0,1,0,0,1,29.188003426549983,6.434316353887399,censor,11.583561643835615,-2.314207215353605
MrOS,71.0,1,0,0,1,35.17157386159937,23.23699421965318,censor,10.33972602739726,-13.143773592885305
MrOS,71.0,1,0,0,1,23.605534458690737,18.53546910755149,dementia,1.1424657534246576,-3.048810819971493
MrOS,72.0,1,0,0,1,28.83893248666945,2.962962962962963,censor,10.542465753424658,-1.7734209202073998
MrOS,72.0,1,0,0,1,27.026744574910825,11.176470588235292,censor,10.468493150684932,-7.865082038107701
MrOS,69.0,1,0,0,1,31.832525312703645,0.5187319884726225,censor,10.835616438356164,0.4941533650510052
MrOS,70.0,1,0,0,1,24.822520386409533,5.533980582524272,censor,10.506849315068491,-8.7427364374158
MrOS,72.0,1,0,0,1,37.31667157646663,2.363013698630137,censor,9.8,1.7687887411523064
MrOS,74.0,1,0,0,1,23.865559289624485,26.4,censor,10.41095890410959,-10.337022072731102
MrOS,69.0,1,0,0,1,27.41069028761688,0.5389221556886228,censor,10.438356164383562,-2.2888628801513
MrOS,77.0,1,0,0,1,32.14821244457304,6.355140186915888,death,9.564383561643837,-1.2196021543282
MrOS,72.0,1,0,0,1,25.4603802186441,1.2396694214876034,censor,9.797260273972602,-9.574949124793598
MrOS,79.0,1,0,0,1,28.43815919605514,1.2244897959183674,censor,10.106849315068493,-4.359428171865403
MrOS,83.0,1,0,0,1,24.24744612462008,10.21671826625387,censor,10.35890410958904,-0.4326860215174974
MrOS,73.0,1,0,0,1,28.439070965532515,3.120567375886525,censor,9.602739726027398,-2.0822507374414982
MrOS,70.0,1,0,0,1,24.244368024156515,0.594059405940594,death,7.331506849315068,-1.151066008837006
MrOS,73.0,1,0,0,1,26.82358300944423,10.114942528735632,censor,10.273972602739724,2.080904685860105
MrOS,78.0,1,0,0,1,37.20822795509628,26.233766233766232,death,4.567123287671233,0.0704202974816041
MrOS,71.0,1,0,0,1,24.810792761368067,0.1342281879194631,dementia,2.98082191780822,-3.566025731596497
MrOS,77.0,1,0,0,1,29.760713939686934,13.780918727915196,dementia,0.8493150684931506,-2.1731827371469024
MrOS,72.0,1,0,0,1,33.92405267959975,43.7883008356546,death,6.50958904109589,-6.296057585589097
MrOS,82.0,1,0,0,1,25.525995862067628,9.722814498933902,censor,10.473972602739726,-5.907319908708203
MrOS,76.0,1,0,0,1,32.34238683127572,26.775244299674267,dementia,0.0,1.7663873536690031
MrOS,71.0,1,0,0,1,23.86399956024409,16.022727272727273,death,9.383561643835616,-6.668290444644597
MrOS,74.0,1,0,0,1,32.83594993093994,54.72868217054263,censor,12.03835616438356,4.297732053406605
MrOS,71.0,1,0,0,1,22.36164931506447,2.6341463414634148,censor,9.898630136986302,-0.6258339291072019
MrOS,71.0,1,0,0,1,26.954934187400163,10.53864168618267,censor,10.01095890410959,-8.107874064001898
MrOS,73.0,1,0,0,1,25.21157705608856,1.3043478260869563,censor,10.37808219178082,-10.955667933328002
MrOS,73.0,1,0,0,1,26.96860723474104,9.657534246575343,censor,10.75890410958904,0.8203731615282948
MrOS,76.0,1,0,0,1,27.4299201673068,0.9375,dementia,7.18082191780822,-5.917920731225493
MrOS,73.0,1,0,1,0,30.11624955522376,0.6944444444444444,censor,9.95890410958904,7.519439422866299
MrOS,68.0,1,0,0,1,28.29328961501498,5.853658536585366,censor,10.41917808219178,5.020668095418998
MrOS,72.0,1,0,0,1,22.114582336193727,19.928571428571427,censor,10.542465753424658,-5.900976131766797
MrOS,71.0,1,0,0,1,24.72525292600675,1.256544502617801,censor,10.62191780821918,-1.5670382511383991
MrOS,74.0,1,0,0,1,23.236647097052938,11.396648044692736,censor,10.838356164383562,-2.7367110661351006
MrOS,71.0,1,0,0,1,25.754236421658312,0.1834862385321101,censor,10.183561643835615,-7.2015039482258985
MrOS,70.0,1,0,0,1,24.99593035008987,6.569343065693431,censor,10.36986301369863,-0.321341452937304
MrOS,70.0,1,0,0,1,23.50785918693713,7.605633802816901,censor,10.490410958904109,-0.1674135841445974
MrOS,70.0,1,0,0,1,30.631608515332964,5.958904109589041,death,3.1671232876712327,0.1435593723982009
MrOS,76.0,1,0,0,1,24.77518017927444,3.3249370277078087,dementia,3.252054794520548,2.9335725192117934
MrOS,73.0,1,0,0,1,27.593514420370635,5.04424778761062,death,3.5424657534246577,-5.490784829394599
MrOS,73.0,1,0,0,1,26.21032757937325,2.17687074829932,death,11.75068493150685,6.616179939457297
MrOS,72.0,1,0,0,1,36.21300241915161,23.846153846153847,censor,10.304109589041095,-9.8622287221719
MrOS,71.0,1,0,0,1,33.228969754253306,10.749185667752442,censor,10.26027397260274,-6.091130859695895
MrOS,71.0,1,0,0,1,20.44059578027874,2.097902097902098,censor,10.2,-1.1153388199553973
MrOS,74.0,1,0,0,1,31.2503301391202,3.769633507853403,censor,10.506849315068491,-4.985824248600494
MrOS,69.0,1,0,0,1,31.798727826319663,4.416243654822335,censor,10.646575342465754,-2.8377043049710977
MrOS,77.0,1,0,0,1,38.1061797417311,5.528455284552845,censor,10.857534246575344,-2.680192272694896
MrOS,69.0,1,0,0,1,30.67794470395152,11.872340425531917,censor,10.213698630136989,3.064101042460805
MrOS,71.0,1,0,0,1,29.69121140142517,9.742268041237113,censor,10.854794520547944,5.998650735809505
MrOS,71.0,1,0,0,1,24.528511457556068,11.22905027932961,censor,10.605479452054794,-1.4070854144212035
MrOS,77.0,1,0,0,1,27.373644422183133,20.643086816720256,censor,10.717808219178082,-3.7088296602901054
MrOS,69.0,1,0,0,1,29.236932817753,3.4482758620689653,death,5.791780821917809,-6.034181698502003
MrOS,73.0,1,0,0,1,27.39817568244846,3.9658848614072495,censor,9.75890410958904,-9.408096599888095
MrOS,72.0,1,0,1,0,24.48980093509865,21.96078431372549,dementia,6.712328767123288,-11.978493815793897
MrOS,76.0,1,0,1,0,36.4568436902406,10.882352941176473,death,2.9178082191780823,6.3165427630084
MrOS,74.0,1,0,0,1,24.24661351165981,1.7183770883054892,censor,10.126027397260271,-6.880266073443593
MrOS,71.0,1,0,0,1,28.419090740509493,0.949868073878628,censor,10.506849315068491,-1.9183159439906063
MrOS,73.0,1,0,0,1,23.79816783731928,3.6411609498680737,dementia,10.452054794520548,-15.2154983767363
MrOS,79.0,1,0,1,0,27.14158239143368,20.8130081300813,censor,6.347945205479452,-5.244105781029504
MrOS,70.0,1,0,1,0,39.83875753745809,37.326478149100254,death,8.501369863013698,6.473956784726696
MrOS,70.0,1,0,1,0,25.217521673259828,5.932584269662922,censor,10.145205479452056,-14.719378452819498
MrOS,72.0,1,0,0,1,26.81537028762765,14.594594594594597,dementia,10.473972602739726,4.750352752320296
MrOS,75.0,1,0,1,0,22.340349028165345,26.929133858267715,dementia,6.257534246575342,0.7073769854792005
MrOS,68.0,1,0,0,1,22.992429071711395,2.135922330097088,censor,10.561643835616438,-8.035172214325598
MrOS,76.0,1,0,0,1,26.675200436165348,1.752808988764045,death,8.2,-4.9807807983153936
MrOS,72.0,1,0,1,0,28.15384924199552,9.243243243243244,censor,0.0,1.395409111425394
MrOS,71.0,1,0,0,1,32.726590354663166,7.103274559193955,censor,9.695890410958905,0.0154180799526955
MrOS,73.0,1,0,0,1,25.16101160350372,3.918918918918919,dementia,3.213698630136986,2.1794294304376933
MrOS,70.0,1,0,1,0,29.40169055447187,7.5,censor,11.232876712328768,-3.080916295650198
MrOS,76.0,1,0,0,1,27.86748004062561,20.900473933649288,death,9.172602739726027,-6.959415659679294
MrOS,76.0,1,0,0,1,25.120721091417064,6.412213740458015,death,4.671232876712328,-12.4373964165176
MrOS,75.0,1,0,0,1,23.51851851851852,3.45,censor,9.947945205479453,-2.6024293185624003
MrOS,74.0,1,0,0,1,27.528613683127567,8.637532133676093,censor,10.197260273972605,-7.870264839112096
MrOS,75.0,1,0,0,1,27.99463314666017,3.804034582132565,censor,10.665753424657536,0.3058418538548011
MrOS,76.0,1,0,0,1,27.912681902262943,5.562913907284768,censor,10.66027397260274,-11.087696199699906
MrOS,71.0,1,0,0,1,28.713596393187306,9.72972972972973,censor,10.052054794520547,3.328847228019697
MrOS,72.0,1,0,0,1,28.91734480175696,2.727272727272727,censor,10.191780821917808,-6.811178913746204
MrOS,75.0,1,0,0,1,37.89911082049305,3.090909090909091,dementia,0.0,-0.2310400521005959
MrOS,71.0,1,0,0,1,29.376196950642328,58.328173374613,death,4.126027397260274,-8.491137840701597
MrOS,75.0,1,0,0,1,29.37067462590615,2.769230769230769,censor,10.723287671232876,3.2659237250291966
MrOS,69.0,1,0,0,1,25.788923564116235,10.296610169491526,dementia,2.8109589041095893,-0.6099473861323048
MrOS,76.0,1,0,0,1,21.56298695710291,3.1578947368421053,censor,10.271232876712329,-1.7220894075688022
MrOS,69.0,1,0,0,1,27.730440505402264,10.9375,death,5.4301369863013695,4.736730779481107
MrOS,74.0,1,0,0,1,25.2090594645293,3.6533957845433256,censor,11.158904109589042,-9.816163942416496
MrOS,75.0,1,0,0,1,29.420669455927065,6.0728744939271255,dementia,3.3232876712328765,2.461601054360002
MrOS,70.0,1,0,0,1,20.728188782129543,1.3881748071979434,censor,10.342465753424657,-2.607069645930494
MrOS,72.0,1,0,0,1,24.778707316702853,2.149253731343284,dementia,10.315068493150685,-6.418043963032403
MrOS,74.0,1,0,0,1,26.48775326039261,6.556291390728477,death,8.64109589041096,-9.001145181197103
MrOS,77.0,1,0,0,1,28.58576656514011,1.12,dementia,11.95890410958904,0.5655184078916022
MrOS,76.0,1,0,0,1,24.38217169601769,13.079019073569482,death,8.509589041095891,2.9127539127189976
MrOS,82.0,1,0,0,1,34.19249391886189,32.67515923566879,censor,6.920547945205479,-2.4498146398088068
MrOS,68.0,1,0,0,1,26.644927695889425,12.0,dementia,10.797260273972602,0.4572620250469015
MrOS,74.0,1,0,0,1,28.7686616461884,4.432717678100264,censor,10.156164383561643,-5.819057833681995
MrOS,69.0,1,0,0,1,27.05562903450436,3.0422535211267605,censor,10.956164383561644,-1.0547446728529053
MrOS,70.0,1,0,0,1,31.63181423148449,7.577319587628866,death,11.005479452054796,-5.304233642253706
MrOS,70.0,1,0,0,1,24.39744801512287,4.178272980501393,censor,10.835616438356164,0.9103540164803974
MrOS,70.0,1,0,0,1,36.26098853950154,35.04132231404959,censor,11.142465753424656,9.282711787291902
MrOS,76.0,1,0,0,1,26.5213903829912,9.00900900900901,censor,0.0,0.2737287705497948
MrOS,81.0,1,0,0,1,31.651759988872424,2.4523160762942777,censor,10.663013698630136,-2.330820382315906
MrOS,79.0,1,0,0,1,25.51540891491502,2.8662420382165603,death,11.547945205479452,-11.661691857434803
MrOS,73.0,1,0,0,1,28.82194735144161,16.186046511627907,censor,10.509589041095891,8.035349316674
MrOS,75.0,1,0,0,1,27.86606320612744,4.907063197026022,censor,10.30958904109589,-7.831080885217005
MrOS,77.0,1,0,0,1,21.725755695827715,2.1538461538461537,death,8.26849315068493,-1.2323245686124975
MrOS,69.0,1,0,0,1,24.985930252867323,2.0630372492836675,censor,10.512328767123288,-1.890680383866993
MrOS,71.0,1,0,0,1,26.766213345687152,6.065573770491803,censor,10.849315068493151,-9.431391369271305
MrOS,71.0,1,0,0,1,28.91843117366435,4.545454545454546,censor,10.2,0.0548236106147044
MrOS,70.0,1,0,0,1,28.35254682114556,0.0,death,8.983561643835616,-0.8107292224330962
MrOS,68.0,1,0,0,1,25.73986132176553,0.8910891089108911,dementia,1.1123287671232878,6.591264408524495
MrOS,71.0,1,0,0,0,22.78595624350216,2.3645320197044337,censor,10.47945205479452,-2.9972927947276986
MrOS,74.0,1,0,0,1,23.39693273759208,12.09486166007905,dementia,0.0,8.693967000130002
MrOS,70.0,1,0,0,1,25.440304813990608,4.225352112676056,censor,10.90958904109589,-0.4282747863787932
MrOS,72.0,1,0,0,1,28.8682070122534,12.96829971181556,censor,10.438356164383562,-3.915130963944805
MrOS,70.0,1,0,0,1,26.4653721188251,7.853403141361256,censor,10.219178082191782,0.2757122829500957
MrOS,68.0,1,0,0,1,26.796852265257908,12.2,dementia,11.994520547945204,1.6752929573459028
MrOS,69.0,1,0,0,1,23.12875935253557,2.739130434782609,dementia,2.7150684931506848,0.7190141549434941
MrOS,70.0,1,0,0,1,23.946784694510207,6.490765171503957,censor,10.128767123287671,4.211163442340606
MrOS,69.0,1,0,0,1,29.37096929338588,14.255874673629243,death,10.778082191780822,-2.4680976313764944
MrOS,68.0,1,0,1,0,26.13631943939488,9.560975609756095,censor,11.197260273972605,-1.2704261132180932
MrOS,84.0,1,0,0,1,27.09136064201272,20.552486187845304,death,5.813698630136987,-3.179908501009706
MrOS,69.0,1,0,1,0,34.66214159675819,7.5,censor,10.534246575342468,2.767966188287801
MrOS,85.0,1,0,0,1,27.4850320366934,19.77077363896848,death,10.054794520547944,-7.8613874346605
MrOS,72.0,1,0,1,0,26.36953299612462,19.30753564154786,death,3.4876712328767123,-2.866549655473605
MrOS,69.0,1,0,0,1,27.803851209934443,17.162790697674417,censor,6.8,-5.728458648895298
MrOS,74.0,1,0,0,1,24.71152513646525,9.025069637883009,censor,10.73972602739726,2.0545976285875014
MrOS,68.0,1,0,0,0,37.31921487603306,5.981308411214953,dementia,10.915068493150685,1.341870861637403
MrOS,69.0,1,0,0,1,28.801225994513025,13.174224343675418,censor,10.293150684931506,-2.0251286808609024
MrOS,73.0,1,0,0,1,32.81795548121035,8.5,dementia,3.052054794520548,3.0838995443897943
MrOS,72.0,1,0,0,1,29.962862397071124,0.4063205417607223,dementia,0.0,-10.5681331285355
MrOS,71.0,1,0,1,0,27.311556019534432,6.428571428571429,dementia,0.6958904109589041,-17.1166692439405
MrOS,76.0,1,0,0,1,23.34934376954084,14.600760456273765,censor,10.186301369863012,0.6213082160269039
MrOS,68.0,1,0,0,1,27.502448723009227,8.740157480314961,censor,10.643835616438356,4.676660144873793
MrOS,68.0,1,0,1,0,28.2461926572306,35.68345323741007,censor,0.0,-0.1642331848548934
MrOS,77.0,1,0,0,1,28.60690163712324,7.207207207207207,death,9.33972602739726,-8.011708581541797
MrOS,81.0,1,0,0,1,28.43692623628405,23.17365269461078,censor,11.232876712328768,-4.635784880008799
MrOS,71.0,1,0,0,0,33.58496408260583,21.951219512195124,censor,10.331506849315067,0.4259531335626008
MrOS,70.0,1,0,0,0,25.185185185185183,23.54609929078014,censor,10.73972602739726,-4.642741124660503
MrOS,72.0,1,0,0,1,28.25421320970553,43.2,censor,10.452054794520548,5.505233928950304
MrOS,68.0,1,0,0,1,22.770215890704872,8.32904884318766,censor,10.61917808219178,5.187303260160405
MrOS,77.0,1,0,0,1,38.77605802308319,4.295612009237876,dementia,3.295890410958904,1.168546720780995
MrOS,76.0,1,0,0,1,25.17595372990484,3.021582733812949,censor,10.843835616438357,3.804085979372104
MrOS,77.0,1,0,0,1,24.453254592251376,4.38287153652393,death,5.753424657534247,-1.118199569480396
MrOS,70.0,1,0,0,1,23.18643667296786,7.816901408450704,death,10.663013698630136,-6.003270920537197
MrOS,68.0,1,0,0,1,25.753946792345925,0.8801955990220048,censor,10.572602739726028,3.754928495734404
MrOS,69.0,1,0,0,1,25.37778655518323,37.2463768115942,censor,10.9013698630137,-4.2603207469286986
MrOS,69.0,1,0,0,1,34.14769309120757,12.569832402234637,censor,10.838356164383562,5.483924226840898
MrOS,69.0,1,0,1,0,27.23126764717324,1.17359413202934,censor,10.2986301369863,3.408229126100906
MrOS,70.0,1,0,0,1,34.5196159122085,16.78832116788321,death,4.564383561643836,-2.4510465312488066
MrOS,77.0,1,0,0,1,26.04654957748888,4.769230769230769,censor,10.336986301369864,-8.436189197504305
MrOS,78.0,1,0,0,1,30.339003081525487,6.7889908256880735,dementia,3.32054794520548,-5.306087782418899
MrOS,77.0,1,0,0,1,24.889770092664083,9.956331877729257,dementia,0.0,-0.1182823539894002
MrOS,69.0,1,0,0,1,26.439811014452,3.1578947368421053,censor,10.2986301369863,1.0987198958680011
MrOS,76.0,1,0,0,1,28.89943718346085,3.734439834024896,censor,11.008219178082191,-2.105347650897599
MrOS,76.0,1,0,0,1,33.91921908790302,10.762886597938143,dementia,10.663013698630136,-12.8501757213306
MrOS,92.0,1,0,0,1,23.97140030004149,5.212121212121212,death,2.8109589041095893,-8.594126666299601
MrOS,71.0,1,0,0,1,23.99431066308898,5.815602836879433,censor,10.435616438356163,-8.932346121385997
MrOS,71.0,1,0,0,1,33.6192622093659,4.175257731958763,censor,11.547945205479452,1.5677324145183036
MrOS,76.0,1,0,0,1,28.64979567347937,29.1588785046729,death,1.5917808219178082,1.0240987245666986
MrOS,70.0,1,0,0,1,26.60566928850012,27.314578005115088,censor,11.09041095890411,-3.357085596738898
MrOS,76.0,1,0,0,1,27.06895388033365,5.660377358490566,censor,10.8,-3.0117517924685018
MrOS,75.0,1,0,0,1,33.34998487289716,11.362126245847175,dementia,0.947945205479452,0.8991424128995931
MrOS,70.0,1,0,0,1,29.27224647948673,18.59649122807017,death,7.112328767123287,0.5019610326052941
MrOS,73.0,1,0,0,1,41.266613908964366,18.147138964577657,censor,10.745205479452055,-2.0254609288719934
MrOS,71.0,1,0,0,1,27.697337717194724,17.336343115124155,censor,10.605479452054794,-2.165165459318203
MrOS,69.0,1,0,0,1,33.7581337994079,0.4123711340206185,censor,10.934246575342463,-1.2148779390041966
MrOS,75.0,1,0,0,1,26.724343657670303,0.8021390374331551,censor,10.561643835616438,-1.2008129939050036
MrOS,73.0,1,0,0,1,23.59040404112314,27.58169934640523,censor,10.728767123287671,-3.602022151978403
MrOS,69.0,1,0,0,1,27.837101453121967,0.8403361344537815,censor,10.742465753424655,6.192290471020598
MrOS,76.0,1,0,0,1,30.067988126017426,7.193460490463215,censor,11.257534246575345,-5.583670300569096
MrOS,71.0,1,0,1,0,33.846771698915745,9.846827133479213,death,7.772602739726027,-1.666080193246103
MrOS,75.0,1,0,0,1,24.36751816191293,20.652818991097924,dementia,7.095890410958904,-6.027264617158295
MrOS,77.0,1,0,0,1,23.275407174154253,7.516198704103671,censor,11.61917808219178,-6.459718200360399
MrOS,76.0,1,0,0,1,27.95596577896644,0.8955223880597015,death,1.868493150684932,2.915194808980999
MrOS,77.0,1,0,1,0,23.07852553410788,1.4218009478672986,death,3.863013698630137,-1.0428498211538937
MrOS,69.0,1,0,0,1,33.36696712384748,2.147117296222664,dementia,11.158904109589042,-0.0404166577274054
MrOS,77.0,1,0,0,1,30.85331614450211,29.642857142857142,censor,10.991780821917809,-3.696178669519
MrOS,76.0,1,0,0,1,24.63495476126489,21.71945701357466,censor,11.126027397260271,3.679365878814593
MrOS,74.0,1,0,1,0,42.18389781086833,17.7491961414791,dementia,0.0,5.292708977678004
MrOS,72.0,1,0,0,1,25.260159755593044,8.018433179723502,death,6.747945205479452,-1.257153466049303
MrOS,80.0,1,0,0,1,21.20239350040948,6.509433962264151,dementia,3.643835616438356,-2.5264681733916063
MrOS,75.0,1,0,0,1,26.680286556298384,16.036866359447004,censor,11.282191780821918,-10.077722009058604
MrOS,70.0,1,0,1,0,27.29831576982375,1.1009174311926606,censor,11.224657534246576,0.8295554659294027
MrOS,73.0,1,0,0,1,25.6829019935766,1.793103448275862,censor,11.6986301369863,-5.316971093753494
MrOS,73.0,1,0,0,1,27.62977846413917,13.636363636363637,death,6.63013698630137,-10.7517355229051
MrOS,68.0,1,0,0,1,27.75791086628156,6.517571884984026,censor,11.065753424657537,1.9414560295356007
MrOS,68.0,1,0,0,1,33.46880122246367,14.444444444444445,dementia,7.421917808219178,0.6553012968415999
MrOS,72.0,1,0,0,1,29.075509173437315,5.328947368421052,censor,11.02191780821918,3.187510976356407
MrOS,73.0,1,0,0,1,29.50694121663071,0.728744939271255,censor,11.13972602739726,1.293480285216404
MrOS,80.0,1,0,0,1,29.573805845332405,29.805194805194805,death,6.868493150684931,0.7267873319793949
MrOS,70.0,1,0,0,1,22.2372256515775,5.092838196286472,censor,0.0,1.5843930754681992
MrOS,80.0,1,0,0,1,25.629354714470782,9.977220956719815,death,8.553424657534247,1.1751576691956984
MrOS,70.0,1,0,0,1,28.15796515434642,1.2173913043478262,censor,11.402739726027397,-6.0881463379827
MrOS,82.0,1,0,0,1,33.944635996958866,5.594855305466238,censor,10.736986301369862,0.8403945921585034
MrOS,68.0,1,0,1,0,36.99209137911321,11.030640668523676,censor,0.0,0.277973423700999
MrOS,77.0,1,0,0,1,27.459945256637702,9.68609865470852,death,4.498630136986302,-6.123841507945002
MrOS,72.0,1,0,1,0,31.064815222463874,20.55,censor,10.789041095890411,14.591345001280004
MrOS,79.0,1,0,0,1,24.81501352264425,7.582417582417582,death,5.13972602739726,-7.1952361743827
MrOS,74.0,1,0,0,1,26.02809451418,43.49442379182156,censor,10.86027397260274,-4.731514783947205
MrOS,78.0,1,0,0,1,33.40690359293124,60.73170731707317,censor,11.032876712328768,-7.924096934977399
MrOS,75.0,1,0,0,1,26.89929551212288,10.247191011235955,death,8.854794520547944,2.016962860327596
MrOS,83.0,1,0,0,1,30.636525877453906,6.524520255863539,dementia,10.893150684931507,-9.606568495255004
MrOS,69.0,1,0,0,1,34.900002639831094,25.628140703517587,censor,10.778082191780822,1.3269215527360956
MrOS,71.0,1,0,0,1,28.001339210233635,6.699029126213592,censor,10.547945205479452,-10.935920733120703
MrOS,81.0,1,0,0,1,26.720711717219302,17.71812080536913,death,9.153424657534249,-7.465310010504794
MrOS,83.0,1,0,0,1,28.700174147957284,2.76657060518732,censor,11.926027397260274,-1.4229095895202022
MrOS,82.0,1,0,0,1,28.393966282165035,46.75977653631285,dementia,3.8054794520547945,0.2106375525482064
MrOS,78.0,1,0,0,1,31.04307270233196,54.193548387096776,death,2.26027397260274,-5.043557052981299
MrOS,71.0,1,0,0,1,30.24349494827408,8.99135446685879,censor,4.446575342465754,-1.002586141537705
MrOS,71.0,1,0,0,1,25.56777967951056,13.5423197492163,censor,7.046575342465753,-5.654631920591697
MrOS,71.0,1,0,0,1,34.08231979660551,9.096209912536445,censor,11.432876712328769,1.3754512373812986
MrOS,78.0,1,0,0,1,32.67351599784957,28.50498338870432,death,5.435616438356164,-5.815049067916604
MrOS,69.0,1,0,0,1,30.200141738207115,2.446351931330472,death,12.243835616438355,-2.0235052180772044
MrOS,72.0,1,0,0,1,29.02250817226249,11.492204899777285,censor,11.18082191780822,3.0832800229702
MrOS,78.0,1,0,0,1,29.090281218563725,4.444444444444445,dementia,1.263013698630137,-5.900154329815607
MrOS,82.0,1,0,0,1,28.663658663829985,0.75,death,6.082191780821918,2.0917469382835066
MrOS,73.0,1,0,0,1,26.425032247496976,26.62721893491124,dementia,6.873972602739726,0.5016364468548034
MrOS,71.0,1,0,0,1,26.21632628975136,1.2352941176470589,censor,0.0,-2.240612504895396
MrOS,77.0,1,0,0,1,29.2720052299316,66.24605678233438,dementia,1.4109589041095891,0.1378629586895954
MrOS,84.0,1,0,0,1,32.18165219458857,10.5,death,5.663013698630137,-2.338671490651606
MrOS,76.0,1,0,0,1,23.494860499265787,4.5,dementia,0.0,11.894196696950203
MrOS,73.0,1,0,0,1,32.73310533322057,0.6956521739130435,death,9.871232876712329,-12.544906988226105
MrOS,74.0,1,0,0,1,29.85734124479232,24.945652173913043,censor,11.454794520547946,-3.12217784296
MrOS,79.0,1,0,0,1,31.938047278461816,10.923482849604222,death,7.23013698630137,-1.7185165934237006
MrOS,79.0,1,0,0,1,28.91049109960863,1.447721179624665,censor,7.156164383561644,1.809391997284905
MrOS,68.0,1,0,0,1,28.24564386356531,4.144144144144144,dementia,1.4383561643835616,2.2588494277103024
MrOS,79.0,1,0,0,1,28.299605581006663,1.2371134020618555,censor,10.832876712328767,3.262640843537696
MrOS,84.0,1,0,0,1,24.33255954690456,36.34615384615385,death,5.865753424657535,-3.2203530269078016
MrOS,86.0,1,0,0,1,29.60086758077703,7.368421052631579,dementia,3.638356164383562,-14.885032222053296
MrOS,75.0,1,0,0,1,30.3522076777229,14.093959731543624,dementia,3.4575342465753423,-5.090651181129502
MrOS,75.0,1,0,0,1,24.36889464654599,0.583941605839416,censor,11.216438356164383,1.2061600801657022
MrOS,78.0,1,0,0,1,26.279153023227785,0.144578313253012,censor,10.7013698630137,-2.964504806640605
MrOS,80.0,1,0,0,1,29.7140831758034,6.510263929618769,dementia,0.8438356164383561,2.520379284432707
MrOS,69.0,1,0,0,1,30.60796945673032,22.28187919463087,censor,11.41095890410959,-4.065349310845406
MrOS,78.0,1,0,0,1,26.75337176784435,2.559241706161137,censor,11.542465753424658,1.2702600466468963
MrOS,68.0,1,0,0,1,28.40711272531257,3.026706231454006,censor,11.005479452054796,3.7327114968584
MrOS,68.0,1,0,0,1,23.22587580106877,1.1764705882352942,censor,11.471232876712328,2.3522321401164987
MrOS,72.0,1,0,0,1,22.4313908485656,3.246492985971944,censor,11.435616438356163,-0.1298908327188002
MrOS,74.0,1,0,0,1,24.63595003977741,21.451612903225808,death,11.824657534246576,1.171133849048303
MrOS,68.0,1,0,0,1,23.554294113967604,5.081967213114754,dementia,1.5205479452054795,0.0923674359085993
MrOS,80.0,1,0,0,1,24.5765109321587,25.43478260869565,censor,11.553424657534247,-12.3369657098374
MrOS,75.0,1,0,0,1,24.2357922842919,22.21079691516709,censor,11.183561643835615,-6.444433001854307
MrOS,71.0,1,0,0,1,27.064878680718465,14.20654911838791,censor,11.2,2.165559410046498
MrOS,84.0,1,0,0,1,24.45971018121049,2.2119815668202767,death,5.473972602739726,-13.964061705895702
MrOS,70.0,1,0,1,0,30.57635052465532,19.083969465648856,dementia,3.947945205479452,6.763499677924301
MrOS,84.0,1,0,0,1,25.891867582666748,5.705521472392638,dementia,0.0,-0.8892436577484943
MrOS,78.0,1,0,0,1,30.299501406069385,17.752808988764045,dementia,3.419178082191781,-5.587630780604798
MrOS,84.0,1,0,0,1,26.40478316153992,2.242990654205608,censor,11.161643835616438,-16.623484993487693
MrOS,74.0,1,0,0,1,24.84744958736241,8.28125,dementia,4.287671232876712,0.6658271772761992
MrOS,74.0,1,0,0,1,27.740795851062902,1.964735516372796,death,8.287671232876713,5.3116824166313
MrOS,76.0,1,0,0,1,31.05103569159553,17.984084880636605,death,8.394520547945206,1.352667138138898
MrOS,78.0,1,0,0,0,27.398558890599475,8.665207877461707,dementia,6.947945205479452,-10.7801813781779
MrOS,71.0,1,0,0,1,25.205200824876787,9.473684210526317,censor,11.282191780821918,4.904127170250305
MrOS,84.0,1,0,0,1,21.54971494137473,4.92239467849224,censor,10.89041095890411,-6.724357579114297
MrOS,77.0,1,0,0,1,26.176583168651742,3.4693877551020407,censor,11.66027397260274,-8.190966741863605
MrOS,67.0,1,0,0,1,26.1819666824404,8.548387096774194,censor,11.41917808219178,-2.070240535580396
MrOS,67.0,1,0,0,1,36.23513238897855,9.245901639344265,death,6.909589041095891,3.955645063591703
MrOS,69.0,1,0,0,1,28.3749124300434,7.380410022779043,censor,11.528767123287672,-16.440469264384397
MrOS,68.0,1,0,0,1,29.810818717932584,1.7733990147783252,censor,10.90958904109589,3.309810319023697
MrOS,71.0,1,0,0,1,27.716167962617487,7.586206896551724,censor,10.868493150684932,5.234468693993406
MrOS,72.0,1,0,0,1,26.900700519460937,9.022556390977444,censor,11.68219178082192,-9.2753717203178
MrOS,69.0,1,0,1,0,24.61821532102828,8.181818181818182,censor,6.260273972602739,10.177605176056405
MrOS,80.0,1,0,0,1,26.368894124850527,11.566265060240964,censor,11.61917808219178,-5.012564676748397
MrOS,72.0,1,0,0,1,28.178160680391183,13.02013422818792,censor,10.9013698630137,-0.7017091957642947
MrOS,81.0,1,0,0,1,29.14725746126564,15.251396648044691,dementia,0.0,-0.1325392925942026
MrOS,84.0,1,0,0,1,23.99945916711736,25.02673796791444,censor,11.197260273972605,-7.133931165975199
MrOS,79.0,1,0,0,1,27.57794820769752,7.804878048780488,censor,11.257534246575345,-6.4132290799065
MrOS,76.0,1,0,0,1,30.48587293475551,17.20136518771331,death,4.9150684931506845,1.8318556107687984
MrOS,69.0,1,0,1,0,25.45002078286636,0.3896103896103896,dementia,11.312328767123288,3.2817322480639035
MrOS,69.0,1,0,1,0,41.17283950617284,14.441260744985671,censor,11.443835616438356,-3.583916643744402
MrOS,76.0,1,0,0,1,26.32746734502396,2.893081761006289,censor,10.526027397260274,3.044008913010302
MrOS,77.0,1,0,0,1,24.36620980023291,3.689320388349514,dementia,3.32054794520548,-15.2772511482312
MrOS,73.0,1,0,0,1,31.151845919312706,0.8294930875576036,dementia,4.13972602739726,3.1710736846631
MrOS,73.0,1,0,0,1,24.967374704984035,2.2222222222222223,censor,10.931506849315069,-7.703890671754394
MrOS,71.0,1,0,0,1,29.58548056685047,10.84870848708487,censor,11.063013698630137,0.1116635070303004
MrOS,72.0,1,0,0,1,22.872226457114955,0.2816901408450704,censor,10.536986301369865,5.121691646108104
MrOS,69.0,1,0,0,1,24.615152997854647,2.918918918918919,censor,10.726027397260276,-7.315391159653302
MrOS,73.0,1,0,0,1,28.999404427405384,4.825737265415549,censor,10.416438356164385,-1.009164309001093
MrOS,86.0,1,0,0,1,31.6483200882752,11.76079734219269,death,4.53972602739726,-6.080231465880999
MrOS,70.0,1,0,0,1,32.64618946260954,17.864077669902912,censor,10.41095890410959,1.3195582098984031
MrOS,80.0,1,0,0,1,27.481089355655616,0.5882352941176471,censor,11.043835616438356,-3.8365950505033055
MrOS,71.0,1,0,0,1,30.129211447892764,1.0876132930513596,censor,10.243835616438355,4.423525910957693
MrOS,74.0,1,0,0,1,25.8223080905926,0.3550295857988165,dementia,0.9178082191780822,-15.914202300634898
MrOS,72.0,1,0,0,1,25.453004666410507,1.1076923076923078,censor,10.336986301369864,-5.830286766793705
MrOS,69.0,1,0,0,1,22.993641743274964,7.572815533980583,censor,6.67945205479452,2.2126331394973
MrOS,79.0,1,0,0,1,25.26752970261817,16.58823529411765,censor,11.232876712328768,-1.3855309946918055
MrOS,76.0,1,0,0,1,24.830292687916195,5.32258064516129,dementia,2.8904109589041096,-6.438969487023599
MrOS,75.0,1,0,0,1,25.6690038260964,14.336283185840708,dementia,11.183561643835615,-2.977025406374807
MrOS,74.0,1,0,0,1,32.02022538646462,0.160427807486631,death,3.290410958904109,-7.083041928333998
MrOS,76.0,1,0,0,1,31.87815024104383,9.93103448275862,censor,11.334246575342464,-0.7043281396658045
MrOS,69.0,1,0,0,1,31.15384320255369,17.480314960629922,censor,10.449315068493153,-3.9718150321058943
MrOS,77.0,1,0,0,1,26.0518227497934,31.29113924050633,death,9.26849315068493,-5.5477264014241
MrOS,78.0,1,0,0,1,25.66216951402694,13.379310344827584,censor,10.506849315068491,0.5701327780273004
MrOS,73.0,1,0,0,1,30.580154495991017,8.338368580060424,death,8.564383561643835,-1.7273781576004978
MrOS,71.0,1,0,0,1,26.44456366430789,10.179948586118252,censor,10.805479452054794,-12.054698624775398
MrOS,89.0,1,0,0,1,27.67858825796209,0.861244019138756,death,2.8164383561643835,0.0160319711321932
MrOS,74.0,1,0,0,1,25.8547000631777,1.853932584269663,censor,10.526027397260274,0.0961009130606953
MrOS,70.0,1,0,0,1,25.74691504995853,0.15,censor,10.887671232876713,-0.3414994742816049
MrOS,82.0,1,0,0,1,27.028364140090588,15.356200527704486,death,6.972602739726027,-0.9212157888278938
MrOS,77.0,1,0,0,1,28.702297776550783,19.020172910662826,censor,11.561643835616438,0.6870667156893973
MrOS,77.0,1,0,0,1,27.846265782799613,13.369565217391305,censor,10.75068493150685,3.2659492979471025
MrOS,77.0,1,0,0,1,20.571428571428573,0.5095541401273885,death,11.123287671232877,1.852219687346704
MrOS,70.0,1,0,0,1,26.761882521534808,18.63013698630137,censor,9.665753424657536,-26.2999957530915
MrOS,74.0,1,0,0,1,21.963123543314445,1.656441717791411,censor,9.93972602739726,-5.407956298007804
MrOS,86.0,1,0,0,1,24.40379747265812,3.0991735537190084,dementia,11.18082191780822,-5.342904979758401
MrOS,75.0,1,0,0,1,29.95603073890399,6.885245901639344,censor,10.90958904109589,-2.5381525821188973
MrOS,79.0,1,0,0,1,27.89458144976993,19.402985074626866,death,7.210958904109589,0.6685330836291001
MrOS,79.0,1,0,0,1,21.07167785003671,16.44787644787645,dementia,1.947945205479452,-4.4310057849072
MrOS,68.0,1,0,0,1,25.658637703564462,4.74934036939314,censor,10.62191780821918,-0.8896975287375994
MrOS,84.0,1,0,0,1,25.54630292062958,4.5528455284552845,dementia,12.216438356164383,-3.1920473087101016
MrOS,69.0,1,0,0,1,27.55006434155468,23.747072599531617,censor,9.761643835616438,-5.7033566711514965
MrOS,73.0,1,0,0,1,28.31596526762994,0.9937888198757764,censor,10.81917808219178,-1.6462760961589993
MrOS,74.0,1,0,0,1,28.23736309017928,2.3622047244094486,censor,11.13972602739726,-0.9107475014345994
MrOS,77.0,1,0,0,1,27.052624218963533,3.832923832923833,death,10.468493150684932,3.653021783089301
MrOS,69.0,1,0,0,1,20.623697261938688,4.079320113314448,censor,11.005479452054796,-9.4125678292192
MrOS,82.0,1,0,0,1,23.16235879549562,13.518987341772153,dementia,0.9616438356164384,-5.458869606225093
MrOS,75.0,1,0,0,1,23.56663223140496,19.19308357348703,censor,10.898630136986302,3.869546573087604
MrOS,82.0,1,0,0,1,24.857787687210216,0.2352941176470588,censor,3.416438356164384,1.4811381344702
MrOS,70.0,1,0,0,1,34.158692068447024,12.318840579710145,censor,11.386301369863014,-5.705133554471203
MrOS,70.0,1,0,0,1,30.404356382172224,34.7093023255814,censor,11.27945205479452,5.606046569804306
MrOS,75.0,1,0,0,1,23.215304487024017,17.888198757763973,death,8.712328767123287,2.383807802886807
MrOS,79.0,1,0,0,1,27.15343131114972,1.7837837837837838,dementia,1.0,-1.728137917265201
MrOS,73.0,1,0,0,1,26.45603140020053,26.771653543307085,censor,9.832876712328767,-0.0695075441725947
MrOS,71.0,1,0,0,1,24.160127087464204,6.9397590361445785,censor,10.791780821917808,-0.5901766626047049
MrOS,72.0,1,0,0,1,43.72713055888738,50.7945205479452,censor,10.424657534246576,0.738369308546595
MrOS,87.0,1,0,0,1,24.86958793942425,23.1,death,9.67123287671233,-8.684291174703105
MrOS,72.0,1,0,0,1,25.97322611419696,6.36604774535809,censor,11.186301369863012,-7.487952099642797
MrOS,71.0,1,0,0,1,33.55415992940562,15.319148936170214,death,8.224657534246575,-7.445416059878603
MrOS,72.0,1,0,0,1,31.04184181594775,44.46428571428572,censor,11.202739726027398,-3.114377457923098
MrOS,73.0,1,0,0,1,25.54622473246136,7.899159663865547,death,9.917808219178085,-0.0702097752885038
MrOS,74.0,1,0,0,1,30.275140079862155,9.31578947368421,censor,11.331506849315067,-4.626564189902794
MrOS,70.0,1,0,0,1,27.65902386004865,28.54736842105263,dementia,2.0493150684931507,5.9890315241568
MrOS,69.0,1,0,0,1,30.165902879214,8.108108108108109,censor,11.52054794520548,-1.474450733308501
MrOS,69.0,1,0,0,1,33.712756694769475,37.07692307692308,censor,10.56986301369863,-4.377813723527197
MrOS,77.0,1,0,0,1,26.67921411778817,0.4972375690607735,death,8.09041095890411,3.887958667734793
MrOS,76.0,1,0,0,1,26.8612069228656,3.893805309734513,censor,10.92876712328767,3.899802946795901
MrOS,82.0,1,0,0,1,25.75172080666586,2.242990654205608,censor,11.76986301369863,-0.6303748898592971
MrOS,69.0,1,0,0,1,25.735772203205368,23.14720812182741,censor,10.871232876712329,6.173782452759099
MrOS,72.0,1,0,0,1,36.67754230867111,0.0,censor,10.997260273972604,7.686580119853801
MrOS,74.0,1,0,0,1,29.0181499597084,12.12121212121212,death,7.147945205479452,-2.490545457635804
MrOS,76.0,1,0,0,1,27.046507297972813,32.054794520547944,dementia,4.564383561643836,-1.1023816433300055
MrOS,73.0,1,0,0,1,28.41269931765593,8.008474576271187,censor,10.394520547945206,3.4010142410486
MrOS,81.0,1,0,0,1,26.449842171495,8.085106382978724,death,3.9808219178082194,-0.7108298350049012
MrOS,80.0,1,0,0,1,25.688280852507205,5.096525096525096,death,6.791780821917809,-0.989891549650693
MrOS,79.0,1,0,0,1,26.315204562985127,0.7912087912087912,death,2.758904109589041,4.3401914208688055
MrOS,73.0,1,0,0,1,27.458654210326976,13.808219178082192,censor,9.8,-5.513434008506806
MrOS,74.0,1,0,0,1,25.89060219469457,9.927007299270072,death,5.134246575342465,4.5878636382823
MrOS,74.0,1,0,0,1,23.47806081323017,0.2797202797202797,censor,3.271232876712329,2.2187793415565977
MrOS,71.0,1,0,0,1,31.939810106113544,6.185567010309279,censor,11.564383561643837,4.763208206821602
MrOS,75.0,1,0,0,1,34.47623168027689,34.40677966101695,dementia,4.83013698630137,7.291459547232407
MrOS,79.0,1,0,0,1,23.788532390282715,9.06474820143885,death,2.989041095890411,-0.1645161152720931
MrOS,70.0,1,0,0,1,35.169744859564965,15.0,censor,11.421917808219176,-1.3710019305955967
MrOS,72.0,1,0,0,1,28.568372763120003,5.3538461538461535,censor,11.24109589041096,2.7422145581927992
MrOS,75.0,1,0,0,1,29.23719904059756,17.790697674418606,censor,10.76986301369863,-0.3293788835389932
MrOS,71.0,1,0,0,1,28.55291289783305,41.81347150259067,censor,4.586301369863014,1.386606070250906
MrOS,70.0,1,0,0,1,29.323133072043262,13.372434017595308,censor,10.084931506849315,-16.315237093522597
MrOS,83.0,1,0,0,1,29.296007647258342,1.327433628318584,death,9.178082191780822,-0.2003836499461044
MrOS,74.0,1,0,0,1,26.78252019688978,10.268041237113405,censor,11.315068493150685,-6.287928639266696
MrOS,82.0,1,0,0,1,27.66940360372049,0.0,death,3.72054794520548,3.1276590814622978
MrOS,69.0,1,0,0,1,35.40119530272719,9.195402298850574,censor,11.942465753424658,2.6502562690264
MrOS,80.0,1,0,0,1,23.219189504499656,4.41717791411043,censor,11.02191780821918,-14.312721457542494
MrOS,74.0,1,0,0,1,28.603546169329384,4.354838709677419,censor,10.41917808219178,5.757763567565704
MrOS,81.0,1,0,0,1,29.55960995165652,14.89051094890511,censor,11.747945205479452,-1.7630205170018058
MrOS,73.0,1,0,0,1,25.89533107180775,16.02015113350126,censor,11.07945205479452,-5.975927709969994
MrOS,73.0,1,0,1,0,28.896322983530723,7.105263157894737,censor,11.128767123287671,0.503464129846293
MrOS,86.0,1,0,0,1,28.317192860322688,29.375,death,9.736986301369862,-4.687670311953099
MrOS,73.0,1,0,0,1,30.70620776583453,23.54609929078014,censor,11.821917808219178,6.120474318974402
MrOS,74.0,1,0,0,1,29.10047994223704,8.635235732009926,censor,10.73972602739726,-1.6671405880311028
MrOS,68.0,1,0,0,1,29.988875953754714,15.789473684210526,censor,10.824657534246576,0.0343684310659
MrOS,75.0,1,0,0,1,24.16494452657774,0.0,censor,11.463013698630135,5.919190039308703
MrOS,86.0,1,0,0,1,32.09363906704318,4.247787610619469,dementia,3.2794520547945205,-3.8966941387903935
MrOS,72.0,1,0,0,1,26.577460801136105,12.893982808022924,dementia,1.2383561643835617,-1.4079666458801938
MrOS,84.0,1,0,1,0,24.96170665137527,30.557620817843866,death,5.068493150684931,-8.717753828442099
MrOS,83.0,1,0,0,1,30.29845149690252,4.986595174262734,censor,12.0,-9.122346370994292
MrOS,70.0,1,0,0,1,31.40292342317163,11.472868217054264,censor,10.487671232876712,-4.794729904849305
MrOS,79.0,1,0,0,1,33.142529961763124,58.48580441640379,dementia,3.197260273972603,-5.460479015311606
MrOS,73.0,1,0,0,1,32.06037876429225,37.852348993288594,censor,10.887671232876713,2.4346166160099045
MrOS,70.0,1,0,0,1,29.92188023260437,7.083333333333333,dementia,1.4712328767123288,1.8333790032513944
MrOS,84.0,1,0,0,1,25.057586549821927,6.08955223880597,dementia,1.189041095890411,-6.087885872955894
MrOS,84.0,1,0,0,1,23.636940007385693,1.4,censor,1.2054794520547945,-9.1895463556084
MrOS,70.0,1,0,0,1,24.38545730469164,20.58252427184466,censor,10.947945205479453,-0.7349121162920937
MrOS,75.0,1,0,0,1,28.553863318704167,2.4242424242424243,dementia,11.693150684931506,-4.305036715651994
MrOS,69.0,1,0,0,1,31.98598391509245,18.0,censor,10.852054794520548,4.942975932027196
MrOS,79.0,1,0,0,1,28.79265684084687,1.7291066282420748,death,7.742465753424658,1.874941798758897
MrOS,79.0,1,0,0,1,33.65838313935199,17.523809523809526,dementia,10.221917808219178,2.055877415482797
MrOS,72.0,1,0,0,1,33.26820924448211,4.342105263157895,death,8.983561643835616,1.3305231606991017
MrOS,76.0,1,0,0,1,29.275427633458683,4.456233421750663,censor,11.591780821917808,3.9887119803508
MrOS,73.0,1,0,0,1,32.23910603562121,23.713527851458885,death,7.816438356164384,3.179292556194497
MrOS,79.0,1,0,0,1,30.59856211487501,15.721153846153848,dementia,1.284931506849315,-7.136496956176401
MrOS,75.0,1,0,0,1,35.905273299258255,23.426966292134832,censor,10.830136986301367,-7.014982194246798
MrOS,86.0,1,0,0,1,30.26966428354488,4.603580562659847,dementia,1.2684931506849315,3.512603748293003
MrOS,73.0,1,0,0,1,28.15215431764918,5.28117359413203,censor,10.736986301369862,10.216543386637497
MrOS,81.0,1,0,0,1,25.806537595612166,12.78450363196126,death,4.8273972602739725,-3.4398815813841
MrOS,82.0,1,0,0,1,28.16863355509338,16.57894736842105,dementia,1.16986301369863,0.1006355860379955
MrOS,70.0,1,0,1,0,30.27595522810176,23.6697247706422,censor,11.471232876712328,-1.1232924242718951
MrOS,76.0,1,0,0,1,30.31117173345458,15.174418604651162,censor,10.372602739726029,-1.6805100071566983
MrOS,70.0,1,0,0,1,21.653747247992847,0.272108843537415,censor,11.594520547945203,-8.053554596558499
MrOS,78.0,1,0,0,1,25.629920707824468,0.9523809523809524,censor,10.315068493150685,-8.470560794437702
MrOS,77.0,1,0,0,1,28.333753723864785,7.090909090909091,censor,11.53972602739726,-0.9118411633361064
MrOS,91.0,1,0,0,1,25.87373335350448,14.078212290502794,death,8.191780821917808,-4.782861118072304
MrOS,78.0,1,0,0,1,29.75778546712803,51.52737752161384,death,7.884931506849315,6.653192466332996
MrOS,75.0,1,0,0,1,27.80182602982802,3.3173076923076925,dementia,10.41095890410959,5.1610692664423965
MrOS,77.0,1,0,0,1,24.733189429055475,10.803858520900322,censor,11.224657534246576,-1.3448417116785976
MrOS,75.0,1,0,0,1,26.364936131792707,5.240963855421687,death,4.526027397260274,-14.748386886739503
MrOS,74.0,1,0,0,1,28.178320402373203,1.3300492610837438,censor,10.558904109589042,-0.421684412537104
MrOS,75.0,1,0,0,1,28.70615451509817,18.23204419889503,censor,11.0,-1.1397947521035974
MrOS,77.0,1,0,0,1,28.11059123043256,7.559055118110236,censor,10.7013698630137,-2.724438670406101
MrOS,75.0,1,0,0,1,26.9109651514148,30.865384615384617,censor,11.66027397260274,-5.933184779080193
MrOS,73.0,1,0,0,1,29.17462724138984,7.331189710610932,censor,11.816438356164385,3.3173014120048947
MrOS,69.0,1,0,0,1,26.614567395585684,0.5806451612903226,censor,10.35068493150685,-2.205690629462396
MrOS,76.0,1,0,0,1,24.797939339864264,0.1511335012594458,censor,10.161643835616438,0.1115072723795975
MrOS,86.0,1,0,0,1,24.80792748788724,0.2352941176470588,dementia,2.3589041095890413,-8.258719928953894
MrOS,73.0,1,0,0,1,29.49567454451412,25.26315789473684,death,12.02191780821918,3.701386564005304
MrOS,74.0,1,0,1,0,26.265415292441112,0.0,dementia,0.0,2.476215513962103
MrOS,77.0,1,0,0,1,25.93276743166414,11.151832460732985,censor,9.605479452054794,-7.582185900849893
MrOS,77.0,1,0,0,1,27.379664683612766,17.12,dementia,2.9616438356164383,-1.687502714832803
MrOS,85.0,1,0,0,1,36.18265595463138,26.73913043478261,death,9.208219178082192,-18.3372477326912
MrOS,69.0,1,0,0,1,23.414935626823794,30.25974025974026,censor,10.323287671232876,-4.237217309181801
MrOS,84.0,1,0,0,1,31.39423868312757,25.82278481012658,death,4.794520547945205,-2.289204883216001
MrOS,83.0,1,0,0,1,31.601475724423526,9.855907780979829,dementia,11.509589041095891,0.0393215028088036
MrOS,77.0,1,0,0,1,30.77065814165917,15.269461077844312,death,7.295890410958904,-6.259297969898796
MrOS,74.0,1,0,0,1,33.342514124995986,15.436893203883496,death,11.835616438356164,0.6477461272965002
MrOS,70.0,1,0,0,1,26.784398010567887,7.445255474452555,censor,11.789041095890411,-2.9362289134190007
MrOS,79.0,1,0,0,1,27.82404540013737,17.19298245614035,censor,11.62191780821918,-2.2115923048140047
MrOS,75.0,1,0,0,1,27.248775612802508,1.0,censor,10.835616438356164,-4.885509857357704
MrOS,72.0,1,0,0,1,26.46992823076329,2.529274004683841,censor,10.476712328767125,-15.479347131118097
MrOS,79.0,1,0,0,1,19.990174897031903,1.057934508816121,censor,10.183561643835615,-10.948559105002502
MrOS,73.0,1,0,0,1,29.92164615941404,10.94224924012158,censor,10.854794520547944,8.455430941627398
MrOS,71.0,1,0,1,0,31.230575847927017,17.142857142857142,censor,11.315068493150685,2.159543609985903
MrOS,68.0,1,0,0,1,26.318521366984,2.2222222222222223,censor,10.221917808219178,-0.1022403845946939
MrOS,68.0,1,0,0,1,27.847902702824825,1.4501510574018126,censor,11.189041095890412,3.0949566413407013
MrOS,78.0,1,0,0,1,25.60899520945497,13.724696356275304,dementia,1.1452054794520548,-4.080638474160807
MrOS,75.0,1,0,0,1,25.21888481351436,6.134663341645886,censor,10.367123287671232,-12.091400149984402
MrOS,77.0,1,0,0,1,21.48854423853887,13.772727272727272,death,5.301369863013699,-2.567598660605995
MrOS,83.0,1,0,0,1,24.86573941610797,4.3478260869565215,censor,10.68219178082192,-4.167014330929007
MrOS,70.0,1,0,0,1,27.386245441742968,4.974093264248705,censor,9.64109589041096,3.5410639619342
MrOS,74.0,1,0,0,1,29.93090626178259,1.3043478260869563,death,5.846575342465753,-0.4296201988229029
MrOS,70.0,1,0,0,1,22.537642225611727,1.836734693877551,dementia,10.526027397260274,2.178706988260103
MrOS,77.0,1,0,0,1,26.216628899474973,11.301939058171746,death,10.893150684931507,-9.126908961064004
MrOS,81.0,1,0,0,1,20.303449387501303,23.42168674698795,death,11.383561643835616,-8.347735026134998
MrOS,74.0,1,0,0,1,24.22046000932936,6.166666666666667,censor,11.13972602739726,-2.598049959193901
MrOS,87.0,1,0,0,1,22.27991186524268,35.74123989218329,death,1.6849315068493151,-4.350911673891204
MrOS,71.0,1,0,0,1,24.8828125,8.709677419354838,dementia,6.7753424657534245,7.184866298739195
MrOS,71.0,1,0,0,1,27.43754728046987,9.08108108108108,dementia,7.402739726027397,3.592291195355102
MrOS,75.0,1,0,0,1,28.759865033148937,3.602771362586605,censor,12.095890410958903,-5.192141768530902
MrOS,77.0,1,0,0,1,22.37215909090909,2.89544235924933,dementia,0.7616438356164383,-11.691161987752196
MrOS,82.0,1,0,0,1,28.177098441010617,14.23728813559322,dementia,0.0,0.4590614234128054
MrOS,80.0,1,0,0,1,16.354114340881743,12.445820433436532,death,5.758904109589041,-4.680695095547407
MrOS,85.0,1,0,0,1,35.94246904634565,11.506849315068491,death,10.068493150684931,-11.1419157639462
MrOS,85.0,1,0,0,1,31.44243478389409,16.333333333333332,censor,11.61917808219178,-10.972017460378694
MrOS,84.0,1,0,0,1,26.809907846110782,46.11764705882353,death,10.441095890410958,-4.3885523835595
MrOS,72.0,1,0,0,1,24.737165492911384,2.426966292134832,dementia,11.753424657534246,7.249323819147307
MrOS,73.0,1,0,0,1,23.57459357570277,12.185089974293058,censor,10.427397260273972,1.8198905140196049
MrOS,74.0,1,0,0,1,24.55338387954024,0.6722689075630253,censor,10.191780821917808,1.438403818601401
MrOS,72.0,1,0,0,1,30.27808226813318,12.98780487804878,death,8.556164383561644,-1.5395620469746945
MrOS,87.0,1,0,0,1,22.567054029794743,35.66820276497696,death,10.558904109589042,-4.3616866444483975
MrOS,73.0,1,0,0,1,26.65140258294069,32.590529247910865,censor,10.605479452054794,5.355263687339701
MrOS,75.0,1,0,0,1,23.4728327401242,11.929824561403509,death,4.756164383561644,-3.159755413262502
MrOS,71.0,1,0,0,1,22.193700501603843,6.774193548387097,censor,10.427397260273972,0.9852889158053983
MrOS,73.0,1,0,0,1,37.38718039850347,1.818181818181818,death,6.038356164383561,-2.6378063328315022
MrOS,69.0,1,0,0,1,26.30211704715355,3.697813121272366,censor,10.167123287671233,4.093576130751103
MrOS,77.0,1,0,0,1,24.26678216743549,7.561643835616438,death,9.972602739726028,-1.0403337809407986
MrOS,85.0,1,0,0,1,28.150201710755702,8.690807799442897,dementia,0.5452054794520548,-17.6330478135463
MrOS,82.0,1,0,0,1,23.74926029582919,4.722222222222222,death,2.389041095890411,-6.875294416900701
MrOS,69.0,1,0,0,1,27.2873336805089,0.1780415430267062,censor,10.09041095890411,2.787285403280194
MrOS,75.0,1,0,0,1,30.441498423667586,10.419161676646707,censor,10.627397260273971,-4.2227282227763965
MrOS,90.0,1,0,0,1,24.88561937225825,47.67123287671233,death,7.219178082191781,-0.5318805717225956
MrOS,70.0,1,0,1,0,24.36398422570639,0.5825242718446602,censor,11.2986301369863,-4.133673940878296
MrOS,82.0,1,0,0,1,31.774144100987403,16.778115501519757,death,11.065753424657537,-5.640011046007601
MrOS,79.0,1,0,0,1,28.78597121950437,7.0085470085470085,death,10.076712328767124,3.4058288695056973
MrOS,72.0,1,0,0,1,28.92833662064432,51.134020618556704,censor,11.35068493150685,-2.2443792779656064
MrOS,70.0,1,0,0,1,31.29238152288152,0.4918032786885246,death,9.578082191780824,-12.2737991669443
MrOS,72.0,1,0,0,1,28.32577092556094,49.86754966887417,censor,11.810958904109588,-6.750327756576695
MrOS,77.0,1,0,0,1,31.557684488712447,15.416666666666666,censor,11.238356164383562,-4.2560944928006
MrOS,83.0,1,0,0,1,35.265198298614465,2.608695652173913,death,7.035616438356165,-8.616948398365096
MrOS,88.0,1,0,0,1,24.040988944597448,4.137931034482759,death,3.336986301369863,-2.1446857102112062
MrOS,70.0,1,0,1,0,40.927917114943305,8.246445497630331,censor,10.372602739726029,-4.028975238769803
MrOS,77.0,1,0,0,1,26.223308223301675,14.745762711864408,dementia,1.093150684931507,-0.6907789019482067
MrOS,88.0,1,0,0,1,25.97948251111656,9.752650176678443,dementia,0.0,-2.8059190870467035
MrOS,79.0,1,0,0,1,30.047922419156624,12.228260869565217,censor,11.63835616438356,-3.209196842595503
MrOS,80.0,1,0,0,1,34.71497206232994,16.09442060085837,death,2.8493150684931505,-0.9304925199151056
MrOS,79.0,1,0,0,1,28.61554457212468,30.1840490797546,death,3.627397260273973,-20.1794034342223
MrOS,76.0,1,0,1,0,26.96956870394469,1.6822429906542056,death,10.167123287671233,2.2554127871807026
MrOS,83.0,1,0,0,1,26.60647720666188,1.965065502183406,dementia,11.178082191780822,-3.815290312276403
MrOS,84.0,1,0,0,1,28.62558957114159,4.723032069970846,dementia,0.6465753424657534,1.4045155842181032
MrOS,75.0,1,0,0,1,27.03186821873125,6.126126126126126,censor,11.178082191780822,-0.4092952260158995
MrOS,72.0,1,0,0,1,30.484426163519807,3.988439306358381,censor,11.03835616438356,0.1951003925269958
MrOS,70.0,1,0,0,1,24.72042163898993,1.0495626822157431,censor,10.86027397260274,-0.5855668533800014
MrOS,78.0,1,0,0,1,29.26393104791021,10.76555023923445,censor,11.0986301369863,-7.713933129535107
MrOS,74.0,1,0,0,1,22.77174701840257,0.672645739910314,censor,10.158904109589042,-5.1436927125581065
MrOS,75.0,1,0,0,1,39.73953844680647,56.6412213740458,death,10.487671232876712,-2.956088468970705
MrOS,77.0,1,0,0,1,37.69535301066832,41.92546583850932,dementia,5.232876712328767,-30.9213095140058
MrOS,83.0,1,0,0,1,28.504641502702427,9.818181818181818,death,5.956164383561644,-7.689316972648697
MrOS,78.0,1,0,0,1,35.07167235381958,6.632390745501286,censor,11.761643835616438,-3.9633135497523
MrOS,78.0,1,0,0,1,26.94397238683091,14.803149606299211,dementia,11.31780821917808,1.477786217375595
MrOS,71.0,1,0,0,1,29.79737783075089,16.676737160120847,censor,10.18082191780822,-0.9922162995592032
MrOS,87.0,1,0,0,1,26.56571457085704,13.125,censor,11.046575342465754,-2.096826634269106
MrOS,75.0,1,0,0,0,31.77304964539007,20.58510638297872,censor,11.216438356164383,0.2423299375461027
MrOS,73.0,1,0,0,1,32.439814169701656,11.823529411764708,censor,10.567123287671231,-0.699051654815193
MrOS,82.0,1,0,0,1,25.74938695863096,5.704918032786885,censor,10.561643835616438,-9.296644257938295
MrOS,81.0,1,0,0,1,28.642975118546545,5.625,censor,11.191780821917808,-2.5020286834617025
MrOS,78.0,1,0,0,1,26.22542335113398,1.0495626822157431,death,5.665753424657535,1.6791485583410974
MrOS,78.0,1,0,0,1,28.966563414174683,9.05027932960894,censor,9.772602739726029,-0.4432379436453999
MrOS,76.0,1,0,0,1,27.207144097925543,15.046439628482972,censor,10.972602739726028,-0.8347067050748933
MrOS,85.0,1,0,0,1,25.949118344941443,0.3908794788273615,censor,11.043835616438356,-9.504331830045205
MrOS,72.0,1,0,0,1,23.58574464440679,0.0,censor,11.36986301369863,-9.453156117705705
MrOS,75.0,1,0,1,0,29.865644016247927,0.8902077151335311,death,5.561643835616438,-0.0299081961247935
MrOS,81.0,1,0,0,1,21.98950592015517,0.1485148514851485,censor,2.8109589041095893,-12.126437114375191
MrOS,83.0,1,0,0,1,29.54277693680924,4.084507042253521,death,10.652054794520549,-2.7634940441003977
MrOS,76.0,1,0,0,1,27.83155177734759,25.273311897106108,death,9.315068493150685,-3.5187816798951985
MrOS,81.0,1,0,0,1,24.994600885370552,3.10077519379845,censor,10.032876712328768,-6.956598606932602
MrOS,73.0,1,0,0,1,25.61419614333137,43.89041095890411,censor,9.923287671232876,-4.271272131592696
MrOS,70.0,1,0,0,1,24.638979796118143,2.659279778393352,censor,10.624657534246577,3.952507224423599
MrOS,76.0,1,0,0,1,27.13967766413605,17.54874651810585,death,7.0,-3.984751298810096
MrOS,77.0,1,0,0,1,26.48626025249402,16.41025641025641,death,2.1013698630136988,-1.791611831854695
MrOS,77.0,1,0,1,0,20.980192782430564,0.975609756097561,dementia,0.0,-2.2182561267209024
MrOS,76.0,1,0,0,1,23.014687315882504,6.648199445983379,censor,9.764383561643836,-4.671882660608006
MrOS,75.0,1,0,0,1,27.030061693803365,2.635658914728682,censor,11.082191780821915,-6.237038354123499
MrOS,75.0,1,0,0,1,25.342529883586657,22.601626016260163,dementia,0.0,-6.060921026191593
MrOS,80.0,1,0,0,1,26.939150315773688,12.76595744680851,censor,11.145205479452056,-1.5278316896455948
MrOS,71.0,1,0,0,1,28.25402493276596,30.79787234042553,censor,10.93972602739726,-8.063408904293702
MrOS,67.0,1,0,0,1,24.22310697354257,3.4615384615384617,censor,10.849315068493151,-8.7776329917793
MrOS,77.0,1,0,0,1,22.94791742133075,4.878048780487805,death,8.547945205479452,-8.949725085841393
MrOS,80.0,1,0,0,1,34.01211030647998,39.43734015345269,death,9.257534246575345,-2.164586856148404
MrOS,76.0,1,0,0,1,25.193809950526287,7.787610619469026,dementia,10.854794520547944,-2.6746035643832045
MrOS,71.0,1,0,0,1,46.51622018511927,4.155844155844156,death,9.484931506849316,7.747848595341196
MrOS,71.0,1,0,0,1,25.67207500565892,29.655172413793103,dementia,0.8986301369863013,9.892177923778403
MrOS,68.0,1,0,0,1,23.584903609316417,0.2714932126696832,death,5.419178082191781,-1.3091706975292965
MrOS,85.0,1,0,0,0,27.850664735687246,13.132075471698114,dementia,1.104109589041096,-1.1631496592648034
MrOS,79.0,1,0,0,1,25.234455300191225,2.301790281329924,censor,11.065753424657537,-6.201553911850098
MrOS,71.0,1,0,1,0,31.452244890771244,25.27220630372493,censor,3.857534246575343,10.135924668787894
MrOS,69.0,1,0,0,1,25.70088196659786,2.490118577075098,dementia,0.0,2.2870672477806977
MrOS,72.0,1,0,0,1,23.01260640445929,0.3773584905660377,censor,10.964383561643835,-6.205903420187894
MrOS,74.0,1,0,1,0,28.63390254060808,9.6514745308311,censor,11.791780821917808,-9.926613857091596
MrOS,69.0,1,0,0,1,27.66682168925309,3.8764044943820224,censor,10.065753424657537,-2.586703576151507
MrOS,84.0,1,0,0,1,27.3178191457416,13.628808864265928,death,8.986301369863014,-6.258684911048206
MrOS,68.0,1,0,0,1,25.51168529539846,13.526785714285714,death,7.082191780821918,0.6354700797779032
MrOS,79.0,1,0,0,1,27.83739426840045,5.159235668789809,censor,10.084931506849315,-2.112703583322002
MrOS,70.0,1,0,0,1,30.43592545965164,10.60344827586207,censor,11.27945205479452,7.3482765192826065
MrOS,72.0,1,0,1,0,35.57628612158204,29.91643454038997,censor,6.005479452054795,-5.308201531605107
MrOS,77.0,1,0,0,1,30.614284510087327,50.033222591362126,censor,11.926027397260274,-2.594299529395101
MrOS,75.0,1,0,0,1,23.816566033081017,19.12806539509537,dementia,11.150684931506849,0.6209236661396034
MrOS,78.0,1,0,0,1,24.97931351256912,2.5968109339407746,censor,10.375342465753423,-2.0716052705844987
MrOS,78.0,1,0,0,1,32.23012734073944,5.862068965517241,death,10.810958904109588,-8.260733876840902
MrOS,87.0,1,0,0,1,30.579610752478324,16.688741721854306,death,8.326027397260274,-3.696873538824903
MrOS,72.0,1,0,0,1,25.46130488681691,9.523809523809524,censor,10.36986301369863,-4.439925389936704
MrOS,74.0,1,0,0,1,21.215419426601,2.985781990521327,censor,10.67123287671233,-15.709859351406202
MrOS,69.0,1,0,0,1,34.27541527288721,14.678899082568808,censor,10.353424657534246,5.229418757946405
MrOS,70.0,1,0,0,1,32.817055236883064,0.5278592375366569,censor,10.947945205479453,-4.393934333260901
MrOS,78.0,1,0,0,1,23.25617717674425,13.92,dementia,11.394520547945206,-6.133631900628899
MrOS,70.0,1,0,0,1,30.20865883350161,7.238095238095238,censor,10.438356164383562,0.7840413128281938
MrOS,74.0,1,0,0,1,32.33910841193915,1.7880794701986755,death,10.24931506849315,1.1694030776710065
MrOS,77.0,1,0,0,1,27.954318552609152,0.3947368421052631,death,9.123287671232877,2.9580579377780936
MrOS,77.0,1,0,1,0,26.627371318045167,3.0083565459610027,censor,11.221917808219178,0.7160372131206998
MrOS,73.0,1,0,0,1,23.805466571533103,6.086956521739131,dementia,2.0027397260273974,-9.588946210398802
MrOS,74.0,1,0,0,1,27.869524559730603,5.294117647058823,censor,10.397260273972602,-24.4605291288174
MrOS,69.0,1,0,0,1,27.41346673877772,0.1401869158878504,dementia,11.126027397260271,3.490815806990895
MrOS,69.0,1,0,0,1,27.858818982939702,4.623853211009174,death,6.652054794520548,-1.0946870968381006
MrOS,71.0,1,0,0,1,24.86235080879588,4.824120603015075,censor,10.164383561643836,-7.9862583990359965
MrOS,83.0,1,0,0,1,21.093298750381628,1.8,death,6.276712328767124,-6.1410185250609
MrOS,72.0,1,0,0,1,27.56638925997666,0.962566844919786,censor,10.145205479452056,-0.4538400431921019
MrOS,72.0,1,0,0,1,28.49084321245378,29.747899159663863,death,6.183561643835616,-0.7458652785287967
MrOS,74.0,1,0,0,1,22.99202280532066,13.288590604026846,death,4.145205479452055,-3.3649309747600995
MrOS,69.0,1,0,0,1,27.95526498820028,3.574468085106383,censor,9.608219178082193,-3.5946230600568043
MrOS,81.0,1,0,0,1,22.06007780025113,15.5,censor,10.624657534246577,-12.042998222141904
MrOS,69.0,1,0,0,1,24.22212098726628,12.551020408163266,censor,10.564383561643837,3.5068441445241945
MrOS,67.0,1,0,0,1,36.35819653491096,28.48806366047745,censor,11.194520547945206,-3.224065464934497
MrOS,80.0,1,0,0,1,22.410342259769337,9.32551319648094,death,9.747945205479452,-2.199490812319695
MrOS,75.0,1,0,0,1,30.85448365811858,4.1895261845386536,censor,10.383561643835616,1.626760621049101
MrOS,82.0,1,0,0,1,28.31101373279414,6.9,dementia,0.8767123287671232,-0.6048704105664058
MrOS,76.0,1,0,0,1,25.746042621510647,3.4285714285714284,death,5.484931506849315,-7.001735117393196
MrOS,72.0,1,0,0,1,30.11099051153672,2.0734341252699786,censor,10.602739726027398,-7.262639976436603
MrOS,76.0,1,0,0,1,26.817304460571453,0.0,censor,11.334246575342464,3.5204646139475955
MrOS,75.0,1,0,0,1,25.17119924338336,1.0824742268041236,censor,10.41095890410959,4.975484480915
MrOS,74.0,1,0,1,0,30.22842662482302,5.620253164556962,censor,10.602739726027398,-5.068707772640707
MrOS,71.0,1,0,0,1,25.679978299438183,9.081885856079404,censor,10.432876712328769,-2.0682335031432046
MrOS,74.0,1,0,0,1,29.91909351064725,69.77099236641222,censor,3.950684931506849,1.9374428687459044
MrOS,70.0,1,0,0,1,27.71722539732616,16.216216216216218,censor,10.142465753424656,8.119891607028194
MrOS,79.0,1,0,0,0,27.44772472246114,27.80141843971631,censor,1.0767123287671232,0.7268604015934983
MrOS,76.0,1,0,0,1,22.90057988697159,2.142857142857143,censor,10.052054794520547,6.829729953940301
MrOS,68.0,1,0,0,1,23.24903780455985,5.568445475638051,censor,10.547945205479452,-0.990116087447106
MrOS,73.0,1,0,1,0,26.977214828162428,3.50253807106599,dementia,1.6246575342465754,-0.1403061861832952
MrOS,83.0,1,0,0,1,25.484517709957675,1.5561959654178674,death,6.931506849315069,-14.1708332576452
MrOS,71.0,1,0,0,1,31.10789642476152,12.844036697247706,censor,10.43013698630137,2.298097265533201
MrOS,73.0,1,0,0,1,31.788929834873684,9.974025974025974,censor,10.347945205479451,7.972707922408205
MrOS,69.0,1,0,0,1,33.44386819630232,35.37848605577689,censor,10.567123287671231,5.063301229763496
MrOS,68.0,1,0,0,1,25.95608814510004,0.5084745762711864,censor,9.797260273972602,4.578770108699601
MrOS,72.0,1,0,0,1,32.85589417866092,9.310344827586206,death,6.854794520547945,3.217836986191997
MrOS,71.0,1,0,0,1,26.365603028664147,2.215909090909091,censor,10.397260273972602,-4.670736721869105
MrOS,76.0,1,0,0,1,24.09897794513179,6.434316353887399,dementia,3.378082191780822,2.332437522404007
MrOS,76.0,1,0,0,1,26.18225994794966,3.7951807228915664,dementia,10.72054794520548,-4.160116312254104
MrOS,72.0,1,0,0,1,28.296487162612625,7.142857142857143,censor,10.73150684931507,-8.4389210165699
MrOS,83.0,1,0,0,1,23.54442511424378,8.34319526627219,death,5.383561643835616,-4.6202802599153046
MrOS,75.0,1,0,0,1,28.26437241329804,12.213740458015268,censor,10.704109589041096,6.3139866192089045
MrOS,79.0,1,0,0,1,22.501320077444543,15.5956678700361,censor,0.0,0.0083130688712032
MrOS,75.0,1,0,0,1,28.53418320276657,8.426966292134832,censor,11.41917808219178,-11.8566774525708
MrOS,69.0,1,0,0,1,29.38287838572739,4.2,censor,11.24109589041096,5.454994883518594
MrOS,71.0,1,0,0,1,30.26900662394405,54.927536231884055,censor,11.408219178082192,0.3775308341647019
MrOS,73.0,1,0,0,1,32.503929363905314,1.8072289156626504,dementia,10.542465753424658,3.160533173923497
MrOS,78.0,1,0,0,1,28.54122244434164,0.3833865814696485,death,9.01095890410959,0.0344218955316932
MrOS,80.0,1,0,0,1,27.124366756922004,19.002169197396963,censor,10.778082191780822,0.7384343483628015
MrOS,74.0,1,0,0,1,29.898757697156046,7.015384615384615,death,10.26027397260274,2.510187019474003
MrOS,77.0,1,0,0,1,27.775543445474472,35.86206896551724,censor,10.775342465753424,-1.754270373184596
MrOS,78.0,1,0,0,1,23.747965144115675,9.73913043478261,dementia,5.947945205479452,0.0399850900076046
MrOS,69.0,1,0,0,1,26.77374185051564,2.0689655172413794,death,10.726027397260276,7.999609189790306
MrOS,78.0,1,0,0,1,28.643864583191554,7.436619718309859,dementia,9.838356164383562,0.2071534845807008
MrOS,68.0,1,0,0,1,25.378442654448616,9.346733668341708,censor,11.295890410958904,2.4747403837714046
MrOS,70.0,1,0,0,1,21.292079309273035,2.091152815013405,censor,9.81917808219178,4.308817642513802
MrOS,68.0,1,0,0,1,24.34937245648234,33.84615384615385,censor,9.906849315068492,-4.590161671190799
MrOS,79.0,1,0,0,1,33.711934156378604,15.384615384615383,censor,9.602739726027398,-1.8941895142722984
MrOS,76.0,1,0,0,1,20.029575294255004,22.8061224489796,censor,10.723287671232876,-10.249382899896602
MrOS,67.0,1,0,0,1,21.865739272430616,11.390374331550802,censor,10.202739726027398,1.3469422493510024
MrOS,71.0,1,0,0,1,24.30256665889142,9.242424242424242,censor,10.205479452054794,4.734202886564304
MrOS,68.0,1,0,0,1,28.17848028961938,7.481296758104738,censor,9.706849315068494,2.3917391690296057
MrOS,75.0,1,0,0,1,26.73120071434868,16.348773841961854,censor,11.345205479452057,1.098232055485994
MrOS,74.0,1,0,0,1,27.485646810973986,57.142857142857146,censor,11.082191780821915,3.7331922137337017
MrOS,83.0,1,0,0,1,26.680788755443825,6.748166259168704,dementia,1.3287671232876712,0.5462551791511032
MrOS,74.0,1,0,0,1,22.507611415421337,5.526315789473684,censor,10.41095890410959,-2.9672327363113027
MrOS,71.0,1,0,0,1,28.7674327090682,4.885496183206107,death,9.31780821917808,-1.5617671837989064
MrOS,76.0,1,0,0,1,24.55982148938072,57.97752808988764,censor,10.183561643835615,-22.1774760245477
MrOS,74.0,1,0,1,0,21.37273410423701,2.1748400852878467,censor,10.073972602739726,-4.880577310044899
MrOS,69.0,1,0,0,0,29.442503508614763,3.1738035264483626,censor,9.895890410958904,-1.7842800675788055
MrOS,71.0,1,0,0,1,29.115687018262,0.3986710963455149,censor,9.627397260273971,-6.408077505976607
MrOS,71.0,1,0,0,1,28.62252006084401,0.5769230769230769,censor,10.375342465753423,-5.414811337931198
MrOS,81.0,1,0,0,1,27.54616549733143,12.180451127819548,censor,10.931506849315069,-14.175479124511
MrOS,81.0,1,0,0,1,25.6267513018365,2.2535211267605635,censor,9.991780821917809,-7.415411110700106
MrOS,68.0,1,0,0,1,31.69094798127056,35.76923076923077,dementia,4.216438356164384,5.746287110567295
MrOS,72.0,1,0,0,1,28.806399408867208,9.411764705882351,censor,10.8,-8.968990111305096
MrOS,69.0,1,0,0,1,26.894306034845552,10.529247910863509,censor,9.389041095890413,0.6618397158667051
MrOS,82.0,1,0,1,0,25.73077286917037,1.6336633663366336,dementia,3.873972602739726,-0.0110859006753969
MrOS,72.0,1,0,0,1,25.86598787839545,2.7586206896551726,censor,10.347945205479451,-0.7196678459501982
MrOS,76.0,1,0,0,1,29.10794159776093,16.153846153846153,censor,9.73972602739726,-4.419427295129793
MrOS,77.0,1,0,0,1,25.96433417648688,0.0,censor,10.41095890410959,-1.6782113429706982
MrOS,70.0,1,0,0,1,31.581068873722515,7.540106951871658,death,6.506849315068493,-7.2750502089064994
MrOS,82.0,1,0,0,1,22.45608304667803,16.115107913669064,censor,9.37808219178082,-6.298521891654303
MrOS,80.0,1,0,0,1,29.278012182225613,15.194805194805197,censor,11.04109589041096,-4.052394762366006
MrOS,71.0,1,0,0,1,26.85788228030369,7.078651685393258,censor,10.794520547945206,-0.214703786194903
MrOS,76.0,1,0,0,1,24.795101082831803,8.962025316455696,dementia,1.189041095890411,1.0002229258408022
MrOS,74.0,1,0,0,1,28.327809410498286,42.77511961722488,censor,9.816438356164385,-1.1639634315716023
MrOS,89.0,1,0,0,1,20.053034627848508,2.4101479915433406,death,4.986301369863014,-4.012555681532902
MrOS,69.0,1,0,0,1,24.9821762122952,2.8860759493670884,dementia,7.331506849315068,-10.716143830217495
MrOS,76.0,1,0,0,1,21.676824105177182,0.0,dementia,1.1863013698630136,6.318407008998307
MrOS,79.0,1,0,0,1,23.419722726510383,6.959247648902822,censor,2.378082191780822,-0.128001852024596
MrOS,71.0,1,0,0,1,26.34136773312464,15.257731958762887,censor,11.271232876712329,3.6317905184834975
MrOS,81.0,1,0,0,1,23.95188237914904,1.0880829015544042,censor,10.490410958904109,-2.2416558559783937
MrOS,78.0,1,0,0,1,24.39446366782008,7.578947368421052,censor,2.16986301369863,-0.7497495582411062
MrOS,83.0,1,0,0,1,22.743186290432533,13.179190751445086,death,2.958904109589041,-4.530720266785096
MrOS,79.0,1,0,0,1,23.968886819829404,0.1948051948051948,censor,10.06027397260274,-13.826550370857206
MrOS,82.0,1,0,0,1,25.47950378666376,7.696335078534031,censor,11.210958904109589,-1.915977115861594
MrOS,74.0,1,0,0,1,25.266468402477784,4.122137404580153,censor,10.43013698630137,-3.062701232578405
MrOS,74.0,1,0,0,1,26.724858539094644,10.566037735849056,censor,10.31780821917808,-0.5832431649102006
MrOS,76.0,1,0,0,1,22.1061224489796,12.686567164179104,death,2.063013698630137,1.4369424415268952
MrOS,83.0,1,0,0,1,23.20771518510453,6.285714285714286,dementia,1.0712328767123287,-2.6999991911047942
MrOS,77.0,1,0,0,1,26.65325154152683,0.8356545961002786,dementia,1.282191780821918,0.4331664816256051
MrOS,70.0,1,0,0,1,28.06316079871492,20.38167938931298,death,4.353424657534247,-5.728904949803905
MrOS,77.0,1,0,0,1,28.18838853356918,2.2580645161290325,censor,10.068493150684931,-4.4020215702809935
MrOS,70.0,1,0,0,1,28.422243674089017,7.142857142857143,censor,11.147945205479452,3.8395931778862007
MrOS,70.0,1,0,0,1,28.502997745527395,4.220183486238532,censor,10.56986301369863,1.6970559183002931
MrOS,75.0,1,0,0,1,23.20876806473515,0.0,censor,10.493150684931509,-1.6074122174265
MrOS,72.0,1,0,0,1,26.58082791428075,4.640883977900552,censor,11.443835616438356,-0.7582716819910047
MrOS,80.0,1,0,0,1,37.51466605966608,10.331125827814567,dementia,0.4602739726027397,-11.612986538418497
MrOS,74.0,1,0,0,1,32.7912675428826,17.218934911242602,dementia,0.0,5.742489671141698
MrOS,71.0,1,0,0,1,30.300114308013644,0.7109004739336493,dementia,3.2739726027397262,0.382730149470305
MrOS,83.0,1,0,0,1,24.7234936433904,24.08977556109725,censor,9.98904109589041,-6.1275256785746
MrOS,71.0,1,0,0,1,26.06297259331244,27.692307692307693,censor,10.531506849315068,-5.264459969773
MrOS,69.0,1,0,0,1,28.05743311546811,10.481927710843374,censor,12.087671232876712,3.4531930790794974
MrOS,79.0,1,0,0,1,18.32635509967167,1.3953488372093024,dementia,1.0547945205479452,-0.861940882286305
MrOS,78.0,1,0,0,1,23.480455347889887,8.794788273615636,censor,10.504109589041096,1.014300520929595
MrOS,77.0,1,0,0,1,26.27038377216256,14.015748031496065,censor,9.605479452054794,1.1194780908839022
MrOS,73.0,1,0,0,1,26.0140030428338,7.535545023696683,death,2.9342465753424656,-4.953101697224994
MrOS,75.0,1,0,0,1,25.13810146908783,2.34718826405868,censor,12.087671232876712,-7.107316119086804
MrOS,71.0,1,0,0,1,22.584579249288584,0.8042895442359249,censor,10.931506849315069,-1.065089542391604
MrOS,73.0,1,0,0,1,30.67197421554596,21.97183098591549,death,2.2,-8.008194759173705
MrOS,70.0,1,0,0,1,24.92259335710265,6.573426573426573,censor,9.63013698630137,-2.3970554975646934
MrOS,71.0,1,0,0,1,24.67455946884069,1.3043478260869563,censor,11.175342465753424,-2.0211437612662024
MrOS,71.0,1,0,0,1,23.737428435362244,0.3448275862068966,censor,11.235616438356164,-1.4027088591401051
MrOS,72.0,1,0,0,1,26.11156915910887,12.080536912751676,censor,9.70958904109589,2.1563744884008003
MrOS,69.0,1,0,0,1,26.01439118297179,0.4511278195488721,censor,10.531506849315068,-4.454515120213799
MrOS,74.0,1,0,0,1,29.147877394288376,5.0,death,11.830136986301367,-3.102324427504101
MrOS,69.0,1,0,0,1,25.86239869155207,1.565217391304348,censor,10.501369863013698,-1.8733015956007928
MrOS,78.0,1,0,0,1,24.20837026045,0.8383233532934131,censor,9.605479452054794,-6.944524052697602
MrOS,80.0,1,0,0,1,26.49263776411924,0.8108108108108109,death,9.238356164383562,-1.1797126713853032
MrOS,72.0,1,0,0,0,18.74498033282531,2.752293577981652,censor,10.471232876712328,0.8524886861115988
MrOS,76.0,1,0,0,1,22.610616079935312,5.590062111801243,death,10.06027397260274,6.024207242626801
MrOS,84.0,1,0,0,1,29.501221751214384,35.38461538461539,dementia,4.315068493150685,0.3860032706274978
MrOS,81.0,1,0,0,1,29.93056933148185,11.890660592255124,censor,11.835616438356164,-6.885189593034895
MrOS,75.0,1,0,0,1,29.273484489261875,1.2203389830508475,death,4.857534246575343,-0.4023672744542068
MrOS,72.0,1,0,0,1,23.605764951940195,1.7543859649122806,censor,10.90958904109589,5.814794391690597
MrOS,76.0,1,0,0,1,25.07997376634744,9.569620253164556,death,9.06027397260274,-6.050834442329304
MrOS,78.0,1,0,0,1,26.655883374586708,20.10899182561308,death,6.16986301369863,-5.475966419962205
MrOS,75.0,1,0,0,1,30.37038782461624,29.46996466431096,death,8.90958904109589,3.887288542108493
MrOS,70.0,1,0,0,1,24.14837268564856,10.3125,censor,9.736986301369862,5.912613542213194
MrOS,78.0,1,0,0,0,23.41891676617437,8.439897698209718,censor,9.627397260273971,-1.4000815193475944
MrOS,70.0,1,0,0,1,30.758539766804702,2.4489795918367347,censor,9.715068493150683,2.193638858473406
MrOS,84.0,1,0,0,1,26.949579962744068,6.015424164524422,death,7.695890410958904,-3.929279259285707
MrOS,78.0,1,0,0,1,30.2831172132582,46.85878962536023,dementia,3.4383561643835616,-7.3412966482232065
MrOS,82.0,1,0,0,1,26.435950910542022,0.1566579634464752,censor,10.56986301369863,-1.7782644623168975
MrOS,71.0,1,0,0,1,25.05687422327757,8.601398601398602,censor,11.64931506849315,2.4129616054669043
MrOS,83.0,1,0,0,1,23.19106474043401,13.142857142857142,censor,10.561643835616438,-4.965344432971804
MrOS,84.0,1,0,0,1,24.46167731953065,2.4657534246575343,censor,0.0,-5.204008672125696
MrOS,73.0,1,0,0,1,27.76358708530475,13.488372093023257,censor,10.084931506849315,2.745734904485701
MrOS,74.0,1,0,0,1,25.6739389787899,1.542857142857143,censor,11.67123287671233,-4.466951857753898
MrOS,89.0,1,0,0,1,22.7646558631264,1.9701492537313432,death,9.542465753424658,-3.260730326555006
MrOS,75.0,1,0,0,1,34.15863296669275,10.985915492957746,censor,10.463013698630135,-1.3387059999737971
MrOS,70.0,1,0,0,1,35.80667022650374,6.382978723404255,censor,10.035616438356165,1.4522517937891024
MrOS,80.0,1,0,0,1,22.24644851613354,2.945736434108527,dementia,2.3863013698630136,3.7583938800461993
MrOS,77.0,1,0,0,1,25.44120887128216,19.6875,censor,10.73972602739726,-3.7383989707468
MrOS,74.0,1,0,0,1,26.141687948681856,27.57847533632287,censor,10.126027397260271,-11.8415438657536
MrOS,77.0,1,0,0,1,27.48093488401176,2.2222222222222223,death,8.580821917808219,-3.892764924456003
MrOS,71.0,1,0,0,1,30.751753219545936,23.37662337662337,censor,10.706849315068494,-8.889813662638197
MrOS,72.0,1,0,0,1,23.49647601339461,0.4568527918781725,censor,11.273972602739724,-3.9924517219616007
MrOS,74.0,1,0,0,1,27.955698201545783,12.90953545232274,dementia,10.408219178082192,-1.512337819550396
MrOS,77.0,1,0,0,1,25.21319206118153,0.8191126279863481,death,9.221917808219178,1.4976357350028024
MrOS,81.0,1,0,0,0,26.514921769380507,14.8,death,9.912328767123288,-0.5384324314966022
MrOS,80.0,1,0,0,1,26.78848717343108,9.272727272727272,death,2.6931506849315068,-5.238980562151994
MrOS,75.0,1,0,0,1,32.637582489772754,5.601965601965602,death,4.761643835616439,0.1843651835994961
MrOS,74.0,1,0,0,0,26.670846865623528,23.24175824175824,dementia,11.213698630136989,-3.1171013448033023
MrOS,79.0,1,0,0,0,22.294887039239,0.0,dementia,0.0,-11.740555675603702
MrOS,70.0,1,0,0,1,42.90595278175238,72.06703910614524,censor,9.663013698630136,8.989883244783599
MrOS,90.0,1,0,0,1,23.324095711206887,13.516483516483516,death,9.632876712328768,-9.248461151149598
MrOS,73.0,1,0,0,1,22.739072008419004,13.978494623655914,censor,10.504109589041096,-7.0504246845312935
MrOS,82.0,1,0,0,1,25.277359240121594,2.074468085106383,censor,10.586301369863014,-0.523568956529104
MrOS,78.0,1,0,0,1,28.063236770554905,12.0,death,11.786301369863011,-2.487266042464398
MrOS,82.0,1,0,0,1,20.87175588585508,3.7864077669902914,censor,10.558904109589042,-4.3316606900127965
MrOS,82.0,1,0,0,0,31.021043168372262,44.26229508196721,censor,11.52054794520548,-5.6895443031855
MrOS,83.0,1,0,0,1,23.26868833001961,2.795698924731183,dementia,0.936986301369863,-0.875790584272707
MrOS,69.0,1,0,0,1,26.166304204404845,5.051020408163265,censor,10.556164383561644,-1.3993171358675056
MrOS,75.0,1,0,0,1,24.738059148665577,2.2096317280453257,censor,10.452054794520548,2.062626831755693
MrOS,71.0,1,0,0,0,25.85565762035748,25.598194130925503,censor,10.66027397260274,-1.9093285127684965
MrOS,77.0,1,0,0,1,25.088304334606114,7.421052631578948,censor,10.964383561643835,4.8915988766700025
MrOS,81.0,1,0,0,1,27.22013182716356,9.155313351498638,dementia,3.282191780821918,-2.467813494130993
MrOS,72.0,1,0,0,1,23.49118518347436,0.0,death,10.18082191780822,5.108316621875304
MrOS,71.0,1,0,0,1,33.34388519573705,29.567307692307693,censor,10.616438356164384,6.0795875226601055
MrOS,73.0,1,0,0,1,25.97857250641316,2.6535626535626538,dementia,2.564383561643836,-2.6298357991066013
MrOS,85.0,1,0,0,1,22.31312263212745,1.935483870967742,censor,3.4712328767123286,-8.005142329816394
MrOS,72.0,1,0,0,1,24.26539170540757,1.7763157894736843,censor,10.509589041095891,-5.430863782589896
MrOS,75.0,1,0,0,0,27.54425053019185,1.5472779369627507,censor,10.46027397260274,-3.3334605797091967
MrOS,69.0,1,0,0,1,24.834325087789587,2.91754756871036,censor,10.96986301369863,1.9065239563822016
MrOS,73.0,1,0,0,1,26.32488023740256,0.3448275862068966,censor,9.676712328767124,1.6017738940506945
MrOS,82.0,1,0,0,0,31.493250866470245,48.80597014925373,censor,10.287671232876711,-1.528200572126195
MrOS,70.0,1,0,0,1,25.68133380153724,21.35593220338983,censor,11.082191780821915,-6.949916175911298
MrOS,71.0,1,0,0,1,25.821660590444345,21.60621761658031,censor,10.676712328767124,-5.5299121122288994
MrOS,69.0,1,0,0,1,25.170876126407787,1.566579634464752,censor,11.405479452054797,-3.084538221640898
MrOS,72.0,1,0,0,1,22.59048872165788,2.76657060518732,censor,10.646575342465754,-0.2971959066468059
MrOS,72.0,1,0,0,1,26.09347168846533,12.0,censor,10.30958904109589,-6.7479601337687
MrOS,73.0,1,0,0,1,20.50432072791255,0.0,death,5.983561643835617,3.520030965498094
MrOS,76.0,1,0,0,1,27.18371840376432,41.221374045801525,censor,10.084931506849315,-0.0985829314863053
MrOS,82.0,1,0,0,0,22.32581895703925,19.649122807017545,death,8.241095890410959,2.093799843552105
MrOS,72.0,1,0,0,0,26.64995712011352,1.099476439790576,censor,10.545205479452054,-4.344797660488794
MrOS,71.0,1,0,0,1,30.605059839724976,4.591029023746702,censor,9.356164383561644,-1.3662395885920944
MrOS,90.0,1,0,0,1,24.51493820032377,0.9574468085106383,death,5.586301369863014,-0.6057391930726936
MrOS,78.0,1,0,0,1,28.0563957563844,7.2592592592592595,dementia,1.2082191780821918,-1.7540820439946998
MrOS,75.0,1,0,0,0,29.05975083708118,50.26548672566372,death,3.747945205479452,-4.532350139402695
MrOS,84.0,1,0,0,1,27.562103480795603,61.30434782608695,death,11.063013698630137,-10.836188361012503
MrOS,71.0,1,0,0,1,25.30601751854884,0.0,dementia,2.7616438356164386,-3.567688927494302
MrOS,81.0,1,0,0,1,24.953721923418897,2.184466019417476,death,3.238356164383561,-4.447666447358301
MrOS,76.0,1,0,0,0,25.35014693637964,3.66412213740458,censor,10.175342465753424,-4.109208531127507
MrOS,75.0,1,0,0,1,24.36296816881056,1.973684210526316,censor,10.846575342465751,-3.1250374524776987
MrOS,69.0,1,0,0,1,23.768775399317462,6.80672268907563,censor,10.761643835616438,1.6399430195801017
MrOS,72.0,1,0,0,1,26.207489609139863,10.41509433962264,censor,10.36164383561644,2.4301657228051
MrOS,78.0,1,0,0,1,28.26449995534878,19.0,censor,11.9013698630137,-6.039244912776496
MrOS,92.0,1,0,0,1,24.33825636569933,30.63063063063063,dementia,0.0,-5.732112481864206
MrOS,75.0,1,0,0,1,29.49862668548484,4.717444717444717,censor,10.008219178082191,4.691723065078904
MrOS,74.0,1,0,0,1,23.803039751667768,2.349869451697128,death,5.476712328767123,1.183698396883898
MrOS,68.0,1,0,0,1,25.28206648010265,5.732484076433121,censor,10.789041095890411,-2.1173733870543003
MrOS,75.0,1,0,0,1,24.710389918160907,2.1479713603818618,censor,11.156164383561643,-11.713286068911202
MrOS,79.0,1,0,0,1,20.613930495563267,0.6779661016949152,censor,10.336986301369864,-5.4304352250834
MrOS,72.0,1,0,0,1,24.821727871768,3.103448275862069,death,5.742465753424658,-0.1210107690571931
MrOS,69.0,1,1,0,0,21.26146583778125,14.626038781163436,censor,3.5616438356164384,-4.337243048724801
MrOS,78.0,1,0,0,1,21.7749004992173,1.4835164835164836,death,6.6876712328767125,-17.4543253587576
MrOS,75.0,1,0,0,1,31.11202203360768,12.4,dementia,1.4164383561643836,-3.134833619629702
MrOS,74.0,1,0,0,1,26.042764040789187,9.501466275659824,censor,10.134246575342466,-1.6070553927238933
MrOS,73.0,1,0,0,1,30.93246380823621,6.857142857142857,censor,10.646575342465754,2.5368959466719048
MrOS,72.0,1,0,0,1,27.992129137782555,9.425981873111782,dementia,0.9561643835616438,-2.774718307775004
MrOS,75.0,1,0,0,0,23.811246141975303,4.5,censor,3.452054794520548,1.0634856718648962
MrOS,85.0,1,0,0,1,21.859191081450035,25.82278481012658,death,10.189041095890412,-16.265800623069893
MrOS,73.0,1,0,0,1,29.586290327495348,0.3389830508474576,censor,3.4383561643835616,5.081544357683995
MrOS,82.0,1,0,0,1,32.23910603562121,26.194690265486727,censor,11.578082191780824,-4.396757477052503
MrOS,76.0,1,0,0,1,31.034153559073363,6.828087167070218,censor,10.767123287671232,-1.252333410760798
MrOS,71.0,1,0,0,1,30.45307143691897,0.5263157894736842,censor,0.0,-1.2802540983321933
MrOS,71.0,1,0,0,1,28.923480364888785,2.9925187032418954,censor,9.397260273972602,2.984700395225701
MrOS,84.0,1,0,0,1,28.18481202101363,48.41379310344828,dementia,3.564383561643836,8.219204369276099
MrOS,76.0,1,0,0,1,28.46502033639838,21.08626198083067,censor,10.509589041095891,3.418940425215098
MrOS,80.0,1,0,0,1,28.708110288640253,2.1238938053097347,censor,10.92876712328767,-3.102221416981905
MrOS,85.0,1,0,0,1,23.648686496182968,16.751269035532996,dementia,1.4356164383561645,-3.1252295757663973
MrOS,79.0,1,0,0,1,27.805381345871947,2.4324324324324325,dementia,0.9863013698630136,-2.775512937276801
MrOS,69.0,1,0,0,1,33.97386948663845,3.07277628032345,censor,10.32876712328767,0.1829014099710946
MrOS,74.0,1,0,0,1,26.247874432872862,0.2637362637362637,dementia,0.0,2.9001422706221973
MrOS,75.0,1,0,0,1,31.556337575397343,46.970509383378015,censor,11.04931506849315,-4.2110924164284
MrOS,74.0,1,0,0,1,22.140661581042053,11.192660550458717,censor,10.942465753424658,4.288233716497999
MrOS,77.0,1,0,0,1,26.590899348422493,9.494949494949497,death,10.676712328767124,3.6999195608241
MrOS,70.0,1,0,0,1,23.526754365496966,1.0294117647058822,censor,11.024657534246575,-3.475460434294405
MrOS,82.0,1,0,0,1,23.899599064135742,2.942779291553133,death,5.947945205479452,1.342644134073396
MrOS,82.0,1,0,0,1,25.727353472587943,1.6179775280898876,censor,10.572602739726028,-4.506813197489805
MrOS,71.0,1,0,0,1,24.37500162067829,1.8633540372670807,censor,10.868493150684932,-7.008595320677699
MrOS,76.0,1,0,0,1,26.067660271084705,13.646209386281589,censor,10.967123287671232,7.458647339241196
MrOS,86.0,1,0,0,1,24.863745871144346,0.0,censor,11.183561643835615,-6.133545808497303
MrOS,76.0,1,0,0,1,29.57014005292661,13.010204081632653,dementia,1.0986301369863014,-0.6146256556368002
MrOS,72.0,1,0,0,1,29.082244886819364,11.921397379912664,censor,10.810958904109588,-2.035614681655403
MrOS,70.0,1,0,0,0,24.442459842444823,13.876651982378856,censor,11.084931506849315,0.6367285402863985
MrOS,82.0,1,1,0,0,23.37789831147113,26.68380462724936,censor,11.095890410958903,-3.7993819473499
MrOS,90.0,1,0,0,1,22.27263329592207,2.414860681114551,dementia,1.3506849315068492,-4.428983396047599
MrOS,83.0,1,0,0,1,20.956140825266345,1.6,death,10.745205479452055,0.2772827145270042
MrOS,81.0,1,0,0,1,20.46141146099369,37.59213759213759,dementia,0.810958904109589,-0.6716276228597025
MrOS,84.0,1,0,0,1,24.77166406772109,0.9202453987730062,dementia,3.1616438356164385,2.190249395715199
MrOS,86.0,1,0,0,1,32.23910302392877,8.193277310924369,death,3.0054794520547947,-7.424690610064999
MrOS,79.0,1,0,0,1,21.677203569877904,6.062176165803109,dementia,0.0,1.0178388029328005
MrOS,84.0,1,0,0,1,29.633717826539808,5.519287833827893,death,9.9013698630137,-3.441961067139303
MrOS,77.0,1,0,0,1,22.92670160465282,0.2985074626865671,censor,11.435616438356163,-3.647571862290605
MrOS,84.0,1,0,0,1,26.1183573335431,16.205787781350484,dementia,6.712328767123288,-1.821174723119796
MrOS,70.0,1,0,0,1,23.69779659783057,3.0508474576271185,censor,10.117808219178082,5.404201684643297
MrOS,78.0,1,0,0,1,27.731864095500462,11.8854415274463,censor,11.07945205479452,-6.947104249869099
MrOS,87.0,1,0,0,1,28.34861760847503,4.0,censor,10.816438356164385,-6.845236314390107
MrOS,73.0,1,0,0,1,24.271685172880183,5.346534653465347,death,12.265753424657534,0.0229166714093054
MrOS,83.0,1,0,0,1,22.012144440112607,3.183023872679045,death,11.893150684931507,-3.038839894953597
MrOS,78.0,1,0,0,1,31.36485899168024,37.21739130434783,censor,11.027397260273972,-2.6632995157712003
MrOS,80.0,1,0,0,0,25.68954539119567,11.636363636363637,dementia,0.0,-9.671615869681702
MrOS,87.0,1,0,0,1,26.77544781031887,5.570291777188329,censor,11.452054794520548,-3.3653752821468004
MrOS,83.0,1,0,0,1,27.01590868622864,22.67002518891688,censor,3.6986301369863015,-7.010730450910501
MrOS,68.0,1,0,0,1,25.63891004629324,10.959752321981425,censor,1.3150684931506849,6.492400330976906
MrOS,77.0,1,0,0,1,26.89355625632177,25.646437994722955,dementia,0.7287671232876712,5.545811262388099
MrOS,75.0,1,0,0,1,25.85820169873337,0.712166172106825,censor,11.12054794520548,1.248270075747996
MrOS,81.0,1,0,0,1,30.67320830631965,2.179176755447942,death,11.821917808219178,-0.063469777665901
MrOS,83.0,1,0,0,1,21.208241436204823,2.210526315789474,censor,11.506849315068491,-8.951625335393999
MrOS,80.0,1,0,0,1,28.73249240207684,17.03125,death,9.534246575342468,0.9651476940027948
MrOS,70.0,1,0,0,1,24.153808544235893,1.8461538461538465,censor,10.605479452054794,-5.802349584214596
MrOS,83.0,1,0,0,1,29.73349946174021,9.966777408637874,dementia,1.3534246575342466,-2.142004379102304
MrOS,88.0,1,0,0,1,26.245414363186818,8.20627802690583,death,7.591780821917808,-9.793335147659208
MrOS,84.0,1,0,0,1,26.88812021230412,14.311926605504588,death,3.3232876712328765,-9.161927598086606
MrOS,94.0,1,0,0,1,21.095919754071733,14.188034188034187,death,8.764383561643836,-1.3761522389226002
MrOS,84.0,1,0,0,1,26.68523467198615,12.743362831858407,dementia,6.265753424657534,3.573917426296205
MrOS,88.0,1,0,0,1,26.71008565094512,21.32992327365729,death,6.542465753424658,-6.838363474890102
MrOS,82.0,1,1,0,0,23.46484781295791,1.565217391304348,dementia,3.7424657534246575,-6.887836206517207
MrOS,79.0,1,0,0,1,22.576605113773663,1.9565217391304348,censor,11.161643835616438,3.385766890339596
MrOS,85.0,1,0,0,1,22.82726296681679,2.901098901098901,death,6.241095890410959,1.4725776577566023
MrOS,91.0,1,0,0,1,30.24683344927668,2.923076923076923,death,10.90958904109589,-11.414041087171
MrOS,72.0,1,0,0,1,28.38730666225381,0.2941176470588235,death,8.545205479452054,1.5632376557746
MrOS,83.0,1,0,0,1,24.33483810186718,4.971428571428572,dementia,6.3863013698630136,-4.845586391219101
MrOS,76.0,1,0,0,1,19.48117721921566,0.0,death,10.58904109589041,-7.391575861898801
MrOS,82.0,1,0,0,1,25.701641522780097,1.4334470989761092,dementia,3.580821917808219,-6.420926104335194
MrOS,86.0,1,0,0,1,26.083808449252736,6.9491525423728815,death,10.526027397260274,-1.529603277351697
MrOS,71.0,1,0,0,1,26.36380205792304,1.6853932584269662,censor,10.482191780821918,-4.436410541067005
MrOS,80.0,1,0,0,1,28.493033962000474,0.3389830508474576,censor,10.432876712328769,-0.0108103947245012
MrOS,88.0,1,1,0,0,22.14442866428857,0.32,dementia,5.7095890410958905,-3.948934312369502
MrOS,71.0,1,0,0,1,30.14492753623188,11.551724137931034,censor,10.92876712328767,5.0167201768122
MrOS,85.0,1,0,0,1,20.73058647010681,21.311475409836067,death,2.504109589041096,-7.927368488361793
MrOS,87.0,1,0,0,1,27.64551116678136,0.5217391304347826,death,4.038356164383561,-5.671020270109096
MrOS,74.0,1,0,0,1,29.79989733127827,30.69364161849711,death,7.879452054794521,-4.622568849669406
MrOS,83.0,1,0,0,1,23.913330690976352,0.9905660377358492,death,6.424657534246576,-5.687211329359002
MrOS,90.0,1,0,0,1,24.466625412260484,2.331288343558282,death,5.504109589041096,-6.899077336982998
MrOS,86.0,1,0,0,1,23.996158732551123,4.5528455284552845,death,1.83013698630137,-2.015134191012507
MrOS,88.0,1,0,0,1,26.71818153123238,3.605150214592274,death,5.435616438356164,-11.424942882770196
MrOS,76.0,1,0,0,1,24.20719662664856,23.870967741935484,censor,9.306849315068494,-1.1397977263078047
MrOS,84.0,1,0,0,1,21.726528057229288,0.0,death,1.868493150684932,2.508072008963296
MrOS,85.0,1,0,0,1,22.920912827023955,0.4838709677419355,death,2.287671232876712,-6.183361314672098
MrOS,73.0,1,0,0,1,25.49127873832692,2.246696035242291,censor,10.712328767123289,-5.451332921058594
MrOS,74.0,1,0,0,1,28.016854939931864,8.372093023255815,dementia,1.4931506849315068,0.5178988909581932
MrOS,83.0,1,0,0,1,24.071866042015337,0.1318681318681318,dementia,6.18082191780822,-3.0526354000026004
MrOS,73.0,1,1,0,0,33.559422661037864,41.78313253012048,death,9.126027397260271,4.564755213791699
MrOS,85.0,1,0,0,1,32.89702755748519,28.264462809917354,dementia,1.3863013698630138,-6.771514152149507
MrOS,85.0,1,0,0,1,26.834907647915347,3.1515151515151514,death,10.32054794520548,-2.7814815389092047
MrOS,69.0,1,0,0,1,26.56271225911623,4.853932584269663,dementia,10.90958904109589,-5.321773464502698
MrOS,75.0,1,0,1,0,31.82326521928412,3.9787798408488064,censor,10.67945205479452,-1.862057026425901
MrOS,88.0,1,0,0,1,22.82394241934308,10.95808383233533,death,3.2794520547945205,-5.616670753109602
MrOS,87.0,1,0,0,1,23.12498255658643,0.0,censor,11.591780821917808,-14.035032985944298
MrOS,87.0,1,0,0,1,22.69644900659152,7.902439024390244,death,10.210958904109589,-17.7622900177588
MrOS,77.0,1,0,1,0,23.87822573731138,1.7880794701986755,censor,0.0,4.443368195946803
MrOS,89.0,1,0,0,1,25.431938484228088,6.625766871165644,censor,11.652054794520549,-5.616243419161805
MrOS,92.0,1,0,0,1,22.334721069911133,16.997578692493946,dementia,0.0,0.9010402408413968
MrOS,74.0,1,0,0,1,35.25495671315524,33.41772151898734,censor,11.271232876712329,1.9596888270367003
MrOS,69.0,1,0,0,1,22.481325325085585,41.31147540983606,censor,10.68219178082192,-0.7948139985651039
MrOS,74.0,1,1,0,0,26.43514508064809,22.2,censor,10.816438356164385,4.058337444729503
MrOS,70.0,1,0,1,0,27.00540081010801,17.45098039215686,censor,10.871232876712329,-6.351985289420298
MrOS,78.0,1,1,0,0,22.599746268072813,21.688654353562004,censor,3.758904109589041,-6.637305814665396
MrOS,73.0,1,1,0,0,29.20705216661482,3.310344827586207,dementia,1.021917808219178,0.4407695124121034
MrOS,78.0,1,0,0,1,26.56286544822747,2.616822429906542,censor,10.786301369863011,-6.734316664073702
MrOS,80.0,1,1,0,0,26.164028594670427,16.253602305475503,death,3.772602739726028,-2.490547193789496
MrOS,75.0,1,1,0,0,20.48764112141096,5.9786476868327405,censor,3.66027397260274,-3.3308050989468967
MrOS,71.0,1,0,0,1,23.014952113357893,13.569482288828338,censor,10.586301369863014,7.402976135112198
MrOS,76.0,1,1,0,0,19.908172635445364,21.51394422310757,death,3.4657534246575343,-1.980109331437604
MrOS,83.0,1,0,0,1,24.51604143790121,14.006309148264984,dementia,10.652054794520549,-8.482480472362099
MrOS,70.0,1,1,0,0,27.16542979981926,11.333333333333334,death,7.917808219178082,1.5496909205448048
MrOS,87.0,1,0,0,1,25.88050791587727,7.522935779816514,death,4.435616438356164,-14.457352470573596
MrOS,85.0,1,0,0,1,26.48230375590297,1.8808777429467085,death,7.263013698630137,-8.120302129270996
MrOS,84.0,1,0,0,1,25.72942371897228,6.329113924050633,censor,10.767123287671232,-7.0407826029587
MrOS,84.0,1,0,0,1,26.46968713956171,13.76770538243626,death,8.202739726027398,0.6785963499507943
MrOS,85.0,1,0,0,1,25.994408881161185,6.625766871165644,death,6.287671232876712,-2.318870350649803
MrOS,77.0,1,1,0,0,26.845134787548847,25.05263157894737,death,10.161643835616438,-6.251476530214205
MrOS,79.0,1,1,0,0,24.012704163484702,7.927461139896373,dementia,11.147945205479452,-1.586337609386803
MrOS,70.0,1,1,0,0,23.1677433726888,7.164179104477612,censor,11.216438356164383,1.3882553577784051
MrOS,78.0,1,1,0,0,21.087564130845102,18.135593220338983,death,3.484931506849315,-2.747102752688207
MrOS,82.0,1,1,0,0,26.320134140912383,30.3680981595092,censor,3.5287671232876714,-2.283117645140805
MrOS,68.0,1,0,0,1,24.849331111211207,1.6400911161731206,censor,10.846575342465751,3.805297414814405
MrOS,73.0,1,1,0,0,28.82831551065121,1.2030075187969924,censor,11.18082191780822,0.3338072777610961
MrOS,87.0,1,0,0,1,24.303109577890343,1.895910780669145,death,8.189041095890412,-4.448302836202004
MrOS,84.0,1,0,0,1,25.714538480657342,20.6896551724138,dementia,5.594520547945206,-7.654612845698693
MrOS,69.0,1,0,1,0,24.90976338357377,7.539267015706806,dementia,1.4301369863013698,10.007698637940804
MrOS,74.0,1,1,0,0,22.3608080240138,2.0642201834862384,censor,11.054794520547944,-2.114560622521907
MrOS,71.0,1,1,0,0,26.074114453542187,0.3191489361702128,death,2.495890410958904,2.132794892199101
MrOS,70.0,1,1,0,0,22.5355417687324,1.4361702127659577,dementia,1.3232876712328767,-3.6074323538116033
MrOS,75.0,1,1,0,0,26.55044082724665,3.031578947368421,dementia,1.304109589041096,5.093107541074801
MrOS,73.0,1,1,0,0,22.799570745287365,27.982062780269057,censor,10.923287671232876,1.3600404389196967
MrOS,89.0,1,0,0,1,24.91362464609252,13.83177570093458,censor,10.304109589041095,-7.976672868763302
MrOS,87.0,1,0,0,1,26.17680374178712,42.0,death,3.290410958904109,-1.4883667021137938
MrOS,86.0,1,0,0,1,21.37036506214041,0.0,death,8.635616438356164,-3.6889544619641015
MrOS,77.0,1,0,0,1,29.08338077739248,0.6593406593406593,censor,11.123287671232877,0.2160657971787003
MrOS,87.0,1,0,0,1,25.349197949191616,14.126984126984128,dementia,10.446575342465753,-6.056567676737004
MrOS,84.0,1,1,0,0,23.55027057578729,4.029850746268656,censor,11.490410958904109,-3.776967181444704
MrOS,69.0,1,1,0,0,23.756273556720863,15.168539325842696,censor,10.684931506849315,4.859982186576701
MrOS,70.0,1,0,0,1,23.64134503492352,1.7687074829931972,censor,10.884931506849314,0.925346943338596
MrOS,78.0,1,1,0,0,22.94044153251117,16.066350710900473,censor,5.736986301369863,-0.4627026756318031
MrOS,81.0,1,1,0,0,24.328014081125577,8.096385542168674,censor,11.465753424657532,-2.788399283390106
MrOS,70.0,1,0,0,1,25.064731617438174,3.815028901734104,censor,10.58904109589041,-2.141392100059207
MrOS,72.0,1,1,0,0,32.21309203191362,3.5779816513761467,censor,10.734246575342466,6.846278063176499
MrOS,78.0,1,1,0,0,31.69497188817154,23.09623430962343,dementia,0.0,-20.180735120067503
MrOS,76.0,1,0,0,1,26.494751984655554,3.591549295774648,dementia,6.3863013698630136,-2.5734017801975995
MrOS,80.0,1,1,0,0,26.65401922128546,7.52,dementia,1.4794520547945205,-3.886736366180799
MrOS,75.0,1,0,0,0,40.46901136585764,14.08695652173913,dementia,11.03835616438356,3.565911222654506
MrOS,70.0,1,1,0,0,25.75595729447029,34.98489425981873,censor,10.63835616438356,-5.699984958109198
MrOS,75.0,1,0,0,1,24.479351025205048,5.917808219178082,death,10.219178082191782,-8.901402967323904
MrOS,74.0,1,0,0,1,25.23273672021402,1.7518248175182485,censor,10.550684931506847,-4.847850612578
MrOS,81.0,1,0,0,1,26.604938271604937,19.166666666666668,death,8.797260273972602,-8.186918529017404
MrOS,79.0,1,0,0,1,23.12928651896105,8.240343347639485,death,9.865753424657534,6.404393847280602
MrOS,80.0,1,0,0,1,24.998331458210185,15.0,censor,11.216438356164383,1.418910617017204
MrOS,76.0,1,0,0,1,26.45217234415072,5.545023696682464,death,4.276712328767124,-7.6957903961694
MrOS,79.0,1,0,0,1,25.143991174913904,35.895953757225435,death,3.293150684931507,-7.597702443714795
MrOS,75.0,1,0,0,1,25.843544015955093,0.48,dementia,1.2383561643835617,2.6176353679394992
MrOS,79.0,1,0,0,0,33.24356312064884,3.692307692307693,death,11.904109589041097,5.518684877377595
MrOS,71.0,1,0,0,1,26.35577789299997,4.63768115942029,censor,11.194520547945206,5.049447815828401
MrOS,74.0,1,0,0,0,22.16330734666173,3.706563706563706,dementia,1.6054794520547946,-1.7527453154832957
MrOS,76.0,1,0,0,1,20.668727705112964,0.1886792452830188,censor,10.843835616438357,3.096435509058594
MrOS,77.0,1,0,0,1,27.31796396085515,28.29268292682927,death,10.884931506849314,5.935457610962004
MrOS,76.0,1,0,0,1,24.27797491752932,21.44,censor,11.43013698630137,-1.752183141970093
MrOS,83.0,1,0,1,0,22.970215496277145,13.943661971830986,dementia,6.624657534246575,6.077700453330607
MrOS,76.0,1,0,0,1,31.64580791699953,30.61946902654867,censor,6.4301369863013695,8.7243179722567
MrOS,73.0,1,0,0,1,27.77560237032396,0.2586206896551724,dementia,3.6986301369863015,-10.060190221665302
MrOS,77.0,1,0,0,0,23.57699624201065,3.75,censor,0.0,-1.9455754500375944
MrOS,77.0,1,0,1,0,25.52102569640299,12.391304347826088,dementia,1.5123287671232877,4.094978204719098
MrOS,74.0,1,0,0,1,21.378644718680853,2.5846153846153848,censor,9.972602739726028,-0.7711055283715069
MrOS,72.0,1,0,0,1,23.22526328013297,1.313868613138686,dementia,1.4136986301369865,-1.7724665747588944
MrOS,72.0,1,0,0,1,34.22943936786125,28.75,censor,11.175342465753424,2.234927382737098
MrOS,81.0,1,0,0,1,25.36317052257415,14.210526315789474,death,5.120547945205479,-7.877978734908396
MrOS,88.0,1,0,0,1,22.76201493211855,0.1515151515151515,dementia,11.306849315068494,-5.489630145232894
MrOS,70.0,1,0,0,1,25.894777582498456,5.5762081784386615,censor,10.591780821917808,-1.0330419686278989
MrOS,78.0,1,0,0,1,27.14741051596298,19.88059701492537,censor,10.934246575342463,-8.072831045797301
MrOS,77.0,1,0,0,1,26.997245179063363,2.517482517482517,dementia,1.2,3.333386133698596
MrOS,70.0,1,0,1,0,24.28049181207364,25.671641791044777,death,11.210958904109589,-6.196661793420397
MrOS,83.0,1,0,1,0,31.72636439444446,55.17426273458445,death,7.186301369863013,-5.9552294857276
MrOS,79.0,1,0,0,1,22.432635713103465,4.984615384615385,dementia,1.2219178082191782,-4.811426704023006
MrOS,72.0,1,0,0,1,27.576212943927946,37.65807962529274,death,2.2054794520547945,-2.099640145687104
MrOS,75.0,1,0,0,1,24.961564487572844,4.37956204379562,death,6.421917808219178,-3.085762342201903
MrOS,70.0,1,0,0,0,23.624627270146927,6.19647355163728,censor,11.161643835616438,-1.6904764276950033
MrOS,74.0,1,0,0,1,28.314128372437413,23.89830508474576,censor,10.610958904109587,-3.5977521383861983
MrOS,69.0,1,0,0,0,25.60553633217993,0.9917355371900828,censor,11.246575342465754,-1.2772013918992968
MrOS,75.0,1,0,0,1,25.597947383269748,21.5686274509804,censor,10.31780821917808,1.6991829449594036
MrOS,78.0,1,0,0,1,28.981879537427844,0.7100591715976331,death,6.7835616438356166,4.776371628801897
MrOS,69.0,1,0,0,1,29.065225474932657,8.52367688022284,censor,11.449315068493153,6.349795408860999
MrOS,84.0,1,0,0,1,24.732985400084832,6.509433962264151,censor,10.873972602739729,0.0928755332978994
MrOS,77.0,1,0,0,1,37.56210562787485,18.26086956521739,censor,6.2465753424657535,9.756427382168797
MrOS,85.0,1,0,0,1,25.75732386088235,22.92803970223325,death,5.06027397260274,-5.550454572260307
MrOS,85.0,1,0,0,1,28.25149345295865,13.659942363112393,death,7.821917808219178,-7.667342006919995
MrOS,84.0,1,0,0,1,18.51848104749205,45.37815126050421,dementia,0.6931506849315069,1.974852609985902
MrOS,84.0,1,0,0,1,32.204452265525696,20.949720670391063,death,4.821917808219178,-9.6668077997233
MrOS,82.0,1,0,0,1,29.83279881310533,8.137931034482758,death,6.838356164383562,4.482246740194995
MrOS,74.0,1,0,0,1,29.6379747535014,3.09278350515464,death,6.63013698630137,-7.342143632941102
MrOS,81.0,1,0,0,1,27.578291456468342,28.70967741935484,death,8.164383561643836,1.1311704247085004
MrOS,82.0,1,0,0,1,25.24371493286206,13.866666666666667,censor,11.756164383561645,-4.682517469714199
MrOS,78.0,1,0,0,1,33.93392185646202,34.26229508196721,censor,11.183561643835615,1.2064193073963023
MrOS,89.0,1,0,0,1,26.16258257687885,26.1340206185567,death,9.893150684931507,-7.896314156000599
MrOS,76.0,1,0,0,1,28.554923732800223,36.17328519855596,death,7.35068493150685,-0.0997516465771042
MrOS,88.0,1,0,0,1,21.99293520593286,19.375,dementia,1.252054794520548,-0.3361927466502976
MrOS,83.0,1,0,0,1,27.33188301668245,3.870967741935484,censor,10.898630136986302,-4.004012804807502
MrOS,78.0,1,0,0,1,31.300298434758624,30.309278350515463,censor,10.421917808219176,-7.257064668298497
MrOS,70.0,1,0,0,1,29.09986112864537,10.275229357798166,dementia,5.904109589041096,-0.0354746614616061
MrOS,82.0,1,0,0,1,24.70950782587749,15.0,death,10.01095890410959,0.6913910238067018
MrOS,80.0,1,0,0,1,29.60288048897975,16.807817589576548,dementia,1.2328767123287672,-9.661660218311496
MrOS,80.0,1,0,0,1,29.28582250961196,7.363636363636363,death,8.865753424657534,0.772212572893693
MrOS,81.0,1,0,0,1,25.593854316853395,12.63157894736842,death,9.441095890410958,-3.345435085539904
MrOS,82.0,1,0,0,1,29.637233155822354,24.11214953271028,death,7.810958904109589,-1.8084588263022
MrOS,88.0,1,0,0,1,26.73734541449069,39.163987138263664,death,4.347945205479452,-8.1445230291895
MrOS,78.0,1,0,0,1,28.29729227034224,31.0,censor,11.558904109589042,-4.412086994077995
MrOS,72.0,1,0,0,1,26.375094622820964,0.0,death,7.186301369863013,-9.265718274216503
MrOS,81.0,1,0,1,0,32.32642379449671,13.71824480369515,death,6.523287671232877,-6.877241945213399
MrOS,90.0,1,0,0,1,22.53881267841933,13.592677345537757,death,8.583561643835617,3.2274899168727984
MrOS,77.0,1,0,0,1,27.602921653169936,1.530612244897959,censor,10.424657534246576,0.4764592409070047
MrOS,73.0,1,0,0,1,31.796904136266804,12.82258064516129,death,5.002739726027397,1.3623838292844963
MrOS,72.0,1,0,0,1,28.214914818136755,2.416107382550336,censor,10.797260273972602,1.6880530245746996
MrOS,83.0,1,0,0,1,27.53211138569034,34.73684210526316,dementia,7.071232876712329,1.5542269698570976
MrOS,81.0,1,0,0,1,25.196300175282264,4.3478260869565215,censor,3.372602739726027,-9.156191159350996
MrOS,75.0,1,0,0,1,25.08877393849846,27.24137931034483,censor,11.254794520547945,0.7752199809903999
MrOS,71.0,1,0,0,1,27.013238171020905,9.815668202764977,censor,10.312328767123288,1.3072375521137047
MrOS,79.0,1,0,0,1,26.95914498115077,1.1111111111111112,death,10.31780821917808,-7.417334748395106
MrOS,78.0,1,0,0,1,28.058727390763657,4.911504424778761,dementia,4.13972602739726,-4.185742944252397
MrOS,78.0,1,0,0,1,32.13853834890417,1.1464968152866242,death,6.854794520547945,-5.729233522116502
MrOS,91.0,1,0,0,1,25.308681229171064,36.40243902439025,death,10.838356164383562,-12.185295069114405
MrOS,71.0,1,0,0,1,29.121232194944568,12.124352331606218,censor,10.235616438356164,7.437935431054598
MrOS,81.0,1,0,0,1,31.583105571580464,22.03791469194313,dementia,3.3972602739726026,-0.7789478776859937
MrOS,84.0,1,0,0,1,27.47250553243553,14.149253731343284,dementia,6.556164383561644,-4.374669709715207
MrOS,77.0,1,0,0,1,27.20347398438141,14.75728155339806,censor,10.197260273972605,-5.595269006971094
MrOS,82.0,1,0,0,1,24.36225845423726,18.60759493670886,dementia,0.0,-5.291845453471396
MrOS,77.0,1,0,0,1,33.41994343115207,0.0,dementia,1.1863013698630136,-3.459209042754793
MrOS,75.0,1,0,0,1,26.63255819272713,16.739811912225704,censor,10.24109589041096,-3.185958220953296
MrOS,70.0,1,0,0,1,27.329767690640963,15.145631067961164,censor,10.665753424657536,-3.2717772240202976
MrOS,70.0,1,0,0,1,32.70981241041097,15.978260869565217,censor,10.726027397260276,-8.430493694539003
MrOS,77.0,1,0,0,1,26.814495950669528,4.5,death,10.695890410958905,7.156771110832494
MrOS,71.0,1,0,0,1,27.77494359985943,20.64516129032258,censor,10.391780821917807,-2.838209389968497
MrOS,69.0,1,0,0,1,25.909075536970768,4.939024390243903,death,9.736986301369862,5.986225765936595
MrOS,76.0,1,0,0,1,35.08705020880609,56.6077738515901,death,11.780821917808218,13.833556634290105
MrOS,82.0,1,0,0,1,17.020259683000805,3.8181818181818175,dementia,3.5205479452054798,-3.783830117365696
MrOS,70.0,1,0,0,1,24.887901582959543,1.4007782101167314,censor,9.863013698630136,-12.8292153586114
MrOS,71.0,1,0,0,1,31.43827887361753,54.03726708074535,censor,10.347945205479451,4.3388490505319055
MrOS,71.0,1,0,0,1,29.86373123092665,15.652173913043478,censor,11.087671232876712,5.1805944346372
MrOS,72.0,1,0,0,1,27.26369095041468,6.630727762803234,censor,11.2986301369863,2.6920308679975022
MrOS,78.0,1,0,0,1,24.45612608896115,41.711229946524064,dementia,1.4575342465753425,7.1045667337575935
MrOS,76.0,1,0,0,1,26.054914617303982,10.248447204968944,death,9.09041095890411,-5.1215027645776985
MrOS,69.0,1,0,0,1,27.66306606833299,16.694214876033058,censor,10.684931506849315,-4.388113989732901
MrOS,74.0,1,0,0,1,34.58673631857862,63.48837209302326,dementia,2.841095890410959,-5.534394156363703
MrOS,79.0,1,0,0,1,32.44473592839782,11.145510835913312,censor,9.838356164383562,-5.531687301636097
MrOS,80.0,1,0,0,1,30.11130583350608,24.96,censor,11.443835616438356,-15.554009540288009
MrOS,69.0,1,0,0,1,42.23742914630492,20.0,death,8.353424657534246,3.880039692937302
MrOS,73.0,1,0,0,1,32.69041101980679,22.320819112627987,dementia,1.367123287671233,1.0955622780249
MrOS,74.0,1,0,0,1,28.666732804147603,8.571428571428571,death,9.613698630136986,-2.341135502659
MrOS,87.0,1,0,0,1,26.6908636870294,0.1574803149606299,dementia,0.7643835616438356,-7.902767586037996
MrOS,76.0,1,0,0,1,27.29599546062858,13.065902578796562,death,2.673972602739726,4.719084848610805
MrOS,78.0,1,0,0,1,23.28981020821494,26.15730337078652,death,10.8,-15.9197146808093
MrOS,78.0,1,0,0,1,30.014603826911195,51.23076923076923,death,11.52054794520548,-3.957564926020893
MrOS,84.0,1,0,0,1,23.296130515997824,7.902439024390244,dementia,5.405479452054794,-6.1340100187292
MrOS,72.0,1,0,0,1,28.455422027090744,32.816326530612244,censor,10.657534246575343,-5.207920756151296
MrOS,86.0,1,0,0,1,21.08245625131118,16.187683284457478,dementia,9.972602739726028,-6.311871373510698
MrOS,68.0,1,0,0,1,33.79713020248692,12.755905511811024,censor,11.397260273972602,3.460934236090793
MrOS,70.0,1,0,0,1,28.289407598625647,4.782608695652174,death,10.24931506849315,4.352906664560393
MrOS,72.0,1,0,0,1,25.47781480741583,33.04347826086956,dementia,0.0,-7.613836369493697
MrOS,71.0,1,0,0,1,25.141811023899454,20.0,censor,10.032876712328768,-4.919016243380099
MrOS,79.0,1,0,0,1,24.50516197108493,24.484304932735427,death,8.76986301369863,-6.376984846184499
MrOS,81.0,1,0,0,1,24.91065551002662,9.117647058823527,death,4.161643835616438,-1.8398667840204013
MrOS,80.0,1,0,0,1,27.242968830173343,44.48275862068966,death,3.33972602739726,-15.250326860573791
MrOS,69.0,1,0,0,1,31.49050229116677,5.853658536585366,censor,10.24109589041096,-4.629949779945704
MrOS,70.0,1,0,0,1,28.606408074293046,3.767441860465116,death,7.120547945205479,2.003127926343097
MrOS,80.0,1,0,0,1,29.79056210106173,14.810126582278482,censor,10.912328767123288,-9.585385875489806
MrOS,69.0,1,0,0,1,25.12365346880352,15.632183908045976,death,11.052054794520547,6.730131404270395
MrOS,75.0,1,0,0,1,25.642945896128825,12.68456375838926,censor,10.64931506849315,-5.756777354206093
MrOS,76.0,1,0,0,1,28.05347797376536,21.176470588235293,death,9.975342465753425,-0.2231545755081043
MrOS,70.0,1,0,0,1,36.12686410417979,8.53211009174312,censor,10.454794520547946,-1.056498239462499
MrOS,88.0,1,0,0,1,21.68997836356512,17.894736842105264,censor,10.095890410958903,-2.0808453005185044
MrOS,68.0,1,0,0,1,21.38468809073724,6.134663341645886,death,6.5479452054794525,-2.3221147972265044
MrOS,83.0,1,0,0,1,27.587527206418024,27.39884393063584,censor,10.704109589041096,-3.5792494682357017
MrOS,73.0,1,0,0,1,32.54272929878528,9.389312977099236,censor,10.528767123287672,-2.138081938973897
MrOS,73.0,1,0,0,1,28.636650803440705,25.0,dementia,11.810958904109588,1.9982538500860016
MrOS,74.0,1,0,0,1,27.33633366119819,15.089820359281438,censor,10.367123287671232,-0.0423870855942993
MrOS,74.0,1,0,0,1,32.37463932628376,27.375,censor,10.03013698630137,1.5984699747511968
MrOS,70.0,1,0,0,1,36.44577393852447,7.477203647416413,censor,10.586301369863014,3.6390210694136016
MrOS,73.0,1,0,0,1,25.1251124262228,45.56149732620321,censor,11.186301369863012,-2.0150971774745017
MrOS,70.0,1,0,0,1,25.78576142072254,51.1764705882353,censor,10.334246575342464,-4.628499023075193
MrOS,74.0,1,0,0,1,31.38138503311913,7.537688442211055,censor,9.92876712328767,-8.623118790486302
MrOS,71.0,1,0,0,1,23.76648242691435,1.3725490196078431,censor,10.704109589041096,3.258169875334005
MrOS,75.0,1,0,0,1,27.12779282183257,7.397260273972603,censor,10.736986301369862,-10.683500254082404
MrOS,73.0,1,0,0,1,24.963920062916543,23.76068376068376,censor,11.197260273972605,-6.815712294170595
MrOS,74.0,1,0,0,1,25.37236833759089,27.013574660633484,censor,11.67945205479452,-5.901262839841607
MrOS,69.0,1,0,0,1,31.261884768312346,11.3312693498452,censor,10.830136986301367,1.8511229222394967
MrOS,83.0,1,0,0,1,31.62519666686091,50.64356435643565,dementia,0.536986301369863,-3.978862135184997
MrOS,77.0,1,0,0,1,26.389396091277952,4.639175257731959,censor,11.421917808219176,-2.589758481495096
MrOS,72.0,1,0,0,1,34.26590847936026,36.87898089171974,death,10.12054794520548,4.861357734819094
MrOS,72.0,1,0,0,1,26.956022929263032,13.533834586466163,censor,10.936986301369863,1.3992044661137015
MrOS,79.0,1,0,0,1,30.41189038113217,14.070080862533692,censor,10.33972602739726,-6.429148742692703
MrOS,83.0,1,0,0,1,23.90958818822008,1.7940199335548173,dementia,1.115068493150685,-1.0304040929837015
MrOS,82.0,1,0,0,1,34.588727457742095,54.08759124087591,death,9.553424657534247,-7.279906161888704
MrOS,82.0,1,0,0,1,30.27368027614561,24.028436018957347,death,4.747945205479452,-5.258596420755595
MrOS,69.0,1,0,0,1,26.45603140020053,24.06015037593985,censor,9.843835616438357,6.685001523250307
MrOS,74.0,1,0,0,1,37.36597052223609,47.61290322580645,death,5.495890410958904,-11.680413121700497
MrOS,79.0,1,0,0,1,30.99184522924675,7.044534412955466,death,8.131506849315068,-10.569485998991198
MrOS,73.0,1,0,0,1,33.023227435260054,15.567567567567568,death,6.336986301369863,0.8591513825502943
MrOS,78.0,1,0,0,1,25.28665848829328,9.9375,death,4.980821917808219,1.8148784572881027
MrOS,76.0,1,0,0,1,28.36176149600032,1.094224924012158,death,3.682191780821918,-7.155632297287298
MrOS,80.0,1,0,0,1,22.84092426130296,21.38801261829653,censor,9.841095890410958,-9.329675737864504
MrOS,84.0,1,0,0,1,23.20087553290018,11.326530612244898,censor,10.087671232876712,-6.393754434044595
MrOS,78.0,1,0,0,1,29.587114336299223,7.549668874172186,censor,9.717808219178082,-1.4312648621683053
MrOS,79.0,1,0,0,1,30.80349174238625,9.517241379310343,dementia,10.912328767123288,-7.722429057334395
MrOS,79.0,1,0,0,1,33.19863939589278,0.392156862745098,dementia,3.293150684931507,0.1080019456688035
MrOS,78.0,1,0,0,1,32.3798638923642,24.895104895104897,death,3.821917808219178,1.3440525923260935
MrOS,76.0,1,0,0,1,28.3912731264219,12.96398891966759,death,9.194520547945206,0.6267299885445965
MrOS,79.0,1,0,0,1,25.988625656591868,9.116022099447514,dementia,0.9041095890410958,-8.035567690676501
MrOS,77.0,1,0,0,1,24.77278189613155,5.753424657534247,death,11.189041095890412,-3.2263083933629986
MrOS,70.0,1,0,0,1,34.27621487759107,29.75741239892184,censor,10.238356164383562,4.868215273260304
MrOS,81.0,1,0,0,1,25.18693427784337,17.070422535211268,death,9.75068493150685,-5.431542618299105
MrOS,71.0,1,0,0,1,22.799443023018387,11.505154639175258,death,10.432876712328769,-1.7136634289607002
MrOS,71.0,1,0,0,1,26.27352159670533,0.8304498269896193,censor,10.13972602739726,-0.7208700425366033
MrOS,70.0,1,0,0,1,30.00809044941391,8.300970873786408,censor,11.29041095890411,0.5612232721380934
MrOS,80.0,1,0,0,1,22.71983565876572,27.22388059701493,death,4.397260273972603,-0.4049957923812002
MrOS,74.0,1,0,0,1,25.319480292650745,15.886524822695035,censor,10.054794520547944,-0.3957372693416943
MrOS,78.0,1,0,0,1,34.0359195664032,7.267080745341615,dementia,10.684931506849315,4.0989679791305065
MrOS,82.0,1,0,0,1,25.29894036091047,14.878706199460916,death,7.742465753424658,-9.507376352509295
MrOS,80.0,1,0,0,1,24.606742640667186,30.919220055710305,death,7.96986301369863,-5.679506825422294
MrOS,79.0,1,0,0,1,23.1739357696975,17.54152823920266,censor,10.246575342465754,-4.717186926916696
MrOS,73.0,1,0,0,1,31.79881198347108,9.192200557103064,censor,3.5972602739726027,-14.291874748377502
MrOS,71.0,1,0,0,1,25.62141667324307,4.534005037783375,death,9.33972602739726,1.5490509698417014
MrOS,77.0,1,0,0,1,28.058136524976664,10.271739130434783,censor,10.956164383561644,-2.374497964713996
MrOS,70.0,1,0,0,1,29.4707077527282,15.141955835962143,death,1.4328767123287671,3.8260188603129
MrOS,68.0,1,0,0,1,26.553144409318424,12.06896551724138,censor,11.07123287671233,-2.4072910628404003
MrOS,80.0,1,0,0,1,30.32140412387656,23.350515463917525,death,3.704109589041096,1.5718878278540984
MrOS,83.0,1,0,0,1,27.51337990466266,9.545454545454543,censor,6.167123287671233,0.2190597062137982
MrOS,78.0,1,0,0,1,24.89001480369468,9.113924050632912,censor,3.0273972602739727,-3.874749927579103
MrOS,70.0,1,0,0,1,28.00759316970378,15.376044568245126,censor,10.684931506849315,-4.562240988290597
MrOS,76.0,1,0,0,1,33.78459741208627,21.386138613861387,censor,10.972602739726028,-2.6304691182322983
MrOS,82.0,1,0,0,1,29.47043546990854,45.86538461538461,death,2.6767123287671235,-0.8498373672932047
MrOS,71.0,1,0,0,1,28.83846340711528,21.1965811965812,death,7.93972602739726,2.2616859866266026
MrOS,79.0,1,0,0,1,25.23950436436303,6.224066390041494,dementia,5.098630136986301,-3.5589872986848974
MrOS,80.0,1,0,0,1,29.850616476457724,54.40860215053763,censor,10.775342465753424,-9.8711590401048
MrOS,78.0,1,0,0,1,24.0146418782943,14.60620525059666,death,3.8767123287671232,-7.1382969280779065
MrOS,74.0,1,0,0,1,24.28934602729717,31.2,censor,10.202739726027398,0.5430880144030965
MrOS,76.0,1,0,0,1,29.191356649587885,8.041237113402062,censor,9.635616438356164,8.406906652317602
MrOS,73.0,1,0,0,1,24.55302896626301,2.0388349514563107,censor,11.276712328767124,6.730400835317994
MrOS,81.0,1,0,0,1,21.00382283393882,28.65384615384616,death,6.410958904109589,-6.100637094070294
MrOS,72.0,1,0,0,1,30.40917982279424,13.663366336633665,censor,10.032876712328768,-1.0828917209727962
MrOS,78.0,1,0,0,1,30.8707006506552,6.923076923076923,censor,10.6986301369863,-4.0334602605410055
MrOS,78.0,1,0,0,1,28.11515734154117,4.236902050113895,dementia,1.073972602739726,0.8922114556135057
MrOS,76.0,1,0,0,1,33.521241135756306,2.1686746987951806,censor,10.315068493150685,2.0265888720950045
MrOS,68.0,1,0,0,1,24.34559905804664,7.519181585677749,censor,11.545205479452054,-2.9895089214790005
MrOS,72.0,1,0,0,1,26.729927495071667,5.501432664756447,censor,11.142465753424656,6.414577882688107
MrOS,83.0,1,0,0,1,35.47529881003911,19.818181818181817,death,8.904109589041095,-9.1366861177345
MrOS,69.0,1,0,0,1,32.91638285911124,17.51824817518248,dementia,10.90958904109589,3.3612927664070043
MrOS,68.0,1,0,0,1,28.03624194758212,8.7,censor,10.813698630136988,7.421382644240893
MrOS,76.0,1,0,0,1,30.91728482167261,14.802631578947368,censor,11.24109589041096,2.0566001654559045
MrOS,78.0,1,0,0,1,24.44180208746201,2.857142857142857,censor,9.37808219178082,4.915235077245995
MrOS,68.0,1,0,0,1,26.90124690522576,4.012158054711247,censor,10.082191780821915,8.497865832679096
MrOS,78.0,1,0,0,1,29.70133412705409,3.52,censor,3.649315068493151,-9.852388241508194
MrOS,73.0,1,0,0,1,26.05357752684617,1.1455847255369929,death,10.986301369863014,5.670325777307696
MrOS,80.0,1,0,0,1,26.01070154577883,3.4615384615384617,dementia,3.641095890410959,-10.002276878551996
MrOS,84.0,1,0,0,1,27.34375,5.869565217391305,censor,9.775342465753424,3.292784929999101
MrOS,74.0,1,0,0,1,28.080698498997865,8.804347826086957,death,3.3863013698630136,-4.775074883950296
MrOS,82.0,1,0,0,1,25.209712643272365,16.102941176470587,censor,10.493150684931509,-0.3777989077998001
MrOS,75.0,1,0,0,1,30.635558414146228,3.260869565217391,censor,3.43013698630137,5.380896938962195
MrOS,82.0,1,0,0,1,32.54751428530744,8.483290488431876,censor,10.6986301369863,-6.993278743099907
MrOS,80.0,1,0,0,1,30.81359140111178,17.2972972972973,censor,10.26027397260274,-1.7329066750608035
MrOS,71.0,1,0,0,1,45.43469448105549,10.989010989010987,death,7.252054794520548,6.742633792744897
MrOS,71.0,1,0,0,1,30.942995623080204,1.4953271028037385,dementia,0.0,2.0410406616395
MrOS,75.0,1,0,0,1,28.42102120630119,16.024844720496894,censor,10.356164383561644,-4.736560533768795
MrOS,74.0,1,0,0,1,23.217993079584776,14.321608040201005,censor,10.756164383561645,-5.785517871214196
MrOS,76.0,1,0,0,1,31.33988775578377,45.0,censor,10.372602739726029,-0.2954008702541983
MrOS,73.0,1,0,0,1,25.91110952333777,2.6785714285714284,death,4.906849315068493,1.1109861724534935
MrOS,73.0,1,0,0,1,37.98532849546144,2.6548672566371683,censor,10.517808219178082,10.311029758165702
MrOS,85.0,1,0,0,1,32.887357795225114,6.268656716417911,death,9.92054794520548,-3.040905600299596
MrOS,83.0,1,0,0,1,30.99684350075012,43.36283185840708,death,3.4027397260273973,-3.489344375168997
MrOS,70.0,1,0,0,1,27.69177625615749,11.428571428571429,censor,10.471232876712328,-2.5900148851689977
MrOS,80.0,1,0,0,1,26.67456564657132,16.5,death,8.90958904109589,-10.588423689754094
MrOS,72.0,1,0,0,1,28.12766022607693,0.9146341463414634,censor,4.372602739726028,3.6915971110231993
MrOS,79.0,1,0,0,1,35.78282076998496,5.891472868217054,censor,10.726027397260276,-2.980019863444099
MrOS,78.0,1,0,0,1,28.544247609482827,28.511749347258487,death,11.0986301369863,1.8555974607479016
MrOS,73.0,1,0,0,1,30.95061103719113,12.424242424242424,censor,10.835616438356164,8.520105366540093
MrOS,80.0,1,0,0,1,28.8665042269747,20.31645569620253,censor,4.021917808219178,-0.1451539780807991
MrOS,75.0,1,0,0,1,45.4050805620616,73.65269461077844,death,3.249315068493151,-6.843493080412301
MrOS,84.0,1,0,0,1,22.75787399058697,1.2356979405034323,censor,11.717808219178082,2.166250716761993
MrOS,69.0,1,0,0,1,31.987903997711346,41.29554655870445,censor,10.81917808219178,-5.885819209300003
MrOS,72.0,1,0,0,1,23.840073288135404,26.41025641025641,censor,10.832876712328767,-0.3073888913621942
MrOS,77.0,1,0,0,1,27.216385196355365,22.857142857142858,death,4.635616438356164,-3.210350160858397
MrOS,77.0,1,0,0,1,26.94432001936337,3.221476510067114,censor,11.402739726027397,-6.0523810451119004
MrOS,75.0,1,0,0,1,31.32609646324677,54.27937915742794,censor,10.95068493150685,-8.802909292905596
MrOS,84.0,1,0,0,1,34.038804944569414,55.30120481927711,death,3.1013698630136988,-4.915032490893495
MrOS,76.0,1,0,0,1,27.973990956311663,70.42424242424242,censor,11.405479452054797,1.4497730620824
MrOS,71.0,1,0,0,1,20.87585373285002,2.246696035242291,censor,11.3013698630137,-5.053976793272199
MrOS,73.0,1,0,0,1,26.579852606305955,12.913907284768213,censor,11.405479452054797,-0.4015541103806015
MrOS,78.0,1,0,0,1,25.524434499978387,3.947368421052632,censor,10.75890410958904,-0.1157973013925044
MrOS,70.0,1,0,0,1,32.098150875531715,9.886363636363637,death,8.668493150684931,-7.4253185924955005
MrOS,76.0,1,0,0,1,32.28308900718241,40.85714285714285,death,8.882191780821918,-8.634792990045497
MrOS,71.0,1,0,0,1,21.04167988852048,0.8780487804878049,censor,10.326027397260274,4.2955974769762975
MrOS,72.0,1,0,0,1,28.739645597526163,11.103896103896105,censor,10.087671232876712,-5.572551335189601
MrOS,77.0,1,0,0,1,27.347546030735884,15.62874251497006,death,7.912328767123288,-6.575316945905996
MrOS,78.0,1,0,0,1,26.903908376455725,6.976744186046512,death,10.427397260273972,4.163577690063093
MrOS,69.0,1,0,0,1,27.63429752066116,21.3,dementia,11.394520547945206,2.584173938825004
MrOS,87.0,1,0,0,1,20.49040366095212,1.2244897959183674,dementia,4.093150684931507,-10.543171412416498
MrOS,81.0,1,0,0,1,33.047067804384994,31.482889733840302,death,7.331506849315068,1.2404558888791968
MrOS,68.0,1,0,0,1,25.486735701599773,4.4,death,6.695890410958904,-2.7457450983686016
MrOS,79.0,1,0,0,1,28.88812973367821,15.07177033492823,dementia,3.978082191780822,0.5849656781496009
MrOS,77.0,1,0,0,1,31.453785215497746,8.711943793911008,censor,10.191780821917808,5.643634723690894
MrOS,69.0,1,0,0,1,31.27948388851584,7.3076923076923075,censor,10.86027397260274,-10.629935235657
MrOS,77.0,1,0,0,1,25.63619460033791,18.75,death,11.70958904109589,-1.8852814787903045
MrOS,77.0,1,0,0,1,23.36167104030523,14.264705882352942,death,5.569863013698631,1.282607891771093
MrOS,80.0,1,0,0,1,25.15327460184392,28.666666666666668,censor,11.643835616438356,-8.318340256763307
MrOS,85.0,1,0,0,1,32.19920575292476,31.977077363896846,censor,9.764383561643836,-2.280744759500493
MrOS,84.0,1,0,0,1,25.262917238225874,25.23809523809524,death,5.063013698630137,-2.775818114247897
MrOS,83.0,1,0,0,1,26.10205295681628,5.977011494252873,dementia,6.052054794520548,-2.0027002168777983
MrOS,77.0,1,0,0,1,30.200036854282263,27.34177215189873,censor,10.591780821917808,-4.531772134856396
MrOS,79.0,1,0,0,1,33.80090017909321,1.8961625282167045,dementia,3.7150684931506848,-1.951873015103999
MrOS,73.0,1,0,0,1,30.774629587265487,18.71559633027523,death,8.32876712328767,-7.187422861975094
MrOS,69.0,1,0,0,1,29.39876813750688,8.201438848920864,censor,11.490410958904109,-2.415477722000901
MrOS,83.0,1,0,0,1,23.287295800147827,1.588235294117647,death,4.131506849315069,-4.797261805011104
MrOS,73.0,1,0,0,1,26.186145690696872,45.4625550660793,censor,10.457534246575342,-0.2219180235313018
MrOS,76.0,1,0,0,1,22.08935708926192,2.409638554216868,dementia,6.956164383561644,-1.7264077113226932
MrOS,82.0,1,0,0,1,21.959399145883115,46.91588785046729,death,10.849315068493151,-6.152744901942896
MrOS,74.0,1,0,0,1,29.4707077527282,14.085365853658535,censor,10.64931506849315,-7.487766217668096
MrOS,79.0,1,0,0,1,25.69857420407173,18.564356435643564,censor,11.684931506849315,0.8038281356079011
MrOS,78.0,1,0,0,1,25.3340777780784,16.8503937007874,dementia,0.0,-3.2990082459891
MrOS,75.0,1,0,0,1,30.56328849641145,8.85608856088561,death,10.893150684931507,0.1045838092749988
MrOS,83.0,1,0,0,1,24.582958907695986,8.676923076923076,death,5.997260273972603,-8.463656802750194
MrOS,75.0,1,0,0,1,33.48105078627419,54.46153846153846,censor,10.852054794520548,-9.610967138242104
MrOS,74.0,1,0,0,1,33.6844487994694,31.35,censor,10.567123287671231,-3.161024847326402
MrOS,83.0,1,0,0,1,24.06737996484858,37.967667436489606,death,9.715068493150683,-11.169938583317702
MrOS,75.0,1,0,0,1,32.708807777969845,18.356940509915013,censor,10.898630136986302,-3.159298339500907
MrOS,69.0,1,0,0,1,30.985175455057234,48.440366972477065,censor,11.356164383561644,-2.923193013268304
MrOS,73.0,1,0,0,1,32.57915879017013,3.081081081081081,censor,10.931506849315069,-3.176012832610993
MrOS,73.0,1,0,0,1,28.37446154128764,2.543640897755611,dementia,1.1561643835616435,6.785312560779801
MrOS,82.0,1,0,0,1,24.71140256656679,10.94017094017094,dementia,4.024657534246575,0.6270702437162043
MrOS,71.0,1,0,0,1,30.37741890460669,0.3870967741935484,death,11.531506849315068,11.7835583659854
MrOS,81.0,1,0,0,1,27.6845017692794,13.762575452716298,death,8.556164383561644,-9.6737219922379
MrOS,70.0,1,0,0,1,33.60353578482097,7.272727272727272,censor,11.01095890410959,-0.4763117588988024
MrOS,82.0,1,0,0,1,22.05120466777325,6.826347305389222,death,11.63835616438356,-12.2541557935388
MrOS,78.0,1,0,0,1,39.95728641473372,55.87786259541985,death,9.345205479452057,-2.641928274125206
MrOS,77.0,1,0,0,1,22.566588288165384,7.766990291262136,censor,9.726027397260276,-6.283268685669697
MrOS,76.0,1,0,0,1,24.822552295079763,9.848024316109422,dementia,10.646575342465754,3.4083325341555053
MrOS,80.0,1,0,0,1,27.38114675734176,7.826086956521739,censor,10.526027397260274,3.5681865517399984
MrOS,70.0,1,0,0,1,26.04246441867684,1.9626168224299063,censor,10.342465753424657,-0.8113244205274981
MrOS,73.0,1,0,0,1,27.321721656426227,1.094890510948905,death,8.416438356164383,-0.5854940071373989
MrOS,85.0,1,0,0,1,26.16257187167901,33.93103448275862,dementia,4.304109589041096,-9.533674203679697
MrOS,72.0,1,0,0,1,30.769088642030223,59.10780669144982,censor,10.810958904109588,-10.420943528023898
MrOS,80.0,1,0,0,1,33.59114268749616,44.90196078431372,death,6.942465753424657,-5.204399428510698
MrOS,71.0,1,0,0,1,25.896766831406783,6.481481481481482,censor,10.810958904109588,3.1591357361962054
MrOS,86.0,1,0,0,1,27.69344524325565,24.90118577075099,death,10.005479452054796,-1.7191798006119967
MrOS,70.0,1,0,0,1,37.0569819552578,1.4917127071823204,death,3.158904109589041,-11.4875282700026
MrOS,70.0,1,0,0,1,31.58147163234456,9.9,censor,10.553424657534247,2.1790292178767032
MrOS,74.0,1,0,0,1,33.72618484567385,9.12280701754386,censor,10.736986301369862,2.878219929999005
MrOS,77.0,1,0,0,1,31.060178353677006,9.411764705882351,censor,10.221917808219178,-7.455642565831098
MrOS,71.0,1,0,0,1,29.23044217687076,12.160356347438752,censor,11.265753424657534,1.120632109223294
MrOS,71.0,1,0,0,1,27.77478884828444,18.75968992248062,censor,1.4191780821917808,1.9591444919969945
MrOS,77.0,1,0,0,1,30.548116555357183,15.676959619952497,censor,10.263013698630138,-2.017345945261397
MrOS,70.0,1,0,0,1,25.32875168086041,21.875,censor,11.613698630136986,-2.436034106909005
MrOS,72.0,1,0,0,1,27.68427155635388,60.18237082066869,censor,9.7013698630137,-0.9295115674120068
MrOS,75.0,1,0,0,1,27.278273618854247,8.115942028985508,death,10.854794520547944,-2.6398127292889058
MrOS,79.0,1,0,0,1,29.15445681709202,14.262295081967212,death,10.468493150684932,-4.712450139865197
MrOS,77.0,1,0,0,1,25.749113381044403,12.489795918367347,censor,10.627397260273971,-3.3133825925779945
MrOS,72.0,1,0,0,1,28.52253047918096,5.423728813559322,censor,11.213698630136989,2.2860316179831983
MrOS,76.0,1,0,0,1,36.811786963848505,21.88235294117647,censor,4.312328767123288,-0.9069099093683946
MrOS,90.0,1,0,0,1,28.40140874409228,18.404907975460123,death,2.589041095890411,-0.0242055897981998
MrOS,77.0,1,0,0,1,29.63052413601864,13.763440860215054,dementia,1.7315068493150685,-13.967371242705902
MrOS,81.0,1,0,0,1,25.471788587564607,5.901639344262295,death,9.668493150684933,0.6864170998810977
MrOS,80.0,1,0,0,1,30.95290426228152,13.162393162393162,censor,11.063013698630137,-5.137925461286301
MrOS,69.0,1,0,1,0,21.07949147691849,0.0,death,8.906849315068493,5.215014579529097
MrOS,84.0,1,0,0,1,35.6705961990998,34.23728813559322,death,5.493150684931507,2.4610610170549023
MrOS,69.0,1,0,0,1,25.643271048677207,10.473815461346634,censor,9.7013698630137,-3.1621998703031977
MrOS,81.0,1,0,0,1,22.096818494934308,2.288135593220339,dementia,4.323287671232877,-0.6435276485913022
MrOS,79.0,1,0,0,1,29.903918350053107,35.63380281690141,censor,10.934246575342463,-4.343784657853604
MrOS,84.0,1,0,0,1,28.208378324214863,31.0,censor,11.054794520547944,-3.3833903135771948
MrOS,68.0,1,0,0,1,31.303390366472616,7.819905213270142,censor,11.386301369863014,-3.366595241700296
MrOS,78.0,1,0,0,1,36.80947170552423,11.020408163265309,death,8.424657534246576,6.954992932566398
MrOS,76.0,1,0,0,1,24.2106789580164,8.372093023255815,censor,4.276712328767124,-2.5478893773153004
MrOS,72.0,1,0,0,1,29.342468876024085,9.552238805970148,censor,10.783561643835617,-4.256566262047997
MrOS,70.0,1,0,0,1,26.816608996539795,6.534653465346534,censor,11.473972602739726,-0.3323828897647018
MrOS,85.0,1,0,0,1,33.33401009415668,57.125748502994014,death,7.728767123287671,-14.168452674238296
MrOS,78.0,1,0,0,1,25.347200856002075,5.8389261744966445,censor,3.8383561643835615,0.5982741456996052
MrOS,85.0,1,0,0,1,29.276407161435326,9.23076923076923,death,5.158904109589041,-9.299065036582803
MrOS,75.0,1,0,0,1,29.387755102040817,5.555555555555555,dementia,1.536986301369863,5.692267976367901
MrOS,69.0,1,0,0,1,28.66094173999829,20.18867924528302,censor,11.67945205479452,-5.147977572657602
MrOS,87.0,1,0,0,1,28.143698323731115,34.6095717884131,death,12.046575342465754,0.5352267798367052
MrOS,75.0,1,0,0,1,33.70144777112631,7.2592592592592595,censor,10.032876712328768,-0.4561571665037007
MrOS,78.0,1,0,0,1,27.231730593028853,23.51851851851852,dementia,3.5671232876712327,2.782089801401796
MrOS,69.0,1,0,0,1,26.5655247874758,7.361111111111111,censor,10.871232876712329,-3.571434129445194
MrOS,77.0,1,0,0,1,27.35582990397805,8.88888888888889,censor,9.953424657534246,3.977863471269004
MrOS,82.0,1,0,0,1,26.329610307762337,37.58542141230068,censor,10.764383561643836,-0.764683149471395
MrOS,84.0,1,0,0,1,26.024032127665983,5.306122448979592,dementia,3.978082191780822,-9.4952510901405
MrOS,69.0,1,0,0,1,33.784849969686654,24.88479262672811,censor,11.556164383561644,4.939791949934701
MrOS,77.0,1,0,0,1,31.017179688265863,0.821917808219178,dementia,4.254794520547946,1.0119713245571944
MrOS,77.0,1,0,0,1,24.35435620975606,2.7493261455525606,censor,9.594520547945203,1.149766903984499
MrOS,76.0,1,0,0,1,25.824226000780747,6.132596685082873,censor,10.2,-0.6944763528902058
MrOS,90.0,1,0,0,1,30.25672583868172,0.2469135802469135,dementia,6.128767123287672,-0.8501573894427992
MrOS,72.0,1,0,0,1,29.55501234537495,26.016260162601625,censor,9.931506849315069,8.310494365631001
MrOS,73.0,1,0,0,1,31.64466899134142,55.27272727272727,censor,10.476712328767125,-6.4858995779677
MrOS,72.0,1,0,0,1,26.93131168953584,12.55813953488372,censor,9.895890410958904,0.9694966719295052
MrOS,80.0,1,0,0,1,26.35963733100596,34.173228346456696,death,8.142465753424657,3.6128626543041946
MrOS,77.0,1,0,0,1,29.359522026981395,25.965770171149146,censor,11.506849315068491,-13.610755795398497
MrOS,74.0,1,0,0,1,32.76452331459616,71.1219512195122,dementia,3.871232876712329,4.465135185308995
MrOS,69.0,1,0,0,1,32.49613724758911,19.875,censor,10.186301369863012,0.2595796106277959
MrOS,82.0,1,0,0,1,32.53267342135251,25.040650406504064,death,8.156164383561643,3.558709452977098
MrOS,75.0,1,0,0,1,30.49575000138617,24.980544747081712,dementia,1.227397260273973,-4.010954336644701
MrOS,75.0,1,0,0,1,25.29563462207025,18.98550724637681,censor,10.227397260273971,-1.8587976407479945
MrOS,77.0,1,0,0,1,24.49431850302448,22.97229219143577,death,9.602739726027398,-4.956267461438401
MrOS,86.0,1,0,0,1,24.94549496572,12.95629820051414,death,9.391780821917807,-3.141776917791404
MrOS,84.0,1,0,0,1,25.841680872480623,12.573529411764708,censor,6.268493150684932,-7.808392608176803
MrOS,72.0,1,0,0,1,28.936076817558305,4.061538461538461,censor,10.169863013698633,4.292445883626499
MrOS,87.0,1,0,0,1,21.725338849201364,24.22360248447205,death,7.786301369863014,-2.428122155451504
MrOS,77.0,1,0,0,1,25.83100952741158,30.5,death,7.624657534246575,-3.7905891459337937
MrOS,80.0,1,0,0,1,29.508195541455603,55.48543689320388,death,12.04931506849315,-12.0279710444062
MrOS,72.0,1,0,0,1,21.36884661117717,15.337078651685394,dementia,10.849315068493151,-11.9675243049429
MrOS,82.0,1,0,0,1,24.75622279818084,4.087591240875913,dementia,6.904109589041096,-4.1190419614683975
MrOS,74.0,1,0,0,1,28.137441230250293,8.983050847457626,censor,11.106849315068493,-1.9377186745524
MrOS,72.0,1,0,0,1,25.53400030577133,5.520581113801453,death,10.37808219178082,-9.0756360345676
MrOS,80.0,1,0,0,1,28.31579872858933,20.696202531645568,censor,12.046575342465754,-7.333908742255602
MrOS,69.0,1,0,0,1,27.679485840157213,13.636363636363637,censor,9.86027397260274,2.043419020040403
MrOS,72.0,1,0,1,0,27.24930638129211,18.522427440633244,censor,10.53972602739726,-1.8051117441943063
MrOS,82.0,1,0,0,1,30.174793741429003,3.658536585365854,death,2.9068493150684933,-0.7533113603741981
MrOS,80.0,1,0,0,1,24.04565213061331,4.0625,censor,9.627397260273971,-1.8878432233748013
MrOS,81.0,1,0,0,1,26.459796329815504,41.865671641791046,dementia,1.2,2.604638096481395
MrOS,75.0,1,0,0,1,23.94596625927945,2.361111111111111,dementia,10.389041095890413,-4.449721780191496
MrOS,69.0,1,0,0,0,28.46819365055245,9.408740359897172,censor,10.501369863013698,1.4875686754431
MrOS,69.0,1,0,0,1,23.99257771513421,0.1648351648351648,censor,9.704109589041096,3.361298882233399
MrOS,81.0,1,0,0,1,24.94673933363589,16.818181818181817,censor,11.526027397260274,-9.086786941747704
MrOS,72.0,1,0,0,1,39.600078771513886,7.192982456140351,death,1.8164383561643835,-4.306405545127902
MrOS,77.0,1,0,0,1,33.831590354347284,13.797909407665506,censor,10.986301369863014,-4.906379413652601
MrOS,72.0,1,0,0,1,26.46689041326488,9.827586206896552,censor,10.493150684931509,2.557911847405407
MrOS,74.0,1,0,0,1,22.0104692609934,4.948453608247423,censor,10.334246575342464,0.1035889459959946
MrOS,80.0,1,0,0,1,31.47179729669726,16.818181818181817,censor,10.66027397260274,0.6714405163495059
MrOS,71.0,1,0,0,1,28.89648708632465,0.3715170278637771,death,7.882191780821918,4.000935894241295
MrOS,75.0,1,1,0,0,26.70091016638049,22.061281337047355,censor,10.43013698630137,1.0011021743853945
MrOS,70.0,1,1,0,0,28.79883611396996,8.59375,dementia,10.282191780821918,3.456214361709101
MrOS,69.0,1,0,0,1,22.399023264745512,0.0,censor,10.917808219178085,-1.027452514429001
MrOS,81.0,1,0,0,1,32.54570165920557,16.097560975609756,death,8.282191780821918,2.753751201175703
MrOS,75.0,1,0,0,1,20.70111396097147,0.8086253369272237,dementia,6.471232876712329,-16.8965814853714
MrOS,72.0,1,0,0,1,25.50380774922444,13.277310924369749,censor,10.515068493150684,-3.632776186316804
MrOS,82.0,1,0,0,1,24.366397000513565,28.58560794044665,death,8.156164383561643,-11.0179522993227
MrOS,82.0,1,0,0,1,24.14205110534652,1.7414248021108178,censor,10.53972602739726,-6.653281154791799
MrOS,73.0,1,0,0,1,31.10503463262833,46.2533692722372,dementia,3.1534246575342464,-6.487474770696196
MrOS,73.0,1,0,0,1,21.899167162403334,1.125,censor,9.846575342465751,3.297202947598606
MrOS,69.0,1,0,0,1,27.759514939002123,1.4414414414414414,censor,10.41095890410959,-6.185690753240799
MrOS,73.0,1,0,0,1,28.634806574783767,3.0508474576271185,censor,10.41095890410959,-1.1706685781717
MrOS,76.0,1,0,0,1,29.330271384177447,6.285714285714286,censor,10.336986301369864,-6.355816648294706
MrOS,69.0,1,0,0,1,25.68849430350529,2.301790281329924,dementia,10.4,-3.239846783418102
MrOS,73.0,1,0,0,1,35.82544525034169,11.626794258373206,death,8.942465753424658,-12.437018298091402
MrOS,82.0,1,0,0,1,24.857954545454547,1.3725490196078431,death,4.205479452054795,0.6988912416205011
MrOS,70.0,1,0,0,1,21.831444311723946,0.6818181818181818,censor,9.556164383561644,-3.480435240977897
MrOS,84.0,1,0,0,1,24.706247051149585,13.35483870967742,dementia,3.117808219178082,-7.1581931490354975
MrOS,75.0,1,0,0,1,23.32101190694504,2.136986301369863,death,9.065753424657537,0.5897820689821032
MrOS,93.0,1,0,0,1,18.47721588282288,17.111913357400724,death,6.32054794520548,-12.778406026919498
MrOS,80.0,1,0,0,1,31.11658753292904,3.3014354066985647,censor,3.147945205479452,2.389617191867899
MrOS,91.0,1,0,0,1,26.859162518552235,0.5825242718446602,death,1.873972602739726,-4.560641206700495
MrOS,77.0,1,0,0,1,22.242334257497287,3.5795454545454546,censor,10.41917808219178,7.208962440262994
MrOS,73.0,1,0,0,1,34.601585882552946,10.350877192982455,censor,10.446575342465753,-7.935334371905895
MrOS,69.0,1,0,0,1,23.03705235894539,9.692307692307692,censor,10.347945205479451,-1.5389940331934042
MrOS,73.0,1,0,0,1,25.34346843751297,6.4171122994652405,death,7.758904109589041,0.1251191315530064
MrOS,80.0,1,0,0,0,38.54687526403335,47.30061349693251,death,4.66027397260274,1.5406567360193009
MrOS,76.0,1,0,0,1,31.64723370472073,0.743801652892562,dementia,1.2054794520547945,-1.768211808235705
MrOS,71.0,1,0,0,1,21.424226505608992,10.196078431372548,dementia,3.1315068493150684,-5.442626909926204
MrOS,77.0,1,0,0,1,29.173298210850085,0.9549071618037136,censor,6.895890410958904,0.4255814798102051
MrOS,77.0,1,0,0,1,22.315651579106937,11.851851851851851,censor,10.41095890410959,-15.3925760142506
MrOS,96.0,1,0,0,1,25.893386225865285,0.4411764705882353,dementia,1.3287671232876712,-5.271197555897402
MrOS,70.0,1,0,0,1,26.7667182502774,5.015479876160991,censor,10.435616438356163,-1.1299574202245992
MrOS,80.0,1,0,0,1,19.83895284724674,0.4205607476635514,dementia,1.0876712328767124,2.7543037512084965
MrOS,83.0,1,0,0,1,27.685470691601697,62.63322884012539,dementia,1.1178082191780825,-27.2951414903662
MrOS,77.0,1,0,0,1,28.41579036652768,10.127877237851662,censor,9.972602739726028,-1.1389985101080953
MrOS,82.0,1,0,0,1,26.231197727417896,10.951156812339333,death,11.553424657534247,-13.497320761306597
MrOS,79.0,1,0,0,1,24.73082174303789,10.125944584382871,censor,9.926027397260274,-0.8474951638557968
MrOS,77.0,1,0,0,0,22.92221627550616,4.882226980728052,death,10.342465753424657,3.915047046092496
MrOS,85.0,1,0,0,1,22.99962876117891,2.039660056657224,death,5.6438356164383565,-1.2811499451945991
MrOS,81.0,1,0,0,1,31.37798916633637,1.4634146341463414,censor,3.156164383561644,-5.633844748271599
MrOS,76.0,1,0,0,1,27.07702362820445,5.027932960893855,death,1.6575342465753424,-0.5229335468380043
MrOS,70.0,1,0,0,1,23.858182899875832,0.569620253164557,censor,2.8273972602739725,-0.5215147199401002
MrOS,71.0,1,0,0,1,26.962943400339224,5.134474327628362,censor,10.158904109589042,-5.832822568481205
MrOS,71.0,1,0,0,1,24.75504410732273,3.774834437086093,censor,10.432876712328769,1.601599896240998
MrOS,79.0,1,0,0,1,27.28449029334989,15.304347826086955,censor,10.471232876712328,-8.140735651939195
MrOS,80.0,1,0,0,1,27.96169013479347,31.764705882352946,censor,10.490410958904109,-8.606269963967094
MrOS,86.0,1,0,0,1,27.31808797636968,8.27027027027027,dementia,7.315068493150685,-6.459796361743599
MrOS,74.0,1,0,0,1,31.0640150965307,8.784530386740332,censor,10.04931506849315,0.327640660376403
MrOS,70.0,1,0,0,1,24.14583438164106,3.6272040302267,censor,10.465753424657532,-2.794849865596106
MrOS,77.0,1,0,0,1,23.537253236839952,0.1496259351620947,dementia,10.47945205479452,5.739006056735093
MrOS,82.0,1,0,0,1,25.02640715637868,0.2764976958525346,death,2.4986301369863013,4.719263504071293
MrOS,78.0,1,0,0,1,26.19768314623131,1.8911174785100289,dementia,5.575342465753424,-7.664564890500998
MrOS,75.0,1,0,0,1,27.03352133941563,8.746803069053708,censor,10.397260273972602,2.5706812079359054
MrOS,72.0,1,0,0,1,23.449544985786595,1.458966565349544,censor,10.438356164383562,3.900348574474293
MrOS,85.0,1,0,0,1,27.24201612539976,13.17507418397626,censor,10.783561643835617,-7.628589753641407
MrOS,70.0,1,0,0,1,24.625921521997626,1.8886198547215496,censor,10.558904109589042,-5.091139613512695
MrOS,87.0,1,0,0,1,25.30415025327115,1.391304347826087,censor,10.58904109589041,-6.000018445965395
MrOS,69.0,1,0,0,1,27.580163190046235,17.31225296442688,censor,10.558904109589042,-4.927681931580096
MrOS,80.0,1,0,0,1,25.448335706657176,1.162227602905569,death,8.893150684931507,11.779854996200696
MrOS,77.0,1,0,0,1,19.91142076161717,9.75609756097561,death,6.183561643835616,-1.3018175578369977
MrOS,75.0,1,0,0,1,27.72889453539241,9.49290060851927,censor,10.509589041095891,-5.8010055524948
MrOS,91.0,1,0,0,1,21.9422622157082,48.08664259927798,dementia,1.2054794520547945,-2.409672306793894
MrOS,79.0,1,0,0,1,26.02670784266872,11.090909090909092,dementia,3.16986301369863,3.061274814326495
MrOS,77.0,1,0,0,1,27.93403804063403,8.952380952380953,dementia,11.142465753424656,-3.516679314972606
MrOS,77.0,1,0,0,1,25.5325916369338,2.142857142857143,dementia,3.243835616438356,7.257499715075696
MrOS,70.0,1,0,0,1,25.53835480271657,1.466992665036675,censor,10.487671232876712,4.261362553496198
MrOS,69.0,1,0,0,1,23.342521296699136,6.434316353887399,censor,10.476712328767125,2.744321994276504
MrOS,72.0,1,0,0,1,25.92055921220588,0.3883495145631068,dementia,3.210958904109589,-3.294046255546704
MrOS,83.0,1,0,0,1,28.81372051095792,0.1875,censor,3.213698630136986,-10.874354614955609
MrOS,69.0,1,0,0,1,20.339939935220468,0.8571428571428571,censor,10.67945205479452,-4.314742336908694
MrOS,74.0,1,0,0,1,34.42576862608089,17.529691211401424,censor,10.597260273972603,3.785219859991898
MrOS,80.0,1,0,0,1,26.69476364601097,12.456140350877194,censor,10.594520547945203,0.4954480973561033
MrOS,82.0,1,0,0,1,24.151798663723383,0.5555555555555556,dementia,10.753424657534246,1.846780480745096
MrOS,69.0,1,0,0,1,31.35325628766972,25.41176470588235,censor,11.161643835616438,3.2838811288283978
MrOS,78.0,1,0,0,1,26.004331774213963,30.32608695652174,censor,10.627397260273971,-3.238733820055401
MrOS,71.0,1,0,0,1,21.97595033866125,14.15549597855228,dementia,4.046575342465753,6.435764559658495
MrOS,75.0,1,0,0,1,26.47284108432757,1.065989847715736,death,5.764383561643836,-1.725373221053104
MrOS,70.0,1,0,0,1,24.84907657542597,15.789473684210526,censor,10.01095890410959,-6.0177902579688975
MrOS,76.0,1,0,0,0,22.87520355504609,3.1746031746031744,dementia,3.2246575342465755,-2.8461961895868058
MrOS,88.0,1,0,0,1,25.081181639246235,0.7537688442211056,death,4.452054794520548,-7.473654109344693
MrOS,79.0,1,0,0,1,25.29106779822205,5.882352941176471,censor,10.657534246575343,0.1071618664829969
MrOS,75.0,1,0,0,1,24.878804038473195,23.55555555555556,censor,10.810958904109588,-3.321918842096196
MrOS,82.0,1,0,0,1,27.741885413418768,6.58307210031348,dementia,1.1945205479452057,-1.104611375721305
MrOS,84.0,1,0,0,1,24.04517002560192,16.946564885496183,dementia,1.2082191780821918,-12.367902471570105
MrOS,68.0,1,0,0,1,25.15675725948497,6.73469387755102,censor,10.68219178082192,-7.181843347298802
MrOS,73.0,1,0,0,1,28.16899400173117,18.23529411764705,censor,10.912328767123288,1.0776189150465996
MrOS,80.0,1,0,0,1,24.139945590702816,5.027027027027027,censor,10.715068493150683,-3.0069223242247034
MrOS,69.0,1,0,0,1,28.072751951200047,17.017114914425427,censor,10.26849315068493,-7.120773396716203
MrOS,82.0,1,0,0,1,34.390518474875854,3.875968992248062,death,3.295890410958904,2.9594106786712047
MrOS,69.0,1,0,0,1,32.758469570325964,5.200845665961945,censor,11.41917808219178,-0.3344080871519992
MrOS,69.0,1,0,0,1,22.86270029450641,3.719676549865229,censor,10.712328767123289,7.1197045575370055
MrOS,77.0,1,0,0,1,30.63128128745987,1.5254237288135593,censor,10.742465753424655,-2.1407276701677063
MrOS,76.0,1,0,0,1,22.59007205389372,9.83372921615202,dementia,6.172602739726028,-0.6259204186023055
MrOS,81.0,1,0,0,1,28.67076638399667,4.324324324324325,dementia,3.4493150684931506,-1.6166604996057998
MrOS,83.0,1,0,0,1,27.266541821406683,19.19117647058824,death,6.961643835616439,0.0962294264373042
MrOS,79.0,1,0,0,1,23.27235092031036,5.88785046728972,censor,10.96164383561644,-1.8586997258128968
MrOS,85.0,1,0,0,1,28.406699772746407,1.327433628318584,censor,6.501369863013698,-7.214491475640102
MrOS,75.0,1,0,0,1,24.979574153295243,0.6015037593984962,censor,10.728767123287671,-3.8660522455332966
MrOS,75.0,1,0,0,1,27.276334060702244,0.989010989010989,death,8.101369863013698,-1.5053336776262969
MrOS,79.0,1,0,0,1,27.91430652094206,2.0121951219512195,censor,10.246575342465754,-5.959217631921604
MrOS,79.0,1,0,0,1,36.95345713895511,4.7368421052631575,death,4.260273972602739,-7.493892385041093
MrOS,71.0,1,0,0,1,28.05555555555556,0.4918032786885246,censor,9.942465753424658,0.083135931356395
MrOS,79.0,1,0,0,1,29.93254691021125,11.878172588832488,censor,10.96986301369863,2.431690025672097
MrOS,78.0,1,0,0,1,20.484045429962144,0.1534526854219949,censor,11.52054794520548,-2.395962339750696
MrOS,80.0,1,0,0,1,22.83566049268107,1.6770186335403727,censor,10.876712328767123,-4.732623215453103
MrOS,81.0,1,0,0,1,27.51432244883324,7.289719626168225,death,9.386301369863014,-5.796630185978302
MrOS,68.0,1,1,0,0,25.881445267139817,37.05426356589148,censor,11.10958904109589,-2.5376780477639045
MrOS,77.0,1,0,0,1,24.02641851974941,12.934131736526949,death,11.616438356164384,-2.8950038540622955
MrOS,82.0,1,1,0,0,24.16834777105336,7.085427135678392,dementia,1.3013698630136987,-8.653973748849594
MrOS,75.0,1,0,0,1,23.28280130413159,16.009615384615383,dementia,1.2602739726027397,3.013821992697104
MrOS,70.0,1,0,0,1,30.90881289248578,3.073170731707317,censor,10.03013698630137,5.873218482672996
MrOS,78.0,1,0,0,1,27.25745121766902,9.46236559139785,death,5.693150684931507,-9.431299635705102
MrOS,79.0,1,0,0,1,30.313821971839303,43.0622009569378,dementia,0.0,1.7776220600370038
MrOS,79.0,1,0,0,1,35.87976923108197,58.35616438356164,dementia,6.186301369863013,3.9070806332371006
MrOS,69.0,1,0,0,1,25.783210754554734,2.149253731343284,censor,10.832876712328767,5.685094069880606
MrOS,74.0,1,0,0,1,24.375019506257605,6.153846153846154,death,11.67945205479452,4.490612301404298
MrOS,73.0,1,0,0,1,28.117449015180345,0.2823529411764706,censor,10.89041095890411,-13.925498911719998
MrOS,79.0,1,0,0,1,30.62259215219976,0.0,censor,3.3945205479452056,-1.3078569720877056
MrOS,75.0,1,0,0,1,37.99898190568745,75.78947368421052,censor,10.882191780821918,-12.002837141939402
MrOS,69.0,1,0,0,1,28.84609547782416,16.285714285714285,censor,10.915068493150685,-4.1213534874544
MrOS,83.0,1,0,0,1,27.800388537963222,0.1685393258426966,censor,10.780821917808218,2.378878835109504
MrOS,70.0,1,0,0,1,24.75449226457684,13.076923076923077,censor,10.956164383561644,-0.6529154009243001
MrOS,79.0,1,0,0,1,24.39301058094229,10.85427135678392,death,6.980821917808219,-2.086181280553106
MrOS,81.0,1,1,0,0,26.506615609479194,12.640949554896142,dementia,1.4027397260273973,-5.786725501502502
MrOS,69.0,1,0,0,1,27.31000510666638,4.696969696969697,censor,10.876712328767123,0.2746590436914005
MrOS,81.0,1,0,0,1,22.9407780171579,3.670212765957447,dementia,3.495890410958904,0.1518670708604048
MrOS,70.0,1,0,0,1,27.058657436556047,19.53488372093023,dementia,10.624657534246577,0.8343405257922996
MrOS,79.0,1,0,0,1,29.06972804557916,42.06703910614525,censor,10.761643835616438,3.5579170643801064
MrOS,73.0,1,0,0,1,28.167103194925463,0.0,censor,10.824657534246576,-3.828409785684002
MrOS,81.0,1,0,0,1,25.67272666497755,10.21978021978022,death,10.673972602739726,2.799842693223596
MrOS,81.0,1,0,0,1,22.898205850730456,15.645569620253164,censor,10.923287671232876,-3.038701917642697
MrOS,69.0,1,0,0,1,23.44678895834436,5.591939546599496,censor,10.917808219178085,-2.654729165742097
MrOS,81.0,1,0,0,1,22.25275704756592,15.0,dementia,0.0,-7.686275177575595
MrOS,82.0,1,0,0,1,25.378759197400075,2.061855670103093,death,4.101369863013699,1.4391619331522063
MrOS,82.0,1,0,0,1,31.629195985329545,5.699208443271768,death,6.778082191780822,2.1047322907637067
MrOS,75.0,1,0,0,1,20.873212269303004,4.648910411622276,censor,10.67945205479452,2.067859035794598
MrOS,73.0,1,0,0,1,22.14698917490472,4.375,censor,10.868493150684932,-1.4350428790401963
MrOS,71.0,1,0,0,1,35.679649099605456,17.01492537313433,dementia,1.3315068493150686,-3.024679173554901
MrOS,72.0,1,0,0,1,26.03276818960361,4.578313253012048,censor,3.010958904109589,-1.739106780881599
MrOS,80.0,1,0,0,1,26.92365053649576,7.111111111111111,death,10.723287671232876,-1.639420116761599
MrOS,74.0,1,0,0,1,29.458439927741228,5.176991150442478,censor,10.904109589041097,3.1896474096908065
MrOS,70.0,1,0,0,1,30.2242435109568,2.6984126984126986,censor,10.964383561643835,-1.8064295695450028
MrOS,84.0,1,0,0,1,23.87769679030236,5.433962264150943,dementia,3.378082191780822,-2.737492487483096
MrOS,76.0,1,0,0,1,26.969118326667843,22.76923076923077,censor,11.084931506849315,2.6528207216241952
MrOS,81.0,1,0,0,1,20.74226416377746,4.479638009049774,censor,11.024657534246575,-4.5396763685971
MrOS,75.0,1,0,0,1,27.877306655771417,3.2967032967032965,dementia,1.4027397260273973,3.0855282464812035
MrOS,72.0,1,0,0,1,28.47019316613911,22.55754475703325,censor,10.454794520547946,-0.3422814195645998
MrOS,70.0,1,0,1,0,25.547768804588173,4.022346368715084,death,9.61917808219178,0.5624630737301004
MrOS,70.0,1,0,1,0,27.447465116499384,5.419354838709677,censor,10.887671232876713,-2.3730140641606
MrOS,72.0,1,0,1,0,27.56292681374175,2.708803611738149,censor,3.536986301369863,0.4358701878771001
MrOS,78.0,1,0,1,0,23.60262121590629,3.658536585365854,dementia,1.1945205479452057,-9.532589147472294
MrOS,73.0,1,0,1,0,28.96553603090421,5.484764542936288,censor,10.282191780821918,-3.760500717690803
MrOS,69.0,1,0,0,1,36.614745824142304,5.573770491803279,censor,10.947945205479453,-6.546491631233501
MrOS,80.0,1,0,1,0,23.623151505414263,9.105691056910567,censor,10.926027397260274,5.305312736191596
MrOS,70.0,1,0,0,1,31.71172080036675,3.36,censor,10.789041095890411,-1.6718733740193985
MrOS,70.0,1,0,0,1,28.688849600455296,3.2142857142857144,censor,10.295890410958904,-3.690014499207507
MrOS,69.0,1,0,0,1,26.98052625546176,69.375,censor,10.871232876712329,-3.792473315569097
MrOS,73.0,1,0,1,0,28.71250607782976,7.139588100686499,dementia,3.317808219178082,-3.2594589659710067
MrOS,81.0,1,0,1,0,29.83292495294826,6.685236768802229,dementia,0.0,0.784602177122693
MrOS,78.0,1,0,0,1,27.67858825796209,13.561643835616438,censor,5.536986301369863,-3.2903154172115023
MrOS,72.0,1,0,0,1,25.28165005511156,5.555555555555555,censor,10.865753424657534,-0.1771175198375942
MrOS,68.0,1,0,0,1,28.77273551572717,21.71641791044776,dementia,10.884931506849314,-5.921384187907599
MrOS,80.0,1,0,0,1,22.797147288376657,14.147727272727272,dementia,10.92054794520548,-5.010308996072496
MrOS,77.0,1,0,0,1,24.94022149904784,0.0,dementia,1.3287671232876712,-0.7179452949780938
MrOS,80.0,1,0,0,1,25.31685110379754,3.7288135593220337,censor,11.03013698630137,-11.501477718005605
MrOS,76.0,1,0,0,1,20.204163540993573,3.975903614457832,censor,11.128767123287671,-3.637826071230805
MrOS,83.0,1,0,1,0,24.82522896745516,5.607476635514018,death,9.509589041095891,-1.314179086872798
MrOS,72.0,1,0,0,1,24.108403100143192,10.466830466830467,censor,11.224657534246576,-3.576301694453207
MrOS,77.0,1,0,0,1,27.69558607905654,1.3267813267813269,death,2.421917808219178,-0.0583902768155013
MrOS,69.0,1,0,0,1,31.833556660321182,14.662921348314606,censor,10.446575342465753,-0.9673053570900976
MrOS,77.0,1,0,0,1,32.90708468854029,23.37468982630273,death,10.506849315068491,-2.054698282618901
MrOS,72.0,1,1,0,0,22.813667559598443,2.425876010781672,censor,10.942465753424658,-0.2958533355261039
MrOS,72.0,1,0,1,0,29.476605003200845,3.130434782608696,dementia,0.9863013698630136,-1.0265319873125949
MrOS,82.0,1,0,0,1,26.563355883721144,8.195876288659793,censor,10.810958904109588,-0.1652483593020974
MrOS,76.0,1,0,0,1,28.910138962341204,0.9090909090909092,censor,11.076712328767124,2.9027722152327016
MrOS,83.0,1,0,0,1,29.267221594520155,22.261484098939928,death,10.035616438356165,-2.173145654735194
MrOS,73.0,1,0,0,1,25.102241725096736,3.79746835443038,censor,10.887671232876713,-4.867166591826901
MrOS,69.0,1,0,1,0,27.93039288010385,18.97058823529412,death,8.687671232876712,3.3917021437365946
MrOS,77.0,1,0,0,1,31.035758211679468,3.3259423503325944,dementia,3.684931506849315,-0.7384306348256047
MrOS,81.0,1,1,0,0,26.30230529780537,4.5251396648044695,dementia,1.4164383561643836,8.000370036282206
MrOS,70.0,1,0,0,1,29.60834401997493,5.7507987220447285,censor,10.898630136986302,4.097061793463695
MrOS,75.0,1,1,0,0,27.69774761162986,36.68571428571428,death,7.482191780821918,-3.469071748420305
MrOS,72.0,1,0,0,1,23.503067851725124,2.911051212938005,death,11.115068493150686,-2.792021107593996
MrOS,80.0,1,0,0,1,25.64180740344647,35.3757225433526,dementia,10.906849315068492,5.822073065329704
MrOS,73.0,1,0,0,1,31.391197593196686,64.0677966101695,death,8.197260273972603,-4.418617616651304
MrOS,70.0,1,0,0,1,29.8832288338866,5.288753799392097,censor,11.276712328767124,3.916295167736493
MrOS,76.0,1,0,0,1,27.06844889198248,12.857142857142858,censor,11.468493150684932,0.0267031504862984
MrOS,73.0,1,0,0,1,27.665986395116743,4.189944134078212,censor,10.96164383561644,-0.3734897207606025
MrOS,87.0,1,1,0,0,26.920696935135528,18.97233201581028,dementia,0.0,-4.4218351494042025
MrOS,79.0,1,0,0,1,26.68138893283801,6.70391061452514,death,1.515068493150685,-5.599631365962296
MrOS,71.0,1,0,0,1,25.414169627304886,2.1226415094339623,dementia,11.326027397260274,0.5158462425224997
MrOS,69.0,1,0,1,0,27.85899272754099,0.1621621621621621,censor,4.1068493150684935,3.3538678339093053
MrOS,73.0,1,0,1,0,26.268161149915024,4.044943820224719,death,5.764383561643836,-0.7323518556875968
MrOS,73.0,1,1,0,0,27.023506185552627,4.50402144772118,dementia,3.775342465753425,1.7215241514806934
MrOS,79.0,1,1,0,0,20.35559336235097,4.082840236686391,censor,10.624657534246577,-4.130719453803707
MrOS,74.0,1,1,0,0,27.071605292409195,17.47252747252747,censor,11.01095890410959,2.319456603601097
MrOS,81.0,1,0,0,1,21.2244571545612,1.776765375854214,death,6.953424657534247,-14.727483711031596
MrOS,75.0,1,1,0,0,24.808459445140844,3.6774193548387095,death,2.317808219178082,0.9675697407764972
MrOS,76.0,1,1,0,0,22.2994792464432,1.0588235294117647,dementia,3.717808219178082,-1.8863420991386024
MrOS,77.0,1,1,0,0,26.497327104063245,45.59139784946237,censor,11.295890410958904,-7.659268492050401
MrOS,68.0,1,0,0,1,25.61007793989539,30.641711229946523,censor,10.92054794520548,-0.3827521339693049
MrOS,80.0,1,0,0,1,23.773934404019183,4.715447154471545,death,9.465753424657532,0.6548846472659022
MrOS,70.0,1,0,0,1,28.806857754814875,7.931034482758621,censor,10.96164383561644,-2.6104328480270027
MrOS,85.0,1,0,0,1,24.057716269134925,5.269121813031162,death,4.8712328767123285,-10.358420461027409
MrOS,75.0,1,0,0,1,21.674698894097748,22.40506329113924,censor,10.87945205479452,3.3446878173089942
MrOS,72.0,1,0,0,1,31.355201264200723,3.636363636363636,dementia,11.210958904109589,6.553692729234598
MrOS,71.0,1,0,0,1,26.49336119285522,0.997229916897507,censor,10.81917808219178,-1.139797782697201
MrOS,74.0,1,0,0,1,29.99578982538503,0.1515151515151515,censor,10.849315068493151,-0.9582624029870032
MrOS,69.0,1,0,0,1,22.345564303606263,1.643835616438356,dementia,3.6054794520547935,5.081936332513095
MrOS,75.0,1,0,0,1,22.76850126340434,0.7430340557275542,censor,10.906849315068492,-4.4469239112087
MrOS,78.0,1,0,0,1,32.03703703703703,1.4516129032258065,censor,10.947945205479453,-2.947938245305295
MrOS,82.0,1,0,0,1,26.822113958683392,3.741007194244604,censor,10.945205479452056,-12.235091980962396
MrOS,82.0,1,0,0,1,22.75312120141651,0.0,censor,10.849315068493151,-14.0397100139012
MrOS,84.0,1,0,0,1,24.766935153527417,0.8042895442359249,censor,10.391780821917807,-2.854759420319297
MrOS,79.0,1,0,0,1,31.244605009940017,0.861244019138756,censor,10.849315068493151,0.4282927716657951
MrOS,79.0,1,0,0,1,31.700826738704507,20.615384615384617,censor,6.668493150684932,0.1613076951446004
MrOS,69.0,1,0,0,1,28.771247033614323,6.852791878172589,death,1.443835616438356,-1.9469101320870976
MrOS,70.0,1,0,0,1,29.29023666008012,0.4774535809018567,censor,3.813698630136986,4.602932606811393
MrOS,83.0,1,0,0,1,27.14217268697577,42.01634877384196,death,11.243835616438355,-5.221958127123003
MrOS,78.0,1,0,0,1,29.423067250138324,18.39323467230444,death,3.4465753424657533,-2.578985964374297
MrOS,77.0,1,0,0,1,26.00547953841588,14.35897435897436,censor,3.791780821917808,1.926828938030397
MrOS,75.0,1,0,0,1,23.20788975020385,13.767123287671232,censor,10.854794520547944,-0.2421160408628964
MrOS,93.0,1,0,0,1,22.975936620926763,1.3953488372093024,death,1.7671232876712328,-9.076782410861895
MrOS,76.0,1,0,0,1,38.55514513097155,14.693877551020408,censor,3.843835616438356,-1.2526639642080966
MrOS,71.0,1,0,0,1,23.48921447026679,7.192982456140351,censor,11.016438356164384,0.451108907573996
MrOS,77.0,1,0,0,1,21.118254933015624,22.352941176470587,death,11.12054794520548,1.4503884236425932
MrOS,85.0,1,0,0,1,30.890919699405284,28.181818181818183,death,4.123287671232877,3.6707765318413976
MrOS,86.0,1,0,0,1,23.5559297745432,17.272727272727273,censor,1.452054794520548,-12.734469768776194
MrOS,81.0,1,0,0,1,25.7265423527078,7.571428571428571,censor,11.065753424657537,-9.766921785725998
MrOS,72.0,1,0,0,1,26.58871713568503,4.783599088838269,censor,10.967123287671232,2.188366547986405
MrOS,70.0,1,0,0,1,30.679742870587454,6.634615384615385,censor,10.857534246575344,0.0303027667994939
MrOS,77.0,1,0,0,1,19.684635326056448,5.934065934065934,dementia,7.342465753424658,-9.835479586381297
MrOS,75.0,1,0,0,1,26.163530396181613,3.692307692307693,censor,10.923287671232876,-10.235874385368604
MrOS,83.0,1,0,0,1,28.48608750482732,16.869565217391305,death,8.98904109589041,-0.2347283282808945
MrOS,84.0,1,0,0,1,39.03275525931672,26.233766233766232,censor,5.205479452054795,-2.366910690922893
MrOS,78.0,1,0,0,1,24.10375915071911,4.615384615384615,censor,10.553424657534247,-12.287194759367594
MrOS,71.0,1,1,0,0,21.24158965809475,2.406015037593985,dementia,0.0,-7.219088615677798
MrOS,74.0,1,0,0,1,25.46775221974037,8.114754098360656,dementia,10.832876712328767,3.411044063116705
MrOS,72.0,1,0,0,1,33.51958660907117,2.616822429906542,death,7.904109589041096,-0.8002245145554951
MrOS,78.0,1,0,0,1,27.40682888937002,18.387096774193548,censor,10.854794520547944,-3.0693822466456027
MrOS,71.0,1,0,0,1,24.580633229632262,0.2843601895734597,censor,0.0,-4.047910268039303
MrOS,79.0,1,0,0,1,25.45478623933673,5.606060606060606,censor,10.704109589041096,4.572531597597205
MrOS,70.0,1,0,0,1,32.911488268116095,14.686567164179104,censor,10.728767123287671,4.626296895381202
MrOS,75.0,1,0,0,1,31.01424892918247,4.855491329479769,censor,6.493150684931507,-6.962747597400593
MrOS,78.0,1,0,1,0,27.779745920237705,0.0,death,9.994520547945204,-0.824310961836602
MrOS,72.0,1,0,0,1,29.06751747920984,7.173913043478261,censor,10.736986301369862,3.339881645329797
MrOS,76.0,1,0,0,1,25.38507676150153,0.0,dementia,10.353424657534246,-8.345720100764098
MrOS,73.0,1,0,0,1,29.972269135339136,11.564245810055866,censor,10.854794520547944,0.130942115578307
MrOS,69.0,1,0,0,1,23.37879586281445,5.245901639344262,censor,3.8054794520547945,1.2788396800558957
MrOS,69.0,1,0,0,1,26.62214038263475,3.4693877551020407,censor,5.682191780821918,7.4407583463026015
MrOS,75.0,1,0,0,1,33.754971691449526,3.229461756373938,death,8.057534246575342,-0.4003149798342065
MrOS,68.0,1,0,0,1,28.232653795205213,3.60655737704918,censor,10.221917808219178,6.755414493355403
MrOS,67.0,1,0,0,1,26.0227582614975,1.8072289156626504,censor,10.832876712328767,4.168095146218505
MrOS,70.0,1,0,0,1,30.813662694839035,5.755813953488372,censor,2.8164383561643835,3.816693517872394
MrOS,82.0,1,0,0,1,25.02802561020709,26.353591160221,death,10.76986301369863,-1.6298728903117023
MrOS,70.0,1,0,0,1,32.91100286171198,2.679611650485437,death,5.1945205479452055,-2.0595312909082963
MrOS,76.0,1,0,0,1,24.09943273337245,6.062717770034843,death,5.052054794520548,2.739727404737806
MrOS,73.0,1,0,0,1,30.14225186532355,6.4637002341920375,censor,10.783561643835617,0.9528356763592996
MrOS,70.0,1,0,0,1,30.143301281546808,3.673469387755102,censor,10.8,4.102293954746699
MrOS,69.0,1,0,0,1,32.851005583323435,24.696569920844325,death,4.561643835616438,3.520088493618701
MrOS,80.0,1,0,0,1,18.678879608865003,4.6706586826347305,dementia,1.1287671232876713,-2.3529193631759995
MrOS,83.0,1,0,0,1,24.939811346323545,25.051546391752577,dementia,1.5945205479452054,-5.711773975774705
MrOS,75.0,1,0,0,1,25.60249123371221,6.631578947368421,dementia,4.761643835616439,6.620126413299104
MrOS,73.0,1,0,0,1,29.818609764081067,13.36870026525199,dementia,1.1616438356164382,3.7597295997820055
MrOS,79.0,1,0,0,1,29.07411916420925,8.914285714285715,death,6.983561643835617,2.2772806906098992
MrOS,69.0,1,0,0,1,28.53506601558368,0.1626016260162601,censor,12.158904109589042,-10.134153950571402
MrOS,73.0,1,0,0,1,22.07547894191269,8.64406779661017,dementia,7.646575342465753,-12.7547417580409
MrOS,83.0,1,0,0,1,28.43578886773544,17.894736842105264,dementia,7.515068493150685,1.4502672957720932
MrOS,85.0,1,0,0,1,22.92209317586105,36.24678663239074,dementia,0.5452054794520548,-7.5084616931964945
MrOS,83.0,1,0,0,1,33.25241645550184,4.580152671755725,death,9.04931506849315,-4.509673929252102
MrOS,69.0,1,0,0,1,32.245975990106935,3.75,censor,11.441095890410958,0.5196901993922012
MrOS,71.0,1,0,0,1,24.08898577620668,3.010752688172043,dementia,1.1726027397260277,-3.381390517739902
MrOS,73.0,1,0,0,1,24.085630771269926,1.602373887240356,death,1.6246575342465754,-0.0361405200824975
MrOS,71.0,1,0,0,1,27.93015699706785,5.072886297376093,censor,10.3013698630137,-10.170947819388203
MrOS,85.0,1,0,0,1,24.74007368589402,10.619469026548671,death,5.254794520547946,-6.084470597114802
MrOS,79.0,1,0,0,1,24.36236202469969,3.5294117647058822,death,5.564383561643836,-8.372329751451602
MrOS,78.0,1,0,0,1,23.22497626501581,46.72131147540984,dementia,0.0,9.918187198979991
MrOS,88.0,1,0,0,1,30.664507291846725,4.748201438848921,death,7.312328767123287,-9.072655900980097
MrOS,87.0,1,0,0,1,23.91900615772484,24.0,death,5.761643835616439,-6.489558774547504
MrOS,80.0,1,0,0,1,23.44687029371714,29.63855421686747,censor,5.863013698630137,-2.255546514041896
MrOS,77.0,1,0,0,1,24.203906777836348,30.1875,dementia,11.202739726027398,-10.0745803231452
MrOS,70.0,1,0,0,1,30.362058259713976,11.707317073170731,censor,10.97808219178082,4.854179135489304
MrOS,81.0,1,0,0,1,26.597686331467337,5.229357798165138,death,10.66027397260274,-2.516652881543706
MrOS,86.0,1,0,0,1,20.49515614063913,3.645569620253165,death,3.0794520547945203,-3.7098787209475006
MrOS,74.0,1,0,0,1,29.398185168662348,13.819241982507288,censor,11.12054794520548,-9.447920535501694
MrOS,83.0,1,0,0,1,29.602389474374743,26.045454545454547,censor,3.150684931506849,-3.6071218015346034
MrOS,78.0,1,0,0,1,23.467473466369835,3.1875,death,8.978082191780821,1.569321468086201
MrOS,73.0,1,0,0,1,27.657744356051623,9.833333333333334,censor,3.1424657534246574,-5.105370461119904
MrOS,75.0,1,0,0,1,31.401433892656783,7.333333333333333,dementia,7.567123287671233,1.927083741939896
MrOS,79.0,1,0,0,0,23.52536330259109,39.76119402985075,death,11.476712328767125,-1.4606928785901945
MrOS,81.0,1,0,0,1,28.743506601809848,3.8560411311053984,death,10.89041095890411,0.906628478322105
MrOS,79.0,1,0,0,1,29.63680801537168,19.33130699088146,death,11.802739726027395,-3.860440972527599
MrOS,73.0,1,0,0,1,22.929113408714585,0.0,censor,12.013698630136986,2.921795437860993
MrOS,72.0,1,0,0,1,27.33590482728682,22.22222222222222,censor,10.402739726027397,7.8360623738475965
MrOS,78.0,1,0,0,1,27.685458923956457,2.7127659574468086,death,6.586301369863014,-0.0746293130458042
MrOS,74.0,1,0,0,1,28.64964446204438,15.538461538461538,censor,10.736986301369862,-3.604816572260404
MrOS,69.0,1,0,0,1,22.98484387320809,0.594059405940594,censor,10.312328767123288,4.506575879084295
MrOS,82.0,1,0,0,1,30.8570399700464,2.2281167108753315,death,9.64931506849315,7.491730095347094
MrOS,76.0,1,1,0,0,24.788674054824344,11.88118811881188,censor,2.898630136986301,-0.750166183020994
MrOS,73.0,1,0,0,1,25.44958961656743,25.014577259475217,dementia,10.438356164383562,-0.6155924935333985
MrOS,90.0,1,0,0,1,25.54053023664128,4.74934036939314,death,4.454794520547945,-3.790054809944493
MrOS,76.0,1,0,0,1,22.72021803585997,3.5751295336787563,censor,10.942465753424658,-9.717846997154098
MrOS,76.0,1,0,0,1,22.801083978641493,20.611764705882354,death,7.852054794520548,2.395923824085997
MrOS,75.0,1,0,0,1,30.16927858229187,7.360594795539034,death,11.073972602739726,0.7047625200985976
MrOS,73.0,1,0,0,1,19.782877105276324,6.987951807228916,censor,11.158904109589042,6.167596821643002
MrOS,76.0,1,0,0,1,25.55653927948814,3.255813953488372,dementia,1.0410958904109588,7.018185496621797
MrOS,84.0,1,0,0,1,23.8698125828831,1.8126888217522656,dementia,3.194520547945205,-11.475824061018898
MrOS,83.0,1,0,0,1,23.106143592279864,2.0930232558139537,death,10.101369863013698,2.870542314405
MrOS,78.0,1,0,0,1,24.5661306756375,10.5,dementia,0.0,-20.0749573168521
MrOS,74.0,1,0,0,1,24.49473144570958,2.014925373134328,censor,10.506849315068491,3.775212096810705
MrOS,78.0,1,0,0,1,32.35180841006968,3.404255319148936,censor,11.087671232876712,1.8619651572409024
MrOS,78.0,1,0,0,1,20.20059553860126,8.125,censor,12.123287671232877,-8.167221321610597
MrOS,69.0,1,0,0,1,22.547693941421,0.7142857142857143,censor,10.89041095890411,-4.215786586504507
MrOS,74.0,1,0,0,1,30.771604938271604,4.754098360655738,censor,10.147945205479452,-5.735969719522203
MrOS,87.0,1,0,0,1,25.45346268289992,14.03598971722365,death,3.1013698630136988,-0.4367410060990977
MrOS,71.0,1,0,0,1,27.405578104878806,0.9009009009009008,censor,11.164383561643836,5.049476256468196
MrOS,81.0,1,0,0,1,20.86519654221358,2.628865979381444,death,7.682191780821918,-9.9580348528728
MrOS,71.0,1,0,0,1,24.497595279674016,9.0,death,4.301369863013699,-3.607522455576003
MrOS,70.0,1,0,0,0,30.3180908080208,35.92356687898089,censor,11.282191780821918,-5.712210446753403
MrOS,73.0,1,0,0,1,23.370440694806742,0.6864988558352403,dementia,11.342465753424657,-16.638965190339903
MrOS,73.0,1,0,0,1,31.747146371162497,21.855670103092784,dementia,0.9561643835616438,-3.567119350661301
MrOS,72.0,1,0,0,1,27.07661678585956,22.654867256637168,dementia,0.6410958904109589,-4.518719594093696
MrOS,77.0,1,0,0,1,21.19783011027785,15.652173913043478,death,1.378082191780822,-3.528305288216302
MrOS,80.0,1,0,0,1,31.3297920378322,6.305732484076433,censor,10.07123287671233,0.6815371367961944
MrOS,75.0,1,0,0,1,21.869161681889256,3.820754716981132,censor,10.254794520547945,1.1739810814136007
MrOS,77.0,1,0,0,1,24.61920628921639,3.302752293577982,censor,11.547945205479452,2.710203288665696
MrOS,77.0,1,0,0,1,26.3020998606506,27.692307692307693,dementia,6.380821917808219,-1.7151762035098983
MrOS,69.0,1,0,0,1,27.731386626722447,2.4074074074074074,censor,11.364383561643836,-0.0463352925455069
MrOS,75.0,1,0,0,1,25.1148022958155,10.29023746701847,censor,10.876712328767123,-7.874280955716998
MrOS,69.0,1,0,0,1,35.00665126374011,5.739130434782608,censor,11.150684931506849,3.4078651944499967
MrOS,75.0,1,0,0,1,27.744123147459227,0.1470588235294117,censor,10.64109589041096,-2.409165334879006
MrOS,84.0,1,0,0,1,29.90525653458289,3.72972972972973,death,8.978082191780821,2.0896050432427984
MrOS,75.0,1,0,0,1,27.75280716361127,16.44859813084112,censor,10.96986301369863,0.9744851791814
MrOS,85.0,1,0,0,1,23.2464243328888,25.51948051948052,dementia,2.9945205479452053,-3.075862620762294
MrOS,76.0,1,0,0,1,24.36058437561834,11.0801393728223,censor,10.98904109589041,-6.086127779958801
MrOS,91.0,1,1,0,0,18.67948201835524,2.6666666666666665,death,4.720547945205479,-12.3077692792871
MrOS,90.0,1,0,0,1,30.569552936100155,1.42433234421365,death,8.698630136986301,-7.525226107167597
MrOS,75.0,1,0,0,1,23.76022340599974,0.8780487804878049,dementia,1.0684931506849316,2.161570504407706
MrOS,83.0,1,0,0,1,24.36787504272005,2.3580786026200875,death,2.043835616438356,-8.539256532805098
MrOS,70.0,1,0,0,1,26.618861187845525,15.718849840255592,dementia,6.347945205479452,4.360679760328097
MrOS,77.0,1,0,0,0,25.733290065911834,16.428571428571427,censor,3.0876712328767124,-5.470808540253998
MrOS,69.0,1,0,0,1,26.751798144569364,7.381703470031546,censor,11.235616438356164,-0.4441878950685947
MrOS,79.0,1,0,0,1,24.32992029485233,6.521739130434782,death,5.575342465753424,-5.2641048425252
MrOS,70.0,1,0,0,1,27.516798145367805,0.24,death,6.095890410958904,-2.924839651325101
MrOS,78.0,1,0,0,1,17.775902279492676,1.7837837837837838,death,8.786301369863013,4.758420621267206
MrOS,74.0,1,0,0,1,23.600341259630728,2.4,censor,10.7013698630137,-6.782391465179401
MrOS,70.0,1,0,0,1,21.56380314786534,3.977900552486188,censor,10.512328767123288,-5.819586123972101
MrOS,80.0,1,0,0,1,23.402382330991145,0.821917808219178,death,5.50958904109589,-6.827766014550207
MrOS,78.0,1,0,0,1,26.46691909224255,19.886685552407933,death,4.794520547945205,-3.048597970599502
MrOS,68.0,1,0,0,1,25.51480525679366,9.593023255813954,censor,11.243835616438355,3.709058511047999
MrOS,78.0,1,0,0,1,28.74361422684349,30.56300268096515,death,8.547945205479452,2.492360102717996
MrOS,76.0,1,0,0,1,23.22772288284331,1.0169491525423728,censor,10.002739726027396,-1.661090108610907
MrOS,89.0,1,0,0,1,26.262575585277343,10.372340425531917,death,8.345205479452055,-5.0879570691199945
MrOS,69.0,1,0,0,1,25.66003285257098,8.64516129032258,censor,11.326027397260274,-0.4454617606467934
MrOS,90.0,1,0,0,1,23.471615566533423,1.0465116279069768,death,4.975342465753425,-10.891298973450006
MrOS,75.0,1,0,0,1,25.114537989819823,8.706624605678233,death,10.96164383561644,-3.1797217595782
MrOS,76.0,1,0,0,1,24.351471524019576,28.115183246073297,censor,10.186301369863012,-3.967685512127304
MrOS,77.0,1,0,0,1,27.19643060398713,22.74418604651163,dementia,3.243835616438356,-4.566628247654094
MrOS,87.0,1,0,0,1,22.25747244807281,6.262626262626263,death,9.805479452054794,-9.618603304073003
MrOS,70.0,1,0,0,1,26.55554380670559,11.715976331360949,death,9.0986301369863,11.103656409385708
MrOS,81.0,1,0,0,1,27.70005554745181,4.52054794520548,death,5.276712328767124,0.6782264075572044
MrOS,74.0,1,0,0,1,30.529155343352897,6.325301204819277,censor,11.13972602739726,-4.282249820785907
MrOS,77.0,1,0,0,1,22.3643304429466,6.153846153846154,censor,10.717808219178082,-0.4246575942099042
MrOS,79.0,1,0,0,1,24.404652857398688,0.1869158878504672,censor,10.235616438356164,-1.5969209601961012
MrOS,69.0,1,0,0,1,28.506234231980155,3.1058823529411765,censor,9.96164383561644,7.536724261957204
MrOS,70.0,1,0,0,1,28.73974091338042,51.919770773638966,censor,10.684931506849315,-8.520312745962798
MrOS,69.0,1,0,0,1,27.73252601659822,12.639225181598064,censor,11.312328767123288,-3.689926302812197
MrOS,71.0,1,0,0,1,25.50434774460748,11.52317880794702,censor,10.873972602739729,-0.0277488904389997
MrOS,77.0,1,0,0,1,24.19976525348778,7.68,dementia,5.898630136986301,-8.8994416322317
MrOS,88.0,1,0,0,1,22.45872330852884,1.694915254237288,dementia,0.0,-3.012181009491499
MrOS,80.0,1,0,0,1,24.93140471675041,8.923076923076923,censor,3.1890410958904107,0.2159362978236032
MrOS,73.0,1,0,0,1,26.966521920353056,3.582089552238806,death,1.536986301369863,1.107583304560805
MrOS,81.0,1,0,0,1,28.2437107434486,13.900709219858156,death,8.134246575342466,-14.421030222332108
MrOS,77.0,1,0,0,1,29.86680459274153,20.410557184750733,censor,10.635616438356164,0.3444345968976989
MrOS,70.0,1,0,0,1,28.488368328703974,5.8474576271186445,censor,11.257534246575345,-8.5553608522968
MrOS,85.0,1,0,0,1,24.857787687210216,1.291866028708134,death,2.621917808219178,-7.843476951079296
MrOS,74.0,1,0,0,0,25.579299641953355,39.20168067226891,death,8.873972602739727,-3.3187119061842054
MrOS,70.0,1,0,0,1,26.936703197751086,15.290858725761773,censor,11.523287671232875,3.064493493856105
MrOS,73.0,1,0,0,1,28.926198118278087,5.084745762711864,censor,10.10958904109589,0.6744179397516064
MrOS,76.0,1,0,0,1,29.914510738561493,2.155688622754491,dementia,7.32054794520548,8.565006779196594
MrOS,74.0,1,0,0,1,29.850028564680343,10.41564792176039,censor,10.31780821917808,-3.4231640465081057
MrOS,86.0,1,0,0,1,27.10698211427301,35.60283687943262,death,10.27945205479452,-7.991373001429096
MrOS,73.0,1,0,0,1,22.147787788695844,7.552447552447552,censor,10.493150684931509,-7.117961924580499
MrOS,68.0,1,0,0,1,22.9595383264365,8.16326530612245,censor,10.63835616438356,-9.7137701485141
MrOS,68.0,1,0,0,1,25.03888172649477,4.157043879907621,censor,11.446575342465753,-1.0728430411181051
MrOS,71.0,1,0,0,1,26.690679034272307,10.153846153846152,censor,3.0465753424657533,0.3020194157431035
MrOS,83.0,1,0,0,1,23.5948228476974,13.398058252427184,dementia,10.931506849315069,-3.977818993447002
MrOS,86.0,1,0,0,1,28.35637288630345,21.642857142857142,death,9.013698630136986,-0.762383403640797
MrOS,74.0,1,0,0,1,28.392683308058448,15.348837209302326,censor,11.084931506849315,0.8275352285027964
MrOS,72.0,1,0,0,1,26.69258845310026,4.02555910543131,death,7.208219178082191,-1.6392640904431062
MrOS,80.0,1,0,0,1,26.28863064672346,32.17877094972067,censor,3.241095890410959,-5.2040264215526975
MrOS,83.0,1,0,0,1,24.514308019215964,4.768211920529802,death,10.97808219178082,-4.930292997605804
MrOS,83.0,1,1,0,0,25.857128621433485,2.326869806094183,censor,5.501369863013698,-2.0386185617199004
MrOS,72.0,1,0,0,1,32.37428311765647,83.15112540192926,censor,10.893150684931507,3.9942027262366935
MrOS,80.0,1,0,0,1,28.02543904714746,0.7915567282321899,death,11.035616438356165,-5.268632426733106
MrOS,70.0,1,0,0,1,25.522681827482263,0.8645533141210374,censor,11.421917808219176,1.427923111583894
MrOS,78.0,1,0,0,1,28.875299095485627,2.159383033419023,censor,10.27945205479452,-9.197946417767298
MrOS,75.0,1,0,0,1,25.85857220118984,2.326869806094183,censor,10.402739726027397,-7.572589664363093
MrOS,81.0,1,0,0,1,24.47410317376555,0.1463414634146341,censor,9.87945205479452,-6.105895380194298
MrOS,82.0,1,0,0,1,25.307829657016235,0.2205882352941176,censor,10.547945205479452,-6.560625695353195
MrOS,85.0,1,0,0,1,26.01818792038569,0.0,death,7.5479452054794525,3.647596567907698
MrOS,77.0,1,0,0,1,25.12430714605454,20.205655526992288,censor,11.597260273972603,3.1016323781939974
MrOS,79.0,1,1,0,0,20.449890063045057,1.6458852867830425,dementia,5.427397260273972,-0.4224820858638054
MrOS,82.0,1,0,0,1,24.97605595111701,2.0437956204379564,censor,11.463013698630135,-0.7528789691383935
MrOS,82.0,1,0,0,1,26.094024789032,34.55172413793103,death,10.375342465753423,-8.1116683976621
MrOS,85.0,1,0,0,1,29.52356712999072,3.217665615141956,death,4.7095890410958905,-4.5950229244157015
MrOS,68.0,1,0,0,1,25.375677044004632,26.722689075630253,censor,11.427397260273972,1.1501423435269942
MrOS,75.0,1,0,0,1,30.51716532814531,12.986301369863014,censor,10.389041095890413,-12.537246084640898
MrOS,78.0,1,0,0,1,25.238520514628284,21.0,censor,10.205479452054794,0.1113185931771028
MrOS,81.0,1,0,0,1,29.63648265297224,5.903890160183066,death,9.213698630136989,-12.306795885522304
MrOS,76.0,1,0,0,1,27.41270355458888,0.7086614173228346,censor,6.534246575342466,-7.016239383284201
MrOS,81.0,1,0,0,1,29.270555796631108,32.76923076923077,death,3.7095890410958905,0.8945359605177003
MrOS,68.0,1,0,0,0,31.19897699705336,7.976878612716763,censor,10.032876712328768,-3.699096154084401
MrOS,81.0,1,1,0,0,22.59821883569123,0.0,death,8.46027397260274,-6.183654147356293
MrOS,74.0,1,0,0,1,23.540855635214417,33.14578005115089,dementia,5.638356164383562,7.129879322566396
MrOS,75.0,1,0,0,1,26.0412510883933,6.947368421052632,dementia,1.093150684931507,-3.900184421814501
MrOS,79.0,1,0,0,1,24.17888594792057,0.16,dementia,3.3123287671232875,2.115706568899
MrOS,71.0,1,0,0,1,29.28763783713776,25.432835820895523,censor,6.498630136986302,-1.9439426581459005
MrOS,68.0,1,0,0,1,23.879755919308963,0.6685236768802229,censor,10.96986301369863,-1.9113051072431944
MrOS,87.0,1,0,0,1,24.99218764428509,2.748091603053436,death,9.128767123287671,0.8031957450890985
MrOS,92.0,1,0,0,1,25.324308175294863,25.631067961165048,death,10.216438356164383,0.1731341496747944
MrOS,83.0,1,0,0,1,26.541866724259112,25.4,censor,10.791780821917808,-3.105761942682804
MrOS,69.0,1,0,0,1,30.87353113481737,52.95,censor,10.07123287671233,-6.185326111600901
MrOS,83.0,1,0,0,1,21.76547039688929,15.737704918032788,censor,3.3835616438356166,2.274769303751796
MrOS,74.0,1,0,0,1,36.2619648816949,4.705882352941177,censor,10.257534246575345,2.785347658702904
MrOS,84.0,1,0,0,1,23.169759728727065,4.868735083532219,censor,10.01095890410959,-9.108396558540605
MrOS,85.0,1,0,0,1,30.789195265489653,20.20408163265306,death,3.410958904109589,-7.153892987340996
MrOS,71.0,1,0,0,1,26.01280608281728,39.608801955990224,censor,10.906849315068492,-10.725766805867998
MrOS,79.0,1,0,0,1,21.21706382358012,1.6216216216216215,censor,10.03013698630137,-2.501621854876703
MrOS,73.0,1,0,0,1,24.040864408259427,6.104651162790698,censor,11.008219178082191,2.5128714881269048
MrOS,86.0,1,0,0,0,28.309899946699893,12.43421052631579,dementia,5.47945205479452,-14.601340216634595
MrOS,83.0,1,0,0,1,23.92342575601373,11.69811320754717,censor,10.863013698630136,-11.059140521460291
MrOS,79.0,1,0,0,1,31.656294893965818,7.346938775510204,death,10.35890410958904,6.016545606450194
MrOS,83.0,1,0,0,1,25.24399682097325,10.607734806629834,death,7.824657534246575,0.6961412110925949
MrOS,74.0,1,0,0,1,28.374752499091585,0.6896551724137931,dementia,3.602739726027397,-1.0595770912262026
MrOS,84.0,1,0,0,1,30.59434368860138,14.24802110817942,dementia,3.506849315068493,-4.261612977193707
MrOS,70.0,1,0,0,1,25.246465741665126,25.072046109510087,dementia,11.334246575342464,4.454149640495004
MrOS,71.0,1,1,0,0,24.03570857975826,4.488778054862843,censor,10.723287671232876,0.3461965889821954
MrOS,72.0,1,0,0,1,21.456817206320743,13.415233415233416,death,10.69041095890411,-5.752869931523904
MrOS,89.0,1,0,0,1,26.678205100979,4.726027397260274,dementia,3.46027397260274,-17.034808484289798
MrOS,80.0,1,0,0,1,30.41358018280788,12.027027027027026,death,2.602739726027397,-1.4148345303018033
MrOS,80.0,1,0,0,1,26.29166601862347,3.1003039513677813,dementia,1.2246575342465753,1.8950018129981032
MrOS,82.0,1,0,0,1,25.42529585798816,15.251798561151078,censor,10.219178082191782,-5.7872211198156975
MrOS,81.0,1,0,0,1,24.55734684657156,11.027027027027026,censor,10.09041095890411,2.1794820782806994
MrOS,76.0,1,0,0,1,24.51542876308234,1.0909090909090908,censor,10.553424657534247,2.634300002884899
MrOS,78.0,1,0,0,1,30.414035247793173,4.109589041095891,dementia,1.0904109589041096,0.6018504002775984
MrOS,69.0,1,0,0,1,26.531653040429298,9.842271293375394,dementia,10.89041095890411,6.287212288140907
MrOS,81.0,1,0,0,1,24.758069867610008,36.98863636363637,death,5.367123287671233,-0.9389310748991022
MrOS,78.0,1,0,0,1,29.07781038132133,11.584158415841584,censor,11.068493150684931,-2.068312712575306
MrOS,75.0,1,0,0,1,25.814394503519694,3.782234957020057,dementia,10.169863013698633,-0.6425323583034981
MrOS,77.0,1,0,0,0,24.6659230228162,0.4455445544554455,dementia,5.676712328767123,-6.546768461480994
MrOS,75.0,1,0,0,0,29.47043546990854,36.04743083003952,censor,10.413698630136986,-3.594129420936796
MrOS,78.0,1,0,0,1,24.76325126863881,3.658536585365854,dementia,0.9041095890410958,-5.461213189946307
MrOS,76.0,1,0,0,1,33.852437969138656,34.48504983388705,death,3.2,-2.195911529637001
MrOS,75.0,1,0,0,1,30.95032608550555,23.013698630136982,death,6.671232876712328,-5.627802028712907
MrOS,84.0,1,0,0,1,26.695223035533555,13.228346456692911,death,4.3863013698630136,-5.5652797760687065
MrOS,79.0,1,0,0,1,28.70023331767973,18.88,death,1.695890410958904,-12.527051038569695
MrOS,76.0,1,0,0,1,31.45292744622009,50.56768558951965,censor,10.24109589041096,-1.2354648072336971
MrOS,80.0,1,1,0,0,23.90003387406376,26.96035242290749,death,10.608219178082193,-6.027111464308902
MrOS,73.0,1,0,0,1,26.966521920353056,4.190476190476191,death,2.797260273972603,-1.0153191009243017
MrOS,75.0,1,0,0,1,22.55439356956485,32.7979274611399,death,5.326027397260274,3.770536442724193
MrOS,70.0,1,0,0,1,26.78860618941264,2.930591259640103,censor,10.421917808219176,-6.693506239577502
MrOS,71.0,1,0,0,0,25.59541289042551,14.46808510638298,dementia,3.547945205479452,-1.8454120935982985
MrOS,73.0,1,0,0,1,28.91014158779291,6.129032258064516,censor,3.2794520547945205,-0.7998253092459038
MrOS,75.0,1,0,0,1,29.38679346746449,8.116710875331565,death,6.441095890410959,1.878546762464396
MrOS,75.0,1,0,0,1,26.65463580501456,2.2073578595317724,censor,10.194520547945206,-2.4737706604380065
MrOS,75.0,1,0,0,1,26.005975915190746,7.989949748743719,censor,10.106849315068493,-2.935215205377105
MrOS,70.0,1,0,0,1,26.833610054937022,12.586206896551724,censor,10.087671232876712,-3.2131055815385
MrOS,73.0,1,0,0,1,24.35646282270441,7.2,censor,9.915068493150685,0.3332743301814957
MrOS,71.0,1,0,0,1,24.74427589069416,8.823529411764707,censor,10.347945205479451,-2.4479473050612057
MrOS,75.0,1,0,0,1,28.06544768737701,9.67741935483871,censor,10.663013698630136,-5.8952640636648965
MrOS,69.0,1,1,0,0,21.30399563161924,30.118577075098813,censor,0.0,0.4204710588677045
MrOS,72.0,1,0,0,1,27.1699170197122,14.278481012658228,censor,10.975342465753425,-8.4748557677499
MrOS,71.0,1,0,0,1,27.121263411610347,4.4141689373297,censor,11.66027397260274,-5.182374790388906
MrOS,85.0,1,0,0,1,29.49708525429176,8.671328671328672,death,5.16986301369863,-5.955804162995605
MrOS,74.0,1,0,0,1,25.63109051279202,7.835051546391752,death,9.002739726027396,6.069748952649903
MrOS,73.0,1,0,0,1,32.56250626322591,2.926829268292683,dementia,1.3232876712328767,-1.9833971137178992
MrOS,81.0,1,0,0,1,40.53748359951138,49.50495049504951,death,11.452054794520548,-7.4994075331755
MrOS,70.0,1,0,0,1,21.984843390321497,0.4597701149425287,censor,9.805479452054794,-9.2390359158141
MrOS,73.0,1,0,0,1,41.78978314426736,25.6271186440678,death,8.780821917808218,-2.447107870920803
MrOS,83.0,1,0,0,1,25.03267867936414,0.0,censor,11.063013698630137,2.899062240366206
MrOS,73.0,1,0,0,1,34.24961495288068,3.13953488372093,death,7.021917808219178,2.777224872561604
MrOS,79.0,1,0,0,1,25.703502986784844,21.20689655172414,censor,10.597260273972603,-3.5402143487277016
MrOS,82.0,1,0,0,1,28.268385384498053,21.605504587155963,death,8.646575342465754,-4.845331795088001
MrOS,73.0,1,0,0,1,26.645849138249016,7.032418952618454,censor,11.142465753424656,-3.7085277125730016
MrOS,76.0,1,0,0,1,30.29143358258285,28.17258883248731,death,5.695890410958904,-4.091523472503297
MrOS,73.0,1,0,0,1,25.731093547869275,3.7611940298507465,censor,9.652054794520549,-7.906971222582896
MrOS,81.0,1,0,0,1,27.818184778568284,1.836734693877551,dementia,5.463013698630137,-4.712087590297301
MrOS,71.0,1,0,0,1,29.152436539314905,34.6964856230032,death,8.942465753424658,-1.6178491147983038
MrOS,71.0,1,0,0,1,29.92657064618275,3.2432432432432434,death,9.827397260273973,-13.4763792633116
MrOS,70.0,1,0,0,1,30.93947491376556,11.764705882352942,censor,10.663013698630136,-9.2543114565376
MrOS,71.0,1,0,0,1,22.56681517818381,10.788643533123029,censor,9.906849315068492,-4.579599477949998
MrOS,69.0,1,0,1,0,22.4265511336834,13.730407523510973,dementia,9.643835616438356,-3.3680823424874973
MrOS,71.0,1,0,0,1,26.04527503967241,6.683168316831683,censor,11.101369863013698,-3.243315243243103
MrOS,71.0,1,0,0,1,25.588844003932667,17.56578947368421,censor,10.235616438356164,-10.0531798275751
MrOS,82.0,1,0,0,1,26.058384049263456,31.9672131147541,death,7.232876712328767,-19.9086864586657
MrOS,76.0,1,0,0,1,26.06832937418473,0.9554140127388536,censor,10.005479452054796,-4.660599022316802
MrOS,69.0,1,0,0,1,32.32963631408723,10.47887323943662,censor,10.830136986301367,-2.0879486763109014
MrOS,71.0,1,0,0,0,28.81989283905377,1.9584569732937684,death,7.517808219178082,3.4569858344141977
MrOS,70.0,1,0,0,1,25.95564362295337,3.4760705289672544,censor,3.758904109589041,7.620408430121401
MrOS,71.0,1,0,0,1,31.85808369806244,0.8287292817679558,dementia,11.356164383561644,7.366165780192304
MrOS,73.0,1,0,0,1,32.37260129870867,24.0,censor,11.47945205479452,1.0854520861712018
MrOS,84.0,1,0,0,1,30.978180717964005,23.15217391304348,censor,11.506849315068491,-5.441467417714904
MrOS,72.0,1,0,0,1,27.46762168838448,14.498714652956298,dementia,10.75068493150685,0.5824716391181965
MrOS,75.0,1,0,0,1,23.17000595120016,3.875598086124402,censor,10.27945205479452,-2.604380867529102
MrOS,70.0,1,0,0,1,28.40908174818074,0.962566844919786,death,8.830136986301369,-4.498129545809505
MrOS,80.0,1,0,0,1,26.464249164897705,21.870967741935484,death,9.389041095890413,-4.968187057114406
MrOS,71.0,1,1,0,0,24.896349520142287,29.054441260744987,dementia,0.0,-5.426685822641403
MrOS,80.0,1,0,0,1,26.92762134510218,21.41843971631205,dementia,1.1123287671232878,0.1135681050512005
MrOS,76.0,1,0,0,1,27.01615887998176,8.372093023255815,censor,10.89041095890411,-6.707263500878796
MrOS,77.0,1,0,0,1,28.71858935487084,7.424749163879599,death,10.07123287671233,-5.159861062276093
MrOS,69.0,1,0,0,1,25.01521251446884,0.1626016260162601,censor,10.745205479452055,-1.3964300440470936
MrOS,74.0,1,0,0,1,25.10808244866574,11.548117154811717,censor,11.465753424657532,-11.821956042913897
MrOS,77.0,1,1,0,0,23.132942998366914,21.176470588235293,censor,10.9013698630137,-4.072950255307404
MrOS,75.0,1,0,0,0,30.020741242993346,17.011494252873565,censor,0.0,-8.148563312238096
MrOS,78.0,1,0,0,1,28.32673099971492,5.051020408163265,death,6.884931506849315,-2.0137606960486067
MrOS,73.0,1,0,0,1,32.49032039119502,41.61764705882353,censor,11.463013698630135,-4.036393100269706
MrOS,81.0,1,1,0,0,24.592434670188176,3.0508474576271185,dementia,10.33972602739726,-6.805371887038703
MrOS,74.0,1,1,0,0,23.487216562613373,5.1063829787234045,censor,6.16986301369863,-0.9045621093238054
MrOS,72.0,1,0,0,1,28.273824403689524,8.976377952755906,censor,11.161643835616438,-10.0697488894101
MrOS,74.0,1,0,0,0,28.151430979058084,32.293577981651374,censor,11.03835616438356,-4.1590506287711975
MrOS,69.0,1,0,0,0,25.18700235141958,12.081447963800905,censor,10.956164383561644,3.6323430752459984
MrOS,71.0,1,0,0,1,33.79628134355368,36.88073394495413,censor,10.112328767123287,-4.9461592064239
MrOS,70.0,1,1,0,0,20.43276847711979,2.779291553133515,censor,11.183561643835615,-7.086419715639501
MrOS,70.0,1,0,0,1,30.601601662492115,4.8414985590778095,censor,10.778082191780822,6.9925295779125065
MrOS,70.0,1,0,0,1,26.967537578776152,17.73049645390071,censor,10.964383561643835,-2.478834279702696
MrOS,78.0,1,0,0,1,21.946491343578028,0.0,censor,9.490410958904109,-6.9507388790599975
MrOS,70.0,1,1,0,0,25.387396585859342,7.284345047923322,censor,11.424657534246576,2.411629514239806
MrOS,75.0,1,1,0,0,22.89329582699583,8.01007556675063,censor,6.6,-6.392347919880294
MrOS,78.0,1,0,0,1,27.940308491127272,5.594855305466238,censor,3.73972602739726,-6.975576383653305
MrOS,79.0,1,0,0,1,26.38251342372909,9.185667752442995,death,10.802739726027395,2.6138377017284
MrOS,72.0,1,0,0,1,26.03812020754579,10.06711409395973,dementia,3.512328767123288,-18.85742834421029
MrOS,71.0,1,0,0,1,27.702499247214696,22.5,censor,11.172602739726027,1.9458183374725024
MrOS,72.0,1,0,0,1,24.857283898110644,3.4782608695652173,death,11.947945205479453,-1.7382131109400945
MrOS,76.0,1,0,0,1,27.634954584002266,25.321100917431192,death,9.586301369863014,-2.8592533713325
MrOS,76.0,1,0,0,1,25.973815147604324,6.190476190476191,dementia,10.884931506849314,0.6628778762560046
MrOS,76.0,1,0,0,1,21.643334238383805,3.6,death,11.86027397260274,0.2625260622573933
MrOS,77.0,1,0,0,1,27.597178594329595,16.62162162162162,censor,11.087671232876712,-11.947606998168396
MrOS,69.0,1,0,1,0,26.07266213913977,0.7272727272727273,censor,10.432876712328769,-3.510353450234703
MrOS,78.0,1,0,0,1,32.961773740221545,4.402173913043479,censor,10.202739726027398,4.631869996136004
MrOS,79.0,1,0,0,1,28.56277236699947,5.62962962962963,death,3.0054794520547947,-5.319594635216504
MrOS,79.0,1,0,0,1,27.25039266762266,29.75476839237057,death,4.235616438356164,-16.468013695857003
MrOS,72.0,1,0,0,0,26.110611168501336,20.47477744807121,censor,10.153424657534249,-6.708503220803607
MrOS,73.0,1,0,0,1,31.589860899571867,10.851063829787234,censor,10.605479452054794,0.0687515937813998
MrOS,76.0,1,0,0,1,29.740905547196725,7.409638554216867,censor,10.917808219178085,-4.586486901409501
MrOS,79.0,1,0,0,1,24.65228664249789,8.219178082191782,death,11.295890410958904,-10.569249816714802
MrOS,73.0,1,0,0,1,29.79152040536003,4.901960784313726,death,3.3424657534246576,-1.3158352274094938
MrOS,70.0,1,0,0,1,24.94559821488698,18.2,dementia,10.816438356164385,4.239114908117003
MrOS,73.0,1,0,0,1,29.9680699367967,28.88888888888889,censor,10.271232876712329,-0.0450036887250036
MrOS,80.0,1,0,0,1,26.922484152535148,3.795620437956204,censor,9.95068493150685,-6.888291736148403
MrOS,74.0,1,0,0,1,18.09072109933748,34.36265709156194,dementia,3.802739726027397,-1.878096757089395
MrOS,75.0,1,0,0,1,25.7830367300024,5.313174946004319,censor,3.7424657534246575,1.188790624878706
MrOS,73.0,1,0,0,1,24.738561507622915,12.080536912751676,censor,11.254794520547945,-4.939032329046597
MrOS,74.0,1,0,0,1,27.47750749579048,8.847926267281107,dementia,1.0191780821917809,-6.423457459508796
MrOS,79.0,1,0,0,1,24.66894750196069,33.7888198757764,censor,10.912328767123288,-1.8627320098157008
MrOS,79.0,1,0,0,1,25.078221259536125,4.070796460176991,death,9.726027397260276,7.106295784711705
MrOS,72.0,1,0,1,0,23.84349156528864,3.5036496350364965,death,11.87945205479452,3.1706879369367016
MrOS,74.0,1,0,0,1,25.303490468457785,2.0240963855421685,dementia,3.797260273972603,-3.058128619532596
MrOS,73.0,1,0,0,1,29.509176965757707,32.493297587131366,censor,11.391780821917807,-6.709374959143702
MrOS,76.0,1,0,0,1,27.86677011727901,17.848101265822784,censor,10.936986301369863,0.1339383794133937
MrOS,76.0,1,0,0,0,20.01900291234436,36.0989010989011,death,4.136986301369863,-4.729068292035706
MrOS,74.0,1,0,0,1,27.53654843081608,15.9375,death,9.956164383561644,-3.689159615852006
MrOS,73.0,1,0,0,1,21.417593318424807,0.7523510971786834,death,7.197260273972603,-3.210475209085104
MrOS,69.0,1,0,0,1,23.89432205870085,0.1630434782608695,censor,11.424657534246576,6.935624582838599
MrOS,72.0,1,0,0,1,24.55301372131497,6.554621848739496,dementia,1.1726027397260277,-4.921957963325696
MrOS,86.0,1,0,0,1,24.160756633842333,16.051948051948052,death,7.726027397260274,-3.7078752525008
MrOS,70.0,1,0,0,1,30.73871747221747,6.0136674259681095,censor,10.687671232876712,-0.2915509294651031
MrOS,86.0,1,0,0,1,27.67570116568615,8.01980198019802,censor,3.898630136986301,-12.146698980146496
MrOS,74.0,1,0,0,1,28.50581371155852,34.00593471810089,death,5.284931506849315,-3.728021166180298
MrOS,76.0,1,0,0,1,32.53808020516514,29.662921348314608,death,9.936986301369863,1.7532330413582995
MrOS,80.0,1,0,0,1,27.446840984033376,9.130434782608695,censor,11.263013698630138,-4.364353184256103
MrOS,69.0,1,0,0,0,29.71803669055201,4.0,censor,11.471232876712328,-6.602104814707303
MrOS,78.0,1,0,0,1,27.892801960679847,23.05263157894737,dementia,1.1369863013698631,-4.791871665830101
MrOS,72.0,1,0,0,1,25.19920635762714,36.0,censor,10.56986301369863,-0.4750601051693053
MrOS,72.0,1,0,0,0,30.586842266246546,13.795620437956204,censor,11.558904109589042,-4.662128681167005
MrOS,72.0,1,0,0,1,37.122831545595815,7.039106145251397,death,5.079452054794521,7.534012358932102
MrOS,81.0,1,0,0,1,25.618843331635752,8.256880733944953,death,8.238356164383562,-3.334413975160203
MrOS,75.0,1,0,0,1,25.14584361526531,0.7361963190184049,censor,9.832876712328767,0.631294602600093
MrOS,68.0,1,0,0,1,26.22754847446193,11.912832929782082,censor,11.008219178082191,-3.891779392059704
MrOS,72.0,1,0,0,1,26.98141607465365,12.28486646884273,censor,9.868493150684932,-5.563546715023605
MrOS,78.0,1,0,0,1,30.227304302436742,5.49738219895288,death,6.421917808219178,-0.220092476455207
MrOS,79.0,1,0,0,1,25.029760996306585,20.119760479041915,censor,10.295890410958904,-8.750533276345493
MrOS,79.0,1,0,0,1,28.137441230250293,20.65573770491803,dementia,0.6493150684931507,-4.881447931115105
MrOS,73.0,1,0,0,1,25.05072730969648,2.3741007194244603,death,7.115068493150685,2.843547776139303
MrOS,73.0,1,0,0,1,21.65520588060672,1.6058394160583942,censor,11.158904109589042,-1.508352858529804
MrOS,79.0,1,0,0,1,25.790675579771523,3.333333333333333,death,1.747945205479452,-17.908046936687498
MrOS,68.0,1,0,0,1,27.384494115134824,7.313432835820896,censor,3.857534246575343,3.5386074305340003
MrOS,70.0,1,0,0,1,26.67909861844956,4.9046321525885554,censor,9.761643835616438,0.3040311710877006
MrOS,72.0,1,0,0,1,27.04017215222804,13.18032786885246,censor,11.156164383561643,-4.246136242240496
MrOS,72.0,1,0,0,1,28.2621217586038,7.586206896551724,censor,11.03835616438356,-2.061267911641707
MrOS,72.0,1,0,0,1,32.3562973959287,13.893129770992369,censor,10.736986301369862,-2.9099988429564974
MrOS,72.0,1,0,0,1,24.86331503275251,0.1652892561983471,censor,10.446575342465753,4.5188400375946
MrOS,77.0,1,0,0,0,24.59049226975808,17.339449541284402,death,2.6301369863013697,4.308132173169696
MrOS,71.0,1,0,0,1,31.566740876832213,4.9156626506024095,dementia,0.0,1.2118284353065008
MrOS,69.0,1,0,0,1,25.561480328866867,1.1898016997167138,censor,10.893150684931507,1.756038459048895
MrOS,72.0,1,0,0,1,27.9605124973745,15.630252100840336,censor,9.95068493150685,1.8133061240674948
MrOS,70.0,1,0,0,1,25.943023470496207,2.7586206896551726,censor,11.2,11.602894994269803
MrOS,72.0,1,0,0,1,27.66018583089083,9.86737400530504,censor,11.161643835616438,-0.6469719706912969
MrOS,72.0,1,0,0,1,23.866474827109897,6.967741935483871,dementia,3.1616438356164385,0.0885259686881028
MrOS,71.0,1,0,0,1,26.104889445793194,4.285714285714286,death,5.071232876712329,-1.5621763564199966
MrOS,72.0,1,0,0,1,35.40679166193004,51.50812064965197,dementia,1.0,-2.0157267296788035
MrOS,72.0,1,0,0,1,30.59263722762036,10.53658536585366,censor,11.216438356164383,0.3596914767847039
MrOS,72.0,1,0,0,0,25.455965792481354,1.866028708133972,censor,11.2986301369863,2.640887185582301
MrOS,71.0,1,0,0,1,25.31408747408659,1.4555256064690028,death,12.0986301369863,2.273496133691097
MrOS,71.0,1,1,0,0,21.24585705787372,0.5700712589073634,censor,10.643835616438356,-7.117576901692999
MrOS,71.0,1,0,0,1,36.33516325012309,48.994974874371856,dementia,1.0657534246575342,-9.580519229306
MrOS,71.0,1,0,0,1,28.928263815812183,3.6533957845433256,censor,10.01095890410959,-2.300763512978904
MrOS,78.0,1,0,0,1,22.04600067752732,1.809744779582367,death,9.468493150684932,-11.604357555304404
MrOS,71.0,1,0,0,1,32.1683256298038,55.609756097560975,dementia,1.202739726027397,-8.133510966674102
MrOS,71.0,1,0,0,1,22.468367831884848,4.818652849740933,censor,10.07123287671233,1.472313880672104
MrOS,71.0,1,1,0,0,23.731608428460927,8.442211055276381,death,2.5671232876712327,-7.236935573371703
SOF,80.0,0,0,0,1,26.203396301017808,3.375,censor,7.063655030800821,-1.164689245903801
SOF,85.0,0,0,0,1,30.26773679010236,18.96551724137931,censor,6.806297056810404,-6.737082547818602
SOF,83.0,0,0,0,1,29.167521754824868,20.33057851239669,death,6.718685831622176,-7.668223614936693
SOF,80.0,0,0,0,1,25.59136431794009,5.183585313174946,censor,6.283367556468172,-1.740787405949106
SOF,87.0,0,0,0,1,22.189349112426036,0.569620253164557,dementia,4.002737850787132,-5.1876794620986
SOF,80.0,0,0,0,1,27.063146835816408,15.977337110481589,censor,7.014373716632443,0.8710886054015958
SOF,80.0,0,0,0,1,27.13290299712713,11.287128712871286,dementia,5.021218343600274,-1.713231239762393
SOF,82.0,0,0,0,1,25.222674692398712,1.5340909090909092,censor,7.5482546201232035,-1.395168967812594
SOF,79.0,0,0,0,1,37.23225285321021,30.266666666666666,dementia,-0.7802874743326489,-6.1278492195881
SOF,86.0,0,0,0,1,29.59011534637336,26.77570093457944,censor,7.671457905544147,-2.143733038782102
SOF,79.0,0,0,0,1,27.492144927606773,40.70886075949367,censor,7.906913073237509,-2.839435152716206
SOF,86.0,0,0,0,1,27.949475947325997,3.457627118644068,censor,7.389459274469542,-13.6513659010203
SOF,81.0,0,0,0,1,28.664896743913804,2.6865671641791047,censor,7.337440109514032,-6.089673824150296
SOF,81.0,0,0,0,1,25.17816547208252,5.274725274725275,censor,6.976043805612594,-8.951455722593295
SOF,80.0,0,0,0,1,27.71967032931613,27.22543352601156,dementia,5.765913757700205,-6.256790169470193
SOF,89.0,0,0,0,1,36.5358424387908,44.0625,censor,6.746064339493498,-11.3688385719301
SOF,82.0,0,0,0,1,27.11453374120875,1.971830985915493,censor,7.241615331964408,-4.011883008455001
SOF,82.0,0,0,0,1,27.886555120446182,44.08839779005525,censor,6.50239561943874,-9.619388771778304
SOF,82.0,0,0,0,1,26.854515013107875,19.866666666666667,dementia,4.123203285420945,1.204932911876298
SOF,82.0,0,0,0,1,33.77296415989752,8.622754491017965,censor,7.485284052019165,-14.1530232381137
SOF,85.0,0,0,0,1,24.84558469114453,0.6896551724137931,death,5.409993155373032,-6.952432095955004
SOF,83.0,0,0,0,1,24.64820648518166,40.97560975609756,censor,6.557152635181383,-8.260474887213604
SOF,86.0,0,0,0,1,27.105651311039317,10.5993690851735,censor,5.946611909650924,1.089640236884094
SOF,83.0,0,0,0,1,24.001127044520384,17.081850533807827,dementia,3.9534565366187535,-1.843540914485502
SOF,80.0,0,0,0,1,20.8638817997227,18.26086956521739,dementia,5.963039014373717,-6.060702201218703
SOF,81.0,0,0,0,1,26.61625708884688,1.6172506738544474,censor,7.600273785078714,0.8770288456359054
SOF,83.0,0,0,0,1,24.06680862241448,1.8274111675126905,death,5.314168377823409,-1.814847271506594
SOF,82.0,0,0,0,1,24.069309737455256,30.920245398773005,dementia,4.191649555099247,-4.648792214646306
SOF,80.0,0,0,0,1,21.589593601772272,2.905569007263922,dementia,4.284736481861739,-16.0447086050277
SOF,81.0,0,0,0,1,26.577999507199596,7.96875,censor,6.995208761122519,-9.1866410216424
SOF,80.0,0,0,0,1,25.72103221453871,4.35,censor,6.269678302532512,-9.366107292262598
SOF,80.0,0,0,0,1,25.038559381447428,15.285714285714286,dementia,5.806981519507187,-13.4265678120196
SOF,80.0,0,0,0,1,28.442186835187893,38.86363636363637,dementia,4.336755646817249,-13.4747344704659
SOF,80.0,0,0,0,1,32.09970370520408,27.5,censor,7.945242984257358,-5.195606106849198
SOF,81.0,0,0,0,1,25.746476635757197,2.608695652173913,censor,7.301848049281314,-14.1662984826812
SOF,81.0,0,0,0,1,24.01815282811837,27.289719626168225,censor,6.674880219028063,-9.1922231438123
SOF,84.0,0,0,0,1,25.168460898279147,15.95959595959596,censor,6.872005475701574,-7.8433457456117
SOF,88.0,0,0,0,1,31.268669170804625,6.346153846153846,dementia,4.7939767282683095,-1.257052315793302
SOF,80.0,0,0,0,1,37.39551873012861,15.589123867069487,dementia,5.683778234086242,-3.283796985928703
SOF,85.0,0,0,0,1,25.81626603729265,8.657718120805368,censor,6.3709787816564,-10.48070702720931
SOF,82.0,0,0,0,1,30.84894312226112,6.331658291457287,dementia,4.216290212183436,-4.003828049128401
SOF,82.0,0,0,0,1,21.69277736332228,5.217391304347826,dementia,-0.0301163586584531,0.5159664076547017
SOF,80.0,0,0,0,1,35.10518790849674,5.758928571428571,censor,6.631074606433949,-5.709116581634703
SOF,88.0,0,0,0,1,27.73668639053254,26.47058823529412,censor,7.304585900068446,-7.666630241566395
SOF,83.0,0,0,0,1,28.46198264787556,10.118343195266272,death,6.119096509240246,-3.392589602817395
SOF,86.0,0,0,0,1,20.282767570521138,0.3508771929824561,censor,6.546201232032854,-17.4600120958781
SOF,82.0,0,0,0,1,28.933499083839976,11.707317073170731,censor,7.219712525667351,-5.944831246167894
SOF,80.0,0,0,0,1,34.75980821828357,15.10948905109489,dementia,5.147159479808351,1.836177942842198
SOF,86.0,0,0,0,1,21.37702139679401,1.1851851851851851,dementia,5.990417522245037,-7.660635521744197
SOF,81.0,0,0,0,1,26.42893114743181,11.808510638297872,censor,7.507186858316222,-13.3484323537477
SOF,80.0,0,0,0,1,24.34103767378624,0.4897959183673469,censor,6.704996577686516,-6.482296259132497
SOF,82.0,0,0,0,1,25.50760126517702,24.37956204379562,censor,6.105407255304586,-7.017972166338893
SOF,83.0,0,0,0,1,28.921366580624067,21.34020618556701,censor,6.683093771389459,-3.664155921329396
SOF,87.0,0,0,0,1,22.50930903605081,1.4798206278026906,censor,6.7734428473648185,-7.264782827541197
SOF,82.0,0,0,0,1,26.502084820588053,3.75,censor,6.075290896646133,-6.090108748916094
SOF,83.0,0,0,0,1,35.571857127612056,9.454545454545457,censor,7.162217659137577,2.367438704272402
SOF,82.0,0,0,0,1,28.73862130212819,7.439353099730458,censor,6.863791923340178,-0.706734332781707
SOF,82.0,0,0,0,1,22.597274203799163,37.32899022801303,censor,7.474332648870637,-0.5330939558597976
SOF,85.0,0,0,0,1,27.55708358855031,52.52032520325204,death,6.340862422997946,-3.915177830572404
SOF,79.0,0,0,0,1,25.976339645345245,9.07161803713528,censor,7.942505133470226,-0.0762407246369036
SOF,86.0,0,0,0,1,35.74454524608151,80.06825938566553,dementia,5.804243668720055,-2.417988422739697
SOF,81.0,0,0,0,1,19.132527913867644,3.3165829145728645,censor,6.7323750855578375,-9.748843222729503
SOF,81.0,0,0,0,1,29.411124467588508,5.673352435530086,dementia,5.727583846680356,-12.47703110886761
SOF,82.0,0,0,0,1,27.93951119705762,10.570719602977668,death,7.342915811088296,1.378512006038903
SOF,88.0,0,0,0,1,27.89893888378737,26.48780487804878,censor,6.464065708418891,-8.440245146425497
SOF,79.0,0,0,0,1,24.95127570327943,14.740484429065743,censor,7.597535934291581,-2.335592017604498
SOF,82.0,0,0,0,1,30.16510107338114,35.64179104477612,dementia,4.536618754277892,-10.39612770225919
SOF,81.0,0,0,0,1,30.940183299739832,18.63481228668942,dementia,5.535934291581109,-2.188879926843498
SOF,80.0,0,0,0,1,40.44933431952662,22.606232294617563,dementia,4.407939767282683,-3.129499695374193
SOF,81.0,0,0,0,1,22.9376,1.7763157894736843,censor,7.238877481177276,-3.140013064456994
SOF,83.0,0,0,0,1,25.571443247770684,8.411214953271028,censor,6.617385352498289,-7.604105023402099
SOF,84.0,0,0,0,1,28.77451337505943,17.23076923076923,censor,6.094455852156058,-1.856884395581702
SOF,89.0,0,0,0,1,25.220032737851408,3.5443037974683542,censor,7.592060232717317,-5.4329535229774
SOF,79.0,0,0,0,1,36.12156839849985,39.50226244343892,censor,7.066392881587953,-8.889091732667197
SOF,83.0,0,0,0,1,28.34228548754743,6.993006993006993,dementia,4.161533196440794,0.8057768642297987
SOF,79.0,0,0,0,1,25.621112468703387,9.121140142517817,censor,6.666666666666667,-6.816039750314701
SOF,81.0,0,0,0,1,30.52409877598364,2.184873949579832,censor,7.559206023271732,-3.231499148417001
SOF,81.0,0,0,0,1,25.624387888763632,3.875968992248062,censor,7.118412046543464,-7.484321521289104
SOF,81.0,0,0,0,1,24.79498873599083,6.976744186046512,censor,7.342915811088296,-10.89532192091499
SOF,87.0,0,0,0,1,22.61407360742222,23.58620689655172,dementia,4.536618754277892,-0.3745490491195937
SOF,80.0,0,0,0,1,32.28796880938873,12.241379310344827,censor,7.57015742642026,0.6393570731607952
SOF,80.0,0,0,0,1,26.49113525902177,9.337175792507203,censor,7.030800821355236,-4.915641479715603
SOF,84.0,0,0,0,1,29.31985648701825,16.684491978609625,censor,7.474332648870637,-11.56457612999699
SOF,80.0,0,0,0,1,29.52454371243909,13.736842105263158,censor,6.179329226557153,4.656053875107006
SOF,83.0,0,0,0,1,31.152572155928357,16.132930513595166,dementia,5.253935660506502,0.3014819021215942
SOF,79.0,0,0,0,1,29.3699203340911,2.3376623376623376,dementia,5.670088980150582,-7.804868380326099
SOF,81.0,0,0,0,1,34.2808549572802,68.27027027027027,censor,6.420260095824777,-8.065787470248395
SOF,82.0,0,0,0,1,22.95780399774837,1.848341232227488,censor,6.874743326488707,-7.837451111239503
SOF,79.0,0,0,0,1,31.215487262803368,24.24068767908309,dementia,5.823408624229979,-0.677660375185198
SOF,85.0,0,0,0,1,25.806451612903224,17.802197802197803,censor,6.746064339493498,-15.2898361631333
SOF,79.0,0,0,0,1,35.92759168963219,24.563758389261743,death,6.184804928131417,-4.802306846742198
SOF,85.0,0,0,0,1,24.24682235200829,4.047619047619048,dementia,4.005475701574264,-10.7965492332028
SOF,86.0,0,0,0,1,19.117430692285275,34.46224256292906,dementia,4.4490075290896645,1.519326476759701
SOF,80.0,0,0,0,1,26.47973899433066,5.416666666666667,dementia,4.960985626283367,-9.186863923357294
SOF,88.0,0,0,0,1,32.98587801260329,12.157894736842104,dementia,4.136892539356605,0.6664423499406951
SOF,80.0,0,0,0,1,31.965186195351144,10.835579514824795,censor,7.099247091033539,-2.702980634449702
SOF,84.0,0,0,0,1,28.734968902639807,12.703213610586012,dementia,4.161533196440794,1.156445201019693
SOF,83.0,0,0,0,1,32.0424617733051,21.48997134670487,censor,6.5598904859685145,0.6279120779367986
SOF,81.0,0,0,0,1,25.329278306924486,19.62085308056872,censor,6.69678302532512,-6.8605921630041
SOF,81.0,0,0,0,1,31.461575014290005,6.666666666666667,censor,7.430527036276523,0.8506343183702967
SOF,80.0,0,0,0,1,23.47468428473792,21.71875,dementia,-0.0246406570841889,-5.975411038353798
SOF,88.0,0,0,0,1,29.31628009336231,15.947368421052632,dementia,5.921971252566735,-6.312021365544695
SOF,91.0,0,0,0,1,29.854013872165112,8.444444444444445,censor,7.304585900068446,-7.549879271320705
SOF,84.0,0,0,0,1,25.160192948397956,0.9207161125319692,censor,6.381930184804928,-4.712454344604396
SOF,82.0,0,0,0,1,31.54266465083194,2.3132530120481927,censor,6.1492128678987,-5.285620302742501
SOF,79.0,0,0,0,1,25.56726343045792,13.730407523510973,censor,7.129363449691992,-7.217502894616203
SOF,79.0,0,0,0,1,20.561831969418176,0.0,censor,7.561943874058864,-9.453814740893309
SOF,79.0,0,0,0,1,36.903344381583146,6.538461538461538,dementia,4.97741273100616,4.817159366825607
SOF,91.0,0,0,0,1,25.542110701155654,5.337423312883436,censor,6.721423682409308,-7.182100801879997
SOF,81.0,0,0,1,0,20.84413310933128,6.27906976744186,censor,6.176591375770021,0.8414319188941022
SOF,81.0,0,0,0,1,26.68883641175962,3.540372670807453,censor,7.304585900068446,0.8595058761673045
SOF,81.0,0,0,0,1,24.051878908927268,3.4965034965034967,censor,6.16290212183436,1.796099285574797
SOF,80.0,0,0,0,1,30.61500066398361,2.0809248554913293,censor,7.041752224503765,-7.399296569895
SOF,89.0,0,0,0,1,24.423097369799397,7.736389684813753,censor,6.9431895961670085,-8.970929052080095
SOF,82.0,0,0,0,1,23.39954429387488,19.45945945945946,censor,6.5160848733744015,-0.829049057021507
SOF,79.0,0,0,0,1,25.378954870078164,7.945205479452055,censor,7.592060232717317,-4.012025271224402
SOF,82.0,0,0,0,1,26.981373782720578,24.38502673796792,censor,7.310061601642711,-10.20400661744409
SOF,83.0,0,0,0,1,25.372354282773493,17.92207792207792,censor,7.581108829568788,-3.125784268628294
SOF,82.0,0,0,0,1,23.31863185226528,9.17098445595855,dementia,4.030116358658453,-9.760701425615808
SOF,83.0,0,0,0,1,27.639601799389624,5.288753799392097,censor,6.343600273785079,0.6365680872539059
SOF,81.0,0,0,0,1,33.848595886037906,24.360902255639097,dementia,4.922655715263518,7.006787894442297
SOF,86.0,0,0,0,1,38.0230988212945,17.65714285714286,dementia,4.862422997946612,-0.0762225234352058
SOF,86.0,0,0,0,1,19.80639251318363,11.586206896551724,censor,6.1711156741957565,-1.882546490496495
SOF,81.0,0,0,0,1,27.412089862922148,6.58753709198813,censor,7.471594798083505,0.256480356309396
SOF,83.0,0,0,0,1,33.612605975851864,10.661157024793388,dementia,4.314852840520191,4.743099946497594
SOF,82.0,0,0,0,1,29.261928518104565,6.206896551724138,dementia,3.893223819301848,-5.951556930178697
SOF,79.0,0,0,0,1,33.57676487870394,6.25,censor,7.928815879534565,0.9729253198897964
SOF,82.0,0,0,0,1,33.02270546877446,0.1587301587301587,dementia,4.407939767282683,-8.815662701982106
SOF,85.0,0,0,0,1,28.83987314955653,11.82089552238806,death,7.433264887063655,-3.450288635781405
SOF,79.0,0,0,0,1,25.295444905269107,4.363636363636363,censor,6.209445585215605,-8.5420566766133
SOF,81.0,0,0,0,1,26.846358291497754,10.446428571428571,censor,6.872005475701574,-4.651188018942705
SOF,81.0,0,0,0,1,21.077091488763568,21.15702479338843,censor,7.682409308692677,-7.668869570408305
SOF,86.0,0,0,0,1,23.837405979113196,22.00527704485488,censor,6.74880219028063,-0.4910645155559052
SOF,80.0,0,0,0,1,30.93713745542044,6.111111111111111,censor,7.567419575633128,-3.866753155015104
SOF,84.0,0,0,0,1,26.77375093406169,1.4354066985645932,censor,7.12662559890486,-7.393308461025399
SOF,81.0,0,0,0,1,23.89039008046708,10.632911392405065,dementia,5.152635181382615,-9.4435002339918
SOF,83.0,0,0,0,1,19.617860054170382,23.820224719101123,dementia,4.824093086926762,-5.232322628715494
SOF,79.0,0,0,0,1,27.513249892946373,15.333333333333334,dementia,5.787816563997263,8.068290944646193
SOF,83.0,0,0,0,1,27.33073401839671,9.495412844036696,dementia,4.632443531827516,-24.6857401312185
SOF,80.0,0,0,0,1,30.529427573233008,9.446064139941692,dementia,4.569472963723477,-2.9296943659607
SOF,80.0,0,0,0,1,24.54971270326743,5.350318471337579,dementia,3.8494182067077354,3.854107122470694
SOF,91.0,0,0,0,1,21.17110158592489,43.16831683168317,dementia,3.756331279945243,-9.784688391362195
SOF,81.0,0,0,0,1,31.43647678569652,3.52078239608802,censor,7.110198494182067,-1.725590152969502
SOF,82.0,0,0,0,1,25.28083394970413,1.1290322580645162,censor,7.359342915811088,-16.5814570094245
SOF,82.0,0,0,0,1,28.987044955384142,7.86096256684492,censor,6.349075975359343,-2.386428120118595
SOF,88.0,0,0,0,1,37.63146401622187,0.46875,censor,6.8172484599589325,-13.8084410107811
SOF,80.0,0,0,0,1,27.114734516268545,27.36263736263736,censor,6.614647501711157,-13.3914565263505
SOF,85.0,0,0,0,1,21.97800135517107,8.852459016393443,censor,6.633812457221081,-3.341853770865896
SOF,82.0,0,0,0,1,35.67471673864427,6.45476772616137,censor,6.299794661190965,-1.668234125503503
SOF,80.0,0,0,0,1,30.824903439488764,9.109947643979057,censor,7.553730321697468,-1.758547441489299
SOF,93.0,0,0,0,1,20.55424306692797,6.954545454545454,dementia,3.9397672826830936,-15.47018469948731
SOF,89.0,0,0,0,1,26.13922331207641,13.846153846153848,censor,6.992470910335387,-5.937320841135005
SOF,80.0,0,0,0,1,32.22018040404831,17.549407114624508,censor,7.589322381930184,-5.389220990197003
SOF,81.0,0,0,0,1,27.44728909583786,14.911242603550296,dementia,-0.0383299110198494,-5.180026359174704
SOF,81.0,0,0,0,1,25.27594023648957,20.53475935828877,dementia,4.402464065708419,-10.8282961514726
SOF,89.0,0,0,0,1,24.46460160337235,2.756183745583039,dementia,4.197125256673512,-3.149002080322902
SOF,88.0,0,0,0,1,21.289899850393446,19.13793103448276,dementia,4.520191649555099,-5.892003229416403
SOF,80.0,0,0,0,1,28.88033203607104,12.085308056872035,censor,7.572895277207392,-2.915028576460898
SOF,85.0,0,0,0,1,23.17604279814477,16.3125,dementia,4.941820670773443,-1.354047295730695
SOF,84.0,0,0,0,1,31.34031945925044,54.640198511166254,censor,5.968514715947981,-9.329410650608494
SOF,83.0,0,0,0,1,27.833191642186367,13.558441558441558,censor,7.57015742642026,-4.936647735707894
SOF,80.0,0,0,0,1,29.24894936444386,14.933333333333334,censor,6.899383983572895,-2.325047934774105
SOF,80.0,0,0,0,1,35.50023199401608,11.023622047244094,censor,7.403148528405202,-2.429140431968307
SOF,86.0,0,0,0,1,24.227921796797023,5.538461538461538,censor,6.691307323750856,-3.454065257088004
FHS,63.0,1,0,0,1,27.84553558,4.9893390192,death,16.18891170431212,-4.9251921524771
FHS,73.0,0,0,0,1,35.381779002,15.455861071,dementia,16.758384668035593,-0.608143799283397
FHS,60.0,1,0,0,1,25.534073407,2.6740947075,censor,22.395619438740592,6.51744150340831
FHS,54.0,1,0,0,1,30.613647885,14.20212766,censor,21.815195071868583,1.0090866953624
FHS,70.0,0,0,0,1,25.713410563,7.610619469,dementia,11.920602327173173,3.0792949718298
FHS,60.0,0,0,0,1,23.145207581,0.0,censor,21.36344969199179,-9.6783555407571
FHS,57.0,0,0,0,1,28.902802401,7.8947368421,censor,22.30527036276523,-2.9841462144634
FHS,53.0,1,0,0,1,24.914426571,0.5853658537,censor,20.78850102669405,1.4468053637901
FHS,65.0,1,0,0,1,38.619398802,28.724409449,death,18.297056810403834,3.6729700665033
FHS,68.0,0,0,0,0,20.381368836,7.2812135356,dementia,8.013689253935663,8.196095218132
FHS,56.0,1,0,0,1,27.946137197,28.65,censor,22.149212867898697,4.1527474996272
FHS,65.0,1,0,0,1,29.702499397,14.507227332,death,14.573579739904176,5.9706920665115
FHS,76.0,0,0,0,1,30.243962927,20.0,dementia,13.79603011635866,2.50737130215509
FHS,64.0,1,0,0,1,35.532139002,22.731958763,death,14.398357289527723,-3.9972699468778
FHS,53.0,1,0,0,1,35.36504484,11.105769231,censor,21.229295003422312,-3.8142086205316
FHS,40.0,1,0,0,1,22.824302486,0.9079445145,censor,18.74332648870637,2.2328882383504
FHS,61.0,0,0,0,1,34.12486825,4.0601503759,censor,15.318275154004104,-4.1622852069175
FHS,62.0,1,0,0,1,32.610190138,4.1838351823,censor,21.713894592744698,6.942442569839
FHS,57.0,0,0,0,1,27.462890298,0.2611534276,censor,15.340177960301164,2.0758175110454
FHS,69.0,0,0,0,1,22.785424644,0.4406364749,death,12.599589322381934,-0.0663549504291012
FHS,51.0,1,0,0,1,34.913376591,15.46875,censor,15.64681724845996,-2.1290135029296
FHS,60.0,1,0,0,1,29.5223405,12.587412587,censor,21.730321697467485,6.1071984494306
FHS,69.0,0,0,0,1,25.827270589,2.2911694511,censor,21.17180013689254,1.01472946248759
FHS,65.0,0,0,0,1,22.108241769,3.0722891566,death,20.09856262833675,3.9433930170599
FHS,70.0,0,0,0,1,25.599638303,10.945273632,dementia,5.119780971937029,5.5893872600158
FHS,57.0,0,0,0,1,28.04340137,25.627705628,censor,14.584531143052704,-8.5928286472727
FHS,55.0,1,0,0,1,25.953399259,13.762237762,censor,22.269678302532512,4.3576463512682
FHS,41.0,0,0,0,1,22.162355479,0.152866242,censor,20.90349075975359,8.1760527916896
FHS,61.0,1,0,0,1,28.686031383,35.930635838,censor,21.36344969199179,3.8004970733887
FHS,40.0,1,0,0,1,28.905982296,65.687583445,censor,22.8911704312115,10.3334038258022
FHS,70.0,1,0,0,1,23.122241921,0.933125972,censor,9.19644079397673,-4.7823908816048
FHS,74.0,1,0,0,1,23.577017951,10.564334086,censor,19.066392881587955,-9.443067386609
FHS,54.0,0,0,0,1,25.524262097,0.0,death,18.910335386721425,-0.465911012303103
FHS,71.0,0,0,0,1,22.965726405,3.5789473684,dementia,15.315537303216974,1.6767517929112
FHS,72.0,1,0,0,1,29.68870683,16.056338028,dementia,10.625598904859682,6.1877961926339
FHS,61.0,0,0,0,1,25.111521889,5.9418729817,censor,17.582477754962355,-0.0468530919689982
FHS,76.0,0,0,0,0,23.808047616,42.601054482,death,16.73374401095141,-9.3541761400453
FHS,51.0,1,0,0,1,28.358620731,14.4375,censor,21.609856262833677,0.695325913603803
FHS,52.0,1,0,0,1,35.605003518,12.773109244,censor,22.17111567419576,5.4475553516877
FHS,58.0,0,0,0,1,25.417524805,0.6629834254,censor,15.72621492128679,3.1856077928861
FHS,71.0,0,0,0,1,27.696119742,2.602739726,censor,22.622861054072555,-4.92799418740511
FHS,54.0,1,0,0,1,35.102307859,18.830769231,censor,20.366872005475702,-0.391301861744502
FHS,63.0,0,0,0,1,25.985543942,8.5714285714,dementia,12.553045859000685,-5.5291529913217
FHS,57.0,1,0,0,0,32.058813678,12.782193959,death,8.624229979466119,-9.9295048692046
FHS,42.0,1,0,0,1,31.674115479,1.7704918033,censor,14.36002737850787,3.4517850808301
FHS,41.0,0,0,0,1,50.0,14.4,censor,22.86105407255305,7.1220871554272
FHS,68.0,0,0,0,0,20.233370096,1.0020876827,dementia,1.9493497604380567,0.0289248069068009
FHS,48.0,0,0,0,1,36.040414911,6.1926605505,censor,20.98562628336756,-12.5900459763028
FHS,71.0,1,0,0,0,23.183938453,17.28531856,dementia,2.340862422997948,9.24941077391431
FHS,56.0,1,0,0,1,30.481268096,3.3333333333,death,23.16221765913758,7.6652731817943
FHS,48.0,1,0,0,0,34.289864498,0.1501877347,censor,22.078028747433265,-4.5683156106195
FHS,56.0,0,0,0,1,26.260383099,1.6136919315,censor,18.41752224503765,5.3100194012079
FHS,52.0,1,0,0,1,26.560644895,5.1891891892,censor,20.788501026694043,-5.3553363522657
FHS,58.0,1,0,0,0,32.450898355,4.6272493573,death,3.5126625598904866,2.6571088511067
FHS,53.0,0,0,0,1,23.228296659,8.6486486486,death,21.46748802190281,1.440379382734
FHS,64.0,1,0,0,1,27.399191597,16.305343511,censor,15.255304585900069,2.1090676962589
FHS,54.0,1,0,0,1,28.63694815,2.7175208582,censor,22.02600958247776,-3.7677066818995
FHS,63.0,1,0,0,0,38.977096811,67.687776141,death,9.13073237508556,1.22247721274221
FHS,56.0,1,0,0,1,26.883704286,17.712177122,censor,14.387405886379192,-0.003357505595801
FHS,70.0,0,0,0,1,35.292378277,13.314121037,dementia,11.13483915126626,-7.4696305964253
FHS,56.0,1,0,0,1,27.969582461,7.237026648,censor,21.96303901437372,2.6378463960436
FHS,56.0,1,0,0,1,30.624275322,1.0198300283,censor,15.783709787816562,-3.7489690987481
FHS,50.0,0,0,0,1,24.962492086,0.5839416058,censor,22.34360027378508,9.3626750497819
FHS,55.0,1,0,0,1,34.206561015,16.097560976,censor,20.86789869952088,-9.2162729691796
FHS,58.0,1,0,0,1,31.067177234,3.8124054463,death,21.987679671457904,6.86095331949021
FHS,60.0,1,0,0,1,21.551206267,0.96,death,18.62559890485969,3.6043042593011
FHS,67.0,1,0,0,1,28.337728767,15.979112272,censor,21.15537303216975,-10.2050788125607
FHS,43.0,1,0,0,1,26.744787358,4.3758765778,censor,22.193018480492817,6.9310732612233
FHS,49.0,0,0,0,1,26.176702812,0.8172531215,censor,15.34839151266256,-0.402148536586303
FHS,61.0,0,0,0,1,25.787448483,1.8045112782,censor,15.772758384668034,-7.6200424688315
FHS,66.0,0,0,0,1,25.361628517,0.8266360505,censor,22.778918548939085,-8.1721134930082
FHS,65.0,1,0,0,1,37.521185945,25.560165975,death,19.46611909650924,2.4812574868471
FHS,71.0,1,0,0,1,30.998457525,13.093922652,death,17.872689938398356,-3.8535803268765
FHS,50.0,1,0,0,1,30.130010279,8.6187845304,censor,15.0362765229295,14.5500760960072
FHS,57.0,1,0,0,1,28.058870978,21.389728097,censor,21.69199178644764,10.3221772110892
FHS,75.0,1,0,0,1,23.810409403,40.588235294,censor,9.659137577002053,-2.6270688373906
FHS,47.0,1,0,0,1,40.374341138,4.7606019152,censor,13.927446954141,-1.997301985898
FHS,53.0,0,0,0,1,29.202425269,0.5790108565,censor,14.261464750171118,1.5174948533092
FHS,40.0,0,0,0,1,27.88577755,5.549132948,censor,21.347022587268995,6.237155186802
FHS,50.0,0,0,0,1,22.621500726,1.381294964,censor,20.8870636550308,-8.1322788125502
FHS,67.0,0,0,0,1,25.306173061,20.81300813,dementia,7.54277891854894,7.6203609841578
FHS,50.0,0,0,0,1,31.597913453,3.6206896552,censor,21.111567419575632,6.7004261678979
FHS,49.0,0,0,0,1,30.479569354,7.033492823,censor,9.6290212183436,5.7190403906027
FHS,50.0,1,0,0,1,24.153683424,1.0181818182,censor,21.259411362080765,4.9193062463799
FHS,57.0,0,0,0,1,20.554281109,5.1818181818,censor,22.557152635181385,4.6540856417538
FHS,54.0,0,0,0,1,25.326245378,0.1352874859,death,18.55715263518138,10.5069954376803
FHS,45.0,1,0,0,1,46.778424627,31.234866828,death,11.449691991786448,11.1058727741892
FHS,73.0,1,0,0,0,30.925998569,5.9433962264,death,14.8145106091718,3.7236526873116
FHS,53.0,1,0,0,1,24.216456724,6.6584463625,censor,20.928131416837783,-0.4098197543371
FHS,55.0,0,0,0,1,30.588797924,5.2941176471,censor,22.28336755646817,-1.4699737840542
FHS,70.0,0,0,0,1,25.370501482,4.6153846154,censor,11.939767282683096,1.1165308262768
FHS,65.0,1,0,0,0,22.525996609,21.484716157,dementia,-0.5612594113620801,-8.2995724210748
FHS,51.0,0,0,0,1,33.048643017,2.7610619469,censor,14.945927446954144,7.0734563911392
FHS,44.0,0,0,0,1,29.7558751,6.88,censor,13.834360027378503,1.0558340880331
FHS,75.0,1,0,0,1,31.442920029,6.5099457505,death,16.97741273100616,-3.84647401682891
FHS,47.0,1,0,0,1,29.520856239,3.976945245,censor,16.292950034223136,5.513313046615
FHS,47.0,0,0,0,1,35.49572704,1.074168798,censor,22.2094455852156,3.4559010163668
FHS,64.0,0,0,0,1,26.048277613,1.0539523212,censor,17.867214236824097,-4.7288623864777
FHS,65.0,0,0,0,1,29.209841486,7.5,death,21.831622176591377,10.4276994825319
FHS,51.0,0,0,0,1,26.781118651,0.4240282686,censor,21.656399726214925,-11.9248536423898
FHS,43.0,1,0,0,1,28.334190248,3.6160714286,censor,20.188911704312115,2.8286420460137
FHS,76.0,0,0,0,1,26.123441297,2.6373626374,death,11.55920602327173,-1.3978668825193
FHS,66.0,0,0,0,1,33.930280277,9.7834394904,censor,21.88637919233401,-0.507542293731703
FHS,61.0,1,0,0,1,37.327810113,15.730337079,censor,22.18480492813142,2.7251029985836
FHS,72.0,0,0,0,1,27.967077193,21.26394052,dementia,14.811772758384668,0.0256583811760009
FHS,56.0,0,0,0,1,33.653245553,17.184822521,death,17.70841889117043,-2.5772071784206
FHS,62.0,1,0,0,1,23.43329936,4.2798353909,censor,14.548939082819988,1.7800240191816
FHS,61.0,1,0,0,1,38.785934288,29.87755102,death,15.734428473648189,-3.9999715365522
FHS,55.0,0,0,0,1,29.301884597,0.3943044907,censor,23.055441478439423,6.7030014191231
FHS,59.0,0,0,0,1,33.79085782,26.4,death,16.32854209445585,-0.342423866165397
FHS,54.0,0,0,0,1,23.119673342,1.4319809069,censor,21.806981519507183,-3.3206862889034
FHS,61.0,1,0,0,1,33.126249569,99.829059829,death,8.194387405886381,-0.526943675589102
FHS,66.0,0,0,0,1,26.473426339,1.40969163,dementia,9.448323066392884,-2.3612756900488
FHS,58.0,1,0,0,1,30.805920522,4.6370023419,censor,14.33538672142368,-1.0198255666991
FHS,74.0,1,0,0,0,32.295800781,5.0071942446,dementia,10.461327857631762,-1.3807151201957
FHS,67.0,1,0,0,0,24.308357817,5.1131824234,death,4.372347707049965,-5.088793192282
FHS,77.0,0,0,0,1,26.369338323,15.789473684,dementia,14.206707734428475,-0.534690988080797
FHS,52.0,0,0,0,1,23.441120317,0.0,censor,20.865160848733744,6.2528470645068
FHS,54.0,0,0,0,1,20.916288652,0.1277955272,censor,20.94182067077344,1.8151351334412
FHS,56.0,1,0,0,1,30.840364349,5.1533742331,censor,20.83504449007529,4.6056284742606
FHS,57.0,1,0,0,1,26.95107431,1.2857142857,censor,22.611909650924023,0.666821752622397
FHS,51.0,1,0,0,1,26.69801258,7.3056994819,censor,18.012320328542092,-11.458301715474
FHS,56.0,1,0,0,1,28.023412448,5.7279236277,censor,14.81177275838467,-4.5490799857646
FHS,50.0,1,0,0,1,25.073397816,0.4580152672,death,18.499657768651605,1.5987174951282
FHS,40.0,0,0,0,1,20.650887277,0.295202952,censor,17.1772758384668,6.7363869642159
FHS,65.0,0,0,0,1,22.959830618,7.2558139535,censor,14.735112936344969,-3.734205122429
FHS,48.0,1,0,0,1,25.072296345,2.8265524625,censor,21.289527720739223,-4.6335567778222
FHS,62.0,0,0,0,0,26.154730514,0.3092783505,censor,22.14647501711157,-0.586730325731402
FHS,49.0,1,0,0,1,25.707858348,1.536,censor,20.848733744010957,8.4958659264902
FHS,67.0,0,0,0,1,25.307322489,5.76,censor,22.90212183436003,-2.77733876595489
FHS,47.0,0,0,0,1,26.290375161,1.6828478964,censor,21.229295003422315,1.3199648576163
FHS,61.0,1,0,0,1,33.087821278,21.387406617,censor,14.724161533196437,-4.2313712010958
FHS,61.0,0,0,0,1,27.850254143,7.8796169631,dementia,14.913073237508556,4.2143557263713
FHS,55.0,0,0,0,1,30.998199128,0.705052879,censor,21.89185489390828,4.0483846848679
FHS,77.0,1,0,0,1,30.502679819,13.130193906,death,9.990417522245036,-4.22350275604479
FHS,74.0,0,0,0,1,32.430834092,6.149341142,censor,21.976728268309376,-4.55580807011989
FHS,63.0,1,0,0,1,21.761088314,2.6703755216,death,10.43394934976044,-0.531994398735101
FHS,71.0,1,0,0,0,30.831362094,10.74204947,death,5.111567419575632,1.1933897950224
FHS,47.0,0,0,0,1,27.102598927,0.2797202797,censor,21.790554414784392,-3.4132410456892
FHS,65.0,1,0,0,1,28.675688794,7.5616438356,dementia,20.008213552361397,-5.6729544960962
FHS,57.0,1,0,0,1,29.586519501,0.0,censor,22.565366187542782,2.7583232219079
FHS,76.0,0,0,0,1,21.178741071,15.376044568,death,16.72826830937714,-6.2294127625958
FHS,56.0,1,0,0,0,37.012968402,25.839416058,death,8.550308008213555,8.26436226418031
FHS,55.0,0,0,0,1,23.365232103,1.8288393904,censor,22.25051334702259,9.8151714839362
FHS,51.0,1,0,0,1,33.693975571,0.6997084548,censor,9.708418891170435,7.3136777862556
FHS,75.0,1,0,0,1,31.274187885,5.101663586,dementia,7.337440109514031,1.2349123637746
FHS,57.0,1,0,0,1,34.980000991,4.2105263158,censor,16.856947296372343,11.0430062132626
FHS,64.0,0,0,0,1,22.741980968,6.2311557789,dementia,11.1129363449692,1.5187621253683
FHS,58.0,1,0,0,1,29.884567933,10.070921986,censor,13.894592744695416,7.73759943408641
FHS,61.0,0,0,0,1,22.044488533,0.1534526854,censor,13.58521560574949,-1.9595317050569
FHS,70.0,0,0,0,1,22.141484283,13.071428571,dementia,15.173169062286105,2.24255998349
FHS,55.0,0,0,0,1,33.642968768,3.8709677419,censor,21.711156741957563,-1.6167984920819
FHS,68.0,1,0,0,1,27.119673363,14.613180516,dementia,15.518138261464753,-10.679725495468
FHS,43.0,0,0,0,1,24.837056102,0.1276595745,censor,15.57015742642026,-1.1522666225995
FHS,60.0,0,0,0,1,30.137080548,19.669966997,censor,14.540725530458596,2.4739048172846
FHS,57.0,0,0,0,1,22.396549668,2.1168687982,censor,22.288843258042437,-14.9201916160613
FHS,60.0,1,0,0,1,30.031356139,7.3375796178,death,14.179329226557154,4.04371316364831
FHS,74.0,1,0,0,1,26.06661017,1.7115689382,dementia,13.075975359342916,-2.1054887304732
FHS,64.0,0,0,0,1,27.251196775,3.1724137931,censor,8.358658453114305,-0.685972833292404
FHS,60.0,0,0,0,1,33.030669538,18.285714286,censor,21.618069815195067,5.7028760367087
FHS,62.0,1,0,0,1,26.071175325,7.2832369942,censor,17.097878165639973,2.3244091952951
FHS,66.0,1,0,0,0,33.342255631,15.218855219,death,6.62012320328542,0.775908489896096
FHS,69.0,1,0,0,0,27.545800909,5.0268528464,death,1.8097193702943173,-2.0377912646353
FHS,58.0,0,0,0,1,47.085137093,11.628532974,censor,16.930869267624917,11.7135190900089
FHS,62.0,0,0,0,1,25.73247334,1.0714285714,censor,22.11635865845312,-0.473634730684999
FHS,62.0,1,0,0,1,30.638037055,6.9014084507,censor,21.01848049281314,7.8710749076126
FHS,54.0,1,0,0,1,25.534387489,0.5257393209,censor,14.691307323750856,-2.1261221271426
FHS,58.0,0,0,0,1,22.57801523,0.7729468599,censor,15.359342915811087,-7.0349250553143
FHS,55.0,1,0,0,1,29.024807492,1.4860681115,censor,16.531143052703626,6.9911210512694
FHS,55.0,0,0,0,1,27.258119032,1.5,censor,22.36002737850787,3.4167591274118
FHS,44.0,1,0,0,1,30.093827424,3.8657718121,censor,21.270362765229294,-9.8946326456562
FHS,45.0,1,0,0,1,31.274187885,7.9782903664,censor,17.24845995893224,12.2962578216447
FHS,58.0,1,0,0,1,27.826042796,9.4444444444,death,20.112251882272417,-4.4214469536572
FHS,58.0,0,0,0,1,25.756824253,0.4368932039,censor,21.054072553045856,-4.0120126981945
FHS,54.0,0,0,0,1,25.673204489,2.5586353945,censor,21.062286105407257,3.2777941922145
FHS,55.0,0,0,0,1,24.969825497,4.7883917775,censor,22.113620807665985,3.6832559352731
FHS,67.0,1,0,0,1,24.111922483,3.6363636364,death,13.908281998631072,-3.4451089894335
FHS,51.0,0,0,0,0,30.762975548,8.4280936455,censor,2.3682409308692662,-2.0287958641726
FHS,47.0,0,0,0,1,26.25978469,6.4257028112,censor,20.542094455852155,0.5333977909903
FHS,52.0,0,0,0,1,25.808157085,10.066577896,censor,21.32785763175907,6.0389667345078
FHS,47.0,1,0,0,1,29.270327621,1.5639810427,censor,22.324435318275157,-4.0194543363726
FHS,51.0,1,0,0,1,33.287137429,5.1879699248,censor,21.722108145106088,-0.200390270267299
FHS,57.0,0,0,0,1,31.048449194,2.9419354839,censor,16.90349075975359,-12.1980379297629
FHS,65.0,0,0,0,1,26.790177037,7.7419354839,death,11.82203969883641,5.3362539507047
FHS,75.0,0,0,0,1,24.302138067,9.8956158664,censor,20.985626283367555,1.6291394818505
FHS,52.0,1,0,0,1,30.617345185,33.015075377,censor,21.440109514031487,3.1163869727406
FHS,54.0,1,0,0,1,30.609335892,18.681626928,censor,21.782340862422995,7.4286752887086
FHS,52.0,1,0,0,1,28.042111232,4.6888567294,death,12.114989733059552,1.479886898104
FHS,65.0,0,0,0,1,20.07558579,2.2857142857,censor,20.928131416837783,-2.0644836067653
FHS,58.0,0,0,0,1,28.002985693,1.5053763441,censor,21.593429158110887,-5.1473929846432
FHS,58.0,0,0,0,1,31.359834881,22.666666667,censor,21.560574948665295,-3.4757509461368
FHS,67.0,1,0,0,1,27.536090001,54.587332054,death,22.28336755646817,-13.281436176724
FHS,55.0,0,0,0,1,26.459434111,2.1352313167,censor,17.19917864476386,6.5842414560372
FHS,59.0,1,0,0,1,27.051823879,4.6963562753,death,16.276522929500345,10.4923071802668
FHS,70.0,1,0,0,0,27.830307387,0.82616179,death,1.9876796714579044,9.7898590816297
FHS,46.0,1,0,0,1,29.722485812,6.8213457077,censor,21.74674880219028,-0.8563337220439
FHS,45.0,1,0,0,1,31.770477742,12.329956585,censor,16.265571526351813,4.8714508235732
FHS,69.0,1,0,0,1,29.99445585,16.952908587,dementia,14.496919917864478,-3.08151143617479
FHS,68.0,0,0,0,1,28.83011532,12.602739726,censor,21.34154688569473,2.0426549330767
FHS,50.0,0,0,0,1,25.16232146,0.8275862069,censor,21.960301163586585,5.9571220614769
FHS,52.0,0,0,0,1,19.292620603,1.7122473246,censor,21.61259411362081,-0.383952075143497
FHS,54.0,0,0,0,1,29.354897419,3.7735849057,censor,14.762491444216288,-4.778283691221
FHS,67.0,0,0,0,0,30.601530441,2.7551020408,death,21.790554414784395,6.9152978467604
FHS,44.0,1,0,0,1,41.35764039,22.684931507,censor,21.98220396988364,6.3319889586216
FHS,45.0,0,0,0,1,29.268863557,0.604534005,censor,21.90006844626968,5.3508339303515
FHS,57.0,1,0,0,1,27.710259502,5.5319148936,censor,17.144421629021217,-1.3579095830571
FHS,47.0,1,0,0,1,29.005905965,9.9217877095,censor,23.069130732375083,8.7132118079724
FHS,71.0,1,0,0,0,29.430850712,5.1376146789,death,7.76454483230664,5.3383565401044
FHS,47.0,0,0,0,1,37.570868289,0.8856088561,censor,22.31895961670089,-7.82332728087
FHS,52.0,1,0,0,1,25.578894133,1.0271041369,censor,22.976043805612598,11.4496308265557
FHS,63.0,0,0,0,1,35.76715284,13.76344086,censor,14.702258726899384,4.568123955311
FHS,50.0,1,0,0,1,22.47194399,1.9130434783,dementia,14.989733059548255,-7.5100277946656
FHS,53.0,1,0,0,1,24.577850299,0.8748481166,censor,21.87816563997262,8.2947094944557
FHS,56.0,1,0,0,1,39.466413943,62.73556231,censor,21.281314168377826,19.1672028529104
FHS,60.0,1,0,0,1,24.749482763,9.0909090909,censor,19.54825462012321,2.9981186452982
FHS,73.0,1,0,0,1,26.798146983,8.5465116279,dementia,12.550308008213555,11.1568159205379
FHS,52.0,0,0,0,1,26.391750847,0.8040201005,censor,22.748802190280625,3.2142420354077
FHS,63.0,0,0,0,1,25.335220551,11.633466135,censor,21.39630390143737,-6.6903361621354
FHS,50.0,0,0,0,1,20.951081902,0.5460750853,censor,20.752908966461327,-14.0658189037073
FHS,70.0,1,0,0,1,30.592620775,7.0175438596,death,17.229295003422315,-7.6332188656306
FHS,61.0,1,0,0,1,23.916079587,16.013179572,censor,21.494866529774125,7.94922273189241
FHS,74.0,0,0,0,1,26.619642251,2.9793103448,death,11.277207392197123,-1.3536368003288
FHS,43.0,0,0,0,1,27.814092416,0.2797202797,censor,16.761122518822727,-4.3722691626475
FHS,59.0,0,0,0,1,23.692301407,0.147601476,censor,22.03696098562628,8.34270305356191
FHS,76.0,0,0,0,1,29.834153131,16.470588235,dementia,9.437371663244353,-1.0294566377014
FHS,63.0,0,0,0,1,25.073741853,0.6685236769,censor,20.928131416837783,-2.6372892326662
FHS,41.0,0,0,0,1,27.5,0.9744779582,censor,21.232032854209447,0.414890366692703
FHS,41.0,1,0,0,0,37.707677755,1.261682243,death,4.514715947980836,1.3582741572216
FHS,50.0,0,0,0,1,21.193227239,0.1343784994,censor,14.885694729637237,4.1025373683898
FHS,69.0,1,0,0,1,30.072986824,9.7879282219,death,18.06707734428474,-0.384022429338799
FHS,67.0,0,0,0,0,28.284348589,26.635514019,death,17.34154688569473,-6.8361586019091
FHS,67.0,0,0,0,1,27.050909812,2.2784810127,censor,21.059548254620125,-2.859207118054
FHS,73.0,0,0,0,1,34.486055751,2.0634920635,death,14.264202600958246,0.286728989441499
FHS,49.0,0,0,0,1,31.378816843,5.0785973398,censor,9.029431895961672,6.8982354149028
FHS,61.0,1,0,0,1,30.919130515,10.601226994,censor,21.83983572895277,-7.3912869493701
FHS,57.0,1,0,0,1,22.470437331,1.8097447796,censor,22.674880219028065,2.3326092898395
FHS,50.0,0,0,0,1,44.67750871,11.340996169,censor,22.38466803559206,-1.4838923863765
FHS,59.0,1,0,0,1,34.90734086,62.522123894,censor,21.738535249828885,-0.628033545898902
FHS,65.0,1,0,0,1,29.763926759,36.54465593,censor,21.593429158110883,-2.783878941384
FHS,66.0,0,0,0,1,25.481302287,2.7941176471,censor,21.086926762491444,-7.1188202729917
FHS,66.0,0,0,0,1,29.680079516,1.6966580977,censor,18.24777549623545,-2.6997129303096
FHS,51.0,0,0,0,1,40.098760092,15.127768313,censor,14.261464750171116,-5.0633408157017
FHS,56.0,0,0,0,1,23.204074636,0.6615214994,censor,20.093086926762496,0.185255547702297
FHS,53.0,0,0,0,1,23.145207581,1.9764705882,censor,21.815195071868583,-3.8411739902509
FHS,60.0,1,0,0,1,30.060265779,15.363321799,censor,15.9315537303217,-0.597308407792603
FHS,47.0,0,0,0,1,19.916895465,0.0,censor,22.513347022587272,-6.9614876417639
FHS,58.0,1,0,0,1,26.514678315,18.156028369,censor,14.261464750171118,0.438488477064702
FHS,43.0,0,0,0,1,44.560651652,6.842837274,censor,21.25119780971937,0.5606506415536
FHS,61.0,1,0,0,1,32.614016644,57.579062159,censor,17.867214236824093,8.0445156958442
FHS,51.0,1,0,0,1,26.129733807,0.0,censor,13.440109514031484,8.8044425046793
FHS,69.0,0,0,0,1,24.046128092,5.8221024259,dementia,3.222450376454482,3.58057277308851
FHS,71.0,1,0,0,1,29.082971535,7.7551020408,death,13.713894592744698,3.3988133935776
FHS,53.0,0,0,0,1,20.282409711,0.0,censor,20.50924024640657,3.5976186703517
FHS,59.0,1,0,0,1,25.921304958,17.443609023,censor,21.42094455852156,1.1321698169133
FHS,44.0,1,0,0,1,29.409802451,6.2130177515,censor,13.637234770704996,-2.2004680407677
FHS,55.0,1,0,0,1,28.823168757,4.7706422018,censor,22.26694045174538,1.9531834245296
FHS,65.0,0,0,0,1,24.561914693,0.3137254902,censor,21.3223819301848,3.9106883549622
FHS,51.0,1,0,0,1,28.804501492,2.9842931937,censor,22.30800821355237,-0.1840390584413
FHS,71.0,1,0,0,1,31.67847658,17.517053206,death,15.731690622861056,-5.3160983905226
FHS,51.0,0,0,0,1,29.609375,3.2470588235,censor,20.276522929500334,3.0186322688624
FHS,69.0,1,0,0,1,26.757258886,4.602739726,dementia,12.20533880903491,2.1377888801557
FHS,49.0,0,0,0,1,25.9831857,0.406779661,censor,14.36550308008214,-8.0815541683262
FHS,66.0,0,0,0,1,32.211049947,1.1294117647,death,20.96646132785763,3.8225389283277
FHS,53.0,1,0,0,1,30.18919179,3.2490974729,censor,22.748802190280628,-2.0787862430184
FHS,47.0,1,0,0,1,34.658397879,6.517571885,censor,22.069815195071868,-4.6656714272014
FHS,59.0,0,0,0,1,32.908749807,2.7692307692,censor,20.985626283367555,4.5937204873375
FHS,69.0,0,0,0,1,26.910181834,8.2168330956,censor,21.412731006160165,-0.835032783766593
FHS,57.0,1,0,0,1,25.251887579,15.918367347,censor,21.070499657768654,9.3420246733304
FHS,50.0,1,0,0,1,30.196023304,3.5779816514,censor,14.338124572210816,-3.4309632498622
FHS,54.0,1,0,0,1,31.84066687,14.611398964,censor,15.211498973305956,8.51974464108
FHS,48.0,1,0,0,1,35.610454669,9.8084291188,censor,22.09445585215606,5.1717185615375
FHS,63.0,1,0,0,0,28.16795757,15.631578947,death,2.4202600958247764,-3.0051553672187
FHS,69.0,1,0,0,1,30.71907697,38.792184725,death,14.198494182067076,8.02245262584439
FHS,57.0,0,0,0,1,21.744198285,1.6774193548,censor,21.363449691991782,-16.8999781154484
FHS,54.0,1,0,0,1,30.549204517,3.3466135458,censor,20.985626283367555,7.4535893629694
FHS,68.0,0,0,0,1,24.133840005,4.2201834862,dementia,16.750171115674192,6.9716027362398
FHS,51.0,0,0,0,1,32.386347352,0.9657947686,censor,22.288843258042437,0.8332042422076
FHS,45.0,1,0,0,1,27.085510778,0.6575342466,censor,22.0643394934976,-1.3690745053145
FHS,68.0,1,0,0,1,26.750849728,4.487534626,censor,21.90554414784394,5.4214669442882
FHS,50.0,0,0,0,1,26.766500068,0.7111111111,censor,15.017111567419576,4.8468392287061
FHS,63.0,0,0,0,1,32.576754527,9.8909090909,dementia,16.772073921971252,-8.4392034410875
FHS,55.0,1,0,0,1,23.894910394,0.442804428,censor,22.95414099931553,5.6103099047137
FHS,71.0,0,0,0,1,34.607259853,1.7889908257,censor,17.464750171115675,-14.5505536639844
FHS,55.0,1,0,0,1,32.949525776,13.202933985,death,21.240246406570844,3.2452928302913
FHS,65.0,1,0,0,1,37.153107265,75.906288533,death,23.9151266255989,-3.8872337391802
FHS,64.0,1,0,0,1,29.361555637,0.0,death,19.715263518138254,-11.1164531843223
FHS,56.0,1,0,0,1,31.449338261,10.76635514,censor,17.45927446954141,0.974765461613202
FHS,62.0,0,0,0,1,28.569657139,4.5476772616,censor,22.570841889117045,7.46959419887629
FHS,50.0,0,0,0,1,26.8667204,0.796460177,censor,20.966461327857637,-2.9394435589735
FHS,46.0,0,0,0,1,24.932481335,0.4368932039,censor,17.275838466803556,-6.8606068835394
FHS,64.0,1,0,0,1,25.685765657,27.428571429,dementia,11.594798083504449,-5.91279047964
FHS,67.0,1,0,0,1,31.142769587,1.3714285714,censor,21.240246406570844,8.0655453383161
FHS,48.0,0,0,0,1,23.770253658,5.3598014888,censor,14.592744695414098,2.9547403134187
FHS,66.0,0,0,0,0,26.75102978,5.7798165138,censor,9.52772073921971,3.0142075462862
FHS,70.0,0,0,0,1,27.741990968,33.20855615,death,20.55578370978781,3.9571698435238
FHS,54.0,1,0,0,0,28.83251926,2.3017902813,death,3.909650924024642,0.496045567280298
FHS,81.0,0,0,0,1,27.132882266,14.388824214,death,19.02258726899384,-7.6553722568402
FHS,48.0,1,0,0,1,26.664140336,4.8818897638,death,11.663244353182757,0.711197421553699
FHS,55.0,1,0,0,1,43.94528572,11.571428571,censor,14.209445585215605,-4.4080055727063
FHS,57.0,0,0,0,1,30.685746197,1.1721611722,censor,17.010266940451743,-6.2892938724647
FHS,52.0,0,0,0,1,36.451685807,14.601769912,censor,21.54962354551677,3.1011587154071
FHS,53.0,1,0,0,1,25.74903109,1.1320754717,censor,21.56878850102669,1.6160409800482
FHS,68.0,1,0,0,1,25.22468803,0.1435406699,death,11.030800821355236,-5.2951098107956
FHS,64.0,0,0,0,1,30.449765042,2.6262626263,death,20.865160848733744,-5.7094799612505
FHS,65.0,0,0,0,1,31.257386734,1.9444444444,censor,14.940451745379878,2.068081847587
FHS,46.0,1,0,0,1,26.802342225,29.920844327,censor,22.34633812457221,-1.0676719323467
FHS,76.0,1,0,0,1,29.200318209,7.2210065646,death,9.63449691991786,-2.8625968511911
FHS,45.0,0,0,0,1,24.143114692,3.6248012719,censor,16.292950034223132,-2.0748193638369
FHS,76.0,0,0,0,1,32.699106876,2.7945205479,dementia,19.68788501026694,-2.8308637607515
FHS,48.0,1,0,0,1,35.234271597,12.941176471,censor,21.50034223134839,3.4366467140558
FHS,62.0,1,0,0,1,36.876891312,5.9770114943,censor,14.321697467488026,2.6314224850903
FHS,71.0,0,0,0,0,26.301550185,0.3274215553,dementia,6.819986310746064,-0.140689794615497
FHS,68.0,1,0,0,0,29.866618452,69.749009247,death,7.288158795345655,7.5692694336006
FHS,64.0,1,0,0,1,20.654413706,19.323671498,death,10.09445585215606,-0.4833881091525
FHS,55.0,1,0,0,1,32.627398309,7.6113360324,censor,22.132785763175907,-5.4249938455361
FHS,68.0,1,0,0,1,28.184160053,2.2317596567,death,20.19712525667351,-0.0503046729625964
FHS,64.0,0,0,0,1,31.594318342,2.5389755011,censor,14.781656399726211,-1.1728946218015
FHS,77.0,1,0,0,1,27.580613661,5.9649122807,death,15.403148528405204,-4.6307150485457
FHS,70.0,1,0,0,1,26.886769012,16.919060052,censor,22.023271731690624,1.2547962953024
FHS,56.0,0,0,0,1,34.470392006,6.2044653349,censor,16.301163586584533,-4.1675332713259
FHS,48.0,0,0,0,1,23.7596643,3.5629453682,censor,20.574948665297743,4.8554756147338
FHS,71.0,1,0,0,1,24.902107417,25.225933202,dementia,18.124572210814517,1.9332846553816
FHS,67.0,0,0,0,1,36.376593153,25.472392638,censor,20.09034907597536,-6.2710154216367
FHS,57.0,0,0,0,1,29.440976851,3.2468996618,censor,14.195756331279942,-1.6045835318872
FHS,62.0,1,0,0,0,21.185163478,1.1029411765,death,0.6543463381245722,0.0173681623451998
FHS,72.0,1,0,0,1,29.082965491,1.2260536398,dementia,18.266940451745377,8.3362605415273
FHS,68.0,1,0,0,1,27.541377397,30.175438596,death,18.83641341546885,0.496850610859795
FHS,71.0,1,0,0,1,33.639033236,26.871794872,death,9.639972621492127,1.54048947441331
FHS,65.0,1,0,0,0,33.495724725,8.6713286713,death,4.473648186173854,1.7463739727889
FHS,67.0,0,0,0,1,25.462384006,0.3305785124,censor,14.644763860369608,-2.87964515821351
FHS,63.0,1,0,0,1,24.522369824,23.315217391,censor,22.30527036276523,-4.7454813094302
FHS,70.0,0,0,0,1,24.052907729,2.7737226277,death,8.898015058179329,-1.2086916284665
FHS,67.0,0,0,0,1,24.765625,2.1126760563,death,10.688569472963724,8.04972831610741
FHS,51.0,1,0,0,1,21.708037862,13.083235639,censor,20.85968514715948,7.1387280992858
FHS,49.0,0,0,0,1,27.943088156,1.9823788546,censor,21.511293634496923,-0.465430959931403
FHS,61.0,0,0,0,1,26.340881084,3.7881873727,censor,17.065023956194388,2.6426960793241
FHS,65.0,1,0,0,1,24.468388244,8.0620155039,censor,14.735112936344972,-1.2561280925766
FHS,70.0,0,0,0,1,24.409116293,13.891951488,censor,22.93497604380561,7.05279011255109
FHS,56.0,1,0,0,0,27.889329135,2.9310344828,censor,17.976728268309376,12.3289731590119
FHS,72.0,0,0,0,1,25.839634912,9.2417061611,dementia,5.29226557152635,-1.3411184252459
FHS,71.0,1,0,0,1,26.020342641,11.703703704,censor,22.989733059548254,3.21005130296069
FHS,47.0,0,0,0,1,23.580116503,0.2727272727,censor,21.37440109514031,-6.0486292363515
FHS,65.0,0,0,0,1,26.600266551,2.3661971831,censor,21.24298425735797,-4.5050826645607
FHS,42.0,0,0,0,1,40.820315452,7.746835443,censor,10.940451745379876,8.0191194747285
FHS,57.0,0,0,0,1,31.439555791,5.6934306569,censor,22.74332648870637,-3.9719160540769
FHS,59.0,1,0,0,1,31.202251917,1.4414414414,censor,16.643394934976047,-3.5794215988277
FHS,69.0,0,0,0,1,38.410316821,4.3604651163,dementia,17.284052019164957,-4.87574151871669
FHS,45.0,1,0,0,1,27.14798329,4.1255605381,censor,22.576317590691303,4.5472044296246
FHS,65.0,1,0,0,1,31.784868727,64.47761194,death,18.412046543463383,7.8695357139442
FHS,62.0,1,0,0,1,28.028458424,27.475862069,censor,21.618069815195074,8.35431876400619
FHS,59.0,1,0,0,1,33.145369501,8.2274247492,censor,21.941136208076664,4.9123306943918
FHS,73.0,1,0,0,1,32.469813005,16.605744125,death,17.352498288843258,2.0470841500872
FHS,52.0,1,0,0,1,27.618834505,4.1057542768,censor,16.610540725530463,-4.1392465393494
FHS,65.0,1,0,0,1,28.102409055,8.7630402385,death,21.58521560574949,5.12758907314451
FHS,70.0,0,0,0,1,30.791741583,5.0991501416,dementia,15.961670088980153,-0.921006918973802
FHS,60.0,0,0,0,1,25.753897662,2.1105527638,censor,21.7056810403833,1.9364148313647
FHS,63.0,0,0,0,1,22.26376185,14.647058824,dementia,13.297741273100616,5.0145582656227
FHS,63.0,0,0,0,1,28.095016623,37.283018868,censor,21.57426420260096,1.6649420075381
FHS,61.0,0,0,0,1,27.525497302,1.5658362989,dementia,13.06776180698152,-1.5155952372394
FHS,48.0,0,0,0,1,23.014446029,1.306122449,censor,21.28952772073922,3.2423890530286
FHS,58.0,0,0,0,1,27.537975076,18.701298701,censor,22.272416153319643,-0.3773039272128
FHS,75.0,0,0,0,0,31.072714029,18.611111111,death,6.023271731690624,-1.8924171652301
FHS,56.0,1,0,0,1,23.378615643,6.4516129032,censor,21.97672826830938,-2.2421114812199
FHS,60.0,0,0,0,1,37.910271622,9.0497737557,censor,21.20739219712526,-1.9685809854322
FHS,42.0,1,0,0,1,29.474499601,4.5051194539,censor,22.537987679671456,12.1666656565378
FHS,54.0,0,0,0,1,24.834068873,0.5889570552,censor,18.69130732375086,-6.4796271729945
FHS,61.0,0,0,0,1,21.689857827,5.3441295547,censor,14.234086242299796,4.1854014556083
FHS,65.0,0,0,0,1,26.31962813,0.8633093525,death,10.483230663928817,-1.69878459718
FHS,52.0,0,0,0,1,23.237355125,0.0,censor,22.49691991786448,10.7665578331207
FHS,76.0,1,0,0,1,19.595100919,4.1317365269,death,14.600958247775496,-15.812323671696
FHS,74.0,1,0,0,1,29.417332118,13.699421965,death,13.385352498288842,-2.8546387635911
FHS,44.0,1,0,0,1,36.487171209,35.589353612,censor,11.241615331964413,1.0343450394043
FHS,51.0,0,0,0,1,30.879314689,1.2428078251,censor,21.14715947980835,-8.4131329899586
FHS,49.0,1,0,0,1,32.284088237,7.9876160991,censor,20.57494866529774,1.4754577785669
FHS,50.0,0,0,0,1,25.571455164,0.3149606299,censor,22.35728952772074,1.7370773334938
FHS,68.0,0,0,0,1,30.403286613,4.8648648649,censor,14.8145106091718,1.4711087511799
FHS,56.0,1,0,0,1,24.938088103,3.3139534884,censor,18.06981519507187,-3.4774038040554
FHS,65.0,0,0,0,1,28.756075838,3.5250917993,dementia,18.21492128678987,1.7120769494575
FHS,55.0,0,0,0,1,21.43214163,18.737541528,censor,20.41341546885695,3.7913504044906
FHS,49.0,0,0,0,1,24.924019713,0.8834355828,censor,21.1854893908282,8.4535327374061
FHS,54.0,0,0,0,0,33.212292849,3.8783269962,death,10.425735797399046,-3.9203960849091
FHS,66.0,0,0,0,1,24.445849673,3.4399117971,death,9.99041752224504,0.678553692247405
FHS,49.0,0,0,0,1,31.201814059,0.0,censor,21.229295003422312,5.2365523370862
FHS,54.0,0,0,0,1,19.705842188,1.5922798552,censor,21.245722108145102,-7.3804407546725
FHS,51.0,1,0,0,1,21.364103085,3.0835117773,censor,14.661190965092404,-8.6533454306654
FHS,58.0,1,0,0,1,34.078262224,0.2044293015,censor,21.18822724161533,1.1466968201463
FHS,51.0,1,0,0,1,22.141755375,7.9271070615,death,15.394934976043809,4.6382721532465
FHS,51.0,1,0,0,1,20.181673016,1.5789473684,censor,21.295003422313485,4.3430755784353
FHS,55.0,1,0,0,1,25.487904421,3.6404494382,censor,14.39835728952772,12.7413625410435
FHS,69.0,1,0,0,1,30.327565012,20.925266904,death,22.09719370294319,-0.130599183410595
FHS,64.0,0,0,0,1,25.707641103,0.25,censor,22.239561943874055,2.73332616321591
FHS,63.0,1,0,0,1,32.547679746,6.9152542373,censor,15.772758384668034,0.302191021543798
FHS,58.0,1,0,0,1,30.764487972,5.2296819788,censor,14.187542778918548,2.2864431494146
FHS,51.0,0,0,0,1,20.023234069,1.4251781473,censor,14.46680355920602,0.0807065926871005
FHS,47.0,0,0,0,1,30.562301625,5.2595155709,censor,20.63791923340178,6.5202838596773
FHS,67.0,0,0,0,1,33.357631284,1.3921113689,dementia,16.66803559206023,1.6218607912113
FHS,55.0,0,0,0,0,24.433823674,0.8875739645,censor,-0.1067761806981515,2.7797796060829
FHS,70.0,1,0,0,0,24.176565706,4.4827586207,death,3.288158795345652,-0.066604309719196
FHS,59.0,1,0,0,1,25.176444138,13.144876325,censor,20.53114305270363,7.2117029356388
FHS,64.0,1,0,0,1,33.430984197,15.380029806,death,14.844626967830257,-0.414608965167098
FHS,53.0,1,0,0,1,26.257978031,12.851182197,censor,20.314852840520192,4.9910088508436
FHS,68.0,1,0,0,1,25.350705429,1.9969742814,censor,17.700205338809038,1.40389657813959
FHS,76.0,0,0,0,0,31.007872547,8.5714285714,death,10.119096509240244,-6.8380291357125
FHS,56.0,1,0,0,1,29.380409541,3.5190615836,censor,21.54140999315537,-11.9281054817013
FHS,55.0,1,0,0,0,33.658231287,13.576642336,censor,1.415468856947296,-1.8299833354305
FHS,52.0,1,0,0,1,31.885778057,18.26458037,censor,22.362765229295004,7.3144477782289
FHS,72.0,0,0,0,1,25.661162433,2.9447852761,death,9.566050650239555,-1.21081205653211
FHS,66.0,0,0,0,1,21.011153133,1.2972972973,censor,21.724845995893222,-10.3190153756577
FHS,77.0,0,0,0,0,33.199530924,29.135254989,death,19.04996577686516,-3.3674429968807
FHS,63.0,1,0,0,1,36.101146421,25.273972603,censor,21.423682409308697,5.38997636647081
FHS,58.0,0,0,0,1,22.641278102,4.3085106383,censor,14.532511978097196,-2.2320163358209
FHS,56.0,0,0,0,1,45.731639138,44.077669903,censor,15.427789185489392,0.294954035331102
FHS,60.0,1,0,0,1,28.898552788,24.353518822,censor,14.915811088295689,-5.9127026458683
FHS,70.0,1,0,0,1,23.909775639,2.8816466552,death,18.0807665982204,-3.772289210141
FHS,44.0,1,0,0,1,31.774900769,0.0,censor,21.44284736481862,5.353675767243
FHS,56.0,0,0,0,1,18.894975966,0.0,censor,17.464750171115675,-3.2096087389651
FHS,73.0,0,0,0,1,37.581230003,4.187568157,death,15.822039698836411,-6.717309705422
FHS,81.0,0,0,0,0,20.585978672,6.9198312236,death,8.728268309377139,-10.0415554400604
FHS,54.0,1,0,0,1,33.363591689,10.037453184,censor,20.892539356605063,-1.580572134144
FHS,65.0,1,0,0,1,25.072296345,0.3458213256,censor,21.36892539356605,5.0287268750471
FHS,53.0,1,0,0,1,31.712327406,5.8577405858,censor,21.61259411362081,-7.1649847902917
FHS,52.0,1,0,0,1,24.805412933,7.130044843,censor,21.941136208076657,1.983675734287
FHS,60.0,0,0,0,1,23.166724867,7.5,censor,22.47501711156742,-1.6991391912361
FHS,52.0,0,0,0,1,25.725816665,0.5327413984,censor,22.50787132101301,9.4635014054809
FHS,71.0,1,0,0,1,33.517636948,8.5813148789,censor,21.171800136892543,-4.36257786741589
FHS,69.0,1,0,0,1,25.023329575,4.099868594,censor,19.110198494182068,3.03466173993669
FHS,73.0,0,0,0,1,25.58110585,5.4778887304,censor,16.410677618069816,-0.806498568081594
FHS,70.0,1,0,0,1,23.099418267,0.3413940256,dementia,11.389459274469536,11.7269652793635
FHS,56.0,0,0,0,1,28.314201252,4.4776119403,censor,21.188227241615333,-2.8807724752145
FHS,50.0,1,0,0,1,34.265942491,13.664233577,censor,20.988364134154686,-2.5872529536492
FHS,68.0,0,0,0,0,38.656352508,4.6346555324,death,6.551676933607119,-1.7394181022735
FHS,74.0,0,0,0,0,33.678173865,3.6226415094,death,6.814510609171801,2.0994621618954
FHS,65.0,0,0,0,1,33.793160593,2.6556016598,censor,22.36002737850787,-0.358086120472805
FHS,54.0,0,0,0,1,24.711896053,0.4819277108,censor,22.097193702943198,10.752888412968
FHS,50.0,0,0,0,1,24.239299982,0.1646090535,censor,21.48665297741273,5.1680519074246
FHS,62.0,1,0,0,1,25.811037781,7.2685714286,dementia,17.672826830937712,10.8860046833452
FHS,74.0,1,0,0,1,23.665704771,16.54676259,death,17.618069815195074,-4.2339749776237
FHS,54.0,0,0,0,1,33.421154781,4.347826087,censor,16.161533196440796,0.461437651184099
FHS,69.0,1,0,0,1,32.664291972,12.136752137,censor,19.94798083504449,3.4765435268594
FHS,44.0,0,0,0,1,28.101831352,1.6783216783,censor,22.781656399726216,6.4093157482282
FHS,52.0,1,0,0,1,36.40362042,38.383838384,censor,21.65639972621492,0.951933822455501
FHS,61.0,0,0,0,1,23.626082755,1.8257261411,censor,21.88637919233402,6.6175195152824
FHS,53.0,1,0,0,1,29.861284212,14.264705882,censor,10.39288158795346,6.0311181951208
FHS,67.0,1,0,0,0,30.245698692,1.2938005391,dementia,8.25735797399042,-2.1522217577091
FHS,64.0,1,0,0,1,29.365738211,6.916426513,censor,17.598904859685145,-8.994396209081
FHS,49.0,0,0,0,1,21.13140321,0.5100956429,censor,21.360711841204655,-9.0369547793814
FHS,55.0,1,0,0,1,28.376194843,1.71875,censor,13.689253935660506,-4.0912763436162
FHS,57.0,1,0,0,1,30.302828772,5.6534954407,censor,21.71389459274469,8.501618437338
FHS,46.0,0,0,0,1,20.566112883,1.4888337469,censor,16.134154688569474,3.1856727404075
FHS,46.0,0,0,0,1,24.812650149,0.9302325581,censor,20.347707049965777,1.2160088887482
FHS,50.0,0,0,0,1,30.104020307,3.4443168772,censor,15.904175222450371,7.4629044328308
FHS,50.0,0,0,0,0,26.087227785,1.4687882497,censor,22.26420260095825,-6.7051013344622
FHS,62.0,0,0,0,1,21.32723913,0.578778135,censor,17.598904859685145,9.7149191496725
FHS,53.0,1,0,0,1,26.69801258,0.3803486529,censor,10.03148528405202,7.8551370337698
FHS,53.0,0,0,0,1,41.399008579,118.22120867,censor,17.075975359342912,-3.7432009878812
FHS,57.0,1,0,0,1,30.374790391,2.528363047,censor,22.64202600958248,-0.118381438143402
FHS,66.0,1,0,0,1,26.320770843,2.2325581395,death,22.14373716632443,5.2611111455424
FHS,45.0,1,0,0,1,30.101703802,2.3225806452,censor,18.209445585215608,-0.399557139678798
FHS,50.0,1,0,0,1,36.60474449,8.170212766,censor,21.952087611225192,6.3012556612576
FHS,70.0,0,0,0,1,24.023486208,3.0,censor,21.880903490759756,0.385332827151601
FHS,65.0,1,0,0,1,27.441475001,9.5641344956,dementia,18.214921286789878,-4.4316707756848
FHS,70.0,1,0,0,0,23.731766937,8.1454545455,death,10.228610540725532,-4.1676043719238
FHS,54.0,1,0,0,1,25.029760996,9.8196948682,censor,16.23545516769336,-12.8573247702866
FHS,66.0,1,0,0,1,24.83866433,1.014084507,censor,21.76865160848734,-0.243758998682296
FHS,72.0,0,0,0,1,18.222606755,0.7712082262,death,17.273100616016425,10.7792620104674
FHS,51.0,1,0,0,1,20.920380244,0.9903713893,dementia,15.906913073237508,3.8131868682433
FHS,69.0,1,0,0,1,23.484895455,0.9836065574,death,18.888432580424364,0.686345946285499
FHS,50.0,0,0,0,1,19.980508711,0.3011292346,censor,14.6694045174538,-3.4516291089359
FHS,48.0,0,0,0,1,29.998139996,9.7885196375,censor,22.70773442847365,-4.8370453245401
FHS,50.0,1,0,0,1,50.0,6.8715083799,censor,15.307323750855574,10.9607647945273
FHS,54.0,0,0,0,1,26.129084516,1.0473815461,censor,22.14373716632444,-14.1854545885141
FHS,65.0,0,0,0,0,25.805272165,8.1951219512,death,7.260780287474333,-9.8355154172547
FHS,67.0,1,0,0,1,31.319113258,6.1855670103,death,16.04106776180698,0.640817840508902
FHS,64.0,0,0,0,0,27.431965539,2.5130890052,censor,-0.9609856262833674,0.403684455390902
FHS,62.0,0,0,0,1,24.410058003,12.023575639,censor,21.902806297056813,5.6068813018821
FHS,57.0,1,0,0,1,37.1792384,14.809160305,death,19.025325119780973,5.0153853441184
FHS,47.0,1,0,0,1,30.743256753,84.610169492,censor,22.60643394934976,-3.404348403117
FHS,70.0,1,0,0,1,34.294339078,13.714285714,death,14.009582477754964,3.2111344168072
FHS,64.0,1,0,0,1,24.916874538,6.0796139928,censor,21.24298425735797,9.3498582559093
FHS,65.0,0,0,0,1,24.91798487,2.2641509434,death,22.04517453798768,0.0995895980486949
FHS,45.0,0,0,0,0,29.792586014,1.1506849315,censor,21.45927446954141,-1.3038918802024
FHS,54.0,0,0,0,1,27.163535548,0.4008908686,censor,20.69815195071869,5.0537628973293
FHS,77.0,1,0,0,0,32.485461412,24.200278164,death,8.895277207392198,3.821919952781
FHS,63.0,1,0,0,0,37.636519915,8.7804878049,dementia,2.412046543463383,-4.3606312332849
FHS,76.0,1,0,0,1,31.93854044,23.880597015,dementia,19.230663928815883,-8.81243452254979
FHS,59.0,0,0,0,1,34.467566265,4.9655172414,censor,22.143737166324435,5.1879359787728
FHS,49.0,1,0,0,1,31.597859339,23.088607595,censor,17.015742642026012,-9.7455925963184
FHS,53.0,0,0,0,1,23.543543357,0.1721664275,censor,20.873374401095145,0.835567865488102
FHS,63.0,1,0,0,1,32.961290412,35.175315568,censor,21.12251882272416,-1.1035338761413
FHS,54.0,1,0,0,1,27.044897358,6.5492957746,censor,22.72416153319644,-9.25232884482
FHS,50.0,0,0,0,1,19.69815687,1.6017797553,censor,16.112251882272417,5.3624632825663
FHS,70.0,1,0,0,1,29.256574288,0.1619433198,censor,22.806297056810404,3.48621365135401
FHS,67.0,0,0,0,0,30.489781627,0.4133180253,censor,-0.9609856262833674,3.4901569935312
FHS,56.0,0,0,0,1,25.462384006,1.4505494505,censor,22.5160848733744,8.1827779605205
FHS,71.0,0,0,0,1,20.40837415,1.5539568345,censor,14.206707734428472,2.5733348692048
FHS,54.0,0,0,0,1,24.861851076,0.7220216606,censor,22.450376454483237,0.392480610605702
FHS,47.0,1,0,0,0,24.286963088,0.5073995772,dementia,4.542094455852158,8.3571897759918
FHS,63.0,0,0,0,1,42.236346382,17.123745819,censor,22.19301848049281,-0.743121281348799
FHS,40.0,1,0,0,1,28.15013963,4.1104972376,censor,22.258726899383987,3.6889341860651
FHS,59.0,1,0,0,1,29.832984594,16.023738872,censor,18.746064339493493,-0.0026856683451015
FHS,58.0,0,0,0,1,24.293926139,12.613636364,censor,21.57700205338809,-5.4099370707927
FHS,60.0,1,0,0,1,32.035350775,0.9863013699,censor,17.653661875427787,2.2576161830822
FHS,42.0,1,0,0,1,26.096274687,1.7808219178,censor,21.75496235455168,6.5551090850769
FHS,60.0,1,0,0,1,26.940351293,8.2296650718,death,20.312114989733058,2.8817211922032
FHS,49.0,1,0,0,1,22.965352053,14.244604317,censor,21.127994524298423,2.401892584235
FHS,71.0,0,0,0,1,29.231374827,1.5952732644,dementia,5.708418891170432,1.0937219159179
FHS,51.0,1,0,0,1,28.387044949,2.6438188494,death,16.59411362080766,-6.8470814238963
FHS,68.0,0,0,0,0,32.696385393,6.0225846926,censor,1.9356605065023944,3.7331429726418
FHS,60.0,0,0,0,1,35.738910922,9.0936106984,censor,21.6974674880219,-0.138356736829998
FHS,53.0,0,0,0,1,21.665323331,0.8695652174,censor,22.674880219028065,-2.0940933688031
FHS,63.0,0,0,0,1,22.717269198,33.798008535,censor,21.2539356605065,5.0708082783058
FHS,54.0,1,0,0,1,30.512271776,1.9512195122,censor,21.363449691991782,5.2797471856181
FHS,74.0,0,0,0,1,29.147376624,0.3375527426,death,17.270362765229294,-4.4089916556109
FHS,52.0,0,0,0,1,28.174581477,25.106861642,censor,20.892539356605063,1.1136635893247
FHS,60.0,0,0,0,1,28.194913948,0.9900990099,dementia,6.663928815879537,2.7736397101207
FHS,63.0,0,0,0,1,31.982143964,1.6551724138,death,16.815879534565365,0.272581520684902
FHS,68.0,0,0,0,1,27.621180234,2.6948480845,censor,22.444900752908968,-5.7120075331528
FHS,58.0,1,0,0,1,25.571905731,0.5298013245,censor,17.245722108145102,3.0968904433306
FHS,51.0,0,0,0,1,25.9831857,1.2646370023,censor,9.497604380561263,-4.7317167698507
FHS,61.0,0,0,0,1,44.206176825,19.32885906,censor,18.08350444900753,4.6552801399548
FHS,68.0,1,0,0,1,27.419533577,3.5579514825,death,14.105407255304588,3.9891388511882
FHS,63.0,1,0,0,1,27.963841936,11.744040151,censor,22.516084873374403,-3.1782313735378
FHS,61.0,1,0,0,1,30.164130511,2.2611036339,censor,21.059548254620125,-4.0373469499201
FHS,55.0,1,0,0,1,36.669826053,24.364060677,censor,21.60438056125941,9.5213372572117
FHS,51.0,1,0,0,0,30.729051459,3.2214765101,death,3.5509924709103373,1.1368135230014
FHS,48.0,1,0,0,0,26.873689931,32.488262911,death,6.603696098562629,-3.2813333434895
FHS,44.0,0,0,0,1,22.130599817,0.0,censor,22.702258726899384,1.2753284302413
FHS,68.0,0,0,0,1,35.712071424,0.6282722513,death,12.468172484599592,7.50059710108449
FHS,48.0,0,0,0,1,46.650768721,8.9655172414,censor,16.030116358658454,10.6760801549003
FHS,69.0,1,0,0,1,20.624035552,0.8462623413,censor,16.02737850787132,4.10544472075991
FHS,68.0,1,0,0,0,26.030208169,7.8488372093,death,21.245722108145102,9.7298886630021
FHS,57.0,0,0,0,1,23.429924678,0.1854714065,censor,22.286105407255302,-0.471520235525198
FHS,67.0,1,0,0,1,32.636859988,13.306451613,death,17.322381930184807,5.3029473724518
FHS,75.0,1,0,0,1,28.408602824,0.4580152672,dementia,10.63381245722108,-3.378233165346
FHS,62.0,1,0,0,1,41.163319638,11.348511384,death,10.882956878850102,3.5950800265432
FHS,67.0,0,0,0,1,31.350817759,7.8832116788,censor,21.53319644079397,1.5531327914465
FHS,53.0,0,0,0,1,32.804680725,2.9681978799,censor,16.539356605065027,2.3877693651778
FHS,60.0,0,0,0,1,21.439697079,1.1136890951,censor,20.676249144421632,-7.4543275037441
FHS,55.0,1,0,0,1,29.569289908,3.4002361275,death,18.026009582477755,-3.2260308956274
FHS,63.0,1,0,0,1,39.341727666,8.309178744,death,11.726214921286791,12.615923923168
FHS,59.0,1,0,0,1,28.816371488,6.2595419847,censor,9.43189596167009,-8.7624954514133
FHS,61.0,1,0,0,0,27.285472015,0.345323741,death,6.934976043805612,8.36741964969541
FHS,51.0,0,0,0,1,22.511518545,2.5997719498,censor,21.593429158110887,2.4004190960283
FHS,50.0,1,0,0,1,31.646856237,3.0495552732,censor,22.26420260095825,-3.8237217460021
FHS,64.0,1,0,0,1,26.762643453,22.627737226,death,12.334017796030118,-7.3782229168961
FHS,54.0,0,0,0,1,34.249820845,4.3665768194,censor,21.541409993155373,6.3852003039386
FHS,53.0,0,0,0,1,18.90737897,0.0,censor,14.92128678986995,6.8137544710304
FHS,65.0,0,0,0,1,25.831620545,1.932885906,censor,22.85831622176591,-0.845779356405998
FHS,55.0,0,0,0,1,26.262259556,0.7058823529,censor,15.931553730321696,-8.3693522999582
FHS,70.0,0,0,0,1,37.671350685,2.8448275862,censor,15.271731690622865,-1.3268943309258
FHS,50.0,0,0,0,1,24.780132641,1.8203033839,censor,17.31690622861054,0.953469207685004
FHS,55.0,0,0,0,1,20.302185615,1.0632911392,censor,21.464750171115675,-4.9138574357439
FHS,60.0,1,0,0,1,31.334790467,0.4395604396,censor,22.53251197809719,6.900603089944
FHS,70.0,0,0,0,1,26.087227785,0.8044692737,dementia,13.010266940451746,7.1182025399589
FHS,55.0,0,0,0,1,35.470206769,3.7142857143,censor,7.835728952772076,-10.2721150223142
FHS,62.0,0,0,0,1,32.732423719,31.013916501,dementia,18.46406570841889,3.3200271218202
FHS,57.0,1,0,0,1,29.320536143,11.578947368,censor,22.11362080766598,-1.8449558979631
FHS,59.0,0,0,0,1,26.855530596,5.4298642534,censor,16.569472963723474,-9.2213016884364
FHS,50.0,1,0,0,1,36.80292887,40.48582996,censor,20.870636550308006,-7.5876502017357
FHS,61.0,1,0,0,1,25.76221865,9.7297297297,censor,20.676249144421632,-2.1778001659597
FHS,62.0,1,0,0,0,23.527281077,9.1361639824,death,3.405886379192335,5.26906038671361
FHS,64.0,0,0,0,0,42.059312769,8.0248833593,death,8.919917864476385,-1.9890272417903
FHS,52.0,0,0,0,1,25.493433187,0.2718006795,censor,19.822039698836416,-3.5952837560874
FHS,62.0,1,0,0,0,26.677250016,2.9142857143,censor,2.22861054072553,-2.0753743765985
FHS,56.0,0,0,0,1,21.4056055,0.6648199446,censor,20.32306639288159,10.5955673749648
FHS,60.0,1,0,0,1,24.857438145,7.1875,death,9.92470910335387,-5.0304630060848
FHS,66.0,0,0,0,1,28.911926285,9.2093023256,censor,22.58726899383984,-4.797479735106
FHS,50.0,0,0,0,1,23.484895455,1.6125419933,censor,22.652977412731005,3.150964194271
FHS,53.0,0,0,0,1,39.256113336,2.3529411765,censor,15.652292950034226,-0.578079077949397
FHS,76.0,0,0,0,1,24.838759355,21.935483871,dementia,7.12936344969199,-2.1638169201357
FHS,62.0,0,0,0,1,30.241930949,10.039840637,censor,9.623545516769337,1.5306402895677
FHS,52.0,1,0,0,1,27.70183223,1.75066313,death,22.847364818617383,4.8929494396785
FHS,43.0,1,0,0,1,26.48762694,3.4682080925,censor,22.75975359342916,5.6542375082644
FHS,54.0,0,0,0,1,25.676954468,1.4598540146,censor,21.878165639972625,-5.8851361247714
FHS,78.0,1,0,0,0,26.249211445,34.980392157,death,5.462012320328544,2.1241941605052
FHS,51.0,0,0,0,1,27.984431938,0.777537797,censor,22.239561943874055,2.8567305780803
FHS,73.0,0,0,0,1,30.714228183,7.1146245059,dementia,11.534565366187543,9.756809882005
FHS,53.0,1,0,0,1,28.599474398,5.6661045531,censor,21.593429158110883,-1.3036368396
FHS,53.0,1,0,0,1,27.692320555,1.6282225237,censor,15.340177960301162,1.0886588638033
FHS,50.0,0,0,0,1,21.953125,0.1447527141,censor,21.169062286105405,0.771093089964502
