"","visitnumber","nsrrid","pptidr","days_studyv1","prevalent_dementia","inc_dementia","time2event","event","age","sexM","race_Black","race_White","race_Other","educcollege","BMI","diabetes","hypertension","AHI","heartattack","stroke","depression","sleepmed","smoke_current","exercise","mmse","BA","BAI","COUPL_OVERLAP_C","DENS_C","alpha_bandpower_kurtosis_C_N2","alpha_bandpower_mean_C_N1","delta_alpha_mean_C_N3","delta_bandpower_kurtosis_C_N2","delta_bandpower_mean_C_N3","delta_theta_mean_C_N3","kurtosis_N2_C","kurtosis_N3_C","sigma_bandpower_kurtosis_C_N2","theta_bandpower_kurtosis_C_N2","theta_bandpower_kurtosis_C_N3"
"1","shhs1",205555,"C008590",3367,0,0,20.3285420944559,"censor",60,0,0,1,0,0,24.19484057,0,0,1.3274336283,0,0,0,0,0,1.5,29,64.4422192534636,0.444221925346361,15,1.41772151898734,4.00405139476426,0.0687633091017275,0.690258102662392,11.4255696785042,0.745531117385008,0.605166276382927,1.21493304565846,0.696919864864473,7.80616211356962,9.67587042017374,9.43846284564148
"2","shhs1",205599,"C003169",3156,0,1,18.280629705681,"dementia",66,0,0,1,0,0,38.638656199,1,1,26.06557377,0,0,0,0,0,2.75,NA,65.1266642580137,-0.0873335741986296,52.5,2.41666666666667,7.69670162136721,0.0818830297783011,1.23750970402313,13.3643684218455,1.34127272435212,1.14037574194965,2.69282324478701,1.25144266080541,15.0912932299392,6.08432169288259,4.43686096305889
"3","shhs1",205393,"C014273",3214,0,0,10.6475017111567,"death",64,0,0,1,0,0,19.986506999,0,1,1.3063763608,0,0,0,0,0,2.5,NA,69.9976160462652,0.599761604626519,139.5,1.86096256684492,5.72095275187464,0.0720884369950411,0.728978402249521,12.9665109416695,0.94283185751335,0.740685653644533,2.21599358060984,1.23420052780729,17.8939949237197,5.30538955186319,4.83292353489632
"4","shhs1",205789,"C006730",2953,0,0,21.5386721423682,"censor",55,0,0,1,0,1,25.215044696,0,0,1.7224880383,0,0,0,0,0,2,30,58.2266775082701,0.32266775082701,206,2.78028169014085,6.08027576855567,0.0655966539859094,1.05768657523283,14.5634952661749,1.20774021410284,1.0081501345657,2.49873270043071,1.25294757880265,18.1318513727222,7.58811044320535,5.70704707717805
"5","shhs1",205709,"C003808",3130,0,1,11.3182751540041,"dementia",61,1,0,1,0,0,25.343930544,0,0,14.059945504,0,0,0,0,0,3,NA,66.0684122763143,0.506841227631431,141,2.0771349862259,6.62478167563723,0.0646593541407119,1.25585618203722,11.5355976532507,1.32316392465113,1.15770144215979,1.64964602564884,0.506302363425724,20.4020754009068,6.59446195617007,4.27957212122606
"6","shhs1",203198,"C008154",3045,0,1,11.2936344969199,"dementia",68,1,0,1,0,0,20.939066041,0,1,35.894428152,0,1,0,0,0,2.75,NA,63.9664834814841,-0.40335165185159,199.5,2.37590361445783,6.85689696779123,0.0368807131403394,1.18005337107608,12.6313328821089,1.21080882147826,1.09216974113835,1.88685235162969,0.909038614302534,14.3122020765242,7.59554587586155,7.75982797385331
"7","shhs1",202982,"C012176",3687,0,0,6.48596851471595,"death",69,1,0,1,0,1,31.379132231,0,0,11.878515186,0,0,0,0,0,2.25,NA,70.3737755466867,0.13737755466867,166.5,1.5586592178771,4.65473244841552,0.051823359288374,1.04644685596847,13.388443578568,1.1805760510117,1.0095447471455,1.59127143864696,0.540912161581451,11.1093836691818,6.23777301708564,4.99233121261753
"8","shhs1",203837,"C007875",2765,0,0,13.8562628336756,"death",68,1,0,1,0,1,30.367346939,0,1,7.963800905,0,0,0,0,0,4,NA,66.6722732088095,-0.13277267911905,340.5,2.55098934550989,6.46879127107258,NA,NA,13.9615107534207,NA,NA,1.1030812520357,NA,12.0696756652675,6.71959765212982,NA
"9","shhs1",203124,"C006578",3696,0,0,21.9247091033539,"censor",60,0,0,1,0,1,21.8299522,0,0,0.8196721311,0,0,0,0,0,3.25,30,49.207511669875,-1.0792488330125,341,3.04018912529551,9.04874840253475,0.0503140528947797,1.59681829317095,15.8373057684778,1.76434544218546,1.39221865589954,3.4130522790361,1.25264029891146,16.4530560177563,9.71506026377531,7.90252625676408
"10","shhs1",203692,"C006205",2748,0,0,22.7022587268994,"censor",67,0,0,1,0,0,22.733260567,0,0,11.504424779,0,0,0,1,0,2,NA,73.3042542796727,0.630425427967271,96,2.22456140350877,6.46506705841204,0.0875787140762146,0.703782576900827,9.00044718644308,0.769639002330479,0.69058634027769,1.1338834201722,0.408163614805424,15.5956669843268,6.47501659360202,5.10406723567607
"11","shhs1",203242,"C002853",3047,0,0,22.0287474332649,"censor",54,1,0,1,0,1,27.830033742,0,1,43.101482326,0,0,0,0,0,3.5,29,60.2861802267673,0.62861802267673,208.5,1.84765625,6.15199848172982,0.064407596371707,NA,11.5327647559064,NA,NA,1.14322804963025,NA,16.0572158815144,7.69541567286965,NA
"12","shhs1",205771,"C013941",2894,0,1,17.9438740588638,"dementia",66,1,0,1,0,0,33.016061868,0,0,15.017878427,0,0,0,0,0,2,25,70.7625797924526,0.47625797924526,180,2.7468982630273,8.28361238771013,0.106212485701618,0.767228606332263,9.28285010405503,0.798720622233083,0.719069046195443,1.11466864550451,0.414275941114239,16.8260578017072,6.41062699282143,5.72378419312928
"13","shhs1",205598,"C002938",3159,0,0,21.2375085557837,"censor",54,1,0,1,0,0,24.45018992,0,0,1.6194331984,0,0,1,0,1,1.25,27,63.8075521678689,0.98075521678689,160,1.82102272727273,4.34842033375094,0.133405268580929,1.42318504572852,16.4083196430728,1.53733880247882,1.36751282220738,1.80245155579689,0.709826802446977,13.3350659902519,6.36903942149814,5.93509920201938
"14","shhs1",203807,"C005135",2891,0,0,7.80561259411362,"death",70,1,0,1,0,0,26.262153764,0,0,16.224899598,0,0,0,0,0,4,NA,69.8717722727104,-0.0128227727289598,199,2.3572744014733,3.72804984402588,0.0322087364092842,1.29928516540418,12.0397707499397,1.33429237446106,1.1995998979867,1.53536467745632,0.524856658204603,12.299802676904,6.7333261025597,5.78573040986159
"15","shhs1",203089,"C011825",3643,0,0,17.7631759069131,"death",68,1,0,1,0,1,26.538080093,0,0,6.2125340599,0,0,0,0,0,3.75,NA,61.8975575818834,-0.61024424181166,267,1.56703910614525,4.02140190920509,NA,NA,17.3810372010003,NA,NA,2.29845516385498,NA,6.62237709206966,9.37296240037073,NA
"16","shhs1",203972,"C006013",2692,0,0,20.8158795345654,"censor",59,1,0,1,0,0,28.509508257,0,0,12.552301255,0,0,0,0,0,3,27,69.3871931934463,1.03871931934463,147.5,2.21134020618557,3.53715175036824,0.122974101889382,0.730333036182997,12.4185928044007,0.877329488547977,0.744927568321095,2.01349047987674,1.01834415557396,12.0844142973652,6.82367802535359,4.93136925480088
"17","shhs1",205207,"C003717",3272,0,0,21.6454483230664,"censor",62,0,0,1,0,1,24.274955937,0,0,0.7912087912,0,0,0,0,0,2.25,27,56.1601765048182,-0.58398234951818,382.5,2.36644951140065,5.33882260220059,0.0672554385148344,1.20042827988158,21.6281980995921,1.3473560518767,1.13552020266389,3.23307775523809,1.3641896006077,10.9736932900407,7.94007738212259,6.25366421434257
"18","shhs1",205736,"C006821",2964,0,0,20.4079397672827,"censor",60,1,0,1,0,0,25.961157352,0,1,7.2881355932,0,0,0,0,0,2.25,30,56.5515170980378,-0.34484829019622,211.5,3.347533632287,6.68271530252026,0.0478836929068142,1.24544283725974,6.54411220961924,1.3161210490157,1.12800645834904,1.41930441139135,0.750013304041003,20.1359373577376,12.5828884561707,9.50903733030638
"19","shhs1",203683,"C006088",2800,0,0,22.3572895277207,"censor",62,0,0,1,0,1,40.9375,0,1,2.0662251656,0,0,0,1,0,1.75,NA,67.2457195185033,0.524571951850329,146.5,1.51732673267327,3.01073320216846,0.0880877496772891,0.977539154879024,13.7618653821352,1.0892060850056,0.901944804724877,3.11003180739796,1.99275600036278,4.08480359756762,4.95575891554263,2.95717631805765
"20","shhs1",203562,"C015689",3017,0,0,21.2785763175907,"censor",57,0,0,1,0,1,19.834710744,0,0,0,0,0,0,0,1,3,30,56.2085443459283,-0.0791455654071697,317.5,2.76430205949657,6.3922850015701,0.061832565707593,1.09277843000553,16.7091882691076,1.25211233078785,1.00146798656217,3.48692188292012,2.0647027182735,21.5891010552064,7.55309729544885,6.27739473887549
"21","shhs1",203162,"C004909",2975,0,0,23.8986995208761,"censor",57,1,0,1,0,1,23.856460289,1,0,1.9672131148,0,0,NA,0,0,4.5,NA,61.7469986565198,0.47469986565198,76,1.72300469483568,5.60345392993959,0.0597241499221899,0.660329150144064,17.0549155734281,0.722733441322322,0.651289322063673,2.48998178163592,2.26415410089469,18.292793677127,6.20818128191733,5.69608784464158
"22","shhs1",205476,"C013111",3480,0,0,21.3716632443532,"censor",67,1,0,1,0,1,24.685714286,0,0,7.3940949936,0,0,0,0,0,4,27,62.1206721849841,-0.48793278150159,211,2.60130718954248,10.6037312033487,0.0670285771712253,1.30213303277993,11.7747773336029,1.38712894216642,1.21694112735936,1.5708358352041,1.01430182704906,27.7357413636877,5.42452298188288,7.0109238856323
"23","shhs1",205491,"C007658",3343,0,0,19.5975359342916,"death",56,1,0,1,0,0,38.456790123,1,1,17.298701299,0,0,0,0,0,3,NA,68.4890961234318,1.24890961234318,121,1.62871287128713,4.42491540480365,0.106891789483351,0.822827836260343,18.4465387137497,0.881862862227902,0.778632013833646,1.98617592755704,0.881486486328428,18.4021316830722,4.734182346871,2.96835749248811
"24","shhs1",203256,"C004209",3025,0,0,22.8446269678303,"censor",57,0,0,1,0,1,28.990581562,0,0,8.4832904884,0,0,NA,0,0,1.5,29,50.5110749067798,-0.64889250932202,128.5,2.10702341137124,6.55828950555265,0.035721174471344,1.24355136283336,15.1554263784252,1.36382545705355,1.12224271841145,3.79127283695162,1.53357981927686,12.9990325446985,10.8416132545085,7.58985455150562
"25","shhs1",203370,"C014144",2881,0,0,22.4695414099932,"censor",60,0,0,1,0,0,27.358634355,0,0,3.0296377607,0,0,0,0,0,3.25,29,59.82390350469,-0.0176096495309999,149,1.55721393034826,5.05140000759122,0.0374726056477464,1.40761845702171,12.3252507330745,1.47645760592263,1.31136391497339,2.11983091985588,0.674441713561802,13.8912762816117,9.31739222114005,7.60910630477131
"26","shhs1",205442,"C005200",3224,0,0,2.90485968514716,"death",66,1,0,1,0,1,24.007883186,0,1,2.2388059701,0,0,0,0,0,4.25,NA,71.9183666706904,0.59183666706904,85,1.13738738738739,5.03691673051205,0.0415181234876984,0.983344377433621,11.6248123164064,1.0116090263387,0.919687403086685,0.697018061558192,0.319467800088604,10.4556155109201,5.11306169311762,5.13070791800809
"27","shhs1",203329,"C006118",2940,0,0,11.6386036960986,"death",69,1,0,1,0,1,25.234509182,0,1,13.93442623,1,1,0,0,0,1.75,NA,71.939283110946,0.293928311094599,93.5,2.14197530864198,5.46114671830146,0.0496272465362509,1.1555092312756,10.1482207398098,1.20886399455343,1.06234262381709,1.2372501260207,0.568294505471105,11.3775592917551,5.15869538502883,4.96380748861141
"28","shhs1",202912,"C005931",3770,0,0,21.7768651608487,"censor",57,1,0,1,0,0,31.919307989,0,1,17.546468401,0,0,NA,0,0,3.25,30,56.7240715604775,-0.0275928439522502,188.5,1.7960687960688,4.88153603266595,0.0450316226494398,1.07606507986036,15.377624989233,1.12215033200259,0.978469683219951,3.16435494964983,1.76521822511123,10.6565682987827,8.1370553318256,6.59446513856528
"29","shhs1",205362,"C009649",3283,0,1,15.5865845311431,"dementia",74,0,0,1,0,0,27.614265928,0,0,3.044982699,0,0,0,0,0,2.5,19,60.0222168323548,-1.39777831676452,248.5,2.73781902552204,8.9776979844666,0.0639818555501106,1.59714026156699,19.2461717003867,1.69016890068421,1.35849509487014,4.12779676425443,1.66034360213758,16.3227407211784,6.66080846053712,4.59202439817805
"30","shhs1",203297,"C013363",2982,0,0,22.7953456536619,"censor",67,1,0,1,0,1,27.988980716,0,0,6.3343108504,0,0,0,0,0,2.5,NA,62.8311233877692,-0.41688766122308,247,2.26277372262774,7.417733137565,0.0586440568930865,1.2600174967279,13.6242394712773,1.36615201269411,1.13397512531504,2.4409931500029,1.23776317472529,21.5459823874696,8.03441396844671,5.10104923247629
"31","shhs1",203137,"C003001",3605,0,1,22.1218343600274,"dementia",64,0,0,1,0,0,23.530366343,0,0,0.2755453502,0,0,0,0,0,2.25,26,68.3689855731727,0.436898557317269,216.5,2.58595641646489,7.27398352615124,0.0569622199602059,1.12440411492819,9.10070986504926,1.19775160172,1.00983735177351,1.44136133872248,0.951636494817663,19.2010858117974,4.99548594779736,4.63421712179013
"32","shhs1",205085,"C013400",3415,0,0,18.1519507186858,"death",62,1,0,1,0,0,24.241522903,0,1,17.87965616,1,0,0,0,1,2.25,24,66.7399619501474,0.47399619501474,214.5,2.80102040816327,5.09910816189761,0.098320870987555,1.06586225452139,17.7630771631749,1.1847110404802,1.00324675771471,3.03061637453121,0.468194679616085,13.5131809641151,5.49129500412383,4.50950450468396
"33","shhs1",205760,"C013544",2919,0,1,13.015742642026,"dementia",60,0,0,1,0,1,25.23634033,0,0,9.2689655172,0,0,0,0,0,2.5,NA,57.2742170238518,-0.27257829761482,141,3.23920265780731,7.40404552641234,0.0560529670458187,0.912070432443097,15.6157460980939,1.04601312783026,0.897432330170873,2.17693630848763,1.32792029744121,16.1248790630607,8.3434182188059,7.50929624009667
"34","shhs1",205172,"C000541",3360,0,0,10.6803559206023,"death",70,1,0,1,0,1,29.402920245,1,1,2.3936170213,0,0,0,0,0,2.75,NA,75.842174888246,0.584217488824601,101,1.84615384615385,4.63836588909198,0.085555010007682,0.979066115584885,11.0185087800641,1.03957164623872,0.891828403885661,1.28715893960568,0.830258935622833,10.4387735916227,4.38943079202151,3.02879110314024
"35","shhs1",205657,"C011237",3071,0,0,21.4647501711157,"censor",63,1,0,1,0,0,28.235294118,0,0,22.147651007,0,0,0,0,0,1.75,28,60.8646618354385,-0.21353381645615,214.5,3.36784741144414,8.18720337351307,0.0449890060968473,1.07656313409753,12.2462820231955,1.13600032917687,1.00527236612926,1.5605740253829,0.645778752122559,14.432665369377,7.16997663229272,8.00589281261675
"36","shhs1",205557,"C009898",3204,0,0,21.4866529774127,"death",66,1,0,1,0,0,34.792045708,0,1,29.203539823,0,0,0,0,0,1.75,29,68.1694637741343,0.21694637741343,212.5,1.67660208643815,5.88039597337734,NA,NA,11.3762201677622,NA,NA,1.0336891616326,NA,9.02316525733204,6.1886625645192,NA
"38","shhs1",205184,"C001061",3341,0,1,20.0246406570842,"dementia",65,1,0,1,0,0,32.110726644,0,0,7.3781902552,0,0,0,0,0,2.5,25,53.5103924975089,-1.14896075024911,312,3.30637254901961,5.83775022145943,0.0439106394149053,1.52278302042188,21.3726903153681,1.60084307721766,1.38634257492407,4.55656379684109,1.83890067731939,14.9043959317228,8.67201874142361,7.72901570452057
"39","shhs1",203615,"C015617",2824,0,0,22.3162217659138,"death",59,1,0,1,0,0,36.384725741,0,0,16.216216216,0,0,0,0,1,3.75,30,59.4878092039559,0.0487809203955898,191.5,2.18329938900204,6.35828714877784,0.0553240729342416,0.730716357575688,19.4253641985361,0.772348337161868,0.683318472284707,4.07010355071931,1.03238189428498,17.904831928135,7.76586880384713,3.69091662303535
"40","shhs1",205069,"C005873",3382,0,0,22.5544147843942,"censor",61,0,0,1,0,1,35.017301038,0,0,2.4068767908,0,0,0,0,0,1,30,77.9556474521622,1.69556474521622,93.5,1.34437086092715,3.96346767332122,0.135701546770437,0.558126940732993,10.6196106930048,0.622843501573791,0.528802267751714,1.15519317540609,0.496698212974876,9.94030446269619,3.83132698619586,1.94318545673518
"41","shhs1",205421,"C001935",3252,0,0,22.4476386036961,"censor",66,0,0,1,0,1,23.986678005,0,1,0.2222222222,0,0,0,1,0,2,26,68.5527444125816,0.25527444125816,160.5,2.98233215547703,6.43389796206583,0.0419462995604496,0.917042999662418,15.7547615196252,0.94978020507817,0.87551813202447,1.97794753572181,0.422492676607396,19.7833321987234,5.29565416453017,4.39279593506956
"42","shhs1",203651,"C006719",2771,0,0,21.6290212183436,"death",57,1,0,1,0,0,24.639978861,0,0,1.0566037736,0,0,NA,0,1,4.5,29,55.8453603337972,-0.11546396662028,244,3.55082742316785,5.93324764557596,0.0781501601639691,1.39863740065575,15.8982837201601,1.53410951142612,1.26218549561764,3.09500687585093,1.39527434283179,17.2991234638298,8.18294054325193,6.71822046706639
"43","shhs1",205161,"C013313",3425,0,0,22.5544147843943,"censor",55,1,0,1,0,0,28.528934559,0,1,2.6405867971,0,0,0,0,0,2.75,NA,57.2549514574839,0.22549514574839,137,2.96785714285714,7.43665638882088,0.058475197821921,1.31366535650951,14.5457186482667,1.52114746803479,1.25468657986173,1.88674350837374,1.59376305728086,21.5438154807014,6.15140321083847,3.43049515678425
"44","shhs1",203179,"C001611",2980,0,0,13.3607118412047,"death",55,1,0,1,0,1,30.034602076,0,0,4.0243902439,0,0,0,0,0,1.5,NA,53.5347301273818,-0.14652698726182,161,2.38532110091743,8.69790891126306,0.0907234888151233,1.04786112384656,7.10899656923887,1.11349913763055,0.936497399345701,4.93225862018781,1.2375091519278,17.8592220338309,7.57991973155806,7.36415153116616
"45","shhs1",205135,"C002116",3289,0,0,3.76728268309377,"death",66,0,0,1,0,0,22.206330686,0,1,4.5951859956,0,0,0,0,0,2.75,NA,75.5302101832441,0.953021018324409,43,1.08982035928144,4.31201076554398,0.0443127704139932,0.891110638883786,14.1109261004717,0.913063123424794,0.831472405136334,1.9956984798858,0.247683492109815,11.0531092201963,3.02678447405191,2.76207931821649
"46","shhs1",203691,"C012477",2791,0,0,22.3846680355921,"censor",53,0,0,1,0,1,20.652339582,0,0,0.3026481715,0,0,0,0,0,1.75,30,42.9032419403705,-1.00967580596295,85,2.74074074074074,12.1891287471271,0.0376781707635241,0.891355398786227,19.7392137442011,0.966290577656937,0.81041973259737,4.26972544470131,1.99762260007436,18.8963581336837,9.62876286814289,6.34951205034889
"47","shhs1",203767,"C013541",3113,0,0,21.8370978781656,"censor",54,0,0,1,0,1,26.938212504,0,0,3.436123348,0,0,NA,1,0,2.75,30,51.8762072902578,-0.21237927097422,287.5,3.39318181818182,5.13952927974125,0.0744134125620522,1.19272242708303,18.6862831577082,1.41345771286285,1.16739240843195,3.62882955191437,1.97972419932966,16.5043083176596,8.98130726930936,8.05093113267287
"48","shhs1",203228,"C005576",2981,0,0,22.8665297741273,"censor",55,1,0,1,0,0,34.155102041,0,0,9.53125,0,0,0,0,0,3.5,27,57.8555936862449,0.28555936862449,212,2.5859375,5.96232800298462,0.0528058566436022,1.40262679644864,13.6532513619694,1.46870932392301,1.21019126563761,2.35663072552926,0.805759152521113,13.4898660817764,6.84694594692533,6.27667788322962
"49","shhs1",203423,"C001814",2903,0,0,22.2724161533196,"censor",53,0,0,1,0,0,23.951226593,0,1,3.2340425532,0,0,0,1,0,4.25,30,59.0630158234566,0.60630158234566,220.5,2.68028846153846,5.0784741583545,0.0574980600393233,0.738783420007028,15.2734188320979,0.920130642492246,0.782291590036743,3.19058368384371,1.1986309344222,18.5896134689656,7.74149858871523,6.54886938833344
"50","shhs1",204976,"C007895",3475,0,0,23.0773442847365,"censor",55,0,0,1,0,1,36.109717989,0,0,7.5971223022,0,0,0,0,0,1.5,29,45.6702925713184,-0.93297074286816,231.5,3.15184381778742,8.06657623621893,0.0301134200892092,1.51189656475138,23.4543904193431,1.60300290651186,1.40437459160643,6.3025971480836,1.66116261229046,24.1932041904005,9.58564953769061,6.46571837232729
"51","shhs1",203632,"C009640",2776,0,0,21.4127310061602,"censor",54,1,0,1,0,0,27.232822718,0,0,8.1592039801,0,0,0,0,1,1.25,30,53.1418132841182,-0.08581867158818,220,2.48661800486618,7.22078330958478,0.0330883549279463,1.26460831584815,10.8724319296432,1.36157884268349,1.15818424905859,2.13666532367761,0.741069055800364,19.2760755399886,10.4847568094433,6.38740634034107
"52","shhs1",205298,"C005130",3506,0,1,8.70910335386722,"dementia",69,1,0,1,0,0,35.784717989,0,0,13.271889401,0,0,NA,0,0,3,NA,75.8722869536304,0.687228695363039,99.5,2.62790697674419,6.38874517299379,0.0851661571385729,0.873873683652002,8.25906251638568,0.909518325234151,0.786881987203861,1.11852233241323,0.649234055734326,10.5869494484364,3.56979153774841,3.13771234851934
"53","shhs1",203749,"C005954",3102,0,0,19.2087611225188,"death",71,1,0,1,0,0,30.387181206,0,1,6.2745098039,0,1,NA,0,0,2.25,24,69.4028980015345,-0.15971019984655,93,4.19230769230769,4.63744247670249,0.0589597839408426,1.88656974529715,9.99870860646829,1.96599178438535,1.67181372701531,1.5751680233018,0.527318205584047,15.8645137435386,6.2022047823611,6.02863661761926
"54","shhs1",203280,"C002357",2905,0,0,23.6386036960986,"censor",54,0,0,1,0,0,44.713718821,0,0,22.924528302,0,0,0,0,0,1.25,29,52.8364204444115,-0.11635795555885,284.5,3.02331606217617,6.27026097934609,0.0445639252044584,1.24950072054826,14.7329719215171,1.31889778233863,1.13992019849655,2.37047648813213,0.90263783719856,13.0475146134557,8.86500210367384,5.69527917587554
"55","shhs1",205231,"C005021",3395,0,0,5.37713894592745,"death",57,1,0,1,0,0,31.120686707,0,1,14.134969325,1,1,0,0,1,4,NA,53.088109143509,-0.3911890856491,164,2.39943342776204,5.27586393491927,0.0509165389618361,1.6139289639963,21.0565112105215,1.7007249471629,1.46279609208754,4.11098186541341,1.46648600127857,11.7244515961835,7.43748950795838,6.40815828969402
"56","shhs1",203831,"C002890",3003,0,0,0.908966461327857,"death",65,1,0,1,0,1,25.397923875,0,1,1.7483443709,0,0,0,0,0,1.5,NA,65.522165373106,0.0522165373106006,193,2.75179856115108,5.41152488790511,0.0814079461972569,1.07654254261439,16.3081335842076,1.16697133206864,0.988066876246549,2.83944178597111,1.23923397804431,12.0925734485588,5.72840337507862,3.90301502681054
"57","shhs1",205489,"C011985",3199,0,0,20.8432580424367,"censor",55,1,0,1,0,0,34.682080925,0,0,34.307116105,0,0,0,0,0,3.5,29,63.4897826162018,0.84897826162018,196.5,2.30214424951267,4.77052408755216,0.0416274591549668,1.51517109795248,9.36479661874551,1.59583627805747,1.38636669961671,1.19576215169654,0.29388209416806,11.8028468429507,5.2328147175564,1.62331169322779
"58","shhs1",203129,"C003303",2976,0,1,18.3490759753593,"dementia",62,0,0,1,0,1,33.154432133,0,0,6.9985775249,0,0,0,0,0,2.25,27,68.8826480761973,0.68826480761973,246.5,2.95360824742268,5.26557407182928,0.124175811120496,0.924544199197522,13.0707589745743,0.979963691517118,0.839719602428487,2.16309028902834,0.939975625029344,13.425849323725,5.7960244538524,3.83197882713646
"59","shhs1",203077,"C010581",3701,0,0,1.87816563997262,"death",71,1,0,1,0,1,34.748905744,0,1,115.8110883,0,0,0,0,0,1.5,NA,61.0578131565283,-0.99421868434717,82.5,0.771794871794872,7.23713254381229,0.0238528948278763,NA,25.9197350959409,NA,NA,3.16838970372137,NA,14.1110508105382,6.13279638225897,NA
"60","shhs1",205608,"C013484",3150,0,0,14.8090349075975,"death",70,0,0,1,0,0,36.269219847,0,1,33.013910355,0,0,0,0,0,2,NA,74.0309658924036,0.40309658924036,84.5,1.62975778546713,5.70770784377415,0.0817728574087699,0.849174824437575,13.06348615065,0.994555216455451,0.845336314886582,2.35317884881009,0.424278380991276,17.1866679766352,6.24531084201327,4.3345124517356
"61","shhs1",203358,"C012773",2836,0,0,22.9541409993155,"censor",55,0,0,1,0,1,25.153350565,0,0,0.4730617608,0,0,0,0,1,3.5,28,59.7644390608266,0.47644390608266,189,2.30904522613065,5.01793305587642,0.0396151089065758,0.834718512817622,17.1591997314388,0.944682448017574,0.815851326674034,1.72567715812729,1.08780391905457,16.9655876439909,6.87272678682627,5.5935714206234
"62","shhs1",205509,"C013899",3293,0,1,20.829568788501,"dementia",70,0,0,1,0,0,31.842094854,0,0,0.2150537634,0,0,0,0,0,2.75,27,77.1374384190294,0.713743841902939,48,2.23008849557522,4.08769974409097,0.0670009603237269,0.639283424755191,13.6628045606104,0.665520572553387,0.595244111368787,1.40843323491484,0.884007614548872,12.223833794536,3.74371477587152,3.37127144012023
"63","shhs1",205576,"C001216",3161,0,0,6.71594798083505,"death",71,1,0,1,0,0,25.854108957,0,1,0,1,0,1,1,0,2.75,NA,80.6041315747645,0.960413157476449,56.5,0.851744186046512,5.25505826527482,0.0836003371430256,0.771493748354844,9.42249913280689,0.822726984032111,0.686278062670164,0.639814054340475,0.491072318739766,5.84558711989656,2.36629725024341,2.63513181446415
"64","shhs1",205711,"C005487",2996,0,1,19.4770704996578,"dementia",71,1,0,1,0,0,28.096885813,0,0,9.2703862661,0,0,0,0,0,2.25,28,70.9490195863535,-0.00509804136464993,172,1.73062015503876,6.62143620330834,0.0710764812250739,1.29153423546025,12.1922061507456,1.35017847426202,1.17197011280907,1.8394883545612,0.74937889324792,9.57725004670931,4.66895236992636,5.05143465002521
"65","shhs1",203177,"C015174",3009,0,0,23.1731690622861,"death",54,0,0,1,0,0,23.142559834,0,1,0,0,0,0,0,1,2.5,24,55.1151720611543,0.11151720611543,179,2.64309764309764,6.42873152575481,0.0525881237379981,0.998197996456855,17.9424269942627,1.14003010837511,0.957244023995532,4.10269533939416,2.01825268972893,14.4689828380848,6.03882960660564,4.80487999052203
"66","shhs1",204980,"C015495",3507,0,0,22.5544147843943,"censor",56,0,0,1,0,0,20.716793334,0,0,0.3283173735,0,0,0,0,0,2.5,30,43.932377844817,-1.2067622155183,188,2.39220779220779,11.4395380198785,0.0578868905653679,1.31425677132375,13.8422978024387,1.5099540656152,1.20934386548742,3.33929227522941,1.23435086332954,16.0500238269798,12.2654796090459,6.43325753377805
"67","shhs1",205039,"C012431",3392,0,0,23.2553045859001,"death",62,0,0,1,0,0,23.4375,0,0,17.090352221,0,0,0,0,0,2.75,25.2,62.3851500117385,0.0385150011738503,218.5,3.30882352941176,7.67698615550418,0.0733101984995105,0.656649520611139,16.6963955069324,0.733489128728391,0.637796300166931,2.05059560868399,1.23656499400752,15.093276506967,5.89676470945168,4.16624787134329
"68","shhs1",205459,"C003819",3249,0,0,22.0588637919233,"censor",61,0,0,1,0,0,24.007860225,0,0,4.0324449594,0,0,0,0,0,3,30,56.3103855583198,-0.46896144416802,201,2.13625866050808,7.4661666492736,0.0577008257139306,1.48680799738072,17.6249905044028,1.55925268525372,1.29431696234375,3.45546979299136,1.12656133394184,10.8164626909885,6.87663675211493,6.96095621606735
"69","shhs1",205710,"C001372",3058,0,0,9.29226557152635,"death",70,0,0,1,0,0,24.557752341,0,0,1.1380400421,0,0,0,0,0,3.25,NA,70.1240683845534,0.0124068384553397,271,3.48351648351648,6.12661380466905,0.0461500974628899,1.14963586044283,10.1426535494354,1.22638392236502,1.03919090635851,1.47314505934063,0.628662596929017,20.4142894647377,6.30235412603217,6.44199786250559
"70","shhs1",203254,"C015022",2935,0,0,23.1321013004791,"censor",53,0,0,1,0,0,29.169332681,0,0,0.4455445545,0,0,0,0,0,2.5,28,55.3506864631771,0.23506864631771,288,3.4475,7.02478399154036,0.0714360772691834,1.01871162732352,13.3009011524561,1.10517336459306,0.933797966447563,2.10154970467944,1.08747508908785,15.6729446554093,8.01261292379933,5.77347374344169
"71","shhs1",205206,"C014469",3580,0,0,15.4880219028063,"death",64,1,0,1,0,0,32.065306122,0,1,7.8076379066,0,0,0,1,0,3,27,69.572861179684,0.5572861179684,168.5,2.14719626168224,4.15541589699207,0.0548754845693586,1.5037084521448,8.29021429147315,1.57867188422605,1.34117239177282,1.08634846984261,0.318982854016947,11.5325704634714,5.86126328611945,4.24898879099242
"72","shhs1",205466,"C015067",3209,0,0,2.49418206707734,"death",71,1,0,1,0,1,28.669387755,1,0,7.3469387755,1,0,0,0,0,2.25,NA,67.220659029332,-0.3779340970668,100.5,2.44148936170213,7.44767096660088,0.0517723412965823,1.08555782388023,15.342699481361,1.17145745104525,1.0218970012949,3.48689482949767,0.708855880010065,25.9310412777443,8.26016226652975,6.47568630661503
"73","shhs1",205120,"C002118",3340,0,0,22.9541409993155,"death",70,1,0,1,0,0,18.558262846,0,0,1.0084033613,0,0,0,0,0,3.5,29,69.4298095079237,-0.0570190492076307,276,2.95038167938931,5.58998505667318,0.0418412868289891,1.00689866007978,11.3387515484866,1.08053401426228,0.912239489990504,1.46649366920374,0.994723134502011,15.395723390763,5.91150465814339,5.34139302937753
"74","shhs1",205347,"C010939",3313,0,1,15.8165639972621,"dementia",64,1,0,1,0,0,27.440599174,1,1,2.4489795918,0,0,0,0,0,1.75,21,68.5901573376914,0.459015733769139,113.5,1.78571428571429,5.47145530338616,0.0999611374474093,1.27556421351622,16.3820868803776,1.33134156090763,1.17923207301127,1.466355624904,0.695253403213962,9.93593801650826,4.67744217411969,4.47774782434429
"75","shhs1",203354,"C000998",2928,0,0,22.3655030800821,"censor",56,0,0,1,0,0,24.999011115,0,0,5.5155279503,0,0,0,0,0,3,30,50.5367162431975,-0.54632837568025,215.5,2.33415841584158,7.5241672384046,0.0504520113281749,1.06612696679529,12.7871479914722,1.17146003014927,0.960072222777865,3.88091518690559,2.02879900008263,15.2753617524983,10.7505294163212,8.79396824067904
"76","shhs1",203788,"C013448",2821,0,0,22.2395619438741,"censor",62,1,0,1,0,1,31.955922865,0,0,17.250945776,0,0,0,0,0,1.5,29,61.9906071462655,-0.00093928537344965,141.5,1.54310344827586,5.50675024195919,0.0526934990338215,1.3862623215353,16.7659203925625,1.47831837946023,1.26416783320623,3.57784290085929,1.17072794199001,21.0953819848019,7.76244729289923,7.2484330973997
"77","shhs1",202918,"C010055",3768,0,0,16.9253935660507,"death",58,1,0,1,0,0,25.943693978,0,0,0.5286343612,0,0,NA,0,0,3.75,26,60.0845135592121,0.20845135592121,252,4.30945558739255,9.09337465783458,0.0712245111788471,0.998965935012914,12.8944596640318,1.08197800357037,0.902388612812058,2.24604827471001,0.990705319074231,23.8289211271835,6.23529546450681,5.96148219002265
"78","shhs1",203053,"C003474",3812,0,0,20.703627652293,"death",60,0,0,1,0,0,44.453125,0,1,5.3333333333,0,0,0,0,0,2.75,28,68.814555170715,0.8814555170715,95,1.13157894736842,7.01895982326174,0.0379015765643877,0.634457752289012,10.1725250903973,0.661986118486625,0.570103042780404,0.485876621985716,0.219820685226206,4.75418795332355,3.57906776189812,2.91957974150133
"79","shhs1",205050,"C004253",3421,0,0,18.9130732375086,"death",71,0,0,1,0,1,28.182629387,1,1,0.5397301349,0,0,0,0,1,1.75,27,72.656205032396,0.1656205032396,127,1.68876080691643,4.61743207265837,0.0887394215658498,0.747579790218398,12.5955179189094,0.79826153960538,0.708407382505101,1.68428640405617,0.929174755320994,13.9369200719012,7.98934434145103,7.44730571748956
"80","shhs1",202959,"C008862",3885,0,0,19.6303901437372,"death",61,0,0,1,0,0,42.30494185,0,0,6.0385438972,0,0,NA,0,0,2.5,30,57.6953774545824,-0.33046225454176,223,4.06907894736842,7.35172755244313,0.0283787698085338,1.08748880096777,20.0589942042372,1.17897851481863,0.987141938240848,3.56374425012005,1.36264677607432,23.7145152712706,6.04188855310634,4.29406692660055
"81","shhs1",203375,"C005668",2862,0,1,15.3456536618754,"dementia",60,0,0,1,0,1,30.844415959,0,0,3.4200743494,0,0,NA,1,0,3.5,16,72.4963771233152,1.24963771233152,171.5,3.77622377622378,3.246010297835,0.100838607940671,0.642844361355615,16.3892605541586,0.704206703066956,0.617791999002365,1.12109324422162,0.760897002470863,18.1840848400827,4.1324753484322,3.29475493593481
"82","shhs1",203320,"C004798",2928,0,0,21.7357973990418,"censor",59,1,0,1,0,1,18.321682786,0,0,14.240506329,0,0,0,0,0,3.75,NA,64.6643188707708,0.56643188707708,138,3.34078212290503,15.9945771162653,0.127783239790471,0.828562620954968,14.3917169985799,0.883654088201196,0.781234265378713,2.23581322472948,0.890107987988164,24.5387617741972,8.07613700819755,4.94758881155271
"83","shhs1",205618,"C005590",3185,0,0,21.160848733744,"censor",54,0,0,1,0,0,32.942512881,0,0,6.301369863,0,0,0,0,0,1.75,28,56.0590565483161,0.20590565483161,214,2.75076923076923,8.22692924050496,0.0323350524145256,1.13789532910507,12.9682039683191,1.19995266956626,1.02346411815531,2.55503520813189,1.16917378799629,17.4733625521302,6.20784866299267,5.33855724411205
"84","shhs1",205062,"C000347",3436,0,0,11.2525667351129,"death",71,0,0,1,0,0,34.729638859,0,1,4.3448275862,NA,0,0,0,0,1.25,NA,74.702331036914,0.3702331036914,186.5,2.69366197183099,4.4899711347016,0.0606156349989291,0.895207449616258,9.74360394863745,1.01002537042706,0.847376756377475,1.16119213545956,0.57017761579914,15.1593374401726,5.8652155482225,3.22706864376833
"85","shhs1",205297,"C009257",3328,0,0,13.3251197809719,"death",60,0,0,1,0,0,37.253597563,0,1,3.2839224629,1,0,0,0,0,2.5,NA,64.772233723862,0.4772233723862,192,3.27272727272727,6.1084062249176,0.0431200046119282,0.970695861826197,12.2289707483178,1.00190868273487,0.867920074980116,1.56784361319919,0.432676344833862,16.7751641260767,6.00516677979022,3.80007041157284
"86","shhs1",203270,"C003983",2924,0,0,22.321697467488,"censor",61,1,0,1,0,1,27.823724008,0,0,24.705882353,0,0,0,0,0,3.75,29,55.1837782820528,-0.58162217179472,189.5,2.1019955654102,7.27274481849323,0.0588223736629011,1.5181768600686,20.4315853257003,1.64496836272306,1.29159326723471,3.09425362724403,1.46699560526994,15.2002088024858,6.85765078873349,4.1485938371664
"87","shhs1",205745,"C007162",2980,0,0,18.5653661875428,"death",57,1,0,1,0,0,29.983587931,0,0,18.113207547,1,0,0,0,0,2.5,29,59.8119699296842,0.28119699296842,243,3.17619047619048,5.52819155137697,0.0616034635036201,0.887454141299409,17.7060273023427,0.955380239744348,0.819811050242582,2.11183324575171,1.35374497601169,15.0880126167738,6.14296289145846,4.961722086346
"88","shhs1",205380,"C003184",3252,0,0,22.4476386036961,"death",67,1,0,1,0,1,25.091528847,0,1,1.3399503722,1,0,0,0,0,4.5,25,72.4392743270689,0.54392743270689,194.5,2.74155069582505,5.63138016313838,0.0458935318922465,1.2608733589567,10.5500568666852,1.36303058635077,1.2095448159044,1.18551326554894,0.415422109305299,20.4994302270975,4.56014545280185,4.32931364823123
"89","shhs1",203260,"C001542",3382,0,0,21.3853524982888,"censor",55,1,0,1,0,1,27.322927639,0,0,0.1941747573,0,0,0,0,0,2.5,29,63.1031906157106,0.81031906157106,167,3.71666666666667,5.92426161939963,0.0463332323736866,1.24121845296929,11.1885862391713,1.3118179131077,1.13533163763983,1.7497860308229,0.548869717893101,26.6209171602948,6.63111186993198,6.24885060835858
"90","shhs1",205131,"C004320",3639,0,0,21.2320328542094,"censor",58,1,0,1,0,1,27.514443487,0,0,18.49117175,1,0,0,0,0,1.75,29,65.4522340437882,0.74522340437882,143.5,2.11078717201166,5.2846258808668,0.0703843187473437,1.35947723320118,14.9032789021195,1.45493218562398,1.28026705484588,2.0731785463831,0.582842459375679,12.495666692842,4.34450316116478,5.11336715540476
"91","shhs1",203418,"C014727",3023,0,0,12.0793976728268,"death",63,0,0,1,0,0,30.991435622,0,0,0.9290322581,0,0,0,0,0,2.5,NA,55.3260985718224,-0.76739014281776,195.5,2.64102564102564,7.58823922496316,0.0245429667588538,1.5989199610006,17.6627339855084,1.76474137524089,1.33216514784576,4.19661928325629,1.1884424124193,22.4552085508811,7.89535356454296,3.80595409382602
"92","shhs1",205082,"C000328",3585,0,0,22.5270362765229,"censor",70,1,0,1,0,0,21.498107085,0,0,2.3285899094,0,0,0,0,1,2,28,64.481877817206,-0.5518122182794,471,3.4270462633452,6.17247600947236,0.0805933488007163,1.11386711149538,12.6746606780164,1.27255894764922,1.05570499339742,2.19015174822937,1.67986347505301,13.271787797126,6.91913284664717,4.39908402381313
"93","shhs1",205794,"C009557",2969,0,0,20.290212183436,"death",65,0,0,1,0,1,22.313278429,0,0,0.7250755287,0,0,0,1,0,4.25,30,69.7311301678459,0.47311301678459,37,0.857142857142857,7.13530406868625,0.0441981188475927,0.590883513511494,10.5159734532828,0.622236157841363,0.547114465516396,1.84567196813616,1.33500933104872,7.91968559526258,4.24856714350324,5.02065524756538
"94","shhs1",203613,"C001361",2785,0,0,22.6255989048597,"censor",54,1,0,1,0,1,23.856460289,0,0,2.1221864952,0,0,0,0,0,2.25,27,61.8196246614609,0.78196246614609,159.5,2.11811023622047,5.93268520123111,0.0777036117461544,1.03890905233107,15.5874944359175,1.19818195423538,1.02991287542821,3.51455593529649,0.996890386619458,17.7358397020701,5.86922029470645,5.45725758251745
"95","shhs1",203021,"C014862",3744,0,0,8.27926078028748,"death",75,1,0,1,0,0,22.08161157,0,0,4.2492917847,0,0,0,0,0,3.75,NA,71.0935541438382,-0.39064458561618,95.5,1.44743935309973,4.69675479837603,0.0586390314992622,0.844838584863641,13.7854867494685,0.891771458771281,0.775149708050358,2.46911040135847,2.40367743220147,11.0253224594665,6.3164272937524,7.71589872409395
"96","shhs1",203115,"C001430",3063,0,0,15.709787816564,"death",65,0,0,1,0,0,24.156549421,0,0,1.8803418803,0,0,0,0,0,3.25,NA,69.6428198042679,0.46428198042679,385,2.42917847025496,5.58150354459325,NA,NA,11.5360862612686,NA,NA,1.8492836277781,NA,15.2403355841117,5.80604460515035,NA
"97","shhs1",205021,"C003561",3216,0,0,22.0150581793292,"censor",64,1,0,1,0,1,28.827160494,0,0,17.24340176,0,0,0,0,0,1.5,29,72.7886086360919,0.878860863609189,108.5,1.57640750670241,4.45145907063349,0.0912769623836603,0.828929697944532,10.7840468691178,0.911487653317704,0.786318703475077,1.55914649225127,0.998231417474328,14.0583255926303,5.67654112787068,3.77616323402101
"98","shhs1",203232,"C010801",2988,0,0,6.97878165639973,"death",65,1,0,1,0,1,28.237240076,0,0,5.5967078189,0,0,NA,0,0,3.5,NA,68.4735317674056,0.34735317674056,269,3.21610169491525,4.7910841884401,0.0713319163148395,1.23766166689604,11.8676517803319,1.34664987809017,1.10978128944539,1.60963707776747,0.66200585199281,14.7917956303903,5.58112795513758,2.99631883681545
"99","shhs1",203094,"C000820",3745,0,0,21.3305954825462,"censor",57,0,0,1,0,1,29.972451791,0,0,1.1781206171,0,0,NA,0,0,2.75,28,48.5161958727912,-0.84838041272088,273,2.56951871657754,5.56683645924494,0.0383343295673293,1.60398104919736,17.6885220731289,1.75156938904656,1.43748615232689,3.79060563523973,1.67551906361692,19.0354381968186,11.4795564157322,8.4466378492976
"100","shhs1",205158,"C011129",3361,0,0,11.5783709787817,"death",64,0,0,1,0,0,32.707290451,1,1,4.0579710145,0,0,0,0,0,3.5,NA,72.9464045579514,0.89464045579514,115.5,2.76706827309237,5.43135315233169,0.1099765121234,0.632897753551697,13.0090552936128,0.703943809016508,0.607364931431314,1.30533943809904,1.18443424711601,27.8685800042538,3.55104005538062,3.69386058308861
"101","shhs1",203667,"C004370",3177,0,0,21.0403832991102,"censor",62,1,0,1,0,0,26.346349252,0,0,1.488372093,0,0,0,0,1,3,30,60.7183695176679,-0.12816304823321,163.5,2.07449856733524,9.15115077469643,0.0546333991868613,0.932618766243953,16.3689124986498,0.978129453603222,0.868001382141093,2.90023346117504,0.277679675125331,19.9318972035168,7.94041862173234,7.83961387755279
"102","shhs1",203959,"C002382",2755,0,0,21.2977412731006,"censor",56,0,0,1,0,0,24.836406901,0,0,1.1491108071,0,0,NA,0,0,3.5,29,54.5182475140854,-0.14817524859146,136.5,2.82178217821782,8.12869627643578,0.0629146445720562,1.21991406360481,12.7675275139949,1.25762019597605,1.11562718315453,1.72024044609709,1.05494235316608,16.8531221880515,9.47738371915315,8.89039372339768
"103","shhs1",203573,"C012611",2898,0,0,21.7768651608487,"censor",63,0,0,1,0,1,30.873066257,0,0,0.9399477807,0,0,0,0,0,2.75,30,56.1159130633533,-0.68840869366467,277,2.40046296296296,8.25327862871122,0.0470437317220347,1.41278030151516,15.0081963454111,1.48096963723425,1.25174147005142,2.93232875015625,1.3872847914274,13.8156610381244,7.55807786387255,6.06236962908113
"104","shhs1",203619,"C007237",2770,0,0,10.6858316221766,"death",56,1,0,1,0,0,25.039918711,0,0,15.272727273,0,0,0,0,0,2.5,NA,59.8746698146989,0.38746698146989,211.5,3.1631419939577,5.88842148546401,0.0945635049939296,1.1731900058512,15.3725830790403,1.27361944195972,1.11630974744026,3.06459394928947,1.33523358547616,15.6664561555961,6.68333070529369,5.2550139258585
"105","shhs1",205220,"C004103",3299,0,1,16.5557837097878,"dementia",64,0,0,1,0,0,23.98751633,0,0,1.4523449319,0,0,0,0,0,2.25,3.75,67.6031702185682,0.360317021856819,189,2.61694915254237,7.65561229900472,0.0523449371243109,0.886969619300595,13.9164287565278,0.927696863493517,0.800522484566866,1.94807797888051,0.796885777484953,16.4343385709234,3.99525592625184,3.32981137113469
"106","shhs1",205187,"C009103",3320,0,1,20.6570841889117,"dementia",69,0,0,1,0,1,28.598552272,0,1,11.795543906,0,0,0,0,0,3.25,24,70.2275839460845,0.122758394608449,86.5,1.32440476190476,5.11533924273249,0.064934159471308,1.06673445506975,13.5325083356136,1.13809269499187,0.976199429651565,2.64901573411194,0.928064310504975,11.9750186718732,6.25846607479328,4.52119691118247
"107","shhs1",203476,"C010206",2883,0,0,22.6146475017112,"censor",58,1,0,1,0,1,23.271604938,0,0,0.914866582,0,0,0,0,0,4.25,30,53.3334710751235,-0.46665289248765,374,4.280353200883,9.48719469275985,0.0617744438871149,1.02562557595424,14.4030412848744,1.0662077894166,0.950971497130948,2.5760269814901,1.47939079989246,21.4466145775762,8.49138091489169,8.80302868803131
"108","shhs1",203621,"C001395",2885,0,0,14.7077344284736,"death",63,0,0,1,0,0,22.281606383,0,0,2.29390681,0,0,0,0,0,3,NA,71.2107869795811,0.82107869795811,143,1.88031914893617,4.75134198710754,0.122406033468231,0.977269684386554,12.745712262021,1.08087285064258,0.944666278192956,1.72512168555026,0.625640711092869,15.5822019039785,6.75064118732074,5.16901241614873
"109","shhs1",205374,"C004531",3270,0,0,22.0561259411362,"censor",57,1,0,1,0,0,36.611538947,1,1,10.273972603,0,0,0,0,0,3,28,55.9922415766529,-0.10077584233471,283.5,1.89543726235741,7.0134591729521,0.0712719994943135,0.955141701670124,15.8433513214044,1.09699838671048,0.882894535492004,3.26441550885902,2.2823691276926,14.0154895369895,7.0769908807869,5.11509650906136
"110","shhs1",205668,"C011087",3110,0,0,12.3832991101985,"death",68,0,0,1,0,0,32.734375,0,1,6.7276887872,1,0,0,0,0,2.75,NA,73.6678796361696,0.56678796361696,156.5,1.38603696098563,5.55609857706347,0.0459073683933681,1.01905790174069,13.2938951476496,1.07471696426991,0.90045909749692,1.61225597796098,0.692012087092786,20.340246217927,4.33411010542858,3.86852124702777
"111","shhs1",203656,"C006633",2730,0,0,21.5605749486653,"censor",60,0,0,1,0,1,23.142559834,0,0,2.4383164006,0,0,0,0,0,2.5,30,46.0649135669454,-1.39350864330546,138.5,1.625,9.7957126817112,0.042956154174414,2.28104953899601,18.5290555044809,2.90258167163856,2.18007446273705,5.73246050540616,2.10620352528003,19.9369947073926,7.89010259073885,4.65567789845704
"112","shhs1",203528,"C011074",2864,0,0,23.1841204654346,"censor",61,1,0,1,0,0,28.027681661,0,0,8.1167108753,0,0,0,0,0,3.25,29,54.1888827921263,-0.68111172078737,296,2.61496350364964,9.1728282677432,0.0731045841321556,0.950255705128244,15.5966613585291,1.15404850057635,0.9366526761453,2.65308628410345,1.61172360542016,13.4224673480401,8.59541897277401,7.06485936720427
"113","shhs1",203010,"C001745",2917,0,1,12.3887748117728,"dementia",70,0,0,1,0,1,34.105851414,0,0,14.222222222,0,1,1,0,0,1,NA,77.6108488114656,0.76108488114656,138.5,2.32344213649852,4.97510274818794,0.0772685798584687,0.747293346634014,14.7140029125408,0.794215854280058,0.679855997919103,2.08429389892622,0.943986343228143,19.5592689341587,3.23174105619503,3.92235004000378
"114","shhs1",203466,"C014569",2862,0,0,21.2128678986995,"death",58,1,0,1,0,1,31.336795073,0,1,6.4808362369,0,0,0,0,0,2,29,69.2295830882496,1.12295830882496,167.5,1.03756708407871,3.7488407019252,NA,0.541939693922901,13.2029255505845,0.579634657255056,0.517763277508762,1.30550063983532,1.3055688404653,10.1927323675133,5.43914453437969,1.81826146371278
"115","shhs1",202997,"C012662",3749,0,0,21.886379192334,"censor",56,1,0,1,0,1,26.062819576,0,0,5.8461538462,0,0,0,0,0,4.5,29,55.3610945653612,-0.0638905434638801,414.5,3.0329489291598,8.53976562897095,0.042802216980559,1.03574740837744,16.5408411964123,1.20588174898406,1.03561768292329,4.35710664854534,1.28999547481815,23.0846628093429,6.49152128198329,3.32987230680968
"116","shhs1",205065,"C000914",3599,0,0,11.8658453114305,"death",57,1,0,1,0,1,40.824415379,0,1,19.004524887,0,0,0,0,0,2.5,NA,55.6847855769639,-0.13152144230361,200.5,2.61021505376344,6.87424067856726,0.0915212218643753,1.03628231663977,18.4112396103755,1.11879348291074,0.958631251142094,3.4764178324991,1.80501902743888,16.0548535140955,8.14739434775246,5.97574853827768
"117","shhs1",205170,"C004873",3403,0,0,21.223819301848,"censor",62,0,0,1,0,1,30.521262003,0,0,8.8833124216,0,0,0,0,0,2.25,30,67.0857347366892,0.50857347366892,101,1.48299319727891,4.43825748884576,0.0435844931011351,0.700002648149365,23.8074705495298,0.727558740787777,0.663234211069898,1.80641125912601,0.820098987594334,14.7457482902997,4.19627180525126,4.72123976244961
"118","shhs1",203872,"C012704",2806,0,1,14.1902806297057,"dementia",67,0,0,1,0,1,23.654127606,0,1,0.1775147929,0,0,NA,0,1,2.75,NA,67.8861923423003,0.0886192342300305,212.5,2.35040431266846,5.08875314093299,0.0896285409160307,1.12117085068742,15.4670188847361,1.20814667731833,1.05499584881001,2.25999077011088,1.10208308324595,20.2827617485907,7.60664263725871,6.59617018357699
"119","shhs1",205358,"C009144",3478,0,0,15.0581793292266,"death",66,0,0,1,0,0,27.100490892,0,0,15.948387097,0,0,0,0,0,2.5,26,65.7727191716223,-0.0227280828377701,108,1.55902777777778,4.88195287803807,0.0686860845831345,1.2872933556606,15.7301191686345,1.4290692224688,1.17374903752388,2.45961458928788,1.39701388768543,12.5947695555257,6.26727268369648,4.80989307063402
"120","shhs1",202970,"C003849",3909,0,0,20.2792607802875,"censor",65,1,0,1,0,1,28.711144156,0,0,9.3312597201,0,0,0,0,0,1.75,30,54.8235032423427,-1.01764967576573,222,1.83541666666667,7.44961544235219,0.0607135417310923,1.86014403748079,14.7177098281756,1.97938051429871,1.54672598855492,3.36629763791213,1.68447713908269,9.32552724995583,8.10438731395468,7.27715980702353
"121","shhs1",203906,"C001947",2904,0,0,20.8186173853525,"censor",68,1,0,1,0,1,29.547553093,0,0,5.2892561983,0,0,NA,0,0,3.5,28,56.8390334227905,-1.11609665772095,99,1.05164319248826,9.20712238530443,0.0402373126928218,1.61828607000196,16.995422493918,1.80778017803789,1.42202312412925,4.0456274460421,1.5863598507344,12.0557162613886,6.9915036072063,6.25538826086418
"122","shhs1",205094,"C007889",3374,0,0,22.7707049965777,"censor",64,1,0,1,0,1,35.417153931,0,1,57.372262774,0,0,0,0,0,2.75,28,65.8114001588919,0.18114001588919,157.5,1.895,6.39385418063465,0.0616483102886848,1.141644849644,15.1347528243653,1.19549079800839,1.05296036730902,2.41692199081861,0.689402482204376,12.0253624434923,5.57260347682804,6.72285393945022
"123","shhs1",203957,"C013920",2732,0,0,21.9575633127995,"censor",66,0,0,1,0,0,27.078993751,0,1,14.918032787,0,0,0,0,0,2.5,29,61.8136104443652,-0.41863895556348,95,2.11794871794872,6.69627393478098,0.0576915401595133,0.939462473710668,14.6891521654985,1.01035310567805,0.818388758611123,2.81213616910925,1.576735748448,14.2574428328789,8.32817508643013,7.14429556717007
"124","shhs1",203334,"C003767",3085,0,0,22.611909650924,"censor",66,0,0,1,0,0,28.577960677,1,0,8.2409638554,0,0,0,0,0,2,29,58.1138558603549,-0.78861441396451,302.5,3.8816199376947,13.0477316867807,0.0426175830264755,0.894035992328287,13.4285932854463,0.942054879201152,0.849153607726286,2.50054060092821,0.798836237597816,31.5970669979666,8.3457540832193,6.11924660827508
"125","shhs1",205253,"C004917",3290,0,0,22.7378507871321,"censor",57,0,0,1,0,0,27.576319784,0,0,1.6085790885,0,0,0,0,0,2.5,29,50.516343103148,-0.6483656896852,133.5,1.62126245847176,11.6385301231703,0.0341670141440063,0.966073796365786,15.6569427588665,1.176408509107,0.969579990111293,3.49149249204301,1.64952080820451,20.9619332963542,8.48790585983406,5.26124780316208
"126","shhs1",203164,"C005428",3690,0,0,20.5475701574264,"censor",64,1,0,1,0,1,26.566839754,0,0,18.967741935,0,0,0,0,0,3.5,28,52.1404951634481,-1.18595048365519,301,3.60514018691589,10.1008080285467,0.0529121930456444,1.41664529483876,12.0146303871716,1.5046700677423,1.21804185822893,1.93102106163689,1.20002388292514,20.3465440039064,10.9004560319819,8.55494542445338
"127","shhs1",203712,"C010929",2956,0,0,21.9822039698836,"censor",54,1,0,1,0,1,26.812218711,0,1,1.554770318,0,0,0,0,0,2,29,54.3843332781848,0.0384333278184798,280,2.53263157894737,7.64959071381012,0.0479922020039639,1.08508960851979,11.4609075566239,1.32504931581561,1.01033081223283,2.41841630722957,1.24693633620089,17.2826323032505,8.41189586916667,7.11428523059121
"128","shhs1",203913,"C006588",2715,0,0,21.7987679671458,"censor",52,0,0,1,0,1,26.100535396,0,0,17.019230769,0,0,0,0,0,3.25,30,43.4035689343623,-0.85964310656377,143,3.03076923076923,6.09451027985447,0.0651659688921484,2.17738899202512,22.5189843588785,2.32303522367681,1.90757894766459,5.18786630520677,1.77105436654216,17.5757568566907,10.0467232155976,7.71013144866123
"129","shhs1",203948,"C015591",2663,0,0,21.8672142368241,"censor",54,0,0,1,0,0,27.89208962,0,0,6.3157894737,0,0,0,0,0,1.5,29,44.4953762288849,-0.95046237711151,285,2.67901234567901,8.61765172658833,0.0365178398051605,1.68041289660708,20.9338728148862,1.74481942179052,1.47521287277283,4.64912424465183,1.84314038028898,22.0642053865651,9.54917149158386,6.71002350534215
"130","shhs1",205654,"C003220",3002,0,0,21.7385352498289,"censor",67,1,0,1,0,0,26.709072877,0,0,27.50929368,0,0,0,0,0,2.5,26,65.8717972894821,-0.11282027105179,391.5,3.34655172413793,6.36024801981871,0.0722030573787257,0.998984673904782,9.16432289491455,1.04814135129103,0.895873841617225,1.37712997158978,0.549472443297696,17.334279806078,8.87152383701106,6.7466689249873
"131","shhs1",203891,"C005293",2666,0,1,17.1362080766598,"dementia",71,0,0,1,0,0,35.12846567,0,1,9.1267605634,0,NA,0,0,0,3.25,28,76.2149960082718,0.52149960082718,117,1.8972602739726,4.749685189999,0.0746567954824085,0.775064648569289,14.8703041371848,0.816748987484082,0.711803139070856,2.21558719770585,0.52718352926765,15.9766061116793,4.78247319425144,2.76263637057801
"132","shhs1",203593,"C015391",3134,0,0,20.3969883641342,"death",72,0,0,1,0,0,25.330236609,0,0,6.5636147444,0,0,NA,0,0,5,25,64.4965893480562,-0.75034106519438,452,3.02504816955684,6.17236446707106,0.0734489037101594,1.01713878510951,13.2056832369584,1.07163590525894,0.901401187258089,2.49713517298227,1.16023156008832,18.6729034557311,9.90209460125919,8.51211994953625
"133","shhs1",203946,"C010700",2732,0,0,21.4702258726899,"censor",57,0,0,1,0,0,26.27784009,0,0,0.4200700117,0,0,0,0,0,3.5,29,57.2386938373864,0.02386938373864,157.5,2.07164179104478,5.71507031515569,0.0534454721784298,0.96494346901624,18.3828758148768,1.0961392025859,0.936863459577228,2.67323690399128,1.46774732580724,13.9612640137641,7.50540517511926,5.36789006364934
"134","shhs1",205414,"C015393",3421,0,0,21.1964407939767,"death",65,0,0,1,0,0,22.962391983,0,1,0.6896551724,1,0,0,0,0,2.5,27,56.778482052378,-0.8221517947622,188,3.12913907284768,5.14636094095852,0.0304080460044751,0.967309451103595,15.0122619853106,1.0474384897079,0.925220548095655,3.1531217154822,1.23519365478257,15.8390439240359,11.7361242146529,8.29817904384687
"135","shhs1",205245,"C002953",3280,0,0,21.4866529774127,"censor",66,0,0,1,0,1,22.992940087,0,0,0.2895054282,0,0,0,0,0,3.75,27,68.0817250224757,0.208172502247569,295.5,3.20939334637965,4.9861592329539,0.0626453666242915,0.934828993830196,12.9857402357485,1.00542619398019,0.874259110536842,1.71693700957432,0.72173948030605,14.4546716780897,6.27159946077645,4.3693849257714
"136","shhs1",203346,"C011904",2892,0,1,16.8240930869268,"dementia",68,1,0,1,0,1,30.18707483,0,0,13.389473684,0,0,0,0,0,4.5,21,70.8096774132205,0.28096774132205,142,0.817204301075269,6.41586764699797,0.676073445259428,0.833462358383492,6.75078109391258,3.75805242642892,0.371625965976989,8.13998596710443,12.9402283576062,5.72078540832645,6.95557424348074,12.3044695736451
"137","shhs1",205072,"C000396",3417,0,0,22.8692676249144,"censor",59,1,0,1,0,0,29.453061224,0,1,29.919571046,0,0,0,0,0,1.75,28,70.9707931843083,1.19707931843083,202,2.41309255079007,3.70999665839348,0.16218686480465,0.94390751848211,16.1671881859616,1.04034380630096,0.894701820175084,2.06657385350898,0.904128127028761,15.7310324312997,5.70765279025991,4.3046223988331
"138","shhs1",205142,"C000493",3311,0,0,22.839151266256,"censor",58,0,0,1,0,0,23.770887242,0,0,1.2631578947,0,0,0,0,0,2.5,27,61.1399120757646,0.31399120757646,98,2.53333333333333,7.31635675994267,0.0661605613855858,1.5214218858389,9.28192883528158,1.63243929377366,1.3099121903057,1.92134981553775,0.747542387290552,24.1398270272648,8.16700742534481,4.15844721192309
"139","shhs1",203139,"C002908",3045,0,1,12.788501026694,"dementia",59,1,0,1,0,0,27.035748862,0,0,1.9565217391,0,0,0,0,0,2,NA,53.9523802370387,-0.50476197629613,474.5,2.47131608548931,7.78018114111969,NA,NA,8.5383232979967,NA,NA,1.34686704045235,NA,11.2223493168092,11.8047692579465,NA
"140","shhs1",205465,"C007570",3210,0,0,21.1854893908282,"censor",61,0,0,1,0,1,41.24567474,0,0,54.655462185,0,0,0,0,0,1.75,29,72.2909900079084,1.12909900079084,113.5,2.61073825503356,5.23749575122375,0.072320553836472,0.918774290659243,8.75231716656658,0.991431235287812,0.861166253807725,0.967954943689465,0.518144617278835,17.1172097436576,4.7274437674144,4.49136822229534
"141","shhs1",205248,"C010858",3577,0,1,8.42162902121834,"dementia",73,1,0,1,0,1,28.124546378,0,0,16.865671642,0,0,0,0,0,2.75,NA,70.6065360055283,-0.23934639944717,190.5,2.47848101265823,5.42936277055903,0.0372907211366325,1.2303030701784,14.310875414673,1.27030886237117,1.12042186054553,2.0529081122616,0.410916750851648,15.1505707091788,6.04710029331422,4.47205737923175
"144","shhs1",205675,"C000662",3146,0,0,21.5414099931554,"censor",54,0,0,1,0,0,34.808714349,0,0,4.6563192905,0,0,0,0,0,1.5,27,46.932673316076,-0.7067326683924,154,2.29976580796253,11.896674255503,0.0462332586979349,1.32476810159746,16.8237856926287,1.60218337198793,1.20128323516884,3.30436521812078,1.16536051874582,15.2253011129699,7.41375504015007,3.0883242943403
"145","shhs1",203143,"C001240",3015,0,0,22.1875427789185,"censor",55,0,0,1,0,1,22.159428911,0,0,6.1336828309,0,0,0,0,0,2.5,29,61.1783330965372,0.61783330965372,171.5,2.7737003058104,6.23574088328039,0.0316314621299098,0.902651835286284,9.21838919563196,1.0244504183821,0.849886959964835,2.14233497553004,1.14864682508453,20.2460912932776,7.08794560759746,5.35095583661019
"146","shhs1",203363,"C015749",2917,0,0,8.92813141683778,"death",58,0,0,1,0,1,33.610945866,0,0,4.1081081081,0,0,1,1,0,2.5,NA,47.3171953617025,-1.06828046382975,117.5,2.93370165745856,12.2683423359459,0.0516785684159827,1.39959961682729,15.1296790156758,1.58521458219787,1.2874207674618,3.91964126650388,2.06918054787606,42.9055952920412,7.63454140978871,5.6750706260307
"147","shhs1",203307,"C014780",3100,0,0,22.2861054072553,"censor",53,1,0,1,0,1,28.535861343,0,0,3.2684824903,0,0,0,0,0,4.25,30,47.6973475656277,-0.53026524343723,226,3.08707124010554,7.37770917985607,0.0368512871259549,1.87729572494019,20.0841115715474,2.26069140909434,1.85199497185546,5.40058932126523,1.46117893908773,18.1589548264649,6.98397339009582,5.68951645074009
"148","shhs1",203980,"C005911",2913,0,0,21.4893908281999,"censor",56,1,0,1,0,0,32.583252707,0,0,24.31372549,1,0,0,1,0,1.75,27,51.260517631455,-0.4739482368545,184.5,3.12953367875648,8.03977548221032,0.0320101369426377,1.02964417026283,15.5021558408812,1.12763334304829,1.00180598638405,3.46935379683926,0.739647491307271,16.9188633645406,10.4913302281734,9.27189551054713
"149","shhs1",203156,"C012946",3022,0,0,22.0369609856263,"censor",60,1,0,1,0,0,28.341855369,0,0,4.5017584994,0,0,NA,0,0,3.75,29,60.4275376838033,0.0427537683803301,470.5,3.45773524720893,5.63225602826174,0.0531440685941565,1.82439853531848,9.48139740838764,1.93587122410489,1.61737259097034,1.59638900575954,0.942331225357645,13.5060953276767,5.92581020940728,7.58564835645858
"150","shhs1",203851,"C015066",2751,0,0,4.55852156057495,"death",58,0,0,1,0,0,28.398718001,0,0,3.8167938931,0,0,1,0,0,3.75,NA,60.9376991791816,0.29376991791816,194,3.4178674351585,6.49767487985026,0.0692065120674308,0.899101597684537,15.6246733375171,0.997286315413771,0.870673891247874,2.62796586224073,0.97345577957462,16.2724955654117,6.60075234427743,5.86018376145056
"151","shhs1",203555,"C003085",2867,0,1,15.7590691307324,"dementia",61,0,0,1,0,0,25.785711843,0,0,45.508982036,0,0,NA,1,1,3.5,27,57.6979208789962,-0.33020791210038,325,4.29230769230769,8.07080350923886,0.0754790407186402,0.982121056977016,14.3937030726688,1.11887202581662,0.938231191303605,2.75865289563656,1.03967829830118,23.6111588355193,9.17058787389242,6.15868269150936
"152","shhs1",203397,"C013314",2875,0,0,23.0965092402464,"censor",57,0,0,1,0,1,28.4375,0,0,5.0546021841,0,0,0,0,0,2.5,29,45.396555875223,-1.1603444124777,117.5,1.72757475083056,8.38491410287191,0.0306632495919564,1.34869479627804,20.8209976139993,1.38675022831678,1.19792665737368,6.22220228188952,1.99740156060709,11.2952650749462,9.94129597300481,6.88926606924713
"153","shhs1",205677,"C014146",3057,0,0,21.3935660506502,"censor",63,0,0,1,0,1,26.657922148,0,1,6.0077021823,0,0,0,0,0,4,30,56.7207288574431,-0.62792711425569,219.5,2.59154929577465,5.72303071956575,0.0457503504183669,1.34593012972607,16.0697401031401,1.44460395088814,1.22923286152108,3.44163432073809,0.981382542848022,13.8081713748524,9.72779831778128,6.69307495617292
"154","shhs1",203678,"C009019",2793,0,0,21.4839151266256,"censor",59,0,0,1,0,0,22.038567493,0,0,6.5871121718,0,0,0,0,0,1.75,28,52.5451919152513,-0.64548080847487,205,2.81860465116279,6.41406477236829,0.0505298664056893,1.27367109128411,17.3792159428446,1.33433404178561,1.15380739781435,3.78940032726201,1.72956495293772,15.6985095465639,9.71997587337587,7.05862235168216
"155","shhs1",203553,"C013952",2862,0,0,22.1190965092402,"censor",53,0,0,1,0,1,22.328913275,0,0,2.1677419355,0,0,0,0,0,2.75,29,45.4515290644124,-0.75484709355876,237,2.98191214470284,8.113131351991,0.0290624208212417,1.43975511872042,19.8729362330188,1.57744216969429,1.31755263873741,4.32165615623547,1.95421006632695,22.3904721771681,9.5424652003729,8.23492905636215
"156","shhs1",205629,"C006722",3117,0,0,21.2073921971253,"censor",59,1,0,1,0,1,27.049873204,0,0,11.012658228,0,0,0,0,0,1.5,27,72.5715310182225,1.35715310182225,146,1.96136363636364,4.64131985092158,0.150190500644694,0.917953324412498,13.8340578477446,1.18532532953399,0.967828467795539,1.57371099002828,0.518755194902889,19.5471555479007,5.68480177345041,5.10901528697235
"157","shhs1",203735,"C007623",2732,0,0,22.3846680355921,"censor",57,0,0,1,0,0,31.789809842,0,1,13.150684932,0,0,0,0,0,3,29,59.2446922949973,0.22446922949973,166,1.24094202898551,4.72688662562975,0.0240167150099092,0.968138035791339,16.4902653102091,1.0031463276839,0.928614401597619,2.62805550835363,0.969605877818859,10.3980073146353,7.46774913539771,6.66739559245069
"158","shhs1",205639,"C015074",3137,0,0,21.3798767967146,"censor",58,0,0,1,0,0,32.769394909,0,1,8.9575289575,0,0,0,0,0,2.25,30,65.2301933742542,0.72301933742542,125.5,2.49429657794677,5.9326621513335,0.0370951034498027,1.01273660070543,9.67587589184597,1.04740847559439,0.912142379003168,1.34952442174831,0.509768084831622,13.7835098631791,5.64682497983584,4.54648006403284
"159","shhs1",203626,"C006051",2821,0,0,9.13073237508556,"death",69,1,0,1,0,0,27.130876407,0,1,3.9378238342,1,0,NA,0,0,1.75,NA,74.4551576865097,0.545515768650969,100,2.27725856697819,5.74743383691143,0.0916663559579187,0.580584808756486,10.1700210569442,0.713124313799275,0.573930960313795,1.50681509980415,1.22252579432122,18.9476144617577,6.24722808122805,4.789187401686
"160","shhs1",203048,"C004358",3697,0,0,20.5010266940452,"censor",74,1,0,1,0,1,27.961313799,0,1,2.3198594025,0,0,0,1,0,3.25,30,66.6551610590958,-0.73448389409042,77.5,1.36538461538462,5.96477119780593,0.0440422699629912,1.90314057201998,17.4833455149484,2.17968401089363,1.69705187352285,3.58607432510097,2.77272977700525,14.0044870626295,5.30647976895714,4.53751043278124
"161","shhs1",205249,"C014411",3294,0,0,5.50581793292266,"death",69,1,0,1,0,0,22.887500418,0,1,0.2919708029,0,0,0,0,1,1.75,NA,61.8875108933451,-0.71124891066549,170,2.19220779220779,8.84461976070078,0.0414842865834765,NA,15.0584372851508,NA,NA,3.14815059836431,NA,27.0927651167715,8.57355198676773,NA
"162","shhs1",203101,"C006870",3650,0,0,20.7200547570157,"censor",70,0,0,1,0,0,23.59375,0,1,0.7619047619,0,0,0,0,0,3,28,76.3260581868259,0.63260581868259,93,1.66147859922179,3.95637343285037,0.0584450598370739,1.09505166635191,12.0913061001429,1.14463207116756,0.990103754006029,1.5372408177053,0.706432541309522,11.7006494744157,3.67336296695182,3.67913669451498
"163","shhs1",205435,"C013808",3278,0,0,18.5133470225873,"death",54,0,0,1,0,0,36.51263743,0,0,6.8827930175,0,0,0,0,0,3.5,30,56.4485726745987,0.24485726745987,370.5,3.63333333333333,16.2970376282158,0.0413052208532282,1.1841681665964,10.1788893300973,1.31325050115591,1.08756931585546,2.1922306005867,0.57699584943361,32.7897844852319,7.87368962654013,4.1125553975063
"164","shhs1",203539,"C007303",2793,0,0,23.2197125256674,"censor",57,1,0,1,0,1,27.839330857,0,0,5.5452865065,0,0,0,0,1,4,27,62.3728623573352,0.53728623573352,121.5,1.65605095541401,5.77622066673878,0.081451106050857,0.845930950167842,12.7159997786236,0.997525731720164,0.875775815793825,1.65909023611195,0.503914730828818,12.3449405632996,8.48688539781987,4.76145048190548
"165","shhs1",203199,"C012827",3016,0,0,21.9767282683094,"death",71,1,0,1,0,1,31.940411564,0,1,34.838709677,0,0,0,0,0,3.25,NA,67.7386602686635,-0.326133973133651,136,1.7016317016317,7.02648477817444,0.0820681854990327,1.08384062665125,14.5022367934622,1.1497545106769,0.983936833737365,1.76521236050823,0.84646637134779,10.0124579698227,6.76940323355371,5.2673366712751
"166","shhs1",203488,"C003541",2862,0,0,3.49075975359343,"death",59,0,0,1,0,1,35.2,0,0,2.5563909774,0,0,0,0,0,1.75,NA,61.4558143002251,0.24558143002251,112,2.10245901639344,5.1607400568673,0.0632686946719875,1.0871080359145,14.8188287292838,1.14953905368976,0.973121319878656,1.87785564270336,0.962562967090562,14.3673533555522,8.00508888589532,6.8010074628845
"168","shhs1",205345,"C002153",3304,0,0,21.8590006844627,"censor",64,1,0,1,0,0,24.391058839,0,0,8.7441860465,0,0,0,0,0,2,30,64.4843868798053,0.04843868798053,143,1.57474226804124,4.48020551689873,0.058374967759839,0.891604373523503,15.9997952986931,0.93438819644313,0.830995964160852,2.43341073075323,1.43947139579029,12.6818437338198,7.68235635391833,7.16653702964609
"169","shhs1",203148,"C007706",3024,0,0,22.425735797399,"censor",57,0,0,1,0,0,25.817447292,0,0,3.320754717,0,0,0,0,0,2.75,30,51.4175315879738,-0.55824684120262,271,3.80701754385965,7.57831841960549,0.0588741949829431,1.57172258220149,18.0273875668053,1.67434248189269,1.44536416132395,2.79983274830303,1.52696806896241,18.693417711463,8.09255444967059,7.67164443624215
"170","shhs1",203842,"C005569",2827,0,0,20.8870636550308,"censor",55,1,0,1,0,0,31.19509484,0,0,3.7297297297,0,0,0,0,0,1.25,30,53.018250925494,-0.1981749074506,196,1.71855010660981,7.21495800417181,0.0300833276763447,1.036140100574,12.8579561951873,1.11122828356655,0.948821055450622,2.88556828798249,1.70042982756822,14.2996154408058,9.14221895341241,7.41235445280998
"171","shhs1",205427,"C008310",3303,0,1,18.8418891170431,"dementia",67,0,0,1,0,1,31.440025224,0,1,71.85840708,0,0,0,1,0,2.75,25,67.3855881029569,0.0385588102956902,104,1.52,4.89374341005368,0.0538890485457883,0.749013095009629,19.7067591751006,0.788378512816671,0.712978928641993,2.71753353842034,1.33608394679449,13.3464674169403,5.83887336009242,4.69529155791622
"172","shhs1",205661,"C011646",3055,0,0,14.6064339493498,"death",63,1,0,1,0,0,29.224489796,0,1,10.028818444,0,0,0,0,0,3.5,NA,62.4749407033677,-0.05250592966323,305.5,3.73012048192771,5.84185256507998,0.0633913384658714,0.986938501079985,11.4676168317124,1.06851530605923,0.92504617987551,1.6671094666568,0.812941375401873,14.3466004557438,8.28616459518059,7.31034964321667
"173","shhs1",202931,"C013003",3748,0,0,22.0533880903491,"censor",59,1,0,1,0,1,30.890387961,0,0,3.937007874,0,0,0,0,0,1.75,30,67.2786046116668,0.827860461166679,112.5,1.11742424242424,5.75278760924212,0.165174892257723,0.869372057750126,15.6115999745135,1.02453337094737,0.750603955721928,2.39429360395964,1.59964500693319,19.264828530681,7.24279041512608,3.39736232477219
"174","shhs1",205501,"C011086",3258,0,0,20.6050650239562,"censor",63,1,0,1,0,0,22.151999745,0,0,22.456140351,0,0,0,0,0,1.5,26,64.6063045019391,0.160630450193911,187,1.68446601941748,5.76918553170559,0.0663395413596827,NA,11.1864918928374,NA,NA,1.92927526065036,NA,11.3425717093378,7.50942518239911,NA
"176","shhs1",205422,"C015017",3261,0,0,21.3935660506502,"death",67,0,0,1,0,1,25.657414171,0,1,2.9200463499,0,0,0,0,0,3.75,NA,59.0271377803126,-0.79728622196874,225,2.17971014492754,4.92424705345039,0.0363355597058324,1.76281839770372,12.0692201605173,1.8570720078096,1.57504509852955,2.45586755604291,0.760804284127779,15.2020432438532,10.875779876993,6.60824117200217
"177","shhs1",203538,"C012101",2859,0,0,23.0390143737166,"censor",55,0,0,1,0,1,27.514872904,0,0,3.8495575221,0,0,0,0,0,2,29,52.747348133819,-0.2252651866181,314,3.22900763358779,5.23115284267088,0.0651562429375049,1.23981892006395,23.6858430060541,1.32388100978414,1.143191547518,4.007343401196,2.2107542063952,19.8293819728086,7.0699976912008,5.58263147511921
"179","shhs1",203434,"C007198",3391,0,0,22.0287474332649,"censor",59,0,0,1,0,1,26.539686986,0,0,9.7607655502,0,0,NA,0,0,3.5,29,58.6826520379883,-0.0317347962011702,138.5,1.60531697341513,4.94371223326288,0.0462674628292414,1.36028145491584,13.9239901436395,1.46109430108453,1.23023403046715,2.16294860154087,1.12883290668717,11.3228542085342,8.4808438901138,8.49499676129871
"180","shhs1",205350,"C000118",3283,0,0,19.7344284736482,"death",70,1,0,1,0,0,29.06122449,0,0,5.9541984733,0,0,0,0,0,2,25,64.3108295468108,-0.568917045318921,277,2.7071129707113,6.28757544267696,0.0626363330693724,1.93685303834066,11.3788844387078,2.12454906425881,1.69072922684669,2.2743056595194,1.16856055006558,19.8393975465207,7.1960768028262,5.55387959665772
"181","shhs1",205510,"C012673",3155,0,0,13.2156057494867,"death",69,1,0,1,0,0,29.429215616,0,1,46.430155211,0,0,0,0,0,2.5,NA,64.3724486400997,-0.46275513599003,320,2.34146341463415,6.4777869045609,0.068388736902455,1.18853376071441,12.6749410063644,1.3001415116265,1.04936892724854,2.00115402375055,1.48569227093657,13.8554802980756,7.32620236585748,6.28480062300842
"182","shhs1",203710,"C001834",2780,0,0,21.6755646817248,"censor",61,1,0,1,0,1,24.343809494,0,0,2.2052067381,0,0,0,0,0,3,27,66.1156625267501,0.51156625267501,74.5,1.55972696245734,5.38680667411476,0.0741171454621728,0.975763399150976,14.9443062558682,1.11053656278858,0.916355081488301,2.29203353390208,1.14077194083209,15.5726944272735,6.11094233262493,4.38031017992118
"183","shhs1",203515,"C002375",2836,0,0,22.3436002737851,"censor",57,1,0,1,0,1,27.246900826,0,1,2.2443890274,0,0,0,0,0,3.5,30,63.0542407106611,0.60542407106611,107,2.49240121580547,6.24262263422532,0.0386597008995091,0.756762793858693,9.70597665748308,0.788179030460309,0.705910960087399,1.39007768583503,0.489269618835008,12.6482147552896,7.19629234579007,4.79329063376745
"184","shhs1",203685,"C006254",2721,0,0,22.5352498288843,"censor",61,0,0,1,0,1,31.092821216,0,0,10.993548387,0,0,0,0,0,1.75,30,65.4368798968546,0.443687989685461,161,1.44018058690745,5.55151338022,0.0692903831435994,1.02350315754647,15.1269211730493,1.14610221805063,0.94993343137998,2.67453266656857,0.916120200767498,16.5837130180549,6.45179681361227,4.73713991362471
"185","shhs1",203791,"C004634",2759,0,0,22.444900752909,"censor",56,0,0,1,0,1,21.469150482,0,0,0.2771362587,0,0,0,0,0,4,27,61.2496846727514,0.52496846727514,109,1.83453237410072,5.74225541585091,0.0853464693136326,0.833132976828497,17.4456615962335,0.887070245251712,0.772266014303284,3.08978341629632,1.74123271403039,14.4255670786401,6.15567772217922,5.32586542675901
"186","shhs1",205320,"C001749",3211,0,1,15.1841204654346,"dementia",54,0,0,1,0,1,19.496405585,0,0,12.964426877,0,0,0,0,0,2.25,28,65.1033292131839,1.11033292131839,95,1.84918032786885,5.33256843207098,0.0491377216321129,0.736455459750004,11.3044573267179,0.863098370062437,0.685588032217967,1.69374666245873,1.12146542324874,11.8859890330136,4.41523974984846,4.71715265430611
"187","shhs1",203120,"C012267",3009,0,1,14.0588637919233,"dementia",59,0,0,1,0,1,30.908243393,1,0,4.3243243243,0,0,0,0,0,3.5,24.444444444,61.6250143073172,0.26250143073172,162.5,2.48089171974522,5.23179219362156,0.0504888559178744,0.775499435721947,14.4987176285454,0.853211856216723,0.736631148763761,2.12894869605924,1.10368047546616,12.0731490908525,7.28950198454079,4.62336692533185
"188","shhs1",203862,"C008813",2740,0,0,22.4887063655031,"censor",59,0,0,1,0,1,27.072143998,0,1,0.442804428,0,0,0,0,0,3,29,56.5338753343016,-0.24661246656984,209,2.53796095444685,7.3490191940554,0.0644642427355371,1.20685229484817,16.8861498830551,1.47240781538718,1.2176215348562,2.5894563678456,1.09334333175244,19.6004883506719,8.46262327930364,6.34909586590451
"189","shhs1",205034,"C008591",3457,0,0,2.40930869267625,"death",73,0,0,1,0,0,21.193206561,0,1,6.7892503536,0,0,0,0,0,1.75,NA,62.6253966172461,-1.03746033827539,196.5,1.67908309455587,4.94484336362838,0.0247125818781754,1.40365010963106,17.0073379626938,1.44887119640869,1.28451474038779,4.11902068749855,1.10264893462901,15.6097148002467,9.82882259226941,8.0930980285795
"190","shhs1",205077,"C003645",3436,0,0,21.555099247091,"death",62,0,0,1,0,1,32.029085873,0,0,2.2556390977,0,0,0,1,0,1.75,NA,70.1537800920126,0.81537800920126,214,3.29695431472081,5.64324351089346,0.101759219259326,0.722304886980423,9.07524056809616,0.806479222601468,0.65582352674297,1.08587656446128,0.882254143662244,14.5157962413951,5.82272011706132,4.55757585178575
"191","shhs1",203622,"C011589",2781,0,0,21.4455852156057,"censor",55,0,0,1,0,0,24.228843528,0,0,0.4483188045,0,0,0,0,0,2.75,NA,59.4876815351109,0.44876815351109,141,2.47940074906367,7.92243176320352,0.0771308302821489,0.88637122312704,14.9210931912449,0.997324804810575,0.820007655166738,2.33904228724362,1.17735857927437,20.2297561688194,6.81944487005978,5.72079914876537
"192","shhs1",205020,"C010666",3216,0,0,23.0828199863107,"censor",62,0,0,1,0,0,31.25,0,1,18,0,0,0,0,0,3,30,63.1113101493526,0.11113101493526,229.5,2.96861924686192,5.36056911867895,0.0553895024757498,1.288524479017,14.7287880789249,1.39589091638942,1.1827312820396,2.60549346487413,1.43686792340283,16.7507697791526,5.71436311400222,4.98042938933672
"193","shhs1",205742,"C013750",3069,0,0,20.1232032854209,"censor",54,1,0,1,0,0,26.556864247,0,0,4.8214285714,0,0,0,0,0,3.25,23,60.7915739238183,0.67915739238183,233.5,2.13572854291417,5.8422587874444,0.068149165814322,1.40151515329896,13.293369967036,1.51237174529456,1.28787487561549,2.07740234702343,1.19082238228096,14.1928452631424,4.98992419192602,6.04329368814381
"194","shhs1",203319,"C009422",2974,0,1,21.0321697467488,"dementia",71,1,0,1,0,0,26.216410224,0,0,15.489361702,0,0,0,0,0,3,28,64.1708264572198,-0.68291735427802,177,1.67260579064588,6.75117130116962,0.0701669007365865,1.29956377155894,17.5840202425029,1.3822333672118,1.1202428771894,3.01568001519325,1.5961584416262,11.3292424985415,6.28182824069476,4.54637821477099
"195","shhs1",203644,"C000983",2731,0,0,21.4866529774127,"censor",65,0,0,1,0,0,29.82476959,0,0,1.2121212121,0,0,0,0,0,4.25,NA,69.4729146385668,0.447291463856681,102.5,3.41040462427746,5.03498794306714,0.0654995493370422,0.827557976493467,9.9797609809264,0.896963747413972,0.768470584581703,1.52236955316282,0.526314071961091,15.1055675623441,7.06966465856685,4.34077115722821
"196","shhs1",203971,"C007848",2918,0,0,21.2785763175907,"censor",56,0,0,1,0,0,18.573307035,0,0,0.7109004739,0,0,0,1,0,1.75,30,52.9517504582751,-0.30482495417249,162,2.41641337386018,8.50742656614405,0.022196498756889,1.0942040227976,12.4060414252332,1.13811613997362,0.995050490582499,2.02892437216503,1.24389046908769,17.9837281441433,9.35137005233069,8.12334039225622
"197","shhs1",205210,"C004952",3557,0,1,22.113620807666,"dementia",65,1,0,1,0,1,22.283950617,0,0,18.968386023,0,0,0,0,0,4,NA,70.726570487743,0.5726570487743,76.5,2.16129032258065,4.91636098299422,0.0741994185096993,0.918831378948497,8.44722003773623,0.964858886891862,0.808419441195234,1.39077052348486,0.610897119694705,14.8350227599598,7.48270888838101,4.76023414798333
"198","shhs1",203654,"C012717",2732,0,0,6.28062970568104,"death",63,1,0,1,0,1,35.563337761,0,0,4.5875251509,0,0,NA,0,1,2.5,NA,64.1804650085737,0.118046500857371,105.5,2.5625,5.71384678303723,0.0588075846857764,0.978851325687401,12.7954477103838,1.03837342175164,0.879799828078036,1.79983026068431,1.09563618326512,14.5513006027392,7.51401438141931,6.59204683772056
"199","shhs1",205016,"C011204",3482,0,1,21.07871321013,"dementia",71,0,0,1,0,0,34.8583878,0,0,20.066889632,0,0,0,0,0,2.75,26,59.3910057612437,-1.16089942387563,75.5,1.22108843537415,6.40126451560728,0.0513134432448397,1.3626300858031,19.6035781399043,1.42640465362991,1.26358875135254,5.31218527472474,1.80666638138864,14.0666235294393,9.45995383084988,7.10179378308298
"200","shhs1",203446,"C000340",3366,0,0,21.0266940451745,"censor",56,0,0,1,0,1,30.083829097,0,1,3.2673267327,0,0,0,0,0,3.25,29,55.7452390693237,-0.0254760930676298,210.5,2.69565217391304,4.76128612871681,0.0435326011234686,1.05365876970288,14.9282653865241,1.14057532463725,0.953243176592815,3.09103381245333,1.58864726432209,14.83110208998,8.9934773003442,6.89055799495715
"201","shhs1",203144,"C013153",3015,0,0,22.1875427789185,"censor",55,1,0,1,0,1,26.819923372,0,0,2.0262664165,0,0,0,0,0,2.5,29,60.9120922028557,0.59120922028557,99,1.9372197309417,6.21196195799205,0.0628747463741988,0.971653664712191,15.9877890257475,1.03909993818732,0.896269495505964,2.8474415824165,1.28611970527606,10.9452907094736,4.80805526158258,2.6413548319847
"202","shhs1",205234,"C007837",3293,0,0,23.0225872689938,"censor",70,1,0,1,0,0,25.854108957,0,0,5.878962536,0,0,0,0,0,3.5,27.391304348,76.0248390243808,0.60248390243808,94.5,1.4496644295302,5.03478163871991,0.079982158521933,0.88414517848973,11.2592997465339,1.01575319425325,0.854677112020747,1.04036420406416,0.787343100030161,13.0882836615158,4.77638209939678,5.91055046399906
"203","shhs1",205026,"C004056",3381,0,0,21.9137577002053,"censor",56,0,0,1,0,0,24.759755138,0,0,37.939914163,0,0,0,0,0,3.75,30,52.8276547862739,-0.31723452137261,138.5,1.13989637305699,7.35016091363395,0.0438524442797629,1.02564142815254,23.3244661470011,1.10673887738968,0.948916930718552,5.1348493370919,2.78535059524806,16.5987455744454,5.91882989435045,6.10537730984186
"204","shhs1",203604,"C005115",3254,0,0,20.9062286105407,"censor",68,1,0,1,0,0,29.26410358,0,0,0.3137254902,0,0,NA,0,0,2.75,28,62.2229315637377,-0.57770684362623,106,1.14189189189189,7.0155468834631,0.0459781930838515,1.32748400580906,14.8535037176612,1.36843744556051,1.24153546612565,1.97786898155729,1.07727152805456,11.6641795821063,8.13848527809326,7.76703105945336
"205","shhs1",205610,"C003042",3212,0,0,20.2573579739904,"censor",68,1,0,1,0,1,29.7796106,0,0,0.6818181818,0,0,0,0,0,2.5,28,62.2175218881507,-0.57824781118493,241,3.37469586374696,6.32733466043124,0.0775580944518338,1.21393705471547,20.2064984984346,1.2853223288027,1.11573507668856,4.18356542773218,1.62187808733566,15.6306077588735,6.25149520625,5.20469363378345
"206","shhs1",205430,"C001381",3533,0,0,15.2936344969199,"death",74,0,0,1,0,1,25.0723975,0,0,2.1960784314,1,0,0,0,0,2.75,28.8,68.6314500142716,-0.536854998572839,160,1.9726443768997,3.96314001254752,0.0756123882700704,1.86932171786906,18.8109872108787,1.98974928212241,1.64732030280868,2.82669538712999,1.56749110168153,13.181103344933,5.11474623279656,5.09942593163067
"207","shhs1",203301,"C012070",2954,0,1,14.2614647501711,"dementia",63,0,0,1,0,1,34.674592288,0,0,7.4226804124,0,0,0,1,0,1.75,23,67.9826946413941,0.49826946413941,39,0.780254777070064,4.02971527381421,0.0401239971651622,0.885711709659456,16.7619903037334,0.99573334815323,0.858685075459581,2.40915862955347,1.33440124312528,14.0326216079521,5.40335796110974,4.90186026364585
"208","shhs1",203435,"C015273",3391,0,0,22.0287474332649,"censor",63,1,0,1,0,0,29.126530612,0,0,3.29218107,0,0,NA,0,0,2.25,29,64.9406317488487,0.19406317488487,149.5,2.02388059701493,6.04777513446985,0.0801117655405868,0.914121835403163,10.2062401781346,0.98592727401051,0.827512000159938,1.73772752326522,0.84548252693217,19.7220465988227,9.9623406105416,8.23914303725607
"209","shhs1",203033,"C014732",2942,0,1,9.05681040383299,"dementia",65,1,0,1,0,1,26.078971534,0,1,1.7673048601,0,0,1,0,0,2.5,NA,70.406479043262,0.5406479043262,189.5,2.32510288065844,7.24564539259486,0.0977915380624502,0.930117935065064,9.71042311136802,1.00576147611197,0.820154030462311,1.43129710006923,0.582486084564953,13.3837786756875,5.37612859269301,4.68828663771352
"210","shhs1",205680,"C001068",3057,0,0,16.0355920602327,"death",62,1,0,1,0,0,27.799124595,0,1,0.7957559682,0,0,0,0,0,3.75,28,66.7165227111422,0.47165227111422,194,2.63598326359833,6.42550128366435,0.037263824097999,1.30273616483985,8.57069063995479,1.36259561386357,1.19695066399171,1.03980528472631,0.559251641155974,13.329044177338,4.80794295940523,4.7651509016754
"211","shhs1",205157,"C000180",3323,0,0,13.6043805612594,"death",71,1,0,1,0,1,21.728997096,0,1,3.1003039514,0,0,0,0,0,1.5,NA,73.3590504570218,0.235905045702179,195.5,2.24935064935065,5.09410421519946,0.0708799982429643,0.825980677314026,11.9833659177566,0.854502688358846,0.784666989403041,1.72971905888406,0.4670642499401,11.605233975883,6.1783957529576,4.9460459935413
"212","shhs1",205091,"C014237",3313,0,0,22.5954825462012,"censor",58,0,0,1,0,0,29.007852558,0,0,1.8539325843,0,0,0,0,0,3.25,29,67.8301654614099,0.983016546140991,180.5,2.87248322147651,6.66599711602587,0.0622884207642865,0.744519796620842,8.27013432762713,0.791027909659491,0.672920518828919,1.17741993671303,0.553924910185698,21.9164829377204,6.19488593100173,3.63117055084126
"213","shhs1",205202,"C011052",3275,0,0,16.9500342231348,"death",69,0,0,1,0,0,32.56989887,0,1,1.7536534447,0,0,0,1,0,4.25,28,70.9033515202661,0.19033515202661,59.5,1.63428571428571,4.93168105042474,0.0697576359135077,1.27051963046607,12.6822607360989,1.33340354137258,1.1168170883648,1.65780505225303,0.602604559395211,11.3057316718067,5.9959079546318,3.68552347381148
"214","shhs1",203314,"C005441",2941,0,0,13.4702258726899,"death",63,1,0,1,0,0,32.029478458,0,0,4.0514469453,0,0,0,0,0,2.25,NA,62.0632544801953,-0.0936745519804703,85,1.28205128205128,4.22187401144566,0.0497543357175232,1.17429087561731,16.5099314351982,1.23120083443344,1.10062372687018,2.84515618914599,0.986356927102254,14.1800510721476,9.22314281635761,6.95793425847537
"215","shhs1",203081,"C007357",3781,0,0,21.7549623545517,"censor",56,1,0,1,0,0,23.931855057,0,0,0,0,0,0,0,0,3.5,27,51.5225033913828,-0.44774966086172,130,2.78455284552846,9.8480223744887,0.0679920503738746,1.39263093287611,16.3443600930083,1.54543280609924,1.30350659375542,4.24130737019832,1.54183312815866,15.2280822692293,7.23668455348574,6.56296879034065
"216","shhs1",203618,"C001170",2770,0,0,22.757015742642,"censor",55,0,0,1,0,0,32.214538708,0,1,3.5346097202,0,0,0,0,0,3,30,58.2154307872207,0.32154307872207,215,1.47537473233405,5.0047143179199,0.0704154462558849,1.43455441114639,11.9937180988995,1.56114668626652,1.21925224010481,2.27577765939949,0.766299747577122,8.31406035873543,7.92804434316088,5.18436491540325
"217","shhs1",205116,"C003921",3325,0,0,22.9377138945927,"censor",62,0,0,1,0,0,27.078993751,0,0,3.9177750907,0,0,0,0,0,3.25,30,45.5399058981408,-1.64600941018592,277,3.69616519174041,14.8656487803203,0.0396069301349363,1.21312504441106,15.2672986171612,1.38888876998156,1.09828579559341,3.87252884404676,1.56053509324963,24.8550187845016,9.85924735248661,7.79602707657951
"218","shhs1",205611,"C011895",3212,0,0,20.621492128679,"censor",64,0,0,1,0,0,27.061613158,0,1,2.8897338403,0,0,0,0,0,2,29,68.6338360082527,0.46338360082527,154.5,2.14968152866242,5.86816983514576,0.0910561547389989,0.735956231664003,13.5688617769628,0.884844073974829,0.694693401197812,2.22572192212129,1.02890076977851,10.6511009704073,5.31359652524184,3.18615652094302
"219","shhs1",203209,"C011103",2935,0,0,5.55783709787817,"death",61,1,0,1,0,1,35.330612245,0,0,45.192582026,0,0,NA,0,0,2.25,NA,61.799014750123,0.0799014750123,208.5,1.55172413793103,5.73458107281527,0.0269939154574421,0.831346031055734,16.9388491250133,0.948137873101396,0.791222413782182,2.3758375321832,0.833752135241616,16.8460909028177,7.38598777977864,5.20257926577282
"220","shhs1",205286,"C006751",3263,0,0,20.0739219712526,"death",55,0,0,1,0,0,33.71783496,0,0,23.404735062,0,0,0,1,0,2.25,29,51.6826019180876,-0.33173980819124,196.5,1.84275184275184,4.4470396986696,0.0629237139113952,0.970538684098828,23.8967774456775,1.07076946943755,0.901629886202379,4.38938129654174,1.75507096380295,10.1546203135069,9.08914603158541,5.60568205098924
"221","shhs1",203194,"C012281",3038,0,1,20.9062286105407,"dementia",63,0,0,1,0,0,25.93204775,0,1,6.4788732394,0,0,0,0,0,1.5,NA,65.2390902122124,0.22390902122124,267.5,1.85714285714286,6.6792417394534,0.0624291159400787,1.02211616772401,15.7938621853412,1.07708809149988,0.934381485455969,3.37671839925168,0.696196922966552,13.1664522201114,5.20787951484221,3.96224493309884
"222","shhs1",205477,"C011952",3339,0,0,9.08692676249144,"death",56,0,0,1,0,0,33.564013841,0,1,0.1428571429,0,0,0,0,0,2,NA,59.9260767919262,0.39260767919262,154,2.30645161290323,4.62344526128741,0.0554521657243286,0.943521380724127,16.9563734271363,1.03838630793345,0.896969069284763,3.61577869823335,1.33413301047281,13.5980545755442,6.77052637051362,4.24123520948752
"223","shhs1",205261,"C005928",3292,0,1,18.9815195071869,"dementia",71,0,0,1,0,0,27.55090519,0,0,0.8540925267,0,0,0,1,0,3,NA,70.1048446034264,-0.08951553965736,155.5,2.4576802507837,5.18875064028671,0.0449291661850937,1.10655206178141,11.6205930811637,1.18000187205932,1.00739361621684,1.60565358991721,0.83861657331731,13.5697575897369,6.46743164576102,5.76888644131116
"224","shhs1",202976,"C012338",3707,0,0,8.45722108145106,"death",71,1,0,1,0,0,29.110408886,0,0,21.612903226,NA,0,0,1,0,3,NA,70.1921589828269,-0.0807841017173104,186,1.72459016393443,5.56370133575055,0.0465584858697724,1.11039481934345,14.6366423813772,1.15271032375638,1.03864352403913,1.82525004103141,0.546445265224055,13.7767382859078,6.11914312634958,5.15855031157437
"225","shhs1",205727,"C010076",3004,0,0,10.8555783709788,"death",57,1,0,1,0,0,34.090909091,0,1,19.897172237,1,0,0,0,0,3,NA,59.7647594214294,0.27647594214294,221.5,2.19450800915332,5.39227993894649,0.0474347196032936,1.32050713982904,14.6708973882675,1.3970574484214,1.19702581390581,2.48786447533,1.25348605722581,12.336506682855,5.84151779867685,5.0337662679123
"226","shhs1",205003,"C012885",3403,0,1,21.6180698151951,"dementia",58,0,0,1,0,0,45.70239334,0,1,7.2727272727,0,0,0,0,0,2.75,29,59.5621527032983,0.15621527032983,233,2.77815699658703,6.3715811428565,0.0617088062740977,0.923516386711299,8.49601231866435,1.03369983365895,0.852884963030851,1.95218957375706,0.893218611678668,13.7382589176973,9.46572006662049,7.09918184051809
"227","shhs1",202974,"C010809",3709,0,0,20.6598220396988,"censor",68,0,0,1,0,0,37.421395779,0,1,3.6719706242,0,0,0,0,0,2.75,27,67.645621522871,-0.0354378477129003,93.5,1.28699551569507,8.45801843162135,0.0733482290266913,0.835929205166293,11.9100624369589,0.881685033811831,0.745060300427784,1.82135196596716,0.769292691875499,15.0763306423205,7.1643534576206,5.52683142875805
"228","shhs1",205776,"C008961",2888,0,0,4.57768651608487,"death",68,1,0,1,0,0,23.5935315,1,1,5.5130168453,1,0,0,0,0,3.25,NA,63.4643360006435,-0.45356639993565,220.5,3.88854489164087,5.38386469564336,0.0487633394661589,1.12333059837668,21.2787583975251,1.16959403836835,1.06584551832207,3.22503987582632,1.28734170214506,12.1440422448824,4.95892494952001,5.66777560746854
"229","shhs1",203552,"C014762",3337,0,0,3.4798083504449,"death",63,0,0,1,0,0,20.727565561,0,1,7.5483870968,0,0,0,1,1,2.25,NA,57.564816025325,-0.5435183974675,213.5,2.17617866004963,8.22088831229009,0.0444469069901902,0.944556793762939,15.7657987450283,1.11205132587126,0.921400330270159,2.11758740838165,1.20661989292213,16.311162103368,8.50035339228941,6.1582838464064
"230","shhs1",205533,"C011171",3276,0,1,17.1854893908282,"dementia",71,1,0,1,0,1,29.162984472,0,1,12.115384615,0,0,0,0,0,4.75,27,59.2040204913425,-1.17959795086575,90.5,0.813299232736573,6.08113859730541,0.0442451113196995,1.84625464307261,20.2433879196876,1.94727759414551,1.6496427358386,4.55376532383802,0.948807214935071,10.4053231792973,8.68402793704658,6.20439007836378
"231","shhs1",203744,"C010389",3094,0,0,20.8678986995209,"censor",65,1,0,1,0,0,30.811246105,0,0,9.2727272727,0,0,0,0,0,2.5,28,58.9528001199078,-0.60471998800922,171.5,3.51923076923077,6.95739365976546,0.0474266901357036,NA,15.8182833297776,NA,NA,2.49799757801792,NA,18.3169251220375,8.59426063306539,NA
"232","shhs1",203116,"C010924",3014,0,0,23.791923340178,"censor",61,1,0,1,0,1,30.683106576,0,1,11.582491582,0,0,0,0,0,4.25,29,51.2102752208173,-0.97897247791827,378.5,2.26070038910506,6.40159110445594,0.0369696706636064,2.0700214260577,14.9350011993449,2.12250160840705,1.88272879953614,3.60688353335923,1.35487491779667,11.814372726625,9.31704024824902,7.81413738070611
"233","shhs1",203605,"C004483",2910,0,0,7.12662559890486,"death",66,1,0,1,0,0,25.660730395,0,0,0.9677419355,1,0,0,0,0,2.5,NA,68.9647979103532,0.29647979103532,58,1.81714285714286,6.0844509133862,0.0639625057839064,1.34538575911304,16.326499867918,1.40768984471624,1.22942468061557,2.21546252280339,0.955121335277771,17.8636771203258,4.37739913382267,4.15074463631808
"234","shhs1",203011,"C002893",2997,0,0,21.7932922655715,"censor",60,1,0,1,0,1,31.958884688,0,1,18.735483871,1,0,0,0,0,4,26,58.6113526218762,-0.13886473781238,216,2.58730158730159,7.32974669554651,0.0391968632908603,1.25194810417727,14.8794017321026,1.34804859203518,1.10435544591909,2.81897804188058,1.35071560114138,17.4486713411168,6.46437663848815,6.64128600467811
"235","shhs1",205275,"C010046",3276,0,0,21.9794661190965,"censor",55,0,0,1,0,0,31.147842057,0,0,3.6263736264,0,0,0,0,0,1.25,29,63.5177596365425,0.85177596365425,251.5,3.33862433862434,5.53926352906329,0.0720004725543337,1.10435917871486,12.2224338394796,1.23229591495429,1.00391042349142,1.88688442858309,0.592853868581719,20.5695664157252,6.20737287258077,6.21330094400528
"236","shhs1",205741,"C004168",2992,0,0,20.3340177960301,"censor",54,0,0,1,0,1,30.736357659,0,0,0.7134363853,0,0,0,0,0,2.25,30,52.8674957083081,-0.11325042916919,80.5,1.22977346278317,5.12330231394326,0.0500992655093242,1.79191763000887,22.5125197084463,1.87693670947748,1.57767654437861,5.17131184106615,1.26694922512024,13.6876105741534,7.06846153770348,5.45327822378854
"237","shhs1",203928,"C015079",2719,0,0,21.5496235455168,"censor",55,0,0,1,0,1,37.804076266,0,0,17.111517367,0,0,0,0,0,1.25,29,57.6785723607848,0.26785723607848,123.5,2.39846743295019,7.58219793640137,0.0945692092456511,0.993243483070393,15.9777475470298,1.07486664950088,0.921413558507837,2.33039649446062,1.25033592265865,13.2309958754913,7.03241129872015,3.97132987208985
"238","shhs1",205303,"C005372",3358,0,0,20.9007529089665,"censor",56,0,0,1,0,0,29.07956542,0,1,1.6640986133,0,0,0,0,0,2.25,NA,51.7720708064364,-0.42279291935636,114,2.18534482758621,8.80351652263919,0.0454233367399917,1.64723376617881,15.3011635466433,1.89711656352542,1.48178471080526,3.0953542537263,1.20510866897366,14.9698404346082,7.22160067887805,4.48810637121743
"239","shhs1",205259,"C010772",3243,0,0,14.2696783025325,"death",69,0,0,1,0,0,42.095449819,0,1,11.394230769,0,0,0,0,0,3.25,NA,68.7943629921711,-0.0205637007828898,104,1.27480916030534,5.73929565560081,0.0799971914106437,1.04889497589712,17.2208065560912,1.09154357854834,0.986284090944352,2.94591319806199,1.27250251541509,15.184653771554,6.3506903087863,5.87577857693616
"240","shhs1",203504,"C015736",3324,0,1,19.0992470910335,"dementia",67,1,0,1,0,1,29.042386185,0,0,6.4257028112,0,0,NA,0,0,3.75,25,69.398418561813,0.2398418561813,273,2.58099352051836,6.2732563149833,0.06365280753414,1.08092443555911,12.5962805259269,1.17825796496696,1.03958670232707,1.80512133573379,0.620192784395253,16.0868003871437,5.31844233316343,4.88580360536114
"241","shhs1",205692,"C006568",3078,0,0,21.4483230663929,"censor",55,0,0,1,0,1,25.729423719,0,0,1.327014218,0,0,0,0,0,2.25,29,53.5120960572081,-0.14879039427919,70,3.08396946564886,9.90770608012087,0.0580982490067855,1.00348945742171,13.0033457197301,1.05781652597519,0.920000844692386,2.73294797274968,0.861698287305865,14.7567680450459,8.35315394102518,5.4941428194874
"242","shhs1",203781,"C004626",3042,0,0,14.1026694045175,"death",70,0,0,1,0,0,33.760097546,0,1,8.198757764,0,1,0,0,0,3.5,NA,74.9613394654174,0.49613394654174,211,3.35530085959885,4.87919255610208,0.0766195861855828,0.755028841683129,12.4092177461597,0.832105277050184,0.730689927905722,1.50036294066684,0.717913592769024,18.6617320874232,5.2229611890678,4.89467092319036
"243","shhs1",203620,"C004181",2947,0,0,21.8288843258042,"censor",56,0,0,1,0,1,29.322107708,0,1,1.3526570048,0,0,0,0,0,3.5,29,57.8463133739244,0.18463133739244,322,4,5.8979941989318,0.0677190516852212,1.25402900720922,11.3762446743877,1.35665937678923,1.08564252630105,1.72194972186717,1.18950808302257,20.0050829801157,8.39728614347582,8.94746100349757
"244","shhs1",205243,"C015310",3301,0,1,18.8528405201916,"dementia",62,1,0,1,0,1,25.308641975,0,0,13.690140845,0,0,0,0,0,2.5,26,62.7565997277944,0.0756599727794402,407,2.64076246334311,7.22577681632703,NA,NA,13.7660414390734,NA,NA,2.72557244440977,NA,15.430466970949,6.17126270605551,NA
"245","shhs1",203607,"C008995",2840,0,0,20.6872005475702,"death",69,0,0,1,0,1,22.863019659,0,1,0.5270863836,0,0,0,1,0,3.5,26,56.2067747018109,-1.27932252981891,196,2.91909385113269,9.94182728051286,0.0657254199352235,0.968448939114238,16.6517438779521,1.03913603406852,0.918591699191078,2.5350912826402,1.3624802841499,31.8587656804642,10.0883081187614,6.28115360078911
"246","shhs1",205239,"C002956",3314,0,0,22.8281998631075,"censor",60,1,0,1,0,1,25.663123623,0,0,20.182529335,0,0,0,0,0,4.25,29,57.27054574598,-0.272945425402,173,2.31339031339031,4.74397305024327,0.0562002583044947,1.38499459880508,17.2312986360199,1.5003714003149,1.2851647925873,2.7437408688953,1.84636613789456,15.2012398352746,8.20309960812403,6.12934044934345
"247","shhs1",203293,"C004156",2937,0,0,22.8911704312115,"censor",59,0,0,1,0,1,35.360463344,0,0,5.74385511,0,0,0,0,0,1.25,NA,67.8127014564521,0.88127014564521,160,2.57381615598886,5.87010670310377,0.134412375779161,0.582644806002836,9.21718223391302,0.624004213787679,0.543388697535611,1.72168929688513,1.55581541576758,12.7607613148704,6.96490789423545,4.74250817137919
"248","shhs1",204982,"C009539",3850,0,0,19.2197125256674,"death",69,1,0,1,0,0,41.77427686,1,1,51.483253589,1,0,0,0,0,1,NA,71.1123276539382,0.211232765393819,111,1.98466257668712,4.42881609801447,0.0757014342001893,1.09243224257425,14.1706654564884,1.15275205415525,1.02653406633252,2.43649924681454,1.03345988314332,11.4188270845318,5.74208530912636,5.52575772136963
"249","shhs1",203966,"C014349",2688,0,0,21.7741273100616,"censor",56,1,0,1,0,1,36.272068809,0,0,2.3198594025,0,0,0,0,0,1.75,28,49.9333443182278,-0.60666556817722,223.5,4.22448979591837,9.16701176937523,0.0265443024652389,1.39975986607343,12.3088664019609,1.49991001346963,1.31231565641364,1.93941926125091,1.04635965441784,19.1193813249219,9.29873457512466,6.6419375740848
"250","shhs1",205705,"C008125",3017,0,0,15.7125256673511,"death",67,0,0,1,0,0,30.370396931,0,1,14.630541872,0,0,0,0,0,2,27,65.2535718060155,-0.17464281939845,97.5,1.88479262672811,4.17691022785713,0.052446909287272,1.37958521261178,17.1597474981771,1.47067045756139,1.27513194063635,3.69227569448451,1.74297654503312,11.5392027065769,5.65772980802817,5.32175779516875
"251","shhs1",203155,"C012060",2979,0,1,21.1690622861054,"dementia",60,1,0,1,0,1,33.834466469,0,0,4.18230563,0,0,0,0,0,4.25,25,60.0893198198394,0.00893198198394032,216.5,3.45219638242894,4.52085231050861,0.0692024337795964,0.869580913915785,17.7577062339592,0.942209340170911,0.830786294191042,2.47813085667301,1.48907098237268,16.1028590119313,8.29321000052774,8.57981226491523
"252","shhs1",203724,"C015386",2762,0,0,22.4065708418891,"censor",65,0,0,1,0,1,26.174895895,0,0,0.4020100503,0,0,0,0,0,3.5,30,57.1367191515091,-0.78632808484909,93,2.04824561403509,6.7326388593859,0.0823762153393647,1.32276178682709,24.3551394098079,1.45207532135571,1.28523525290775,4.61482680475134,0.957573339181088,13.6048825399966,8.67477077051567,5.69130403329911
"253","shhs1",203743,"C005521",3094,0,0,20.8678986995209,"censor",65,0,0,1,0,0,35.731453293,0,0,4.0431266846,0,0,0,0,0,2.25,28,60.7372674661511,-0.42627325338489,360,3.29710144927536,6.00430390399956,0.0746626965158688,0.951306880645819,17.1226724216904,1.03378681939617,0.897714982390819,2.61907231789692,1.33251542451213,14.8340277701917,8.08606466568794,5.76924703927856
"254","shhs1",203940,"C008112",2707,0,0,21.5496235455168,"censor",56,1,0,1,0,1,31.522112294,0,0,6.4056939502,0,0,0,0,0,1.5,28,52.2261240271576,-0.37738759728424,234.5,4.43493150684932,9.22805939992665,0.0274602431659414,1.12778454199405,16.2826991857885,1.18589560696482,1.02680326078067,2.52275971862445,1.50270330582011,21.4307384935876,6.80728146027479,6.6008697720185
"255","shhs1",205723,"C007084",3015,0,0,20.7091033538672,"censor",68,0,0,1,0,1,26.398013139,0,0,1.4535666218,0,0,0,0,0,5,27,69.9615261816955,0.19615261816955,212.5,2.23820754716981,3.73010755166399,0.059980425008803,1.46288236953009,12.8155403569903,1.54572603650922,1.31913972582611,2.02347755317705,0.951607934825263,11.7231950125854,5.28059588035754,6.22654812941175
"256","shhs1",205083,"C007164",3373,0,0,22.9596167008898,"censor",60,0,0,1,0,0,22.25270538,0,0,0.3076923077,0,0,0,0,0,1.75,26,57.822623281522,-0.2177376718478,247.5,3.54794520547945,7.74814834558476,0.0432593691118474,0.977597179848268,11.5465613145538,1.14339462970111,0.886524682186027,2.22015520649942,1.60087986209263,17.3543013254957,7.33313097044879,5.33667791451606
"257","shhs1",205173,"C015684",3360,0,0,8.78302532511978,"death",63,0,0,1,0,0,28.971996128,0,0,0.8032128514,0,0,0,0,0,2.25,NA,64.596565511615,0.1596565511615,110.5,1.49221183800623,7.52249296657411,0.0602058929905484,0.95762477471008,13.9247797527629,1.00024645741523,0.873173981819833,2.26614548575399,1.03160805190856,12.347946800586,5.7254482766276,4.22677257007148
"258","shhs1",203119,"C008461",3025,0,0,3.3264887063655,"death",70,1,0,1,0,0,25.142082879,1,1,5.2390852391,0,0,0,0,0,2,NA,65.7437856789295,-0.42562143210705,49,0.909090909090909,5.68043089821995,0.0251766851592486,1.16532411030616,18.9670973836093,1.23900628582524,0.95552566763954,3.5739230806668,1.74954281048714,10.4045854324248,4.49721148315188,3.85354597090844
"259","shhs1",203341,"C008464",2912,0,0,3.50444900752909,"death",72,1,0,1,0,0,31.877288221,0,1,4.8721804511,0,1,0,0,0,2.5,NA,66.0630925890957,-0.59369074109043,180,1.68181818181818,5.91659009125186,0.0620074439590483,1.19550431328602,14.2040041134644,1.27852617934024,1.08854297906202,2.50374446738731,0.914060747328491,9.84720307841962,8.04733252480517,5.54163526472773
"260","shhs1",202948,"C011480",3759,0,0,19.7234770704997,"death",60,1,0,1,0,0,28.867786706,0,0,2.4357239513,0,0,NA,1,0,2.25,23,59.6027113577895,-0.0397288642210498,235,4.18805970149254,8.48379783128481,0.0675397649142763,0.811019953220838,15.3353705935063,0.864874585883728,0.731533412624199,2.62128823738898,1.64522088775734,17.5809007187609,5.48852443363068,5.12877914795554
"261","shhs1",203722,"C006520",2772,0,0,22.9404517453799,"censor",59,1,0,1,0,1,22.408329561,0,0,3.5567010309,0,0,NA,0,0,3.75,30,64.8482805844231,0.584828058442309,167.5,1.88557213930348,7.52278165735257,0.074106516362634,0.969089314046542,15.0059009334843,1.00560278797493,0.868359343144613,1.72293224008856,1.0630828125342,14.9139848770772,4.2284970658392,4.83963117821
"262","shhs1",203665,"C010927",2801,0,1,19.3593429158111,"dementia",63,0,0,1,0,1,28.316808765,0,0,9.4151212553,0,0,0,0,0,2.75,NA,65.5692947921122,0.25692947921122,257.5,3.22278481012658,7.07613199292799,0.111399648610773,0.874291925735335,12.957266837092,0.92030372199287,0.822835128142391,1.5384387542777,0.707724036874253,15.0630265046078,7.24874799018613,4.62055496774739
"263","shhs1",205627,"C005762",3224,0,0,18.6776180698152,"death",56,0,0,1,0,0,30.836530532,0,0,1.3930348259,0,0,0,0,0,1.5,30,54.8407345704911,-0.11592654295089,163,3.69189189189189,9.52658934423521,0.0493892758705385,1.0466202980091,12.318894552933,1.12915045645902,0.889940714423914,2.53940197054658,1.06242395840344,21.6498687241372,7.95619966841024,4.01369290342163
"264","shhs1",203733,"C010887",3125,0,0,10.861054072553,"death",67,1,0,1,0,0,27.400353796,0,1,4.72303207,0,0,0,0,0,3.75,NA,63.9569111835268,-0.30430888164732,166.5,2.06835443037975,7.10149101224295,0.080044928644054,0.982959545111099,13.9273963461809,1.05244673569767,0.921044230037929,1.96791085349408,0.851061902876484,14.4632520583405,8.76005994949812,5.60859103962174
"266","shhs1",205268,"C005167",3256,0,0,23.1868583162218,"censor",63,1,0,1,0,1,31.19509484,0,1,0.8964781217,0,1,0,1,0,2.75,NA,61.086181638714,-0.1913818361286,221,2.39948453608247,8.27559484350112,0.0192307481786135,0.792624682051,16.8880572613731,0.819069817903146,0.734299971911517,1.6941399446324,0.898264772711888,17.6593068173392,6.0874261828532,5.22438181833409
"267","shhs1",205390,"C001083",3236,0,0,22.0999315537303,"censor",63,0,0,1,0,0,23.306680053,0,1,4.5169385194,0,0,0,0,0,4,30,65.768293777929,0.2768293777929,139.5,4.01140684410646,6.31303724051676,0.0776279170984724,1.13952560217882,11.8569106644212,1.21715059323219,1.04049543989705,2.05520927337715,1.04209588377396,20.2103537649283,6.4331304072252,5.00494785986292
"268","shhs1",203090,"C010659",3680,0,0,21.0130047912389,"censor",57,0,0,1,0,1,27.425047669,0,0,28.914027149,0,0,0,0,0,2.75,30,53.0614689060892,-0.39385310939108,269.5,3.22295805739514,6.80378235224616,0.052196342061577,1.55795421458937,19.5783799057326,1.71907624913129,1.42204634798537,3.25500609556522,1.28593835934985,20.0512255113886,7.64611473194142,6.70642842551156
"269","shhs1",203843,"C004578",2794,0,0,21.2950034223135,"censor",65,1,0,1,0,1,29.204152249,0,0,28.636363636,0,0,0,0,0,3.5,30,62.8284427588951,-0.21715572411049,229.5,2.64088397790055,5.73997717298386,0.0511586829816214,1.06609974111306,17.6654468199114,1.15629440520057,0.974639857633924,2.88358084000374,1.26384151143639,14.6824478560871,6.4091732596643,6.37855064338558
"270","shhs1",203759,"C010776",2674,0,0,22.0643394934976,"censor",70,1,0,1,0,1,27.889273356,0,0,2.3529411765,0,0,0,0,0,4,NA,80.0580231122408,1.00580231122408,95,1.55072463768116,5.19172370675635,0.0671032814529129,0.660176800500679,8.62474586982302,0.72388055009586,0.620345603828377,1.32893970285101,0.491340402955905,18.9164519630489,4.29314092258661,3.07629294442986
"271","shhs1",205293,"C006000",3269,0,1,15.1676933607118,"dementia",68,0,0,1,0,0,27.911882835,0,0,18.116129032,0,0,0,0,0,2,20,61.7660849088717,-0.62339150911283,238.5,2.88009592326139,6.62785053721042,0.0529007623017164,0.917557942129805,17.5546660819249,1.05572266909083,0.854977515399661,3.16059208023488,1.45060036433147,17.293596924826,7.82541681585208,5.12746883555506
"272","shhs1",203967,"C015649",2856,0,1,21.3744010951403,"dementia",64,1,0,1,0,0,29.889538661,0,0,17.351598174,0,0,0,0,0,2.75,28,65.9087493550055,0.19087493550055,106.5,1.28877005347594,14.9866339446715,0.0341481331171934,1.0125630757425,11.2640088229516,1.04429340815901,0.913270848258941,2.10246068029046,0.649571934136763,13.4347151092176,7.4389277971575,6.65561686195369
"273","shhs1",205528,"C004910",3259,0,1,18.9733059548255,"dementia",66,1,0,1,0,1,24.151672503,0,1,1.628959276,0,0,0,0,0,2,26,58.6407832577565,-0.73592167422435,238.5,2.8768267223382,9.77179180316657,0.066243784108334,1.27621867165786,14.2897022487184,1.54713499679152,1.28278232809852,2.75393745478411,1.72489958932135,21.8676486570604,7.55364923699031,9.02723976479509
"274","shhs1",205222,"C001110",3326,0,0,21.6427104722793,"censor",62,0,0,1,0,0,24.376417234,0,0,12.931034483,0,0,0,0,0,4,30,64.6628221429086,0.26628221429086,204.5,2.88251366120219,5.78012362603985,0.0633554336278695,1.28990283033087,13.2512261275044,1.50531574532652,1.17865833777035,1.65191420639937,0.853359277813895,15.5981635598241,5.41603443097607,3.26840973732855
"275","shhs1",205277,"C008574",3341,0,1,16.1204654346338,"dementia",66,1,0,1,0,0,25.411329093,0,0,4.1626794258,1,0,0,0,1,2.5,NA,60.3294387529878,-0.56705612470122,270,3.23577235772358,5.66970192320801,0.0291821468633273,1.54494067431535,16.7149636883654,1.62042506945791,1.40976817789411,2.97245519892278,1.18136518514247,20.9582699850727,7.65369330471313,6.60995262329521
"276","shhs1",205176,"C000248",3351,0,1,20.37234770705,"dementia",64,0,0,1,0,0,25.886346977,0,0,1.8997361478,0,0,0,0,1,3,30,73.5127754056126,0.95127754056126,96.5,2.84020618556701,4.5130907713639,0.0581766479178307,0.806376250752466,8.44060108089178,0.850721546336198,0.747708493677403,1.02034860078992,0.485287419709577,10.8790910860043,4.37357131646884,3.43927164707196
"277","shhs1",202935,"C003527",3779,0,0,21.7357973990418,"censor",64,1,0,1,0,1,30.604338843,0,0,14.35483871,0,0,0,0,0,2.75,30,61.0063332897215,-0.29936667102785,147.5,1.68796068796069,8.19377596278196,0.0466994912560579,1.30734172967528,14.2798857887724,1.41140067400691,1.20694820687796,2.48531646678395,0.912950990726081,19.3185767444415,7.7322801845422,7.97552683206603
"278","shhs1",203779,"C014324",2764,0,0,22.3490759753593,"censor",53,0,0,1,0,1,29.090909091,0,0,18.473684211,0,0,0,0,0,3,29,52.5507258094542,-0.04492741905458,247.5,3.30057803468208,6.89214290194989,0.0969341188732494,1.37465989080486,23.375586994302,1.53355725901041,1.28485931740628,4.07088734239621,1.37380530100354,20.0313706454015,7.02896221744704,4.08675533900221
"279","shhs1",203534,"C011746",2842,0,1,21.4401095140315,"dementia",67,0,0,1,0,0,28.717218464,0,0,2.9583975347,0,0,0,0,0,3.25,28,66.6331685283065,-0.0366831471693501,190.5,1.87068965517241,5.97236813919673,0.0526519778234131,1.15505357913229,16.6482640402241,1.28936161739367,1.10106130789612,1.91131164715636,0.56593363025859,12.0142434591321,5.48758661719371,4.40995378993592
"280","shhs1",205605,"C009922",3141,0,1,11.3894592744695,"dementia",67,0,0,1,0,0,30.4156521,0,0,0.914866582,0,0,1,0,0,1,NA,62.5053474215919,-0.44946525784081,89,1.78453038674033,6.66322717830706,0.140931003829473,1.33072858109714,15.850084903457,1.83107174655477,1.3075470322695,4.112235863177,2.65880931823446,15.8837371951739,7.30961959995448,3.81988873821717
"281","shhs1",205753,"C000873",2970,0,0,20.4654346338125,"censor",55,0,0,1,0,0,31.675170068,0,0,14.686567164,0,0,0,0,0,3.5,29,57.8727840267475,0.28727840267475,150,3.35585585585586,4.25264891225715,0.0359178564248577,0.964215089987684,21.724751109554,1.03025848558335,0.917327907437741,3.56239655415109,1.12537492274609,19.1695293800186,6.75441233361799,5.16241936677491
"282","shhs1",205246,"C000379",3277,0,0,16.5420944558522,"death",60,1,0,1,0,0,24.365610403,0,1,0.8941877794,0,0,0,1,0,1,NA,53.6862056266046,-0.63137943733954,130,1.27435897435897,13.2331542114604,0.0877833896434995,0.967137917905387,10.1663685832993,1.01278501817271,0.875893701411242,1.14785631905809,0.907746094705912,15.9927223633396,10.378328025844,6.06429264907585
"283","shhs1",205012,"C004174",3374,0,0,22.8501026694045,"censor",66,1,0,1,0,0,23.967346939,0,0,0.9549071618,0,0,0,0,0,3.75,29,68.1376532669025,0.21376532669025,205.5,1.86455981941309,4.26274162966775,0.130591784212096,1.03178102284475,18.3413153947261,1.11788610539779,1.0003446979613,2.28185456779295,0.600691094768417,11.3821321162102,7.95175038657473,6.41130524990533
"284","shhs1",205450,"C004614",3257,0,0,22.072553045859,"censor",67,1,0,1,0,1,23.121387283,0,1,7.5720164609,0,0,0,0,0,3.75,27,60.3056382890103,-0.66943617109897,199.5,1.53388090349076,4.09457556532663,0.0444849359957503,1.82217154370601,18.3046374565583,1.90884900933009,1.67557057163225,2.51741311394315,1.57652781526492,11.5386612989257,7.50369901738673,5.49807847181846
"285","shhs1",203550,"C013315",2808,0,0,5.79876796714579,"death",59,1,0,1,0,1,29.197530864,0,0,25.714285714,0,0,0,0,0,3.5,NA,62.586683494082,0.3586683494082,163,2.759375,5.51714089681477,0.0641157975369672,0.916169146134851,14.2976611902495,0.959649714471162,0.86838556877789,2.10645884439923,0.732628051432463,15.8149564983455,7.78495173908165,6.47207728988089
"286","shhs1",203315,"C007152",2935,0,0,22.8829568788501,"censor",61,0,0,1,0,0,36.071569436,0,1,29.430051813,0,0,0,0,0,3,30,70.7347575558671,0.973475755586711,203,2.24449877750611,2.98419267042602,0.121245918531698,0.786349982041503,12.6803740007922,0.910206658386773,0.752715416385094,0.937175044873463,0.443702276127479,6.83154299399831,6.63574928061458,6.72343914867651
"287","shhs1",203126,"C000944",3046,0,1,21.2265571526352,"dementia",65,0,0,1,0,1,29.545699021,0,0,2.8436018957,0,0,0,0,1,4,28,75.4018839986929,1.04018839986929,294,3.63269639065817,4.47071284152227,0.104124805599819,1.23071120395007,10.6727870061174,1.35489777511041,1.13299238905935,1.28331605607257,0.295361130878419,22.3699808432614,4.24104001793836,3.77101747421301
"288","shhs1",205803,"C005508",2883,0,0,22.0260095824778,"censor",53,1,0,1,0,0,25.374483471,0,0,2.9666254635,0,0,0,0,0,2,27,60.0046890195346,0.70046890195346,239,2.67058823529412,6.18863755767913,0.0778252444203416,1.10218645484626,14.0437379525043,1.30919057619372,1.0998388607431,2.42586438483898,0.78258288444906,17.1235781698005,6.33983595709664,4.06437064373243
"289","shhs1",205423,"C009482",3254,0,0,14.5434633812457,"death",66,1,0,1,0,0,33.967391304,0,1,25.674418605,0,0,0,0,0,3.75,NA,66.4542289677982,0.0454228967798201,158.5,2.51810584958217,9.78133689272882,0.0626180631509369,0.828822266550375,8.47907550338228,0.869117017332836,0.745676937988495,0.98377617308318,0.680068645563927,16.6918219654835,6.36022015315748,4.09708157643674
"290","shhs1",205229,"C011311",3304,0,0,13.1498973305955,"death",62,0,0,1,0,1,22.77318641,0,0,2.1761658031,0,0,0,0,0,2.5,NA,70.0229536523099,0.802295365230989,129,2.3525641025641,5.73445331539891,0.0565315920207979,0.742523956156813,11.8566492116616,0.776770420705903,0.699105949372302,1.58274798839962,1.00836792031968,15.0896102155812,4.2690388792268,3.54395821255376
"291","shhs1",203883,"C004884",2723,0,1,6.90212183436003,"dementia",61,1,0,1,0,1,29.111498756,0,0,0.6428571429,0,0,1,1,1,3.25,NA,70.2126615033489,0.92126615033489,90.5,1.12926391382406,5.42604432503079,NA,NA,9.55342759066923,NA,NA,1.39253377278061,NA,8.06969025775051,4.91425004386891,NA
"292","shhs1",203385,"C001963",2967,0,0,22.8637919233402,"censor",64,1,0,1,0,0,28.840702948,0,1,23.806970509,0,0,0,0,0,3.25,30,64.3563939595696,0.0356393959569601,253.5,2.53737373737374,15.0120530955846,0.0723251546079587,1.51012530466785,9.87417388582052,1.57318526911149,1.28814104931098,1.65339476081695,1.27082185224551,14.315347425079,6.4800129692671,8.10968967515902
"293","shhs1",203558,"C003306",2817,0,0,22.0396988364134,"censor",66,1,0,1,0,1,28.266898326,0,0,0,0,0,0,0,0,4,28,61.3564145856368,-0.46435854143632,145,1.75945945945946,6.58361564799464,0.0363678636579475,1.38389480663188,14.0041533614303,1.46888341595398,1.27050945238994,2.91798254926362,1.6410592551952,15.870544918273,7.37034013852604,7.16940099451945
"294","shhs1",202993,"C002254",3814,0,0,20.3805612594114,"death",58,0,0,1,0,0,36.937088885,0,0,35.155482815,0,0,NA,0,0,1.5,NA,57.2668799560827,-0.0733120043917303,146.5,2.56727272727273,5.60256277844678,0.0509995295751862,1.25746242712742,16.3727014095739,1.36689923223963,1.15858935939332,3.35752499683055,1.5149835856447,16.184757230686,7.83280092248617,7.38509225635175
"295","shhs1",205613,"C015770",3133,0,1,19.501711156742,"dementia",65,0,0,1,0,0,35.651337927,0,0,43.055934516,0,0,0,0,0,2.5,28,71.0658846180879,0.606588461808791,113,1.49586776859504,7.0077187463998,0.088185118416821,0.660320554325553,13.2026881248918,0.752706845308695,0.671637983541228,1.86273854710106,1.04714359874531,16.8752890554607,5.18339981466666,3.75146805890997
"296","shhs1",203114,"C011247",2951,0,1,20.3039014373717,"dementia",60,1,0,1,0,1,24.897060232,0,1,4.4313146233,0,0,0,0,0,3.25,NA,62.5708964607012,0.25708964607012,196.5,2.93123209169054,5.17358338291371,0.073275074941357,0.757551128378453,13.1797381448664,0.85944658417093,0.746416289626191,2.1504462659489,1.44092432267987,14.4335106004182,7.90617348777817,6.36905755133021
"297","shhs1",203290,"C011427",2886,0,0,10.9130732375086,"death",69,1,0,1,0,0,26.383673469,0,1,1.3219094247,0,0,0,0,0,2.75,NA,63.2442100545897,-0.57557899454103,233,2.77927927927928,6.2413458460589,0.0638570238620614,0.989722526892857,14.056552580713,1.10470570968855,0.915366797995746,2.096587571561,0.97557069873367,14.9031740289045,9.34460295759,7.84246880852766
"298","shhs1",203742,"C014817",2695,0,0,23.088295687885,"censor",66,1,0,1,0,1,25.500910747,0,0,14.702702703,0,0,0,0,0,3,28,69.8853388865988,0.38853388865988,83,1.18831168831169,5.58759825039995,0.0423063775209002,1.0129952419627,12.0648231619837,1.20217648414609,1.00163391099448,1.91085068931704,0.6496233525035,15.7095235679622,5.82433585399311,3.78104370467989
"299","shhs1",205282,"C007111",3419,0,1,19.8083504449008,"dementia",62,0,0,1,0,0,24.241544491,0,0,5.3173652695,0,0,0,0,0,1.25,28,53.6646815639914,-0.83353184360086,330,4.16,10.2157401015112,0.101722151063182,1.31627395441541,18.9315664487713,1.38075986866176,1.17246856730763,2.91797115151093,1.13150728081061,21.6211168493198,8.59805328499593,4.76533872107798
"300","shhs1",205594,"C012652",3132,0,0,21.3990417522245,"censor",62,1,0,1,0,1,30.34607438,0,1,50.116472546,0,0,0,0,0,1.5,29,67.1890618557937,0.51890618557937,61,0.700251889168766,5.56194445369715,0.135181007823033,0.974648475087304,17.6993660089147,1.1046729463097,0.89523217590346,2.69769190954971,0.812733331381954,10.1097117871386,6.76157200732607,4.28453946357728
"301","shhs1",203708,"C001519",2749,0,0,8.06023271731691,"death",64,0,0,1,0,1,24.375,0,1,12.84015852,0,0,0,0,0,3,NA,56.471190985462,-0.7528809014538,158.5,2.55495978552279,6.49633857797367,0.0365281620131046,1.35574078398685,13.9928854625525,1.47242564217564,1.18148208238317,2.91028843186396,1.67235006506874,14.4548051298328,9.00048383521257,5.30568942539173
"302","shhs1",205615,"C009555",3112,0,0,16.4599589322382,"death",73,1,0,1,0,0,26.740128558,0,1,8.6885245902,0,0,0,0,0,3.25,NA,76.6956770175007,0.36956770175007,196.5,2.24652087475149,2.89042998201682,0.0619156288345301,0.928976675189201,9.82818907858067,1.03074190392764,0.865001178084582,1.17440299825026,0.699958328520575,11.4384866939169,5.86787660139112,2.85044591305977
"303","shhs1",203834,"C001677",2793,0,0,22.2614647501711,"censor",71,1,0,1,0,0,25.020805928,0,0,29.585798817,0,0,NA,0,0,3,28,56.9430533692312,-1.40569466307688,251.5,3.08381502890173,11.2763775711495,0.0282100470211315,1.38807891132095,16.3393832332292,1.54147739438282,1.31052788381031,2.61778792133871,2.25901482240153,24.2960795388956,6.73099223492887,8.4665847101785
"304","shhs1",203186,"C004282",3000,0,0,22.3655030800821,"censor",54,1,0,1,0,1,40.293877551,0,0,26.953846154,0,0,0,0,0,2.5,30,58.7202020015008,0.47202020015008,110,3.44075829383886,4.89943972534989,0.04731505543421,1.15961034104116,16.7544218875688,1.26529619682596,1.07971840317048,2.10696621917911,5.05810830904297,15.9667648244832,6.49760813713764,11.1883982120289
"305","shhs1",203191,"C013191",2991,0,1,12.5639972621492,"dementia",59,0,0,1,0,0,37.035608194,0,0,0.9244992296,0,0,0,0,1,1.25,NA,68.7205971005406,0.97205971005406,133.5,2.53869047619048,4.37426936750903,0.060497426900572,0.605927633831452,14.9162939238012,0.641571484896053,0.571935150605902,1.40494080641254,0.973117860576449,16.095842239618,4.8959544395954,4.55066076063312
"306","shhs1",203247,"C014496",2977,0,0,18.7077344284736,"death",57,1,0,1,0,0,29.475392104,0,1,14.158878505,0,0,NA,0,0,2.5,28,49.0947936101179,-0.79052063898821,194,1.77884615384615,7.25973747789022,0.0584655071737962,1.14681608394704,13.7058436429104,1.38365992071151,1.04852399224866,2.98540839557813,2.4214460874588,27.8068009034724,11.4112158353541,14.6185413676454
"307","shhs1",203951,"C014172",2710,0,0,22.425735797399,"death",64,0,0,1,0,1,35.003199217,0,1,10.855263158,0,0,0,0,0,2.75,29,56.0956886205742,-0.79043113794258,235.5,3.26060606060606,7.79892850295055,0.0472840757389139,1.90736020713737,10.4210193983902,2.11773687859225,1.58701173299668,1.99201561529286,0.913578375970912,18.5348558553915,8.9162138851851,5.16986175304297
"308","shhs1",205382,"C000132",3268,0,0,21.9520876112252,"censor",60,0,0,1,0,1,21.171875,0,0,22.268041237,0,0,0,0,0,2,30,59.051872548076,-0.0948127451924002,189,2.85614035087719,7.92996258406377,0.0356371240865803,0.554104203299546,14.7987070660042,0.599239296154695,0.508373354447228,0.350559212463874,-0.397639326813472,0.95350969782135,7.28896650914347,6.76888224081776
"309","shhs1",203789,"C008113",2769,0,0,21.8015058179329,"censor",59,0,0,1,0,1,25.257657135,0,0,0.1615074024,0,0,0,0,0,3.5,30,53.8286519571613,-0.51713480428387,322,3.00274725274725,8.58643222490493,0.0405476860890251,1.8480093298594,9.47136834537361,2.04372374729641,1.60785947432703,2.11514573341576,1.11617482895697,16.0729444028256,7.59516554520778,5.64462698659306
"310","shhs1",203462,"C005598",2904,0,0,21.8672142368241,"censor",61,0,0,1,0,0,24.005486968,0,1,1.5952732644,0,0,0,0,1,3.5,27,58.7400335641886,-0.22599664358114,150.5,2.09511568123393,4.59931313893329,0.0677824558209923,1.28593118664903,15.7936123032941,1.37091339323701,1.15214821809285,2.72716788262784,1.57174954044927,14.9195669456723,9.34867522480546,6.38626493946072
"312","shhs1",205152,"C011324",3276,0,1,22.0232717316906,"dementia",65,0,0,1,0,0,23.808532778,0,0,2.8609271523,0,0,0,0,0,2.5,25,70.3902833057629,0.539028330576291,151.5,1.58711217183771,5.38042580742149,0.0771425395580139,0.651829308579769,11.4469459421899,0.755418600574704,0.602602520385882,1.43295076141645,1.08007506337536,9.5611701840501,5.5233936105553,3.3916268344064
"313","shhs1",203949,"C004929",2663,0,0,21.8672142368241,"censor",52,1,0,1,0,1,26.341250273,0,0,1.6520650814,0,0,0,0,1,2,28,50.9653036940873,-0.10346963059127,152,1.37429111531191,4.64717325429617,0.0323372102154722,1.71021093245525,20.6338308208545,1.777851652317,1.57019169320214,4.1670895660836,1.11478659395011,11.7823602442809,8.11957131435359,6.49632922325967
"314","shhs1",203569,"C008100",2794,0,0,21.5660506502396,"censor",57,1,0,1,0,1,21.977365702,0,0,1.2162162162,0,0,0,0,0,3.75,30,52.2995737269348,-0.47004262730652,406,4.05725190839695,8.06295328374372,0.0410856400451834,1.19975623966953,15.871602218481,1.2734620536227,1.08318985508192,2.78609783651343,1.62781562952765,21.8919293179298,7.99441390271695,5.68135829258887
"315","shhs1",203904,"C006741",2947,0,0,22.0205338809035,"censor",54,1,0,1,0,1,41.386880165,0,1,31.435406699,1,0,NA,0,0,2.25,28,62.515548132514,0.8515548132514,197,2.34272300469484,4.41704299258736,0.0818669447720438,1.01767589470692,16.3209565074344,1.08554677721506,0.971520261196324,2.31610471201427,0.943588006164646,15.5852307993653,6.36975703553947,6.89670708450363
"316","shhs1",203725,"C007601",3122,0,0,19.9698836413415,"death",57,1,0,1,0,1,28.640453766,0,0,33.211009174,0,0,0,0,0,1.75,NA,57.5088863246647,0.0508886324664701,221,2.68483412322275,5.51336721083129,0.032452300478775,1.05748269909145,21.0002813051872,1.12158328786632,0.977594618654977,3.19356267904359,1.64073369007023,17.0029216646909,5.57812549920654,5.68828109827987
"317","shhs1",205481,"C014634",3275,0,0,9.637234770705,"death",58,1,0,1,0,1,43.004359889,0,1,74.754098361,1,0,0,0,0,2.5,NA,55.4650274396887,-0.25349725603113,123.5,2.02952029520295,5.44072781688438,0.0347839892808653,0.948703438543824,17.2904947484573,0.978521612416627,0.895288360031757,1.42307156362345,0.990316801435044,11.7906833462257,9.92865937657879,7.9642554093099
"318","shhs1",203007,"C004671",3708,0,0,4.98562628336756,"death",66,1,0,1,0,1,23.532349178,0,0,7.533632287,0,0,0,0,0,1.5,NA,68.903884213187,0.2903884213187,86.5,0.864406779661017,6.31088824582063,0.0317441270392029,0.961714277561592,11.8626543617896,0.994413170745985,0.899876124617129,2.08201197472567,1.22866822403885,8.00119854130516,4.05719327131316,4.48833225606841
"319","shhs1",203088,"C003735",2974,0,1,19.9288158795346,"dementia",68,1,0,1,0,0,33.666846944,0,1,54.759036145,0,1,0,0,0,1.5,24,51.7272197324529,-1.62727802675471,176.5,1.77544910179641,8.51719507679638,0.0730590419372562,0.865342835044773,22.7907231312875,0.950735893227139,0.81443534824281,3.3179494233486,2.22486399490103,7.19022977077943,10.3861211488384,6.6744180525198
"320","shhs1",205299,"C014602",3429,0,0,21.4729637234771,"censor",57,1,0,1,0,1,27.730121494,0,1,2.4379232506,0,0,0,0,1,3.25,29,60.5143429814647,0.35143429814647,312,3.19396551724138,7.08874637195864,0.0350707527481578,1.07387895724195,10.2996242380087,1.17168825271132,0.965410061891196,1.56853833709334,0.634544265355501,13.2242277964405,5.65885692000143,4.17520817315556
"321","shhs1",205236,"C006221",3703,0,0,6.0889801505818,"death",56,1,0,1,0,1,30.857142857,0,1,2.8772919605,0,0,0,1,0,2.25,NA,54.3358150491912,-0.16641849508088,214,1.43071161048689,7.70549614124649,0.0453981291847772,0.93766948518112,17.223494376856,1.0392845402343,0.929194483306085,3.33491810865853,1.80240029299357,21.2079155976187,9.00265482835634,10.0563565133765
"322","shhs1",205180,"C008883",3506,0,0,21.015742642026,"censor",59,1,0,1,0,0,28.016326531,0,1,11.363636364,0,0,0,0,0,2.25,26,58.2790546554339,-0.0720945344566097,314.5,3.33620689655172,7.4260365136982,0.0666729486551463,1.03129635364429,13.366364619105,1.10730696785263,0.962372864961457,1.99219888271057,1.34131603449975,14.9748245519827,7.24124681857836,6.22342268203976
"323","shhs1",205375,"C009979",3225,0,0,22.1930184804928,"censor",70,0,0,1,0,0,26.666666667,0,0,4.6987951807,0,0,0,0,0,3.25,28,67.1247919047818,-0.28752080952182,106.5,1.21718377088305,7.7221009416536,0.0833498230079196,1.72079259962893,14.6324981404149,1.85330488166325,1.48192277438696,1.82117159417003,0.65547648347058,11.0114561454253,5.06444531696601,6.51219398528392
"324","shhs1",203963,"C005367",2673,0,0,21.9110198494182,"censor",63,1,0,1,0,0,30.787760172,0,0,9.5857988166,0,0,0,0,0,1.5,27,64.0952270986955,0.10952270986955,77.5,2.87790697674419,6.96747469987417,0.0618439442721776,0.951349625342037,11.9714685627829,1.11889979248456,0.981091825856963,1.75349505848429,0.475290736968639,15.0232552237775,7.73994055248795,5.46102093394593
"325","shhs1",203617,"C006723",2775,0,0,22.6338124572211,"censor",68,0,0,1,0,1,27.614265928,0,0,3.6585365854,0,0,0,0,0,3,29,62.6153795299202,-0.53846204700798,165.5,2.6797385620915,8.41428961839166,0.0189896469299326,0.781404746925798,13.8109169058787,0.838494748479362,0.750051536452232,2.3099357918931,0.827162357434448,14.6023323875787,7.28069278278355,6.00244045957121
"326","shhs1",205744,"C008123",2980,0,0,21.6947296372348,"censor",55,0,0,1,0,0,25.948340651,0,0,1.0603829161,0,0,0,0,0,2.25,29,59.7660789150068,0.47660789150068,133,2.35521235521236,6.73240209978269,0.0845114094747237,1.24892083714903,12.2834968267338,1.30936002140047,1.1185870922108,2.13770952470078,1.06173590843597,11.8133426263444,6.47694514206179,4.06680360095079
"328","shhs1",203430,"C015664",3390,0,1,19.2388774811773,"dementia",71,1,0,1,0,0,30.84951777,0,0,3.008356546,0,0,0,0,1,3,23,65.1385777820086,-0.58614222179914,258,3.85372340425532,7.36902910423336,0.0672384960865564,1.64722186852139,8.2273415292351,1.74657295221951,1.51197693658281,1.38376547342184,0.410124883823274,18.996467568232,8.89291927062748,7.19029498002035
"329","shhs1",203467,"C009418",3068,0,0,22.5571526351814,"censor",56,1,0,1,0,1,27.266435986,0,0,24.522370012,0,0,0,0,0,4,29,62.6492245506011,0.66492245506011,186,1.44781144781145,4.46588643650018,0.0477878418341732,1.36254842794699,12.7403292055237,1.43092558402673,1.21909256377087,1.87855890335005,0.461021139484729,13.8003540646366,6.67977149968438,3.29182777959456
"330","shhs1",205780,"C002801",2931,0,0,20.621492128679,"censor",53,0,0,1,0,0,18.664485425,0,1,0.2803738318,0,0,0,0,0,1.5,30,66.4063285409481,1.34063285409481,221,3.18952618453865,5.56721297586456,0.0693105588533614,0.723276282001214,7.10360121074975,0.760963792125002,0.667167445137552,1.14481507864675,0.518723470883079,17.3344725978623,5.95417718013213,4.80449579868161
"331","shhs1",205562,"C004117",3174,0,0,9.33333333333333,"death",58,1,0,1,0,1,26.621746598,0,1,7.9266055046,0,0,0,0,0,2,NA,60.0864954071704,0.20864954071704,245,2.66666666666667,6.61253188308509,0.081438732081604,1.27415165647223,14.8488831985535,1.35503129443911,1.15033470101081,2.65856091049111,1.40385993813555,14.2171039475673,5.91106607493952,5.29497978719017
"332","shhs1",205717,"C006087",3026,0,0,20.3832991101985,"censor",57,0,0,1,0,0,24.501784652,0,0,23.058823529,0,0,0,1,0,2.5,30,67.8026997734652,1.08026997734652,175,2.74592833876221,3.28852179622214,0.0539267409479779,0.804471140337002,7.10170638029765,0.852235935569317,0.739080273303716,1.19532884680852,0.558320680761066,13.4336353235135,7.27227018408554,5.2701837550364
"333","shhs1",203947,"C009302",2871,0,0,20.8186173853525,"censor",64,0,0,1,0,1,50,0,1,19.060402685,0,0,NA,0,0,1.5,28,55.1613756919534,-0.88386243080466,137.5,2.17073170731707,9.57542209150633,0.0461784541518081,1.25361583973927,19.2671124930053,1.5119219607289,1.2069605493063,4.46092003014987,1.19037680350544,33.2527374840536,6.78050983096738,4.37604367667589
"334","shhs1",205343,"C008102",3305,0,0,13.6509240246407,"death",64,1,0,1,0,0,24.426078972,0,0,4.0837696335,0,0,0,0,0,1.5,NA,53.9295002594086,-1.00704997405914,210,2.04096385542169,10.331802798286,0.0552060184414081,1.4226431397171,17.7951155308572,1.46522714898838,1.29064768076217,3.67233253359347,0.805102204293408,13.4000886042381,8.45614577741551,7.99760421687826
"335","shhs1",203313,"C005802",2941,0,0,22.2313483915127,"censor",60,0,0,1,0,1,29.669839381,0,0,4.6900269542,0,0,0,0,0,2,28,52.3004485856268,-0.76995514143732,133,1.49665924276169,7.17875234887474,0.105516744746704,0.858841700414046,23.8847120485888,0.97396507120946,0.798467209900385,8.00540959511529,5.40181738632303,8.69516610663608,10.656869968417,8.48844250940649
"336","shhs1",203525,"C009340",2783,0,0,23.4031485284052,"censor",58,1,0,1,0,1,24.54029205,0,0,2.4418604651,0,0,NA,0,1,4.25,NA,64.7603729586149,0.676037295861489,241.5,2.60552268244576,4.04518719934401,0.0523328612652859,1.29489789876263,12.3027848414103,1.36967816237645,1.17850970819856,1.37689443335648,1.72903391847448,16.9078977722714,4.78142787968341,5.52347021833446
"337","shhs1",203832,"C009564",2850,0,0,17.056810403833,"death",60,0,0,1,0,0,27.319339849,0,0,3.0039525692,0,0,0,1,0,3.5,30,52.0887431627339,-0.79112568372661,208.5,2.2741935483871,9.33907234592323,0.0508215247046929,2.03263491572458,15.1664565140052,2.27088967390412,1.6619713879014,2.22582288984258,0.90616201756389,27.4634935469406,6.72157595598388,7.26173379437519
"338","shhs1",205339,"C003993",3293,0,0,21.9520876112252,"death",67,1,0,1,0,0,33.96177686,0,1,26.261398176,0,0,0,0,0,3.25,28,65.3939467973279,-0.16060532026721,131,1.83225806451613,4.8450931754368,0.071008619738344,1.60856953966482,14.2183975849456,1.69025227037963,1.48063957001101,2.16814300829753,0.740799061479379,10.385760473078,7.21426533195719,5.752998927036
"339","shhs1",202933,"C005202",3835,0,0,21.7604380561259,"censor",57,1,0,1,0,1,27.027870541,0,0,3.0188679245,0,0,0,0,0,3,29,51.3603491171644,-0.56396508828356,167,1.60171919770774,6.19088042118317,0.0388383625790542,1.16373766365772,19.3925691949323,1.23380155850333,1.0958918436095,4.31384909984203,2.04758007518164,15.0034172914429,9.6748319433303,9.47584773701357
"340","shhs1",205795,"C003397",2889,0,0,21.4702258726899,"censor",55,0,0,1,0,1,31.683873265,0,1,2.9648894668,0,0,0,0,0,1.5,29,47.1101037932852,-0.78898962067148,196,2.3840206185567,10.5376152194533,0.0394520363592731,1.80722912981997,14.8996288977033,1.92409550643404,1.55963636690016,2.62096787047822,1.19824587338156,14.3802859517344,7.92501280808909,5.05738667199459
"341","shhs1",205334,"C003403",3634,0,1,13.4592744695414,"dementia",64,1,0,1,0,1,27.681164617,0,0,42.140992167,0,0,0,0,0,3.25,NA,66.2967613116644,0.22967613116644,345,2.67002012072435,5.86990561068161,0.124802491519782,1.07241707734631,13.345781390235,1.21325628132598,1.00969489858141,2.08598458389184,0.910688847077958,16.5609604839909,7.67476987298021,4.4085176530612
"342","shhs1",205720,"C009968",2997,0,0,20.3778234086242,"censor",69,1,0,1,0,1,34.612244898,0,1,13.870402802,0,0,0,0,0,2,28,77.2499065723758,0.824990657237581,17.5,0.397959183673469,3.83841964263848,0.0140123594217847,NA,9.74997752399609,NA,NA,0.1921431092467,NA,8.58738846781881,3.85952740932705,NA
"343","shhs1",203751,"C010950",2714,0,0,21.7960301163587,"censor",58,1,0,1,0,1,23.407509129,0,0,1.426448737,0,0,0,0,0,2.5,30,63.1413869732098,0.51413869732098,197.5,2.79120879120879,4.5523097980244,0.121809563759482,0.865035355817334,19.7794103980424,0.941217927257483,0.837431916120156,2.57455779765363,1.31906221362537,12.9975853584699,6.5250098359903,4.94256209659286
"344","shhs1",205095,"C013574",3351,0,0,22.6885694729637,"censor",64,1,0,1,0,1,24.929111531,1,0,14.059405941,0,0,0,0,0,3.25,29,66.0097593919312,0.20097593919312,125,1.56608478802993,5.25623999641117,0.0311846181702031,1.11354193575376,15.9569339183804,1.20726739626712,1.01338449584619,1.99909754304316,1.16700770713327,10.6094804563808,4.24878321233482,3.8822265410223
"345","shhs1",204981,"C002716",3850,0,1,18.8966461327858,"dementia",67,0,0,1,0,0,40.48845795,1,1,21.308411215,0,0,0,0,0,2.75,NA,62.8213337436814,-0.41786662563186,121.5,2.52717391304348,7.61026086756674,0.0501290866006485,0.999086710766226,15.2450595257618,1.03342662996771,0.918606883437672,2.96074335202832,0.913112641926596,15.8464809225073,7.74517828032432,6.10676859098166
"346","shhs1",205755,"C007759",2926,0,0,20.5229295003422,"censor",70,0,0,1,0,0,34.103622545,0,1,17.071823204,0,0,0,1,0,3,29,65.4943024254094,-0.45056975745906,448.5,4.47330960854093,7.35949304365368,0.0871584451449733,0.531760994705355,11.770861233805,0.586592247279626,0.536599886223375,1.40385508357124,0.752561507137369,15.6932157356281,8.86801086928843,3.95664337892501
"347","shhs1",205792,"C004931",2889,0,1,11.9397672826831,"dementia",55,1,0,1,0,0,37.393648682,0,1,15.144230769,0,0,0,0,0,1.75,NA,57.1905721268091,0.21905721268091,218,1.96131528046422,5.80673552561183,0.0598503422230977,1.14408875919794,15.3945099059014,1.21843925925868,0.993714304264151,3.4293038770089,0.915559129445226,11.4735273850533,7.48489996834919,3.49933471751834
"348","shhs1",202992,"C006126",3248,0,0,21.7056810403833,"censor",57,0,0,1,0,1,25.368480726,0,0,0,0,0,0,0,0,1.75,28,54.5576000851446,-0.24423999148554,71.5,1.60335195530726,7.61683166169223,0.0398086175668864,0.986589271537615,14.7523743434168,1.15451021673166,0.95049816221662,4.03237400021654,1.65660732386304,22.0848158567179,10.1984931163937,10.5968457741205
"349","shhs1",203935,"C011681",2688,0,0,21.8535249828884,"censor",61,1,0,1,0,0,27.870518217,0,1,4.032,0,0,0,0,0,4,28,61.9388088284362,0.0938808828436201,140,2.6600790513834,4.9775560126988,0.0524577019698871,1.07750731259947,11.597687611656,1.24242900704482,1.00005416120613,1.90270185465269,0.906175857463161,13.6143639886252,8.46493021635954,5.14908412175021
"350","shhs1",203306,"C000615",2876,0,0,22.4312114989733,"censor",65,0,0,1,0,0,37.807183365,0,0,9.5,0,0,NA,0,0,2.5,26,58.3859198183029,-0.66140801816971,250.5,2.89081885856079,6.28686138685967,0.0255127885493591,1.27416657215081,16.5140266398196,1.33300219283363,1.10897261513981,4.34736510262813,1.652276852218,18.7042314340428,7.79297569949243,5.91036031170251
"351","shhs1",205289,"C000390",3261,0,0,15.296372347707,"death",67,1,0,1,0,0,37.264754533,1,1,12.98013245,1,0,0,0,0,4.25,NA,61.5440593764265,-0.54559406235735,56.5,1.29257641921397,4.76803333381748,0.0500868445443904,1.1661200780834,19.5990553142954,1.22685007974969,1.09800190126189,2.57456835710903,1.26985491809111,14.4106786128439,9.41623393587482,8.18566346911264
"352","shhs1",205424,"C004390",3255,0,1,18.9404517453799,"dementia",65,0,0,1,0,1,26.641328122,0,0,3.946406821,0,0,0,0,0,2,29,73.4146029936501,0.841460299365011,112.5,1.32824427480916,4.49092714470319,0.0851869826144482,0.866362840328998,15.0621132915968,0.988130114045021,0.844567792204219,2.00350956761895,0.739878629274247,13.02067055633,4.16073732003154,3.11491203653099
"353","shhs1",203368,"C007882",2862,0,0,22.2532511978097,"censor",60,0,0,1,0,0,25.986892242,0,0,0.7535321821,0,0,0,0,0,2.25,28,53.6868222905208,-0.63131777094792,78,3.30208333333333,6.95891392153439,0.0312573136526802,1.0929506580362,10.4906411577972,1.22669539136702,1.03393120364113,3.19642440809685,1.13754507212075,25.7287580785244,13.5732769851835,8.30199893453837
"354","shhs1",203374,"C015503",2975,0,0,17.305954825462,"death",69,0,0,1,0,0,31.60430839,0,1,3.5430038511,0,0,0,0,1,1,NA,72.0479951919827,0.304799519198269,165,2.40425531914894,5.58218331669776,0.0518439482737345,1.18113472225669,11.9900637757351,1.23245972874685,1.07089565771924,1.70952217493562,0.513628910000445,18.9069612348543,5.469159879652,5.44795667565135
"355","shhs1",202994,"C011972",3727,0,0,18.8199863107461,"death",73,0,0,1,0,0,27.804370447,0,0,1.9867549669,0,0,0,0,0,3,NA,63.9441397563749,-0.90558602436251,363.5,3.13385826771654,4.99083593290444,0.0405862977646053,1.28340316353455,12.1446691006354,1.34560401233369,1.15612848026438,2.40421326370423,1.04878676985886,15.4510934644882,9.87748790586326,7.18382918449598
"356","shhs1",203251,"C004332",2955,0,0,17.6071184120465,"death",73,0,0,1,0,1,38.233955394,0,0,3.4082840237,0,0,0,0,0,2.5,NA,71.4720636762689,-0.15279363237311,194,2.05957446808511,6.65096791659137,0.028684593906072,0.579560458167389,15.7805023564433,0.606971849331457,0.512725514842478,0.898458488368528,-0.0744084823747925,5.59601768880222,4.68713886017001,3.89723306117596
"357","shhs1",203113,"C004802",3029,0,1,17.3114305270363,"dementia",64,0,0,1,0,1,25.858585859,0,1,11.78807947,0,0,0,0,0,2.75,NA,69.3670212974656,0.53670212974656,91,1.2247191011236,3.96847020748161,0.0407793798349335,0.973304027614224,12.5372931793921,1.00465192284158,0.901689248596387,3.6681375119299,1.12556068607743,7.92747426746057,4.89104510790771,4.6733010022836
"358","shhs1",205412,"C003695",3388,0,1,14.6338124572211,"dementia",59,1,0,1,0,0,29.627702625,0,1,17.879194631,0,0,0,0,0,2,23,59.7099681612264,0.0709968161226399,256,2.63533834586466,7.78385556967701,0.0532377001610744,1.34953909203403,13.866563813591,1.46178307637403,1.29584963169304,1.74229737240025,0.35894925434281,21.1181540077538,7.6438056287438,6.30775862617393
"359","shhs1",203780,"C010559",2765,0,0,22.3463381245722,"censor",54,1,0,1,0,1,26.739110528,0,1,15.896834701,0,0,0,0,1,1.75,30,45.4990586877389,-0.85009413122611,455.5,3.28970331588133,9.2882195977106,0.0514553137133681,1.74388889474603,14.6127787142909,1.80558367678669,1.58462954486282,2.85706166529633,0.996466072670054,23.8498352454998,11.6001045594715,8.85305941718931
"360","shhs1",202981,"C003385",3723,0,0,10.5571526351814,"death",56,1,0,1,0,1,26.775510204,0,1,8.6796785304,0,0,NA,0,0,3.25,NA,60.7767090994354,0.47767090994354,310.5,2.74953271028037,4.64636631048017,0.078051172512959,1.10979996158865,14.6202472087531,1.19008283609351,1.01830049756895,2.13826325400525,1.03174831294226,14.2848726468225,7.24926239718925,7.50631093139802
"361","shhs1",203138,"C015243",3654,0,0,21.9876796714579,"censor",67,1,0,1,0,0,28.152829647,0,1,7.7845777234,0,0,0,0,0,2.5,26,61.7627068408631,-0.52372931591369,415,3.71897810218978,5.98162223528775,0.0250600607197301,1.48694063875029,11.9222132864669,1.56748867408319,1.31603472526094,1.82603060998887,1.23226205099292,19.5913221964645,7.25421601044049,7.46428253583882
"363","shhs1",205241,"C010579",3384,0,0,21.4428473648186,"censor",54,0,0,1,0,0,30.951297223,0,0,24.91349481,0,0,0,0,0,2.5,29,54.1974511947929,0.0197451194792897,219,2.2648401826484,11.827163203794,0.0650226163503304,0.983094498710045,18.1076544345453,1.016510421887,0.863040274869546,2.93316056162241,1.16336647327907,22.326551440781,5.47997688299424,4.26439956946414
"364","shhs1",205360,"C010973",3231,0,1,15.2005475701574,"dementia",70,0,0,1,0,0,30.774099126,0,1,13.978494624,0,0,1,0,0,2.5,27,70.8889731988153,0.0888973198815293,114,1.88965517241379,5.36763869678244,0.0486187664951866,0.850987053172597,12.6126080703052,0.944952047545017,0.804308806727863,1.87130587304125,0.71168716516587,14.1114895657652,6.61327006991376,5.04185894997253
"365","shhs1",205436,"C000229",3278,0,0,21.9603011635866,"censor",57,1,0,1,0,0,27.774270925,0,0,4.2105263158,0,0,0,0,1,3.75,27,62.9777444911097,0.59777444911097,117,1.84615384615385,6.62921370069275,0.0326292454470022,1.07002065337636,9.33376017091707,1.19418280561521,1.00945864295775,0.982605492892238,0.357427078142539,10.7026096832103,6.14139062401787,7.83532576738372
"366","shhs1",205394,"C014521",3214,0,0,21.9958932238193,"censor",64,1,0,1,0,0,31.037414966,0,1,8.0108991826,0,0,0,0,0,2.25,27.6,63.183583257991,-0.0816416742008997,134,1.90890269151139,10.8415377099362,0.0745124478252949,NA,13.7811497330005,NA,NA,1.89282758879418,NA,22.0820433414537,6.39119161019348,NA
"367","shhs1",205403,"C013147",3353,0,0,13.0020533880903,"death",58,1,0,1,0,1,32.146643412,0,1,7.305524239,0,1,0,0,0,2.5,NA,61.4785005705217,0.34785005705217,297,3.99776286353468,8.56181741269281,0.0665963505641255,1.041755112572,9.73824741501945,1.09005235306955,0.961238123213095,1.27219967139058,0.735488245842149,20.9431695868745,6.49803566632727,5.29813060490946
"368","shhs1",203192,"C003215",3026,0,0,20.5749486652977,"death",64,0,0,1,0,1,25.6311675,0,0,0.3773584906,0,0,0,0,0,2.5,30,63.3007579828419,-0.0699242017158099,276,3.24189526184539,6.49129575725051,0.0401144287441637,1.48111613463192,8.85796836909145,1.62429201980362,1.29525895098751,1.26786709330196,0.806469941880867,21.4640110087687,7.56893403713921,6.82868871086719
"369","shhs1",203517,"C008387",2797,0,0,23.1156741957563,"censor",56,1,0,1,0,0,25.620554507,0,0,3.842364532,0,0,NA,0,1,1.5,NA,55.3633474577032,-0.0636652542296801,480,3.24440619621342,5.68630266325426,0.0419497302007381,1.40389354408754,12.450725096539,1.45854815094796,1.25188398549616,2.42841993332218,1.28728537187954,16.7934558339431,8.16476515716288,9.46522029841881
"370","shhs1",203809,"C014439",2742,0,0,22.4202600958248,"censor",54,0,0,1,0,1,26.520347508,0,1,3.2571428571,0,0,0,0,0,1.75,30,53.8476104308942,-0.01523895691058,176,2.03081232492997,5.04617532793783,0.0495652544672799,1.11956057239273,15.9212987721043,1.23866027062701,1.01119443805495,4.3550055946225,1.18925728071501,12.682859285741,9.65017045629543,7.87341661642161
"371","shhs1",203566,"C006139",2659,0,1,17.0075290896646,"dementia",57,1,0,1,0,1,26.234567901,0,0,2.1897810219,0,0,0,0,0,3.5,21,60.0638541020626,0.30638541020626,197,2.43269230769231,8.0822370692644,0.0779284699098099,0.874655971508575,14.0540275708371,0.934321759624476,0.775811338558237,1.94581561016624,1.27716191770953,12.8483093162733,5.81368005188823,5.26231987262436
"372","shhs1",205551,"C005991",3220,0,0,10.4859685147159,"death",68,0,0,1,0,0,39.911111111,0,1,22.468085106,0,0,0,0,0,2.25,NA,62.4503325030996,-0.55496674969004,227.5,3.90452261306533,7.66866679352226,0.058733121248754,1.35358986764769,10.2013507409303,1.49559078002546,1.13364665287123,1.69175239840056,1.12999635199435,19.0135119952036,7.87206074065565,6.52062914690505
"373","shhs1",205503,"C005708",3189,0,0,3.27994524298426,"death",73,1,0,1,0,0,31.405223522,0,1,56.542893726,0,0,0,0,0,3,NA,75.6888085818069,0.26888085818069,165,1.5658747300216,4.61669892736753,0.105998034064727,0.763057106793572,19.7034899126991,0.831928984952273,0.706540739813394,2.42117314285309,1.0336356995902,10.3395107549314,3.82994354604343,4.0455412622498
"374","shhs1",205671,"C015033",3065,0,1,15.813826146475,"dementia",71,0,0,1,0,0,40.044444444,0,1,91.374663073,0,1,0,0,0,2,9,69.432963028935,-0.156703697106499,164.5,2.47029702970297,5.10725850600025,0.0467591688874328,0.869135003586488,15.1674520363542,0.913924254776347,0.783015016719292,2.22068893851593,0.94957804003895,14.1869072571849,6.51554588819848,5.20853715766735
"375","shhs1",203952,"C007943",2676,0,0,21.4264202600958,"censor",53,1,0,1,0,1,28.089010955,0,0,2.0338983051,0,0,0,0,0,2.5,29,56.5975440514544,0.35975440514544,239,3.06182795698925,5.64162761271317,0.0425739294092386,1.31077602224691,13.302270899312,1.38878358849946,1.18847245216763,1.92679659447048,0.98027336742833,15.2789824248219,7.14197733082945,7.64229828047991
"376","shhs1",205543,"C009263",3191,0,0,22.0287474332649,"death",59,1,0,1,0,0,26.234567901,0,1,33.432032301,1,0,0,0,0,2.25,30,66.4433879813684,0.74433879813684,186.5,3.39086294416244,6.61199462372666,0.118114374928906,1.25863628270315,11.5330251572348,1.35982702439691,1.14477210379392,1.74108157289572,0.86849127716746,24.1326920937688,6.5105984056329,5.16661055709513
"377","shhs1",203245,"C003888",3073,0,0,4.145106091718,"death",64,0,0,1,0,1,20.549886621,0,0,25.46875,0,0,0,0,1,2.75,NA,69.0406715807192,0.504067158071921,131.5,2.08089887640449,6.41854445280775,0.0427158683534086,1.03653079220906,6.95010051136773,1.09012801043877,0.931802435954779,0.950525004571193,0.827610452113914,20.8400211245488,6.81634804045064,5.14951866983921
"378","shhs1",205226,"C007598",3288,0,0,21.6235455167693,"censor",59,0,0,1,0,1,30.728961239,0,0,19.416909621,0,0,0,0,0,1.5,30,61.8622682159153,0.28622682159153,225,2.3804347826087,5.82556145272442,0.0494291262356639,1.29349739949413,14.3436273010392,1.46953638473954,1.26243459183987,2.61559824638212,1.05710106891631,35.0146433170659,5.06294532806811,4.95908020163567
"379","shhs1",205518,"C015641",3251,0,1,19.460643394935,"dementia",64,1,0,1,0,1,24.960898848,0,0,18.381877023,0,0,0,0,0,4,NA,57.7968229948277,-0.62031770051723,197.5,1.72463768115942,6.13308096615506,0.0443097673353161,1.08270424578351,19.4123896133846,1.17210814466478,1.00891429024702,3.54317817710273,1.7075306684205,13.2236499757851,8.10759356079868,6.97083236861213
"380","shhs1",203456,"C014984",2904,0,1,15.1485284052019,"dementia",65,0,0,1,0,1,25.36790997,0,0,7.671893848,0,0,0,0,0,2.5,26,70.6396774799557,0.563967747995569,196.5,2.27217125382263,4.61316720107167,0.0715100853340695,1.12176815301441,13.3294060508518,1.16338412608025,1.0223232301969,2.02259797563429,0.949251997214932,19.8902327474323,5.7797240216571,6.58568492258169
"381","shhs1",203958,"C015011",2732,0,1,21.9575633127995,"dementia",68,1,0,1,0,0,26.555687673,0,1,12.341356674,0,0,0,0,0,1.75,28,55.8191265618191,-1.21808734381809,421,3.28066914498141,8.06071373592321,0.0278572753018467,1.28924010085053,15.8546877279099,1.4059945694006,1.15828774007772,3.71894026116826,2.02214478622696,21.3290782290439,8.62164362550626,7.69165313310807
"382","shhs1",203184,"C001030",3570,0,0,1.79876796714579,"death",63,1,0,1,0,1,24.391058839,0,0,0.706921944,0,0,0,0,0,3.5,NA,56.7450516894221,-0.62549483105779,386,3.25248508946322,5.09277198758165,0.0331651861280349,1.41788981203429,10.84826217593,1.50947434228526,1.25309090786578,2.19372263321986,1.80044558287414,16.552307466943,9.6578022695938,14.8904924169688
"383","shhs1",202901,"C008484",3862,0,0,16.8487337440109,"death",58,1,0,1,0,1,25.648917616,0,0,3.0656934307,1,0,0,0,0,2.75,30,64.5845513563969,0.65845513563969,162.5,1.79039301310044,5.67233681440449,0.0533125675673498,1.01380592276232,15.3634508527973,1.13476917619726,0.936844954223824,2.3531773419239,0.521777571636979,14.5163417236327,5.22513597614643,3.99370158193893
"384","shhs1",203185,"C014529",3654,0,0,4.9719370294319,"death",67,0,0,1,0,0,24.310318549,0,0,1.2474012474,0,0,0,0,0,1.25,NA,72.5840723475526,0.558407234755261,84,1.51048951048951,4.82564935433613,0.0825530138271254,0.651816477978724,11.386242538309,0.706524085671679,0.621074879144298,1.14690463764652,0.538765437103577,15.2224445817296,7.87738807411564,7.51918377514449
"385","shhs1",202950,"C015321",3795,0,0,20.7556468172485,"censor",58,0,0,1,0,1,20.467411816,0,0,1.2257405516,0,0,0,0,0,2.5,30,46.1756126821131,-1.18243873178869,369,2.91413237924866,8.52516897977418,0.0339492047496263,1.62036734856803,17.7766129280697,1.69959230507165,1.38943248617512,5.04345434566895,1.67064126900029,19.2252421256959,10.1407241634247,4.52213182126767
"386","shhs1",202962,"C014649",3716,0,0,20.7994524298426,"censor",69,1,0,1,0,1,29.174247502,0,0,6.9811320755,0,0,NA,0,0,4,28.928571429,61.2327404606786,-0.77672595393214,147,2.06268656716418,5.47410726152326,0.0238758056259966,1.00756987584365,15.4287436019168,1.08596193377773,0.954764165990919,2.14186890953614,1.40917661250984,15.5615753411338,9.83864102908735,7.31723122784841
"387","shhs1",203411,"C014621",2916,0,0,12.208076659822,"death",70,1,0,1,0,0,30.211291782,0,0,7.9674796748,0,0,0,0,0,3.75,NA,68.5066353126998,-0.14933646873002,363.5,2.84367816091954,5.90909305348597,0.0636943207606897,0.746875380721882,10.5866653161268,0.931978505943017,0.659690463054721,1.72376103721574,0.983502577425234,12.6906312565166,7.09741974392215,8.85090193616228
"388","shhs1",205561,"C004794",3174,0,0,8.82135523613963,"death",54,0,0,1,0,0,50,0,1,13.375796178,0,0,0,0,0,1.75,NA,54.6403819043479,0.0640381904347898,156,2.90530303030303,5.44822763732774,0.0381985926636743,2.45751689611726,12.2955467341535,2.61589353782539,2.15532264167675,2.6833022604883,0.853222382777816,17.9045306531211,6.45502683270854,3.55375436582724
"389","shhs1",205585,"C006444",3129,0,1,16.0164271047228,"dementia",69,1,0,1,0,0,28.663548753,0,1,6.4670658683,0,0,0,0,0,4.25,27,64.2435442300286,-0.47564557699714,180,2.28092783505155,5.56496173127692,0.0388603819273295,1.63700679395662,10.7548596354118,1.77203574590632,1.47569421532542,2.25107480165031,0.918109738908599,12.030022836602,7.55704581231585,7.16439192450921
"390","shhs1",205321,"C006369",3214,0,0,7.35386721423683,"death",61,0,0,1,0,0,26.099376731,0,1,0.5633802817,1,0,0,0,0,1.5,NA,59.5077896327223,-0.14922103672777,169.5,3.3010752688172,11.8542815894336,0.0621582673003867,0.841288273508782,12.0275486845777,0.901436165305191,0.779754639954187,1.45173208923924,0.561104915064718,19.1418336139748,6.42814458715429,3.20257600995024
"392","shhs1",205329,"C007492",3269,0,0,21.0431211498973,"censor",62,1,0,1,0,1,23.220249056,0,0,14.826254826,0,0,0,0,0,2,27,61.5156107712312,-0.0484389228768798,299.5,3.85454545454545,6.37607806172748,0.0384847492074883,1.28148273759366,15.7336077592238,1.40053446255533,1.19236321362075,2.01436453614209,0.818714202999411,22.1393545141973,6.26047661615142,4.83032038253041
"393","shhs1",205224,"C005037",3298,0,0,22.8281998631075,"censor",57,1,0,1,0,1,41.197954711,0,0,4.1591784339,0,0,0,0,0,2.5,28,55.7963669421955,-0.12036330578045,249,1.92322834645669,4.2795135431815,0.0411371962961677,1.62153983424284,17.7137279750594,1.72140054824775,1.42560615180937,2.77869135008571,2.02158792925733,11.3887159183495,6.17116893635859,6.01435766293356
"394","shhs1",205786,"C007986",2923,0,0,19.1841204654346,"death",64,1,0,1,0,1,32.236755186,0,1,44.29245283,0,0,0,0,0,3,25,61.8505425599017,-0.21494574400983,365,2.5414364640884,4.81504662792018,0.0312347698364119,1.90468722335658,13.9559135976715,2.00686659878236,1.7380722886463,1.81278036090507,0.36743670182272,15.0611550344848,6.76051815908153,5.78344786846204
"395","shhs1",203312,"C001278",3457,0,0,20.6160164271047,"censor",65,1,0,1,0,1,22.970568959,0,0,1.5242494226,0,0,0,0,0,2.25,29,57.1998587102561,-0.78001412897439,186.5,2.24619289340102,7.08504875366161,0.0363239204444517,1.58439384028284,13.2095942616277,1.6883232898635,1.35579837803227,2.73263772834239,1.40262650020257,13.2787835954871,8.34142584524616,6.81959290613479
"397","shhs1",203022,"C009925",3711,0,0,21.8726899383984,"death",58,0,0,1,0,1,24.622960911,0,0,4.9861495845,0,0,0,0,0,3,30,43.4347545367636,-1.45652454632364,107.5,2.86666666666667,10.9596787455757,0.0389481077227646,1.74833170029806,23.9707213480404,2.04055259141305,1.65674751944363,5.13958262225983,2.13781172270669,19.4477898731634,7.72184913932,5.43534102051258
"398","shhs1",205769,"C012014",2966,0,0,21.9548254620123,"death",69,1,0,1,0,0,31.975650628,0,0,4.7010309278,0,0,0,0,0,1.75,NA,61.3482176422967,-0.76517823577033,238.5,3.08495145631068,9.24026772966952,0.0726518166927993,1.12887510691331,17.0436516684546,1.22442744972909,1.0261299971683,2.12037587211756,1.58068155313689,17.1976051310952,6.26748729587998,18.2403839324771
"399","shhs1",205706,"C015072",3017,0,0,21.4401095140315,"death",70,1,0,1,0,1,29.939058957,0,1,2.3155505108,1,0,0,0,0,2.5,28,75.0653635312123,0.50653635312123,122,1.25157232704403,5.34695284623514,0.0867719812263802,1.00204806338606,11.4960905440641,1.03997946067532,0.937464436942806,0.984755850630122,0.524466114192348,8.15880154749939,4.72965289412684,5.18935632063234
"400","shhs1",205777,"C006125",2939,0,0,9.33607118412047,"death",72,0,0,1,0,0,26.82728865,0,0,1.6666666667,0,0,0,1,0,3.25,NA,68.5788956553542,-0.34211043446458,174,2.49259259259259,5.12831230126256,0.116093350363438,1.41071412866337,18.2442125899524,1.65256087666171,1.30192847177226,2.79383990460817,1.62002441817174,16.0011136509732,6.01204555224763,4.01940251601579
"401","shhs1",205588,"C000907",3208,0,0,15.6933607118412,"death",59,0,0,1,0,0,23.918830292,0,0,1.647597254,0,0,0,1,1,1.75,NA,58.9617978068787,-0.00382021931213004,261,3.91089108910891,7.11529393166051,0.0518969883711749,0.737448056074378,15.6885803279084,0.892312483637011,0.757614653601452,1.476526778811,1.48757568252296,21.2149343403655,7.18015077132392,5.07031873781533
"402","shhs1",203884,"C000158",2889,0,0,20.7227926078029,"censor",59,1,0,1,0,0,27.110252385,0,0,1.2648221344,0,0,0,0,0,1.75,29,48.8915638918065,-1.01084361081935,326.5,3.81321184510251,7.07329310609145,0.044436715900656,1.16493412976269,20.0734585361516,1.21044922528764,1.08501318866334,3.82328700019893,1.49095238018036,20.5384813094607,11.3405404699726,7.88662325359063
"403","shhs1",203464,"C010871",2869,0,0,10.444900752909,"death",62,1,0,1,0,1,26.318367347,0,0,6.5539661899,0,0,0,0,1,4,NA,62.0261979541081,0.0026197954108099,232,2.1948310139165,6.04651553535953,0.0490268398762648,1.15982926442549,19.4798549989233,1.43295849611731,1.1910880242642,3.16653471171058,0.83487956458437,19.6179332598396,6.09821174952247,3.97721691665334
"404","shhs1",205341,"C007145",3297,0,1,20.0328542094456,"dementia",73,1,0,1,0,0,26.709072877,0,1,27.881899872,0,0,0,0,0,1.75,NA,78.5515194408106,0.555151944081059,112,1.48578199052133,3.3093929137743,0.102517605964518,1.10826809442429,12.3850800980035,1.26926069699615,1.05225444083833,1.82475801271026,0.813842919523906,12.2865862444367,4.85344652292153,3.01454248985997
"405","shhs1",203056,"C005748",3727,0,1,18.757015742642,"dementia",62,0,0,1,0,0,27.842056933,0,1,2.9493087558,0,0,0,0,0,2.75,30,67.3431144689855,0.53431144689855,115,1.55172413793103,6.10389856525429,0.058391484687783,1.23548162101087,11.9351277510694,1.26941249090995,1.1407969786427,1.8656833092479,0.439169038919368,19.8716613477124,6.71739270111598,3.96718723202678
"406","shhs1",203741,"C012713",3147,0,1,15.3456536618754,"dementia",61,1,0,1,0,0,28.926223521,0,1,0.8595988539,0,0,NA,0,1,4,NA,67.0040750519991,0.60040750519991,92.5,1.77441077441077,7.12819430997165,0.086653964783241,0.991215192955822,11.5788754755368,1.03765204980743,0.909653936468886,1.42819478792589,0.730440196339662,11.2533024062576,5.3114674546824,3.4362939005406
"407","shhs1",204975,"C015032",3475,0,0,23.0773442847365,"censor",67,1,0,1,0,0,29.367556943,0,0,8.0097087379,0,0,0,0,0,1.75,23,72.9470336653538,0.59470336653538,134.5,1.68008948545861,5.03513231554664,0.0838986640869769,0.930405699700883,12.8059717629802,0.987353933500571,0.86125905168733,1.95386296143454,0.561904537126739,13.7255392644193,5.50762086941423,3.86245544419808
"408","shhs1",203527,"C001183",2808,0,1,17.0595482546201,"dementia",72,1,0,1,0,0,26.462045968,0,0,8.4705882353,0,0,0,0,0,2.25,9.2307692308,64.7251540201488,-0.727484597985119,298.5,2.81327800829875,4.3423287409776,0.0410586503581838,1.13312552351877,15.8405855907256,1.19729738624906,1.054823220699,2.45074107611713,1.52040579167887,15.7801655189978,8.62747333331734,7.93494880072337
"409","shhs1",203052,"C007432",3728,0,0,22.0999315537303,"censor",66,0,0,1,0,1,36.71875,0,1,12.575757576,0,0,0,0,0,1.75,29,64.4033677551844,-0.15966322448156,237,3.39893617021277,4.98913180757465,0.0425934908300552,0.99093032018811,19.5376635335653,1.07607365708408,0.946989602373869,3.01285611551583,0.87231781437027,16.9523276215128,6.14819541754175,4.06902517774581
"410","shhs1",203796,"C014509",3061,0,0,14.5379876796715,"death",62,0,0,1,0,0,28.360351528,0,0,0.46692607,0,0,NA,0,0,3.75,29,60.798466277407,-0.1201533722593,61,1.70142180094787,7.05995781473263,0.0589565479457664,1.0501938156648,13.1106275085724,1.15070620848075,0.940396961538557,2.23897705771749,1.21681163474734,15.917520048746,8.55073080798411,5.41765321956724
"411","shhs1",203647,"C009771",2742,0,0,13.0924024640657,"death",59,1,0,1,0,0,27.910434957,0,1,3.2989690722,0,0,0,0,1,1.75,NA,66.898799310254,0.789879931025401,180.5,1.22058823529412,4.74302925333043,NA,NA,7.83539978446456,NA,NA,0.352714370913796,NA,7.31303297086622,7.25828979243878,NA
"412","shhs1",205125,"C006333",3313,0,1,18.009582477755,"dementia",69,1,0,1,0,1,32.557026093,0,1,4.4805194805,0,1,0,1,0,2.5,27,70.0435708594769,0.10435708594769,213,3.23617021276596,4.68006514547878,0.0641932874314551,0.899265377998444,13.8193716132182,0.945589018929082,0.870888179367541,1.34369662934054,0.838577640137463,16.3043170264914,6.79601393323355,6.38390721782953
"413","shhs1",205230,"C000330",3304,0,0,21.2402464065708,"censor",65,1,0,1,0,0,27.349592503,0,0,10.761670762,0,0,0,0,0,3.5,24,72.1045351347462,0.71045351347462,72,1.19122257053292,4.28297427259674,0.0576955848861154,1.13898907366067,10.0775562600102,1.23055382139747,1.0167183777762,1.43029878834905,0.854235033040147,10.0732879368158,4.59272888478608,3.03891348342413
"414","shhs1",205284,"C013592",3266,0,1,16.5201916495551,"dementia",71,1,0,1,0,1,19.597641346,0,0,0,0,0,0,0,0,2.25,NA,71.5074394818054,0.0507439481805406,42,1.13496932515337,3.81071229946233,0.0575689346670137,1.64619470146566,10.1595984258758,1.77539255117584,1.42572087116536,2.44296798683717,0.711257034693464,15.1431361593608,7.29089817523168,4.93846419677425
"415","shhs1",203460,"C004833",2927,0,0,21.9137577002053,"censor",53,0,0,1,0,1,22.633744856,0,0,0.8955223881,0,0,0,0,0,3.25,28,50.3331496228406,-0.26668503771594,229,3.14076246334311,10.9153737503828,0.046540842208339,1.27407329004652,13.4604763516121,1.33670864579985,1.14845717497617,1.96587112524786,0.677454437275861,17.6810073046443,7.9834416519614,5.87230576403718
"416","shhs1",205673,"C014958",3196,0,0,20.9500342231348,"censor",61,0,0,1,0,1,23.530366343,0,0,4.2443729904,0,0,0,0,0,2.75,30,62.3047434679846,0.13047434679846,78,2.06666666666667,7.96809369438815,0.153754344803871,1.50745736901376,14.3852092961673,1.64091641777123,1.3149638001509,2.72480779046879,0.9409882919932,14.6629779075483,7.58496213338822,4.8406056890677
"417","shhs1",203895,"C006237",2766,0,1,15.419575633128,"dementia",67,0,0,1,0,0,25.390218522,0,1,20.914285714,0,0,0,0,0,3.5,27,65.0784981342353,-0.19215018657647,113.5,2.13333333333333,7.00850032290714,0.0675925237450131,0.903561628002176,17.07440211544,0.986607264393148,0.822462953041806,3.81192890018245,1.32698011005397,13.0452898897601,5.78193813100951,3.33671960495304
"418","shhs1",203265,"C005432",2906,0,0,22.1519507186858,"censor",53,0,0,1,0,0,26.077097506,0,0,11.371571072,0,0,0,0,0,1.25,26,44.5491653471249,-0.84508346528751,265.5,2.22270742358079,6.50978218097047,0.0363603186397022,1.49451173201856,19.6241432796019,1.69918030167114,1.40477347159916,5.03709844790094,2.6291025979563,15.3898654164303,9.67154242717604,8.5892048869728
"419","shhs1",205179,"C012668",3502,0,1,19.0691307323751,"dementia",70,1,0,1,0,1,28.602789256,0,0,18.724559023,0,0,0,0,0,3.5,25,61.3918994328968,-0.86081005671032,162.5,2.3312101910828,6.25345344560489,0.0662710559343885,1.34011628948494,20.5152366510768,1.40048908226684,1.19253712311659,3.68894035246873,1.20330552056734,14.4946667043943,8.03890847419649,5.43257048130785
"420","shhs1",205169,"C002706",3310,0,0,9.30595482546201,"death",67,0,0,1,0,0,30.924531325,1,1,2.5568181818,1,0,0,0,0,2.5,NA,64.9190755953981,-0.20809244046019,123.5,2.08583690987124,5.51179599199759,0.0374322846432897,1.00882551734406,10.3037042116368,1.08641190387953,0.902951998792069,1.95776275887584,0.837149270888952,14.6835120861453,9.20478553614041,6.49962588764753
"421","shhs1",203670,"C012586",2781,0,0,20.2765229295003,"death",72,1,0,1,0,1,28.461330449,0,1,1.7366136035,0,0,0,0,0,3,NA,62.9548636741235,-0.90451363258765,180.5,3.24795640326975,5.30427961945373,0.0564248724698466,1.45912240567634,17.9130296946947,1.54731952700066,1.32368938024519,3.57568780054435,1.58116085383526,14.4742534275717,7.54619201078662,6.72320224124406
"422","shhs1",203835,"C009974",2845,0,1,20.9445585215606,"dementia",64,1,0,1,0,1,39.943914367,0,1,13.701657459,0,0,0,0,0,2.5,29,66.119632392431,0.2119632392431,164.5,2.88333333333333,7.26992179381283,0.0462622851912414,0.789126018062108,12.7456099431138,0.878234078781355,0.765382471515595,1.93246359720927,1.03852693862731,19.287165350061,5.87840219337957,4.8325296443634
"423","shhs1",205023,"C015661",3390,0,1,22.6447638603696,"dementia",64,1,0,1,0,0,37.093425606,0,1,24.298642534,0,0,0,0,0,1,NA,59.8122437069531,-0.41877562930469,360.5,3.50293542074364,6.92233145972361,0.0568162298483013,1.71959568143105,14.3221522735615,1.8239385240533,1.51213068252651,2.95807778650485,1.01227535353707,20.5561345954786,6.90304780824141,5.18329953855619
"424","shhs1",203328,"C014332",2912,0,0,22.3052703627652,"censor",58,1,0,1,0,1,25.335001984,0,0,1.186440678,0,0,0,0,0,3.25,28,57.0283077046404,-0.0971692295359603,297.5,3.04929577464789,6.22475013847261,0.052830874432768,NA,14.3622770523092,NA,NA,2.27848909515069,NA,17.347474371851,8.60398324403881,NA
"425","shhs1",203876,"C010473",2821,0,0,22.2532511978097,"censor",53,0,0,1,0,1,21.218317195,0,1,1.3003095975,0,0,0,0,0,3.75,30,47.3178674713,-0.56821325287,114.5,1.9622641509434,10.96629472543,0.0503821693438471,1.28762519469241,19.3097333760193,1.37724448324162,1.09435486357259,5.14079008906494,1.42771848781133,17.4552564275822,7.7644534052105,4.48118220930066
"426","shhs1",205712,"C000348",3003,0,0,21.3579739904175,"death",60,0,0,1,0,1,31.981790826,0,1,4.4672657253,0,0,0,0,0,2.5,29,70.0489494452162,1.00489494452162,78,1.83743842364532,3.41525663915383,0.0895307466047344,1.01780198232156,14.3548114766967,1.08515158578857,0.914289727344115,2.24029038612405,0.747960845186806,14.4684192959563,5.62908871420167,4.75465174424489
"427","shhs1",205124,"C009192",3319,0,0,22.7871321013005,"censor",67,0,0,1,0,1,33.244155958,0,1,2.6771653543,0,0,0,0,0,3,29,64.6714742483475,-0.232852575165251,75,1.31531531531532,10.7410143406733,0.12167551168102,0.93120917660953,14.1330936660395,0.998772722118233,0.805885199427537,2.91478373392251,1.23923469911822,8.21250826584079,5.40446937110396,3.24712042137816
"428","shhs1",203296,"C005311",2881,0,0,12.3750855578371,"death",66,0,0,1,0,1,23.5806741,0,0,3.7435008666,0,0,0,0,0,3.5,NA,70.9467121159996,0.49467121159996,154,1.79790026246719,4.63596226915975,0.07791241874976,1.10879730608716,12.5022324646019,1.15618978127214,1.02330967866631,1.56922758828353,0.540865693939103,9.9556051578478,5.61935247032716,5.64889820881081
"429","shhs1",205793,"C012511",2889,0,1,21.2046543463381,"dementia",56,0,0,1,0,0,29.250679541,0,0,2.2196531792,0,0,0,0,0,2.25,NA,61.0454805583354,0.50454805583354,56.5,1.17991631799163,6.72237398233418,0.0585953754342851,1.02221216665246,15.5402033252702,1.10639619790044,0.872408415366345,2.17817655398363,1.01099208883126,11.7452640327834,5.57486741225414,4.71446140860789
"430","shhs1",205770,"C010868",2895,0,0,20.9582477754962,"censor",61,0,0,1,0,0,27.119051434,0,0,0.8727272727,0,0,0,1,0,2,27,60.4049106024443,-0.0595089397555697,242,2.44389438943894,5.88968770321786,0.0493431966691717,NA,17.9224540650765,NA,NA,2.46099999131692,NA,24.18847411052,7.7677283517676,NA
"431","shhs1",205068,"C006400",3413,0,0,18.694045174538,"death",66,0,0,1,0,0,40.598290598,0,1,4.9038461538,1,0,0,0,0,2.5,24,51.0769806239779,-1.49230193760221,51.5,0.884422110552764,12.910194955027,0.0472703695373953,1.28619561808363,15.0651209995897,1.35687318197323,1.12680314835437,2.53770081951512,1.41818344939694,6.83019784919385,8.81478287393557,7.07880690598142
"432","shhs1",203132,"C010852",3612,0,0,20.6926762491444,"censor",64,0,0,1,0,0,25.834476452,0,0,2.2911694511,0,0,0,0,0,2.25,30,67.6313272674864,0.36313272674864,89,2.14705882352941,5.09870551717012,0.0815281883895465,1.37403700725887,13.9487355657769,1.45676287336822,1.24487392843421,1.98708363697634,1.04377720783044,17.8439786440003,6.27445294326676,6.80889942141429
"433","shhs1",203746,"C009470",2736,0,0,22.0588637919233,"death",61,0,0,1,0,0,31.467221644,1,1,0.8823529412,0,0,0,0,0,1.5,29,60.2175250855682,-0.0782474914431802,235,2.70588235294118,6.84534973886552,0.0542073153991563,1.33195465295477,11.3346647160192,1.45534736417335,1.21445684084654,2.06411468524396,0.838567347762493,17.8992114791373,8.20187120645183,5.52555388071764
"434","shhs1",203905,"C004096",2723,0,0,15.7043121149897,"death",59,0,0,1,0,0,26.593204775,0,1,4.6103183315,1,0,0,1,1,2,NA,49.0489279654494,-0.99510720345506,368.5,3.11397058823529,9.17318163489332,0.0527068941979206,1.61697022655727,15.7989826666387,1.94250723806182,1.53709428441629,3.88071541732934,1.77177060609355,16.0249776772894,8.07709226017678,5.26897214184408
"435","shhs1",202972,"C001477",3870,0,0,21.8836413415469,"censor",69,0,0,1,0,1,24.828593452,0,0,5.1682368775,0,0,NA,0,0,2.75,30,59.3464690549628,-0.96535309450372,171,2.38039215686275,8.15665699275037,0.0832249464370088,2.48330042831868,13.4066167415729,2.68993639676733,1.91781431692544,3.32254491954972,0.795915074999253,14.8105593873256,6.64624024061433,3.86737801003129
"436","shhs1",205719,"C010160",3012,0,0,20.7118412046543,"censor",62,1,0,1,0,1,36.571428571,0,0,29.5,0,0,1,1,0,3,27,60.9051833616778,-0.10948166383222,155,2.22458628841608,6.90622715645896,0.0704035679504044,1.3826914597782,11.3316795397308,1.44534696342174,1.27023188368155,1.45845317530871,0.779544465403458,13.0191641931355,8.39824477523817,5.79079594201395
"437","shhs1",203892,"C003585",2948,0,0,21.6344969199179,"censor",57,0,0,1,0,1,24.801587302,0,0,1.1940298507,0,0,NA,0,0,1.5,30,47.2481833032103,-0.97518166967897,143.5,3.08510638297872,12.3386596085162,0.0207013582777458,1.35441516014144,14.5626201390922,1.44400002297619,1.21067623991039,3.34054714822607,1.2598073812621,26.2495498387294,9.90965189777121,8.60639277418743
"438","shhs1",204979,"C010241",3539,0,0,22.0780287474333,"censor",65,0,0,1,0,1,27.8125,0,1,5.7525083612,0,0,0,0,0,4,30,68.5409971818134,0.35409971818134,40,1,7.25861092423142,NA,0.693643876488555,11.5789516442864,0.733814027763441,0.643916111290157,1.2054219596219,0.531779114212632,6.63648789682594,6.24011291924911,4.87682255781644
"439","shhs1",203775,"C001032",2747,0,1,14.7049965776865,"dementia",62,1,0,1,0,0,34.671280277,0,0,42.328042328,0,0,0,0,0,2.5,26,62.7958910608119,0.0795891060811897,47.5,0.845018450184502,7.99523204883006,0.0395208424232721,0.461280763544948,12.9595027466897,0.471100472168824,0.442588342228522,1.06395165085771,0.434832112969084,10.1291386879836,8.38279434622407,4.46854232175841
"440","shhs1",203697,"C004257",2770,0,0,22.5215605749487,"censor",58,1,0,1,0,0,29.506714876,1,0,6.5007320644,0,0,0,0,0,3.25,28,47.1029019215922,-1.08970980784078,205,2.58703071672355,10.5060863638692,0.0321813765958826,1.63311760988132,15.2745585654214,1.72771250200551,1.43117508344425,4.58144535531501,1.29519274028847,41.5680285621911,8.89123807400211,4.76401356536418
"441","shhs1",203910,"C014882",2742,0,0,21.3497604380561,"censor",53,0,0,1,0,1,31.528851874,0,0,6.2717770035,0,0,0,0,0,3,27,49.27395690137,-0.372604309863,158,2.88135593220339,8.6276251377563,0.0511851905700983,1.39727658336487,15.8235572307221,1.71592777766233,1.38520123316569,3.81541537787129,1.63491807818611,20.4638627090713,8.66707537995314,6.90848340410851
"442","shhs1",205146,"C000417",3294,0,0,22.8692676249144,"censor",56,0,0,1,0,1,27.174526704,0,0,0.7202881152,0,0,0,0,0,2.25,30,55.0257783345294,-0.0974221665470601,175,3.26909090909091,7.06991720682035,0.0330421697982247,1.06389693857432,15.6534160686525,1.14205838274619,0.925331825072542,3.14176649852874,2.05243654097172,19.3043331581584,6.66190026001253,4.70997056965924
"443","shhs1",203309,"C009436",3093,0,0,3.85215605749487,"death",59,1,0,1,0,0,27.395530867,0,0,1.9330855019,0,0,NA,0,0,2.75,NA,60.4548782354956,0.14548782354956,103.5,2.08955223880597,8.45227919607227,0.0237651166828751,0.688895448158712,15.7204305616893,0.718453848433589,0.637510791412636,0.584937192018251,0.0490330009724216,17.4805547545679,7.55790789637024,7.04089434501614
"444","shhs1",205762,"C012594",2950,0,0,21.7796030116359,"censor",57,0,0,1,0,1,23.274836407,0,0,2.5310173697,0,0,0,1,0,3,30,58.6475651908175,0.16475651908175,300,3.90848214285714,8.11479693743803,0.0521987088437545,0.747431529793668,12.4443627824293,0.860252654859473,0.74658696504371,1.83705869034171,0.831729204504341,15.690788544815,6.86339922127056,6.94354489783182
"445","shhs1",203799,"C007416",2722,0,0,22.6365503080082,"censor",57,0,0,1,0,1,22.03125,0,0,0.1662049861,0,0,0,0,0,3.25,30,46.111909620248,-1.0888090379752,303,3.10478359908884,8.01399026182384,0.0288162780666504,1.72528431800191,15.7238805531564,1.86526871870496,1.51558761674031,3.38328684819873,1.47113236839515,17.3169300238832,10.5350266020334,7.13398791666889
"446","shhs1",203923,"C014159",2761,0,0,19.2470910335387,"death",59,0,0,1,0,1,21.118381916,0,0,0.347826087,0,0,0,0,0,3.75,30,54.1054541915592,-0.48945458084408,118.5,2.11538461538462,6.94835693309427,0.0602219861417172,1.94801547624204,18.3187352765771,2.3010998444086,1.7949882533199,4.1455700440676,0.946923471134742,15.9876311698207,7.33830758228721,4.10143664139079
"447","shhs1",203452,"C001471",2878,0,1,20.3394934976044,"dementia",67,0,0,1,0,1,20.281233099,0,0,2.3261117446,0,0,0,0,1,4,27,55.7616825653852,-1.12383174346148,189,1.97008547008547,11.4048990090207,0.0388159861635507,1.1315479528919,10.5389845054748,1.20747140802615,0.969157913224271,1.70329236253538,1.01831118157944,18.6795893598902,10.4236828693164,6.64456765604679
"448","shhs1",203154,"C005657",3039,0,0,22.6666666666667,"censor",54,1,0,1,0,0,27.810826889,0,0,3.1704095112,0,0,0,0,0,3.25,28,62.661754256924,0.8661754256924,211.5,1.67763157894737,5.28418811695556,0.133926514945806,0.67945925135579,14.3132650585852,0.758969026675025,0.634426910932499,3.20241934723268,1.04733166780866,6.92043841836399,7.2889953892257,6.12696083778821
"449","shhs1",203489,"C015006",3013,0,0,15.1074606433949,"death",56,0,0,1,0,1,32.083523853,0,0,6.2234042553,0,0,0,0,0,2.75,NA,55.6811670483519,-0.0318832951648098,276.5,2.85100286532951,8.51415763682955,0.0484591027853986,0.955595571022806,16.4735350558368,1.04144548944441,0.891229880070409,4.02685548902861,1.53186753043613,25.0272009671559,7.52695510254996,7.31497070750142
"450","shhs1",203364,"C005695",2908,0,0,23.1321013004791,"censor",53,1,0,1,0,0,27.612630466,0,0,2.5249169435,0,0,0,1,0,4.25,29,46.4000227641153,-0.65999772358847,172,1.95343680709534,8.23131801374739,0.0298499969912198,1.11212414806194,14.0227599607651,1.17181662173272,0.998953623646219,2.60554864954264,1.681402657284,15.6783025484847,11.8551552935152,9.98346371467366
"451","shhs1",205071,"C009205",3421,0,1,19.2607802874743,"dementia",56,0,0,1,0,1,32.61707989,0,0,0.4568527919,0,0,0,0,0,2,29,54.7095145876385,-0.12904854123615,81,1.54771784232365,5.77850103708303,0.0612744394082449,2.00644312671369,18.6303793767884,2.17108202292925,1.70477507886546,2.72285776538321,1.234714014932,12.5304397432643,6.23445991265353,3.35666243955654
"452","shhs1",203331,"C010347",2937,0,0,23.0006844626968,"censor",60,1,0,1,0,0,23.372933884,0,0,23.288009889,0,0,0,0,0,2.5,NA,53.7990677327545,-0.62009322672455,250.5,2.90744920993228,9.44497700840319,0.0462100501638006,1.21705036787984,20.8166992833224,1.28994497316329,1.13714166864959,3.4749405041341,1.01349702395431,16.9802396756658,6.69588069741257,5.55892866432444
"453","shhs1",203761,"C005093",2753,0,0,21.7440109514031,"censor",53,0,0,1,0,0,24.54039467,0,0,3.2478632479,0,0,0,0,0,1.75,30,46.9435173083199,-0.60564826916801,199,3.27758007117438,9.32748079410148,0.0547791492150789,1.39808393741808,17.5162319571691,1.49311039719065,1.20259934652067,4.61273984771669,1.44234211295769,14.817247014641,8.2684810556741,3.95267650841534
"454","shhs1",203413,"C004977",2895,0,0,22.321697467488,"censor",58,1,0,1,0,1,28.468627699,0,0,22.158647594,0,0,0,0,0,2.75,28,55.407479005134,-0.2592520994866,266,2.63711340206186,5.01879992405541,0.0499555099119125,1.11480582384154,19.927645004308,1.18636698355072,1.06693406091185,3.4649384297591,1.16476100173293,16.099017411337,9.18655579213566,8.4577290141982
"455","shhs1",203594,"C007910",3134,0,0,21.2265571526352,"censor",66,1,0,1,0,1,26.996691871,0,0,8.6956521739,0,0,NA,0,0,2,28,65.1544093239336,-0.0845590676066394,207,2.69124423963134,10.6926920198483,0.100223553720418,0.875833932199711,9.35796885822409,0.923402243456049,0.803285427771455,1.47131936239731,0.781183220552407,16.1317190773264,6.92818279172078,5.99983228598694
"456","shhs1",203067,"C006415",3751,0,0,21.6892539356605,"censor",59,1,0,1,0,0,35.50295858,0,0,12.893982808,0,0,NA,0,0,2,29,62.3791556779167,0.33791556779167,171,2.25568181818182,5.92670442836014,0.0462950385967733,1.12117406321747,11.5715554775911,1.2144637892436,1.06145723822845,2.28339898489315,1.12589481389306,15.0865789466076,6.60439978287512,4.11322141240908
"457","shhs1",203261,"C004506",3004,0,0,21.6755646817248,"censor",54,0,0,1,0,0,31.325951931,0,0,1.6923076923,0,0,NA,0,0,2.25,29,53.5881027273223,-0.0411897272677699,113,3.00561797752809,7.43440198385622,0.0206794434333157,0.890316558255093,12.9291862282689,0.98386888175134,0.823283525294917,1.85627927516123,0.956813868427994,12.9050926808541,8.47370128164977,5.51766133291306
"458","shhs1",205617,"C013977",3235,0,0,13.7796030116359,"death",70,1,0,1,0,1,23.73348817,0,1,31.132075472,0,0,0,0,0,1.75,NA,71.399081532529,0.1399081532529,147.5,0.942622950819672,4.75984059064146,0.0702686903495507,NA,9.50601618635395,NA,NA,3.13127180706352,NA,10.6247658679464,7.1704640501268,NA
"459","shhs1",205122,"C012017",3826,0,0,13.5906913073238,"death",69,1,0,1,0,0,26.729927495,0,0,22.205323194,0,0,0,0,0,2.5,NA,74.822479986521,0.5822479986521,99,1.5304347826087,6.32763613701236,0.0811831006990679,0.766192107944436,13.9898005483966,0.798177374475078,0.698687340210573,1.73757521656544,0.586359713505406,13.0499798771108,3.91090895499509,3.27458107345629
"460","shhs1",205056,"C001450",3384,0,0,22.9541409993155,"censor",59,0,0,1,0,0,29.104369284,0,1,7.9274611399,0,0,0,0,0,2,29,64.0704750832825,0.50704750832825,165,2.31741573033708,6.10280529603852,0.0986958534987567,0.794714992822624,15.7558784455529,0.871026137643444,0.715907825221041,2.17081937642212,1.53653614325987,13.1305387156896,5.63128109489655,5.24451153107798
"461","shhs1",203299,"C004206",2973,0,0,6.41752224503765,"death",72,0,0,1,0,0,38.379355687,0,0,6.8181818182,0,0,0,0,0,1.75,NA,72.0359751988549,0.00359751988548993,95,2.25263157894737,5.5454254491339,0.0562786016480108,0.684635530430664,17.353366096413,0.765790159903084,0.628487917549937,2.6502496709704,1.1899382164444,19.1682042501716,5.53558604277764,3.20967350427857
"462","shhs1",205432,"C009287",3367,0,0,21.6919917864476,"censor",54,0,0,1,0,1,46.987662234,0,1,1.6150740242,0,0,0,1,0,1.75,30,60.9922035794232,0.69922035794232,185.5,3.0814332247557,5.41852335065291,0.0709656313402166,0.818297453180215,19.8745890593787,0.88106669477488,0.760952427341818,2.49857755582815,1.46532502593086,17.1474902314708,4.53677063581562,4.02897530764966
"463","shhs1",203578,"C008438",2854,0,0,22.90212183436,"censor",56,0,0,1,0,0,22.109375,0,0,0,0,0,0,0,0,2.5,29,64.2149318102463,0.82149318102463,201,3.25679758308157,6.01408288247378,0.0806114049824722,0.91924647196932,10.3229980414166,0.984367037898097,0.851112101154355,1.80933991727258,0.64923586965202,18.3353263708414,7.00318294749757,6.22495197095176
"464","shhs1",205272,"C004726",3259,0,1,16.8678986995209,"dementia",71,0,0,1,0,1,22.241752299,0,1,5.3664596273,0,0,0,1,0,2.5,NA,75.2790317350587,0.427903173505869,252,2.67368421052632,3.82276393152074,0.0699554637616466,0.939846688556113,13.9929375246223,1.03852134396917,0.912622626649049,1.96140528270852,0.676467677927209,17.3152247102946,5.13674110083592,5.52790188161563
"465","shhs1",205235,"C001224",3275,0,0,16.3696098562628,"death",64,1,0,1,0,0,24.491857089,0,1,9.8084291188,0,0,0,0,1,1.25,25,67.8590297348733,0.38590297348733,289,1.66709346991037,7.52172112022641,NA,NA,10.0878128448173,NA,NA,1.54894939065671,NA,16.3329461342098,5.90728763147309,NA
"466","shhs1",205330,"C007960",3287,0,0,14.0862422997947,"death",68,1,0,1,0,1,29.87755102,0,0,8.253968254,0,0,0,0,0,3.5,NA,68.7121608621394,0.0712160862139399,118.5,1.60285714285714,5.18589679006635,0.0507784309620255,1.46069125659168,14.3316254998632,1.63593072247295,1.39539009180453,2.42422374933327,0.543614125399207,18.3181013995422,6.4017372332369,5.11163175193713
"467","shhs1",203422,"C004410",3430,0,1,19.8165639972621,"dementia",56,0,0,1,0,1,43.402110299,0,1,34.239569314,0,0,NA,0,0,1.5,29,52.7309081460121,-0.32690918539879,158.5,2.13692946058091,5.54699320823903,0.0315799934916514,1.00973216741217,21.6392480226466,1.12645700584744,0.97746372587802,4.10795558234395,1.26585439178568,15.6312823823044,9.06655804027459,5.56000069737225
"468","shhs1",203271,"C013731",2903,0,0,22.3080082135524,"censor",69,1,0,1,0,0,24.212578229,0,0,2.6966292135,0,0,0,0,0,3.25,27,66.6756245626644,-0.23243754373356,296.5,3.09798994974874,6.30360474997916,0.0822644961265313,1.36375160613657,12.2287393194842,1.43577376508096,1.2838565994658,1.48496697269541,0.790352458853844,15.6586084202487,7.30082703125146,6.74510935648208
"469","shhs1",204985,"C008705",3492,0,1,13.0458590006845,"dementia",72,0,0,1,0,0,19.584775087,0,0,0.8834355828,0,0,0,0,0,1.5,NA,68.8303522806295,-0.31696477193705,53.5,1.0187265917603,8.17975192171335,0.0519698014460789,0.847314481193643,16.2076747503029,0.898128890420419,0.745224740174566,2.8379224231809,1.24534357431461,12.5423820722764,4.93456733788625,3.87934339535592
"470","shhs1",205132,"C007680",3632,0,0,21.2511978097194,"censor",56,0,0,1,0,0,31.482007384,0,0,3.6788321168,0,0,0,0,0,2.5,30,49.3923305220341,-0.66076694779659,129.5,2.05098039215686,12.5706761291498,0.0543241387291449,0.917729134034037,11.8217865517572,1.09533385716403,0.849426251939514,2.92126399331792,1.61737751897253,17.0313981942907,9.25354842461882,7.09343597342261
"471","shhs1",205385,"C008704",3257,0,0,21.886379192334,"censor",71,0,0,1,0,1,27.960262778,0,1,4.9361702128,0,0,0,0,0,2.5,27,68.5056404009918,-0.249435959900821,145,2.22549019607843,6.04468210061183,0.0317276742760855,1.05941826178298,13.1886575412193,1.11837344089155,0.952219466299066,1.7145564178676,1.14640527241288,17.43122434795,6.4899757291262,6.2820815055552
"472","shhs1",205089,"C009425",3377,0,0,16.7720739219713,"death",68,0,0,1,0,0,25.6311675,0,1,10.801479655,0,0,0,0,0,1.5,NA,79.1804701613351,1.11804701613351,67,0.879679144385027,2.84503965132678,0.102722756160631,0.562654072420854,12.0650710405194,0.629640234761804,0.540949949301718,1.3341046011534,0.93607067948439,9.24861618426338,4.65121692173798,4.4079238421562
"473","shhs1",205655,"C002434",3073,0,0,21.4647501711157,"censor",58,0,0,1,0,0,33.313978807,0,0,8.8524590164,0,0,0,0,0,2.75,29,57.6847422931114,-0.0315257706888602,288.5,3.21291866028708,6.15376640092987,0.0480571646511419,1.15703531288217,12.7980460710838,1.22183438182868,1.05742097544623,2.33540814496723,1.12251441123379,19.8115561419257,8.92012527044405,6.70927317504199
"474","shhs1",203436,"C009183",3021,0,0,3.89869952087611,"death",56,0,0,1,0,0,34.096752502,0,1,1.7799752781,0,0,0,0,0,3.25,NA,57.8889956179802,0.18889956179802,221.5,2.08292682926829,6.90048833091498,0.0536747240099181,1.04721467557143,16.4046105671715,1.16510534819532,0.957301065495542,3.58340090679296,1.84589546939049,26.8788851673281,4.90575321188747,4.32237302855759
"475","shhs1",203240,"C005273",3048,0,1,19.62765229295,"dementia",68,0,0,1,0,0,27.960217677,0,0,0,0,0,NA,0,1,2.75,NA,70.3556525980348,0.235565259803479,119.5,2.5,6.00317043632247,0.069062625854272,0.85813724432323,12.3900592825759,0.929525136954019,0.808182543334459,1.88414325969911,1.11444084835371,19.0212143828715,6.46253218141624,6.12791777284811
"476","shhs1",203287,"C000973",2936,0,1,16.1204654346338,"dementia",58,0,0,1,0,0,23.410741842,0,0,3.4874504624,0,0,NA,0,0,2.25,29,50.2895891765333,-0.77104108234667,302.5,2.63168724279835,18.0422545025884,0.138903192630357,0.973140914914876,14.8362012344387,1.03263700790829,0.898538761874435,3.26816868124375,1.6781257838819,16.6473046524884,13.5472824152866,6.88065140646583
"477","shhs1",203208,"C015035",3541,0,0,21.8316221765914,"censor",57,1,0,1,0,1,30.1228696,0,0,23.020408163,0,0,0,0,1,3.75,29,54.4048779260354,-0.25951220739646,281,2.13123844731978,7.98249030564423,0.0545935923691383,1.04441478699178,18.8733387136706,1.1266050416752,0.966942602481423,2.75863601159919,1.56073914771123,15.5253629162128,7.01079974925469,5.20922464755809
"478","shhs1",205690,"C006795",3161,0,1,20.2765229295003,"dementia",57,0,0,1,0,0,18,0,0,0.9742895805,0,0,1,1,1,1.75,NA,60.7245382594873,0.37245382594873,204.5,3.28613569321534,7.17111521123679,0.0660836529673237,0.874325670570906,16.0839593355702,0.951793769372335,0.845210704207102,1.59187233116395,0.761361374952188,18.5310002955599,6.49191156061701,5.99140732652622
"479","shhs1",203427,"C013194",3281,0,0,21.3853524982888,"censor",68,1,0,1,0,0,28.2963138,0,0,1.5859030837,0,0,0,0,0,2.25,28,65.2133115921043,-0.27866884078957,406.5,3.84615384615385,6.59009932899807,0.0696504197673583,1.47965983775778,11.1958590511748,1.60801720030634,1.33266235319377,2.29863479371042,1.08774062975109,23.4306303948506,7.24667488129883,7.96003478105756
"480","shhs1",203652,"C002899",2732,0,0,21.6974674880219,"censor",55,0,0,1,0,1,32.820203997,0,1,8.255033557,0,0,0,0,0,1.75,29,53.3549519072634,-0.16450480927366,170.5,3.38688524590164,6.64826887111821,0.0464263286377837,1.39587796163918,12.3936148242697,1.6207216690771,1.3453002809821,2.47736059115415,0.900474991419596,17.8380722362152,9.6552598273297,6.15859993359349
"481","shhs1",203343,"C003287",2844,0,0,21.9247091033539,"censor",61,0,0,1,0,0,30.443839128,0,1,3.1265508685,0,0,0,1,0,2,NA,68.4343082678027,0.743430826780271,146,2.81712062256809,3.41916129419902,0.033244559527275,1.09702037325554,8.58862037200327,1.16120022068685,1.00736767562737,1.27986849493812,0.709350807385477,13.9243282486734,6.16924503569723,6.23571810440218
"482","shhs1",205266,"C007721",3264,0,0,22.2532511978097,"death",70,1,0,1,0,0,30.739416619,0,0,11.5,0,0,0,0,0,1.75,NA,75.7381040859449,0.57381040859449,120,1.57142857142857,5.77559807740155,0.103883599402755,0.980593214515598,6.476342097794,1.02604562413887,0.889194838629277,1.10457384917745,0.382806075892434,12.2407898992555,6.78382446321937,5.25631444307756
"483","shhs1",205559,"C010687",3207,0,0,20.9719370294319,"censor",54,1,0,1,0,0,23.528587935,0,0,5.0149253731,0,0,0,0,1,3.5,29,46.1548371473074,-0.78451628526926,342,4.01707317073171,12.2275890409839,0.0192530905354393,1.323123561449,15.0216460768342,1.36888679188022,1.2156755200005,2.20513775575015,0.640679619028699,22.5516938755067,8.72791970271195,5.35359366277879
"484","shhs1",205292,"C010514",3269,0,0,14.5544147843943,"death",67,1,0,1,0,0,24.290657439,0,0,1.875,0,0,0,0,0,1.5,NA,78.8975945401585,1.18975945401585,153,1.63976377952756,4.32116347127625,0.0703763021102328,1.01490719315673,7.92722106337301,1.06953597893032,0.935282676280371,1.22685283065933,0.50942391601983,20.6498119474804,4.19502641443998,3.61318120355104
"485","shhs1",205055,"C000342",3328,0,0,17.9247091033539,"death",58,0,0,1,0,0,23.561293236,0,1,3.2552404439,0,0,0,0,1,2.5,27,57.7007408528248,-0.0299259147175199,266.5,2.41263157894737,6.10994981315756,0.0574907626173296,1.17582195065561,16.3953684411328,1.27046026859531,1.08374865666503,2.07929195291794,1.0641137618694,17.9212460471012,8.2817001399672,6.27298201824502
"486","shhs1",205456,"C003427",3339,0,0,20.4490075290897,"censor",71,0,0,1,0,0,24.761678731,0,0,8.2209944751,0,0,0,0,0,1.75,27.931034483,70.9411250440549,-0.00588749559451003,348,3.03453947368421,5.17724507256277,0.0618996009277736,1.09377326596064,15.512695308418,1.17237707438072,1.01136612168199,2.55740112430119,1.42332314817735,20.3492604489995,4.70445007859417,5.29249674513664
"487","shhs1",205451,"C013117",3328,0,0,12.6926762491444,"death",62,0,0,1,0,0,29.24269897,0,1,0.9988109394,0,0,0,0,0,1.75,NA,72.8840046686124,1.08840046686124,102,1.6304347826087,3.97261492461995,0.0978543153680849,0.7780360043042,17.980241058238,0.813507104381391,0.734694416950549,1.91867469877634,0.732772057076376,13.1586023399783,3.64542054178267,2.50966986727422
"488","shhs1",205366,"C010298",3477,0,0,10.0971937029432,"death",65,1,0,1,0,0,24.489795918,0,0,9.8969072165,1,0,0,1,0,2.75,NA,65.7975621625603,0.0797562162560297,201,2.99318181818182,9.36827461189587,0.0381898296543416,NA,6.64446123032206,NA,NA,0.847625180835362,NA,16.87669514458,6.47861854109131,NA
"489","shhs1",203845,"C012103",2814,0,0,22.2669404517454,"censor",57,0,0,1,0,1,24.459282915,0,0,0,0,0,0,0,0,3,30,46.7849035740411,-1.02150964259589,449.5,3.96118721461187,11.722573122452,0.0319116863214529,1.69186734674759,16.0101856108634,1.83977496665846,1.55424539904456,3.19842297139091,1.46432216275597,19.1960273116489,6.61750138837333,7.1648304864698
"490","shhs1",203128,"C014427",3751,0,0,11.1019849418207,"death",65,1,0,1,0,1,23.67125363,0,0,4.6966731898,0,0,0,0,1,3,NA,68.1739475034717,0.317394750347169,89,1.6993006993007,6.77373473442489,0.0823064105219113,0.887700211529823,9.45442974572563,0.944872200280206,0.863633993914823,1.56009248466698,0.731169928283442,13.7513443555958,7.74407618620129,5.41594493809246
"491","shhs1",203575,"C014047",2855,0,1,20.4188911704312,"dementia",66,0,0,1,0,0,25.156224964,0,0,1.4165261383,0,0,0,0,0,2.5,NA,65.4021149451225,-0.0597885054877494,88.5,1.38741721854305,5.51487224041149,0.0791253397691329,1.55201748635399,13.8453072303218,1.65600443195306,1.40678770653767,2.33304309022733,0.557194015610647,12.0406123667552,7.68237612508046,6.19750421196583
"492","shhs1",205757,"C006003",2935,0,0,21.264887063655,"censor",60,1,0,1,0,0,24.89224498,0,0,2.1568627451,0,0,0,0,0,2.5,27,62.7822032324915,0.27822032324915,136.5,1.62358276643991,6.23174389459351,0.0633709656514449,1.67867191887685,12.0842929464626,1.81299825938387,1.43359767165351,2.23056795432222,1.09847086604823,15.9637101683991,5.61406848671306,4.04601109589526
"493","shhs1",205589,"C000761",3137,0,0,3.53730321697467,"death",71,1,0,1,0,1,35.916955017,0,1,44.785435631,0,0,0,0,0,2.5,NA,72.2617362067658,0.12617362067658,39.5,1.18620689655172,9.00927525535523,0.0536531142075213,0.817441927659392,12.7814681331689,0.833263784602572,0.733245841993929,1.09671518324322,0.538041209939595,6.75378209528457,2.8227387678148,3.04182810679884
"494","shhs1",205587,"C006872",3177,0,0,21.6208076659822,"censor",56,0,0,1,0,1,30.265640877,0,1,5.1798561151,0,0,0,0,0,1.5,30,54.0662826836218,-0.19337173163782,301.5,4.43389830508475,8.74624269287049,0.0571085648397848,1.3175519789593,11.4396171873793,1.52213094534753,1.25940810230161,1.63836373189517,0.931203827552554,17.0030809903073,7.48128952511398,5.83742167960812
"495","shhs1",205351,"C010249",3357,0,0,7.38124572210814,"death",61,0,0,1,0,1,31.887755102,0,0,56.909090909,0,0,0,0,0,3,NA,60.1622209854201,-0.0837779014579901,169,2.67610062893082,8.64778488623696,0.035510190015378,1.15286727363374,15.0680711658286,1.32022753518134,1.13383298298108,2.82941533139094,1.53315881708839,29.990996313546,6.84948186067036,6.4897797817336
"496","shhs1",205463,"C011048",3221,0,0,21.0458590006845,"censor",61,0,0,1,0,0,22.507433475,0,1,13.271889401,0,1,0,1,0,2.75,29,70.6678095396757,0.96678095396757,93,1.70858895705521,4.1299373103823,0.0677691066804325,1.22076480038266,10.725889338759,1.28636022168579,1.09714363016691,1.36355848234738,0.425987130014999,9.96055126980881,4.5452330353955,4.23856026486594
"497","shhs1",203249,"C013786",2925,0,0,14.1574264202601,"death",71,0,0,1,0,0,25.07812191,0,0,0.5309734513,0,0,0,0,1,1.5,NA,68.6209467840605,-0.237905321593951,187,2.9327731092437,4.78605303599754,0.0373640985779908,0.878007848139037,9.1135469582198,0.940050506077527,0.822026496166129,1.56099256838399,0.812117491463421,15.9131443625389,9.22001807082147,7.3453381062368
"498","shhs1",205428,"C015538",3361,0,0,10.3983572895277,"death",62,1,0,1,0,0,28.339278637,0,0,3.5971223022,0,0,0,0,1,2.75,NA,62.8532493371679,0.0853249337167902,349.5,3.36886993603412,5.90485858259178,0.0434331600474385,1.17606365603439,11.4628558062626,1.26168497646531,1.08015437460523,1.67711263780126,0.563402626636889,14.493409487692,6.89121573060252,7.51911829748094
"499","shhs1",205327,"C015052",3311,0,0,21.7713894592745,"censor",62,0,0,1,0,0,32.293399327,0,1,14.972067039,0,0,0,0,0,2.25,29,51.5479558743981,-1.04520441256019,47,1.08,6.9629022338718,0.0560099070810655,1.69186101586753,22.6687119971744,1.84176826542236,1.52364480359367,5.32533396869315,2.24701511321213,12.8271813547578,8.2824521220105,6.30594638851848
"500","shhs1",203424,"C003617",2903,0,0,5.83436002737851,"death",53,1,0,1,0,1,22.598870056,0,0,8.0597014925,0,0,0,0,0,4.25,NA,49.7449600263401,-0.32550399736599,160,2.9041095890411,6.69205345328463,0.0482256480459813,0.997819096394303,14.59074492893,1.11907846261894,0.907246654098871,3.43406804377985,1.71861841030274,13.9912518804253,10.4530716378079,8.49526754700838
"501","shhs1",202934,"C007582",3781,0,1,20.0958247775496,"dementia",57,0,0,1,0,1,26.399635867,0,0,14.923857868,0,0,0,0,0,3.25,30,52.8257067239883,-0.41742932760117,151,2.31921824104235,5.74684222303342,0.105690559800405,1.37944319741871,20.9760075274851,1.49477971811821,1.28157460299845,4.25736542071571,1.31932303749159,13.9604470551657,10.3350411373675,5.7495954815569
"502","shhs1",205658,"C015715",3055,0,1,16.5667351129363,"dementia",66,0,0,1,0,0,23.388536816,0,0,3.8487972509,0,0,0,1,0,3,NA,69.4521478850399,0.345214788503991,229.5,1.85071090047393,5.5758409563814,0.0676007148713032,1.33769891422828,13.1555811898303,1.5091118006894,1.20389565724126,1.90905762648253,0.733105247273073,13.4618018610261,4.24040173795548,3.28639406894544
"503","shhs1",203378,"C015401",2912,0,0,22.2532511978097,"censor",53,0,0,1,0,1,22.055779292,0,0,4.0046029919,0,0,0,0,0,3.5,30,59.264168691978,0.6264168691978,366,2.82427536231884,6.58651484083356,0.0508010292926002,0.863449174056279,8.05719399696785,0.993037547328684,0.799604545115302,1.87811655006924,0.581151117508857,18.5737454432021,8.3678120885006,5.16654471887438
"504","shhs1",202987,"C011852",3743,0,1,8.52566735112936,"dementia",74,1,0,1,0,1,24.386351304,0,0,0.9703504043,0,0,0,0,0,3,NA,87.6635074469486,1.36635074469486,206,2.11951219512195,3.8879775630521,0.116923679088402,0.740071264380261,5.31700983742932,0.78432803711471,0.696229160796327,0.552524696241496,0.28392184203749,21.6394707711253,4.40895877146624,4.3892516093939
"505","shhs1",203288,"C010165",2968,0,0,21.9219712525667,"censor",61,0,0,1,0,0,34.180780062,0,0,13.259668508,0,0,0,0,0,1.5,28,67.371334500551,0.6371334500551,87,2.26966292134831,6.39051174435187,0.0464475861410112,0.547581061341188,13.3765027049544,0.588115554102754,0.513552543886526,0.153596006239617,-0.32310074257358,10.1739223840071,6.22746853272241,5.2257245142507
"506","shhs1",205381,"C013414",3224,0,0,19.2169746748802,"death",64,1,0,1,0,0,35.953934022,0,1,11.811697575,0,0,0,1,0,2.5,26,67.4520802160834,0.34520802160834,205.5,2.39861751152074,6.19733864024461,0.0494380294892808,1.27713548214803,10.3760997098128,1.33676792869763,1.17610276394016,1.46770005417101,0.402910002754867,12.1333371331515,5.1483985956828,2.79908903070307
"507","shhs1",205221,"C003400",3326,0,0,21.6427104722793,"censor",65,1,0,1,0,0,28.393726339,0,0,10.094637224,0,0,0,0,0,3,26,65.826923698993,0.0826923698992999,281.5,3.12252964426877,5.10231765249124,0.081703362841117,1.00539644382374,16.9557976606193,1.09098432095494,0.946956616884661,2.62169251298447,1.3388287248372,17.1642405985971,6.18199995881408,4.80646620799613
"508","shhs1",203015,"C006724",3712,0,1,18.9541409993155,"dementia",68,0,0,1,0,0,19.296875,0,0,1.5768725361,0,0,NA,0,0,1.5,26.4,71.6921259591983,0.369212595919829,145,2.08093994778068,5.3392643632507,0.050276678893973,0.711008007787892,10.8042794396125,0.812424879844273,0.68699894398282,1.23863088373179,0.681115878995675,13.8221900741759,6.13637427380001,4.55281547726241
"509","shhs1",205000,"C011617",3649,0,0,4.39151266255989,"death",67,0,0,1,0,0,24.962050936,0,1,11.562867215,0,1,0,0,0,3.5,NA,78.064183231581,1.1064183231581,133,2.78181818181818,4.99374304643012,0.173664859310816,0.559589091446276,16.2520812098356,0.58760638601682,0.529016386241548,2.11600736409636,0.793496662042482,16.4800850474037,4.51516892924161,3.82235881006022
"510","shhs1",205676,"C009864",3187,0,0,21.3305954825462,"censor",65,0,0,1,0,0,27.465617266,0,1,0.5274725275,0,0,0,0,0,2,26,60.6284825014829,-0.43715174985171,255.5,3.14520547945205,8.03782001055133,0.0685985564710469,1.48214513398534,18.5175366174703,1.66131246953776,1.34483333342661,3.22455361134388,1.79766309209736,22.4102676934427,5.04382760210864,5.0038739873117
"511","shhs1",205194,"C003947",3301,0,0,22.3381245722108,"death",57,1,0,1,0,0,20.365230095,0,0,1.0714285714,0,0,0,0,0,1.5,24,63.0186493494182,0.60186493494182,112.5,1.86666666666667,4.49910549604249,0.0626550238614913,1.10371959271847,13.5945641510509,1.23806646792095,1.07922948121525,2.49486738482083,1.49115804815685,14.8634768968954,6.51507717375768,7.29349649667588
"512","shhs1",205017,"C006853",3229,0,0,10.3545516769336,"death",57,0,0,1,0,1,30.11600238,0,1,23.597122302,0,0,0,0,0,2,NA,55.5935877103555,-0.14064122896445,361.5,2.96698113207547,7.2579541607646,0.0388733076087811,1.12458128937043,14.7456981647228,1.21201496476966,1.02607878010289,3.61395493169326,0.931020371154975,19.1327684036776,8.15053545760021,5.24308890087239
"513","shhs1",203795,"C005796",2754,0,0,21.1416837782341,"censor",70,1,0,1,0,1,27.331350864,0,0,50.012903226,0,0,0,0,0,1.75,30,58.9133268996743,-1.10866731003257,252,2.9320987654321,5.83316466064123,0.0591710532033445,1.40694163965622,20.2709631377329,1.49994254967862,1.25594351957066,3.94704146966828,1.9359308185826,17.0979794508148,8.44758658639027,5.94985749354718
"514","shhs1",203336,"C011556",3139,0,0,22.362765229295,"censor",68,0,0,1,0,1,25.394477318,0,0,2.0899854862,0,0,0,0,0,3.5,NA,68.197948586449,0.0197948586449002,127.5,2.38392857142857,6.82166007985222,0.0680865898523581,0.96370571721171,12.2232976155799,1.06648102476363,0.851972993158083,2.43518221357728,1.08996266039428,22.2670117252669,7.53530430573579,7.97280127308078
"515","shhs1",205445,"C007676",3376,0,0,11.1485284052019,"death",72,0,0,1,0,1,28.008178697,0,0,3.0727762803,0,0,0,0,0,4,NA,68.1973964078261,-0.38026035921739,86.5,1.51438848920863,5.16292377790426,0.0462153345560351,1.50037643517185,17.9518702233097,1.67629482611598,1.41100854544022,2.42562325763212,0.914045092860275,10.1849358662648,4.92638562023281,4.92909117752941
"516","shhs1",203321,"C001575",2942,0,0,21.7138945927447,"censor",59,0,0,1,0,1,25.918478087,0,1,0.7604562738,0,0,0,0,1,3.5,28,56.0798590049538,-0.29201409950462,191.5,3.86315789473684,7.39032758870422,0.0435900116474471,1.39156892951694,13.7280016015041,1.47117966740579,1.24726218195788,1.80840803427318,0.67286577601365,14.1497006118457,7.60296426835523,4.12427939548636
"517","shhs1",203246,"C010851",3356,0,1,17.2977412731006,"dementia",60,0,0,1,0,0,31.25,0,0,0.901126408,0,0,NA,1,0,1.75,NA,61.8329957888589,0.18329957888589,102.5,1.13686534216336,4.59946751731762,0.0453149204684133,1.4803311823294,17.1187027134778,1.54845018553847,1.34254274550903,2.66489967000311,1.01575682612824,10.8165544897439,5.98999310565478,5.01454533701752
"518","shhs1",203347,"C000516",2929,0,0,21.3771389459274,"death",54,1,0,1,0,0,32.26122449,0,0,18.514285714,0,0,0,0,0,2.25,30,57.1018482086784,0.31018482086784,247.5,2.68884120171674,5.31460957532784,0.0497038065680965,1.24272925072078,15.0071801757792,1.39928848486434,1.17659083826692,3.08863436699658,1.30836074181795,16.8143352988409,7.064687113691,5.93231235503083
"519","shhs1",205271,"C007267",3360,0,0,22.0177960301164,"death",64,0,0,1,0,0,40.821170049,0,0,79.887165021,0,0,0,0,0,2,28,64.9109110868482,0.0910911086848202,237,2.37854251012146,7.77241042406974,0.0836234150891216,0.753277705397373,13.5866901728392,0.83419631684476,0.698101525752654,1.71583631950203,0.871236291407647,14.2604292034463,6.72339757013124,4.43780197330847
"520","shhs1",205498,"C007879",3311,0,0,20.6516084873374,"censor",68,1,0,1,0,0,28.255313189,0,0,11.339915374,0,0,0,0,0,3,23,70.783711649926,0.2783711649926,158,2.8489010989011,5.95997044011365,0.0862293804154701,0.828393101515501,14.2929649003992,0.891815348419714,0.764417976184995,1.74075909244162,1.37849613560802,15.9938774058292,4.93951929837222,5.03450295970094
"521","shhs1",205638,"C010078",3189,0,0,21.0814510609172,"censor",55,0,0,1,0,0,25.06574622,0,0,4.7736625514,0,0,0,0,1,1.5,NA,52.2631104350513,-0.27368895649487,376.5,3.6355748373102,7.43614980060117,0.0385315439355806,1.59300160742732,11.7534401035797,1.700683365372,1.39562477863506,2.01593163405449,1.51783806323229,18.8071767740475,7.86913587906713,8.26602513492019
"522","shhs1",203074,"C000376",3668,0,0,8.56947296372348,"death",73,0,0,1,0,1,19.496405585,0,1,2.6438188494,0,0,0,1,1,3,NA,77.6945346883926,0.469453468839259,66.5,1.03472222222222,4.28742747179701,0.0675473832795326,0.865517657894277,12.7011744325466,1.00501284969273,0.855595108049603,1.59529193616152,0.691258082034028,10.744087557198,4.50325860484281,4.17303949882825
"523","shhs1",205137,"C003084",3256,0,0,22.4366872005476,"censor",58,0,0,1,0,0,29.595478882,0,1,4.1176470588,0,0,0,0,0,2.5,30,54.3936952879886,-0.36063047120114,167,3.35514018691589,10.8823090369562,0.0512631770259235,0.991853821363809,17.9262638309311,1.17032471571386,1.00354080054891,3.56435118883085,1.3461257541249,26.4814538267187,7.00737176271687,4.5499111943901
"524","shhs1",205365,"C012189",3269,0,1,14.17659137577,"dementia",61,1,0,1,0,0,22.87037037,0,1,28.969823101,1,0,0,0,0,2.25,NA,72.1653107392073,1.11653107392073,92,1.3156862745098,3.05598308807047,0.0781459599335473,0.860119190937887,14.5251841761428,0.997925332412216,0.820653758871226,1.81401425416923,0.839973838581512,9.65571795345929,3.93073618964189,2.92817277526964
"525","shhs1",202966,"C012895",3734,0,0,20.9500342231348,"censor",57,1,0,1,0,1,25.817174515,0,0,21.847826087,0,0,NA,0,0,2,27,52.6078341128584,-0.43921658871416,335.5,2.68399168399168,7.94542874700313,0.0354611419304502,1.1148878191635,15.4496250091426,1.23094158870676,1.03417791905808,3.42713634472742,2.17852550051605,17.7650498254636,7.52938378283664,7.36604132476968
"526","shhs1",203896,"C013922",2766,0,0,13.5852156057495,"death",72,1,0,1,0,1,25.744288456,0,1,16.684491979,1,0,0,0,0,3.25,NA,77.3399212787963,0.53399212787963,58.5,0.825688073394495,5.00820905995692,0.060380923775657,0.64601304488049,7.98663512895475,0.709741842172991,0.607911578653836,0.763167410733854,0.775056000963191,8.88041275935355,5.48415245917129,5.01303520045921
"527","shhs1",203224,"C003813",2959,0,0,23.5783709787817,"censor",53,1,0,1,0,0,37.803457852,0,0,4.4615384615,0,0,0,0,0,3,27,54.3319987542501,0.13319987542501,236,3.11974789915966,6.52882638314991,0.0671249258672375,1.0491475652367,16.0276509720928,1.27921534254466,1.0333542836482,2.57231187313126,1.56527324502518,13.2693576652219,7.00313702027477,6.3727358408864
"528","shhs1",203681,"C012068",2706,0,0,21.6974674880219,"censor",56,1,0,1,0,1,30.103806228,0,0,1.0603829161,0,0,NA,0,0,3,29,67.0181834678779,1.10181834678779,205.5,3.00202429149798,3.94507638722681,0.125251761796707,1.10913046976349,13.9445765994252,1.18827027658403,1.02070352191619,1.96018138700325,0.597356233264939,17.1188522148876,6.50096805607776,4.48359074294533
"529","shhs1",205532,"C009986",3258,0,0,19.5071868583162,"death",63,1,0,1,0,0,24.960898848,0,1,18.29787234,0,0,0,0,0,1.75,27,67.1045812434502,0.41045812434502,89.5,1.60648148148148,4.79845195939213,0.0957324424770218,1.4139395883236,15.2215435382097,1.51719593793757,1.23618782701217,2.89392450702188,0.62409007147667,8.8113958180969,5.54407536014744,5.26455490794636
"530","shhs1",203867,"C001280",2738,0,0,21.1252566735113,"censor",55,1,0,1,0,1,33.950617284,0,0,9.9115044248,0,0,NA,0,0,2,28,65.3049906258617,1.03049906258617,244.5,2.13461538461538,4.46570359973913,0.132718880918007,1.0949740796867,10.5997690564115,1.16875553364522,0.937579003909116,1.70577660409832,0.804657802786168,10.8955189634512,7.18753173537007,6.89799299853394
"531","shhs1",202969,"C000222",2976,0,0,16.3504449007529,"death",65,1,0,1,0,0,25.279533301,0,0,1.9123505976,0,0,0,0,1,2.75,NA,61.6602663723527,-0.33397336276473,291,2.4469964664311,5.74676990808025,0.0565767222684316,1.26353572489315,16.4082754157568,1.48707145503913,1.24882763150858,2.80446884863648,1.9454920837855,18.8459268981163,6.59158714831918,3.68303503038287
"532","shhs1",205059,"C006344",3328,0,0,8.41889117043121,"death",64,1,0,1,0,0,23.689398243,1,0,8.9203539823,0,0,0,0,0,3.25,NA,69.8542937263596,0.58542937263596,88,2.28358208955224,4.27235852357029,0.0822041112295042,0.953827240435329,12.6859555661361,1.00906713716176,0.896297108500618,1.618884792322,0.947742457662414,13.6044485313,6.37221370282339,5.15453007850705
"533","shhs1",203917,"C002788",2706,0,0,19.4579055441478,"death",64,1,0,1,0,1,33.745659722,1,1,17.647058824,0,0,0,0,0,2.75,30,68.9467009993186,0.494670099931859,204.5,1.74353448275862,4.5179727776509,0.0727024954589374,0.882560057456457,15.3551417353497,0.947238039021422,0.814802845504559,2.34951805482932,1.39401829470902,9.78061681512389,4.34266205192622,4.27869393262303
"534","shhs1",205182,"C003226",3506,0,0,21.015742642026,"censor",58,0,0,1,0,0,23.021241248,0,0,0,0,0,0,0,1,1.25,29,58.1282444618327,0.0128244461832701,162,2.3008356545961,5.8427285710438,0.0547169864371692,0.763343644754754,17.5521445129109,0.883820374037653,0.762491221841943,2.85743750513384,1.49647050109193,15.4500571074925,8.17317614065992,6.34037770993982
"535","shhs1",203213,"C015402",3009,0,0,6.00958247775496,"death",57,1,0,1,0,1,29.17419492,0,0,2.2808870116,0,0,0,0,0,2.25,NA,59.730450419979,0.2730450419979,286,3.494,5.79220917191193,0.0386001781228382,0.982356086930563,15.0230225659096,1.08173116428526,0.919635208298452,2.11664764999427,1.15537102866792,16.1801748594812,5.98418837733559,6.22210747422911
"536","shhs1",203060,"C012098",3675,0,0,21.7385352498289,"death",74,0,0,1,0,1,26.53375883,0,1,26.017699115,0,0,0,0,0,2.25,30,67.8342687240899,-0.61657312759101,382,3.96673596673597,6.93753297490818,0.0625740403578562,0.881607523756938,17.8551827628968,0.940895949820048,0.813636038606897,2.80538264060505,1.30120100992169,17.0156909929832,5.25397206598269,4.81748033429534
"537","shhs1",203210,"C008631",3056,0,0,0.856947296372347,"death",71,1,0,1,0,1,38.319989669,0,1,42.894736842,0,0,0,0,0,2.75,NA,70.7664809274808,-0.0233519072519201,129,1.76190476190476,5.26554363219457,0.0547966966021174,0.949589549403562,14.5096839738685,1.00613884309046,0.85899932662751,2.38752429979613,0.905972969026967,12.0511998635729,5.96248654120039,6.42197914380705
"538","shhs1",203428,"C006617",2831,0,0,14.5790554414784,"death",72,1,0,1,0,0,25.439342404,0,0,4.5933014354,0,0,0,0,0,3,NA,68.2160136172977,-0.37839863827023,146,2.155672823219,5.78292685586205,0.069610415613048,1.10566613213913,12.0544124612664,1.16704148189311,0.981175561571864,2.4094396784811,0.944996427010525,16.8725269889144,8.93501458733764,6.24546454045834
"539","shhs1",205563,"C015071",3213,0,0,22.0999315537303,"censor",64,0,0,1,0,0,32.543617998,0,0,18.754578755,0,0,0,1,0,3.75,29,73.4707619581869,0.94707619581869,165,1.90267639902676,4.96420626960044,0.134398828643782,0.655736900045685,13.5298215688052,0.740259091913022,0.627689515233327,1.53391719999301,0.677645666306483,11.6888768019012,5.52348881800374,4.32340140563081
"540","shhs1",203337,"C002827",2946,0,0,7.35112936344969,"death",57,0,0,1,0,1,27.609451755,0,0,0.1783060921,0,0,0,0,0,3.5,NA,63.8234691043154,0.68234691043154,162.5,2.74183006535948,5.63415365387739,0.0385397478908748,1.18817847140373,11.222251505933,1.24885336205051,1.05739619739894,1.27407541855887,0.592476406990008,17.2229664211502,5.6961478842619,4.07230069370702
"541","shhs1",205731,"C014610",3028,0,1,15.5290896646133,"dementia",73,0,0,1,0,0,28.002559374,0,0,13.170731707,0,0,0,0,0,1.5,NA,71.7476563066557,-0.12523436933443,124,2.66341463414634,5.25870138781581,0.0467032642345461,1.30041057079622,12.4701828741459,1.38605570020224,1.15507016726746,1.91876292625702,1.00380811549049,19.9668100982712,5.99396234412124,4.56111308152531
"542","shhs1",203165,"C014460",2987,0,0,12.6598220396988,"death",59,0,0,1,0,0,27.038132807,0,1,0,0,0,0,0,1,2.75,NA,59.2206474763467,0.0220647476346699,228.5,2.59420289855072,5.74650717822885,0.0727681595857166,1.3490494414896,17.0775843539839,1.42866581216094,1.21949329824672,2.8073672119676,1.000804147086,19.3077073538503,8.15097593547205,8.0141344791107
"543","shhs1",203421,"C009255",2935,0,0,14.7077344284736,"death",60,0,0,1,0,1,26.679738104,0,1,1.6647398844,0,0,0,0,0,2.5,NA,64.0256047034373,0.40256047034373,244.5,2.4123006833713,5.62331534846832,0.0605147591127214,1.23406818170667,14.9255070859584,1.46585439446054,1.18549093182315,3.52497433449374,0.983323268678921,16.6260373051961,5.02693871525144,4.49513445880906
"544","shhs1",203720,"C012645",2779,0,0,16.5475701574264,"death",66,0,0,1,0,0,23.45588519,0,0,0.3582089552,0,0,0,0,1,1.5,NA,65.3301229529669,-0.0669877047033097,78.5,1.11077844311377,5.224165039099,0.0816115985683725,1.05887793854731,15.0640308307216,1.15013890921509,1.00229251764997,2.75562290395451,1.15155528906771,9.31676946909543,7.99828021763415,7.2048898649477
"545","shhs1",205340,"C009453",3293,0,0,22.0752908966461,"censor",66,0,0,1,0,1,24.896549366,0,1,22.432778489,0,0,0,0,0,2.75,30,64.976789731677,-0.1023210268323,94.5,1.81481481481481,6.42751992526521,0.050770681326727,1.12712950305665,13.2969175688181,1.22075546583794,0.999520946540823,2.32523691181255,1.19809100305138,13.4906896968122,6.49731433473309,3.89321274032898
"546","shhs1",203289,"C013689",2955,0,1,14.444900752909,"dementia",68,0,0,1,0,0,25.558842867,0,0,0.5139186296,0,0,0,0,0,3,NA,69.0840488255641,0.10840488255641,152,1.66003976143141,4.29701147064612,0.0671859143081639,0.886851676535788,14.67524338488,0.932489571538867,0.802964656536845,2.57481717739225,0.819068916967161,10.8986068818346,7.18843743219862,4.37438508855939
"547","shhs1",205645,"C005830",3220,0,0,21.429158110883,"censor",57,1,0,1,0,1,25.862068966,0,0,5.386996904,0,0,0,0,0,3.25,29,63.034746411998,0.6034746411998,191.5,3.20604395604396,4.86482037724771,0.0889391768289801,1.27402500543092,15.2300242950235,1.40696145097981,1.21230749882135,2.30044901568867,1.18549271306817,19.5010821726856,6.25981570761363,6.17640112738912
"548","shhs1",203898,"C010013",2694,0,0,22.54893908282,"censor",57,0,0,1,0,1,22.893732731,0,0,0.966442953,0,0,0,0,0,2.25,30,53.1182920435365,-0.38817079564635,309,3.05760368663594,8.2602708496414,0.0623609498274294,1.68649266192094,15.9283806947798,1.79024120395672,1.4758911741043,3.18430521316468,0.889401151962444,19.8482660743522,8.09112882927414,6.65270985478071
"549","shhs1",205564,"C014474",3260,0,0,13.9712525667351,"death",70,0,0,1,0,1,39.63649641,0,1,79.833333333,0,0,0,0,0,2.75,NA,66.8938643309572,-0.31061356690428,119,1.32467532467532,5.87585518614143,0.0511590232469918,0.928832658162428,13.3117025857072,0.965516565632578,0.821896901333996,1.95775625363651,1.30852944843038,7.79000398053261,7.03165755394332,6.97413881211943
"550","shhs1",205196,"C000549",3293,0,1,18.9240246406571,"dementia",72,0,0,1,0,0,24.801587302,0,1,7.5187969925,0,0,0,0,0,3.25,NA,77.3490572573751,0.534905725737509,139,1.93279569892473,5.76596268778857,0.0839662748339267,0.806968321299842,9.57924830435523,0.855401193902804,0.72148090893711,1.30439360317645,0.552999533708194,12.4983399528502,4.66697658692353,3.64052932434906
"551","shhs1",203650,"C010817",2828,0,0,21.5359342915811,"censor",60,0,0,1,0,1,35.74150282,0,0,34.160583942,0,0,0,0,0,3.25,30,47.4602874215114,-1.25397125784886,163,2.97907949790795,9.0976521910784,0.0384405586638655,1.10998238787991,16.0589345739804,1.283925091572,1.02992535451295,3.7224763437288,1.78801172264279,15.4083951969993,11.3895171690306,7.23113849627031
"552","shhs1",203820,"C010484",2771,0,0,22.0150581793292,"censor",62,0,0,1,0,0,28.528934559,0,1,1.1622276029,0,0,0,0,0,2.5,30,62.1342661431009,0.0134266143100902,173.5,2.98867924528302,5.21836649791562,0.0542777181364191,0.932956841413693,20.0249613965729,0.978085052399907,0.854931811862514,3.55008369619486,1.80655021297386,19.4419047061155,6.01261779386767,5.36663314570521
"553","shhs1",203349,"C012653",2940,0,1,16.5229295003422,"dementia",56,1,0,1,0,1,30.421849648,0,1,0.4400977995,0,0,NA,0,0,2.5,24,49.1400263777239,-0.68599736222761,97,1.09732360097324,5.15393155327983,0.033770747686299,1.16959705476979,16.9597258374524,1.21878265219461,1.0608928898253,3.36172759891482,2.2344905456817,11.1101934145165,11.7552680089444,8.59711489863741
"554","shhs1",205718,"C002410",3012,0,0,20.7118412046543,"censor",61,0,0,1,0,0,24.687685901,0,1,0.5811138015,0,0,0,1,0,2.75,30,64.931203538793,0.3931203538793,153,1.7907949790795,5.24732965616918,0.085145433359459,1.50168939937585,12.512506367882,1.60975622140824,1.29471443549382,1.79790996039295,0.569635015498195,12.5541163307467,6.52785340036595,3.5737255312124
"555","shhs1",203471,"C011416",2888,0,0,11.9698836413415,"death",68,0,0,1,0,0,24.238227147,0,0,1.6901408451,0,0,0,0,0,2.5,NA,65.8980002994317,-0.21019997005683,387,3.14484126984127,6.9235666898301,0.0347173229856175,1.19239070059221,11.9631452978588,1.26381715215657,1.07631433326669,1.9376234892581,0.697388126347845,17.858370867701,6.05074361860191,6.73314016916106
"557","shhs1",203610,"C015364",2822,0,0,17.7303216974675,"death",54,0,0,1,0,1,27.820069204,0,0,1.4917127072,0,0,NA,0,0,1.75,NA,54.9265736309123,0.0926573630912301,256,4.05434782608696,7.27094854860236,0.0833972983145892,0.781425265059658,19.8775853219427,0.858633343355514,0.714848447929961,3.66460842573543,1.04799772665825,19.8695978390788,7.85159408521549,3.80723444102562
"558","shhs1",205104,"C002316",3345,0,0,21.8754277891855,"censor",56,1,0,1,0,0,26.301509783,0,0,0.6,0,0,0,0,0,4.75,25,61.3521154313327,0.53521154313327,200,2.19559228650138,7.8043667485904,0.0914959746867225,0.973241909482025,11.1253179777078,1.02933710864896,0.901255819425598,1.73024450724843,0.987093788783662,11.8954577418601,6.36778163804099,5.00899284143432
"559","shhs1",203310,"C001329",2918,0,0,22.0616016427105,"censor",63,0,0,1,0,0,23.948741291,0,0,4.199192463,0,0,NA,0,0,2.75,30,58.2723696307494,-0.47276303692506,472.5,2.87244897959184,9.03261532181175,0.0783126792178462,1.27919041538557,11.7949084443725,1.45338375624465,1.18034136301529,2.66496372465119,1.16707321343521,19.697642521985,8.15438472686788,5.66559279826867
"560","shhs1",203909,"C005607",2797,0,0,22.3381245722108,"censor",59,1,0,1,0,1,23.231508854,0,0,2.1428571429,0,0,0,0,0,2.25,29,63.6907726094012,0.46907726094012,220.5,3.3054892601432,5.26727785780481,0.0629227712553417,1.07705293819916,12.0546909260095,1.1660544908209,1.00404212610399,1.48289627128233,1.09000757658086,11.6467199326418,5.50875298603429,5.3573512846096
"561","shhs1",203357,"C012010",2925,0,0,22.1601642710472,"censor",55,0,0,1,0,0,22.786160646,0,0,3.0398069964,0,0,0,0,1,3,29,52.6833882865151,-0.23166117134849,108,1.23955431754875,7.35809877719231,0.0374548461109765,1.62525275256737,18.9431242436947,1.77423269939382,1.51784984286179,2.74178950132988,0.879948208586377,14.3904281902309,7.58252069726843,6.60064271540117
"562","shhs1",203853,"C009169",2803,0,0,21.4154688569473,"censor",59,0,0,1,0,1,28.303662163,1,0,3.4285714286,0,0,0,0,0,2,30,55.2874941560033,-0.37125058439967,284,4.17741935483871,8.79367857772984,0.0502909500326356,1.31952209222052,13.4973164966155,1.42284124451936,1.18274687483548,2.55492073107733,0.723353993640564,20.3900501303415,8.06471560834671,6.04716048857975
"563","shhs1",203071,"C006326",3740,0,0,14.6776180698152,"death",73,1,0,1,0,0,29.136316337,0,1,14.915254237,0,0,0,0,0,3.5,29,71.8817363028212,-0.11182636971788,180.5,1.71306209850107,4.80356946979795,0.0571598069673389,0.998062627751691,17.4370199735536,1.02939866951018,0.940241887417717,2.62421473479262,1.17225099303616,12.6318672042264,5.0251599083178,5.29969308636393
"564","shhs1",203932,"C001984",2646,0,0,8.70636550308008,"death",69,1,0,1,0,1,38.694609267,1,1,3.8605898123,0,0,0,0,0,2.5,NA,65.9194371067305,-0.30805628932695,98,0.964618249534451,6.55367255027705,0.0381064390517211,1.10731818850384,16.3951631650485,1.16662076574121,0.995756117796018,2.23297779361347,0.677712918662735,11.1127335662834,6.58868521169168,5.98793380554946
"565","shhs1",203698,"C002764",2743,0,0,22.6392881587953,"censor",55,1,0,1,0,1,36.055363322,0,1,6.3070539419,0,0,NA,0,0,4.25,24,49.2879679562893,-0.57120320437107,140,0.982248520710059,6.37741609814434,0.143389956726087,1.60656775000641,21.5991226655299,2.22296949842577,1.33559736448826,5.43154137393157,2.30206169209263,9.18142710817727,8.57519912353028,4.32831993963715
"566","shhs1",203706,"C009775",2756,0,1,16.4845995893224,"dementia",63,0,0,1,0,0,23.205809566,0,0,7.3796791444,0,0,0,0,0,2.5,NA,56.1648981402308,-0.68351018597692,185,3.28307692307692,9.37946139999549,0.0293903904208629,2.01761722342235,13.4603298951486,2.09148356710935,1.76369846328201,2.4924593966943,0.826681255692146,20.4564108889322,6.50443181060449,5.54924040388278
"567","shhs1",203659,"C009905",2736,0,0,21.4346338124572,"censor",58,1,0,1,0,0,30.69664666,0,0,6.8742216687,0,0,0,0,0,2,26,67.3997773563693,0.93997773563693,151,1.77083333333333,5.27765264380773,0.0916924761427457,1.01763340881186,13.0342083974649,1.18811882271808,0.981258286397108,2.14887356257359,0.938109667117266,14.8926805563728,5.08496947743622,4.42748839521844
"568","shhs1",205305,"C006033",3238,0,0,10.7789185489391,"death",70,1,0,1,0,0,25.434120486,0,0,51.428571429,0,0,0,0,0,3.75,NA,68.4441578520299,-0.15558421479701,141,2.68978102189781,4.58892047554658,0.0600297898210167,NA,14.6208733500433,NA,NA,2.08007317587113,NA,14.9014503005322,6.82609936349677,NA
"569","shhs1",205404,"C012564",3353,0,0,15.0198494182067,"death",57,0,0,1,0,1,29.894951178,0,0,1.5831134565,0,0,0,0,1,3.25,29,62.2053416128134,0.52053416128134,261,3.38550724637681,4.41239951843205,0.0660868498426553,0.722369804266669,12.8615964366763,0.756751076619505,0.647554695185468,1.24906036981553,0.352565340406414,0.732708153078959,6.44691003224397,6.71185364642132
"570","shhs1",203008,"C007146",3784,0,0,5.48117727583847,"death",73,1,0,1,0,1,25.208163265,0,0,5.4669703872,0,0,0,0,0,4,NA,66.2227610663614,-0.67772389336386,284.5,2.41114982578397,5.2189548184975,0.035929545734662,NA,9.76281320957281,NA,NA,1.91740160639795,NA,13.7409306365953,9.68558026147574,NA
"571","shhs1",205575,"C013061",3174,0,0,11.8986995208761,"death",70,1,0,1,0,0,36.753650306,0,1,39.473684211,0,0,0,0,0,2,NA,72.9019124254548,0.29019124254548,158,1.46947368421053,5.43959321567692,0.0921258885438874,1.19707506774796,10.8301761236375,1.24927114820972,1.06447809732034,1.50514008796577,0.796890608632443,8.95748724953964,5.37194991900555,5.82372361676657
"572","shhs1",203236,"C008979",2975,0,0,22.861054072553,"censor",58,0,0,1,0,1,29.128970749,0,0,0.9436435125,0,0,0,0,0,1.75,29,55.91237918238,-0.208762081762,272,3.35770750988142,10.0295618391884,0.0464707319859985,1.40666080968041,12.5772986521494,1.50267893709258,1.2515499189766,1.84186213073779,0.738424539795536,23.6528868863998,7.22205568628828,5.14774755555794
"573","shhs1",203342,"C006183",3176,0,0,12.4572210814511,"death",58,1,0,1,0,1,29.814814815,0,1,12.3183391,1,0,NA,0,0,2,NA,61.8551853799864,0.38551853799864,253.5,2.67624521072797,5.39177949855333,0.0754770813407085,1.30383381055867,10.7523797390147,1.45408853686832,1.25121608589784,1.63261064955514,0.827131842755319,15.1315230867065,7.80233328466752,7.28030542527138
"574","shhs1",203019,"C000441",3722,0,0,10.2532511978097,"death",72,0,0,1,0,0,35.1171875,0,1,36.821515892,0,0,0,1,0,3.75,NA,71.1519563923457,-0.0848043607654304,172.5,1.70992366412214,4.97025112116554,0.0651292059088995,1.19687754278618,19.8898980945992,1.36648530725847,1.13935416366642,2.98098827814862,0.888906772707944,17.203631707152,4.74313850657308,2.89664906151513
"575","shhs1",205123,"C015397",3826,0,1,18.7296372347707,"dementia",68,0,0,1,0,1,23.801652893,0,1,5.9638554217,0,0,0,0,0,2.75,NA,72.1242000989389,0.41242000989389,49.5,2.1965811965812,5.26067758526147,0.133337782924662,NA,17.4115847540978,NA,NA,2.31463469993122,NA,13.7461800535588,5.1335364134136,NA
"576","shhs1",204995,"C010102",3412,0,0,22.1054072553046,"censor",58,0,0,1,0,1,23.051754908,0,0,3.0769230769,0,0,0,0,0,2.5,28,57.3827426575193,-0.0617257342480698,122.5,1.85338345864662,5.37141233301548,0.0352824070122,1.50647355011153,17.070540915585,1.64050981206859,1.33515924929804,3.33114617289105,1.90259318695087,14.4490186142055,5.87264409783293,5.43733755972988
"577","shhs1",203930,"C002201",2666,0,0,21.5386721423682,"censor",54,1,0,1,0,1,25.697069943,0,0,2.967032967,0,0,0,0,0,3,29,48.5260205751227,-0.54739794248773,274,3.30042918454936,11.064955338862,0.0778347736646502,1.44419181753519,15.828920141887,1.5835973754714,1.27493204426541,3.06837184244884,1.68866422679256,20.1491434866977,7.72783076115393,6.3146820639145
"578","shhs1",203108,"C005359",3010,0,0,12.9965776865161,"death",67,1,0,1,0,1,28.59653867,1,1,4.1772151899,0,0,NA,0,0,3.5,NA,72.7639440155956,0.57639440155956,60,3.20512820512821,5.1996923551418,0.0484806386428777,0.736382715460938,11.7577963640491,0.756034784879126,0.702212615010885,1.47465832867029,0.270843738510325,14.0125522120052,5.15360873338433,4.46308091169892
"579","shhs1",203118,"C000839",2993,0,0,23.501711156742,"censor",61,0,0,1,0,0,23.392299688,0,0,0,0,0,0,0,0,2,30,67.400597274549,0.6400597274549,90,1.66960352422907,4.85941074994552,0.112452742553275,0.682502899177515,14.5614276154671,0.768435784255898,0.658501782172416,1.76661147329533,1.03376029022266,13.3077189365481,7.73247334125527,5.67386318516464
"580","shhs1",202920,"C012163",3984,0,0,21.4811772758385,"censor",57,1,0,1,0,1,27.830033742,0,0,7.892074199,0,0,0,0,0,3.5,29,61.5369640479154,0.45369640479154,141,1.73389355742297,4.66065327702692,0.067520622000333,1.35610321934062,12.3030919186234,1.44913749172606,1.24181214639279,2.58212932960191,0.856198746719237,12.3843352984253,7.71364958935702,6.65285583908804
"581","shhs1",202985,"C009793",3844,0,1,8.01916495550993,"dementia",71,1,0,1,0,0,28.240740741,0,1,9.037037037,0,0,0,0,0,2.75,NA,79.3297088440175,0.83297088440175,60.5,0.857142857142857,4.53328308831516,0.112975884891621,0.762583978784175,12.4468266365081,0.863612585692087,0.745703928440495,1.40204419111045,0.556992303463935,8.91316142805363,4.30636794878161,2.76544779915314
"582","shhs1",203855,"C009131",2722,0,0,14.4640657084189,"death",68,0,0,1,0,0,38.518738846,1,0,13.303167421,0,0,0,1,0,1.75,NA,57.7820187093568,-1.02179812906432,140,2.87777777777778,8.23687313165086,0.0335670468601782,1.39591354781073,19.9676084897121,1.45732759711378,1.26663154771721,4.25974211494296,1.10055840657986,20.8243079478727,8.13698596369277,5.8961603702218
"583","shhs1",203219,"C007017",3009,0,0,22.0971937029432,"censor",65,0,0,1,0,0,25.307665599,0,0,2.4697336562,0,0,0,0,0,2.5,30,66.5324588515965,0.15324588515965,191,2.02981651376147,6.82036072131877,0.0583192721635517,0.971420953248724,15.5661529331563,1.05656862879098,0.868953145682686,2.25863760817985,1.14058350388249,22.0526631935135,6.00513402782903,4.68990150821916
"584","shhs1",205338,"C005868",3303,0,0,9.9192334017796,"death",71,0,0,1,0,0,27.576319784,0,1,23.307436182,0,1,NA,0,1,2,NA,64.8511334530777,-0.614886654692231,108.5,1.09294320137694,4.64424991730367,0.0645601745519084,1.14704356651866,17.282603714852,1.2283997365593,1.02196936437929,2.96294478863212,2.10310034842792,9.27344474272035,7.67686168595737,9.57453159675769
"585","shhs1",202909,"C013988",3794,0,0,21.3169062286105,"censor",58,1,0,1,0,1,27.906022366,0,0,6.3701578192,0,0,NA,0,0,1.5,28,56.0528765956627,-0.19471234043373,96,1.29450549450549,5.01006545602337,0.0375874645258201,1.10401739433043,10.8904669459754,1.17568719124531,1.00762510022149,2.14956160511007,1.58044012944082,8.98105881906544,10.469771082446,7.23731040552553
"586","shhs1",205554,"C014856",3224,0,0,20.7994524298426,"censor",57,0,0,1,0,0,22.993110079,0,1,1.9672131148,0,0,0,0,0,3.5,30,53.4438824184631,-0.35561175815369,124.5,2.06372549019608,8.42719483134279,0.067292931625539,1.36971318235184,15.7598074690318,1.44340207718922,1.2371978915511,3.49818191750584,0.95729023598661,14.6291218204862,9.09130623464923,7.21616657872887
"587","shhs1",203200,"C015675",2992,0,0,13.1416837782341,"death",66,1,0,1,0,1,24.290657439,0,0,0.2108963093,0,0,0,0,0,4,NA,75.5984241978571,0.95984241978571,67.5,1.86805555555556,3.83060965435421,0.0673727848498487,0.901427909903324,12.9604981362346,0.995939884144435,0.835995471967659,1.5216983543645,0.792919536932019,15.5111462768696,3.8309047504869,4.68059362295192
"588","shhs1",205495,"C009932",3194,0,0,17.4592744695414,"death",70,1,0,1,0,0,33.719777025,0,1,3.75,1,0,0,1,0,3.5,27,80.5351612641543,1.05351612641543,138,1.84914841849148,4.80516106805188,0.121955758449216,0.777693761536033,10.3342814605808,0.804368189218934,0.734317961437454,0.792892070997286,0.39207177196768,10.5675276512008,3.75044012537776,3.43853666855999
"589","shhs1",203861,"C000074",2837,0,0,14.9596167008898,"death",64,1,0,1,0,1,28.408163265,0,0,11.532467532,0,0,0,1,0,3.25,29,61.0959631019888,-0.29040368980112,314,2.08348134991119,7.07751592395862,0.0614584333567347,1.10375787395649,15.8613091639206,1.15180654106638,1.01210049162884,2.16315578635194,1.42568131031509,13.8513116369,6.87586919577146,8.58923258632914
"590","shhs1",203968,"C012483",2591,0,1,21.3196440793977,"dementia",70,1,0,1,0,1,34.325259516,0,1,65.820359281,0,0,0,0,0,3,24,69.004924754775,-0.0995075245224996,232.5,1.63607085346216,4.70359717478847,0.0678814118735904,0.816994626992556,13.4757198494355,0.944682025102655,0.752869216891747,2.4652509813851,2.39368385263369,10.0544471062231,5.17934976185304,1.72198431374701
"591","shhs1",205479,"C004869",3242,0,0,21.3689253935661,"censor",64,1,0,1,0,0,27.131411791,0,1,23.366336634,0,1,0,0,0,1.75,30,68.6540391777314,0.465403917773141,141,2.3003003003003,3.67073632231311,0.0796971180943887,1.09056886834704,13.3118341164489,1.12695879456724,1.02219494615104,1.85147899692255,0.565606712145251,10.1614413692222,6.98039829796524,6.97137351946867
"592","shhs1",205112,"C004175",3387,0,1,20.1013004791239,"dementia",71,0,0,1,0,0,28.242553696,0,0,5.5384615385,0,0,0,0,0,2.5,24,72.9086614755513,0.19086614755513,272,2.8156779661017,6.44434867483003,0.111698661587421,0.968763301937847,14.522107255121,1.05552540160509,0.905249356868971,1.83117241456151,0.781629547108853,16.3355939106607,5.18827649034892,5.49810272382776
"593","shhs1",202938,"C002360",3772,0,0,15.4770704996578,"death",64,0,0,1,0,0,29.817591525,0,0,24.857142857,0,0,0,0,0,2.75,28,61.4843799231551,-0.25156200768449,131,1.98972602739726,6.95831532573199,0.0511867555035755,1.11908457204276,11.4300866746272,1.25526985829263,0.983776511646289,2.2588314576194,1.03222070683746,16.3298216458621,8.89652055842013,6.9741436551579
"594","shhs1",203093,"C002626",3685,0,0,21.3524982888433,"censor",59,1,0,1,0,0,26.86873566,0,0,0.7772020725,0,0,NA,0,0,2.75,29,63.943074257822,0.4943074257822,275.5,2.55670103092783,7.3817182013907,0.0540135483880544,1.04326170030479,12.6275044247298,1.12568616891227,0.972140033557242,2.24517082779331,0.881806838578796,18.9333846526285,5.05939933184654,4.89239618424108
"595","shhs1",203083,"C008785",3673,0,0,14.0506502395619,"death",59,1,0,1,0,0,26.234567901,0,0,8.9256198347,0,0,0,0,0,4.25,28,51.4772129904025,-0.75227870095975,343,3.88009049773756,9.97838300585686,0.0580612508551535,1.45129768289054,9.85051880201309,1.515296016358,1.26760750289111,2.09346280073874,0.982096188074007,19.6074910455395,10.3551257116381,7.88257806184657
"596","shhs1",203268,"C007887",2972,0,0,22.5653661875428,"death",63,0,0,1,0,1,28.796329259,0,0,6.1896838602,0,0,0,0,0,1.75,29,67.9027363338912,0.49027363338912,71,1.75634517766497,7.75272508816123,0.0930650821483124,0.997688060173743,9.32188741467813,1.03714619278894,0.886355840921275,1.29241506623414,0.505398606628479,11.5299251030818,6.26108468234641,4.10349210182185
"597","shhs1",205370,"C001889",3309,0,0,12.1615331964408,"death",61,1,0,1,0,0,37.383780992,0,0,12.167832168,0,0,0,0,0,1.75,NA,60.3062405660723,-0.0693759433927703,134,1.36532507739938,5.52892989462478,0.105586328039562,1.93525833826938,11.5929404402049,2.39313045983906,1.57140260447936,3.38238369302968,0.805807331007273,12.3851917916911,7.90686641831767,4.13721541752886
"598","shhs1",202908,"C009973",3773,0,0,21.3853524982888,"censor",55,0,0,1,0,1,33.648453773,0,0,1.4408233276,0,0,0,0,0,3.75,30,59.502729240255,0.4502729240255,28,1.19230769230769,8.19667513378474,0.0939877668704127,1.02201835140605,15.2127147228391,1.07099583219419,0.948221537455255,2.35929231185119,0.770482294040864,17.9340242249342,8.21792294606761,7.07358990449482
"599","shhs1",203784,"C006970",2735,0,1,16.3394934976044,"dementia",54,0,0,1,0,1,27.887617066,0,1,2.2167487685,0,0,0,0,0,2,NA,59.8463809191899,0.58463809191899,264.5,2.26171875,7.15756464508011,0.0329223839427655,0.842277167142605,8.6457919138512,0.862174661601779,0.773626961230228,1.23677753933606,0.688932910530453,17.6040526260602,7.80447288247328,6.14033206424325
"600","shhs1",205128,"C000121",3300,0,0,7.59753593429158,"death",73,1,0,1,0,1,25.925925926,0,1,15.614035088,0,0,0,0,0,4.25,NA,68.7273365988132,-0.42726634011868,139.5,1.88974358974359,7.79423868890501,0.0945729722548138,1.21298153386726,11.1167962791104,1.3815496312843,1.16913850304132,1.61947128613509,1.33758326300631,22.6268462816149,8.81485286925455,9.89706978919156
"601","shhs1",205549,"C005333",3239,0,0,15.7837097878166,"death",58,0,0,1,0,0,27.313761043,0,1,1.875,0,0,0,0,0,3.25,25,56.481935236254,-0.1518064763746,287,3.30023640661939,7.06035899157257,0.0624775955910062,0.984130680667482,15.9963981807904,1.07320406112135,0.887504625421799,2.54925668051873,1.68956652112909,33.2923684444307,7.04128121768861,6.0653451445098
"602","shhs1",203325,"C009835",2941,0,0,21.09787816564,"death",69,1,0,1,0,0,26.332888752,0,0,37.710109622,0,0,0,0,0,3.5,29,66.932158411773,-0.2067841588227,65.5,0.55743879472693,8.01896307648825,0.0999493221676999,0.600087980132792,13.0122052159407,0.612739241507758,0.558817373424706,1.42263022267688,0.47906656474029,3.79897660107775,8.69783961259034,6.70200040120562
"603","shhs1",203243,"C012027",2929,0,0,22.8528405201916,"censor",59,1,0,1,0,1,27.079914152,0,0,4.7887323944,0,0,0,0,0,3,30,53.9691810013982,-0.50308189986018,188.5,2.90151515151515,6.75028646627433,0.0603438349660832,1.55646104322061,15.959103778051,1.73987194956706,1.49564551119922,3.30223727415172,1.1924712314062,13.5460609810439,8.68012721063982,6.45956006277312
"604","shhs1",203131,"C008923",3612,0,0,21.8206707734428,"death",65,1,0,1,0,0,36.623367529,0,1,63.938223938,0,0,0,0,0,2.25,25,60.0870849718931,-0.49129150281069,246,2.25535714285714,7.47830400930576,0.0824517901511346,0.842909275258329,22.2662404469243,0.88629286030385,0.756748003799742,4.15015169355295,0.59244168313353,15.7472846062373,8.3775669952459,4.91996684078328
"605","shhs1",205088,"C010289",3367,0,0,10.9568788501027,"death",67,1,0,1,0,1,25.010956903,1,1,2.8,0,1,0,0,0,3.5,NA,70.1901287000154,0.319012870001541,193,1.94405594405594,5.62976298866702,0.0554906658712505,1.44739536552496,11.0159360736557,1.51729448745576,1.26859595496807,1.54337162984057,0.590555466549608,12.8104979183613,4.67360521424492,8.37207966583176
"606","shhs1",205004,"C000883",3465,0,0,22.3791923340178,"censor",56,0,0,1,0,1,24.76756592,0,0,1.7883755589,0,0,0,0,1,2,30,54.9252574700175,-0.10747425299825,147.5,2.48414985590778,8.91469067750323,0.0394425330032156,1.00603670096344,15.6354366375627,1.17151696048663,1.0361312204418,2.07594234616863,1.1107904918037,17.1866726424425,7.37907469321558,7.55106150791906
"608","shhs1",205233,"C001003",3282,0,1,20.1149897330595,"dementia",69,0,0,1,0,0,32.174556213,0,1,0.298136646,1,0,1,0,0,2.25,24,66.8218689616818,-0.21781310383182,165,1.65454545454545,4.97601792137572,0.058449430500009,0.960698352639809,15.1906896785349,1.08137411457452,0.933169190054206,3.46164112519901,1.333454955959,14.0592703299441,7.66255501369455,6.61598176612506
"609","shhs1",203360,"C009220",2897,0,0,21.8316221765914,"censor",55,0,0,1,0,0,32.861373687,0,0,3.7130801688,0,0,0,0,0,1.25,NA,46.0822490267954,-0.89177509732046,369,3.68878718535469,13.5442128658713,0.0554679520075498,1.33139755262691,11.9647713555349,1.40588573500811,1.17438415049108,2.46825476528198,1.42099820576414,18.4986589756723,8.25127273492025,5.98513455205941
"610","shhs1",203481,"C014006",2801,0,0,23.2142368240931,"censor",55,1,0,1,0,1,35.95567867,0,1,10.846484935,0,0,NA,0,1,4,30,51.7490199756938,-0.32509800243062,253,3.45708154506438,9.39496163443234,0.0436558183203612,1.09423782696927,9.82718266171795,1.24052731296393,1.04681699127551,1.51325952223644,2.00862113184438,20.8980501765048,9.06718724956184,10.9742498764969
"611","shhs1",205469,"C015085",3216,0,0,20.7693360711841,"censor",54,1,0,1,0,0,23.183391003,0,0,2.8717948718,0,0,1,0,1,2.25,27,61.0336555505753,0.70336555505753,203.5,2.55665024630542,6.08981229068755,0.0391564952572906,0.971182857830189,11.2061227042644,1.11560627307067,0.956111135923349,1.22513501039807,0.924770603975958,17.6934112939799,6.37608811531466,5.97238865131116
"612","shhs1",203571,"C011297",2870,0,1,21.1416837782341,"dementia",59,0,0,1,0,0,18.186188111,0,0,9.0155440415,0,0,NA,0,0,2.25,NA,58.5401604087226,-0.0459839591277401,432,3.17368421052632,9.42750457513435,NA,NA,15.0345784490554,NA,NA,1.78999177720811,NA,15.9809807326316,4.79852110260442,NA
"613","shhs1",203014,"C003111",3739,0,0,1.76317590691307,"death",72,0,0,1,0,1,25.156224964,0,1,0.4724409449,0,0,NA,0,0,4.25,NA,80.4194574587485,0.84194574587485,78,3.35869565217391,4.38757941552609,0.0144831676507928,0.157952434325656,6.19938555989346,0.160555613116106,0.154413428280336,0.0422275450478209,-0.151964622557135,3.63955211932362,3.22813850553899,3.57772373208633
"614","shhs1",203167,"C013657",3032,0,0,22.2915811088296,"censor",61,1,0,1,0,1,32.715318869,0,0,0,0,0,0,0,0,1.75,28,55.4522556043678,-0.55477443956322,176.5,2.0046403712297,8.12738381641716,0.061929867366066,0.964798841436786,18.631800074829,1.09700872340514,0.870506186717988,3.91718930264812,1.61538299727826,21.3062561579639,9.31506592950852,5.95945353034828
"615","shhs1",202902,"C008924",3808,0,0,20.4544832306639,"censor",60,0,0,1,0,1,41.312358277,0,0,2.6482758621,0,0,0,0,0,1.5,NA,58.0761409505916,-0.19238590494084,195.5,2.73114754098361,4.72776061561363,0.0659592034375845,1.12991301193677,21.0371541237619,1.16831622825301,1.05208342673933,3.99445851745322,1.87977621190362,13.4870355940045,7.03048144916761,6.72020805553465
"616","shhs1",203574,"C010032",3289,0,0,17.015742642026,"death",72,0,0,1,0,1,29.46930281,0,1,0.447761194,0,0,NA,0,0,3.5,25,60.2129042410769,-1.17870957589231,697.5,2.85390428211587,7.21762111297866,NA,NA,14.6048198041934,NA,NA,2.73560158853454,NA,15.5211170140956,8.16718213420493,NA
"617","shhs1",205295,"C003002",3333,0,0,21.7741273100616,"censor",58,0,0,1,0,1,28.943985308,0,0,0.7559055118,0,0,0,0,0,1.5,NA,57.4560903807271,-0.0543909619272903,112,1.63571428571429,5.51714452359742,0.0649592021443114,1.42467338540836,20.0243600328343,1.57814272999981,1.35213871737813,3.03787337706682,1.71905953296463,12.3697032072936,6.18064758747951,5.60399262329361
"618","shhs1",203545,"C003627",2916,0,0,8.94182067077344,"death",65,1,0,1,0,0,29.339250493,0,1,2.4683544304,0,0,0,0,1,1.25,NA,61.813860573156,-0.3186139426844,218,2.5266106442577,6.81909443337805,0.0357722105504674,1.55317520234337,10.677975912145,1.65850431784321,1.33867977073012,2.09160522078084,0.72020891392607,16.6394844389999,7.60814122146531,5.77444991192411
"619","shhs1",205499,"C007973",3381,0,0,20.4134154688569,"censor",60,0,0,1,0,0,30.991435622,0,0,45.995423341,0,0,0,0,0,1.75,29,60.366115449924,0.0366115449924003,202.5,1.83849557522124,6.15952981205449,0.068857022389313,1.0808598177868,12.7523684543,1.17654575302553,0.966163053116875,2.52141296583727,0.96917451549109,14.6480039588959,8.90044536219713,5.84994617359138
"620","shhs1",203217,"C006681",2975,0,0,22.2943189596167,"censor",55,0,0,1,0,1,22.883811961,0,0,0.7389162562,0,0,0,0,0,2.75,30,61.3600415078078,0.63600415078078,372,2.99771689497717,6.94958243864417,0.138815871127909,0.587793574491647,13.3566087652678,0.617352715829039,0.564491951756049,1.52960964570784,1.13207491176185,11.4552687872054,7.63008017038198,8.2749404296212
"621","shhs1",203482,"C013717",2898,0,1,21.719370294319,"dementia",56,0,0,1,0,0,25.242927319,0,0,0.629095675,0,0,0,0,0,3.5,27,57.2974871537687,0.12974871537687,155.5,1.83690987124464,5.7685555136741,0.0431079243166325,1.56975041745227,12.3270511831994,1.67655480304307,1.44204874303646,2.42284622937797,1.10995996174313,14.5685638889402,7.85225432749597,7.29314893586041
"622","shhs1",203953,"C010354",2636,0,0,21.8562628336756,"censor",66,0,0,1,0,1,25.80204195,0,0,0.1643835616,0,0,0,1,0,1.75,29,57.9068509629116,-0.80931490370884,207.5,3.01593625498008,8.04203242378464,0.045034590594333,1.32397514287788,15.8689883169811,1.40756688305127,1.19714692115424,3.29716201437983,1.59451798372193,17.6058508032166,7.81153792537365,7.83254563232199
"623","shhs1",205113,"C004592",3652,0,0,21.8781656399726,"censor",60,1,0,1,0,0,25.471607776,0,1,3.963963964,0,0,0,1,0,3,29,60.0110326732232,0.00110326732231982,212,3.34821428571429,5.38037809148975,0.0512670670142713,1.50774141053982,18.8710975069256,1.59109669657484,1.37847289243036,3.23143482597112,1.21838556298991,20.9293676504107,6.06534769848449,6.19722354611648
"624","shhs1",203350,"C000142",2999,0,0,22.7515400410678,"censor",61,0,0,1,0,0,24.1638322,0,0,1.6724738676,0,0,0,0,0,4.25,30,55.4446239729655,-0.55553760270345,196.5,3.35906040268456,6.02226188245985,0.0693374239930352,1.58615994412802,15.5002646635807,1.66781275693934,1.42901582903038,3.066940067569,1.24858554094291,17.2092611278452,9.86417407039416,8.44146775628842
"625","shhs1",203302,"C001019",3000,0,0,22.0451745379877,"censor",57,1,0,1,0,1,28.395061728,0,1,16.44504749,1,0,NA,0,0,2.5,29,50.2618835701857,-0.67381164298143,180,1.75690607734807,5.90310626308808,0.0341962834865187,1.71913011920052,19.4547690936371,1.80847020102157,1.51285813497988,3.67264532861832,1.88470842976221,11.7211069527203,8.10360790102082,5.75888160184865
"626","shhs1",203526,"C002190",2852,0,1,21.3716632443532,"dementia",56,1,0,1,0,1,32.345604561,0,0,14.710743802,0,0,NA,0,0,2.75,30,51.8414228966111,-0.41585771033889,300,2.60344827586207,6.22671114076807,0.0336375420787431,1.40592022037536,20.9280425098684,1.52324811141723,1.2804360377838,4.69494113521133,1.55438796895739,16.3058556891497,7.19229185114374,5.3253145959213
"627","shhs1",205154,"C007541",3279,0,1,16.0876112251882,"dementia",66,1,0,1,0,0,27.45144575,0,1,1.4742014742,0,0,0,0,0,2.75,21,69.3454768115208,0.33454768115208,203.5,2.1036717062635,4.29589756097187,0.0606435741894415,0.811317567507482,11.0111631938374,0.847838978027636,0.762596277361784,1.62348814621252,0.98487417421425,10.8324934081633,6.93742183993765,5.90177386304522
"628","shhs1",203291,"C010216",2954,0,0,21.7357973990418,"censor",58,0,0,1,0,0,25.744288456,0,1,0.4411764706,0,0,0,1,0,1.75,NA,60.1198598727637,0.21198598727637,108,1.38397790055249,4.3404500653607,0.0480757985281368,1.13403338520821,15.8390953484697,1.17329250067676,1.04491072020465,2.42925133303379,1.81582153726471,10.329027800648,6.88487982327222,7.33641900936005
"629","shhs1",203152,"C011978",3688,0,0,20.104038329911,"death",65,1,0,1,0,0,29.364183022,0,1,0.4285714286,1,1,NA,0,0,3,26,69.721139540389,0.4721139540389,136.5,1.92911392405063,5.76859915654791,0.0662108554883143,0.755093856031056,13.6965232485719,0.837361938201468,0.708426566213686,1.46711332776445,1.41155300556119,15.7076472717556,4.9714080931654,5.71225062886651
"630","shhs1",205787,"C004837",2912,0,0,21.9603011635866,"censor",69,0,0,1,0,0,28.557256236,0,1,3.5419126328,0,0,0,0,0,2.75,29,75.0033002133876,0.60033002133876,163,1.97815533980583,7.12565957573314,0.0611610772509621,0.867497671096601,10.6154443768748,0.910858544512393,0.784962647429935,1.32091401349919,0.437852733342099,22.7727695138686,4.67581155921753,2.34782023045999
"631","shhs1",203802,"C003606",2716,0,0,22.0451745379877,"censor",53,0,0,1,0,1,42.046505483,0,0,36.04505632,0,0,0,0,0,2.5,29,54.0516253943672,0.10516253943672,337,3.45351043643264,7.10813549198633,0.0446563810483115,1.05782124814838,16.2623123625428,1.14637143141216,0.9774211134359,2.69628405699158,0.786951965862346,19.3740982505697,7.93145459902257,6.90184526770468
"632","shhs1",203637,"C008146",2746,0,0,22.2943189596167,"censor",57,0,0,1,0,1,30.410799826,0,0,4.8301886792,0,0,0,1,0,2.25,30,49.3447557749012,-0.76552442250988,459,3.74446337308348,11.8913527091387,0.047211184181567,1.25015600093371,12.6836125835262,1.38083441466287,1.23914164021739,1.94487357679419,0.915884807011894,20.8373584164825,8.84119955663921,5.40074306074368
"633","shhs1",203400,"C011267",3174,0,0,16.7364818617385,"death",60,1,0,1,0,0,33.761128454,0,0,2.8046744574,0,0,NA,0,0,2,NA,64.9669392927639,0.49669392927639,253,3.8780487804878,8.08084177242934,0.061661230251752,NA,7.83701464547968,NA,NA,0.953490039242834,NA,20.4752143690582,6.08823836525232,NA
"634","shhs1",203117,"C004100",3014,0,0,23.791923340178,"censor",60,0,0,1,0,1,26.299357208,0,0,11.149144254,0,0,0,0,0,3,30,62.2162763071292,0.22162763071292,53.5,1.22857142857143,8.53015591012904,0.0590418367010471,0.679767487983051,14.141428972144,0.721607225553829,0.608499073660032,3.52269571928933,1.31702086048152,8.99264471629697,5.264989213354,3.69019548816348
"635","shhs1",203801,"C014639",2723,0,0,22.6201232032854,"censor",57,0,0,1,0,0,29.053287982,0,0,0.7659574468,0,0,0,0,0,1.5,29,56.6322715857686,-0.0367728414231401,294,2.52604166666667,7.30398641718221,0.0273307097839185,1.32960901513243,10.7050120184598,1.42057356191014,1.17107571834747,2.21049195848369,0.864487363445343,16.2000776654862,7.8453308633617,7.90579786905853
"636","shhs1",205578,"C007093",3166,0,0,14.4339493497604,"death",58,1,0,1,0,1,45.294117647,0,1,64.671532847,1,0,0,0,0,1.25,26,65.3883044402382,0.73883044402382,278.5,1.78542510121457,5.52721598438636,0.0255133173672392,0.527750463317763,14.626367004211,0.547320491507639,0.491784479072439,0.637299571345451,0.465654713411535,6.51347761954886,4.06240293517969,3.84354539806935
"637","shhs1",205535,"C010330",3152,0,1,19.4113620807666,"dementia",72,1,0,1,0,0,24.960898848,0,0,5.4605993341,NA,0,0,0,0,2,24,74.5442343596435,0.25442343596435,284,1.21787709497207,3.48822927588088,NA,NA,11.9062726633362,NA,NA,2.68808169577655,NA,9.30548143774917,5.11126412628961,NA
"638","shhs1",205513,"C000537",3297,0,1,17.8918548939083,"dementia",71,1,0,1,0,1,30.475206612,0,1,35.294117647,1,0,0,0,0,3.25,NA,76.9926659809053,0.59926659809053,78,1.56551724137931,5.81704402033293,0.0832158841853163,0.965945733377361,10.0549488431602,0.994250727204684,0.91717800932677,1.26578785063702,0.276290115461793,9.45859650221299,4.40039584340599,5.14003762389127
"639","shhs1",205030,"C000020",3386,0,0,10.321697467488,"death",72,1,0,1,0,0,26.748971193,0,0,9.0947368421,0,0,0,0,0,2,NA,68.3827279538546,-0.36172720461454,161.5,2.16163793103448,7.64560518329105,NA,NA,15.7860735786,NA,NA,1.37547233747412,NA,29.0204036277605,5.64282491399832,NA
"640","shhs1",203544,"C000186",2916,0,0,20.1587953456537,"death",62,0,0,1,0,0,32.893294154,0,1,0.2226345083,0,0,0,0,0,2.25,NA,59.9963644851485,-0.20036355148515,50,1.1375,8.15779413231609,0.0394311098961473,1.25558713506484,6.38936311167603,1.30059053689357,1.07563959145738,1.83406489114192,0.508866827808689,12.3188673719601,9.95512772310151,6.0510831542797
"641","shhs1",203340,"C009012",2912,0,1,15.9644079397673,"dementia",70,0,0,1,0,0,33.359375,0,1,11.436699858,0,1,0,0,0,2,NA,78.3010918449735,0.83010918449735,155.5,2.99016393442623,4.22159341135843,0.0962327557724356,0.688076932026633,13.3637639456052,0.720700827926517,0.636310354801719,1.57270447627812,0.60252507292942,19.0231911668302,4.70987011216982,5.27931264660341
"642","shhs1",203454,"C006082",2885,0,0,22.7460643394935,"censor",58,1,0,1,0,0,34.355754136,0,1,76.842105263,0,0,0,0,0,2,25,56.6515307893739,-0.13484692106261,254.5,2.02529510961214,5.61519482418854,0.093040513564398,NA,24.3244831553236,NA,NA,4.05762219897672,NA,15.3382800143787,6.70024741499915,NA
"643","shhs1",205285,"C004366",3284,0,0,22.4640657084189,"censor",58,0,0,1,0,0,31.426912469,0,0,1.5639810427,0,0,0,0,0,2.75,30,43.9308719007175,-1.40691280992825,235.5,2.68807339449541,7.44279394134435,0.0403381090989721,1.66985268583663,21.4224494093878,2.21901890598635,1.74207876400155,6.05150383320072,1.30925712648874,13.4591929460092,10.8621553138189,6.07667213116173
"644","shhs1",203195,"C001649",3038,0,0,21.8507871321013,"censor",67,1,0,1,0,0,28.111213707,0,0,7.1111111111,0,0,0,0,0,1.25,NA,64.5203449896007,-0.24796550103993,238,3.5210355987055,6.34311323220463,0.0629468096804978,1.11503911403969,9.98256916161173,1.15806050899741,1.00193059840562,2.38566037344144,1.03946557626661,19.5699069471233,8.94328775116787,6.8124653108641
"645","shhs1",203064,"C004090",3654,0,0,21.9630390143737,"censor",62,1,0,1,0,1,28.900471271,0,0,6.1375661376,0,0,0,0,0,3,30,63.5019806848462,0.15019806848462,194.5,4.01509433962264,6.44767017816483,0.069671274069674,1.29955826437155,15.1660252051694,1.43277194836538,1.18853899227441,2.41693032273226,0.84562828182356,20.1552996267216,5.73310451736756,5.11705735072492
"646","shhs1",203572,"C014446",2765,0,1,16.8733744010951,"dementia",64,1,0,1,0,0,19.100091827,0,0,27.256097561,0,0,0,0,1,1.75,NA,53.0121342979454,-1.09878657020546,206,2.42339832869081,7.598773340606,0.0555102839682403,0.710859229346415,20.0640509213597,0.813115519505665,0.67089044981629,3.14486330023754,1.90596859841555,8.02097603578385,9.7143668475132,8.73350792484945
"647","shhs1",205590,"C005473",3142,0,0,21.7713894592745,"censor",57,1,0,1,0,0,40.824901089,1,1,9.5652173913,0,0,0,0,0,2,28,51.6034967620667,-0.53965032379333,232.5,2.18028846153846,6.95777642379123,0.0248669923230234,1.53292142371842,15.3576799567371,1.6096873167971,1.36305942805621,2.58161254325339,1.18677759562741,13.5116014519751,8.96397494042081,8.14435649345215
"648","shhs1",205406,"C010248",3273,0,0,7.94798083504449,"death",66,1,0,1,0,0,28.805272109,0,0,5.9757738896,0,0,0,0,0,2,NA,65.4454932771428,-0.0554506722857198,147.5,1.5518018018018,4.99618053572807,0.0654696193944994,1.08289243388568,17.2976619163001,1.14930688921074,0.966617079761391,3.125461877973,1.11531310971965,14.3742444024596,7.10379817283985,4.28441522702775
"649","shhs1",203172,"C011910",2986,0,0,22.8227241615332,"censor",61,0,0,1,0,0,32.038959375,0,1,2.1582733813,0,0,0,1,0,1.75,NA,67.1813467969506,0.618134679695061,47,0.539893617021277,5.06427558033265,0.0624403550670222,0.710446055376495,14.8649062130682,0.850560610845886,0.729108242086292,2.06794191287248,0.827894526537278,6.97774885878519,5.75361357754396,5.11458949067891
"650","shhs1",205368,"C006190",3305,0,0,22.0561259411362,"censor",55,0,0,1,0,0,46.044864227,0,0,33.372781065,0,0,0,0,0,2.5,NA,50.0860136855985,-0.49139863144015,266.5,2.71578947368421,7.75063466680778,0.0312614574635397,1.69438913673993,17.440713559394,1.87768742321689,1.61964324288231,4.13708091494066,0.852740590530307,19.4830136458225,8.62774597494853,5.7181639061117
"651","shhs1",203561,"C005836",3009,0,0,21.9137577002053,"censor",56,0,0,1,0,0,21.045918367,0,0,2.6267281106,0,0,0,0,0,1.5,NA,58.2870081676487,0.22870081676487,111.5,1.44837758112094,8.21470015735988,0.0611386806350688,1.18125682474191,17.0829475567704,1.27287867276261,1.04522640822047,2.72237825575228,1.27307691387631,10.1692478389056,4.30945721670489,2.67780745291129
"652","shhs1",205560,"C013878",3228,0,0,21.7330595482546,"censor",67,1,0,1,0,1,28.468627699,0,0,10.125944584,0,0,0,0,0,1.5,27,64.9482979567052,-0.20517020432948,350.5,3.26019417475728,5.94328319239849,0.0452628637043296,1.28229449469762,7.90457116999074,1.36874858250415,1.17155774904019,1.28864748951314,0.71336452239699,12.8684445814861,7.6295225292046,6.32859820906351
"653","shhs1",203225,"C010372",2958,0,0,1.42094455852156,"death",71,1,0,1,0,1,24.382716049,0,0,11.364365971,0,0,NA,0,0,1.75,NA,82.7367134613409,1.17367134613409,87.5,1.21799307958478,2.76424467053163,0.119324486511697,0.451325461327538,13.4437698005718,0.506104436860495,0.420215976426298,1.51138950031178,1.2048356837422,7.64329831296306,2.7620136827363,2.78474157895445
"654","shhs1",205473,"C010079",3383,0,0,21.4127310061602,"censor",58,0,0,1,0,0,28.962891296,0,0,6.0966542751,0,0,0,0,0,3,27,60.9425501837932,0.29425501837932,364,3.41955193482688,7.80392244680815,0.0410057444019151,1.17629997742287,12.1512340083425,1.25038318114213,1.07062766897137,1.57282597602692,0.491794250579211,18.3015840029721,5.39502686730325,3.97974700310686
"655","shhs1",203470,"C007026",3358,0,0,3.79739904175223,"death",71,1,0,1,0,0,23.528607093,0,0,9.0653008963,0,0,0,0,0,3,NA,72.6833352860509,0.168333528605091,169.5,2.46900826446281,7.85540383486885,0.0580305677983433,1.37140471363973,5.95670117422335,1.44248264032567,1.24967169315712,0.806195422254661,0.580275161276236,22.4723036547424,5.95757059974618,6.25023282632164
"656","shhs1",203970,"C005563",2792,0,0,21.3935660506502,"censor",63,1,0,1,0,0,32.208732561,0,0,10.605326877,0,0,0,0,0,2.5,23,60.9449605658207,-0.20550394341793,316.5,2.42930153321976,4.96221449328473,0.0742581242512859,1.42945476500339,13.6155884397392,1.51877115233113,1.32789594044764,2.18388673185728,0.771309040642433,14.4196582336472,9.34913264434574,7.43307213960396
"657","shhs1",205053,"C012291",3328,0,0,6.58179329226557,"death",69,1,0,1,0,0,24.51814059,0,0,18.536585366,0,0,0,0,0,2,NA,64.6534057244603,-0.43465942755397,262,3.66270783847981,6.73004794966589,0.0594911822194906,1.71449808416452,15.098580522655,1.79435074366987,1.58752079290632,2.05600721696662,0.98282499850543,21.0737983449935,6.15831476574685,7.65878647458456
"659","shhs1",203956,"C011807",2684,0,0,21.4839151266256,"censor",62,1,0,1,0,0,31.091348342,0,0,15.730337079,0,0,NA,0,0,2,29,57.6518488554084,-0.43481511445916,252,3.19037199124726,9.94084000877674,0.0266585869759197,1.36375127429815,12.4511163133201,1.46633917369561,1.23241592348417,2.24002612481765,1.02612297184035,27.5895259601168,7.52447491591219,5.18883270736431
"660","shhs1",203403,"C013464",2926,0,0,22.1957563312799,"censor",57,0,0,1,0,0,26.740128558,0,1,2.5174825175,0,0,0,0,0,1.75,30,53.867129101435,-0.3132870898565,79,3.54867256637168,6.32647994115134,0.0514294454947501,1.53459776412091,18.907397253597,1.87113362816717,1.54165988708797,4.55417018436978,0.726018674014388,20.2310362816771,8.66828363137047,6.01222544339316
"661","shhs1",203516,"C009708",3036,0,0,5.12525667351129,"death",62,0,0,1,0,1,31.383975026,0,1,4.9681528662,0,0,0,0,0,2.75,NA,60.2420743279652,-0.17579256720348,110.5,1.49685534591195,5.85547118527688,0.0601685753397461,1.29460463163447,21.3280475337953,1.38112193831599,1.19585103805375,5.09317370116176,1.00036531096767,15.2971520266299,6.93158864068931,4.75172165481183
"662","shhs1",205075,"C005087",3418,0,0,21.1800136892539,"death",62,1,0,1,0,0,22.393975426,0,0,1.7792421746,0,0,0,0,1,3.25,NA,61.4400927231195,-0.0559907276880502,150.5,2.63239875389408,5.75720453304351,0.0470031085636296,1.30901811589594,10.3291242384421,1.40362266649772,1.21246158321223,1.71561010102353,0.643101328310576,14.5868071267823,8.99209214742829,7.38183535780202
"663","shhs1",205371,"C015313",3269,0,0,13.7111567419576,"death",72,1,0,1,0,1,25.909456952,0,1,16.708860759,1,0,0,0,0,3,NA,72.9289121281591,0.0928912128159098,132.5,1.5473441108545,4.53337138836245,0.0679352611470831,0.584243310469996,19.0328270188527,0.61592917205108,0.544186142445968,1.96777391830052,1.52481397000931,11.4005576245879,4.60934928672005,5.29128982214192
"664","shhs1",205110,"C008178",3316,0,0,11.8877481177276,"death",69,1,0,1,0,0,31.140365532,0,1,6.6467065868,0,0,0,0,0,2.25,NA,63.1306327007475,-0.58693672992525,237.5,2.86197183098592,6.49252068521152,0.0669246421993586,1.16669606819695,17.1883424448512,1.32036119032492,1.14736963137149,2.46064650985204,0.802208938900844,17.1638977982656,8.4129528718711,6.56818645092606
"665","shhs1",203157,"C005881",2974,0,0,22.8966461327858,"censor",55,0,0,1,0,1,45.240694042,0,0,6.8292682927,0,0,0,0,0,3,30,53.0528294467197,-0.19471705532803,277,3.93350383631714,9.65762185480009,0.0293730314118077,1.04517744454242,12.7382670769367,1.1201526926303,0.943862297892726,2.28706457033114,0.738984980157632,20.620674456311,8.02063129090751,6.70106309878068
"666","shhs1",203668,"C009988",2776,0,0,13.5879534565366,"death",65,0,0,1,0,0,24.609375,0,0,0.3314917127,0,0,0,0,1,2.75,NA,67.7661822643924,0.27661822643924,187.5,2.11976047904192,4.56784877491907,0.114197377608553,0.899857522333636,18.6115207728658,1.03412305309627,0.877216192240026,2.72807503642135,1.47974634648015,18.1899724838415,6.94139261555541,5.70042546215207
"667","shhs1",203031,"C000217",3736,0,0,16.7912388774812,"death",65,1,0,1,0,1,33.703703704,1,1,12.761904762,0,0,0,0,0,2.75,NA,68.9379209763633,0.39379209763633,155.5,2.07945205479452,5.96688003993795,0.0902675969747379,0.868922342906843,16.583076191059,0.899525730925166,0.801003830423936,2.00885713854261,0.921596541116389,11.689532788021,4.82927330427016,4.47636100739814
"668","shhs1",205063,"C004767",3395,0,0,19.6522929500342,"death",58,1,0,1,0,1,24.074074074,1,1,2.131147541,0,0,0,0,0,2,30,56.7931515417021,-0.12068484582979,193.5,2.14218009478673,5.09306036331153,0.0524592034150348,1.15240451203477,13.2496703395992,1.24697572345231,1.08009860060723,2.44752727152409,1.09955122736029,13.8082126880281,10.3005969509269,7.37732378280431
"669","shhs1",203012,"C000496",2924,0,1,14.0971937029432,"dementia",63,0,0,1,0,0,27.970863684,0,0,1.6925246827,0,0,0,0,0,2.25,NA,68.679582521206,0.5679582521206,114.5,1.33597883597884,5.68665074793456,0.120284788730383,1.08103139660514,14.4346509106625,1.11932221832964,0.957246794989823,3.00292977382507,1.22788498980952,12.216915990657,5.70647419434648,5.00035090969644
"670","shhs1",205448,"C010429",3441,0,0,16.7227926078029,"death",67,1,0,1,0,0,25.892374256,0,0,18.217270195,0,0,0,0,1,2.25,NA,71.5192143643802,0.45192143643802,177,2.25145067698259,4.24069812903932,0.0791092380602249,1.37825793111982,13.2950761561939,1.49212312113616,1.22266897282141,1.66367372626439,0.48464499339874,13.6886112610575,5.10882239673669,5.47166704121444
"671","shhs1",203582,"C003012",3272,0,0,21.1115674195756,"censor",62,0,0,1,0,0,26.82728865,0,1,5.7333333333,1,0,NA,0,0,1.5,NA,69.8293426195757,0.78293426195757,190.5,2.01333333333333,4.42583756413422,0.0614379775802241,0.982434582649216,13.8801924302468,1.02355004657935,0.89404315814261,1.43652740946463,0.799456249243108,14.6639700977771,4.66439851063025,5.30535294717633
"672","shhs1",203062,"C005732",3559,0,0,22.0396988364134,"censor",56,0,0,1,0,0,35.605404795,0,0,16.733067729,0,0,0,0,0,3.25,29,48.0635124259752,-0.79364875740248,233,3.05882352941176,5.57131385307805,0.0468981905914972,1.90896389983184,18.397906147541,2.00865851782918,1.68765977872248,5.32959695589742,1.77864983926322,19.2036179420107,10.3355751229151,7.20042482252434
"673","shhs1",205781,"C014900",2919,0,0,21.8590006844627,"censor",63,0,0,1,0,0,24.735757204,0,0,1.316872428,0,0,0,0,0,3,27,69.4661273304938,0.646612733049381,93,2.52153110047847,4.42957071875684,0.0657320636480805,0.968111623533944,14.6986437166692,1.09050613285589,0.902725040668879,1.36875584935629,0.784839489477439,15.5411011749315,5.09570901882237,3.96012064403271
"674","shhs1",203366,"C001125",2871,0,0,23.1731690622861,"censor",64,1,0,1,0,0,28.962891296,0,0,9.2138939671,0,0,0,0,0,2.75,26,52.9429907488338,-1.10570092511662,286.5,2.92268041237113,6.75108467070894,0.0589318907456509,1.94671921788859,11.9098551161314,2.18318893786812,1.70930223113557,2.41567675172538,1.4436811734996,14.7039978486837,10.5265570661597,6.93286464885457
"675","shhs1",203611,"C006802",2828,0,0,22.1163586584531,"censor",58,0,0,1,0,0,23.526077098,0,0,2.396804261,0,0,0,0,1,1.5,27,61.2332008544609,0.32332008544609,278.5,3.13267813267813,7.15072024488203,0.0646842513204864,1.19632164104762,11.0560987497224,1.29103566205551,1.04187829378078,1.88029176814853,0.0966089244072018,15.8602541175367,7.20449390169423,3.86149753974255
"676","shhs1",203362,"C004538",2911,0,0,9.29226557152635,"death",72,0,0,1,0,0,24.167162403,0,0,14.409937888,1,0,0,0,0,3.25,NA,67.8927849326566,-0.41072150673434,59,1.50251256281407,4.96071518942319,0.0617113233695993,1.1267946618851,16.134057574147,1.20288558170054,1.01834627758567,2.51420368686155,1.31819604581554,8.96541873585829,6.91834784963546,6.46621006315614
"677","shhs1",203546,"C002512",2860,0,0,22.3874058863792,"censor",56,0,0,1,0,0,21.638905413,0,1,0,0,0,NA,0,0,2.5,28,49.5196330557601,-0.64803669442399,185.5,2.14739884393064,6.85933230431135,0.0446052829708527,1.70835870042535,19.6808216029454,1.96328482515534,1.59062023239796,4.85787464661371,1.4335739848751,15.5827379183228,8.56981631942834,6.55080098076402
"678","shhs1",203431,"C015166",2942,0,0,22.880219028063,"censor",54,0,0,1,0,0,29.587437206,0,0,6.336,0,0,NA,0,1,2.5,NA,62.0922078479997,0.80922078479997,91.5,1.85350318471338,6.09448086585306,0.114414444345646,1.09597648933625,11.5158782257167,1.19790246183438,0.947979919446329,1.30938271659319,1.26229103099981,9.28567784763167,6.23683757418452,4.77475195915231
"679","shhs1",203826,"C004960",2713,0,1,19.709787816564,"dementia",63,1,0,1,0,1,35.916824197,0,1,26.423562412,0,0,0,0,0,1.75,28,52.4535694598188,-1.05464305401812,143.5,0.997867803837953,5.58483216546479,0.0354769047234616,1.52202668676589,19.0351494700359,1.67600298975437,1.42374359641774,3.17365063373716,1.29817554031367,11.5077606022401,11.4265983740646,10.6599336518956
"680","shhs1",205251,"C006132",3280,0,0,21.6536618754278,"censor",60,1,0,1,0,0,30.524691358,0,0,0.6666666667,0,0,0,1,0,2.75,29,60.5307872576903,0.0530787257690299,259.5,3.75384615384615,4.03041548869896,0.0297843959430823,1.06038742487559,17.224654987084,1.11291462963658,0.976164236492221,2.29501415078806,1.1237545794352,19.3252292128518,7.44026254262061,6.00501248070915
"681","shhs1",203863,"C006914",2696,0,0,21.1006160164271,"censor",66,1,0,1,0,0,29.542996214,0,0,22.299651568,0,0,NA,0,0,1.75,28,62.497199196231,-0.3502800803769,134.5,1.54666666666667,4.97877922301421,0.0526819141747213,1.41550112305217,15.0202301995844,1.48599647933732,1.27793238532534,2.35310422694781,1.28495759936993,12.049411805262,8.07869912612168,7.16132299622664
"682","shhs1",205571,"C003081",3221,0,0,2.84736481861739,"death",59,1,0,1,0,0,29.583673469,0,0,6.1410788382,0,0,0,0,0,4,NA,61.7513386654184,0.27513386654184,206.5,2.97911227154047,6.40872795976753,0.0479608581911338,1.40559577228414,11.4862505821683,1.49285559086277,1.28321667379758,1.68531981390151,0.6841621902253,16.1449065047797,6.27863666295676,5.36226924375747
"683","shhs1",203420,"C010542",3132,0,0,21.8507871321013,"censor",61,1,0,1,0,0,28.631604652,0,0,4.824120603,0,0,0,0,0,2.75,29,51.4629782893787,-0.95370217106213,190.5,3.75625,8.02560019720135,0.0493860483451778,2.05915327926066,18.6925259204058,2.2091705640931,1.75727170932143,3.74182952598589,1.50474150121909,17.9076863187435,6.93638623872769,5.7931845089721
"684","shhs1",203282,"C000617",2938,0,0,21.7987679671458,"censor",64,0,0,1,0,0,25.153350565,0,0,5.8711217184,0,0,0,0,1,2.25,26,53.7906099994449,-1.02093900005551,275.5,3.29032258064516,9.96589917871472,0.0461649110636846,0.982746888332105,17.157764791392,1.13979768187903,0.939301266834895,3.45087525574188,1.68460775123738,15.8694493083215,7.83144547465154,6.10240063170475
"685","shhs1",205689,"C013519",2982,0,0,2.06707734428474,"death",61,0,0,1,0,0,28.398293234,0,0,8.1951219512,0,0,1,1,1,1.75,NA,71.6383592503223,1.06383592503223,142,3.01027397260274,4.00330771981891,0.0700457776038634,0.618835091253949,13.1961923202212,0.691468758689076,0.598313247302249,1.26081040502612,0.894509138489245,13.6815035122123,4.06725025790827,4.50790658189772
"686","shhs1",204987,"C012196",3794,0,0,9.76043805612594,"death",74,1,0,1,0,0,32.660763536,1,1,46.380368098,1,0,NA,0,0,1.75,NA,76.5314282519486,0.25314282519486,127.5,1.65083135391924,3.30067682623671,0.0435733938551659,1.01441025909062,13.4310524089416,1.05280635379849,0.964243943647901,1.74699360139521,0.736142805267423,8.33999631920812,4.25482728505875,4.02548997931654
"687","shhs1",203253,"C004301",2950,0,0,21.8781656399726,"censor",54,0,0,1,0,0,20.365937766,0,0,1.9909502262,0,0,0,0,1,2.5,NA,52.0388874198895,-0.19611125801105,171,3.44285714285714,6.66053968026896,0.0465170363532447,1.02520526762722,17.1375891063681,1.24726195836507,1.02605341058428,2.6308667207636,1.5315791878072,17.076861691612,8.53901787841321,4.44578278189624
"688","shhs1",205074,"C014557",3355,0,0,23.0335386721424,"censor",69,1,0,1,0,0,18.879706152,0,1,6.6885245902,0,0,0,0,0,1.75,26,69.3436738110652,0.0343673811065202,231,2.39313984168865,4.25434415811911,0.0478419067273831,0.956962911774994,13.6310412311999,0.993811400404466,0.869658776681932,1.96768451187956,0.835656333586954,15.266064630778,7.14297527298057,6.01023998417977
"689","shhs1",203352,"C005672",2915,0,1,22.3682409308693,"dementia",60,0,0,1,0,0,36.139455782,0,0,3.3734939759,0,0,NA,0,0,2.5,NA,70.2929904904041,1.02929904904041,62.5,1.20238095238095,5.84517979764198,0.134347276474023,1.02192902183778,9.63382529077504,1.0697721521383,0.918383449925184,1.46525911778601,0.548618054055805,18.4113259449144,7.99047627719617,6.89825226086857
"690","shhs1",205738,"C006173",3000,0,0,13.5879534565366,"death",67,1,0,1,0,0,34.219358821,0,0,8.0357142857,0,0,0,0,0,1.5,NA,71.5199635613063,0.45199635613063,208.5,2.91725352112676,7.81346558419934,0.0699724875510522,0.853235603051987,8.37945298988602,1.01975132331237,0.882465576762805,0.987417438695387,0.811016763857586,20.9165215149548,5.25390737185914,5.56863231460888
"691","shhs1",205529,"C001826",3277,0,1,19.0308008213552,"dementia",68,0,0,1,0,1,22.5,0,0,3.192261185,0,0,0,1,0,3.25,NA,70.2992544527897,0.22992544527897,161.5,3.19767441860465,5.24453041530913,0.0527956906768264,0.738825780937139,20.3109852015817,0.770161478874146,0.680678413235281,2.41665989797439,0.994143968148505,17.5915197377499,3.74565955701014,3.45843549370451
"692","shhs1",202951,"C001906",3816,0,0,21.305954825462,"censor",60,0,0,1,0,1,22.607152502,0,0,7.6376988984,0,0,0,0,0,3.5,27,64.9365053879102,0.49365053879102,215,3.5778364116095,4.99778957509246,0.0456358384470996,1.5515738733182,6.39479958515156,1.6600658334295,1.33903771525984,1.24990238350737,0.650908264854,19.6396370418972,6.83545830624791,16.4624638692536
"693","shhs1",203700,"C012334",2767,0,0,20.5722108145106,"death",61,1,0,1,0,1,23.511342155,0,1,44.783861671,0,0,NA,0,0,3,29,57.496293770746,-0.3503706229254,232.5,2.41843971631206,5.17406151078539,0.0560968360160145,1.3393250988678,15.6468952718148,1.56294255669198,1.29412178275693,2.97041164903724,1.35942685481244,13.0054842628549,8.53520344510835,5.87241123662134
"694","shhs1",205632,"C011327",3084,0,0,21.3141683778234,"censor",63,0,0,1,0,1,32.235939643,0,0,2.5263157895,0,0,0,0,1,3,30,69.535147233366,0.6535147233366,100.5,1.46473029045643,3.51212123277078,0.0476284905712312,0.848282161378801,12.5634513410981,0.904410048043249,0.738755829236476,2.83453212584766,1.19744282630239,8.97250849937782,5.0503467294989,3.5978757449928
"695","shhs1",203097,"C006099",3688,0,0,21.8699520876112,"censor",58,1,0,1,0,1,21.194420505,0,0,1.7618270799,0,0,0,0,0,3,27,62.2679563548695,0.42679563548695,129.5,2.29573170731707,4.84159675658534,0.100764231362452,1.19593064203652,16.6994001286406,1.37585910388312,1.16704762872893,2.38150696425681,1.23352350825528,13.0242185435063,6.69437778189308,5.88617542516886
"696","shhs1",205701,"C004937",3044,0,0,21.5605749486653,"censor",57,0,0,1,0,0,34.744476303,0,1,7.3846153846,0,0,0,0,0,2.5,30,56.0134811849856,-0.0986518815014399,150.5,2.57706093189964,8.09860078188031,0.065707917677981,1.22062635071273,17.939025199966,1.32741121715158,1.09324742942371,3.7794019620454,1.01631276572235,14.2455517578469,6.45174180536372,3.99533637415186
"697","shhs1",203846,"C009158",2814,0,0,22.2669404517454,"censor",60,1,0,1,0,1,25.802469136,0,0,6.7741935484,0,0,0,0,0,4.25,29,55.5376491432749,-0.44623508567251,327.5,2.86111111111111,7.27774819838994,0.0619596695902627,1.23259046041004,18.7262859297137,1.31902649523897,1.09725012415396,3.81752791621057,2.30290028321245,21.1064557704972,6.97898250952593,6.35470405992989
"698","shhs1",205040,"C000521",3289,0,0,21.5879534565366,"censor",59,1,0,1,0,0,21.077195228,0,0,0.8875739645,0,0,0,0,1,3,24,64.8288535158326,0.582885351583261,195.5,2.79617834394904,5.83033335126921,0.130270361395672,1.10088868545281,15.2297901013702,1.18233096689123,1.01911608655984,2.2851388437374,1.33082713558196,18.9591432075854,6.80973007638964,6.67959844689754
"699","shhs1",203579,"C015445",2854,0,1,20.0711841204654,"dementia",59,1,0,1,0,0,24.681227118,0,1,1.2574850299,0,0,0,0,0,1.75,27,58.5370151114797,-0.0462984888520303,122.5,1.44378698224852,8.02463782706003,0.0842873704972822,1.13475315790308,16.8424368511895,1.19819157429354,1.02246585368222,3.2622085962211,1.65918991482491,15.7740827536998,7.27800483486918,10.3891001529223
"700","shhs1",203344,"C004431",2912,0,0,4.64065708418891,"death",70,0,0,1,0,0,26.5625,0,0,0.4516938519,0,0,0,0,0,4,NA,70.7208669928421,0.0720866992842105,170,2.67985611510791,5.25785214351027,0.0391797158543882,0.962494540951625,10.3878942137037,1.04871875083472,0.873644547896137,1.2911584990315,0.8947220099148,14.9431091620938,6.11810588453779,4.90672512318763
"701","shhs1",203405,"C012266",2894,0,0,22.4394250513347,"censor",57,1,0,1,0,1,37.249864792,0,0,3.1746031746,0,0,0,0,0,3.75,30,52.2782376042678,-0.47217623957322,190,2.43703703703704,8.3993615827471,0.0343535187684975,1.03931317450697,15.9630718005044,1.07977038391372,0.955138156426756,3.2793578028304,1.18422470098187,16.7523809392644,9.47059858736101,8.06708011131054
"702","shhs1",203513,"C007520",2855,0,0,6.20123203285421,"death",58,1,0,1,0,0,37.02708352,0,1,70.39745628,0,0,0,0,0,2,NA,52.5659292949232,-0.54340707050768,287.5,2.96208530805687,12.7927177618298,0.0710332651529076,0.839683097059341,17.3768525743065,0.873584336232862,0.797150480003791,2.0943469915405,1.079016751212,14.4527788099883,6.32168995647403,4.35363171805601
"703","shhs1",203399,"C013019",2861,0,0,21.9876796714579,"censor",60,1,0,1,0,1,34.580693486,0,1,8.8212927757,0,0,0,0,0,2.25,29,59.0271462819639,-0.0972853718036099,378,4.24478178368121,5.94181844476586,0.0483281887118577,1.19843462383453,13.754982344075,1.28084503844975,1.11830329371972,2.0974151078605,0.743055023224889,19.3616925308197,8.07355189093372,5.77787092196706
"704","shhs1",203103,"C004781",3667,0,1,16.8213552361396,"dementia",71,0,0,1,0,1,30.475206612,0,0,1.7910447761,0,0,0,0,0,2,NA,66.1462532192851,-0.48537467807149,132.5,2.0425,7.68512229142973,0.0507655956648303,1.32021206904352,10.8814448604922,1.38154784030482,1.15710757122678,1.58854059632947,0.662377230022135,12.3360782363422,7.23643476163857,5.97095975288474
"705","shhs1",203298,"C005797",2896,0,0,22.8364134154689,"censor",53,1,0,1,0,1,24.705544384,0,0,4.5964432285,0,0,0,0,0,4,30,62.6069180899774,0.96069180899774,47.5,1.32142857142857,4.13069708550668,0.0565721865168242,0.636181499491685,13.2822157064109,0.667266978326816,0.597507105853575,1.75437335447558,0.888780337547751,6.29091956180846,6.77707858970735,5.66813653946214
"706","shhs1",205301,"C001245",3245,0,0,13.0321697467488,"death",59,1,0,1,0,0,27.717685235,0,0,23.723228995,0,0,0,0,0,3.25,NA,62.9347840548583,0.39347840548583,154,2.45541401273885,5.14812489994805,0.0779270354238621,1.24933160073468,13.5695520195222,1.45697304407582,1.17940063701246,2.20473167565315,1.13020305556474,16.8291936512715,6.89038060805362,4.71118388524238
"707","shhs1",202913,"C010524",3788,0,1,19.3292265571526,"dementia",67,1,0,1,0,1,26.217563976,0,0,22.790697674,0,0,NA,0,0,3.5,27,59.8043391797901,-0.71956608202099,234.5,2.66666666666667,8.76208214511166,0.0504342624826651,1.05660866414267,9.97849173154541,1.20520880551613,0.996768566335978,1.71876074738356,0.908653516382475,14.2713440136508,9.42439910517473,6.18007201731689
"708","shhs1",203276,"C005128",3498,0,0,2.13004791238877,"death",70,1,0,1,0,1,27.6816609,1,1,0.7239819005,0,0,0,0,1,1.5,NA,57.4377019498198,-1.25622980501802,254.5,2.74818401937046,8.35130988078014,0.0266876180800706,1.35288568449165,20.1646046979494,1.60001269782418,1.3091296303267,3.55560165545665,1.69794610281441,21.5728430816051,7.43192545052408,4.88089171465502
"709","shhs1",205100,"C001390",3426,0,0,22.0479123887748,"death",71,0,0,1,0,0,27.197701226,0,1,7.3611111111,0,0,0,1,0,3,25,72.6767602398466,0.16767602398466,127,1.78819444444444,4.88930363773602,0.0837685846298824,0.786035669788956,14.4672825850415,0.827426738307428,0.757205796705741,1.25203317758841,1.09904623160636,8.79773871417655,5.82464564849877,9.29264547773388
"710","shhs1",203484,"C001683",2929,0,0,21.7768651608487,"censor",62,0,0,1,0,0,22.717375526,0,1,18.859315589,0,0,0,0,0,3.5,28,66.5198867541039,0.451988675410389,145.5,2.17868338557994,5.58335362070151,0.0898453944150444,0.904731794656318,14.5046701562317,0.966423537467951,0.816187123120032,2.26834340484149,1.30904111934322,15.2638682221484,6.14895837664137,4.42548233045262
"711","shhs1",205751,"C006058",2965,0,0,9.58521560574949,"death",66,0,0,1,0,0,26.357955456,0,1,18.744257274,0,0,0,0,0,2.25,NA,60.2649786846193,-0.57350213153807,199,2.52046783625731,7.8519918624371,0.0343539750354809,1.20478735330155,12.126053222112,1.45761783399252,1.15119917736927,2.80296829222937,1.04692185342735,18.0245685185539,8.16989732962925,4.24485578835973
"712","shhs1",205713,"C012499",3003,0,1,14.9541409993155,"dementia",67,1,0,1,0,1,31.43542482,0,0,8.8397790055,0,0,0,0,0,4,23,67.8610481470476,0.0861048147047598,167.5,1.97256097560976,7.9233785160161,0.0409050417824326,1.11373495310262,15.1524961436144,1.14790960244824,1.03666406362563,2.51907972345875,0.441159130193543,12.3689269823159,3.69289976820134,4.65310263503704
"713","shhs1",203643,"C011444",2730,0,1,13.7522245037645,"dementia",71,1,0,1,0,0,22.719389525,0,0,3.1111111111,0,0,0,0,0,3.25,NA,66.4366625236355,-0.45633374763645,188,2.71018276762402,5.69686057706885,0.0417802663878634,0.890112513274581,8.92916634045099,0.944497359508944,0.791113893103089,0.486889939264951,-0.214406147995884,3.01484783907497,9.36485180057469,6.36377744916438
"714","shhs1",203771,"C011677",3093,0,0,21.5222450376454,"censor",55,1,0,1,0,0,30.15339664,0,1,10.608695652,0,0,NA,0,0,1.75,26,54.6572543669796,-0.0342745633020399,325,2.97222222222222,6.0906230398291,0.0250931431875073,0.906534703428258,15.6010317715827,0.957005273190708,0.843650756962375,0.739341140930622,-0.152192145411835,2.05031023134526,7.8073959814612,6.28078872299935
"715","shhs1",205317,"C005179",3344,0,0,2.54893908281999,"death",64,1,0,1,0,0,34.680935394,1,0,4.8403361345,0,0,0,0,1,2,NA,71.0691073823293,0.706910738232931,105,1.50857142857143,4.67765282180627,0.0579367199901115,0.834402099801347,13.1053826766596,0.875268518585881,0.7923843718404,1.60897240751847,0.52544047428304,14.9847966132317,5.95148673823382,5.58830537591979
"716","shhs1",205640,"C000483",3137,0,0,14.4969199178645,"death",62,1,0,1,0,0,28.919753086,0,1,17.319587629,0,0,0,0,0,3,NA,63.4486343507966,0.14486343507966,114.5,2.34890965732087,7.27037833549527,0.052248653620421,0.957336523006583,17.5027929478646,0.99046927018837,0.894469759630832,2.45320033740381,0.992351265525651,13.139926617015,4.83340527378624,6.43621444998323
"717","shhs1",203671,"C007671",2759,0,0,22.0205338809035,"censor",54,1,0,1,0,1,23.243801653,0,0,7.4885844749,0,0,0,0,0,4,30,61.092308171212,0.7092308171212,100.5,1.14156626506024,4.67546681350678,0.0518138703976534,1.19978709567333,15.8792567722636,1.30826236767834,1.12543356753736,3.10940116295147,0.793735972208971,13.9396263536234,6.44144764692412,5.07621994505626
"718","shhs1",205443,"C015431",3255,0,0,22.1190965092402,"censor",56,1,0,1,0,0,27.423469388,1,0,7.7647058824,0,0,0,0,0,4.25,28,70.2641637262538,1.42641637262538,126.5,1.50521920668058,4.16429821281229,0.114717663149764,0.938560685643531,12.655209124585,1.02442100776366,0.864457670160262,1.60309069094581,0.998656609674544,9.45545592321374,3.75931694633749,4.6058390245987
"719","shhs1",205357,"C011530",3289,0,0,12.7282683093771,"death",65,1,0,1,0,0,23.186621525,1,1,12.506596306,0,0,0,0,0,2.75,NA,60.8559232085932,-0.41440767914068,228,3.02981029810298,6.96391388841438,0.0567826017976319,0.664604158402026,15.7460335632445,0.751582995741655,0.674170092435137,1.42016119267099,0.71680051763154,15.0056407968815,9.45843798611738,7.08237995873318
"720","shhs1",203585,"C015398",2850,0,0,15.9206023271732,"death",71,0,0,1,0,0,27.681164617,0,0,1.568627451,0,0,0,0,0,3.25,NA,59.8211431066012,-1.11788568933988,210,2.06830601092896,6.06185848088943,0.0205979600993636,1.62176335743226,14.705537719807,1.68867440083066,1.47135953106888,2.75363661377079,1.20228713111338,13.9313268846231,9.29753756450761,7.91272784444009
"721","shhs1",205750,"C000036",2975,0,0,21.7796030116359,"censor",58,1,0,1,0,1,32.66078569,0,0,13.179190751,0,0,0,0,0,2.75,27,49.8742423704664,-0.81257576295336,218,2.36296296296296,8.97437373258424,0.101734902970289,0.727910150235513,20.8882146989061,0.922816526766203,0.685903713406511,3.70912022600214,2.01793304950292,21.0309083369884,11.4811898673465,6.10184921547883
"722","shhs1",203440,"C004211",2828,0,0,22.6091718001369,"censor",53,1,0,1,0,1,23.186621525,0,0,6.8986384266,0,0,0,0,0,2.25,28,61.4920071116642,0.84920071116642,102,1.35031847133758,7.00287946587238,0.0799567636771695,0.593254633364345,13.442277792075,0.688274391832225,0.555736696101567,1.10188524983197,0.0701472556528289,3.62418451168503,6.32680655410284,5.11424671939419
"723","shhs1",205387,"C006386",3284,0,0,20.4736481861739,"death",64,1,0,1,0,1,30.693104808,0,1,16.418511066,1,0,0,0,0,1.75,29,70.2079918624326,0.620799186243261,110.5,2.14285714285714,5.86409195978862,0.070998732900673,0.847941726151678,13.4288516078413,0.893274829585109,0.791543680459807,1.94177966529391,0.920899563002787,16.500500174891,4.99984500555605,3.96700436478884
"724","shhs1",203044,"C011674",3700,0,1,17.1800136892539,"dementia",72,0,0,1,0,1,22.53123141,0,0,1.8571428571,0,0,0,0,1,3,28,72.2166812620267,0.0216681262026697,178,2.11084905660377,5.87893947699834,0.051524810721511,0.819234470401111,13.6926135442003,0.859305147410573,0.763529890184019,1.16256113234246,0.643686989470271,15.5716485993229,6.0540565863352,5.11557619631659
"725","shhs1",203623,"C008974",2781,0,0,17.6208076659822,"death",58,1,0,1,0,1,37.837837838,0,0,9.7452229299,0,0,0,0,0,3.5,NA,59.278402444236,0.1278402444236,137.5,3.25882352941176,8.59352515324735,0.0527993509809953,1.01116055575108,11.7901560547365,1.1001767504446,0.941170211727247,1.91613478057085,1.29264041656716,13.2032755091713,5.5915973015593,6.58997332627474
"726","shhs1",203170,"C000457",3000,0,0,22.9705681040383,"censor",56,0,0,1,0,1,24.290657439,0,0,1.5642458101,0,0,0,0,0,1,30,63.5188999042103,0.75188999042103,74,2.14450867052023,4.59910333124948,0.0820243779656748,0.996579434548368,12.5561460204255,1.07367772991961,0.895977416505254,2.01960699587891,1.31881452123754,12.7406806663807,6.62999410321682,4.11816088921229
"727","shhs1",203624,"C002959",2889,0,0,9.96030116358658,"death",53,0,0,1,0,1,24.508945765,0,0,2.7953410982,0,0,NA,0,0,3,NA,48.2822896166881,-0.47177103833119,36,0.951871657754011,13.0553354811421,0.0551514666857468,0.637374797061565,15.8635366664358,0.77148047201247,0.633698210154311,3.69863166246774,1.30553042496872,3.69025791581765,7.24099598880644,7.88831771999653
"728","shhs1",203860,"C005653",2981,0,1,13.9548254620123,"dementia",64,1,0,1,0,1,31.394275162,0,1,8.4774665043,0,0,0,0,0,3.25,25.2,57.9599683742011,-0.60400316257989,123,1.35955056179775,5.66383836259896,0.0474387078674633,1.41881422605725,20.6256294350264,1.53655616712,1.25910951777832,5.35170247393392,1.50933921694907,12.6649643312429,7.55930280754154,6.46854180868466
"729","shhs1",203181,"C015746",2979,0,0,13.8672142368241,"death",65,1,0,1,0,0,30.192837466,1,1,9.8360655738,0,0,0,0,0,2.75,NA,70.2168136538514,0.52168136538514,176,1.75764192139738,5.05850171289009,0.07730806293744,0.966095217018753,11.1977521113656,1.0237524803548,0.904375386534141,1.33719705336206,0.536535906950969,12.0967711901735,6.48644452493066,4.96779773363053
"730","shhs1",205766,"C000519",2916,0,0,20.5092402464066,"censor",54,0,0,1,0,1,20.523899541,0,0,0.7389162562,0,0,0,0,0,3,30,46.4808296343057,-0.75191703656943,169,2.81504702194357,7.10799417385119,0.0662667698900741,1.186654186222,16.7764621293608,1.26715613596872,1.05899407210769,3.49467881239322,1.72566265719694,19.6273394073086,13.1474813633727,7.40707858479746
"731","shhs1",203396,"C004866",2940,0,0,21.5605749486653,"censor",70,1,0,1,0,1,30.617283951,0,0,14.905660377,0,0,0,0,0,3.75,29,67.5760484867875,-0.24239515132125,221.5,2.99529411764706,5.11212884746756,0.0309639133146986,0.898074550557771,16.2733956624535,0.944710586503485,0.828510540095957,3.19272905455053,0.869395037249982,14.7942660603766,6.19359367826863,4.5408486979805
"732","shhs1",203203,"C004580",2989,0,0,22.299794661191,"censor",54,0,0,1,0,0,21.00191953,0,0,0,0,0,0,0,1,2.75,27,56.2090168911124,0.22090168911124,85,2.418410041841,11.2956491895173,0.0209577874826438,0.479423069223036,6.901292812619,0.500571577849836,0.440490753852547,0.153649009810958,0.364561862724402,18.3714379634636,9.10154020285276,7.85599394247474
"733","shhs1",203499,"C010025",3345,0,0,21.8288843258042,"censor",69,0,0,1,0,0,29.797286999,0,1,3.9169139466,0,0,NA,0,0,2.5,NA,68.7155356405026,-0.0284464359497406,164,3.29568106312292,5.10466422579056,0.06447675817614,1.19567273722749,14.376747052888,1.28336119215262,1.06676692211337,2.35744780366635,1.22893180955664,16.3629217065937,5.51037467107101,4.22174087289022
"734","shhs1",205067,"C007563",3417,0,0,22.3052703627652,"death",60,0,0,1,0,0,32.790927022,0,0,3.2225063939,0,0,1,0,0,3.5,30,58.3082112323498,-0.16917887676502,154.5,3.26086956521739,5.02022998955208,0.0600198799620851,1.03025776817662,10.5267259077829,1.14151676697217,0.963320043868929,2.63844467432671,1.22749085118825,13.5266974090195,10.6904313978736,8.49738148568946
"735","shhs1",204991,"C012459",3685,0,0,21.864476386037,"censor",69,0,0,1,0,0,30.489809336,0,0,10.873146623,0,0,0,0,0,1.5,28,61.2365359495163,-0.77634640504837,192.5,2.9454094292804,9.07260361245175,0.0914884283844236,1.04748485851761,16.9428823727326,1.09211986095705,0.962627589333775,2.67620542584006,1.04215989818763,13.6946502768961,7.90819046994475,4.64099863186013
"736","shhs1",205363,"C001502",3238,0,1,22.0944558521561,"dementia",69,1,0,1,0,0,25.632747934,0,0,18.525730181,0,0,0,0,0,2.75,25,68.5540166609658,-0.04459833390342,168,2.17764471057884,5.34847910227843,0.0633278931141143,0.912163632759781,16.0585412969133,0.997843615737426,0.898281842612092,1.90636333783477,1.07717718902695,13.6276987790769,6.28842393023584,5.81882040260377
"737","shhs1",205693,"C002309",3078,0,0,21.4045174537988,"censor",55,1,0,1,0,1,23.276084711,0,1,5.5772113943,0,0,0,0,0,2.75,30,55.1643639603641,0.0164363960364099,216.5,3.1340206185567,7.32078618936661,0.061394123338432,1.0956815493387,17.7167358261204,1.1965863397156,1.02930540043169,2.32950000276787,1.36751024684599,13.815003438858,6.29912974259654,4.81106312898497
"738","shhs1",203163,"C013798",3690,0,0,20.5475701574264,"censor",63,0,0,1,0,0,32.323232323,0,0,3.5744680851,0,0,0,0,0,3,29,60.0564364021486,-0.29435635978514,296.5,3.41836734693878,7.68358410033718,0.0601498167071551,1.34025776664465,15.0678419813817,1.47370610846032,1.23751941372091,2.40443373385899,0.613416813662815,23.9135816568751,8.17325858463617,5.95264242951896
"739","shhs1",205484,"C004730",3205,0,0,21.3278576317591,"censor",56,1,0,1,0,0,28.202947846,0,1,15.9375,0,0,1,1,0,2.25,29,63.2715884075399,0.72715884075399,127.5,1.93127147766323,6.26343387660439,0.0223569842916873,0.817829935806318,10.829181901057,0.835641661023422,0.771058797468377,1.54492477179755,0.82576451312927,18.904180206095,6.64306513027594,6.26219584528434
"740","shhs1",205102,"C009063",3370,0,0,22.6721423682409,"censor",55,0,0,1,0,0,27.514872904,0,0,3.0734966592,0,0,0,0,0,1.75,28,64.6984108611711,0.96984108611711,119,2.964,4.275804245007,0.0412575685331945,0.760932880551475,16.7376865318129,0.879428921525417,0.752058020409144,1.7809241564732,0.965980387293536,17.957619438454,4.53709126156691,3.27522878761981
"741","shhs1",205619,"C000184",3185,0,0,21.160848733744,"censor",54,1,0,1,0,0,25.945945946,0,0,0.3269754768,0,0,0,0,0,1.75,28,55.1212550073327,0.11212550073327,238,2.79063360881543,6.53329218832847,0.0727427087298733,1.2339893870907,14.5753198609625,1.34556917570245,1.15277630619629,2.90285470588762,1.10999551682349,13.5854192597669,8.11952357664887,6.32496479114875
"742","shhs1",203740,"C006595",3147,0,0,21.4948665297741,"censor",58,0,0,1,0,1,25.806451613,0,1,0.2569593148,0,0,NA,0,0,3.5,NA,60.711412318478,0.2711412318478,151.5,2.85,4.74349280650332,0.0427790856441043,1.03324472541665,11.9196592199256,1.09593490001829,0.965482933679625,1.59236553845489,0.498924675899369,11.4085826351708,8.65481125517918,8.53823713302871
"743","shhs1",205296,"C004047",3523,0,0,21.8836413415469,"death",67,1,0,1,0,0,29.043708989,0,1,14.105960265,1,0,0,0,0,2.75,26,68.3588888528669,0.13588888528669,51,0.73728813559322,6.18333686188547,0.0629005952191077,1.4016398663978,14.1890918906132,1.52699483530517,1.3034977116616,1.88873334193323,0.758975798147488,10.3407502527728,5.14130372564124,6.19971972747566
"744","shhs1",203263,"C007346",2960,0,1,11.7782340862423,"dementia",62,1,0,1,0,1,28.650519031,0,1,50.357142857,0,0,NA,0,0,4,NA,71.632760120619,0.9632760120619,170.5,2.05930470347648,5.48651524974359,0.059578550217303,0.773778556261761,11.8830661977449,0.831260912566626,0.748591436092235,1.1328435335216,0.452397657399862,17.3396974211487,4.66188199248452,3.68619842704846
"745","shhs1",205163,"C011970",3465,0,0,18.1574264202601,"death",67,0,0,1,0,1,28.430377088,1,1,3.2941176471,0,0,0,0,0,1.75,29,70.0730632378841,0.30730632378841,134.5,1.37073170731707,5.78471155354185,0.076467275836387,1.07604698900024,15.3048095526729,1.13689005348548,0.970202640637906,1.6209713558457,0.617699414692477,12.0058158001059,5.19222169321245,4.39425500625316
"746","shhs1",203816,"C004008",2780,0,0,17.4839151266256,"death",65,0,0,1,0,0,37.015920354,0,0,10.895334174,0,0,0,0,0,1.75,26.4,67.9059577430725,0.290595774307251,89,1.30333333333333,4.69740220975315,0.0305790759525024,0.773971113879858,13.1776297574706,0.862147131787622,0.721322357201892,2.470982876797,0.988951796270128,13.8248038592698,6.72294394685059,4.49224797872936
"747","shhs1",203419,"C008576",2867,0,0,22.9377138945927,"censor",56,1,0,1,0,1,24.62962963,0,0,3.7151702786,0,0,0,0,0,3,29,59.0501728348374,0.30501728348374,75,1.3275,5.59535094994277,0.0478517312914438,0.942670630657644,9.40040561861948,0.987152219264093,0.862311102714167,1.98589108044509,0.687550809688042,11.412364926071,10.2865142152632,6.52129303268955
"748","shhs1",202991,"C006272",3738,0,0,21.7631759069131,"censor",56,1,0,1,0,1,23.545006944,0,1,60.27480916,0,0,NA,0,0,3.5,28,52.183992369224,-0.3816007630776,197,2.40172786177106,6.81130580789934,0.0368215338292476,1.10458749849827,15.1014165727761,1.17566554255334,0.970746422910698,3.26515134769355,1.541417452341,13.2249091564933,9.28512494372572,7.10530970801267
"749","shhs1",205582,"C007702",3333,0,0,21.4045174537988,"censor",56,0,0,1,0,1,27.895253962,0,1,1.233933162,0,0,0,0,0,1.75,30,63.7342595791336,0.77342595791336,63,0.900874635568513,8.33887730907212,0.0437479241619461,0.790592503582541,13.0244260863119,0.827488564762841,0.743828586098038,1.16482060645428,0.527406522474801,6.2975951587209,3.45111061863169,3.29356028006948
"750","shhs1",203445,"C015142",2882,0,0,23.0554414784394,"censor",53,0,0,1,0,1,29.802916199,0,0,10.869565217,0,0,0,0,0,3.5,27,54.9681060736255,0.19681060736255,293.5,2.20412371134021,8.87980670536671,0.037268560416215,0.778486067202883,12.1664083004179,0.820705736189391,0.666751566863863,0.916660181551659,-0.0859346521458315,6.48009950283094,7.50607823680405,6.56971565784227
"751","shhs1",203703,"C014049",2765,0,0,16.2053388090349,"death",70,0,0,1,0,1,28.723274778,0,0,7.9795396419,0,0,0,1,0,3.25,NA,70.9665011728287,0.09665011728287,64.5,1.75531914893617,4.70471928413509,0.0725261997631319,1.42964381892001,18.3065438768362,1.54826592482658,1.31079035066754,3.65411050797229,1.03296500469249,16.660864708474,4.61169696694947,5.15758585128089
"752","shhs1",205699,"C012328",3044,0,0,15.9288158795346,"death",63,1,0,1,0,1,22.762951334,0,0,6.4285714286,0,0,0,0,0,4.75,NA,65.1500484195817,0.215004841958169,163.5,2.70765027322404,6.98403945167195,0.0471480539343062,1.51425601389662,11.9937592611595,1.59335776345301,1.39471831287647,1.67513054476738,0.782161244024959,17.3175000583163,4.82808624211824,4.74565024559156
"753","shhs1",205544,"C010662",3231,0,0,20.7310061601643,"censor",58,1,0,1,0,0,33.003481264,0,0,8.9068825911,0,0,0,0,0,2.75,30,59.1801661412295,0.11801661412295,176.5,2.1275,6.37364575704665,0.0649322332657086,1.05579550919066,17.1258639267255,1.13121628363492,0.962470172189824,2.72810765632881,1.53709460848122,17.4842352496677,7.1347415816769,7.81487335891816
"754","shhs1",205080,"C002312",3399,0,1,15.6824093086927,"dementia",65,0,0,1,0,1,27.140022676,0,1,2,0,0,0,1,0,3,20,66.2938455669956,0.12938455669956,212.5,1.89638554216867,8.38549813550725,0.121147754436199,1.00922140543377,16.1791396721346,1.1546992735499,0.985629319394078,2.67033908160167,1.27427924218841,20.1652698247387,6.09630181525578,4.56781139951513
"755","shhs1",205547,"C000216",3326,0,0,20.6351813826146,"censor",57,1,0,1,0,0,33.044897959,0,0,16.706586826,0,0,0,0,0,2,23,67.0666443006749,1.00666443006749,157.5,1.92663043478261,5.83064474785383,0.0390521391116802,0.763258859815285,10.2366840423858,0.845339335420464,0.730914401061095,0.820769303547072,0.0958837850947481,15.7075402860148,5.86736176822177,4.93269279269
"756","shhs1",202973,"C002139",3702,0,0,1.61533196440794,"death",69,1,0,1,0,0,34.50617284,0,0,16.342412451,0,0,NA,0,0,3.5,NA,72.4170042381925,0.34170042381925,296.5,2.87220447284345,5.68570976307765,0.0530684835086435,0.717475184493949,10.3397450924178,0.76285101515652,0.669103947884569,1.48123737811094,0.828399417718147,14.5595798621258,5.00894704907198,3.70621868912547
"757","shhs1",203939,"C007406",2701,0,0,20.8514715947981,"censor",65,0,0,1,0,0,29.84375,0,0,2.0919175911,0,0,0,0,0,2,28,61.2820513144215,-0.37179486855785,77.5,2.03508771929825,7.23953978123905,0.0516150568812157,1.20608271189959,20.3143451721873,1.27029732040627,1.09490533947785,3.63795804601951,1.44617060834882,22.5508614518962,6.97089969580368,5.876751685263
"758","shhs1",205027,"C003207",3388,0,0,21.2539356605065,"death",64,1,0,1,0,1,32.876464195,0,0,32.684210526,1,0,0,0,0,3.5,NA,60.9094486084729,-0.30905513915271,340.5,3.27429805615551,6.13351200821632,0.0410370446264159,1.31871583573165,15.1580792773558,1.37450190292469,1.20138961667023,2.09965439342952,0.915943066015357,18.2547217017988,7.41871076735302,7.28967655937387
"759","shhs1",205483,"C011284",3234,0,0,20.6872005475702,"death",59,1,0,1,0,0,33.924968366,0,1,52.946298984,0,0,0,0,0,2,30,66.3966405877488,0.739664058774881,169.5,1.66949152542373,3.06195151615433,0.20815516622348,1.50424280820641,15.2871370131947,2.00513474792593,1.00495814973384,3.42606604822752,2.81203618684328,7.70333082114104,6.5919212312816,2.66132460506576
"760","shhs1",203512,"C001472",2855,0,1,20.394250513347,"dementia",56,0,0,1,0,0,26.677184553,0,0,3.0196936543,0,0,0,0,0,1.75,29,45.3299546612796,-1.06700453387204,287.5,3.10730593607306,12.6552366832877,0.0360248606989799,1.31888411477833,16.0667083501658,1.41546831634566,1.19527189659677,2.86990919397022,1.0079602068104,15.8574397370326,8.79596433377264,8.01247321216176
"761","shhs1",203522,"C005255",3289,0,0,16.5694729637235,"death",66,0,0,1,0,0,20.916168265,0,1,3.6321303842,0,0,0,0,1,2,NA,62.8595760829933,-0.31404239170067,125.5,2.34971098265896,5.06456294487449,0.03313346862225,0.792595823738987,12.0015652228869,0.817368881817788,0.738588607418928,1.82219824573819,0.575944408989006,12.24521101659,10.604271151832,7.77806464365296
"762","shhs1",202983,"C001449",3705,0,0,9.53319644079398,"death",55,0,0,1,0,0,22.60559191,0,0,0.5292171996,0,0,0,0,1,2.5,NA,57.3483766437134,0.23483766437134,282,3.10567514677104,7.74394967069225,0.0777358884631721,0.781052413479545,16.0860427628143,0.882495813867938,0.74350610887445,2.14415480890406,0.810490971193237,22.0778549465102,8.47329831423884,4.4898428901395
"763","shhs1",203511,"C011689",2817,0,1,21.1362080766598,"dementia",66,1,0,1,0,1,38.494685435,0,0,50.272596844,0,0,0,0,0,1.5,29,52.5314548154335,-1.34685451845665,404,3.83333333333333,9.97501379431497,0.0329358287556809,0.792877917007356,17.26809524943,0.841160525202273,0.725496981965605,3.13022829430085,1.20091762231808,18.8144567197436,10.3206623278284,7.53093620414792
"764","shhs1",205005,"C010092",3436,0,0,12.5284052019165,"death",58,0,0,1,0,0,37.035643043,1,0,27.609254499,0,0,0,1,0,2,NA,67.2205046820152,0.92205046820152,294.5,2.30729166666667,3.658071473827,NA,NA,14.0568592958622,NA,NA,1.77292622328469,NA,9.59088409089091,5.4137825374578,NA
"765","shhs1",205410,"C010176",3281,0,1,21.8316221765914,"dementia",62,1,0,1,0,0,23.067033976,0,0,2.6918536009,0,0,0,1,1,3.75,28,57.2302488450173,-0.47697511549827,389.5,2.92768959435626,7.04718620571898,0.0669367931999221,1.20018226292695,17.2467798925313,1.58489974445496,1.32594350961964,2.74683678797729,1.24772329053339,21.8743671444498,8.6013250835186,5.58865579683948
"766","shhs1",203279,"C011303",2903,0,0,22.3791923340178,"censor",62,1,0,1,0,1,28.257456829,0,1,4.5970937913,0,0,0,1,0,3.75,28,53.7869621096272,-0.82130378903728,373.5,2.99074074074074,7.29947005506336,0.0374502243234818,1.05744574816347,14.3299343240645,1.10106104987545,0.981754224767533,2.38367992284604,2.06018810823263,15.6738253229128,9.2094355342071,3.55613537547729
"767","shhs1",203658,"C013053",2736,0,0,21.4346338124572,"censor",55,0,0,1,0,0,27.662105889,0,1,1.1175785797,0,0,0,0,0,2.25,28,57.2474835975397,0.22474835975397,108.5,1.50833333333333,9.52931141731959,0.0615184958045374,1.07386877163771,14.3776607419574,1.13990685993088,0.985518399796666,2.16819080474356,0.898839070030433,11.8731236089038,5.87813384000873,6.02973730760449
"768","shhs1",205244,"C008389",3283,0,0,21.5687885010267,"censor",62,0,0,1,0,0,30.450624628,0,0,1.2060301508,0,0,0,0,0,3,28,58.6777232075225,-0.33222767924775,119,1.35431235431235,6.18224832166649,0.038075096132798,1.2983519907627,16.5684296592569,1.39146481959851,1.11422723328807,4.17689994758996,1.14086629991416,14.3663518728893,8.01016234952602,5.04230751782445
"769","shhs1",205188,"C013371",3311,0,0,21.9657768651608,"censor",59,0,0,1,0,0,34.434582512,0,1,0.1860465116,0,0,0,0,0,1.25,30,63.4525568721507,0.44525568721507,262.5,2.68518518518519,4.57806262409617,0.053076378185621,1.23629370221088,12.7879489569327,1.30535143338379,1.13638414743906,2.14288548619028,0.554120199735774,14.168763983387,6.81300419599818,6.12611834597135
"770","shhs1",205144,"C007312",3253,0,1,11.3921971252567,"dementia",68,0,0,1,0,0,22.085068412,0,0,10.23255814,0,0,0,1,0,3.25,NA,74.387103604672,0.638710360467201,159.5,2.21698113207547,4.345676279753,0.0418908260324941,0.745375729331986,15.0457226544872,0.862046009247561,0.746497056844929,1.38450629330711,0.618173613268352,14.6126172053776,3.47119102994802,3.02767837961161
"771","shhs1",203122,"C000303",3068,0,0,17.5605749486653,"death",70,1,0,1,0,1,29.550786037,0,1,37.86259542,0,0,0,1,0,3.25,NA,75.957848005276,0.595784800527601,296.5,1.67943262411348,5.29310534121387,0.164761894501175,NA,10.8517651420663,NA,NA,2.26078817726964,NA,11.8016259273376,6.28500130327502,NA
"772","shhs1",205260,"C008367",3285,0,0,7.22792607802875,"death",67,1,0,1,0,0,25.629354714,0,0,17.727272727,0,0,0,0,1,3.75,NA,68.0307070739877,0.10307070739877,79,2.66480446927374,6.05976273850824,0.0673516686087727,1.23312816531888,11.5678353037626,1.30576524558694,1.12386700307163,1.8525804174906,0.658333411612284,15.5292496801143,6.86249205583492,6.57162769657324
"773","shhs1",205426,"C011462",3539,0,0,13.4236824093087,"death",70,0,0,1,0,0,30.322904209,0,1,7.3087818697,0,0,0,1,0,3.25,NA,70.999714123185,0.0999714123185001,77,2.24719101123596,5.00910439893732,0.0430783952943988,1.17725959705366,15.9307948791874,1.22912742287112,1.05422527949507,2.35019399584731,0.776171261352077,18.7421966146956,5.31779744817915,3.90471396567078
"774","shhs1",202979,"C002944",2994,0,0,22.3353867214237,"censor",65,0,0,1,0,1,30.11600238,0,1,1.9622641509,0,0,0,0,0,1.75,29,65.7788200852028,0.0778820085202796,153,1.70316301703163,5.01878919031392,0.0727494490956369,1.24888744076916,17.9383038913619,1.44018409873359,1.15918759480746,2.72767654509224,1.10156374014464,17.3361230365122,6.21701865650097,3.36969321135315
"775","shhs1",205319,"C000758",3237,0,0,21.6481861738535,"death",66,0,0,1,0,0,33.046875,0,1,8.7697929354,0,0,1,0,1,1.25,28,67.9087090549039,0.190870905490389,152.5,2.95925925925926,6.50896963136148,0.0308237595902935,0.852820177400656,11.7904297934923,0.916551089439147,0.784505753255304,1.19334366295532,0.839177798118361,21.040183706626,6.30894151772387,5.8659297633161
"776","shhs1",203577,"C001376",2807,0,1,21.1909650924025,"dementia",71,1,0,1,0,1,25.864512472,0,0,23.104477612,0,0,0,0,0,2.75,30,65.6856591738986,-0.53143408261014,268,2.61354581673307,8.0102667378484,0.0289916038108835,0.590421127544991,14.4560803439676,0.615513706750265,0.540744774727643,2.17357966379946,1.45136827380376,22.2826271628046,7.46222670416099,5.57201104607814
"777","shhs1",205216,"C010483",3275,0,0,21.5523613963039,"censor",58,0,0,1,0,0,23.561293236,0,1,11.076923077,0,0,0,0,0,2.25,29,53.4491850261479,-0.45508149738521,269.5,3.40159574468085,6.788602489777,0.0399560493950491,1.22149462478728,17.2417037606322,1.31291549255214,1.16705715193768,2.66912728831441,1.28428263666698,18.9664536772585,9.09892287121007,8.23665777973638
"778","shhs1",203760,"C010406",3050,0,0,0.977412731006162,"death",68,0,0,1,0,0,21.992800918,0,0,2.5806451613,0,0,1,0,0,3,NA,62.7849699959202,-0.52150300040798,184.5,2.61007957559682,5.78895133069736,0.0374129395077916,1.00538103157683,12.1545331707762,1.06086357134622,0.928957282145583,1.89698162413017,1.00228142704275,14.9823094565503,9.81592215884022,9.22165133516091
"779","shhs1",203235,"C010737",2969,0,0,22.7843942505133,"censor",61,0,0,1,0,0,36.747404844,0,0,36.647727273,0,0,NA,0,0,2.75,29,61.7993318391085,0.0799331839108497,461,3.72307692307692,6.18078742062666,0.0460287924333598,1.46388090086192,10.4549924785048,1.57245609899417,1.27426873745637,1.68720507090349,0.754820004296864,18.4077802222039,6.15427176427658,4.29470713954144
"780","shhs1",205208,"C001384",3310,0,0,23.025325119781,"censor",59,0,0,1,0,0,28.316808765,0,1,1.6822429907,0,0,0,0,0,1.75,29,57.0356279960756,-0.19643720039244,308.5,4.2801724137931,8.60295874910492,0.0343549612217056,0.926907805918702,11.8817822110288,1.01818427924638,0.880447698170554,1.71535504151421,0.498768473641434,15.8952163334132,7.63909348241388,6.17049012588023
"781","shhs1",203275,"C009288",3498,0,1,14.2286105407255,"dementia",68,0,0,1,0,0,18.749276648,0,1,0,0,0,0,0,1,2.5,27,68.6531022960533,0.0653102296053305,171,1.75388026607539,5.17108826259395,0.0731739693032584,1.10595242962698,19.9870375279927,1.18697763577876,1.03083279752736,2.85182010464163,1.09623516396737,20.8312758192801,5.92177460075669,4.68691405011754
"782","shhs1",202929,"C010876",3906,0,0,21.2977412731006,"censor",64,1,0,1,0,1,32.347623967,0,0,63.711340206,0,0,0,0,0,3.5,29,62.4651704964483,-0.15348295035517,117.5,1.38681948424069,5.89394982691449,0.0340036534013959,0.940712150774065,13.1358208615129,1.00364240801526,0.850912567116011,2.65203402272351,1.22475871059505,13.2738613355614,8.37251796552568,7.91780993031806
"783","shhs1",205656,"C005959",3106,0,0,21.0294318959617,"death",56,0,0,1,0,1,23.186682521,0,1,2.1251475797,0,0,0,1,0,2.75,29,50.5502219490587,-0.54497780509413,295.5,3.4367816091954,6.02317610168017,0.0248072159008191,1.25005503619194,13.8582321075569,1.29539327585912,1.14127242048918,3.31253276301642,1.1628643935169,20.1036560535711,11.7671498138679,8.18831547610415
"784","shhs1",203765,"C014052",2719,0,0,21.9849418206708,"censor",54,0,0,1,0,0,30.191114776,0,1,1.2962962963,0,0,NA,0,0,3,27,52.6200076101693,-0.13799923898307,163.5,3.18,10.6610218292345,0.0362518182682096,1.37644496429906,16.9174149310346,1.57677730701673,1.27452896209144,3.19225617822152,0.939861327360846,27.9546671350114,6.41804760015544,3.1890418663254
"785","shhs1",205383,"C009888",3235,0,0,22.0616016427105,"censor",56,1,0,1,0,0,29.02531132,0,0,4.2970822281,0,0,0,1,0,3.25,24,56.500478787432,0.0500478787432002,194.5,2.4755838641189,6.24229553905002,0.032017477308857,1.34352317192485,18.2349246188392,1.41069079226836,1.240221629547,2.48296720333723,1.49892786993074,18.2445829741794,5.98671601553367,5.03074679398263
"786","shhs1",204971,"C009431",3514,0,0,23.2881587953457,"censor",63,0,0,1,0,0,23.233456177,0,0,3.785488959,0,0,0,0,0,2.5,30,67.0615476013203,0.40615476013203,233.5,3.46801346801347,6.0361803251919,0.0779894868682546,0.960460652993579,12.7689856016081,1.05732017618159,0.894928223007416,1.89159343257545,1.13311753701499,24.1787766010085,6.70041831799335,6.80873451565565
"787","shhs1",203483,"C009573",2898,0,0,21.719370294319,"censor",59,1,0,1,0,1,26.537790615,0,0,3.0118890357,0,0,1,0,0,2.75,28,63.5339857634622,0.45339857634622,206.5,2.43920595533499,6.28694565239937,0.0886293621900653,0.955930869135676,13.622957981093,1.0931071070821,0.940469169308674,2.09832956861612,0.877861834692098,20.0805612512553,7.80445922580453,6.04811239022691
"788","shhs1",203815,"C005475",2868,0,1,18.3271731690623,"dementia",72,0,0,1,0,0,24.999035531,0,0,1.0572687225,0,0,0,0,0,3.25,24,51.3122175895308,-2.06877824104692,130.5,2.08333333333333,5.2566699742811,0.0323806242778977,1.46043293412721,14.3658803742235,1.56077903953652,1.27928839412676,4.49628676156397,2.52756113481118,17.8835433985091,16.0403220480605,12.2740486514484
"789","shhs1",203463,"C011409",3010,0,0,22.4750171115674,"censor",57,1,0,1,0,1,35.679012346,0,0,66.878306878,0,0,0,0,1,2.25,27,42.3763535227998,-1.46236464772002,200.5,1.39951573849879,7.04293044815015,0.0350446533199099,NA,20.9991931930762,NA,NA,3.41333743435183,NA,9.70135575595009,13.0446725897073,NA
"790","shhs1",203756,"C007490",2806,0,0,16.2819986310746,"death",53,0,0,1,0,0,32.65625,0,0,0.3956043956,0,0,0,0,0,2,28,59.7870393820803,0.67870393820803,392,2.61214165261383,4.43695716685732,0.0546623767522008,1.08514417753056,14.6548719959829,1.2071510776858,1.00549156277358,2.02136219410801,1.22974182219742,17.0900468677381,6.15815735040185,5.78486204470582
"791","shhs1",205090,"C013173",3289,0,0,16.662559890486,"death",56,0,0,1,0,0,38.315329896,0,0,15.098468271,0,0,0,0,0,4,NA,62.6782983524927,0.66782983524927,250.5,1.75661375661376,5.04097383986204,0.0711187637656812,1.39337808012292,8.95828339331265,1.46388345435505,1.24524850002767,1.18693879496206,0.792112497171874,13.0342175620255,7.236405127357,6.58393621620065
"792","shhs1",203908,"C000590",2678,0,1,22.4284736481862,"dementia",53,0,0,1,0,1,31.5625,0,0,8.8025889968,0,0,NA,0,0,3.25,27,51.1696027388294,-0.18303972611706,309,3.24565756823821,7.06886059287163,0.0357872497919923,1.22256929774388,15.933115994013,1.29614052980664,1.15667279327966,2.89676418035906,0.856451982036191,20.7290521115982,9.80326828449139,8.05161212293781
"793","shhs1",203914,"C014523",2665,0,0,21.4839151266256,"censor",62,1,0,1,0,0,28.486965869,0,1,1.4243323442,0,0,0,0,0,3,29,65.7831350374092,0.37831350374092,130.5,2.05352112676056,4.23057393719382,0.03968014493556,1.68711890555805,8.49786192885139,1.79729324169564,1.49741443251807,1.85194847891957,0.845837132767377,14.5838349428904,6.46036827514344,5.69104322678198
"794","shhs1",205392,"C002729",3213,0,0,21.2128678986995,"censor",62,0,0,1,0,0,22.942130454,0,0,0.6644518272,0,0,0,0,0,3,27,70.0943177427122,0.809431774271221,248.5,2.2448,6.25621837631725,0.0677221621900582,0.919237085318026,8.62493467833586,1.00068007739945,0.839109242795911,1.14406667079513,0.490243343882464,13.1696133958152,4.69578326398035,4.13002589295178
"795","shhs1",205418,"C015769",3262,0,0,21.990417522245,"censor",55,1,0,1,0,1,41.385105564,0,0,6.9464544139,0,0,0,0,0,2.25,28,57.4479881191244,0.24479881191244,246.5,2.72361809045226,4.5619060327398,0.0334617871595316,1.01938160974735,17.7899202211514,1.10593818080901,0.960903641306593,3.11070478118943,1.6719946778286,13.4334779514636,5.97731421639183,4.90454671295878
"796","shhs1",205153,"C001775",3354,0,0,10.9787816563997,"death",74,0,0,1,0,0,28.541718957,1,1,7.4113009198,1,1,0,0,0,2.5,NA,68.627380159027,-0.5372619840973,187,2.1799591002045,4.39106993906877,0.0418307299652257,1.78510734138781,12.2278156106956,1.87591502708626,1.58748398139922,1.79991099182188,1.27560671512841,12.6972450970775,6.18251392827068,4.2555645410724
"797","shhs1",203505,"C005983",2866,0,0,10.6776180698152,"death",68,0,0,1,0,0,36.772953052,0,1,2.8137931034,0,0,0,0,0,3,NA,72.3712353175059,0.437123531750591,138.5,1.63010752688172,5.02353426369167,0.0671496149128576,1.03002140214086,11.4324178532435,1.12061483201665,0.980407714308443,1.31599622606284,0.985864785529663,17.9707372338813,6.05518250041554,4.56800191278152
"798","shhs1",203174,"C012415",3610,0,0,21.0130047912389,"censor",55,0,0,1,0,1,31.015625,0,0,7.1552795031,0,0,0,0,0,3.75,28,47.5339889780199,-0.74660110219801,148,1.98753117206983,8.63518406955345,0.0248413805415647,1.65868342573142,14.9893468883496,1.76513803969294,1.40643794907322,2.97902259547232,1.29014264515122,18.3687770345819,10.26475172782,9.0604159827106
"799","shhs1",203938,"C003039",2671,0,0,21.5852156057495,"censor",59,1,0,1,0,1,25.987654321,0,0,4.9805447471,0,0,0,0,0,1.75,30,59.704431550705,0.0704431550705003,266.5,3.08281573498965,4.87743146320277,0.0334732578997553,1.33976007849214,12.7759957337411,1.39795993785615,1.21259995448962,2.15777734084712,1.09512149248881,12.8370228051668,6.96125930248011,7.13655950995029
"800","shhs1",203037,"C008831",3723,0,0,22.1108829568789,"death",66,1,0,1,0,1,28.498973554,0,0,1.0194174757,1,0,0,0,0,2.75,26,60.1773301304072,-0.58226698695928,225,2.79425837320574,5.75234297715002,0.0558892282272097,1.21154547005899,14.4640421048487,1.30216229818121,1.11498400307821,2.56738919856596,1.02321186059781,14.7173420639167,9.70778895068352,7.46814656020605
"801","shhs1",203530,"C006699",3087,0,0,21.8288843258042,"censor",57,0,0,1,0,1,22.302699989,0,0,1.593625498,0,0,NA,0,0,3.75,30,60.1593315749682,0.31593315749682,218,3.45477386934673,6.37160384276617,0.0663978448049103,0.843827042191017,12.6940827378534,0.951186332638012,0.7988451814161,2.15447204255719,0.947395852981295,16.5632856595838,7.77781857273947,5.65649893960513
"802","shhs1",203583,"C014003",2767,0,1,18.2121834360027,"dementia",70,1,0,1,0,1,21.913580247,0,0,18.573351279,0,0,0,0,0,4.5,28.8,65.5435490069532,-0.44564509930468,117.5,1.06706114398422,4.98318799926576,0.0550355234518445,1.240899060627,18.1014768945728,1.32329383218248,1.20099071203118,2.47344836247083,0.338114078761902,10.8228271529354,8.42306578980992,2.19122901428671
"803","shhs1",205106,"C012862",3265,0,0,1.65639972621492,"death",73,1,0,1,0,0,20.479024943,0,1,25.496183206,0,0,0,0,0,2.5,NA,70.4959561696095,-0.25040438303905,85,0.677777777777778,7.27543347719809,0.0735302368685027,1.00118622415181,18.1323803519356,1.03678056283686,0.922305351809451,2.72846739111103,1.30983959565368,13.0756250874386,4.89340923148816,4.71218671335458
"804","shhs1",202967,"C005444",3736,0,0,21.7357973990418,"censor",59,0,0,1,0,1,25.660730395,0,0,5.390070922,0,0,0,0,0,4,28,56.0709326822274,-0.29290673177726,293,3.99206349206349,7.2515552805718,0.0394830646343643,1.27054147897644,17.4605984930636,1.37588929316924,1.16234565895573,2.5464677812221,1.45313893767317,15.3131958272133,5.47963975206912,5.80526857278479
"805","shhs1",203711,"C000004",2794,0,0,21.6947296372348,"death",54,0,0,1,0,1,23.051754908,0,0,3.6321303842,0,0,0,0,0,3,28,48.163951596723,-0.5836048403277,286,3.47379912663755,10.4562738141354,0.0349845134802028,1.15434058528891,12.461419304212,1.2501514390751,1.02963114903299,3.26280562648437,1.28095868517092,23.8583309692989,10.2201201093472,6.75766256045133
"806","shhs1",205664,"C008105",3025,0,1,14.8446269678303,"dementia",71,0,0,1,0,1,20.902888663,0,0,1.6802800467,0,0,0,0,0,3,20,72.54529877236,0.154529877236,125,3.28755364806867,6.18681107509537,0.0676361750965215,0.873025169062087,15.2952529601772,0.910632119206317,0.777150864934659,2.25562976559268,0.856585296594742,19.5583685240378,4.74316245951841,3.11388316511193
"807","shhs1",205263,"C005485",3343,0,0,21.5852156057495,"censor",61,1,0,1,0,0,30.733471074,0,0,16.161616162,0,0,0,0,0,2.25,24,74.348143603646,1.3348143603646,61,1.8641975308642,4.15453744746571,0.11670953884232,0.52977266183014,12.8922929480056,0.574641146406785,0.512276324479478,1.54628526774737,0.881838560659469,13.9210541832426,5.06381374949939,5.67450242330138
"808","shhs1",205168,"C004264",3262,0,1,18.9869952087611,"dementia",67,1,0,1,0,0,30.083829097,0,1,9.8843930636,0,0,0,0,0,3.75,NA,75.1343337339246,0.813433373392461,69.5,1.50900900900901,6.61549074071391,0.0925837256153777,0.676644422755986,11.5469642765739,0.727595859644083,0.608880065185792,1.3384446981306,0.883243138216957,12.2380982749274,3.52280317724861,2.56919725968851
"809","shhs1",205315,"C002873",3222,0,1,16.0027378507871,"dementia",68,0,0,1,0,0,27.511050145,0,0,3.6101083032,0,0,0,0,0,2.25,NA,74.9606336098272,0.69606336098272,160.5,1.80150753768844,6.00575924077913,0.0928864387618578,0.656087431432889,12.4485491288432,0.750273047687383,0.583157814573366,1.22510327763887,0.75915177399257,13.2308356426585,4.07679207387855,2.31237842015856
"810","shhs1",205364,"C011604",3238,0,0,22.0944558521561,"censor",65,0,0,1,0,0,30.410799826,0,1,2.6751592357,0,0,0,0,0,3.25,29,62.7416199114766,-0.22583800885234,90.5,1.88613861386139,5.78409793125528,0.0390737196295448,1.26180339203878,12.4872471414564,1.33151969183137,1.13352483019237,2.38877562119006,0.928010270188105,13.0917312598152,8.12927443933289,4.64101760629055
"811","shhs1",205307,"C009031",3249,0,1,13.5906913073238,"dementia",71,1,0,1,0,0,24.102079395,0,0,0.1877934272,0,0,0,1,0,3,NA,66.3264545103163,-0.46735454896837,227,2.7746170678337,7.54498762299221,0.0536664025278143,1.66597071911344,8.42022801984218,1.79381216612582,1.45549418520311,1.20819908001563,0.943442196434192,25.3559033767767,8.03406738435165,3.46102231395841
"812","shhs1",203018,"C005034",3742,0,0,22.1163586584531,"censor",62,0,0,1,0,1,30.185554594,0,0,13.901464714,NA,NA,0,0,0,3.25,30,68.5577379969616,0.655773799696161,255.5,3.34102564102564,4.79132187473693,0.044488695543426,1.07568998460772,9.61165904823327,1.13167225781005,0.980914559924289,1.59512033208023,0.570613372516908,18.7635526374974,5.81917386227653,5.48844536934937
"813","shhs1",203559,"C011393",2871,0,1,19.3264887063655,"dementia",66,0,0,1,0,0,28.76141644,0,0,3.6363636364,0,0,NA,0,0,3,NA,66.8443719618585,0.0844371961858499,205.5,2.30989583333333,6.12381611934458,0.0466472906685405,1.01882204425497,9.44621088373146,1.07389275275854,0.916320190271482,2.02839655736533,1.13697456247429,17.221416121919,7.21261190113151,5.33554660100686
"814","shhs1",205204,"C000745",3282,0,1,14.7816563997262,"dementia",71,0,0,1,0,0,27.530556544,0,0,5.3164556962,0,0,0,0,0,4,5,60.525501725202,-1.0474498274798,142.5,1.96793002915452,8.17317493767957,0.0456458000593597,1.3332901579159,17.2432367363412,1.3979259052744,1.19271720250123,3.78350361946797,1.67163815176556,16.3290664400897,7.70517040926364,6.25341922110457
"815","shhs1",205359,"C000308",3232,0,0,16.8377823408624,"death",73,1,0,1,0,1,33.287197232,0,1,27.356321839,1,0,0,0,0,2.75,27,70.2720358796597,-0.27279641203403,136,2.384,4.25976619439026,0.05064022929091,1.7207604013495,14.8941429108235,1.84487643497046,1.50862648999795,1.91739807689619,2.64747261971785,10.9395701920784,4.74273727836826,2.41417544717985
"816","shhs1",205147,"C002693",3643,0,0,21.9137577002053,"censor",60,1,0,1,0,1,27.143037495,0,0,13.301886792,0,0,0,0,0,2,23,66.9540322813102,0.695403228131021,134,1.24015009380863,3.32578264629963,0.0954530731011592,1.47946391509014,14.181143450591,1.58410158572364,1.41105705128973,1.84227018022574,0.534963180832766,9.67606571488286,6.55647920616311,5.15350579500517
"817","shhs1",205356,"C008359",3297,0,0,9.01300479123888,"death",68,1,0,1,0,1,29.000376184,0,1,25.30726257,0,0,0,0,0,3.25,NA,65.2076866451708,-0.27923133548292,188,2.22565320665083,5.93700851975701,0.0375656776011285,1.45375105478893,14.2860518173645,1.50481402216268,1.3066289810541,1.81166049869801,1.62409873301256,14.4086040344333,5.15364603400474,6.12700594098972
"819","shhs1",205324,"C012752",3496,0,0,21.1143052703628,"censor",57,0,0,1,0,0,34.780737925,0,0,28.975609756,0,0,0,1,0,1.75,29,66.9702040689499,0.99702040689499,243,2.52747252747253,5.34803429071174,0.0661670353828583,0.901351684150382,12.5332152348995,0.976948881567781,0.803587569895415,1.78241181962382,0.645655500093639,16.6877131925183,4.77988950764729,4.84486132236442
"820","shhs1",205203,"C015671",3451,0,1,14.1656399726215,"dementia",65,0,0,1,0,0,23.776863283,0,0,1.1442193087,0,0,0,0,0,1.5,NA,61.9992422063921,-0.30007577936079,256,3.32352941176471,7.94292488921811,0.0589714874481137,1.05237657142273,15.3103102314553,1.18178547754568,0.929106036728329,2.5269229672498,1.01309553956174,16.5879945743383,6.04257077243703,2.94805769183195
"821","shhs1",203965,"C003914",2688,0,0,21.7741273100616,"censor",55,0,0,1,0,0,20.880963268,0,0,0.9230769231,0,0,NA,0,0,3,30,47.6594381405959,-0.73405618594041,296.5,3.72466960352423,11.115967746272,0.061667280542853,1.49035789503355,13.3938652059242,1.61695626090418,1.34028176485997,2.33935912361215,1.15007724393587,17.4077021184124,8.8687772148838,6.85953847161437
"822","shhs1",205312,"C004905",3218,0,0,21.3908281998631,"censor",69,1,0,1,0,0,25.404949908,0,0,18.423236515,0,0,0,0,0,4.5,27,68.0477878636763,-0.0952212136323695,211,2.722,5.79074716665121,0.0588080564627017,1.22779429670438,18.7473404379879,1.35474208164524,1.12539675003908,2.69399262058222,1.0466649782118,17.836797659341,4.36647851899262,3.06288042832589
"823","shhs1",204989,"C001228",3415,0,1,12.0164271047228,"dementia",69,1,0,1,0,0,26.249256395,0,0,28.243902439,0,0,0,0,0,1.75,NA,73.3510369359656,0.43510369359656,276.5,3.5037037037037,8.0008848722942,0.0560576287307883,0.918947628997392,8.71051360183873,0.947363175743135,0.832445844318093,0.98459204355983,0.369688239548416,18.6658882239131,3.64173939605734,4.16794277098444
"824","shhs1",203763,"C003132",2735,0,0,21.5523613963039,"death",63,1,0,1,0,0,31.372301477,0,0,36.057233704,0,0,0,0,1,3.25,26,59.8351832062874,-0.31648167937126,1.5,1.25,4.95096195174742,0.0113070591096617,NA,13.1990456154675,NA,NA,2.7157010509034,NA,7.3927987965331,9.17854159352252,NA
"825","shhs1",204996,"C004559",3514,0,0,22.4421629021218,"censor",66,0,0,1,0,0,36.21214549,0,0,9.5705521472,0,0,0,0,0,2.25,24,52.426939508879,-1.3573060491121,164.5,3.00714285714286,7.82960430610502,0.0359259911400336,1.70745354781564,21.2778263619878,1.8699496804664,1.40624880204665,5.63234597333646,2.09619519191409,27.4842072485919,9.13601607534807,5.00544684704978
"826","shhs1",203106,"C003704",3677,0,0,21.9603011635866,"censor",60,0,0,1,0,1,23.359757126,0,0,2.3329283111,0,0,0,0,0,1.5,NA,63.6570633808131,0.36570633808131,131,2.39194139194139,5.49993826327915,0.0932683466901456,0.749722595997369,15.356836243862,0.836537747114556,0.720330356949814,2.09605348761918,1.18964037815123,10.7768220378509,7.0279580477277,4.63587341490911
"827","shhs1",203453,"C014681",2885,0,0,22.7460643394935,"censor",58,0,0,1,0,0,23.526077098,0,1,1.1009174312,0,0,0,0,0,3.5,29,53.1321512253726,-0.48678487746274,142,3.1340782122905,7.60089116129384,0.0478705736231772,1.53417642566805,16.722998990351,1.66373659035576,1.38158165367631,4.65235192831538,1.65624111521719,18.1865832120633,7.62314060004031,5.91548175008514
"828","shhs1",203146,"C001545",2985,0,0,22.5407255304586,"censor",54,0,0,1,0,0,26.126820561,0,0,1.7934782609,0,0,0,0,0,4,29,59.1167700708355,0.51167700708355,261.5,2.47982062780269,5.03771469139143,0.0666311835359072,1.06945805419144,18.8340524699987,1.14361182109612,0.986937986036324,3.12239311602174,1.56295001151252,14.3623007097693,5.17559920788327,5.75865640285945
"829","shhs1",203443,"C012161",2891,0,0,21.637234770705,"censor",61,1,0,1,0,0,31.314566116,1,0,39.272727273,0,0,NA,0,0,3.75,30,63.4017888793968,0.24017888793968,89.5,0.795677799607073,9.40605243896595,0.0580314152345978,1.03364499558512,16.5185984687586,1.06822775665143,0.933814646701,1.89578459827422,0.893512433489015,9.52924281692166,3.41297945809168,5.76409055664669
"830","shhs1",205649,"C009166",3077,0,0,21.4647501711157,"censor",69,0,0,1,0,0,33.414127424,0,0,48.395061728,0,0,0,0,0,2.5,29,73.6656253440079,0.466562534400791,36.5,0.858447488584475,4.02012295563093,0.172101471908793,1.18929545641258,11.6486262923329,1.38039201551376,0.928619682130779,2.15588080917743,1.55144914907735,1.75450564301236,5.55661383331679,3.2033910960141
"831","shhs1",205134,"C011833",3338,0,0,22.1327857631759,"death",60,1,0,1,0,0,28.236758714,0,1,30.419906687,0,0,0,0,0,2.25,27,54.2213885600462,-0.57786114399538,138.5,1.7323600973236,5.78710312622555,0.0415846210809465,1.80508905399678,17.3210133813598,1.89910688743189,1.60087022902394,3.81216920379921,2.26081203053952,16.7002541521617,7.73792614027716,5.54860561031106
"832","shhs1",203944,"C008128",2720,0,0,21.3360711841205,"censor",59,1,0,1,0,1,28.500402647,0,1,5.2173913043,0,0,NA,0,0,2.75,29,54.2413634543038,-0.47586365456962,75,1.52340425531915,12.0984205021777,0.0720485296486457,0.941852110854368,10.4548788936486,0.989167412480181,0.829742573682595,2.19359884738046,1.25735133632089,10.0146041957548,8.34797841847448,5.42666522001532
"833","shhs1",203047,"C006422",2956,0,0,22.6858316221766,"censor",58,1,0,1,0,1,29.336734694,0,0,31.203566122,0,0,NA,0,0,2.25,28,58.7219954975815,0.0721995497581503,233,2.22666666666667,5.58426841527623,0.0516782302390754,0.977515808212463,13.5165702202161,1.0626833617177,0.950695042315347,1.48962931405326,1.02627234393072,12.431160522106,8.60880997414646,4.78219473959956
"834","shhs1",205048,"C014358",3402,0,0,22.611909650924,"censor",62,0,0,1,0,0,39.581806257,0,0,61.255813953,0,0,1,0,0,3.25,29,64.8345003715995,0.28345003715995,245,1.76744186046512,4.67868071140061,0.0348793075420881,1.07498462904363,15.5318889604836,1.15419844901076,0.977113069144915,1.57216172301722,0.653287581546666,9.85472560850672,5.36953381570998,3.81026416042686
"835","shhs1",205642,"C004830",3039,0,0,0.887063655030801,"death",70,1,0,1,0,0,25.910872405,0,0,11.351351351,0,0,1,0,0,2.5,NA,75.1883635197855,0.51883635197855,59,1.06122448979592,4.35000067563231,0.105011591800029,0.874235615654421,8.95740873507536,0.939991982985537,0.771896217095072,1.14697627520885,0.581276309964773,8.67858534235978,7.30348947365825,4.52535654752184
"836","shhs1",203323,"C007031",2989,0,0,14.3518138261465,"death",70,0,0,1,0,1,18.218322427,0,0,2.1719457014,0,0,0,1,0,3.25,NA,65.2728654365756,-0.47271345634244,190.5,2.73076923076923,4.99948209906569,0.0607755548592009,1.27371795355998,19.3835349688836,1.45043001969503,1.23096279511427,3.3900468125171,0.658282201164262,18.1441180791955,7.70477801776981,3.46322101957617
"837","shhs1",203359,"C004198",2876,0,0,22.154688569473,"censor",54,0,0,1,0,0,42.570677186,0,0,25.963060686,0,0,1,0,0,3,NA,58.3859697387876,0.43859697387876,20.5,0.339712918660287,5.8020176609398,0.017055874457636,0.493004880309008,18.2373349384788,0.506159934906958,0.478784799515272,2.73576307621056,1.34266521965833,5.36892550340411,6.04832237270367,6.01339762354234
"838","shhs1",205550,"C005100",3184,0,1,19.5208761122519,"dementia",59,1,0,1,0,0,26.196094525,0,0,3.9724137931,0,0,0,0,0,3.5,24,59.5933102677151,0.0593310267715097,255,3.22696629213483,5.59581960904559,0.0324798410373022,1.28084671669766,10.6635458304473,1.36161908145319,1.16310099313902,1.55923119225733,0.992613377537893,16.5691760104034,7.93859862825508,6.89261111416375
"839","shhs1",203772,"C000453",3093,0,0,21.5222450376454,"censor",53,0,0,1,0,0,26.444139613,0,0,5.9668508287,0,0,NA,0,0,1.5,30,59.4858167480753,0.64858167480753,243,2.51351351351351,6.68473079108989,0.0585135352631256,0.917767493757571,12.243098327513,1.05741416179137,0.913348523347218,1.39656280050118,0.896038450803445,20.3095115227359,7.42067572402532,4.98362415635636
"840","shhs1",203638,"C002615",2741,0,0,22.8145106091718,"censor",64,0,0,1,0,0,37.443076404,0,0,2.5054945055,0,0,0,1,0,2,29,63.3859508036785,-0.0614049196321503,182,2.24356435643564,9.52273689900751,0.0530621056395505,0.891863398428804,13.6686712088588,0.967204108656722,0.766192341154255,2.32145417745685,1.1993606724397,14.9051624332873,4.60789283712239,3.79083680011851
"841","shhs1",203827,"C007713",2695,0,0,21.9822039698836,"censor",53,1,0,1,0,1,31.120867769,0,0,10.276679842,0,0,0,0,0,3.25,30,50.4392141165796,-0.25607858834204,336,3.93160813308688,9.49362019813931,0.0220011735199924,1.25916537608964,13.0744179812862,1.35946012130095,1.05409066994179,2.32750105276815,1.50033731815853,21.3914358905626,6.80778480423198,5.26698848118351
"842","shhs1",202939,"C015112",3766,0,0,21.7768651608487,"censor",58,0,0,1,0,1,30.865051903,0,0,6.6042154567,0,0,NA,0,0,3,30,73.4956336695387,1.54956336695387,26.5,2.1864406779661,5.71979605396279,0.0837875744397836,0.659851346839266,8.23076482747123,0.707309751700398,0.579049963046988,1.17842886685545,1.13376528984498,17.9165466723007,3.29179266801677,3.39579226755661
"843","shhs1",203361,"C007057",2989,0,0,21.4839151266256,"censor",68,1,0,1,0,1,30.432653061,0,0,14.278074866,0,0,0,0,0,4,25,63.790260979081,-0.4209739020919,295,3.2047619047619,7.68815099752819,0.0770353263466395,0.963960753379888,10.223229858914,1.07162809101915,0.905472119260261,2.31332411045155,0.756905704948296,15.3539558046895,9.04544106013325,6.47304369167209
"844","shhs1",203785,"C012166",2755,0,0,20.662559890486,"death",66,1,0,1,0,1,24.687685901,0,1,0.1526717557,0,0,0,1,0,1.75,NA,58.9537939000084,-0.70462060999916,169,1.88963963963964,4.58723618717254,0.0437688807233334,1.07934671941765,15.5653221892603,1.13547302496478,1.0026688519432,2.80226288483391,1.58742781833176,10.5249782384479,10.4335936371397,9.02093862382398
"845","shhs1",203054,"C006455",3690,0,1,15.9863107460643,"dementia",66,0,0,1,0,0,29.583349016,0,1,10.488081725,0,0,0,0,0,1.5,29,77.3589549334708,1.13589549334708,67,1.56930693069307,3.55594613948831,0.0946500276323209,1.03036751692918,10.7799707610997,1.12888419121683,0.94967137930303,1.89516861122752,0.388828394042417,15.3705468906315,4.7268213968261,2.96533755699037
"846","shhs1",203004,"C014604",3725,0,0,3.76454483230664,"death",72,0,0,1,0,1,25.157232704,0,0,0.4580152672,0,0,0,0,0,2.75,NA,68.247153402217,-0.375284659778301,216.5,2.68134715025907,6.2870863208366,0.0573699934384987,1.00550619781958,18.1876750082173,1.09783564492834,0.948129526193596,3.14447514333124,1.83338012708649,20.7594162289764,5.27803464587069,5.53205902497849
"847","shhs1",205686,"C004007",2981,0,0,12.3230663928816,"death",58,1,0,1,0,0,47.904191617,0,1,85.497630332,NA,0,0,0,0,2,NA,59.8351481236534,0.18351481236534,112.5,0.998062015503876,4.16677325826137,0.0974893778776671,NA,20.7536640170803,NA,NA,4.20760720859529,NA,13.0430372230117,7.85803659425741,NA
"848","shhs1",203250,"C005890",3568,0,0,7.90691307323751,"death",63,0,0,1,0,1,34.233241506,0,0,1.5841584158,0,0,NA,0,0,1.5,NA,63.5068742386511,0.0506874238651101,323,3.19362745098039,5.48286197195978,0.0478791003664353,0.91607802577844,16.9670248112021,0.948327693788163,0.854293735435564,2.03327317645631,0.978839777000156,15.3683956976353,6.09874333130136,6.06519031328504
"849","shhs1",203882,"C013921",2623,0,1,22.0616016427105,"dementia",61,1,0,1,0,1,27.58965076,0,0,2.3529411765,0,0,0,0,0,3.75,29,63.3963991622355,0.23963991622355,152,1.36507936507937,5.67639893462753,0.0409561719186123,1.33701678112009,15.5971070761917,1.3978801980199,1.25076426195987,2.51674046410382,0.68875115834602,18.0978430976452,6.79962138200569,6.48212986301007
"850","shhs1",203123,"C009837",3696,0,0,21.9247091033539,"censor",63,1,0,1,0,1,25.696921654,0,1,4.3128964059,0,0,0,0,0,3.25,29,70.0533657832724,0.70533657832724,142.5,2.83798882681564,4.47692701421244,0.0787982347891427,1.40531138056056,6.33434958486727,1.62120404526996,1.23320122020462,0.84946372970571,0.138189737792137,9.44748172156986,5.76698656797156,5.8584245744296
"851","shhs1",205308,"C008491",3348,0,1,16.0219028062971,"dementia",73,0,0,1,0,0,22.582709172,0,0,11.924528302,0,0,0,0,0,3.25,NA,73.9054044820263,0.0905404482026299,193.5,2.50847457627119,5.06253922700949,0.102354791579965,0.952123541366584,16.2231923989413,1.01568299561645,0.903812644951658,1.94844491969888,0.818090090688811,16.1628508721813,5.99798736920504,5.19160717099157
"852","shhs1",203410,"C013569",2983,0,1,13.1252566735113,"dementia",55,0,0,1,0,0,27.141582391,0,0,0.4838709677,0,0,0,0,0,3.25,NA,55.2131474860586,0.0213147486058602,195.5,1.9296066252588,4.87400252722763,0.0453650595782735,1.10704364914198,15.5603444949211,1.18092157232959,1.0197021838748,3.70894312010382,1.60825378490373,15.0365824909941,9.18682681116573,7.01175438641209
"853","shhs1",203591,"C007460",3243,0,1,19.0335386721424,"dementia",68,0,0,1,0,0,34.413195681,0,0,8.8235294118,0,0,0,0,0,1.75,27,69.1150318828513,0.11150318828513,301,2.74955595026643,4.43926864795519,0.0621043124761071,1.03483489200381,14.9751910380805,1.10624795883301,0.98004260938343,1.69077717258286,0.81896213149363,14.2465316354397,6.10295319943307,7.28373483471015
"854","shhs1",205014,"C008232",3435,0,0,22.5462012320329,"censor",63,0,0,1,0,0,28.108847025,0,0,11.41903172,0,0,0,0,0,1.5,27,50.711221262334,-1.2288778737666,115,1.94370860927152,9.12852969096628,0.0605634490588614,1.56316661519972,14.2051658138598,1.64779322271241,1.32676110740975,3.83381942581693,1.72149080347854,13.1892570783588,10.7653395227289,6.53760092801229
"855","shhs1",203159,"C007805",3018,0,0,23.6714579055441,"censor",60,0,0,1,0,0,25.476686428,0,0,1.5189873418,0,0,0,0,0,2.25,30,58.0298015846636,-0.19701984153364,59.5,1.776,6.79012657404526,0.0474522495322302,0.710932767386319,16.7698697931189,0.763387444005247,0.659515108753226,2.63788099485649,1.44677706526189,10.9451073543975,8.23240174835695,5.33992618952712
"856","shhs1",203426,"C003126",3230,0,1,20.1724845995893,"dementia",67,0,0,1,0,0,28.303662163,0,1,1.1093990755,0,0,1,1,0,2.25,24,73.3723343839954,0.637233438399539,219.5,3.07792207792208,5.53646341557759,0.0691202361581919,0.839598732829809,15.8601470561987,0.936903572904067,0.810825432845582,1.56885399239785,0.90001497971604,24.9519173525162,4.02345181739987,4.37569431318501
"857","shhs1",205376,"C011316",3225,0,1,22.1930184804928,"dementia",69,1,0,1,0,0,26.419753086,0,1,5.1385390428,0,0,0,0,0,4.25,26,77.2979072639749,0.829790726397491,124.5,1.57869249394673,3.74349024384266,0.0692935086210744,0.745238408570103,11.3994980576024,0.782816205972187,0.701170814997863,1.19021499625311,0.434601572785658,11.8684295553614,4.89683381142101,4.87590543400661
"858","shhs1",203533,"C010703",2827,0,0,20.766598220397,"death",69,0,0,1,0,1,33.760387812,0,0,0.5423728814,0,0,0,0,0,1.75,NA,74.6646300267707,0.56646300267707,146.5,1.52584269662921,8.75856872942324,0.11547705943997,0.945885529300085,9.00313473511333,0.978563308004886,0.8168555516546,1.22402031095804,0.310813052184212,9.3800580526473,3.74396220575689,3.58090708446714
"859","shhs1",205797,"C000718",2872,0,0,20.9801505817933,"censor",55,0,0,1,0,1,21.957366825,0,0,0.8075370121,0,0,0,0,0,2,30,56.0304319706229,0.10304319706229,317.5,3.53670886075949,5.6946953792571,0.0486368460476208,1.47687251872797,15.1647426768566,1.63772395084454,1.33822948000086,2.59869572921153,1.4465421459398,19.3326987295698,6.58365831461244,6.26991577339945
"860","shhs1",203134,"C009617",3531,0,0,21.5058179329227,"censor",62,1,0,1,0,1,26.775510204,1,0,14.16909621,0,0,0,1,0,3.5,26,51.5595973423379,-1.04404026576621,398,2.9552495697074,6.4918715300765,0.0380981860637132,1.45029715205606,14.3329013641287,1.54797998368612,1.37618399318397,2.7875539894265,2.22218322320548,14.5897574034412,10.1851274309556,10.9718789952032
"861","shhs1",203383,"C012283",2987,0,0,15.1786447638604,"death",56,1,0,1,0,1,32.966048553,0,1,19.495268139,0,0,0,0,0,3.5,NA,67.6827523064941,1.16827523064941,127,2.33507853403141,6.30532387275448,0.0621640713634538,0.562064736996869,14.2864954404132,0.604538424425573,0.551580926419318,0.940027696612763,0.462869145390237,23.7538920369671,5.51834063529081,3.6988760152244
"862","shhs1",205728,"C009995",3053,0,0,2.97330595482546,"death",66,1,0,1,0,0,32.476756198,0,0,19.872611465,0,0,0,0,1,1.75,NA,71.0240471965601,0.50240471965601,81.5,1.37280701754386,5.01421366507493,0.083725155420634,0.964126563283591,12.052721543559,1.00702002515336,0.867171138569744,2.46906239681518,1.99339007039548,14.0614632072639,4.92759675199324,21.626967421907
"863","shhs1",203187,"C011068",3014,0,0,18.8993839835729,"death",61,0,0,1,0,0,45.038866027,0,1,5.9800664452,0,0,0,1,1,1,NA,58.4373059256672,-0.25626940743328,203.5,2.09560723514212,7.15835876705702,0.0352287317479644,1.38135841710244,14.0003147378379,1.4913311274091,1.25182841216094,1.95103482606075,0.958991544144834,15.6841787881079,7.36192387455459,3.5607933514997
"864","shhs1",203485,"C008625",2929,0,0,21.7768651608487,"censor",64,1,0,1,0,0,25.432685956,0,0,6.012793177,0,0,0,0,0,2.5,23,66.0586901789339,0.20586901789339,127,1.46282527881041,6.56411881186124,0.153845167041528,0.969023766596414,13.1411864749128,1.17587239832138,0.913341184541421,2.42316954079143,1.06637814737667,12.553802800354,8.71188619606218,3.75408420511018
"865","shhs1",203564,"C015212",2653,0,0,22.5133470225873,"censor",57,1,0,1,0,0,31.808999082,0,0,18.679950187,0,0,0,0,0,1.25,27,54.5366670364278,-0.24633329635722,152.5,1.68208092485549,7.68526428413217,0.0540843984410703,1.23720989995034,17.1117832611542,1.29534101040998,1.11837380060898,2.8620731321644,1.62123213629922,9.16450324606971,6.60672770580623,5.18565318300949
"866","shhs1",203196,"C005698",2993,0,0,16.5995893223819,"death",60,0,0,1,0,1,40.346020761,0,0,15.858310627,0,0,0,0,0,2.75,NA,60.4255156927389,0.0425515692738898,57.5,1.19465648854962,5.60878100188237,0.0881245958228226,0.49859110107796,16.1084391861078,0.531578495450196,0.459667824632684,2.54196475259634,1.48817340432947,4.13698866519637,8.88848027882285,6.65420005629669
"867","shhs1",205785,"C002906",2948,0,0,21.1690622861054,"censor",54,1,0,1,0,0,21.585571372,0,0,2.7046263345,0,0,0,0,0,2,29,52.4062412879647,-0.15937587120353,363,3.455078125,7.07827037406926,0.0383257018508219,1.2786963133874,18.1907780792153,1.34652303089641,1.18591104345173,2.9977146378038,1.30330148565311,25.2788034369411,8.42772878347271,8.8310379518241
"868","shhs1",205570,"C015312",3361,0,0,21.7440109514031,"censor",59,0,0,1,0,1,24.055621654,0,0,1.5503875969,0,0,0,1,1,1.25,NA,65.339917923046,0.6339917923046,52.5,1.14563106796116,4.18364894756037,0.0717988003516021,1.22067108758551,17.63309002568,1.30913366707271,1.12790434179873,2.07201071414254,0.784962625670933,9.47105994149681,5.21578249852554,4.78454527093878
"869","shhs1",205046,"C013395",3449,0,0,21.7713894592745,"death",58,0,0,1,0,0,29.521118382,0,1,4.126984127,0,0,0,0,0,2.25,27,60.4216271947645,0.24216271947645,98,2.52482269503546,6.84102514860066,0.0496927489879739,0.972773121236092,16.2010191638819,1.07421100022579,0.929864972353089,2.79959162964785,1.10548797814944,15.1655100046546,5.97410353260166,4.87735161201166
"870","shhs1",203864,"C009937",2808,0,0,20.8323066392882,"censor",69,0,0,1,0,0,31.482007384,0,0,3,0,0,0,0,0,2.75,28,75.4170446497327,0.64170446497327,151,1.9647577092511,4.06169616253007,0.0637607667537317,0.998681261080288,9.41990416287297,1.07378790292625,0.933048492174364,1.10610317938745,0.605081119225194,12.721380582986,5.11908104352482,4.04743007415352
"871","shhs1",203589,"C002467",2906,0,1,16.5776865160849,"dementia",67,0,0,1,0,1,36.350359041,0,0,1.8876404494,0,0,0,0,0,2.5,24,71.095662485102,0.4095662485102,81.5,1.43048128342246,4.53504967167178,0.0480410050285937,1.02514032940435,8.34962566921514,1.10546159446773,0.925826892724934,1.02465007975298,0.880584506631791,9.72323499579404,6.28667893634988,6.02247307130407
"872","shhs1",205264,"C012077",3271,0,0,7.13210130047912,"death",66,1,0,1,0,0,33.515273389,0,0,16.421052632,0,0,0,0,0,2.25,NA,76.5800870933525,1.05800870933525,48.5,1.07662835249042,3.13848298338215,0.0547189952852327,0.694268435820355,11.5145996798958,0.726029905174006,0.629719416384981,1.15448635765664,0.549252071988977,8.03224309185032,3.99841166782283,4.05638916942879
"873","shhs1",203098,"C006919",3724,0,0,21.3634496919918,"death",60,0,0,1,0,1,26.959840342,0,0,15.327102804,0,0,0,0,0,3,30,53.4206746979495,-0.65793253020505,155,2.21978021978022,5.89790898279127,0.0429989425743972,1.52649085576295,10.6867699129158,1.60809016449959,1.30864480015877,1.68631730774424,0.809489627676252,14.344677570331,12.5896372852364,7.90865502772056
"874","shhs1",203278,"C004685",2903,0,0,22.3791923340178,"censor",62,0,0,1,0,0,25.208209399,0,0,1.0579345088,0,0,0,0,0,3.5,30,52.0792274565727,-0.99207725434273,414,3.06066536203523,8.43456376052044,0.0553917849591598,1.58434511168685,18.7638865929512,1.85061906118522,1.5689812630348,3.95046215097726,1.10615863969274,17.4145247729867,8.42450467969658,5.71767728454044
"875","shhs1",202995,"C001438",3726,0,0,13.5058179329227,"death",74,1,0,1,0,1,22.526784897,0,1,2.55,0,0,0,0,0,3,NA,69.1753126038381,-0.482468739616191,120.5,2.14634146341463,4.82652692138942,0.0733447420042744,1.96743625467318,7.10106007472331,2.13696789195926,1.69936387888586,1.47132247267328,0.420812093841803,14.4359191196138,9.29777366105895,8.87678985987245
"876","shhs1",205523,"C001772",3289,0,0,21.9055441478439,"censor",66,0,0,1,0,1,37.310979619,0,1,28.8,0,0,0,0,0,3.25,27,61.6802900080072,-0.43197099919928,271,3.1625,4.54339436789941,0.0582393647068503,1.45092851663012,17.9018855852213,1.54412779462729,1.31879182182803,3.22515601949073,1.46530379738533,16.319548588657,7.22502579381218,6.46198587899212
"877","shhs1",203602,"C010792",2826,0,0,9.62628336755647,"death",66,1,0,1,0,1,32.457142857,0,0,1.8264840183,0,0,0,0,0,1.75,NA,66.076306879645,0.00763068796450028,60,1.31538461538462,5.07146226565179,0.0414860401027182,NA,12.3398545300029,NA,NA,1.19453971152771,NA,5.41421235228048,7.02415462549497,NA
"878","shhs1",205647,"C006423",3049,0,1,15.3182751540041,"dementia",69,1,0,1,0,0,29.584775087,0,1,7.7288135593,0,0,0,0,0,1.75,29,73.2838111824549,0.42838111824549,154,3.16891891891892,4.29770776013727,0.110280332887357,0.769969667978949,16.5912524624606,0.854197598330455,0.704499119892241,2.80574277060102,1.94201154235741,17.024981215284,4.17515663827168,2.84561368038183
"879","shhs1",203810,"C013380",2740,0,1,17.6673511293634,"dementia",72,0,0,1,0,1,23.395823807,0,0,4.019138756,0,0,0,1,0,3,28,75.5678127066469,0.35678127066469,49.5,1.87857142857143,5.2246331121023,0.0865390753987144,0.903424560505342,6.7780891786699,0.970956678102711,0.832976497898028,1.16761183360951,0.738592278286912,10.6919482461241,6.93178059755614,7.52603750249159
"880","shhs1",205205,"C005465",3296,0,0,22.7871321013005,"censor",56,1,0,1,0,0,38.46588129,0,1,12.016021362,1,0,0,0,0,2,27,55.3872375676958,-0.0612762432304201,260.5,2.86908077994429,3.55536344804061,0.0455670666946518,1.47790748659978,19.6062103796446,1.5378836106575,1.36268975401949,3.70133588741732,1.28774221132023,14.2923612015965,7.88789902981211,6.32500069899982
"881","shhs1",205652,"C011525",3132,0,0,21.0266940451745,"censor",61,1,0,1,0,1,26.057142857,0,1,5.1231527094,1,0,0,0,0,4,29,62.0843461661406,0.10843461661406,138.5,1.57180156657963,7.03084038539591,0.128204560101654,1.73508196611288,15.3975847332698,1.83720079774086,1.59079129358917,3.59843346703166,1.09774036218283,17.0298525196963,7.32896315872254,5.95133008794961
"882","shhs1",203800,"C001171",2722,0,0,8.89253935660507,"death",58,1,0,1,0,0,27.338499814,0,0,1.1397557666,0,0,0,0,0,3.5,NA,55.8457141936153,-0.21542858063847,165,3.05263157894737,7.30627436738847,0.0800483707644388,1.08586222347134,12.0898855506779,1.14880990197483,0.97849637819856,2.76338150426119,1.34405066265853,17.8850520695227,10.54216348235,9.0088466806395
"883","shhs1",205697,"C014323",3085,0,0,21.4729637234771,"censor",63,1,0,1,0,0,22.653613552,0,0,6.693877551,0,0,0,0,0,1.5,28,61.6369684971026,-0.13630315028974,191.5,2.00639658848614,5.87448519544876,0.0609575678132,1.33526248834455,16.4889820878221,1.42606862949331,1.19675526077587,3.19734184011228,1.19494721556934,11.8367649603955,6.34439646712555,5.95118993138139
"884","shhs1",205276,"C004030",3346,0,1,19.9835728952772,"dementia",60,0,0,1,0,0,25.558842867,0,0,4.2477876106,0,0,0,0,0,3.25,NA,63.8875960479223,0.38875960479223,264,3.12672811059908,7.49546047843314,0.0379194967526187,1.12136847175829,9.73409142839832,1.18827124020746,1.00370673024271,1.39703861605683,0.775934714473372,22.8841552266331,6.00964225303035,3.57790458787425
"885","shhs1",204983,"C014908",3436,0,0,22.3791923340178,"censor",59,1,0,1,0,1,31.141868512,0,0,5.2838933951,0,0,0,0,0,4,29,54.0889857603127,-0.49110142396873,263.5,2.03571428571429,5.36356838239456,0.0725918752773705,1.89325242799837,17.3120026460355,2.17522763415225,1.77733426256343,4.01147909344715,1.55854131545151,13.7833396574052,8.33362432108953,7.50202245762533
"886","shhs1",202988,"C010293",3743,0,1,20.6735112936345,"dementia",75,0,0,1,0,1,23.796646836,0,0,6.9624573379,0,0,0,0,0,2.5,28,72.2806722481234,-0.271932775187661,88,0.959239130434783,6.97144156929897,0.0356495515718558,NA,12.6121130263123,NA,NA,1.66948640187371,NA,18.1293006156944,6.01195292361584,NA
"887","shhs1",202914,"C014713",3854,0,0,21.2210814510609,"censor",56,0,0,1,0,0,30.119375574,0,0,0.7575757576,0,0,0,1,0,2.5,30,65.0003194979196,0.900031949791961,189.5,2.20833333333333,4.40943246375785,0.0341772122673061,1.03479073007085,14.4709101706764,1.07006866677771,0.949129601704482,1.6907588148734,0.398815069330496,13.552752205672,4.79108677245574,3.95695543130567
"888","shhs1",205240,"C003877",3318,0,0,14.6666666666667,"death",62,1,0,1,0,1,39.704582755,0,0,26.759581882,0,0,0,0,0,4.25,NA,66.7555283566094,0.47555283566094,79,1.2345971563981,4.74481258824795,0.070245135651207,1.12056159079366,14.5150726241274,1.20350666030337,1.01809799402371,2.01759134937471,1.25077033756997,9.67655187466135,5.34068418392107,6.12589491840921
"889","shhs1",205313,"C002598",3218,0,0,21.3908281998631,"censor",64,0,0,1,0,0,24.228843528,0,0,2.1531100478,0,0,0,0,0,1.75,29,64.941548154814,0.0941548154814001,228.5,3.67278287461774,5.97635419067274,0.0283752687841385,1.40099359928845,11.4229495191049,1.44619275627252,1.25235947784384,1.73247657282331,0.602039175225865,19.1020560550991,5.88324291167847,4.70294114765481
"890","shhs1",203509,"C003612",2862,0,0,23.0965092402464,"censor",56,0,0,1,0,1,41.730612245,0,1,21.71875,0,0,0,0,0,2,29,49.2600122176506,-0.67399877823494,410,3.85137614678899,7.12001393069445,0.0505211930802023,1.40707338397221,15.4076935716644,1.53712213336964,1.21140237216068,3.48969759203059,1.38813235645908,17.8130772406363,9.89850594566656,7.18771882321335
"891","shhs1",203380,"C009568",3465,0,0,21.5030800821355,"censor",55,0,0,1,0,1,23.841672775,0,0,0.5177993528,0,0,0,0,0,2.75,29,63.047468491203,0.8047468491203,183.5,1.87674418604651,6.59456386437833,0.0812712245124515,0.858445831227296,13.9295248901392,0.977337726496187,0.775749179390387,2.39860662141157,1.08461864027467,14.474061944272,5.15496223603688,2.96550093717796
"892","shhs1",205623,"C003376",3089,0,0,21.574264202601,"censor",57,0,0,1,0,1,28.654168572,0,0,7.6505312869,0,0,0,1,0,2,30,58.9655312572972,0.19655312572972,252,3.08050847457627,4.45702109157217,0.0327442031757139,1.27712307360966,16.7146894494751,1.3624577014947,1.17107603865664,2.56703330595248,1.14925898344017,14.9670583513011,6.14927979124146,4.56933480800686
"893","shhs1",203475,"C013077",2812,0,0,5.98494182067077,"death",62,1,0,1,0,0,43.557888953,0,0,42.731707317,0,0,0,0,1,1.5,NA,59.3797299637258,-0.26202700362742,77.5,1.95480225988701,8.94994083874959,0.0666770445491273,0.973252026253491,20.5834806837,1.11251345079644,0.928790771736276,2.75452637054734,1.01649364974375,13.5560718922171,5.61706616733103,3.34259278762637
"894","shhs1",203877,"C009449",2966,0,0,15.4360027378508,"death",64,1,0,1,0,0,32.189674221,0,1,6.0240963855,0,0,NA,0,0,2.25,29,65.9280175045503,0.19280175045503,112,2.18897637795276,6.24786703177846,0.034092695936053,0.832058827089156,13.3302502873108,0.867577774764845,0.762424131609616,1.6878893689326,0.512200354355889,16.3200718085536,7.07590944989194,5.3596686336944
"895","shhs1",205715,"C003074",3100,0,0,8.85420944558522,"death",64,1,0,1,0,1,26.819923372,0,1,4.679245283,1,0,0,0,0,1.5,NA,73.8369401848183,0.98369401848183,98.5,1.40547263681592,4.75717142980674,0.0989033433964778,1.21487968522929,12.4058036276855,1.53945172088552,1.22442693645371,2.22969557161683,0.628613314066205,23.4413038933772,5.16087480448665,2.43823057086083
"896","shhs1",203295,"C006949",2958,0,0,21.7221081451061,"censor",59,1,0,1,0,1,31.742400412,0,0,4.2228739003,0,0,0,0,0,3,NA,60.9532519963072,0.19532519963072,237.5,3.08767772511848,6.97751698129955,0.0871964345381517,1.06425685226039,11.145494790941,1.16993810083621,0.967566880401459,1.87513890661872,1.11033767778641,16.4294075826642,8.01236280035885,8.13856817913791
"897","shhs1",204999,"C015438",3408,0,0,15.791923340178,"death",74,1,0,1,0,0,29.1314228,0,1,16.724738676,1,NA,0,0,0,1.5,NA,75.7939593801872,0.17939593801872,86.5,1.06644518272425,6.88122993785974,0.06252097259502,0.938318277587277,13.3704422526588,0.967939757054572,0.873657786389394,1.31270720133128,0.564281274535298,11.4789513230729,3.7860208289043,2.12744613097014
"898","shhs1",203461,"C013120",3380,0,0,20.2765229295003,"censor",59,1,0,1,0,1,29.900913834,0,0,7.4730538922,0,0,NA,0,0,1.75,29,68.4371468415026,0.94371468415026,183.5,1.91865079365079,3.8630153439954,0.109780530629814,1.03172536969796,16.9532335531244,1.22326674188688,1.03192334143794,2.15095471490393,1.31180559808988,19.5522045470173,5.34207360134451,3.77413095385999
"899","shhs1",203386,"C013083",2914,0,0,22.321697467488,"censor",57,0,0,1,0,1,28.453199275,0,0,1.5458937198,0,0,0,0,0,3.5,30,59.769030415813,0.2769030415813,90.5,1.19526627218935,8.50425578774151,0.0700978360565615,0.877581233542173,11.1808547357386,0.927668206633058,0.786869314583337,1.91083298770152,0.814953806575338,9.09481863855252,7.31909278090748,3.84587899073333
"900","shhs1",205500,"C014531",3178,0,0,22.3353867214237,"censor",66,0,0,1,0,0,36.032560472,0,1,11.481481481,0,0,0,0,0,2.75,29,56.2897383218347,-0.97102616781653,145,2.14487632508834,5.18882668819819,0.0355765914696686,2.15809784159189,13.4957683174376,2.29505283493475,1.82839983375999,2.2533969119482,1.53492260579639,14.9438287749796,9.37228203755775,7.1554828480446
"901","shhs1",203736,"C004816",2982,0,0,21.8891170431212,"censor",56,0,0,1,0,0,19.890260631,0,0,0.1558441558,0,0,0,1,0,4.25,29,56.1769136471368,0.01769136471368,517.5,3.98375184638109,8.59992556571505,0.0630398105333762,0.864991405312248,12.4657063045613,0.938008094042867,0.844940884389482,1.64442267782058,0.465126654849616,17.8933156258123,8.15023444595983,6.28530678063361
"902","shhs1",202943,"C015019",3835,0,0,16.9965776865161,"death",74,0,0,1,0,0,31.20719035,0,1,3.3644859813,0,0,0,0,0,3.25,25.862068966,68.1218190678161,-0.58781809321839,163.5,2.02173913043478,5.93864002227564,0.0231218472067729,0.92017053784965,15.9822699684065,0.953536893031185,0.845928242946897,2.73633989791276,1.2838564069287,17.190461214066,7.04949276118662,6.0021591508024
"903","shhs1",205621,"C013477",3144,0,0,13.3415468856947,"death",66,0,0,1,0,0,24.875821183,0,0,0.7566204288,0,0,0,1,0,2,NA,61.2482610761152,-0.47517389238848,100,1.51475409836066,6.17383642614697,0.0383755421662574,1.4121841297607,18.8978832878555,1.50802020337472,1.27554150558381,3.89971717920245,1.70035026202448,17.4349692797274,6.50500535637645,5.15624129763158
"904","shhs1",203016,"C015549",3703,0,0,20.5311430527036,"censor",61,0,0,1,0,1,26.601239669,0,0,3.0188679245,0,0,0,0,0,1.75,NA,63.6536438060073,0.26536438060073,127.5,2.70124481327801,5.29750357470638,0.0544773779210886,0.840777689117595,16.0688136083452,0.904035818031061,0.781271518060132,2.66599250844627,1.41635427529324,19.0620305417787,6.89370507266535,6.36250868707946
"905","shhs1",205101,"C008414",3282,0,0,15.337440109514,"death",60,0,0,1,0,0,27.115781573,0,1,8.0523731588,1,0,0,0,1,3.25,NA,58.3434463947514,-0.16565536052486,339.5,3.13194444444444,8.26950301331176,0.0401194813839272,1.19910655984839,11.4358940390631,1.32468152356445,1.12638952076109,1.64898007569843,1.42405230201208,28.0517659211449,5.56877263064411,4.49889226196733
"906","shhs1",203226,"C003055",3568,0,0,8.20807665982204,"death",65,0,0,1,0,1,22.085068412,0,1,5.0224215247,1,0,NA,0,1,3.25,NA,60.2703871931546,-0.47296128068454,76,1.98882681564246,8.09865775496619,0.0516869964614376,0.945534857393345,18.1635334849849,1.08782941148411,0.851811735687386,3.80912068271247,0.843397189744952,19.5535846889311,8.39227233114633,4.53289046652577
"907","shhs1",205602,"C004927",3274,0,1,20.9691991786448,"dementia",69,0,0,1,0,0,31.445281205,0,0,13.740458015,0,0,0,0,0,2.5,29,69.393013179559,0.0393013179559006,110,2.71491228070175,5.04181328360735,0.0447682326203786,1.17821385701668,13.2089530748252,1.22882955617054,1.08098448536917,2.33783151743323,0.741335551855673,21.0220649771154,7.16383621928039,5.62064890094838
"908","shhs1",205734,"C003263",2983,0,0,18.5188227241615,"death",60,1,0,1,0,0,31.165494862,0,1,15.3808948,0,0,0,0,0,2.5,27,67.9549555247279,0.795495552472789,184.5,2.1936127744511,3.63082883984577,0.0534280448184762,1.61521560751846,9.78988736101441,1.73430963634234,1.41343191247602,1.26833316228484,0.485848405836262,13.1180797802734,4.8885807785613,4.10534137109407
"909","shhs1",203911,"C003149",2742,0,0,21.3497604380561,"censor",54,1,0,1,0,1,29.276844412,0,0,4.2857142857,0,0,0,0,0,3.5,30,51.0929797365535,-0.29070202634465,381,3.68571428571429,7.45790992207127,0.0299997464701139,1.44198904287329,10.8189142998968,1.51164840562489,1.33856599292597,2.59426243899907,0.75048572289251,18.070969350045,9.81929220093736,6.29954339274626
"910","shhs1",203702,"C009852",2745,0,0,20.807665982204,"death",58,1,0,1,0,0,25.761772853,0,0,10.245795602,0,0,NA,0,1,2.25,28,58.4573585876962,0.0457358587696199,199.5,2.20292887029289,5.82169939355057,0.0793004025502769,1.31938515800821,16.7404446692291,1.58130172762198,1.27390053715085,3.1141105608346,1.28459088400211,14.8523563756818,7.29993639379982,6.59680570320102
"911","shhs1",205768,"C009547",2966,0,0,16.394250513347,"death",67,0,0,1,0,0,27.313761043,0,1,2.3145400593,0,0,0,1,0,2.25,NA,63.0293129100051,-0.39706870899949,318.5,2.09361069836553,5.50284742306534,NA,NA,14.8898760441608,NA,NA,2.2661931829949,NA,10.5155870545382,8.0752438888729,NA
"912","shhs1",203587,"C008103",2856,0,0,22.2724161533196,"censor",58,0,0,1,0,0,32.40615717,0,1,0.298136646,0,1,0,0,0,1,NA,66.4577614701844,0.845776147018439,154,1.98220640569395,5.65829472918563,0.0407153761035049,0.962800513458671,16.7532642139983,1.01769360010242,0.913595053619177,3.09337945824994,1.26124723441451,22.815869667328,3.78133846754882,4.21577416496945
"913","shhs1",205716,"C014894",3057,0,0,1.74948665297741,"death",72,1,0,1,0,0,35.07805326,0,1,14.117647059,1,0,0,0,0,1.75,NA,67.9043160393618,-0.40956839606382,137,1.33589251439539,5.56447298254888,0.0460703263119676,1.5284525481701,10.0400371064499,1.63109411472853,1.3113843933494,1.75949360984817,0.983130434697912,7.92609473894417,6.66590357206468,5.8927201967928
"914","shhs1",205784,"C013702",2918,0,0,20.5886379192334,"censor",64,0,0,1,0,0,24.61515013,0,0,10.5,0,0,0,1,0,2.75,29,62.9049949270091,-0.10950050729909,304,2.94072164948454,8.5841685168493,0.0645451355396564,0.782193836342506,11.8799165378776,0.862843026172899,0.754033606186372,2.32299870448274,1.22468458251418,20.7761861550871,7.48957780933739,5.9896079706014
"915","shhs1",203737,"C013724",2898,0,0,21.3552361396304,"censor",55,0,0,1,0,0,25.636700961,0,0,0.9972299169,0,0,0,0,0,3,28,48.6887594523883,-0.63112405476117,237.5,3.73611111111111,7.55294266453526,0.0275142618854541,1.56942529006185,10.5185378495633,1.68278802024624,1.38566309326582,2.15264189813979,1.12313458218867,20.5103408049901,11.5621281706179,8.855038567578
"916","shhs1",205514,"C010492",3306,0,0,21.864476386037,"censor",64,1,0,1,0,0,24.983563445,0,1,25.372616984,0,0,0,1,0,4,27,72.7164075737442,0.871640757374421,50.5,1.24152542372881,5.13163095311028,0.0762465521213406,0.931821925001469,11.3786002683684,1.0085339119516,0.860439147417947,1.24622318655236,0.676741800919553,11.0330125860622,4.43761456854171,2.96932987855375
"917","shhs1",203728,"C005988",2746,0,0,22.4859685147159,"censor",59,0,0,1,0,0,22.856404959,0,0,3.670212766,0,0,0,0,0,2.5,NA,48.6151188943966,-1.03848811056034,316.5,2.96007984031936,7.51559780570429,0.0404670011789064,1.69823144084301,18.4345558032335,1.88418466251388,1.46392237312492,4.51860649265398,2.23376576880134,16.8034240643293,8.14107280517453,6.19393966194315
"918","shhs1",205482,"C009777",3275,0,1,17.9164955509925,"dementia",57,0,0,1,0,0,34.096752502,0,0,14.940397351,0,0,0,0,0,1.75,28,52.6628076615659,-0.43371923384341,211,2.31279620853081,8.32248082127997,0.0403287806039601,1.53391784983593,18.3640958962203,1.64988052961212,1.37280733549803,4.28437983599164,1.55063020095483,15.1979506066627,6.12510518129106,5.37502630872217
"919","shhs1",203731,"C004116",2729,0,0,22.3682409308693,"censor",59,0,0,1,0,1,32.039871841,0,0,3.7128712871,0,0,NA,0,0,4,29,59.7811632220496,0.0781163222049599,226.5,3.14792899408284,4.97519511958977,0.0534017518645201,1.13774595323474,18.2542371805753,1.22713821025713,1.06873844665068,2.45912827514807,1.56977706366385,17.5165681399402,6.47319869352587,6.44764945540903
"920","shhs1",203886,"C000133",2751,0,0,21.347022587269,"censor",53,0,0,1,0,0,32.536816909,0,0,6.9124423963,0,0,0,0,0,2,30,52.5987977787628,-0.0401202221237199,267.5,2.86521739130435,9.87317468189415,0.048960465611093,1.05739024258735,13.4638583278016,1.21065957828041,1.02470876127313,2.88019934559512,0.847297089358517,31.1444135621831,6.77422965980815,5.15573400472179
"922","shhs1",205209,"C009707",3310,0,0,23.025325119781,"censor",59,1,0,1,0,1,27.15271059,0,1,2.313253012,0,0,0,0,0,4.5,28,62.9576778983144,0.39576778983144,77,1.21587301587302,4.14189118670327,0.0431096862353147,1.53991430662756,16.4306435079186,1.5848962184855,1.42657780502235,2.2806662346619,0.822787962680752,9.28139337443445,5.38266180480888,4.7562917073815
"923","shhs1",205586,"C001727",3177,0,0,20.8459958932238,"death",59,1,0,1,0,1,33.271604938,0,0,4.4974446337,0,0,0,0,0,2,30,48.8085046545199,-1.01914953454801,446.5,4.59318637274549,7.30382358722757,0.0511149135297722,1.70335425139675,18.4229024041918,1.8863986042608,1.57711478471616,3.35796972993191,2.02172719629563,17.0610915308853,7.88101951718485,7.62289818994686
"924","shhs1",205425,"C010480",3255,0,0,6.21492128678987,"death",73,1,0,1,0,0,26.095091717,0,0,4.9016641452,0,0,0,0,0,3.25,NA,78.9578404452965,0.59578404452965,149,1.71683673469388,4.2732929555267,0.103746139890604,1.11305646521165,10.8085704574048,1.21263793743448,1.00954444538989,1.53235945077858,0.720755048037133,13.1718455086922,4.56579246029198,5.56249522118565
"925","shhs1",203096,"C002530",3571,0,0,21.5058179329227,"censor",57,0,0,1,0,0,25.4912764,0,0,0,0,0,0,0,0,2.75,30,56.8268655151926,-0.0173134484807399,249,2.91121495327103,6.93447058863915,0.0386799818852642,0.865665062776655,11.8870474308028,0.986295039522473,0.825291963297091,1.69947442864165,1.18704745490152,15.6561292278966,8.6891933801898,7.9766653743486
"926","shhs1",203704,"C004997",2755,0,0,21.6947296372348,"censor",54,0,0,1,0,0,28.671875,0,0,1.3810741688,0,0,0,0,0,2.75,30,55.9127971451736,0.19127971451736,70,1.46261682242991,5.95476905293932,0.0449809755492173,0.987697334617603,16.261310199352,1.10437140544818,0.948933312392087,3.31716442518628,1.54452513420364,10.6429893777983,7.40992649413315,6.52340432792577
"927","shhs1",203878,"C011493",2923,0,0,20.6981519507187,"censor",55,0,0,1,0,0,24.163498814,0,0,0,0,0,0,0,0,2.25,28,52.6849385018704,-0.23150614981296,227.5,2.64321608040201,6.91032816185627,0.0565900528056569,1.95217105532216,18.4717978798923,2.08616753210226,1.70723810088389,2.53374790751429,1.05705096001717,15.7524463735815,6.38267546799512,4.64103493009416
"928","shhs1",203854,"C010375",2795,0,0,21.4373716632444,"censor",58,1,0,1,0,0,35.980305517,0,0,9.7805642633,0,0,0,0,0,3,28,49.4031227623751,-0.85968772376249,203.5,3.03494623655914,6.9018383898624,0.0407521502838186,1.47828320970133,18.9889245278249,1.6069225791108,1.39572057401387,3.052153403701,1.28306413408484,14.2202025199071,9.97544443104288,8.07209978348784
"929","shhs1",205349,"C004603",3298,0,0,22.6557152635181,"censor",70,1,0,1,0,0,31.085172123,0,0,20.465116279,0,0,0,0,0,3.5,NA,70.6718993529458,0.06718993529458,204.5,2.02641509433962,4.28439868938599,0.0718666756571283,1.171013621736,14.4899646993915,1.24671955981289,1.07393164245129,2.11476237788465,0.997829992841653,15.7367350552881,6.53390655031726,5.40599687567129
"930","shhs1",205667,"C015734",3066,0,0,21.6427104722793,"death",69,0,0,1,0,0,46.410608139,0,0,84.568651276,0,0,0,0,0,2.25,30,65.9633980753873,-0.30366019246127,119.5,1.61829652996845,4.44502349908863,0.0829605159308721,1.22058153706396,14.8454865161246,1.34898005586919,1.01594781313106,5.76449768136465,2.21898280961521,9.42744929120718,6.39851526231601,4.27153913264424
"931","shhs1",202927,"C008561",3840,0,0,12.8405201916496,"death",68,0,0,1,0,1,21.262002743,0,1,5.1096774194,0,0,0,1,0,3.25,NA,67.334024600364,-0.0665975399635997,110,1.75399361022364,5.82748417341486,0.0419456045062735,1.1210918424574,12.0617579578025,1.18192655353723,1.02380753137692,1.71541576202247,0.635524209072938,15.2285948220491,7.7070624618521,7.05613857615498
"932","shhs1",203612,"C004460",2841,0,1,15.3127994524298,"dementia",64,0,0,1,0,1,25.307665599,0,0,5.5629139073,0,0,NA,0,1,3,NA,62.007624561262,-0.1992375438738,125,3.59420289855072,6.3390613604118,0.040506110818061,1.58432661257198,13.2683316362749,1.72242648927659,1.4492936325697,1.97914761976255,0.736041087330003,19.358480688021,6.91411944019745,5.1627327430521
"933","shhs1",203259,"C001433",2974,0,1,23.4387405886379,"dementia",63,1,0,1,0,0,27.53182532,0,0,2.0047732697,0,0,0,0,0,3.5,25,63.9291776265938,0.0929177626593798,333,2.58433734939759,5.90435212732338,0.0730964992696714,1.03927906106368,13.0247918052368,1.12394465694955,0.917152605093354,2.00511456564084,1.19540328358911,12.3741769030585,6.46488099039527,6.970084344443
"934","shhs1",203433,"C006960",2909,0,0,22.3381245722108,"censor",55,0,0,1,0,1,28.529489254,0,1,0,0,0,0,1,0,3.5,28,52.7457291121823,-0.22542708878177,276,2.67248908296943,8.43522495900816,0.0603357105206415,1.09567489797109,18.2386930849682,1.179170852474,1.01040580406706,2.81816679671227,1.0878045227646,13.9279464544173,7.35684160221689,4.83045667092986
"935","shhs1",203738,"C001024",2757,0,0,21.4072553045859,"death",57,1,0,1,0,0,29.198044656,0,0,11.515151515,0,0,0,0,0,3.25,30,41.7517841474816,-1.52482158525184,327.5,3.64037122969838,8.4921858938978,0.0236835313760889,2.01141939457506,17.6463462152584,2.14261979854877,1.77306873137149,4.2086746681169,1.67920457425857,20.340476477872,11.3951820778216,6.77191971978588
"936","shhs1",203686,"C009251",2795,0,0,16.6954140999316,"death",54,0,0,1,0,0,28.731921488,0,0,3.2835820896,0,0,0,0,1,3.25,30,52.3573828598761,-0.16426171401239,207.5,3.80141843971631,7.2025232373215,0.0569732525614506,1.49039106950868,12.755372814936,1.59267364534694,1.31426362803079,2.04811410745173,1.02700310575978,16.4905420879317,8.86335449857155,6.8025753256952
"937","shhs1",205440,"C007252",3247,0,0,22.4312114989733,"censor",66,0,0,1,0,0,34.293552812,0,0,14.612546125,0,0,0,0,0,3,29,63.318020154189,-0.2681979845811,272.5,2.61085972850679,5.06640842696367,0.0581639337268363,1.28929639424847,18.3208577973665,1.51573907362794,1.20316266763048,2.84957418129804,1.10807443893387,14.468106125497,6.00639618431454,3.17293136486972
"938","shhs1",205150,"C010715",3305,0,0,13.4537987679671,"death",65,1,0,1,0,0,30.707070707,0,1,12.213017751,1,1,0,1,0,4.25,NA,61.7831207327671,-0.32168792672329,227.5,2.51428571428571,7.5703046821409,0.0647181952505578,1.09714474565722,14.5434505086188,1.16633239046526,0.972585425750095,1.78571500130244,0.575162472286406,12.2985028490076,7.51260936762818,4.10775742245817
"939","shhs1",203598,"C005537",2873,0,0,21.2731006160164,"censor",59,1,0,1,0,0,26.128610829,0,0,6.6547406082,0,0,NA,0,0,2,NA,45.6979110435055,-1.33020889564945,133,3.10714285714286,6.29957614102625,0.0267542104361536,2.03552686446679,18.3363332549256,2.13765616009781,1.86742145744869,3.13087900368493,0.924574175687429,14.6046792321882,12.3559458465065,7.64915713687242
"940","shhs1",205441,"C008295",3247,0,0,22.4312114989733,"censor",66,1,0,1,0,0,27.865949414,0,0,2.2826086957,0,0,0,0,0,1.75,29,71.658590386103,0.5658590386103,173,2.276,5.82546653346583,0.0899868943455553,1.38211668799124,10.3157973951865,1.46501527154494,1.21875486110096,1.52286853400817,0.631932277256394,17.3625868972803,5.12483801810599,5.55786703659374
"941","shhs1",205764,"C004433",2919,0,0,21.0677618069815,"censor",62,0,0,1,0,0,25.0594884,0,0,0.7614213198,0,0,0,0,0,3.25,30,53.6316089959115,-0.83683910040885,159,3.07758620689655,6.60103869905556,0.0414436605425308,1.2154762251256,15.2995265222939,1.28504193905761,1.14122172245276,2.74510396958504,1.61315121547589,16.7763277212643,11.0326869981991,10.4240932909785
"942","shhs1",202971,"C015403",3522,0,0,9.61533196440794,"death",69,1,0,1,0,0,27.450604871,0,1,9.7250361795,0,0,0,0,0,3.5,NA,70.1400416539427,0.11400416539427,55.5,1.38461538461538,4.71239080999473,0.106922159437946,0.873721254060636,14.504881137437,0.962212838864062,0.815714441047483,2.58879404022726,1.29668560422778,10.6720309153624,7.48613814363176,4.00778329257751
"943","shhs1",203852,"C010319",2791,0,0,12.0136892539357,"death",59,1,0,1,0,0,34.808163265,0,1,6.6331658291,1,0,0,0,1,1.75,NA,51.528293188979,-0.7471706811021,263.5,2.54625550660793,9.09685891996198,0.03184473496428,1.15441481730564,20.003533061234,1.25994787830077,1.09437038642341,3.27261922630382,1.51588042283869,24.1974835008507,8.82180724176243,6.11124654836336
"944","shhs1",203497,"C000834",2814,0,0,22.0561259411362,"censor",63,1,0,1,0,1,28.791215806,0,0,6.2195121951,0,0,0,0,0,4.5,26,60.9865530740101,-0.20134469259899,115.5,2.4390243902439,7.99826453958817,0.0738883128520022,0.849585596282817,12.8659457773795,0.910861577703024,0.787690773265688,2.36198728743172,1.01959217606133,16.3250311181376,9.14864098057916,7.23344789700159
"945","shhs1",205247,"C010050",3523,0,1,14.3956194387406,"dementia",69,0,0,1,0,1,32.293274116,0,0,5.2525252525,0,1,0,1,0,2.75,NA,73.4734016714889,0.44734016714889,198.5,3.12951807228916,7.71778897755411,0.0524225616748619,0.650401071539348,13.4524539468816,0.670970838336514,0.596770258909287,1.1708292687238,0.671525169688943,15.040354861271,2.16724962116088,1.70105231018756
"946","shhs1",205200,"C005518",3437,0,0,21.1800136892539,"censor",73,1,0,1,0,0,26.564087676,0,0,1.5384615385,0,0,0,0,0,2.75,29,79.2883342699009,0.62883342699009,128.5,1.30913348946136,5.8481455330345,0.124296481535735,0.805563979542949,8.23394652711894,0.857183213695357,0.753387136594288,1.25874281329653,0.478939418875074,14.0430750796307,6.34152481927624,5.50313442875235
"947","shhs1",203234,"C003559",2965,0,0,22.8911704312115,"censor",58,1,0,1,0,1,28.528934559,0,0,4.0927694407,0,0,0,0,0,3.5,29,60.4883002267718,0.24883002267718,144,1.87605633802817,6.30244494044001,0.0416527292361166,0.997413704773536,14.0948054822725,1.05131621772101,0.945211830217644,2.0594630784026,0.748053825799197,14.6924672050974,7.59501329982557,5.76998560829179
"948","shhs1",203082,"C009680",3682,0,0,21.9028062970568,"censor",56,0,0,1,0,0,18.98,0,0,0.5120910384,0,1,0,0,0,2.5,25,48.1764718353767,-0.78235281646233,92.5,3.2962962962963,10.691743641337,0.0552606984812028,1.34797873622421,20.9118459575415,1.48619117842579,1.21813406234697,3.56871517089231,1.62224405667572,18.1422963772322,7.14859590475941,4.46397197437681
"949","shhs1",203901,"C004444",2668,0,1,22.4476386036961,"dementia",62,1,0,1,0,1,22.96838346,0,1,0.7929515419,1,0,NA,0,0,2,30,69.5688961818575,0.75688961818575,281,2.27100840336134,6.13803786025568,0.159627883315088,1.01892846442221,12.7709820420979,1.15500882539861,0.973699554191394,2.41551801075764,1.12624459635856,15.8398825973371,5.98398468395314,4.84218492072013
"950","shhs1",205591,"C009655",3142,0,0,21.7713894592745,"censor",56,0,0,1,0,0,31.708551189,0,1,12.744827586,0,0,0,0,0,2,30,59.9939379888536,0.39939379888536,214,3.18633540372671,6.78253348676162,0.0590852659718605,1.22156547530493,10.7709842745563,1.37210130101614,1.15467125250606,1.86976669906744,0.895077933767826,16.0508623899735,6.61915221094976,6.21008961410033
"951","shhs1",205475,"C002930",3338,0,0,17.6208076659822,"death",65,1,0,1,0,0,26.318367347,0,1,5.7564575646,0,0,0,0,1,1.5,29,68.9315252673171,0.39315252673171,90.5,1.46325878594249,4.98197652712505,0.0629925378719031,1.38269672977566,14.428679591201,1.46690369241833,1.2588430318798,2.09171169859118,0.56497243312163,13.4004091862196,5.23932253312742,4.0734927561957
"952","shhs1",203459,"C006039",2895,0,0,15.3675564681725,"death",71,0,0,1,0,0,26.207959755,0,0,0.176730486,0,0,0,0,0,2.25,NA,78.0552825872074,0.70552825872074,142,2.69685039370079,4.21406900147375,0.0708383092781558,0.867861159044377,9.35931604744421,0.898977319113428,0.793084154733191,0.99376860553942,0.475447998356519,13.6865261274574,4.58387380209059,4.35625028630372
"953","shhs1",203005,"C010282",3729,0,0,20.5639972621492,"censor",61,1,0,1,0,1,33.768078512,0,0,15.145631068,0,0,0,0,0,2.75,30,57.0044823031947,-0.39955176968053,126.5,1.59681697612732,5.81327128216666,0.0576772257780987,1.64142592942602,23.1652542530657,1.94533353499521,1.55185441454962,4.5170032736646,1.9902168824512,24.4254685852545,6.80257014869774,5.55609072164935
"954","shhs1",205025,"C006430",3398,0,0,15.6030116358658,"death",63,1,0,1,0,1,37.723093564,0,1,56.398640997,0,0,0,0,0,2,NA,63.3363677877703,0.03363677877703,354,2.3134328358209,5.04505896645362,0.0631245705088467,1.43185723175889,12.8451985072165,1.5465697260187,1.31295737886198,2.19432765526391,1.0085402710439,10.8757204755362,6.2940391260247,5.7975120712202
"955","shhs1",203451,"C001135",2879,0,0,9.77138945927447,"death",56,0,0,1,0,0,29.752066116,0,1,2.693877551,0,0,NA,1,1,1.25,NA,68.6236837777445,1.26236837777445,50,1.58659217877095,5.86795221798241,0.0733348402627655,0.520773327508341,11.5999451324351,0.640795258038242,0.55502020312714,1.84235149744027,0.698217701196946,12.6585951734935,4.77206887944453,4.55189398566778
"956","shhs1",205540,"C011135",3119,0,1,10.5544147843943,"dementia",70,1,0,1,0,0,23.350935564,0,0,12.127659574,0,0,0,0,0,1.25,NA,70.0984373518769,0.00984373518768962,179,2.28611898016997,5.63961048363599,0.103664727122987,1.22735783558099,12.2586730496638,1.46779713541356,1.10670844053175,2.47729807771774,1.06115464004469,19.6111659221857,7.36708376990964,5.08545273780131
"957","shhs1",205214,"C012988",3269,0,1,18.299794661191,"dementia",57,0,0,1,0,1,34.894398531,0,1,38.246205734,0,0,0,1,0,1.75,30,66.3071250645861,0.93071250645861,165.5,3.05515587529976,5.61177922154366,0.137971018512537,0.480483367866308,17.1647228809945,0.559047990238659,0.486842203014503,1.56793178680041,0.535673658970812,12.5845969685428,6.33818567329745,1.19116619068879
"958","shhs1",205633,"C008271",3084,0,0,7.3264887063655,"death",63,1,0,1,0,0,27.865949414,0,0,3.0958230958,0,0,0,0,0,3.75,NA,61.304917293033,-0.1695082706967,327.5,2.88984881209503,5.42955707342446,0.0421981236779929,1.19626344613872,12.0379762273566,1.24046392068153,1.06483531045888,1.84321620800341,0.800097046525601,15.708209050037,8.6321962880227,6.2486988379421
"959","shhs1",202911,"C013309",3759,0,0,13.4976043805613,"death",62,1,0,1,0,1,28.075042938,0,1,0.2813599062,0,0,0,0,0,4.5,NA,57.5042177791285,-0.44957822208715,219,3.75492957746479,10.0425054204291,0.0450243307570812,0.789944244736536,14.9712745054508,0.848709953379862,0.750381021629419,1.78833523352508,1.24715523193657,21.7580881774794,7.56682573773989,6.31388998547313
"960","shhs1",205490,"C010962",3199,0,0,20.8432580424367,"censor",54,0,0,1,0,0,23.393686909,0,1,0,0,0,0,0,1,2.25,29,55.5781891968971,0.15781891968971,207,2.05483028720627,7.12256599375609,0.0452986217196331,1.40074269910338,15.8113370238618,1.50959539874742,1.27845426367009,2.57338882618893,1.29251791604824,16.6792816250931,6.3149443711552,5.70749988009826
"961","shhs1",203437,"C013392",2895,0,1,16.208076659822,"dementia",68,1,0,1,0,0,41.022592152,0,0,31.378763867,0,0,0,0,0,2.5,NA,81.8001145106051,1.38001145106051,81.5,1.4453125,4.00934073227163,0.0895721318337058,0.86047128616373,8.80565290843632,0.904864420132359,0.795616865482364,0.747085928611986,0.291418745476496,13.2087413822911,2.95766881952107,3.48309463029116
"962","shhs1",205114,"C013027",3652,0,0,21.8781656399726,"censor",55,0,0,1,0,0,26.451377338,0,1,1.5458937198,0,0,0,0,0,1.75,29,70.2606647470349,1.52606647470349,124,2.56989247311828,4.57228852776368,0.131675365450411,0.608708471622682,13.2422072897838,0.697018831714795,0.61693431775791,1.40887578759187,0.865101542463975,19.2838862691259,5.71503949431145,3.75829801163066
"963","shhs1",203727,"C012090",2728,0,0,21.6262833675565,"censor",55,0,0,1,0,0,23.323415752,0,1,0.4455445545,0,0,0,0,0,2,28,48.0983935019554,-0.69016064980446,205,2.76883116883117,8.45756964675254,0.048506074495487,1.4558609478078,16.5187162778231,1.60853389177488,1.31069700328504,4.10119213280253,1.83273205808474,17.074463417749,9.05198356908574,5.61754602115845
"964","shhs1",203335,"C014911",2915,0,0,10.5516769336071,"death",71,0,0,1,0,0,32.388355434,0,0,8.1997371879,0,0,NA,1,0,1.75,NA,66.0680220582025,-0.49319779417975,143,1.67857142857143,7.79274601598712,0.0455798562656726,0.874191963249261,15.8483469340272,0.926866584721099,0.803658736062286,2.15485472184125,0.737527899322136,11.101053894681,6.5938879055168,5.00870941512506
"965","shhs1",205573,"C001716",3298,0,1,15.3429158110883,"dementia",71,1,0,1,0,0,23.237256216,0,0,8.1218274112,0,0,0,0,0,1.75,NA,70.4490122062477,-0.0550987793752299,127.5,1.69358669833729,4.56409273183451,0.0818267498484359,1.36943266578161,10.4271274301947,1.49211670312998,1.20608583690425,1.37626760079701,1.26049884970152,14.4223418720482,7.34046758221632,3.05157209352588
"966","shhs1",204972,"C003763",3514,0,1,17.3360711841205,"dementia",68,1,0,1,0,1,39.767706098,0,1,2.7083333333,0,0,0,0,0,3.75,26.666666667,71.1374282567166,0.31374282567166,158,2.54973821989529,5.07126705567876,0.0872709535397682,1.14689092414352,13.9550110344272,1.20999208078297,1.05454923239525,1.90078073982402,0.626240023710106,13.3610600899262,5.33965745711465,1.22949556802812
"967","shhs1",203355,"C006913",2906,0,1,21.1745379876797,"dementia",67,1,0,1,0,1,28.673835125,0,0,18.079763663,0,0,0,0,0,2.75,30,70.0605524553004,0.30605524553004,235.5,3.05818181818182,5.17675280792175,NA,NA,16.6091739921848,NA,NA,2.11455495795907,NA,17.4835141361897,4.80821551974819,NA
"969","shhs1",203283,"C004400",2938,0,0,18.8199863107461,"death",67,1,0,1,0,0,28.603514335,1,1,2.009569378,0,0,0,0,1,4,28,71.0569702481409,0.40569702481409,149.5,1.38980263157895,6.8005539743338,0.0793917777782282,0.827989672818413,10.1660577225037,0.89429881323094,0.793675418217524,2.05571048227819,0.703397216848212,12.3054664024316,6.03709889081417,5.24846753755283
"970","shhs1",203305,"C001102",2890,0,0,17.1362080766598,"death",69,1,0,1,0,1,29.47845805,0,1,8.1748071979,1,1,0,0,0,3.75,NA,65.7252960837152,-0.327470391628481,166,2.75988700564972,6.1100131631684,0.0635272673540901,0.775213461140186,15.3827664468223,0.864642175070885,0.718031202264651,2.62406702692128,1.73272563426695,15.3492702282287,6.94971428070282,4.39183450918718
"971","shhs1",203777,"C013722",2743,0,1,16.3203285420945,"dementia",70,0,0,1,0,0,34.609838167,0,0,3.367003367,0,0,0,0,0,2.75,NA,69.0520680005766,-0.0947931999423403,177,2.82843137254902,6.50444846003266,0.0488376723849785,0.759191375265482,7.56176957209215,0.870825975626925,0.718832067751647,1.34772029026548,0.55756793567428,21.8939467482579,9.59867309310385,5.05406318608831
"972","shhs1",205042,"C013272",3360,0,1,19.2525667351129,"dementia",64,1,0,1,0,0,26.983303318,0,1,3.989769821,0,0,0,0,0,4.5,25,61.4243901239095,-0.25756098760905,146,1.49180327868852,6.75484957999435,0.0762894157925957,1.23726568770586,19.4137060518032,1.38663877144073,1.12879968609251,3.30651059895039,1.71256215072507,10.8511171468126,5.25363084437503,4.35807164996321
"973","shhs1",203689,"C011823",2874,0,1,14.8035592060233,"dementia",70,0,0,1,0,0,25.838292931,0,0,0.5933250927,0,0,0,0,0,1.25,1,68.3424430574331,-0.16575569425669,197,2.3,4.699732913965,0.0439232655531935,1.23271794123313,14.2424810729648,1.31176850112691,1.11635748496496,2.65633517970033,1.1590181251577,16.2133699468888,6.42872882471368,5.56071468466408
"974","shhs1",203076,"C004843",3640,0,0,21.8507871321013,"censor",60,0,0,1,0,0,35.174227482,0,0,11.191709845,0,0,0,0,0,1,26,68.9440818760945,0.89440818760945,192.5,2.74264705882353,5.95213610762503,0.0666608725329468,1.03837276619145,10.4546846801442,1.12275839371513,0.92829461467654,1.87004617018009,0.564013296800418,24.0644278664371,5.73539096796633,4.45703091100272
"975","shhs1",203653,"C013491",2732,0,0,21.5030800821355,"censor",63,0,0,1,0,1,31.800208117,0,0,2.0408163265,0,0,NA,0,0,3.25,29,52.5105902586134,-1.04894097413866,96,1.80526315789474,7.70780208419401,0.0307916667322004,1.2140058026581,16.2839731206941,1.2825799562968,1.05846396109459,5.11263373618996,2.44472344263308,13.1333971942359,9.22744762230578,6.97793317578458
"976","shhs1",203502,"C002819",2868,0,0,22.7734428473648,"censor",56,1,0,1,0,0,34.349173554,0,0,5.8895705521,0,0,0,0,0,3,27.6,64.8270306384612,0.88270306384612,35,0.380530973451327,5.58723122793258,0.122763278365653,0.949823750145195,13.8936748390686,1.00753325628541,0.91113547077962,1.7668568700379,0.880380476842864,8.01835449287585,7.24085130511071,6.72766152752906
"977","shhs1",203859,"C011787",2981,0,0,20.6050650239562,"censor",58,0,0,1,0,1,29.176948759,0,0,1.3015184382,0,0,NA,0,0,2.75,29,52.0061009723919,-0.59938990276081,163.5,1.42826552462527,6.79860903529251,0.0463340204184897,1.54813587002092,25.2310001863427,1.79527991941335,1.49043452751935,4.69814899923212,1.42357286587396,15.4815303500768,6.91562965344412,4.73933833091015
"978","shhs1",205700,"C013619",3044,0,1,14.8254620123203,"dementia",59,0,0,1,0,1,24.034566568,0,0,0.7471980075,0,0,0,0,1,2,NA,57.4513447148985,-0.15486552851015,75.5,2.60666666666667,7.11986369815071,0.0469413946551302,1.35887309029705,11.4695183745474,1.64091016015664,1.28998116055764,1.98545165079628,1.19708144866313,19.2326437136641,8.69447618370439,6.37596494501576
"979","shhs1",203277,"C003998",2918,0,0,23.1321013004791,"censor",66,1,0,1,0,1,26.489628749,0,0,7.8589420655,0,0,0,0,0,4,29,64.110348072065,-0.188965192793501,247.5,2.71868131868132,5.47457845183988,0.0559370999751654,1.1161165044636,19.6165480962345,1.20728279371315,1.05767487373019,3.25050573195744,1.0374964819148,16.0511700978466,6.14269612391984,7.57050378841442
"980","shhs1",203673,"C012296",2800,0,1,9.16632443531828,"dementia",72,1,0,1,0,1,18,0,0,0.5669291339,0,0,0,0,0,4,NA,80.1481398072723,0.81481398072723,88.5,1.32710280373832,3.99785764521719,0.0883900810218949,0.756979161451496,13.07436166869,0.794770524472256,0.706808957466402,1.72616607385516,0.918705999158819,12.5462255019386,3.47220684885322,3.55830105581025
"981","shhs1",205323,"C006883",3209,0,0,22.8309377138946,"death",67,1,0,1,0,0,28.473469388,0,0,12.267657993,0,0,0,0,0,2,27,63.0605925327404,-0.39394074672596,202.5,2.90294117647059,8.45991868392764,0.076039608178712,1.05643384101847,14.194413447913,1.09942325399507,0.987055438641776,2.27275088013533,1.0437971512553,18.7237432354958,7.80531168283005,6.312989176335
"982","shhs1",205396,"C000359",3224,0,0,21.9575633127995,"censor",65,1,0,1,0,0,27.764650284,0,0,45.891089109,0,0,0,0,0,2.25,26,61.316076945466,-0.3683923054534,118.5,1.2827868852459,6.50508740485798,0.0912400812216615,1.33433307580116,20.5747260138507,1.44422629616761,1.25082212506914,4.2955793177181,1.67709352789841,15.9368149773776,7.27358516882334,7.73519144930617
"983","shhs1",203758,"C000395",3120,0,0,20.1533196440794,"censor",56,1,0,1,0,1,27.197231834,0,0,11.921824104,0,0,NA,0,0,3.5,NA,57.3542223580516,0.13542223580516,181.5,2.22588235294118,5.6594918335009,0.0366801999472001,1.14858672925923,13.0903956610951,1.24163982979806,1.03372025974252,2.01404536160511,0.96756364241476,12.358828774137,8.01083856990795,14.1582210317635
"984","shhs1",203168,"C007308",2990,0,0,22.0999315537303,"censor",55,0,0,1,0,1,25.839431392,0,0,0.2752293578,0,0,0,0,0,2,30,51.1359397823834,-0.38640602176166,361.5,3.49542961608775,6.99729912015359,0.044402270713887,1.04263707130547,16.6935779633786,1.09963706986577,0.947482450218527,3.92521591836905,1.64655697590769,20.5267790376149,9.4800657334375,6.31395651100272
"985","shhs1",203182,"C003787",3005,0,0,2.89390828199863,"death",60,0,0,1,0,1,35.256410256,0,1,0.9375,0,0,0,0,0,3,NA,61.0661546616047,0.10661546616047,62,2.36666666666667,4.28160697478239,0.055849128703325,0.694365471669626,20.4052231018103,0.725052765453871,0.645212316241269,3.21074383785721,1.36302583760186,12.7987050301603,7.64960352980268,6.52318061258896
"986","shhs1",203388,"C003047",2870,0,0,22.4640657084189,"censor",62,1,0,1,0,1,23.163373273,0,0,11.383399209,0,0,0,1,0,2.75,29,73.2204580462053,1.12204580462053,272,3.10223048327138,3.86800029147423,0.0682485557836684,0.552656598462708,10.0084773625957,0.617436354098636,0.536842131174577,1.25411027441332,0.755540861374879,12.2258339632765,4.07433480051442,3.62049597288446
"987","shhs1",205136,"C007806",3318,0,0,22.8665297741273,"censor",61,0,0,1,0,0,33.096240383,0,1,5.6193353474,0,0,0,0,0,1.75,28,67.7449874475118,0.67449874475118,148,1.88724035608309,5.49392634804939,0.0658998483128037,1.14074957527446,13.5028010005674,1.22432297952463,1.04491850038382,2.21667770545246,0.953992668966461,16.8625955119112,4.81485553265927,3.66023747620072
"988","shhs1",203778,"C009551",2743,0,1,15.0034223134839,"dementia",72,1,0,1,0,0,34.472145275,0,1,40.563380282,1,0,NA,0,0,2.25,NA,67.2542794482783,-0.47457205517217,313,3.51890756302521,6.35243578447692,0.031500550535011,0.861446525588301,10.0594860896585,0.898987781502118,0.801864268008685,1.48558216651944,0.562311147906035,19.167826444323,9.17694810814833,9.41404674470081
"989","shhs1",203223,"C006834",2948,0,1,17.0622861054073,"dementia",61,1,0,1,0,1,37.923875433,0,0,52.635814889,0,0,0,0,0,1,29,69.9340493304323,0.89340493304323,NA,NA,NA,NA,0.0111668199126679,NA,0.0111771178348739,0.0111600675096702,NA,0.485186354940612,NA,NA,7.67066642678229
"990","shhs1",203755,"C014804",2693,0,0,21.7494866529774,"censor",52,1,0,1,0,1,30.310348992,0,0,3.579766537,0,0,0,0,0,3.5,NA,59.9888318539741,0.79888318539741,242.5,1.45794392523364,6.08694468288896,0.0704165008517297,0.663509497264995,9.90288715003925,0.739768313420251,0.626946313023273,1.07242678627487,0.966488143757415,9.36291619182702,7.55118814463474,2.87939692996056
"991","shhs1",203412,"C008060",2953,0,0,22.8856947296372,"censor",59,1,0,1,0,1,31.875438538,0,0,11.575091575,0,0,0,0,0,3,29,59.4164713287664,0.0416471328766399,372.5,3.24055666003976,5.42543084582475,0.0576434475031105,1.08675351293641,12.4388001524801,1.1661410221796,1.00723252180162,1.92009526208981,1.07095648810264,15.5177114893882,8.44919694972789,8.09653231755448
"992","shhs1",203153,"C014792",3017,0,0,22.7898699520876,"censor",56,0,0,1,0,1,26.769779893,0,1,1.6490486258,0,0,0,1,0,3.75,NA,59.5575408423988,0.35575408423988,250,2.75213675213675,4.69749460890235,0.0186751985118969,0.967993519297159,14.5971359716178,1.00422489409479,0.849565639444033,2.17759842093613,1.39612218886529,14.4756839131681,6.04721931045433,4.95085582828842
"993","shhs1",205494,"C013615",3234,0,0,14.1464750171116,"death",72,1,0,1,0,0,30.589476247,0,1,11.534883721,1,0,0,0,0,2.5,NA,77.2922636800881,0.52922636800881,124.5,1.65094339622642,5.48819923137944,0.0980492439370616,1.01596759188089,9.42675102185738,1.25636585409757,1.04570269405797,1.89798914974749,0.543018875021086,13.0368804226589,5.01088908266239,5.47382648581553
"994","shhs1",203726,"C011315",2728,0,0,21.6262833675565,"censor",55,1,0,1,0,0,31.30142502,0,0,1.1750305998,0,0,0,0,0,1.75,30,57.7773642490562,0.27773642490562,269,2.5,5.94425946909168,0.0446514250073194,1.49657033983461,17.6681320524711,1.58614332448032,1.39365154645326,2.99999315146876,1.09806067942424,16.9775995390641,5.28255046739072,5.29580160527932
"995","shhs1",202903,"C005855",3830,0,0,22.1026694045174,"death",59,0,0,1,0,0,45.681366384,0,0,20.269058296,0,0,NA,1,1,2,NA,59.2242102055548,0.0224210205554797,119,2.36807817589577,6.77889447659985,0.0374750291803704,0.88715877832002,23.0531697973227,0.975302280017891,0.85407342292492,2.99833083366718,0.795889579942608,16.2319068219884,5.55590426106445,3.87436250697834
"996","shhs1",203694,"C012260",2777,0,0,21.4127310061602,"censor",61,1,0,1,0,0,37.639274679,0,0,9.118046133,0,0,0,0,0,2,28,63.1301636107765,0.21301636107765,205,2.22043010752688,5.53345717501421,0.079538282762573,1.15844185969094,20.9190837669559,1.35668969382943,1.19571178772192,3.92094097789052,1.02691498501568,19.2314769167959,5.94835701384609,5.18718826096434
"997","shhs1",205190,"C007602",3409,0,1,15.7125256673511,"dementia",64,0,0,1,0,0,28.827530291,0,0,4.2172523962,0,0,0,1,0,1.25,26,55.3316458759031,-0.86683541240969,186.5,2.05263157894737,7.413358972651,0.0372489974561767,1.02241973688398,15.7682800885967,1.06185179929134,0.940220863229825,2.89540953080007,1.56702516395608,14.9815031115068,10.4554310540825,10.2348963065792
"998","shhs1",205047,"C009007",3289,0,1,15.9726214921287,"dementia",71,0,0,1,0,0,26.120666943,0,0,9.0465631929,0,0,0,0,0,2.5,NA,70.1376377279123,-0.0862362272087694,190.5,2.34965034965035,5.6292216332571,0.0529545499596935,1.1538277829606,13.8554322165801,1.23928851867784,1.02536376284002,1.59898190375594,0.865324994150879,16.6967859371554,5.83491667992416,4.29087469134516
"999","shhs1",203311,"C015552",2960,0,0,22.7871321013005,"censor",54,0,0,1,0,0,27.407657278,0,0,2.6845637584,0,0,0,0,0,2,30,51.1697998529915,-0.28302001470085,308,3.21090047393365,9.14787150680506,0.0588129836781642,1.15926574010556,18.4551740960642,1.23805557638369,1.03633188134497,3.46970621363202,1.48646305273173,15.9872540029613,6.48211194867024,4.86449910570078
"1000","shhs1",203272,"C007011",3557,0,0,21.4127310061602,"censor",60,1,0,1,0,0,28.400547964,1,0,9.2825112108,0,0,0,0,0,2.75,29,64.2801580545304,0.42801580545304,131,0.89171974522293,5.92535077365262,0.0746416888923318,1.39303642057212,12.8625342266684,1.53968026483302,1.25747703176133,2.01981135705075,1.08379212887798,8.35831595914791,4.96904544170469,3.54519626531244
"1001","shhs1",205694,"C012814",3132,0,0,21.533196440794,"censor",59,1,0,1,0,0,28.77067987,0,0,4.470314319,0,0,0,0,1,1.25,25,55.9382490479661,-0.30617509520339,280.5,3.00928792569659,6.00348213532289,0.0457520013723309,1.67694167685472,14.532082855086,1.7768104247349,1.57614199125554,2.13736340452249,0.884314941526629,14.7086097802847,8.19012696295983,7.2132468494078
"1002","shhs1",203498,"C014987",3074,0,0,8.1368925393566,"death",70,1,0,1,0,0,33.245347322,0,1,38.873239437,0,1,NA,0,1,3.75,NA,71.7071320665423,0.17071320665423,132.5,2.54202898550725,4.84508536957597,0.0621130075334575,0.955963450463301,16.7240310457473,1.00526641029081,0.849716715824039,1.84908659027522,0.874084634877109,11.4506711932506,4.09500159096139,2.41389008715562
"1003","shhs1",203294,"C000214",2958,0,0,21.7221081451061,"censor",57,0,0,1,0,0,24.234110654,0,1,8.4297520661,0,0,0,0,0,3.5,NA,42.8296686425679,-1.41703313574321,236.5,3.51940298507463,10.4419673935452,0.0338709727745473,1.67958167195069,17.4562822946419,1.75922169755203,1.46219688352187,3.71820476837579,1.48099709432805,19.899500012484,11.0383032556977,7.38183126792823
"1004","shhs1",205446,"C009645",3266,0,1,15.1321013004791,"dementia",62,0,0,1,0,0,24.709057177,0,0,1.7300131062,0,0,0,0,1,3,23,67.5990588140301,0.55990588140301,126,2.47892720306513,5.8024084230932,0.087146530870473,1.06416754791282,15.4415066092884,1.20411241405305,1.0262576605012,2.12819407905531,0.784856222925531,22.1378767584485,6.28070624441961,5.69860400573825
"1005","shhs1",202917,"C007842",3738,0,0,7.30732375085558,"death",71,0,0,1,0,0,28.755316346,0,0,1.5023474178,0,0,0,0,0,2.75,NA,65.3596416084084,-0.56403583915916,225,3.54081632653061,7.77418144433994,0.0320568642225865,0.490306012925292,11.928191696293,0.534534170716602,0.463618991429256,0.17030445477609,0.118717700652324,5.10332524181625,7.49097468753208,4.82228253309594
"1006","shhs1",205215,"C015096",3275,0,0,14.0917180013689,"death",59,1,0,1,0,0,31.057486674,0,1,2.1333333333,1,0,0,0,0,2.25,NA,62.7472610920052,0.37472610920052,82.5,1.25210084033613,3.52285048799731,0.0448055671109557,NA,12.0519638777782,NA,NA,2.95945275604581,NA,11.2106121677606,8.25432909092829,NA
"1007","shhs1",205022,"C007040",3390,0,1,19.5865845311431,"dementia",64,0,0,1,0,0,22.976066597,0,1,6.0162601626,0,0,0,0,0,2.75,NA,60.6798470743053,-0.33201529256947,86.5,1.53080568720379,5.77614855096465,0.0545706097492344,1.1131168565521,15.9757965756476,1.1650999340391,0.994130057423429,3.21944249025263,1.56338546741496,12.9972242896944,8.38978080969865,6.65681393106318
"1008","shhs1",203745,"C000978",2689,0,1,7.81108829568788,"dementia",65,1,0,1,0,0,40.288279773,0,0,23.806451613,0,0,0,0,1,2.25,NA,67.0646372382828,0.20646372382828,112,1.20923913043478,5.28952757061317,0.0511043422945637,1.23791203715339,15.9686228269112,1.36930121666975,1.0559513487591,2.17862558905256,0.566658719038962,9.72104776549252,4.97566183865429,5.27231180378981
"1009","shhs1",203524,"C006097",2870,0,0,21.5058179329227,"censor",54,0,0,1,0,1,24.322512688,0,1,1.0135135135,0,0,0,0,0,2,27,51.7406404276385,-0.22593595723615,228.5,3.92307692307692,10.2135214094387,0.0544442511786998,0.88113938215422,17.9412231217524,0.995614931208789,0.878141772126977,2.38504616898448,0.739338967869359,18.8817753857529,7.54421781983776,5.4137760511738
"1010","shhs1",203188,"C010551",3003,0,1,17.1800136892539,"dementia",69,0,0,1,0,1,23.929279073,0,1,4.7706422018,0,1,0,1,0,3,NA,68.672026273615,-0.0327973726384997,113.5,1.83935742971888,5.3622315717356,0.0785503334054704,0.595260147823211,12.7376782810134,0.6356582557985,0.561038099477759,2.90814711658997,2.19152362392548,6.13376561623835,5.95596864982249,5.70836849753175
"1011","shhs1",203073,"C010517",3744,0,0,20.2628336755647,"censor",70,0,0,1,0,1,28.086260331,0,0,0,0,0,0,1,0,3.25,NA,80.621079697206,1.0621079697206,101.5,1.76266666666667,3.93040444750724,0.0606174527172019,0.79117914630658,5.43917271054221,0.860945973847452,0.67360952506097,0.934154639089651,0.313715987728697,18.3878205852276,5.28488570293131,3.24618375697035
"1012","shhs1",203109,"C009843",3011,0,0,22.1848049281314,"censor",68,0,0,1,0,0,22.977394408,0,0,10.186046512,0,0,0,0,0,2.25,28,75.7367756710311,0.77367756710311,128.5,1.49142857142857,3.58165444702747,0.0987127844051504,0.666559018222377,13.4220463093851,0.713831004714485,0.629025007612641,1.53504155394221,0.7821722828348,15.9743414006359,6.47891195249892,4.35321083218231
"1013","shhs1",205032,"C007280",3357,0,0,22.3655030800821,"censor",71,1,0,1,0,1,25.56495392,0,1,14.459320288,0,0,0,0,0,1.5,27,70.7293019636583,-0.0270698036341699,277,2.21991084695394,4.0286526344846,0.0479982123578799,NA,10.976456698337,NA,NA,1.75559700721405,NA,11.443959465436,7.07380602664305,NA
"1014","shhs1",203009,"C001144",3784,0,0,21.5989048596851,"censor",71,0,0,1,0,0,21.141159677,0,0,3.9160839161,0,0,0,1,0,3.25,28,70.3650573823517,-0.0634942617648306,170,3.83679525222552,6.74065206001253,0.0351619615807463,0.958374886394186,11.8076020555476,1.0806706786013,0.950944416562277,1.22365803715418,0.703058689482407,21.9451408820083,5.89882216886133,6.11217517108626
"1015","shhs1",203590,"C000981",2892,0,0,21.2402464065708,"censor",57,0,0,1,0,0,28.804413972,0,0,1.0880829016,0,0,NA,0,0,2.5,NA,50.6774358033513,-0.63225641966487,181,3.19335347432024,7.57715345562746,0.0448096549930833,1.02799110453051,15.5623243963886,1.13251893777913,0.932950870918674,3.62327846808289,1.28443499763536,17.6799991829243,11.2091735254039,9.60662155311221
"1016","shhs1",205758,"C014039",2932,0,0,21.2731006160164,"censor",56,0,0,1,0,0,27.398751633,0,1,3.6036036036,0,0,0,0,0,1.5,29,67.7970270512567,1.17970270512567,99,1.9023569023569,4.70462948873641,0.0700816075354238,1.04646837032873,11.5350457961324,1.20036920387352,0.998558553801788,1.42690440030953,0.558618121957358,16.4656634536296,5.15379578325656,3.47201761499723
"1017","shhs1",205471,"C002974",3209,0,0,5.06502395619439,"death",66,1,0,1,0,1,25.555555556,0,0,12.173913043,0,0,0,0,0,4,NA,66.8125027352444,0.0812502735244394,171,1.94497607655502,4.75957161195377,0.0649858021369152,1.23343692829079,11.73993358843,1.3124696279816,1.13896696348324,2.05406738118376,0.782028133580453,13.1321993440671,7.74980298311505,4.8029252827076
"1018","shhs1",203371,"C009841",2881,0,0,23.4633812457221,"censor",54,1,0,1,0,1,31.314566116,0,0,25.568627451,0,0,0,0,0,2.75,25,63.2630567314692,0.92630567314692,173,1.75730337078652,5.24926455242454,0.0734720937324856,0.806439136584275,14.1751994855857,0.860435743315562,0.737575102944455,2.05896639685124,1.55415046598404,11.7731358551219,4.81399834363357,4.91017800671358
"1019","shhs1",205646,"C005185",3092,0,0,21.5003422313484,"censor",56,0,0,1,0,1,38.335067638,0,1,23.945578231,0,0,0,0,0,1.75,29,64.2936040099124,0.82936040099124,88.5,3.3,6.48799839995085,0.128093270791717,1.19255120955486,11.4227583022952,1.44125301827227,1.16455848299607,1.91134573677744,0.53277854486677,15.8096326484926,6.5510786878799,4.25976476181394
"1020","shhs1",203889,"C002966",2722,0,0,22.590006844627,"censor",59,0,0,1,0,1,29.859223498,0,0,0.7853403141,0,0,NA,0,0,2.75,NA,45.6340597813817,-1.33659402186183,210.5,3.44171779141104,12.3190909146843,0.0379356570716783,1.47975329203541,18.8447819610753,1.59653220822594,1.339435588075,4.0434583772473,1.38344210833242,19.4871862717939,8.66321467651,6.3613321612332
"1021","shhs1",205408,"C004664",3285,0,1,15.6084873374401,"dementia",66,1,0,1,0,0,31.976744186,0,1,14.210526316,0,0,0,0,0,3,21,62.1013219350461,-0.38986780649539,119.5,2.95693779904306,6.86066466799578,0.0402775510741476,1.28231010498184,9.38206109993578,1.46326219200648,1.18030445379546,2.20645261244548,0.949229711997783,21.5456865638898,9.72800075994939,9.06367189864848
"1022","shhs1",203006,"C015010",3653,0,1,18.5023956194387,"dementia",67,0,0,1,0,1,43.19598338,0,0,15.781637717,0,0,0,0,0,3.25,30,69.243707543475,0.2243707543475,152.5,1.8905325443787,5.0873077896843,0.051552860529692,0.987429014763493,13.5709126062774,1.11181891991829,0.919469250708429,2.05213787769164,0.925428281166297,13.4720864899097,5.5866969707413,3.82366063031137
"1023","shhs1",205130,"C013177",3332,0,1,8.19164955509925,"dementia",69,1,0,1,0,0,23.458626284,0,0,0.8075370121,0,0,0,0,1,1.5,NA,63.8897555844974,-0.51102444155026,223.5,2.69343065693431,5.86130623152481,0.0560077516706167,1.41475086392757,13.5133175538155,1.50512519449345,1.2894737655118,1.81331130131391,1.41762081539612,16.5038595515152,7.69296161259013,6.68490414515638
"1024","shhs1",202960,"C006800",3860,0,0,12.5913757700205,"death",66,0,0,1,0,0,26.71875,0,1,1.0169491525,0,0,NA,0,0,3.25,NA,63.2373484402241,-0.27626515597759,221,2.54380664652568,5.42951193717455,0.0214930172813313,0.807804543991967,12.5811010028442,0.834628770812084,0.742265733702715,0.742171104717132,-0.0597000941879652,4.45718261244919,8.55818156924922,7.20278146436549
"1026","shhs1",205183,"C002777",3314,0,0,21.6618754277892,"censor",63,0,0,1,0,1,30.266299357,0,0,59.358974359,0,0,0,0,1,3.75,26,61.8914104999635,-0.11085895000365,214.5,2.0936170212766,5.45607836485584,0.0901837257202138,0.985671017351818,15.8280839411756,1.31600688429248,0.990235715291479,2.59599232069533,2.08996893805462,17.2283036753194,7.66448283216798,5.01445686823625
"1027","shhs1",205156,"C011944",3281,0,1,17.6947296372348,"dementia",70,1,0,1,0,0,27.358634355,0,1,3.0222222222,0,0,0,0,0,3.25,22,74.8303854950529,0.483038549505289,194.5,2.74489795918367,7.62748009773071,0.134441321125622,0.812077833028121,7.74609517235561,0.934652601441744,0.71429751993623,1.33268548023934,0.390292910028103,13.4165481702581,5.81071856037476,2.95082755478891
"1028","shhs1",203046,"C004159",3793,0,0,20.9555099247091,"censor",55,0,0,1,0,1,29.065743945,0,0,3.0463576159,0,0,0,0,0,3,30,41.5177239412093,-1.34822760587907,416,2.86629001883239,10.1892889090143,0.0457302145415581,1.66162155778406,26.4259091799941,1.97196932167746,1.56737204398248,6.67132814109723,3.62529354944768,19.943691046013,7.79985285927573,6.44875748217311
"1029","shhs1",203257,"C010339",2954,0,0,23.5509924709103,"censor",58,1,0,1,0,1,25.622694386,0,0,7.3555166375,0,0,0,0,0,2.5,30,62.1282079955425,0.41282079955425,77.5,1.40092165898618,5.29254666288059,0.0728975385884622,0.815607620462436,14.3006423150994,0.900147232769697,0.76308206681434,2.06855288985728,0.702984357406548,8.23773860968558,8.07498510658688,6.54852978384363
"1030","shhs1",203039,"C000038",3700,0,0,21.4811772758385,"censor",56,0,0,1,0,1,39.704313367,0,0,4.5360824742,0,0,1,1,0,1.75,30,55.3425600021711,-0.0657439997828902,144,1.93560606060606,6.10181681132805,0.0327018369282954,1.0484054733028,16.2713432412088,1.18054202794299,1.02708097983589,2.91304869469792,2.00480507566593,13.8330576906432,7.25314651218224,6.62207893488487
"1031","shhs1",203592,"C001063",3243,0,0,21.0075290896646,"censor",63,1,0,1,0,0,27.407407407,0,0,21.360544218,0,0,0,0,0,1.75,27,47.671751623249,-1.5328248376751,425.5,3.42798353909465,7.42789368008515,0.0382780275253336,1.83857945383063,9.91603258862552,1.96101407382432,1.60864191663362,2.38967997884189,0.585265959263137,18.3447579067162,15.1810869870066,10.7940473908036
"1032","shhs1",203448,"C006551",2904,0,0,23.088295687885,"censor",54,0,0,1,0,1,25.979482511,0,1,0.3428571429,0,0,NA,1,0,2.75,30,52.5123672996096,-0.14876327003904,165,2.57407407407407,5.01311767109332,0.0357960197621354,NA,16.8205805849617,NA,NA,2.41518521865767,NA,15.499722998532,9.66062794490771,NA
"1033","shhs1",203674,"C008261",2943,0,0,21.1060917180014,"censor",57,1,0,1,0,0,28.88815939,0,0,3.4716981132,0,0,0,0,1,1.75,30,55.174164007499,-0.1825835992501,385,3.35130718954248,8.49824097825345,0.0713829280863914,1.28327607180177,16.7248759268918,1.42756584159745,1.21277706749152,2.42152449508738,1.04606684086437,21.1088621404557,7.18122806996882,3.61776678498179
"1034","shhs1",203960,"C012336",2755,0,0,16.8268309377139,"death",59,1,0,1,0,1,27.016790809,0,0,1.426448737,0,0,0,0,0,3.75,27,51.3594102947043,-0.76405897052957,287.5,3.61259079903148,5.75610759692715,0.0431757894336407,1.28969093665884,13.0473277392028,1.49829964522369,1.18988827800603,2.77379463299291,1.17292199008396,16.8687617582182,12.1597891500477,7.81587231499542
"1035","shhs1",202952,"C014375",3808,0,0,21.596167008898,"censor",60,1,0,1,0,1,31.941452071,1,0,0.8333333333,1,0,0,0,0,2.25,NA,56.7024279883956,-0.32975720116044,247.5,1.92808988764045,10.5389458692689,0.0575502370310283,1.11764141782768,16.7941387664282,1.19040051840126,0.964988993216054,2.64883864035664,1.38623933362369,13.0214701822956,4.77659202145894,3.5258929691098
"1036","shhs1",203769,"C012592",2701,0,0,9.4072553045859,"death",69,1,0,1,0,0,30.577204455,0,0,24.40060698,0,1,NA,0,0,1.75,NA,73.3523391554797,0.43523391554797,187.5,2.38805970149254,4.81295222221152,0.0807770134408466,0.933995308482052,11.3542138683554,0.990138157879905,0.871971702266144,1.41971065364132,1.17323470083403,17.3851564949537,5.9591692321703,8.75109351706381
"1037","shhs1",203510,"C008086",2856,0,1,22.7707049965777,"dementia",69,0,0,1,0,0,27.39091856,0,1,1.2558139535,0,0,0,0,0,2.5,30,74.3201057763727,0.53201057763727,153,2.2159383033419,6.02742505910091,0.084750864200459,0.758898969341055,13.4719058993424,0.799302195269394,0.686855070074034,1.21459004034692,0.663723789502944,14.4481891390702,4.32626229855066,2.67707998984368
"1038","shhs1",203061,"C005846",3695,0,0,21.0075290896646,"death",67,1,0,1,0,1,25.152414696,0,0,5.0495049505,0,0,0,0,0,1.75,30,65.8912011445307,-0.11087988554693,135.5,2.17543859649123,4.36977937102708,0.0414084222648688,1.16295444261096,12.1425914383115,1.2102639164616,1.05260991290563,1.56448701139763,0.826676324625153,11.5086592019178,8.08747755475684,6.03388040515481
"1039","shhs1",205354,"C006265",3474,0,1,16.72553045859,"dementia",66,0,0,1,0,1,24.84098009,0,0,2.9596412556,0,0,0,0,0,2.25,21,70.3808474105158,0.43808474105158,208.5,2.03544776119403,4.52823544264894,0.0403658371573566,1.31504219163429,9.19217869905082,1.36729945153723,1.14817506840594,1.10290321782795,0.716399764023276,15.559106997879,5.56508450094993,3.8991208255703
"1040","shhs1",203025,"C007777",3826,0,0,12.8843258042437,"death",71,1,0,1,0,1,27.769797951,0,0,30.414746544,0,0,0,0,0,3.25,NA,67.9014297629583,-0.30985702370417,88,2.09459459459459,5.30421878496322,0.0392843672848594,1.41431874216562,11.457165503954,1.58547424773131,1.2716773721671,2.18646408985883,1.06090553464875,16.1652761737969,7.09408110522169,5.1151870416537
"1041","shhs1",203679,"C004311",2793,0,0,21.4839151266256,"censor",59,1,0,1,0,1,30.463050578,0,0,1.8136020151,0,0,0,0,0,2,29,60.8229219311131,0.18229219311131,189.5,3.15017064846416,5.83806342891101,0.081995858692169,1.04897427961269,14.0120372039564,1.18043303586769,0.97506271571413,2.16730312524752,1.10369583381344,19.3873464512197,8.48912673596446,5.473082488148
"1042","shhs1",205086,"C008568",3358,0,0,11.0800821355236,"death",67,1,0,1,0,0,29.098956269,0,1,4.3260188088,0,0,0,0,0,3.5,NA,65.67379417675,-0.132620582325001,144,1.30921052631579,10.2939620218971,0.0637930252221166,1.18839835985945,11.3937100230827,1.23803671724527,1.08847980817133,1.95231678579153,0.702988361346505,11.8496088653632,4.85407114013049,4.65984662738641
"1043","shhs1",205258,"C012711",3292,0,0,10.0944558521561,"death",60,0,0,1,0,1,36.640625,0,1,2.96875,1,0,0,0,0,3,NA,55.2212950736894,-0.47787049263106,236.5,2.46038543897216,6.09275796682667,0.0504818312200467,1.24853234859346,17.6272814168112,1.34797619438594,1.15274615091557,3.27580037714624,2.31067422272887,19.6743003974133,8.54141398148751,9.00764035393768
"1044","shhs1",205730,"C004360",3023,0,0,19.668720054757,"death",54,1,0,1,0,1,27.579601004,0,0,2.1195652174,0,0,0,0,1,3.5,30,53.1035866886837,-0.0896413311316302,217,3.35763097949886,7.49912929289766,0.0485560634484854,1.91860752108858,16.1645799612346,2.11313173569978,1.80671400987485,2.44663166761571,0.699623715839013,19.2535688063545,6.65137343471088,4.77548272088402
"1045","shhs1",203677,"C005478",2795,0,0,22.2094455852156,"censor",66,1,0,1,0,1,23.649556571,0,0,3.2101910828,0,0,0,0,0,1.75,30,65.9539486621751,-0.00460513378249061,177,1.77777777777778,7.92592651464448,0.0515643908396954,0.908071824310852,17.7972989904066,0.964303671363889,0.837665849392291,3.34935711877205,1.66732509594402,20.5372082179733,4.27940693940315,3.58042257385611
"1046","shhs1",203220,"C007077",3015,0,0,16.3449691991786,"death",69,1,0,1,0,0,27.036734694,0,1,15.594059406,0,0,NA,0,0,1.25,NA,58.712108273884,-1.0287891726116,372,3.30939226519337,9.8550437169602,0.0295662357416015,1.21417927314008,14.1519314087449,1.2949951256942,1.14472209047402,2.23878094986569,1.59594794278394,24.4174686008434,7.9298490775967,8.91658666148984
"1047","shhs1",205269,"C010785",3274,0,0,21.6810403832991,"censor",61,1,0,1,0,0,23.661438615,0,1,1.8823529412,0,0,0,0,0,4,28,61.6978734089331,0.0697873408933098,247.5,2.65175097276265,6.22218704294107,0.0545984116646002,1.21305818114753,15.3791231237694,1.28853898935073,1.11866768945626,1.88952057229422,1.0263760021974,15.1592730063869,6.2035293760586,6.09972443510292
"1048","shhs1",203401,"C015076",2867,0,0,22.757015742642,"censor",66,0,0,1,0,1,27.100490892,0,0,3.4862385321,0,0,0,0,0,2.25,29,70.9297408857427,0.49297408857427,181,2.57402597402597,4.48739092259822,0.06486999920719,0.80389714132701,13.1370849235817,0.870527956102658,0.749135214076726,1.91560717076311,0.989487520801844,16.5498113221253,5.87985210935263,5.83846173362615
"1049","shhs1",203974,"C006488",2646,0,0,21.7549623545517,"censor",53,1,0,1,0,0,30.847098252,0,0,9.7767857143,0,0,NA,0,0,1.75,30,51.1868967686023,-0.18131032313977,370,3.18962432915921,5.29719780665731,0.0306115101325841,1.18443509667892,10.7245238843488,1.26853814476561,1.07384133909863,2.12593006300391,1.06755272420912,13.6306756677045,11.0208690512822,8.4064184383777
"1050","shhs1",203897,"C011362",2807,0,0,22.2724161533196,"censor",58,0,0,1,0,1,24.088223117,0,0,1.3550815558,0,0,NA,0,0,3.75,30,52.1731966077792,-0.58268033922208,257,3.66139240506329,5.70702553965563,0.0322254219465465,1.51861920533203,16.3079386524686,1.64132349281964,1.38957592405973,3.16329072680527,0.987010032039787,18.9201552719588,10.2219284519926,8.20727056505456
"1051","shhs1",205596,"C005370",3165,0,0,21.2320328542094,"censor",68,1,0,1,0,0,28.935146513,1,1,0.3234501348,1,0,0,0,0,2.75,28,67.4761203474177,-0.0523879652582295,307,3.21124031007752,6.59085822399519,0.0704985229512007,1.44408991096188,11.6766263361548,1.60421343284778,1.32003106719092,1.77794660895421,1.17228214902548,26.7161004211447,6.80099214593772,8.66661621431718
"1052","shhs1",203560,"C014013",2908,0,0,22.1464750171116,"censor",54,0,0,1,0,1,21.565711195,0,0,6.15,0,0,NA,0,0,3.5,30,46.6401291005893,-0.73598708994107,310.5,3.14376321353066,8.99320009199942,0.0260752034030291,1.26932045570079,16.3072765526734,1.36412400486312,1.16920168074114,2.64195375113497,1.42631542005713,24.3086907272982,10.8286327199484,8.06273634604356
"1053","shhs1",205548,"C014994",3326,0,0,20.6351813826146,"censor",54,0,0,1,0,0,32.883706752,0,0,7.6,0,0,0,0,0,3.25,29,57.9526426229303,0.39526426229303,229,2.90952380952381,6.425282146575,0.0724134180693388,0.985994417087463,15.435650600272,1.0846934559268,0.90976128290053,2.35148478419881,1.04707223902561,12.7278763396498,6.54345607585566,5.75666016773176
"1054","shhs1",202907,"C011627",3773,0,0,20.7556468172485,"censor",58,0,0,1,0,1,24.447278912,0,0,0.4200700117,0,0,NA,1,0,2.25,30,53.0638542466447,-0.49361457533553,81.5,2.83870967741935,8.90113777906709,0.0395256376852487,1.12132595059519,16.0821265779542,1.19003315717457,1.00737809891774,3.47123144410473,1.57528465498031,18.8489655347656,8.42027664633139,5.98767057090057
"1055","shhs1",203660,"C010349",2758,0,0,21.6208076659822,"censor",58,0,0,1,0,1,22.592533248,0,0,0.3053435115,0,0,0,0,0,2,30,55.3926177224255,-0.26073822775745,110.5,1.3030303030303,7.16310071133388,0.0612931466881297,1.38653870726013,18.6656864526243,1.44716428742644,1.26130941463181,3.39854035793709,1.14661797793205,13.3958192447926,7.96685114815371,5.05871818658503
"1057","shhs1",203409,"C011007",2952,0,0,23.1375770020534,"censor",59,0,0,1,0,0,21.377410468,0,0,1.5075376884,0,0,0,0,1,1.75,30,64.9216112979845,0.59216112979845,300,3.4945295404814,5.93159513565409,0.0834025161556721,0.72486223929743,14.4716212208621,0.840901106303543,0.697602905336256,1.86844338485766,1.50773837291054,19.301535406013,5.32538169956029,5.18262855509831
"1058","shhs1",205763,"C011070",2919,0,0,15.2689938398357,"death",68,1,0,1,0,0,34.284607438,0,1,8.6287625418,0,0,0,0,0,3,26,75.5015179943425,0.750151799434251,101,1.84545454545455,4.89397394563908,0.0792404053109747,1.05204831645017,9.11664349346105,1.10766334831581,0.949089351281456,0.66798527784154,0.314905181201375,12.6707615425608,5.22822404949567,6.5659526614686
"1059","shhs1",205166,"C013741",3601,0,0,21.3798767967146,"death",66,0,0,1,0,0,41.705545864,0,1,20.657276995,0,0,0,1,0,1.75,30,49.7261032187335,-1.62738967812665,314.5,2.29959514170041,6.88015263230531,0.0318542016580847,1.2066983995164,20.8015262868529,1.26495496801686,1.12047325189879,4.38546603771665,1.76458662275524,13.9093815183306,12.0515308478434,8.4818329839116
"1060","shhs1",205079,"C001417",3317,0,0,23.4168377823409,"death",64,1,0,1,0,0,31.394275162,0,1,5.3114754098,0,0,0,0,0,2.5,24,64.7053000629379,0.0705300062937894,137,1.45959595959596,4.77400914117233,0.0950527694473998,1.01311444797249,8.75587751046639,1.08004144718132,0.925825474266849,1.67854984999821,0.757795231627422,10.2664286326959,11.0719381612812,8.21891715801877
"1061","shhs1",203190,"C005192",3013,0,0,22.4996577686516,"censor",56,0,0,1,0,1,33.332047375,0,0,10.774410774,0,0,0,0,0,3.25,29,50.1207307336517,-0.58792692663483,264,2.47551020408163,12.875096810739,0.107156004030398,0.833031912628351,14.8294683354426,0.948433529776838,0.792770039901606,2.74351021387861,1.40876235239211,15.8045236638724,9.13990865724822,5.8349750035207
"1062","shhs1",205606,"C004740",3242,0,0,21.0349075975359,"censor",67,0,0,1,0,0,39.039262344,0,0,30.038510911,0,0,0,0,0,1.75,NA,64.220864260045,-0.2779135739955,108,2.4,6.05784030621226,0.0535516251285493,0.977925196749468,16.8701284892036,1.06122248785619,0.900203375495726,3.50781238381736,2.03731376004122,17.4961687196876,6.30645511861732,5.39861041741697
"1063","shhs1",205574,"C008597",3217,0,0,20.8104038329911,"censor",55,0,0,1,0,0,22.883811961,0,0,0.1447527141,0,0,0,0,1,2,29,51.7161989353406,-0.32838010646594,135,1.53164556962025,5.64410853454203,0.0353174093715298,1.3867780227182,13.5643729021464,1.43642393033768,1.27352305427518,2.39964238969852,1.01422198132733,13.2866531035615,11.6517546008683,8.96382595704314
"1064","shhs1",203166,"C014638",2987,0,1,13.3223819301848,"dementia",69,1,0,1,0,0,32.664359862,0,0,2.2826086957,0,0,0,0,1,3,NA,65.9888567600842,-0.30111432399158,190,1.8347280334728,5.90239444767388,0.0753732022463758,1.15204219471222,10.5092210318026,1.22453446948626,1.05589236203663,1.97225333606362,1.13786899671794,12.6774399306201,8.97088152612338,7.93387369736769
"1065","shhs1",205581,"C006440",3184,0,0,22.2094455852156,"censor",62,1,0,1,0,0,26.701174094,0,1,12.021466905,0,0,0,0,0,4.25,27,69.0969185841371,0.70969185841371,111,2.0316091954023,4.37035098139348,0.0869622411664841,1.83172091496351,10.3280202057047,1.91271695140665,1.66464623640448,1.70439263044821,0.366471409638127,17.0913764149347,5.96249507417269,3.715441787415
"1066","shhs1",205337,"C012439",3323,0,0,21.6235455167693,"censor",55,0,0,1,0,0,35.273624619,0,1,2.8360413589,0,0,0,0,0,1.5,30,49.3674854553356,-0.56325145446644,379,3.86984815618221,8.7651050430206,0.0311429218558912,1.36758243308437,14.1036694595292,1.44593784383828,1.22883089020152,2.98719010332806,1.1138976465131,21.9466564116091,9.33368357135313,4.85075205969494
"1067","shhs1",203404,"C004013",2873,0,1,20.4435318275154,"dementia",57,0,0,1,0,0,35.041322314,0,0,7.6773296245,0,0,0,0,0,3,26,57.045694913973,0.00456949139730014,94,1.34293948126801,5.98534261729536,0.0520786710284576,0.87138043742195,11.2349035807939,0.946756683263858,0.781038191846662,1.58215850123693,0.667284145400795,2.96164445237228,9.77923804224515,6.35054299522751
"1068","shhs1",205520,"C013439",3193,0,0,20.7337440109514,"censor",60,0,0,1,0,0,35.767400357,0,0,2.2677165354,0,0,0,0,0,2,29,65.9849422876722,0.59849422876722,149,2.76666666666667,7.31912585713619,0.120408505739343,1.00202131910424,15.5621537736147,1.09083858773799,0.928482454508927,2.32929416643166,0.932106830595082,14.982191715519,4.82596137457269,3.76733368713421
"1069","shhs1",203432,"C013488",2939,0,0,22.8418891170431,"censor",54,1,0,1,0,1,33.489906415,0,0,18.876404494,0,0,0,0,0,3.75,30,55.7537825494022,0.17537825494022,147.5,1.26072607260726,7.35415375233715,NA,NA,14.9220397198876,NA,NA,3.10507823761532,NA,5.18601110107993,6.80326521157671,NA
"1070","shhs1",205493,"C014062",3192,0,0,20.8487337440109,"censor",63,0,0,1,0,0,26.390333106,0,1,2.3529411765,0,0,0,0,0,3,28,72.4802195528065,0.94802195528065,143,2.13355048859935,5.27440611498533,0.0399476082548855,0.903889787184447,7.86576383663488,0.950421398832214,0.82898859200213,1.04081964992837,0.581418461094216,12.8640557881118,3.89625856539273,3.9154150971248
"1071","shhs1",205167,"C001830",3221,0,0,21.6563997262149,"censor",64,0,0,1,0,1,32.637629721,0,1,57.648546144,0,0,0,0,0,1.25,30,62.5989687415547,-0.14010312584453,175,2.02923976608187,6.46427382069623,0.0689715269436325,0.926879946758261,17.2182761643647,1.00464171767399,0.84717444523415,3.06231526568046,1.73034119588799,17.0593910016567,7.01798374065332,7.03764628347458
"1072","shhs1",203900,"C008608",2670,0,0,22.5434633812457,"censor",55,1,0,1,0,1,29.226107815,0,0,0.4332129964,0,0,0,0,0,3,27,56.6987298223662,0.16987298223662,251,2.04900181488203,7.67417135122258,0.0308826662283296,1.60635472454249,13.2410136199116,1.70674668727335,1.44620110334261,2.06854721420093,0.533733834748205,21.9997554896607,7.05330021353624,3.25966564880651
"1073","shhs1",205145,"C010516",3253,0,0,15.3702943189596,"death",72,1,0,1,0,0,23.875592554,0,0,2.0083682008,0,0,0,0,0,3.5,NA,70.0300246843794,-0.19699753156206,118,2.47120418848168,8.1468004910681,0.0681456347311919,0.939620106714418,12.3393478783094,1.0058300477372,0.8547196682265,1.8370702692618,1.41942421317751,25.0427290094458,6.69229939886517,5.40672222650603
"1074","shhs1",205534,"C002595",3137,0,0,4.8870636550308,"death",70,1,0,1,0,1,33.515273389,0,0,8.128342246,0,0,0,0,0,3.5,NA,73.2880659320426,0.32880659320426,67.5,1.18154761904762,4.40887767902791,0.0363468745373523,NA,9.96333838944666,NA,NA,1.32956650482709,NA,9.31023759356453,5.66623590114157,NA
"1075","shhs1",203548,"C004962",3308,0,0,18.7707049965777,"death",58,1,0,1,0,0,32.7203894,0,1,5.6745479833,0,0,NA,0,0,2.25,29,59.4729103431126,0.14729103431126,200.5,2.29245283018868,4.46808772877837,0.0564352949940769,0.997583495437698,15.832647529384,1.08843700739963,0.936078694468231,2.67585247622791,1.30082002113997,12.134214846833,7.92066768276671,5.43793644459036
"1076","shhs1",202977,"C009126",3699,0,0,12.4955509924709,"death",65,0,0,1,0,0,24.462809917,0,0,0,0,1,NA,0,0,2,NA,62.4206543749858,-0.25793456250142,220.5,2.37658227848101,7.38772329585355,0.0683185191214137,0.94259102786484,19.7833439929888,1.09722277612548,0.972091723590842,3.19358798553799,1.07600818505009,23.0827055726797,7.52896295463996,6.09918365783632
"1077","shhs1",205018,"C005218",3166,0,0,4.93908281998631,"death",66,1,0,1,0,0,26.621746598,0,1,9.3553223388,1,0,0,0,0,1.5,NA,64.9026176042216,-0.10973823957784,152.5,3.35215946843854,7.54099019181601,0.0537074539223866,0.595347523943235,13.1665748288638,0.637264393753557,0.58366813316088,2.37539756933552,1.2128016948397,12.8779733656235,6.34940788458992,5.56900549249178
"1078","shhs1",205177,"C014852",3310,0,0,14.2614647501711,"death",62,0,0,1,0,0,29.000594884,0,0,4.9511400651,0,0,0,0,0,2.25,NA,67.8606808527496,0.58606808527496,271,3.50393700787402,6.3794738111405,0.0691145138442771,0.809853564712142,9.4608136589315,0.894493234254079,0.700645066517665,1.62767139591017,0.700533412330824,14.054687746422,5.08669547904818,3.33638818991066
"1079","shhs1",205472,"C013701",3321,0,0,10.0479123887748,"death",73,1,0,1,0,0,26.297577855,0,0,3.3373639661,0,0,NA,0,0,3.5,NA,71.3277209472793,-0.16722790527207,162.5,2.16412213740458,5.52915879345683,0.0535575166238027,NA,11.0395097377634,NA,NA,1.1747549359389,NA,14.5110719144506,6.89468428122804,NA
"1080","shhs1",203701,"C006646",3043,0,0,21.845311430527,"censor",56,0,0,1,0,1,27.401285583,0,1,0.2752293578,0,0,1,1,1,1.5,NA,56.2896799341319,0.0289679934131897,314.5,3.28378378378378,7.80860522093059,0.0379457020719179,1.14274836866538,13.1694403162336,1.1967992908839,1.10256438075883,1.27745720365462,1.03450288949081,15.1228157217885,6.63521232415865,5.55124117454528
"1081","shhs1",203376,"C011228",2862,0,0,23.1813826146475,"censor",62,1,0,1,0,1,32.410037088,0,1,33.47107438,0,0,NA,0,0,2.75,30,58.9768195067814,-0.30231804932186,114.5,2.06574394463668,12.8037782617375,0.138935834384362,0.694315527200968,12.8607699562078,0.731542785340401,0.649462328566715,1.21569494784979,0.465301835915709,11.9324465383182,8.79493609493346,2.17162620917806
"1082","shhs1",205416,"C012467",3481,0,0,21.1827515400411,"censor",59,1,0,1,0,0,28.450963719,0,0,9.3548387097,0,0,0,1,0,1.5,29,60.5404136305612,0.15404136305612,151.5,1.74074074074074,6.33832187895174,0.063830670108873,0.88007290723818,14.1318202453875,0.959471544774134,0.845495116124155,1.6771756089974,0.694866449361014,10.9464180224555,8.28354251097433,4.55639948164604
"1083","shhs1",205087,"C008772",3352,0,0,6.78713210130048,"death",72,1,0,1,0,1,30.00414951,0,0,4.6666666667,0,0,0,0,1,3,NA,68.3013453164325,-0.36986546835675,137,3.62551440329218,5.4779729258304,0.0371152594747942,1.30757283336455,13.7394727072486,1.37186315461646,1.17824301175108,2.01874691295259,0.72473636862611,22.5759960139377,7.55865818721299,7.0189515854256
"1084","shhs1",205674,"C007854",3112,0,0,14.5023956194387,"death",55,0,0,1,0,0,24.990871841,0,0,0.9375,0,0,0,1,1,1.75,NA,52.7396532846325,-0.22603467153675,272,2.39329805996473,6.08447455231645,0.0614672438930662,1.1014315760091,16.6888678031145,1.24748830756118,1.06039873571282,3.13187456611741,2.53029414124012,14.1649841131055,7.9441940868884,7.0504484060543
"1085","shhs1",203576,"C006236",3310,0,0,10.0643394934976,"death",61,0,0,1,0,1,32.889188733,0,0,8.1274900398,0,0,0,0,0,2.75,NA,46.2952643286587,-1.47047356713413,189,1.82947976878613,6.37979304286185,0.0598755187830088,1.21297619561752,23.3985044097546,1.31720234759083,1.13779967815987,5.8921595659807,3.38731666937083,10.0648646624384,10.5959007709021,10.6757144825902
"1086","shhs1",203518,"C001711",2855,0,1,14.8856947296372,"dementia",71,1,0,1,0,0,27.2543618,1,1,1.6535433071,0,0,0,1,1,2.75,19,76.1160139704846,0.51160139704846,59.5,1.74903474903475,5.09471888334257,0.0481774040544685,0.51344585762547,13.3024332660261,0.528527612231542,0.495677652580938,1.13955562368251,0.519015015823574,13.0570635681227,4.83658221930028,3.9264258081244
"1087","shhs1",203189,"C009156",3003,0,0,21.9931553730322,"censor",69,1,0,1,0,1,27.345679012,0,0,6.0810810811,0,0,0,0,0,3.25,NA,70.2853003941067,0.12853003941067,103.5,1.59477124183007,7.39809010928534,0.044440313449527,0.765326004299063,13.0354915487314,0.780917502982745,0.723500208295844,1.93378576127429,0.433412209343046,13.9844968761484,5.7797800389304,5.91885092436173
"1088","shhs1",203274,"C013980",2942,0,1,15.9206023271732,"dementia",53,1,0,1,0,1,24.514028536,0,0,1.7792421746,0,0,0,0,0,3.5,30,52.6880733132869,-0.03119266867131,76.5,2.24581005586592,6.28228245757099,0.0338458703141025,0.829137708981535,12.3379179512098,1.01066557084591,0.804481512702907,2.30259382228408,1.5706841650829,16.9227212626044,10.6221970233335,4.95439864026001
"1089","shhs1",203178,"C005120",2912,0,0,23.4004106776181,"censor",53,0,0,1,0,0,36.401384083,0,1,10.520059435,0,0,0,0,0,3,29,49.531735401944,-0.3468264598056,226,2.83732057416268,6.14862304136402,0.0234488153188745,0.670659395096038,20.8811228639712,0.740904517349358,0.657163332524654,1.65952632668775,0.560862258817924,1.11894114333735,8.51411079052431,5.15444190109845
"1090","shhs1",203920,"C007554",2749,0,0,21.574264202601,"death",63,0,0,1,0,1,37.61173891,0,1,0.7973421927,0,0,NA,0,0,1.75,24,61.7312815903417,-0.12687184096583,151.5,2.85972850678733,5.80027429521986,0.0389289771603503,1.38895558242458,13.2956696172366,1.43350179585686,1.26469106205234,2.18529269658495,0.951979371434139,17.7868690189301,7.71241541303144,6.07661397576274
"1091","shhs1",205537,"C009086",3367,0,0,20.4873374401095,"censor",56,0,0,1,0,0,23.851904592,0,0,15.396226415,0,0,0,0,0,2.5,30,52.3344988792919,-0.36655011207081,263,2.73799126637555,6.86137791827113,0.0502275754166046,1.15188781079812,21.4969931232382,1.21646910529255,1.06360496106175,3.23390188089685,1.06776234224341,13.1332647978096,7.78757966550817,5.58803259791937
"1092","shhs1",205219,"C012922",3299,0,0,18.1163586584531,"death",68,1,0,1,0,1,30.321046373,0,1,4.6975088968,0,0,0,0,0,4,28,71.3376307536348,0.33376307536348,114.5,2.06324110671937,5.79649764938599,0.0884142082665003,0.868600956130788,14.0706958224087,0.914349204672671,0.818640155877636,1.78482535526091,1.08908373997967,22.0025761188544,6.91979025636429,5.10261738902991
"1093","shhs1",203927,"C005307",2675,0,1,19.8932238193018,"dementia",62,1,0,1,0,0,22.587833094,0,0,5.3067047076,0,0,0,0,0,3.5,28,59.9682637779317,-0.20317362220683,174,3.55555555555556,5.66603469381973,0.0681494344679076,1.18166215872517,14.9074300435518,1.26116077706409,1.0717730094242,2.95718823990291,1.08130147865863,16.7770721524682,8.68390083179439,5.79630809036263
"1095","shhs1",203391,"C007829",2886,0,0,22.9322381930185,"censor",54,1,0,1,0,1,32.383786848,0,1,4.2,0,0,NA,0,0,4,28,54.4730248619781,0.0473024861978097,234.5,1.98181818181818,6.22516343097858,0.0335621984367332,1.03443165514972,14.8917757364381,1.08349772776403,0.936120812990335,3.07317657449493,1.32819530139595,16.1544656199188,8.67306516515237,5.8232345240554
"1096","shhs1",205273,"C005682",3276,0,0,14.3709787816564,"death",59,1,0,1,0,0,31.791603935,0,0,0.6857142857,0,0,0,0,0,1.5,NA,62.3461513528248,0.33461513528248,240,3.35372340425532,5.69646793528342,0.0453561380572924,1.24901543492189,12.2721827400451,1.34151864223292,1.12564102831011,1.70405947440146,0.983866717109119,14.9630960680095,5.48083301284114,4.29392195404468
"1097","shhs1",205447,"C012024",3266,0,0,21.3196440793977,"censor",64,1,0,1,0,0,28.016326531,0,1,0.6713286713,0,0,0,0,0,3,30,53.7641111153369,-1.02358888846631,61,3.70786516853933,10.5368244766808,0.037311236198327,NA,13.7130125529955,NA,NA,0.499529377666513,NA,1.0830433075366,7.9045783317711,NA
"1098","shhs1",203501,"C013886",2868,0,0,22.7734428473648,"censor",55,0,0,1,0,0,32.526838648,0,0,0.8026755853,0,0,0,0,0,2.5,28,63.844963298845,0.8844963298845,160,2.08496732026144,5.74831216623259,0.0890498699298919,1.08404197344723,8.96894773999413,1.17207869493194,0.991719892210003,1.49122530753574,0.424151266728255,15.001094378372,7.78752435641804,5.15378527712114
"1099","shhs1",203318,"C008236",2974,0,0,22.8555783709788,"censor",66,0,0,1,0,0,27.174526704,0,0,4.9122807018,0,0,0,0,0,3,27,74.7530733459199,0.87530733459199,101.5,2.00706713780919,4.13230517157549,0.0830766547611917,0.846551443264092,12.9462611763543,0.891198454571559,0.758629507931816,1.55911193471253,0.730635240639472,14.4238466201663,4.62859058180401,4.6669777913049
"1100","shhs1",203206,"C001349",3634,0,0,20.8870636550308,"censor",64,1,0,1,0,0,34.970332029,0,0,53.415536375,0,0,0,0,0,3.25,27,53.9761806131777,-1.00238193868223,181.5,2.14672686230248,9.24607364162299,0.0628526551599797,1.85450553481632,19.4281969253171,1.99776398787483,1.54552266913922,3.75593147084782,2.26529167852852,25.0684137659344,7.16262644162421,5.63821777187852
"1101","shhs1",203693,"C014056",2748,0,1,16.5667351129363,"dementia",71,1,0,1,0,1,24.725182933,0,1,12.358208955,0,0,0,1,0,2.75,NA,63.7958409957577,-0.72041590042423,265.5,2.94612068965517,5.82667575273358,0.0560674813657413,1.19337358011375,21.5972705761809,1.29740711681196,1.09101623335998,3.07174117760008,2.92894906680806,18.6015690687946,7.02254491861638,3.44772301202064
"1102","shhs1",205747,"C001295",2939,0,0,21.9438740588638,"censor",66,0,0,1,0,0,22.595155709,0,1,6.6055045872,0,0,0,0,0,3,NA,62.8705859880424,-0.31294140119576,207.5,2.79456193353474,5.50288339841675,0.0576008947515343,1.41190826723993,16.3705635585184,1.48440205246913,1.31358032703869,3.16759828499682,1.44203526347519,17.1023719715086,6.92261957896052,7.41019565480883
"1103","shhs1",203890,"C002663",2722,0,0,22.590006844627,"censor",59,1,0,1,0,1,29.411764706,0,1,8.9552238806,1,0,NA,0,0,1.75,NA,54.2772234464443,-0.47227765535557,167,2.15472779369628,7.51776887525738,0.0293356284795264,1.01412571061624,11.4348820747446,1.25725325275138,1.0340005817354,2.21844709377466,0.888709685632714,20.580345102491,11.8522272310809,7.03911069346498
"1104","shhs1",203051,"C002943",3708,0,0,17.5441478439425,"death",63,0,0,1,0,1,33.682294037,0,1,7.9436619718,0,0,0,0,0,3,NA,60.437289135556,-0.2562710864444,135.5,2.0695652173913,5.90765007633197,0.0734688249225021,1.36859123022524,17.7241484924349,1.45089733970798,1.14614893267838,3.43803733508661,2.27662450768875,15.5085081237552,5.98951334258954,3.7345754795517
"1105","shhs1",205302,"C009210",3376,0,0,22.3271731690623,"censor",60,1,0,1,0,1,27.654833491,0,0,40.409956076,0,0,0,0,0,2,30,63.912522786482,0.3912522786482,244.5,2.46218487394958,3.85772846826778,0.0686154449899974,1.10870922720506,21.0986034453776,1.19065952955971,1.04979181153562,2.569314063229,0.865890529805063,14.5552016597235,5.46937733139176,5.09682758829298
"1106","shhs1",203193,"C009141",3018,0,1,9.75496235455168,"dementia",70,1,0,1,0,1,21.472488374,0,1,5.679389313,0,0,0,0,0,3,NA,77.5067851839831,0.75067851839831,48.5,0.772935779816514,5.26273563672274,0.074725326612276,0.670832172260124,11.4250005097599,0.68578861517183,0.63582263412711,1.1917222349787,0.616940156244824,7.10468022543806,3.84345827653399,4.50646757972251
"1107","shhs1",202945,"C009663",3782,0,0,18.9678302532512,"death",69,1,0,1,0,1,33.371428571,1,1,7.4113009198,0,0,0,0,0,2.75,29,68.5462871783048,-0.0453712821695206,164,1.58854166666667,6.09937992981589,0.0716005566928817,1.03958423942133,13.3219305076153,1.08092721680088,0.96747806986649,1.68563856185351,0.601040654142754,8.28244504771992,6.55976413602257,5.11092930962812
"1108","shhs1",203130,"C011959",3044,0,0,22.1875427789185,"censor",59,0,0,1,0,0,27.265625,0,0,1.4234875445,0,0,1,0,0,2.75,30,49.4500383864899,-0.95499616135101,265.5,3.25292740046838,7.87811544960076,0.0660523710501183,1.3503113156199,17.1750575922845,1.49419754540695,1.20929044947004,4.03810820356859,2.59342274531642,19.9075320957754,9.75986285273385,7.28243823989604
"1109","shhs1",205228,"C008363",3294,0,0,22.7433264887064,"censor",71,0,0,1,0,0,31.480266965,0,1,11.640718563,0,0,0,0,0,2.25,29,72.2129998828474,0.12129998828474,126,1.60436893203884,4.7170690328145,0.0558588841368647,0.966454917419242,16.0134393096371,1.09880137771389,0.91473880911905,2.62312349899184,1.1401155859662,20.7140931132653,5.98741474612137,3.88330003056374
"1110","shhs1",203036,"C014341",3691,0,0,6.39835728952772,"death",75,1,0,1,0,0,20.919421488,0,1,4.6558197747,1,0,0,0,0,2.75,NA,72.6821694383595,-0.231783056164051,133,2.19047619047619,3.67775640887418,0.0339827473692782,1.41224102229556,10.1696940362682,1.45956703798941,1.30524921271058,1.45846034397546,0.607339861219208,14.8130981971647,7.6200149779092,5.88113695432321
"1111","shhs1",203121,"C005284",3008,0,0,22.6858316221766,"censor",62,1,0,1,0,1,27.546537172,0,0,14.774281806,0,0,0,0,0,3.5,30,56.6220072104745,-0.53779927895255,284.5,4.47486033519553,9.38927367258554,0.0608913107764607,1.01954624977882,13.0873825694897,1.12236996534621,0.935800424741249,2.21060776526463,1.44655989942446,20.0531804975013,7.79726259964639,6.10854493304461
"1112","shhs1",203636,"C009429",2856,0,1,20.6872005475702,"dementia",69,0,0,1,0,0,24.065096953,0,1,16.064257028,0,0,0,0,1,2,NA,68.1741088707781,-0.0825891129221901,97,0.756147540983606,6.18159297414412,0.09997927184671,0.917148327269191,18.3870956140577,0.982842429380219,0.852898724913745,3.98575627510229,1.61141214681314,15.0470708072616,6.75824683028957,6.35080741983479
"1113","shhs1",203070,"C005582",3734,0,0,20.5886379192334,"censor",62,1,0,1,0,1,28.257456829,0,0,13.313343328,0,0,0,0,0,3.25,28,57.793260398595,-0.4206739601405,231.5,2.54117647058824,6.3538754062145,0.0349979822913357,1.45429300937312,16.9857878870754,1.53082647100165,1.32388911457215,3.01744871786844,1.4546437792767,17.7513781010181,7.35188863860852,8.84760468699008
"1114","shhs1",203085,"C002112",3715,0,0,17.8206707734428,"death",71,1,0,1,0,0,31.510107015,0,1,1.4796547472,0,0,0,0,1,2.5,NA,68.776612487182,-0.222338751281799,182,1.48611111111111,4.64756713324188,0.060357799784415,1.09254826781525,15.8036655342195,1.18614618065009,1.0545283555167,2.57418886112938,1.457784944887,17.1531540914884,7.42822614983275,7.58697348521459
"1115","shhs1",203680,"C003534",2738,0,0,3.67419575633128,"death",64,1,0,1,0,0,44.638978917,0,1,30.997442455,1,0,0,0,0,2.25,NA,72.1793267822439,0.817932678224391,175,0.964240102171137,4.72142404510117,NA,NA,12.1662238770968,NA,NA,1.58220714457426,NA,11.5492992062676,4.65949822808937,NA
"1116","shhs1",203766,"C006589",3045,0,1,19.6495550992471,"dementia",71,0,0,1,0,1,27.959547888,0,0,4.513618677,0,NA,0,1,0,2.5,27,77.1856356125906,0.61856356125906,372,2.62924281984334,4.23754795906018,NA,NA,11.4859021666921,NA,NA,1.08360453607396,NA,11.954069589506,3.68740344625151,NA
"1117","shhs1",205748,"C014287",2947,0,0,8.60506502395619,"death",68,1,0,1,0,0,27.648024239,0,1,13.882978723,0,0,0,0,0,2.75,NA,72.616456233533,0.4616456233533,187.5,1.99596774193548,4.92335553213364,0.0756870916551088,1.1131857170319,9.61286908930149,1.18335117111286,1.05300956618616,1.3228717970814,0.577894195839246,12.7010984943158,5.9419815893229,4.38806077206846
"1118","shhs1",203477,"C010344",2735,0,0,22.0260095824778,"censor",59,1,0,1,0,1,28.213851003,0,0,17.976346912,0,0,NA,0,0,3.75,29,59.2543073528431,0.0254307352843099,120,1.80653950953678,6.89201590128983,0.0531403204165354,1.07085358050002,17.8937038987008,1.16017215909942,0.961378436207607,3.40616124780363,1.5789878087849,13.3051484190671,5.58526389763694,3.76323644246002
"1119","shhs1",203734,"C007810",2757,0,0,22.8720054757016,"death",62,0,0,1,0,0,18,0,0,0.4275534442,0,0,0,1,1,2.75,30,67.5669541530266,0.55669541530266,239,3.1554524361949,6.48467361160106,0.0605470848450912,1.03673850290906,13.2074771892752,1.13010113063529,0.960097145537518,1.57803998473631,0.814175648001056,23.4731808661915,5.12511719077194,4.99083573629847
"1120","shhs1",205325,"C014238",3330,0,0,21.6098562628337,"censor",59,1,0,1,0,1,29.990751751,0,0,18.3081571,0,0,0,0,0,3.75,30,48.5766038249354,-1.04233961750646,257,3.35278514588859,7.70230686050658,0.0552110628379257,1.79546072331665,15.3158353342445,1.90316754772904,1.62723903927243,3.47774301318482,1.00064314036273,16.3670594890723,11.3877690079316,7.80527795930538
"1121","shhs1",205201,"C010971",3356,0,0,21.3251197809719,"censor",67,0,0,1,0,1,28.828125,0,1,2.4437299035,1,0,0,1,0,3.25,29,71.3142680693011,0.431426806930109,151,1.81,3.41716178776683,0.0692524112332378,0.706675426140839,21.622023072842,0.757879108587519,0.698468411652882,2.27073372193462,1.14657284106566,9.65445113618994,3.71266419895698,3.99673663199078
"1122","shhs1",203768,"C004070",3052,0,0,9.56605065023956,"death",68,1,0,1,0,1,29.9136168,0,1,9.3103448276,1,0,0,0,0,2.75,NA,58.1538439558798,-0.98461560441202,237,2.76502732240437,4.19329606901616,0.0340975497686552,1.69385807603321,13.9057474365583,1.78865402972769,1.54663175780517,1.90965327864884,0.644561166599636,13.701069638868,11.6657718482705,8.06196236261174
"1123","shhs1",203084,"C011889",3738,0,0,17.7878165639973,"death",58,0,0,1,0,0,44.649379109,0,0,3.026481715,0,0,NA,1,0,2.25,30,58.1028075920375,0.01028075920375,208,2.76857142857143,5.18853047438374,0.0248371903219611,1.26015595138755,15.2613366688276,1.29569681827218,1.2127701713199,2.3684333648109,0.790248442422351,13.0953526324155,7.66233527631123,7.54295410272896
"1124","shhs1",205604,"C002915",3116,0,0,22.3682409308693,"censor",62,1,0,1,0,1,27.312060573,0,0,4.2411642412,0,0,0,0,0,3.75,NA,62.1097523555757,0.0109752355575701,121.5,2.84324324324324,6.57848926375337,0.0719237878199007,1.58323610803942,10.5726191672534,1.71424948626268,1.32711056483531,1.76149430147483,1.12702664771404,16.1305353000755,6.85577943253121,4.8441083360641
"1126","shhs1",205685,"C005047",2976,0,0,22.3490759753593,"censor",60,1,0,1,0,1,29.418282548,0,1,2.5570776256,0,0,0,0,0,2,29,63.4530783897833,0.34530783897833,156,2.04819277108434,6.28749255517426,0.104258454066977,1.21974997772549,18.1030631212892,1.36773516995296,1.13757627122075,2.66369742519451,1.26677579931946,22.5252351059418,6.64613010129916,4.40958928487932
"1127","shhs1",205480,"C001776",3298,0,0,21.2156057494867,"censor",55,0,0,1,0,1,27.6816609,0,1,0.7380073801,0,0,0,0,0,3,29,63.4460373259365,0.84460373259365,240,2.67285382830626,6.07596185479316,0.108629370581294,0.796482969544419,15.4591960306872,0.879600050216709,0.727945074989874,2.31049556298605,1.16468480745699,15.8782775255104,5.62675147711105,4.84388808635365
"1128","shhs1",203491,"C005139",2892,0,0,22.113620807666,"censor",62,0,0,1,0,0,24.536271809,0,0,11.059907834,0,0,0,1,0,1.5,28,50.1065642844802,-1.18934357155198,263.5,1.51890034364261,7.40082602123811,0.03217911880679,1.14316374848417,20.3340991360219,1.19267578263487,1.00785374800993,5.25979876186929,2.48069767602708,12.7084259377935,9.3852285746146,7.30449180090118
"1129","shhs1",203104,"C010301",3730,0,0,21.719370294319,"censor",66,0,0,1,0,0,26.002083253,0,0,0.5955334988,0,0,0,0,0,3.25,30,71.4485896043359,0.544858960433589,249,2.51185770750988,5.57859977436198,0.0749850306549241,0.945873038362223,13.7154552636413,1.02660673668575,0.87210134658113,1.85504099011683,0.681501386236322,16.3729576976359,4.53553166093395,4.69214262470623
"1130","shhs1",203774,"C013966",2747,0,1,19.9945242984257,"dementia",59,0,0,1,0,0,25.803093397,0,0,10.212765957,0,0,NA,0,0,3,25,72.7901908312709,1.37901908312709,119.5,1.96958174904943,4.62244887340603,0.122256003430635,0.719261466854598,9.36627796262662,0.783233045383301,0.670421218007649,1.16543689330883,0.627432556026596,12.5556925064985,5.54837409989645,4.52041933154866
"1131","shhs1",205449,"C015470",3441,0,1,10.2313483915127,"dementia",65,0,0,1,0,0,29.389441727,0,1,0.8098987627,0,0,0,1,1,1.25,NA,78.2044932106956,1.32044932106956,142,2.07465277777778,3.66795408480197,NA,NA,8.94463549525586,NA,NA,0.579641773498978,NA,16.6085988155424,4.09109928062619,NA
"1132","shhs1",203655,"C009433",3150,0,0,20.3750855578371,"censor",61,0,0,1,0,0,27.34660336,0,1,0.9917355372,0,0,0,0,0,2.75,30,44.8131141112257,-1.61868858887743,337.5,3.43609022556391,8.61393688719279,0.0480527814426002,1.44500572378235,12.5767227608732,1.60283942223394,1.24238064360058,3.33484163932262,1.72992028193814,21.3430557499121,14.8228647074084,9.19741996887401
"1133","shhs1",205630,"C010614",3117,0,0,21.2073921971253,"censor",58,0,0,1,0,0,20.187304891,0,1,0.447761194,0,0,1,1,0,3.25,27,76.0413577235963,1.80413577235963,63,0.833865814696486,4.13499404176993,0.088387702382405,0.751249356387013,9.25727618945175,0.774868667577371,0.668538302719209,0.86881983085607,0.442237836076232,6.89076059793609,2.2173002601169,1.87228593786152
"1134","shhs1",205531,"C007700",3125,0,0,22.031485284052,"censor",62,0,0,1,0,0,32.733564014,0,0,14.966592428,0,0,0,0,0,3,29,65.7778363745835,0.37778363745835,93,1.64028776978417,8.95230401036897,0.114568002507622,0.897293491463822,12.6800275223455,0.968620172453939,0.794187343273029,1.91771647407482,0.658203679308195,12.9537269464983,6.16945618286023,3.62323340012607
"1135","shhs1",205467,"C013816",3220,0,0,22.135523613963,"censor",70,1,0,1,0,0,28.982426304,0,1,10.071942446,0,0,0,0,0,2,27,73.0069322824735,0.30069322824735,24,0.6,7.47018123498323,0.04282869073702,0.648837127289317,13.5646019585899,0.672241555563725,0.601410075146724,1.40301649818439,0.710388822210975,10.4783029983068,3.94487629736288,3.72243388317456
"1136","shhs1",203262,"C003879",2921,0,0,22.2751540041068,"censor",53,0,0,1,0,1,40.354187836,0,0,6.0453400504,0,0,0,0,0,1.75,30,47.5902118513698,-0.54097881486302,243,2.91904761904762,7.37239738428971,0.0229698590354122,1.22839344209444,19.1834966261517,1.31077745398887,1.09995736499001,4.39491157995852,1.14367815734296,18.5179435224456,9.76674815948916,5.41140856932439
"1137","shhs1",205506,"C002919",3222,0,1,9.01026694045175,"dementia",62,0,0,1,0,0,32.606954014,0,1,0.1716738197,0,0,0,0,0,3.25,NA,71.2608566764919,0.92608566764919,102,1.70689655172414,3.2845796294131,0.10117361849475,0.96691209905792,16.0756522747204,1.11514526030591,0.95298065913957,1.66182851294624,0.781072966841075,12.7132490475134,5.30953435789965,6.35279285295932
"1138","shhs1",205487,"C004201",3186,0,0,21.0075290896646,"censor",59,1,0,1,0,0,28.734693878,0,0,12.258064516,0,0,0,0,0,1.75,27,59.5619108677464,0.0561910867746398,157.5,1.64427860696517,10.0198033135839,0.0681640775290996,0.818823450145849,15.0851137550569,0.913263115373297,0.787849643649938,2.06421493688751,0.823410040368912,10.8456322513773,5.65185674877489,4.5211533452959
"1139","shhs1",203398,"C013871",2861,0,0,21.9876796714579,"censor",60,0,0,1,0,0,23.459141274,0,1,3.5616438356,0,0,0,0,1,2,30,58.9037279264427,-0.10962720735573,283,3.12742980561555,6.35235975718261,0.0223321285577376,1.08212511210413,13.74254008853,1.15373950395675,0.945274606427462,2.20083698441721,0.984524445714863,20.0467218363077,7.98507980366388,8.03583324091467
"1140","shhs1",205300,"C006037",3244,0,1,21.1362080766598,"dementia",55,0,0,1,0,0,26.851211073,0,0,4.0421052632,0,0,0,0,0,3.75,24,58.8294916865745,0.38294916865745,136,2.58269720101781,6.62397698232136,0.0570655220305534,1.06245088909704,13.7322581518399,1.13935265199297,0.964840080089686,2.10157463957531,0.836725611095942,16.1631888899851,7.33630108791156,4.65711681800742
"1141","shhs1",203353,"C000124",2915,0,0,19.4004106776181,"death",62,1,0,1,0,1,32.950680272,1,0,29.352517986,0,0,NA,0,0,2.25,30,66.2775013141059,0.427750131410591,155.5,1.51898734177215,4.77908471662936,0.0444012822572664,1.21267653143847,18.141628392754,1.25416684596069,1.15432740847262,2.12628981234358,0.396483352457889,16.2933870104439,5.70828771386924,6.51171210297585
"1142","shhs1",205084,"C007679",3325,0,0,17.3305954825462,"death",63,1,0,1,0,0,30.710886377,0,0,3.937007874,0,0,0,0,0,3,NA,67.7878323834233,0.478783238342329,135,1.65046296296296,4.73293251881346,0.0793883971821994,0.898641026139858,14.1211529628349,1.00208619262941,0.852490565297118,2.15050407329833,1.47249195234599,10.1166420928285,5.31427680071992,4.69655061661067
"1143","shhs1",203682,"C015252",2767,0,0,21.4209445585216,"censor",64,1,0,1,0,1,26.027582477,0,0,6.3815028902,0,0,0,0,0,2.75,30,60.5507855025896,-0.34492144974104,291.5,2.34080717488789,7.08455376217582,0.0710905031366163,1.29549309188129,14.85930636762,1.38026464405538,1.12665108037077,2.42435052365163,1.12976761030106,12.5507671060056,7.01407094445043,4.35392004173467
"1144","shhs1",205395,"C009269",3578,0,0,21.0814510609172,"censor",63,0,0,1,0,1,25.948340651,0,0,0.9836065574,0,0,0,0,0,4,30,67.9066670251275,0.49066670251275,302.5,3.36203090507726,4.92609046737466,0.0721217706267274,0.868118315589039,15.2186627900554,0.988781026123843,0.837252746041495,1.86797676280182,0.966886388248497,18.9273150498997,5.31711528136975,3.43615412270078
"1145","shhs1",202961,"C008532",3860,0,0,3.61943874058864,"death",66,1,0,1,0,0,34.218522922,0,0,36.29726206,0,0,NA,0,0,4.25,NA,66.6107462290697,0.0610746229069704,187.5,2.22931442080378,5.01433523450059,0.0392956322731388,1.111052679835,17.1768220667229,1.16692323315114,1.03102689589459,2.26587125993375,0.51008028508874,12.9871280788563,5.6262333406438,3.78235614232501
"1146","shhs1",203899,"C008041",2931,0,0,20.9226557152635,"censor",61,0,0,1,0,0,19.223375625,0,0,4.6677471637,0,0,NA,0,1,1.25,26,54.9697803641086,-0.60302196358914,194,2.33228840125392,9.5132677186516,0.0410791687672167,1.16266653759148,17.51173463068,1.20636380836015,1.03859601262315,3.26191465564687,1.0263957666419,23.2374886344652,8.85911133631324,6.40192117536096
"1147","shhs1",203387,"C014010",2875,0,0,22.8035592060233,"censor",54,0,0,1,0,0,23.449227149,0,0,1.0465116279,0,0,0,0,0,3.75,30,61.3421828639397,0.73421828639397,212,3.0812324929972,4.08631238895321,0.0444827132638217,0.994263601122397,14.4270863983458,1.08565510073574,0.922529587709727,2.37981547173326,1.46204070848043,13.6907589564493,5.03729918239438,4.63827796234918
"1148","shhs1",203472,"C011651",2888,0,0,12.0328542094456,"death",68,1,0,1,0,0,27.130876407,0,1,55.691768827,0,1,0,0,0,2,NA,83.1259263194884,1.51259263194884,66,1.31654676258993,3.86299468488971,0.134472106065624,0.540839124202638,14.5442977052455,0.571710946740652,0.528971691081068,1.46309644150462,0.677025500889847,13.6072250767061,2.45454022352887,4.33080266340708
"1149","shhs1",203237,"C005614",2945,0,0,12.0574948665298,"death",68,1,0,1,0,0,28.008178697,0,0,0.5860805861,0,0,0,0,0,4.25,NA,74.9351054332512,0.69351054332512,94.5,1.04241071428571,3.54220656268958,0.0737222602046977,0.903310959272663,10.6611569258793,0.957823196580293,0.746863128522413,2.945328481459,1.77502419604819,2.31809899018867,2.46669321445942,0.866482239956692
"1150","shhs1",203069,"C008325",3651,0,0,21.9630390143737,"censor",61,0,0,1,0,1,28.349336991,0,1,0.78125,0,0,0,0,0,1.75,30,64.8664658661284,0.386646586612839,180.5,2.51538461538462,5.03906621385884,0.0769060131985007,0.998706481844257,17.2793261668884,1.09461347502568,0.911584205429705,2.08563996572626,1.0215203656449,12.3892145458798,5.29871190819798,3.38878145149112
"1151","shhs1",203345,"C013806",2912,0,0,17.2073921971253,"death",72,1,0,1,0,0,28.401111076,0,0,0.3664122137,0,0,0,0,0,2.75,NA,71.8507071787351,-0.0149292821264893,158.5,2.42021276595745,4.61346042213563,0.0711266950782027,1.53420306706256,12.5458541891586,1.59674070789118,1.35693163404755,1.76643669370898,1.09403356291154,14.3491601245053,5.22851725893985,5.04233383889935
"1152","shhs1",203699,"C010187",2779,0,1,12.1943874058864,"dementia",72,0,0,1,0,0,28.28125,0,0,0.1498127341,0,0,0,0,0,2.25,NA,71.4375839499875,-0.0562416050012502,321.5,4.22084367245658,4.79897622071716,0.0310500972591476,0.906939880205762,8.76534626778075,0.949533061621465,0.838851094167514,1.95164903910526,0.933827109082655,20.0402097425618,6.82782829371891,5.79563314667457
"1153","shhs1",203714,"C006420",2714,0,0,12.2299794661191,"death",59,1,0,1,0,1,29.757584555,0,0,14.197952218,0,0,0,0,0,1.5,NA,55.8762949910939,-0.31237050089061,146,1.26773455377574,7.83884809947788,0.053218439681687,1.17964046501324,15.7264779915437,1.25517795775962,1.08942040526561,3.83282199069841,1.70175263642854,13.698038743339,7.85683985912484,6.50716585459078
"1154","shhs1",205637,"C007025",3074,0,1,19.6714579055441,"dementia",56,1,0,1,0,0,27.292060491,0,0,14.457831325,1,0,0,0,0,1.5,27,65.6292923256986,0.96292923256986,149,2.93538461538462,6.89245080779782,0.0935332143644765,0.657115975609087,10.8384392962254,0.755826629107519,0.667277703448875,1.71594818219235,0.695539207480073,12.9193921456404,5.42114617692509,2.99909191437175
"1155","shhs1",203787,"C003433",2765,0,1,15.3620807665982,"dementia",62,0,0,1,0,1,24.560326301,0,0,1.4304635762,0,0,0,0,0,2,22,55.789743203238,-0.6210256796762,179.5,2.49625935162095,5.34683297508012,0.0436766457898644,1.19024808328192,17.5130812447068,1.26522126282163,1.08538024923098,2.7777126473125,1.67383394001866,14.9933407173776,9.71326687521423,7.8361421571389
"1156","shhs1",205703,"C000964",3100,0,0,20.1314168377823,"censor",61,0,0,1,0,0,27.413466739,0,1,6.7866323907,0,0,0,0,0,3,NA,63.1571685365531,0.21571685365531,90.5,2.07960199004975,7.98495580016012,0.071069352984648,0.934718881568686,8.02918379192386,1.02296964331427,0.838814638770871,1.5957610077506,0.8591511061401,8.8806213411601,7.19311793116916,6.82669490358224
"1157","shhs1",203641,"C008794",2872,0,0,12.7200547570157,"death",67,0,0,1,0,0,21.367521368,0,0,7.51565762,0,0,0,0,0,1.25,NA,70.6323100017599,0.36323100017599,251,3.03044496487119,4.57108229972736,0.0274660806285332,0.497137438392269,14.1849563503627,0.540843654172908,0.466320583699717,0.477595603712424,0.0262172856610738,1.87086998268278,3.96229196119949,4.0533344190884
"1158","shhs1",205093,"C012152",3322,0,1,16.0985626283368,"dementia",70,1,0,1,0,0,37.951531779,0,0,9.5022624434,0,0,0,0,0,2,19.285714286,71.8851648796446,0.188516487964461,46,1.19565217391304,4.41051244693734,NA,0.924209708907069,19.4217663043132,0.991483149217249,0.87575867962033,2.57608950878649,1.15886380358393,9.82388140268471,4.40384494299852,5.03452221941779
"1159","shhs1",203507,"C014723",2698,0,1,18.9897330595483,"dementia",63,1,0,1,0,0,25.519848771,0,0,21.301775148,0,0,0,0,0,2.25,25,61.0462412964791,-0.19537587035209,313,3.00772200772201,7.49368993556327,0.0996643715211766,1.13736339029917,13.8809520459275,1.18070345259743,1.05056412647898,2.02722413126427,0.732016453531212,16.2808229060442,8.873148276524,7.42677285976054
"1160","shhs1",203866,"C007254",2701,0,0,14.135523613963,"death",70,1,0,1,0,1,23.990109927,0,1,8.1230769231,0,0,1,0,0,2.5,NA,72.1043756922496,0.21043756922496,76.5,0.723076923076923,4.47637700639453,0.126200350499283,0.795151691122285,12.7036054760105,0.849813043855348,0.658558702262707,3.40287480787324,2.08279046584181,4.59061847998269,6.01765656685163,2.45115411680192
"1161","shhs1",203013,"C013008",3719,0,0,21.8151950718686,"censor",63,1,0,1,0,1,25.49382716,0,0,0.4838709677,0,0,0,0,0,4.25,30,68.1808421313814,0.51808421313814,281.5,3.23960880195599,4.10728142121029,0.0430523486028138,NA,6.63614652521287,NA,NA,0.858966732773098,NA,14.5927972402833,7.38417982030633,NA
"1162","shhs1",203841,"C001274",2827,0,0,20.8870636550308,"censor",53,0,0,1,0,0,30.654174885,0,0,37.697121402,0,0,0,0,0,1,30,43.0133111160964,-0.99866888839036,274,2.42706131078224,9.08901686839318,0.0330773598227029,1.07748684321218,16.986958143041,1.22141634720917,1.05564068580992,4.14773400545733,2.66914491281228,31.2867976943226,10.1322435465717,10.7392738891095
"1163","shhs1",205798,"C001225",2874,0,0,20.974674880219,"censor",59,1,0,1,0,0,30.648231953,0,0,8.75,0,0,0,0,0,3,29,51.432420470745,-0.7567579529255,280.5,2.86832740213523,8.37961085612838,0.0498313948490966,1.78585068463979,15.6164985036824,2.36103868028345,1.66270971688248,4.20473580360412,1.80122424603218,22.6417745822767,7.41065183530873,5.9528261795959
"1164","shhs1",204998,"C012798",3415,0,0,22.7542778918549,"censor",61,1,0,1,0,0,31.311930242,0,0,13.846153846,0,0,0,0,0,1.75,23.75,53.4306481711973,-0.75693518288027,190,2.25112107623318,6.85099391810951,0.0261939176277864,NA,19.954276560152,NA,NA,2.97688888897217,NA,14.9151735478768,9.06034797429636,NA
"1165","shhs1",203719,"C011117",2970,0,0,21.8069815195072,"censor",60,1,0,1,0,1,21.758780992,0,0,13.53115727,0,0,0,0,0,1.75,23,49.2012304197306,-1.07987695802694,217,2.63698630136986,7.0561807761137,0.0482054841194897,1.71142024345053,17.0500688986153,1.87126595676051,1.53929222648943,4.33355256829542,2.36623473760355,16.8561899197218,9.74806496726685,8.11253366643305
"1166","shhs1",204997,"C008847",3415,0,0,22.7542778918549,"censor",60,0,0,1,0,0,33.846952909,0,0,9.8969072165,0,0,0,0,0,2.25,24,58.7286885205719,-0.12713114794281,100,2.52752293577982,5.44908598730349,0.0545523722005413,1.23745133775739,6.75461758460475,1.30016127279817,1.04699038499305,1.94732018071988,0.887134516965838,13.9961519498638,11.7973695317435,12.0542813852784
"1167","shhs1",205373,"C005379",3270,0,0,22.0561259411362,"censor",56,0,0,1,0,0,30.577777778,0,0,2.5806451613,0,0,0,0,0,2,28,53.9034804669324,-0.20965195330676,250.5,3.49122807017544,6.90746569487789,0.0412685856753327,1.08243417410887,18.0749549648855,1.13123938070949,1.02663039203701,2.45130512290344,1.04137285455476,17.0293351013279,8.14921574464239,6.75411350114801
"1168","shhs1",203439,"C011967",2947,0,0,22.92128678987,"censor",72,0,0,1,0,0,31.804733728,0,1,4.237074401,1,0,0,1,0,3,NA,74.700123615319,0.2700123615319,136,2.69354838709677,3.37039154618151,0.0636007382726817,0.720387754396348,13.5690583150027,0.774850581575367,0.692274210717742,1.43848313386094,0.729155552457224,13.6939473447692,6.46542974447584,5.2018645919862
"1169","shhs1",203303,"C006176",2902,0,0,22.2505133470226,"censor",57,0,0,1,0,0,25.744917351,0,1,4.7893569845,0,0,0,0,0,3.25,30,70.1195469380956,1.31195469380956,115,1.50684931506849,2.96448491221082,NA,NA,9.91290418344063,NA,NA,0.428084372331415,NA,7.19736887458385,4.95301869133931,NA
"1170","shhs1",203603,"C012029",2856,0,0,22.7077344284736,"censor",64,0,0,1,0,0,29.982991179,0,0,17.382465057,0,0,NA,0,0,2.5,29,54.7803868942683,-0.92196131057317,152.5,3.11818181818182,10.6644181287034,0.0449590488656545,1.72492446208932,11.2287911926593,1.88323122932244,1.50203708433715,2.32206135037489,1.78255065934614,24.0620354327208,8.05602382038356,7.82174767257074
"1171","shhs1",205420,"C011500",3285,0,0,21.8015058179329,"censor",57,1,0,1,0,0,32.543617998,0,0,5.5813953488,0,0,0,0,0,2.25,24,66.4127436888809,0.941274368888089,120,1.12375249500998,2.99704717680802,0.0705591955873037,1.00044538703921,11.8048977352717,1.06123001875655,0.938392509637546,1.36844972717655,0.725745615192707,9.40594439235572,7.20336667794604,5.98222671963913
"1172","shhs1",203871,"C012351",2730,0,0,21.2375085557837,"censor",58,0,0,1,0,1,21.147718917,0,0,0.6315789474,0,0,NA,1,0,4.25,30,54.2640316610675,-0.37359683389325,154.5,3.0418410041841,6.68970519869392,0.0308130433297733,1.11747398064984,18.5765324640807,1.19394092951725,1.01785844445279,3.07691365193184,1.44500154463239,17.108094526806,7.9625744443987,6.04658713947439
"1173","shhs1",205735,"C008357",2964,0,1,18.9924709103354,"dementia",61,0,0,1,0,0,20.177777778,0,0,1.5494978479,0,0,0,0,0,3,22,68.6512652892008,0.765126528920079,124.5,1.92941176470588,4.6716596703916,0.072566132817692,1.20845318988254,9.85971944848028,1.34538503918358,1.01454566952709,1.86126364228568,0.606032633280226,10.699878897006,5.17998933635803,3.6702865352376
"1174","shhs1",203252,"C015049",2940,0,1,10.3463381245722,"dementia",70,1,0,1,0,1,27.598650139,0,0,9.9264705882,0,0,0,0,0,3.5,NA,82.0676501291005,1.20676501291005,49,1.25925925925926,2.77874069195776,0.0924818186351765,0.774553657599954,10.6148175336172,0.844990238612793,0.729507321261815,1.30771709820223,0.808526641549185,10.0617294148448,3.11535365405918,3.65958537501061
"1175","shhs1",203367,"C012422",2760,0,0,18.9568788501027,"death",58,1,0,1,0,1,35.454573827,0,1,19.941690962,0,0,0,0,0,3.75,NA,63.3711512947304,0.53711512947304,144,1.63681592039801,4.37562232983564,0.0527194449652559,1.06692469479183,15.9956510326251,1.13935186675299,1.01470629838278,2.47380624456667,1.14507464977396,16.0198803819307,6.57426509298769,5.98435511288029
"1176","shhs1",205567,"C009671",3207,0,0,20.7227926078029,"censor",67,1,0,1,0,0,32.111351912,0,0,46.738544474,0,0,0,0,0,2.25,28,64.5872676687215,-0.241273233127851,155,1.75377969762419,5.38257969341922,0.0560304822308627,1.72651216173163,12.4178279215381,1.82142086826121,1.57814821905258,2.0311676075863,0.296875267030852,13.2055250737409,8.16923808710247,6.05561074250433
"1177","shhs1",205274,"C011312",3347,0,0,11.5893223819302,"death",74,1,0,1,0,1,24.455791454,0,0,16.777629827,0,0,0,0,0,4.5,NA,76.3968487523601,0.23968487523601,133.5,1.69902912621359,5.86083498612674,0.0510974055919019,1.20267369312356,13.027264492236,1.29149388488238,1.09156701436625,1.50424877497051,0.588881985979247,17.0259984964974,3.4694852598099,2.07312268188163
"1178","shhs1",203902,"C010023",2660,0,1,20.0876112251882,"dementia",67,1,0,1,0,0,28.650756144,0,1,0.7792207792,0,0,NA,0,0,4,27,60.8817751841828,-0.61182248158172,178.5,2.60744985673352,6.55763964941299,0.0389367475740658,1.13271218589968,16.7011160583545,1.22772914530922,1.06490539889112,3.74515270534455,1.41167649887465,18.2362662676219,8.06847815685303,5.48431071248848
"1179","shhs1",204988,"C006463",3794,0,0,12.2464065708419,"death",70,0,0,1,0,0,26.971904266,0,1,13.40599455,NA,0,0,0,0,3.5,NA,64.1517792347376,-0.58482207652624,234.5,3.15882352941177,5.62728205005985,0.0477689143745419,1.40938051453877,11.6367324008426,1.45482389343848,1.24855255712761,1.73875585997223,0.671635574342862,19.8998610670578,9.9364222765939,7.9946805979137
"1180","shhs1",205800,"C002237",2974,0,1,19.9835728952772,"dementia",66,1,0,1,0,0,25.693133982,0,0,44.97723824,0,0,0,0,0,2.75,26,46.3777327929546,-1.96222672070454,168.5,1.87185929648241,13.4236436257222,0.0656966912512407,0.921822714059684,16.4654177269899,1.01097705032614,0.804139217402962,3.15640372859558,2.28300394393799,11.3470692412617,11.1005091676384,3.23497119148929
"1181","shhs1",205743,"C005878",2984,0,0,20.2600958247776,"censor",65,0,0,1,0,0,36.652780003,0,0,15.572519084,0,0,0,0,0,2,NA,61.9939701300432,-0.30060298699568,146.5,1.87083333333333,7.82790867409402,0.0622239769476549,1.30690405136249,17.5759919976028,1.38785049477479,1.14783232902002,3.03825966550522,0.927705878563966,14.53374888225,5.89849808818502,3.1071412884402
"1182","shhs1",202926,"C009587",3800,0,1,8.01916495550993,"dementia",74,1,0,1,0,1,26.472107438,0,0,11.908396947,0,0,1,0,0,3.25,NA,77.8767914719043,0.38767914719043,27.5,3.15873015873016,5.43421975099773,0.1201538824682,0.310046317936354,18.6514923756624,0.329360895102461,0.288449567300624,1.22277164214817,0.68557864713118,10.0896833618984,4.01787524596726,2.24965417576919
"1183","shhs1",203158,"C013469",3626,0,0,21.0130047912389,"censor",60,1,0,1,0,1,25.926530612,0,0,1.0227272727,0,0,0,0,0,3,30,55.2884035261972,-0.47115964738028,143.5,1.59547738693467,6.19414497203838,0.0418151285985954,1.91712633860421,13.3956033278485,2.10558381121793,1.68741845576359,2.4621223467762,1.0254375182869,16.0822889421839,9.27318325538009,8.50670359158735
"1184","shhs1",203514,"C003099",2836,0,0,22.3436002737851,"censor",56,0,0,1,0,1,22.956841139,0,0,0.9056603774,0,0,0,0,0,3.5,30,56.8003484131765,0.0800348413176501,192.5,3.18318318318318,9.56323743972503,0.0675214182675443,0.967742216200432,13.5708251980151,1.01657281220219,0.881242337770361,2.35738819106967,1.15708680742617,16.8927875854117,6.51790882610673,5.07362894642351
"1185","shhs1",205431,"C005022",3367,0,1,19.8412046543463,"dementia",65,1,0,1,0,1,28.946124764,1,1,1.4523449319,0,0,0,0,0,2.75,27,62.270638308556,-0.2729361691444,192.5,3.24770642201835,8.01935760996909,0.0430950056759609,NA,12.6125497152797,NA,NA,1.21138702272928,NA,21.8685805681365,7.99012303577711,NA
"1186","shhs1",205462,"C004084",3231,0,1,10.5188227241615,"dementia",73,1,0,1,0,1,24.599690083,0,0,2.3780487805,0,0,0,0,0,2,NA,70.4517143622066,-0.25482856377934,111,1.5970515970516,4.00716091633341,0.0831483792151847,2.00114392131579,15.1141261365054,2.51144617570923,1.9134595423021,1.73158345482622,0.998325051648644,14.2717009643454,5.11596157144508,4.91315709670706
"1187","shhs1",205733,"C013517",3057,0,1,18.6064339493498,"dementia",72,0,0,1,0,0,32.622222222,1,1,10.735930736,0,0,0,1,0,1.75,26,66.4157403579831,-0.55842596420169,125.5,1.53200883002208,4.82267634577493,0.0463540745297471,1.48544350798687,14.1555032825971,1.56452497308788,1.29190180192994,1.8509384505179,0.565751912109365,7.92313482664294,7.7068583561226,4.54794987158175
"1188","shhs1",205631,"C014103",3217,0,0,20.8131416837782,"censor",67,1,0,1,0,0,21.545090797,0,1,14.117647059,1,0,0,0,0,3.5,25,69.1620036433722,0.21620036433722,125,1.89972144846797,6.58316135512678,0.115936881098288,0.721583604972368,14.9775700505377,0.804015871787634,0.707634738554162,1.92767728961521,1.16304800994628,11.7886232499047,6.43897208108089,4.64530879040793
"1189","shhs1",203969,"C005315",2792,0,0,21.3935660506502,"censor",60,0,0,1,0,0,22.481329066,0,0,0.1860465116,0,0,0,0,0,1.75,29,61.5110222275034,0.15110222275034,32,0.420062695924765,6.17952755899194,0.0495358096022386,0.974234956319481,13.9322081896257,1.00984082837724,0.891498459709604,1.72570539255539,0.814899060315383,5.79872207274566,7.57717898853094,5.50550149881314
"1190","shhs1",202980,"C015213",3803,0,0,20.5749486652977,"censor",64,0,0,1,0,1,21.825396825,0,0,1.3432835821,0,0,0,0,0,2.75,30,67.6117487885816,0.361174878858159,122.5,1.75328947368421,4.4975637655661,0.0420136322576681,1.6366654583802,11.9467191282319,1.7387299854553,1.48184380102091,1.77867700456042,0.888804332548048,12.7956647740587,4.68964093835095,4.42358882958208
"1191","shhs1",203657,"C003765",2805,0,0,17.3388090349076,"death",61,1,0,1,0,1,31.257480934,0,1,0.4054054054,0,0,0,0,1,3.25,30,59.5854667326062,-0.14145332673938,104.5,2.50180505415162,8.5159555899205,0.042862627845114,1.35974248582927,16.8722284704671,1.77477002244265,1.48487805765517,2.95943390130522,1.32585021120479,27.5681822795146,6.16577890737545,4.87637797823931
"1192","shhs1",205496,"C005073",3324,0,0,20.4134154688569,"censor",62,1,0,1,0,0,27.612630466,0,0,19.251336898,0,0,0,0,0,3.75,25,75.7120062486766,1.37120062486766,176.5,1.57066189624329,4.84975732716451,0.182423567400146,NA,11.2725562650746,NA,NA,1.42076341715213,NA,15.7337801462182,5.60644835262091,NA
"1193","shhs1",203945,"C002324",2732,0,0,21.4702258726899,"censor",59,1,0,1,0,0,28.866955111,0,0,10.539523212,0,0,0,0,0,3,28,59.8623772475223,0.0862377247522304,190.5,2.02325581395349,4.01384354066988,0.0557920135800642,1.59337178622214,17.638620578401,1.68322660042078,1.45820171533607,2.80272386772167,0.594969616828387,11.6129916589187,7.34170361412457,6.11662718860986
"1194","shhs1",205270,"C009371",3360,0,1,19.772758384668,"dementia",64,1,0,1,0,0,29.191836735,0,0,1.6176470588,0,0,0,0,0,3.25,23,48.4838851961454,-1.55161148038546,523.5,3.7192118226601,10.0758561189411,0.0398087827683895,1.69265090747978,15.2581264195808,1.80760676675276,1.57823714778665,2.72937514999281,1.56268073144495,18.62818863866,9.76077393811502,7.75278811701981
"1195","shhs1",205103,"C009795",3380,0,1,7.80287474332649,"dementia",73,0,0,1,0,0,20.776092439,0,1,2.7195467422,0,0,0,0,0,3.5,NA,73.7050328317403,0.0705032831740297,61,1.61244019138756,8.18093037898187,0.0585479360029178,0.716346030750957,10.8125770027131,0.753049279287711,0.679595376703786,1.74258133157537,0.613226113983252,12.946895728166,5.11397668293251,5.22447250705764
"1196","shhs1",203584,"C002133",2836,0,0,23.2060232717317,"censor",64,0,0,1,0,0,35.359977324,0,0,11.470588235,0,0,0,0,0,4,28,57.4989688184192,-0.65010311815808,117,1.23219814241486,8.77083961693045,0.043695236479529,1.3134058048067,18.6126724763729,1.35486105236575,1.17833829488926,3.74559734590402,1.20907689332526,16.1708053612858,7.5088311821988,6.15685218917538
"1197","shhs1",205311,"C013148",3478,0,0,21.2758384668036,"censor",59,0,0,1,0,1,18.443649972,0,0,0.1550387597,0,0,0,1,0,3.75,28,62.4943838863267,0.34943838863267,225,2.64959016393443,5.64624906191328,0.0522860918645584,1.64795651656052,9.47799321243661,1.7054370782514,1.49725089446865,1.4056864501224,1.19767636723664,17.2177858078345,6.33239326342225,8.15287811003829
"1198","shhs1",203536,"C008170",2814,0,0,9.65639972621492,"death",70,1,0,1,0,0,36.140532951,0,1,20.294117647,0,0,0,0,0,3.75,NA,66.4344559610578,-0.356554403894221,106,2.32227488151659,3.86773239457354,0.0307219888966846,0.881475762796756,12.1116055040436,0.925075296653002,0.806702399863999,1.98246796130369,1.50666927709968,14.3947182307407,9.24149503095093,7.21303678482363
"1199","shhs1",203782,"C012426",2733,0,1,15.564681724846,"dementia",58,0,0,1,0,1,31.171875,0,0,2.0055710306,0,0,0,0,0,2.75,26,58.6263331806079,0.0626333180607901,116.5,3.2734375,7.66563684674802,0.0629183599277099,1.07827513172634,12.6434775418332,1.17195155229531,0.991764479480952,2.13022379741409,1.02192886442236,18.0577461322234,7.96920472804022,6.35996644824576
"1200","shhs1",203351,"C006375",2937,0,0,21.6618754277892,"censor",62,1,0,1,0,0,26.964036,0,0,10.357142857,0,0,NA,0,0,2.5,25,71.7719238325745,0.97719238325745,149,2.47863247863248,4.52511322339274,0.0392227371446327,0.88195651198965,10.1148043416116,0.938965480563144,0.812406640348802,1.10558696508818,0.63684227183138,18.7216880719038,4.73832240956665,4.77275852709342
"1201","shhs1",205045,"C002608",3429,0,1,20.7364818617385,"dementia",67,0,0,1,0,1,32.767184746,0,0,1.8983050847,0,0,0,0,0,2,29,57.9445196813162,-0.90554803186838,179,2.94350282485876,12.0803254565422,0.0341286501035437,0.923246232092376,14.148546034565,0.968592075028028,0.7741587229552,2.12931812848152,0.986781067321222,19.8495107340177,7.33304054428796,5.10363603660957
"1202","shhs1",205193,"C008506",3367,0,1,20.3449691991786,"dementia",62,0,0,1,0,0,23.880251534,0,0,4.048582996,NA,1,0,1,0,2.5,26,65.1178320210334,0.311783202103339,190.5,3.49538461538462,7.75455750082821,0.0990896226271558,0.737036534976138,8.89101579817129,0.780899699946941,0.685679680209953,1.79741946825752,0.886266533828408,16.3313951769213,7.9697489641626,7.29491262457573
"1203","shhs1",203150,"C009990",3016,0,0,22.4065708418891,"censor",59,1,0,1,0,1,28.604081633,0,0,1.9622641509,0,0,0,0,0,3.75,30,55.1314211060084,-0.38685788939916,354.5,2.9766081871345,7.33272844368762,0.0299138855044505,1.49808958351097,12.1757030793815,1.55043618104137,1.32342291803896,1.90024859448173,0.707623191586023,16.098692208476,8.59560912389783,7.09071046255181
"1204","shhs1",203095,"C004124",3682,0,0,20.4079397672827,"censor",62,0,0,1,0,1,28.63810767,0,0,4.8231511254,0,0,0,0,0,1.5,29,61.0533345721751,-0.0946665427824897,197,2.35476718403548,4.72431714493549,0.0667801679382078,0.969401226011012,16.4135499995263,1.01890293295989,0.883228218419314,2.66949408214678,0.709451532653957,12.5413028273956,9.37870011757334,6.78024621536486
"1205","shhs1",203551,"C003425",2865,0,1,16.3422313483915,"dementia",67,1,0,1,0,1,26.906122449,0,0,3.8866396761,NA,0,0,1,0,3.5,28,68.1831838099506,0.118318380995061,177,2.49489795918367,5.30216783906806,0.0599307664116209,1.45228358893126,12.3731134195021,1.54016262878925,1.2774484219042,2.16068920927463,0.762756564003807,19.0330424126806,6.37689280866369,5.12372097078521
"1206","shhs1",203099,"C013351",3688,0,0,21.9192334017796,"censor",55,1,0,1,0,1,26.137436015,0,1,14.242837653,0,0,NA,1,0,3.75,26,61.7566717314423,0.67566717314423,250,2.21090047393365,2.43193027883558,0.390064274908761,0.796240437190552,13.5758623367477,0.939680558805085,0.715726141894559,4.52482059023177,4.81953451340138,1.83814586673722,7.03655202006628,6.18347515418209
"1207","shhs1",205634,"C008997",3099,0,1,21.5906913073238,"dementia",64,1,0,1,0,0,24.921878014,1,1,1.9174434088,1,0,0,0,0,1.5,28,68.8955134970005,0.489551349700049,140.5,1.68,4.33207508390769,0.050539696121393,1.3519766069658,11.4597116641145,1.40168319049211,1.19156825412085,1.73954557919376,0.499064644102313,13.4536900050624,5.87424043153252,3.44143831488894
"1208","shhs1",205159,"C008124",3361,0,0,7.31006160164271,"death",57,1,0,1,0,0,29.650148764,1,1,6.5024630542,0,0,0,0,0,1.75,NA,55.5619382790119,-0.14380617209881,232,2.4,4.78032478603282,0.0902261023810187,1.5485949238957,17.9240250380187,1.6614637751086,1.43786837290998,3.76792761432448,2.052214640078,15.875398204311,8.42892369502078,8.74526152666176
"1209","shhs1",205453,"C001773",3242,0,1,15.1567419575633,"dementia",69,1,0,1,0,0,23.481883601,0,1,6.0251046025,0,0,0,0,0,2.25,NA,68.6935344863465,-0.0306465513653507,165.5,1.70522388059702,4.11284672705902,0.0634108299456788,1.28499333687643,14.8527005358958,1.36865050576741,1.18613820751637,2.3855903288471,1.61614174508001,15.1945385232878,6.22641861338302,5.09720839461463
"1210","shhs1",205121,"C007976",3325,0,1,15.6249144421629,"dementia",71,1,0,1,0,1,31.486294896,0,0,40.967741935,0,0,0,0,0,2.5,28,76.5370854174503,0.55370854174503,137,1.31452991452991,4.83860527358535,0.0722775015488411,NA,11.7697170170132,NA,NA,1.27552077801161,NA,12.3755508570379,4.20365311482672,NA
"1211","shhs1",203382,"C009117",2899,0,0,21.264887063655,"death",55,0,0,1,0,1,24.572649573,0,0,0.5217391304,0,0,0,0,1,3.5,NA,62.185285294003,0.7185285294003,351,2.97785977859779,5.53493672364725,NA,NA,13.6272200363134,NA,NA,1.69271543170772,NA,20.2993070667928,6.45291028636909,NA
"1212","shhs1",203856,"C004658",2701,0,0,21.1745379876797,"censor",55,1,0,1,0,1,30.519223147,0,0,1.9094247246,0,0,NA,0,0,3,25,47.5077548325699,-0.74922451674301,276.5,2.47519083969466,5.49389780432506,0.0232754100198379,1.54305325321191,13.2284684025283,1.62959401074031,1.37271714847806,1.94827624574398,1.32869037964846,15.8939158440838,12.7053699723059,13.893481824693
"1213","shhs1",203696,"C009165",2790,0,0,21.368925393566,"censor",54,1,0,1,0,1,30.035713196,0,0,14.678899083,0,0,0,0,0,2.25,29,56.7251271481381,0.27251271481381,97.5,1.49671052631579,6.45791246405686,0.0462457673569972,1.13445340838785,15.340140947265,1.27857875355464,1.02149570623945,2.7192747856772,0.831402380035732,11.9982767075728,7.3382786878534,5.76862340107208
"1214","shhs1",205107,"C007578",3314,0,0,22.8090349075975,"censor",66,1,0,1,0,0,25.085034014,0,0,13.009985735,0,0,0,0,0,2.25,27,69.4836061956174,0.34836061956174,141.5,2.0233918128655,7.08742491989651,0.0731683846771429,1.20864038795131,11.9708307735609,1.26633960751673,1.10511246657588,1.64550677785734,0.327341874887509,13.3321824303701,4.98471400280895,3.82113386200499
"1215","shhs1",202946,"C015728",3743,0,0,13.6673511293634,"death",56,1,0,1,0,0,30.524098776,0,0,59.841269841,0,0,NA,0,0,2,NA,47.8421984329356,-0.81578015670644,253,2.90339425587467,9.15342472297267,0.0250713472679513,1.10387105531448,13.6035001339037,1.16867910580839,0.966066517305809,2.47867205745308,1.71264699103446,21.6190484899755,11.371813254737,10.3979864756221
"1216","shhs1",203648,"C013638",2745,0,0,21.5222450376454,"censor",57,0,0,1,0,1,32.272456871,0,0,10.866141732,0,0,0,0,1,2.5,30,68.9740631749723,1.19740631749723,118,2.62162162162162,4.93235107280202,0.0862095255544284,0.82827408024779,11.0172779182266,0.899008291444873,0.766767874020307,1.51563967637048,0.760482962983281,23.9628817113972,6.63719255387725,5.30592869346248
"1217","shhs1",203943,"C007727",2627,0,1,15.0088980150582,"dementia",71,0,0,1,0,0,24.458932912,0,0,0.7177033493,0,0,NA,0,1,1.75,14.444444444,60.6796865742532,-1.03203134257468,287,4.58457711442786,11.8169089422655,0.0313510206111211,0.95613165024013,9.13620544242522,1.01599845788599,0.866508865270221,1.48797669350378,0.618431078684655,22.148254019569,8.40818494028574,6.89265475687404
"1218","shhs1",205643,"C007333",3039,0,0,21.6235455167693,"censor",65,0,0,1,0,1,37.814959851,0,1,16.755646817,0,0,0,0,0,3.5,28,62.709790647507,-0.2290209352493,89,1.91954022988506,4.88999313166958,0.054447807019396,1.6065144930274,15.7354284062301,1.7705349183559,1.47678891461898,2.64323140040012,1.46762706857761,16.5403034877638,7.11935512624287,6.00656191411967
"1219","shhs1",205344,"C011637",3422,0,0,21.719370294319,"censor",57,1,0,1,0,0,35.605760338,0,1,2.6221079692,0,0,0,0,1,4,NA,62.2317174434191,0.52317174434191,272,2.94534412955466,6.48021979291825,0.0702499132249541,1.0995559354958,12.0566795432781,1.16556537188141,0.997185519069506,1.65857709617674,0.683238256871953,19.3703337248514,6.99604923107922,5.31132058296368
"1220","shhs1",205092,"C011179",3379,0,1,20.9007529089665,"dementia",70,0,0,1,0,1,23.7332384,0,0,5.9203036053,0,0,0,0,0,2.25,29,62.4809666738076,-0.75190333261924,52.5,1.5968992248062,8.00978599787421,0.0961676033549876,1.87943201965932,10.6368915190804,2.04890573348612,1.70738954087645,2.35807313077358,0.93121373913803,15.5394162246583,9.59455882391501,5.94903653306492
"1221","shhs1",203468,"C012726",2871,0,1,21.4674880219028,"dementia",57,0,0,1,0,0,33.568338407,0,1,3.7844940867,0,0,NA,0,1,2.5,30,52.0552765001495,-0.49447234998505,318.5,2.93139293139293,7.65017485957165,0.0448896826421475,1.41089768007404,17.7749719100952,1.6114529391698,1.31164971158454,3.96457486296503,1.19189623163434,19.3762261531589,8.35192575890631,7.47605547977149
"1222","shhs1",205118,"C002125",3394,0,0,22.9869952087611,"censor",65,0,0,1,0,1,19.912131519,0,0,1.163434903,0,0,0,0,0,1.75,29,67.7939989072089,0.27939989072089,148.5,2.08588957055215,6.08466008250653,0.0852508964430229,0.999994565497752,15.8851831365386,1.06566550332436,0.881847500901882,2.10707938617739,0.735250083667166,12.8908858006657,5.46041688543505,3.03220099381719
"1223","shhs1",203893,"C012998",2712,0,0,22.5106091718001,"censor",52,0,0,1,0,1,27.58725804,0,0,1.5601300108,0,0,0,1,1,1.75,30,48.2464507069592,-0.37535492930408,155,1.64516129032258,8.95372107495895,0.0556169854210084,1.45843807475529,20.3189965518394,1.56412157110919,1.26606466382871,3.38927937778442,2.08967258875005,16.0715203132495,6.87485671998887,7.33654546889527
"1224","shhs1",203762,"C015663",2693,0,1,18.4750171115674,"dementia",69,0,0,1,0,1,22.060353798,0,1,1.3705583756,0,0,NA,0,0,3.75,30,69.6236493764823,0.0623649376482305,133,1.91948051948052,4.2429067221228,0.0622080266591283,1.44399793282264,18.87604304281,1.5816882863345,1.27258019528787,3.23572702041355,1.18083056304824,16.0524579000775,4.10182958143696,2.90048162356596
"1225","shhs1",205460,"C015454",3281,0,0,21.968514715948,"censor",59,0,0,1,0,1,24.921878014,0,0,1.7370325694,0,0,0,0,0,3.25,NA,68.792255958396,0.9792255958396,131.5,2.6969696969697,6.21378106295885,0.100172491116373,0.815208261090453,13.4049376091289,0.87020663690339,0.756715211770951,1.62386932144938,0.52323391757255,16.9014717227561,5.13527672404849,3.81142594250985
"1226","shhs1",205109,"C011387",3352,0,0,15.6796714579055,"death",66,1,0,1,0,1,31.500869937,0,0,5.9040590406,0,0,0,0,0,3.5,NA,71.3320254123897,0.53320254123897,100.5,1.47395833333333,6.57804802484891,0.0735532727249971,0.720836899760676,9.3064369751076,0.748205328291251,0.666192055101419,1.22233867339113,0.61803102611639,9.49457752868536,5.79238481522116,4.72257104065293
"1227","shhs1",203284,"C014678",2932,0,0,21.9000684462697,"censor",55,0,0,1,0,1,36.693393088,0,0,1.5345268542,0,0,NA,0,0,3.25,30,48.9338436014277,-0.60661563985723,148,2.77254901960784,7.18171722090794,0.0324324347638858,1.22822785797772,19.333865308146,1.31398900204968,1.15041132596171,3.80722393353901,2.03816188182827,16.296012414147,8.83713927623002,6.98500348072502
"1228","shhs1",203753,"C015627",2932,0,1,14.9103353867214,"dementia",69,1,0,1,0,0,29.453061224,0,0,14.322132097,0,0,0,0,0,1.75,14,63.5013867747671,-0.54986132252329,239.5,2.01349072512648,8.67101420354288,0.0472847235154787,1.17102041566912,13.072766321485,1.21348663248925,1.00863673594455,2.65336121668633,1.2722222818275,13.7123151969162,6.05463458522071,4.30008355993581
"1229","shhs1",205577,"C006674",3166,0,0,20.5256673511294,"censor",59,0,0,1,0,0,27.699548629,0,1,1.8575851393,0,0,0,0,0,1.75,30,71.2998483166494,1.22998483166494,158,2.6969696969697,3.80240200573606,0.0926437360578284,0.899394867318732,13.3003404620708,1.1325700963588,0.932959571581772,1.46144929544365,0.445168533048182,16.7744268576065,4.69016486699218,3.43023572761397
"1230","shhs1",203058,"C014543",3699,0,0,21.8261464750171,"censor",66,0,0,1,0,0,21.614069691,0,0,0.8938547486,0,0,0,0,0,2,29,63.4033022108953,-0.25966977891047,173,2.72794117647059,9.35352343449726,0.0747329209256077,0.976477540254012,16.4761663109519,1.01982342682114,0.883997593114526,2.30201376463223,0.887021173145469,13.6355574349989,5.20897353545233,3.4890243812943
"1231","shhs1",205419,"C003202",3270,0,0,7.96988364134154,"death",65,0,0,1,0,0,25.6,0,0,2.5396825397,0,0,0,0,1,2,NA,68.2635887373886,0.32635887373886,115.5,2.01071428571429,5.6645048183716,0.0725896170099452,0.996801554588226,14.9816596864213,1.11044140859429,0.931300225527758,3.04041247976704,1.31710403218705,20.7168468357949,6.0760605106956,4.59358984364486
"1232","shhs1",203373,"C011643",2877,0,0,21.7713894592745,"censor",53,0,0,1,0,1,30.46875,0,0,14.228187919,0,0,0,1,0,3.5,NA,55.7991839094436,0.27991839094436,292,3.10135135135135,6.46392214647036,0.0329195299384904,1.13647224347899,13.0557120349517,1.16810618078362,1.04393715530144,2.62448052627152,1.05202281267398,17.1755717006279,7.38472069392575,6.76744493343143
"1233","shhs1",205791,"C000670",2896,0,0,2.90485968514716,"death",62,1,0,1,0,1,29.510591673,0,0,5.635359116,0,0,0,0,0,4.75,NA,62.5079240004221,0.0507924000422101,153.5,2.0390243902439,7.94457630288511,0.0560002167499848,1.15539680158319,14.3046805005848,1.23069139345756,1.05491190043332,2.06887112403448,1.16086068965984,13.3527745366174,5.08966539188397,4.07244918439178
"1234","shhs1",205054,"C008607",3435,0,0,21.3744010951403,"censor",70,0,0,1,0,1,24.435186669,0,1,6.8571428571,0,0,0,0,0,2.25,NA,63.5413794060911,-0.64586205939089,396.5,2.8715953307393,7.24700055679194,0.0523169023408537,1.14951010823724,12.6489933190068,1.27980485454812,1.09564320705553,2.1580412372954,1.1689911233925,17.2583752789348,7.8759257488979,6.71194193638929
"1235","shhs1",205644,"C004574",3220,0,0,21.429158110883,"censor",57,0,0,1,0,0,20.249673392,0,0,4.6451612903,0,0,0,0,0,1.5,30,49.1517398190214,-0.78482601809786,133,2.73456790123457,7.71758888926613,0.0417040135084688,1.48474047603243,21.9974952558324,1.56179176332915,1.34999764456032,5.01684339129035,1.14120958008691,19.0671133510592,9.54438463370436,6.62318560980988
"1236","shhs1",205801,"C001603",2894,0,0,7.51266255989049,"death",54,1,0,1,0,1,26.730371901,0,0,14.260429836,0,0,0,0,1,1.25,NA,46.5576454021625,-0.74423545978375,305.5,3.13827160493827,9.67814186432753,0.0539536826310936,1.17494452867618,19.8569343284445,1.361820262645,1.18819953786918,3.48974505107119,1.39078989822618,17.9611356301499,9.13577475253583,6.24028979268964
"1237","shhs1",205607,"C013863",3107,0,0,21.0759753593429,"censor",59,0,0,1,0,0,30.846276673,0,1,0.665742025,0,0,0,0,0,2.5,29,46.2603655154882,-1.27396344845118,158.5,1.74390243902439,10.730489876584,0.0461628775962255,1.90280264224015,18.5718928797231,2.00168637323925,1.72601105156758,4.38736526122857,1.67605415908552,19.8620481619908,9.65861518192868,7.03287848126624
"1238","shhs1",205191,"C002876",3555,0,0,21.1416837782341,"censor",62,1,0,1,0,0,33.591626435,0,1,27.107438017,0,0,0,0,0,1.75,29,57.8815696774476,-0.41184303225524,473.5,3.60216998191682,5.68254107528885,0.0391030305992266,NA,12.5116343076715,NA,NA,1.30653921847291,NA,14.7190606564824,8.83360644883714,NA
"1239","shhs1",203407,"C004924",2863,0,0,21.015742642026,"death",59,1,0,1,0,1,30.129211448,0,0,2.7692307692,0,0,0,0,0,2.25,30,63.1155097943469,0.41155097943469,189,2.7636761487965,6.88501217515583,0.0427567966140597,1.01115138277768,9.63297068168661,1.12380628895246,0.942542540280211,1.43959766709269,1.01346853370288,14.6983691322956,5.77044370373087,4.37655458551938
"1240","shhs1",203881,"C013223",2738,0,0,21.0075290896646,"censor",66,1,0,1,0,0,24.894759762,0,0,2.5154130703,0,0,0,0,0,2.5,30,65.9591435778467,-0.0040856422153297,306.5,2.94041867954911,5.09155084377992,0.0512051287575857,1.19324094076426,15.1631077716691,1.28370160515455,1.08482344072116,2.120714017379,0.678591218579781,19.9805845967239,7.09894115473918,7.34879304923676
"1241","shhs1",205335,"C014352",3304,0,0,21.5605749486653,"censor",61,1,0,1,0,1,29.103569497,0,0,4.2966751918,0,0,0,0,0,2,26,60.7779103799901,-0.0222089620009903,212,2.24565217391304,7.64835845172308,0.0762096463847112,1.64250727445964,14.0108548141925,1.87983405684215,1.49751844650946,2.01437548356203,0.694750606672192,18.0427861158269,6.26971422241356,2.11851286611817
"1242","shhs1",205066,"C014462",3379,0,0,22.6639288158795,"censor",61,0,0,1,0,1,21.171875,0,0,15.629522431,0,0,0,0,0,3.5,29,59.0130289504765,-0.19869710495235,285,3.15989159891599,7.18903420450091,0.0442925758923904,1.48046985138098,14.0508762104406,1.60269669864791,1.31240432240801,2.27755643814441,0.951221694480655,14.8353781822205,5.86436944288273,3.90391619172846
"1243","shhs1",203024,"C003265",3722,0,1,19.8576317590691,"dementia",74,0,0,1,0,1,28.005221312,0,0,13.204353083,0,0,0,0,0,3.5,NA,64.4475781568046,-0.95524218431954,103.5,1.0537084398977,6.54417206119052,0.077627998722001,1.85303455104788,18.0929974604217,1.99923637043226,1.55453497860526,4.23499620553605,1.69335415213335,10.1862975661426,5.77422677006817,3.47207835021621
"1244","shhs1",203273,"C005975",3523,0,1,13.8316221765914,"dementia",69,1,0,1,0,1,31.234136582,0,1,25.109114249,0,0,0,0,0,2.75,27,63.838969461203,-0.5161030538797,69,1.30451127819549,3.94928348457799,0.0458978932366037,1.70475929601148,16.6228408771786,1.79843862676099,1.50383023731296,2.73915849629057,1.84588695384965,9.80290530923748,6.51597724088274,6.29551182472729
"1245","shhs1",204978,"C005566",3810,0,0,21.4948665297741,"censor",67,0,0,1,0,0,19.629971615,0,0,7.6276958002,0,0,0,0,0,2.75,27,67.6128966080497,0.0612896608049695,370,3.4901185770751,4.87646757025669,0.0753918201660221,1.10320966884453,17.0249160629632,1.19776220368875,1.04316751306111,2.05296788676912,0.845471988372668,16.3901686092948,5.54783792592378,5.50248827900113
"1246","shhs1",203211,"C015385",3036,0,0,16.9965776865161,"death",55,1,0,1,0,1,37.209052592,0,1,74.231227652,NA,0,0,0,0,2.25,NA,48.8956915341691,-0.61043084658309,229.5,1.08715596330275,6.48069649861327,0.080604107159062,0.923618042747017,25.9663467159888,0.967948758745217,0.843691149832203,4.36254623261464,3.42960254900244,10.4545247024532,10.3112206456129,3.76277178701763
"1247","shhs1",204990,"C013684",3423,0,1,15.2826830937714,"dementia",71,1,0,1,0,0,34.039773552,0,0,34.157973174,0,0,0,0,0,1.75,NA,68.4802122016848,-0.251978779831521,164.5,1.7448275862069,4.46189287604779,0.0459707946121567,1.31787768997116,10.8681064197099,1.4110221874937,1.16281115914148,1.77372526621805,1.2310340384274,13.0513839217695,7.5596919357989,7.39095222735258
"1248","shhs1",203596,"C012523",2811,0,1,22.9459274469541,"dementia",67,0,0,1,0,0,22.063680803,0,1,1.9948849105,0,0,0,0,0,3,29,71.7272578383935,0.47272578383935,114,2.04833836858006,5.02874734259465,0.054309819318115,1.08853078329495,13.521715806079,1.15004386758124,0.968352105173381,1.67774006247757,0.638832864838077,16.0807519089463,4.81705945242474,4.44211620555881
"1249","shhs1",205519,"C013233",3284,0,0,11.2306639288159,"death",65,0,0,1,0,1,26.928643481,0,1,0.971659919,0,0,0,0,1,3,NA,64.2499532832018,-0.0750046716798195,157,2.63109756097561,5.79148138680645,0.0428820342532033,0.76763166823676,16.6453283429857,0.813583754815443,0.739099770038765,2.23642560776137,1.49998509805236,16.5620172552091,6.64905446674702,6.03736240159349
"1250","shhs1",203480,"C004882",2892,0,0,22.9596167008898,"censor",60,1,0,1,0,1,32.314335554,0,1,47.176781003,0,0,0,0,0,1.75,NA,46.045156844456,-1.3954843155544,290.5,3.05251141552511,5.5240960620616,0.0222548876184521,1.55800797120873,24.0071780511109,1.62332892531786,1.43457204272868,4.61196422777735,1.78937981639111,16.7509132310931,11.3148881829102,8.85481642212215
"1251","shhs1",203449,"C007803",3103,0,1,21.0951403148528,"dementia",62,1,0,1,0,0,28.200073507,0,0,5.6226880395,0,0,0,0,1,2.75,29,63.4408466741755,0.14408466741755,173,2.38023952095808,6.58719084848421,0.0523474557788344,0.777753387260238,13.748618126209,0.816578632513336,0.73010387828942,1.51992953209647,0.96378560266324,18.5867951056429,7.91870456224828,6.52924579940283
"1252","shhs1",205333,"C006747",3259,0,1,18.694045174538,"dementia",65,1,0,1,0,0,35.494270484,0,0,17.578692494,0,0,0,0,0,2.5,NA,64.7882806174863,-0.0211719382513706,231.5,3.05909090909091,6.78374874285344,0.0784470608335558,0.912552540008691,16.4323006992863,1.03046595835867,0.896165450469246,2.4996037253025,1.28256555638305,15.9782311622174,5.89556037977347,6.22020313510049
"1253","shhs1",203921,"C008304",2700,0,0,21.3196440793977,"censor",65,1,0,1,0,1,25.737081415,0,0,0.1304347826,0,0,0,0,0,3,28,66.3011339459207,0.13011339459207,280.5,2.76855123674912,5.93500543083022,0.0400654699042384,1.24398467397074,6.92816031383987,1.40281452235006,1.20167220517731,1.07381319384307,0.969462983114043,17.4103215358676,6.97715847546517,4.38528755159305
"1254","shhs1",203365,"C008107",2871,0,1,18.5215605749487,"dementia",63,0,0,1,0,0,23.19109462,0,0,11.659192825,0,0,0,0,0,1.75,28,60.6518824935775,-0.23481175064225,302.5,3.17201834862385,6.75618151986067,0.0377619448784991,1.34997100161312,13.7253915474039,1.46603422411516,1.21645596226865,2.31860607178956,0.625116917813452,17.1392900213846,7.00723445121935,4.44943496629438
"1255","shhs1",203721,"C010993",2737,0,0,22.7542778918549,"death",53,0,0,1,0,1,27.035748862,0,1,0.198019802,0,0,NA,0,0,3,30,56.6899851775333,0.36899851775333,215,3.15136476426799,5.81784826232173,0.043560563719648,1.21140401283743,14.4521829115208,1.31783583315245,1.10369051993332,2.5193960393434,1.26638014644867,20.929242400761,7.30909122509973,6.0763542879502
"1256","shhs1",202989,"C015763",3855,0,0,0.186173853524982,"death",61,1,0,1,0,0,30.163127116,1,1,3.7158469945,1,1,NA,1,0,3.25,NA,66.9224635441266,0.59224635441266,103,1.87078651685393,5.38688153931709,0.0473819260619148,1.06262623744592,13.5057870739104,1.10464903314319,0.994806540318705,2.27078532407619,1.23464863665041,22.0855956705431,5.99149008364124,5.62828891667505
"1257","shhs1",203629,"C000165",2790,0,0,22.0862422997947,"censor",60,0,0,1,0,1,34.577632362,0,1,10.37037037,0,0,0,1,0,4.25,30,52.4691276705288,-0.75308723294712,338.5,3.89756097560976,10.5549557867716,0.0393397309754381,1.27822962660966,12.758148941859,1.33133749621772,1.15609459542288,2.45715259666627,1.01175319477469,22.7060157499996,9.07216700392397,6.79753261738841
"1258","shhs1",203308,"C015752",2967,0,0,23.1895961670089,"censor",65,0,0,1,0,1,35.08650519,0,1,3.1111111111,0,0,NA,0,0,3.25,30,57.2145401442309,-0.77854598557691,87,1.27692307692308,8.46154476929772,0.0797823927821466,1.16571872806112,17.3582880309539,1.26462725791187,1.07442694511662,4.53830499112941,1.20973392246679,13.6286118976822,9.82806674580641,6.94000566461089
"1259","shhs1",205704,"C007662",3100,0,0,21.5989048596851,"censor",59,1,0,1,0,0,33.095521205,0,1,14.295081967,1,0,0,0,0,1.5,30,55.4971042804774,-0.35028957195226,329.5,2.64761904761905,7.91183756551269,0.0300415564103364,1.27719327621099,19.1067204227561,1.39137107605896,1.23905652480396,3.66114499317711,1.18035125579244,23.4266227470582,7.13489474916702,6.10775465187583
"1260","shhs1",205726,"C009908",3032,0,0,20.6187542778919,"censor",58,0,0,1,0,0,22.754312909,0,0,4.8132780083,0,0,0,0,0,3,28,57.5357026686839,-0.0464297331316097,212,2.75697211155379,5.22966678096225,0.0576192024549114,1.63978669225059,14.5723417425335,1.80445453209244,1.37720882820201,2.08069047619556,1.55102908591789,17.5188758172441,7.13277038734584,5.96699592178308
"1261","shhs1",205081,"C008881",3336,0,1,16.3039014373717,"dementia",70,1,0,1,0,0,28.780504884,0,0,6,0,0,0,0,0,3.25,NA,77.4763825198793,0.747638251987929,156.5,2.24935732647815,5.19086543954258,0.120304575136102,0.628045113549068,9.97512997919806,0.708261197834967,0.602355343019614,0.984456075667441,0.677839684928984,20.223295754667,6.8664871495593,3.83352401313825
"1262","shhs1",205684,"C003455",3132,0,0,7.80835044490075,"death",68,0,0,1,0,0,30.914033024,0,1,13.678025852,0,0,0,0,0,3.25,NA,57.3509657126421,-1.06490342873579,126.5,2.88461538461538,11.6980655862808,0.0877575421526859,0.816632986683458,17.2398219078155,0.858519987437082,0.748437621721026,2.30463516377042,1.16773959089305,15.5489107995717,8.79408247976723,4.79903284252767
"1263","shhs1",203676,"C007817",2735,0,0,21.9603011635866,"death",64,1,0,1,0,1,29.024455791,0,1,0.618556701,0,0,0,0,1,3,30,71.4921026003043,0.749210260030431,105,1.26746987951807,5.35640677806435,0.0361055918669858,0.701378823765131,14.0009845972301,0.732949698646562,0.668415663377754,1.11128236665626,0.413661312081041,11.8441433439123,4.07452185639732,2.61442682307218
"1264","shhs1",202954,"C000722",3772,0,0,15.0444900752909,"death",71,0,0,1,0,0,28.321664491,0,0,2.9032258065,0,0,0,0,0,2.75,NA,76.1516336935243,0.51516336935243,70,1.13225806451613,4.88640053716595,0.0828864464628651,0.704624617523389,10.31881777035,0.83333135716337,0.676147564255476,1.34745635283807,0.711488299825589,14.0101599103808,6.43481943448663,3.5422923252629
"1265","shhs1",203032,"C009253",3736,0,0,7.1047227926078,"death",66,0,0,1,0,1,30.795847751,0,0,2.3388305847,0,0,0,0,1,2.5,NA,66.6278103808701,0.0627810380870102,128,1.6421568627451,6.13468261657908,0.087610945197608,1.10680408282159,14.5324329209813,1.1644200266529,0.9879664106855,2.59175142669971,1.97995408849284,13.1324321276579,5.64682599259261,8.67594516654701
"1266","shhs1",203212,"C013032",3009,0,0,21.8781656399726,"censor",55,0,0,1,0,0,32.297866163,0,0,1.134751773,0,0,0,0,0,2,NA,48.4104852961664,-0.65895147038336,220.5,3.61494252873563,14.0351915034735,0.0419110234625082,0.972867152135603,10.9130916313173,1.05060859566442,0.901635622711433,2.15635703306016,1.07381560160124,20.3248786287976,8.67393117061097,8.96078893484205
"1267","shhs1",203229,"C012234",3479,0,0,2.73237508555784,"death",59,0,0,1,0,0,34.921875,0,1,19.558573854,0,0,0,0,0,1.5,NA,60.4180092051061,0.14180092051061,139.5,3.04830917874396,6.94278366206357,0.0383608506916968,1.60702309336308,13.7158358996636,1.73630950734583,1.44776586836223,2.09318183100416,0.844315396633925,22.0708996737315,5.9561420132386,4.69926972727003
"1268","shhs1",205756,"C015555",2931,0,0,19.564681724846,"death",69,0,0,1,0,0,34.8,0,1,7.0666666667,1,0,1,0,0,2.5,24,64.211139218054,-0.4788860781946,228.5,2.4295010845987,7.82381927969328,0.0658069465539784,1.01934275796108,17.9558625952253,1.07943358124968,0.899161758959046,3.22930183648911,1.47842677113614,15.396736087485,5.57350755168828,4.90416425303623
"1269","shhs1",202906,"C006545",3773,0,1,21.4893908281999,"dementia",61,0,0,1,0,1,26.171875,0,0,0.4337349398,0,0,0,0,0,3.75,26,63.4305903575935,0.24305903575935,213,2.21894736842105,5.85301066499288,0.0571896798886211,1.16996884021246,13.9430271627134,1.38193572360286,1.08828622975689,2.51101516743465,1.16457507497501,15.3725060479083,5.72413296896993,5.07015685308964
"1270","shhs1",205695,"C014136",3132,0,0,18.7132101300479,"death",59,0,0,1,0,0,22.793319562,0,1,0.1552393273,0,0,0,0,1,2,30,60.9259785812006,0.19259785812006,248,2.68067226890756,6.56197515073283,0.0781630490297249,1.065851217532,10.3821183805143,1.23815920361352,1.04143892355826,3.59921563215768,1.25385380666979,15.3979145256519,7.94061681277329,6.20767250612331
"1271","shhs1",205217,"C011742",3265,0,0,15.6824093086927,"death",58,1,0,1,0,0,36.141194095,1,0,8.776371308,1,0,1,1,0,2,NA,61.4719729832985,0.34719729832985,154,2.34594594594595,5.02884371570835,0.0536261652513452,1.24200476507172,10.7013436513415,1.34317875647663,1.1604298485508,1.68776068130514,0.603836683246572,13.3740030253565,8.40910373689159,7.54746578668631
"1272","shhs1",203112,"C000275",3029,0,1,10.7405886379192,"dementia",70,1,0,1,0,1,29.794217902,0,0,26.91943128,0,0,0,0,0,2.5,NA,75.7887912222207,0.57887912222207,121.5,1.4198250728863,6.25292093252551,0.115270857394495,0.716434945292038,11.2549615638325,0.738866303157235,0.668755411421974,0.993899870864897,0.241546109418188,12.254626244182,6.29714583201788,4.32131081622801
"1273","shhs1",202915,"C002217",3807,0,0,21.5715263518138,"censor",64,0,0,1,0,1,31.791603935,0,0,4.847001224,0,0,NA,1,0,2.75,27.931034483,58.8532122178282,-0.51467877821718,257,4.38732394366197,4.39896093335583,0.0182535821029348,1.21853950021166,17.1735050793529,1.24727336948247,1.11805311499475,2.93196645243414,0.662691579889716,20.8676774766755,9.508618317857,4.52027201728527
"1274","shhs1",205592,"C008602",3232,0,1,14.8747433264887,"dementia",62,0,0,1,0,0,28.741471912,0,1,1.4361702128,0,0,0,0,0,2.5,8,70.6215371170082,0.86215371170082,158.5,2.13157894736842,6.33612180034325,0.0828219839913086,1.0129925443108,10.6706712586087,1.09315807589073,0.827263224252215,0.900257306720723,0.620811050846741,16.9807323265752,4.44499423124112,3.10314546533483
"1275","shhs1",202932,"C004147",3722,0,1,19.7864476386037,"dementia",72,1,0,1,0,1,29.726516052,0,1,1.7248459959,0,0,0,0,0,3,24,71.8567863731994,-0.0143213626800602,142,2.6,5.26165043310513,0.100904800322093,1.26567324818237,11.0890549119506,1.39471169714842,1.16724854098561,1.73082201476814,1.08823304180125,12.5953965329858,6.64231676205277,9.66882357999882
"1276","shhs1",205310,"C004123",3362,0,1,6.86926762491444,"dementia",68,0,0,1,0,0,35.670041437,0,0,5.9238363893,0,0,0,0,1,1.5,NA,68.5611765162982,0.0561176516298204,121,1.84105960264901,7.23525262525568,0.0407945492624308,1.05067187492352,12.967150347472,1.11841737389306,0.967428192858525,1.24143645597624,0.88281981812541,22.3516017976379,6.38991052066845,6.93581970750576
"1277","shhs1",203023,"C015611",3711,0,0,20.8542094455852,"censor",63,1,0,1,0,1,27.259089023,0,0,11.590909091,0,0,0,0,0,3.75,29,58.4430781651233,-0.45569218348767,166.5,1.44206008583691,9.45326476541057,0.107158384695174,1.17702545589048,16.8715215785014,1.24186737308694,1.03861650338902,4.07442654961293,1.74446797021233,14.8232769335363,7.42197547263444,4.19415583860147
"1278","shhs1",205691,"C013119",3092,0,0,21.6810403832991,"censor",54,1,0,1,0,0,24.34142562,0,0,1.5720524017,0,0,0,0,0,1.25,30,55.9098649911013,0.19098649911013,164.5,2.05502392344498,6.02996270633417,0.052629158514309,1.7481321749782,14.7449603240875,1.84697868061632,1.56759662227387,3.06928880269699,1.05968201565439,26.5179101715793,6.21388749145544,4.5910930553128
"1279","shhs1",205197,"C006707",3304,0,1,17.201916495551,"dementia",70,1,0,1,0,0,33.942743764,0,0,3.0379746835,0,0,0,0,0,2.25,NA,64.9728878474829,-0.502711215251711,138,3.03874092009685,7.96103137799927,0.0581362544608734,0.984311230834847,12.4855167925085,1.08655167804729,0.943100180481046,1.72998439106152,0.970278579006989,18.7363648696505,8.34253284962346,7.96197332845458
"1280","shhs1",203926,"C003439",2960,0,0,21.8316221765914,"censor",56,0,0,1,0,0,28.236439612,0,1,1.8439716312,0,0,0,0,0,2.5,30,47.2734950287952,-0.87265049712048,264.5,2.60314341846758,8.73276899389588,0.0514541280295963,1.39283373064159,17.4875895744685,1.60590167445269,1.30175209023989,3.4613458578119,1.49012870107022,18.9641769678843,10.4959933466262,6.8806578443364
"1281","shhs1",205778,"C006746",2961,0,0,3.81656399726215,"death",72,1,0,1,0,1,25.17013782,0,0,21.554140127,0,0,0,0,0,3,NA,76.1979163606801,0.41979163606801,179.5,1.53716216216216,4.12519211935146,0.0564368491215364,0.881982265051727,17.5602037360623,0.917410033325863,0.813754252430363,2.31752117795211,0.93949929865513,11.7169150388712,2.68510153756323,3.68470630639103
"1282","shhs1",205628,"C004276",3144,0,0,21.3388090349076,"censor",57,0,0,1,0,0,27.565192744,0,0,10.026525199,0,0,0,0,0,2,29,56.5284469693069,-0.0471553030693102,396.5,3.92430278884462,7.20090378026003,0.0507234605550426,0.997030577779277,14.3810666529279,1.08328667491842,0.923890022948396,2.69598362476745,1.0302550089444,21.3778692477925,8.17902830612636,7.68124402410313
"1283","shhs1",203215,"C006449",2941,0,0,15.8576317590691,"death",62,1,0,1,0,0,33.788174139,0,1,57.841726619,0,0,0,0,0,2.75,NA,65.1974421890836,0.31974421890836,12.5,1.04411764705882,5.1114465893333,0.075238412336852,0.809794591667886,21.6039662763305,0.861358852499419,0.736837394834103,2.58695093920605,1.9062466840235,13.7099600191558,4.86404493231003,3.25469479159862
"1284","shhs1",205478,"C004561",3339,0,0,20.4079397672827,"censor",59,1,0,1,0,0,27.717685235,1,0,0.9362808843,0,0,0,0,0,2.25,30,63.0120126822602,0.40120126822602,144,1.8994708994709,4.61031141797041,0.0738414751923379,1.28524654217244,13.5244441157911,1.40138342744123,1.1869231489427,1.64644102970129,1.18517885978124,12.4104933773833,6.80430892060709,5.11328819705666
"1285","shhs1",205318,"C003465",3237,0,1,18.1957563312799,"dementia",69,1,0,1,0,0,28.266898326,0,1,26.345177665,0,0,0,0,1,3,29,66.2604756617909,-0.273952433820909,119,1.33894230769231,7.03706685865431,0.0472579863369393,1.07345281718542,19.9319292129568,1.24822373459497,1.09366958180859,2.08451497216455,0.645126253374825,19.9244314742105,6.45299759876942,4.75156106204513
"1286","shhs1",205729,"C012033",3053,0,0,9.23750855578371,"death",63,0,0,1,0,0,26.253619875,0,0,4.1830065359,0,0,0,1,1,1.25,NA,68.9676519004831,0.596765190048311,37,1.06586826347305,8.31855956741281,0.0998518212792023,0.603511855938385,10.2350500020677,0.640759167837482,0.579710103048577,1.39959643780996,0.644547906725943,11.9053847534386,6.5059207566029,3.45494020612686
"1287","shhs1",205035,"C013680",3449,0,1,6.31074606433949,"dementia",70,0,0,1,0,0,34.626820731,0,1,6.9168900804,0,0,0,0,0,4,NA,78.6414680007356,0.86414680007356,104.5,2.11203319502075,4.69017707136229,0.0842535446341559,0.855907538024653,12.1116527401415,0.896657611081792,0.765014872281969,1.23895126453601,0.483554890499796,14.0605545349919,3.37492296415412,2.50919870048626
"1288","shhs1",203205,"C012670",3634,0,0,20.8870636550308,"censor",62,0,0,1,0,0,26.329610308,0,0,3.321799308,0,0,0,0,0,1.75,29,61.9454347656162,-0.00545652343838015,129,1.56389452332657,3.86868979870032,0.0872712609558477,1.18087553931251,24.0391758716553,1.31920284743048,1.06429670815464,5.13269142840268,2.00925580284291,17.3376645907812,6.24232663725069,2.61192643707202
"1289","shhs1",203492,"C003172",2892,0,0,22.1026694045175,"censor",61,1,0,1,0,1,26.385557379,0,0,3.9322033898,0,0,0,0,0,2.5,30,63.4464414103797,0.24464414103797,243.5,2.10612244897959,7.51390136922702,0.052838491762508,1.13166684420609,16.2271510130853,1.17391907709884,1.04722148561821,2.01843295927904,0.678812694011435,21.9439141136384,5.94439985764791,5.25446326885231
"1290","shhs1",205211,"C000959",3557,0,1,18.1930184804928,"dementia",61,0,0,1,0,0,20.568806614,0,0,1.3703099511,0,0,1,1,0,2.75,NA,73.2782411802735,1.22782411802735,144.5,2.13380281690141,4.50797541686001,0.157692357962065,0.431692383760711,12.0911587559706,0.471287560476048,0.424409263905896,1.11002410974747,0.343488912852286,10.7500306319999,7.20565035470027,5.35702728278468
"1291","shhs1",203324,"C004951",2941,0,0,4.73100616016427,"death",65,0,0,1,0,0,21.328125,0,0,0.7100591716,0,0,0,0,0,2.75,NA,68.2780096009749,0.32780096009749,41,1.6551724137931,5.4888379961632,0.0425682172846479,0.840101320747444,9.96617164441517,0.876351881873413,0.767266942046699,1.48753368584472,1.0641349732813,9.90704721749844,6.33202491659211,5.26448224681773
"1292","shhs1",203133,"C009493",3006,0,0,22.8473648186174,"censor",61,0,0,1,0,1,27.290303391,1,0,5.6767411301,0,0,0,0,0,3.25,30,63.9239967272594,0.29239967272594,130,2.74596774193548,3.91234075767568,0.0745416343108427,1.09115582049077,15.1519123897107,1.20757488866547,1.04344972755983,2.80631236421499,1.02543357164439,12.4059522452529,7.36637367343112,5.59305038404005
"1293","shhs1",205041,"C014904",3426,0,0,22.3655030800821,"censor",57,0,0,1,0,1,30.045351474,0,1,3.7082818294,0,0,0,0,0,3.25,30,60.5567623477575,0.35567623477575,216,2.77944862155388,6.93974690058319,0.0936656789015507,1.74020452979656,12.8671969709638,1.97934685266841,1.41322809356284,3.27912807885373,1.06013331775438,18.2195992804027,5.01242577162886,2.57411667987399
"1294","shhs1",203684,"C004784",2763,0,0,22.7104722792608,"death",55,1,0,1,0,1,30.087809917,0,0,27.075208914,0,0,NA,0,1,2.5,30,45.3461752244697,-0.96538247755303,228,2.83856502242153,8.4418819809188,0.0472532441054463,1.78622597492485,14.5701271285247,1.91265034557054,1.60254851751601,2.5294891394075,1.83930689554694,16.6665325875285,10.6846472412129,8.48486108992174
"1295","shhs1",203847,"C015504",2928,0,0,22.0780287474333,"censor",54,0,0,1,0,1,18.75432526,0,0,1.9413549039,0,0,0,0,0,3.75,30,47.3455899428448,-0.66544100571552,269.5,2.25800376647834,8.07798572812682,0.0279508090928968,1.37281098233169,17.8372271377877,1.53147146210255,1.32035341076985,4.330505497027,2.29299653290427,19.4015560922945,8.75548132936608,7.44682742389461
"1296","shhs1",203026,"C000043",3743,0,0,21.7522245037645,"censor",56,0,0,1,0,0,28.252080856,0,1,1.5602836879,0,0,0,1,0,2.25,30,57.6284451390505,0.16284451390505,199.5,2.83297180043384,7.14139081598079,0.0324840129208898,1.03760297421414,12.987279617061,1.19401293279109,0.975613981844335,3.10249180988409,0.91349583868771,20.9193777044666,7.86058319164623,5.80338154232111
"1297","shhs1",203640,"C000003",2783,0,0,0.728268309377139,"death",55,0,0,1,0,0,36.583988859,0,0,13.273743017,0,0,NA,0,0,1.75,NA,52.9013154282568,-0.20986845717432,369,2.81239530988275,8.82882636801701,0.0470840714487266,1.16598277354292,16.1398457115104,1.29938800796568,1.06331165560325,3.39820752732003,1.48339095067749,18.0478489592075,6.5166255957396,3.72047230101395
"1298","shhs1",205650,"C005460",3017,0,1,15.4058863791923,"dementia",67,1,0,1,0,1,26.429187015,0,1,20.079681275,0,1,0,0,1,2.25,25,76.3847853155927,0.938478531559269,26.5,1.77333333333333,6.34483098244152,0.106530106168666,1.2732602400353,8.35553396508707,1.33408700469794,1.14172985268283,0.904336119246568,0.313593581498746,10.8689738111079,3.35156995646714,4.04332927774538
"1299","shhs1",203661,"C005645",2737,0,0,7.85763175906913,"death",66,1,0,1,0,1,31.476488918,0,1,5.0511945392,0,0,0,0,0,4,NA,59.7712107614367,-0.62287892385633,210,2.09915611814346,5.94319848717791,0.0299426822188546,1.70892159990427,13.5387057744671,1.94047797870001,1.51403421875753,2.44412076893438,1.27750418826741,14.5156338556548,7.3360760462046,5.29683935075269
"1300","shhs1",203688,"C001350",2785,0,0,21.5003422313484,"censor",61,1,0,1,0,1,29.681387918,0,1,13.428571429,0,0,0,0,0,2.75,29,61.5061655125219,0.0506165512521903,251.5,2.43093922651934,6.10942362065143,0.0342670450409094,1.34212807357208,9.40519943553138,1.39399909345187,1.215323984751,1.62067505971289,0.579351807930995,16.0561576889408,8.26204811892891,6.18542696766057
"1301","shhs1",205309,"C004711",3361,0,0,7.20328542094456,"death",67,1,0,1,0,0,29.495309816,0,1,6.06271777,0,0,0,0,0,3,NA,67.9410062065141,0.0941006206514103,151,2.12106537530266,6.07961608138968,0.0856687204238851,1.03560930401999,12.8015512709258,1.08933262924486,0.945870868856978,2.15394805297508,1.41367044202799,14.4030237994661,6.64743291531167,9.27915449753745
"1302","shhs1",205516,"C009390",3254,0,0,22.113620807666,"censor",57,0,0,1,0,0,23.395823807,0,1,0.2797202797,0,0,0,1,0,3,28,58.1602692057397,0.11602692057397,172.5,3.24137931034483,5.88080732734883,0.0993476480947479,0.914330364098751,18.3722301739216,1.06883280668639,0.908416780992261,2.89247654026628,0.915710387914468,16.7891826255987,8.85725724222274,3.81795421882163
"1303","shhs1",203080,"C013200",3679,0,0,12.788501026694,"death",66,1,0,1,0,0,27.776910833,1,1,1.1506849315,1,0,0,0,0,2.25,NA,65.7302904402549,-0.0269709559745095,279,4.49748743718593,7.15535881983652,0.0662610532975417,1.1221055996433,11.8380062694725,1.17913434236418,1.02355912409278,1.10746756132719,0.718235453058272,18.8527334572849,6.17713668257225,5.38307551005481
"1304","shhs1",202922,"C004233",3733,0,0,3.45790554414784,"death",73,0,0,1,0,1,23.891779396,0,0,2.1224489796,0,0,0,0,0,2.25,NA,64.4531670665403,-0.85468329334597,117,1.73893805309735,5.82664433808252,0.051113312979656,1.44702355176602,15.4018202106567,1.50871606444012,1.32599919910939,3.18782657815708,1.49396503285505,13.3797493549016,8.25977939773506,7.42843653430237
"1305","shhs1",203937,"C008850",2751,0,1,13.4948665297741,"dementia",71,1,0,1,0,0,27.514872904,0,1,13.428571429,0,0,0,0,0,2.5,NA,75.3745186309033,0.43745186309033,240.5,2.17948717948718,5.8214557715149,0.0665130938443536,0.996882989311993,9.35573514205336,1.03066375222085,0.915348704949122,1.12879698028174,0.412706916614208,11.1915462130343,4.41000257179213,7.40918114904519
"1306","shhs1",203608,"C000110",2840,0,1,9.21013004791239,"dementia",69,1,0,1,0,1,27.016859889,0,1,6.0107334526,0,0,0,0,0,3.25,NA,79.7000428727395,1.07000428727395,101,2.42238267148014,3.81568279778034,0.0836672019214877,0.832419668318421,7.283333499512,0.906425853574336,0.776976206227788,0.820585848020873,0.479700617014073,14.342483083911,4.52295869781999,4.0671293111666
"1307","shhs1",203954,"C002113",2805,0,1,21.6235455167693,"dementia",59,1,0,1,0,1,26.425984608,0,0,6.5951742627,0,0,0,0,0,1.5,30,61.6530356897176,0.26530356897176,273,2.84815618221258,7.23696527745607,0.130544371815009,0.844134408513636,9.73627206610726,0.99794709656244,0.836165385288242,1.86645162830924,0.798360110466476,18.4448116987291,10.6246071571595,7.68396824306608
"1308","shhs1",203750,"C012402",2959,0,0,21.1252566735113,"censor",57,0,0,1,0,1,20.348943985,0,0,0,0,0,0,0,0,2.75,25,57.4168178966468,0.0416817896646798,196,1.86257928118393,4.56442305575218,0.0581662234891161,1.59584418119902,16.0001854319581,1.80266394674562,1.49966516082403,2.60038014442322,1.12695851721142,12.5484670909489,7.61880303008177,6.19852868211096
"1309","shhs1",205015,"C005808",3640,0,0,21.9986310746064,"censor",55,0,0,1,0,0,32.029384757,0,0,0.5667060213,0,0,0,0,1,2.75,NA,54.5458086140961,-0.0454191385903897,106.5,1.11897106109325,10.4630473995548,0.0916732782649569,1.14662623532059,15.821605962588,1.28774751040802,1.02505825315426,2.09606421479091,0.735210962816997,10.5409326672532,7.12621119238288,3.52392282047446
"1310","shhs1",204974,"C006971",3837,0,0,20.6379192334018,"censor",74,0,0,1,0,0,25,0,0,0.8207934337,0,0,0,1,0,4,28,56.7009676457872,-1.72990323542128,165.5,1.80338983050847,7.36704452765046,0.072680736224928,1.50067044599558,24.1075644785378,1.62764787118629,1.39305479629754,6.95064670492478,2.14934391876456,29.1319921948888,9.19833093623349,5.34365254607894
"1311","shhs1",203000,"C010255",3793,0,0,0.61327857631759,"death",56,1,0,1,0,1,30.451019822,1,0,44.876712329,0,0,0,1,0,2.75,NA,50.346049410543,-0.5653950589457,264,2.16339869281046,7.76684983865097,0.0709865392530571,NA,16.64956646106,NA,NA,3.89532125896616,NA,14.7825233049647,10.3169328055635,NA
"1312","shhs1",203672,"C000647",2800,0,0,21.3990417522245,"censor",61,0,0,1,0,0,23.234967191,0,0,0,0,0,0,0,1,3.5,30,59.7513520304795,-0.12486479695205,149,3.20136518771331,6.48852009246791,0.0604411719238628,1.17017772500188,15.4733267096016,1.31329137092866,1.09011752355091,3.00170484552298,1.07872116684776,19.660634984428,8.11298895369364,6.89805847462935
"1313","shhs1",203797,"C006871",2782,0,0,22.1519507186858,"censor",69,0,0,1,0,0,29.83016403,0,0,0.5006954103,0,0,0,1,0,3,30,73.7172104212841,0.471721042128409,187,2.33137829912023,5.07039307911154,0.106123505774579,0.789233781492489,12.4812904810382,0.853788845850005,0.755992660489428,1.70447700224414,0.833983927996112,13.8127869542289,6.06213339472875,4.9230469212575
"1314","shhs1",203506,"C012829",2698,0,0,23.605749486653,"censor",62,0,0,1,0,0,24.464601603,0,1,0,0,0,0,0,0,2,28,58.3868174282189,-0.36131825717811,197,3.56037151702786,6.64424365055091,0.094484447253421,0.877689597069634,14.3738080887633,1.0040592738138,0.823531369784771,2.64452926241663,1.84275580362198,14.6755450348178,9.16093786391771,5.82517372944519
"1315","shhs1",203034,"C001803",2915,0,0,22.7789185489391,"censor",54,1,0,1,0,0,31.708283789,0,0,7.2837632777,0,0,0,0,0,1.5,30,55.0328530674221,0.10328530674221,235.5,2.58505154639175,7.21489752363038,0.0393705778831831,1.083766347556,16.2103801144661,1.17208534505219,0.988861556519322,2.79849862955511,1.06875932218155,16.1343742270338,7.00691813886199,5.27592456276731
"1316","shhs1",203473,"C010056",2887,0,0,11.5592060232717,"death",69,1,0,1,0,0,39.493467874,0,0,17.269372694,0,0,NA,0,0,2.5,NA,68.5355392383286,-0.0464460761671404,90.5,1.35627530364372,5.98057054870666,0.0369979591104608,0.825722529966501,18.8354570534129,0.856955417652796,0.766575779299306,3.07587088310356,1.01094818223351,14.7293992370376,5.2098918509896,4.31214510931033
"1317","shhs1",203107,"C001558",3677,0,0,22.0177960301164,"censor",62,1,0,1,0,1,29.204152249,0,0,11.170662906,0,0,0,0,0,3.25,NA,72.8782600781806,1.08782600781806,70.5,1.3130081300813,3.20964215421749,0.0919119107546645,0.473575279182487,14.0218298930066,0.498343735885938,0.440199244184325,5.55903249485373,5.32117276691089,4.89123958373502,3.78988345314553,1.77515451802044
"1318","shhs1",203281,"C010725",2907,0,0,23.2689938398357,"censor",55,0,0,1,0,1,32.456747405,0,0,3.0508474576,0,0,NA,1,0,4,28,54.5593950904752,-0.0440604909524801,287.5,2.74005305039788,5.55944428172571,0.0292165511518666,1.54389515647898,16.6531147789513,1.63579083541037,1.40780953733939,2.81693102212828,1.15433593127817,14.4788737249911,6.76420265593032,6.61221848829343
"1319","shhs1",205126,"C005377",3344,0,0,21.4839151266256,"censor",57,0,0,1,0,1,28.521070341,0,0,12.198221093,0,0,0,0,0,3.75,30,59.97255555614,0.297255555614,277,2.75206611570248,4.6662182554886,0.0579020900712911,1.43996682552456,13.4629440766369,1.52813759311414,1.30480308593649,2.02711635262495,0.530350610979465,14.8202031134388,7.80454328379563,6.83282288106855
"1320","shhs1",203207,"C008092",2945,0,0,19.8412046543463,"death",67,0,0,1,0,0,22.176497485,0,0,0.1746724891,0,0,0,1,1,2.5,29,55.4314507037559,-1.15685492962441,215,2.98484848484848,6.02286004836174,0.0446834217394957,1.82154966939562,19.4719526717072,1.97812285960657,1.63461733182562,4.05818468843899,1.13468770274699,19.0966357315355,9.68745663849413,6.47393878534486
"1321","shhs1",203850,"C006844",2744,0,0,15.8877481177276,"death",57,0,0,1,0,1,26.465028355,0,0,0.5846528624,0,0,0,0,0,1.5,NA,52.5459632800444,-0.44540367199556,152,4.01052631578947,9.03181711451488,0.0355205319275078,1.33863307440617,16.8925845307037,1.47568215935244,1.15876569751521,3.08856369276359,1.60450131418231,22.7551472327502,6.7874605255687,5.69488531975965
"1322","shhs1",205536,"C009242",3150,0,0,20.8815879534565,"censor",57,1,0,1,0,0,28.863581957,0,0,9.4240837696,0,0,0,0,0,4.25,28,51.1835079702679,-0.58164920297321,272.5,3.00588235294118,7.05222943578824,0.051954070105164,1.35073803380634,18.8196188632729,1.58840244564603,1.30829519670545,4.14618130370665,2.00996683635537,24.7947666108893,9.27439123114847,5.84185645943212
"1323","shhs1",202975,"C008581",3707,0,0,6.92950034223135,"death",68,0,0,1,0,1,31.86605455,0,0,67.438016529,0,0,0,0,0,2,NA,58.9313695072077,-0.90686304927923,167,1.86182669789227,4.64132290616073,0.0432007949353421,1.26506777686942,20.1245192405035,1.373401696812,1.12797432694345,4.34876327428268,1.64101941807898,12.4843287810362,9.12761159414689,7.65132307079401
"1324","shhs1",203849,"C014740",2904,0,1,19.5044490075291,"dementia",68,0,0,1,0,1,27.873961219,0,1,1.9746835443,0,0,0,0,0,2.75,30,72.5817677415386,0.45817677415386,127.5,2.24080267558528,4.82982091515296,0.0612137234104765,1.17783713929628,8.64651777585926,1.258252855986,1.05828985555735,1.27403354956591,0.539963380928157,13.9032262130796,5.85802499833176,4.45459815026445
"1325","shhs1",202923,"C011181",3755,0,1,18.7652292950034,"dementia",55,0,0,1,0,0,35.432525952,0,0,1.4516129032,0,0,0,0,1,2.25,NA,53.6235088219956,-0.13764911780044,223,3.29663608562691,9.7387922070801,0.0603680700134371,1.21686871418728,15.1597692666941,1.39438637279002,1.10461928853728,3.60734521802208,1.02181333379835,23.1198997474202,7.5085872697044,4.84440260507689
"1326","shhs1",202937,"C008692",3753,0,0,20.6652977412731,"censor",68,0,0,1,0,0,19.548149335,0,1,0.1687763713,0,NA,NA,0,0,1.25,NA,74.1795059712652,0.61795059712652,56,1.46875,4.60635288405872,0.0377191105491884,0.645992592368345,15.492606207372,0.69081697649935,0.607853331460633,1.85977636389675,0.602593925503275,11.6184182183705,3.67338688120165,2.3710514254904
"1327","shhs1",205593,"C002067",3156,0,0,21.3305954825462,"censor",69,1,0,1,0,1,25.317739319,0,0,0.9218950064,NA,1,0,0,0,2,29,60.9006189490978,-0.80993810509022,338,2.75652173913043,6.39432790029659,0.0368280835054766,1.69439202318279,17.4173117887518,1.84241667770418,1.53874612945849,3.01310039218095,0.679092677199157,15.5574455811963,6.82775988414524,2.91467083745331
"1328","shhs1",203465,"C013832",2862,0,0,23.047227926078,"censor",53,0,0,1,0,0,33.164782867,0,1,7.1889400922,0,0,0,1,0,1.75,29,47.4671301356626,-0.55328698643374,260.5,3.64968152866242,11.2893463818338,0.0136645582653478,0.556927101997605,10.3098082264288,0.609174352249796,0.525220747945202,1.92911455122316,1.28536953589629,18.5636325076958,10.5391956613138,8.14112840851261
"1329","shhs1",203675,"C006620",2734,0,0,21.5222450376454,"censor",59,0,0,1,0,1,25.101740707,1,0,1.6901408451,0,0,0,0,0,3.5,29,58.7232768529694,-0.0276723147030602,108.5,1.65107913669065,8.28023051271939,0.0628816161772894,1.00414515020219,15.310300044049,1.04511662285863,0.912766466278622,3.97428466231986,1.57228514282125,14.4359960913944,6.6052682933076,4.15089446875628
"1330","shhs1",203929,"C004932",2747,0,0,4.03832991101985,"death",69,1,0,1,0,0,36.289737262,0,0,43.076923077,0,0,0,0,0,1.5,NA,68.1656865510384,-0.0834313448961595,99.5,1.64981949458484,4.08168874461339,0.0682922260463823,1.32309252034252,19.9765235243523,1.40535399372883,1.20821396544926,3.49759756881445,1.37433998199919,9.15763365083255,4.44825492321638,3.92188686059241
"1331","shhs1",203839,"C013914",2731,0,0,22.5790554414784,"censor",52,0,0,1,0,1,29.322224003,0,0,0.8256880734,0,0,NA,0,0,1.25,30,47.6087435649027,-0.43912564350973,257,3.52914798206278,10.1850542375246,0.0647525352789562,1.17970823698355,19.6851774824248,1.30593767567931,1.12869343995833,3.59343117188595,0.817578111425611,23.8230458384832,9.47948157444949,5.73738015427846
"1332","shhs1",203503,"C011221",2834,0,1,13.4264202600958,"dementia",69,0,0,1,0,0,22.644796052,0,0,3.956043956,0,0,0,0,0,2.75,NA,68.093665422927,-0.0906334577072997,139.5,1.64213197969543,6.87303859575962,0.0721931520108356,0.892027944685585,16.180182980485,1.01975500451602,0.845941907428784,1.91985671868192,0.554108127606172,9.53722055314815,5.7367654340972,3.04647969526147
"1333","shhs1",205029,"C010828",3386,0,1,20.4407939767283,"dementia",70,0,0,1,0,0,25.546875,0,0,0.7772020725,0,0,0,1,0,4,NA,73.0170725988684,0.30170725988684,320.5,2.17142857142857,5.97273405432573,NA,NA,11.4539606917648,NA,NA,1.22402371258966,NA,14.4568859757985,5.15163484218233,NA
"1334","shhs1",203838,"C009278",2781,0,0,21.3278576317591,"censor",61,0,0,1,0,0,22.015848542,0,0,2.510460251,0,0,0,0,0,2.75,29,67.4548128334316,0.64548128334316,291.5,3.65957446808511,6.87676349376744,0.0794390404628484,1.13278935802647,10.8467171542048,1.20513439309732,1.02142155497453,1.41706869878395,0.5617483735793,20.4728683622661,4.981469376598,4.48724660484936
"1335","shhs1",203918,"C004333",2657,0,0,22.3956194387406,"censor",63,0,0,1,0,0,25.723204995,0,1,11.065868263,0,0,0,0,0,1.75,29,47.2378086991022,-1.57621913008978,386,2.11754068716094,8.19740607364858,0.0273301310722128,1.60739637536236,24.6425226439725,1.70676926159032,1.44944492775952,7.19686758976088,2.14137833428062,23.5881056749865,9.82705261363314,6.41196962618615
"1336","shhs1",203393,"C014820",3423,0,0,17.8891170431211,"death",70,0,0,1,0,0,23.100352043,0,1,12.967032967,0,0,NA,1,0,2,NA,60.9843765409902,-0.90156234590098,88,1.51153846153846,5.53891471621248,0.044610505555148,1.31822283172009,14.8295701881995,1.39252542440424,1.15342380808259,3.42839164855232,1.85125970958221,14.9261268866709,9.94276622181247,8.33964519446867
"1337","shhs1",203233,"C005044",2966,0,0,22.8528405201916,"censor",57,0,0,1,0,1,23.828125,0,0,0.4301075269,0,0,0,0,0,2.75,29,57.852380377849,0.0852380377849002,163,1.84835164835165,8.67720393002368,0.0708914225732029,1.05525768487598,13.9646026756513,1.13621625827831,0.940829413344893,2.52055092973751,0.757769479608549,13.3465314546027,7.29713965848075,4.01423815965347
"1338","shhs1",205009,"C003853",3381,0,0,22.7405886379192,"censor",62,1,0,1,0,0,29.800830123,0,1,7.585335019,0,0,0,0,0,4,28,68.9024120291763,0.69024120291763,104,1.78205128205128,3.78105270046114,0.0762972295301742,0.943874985523599,12.7168287700977,0.998208340510725,0.876765248592394,1.66999831087062,0.866073604297682,10.3987184566241,6.32864111452407,5.66126181275958
"1339","shhs1",203707,"C003548",2868,0,0,21.3935660506502,"censor",53,0,0,1,0,1,22.572216577,0,0,0,0,0,0,0,0,2.75,30,54.1819849137809,0.11819849137809,69,1.50251256281407,5.86694612049577,0.0833716365287472,0.956390930073316,16.0880883775894,1.0343344970164,0.882212219838374,2.99617511204147,1.59558244337142,7.90213206367381,9.20922515653758,7.49518503843894
"1340","shhs1",205461,"C004779",3320,0,0,15.3812457221081,"death",71,1,0,1,0,0,31.572071418,0,0,26.930232558,1,0,0,0,0,2.75,NA,66.0879874575357,-0.49120125424643,74.5,0.802941176470588,4.94998495164487,0.0615934681591928,1.56153036406558,13.7171073507321,1.6226839850698,1.39527830929238,2.13226055064133,1.28477758891362,6.68549034053779,7.54122900439647,9.0680956290546
"1342","shhs1",205439,"C002301",3301,0,1,18.6036960985626,"dementia",56,0,0,1,0,0,31.088862961,0,0,2.479338843,0,0,0,0,0,3.5,NA,54.2162873387913,-0.17837126612087,179,3.09593023255814,11.5086444741368,0.0483806819802811,1.36355952368824,12.4057188003595,1.4593860590171,1.1538810869129,2.43038089283148,0.868925668810694,18.1056825671008,5.67104455760753,3.79546365514908
"1343","shhs1",203001,"C012572",3729,0,1,16.227241615332,"dementia",61,0,0,1,0,1,33.760387812,0,0,5.3173652695,0,0,0,0,0,2,27,68.5746055078599,0.75746055078599,161.5,1.03457814661134,3.57594471135982,NA,NA,15.8041765146005,NA,NA,2.75277851528085,NA,3.00963422831184,3.87801379851636,NA
"1344","shhs1",205098,"C005982",3355,0,0,18.2751540041068,"death",72,1,0,1,0,1,30.451019822,0,0,15.541718555,0,0,0,0,0,4,NA,75.9901000976466,0.39901000976466,156.5,1.2068345323741,4.13060264106521,0.104090095234901,0.962344907585431,15.9444668627216,1.0529373880698,0.903963024836234,1.9167968306045,1.10694797065073,11.5625243325761,4.65829940124658,5.58985278205247
"1345","shhs1",205011,"C000458",3374,0,0,22.8501026694045,"censor",62,0,0,1,0,0,21.860618014,0,0,0.4311377246,0,0,0,0,0,2.5,28,68.6865584218787,0.66865584218787,168,2.99053627760252,5.03510994656145,0.128039340664672,0.800100460394075,14.4225362104427,0.836859161324054,0.771343712812448,1.79046754892653,0.653168230366131,17.0402111796889,7.63495292136369,4.61783024727821
"1346","shhs1",203494,"C004337",2868,0,1,16.1587953456537,"dementia",63,1,0,1,0,0,29.594398203,0,1,9.711751663,0,0,0,0,0,2,12,71.2906007868932,0.829060078689319,74,1.54861111111111,5.87333270946829,0.0432421655378956,0.549267037900121,9.79131122680067,0.57226174673297,0.516579021320406,0.457467184358024,0.0314183576673255,4.20596453903817,4.71202738922938,6.48972716587058
"1347","shhs1",205725,"C003456",3032,0,0,20.6187542778919,"censor",63,1,0,1,0,0,26.246907383,0,0,4.2908224076,0,0,0,0,0,3.5,28,64.4190997807032,0.141909978070321,262.5,2.89547038327526,4.29872058807759,0.0672106103180805,NA,18.1397155027758,NA,NA,2.46616499498463,NA,12.2468662051056,5.65301003944342,NA
"1348","shhs1",203059,"C005142",3801,0,0,21.5852156057495,"censor",56,0,0,1,0,0,29.83016403,0,0,3.1448275862,0,0,0,0,1,2.5,26,57.2511987503274,0.12511987503274,297,3.27692307692308,6.59455518099668,0.0528695416431736,0.870995753577887,16.1835806562686,1.02242298159495,0.864792311080051,2.47648190298901,0.8932174587529,18.9738359494457,7.9434382696483,5.72930559560143
"1349","shhs1",202965,"C001335",3717,0,0,3.46885694729637,"death",68,1,0,1,0,0,28.405337561,0,1,11.707317073,0,0,0,0,0,2,NA,70.4122899461754,0.241228994617541,218,2.67954545454545,4.86741762394678,0.0244568944449922,0.960837554872981,11.3976345571884,0.980044301998768,0.910385774726075,1.42604128099122,0.509769468314021,15.7462141835328,5.94382096875184,4.37871728269215
"1350","shhs1",203977,"C010982",2655,0,0,11.0636550308008,"death",55,0,0,1,0,1,25.748721695,0,0,0.5521472393,0,0,0,0,1,2.5,NA,64.6792088263471,0.967920882634709,294,2.42791411042945,7.52200727923742,NA,NA,10.0101910510491,NA,NA,1.41953946178139,NA,19.838652568178,4.96145274990845,NA
"1351","shhs1",203770,"C002093",2744,0,0,22.6365503080082,"censor",54,1,0,1,0,0,29.802775749,0,0,17.383966245,0,0,NA,0,0,2.75,29,51.7128428908999,-0.22871571091001,221,3.31189710610932,7.25296739361108,0.036237240851023,1.29361970100906,19.0617727510254,1.39787600789369,1.18063155027494,3.21156763719642,1.44726899903452,18.8087395592544,7.11395074080633,4.50088617498023
"1352","shhs1",203664,"C008579",2766,0,0,21.7686516084873,"censor",54,0,0,1,0,0,25.384823116,0,0,0.9610983982,0,0,0,0,0,2.25,30,36.6952572805976,-1.73047427194024,403.5,3.75659229208925,11.1342652260098,0.0282071699338233,2.11555998743305,14.6385927447292,2.5159588250479,1.96301167959211,4.32728427897164,1.74677548636695,20.5766695715456,11.5659789146711,9.50978721829456
"1353","shhs1",202958,"C006678",3885,0,1,18.9075975359343,"dementia",64,1,0,1,0,0,30.040816327,0,1,37.333333333,0,0,NA,0,0,1.75,29,67.6359219880831,0.36359219880831,230,2.0146750524109,6.44908509018428,0.0830807392147914,0.729733137882047,13.9049005383519,0.784796542450013,0.688649666344305,1.72259254247484,1.07660381481153,13.4721434123814,5.93752678853545,6.93240570138373
"1354","shhs1",203964,"C012472",2791,0,0,21.4483230663929,"censor",63,1,0,1,0,1,34.342888048,0,1,23.600605144,0,0,0,0,0,1.75,26,53.6956849673062,-0.93043150326938,301.5,2.22884615384615,9.93801583713098,0.0342198258083853,NA,17.3213306272766,NA,NA,3.18661940688517,NA,26.4119974351332,9.03771279044825,NA
"1355","shhs1",203822,"C004980",2897,0,0,8.47912388774812,"death",72,0,0,1,0,0,25.546875,1,0,46.720516963,0,0,NA,1,0,1.75,NA,67.7177678188262,-0.42822321811738,173,2.55443037974684,4.71788912936644,0.0553061180536246,1.11690849594902,12.2405795976284,1.20599541968957,0.998374499611242,1.85997744068524,0.830586427525068,12.0510686470284,8.54254319031335,6.21323844853049
"1356","shhs1",204977,"C015497",3439,0,1,15.6577686516085,"dementia",73,1,0,1,0,0,23.656176551,0,1,2.0462850183,1,0,0,1,0,2.25,21.724137931,70.5917280058976,-0.240827199410241,355.5,3.20450606585789,5.41034653837522,0.053968263680758,1.03273195954749,10.5551344672515,1.11072514498954,0.903747586271332,1.38021883768044,1.18340628352075,15.5250508572781,6.21393182593403,5.02960041425852
"1357","shhs1",203790,"C002483",2768,0,0,21.8042436687201,"censor",61,1,0,1,0,1,29.858633901,0,1,36.472795497,0,0,0,0,0,2.75,27,61.3378842357273,0.0337884235727302,224,2.01932367149758,5.15279039953442,0.0594957288495301,NA,15.1494998301774,NA,NA,2.13745768059002,NA,12.576611556613,7.87307671112907,NA
"1358","shhs1",205372,"C000220",3255,0,0,5.5441478439425,"death",55,0,0,1,0,1,34.049030604,0,0,2.1238938053,0,0,1,1,0,1.75,NA,72.2454203534634,1.72454203534634,300.5,2.38696537678208,2.70256328426075,0.036337236174581,0.864965926280879,15.4486381344918,0.920733718806284,0.770239616945897,1.78911773005358,0.674798471951246,17.2492404058301,0.787189903220753,2.82917630384535
"1359","shhs1",203819,"C000869",3058,0,1,20.6269678302532,"dementia",55,0,0,1,0,1,26.026174896,0,0,0,0,0,0,0,0,3.75,30,57.7507173922922,0.27507173922922,57,3.06741573033708,6.59592657822533,0.045758282763222,1.0595552395179,9.14109317969934,1.11392410701885,0.940633121626424,1.87179240266297,1.53513851644555,25.3499102349014,9.81523764997406,13.8242310800363
"1360","shhs1",205304,"C011088",3359,0,0,20.8980150581793,"censor",55,1,0,1,0,0,28.581314879,0,0,0.3797468354,0,0,0,0,0,3.25,NA,53.9700782226293,-0.10299217773707,94.5,1.55722891566265,7.32126852364356,0.0413334071456998,1.61706347797744,14.4732434865152,1.74322240108076,1.48187472481432,2.43328767589001,1.03424501744693,16.2969830500992,8.29649647430953,7.2036138775529
"1361","shhs1",205250,"C007867",3360,0,0,20.2354551676934,"death",67,1,0,1,0,0,31.195628949,0,0,18.591549296,0,0,0,0,0,3,23,63.1898987886128,-0.38101012113872,346,3.17263157894737,6.24632328607538,0.0899444291502005,0.870411155045944,18.186985567129,0.957402544067018,0.817929867165021,2.83002777124652,1.69060570971212,18.4080699762585,7.60904932813188,7.4099632612727
"1362","shhs1",202947,"C011040",3976,0,1,21.4811772758385,"dementia",58,0,0,1,0,1,24.157902759,0,0,0.281030445,0,0,0,0,0,3,29,56.9158167903878,-0.10841832096122,93,2.09268292682927,7.01309847170175,0.0235916441746504,1.21198348348508,7.64559359236693,1.27452845138037,1.05420764614699,1.57426923746277,0.630612023584433,19.8050300691786,11.2865964407401,7.29478350599487
"1363","shhs1",202956,"C001479",3769,0,0,20.7720739219713,"censor",55,0,0,1,0,0,27.870172613,0,0,2.0314389359,0,0,0,1,0,3,30,57.7267746339486,0.27267746339486,291,3.39443155452436,4.9636365903271,0.0564293967162527,1.26631175587654,20.7124487635918,1.50288915643305,1.25463984167896,3.86915698692898,1.36470145657651,20.7444193430807,5.49364219606194,3.72691909340601
"1364","shhs1",203812,"C012621",2743,0,0,19.4524298425736,"death",64,1,0,1,0,0,29.111415943,0,1,3.1118314425,0,0,0,0,0,3,NA,63.7076077138767,-0.0292392286123302,240,2.87864077669903,7.15440134339397,0.0609123209758167,1.14374659578269,12.1570514218109,1.26318620209305,1.08623909209439,1.37848545647947,0.693242284069206,15.6859056703236,6.94107490159355,5.44011955134695
"1365","shhs1",205722,"C004593",3015,0,1,12.0273785078713,"dementia",70,1,0,1,0,1,28.477508651,0,1,9.5867768595,1,0,0,0,0,3.75,NA,53.6145512402282,-1.63854487597718,150,1.23148148148148,4.76329156151812,0.0310829265246461,2.1480728254316,22.6595655731205,2.22737272552194,1.97835317394597,4.93457142180689,1.7157994928378,12.1771707847973,10.3394295329219,9.53990375778139
"1366","shhs1",203300,"C003301",2952,0,1,16.8898015058179,"dementia",67,0,0,1,0,1,31.91689563,0,0,14.776725304,0,0,0,0,0,3.25,24,56.0699456347065,-1.09300543652935,228.5,2.21379310344828,5.81863706861648,0.0571664609036295,1.20373184916741,21.5694572306387,1.36901381314792,1.14942805049122,4.78053632492415,1.97828171016619,12.6115593095016,8.94336893325548,6.08233745485245
"1367","shhs1",205437,"C010708",3186,0,0,10.1190965092402,"death",70,1,0,1,0,0,25.910684347,0,0,4.0287769784,1,0,0,1,0,3.25,NA,57.7829165448956,-1.22170834551044,142,2.68846153846154,8.60265815121837,0.0566795470529859,NA,14.4143294986969,NA,NA,3.15808884623281,NA,16.1898705173434,10.6142357681088,NA
"1368","shhs1",203979,"C011628",2691,0,0,0.700889801505818,"death",56,1,0,1,0,1,28.276271028,0,0,13.286219081,0,0,NA,0,0,3.25,NA,64.4778567833489,0.84778567833489,110.5,1.28837209302326,6.03777190479822,0.0492190411012736,0.972167676098893,12.7534709249061,1.02290156545434,0.859662334733532,2.29377194238862,1.01608364559961,14.2774702842586,4.81161929028792,3.18940644256193
"1369","shhs1",203221,"C014888",3135,0,0,22.5626283367556,"censor",62,0,0,1,0,1,23.335466145,0,1,1.7286914766,0,0,0,0,1,3.25,30,58.2128257362344,-0.37871742637656,170.5,3.17307692307692,9.49617925812795,0.0718984575679323,0.903795692138283,17.1600841542837,0.968068125209711,0.835947729990407,2.76321330363401,1.88345573745176,26.0787010721021,7.7838980684686,8.38470035859417
"1371","shhs1",203322,"C002714",3200,0,0,16.8131416837782,"death",62,1,0,1,0,1,32.192904936,1,0,36.946182728,0,0,NA,0,0,2.75,30,58.0873740229513,-0.39126259770487,236,1.84631147540984,6.66306573000157,0.0526599477859601,1.09088873433008,22.1196320574485,1.15922104323716,1.00608947906621,3.08549761586969,1.22547864817783,19.2699895760217,7.90227834610744,8.81417664647764
"1372","shhs1",205076,"C010183",3436,0,0,3.5482546201232,"death",65,1,0,1,0,1,31.473020992,0,1,11.684901532,0,0,0,0,0,3.25,NA,70.8703472246242,0.58703472246242,76,0.85979381443299,3.11388944724526,0.0453685577902655,1.0879026935547,17.2624318311388,1.1498098745474,1.00198447465729,2.37928134230423,0.725802409653644,8.7492910689696,4.1312987265304,2.54989734008407
"1373","shhs1",205141,"C015685",3311,0,0,22.839151266256,"censor",58,1,0,1,0,0,29.036737786,0,1,37.421289355,0,0,0,0,0,3,30,60.3736150495515,0.23736150495515,97,1.328,4.84756124655387,0.0547325897348721,0.963646768693092,13.3024742138853,1.02728656062669,0.896528905028887,2.34281818260272,1.09100908973319,13.7865282702062,9.4343541900875,6.79571340683364
"1374","shhs1",203823,"C015784",2896,0,0,21.056810403833,"censor",72,1,0,1,0,1,49.544193421,0,0,0.5413533835,0,0,0,0,0,2,29,83.4618671770209,1.14618671770209,60.5,1.41025641025641,4.0127485548248,0.0645663396207141,0.441366633867496,9.49631765184664,0.456362388110693,0.41798850902043,0.853336066588482,0.635560451840212,10.9874626870193,2.65787652015882,3.95327300375032
"1375","shhs1",203663,"C015710",2771,0,0,22.5982203969884,"censor",59,0,0,1,0,0,26.573129252,1,0,5.971563981,0,0,NA,0,0,1.25,27,44.354813464351,-1.4645186535649,106.5,4.00961538461539,8.5228731961267,0.0464954073434146,2.34782863089272,19.7729092848605,2.64398784343923,2.26454908605215,4.22640500696339,1.07638821108783,22.5575568683216,11.1230817864536,6.9961955065855
"1376","shhs1",205682,"C012908",2976,0,0,21.6591375770021,"censor",60,0,0,1,0,0,27.02397531,0,0,5.1688009313,0,0,0,0,0,2.75,28,57.4343401840951,-0.25656598159049,176.5,2.46975088967972,8.17243550827282,0.0210984580920507,1.13895633145421,11.3033121506502,1.19776018583329,1.02779938296804,2.36151086535133,0.952322204824896,22.0432252889692,9.20442168908941,7.44985978531984
"1377","shhs1",205799,"C004679",2976,0,0,20.6324435318275,"censor",54,0,0,1,0,0,32.414213489,0,0,1.8786692759,NA,0,0,0,0,3.25,29,59.0336346579648,0.50336346579648,200,3.91836734693878,5.38050605158566,0.0595962207872771,0.609722484906204,14.9098353604009,0.660888487761441,0.592848981420226,1.88324848986737,1.03025060915106,15.6286468796777,7.71841205259657,6.76519409216749
"1378","shhs1",205399,"C014839",3390,0,0,21.9000684462697,"censor",54,1,0,1,0,1,22.179930796,0,0,5.5405405405,0,0,0,1,0,4.25,30,55.7701813077237,0.17701813077237,163.5,1.40900195694716,6.89474002676747,0.0571189303141567,1.10567830223456,15.2173626564989,1.17955679364187,1.01738098165911,2.57837225958929,1.17500842815823,10.2286753667494,7.4538507846413,6.99252865991588
"1379","shhs1",203793,"C001074",2805,0,1,16.3039014373717,"dementia",61,1,0,1,0,1,30.103806228,0,0,2.2672064777,0,0,0,0,0,3,NA,58.4911315481609,-0.25088684518391,195,2.24438902743142,9.17693136496842,0.0256374514119213,1.35210709039245,13.0646348450594,1.48238921744945,1.24648925693185,2.15680414783238,1.46438532273848,21.8531658041718,6.01950338228344,4.56210209384732
"1380","shhs1",203038,"C011414",3700,0,0,21.4811772758385,"censor",57,1,0,1,0,1,34.201721525,0,0,24.457831325,0,0,NA,0,0,2.25,28,40.7380337246901,-1.62619662753099,458,3.91917591125198,7.61666105703687,0.0532786148308928,1.97320925556533,16.7918147818003,2.2712016434661,1.89895306358558,3.57540501509798,2.88017866200367,18.5193374066344,11.5873879428468,10.4979540413331
"1381","shhs1",203824,"C002425",2743,0,0,22.0999315537303,"censor",53,0,0,1,0,1,23.007693424,0,0,0.4556962025,0,0,0,0,0,3.75,29,51.0487455897707,-0.19512544102293,170.5,2.13486005089059,4.82024779758792,0.0339502264743841,1.27897490033166,21.8740166036816,1.33247851517593,1.13977317756775,3.71024251323008,1.84385965840306,13.8888840296975,7.90097265403671,6.93373231097337
"1382","shhs1",203086,"C000994",3684,0,0,19.3730321697468,"death",64,1,0,1,0,1,28.740490279,0,0,2.7586206897,0,0,0,0,1,3.5,28,62.1727409332761,-0.18272590667239,203,2.38082191780822,5.84800647871825,0.0415642213769711,1.28919011887027,13.8710904808145,1.38106143593977,1.20545433550637,1.83342949338974,1.05658475794502,16.9140318705347,7.73856910158773,7.27962032573094
"1383","shhs1",203976,"C002213",2638,0,0,21.8316221765914,"censor",66,1,0,1,0,1,33.494801512,0,0,1.3267813268,0,0,0,0,0,1.75,29,61.5922121968779,-0.44077878031221,314.5,2.10730948678072,7.73900178720347,0.0536606228057674,1.26675491091029,13.4848305305844,1.42995589761206,1.15158511259931,2.6191374899477,1.16896262147669,23.2131085214166,8.29503685299831,5.75029513230759
"1384","shhs1",203869,"C009179",2808,0,0,21.0266940451745,"censor",63,1,0,1,0,1,34.736424407,0,0,4.3464566929,0,0,0,0,0,2.25,30,70.5984906964627,0.75984906964627,195,3.15489749430524,6.42594726306333,0.0879416964598278,0.752367449186547,11.2467344528554,0.797269416181409,0.708196634376205,1.1265047660326,0.905812265183119,14.3501361194255,4.17827124504815,3.17802990939889
"1385","shhs1",203732,"C005746",2979,0,0,21.0294318959617,"censor",54,1,0,1,0,1,32.541322314,0,0,4.9063032368,0,0,NA,0,1,4,29,57.9063078380893,0.39063078380893,232.5,3.50887573964497,4.29507284046292,0.0466298881290975,0.973372118436609,18.2605777663512,1.08697489753486,0.944093678020669,2.71409329633242,1.24101687625586,17.3902147112723,6.99947932498346,8.00600546849608
"1386","shhs1",205294,"C014846",3244,0,0,11.4140999315537,"death",68,1,0,1,0,1,22.626262626,0,1,9.6529968454,0,0,0,0,0,3.5,NA,70.5833048820282,0.25833048820282,116,1.83333333333333,4.8680081294007,0.0273144173805163,0.878063785947722,14.4573254738857,0.908821125877253,0.8090569144084,1.87450236715595,1.12303858205496,21.1580381577706,5.93975797616618,4.25821507527921
"1387","shhs1",205552,"C001559",3220,0,1,15.0499657768652,"dementia",67,1,0,1,0,1,31.462672275,0,0,11.527777778,0,1,0,0,0,2.25,27,67.3512557573766,0.0351255757376606,181,1.48141592920354,4.42909604918013,0.0338194789868005,1.3959656656647,12.626707232789,1.46848072121701,1.28211066126426,1.8874943624181,0.758242162207377,10.623291254363,6.15327353816532,5.32199743284992
"1388","shhs1",203716,"C013721",2713,0,0,22.6803559206023,"censor",54,1,0,1,0,1,31.336795073,0,0,0.6530612245,0,0,NA,0,0,2,30,62.6067123719274,0.86067123719274,187.5,2.09832134292566,6.07523029627999,0.0507590682613922,0.82927269742925,11.2749775077002,0.907890049413771,0.771774444795837,1.73526786572903,0.703964680146919,11.425116536202,5.6228744951369,5.64783575255446
"1389","shhs1",203055,"C000309",2976,0,0,16.7556468172485,"death",62,1,0,1,0,1,30.549679085,0,0,25.763490241,0,0,0,0,0,3.5,NA,67.065439912056,0.506543991205599,71,0.713362068965517,5.44941474018571,0.039027696009855,0.712573171036638,16.4675372929647,0.796432200433381,0.679147424882967,2.11355490268335,0.928756557376275,11.4748064448047,5.06220874460938,3.71171261674453
"1390","shhs1",205669,"C006207",3073,0,0,17.0869267624914,"death",65,0,0,1,0,0,36.033057851,1,1,13.744493392,0,0,0,0,0,2.25,28,66.4598351457358,0.14598351457358,141.5,1.61152882205514,4.61527032275867,0.0413307234874609,0.991802151252593,11.8292579041695,1.03760653768341,0.899287377057676,2.10207714800594,1.16176296634787,9.28781912438697,6.67616302035298,4.85086256247801
"1391","shhs1",205162,"C000351",3331,0,0,22.8117727583847,"censor",60,0,0,1,0,0,24.314050209,0,0,2.996742671,0,0,0,0,0,3.25,NA,64.3192104689959,0.431921046899591,185,2.72852233676976,5.89251172804331,0.0442251645799207,1.09297355211644,12.5526664173616,1.19655021716447,0.970025000313851,2.12522145457163,0.726544862578044,15.5838284293603,5.49606735533734,2.70024172472027
"1392","shhs1",205140,"C003928",3397,0,0,15.5208761122519,"death",69,1,0,1,0,1,28.760550353,1,1,23.636363636,1,0,0,0,0,2.5,29,71.9400187891185,0.29400187891185,122,1.98371335504886,5.77091384066441,0.0598051353294574,0.899195182381594,9.72062184444978,0.929589970008342,0.854675510188618,1.37347730217552,0.348193688307704,10.0770110048568,6.25001088800528,4.41660669213487
"1393","shhs1",205511,"C001013",3155,0,0,14.6502395619439,"death",62,0,0,1,0,0,23.205809566,1,0,9.4618272841,NA,0,0,0,0,2.75,NA,63.3787219551119,0.13787219551119,59.5,0.802083333333333,5.19196345540699,0.062691662268082,0.938949592156719,14.1384827885903,0.95983266046182,0.893233232215722,2.95904583369697,1.52895894616925,11.524312194149,8.20197521339939,8.02371442879956
"1394","shhs1",205143,"C015322",3373,0,1,16.0876112251882,"dementia",70,0,0,1,0,0,24.389348026,0,1,3.0447761194,0,0,0,0,0,3,16.153846154,76.0535244616414,0.60535244616414,134,3.1404958677686,5.25390338891405,0.0461941745924606,0.973543028948152,8.05061548981256,1.03369248014123,0.856275681130326,1.19937232936623,0.651972522859702,21.2020891664557,4.74632696446405,4.91401151360437
"1395","shhs1",203029,"C002800",3751,0,0,21.9000684462697,"censor",59,0,0,1,0,0,27.479570582,0,0,0.6228373702,0,0,NA,0,0,1.25,29,71.753908984287,1.2753908984287,175,2.25538461538462,6.31987103178538,0.148956355510315,0.943536181981719,11.228793978307,1.01539619514405,0.823483306745355,1.02280785168228,0.174525058119852,12.5248128913917,4.67379763633382,3.28376711021374
"1396","shhs1",203715,"C005438",2818,0,0,21.2566735112936,"censor",72,0,0,1,0,0,24.79338843,0,0,0.7936507937,0,0,0,0,0,2.75,NA,67.0090223321573,-0.49909776678427,542,2.85648148148148,9.20348322092664,NA,NA,10.1068026051554,NA,NA,1.32982835270529,NA,17.8110186891834,6.51787216554732,NA
"1397","shhs1",202905,"C000847",3848,0,0,20.6406570841889,"censor",63,0,0,1,0,1,23.530366343,0,0,0.7761966365,0,0,0,0,0,2.5,30,59.3573897685582,-0.36426102314418,200.5,2.88700564971751,6.46036533304659,0.0898074984694265,1.46009264679706,18.2965365187781,1.66505827001739,1.32236008540712,3.30538087791617,1.29851307427451,15.3404784125463,7.08612236510038,6.11389704847951
"1398","shhs1",205687,"C006752",2981,0,0,21.7166324435318,"censor",61,0,0,1,0,0,22.422145329,0,0,1.0544815466,0,0,0,0,1,2,25,64.2924235215193,0.32924235215193,323.5,3.91351351351351,6.71422256749631,0.0459533282094217,0.992487043744793,15.0476038744968,1.1318278349432,0.924510488928963,1.9957775608568,0.366095164870768,23.1408958423224,5.61430964767668,4.50949944505801
"1399","shhs1",205108,"C001873",3377,0,0,7.59479808350445,"death",70,0,0,1,0,0,36.961498439,0,1,31.340206186,0,0,0,0,0,3,NA,72.316890872772,0.231689087277201,130,1.63914373088685,4.30561693586054,0.0896546110307908,0.999234847201953,16.4964406970257,1.10895728087391,0.880970157043375,2.43238377144821,0.770018453615466,10.2397232128542,5.26459774848169,2.36063637608428
"1400","shhs1",203075,"C000019",3736,0,0,21.0376454483231,"death",60,0,0,1,0,0,27.695595003,0,0,5.817361894,0,0,NA,0,0,3.75,30,58.262383366377,-0.1737616633623,200.5,2.8140243902439,7.04406536860512,0.0518818352101923,1.01814021103033,11.3088031178972,1.14403138141027,0.948772298515511,1.42414459547134,1.15574738931731,13.2078655209407,8.64974159901777,7.31123016319891
"1401","shhs1",203687,"C010800",2785,0,0,21.5003422313484,"censor",62,0,0,1,0,1,22.279724573,0,0,1,0,0,0,0,0,3.5,28,60.0104824470286,-0.19895175529714,51.5,1.35294117647059,5.00344062375209,0.0461300071373186,1.00266296959542,21.5754565602386,1.0876208347168,0.949513412888814,4.24100859310023,2.41332594598908,13.0150102959895,5.92449307336731,5.75232810942852
"1402","shhs1",203487,"C015114",3110,0,1,1.87542778918549,"dementia",62,1,0,1,0,1,32.179556517,0,1,33.75,0,0,NA,0,0,2.5,NA,72.1274615418699,1.01274615418699,27.5,1.86021505376344,3.52161742626859,0.0690973371449115,0.832642424299394,9.65802583308685,0.937043804566744,0.817858778793227,1.1492083318038,0.543242896915687,14.5781039861072,6.59637156428251,3.30095551249058
"1403","shhs1",203563,"C008954",2931,0,1,20.2600958247776,"dementia",68,0,0,1,0,1,23.043531178,0,1,2.4578313253,0,0,0,0,0,2.5,27,71.3054790746704,0.33054790746704,146.5,1.50789473684211,4.77369314823236,0.0800006447056134,1.4509016297709,16.9492383661199,1.56614823958349,1.29714552508626,2.9277008984994,0.844974337731133,18.8135856344054,4.67118501235351,3.78896944684309
"1404","shhs1",203873,"C003800",2742,0,0,21.574264202601,"censor",62,1,0,1,0,1,31.221303949,0,1,16.388261851,0,0,NA,0,0,4,28,62.1448059668522,0.0144805966852203,226.5,2.26618705035971,9.4185378984809,0.0804831751932008,0.951835128894074,13.9708102066783,0.989053420073747,0.876685204150379,2.15050934525216,0.917754454754494,18.3904324949663,6.68169235179939,5.52119246725693
"1405","shhs1",205051,"C007041",3388,0,0,22.5434633812457,"death",61,1,0,1,0,0,27.865949414,0,1,15.777777778,0,0,0,0,1,3.5,NA,61.4756606303114,0.0475660630311403,128.5,3.52914798206278,5.96042773009848,0.0606713481084423,0.860000176381045,13.396957968481,0.890592551635826,0.786516668862572,2.48486567010499,1.27965900712879,22.7062114986529,9.25885886240088,6.51042058278393
"1406","shhs1",202968,"C010217",3751,0,0,13.201916495551,"death",59,0,0,1,0,0,37.85467128,0,1,8.3676703645,0,0,0,0,0,2.75,NA,55.4145931532235,-0.35854068467765,166.5,2.90774907749077,7.06016002045054,0.033443400337756,1.63624857249771,17.2324368703453,1.72762696261945,1.36966627886507,4.4334758430547,1.10923111059391,20.0671640802279,7.04401378470292,5.18693846157685
"1407","shhs1",203542,"C007828",3058,0,0,20.6160164271047,"death",72,1,0,1,0,0,25.966730127,0,1,0.9917355372,1,0,0,0,0,2.25,NA,64.0976910223593,-0.79023089776407,178,1.71259842519685,3.55607192973304,0.0451024977040219,2.05809982180361,13.9336480097117,2.1500315431987,1.84148429846342,2.48719153608785,1.60187308999858,12.0685883423664,8.01112048542474,8.63789722466642
"1408","shhs1",203438,"C007533",3111,0,0,21.1006160164271,"censor",56,1,0,1,0,1,34.347956831,0,0,12,0,0,NA,0,0,4,28,53.9285939049166,-0.20714060950834,300,2.53202846975089,5.34347315263035,0.0354233349750949,1.65924458899496,12.6212057046942,1.74330579325632,1.46957188014303,2.78371096713578,1.3500205264231,17.9436935198134,9.31851322323279,7.83114998698565
"1409","shhs1",203828,"C005841",2737,0,0,22.2724161533196,"censor",56,1,0,1,0,1,23.229390229,0,0,3.4650455927,0,0,NA,0,0,2,30,45.5294462203988,-1.04705537796012,342.5,4.04889975550122,10.4905880240157,0.0339522243105861,1.05929848025867,15.0466483174623,1.10767875357755,0.956316353693329,3.1499892968677,1.20231348541856,18.0878865076015,10.9885000509197,8.87344704761004
"1410","shhs1",203486,"C007074",3022,0,0,21.5112936344969,"censor",57,0,0,1,0,1,27.421875,0,0,3.1977559607,0,0,NA,0,0,2.5,28,60.6813055947369,0.36813055947369,225,3.16531165311653,6.35000271935756,0.0460019457419159,1.14302058559891,12.7584272708347,1.29241589799945,1.068216414937,2.31582903545315,1.00380964563741,21.5044501374424,6.81261487906486,6.56956467668946
"1411","shhs1",205361,"C003938",3271,0,1,15.5071868583162,"dementia",63,1,0,1,0,0,30.604338843,0,1,0.8645533141,0,0,0,0,0,2,21.25,73.0490001493056,1.00490001493056,69,1.09162303664921,4.6051093562013,0.0995541956409241,1.18401661492912,11.8543312958702,1.26310219398443,1.08421728153696,1.09255449899036,0.528050840975223,11.57945325921,4.72385715203743,5.98164932733156
"1412","shhs1",203757,"C013275",2696,0,0,13.4154688569473,"death",72,1,0,1,0,1,30.219037317,0,1,3.3898305085,0,0,NA,1,0,3.75,NA,74.1380040158823,0.21380040158823,134.5,1.99577167019027,6.62128713275731,0.0706219948221352,0.866975787114884,14.3929739290675,0.920050665773524,0.827545098583609,1.95321975187896,0.609592706242426,19.2944520981742,5.30350720926017,5.22110329398345
"1413","shhs1",203541,"C009943",2882,0,0,21.8891170431212,"censor",60,1,0,1,0,1,29.46225149,0,1,11.132332879,0,0,0,0,0,3.75,30,59.8180160375042,-0.0181983962495799,258,3.61851015801354,6.3648369804722,0.060674362363765,1.07473582980607,16.4319716330772,1.1572125637786,1.01045073184249,2.42719272395122,1.11740688904105,15.5392387510429,6.58517224379867,6.28537663749469
"1414","shhs1",205265,"C004773",3355,0,0,3.04996577686516,"death",68,1,0,1,0,1,29.204152249,0,0,2.24,1,0,0,0,1,3.5,NA,67.4889470479375,-0.0511052952062499,67.5,0.819196428571429,5.16361531738363,0.0651089489179944,0.928159831887504,17.214451226073,1.13309525254853,0.971174572422635,2.15688112637757,0.777658334467444,6.57253283538173,6.44417785686109,4.75329975412986
"1415","shhs1",203173,"C001120",3027,0,0,23.2197125256674,"censor",54,0,0,1,0,1,27.43484225,0,0,2.5938566553,0,0,0,0,0,4,28,54.7000029413024,0.0700002941302401,66,2.23622047244094,5.13099525862758,0.0241534005705464,0.637597112302669,16.714317134834,0.663133353425587,0.597436955526741,4.35448620297755,2.73311658531448,13.710233264903,7.59059870198151,7.21627040488035
"1416","shhs1",205433,"C011107",3362,0,1,19.8329911019849,"dementia",68,0,0,1,0,0,29.859223498,0,0,6.8924889543,0,0,0,0,0,1.5,29,75.0174675059711,0.70174675059711,145.5,1.58193277310924,4.63521924383213,0.104090041773244,0.744721867671065,14.1554911099964,0.785894926792049,0.687640074358185,1.35017829834498,0.883931693617222,10.9503149619451,4.62412723142919,3.52845064447782
"1417","shhs1",203142,"C012121",3630,0,1,15.958932238193,"dementia",67,0,0,1,0,0,19.245547796,0,0,1.3753581662,0,0,0,0,0,1.5,26,70.8810927919949,0.38810927919949,118.5,1.79447852760736,4.67376250588227,0.0922651536505219,0.77165329562062,13.6258381749368,0.866896523997179,0.710977489110418,2.59899195066631,1.51397374514551,10.7831499844536,5.60880536517035,4.59861921054534
"1418","shhs1",203292,"C007801",2941,0,0,22.2505133470226,"censor",54,1,0,1,0,1,23.869845243,0,0,0.6391478029,0,0,0,0,0,3.25,29,50.8136640598561,-0.31863359401439,257.5,2.78365384615385,5.49180637673915,0.0548977215635198,1.43777651710612,17.312939003236,1.54403590081549,1.34900434805926,3.48440677563455,1.44316370791349,13.5027240826764,9.43857023744929,7.03770241692785
"1420","shhs1",203017,"C012655",3758,0,1,13.8124572210815,"dementia",67,1,0,1,0,0,30.402002381,0,0,28.851454824,0,0,0,0,0,4,19,58.3490930970428,-0.86509069029572,289.5,3.26221079691517,5.63384482434886,0.0253885172350072,1.48202663889193,14.8100453273877,1.54964850289286,1.33871102317512,2.77037952052649,1.43062322658461,19.7562688693228,9.37460348090514,6.37045806589063
"1421","shhs1",203818,"C010421",2708,0,0,12.643394934976,"death",54,1,0,1,0,1,32.302861973,0,0,8.2706766917,0,0,0,0,1,3.25,NA,48.5423506270202,-0.54576493729798,155.5,1.27327935222672,6.57137238009533,0.050599129138607,1.5335829296268,18.5417783982056,1.66417412714828,1.37225177977645,3.3806361047581,2.03769408645349,16.0722018763933,10.0021762803813,9.45977286708263
"1422","shhs1",205049,"C015489",3424,0,0,22.362765229295,"censor",59,1,0,1,0,0,26.12244898,0,0,0.5633802817,0,0,0,0,0,3.25,28,55.0977621417294,-0.39022378582706,242.5,3.11135371179039,7.29158815463913,0.0601571503605054,1.15789965464844,17.9819879234867,1.3808253687702,1.09622970166935,3.42661482603608,1.39544680544659,20.8628440882306,8.41911649839746,6.27667066734971
"1423","shhs1",205660,"C011134",3012,0,0,21.6700889801506,"censor",55,1,0,1,0,0,26.717787707,0,1,5.0943396226,0,0,0,0,0,3,28,55.9849681581224,0.0984968158122399,216.5,3.08222811671088,5.56968010006764,0.127297589055719,1.00369903880911,21.6879582292386,1.11503853081913,0.930862597134843,3.84817519942453,1.29700361642972,15.6351051535454,8.72041193907449,4.40112992504098
"1424","shhs1",203110,"C008028",2951,0,0,23.0554414784394,"censor",56,0,0,1,0,0,29.940362692,0,0,4.0620592384,0,0,0,0,0,2,NA,56.1667770546708,0.0166777054670803,88,1.91162790697674,7.22779001527809,0.0330834407622112,1.40324094868956,14.9402899726889,1.45000922914125,1.26211658995626,2.31341137223928,0.786950911686313,13.2092712461971,7.09814283352369,5.3192136140302
"1425","shhs1",203049,"C004405",3680,0,0,20.9774127310062,"censor",66,1,0,1,0,1,25.961157352,1,0,9.2307692308,1,0,0,0,0,3.5,28,60.8340234299732,-0.51659765700268,249.5,2.40115163147793,5.5276134907919,0.0487167479901673,1.59477343733762,13.1297121377198,1.66587381085989,1.41113720249948,2.46052463372258,1.86580593903063,18.8746385542814,8.17053124773852,15.6732330413024
"1426","shhs1",205078,"C004991",3317,0,0,22.8117727583847,"censor",56,0,0,1,0,0,27.632433911,0,1,1.504178273,0,0,0,0,0,2.25,30,49.8706293097213,-0.61293706902787,369,3.08020050125313,8.1741085122096,0.0334279814504273,1.83791644065794,14.4671008154371,1.94089400665097,1.67781972865223,2.87861823040201,1.10158070356515,18.2616864351157,8.45208211494099,6.29636713304777
"1427","shhs1",203961,"C005799",2609,0,0,21.7111567419576,"censor",58,0,0,1,0,0,22.499637103,0,0,1.0824742268,0,0,0,0,0,4.25,29,62.0027645769544,0.40027645769544,62,1.37992831541219,6.94910572491344,0.0360024507303379,0.502648917110864,10.9025458415105,0.601192271264154,0.508846823417594,1.00597488053416,0.0199488221530574,9.1302837655553,8.73256883008951,6.36694092256372
"1428","shhs1",205151,"C007672",3356,0,0,21.4592744695414,"censor",66,0,0,1,0,1,25.147928994,0,1,4.2105263158,0,0,0,0,0,2.75,30,67.2454281175507,0.12454281175507,36.5,2.25,6.89069128758538,0.161557628884628,1.39302561666342,12.022842117461,1.52602596484028,1.21159857310343,1.7697432437096,0.927993088331402,12.5959138860467,7.94010886245918,4.97313122195733
"1429","shhs1",203520,"C002520",2810,0,0,21.1690622861054,"death",68,1,0,1,0,0,26.606477207,0,1,10.056818182,NA,0,0,0,0,2.5,NA,57.0544363580469,-1.09455636419531,249.5,2.92050209205021,13.2750777878606,0.0720324317327532,1.13948581749538,10.8984769165906,1.18846869182603,1.03999336523031,1.72694162776611,1.26773976962928,14.3687905470276,7.75494564004724,9.02019978168495
"1430","shhs1",203925,"C013415",2667,0,0,21.6892539356605,"censor",54,1,0,1,0,0,27.546571542,0,0,4.8745519713,0,0,0,0,0,3.75,26,50.8024155987743,-0.31975844012257,237,2.60730593607306,7.74636191071341,0.0799051419945806,1.60225299855682,15.8663699826979,1.84748724019859,1.51248024119391,3.72065067276841,1.50546084715568,17.8459832974679,8.84327538020635,6.60348802267098
"1431","shhs1",205622,"C008600",3089,0,1,14.652977412731,"dementia",59,1,0,1,0,0,32.701936207,0,0,32.711621234,0,0,0,1,0,3.25,16.25,62.9657524483688,0.39657524483688,214,2.81118881118881,5.31511724742969,0.0502032035590712,1.29427686599654,10.9635546340363,1.40996218059196,1.19557750930123,1.70931909643837,0.600781341645343,14.3841273996441,6.62652065321322,3.33208635450018
"1432","shhs1",203214,"C005771",2985,0,0,22.4613278576318,"censor",57,0,0,1,0,1,27.174526704,0,0,0.6299212598,0,0,0,0,0,1.25,29,54.8629936622247,-0.21370063377753,217,2.41645244215938,7.47600843424205,0.0468674785070006,1.17099660470491,17.2136469024757,1.28388087432822,1.11984762702917,3.533346112334,1.04139411608714,14.7181704558956,7.62542014229479,4.70844391750659
"1433","shhs1",205129,"C000059",3324,0,0,21.6563997262149,"censor",62,1,0,1,0,1,30.141396288,0,0,19.274611399,0,0,0,0,0,3,29,51.7767926647777,-1.02232073352223,308.5,3.53507014028056,9.85287213767722,0.0382264761973713,1.25660479960896,11.2757911169837,1.35967620191788,1.15881535414867,2.12466632323405,1.07472938847339,20.4075004316488,11.0810875066234,7.2572813867602
"1434","shhs1",203730,"C004684",2742,0,0,18.7323750855578,"death",67,1,0,1,0,1,29.557279198,0,0,20.671532847,0,0,0,0,0,3.5,27,62.4711340500631,-0.45288659499369,126,1.69230769230769,5.06360892411386,0.0559923178867245,1.18365502656624,10.5854394480669,1.30661834993073,1.05855176231384,2.2340485629174,1.07399046026207,14.469449117561,10.9908151000618,6.36487401295205
"1435","shhs1",203962,"C005447",2672,0,0,16.9144421629021,"death",63,0,0,1,0,0,39.247065996,0,0,14.661921708,0,0,0,0,0,2.5,26,63.2739098516736,0.0273909851673601,186,2.64164648910412,4.38072793224684,0.0520851288348113,1.78155031804945,14.5606067680894,1.92694332661962,1.66662491989456,2.14144178777175,0.42770361757514,14.8019092696998,6.83390100795732,4.82846872752977
"1436","shhs1",205386,"C009915",3263,0,1,15.8521560574949,"dementia",70,0,0,1,0,1,24.901380671,0,1,0.3191489362,0,1,0,0,0,2.25,NA,71.7791038202282,0.17791038202282,103.5,1.99673202614379,6.97721103433552,0.0251927147281418,0.837523505877109,6.51542552809541,0.887381625787435,0.692447566393311,0.274093099966611,-0.149516159345602,7.80688759175936,5.86501167505469,4.28407404935494
"1437","shhs1",202999,"C001948",3838,0,1,19.5455167693361,"dementia",59,1,0,1,0,0,27.173119065,0,0,2.787456446,0,0,0,0,0,1.5,30,63.9438691494572,0.49438691494572,182.5,1.83188908145581,4.90809296699143,0.0410394219357894,1.42560581724837,11.7921744101411,1.48737873723037,1.28693453860515,2.35402018300938,0.570081615377259,15.7055807710312,6.50350202798746,4.92551182518221
"1438","shhs1",203493,"C007740",2868,0,0,21.9849418206708,"censor",59,0,0,1,0,0,26.216305062,0,0,3.059490085,0,0,0,1,0,3,29,67.0536596079427,0.805365960794271,15.5,0.293023255813953,5.50441753112575,0.0572152842546928,1.00430028596537,11.018400378984,1.0926749447208,0.879122145872034,1.48196755352996,0.943928295421444,8.70318450401887,5.17142514913537,3.01982190151576
"1439","shhs1",203833,"C014613",2896,0,0,18.5516769336071,"death",57,0,0,1,0,0,38.761337868,0,1,5.447042641,0,0,0,0,0,1.75,28,63.4965732405345,0.64965732405345,114,1.53314917127072,6.16008438460715,0.0806958442668841,1.28230637518679,13.8622506613697,1.34696490132111,1.17591692652523,2.08413274435016,0.66633703258811,11.9579781335606,5.70635836237733,5.56531677205827
"1440","shhs1",205044,"C009683",3393,0,0,22.5571526351814,"censor",63,0,0,1,0,0,34.21875,0,1,11.871657754,0,0,0,0,0,3.75,30,66.4483730091072,0.34483730091072,183.5,2.11643835616438,5.97977201110961,0.0656088478542577,0.8994787114817,11.5210045032813,1.02341852369965,0.852653336534884,1.74588625833334,0.860247741197004,13.8473774246827,6.66443317141701,4.93124229464497
"1441","shhs1",205139,"C012421",3348,0,1,20.4517453798768,"dementia",63,0,0,1,0,0,32.49553837,0,1,15.950310559,0,0,0,0,0,1.25,29,69.5829732415127,0.65829732415127,255,1.90191897654584,5.13932076199455,0.0791013811281382,0.800679604859779,6.46510727204011,0.897516519350981,0.740961600495855,1.27003020602033,0.563291667264614,12.176601468627,7.67052642731036,5.68828275182786
"1442","shhs1",203625,"C002713",2766,0,0,15.4661190965092,"death",59,1,0,1,0,0,24.946938776,0,0,7.0033670034,0,0,0,0,0,3,NA,53.8076263146186,-0.51923736853814,522.5,4.15472312703583,7.31930891247403,0.0645691471061172,1.43727486858898,15.3140624554994,1.56788299977107,1.29775087018008,2.35733863512507,1.2234946909012,20.3316021000819,8.40372771763378,5.80143554755211
"1443","shhs1",205624,"C002975",3207,0,0,21.0814510609172,"censor",58,1,0,1,0,0,30.475206612,0,0,21.721518987,0,0,0,0,0,1.25,NA,59.914668202086,0.1914668202086,157,1.37117903930131,6.33126454890575,0.078822478800648,1.3094870720754,19.3519312076292,1.40787423040198,1.20869398004479,3.17393443328224,1.07850884754562,9.98409455436458,5.33427626130487,3.94918367774396
"1444","shhs1",204970,"C002000",3592,0,0,12.4681724845996,"death",67,0,0,1,0,1,25.224813291,0,0,6.4419475655,0,0,0,0,1,3.25,NA,62.9078012252685,-0.40921987747315,262,3.06561679790026,6.01641123977594,0.0520064364143028,1.53900031211708,16.7611193934136,1.71946672215407,1.45895002289377,3.07740961905944,1.49103445896998,22.109407858822,6.29648068161419,4.60041556810675
"1445","shhs1",205754,"C008987",2926,0,0,3.44421629021218,"death",70,1,0,1,0,0,30.79803719,0,0,2.4161073826,0,0,0,1,0,2,NA,75.2779204164413,0.52779204164413,97.5,1.8268156424581,3.69817144761371,0.0474037166801173,1.30948741136927,10.5942281785865,1.41122710212859,1.20263642315334,1.26173486592641,0.767951286808277,12.6772253067562,4.01631114144066,4.01628820575106
"1446","shhs1",203912,"C014677",2675,0,1,12.8898015058179,"dementia",65,1,0,1,0,1,30.026332889,0,1,1.6783216783,0,0,0,0,0,3.25,NA,71.3990891793548,0.63990891793548,161.5,2.43865030674847,3.78949106237221,0.056185081669825,1.23490322790919,7.64436076842071,1.30418206463707,1.13642158252806,1.30647301807414,0.551312784352009,15.8102119098865,6.71347256278833,6.04556766585194
"1447","shhs1",205097,"C002056",3366,0,0,20.2217659137577,"death",68,0,0,1,0,1,30.9375,0,0,5.7446808511,0,0,0,0,0,2.25,NA,74.9970186676548,0.69970186676548,106,1.55437665782493,5.61237653596478,0.111822546923498,0.863819440035346,13.6612106891151,0.956080319112882,0.75913670497536,1.74540168766595,0.663485943428515,13.994670118898,4.59955540064182,2.05437362214666
"1448","shhs1",205783,"C012552",2918,0,1,10.6830937713895,"dementia",67,1,0,1,0,1,28.869261259,0,0,12.892561983,0,0,0,0,0,2.75,19,75.5033313492541,0.85033313492541,123,1.58785249457701,4.60142055614924,0.0996525665159293,0.874784897192815,12.6435822878365,0.953973953298524,0.787703844499987,1.7441290173606,1.12634474397073,9.84421627451039,3.2358788238048,2.71978159996388
"1449","shhs1",205280,"C007705",3253,0,1,10.5297741273101,"dementia",69,1,0,1,0,0,27.131411791,0,1,43.741935484,NA,0,0,0,0,3.75,NA,71.7551643720416,0.275516437204161,177,2.55649717514124,4.66229301660098,0.109446177779013,1.46062390442632,10.3739291616454,1.62807933761081,1.31250608543787,1.42606440329133,1.16579116093584,10.2922408410002,5.05230923238975,4.46454676716543
"1450","shhs1",202942,"C014961",3837,0,0,21.6125941136208,"censor",59,1,0,1,0,1,25.961157352,0,0,9.7454545455,0,0,NA,0,0,2.75,29,44.2645502479712,-1.47354497520288,258,2.60907127429806,7.79498061521665,0.0408984747682113,2.2528935079448,19.5629015725294,2.41777741432051,2.05340742575572,4.23118982250853,2.20348492443428,17.0327053072256,9.87225855353983,8.48143974913774
"1451","shhs1",205788,"C013390",2912,0,0,5.8425735797399,"death",70,1,0,1,0,1,25.80353101,1,0,2.5130890052,0,0,0,1,0,1.5,NA,71.4679872071404,0.14679872071404,140.5,1.74279835390946,5.00033574072749,0.0726230768074717,1.87871470512613,9.33399006307863,1.94281880146419,1.71473364015375,1.39693686133167,0.792347813230123,10.4732889569757,4.89912657059401,5.6858871807345
"1452","shhs1",205160,"C010292",3310,0,0,21.4346338124572,"censor",63,0,0,1,0,0,38.019565125,0,0,11.216216216,0,0,0,0,0,2.5,NA,65.5753797843253,0.257537978432531,330.5,3.47282608695652,6.25407645764684,0.0638941311147904,0.929581787833312,13.9429616550505,0.999371653602185,0.821651676157282,1.91914278217219,1.20045491646615,16.909804199884,4.89361753980282,3.21211598394811
"1453","shhs1",205138,"C008739",3320,0,0,22.8501026694045,"censor",59,1,0,1,0,0,34.970332029,0,0,25,0,0,0,0,0,3,28,59.2928709948688,0.02928709948688,178.5,2.08168316831683,5.26599746747157,0.0598124903310589,1.21588311368432,18.5849128935789,1.29683520286765,1.12542909534682,3.44356266623251,1.46058257986967,14.8985512687206,6.95531626807303,7.63541373546285
"1454","shhs1",202990,"C000958",3778,0,0,20.8323066392882,"death",68,0,0,1,0,1,34.88372093,0,1,2.3487544484,0,0,0,0,0,2.5,29,65.9836634839041,-0.20163365160959,111.5,1.76902173913043,4.79299040687909,0.0541986756427911,1.32596651470842,11.8094948060662,1.42395185606693,1.19823013316866,1.75733435815062,1.09801519842761,8.94972437899175,7.52593025754071,8.12123873292424
"1455","shhs1",205149,"C000005",3342,0,1,19.0116358658453,"dementia",65,0,0,1,0,1,30.787989636,0,0,0.5542725173,0,0,0,0,0,4.25,26.4,67.9914697091688,0.29914697091688,309,3.35104364326376,4.58504949369712,0.05238585436952,1.21137617590316,13.0947198112802,1.3819674635553,1.11895029912065,1.54379452117349,0.496161978877142,16.5478879758293,5.45048834784526,3.93617470467523
"1456","shhs1",205407,"C009311",3558,0,0,21.0239561943874,"censor",57,1,0,1,0,1,27.037037037,0,0,29.933184855,0,0,0,0,0,2,30,65.331491825843,0.8331491825843,116.5,2.96943231441048,7.19258770873096,0.0898059519099523,0.779595942205245,12.922071456689,0.825577340818389,0.71908863837896,1.72214986048762,0.662652695901129,21.7859858923716,6.40843976735528,3.63614989417706
"1457","shhs1",205417,"C000070",3482,0,0,10.5270362765229,"death",57,0,0,1,0,0,46.118626431,0,1,8.4155844156,1,0,0,0,0,2.5,NA,42.8149447695061,-1.41850552304939,206,3.44074074074074,11.6033218923435,0.052296538207537,1.72069888771637,18.4614697426548,2.06671746721125,1.66442433338241,4.7854119656416,2.21469755591776,19.9875757764035,8.85106104876408,7.10465020410577
"1458","shhs1",203857,"C009686",2632,0,0,19.2826830937714,"death",61,0,0,1,0,0,25.123966942,0,0,7.5925925926,0,1,0,0,0,2.5,28,52.6762989240378,-0.83237010759622,133,1.54452054794521,6.91430871872467,0.0413786486339862,1.94679177544013,18.6807781789129,2.07710064644079,1.78643509795437,4.35404074398903,0.81494046872466,16.9195342981061,9.71071853406018,5.705434570796
"1459","shhs1",203267,"C005035",2918,0,0,9.48665297741273,"death",72,1,0,1,0,1,26.771227691,0,1,2.633744856,0,0,0,0,0,5,NA,54.5470038306844,-1.74529961693156,333,2.52023121387283,6.99899960051566,0.0455852142435269,1.4647732634136,18.7731555084271,1.53807262279243,1.31099519885539,4.00148302668556,2.70452666936052,16.4348337853542,10.0780542789946,9.92328314688545
"1460","shhs1",203078,"C012453",3701,0,0,21.8069815195072,"censor",70,0,0,1,0,1,31.328125,0,0,0.9677419355,0,0,0,0,0,3,30,65.4412019353297,-0.45587980646703,211,1.43416370106762,6.78751955102618,0.0625674248681136,1.39139257103636,20.1218605125923,1.53047029363601,1.22879086673501,3.32481486807139,1.37456539571212,14.8305610654272,4.49939793762198,2.53311245713057
"1461","shhs1",205377,"C001613",3266,0,0,22.5242984257358,"censor",55,0,0,1,0,0,34.651992861,0,0,0.6880733945,0,0,0,0,0,4.5,29,60.0475282211173,0.50475282211173,134.5,2.17079889807163,5.03417866594581,0.0741027388322027,1.13125786575057,17.9199721666364,1.22158475974781,0.979538818749498,3.66197009785879,1.62480510347469,15.2753550224901,5.5882386647342,3.5721048148985
"1462","shhs1",203176,"C014865",3651,0,1,11.7180013689254,"dementia",63,0,0,1,0,1,26.147959184,0,0,0.736196319,0,0,NA,0,0,2.75,NA,60.6791406767563,-0.23208593232437,178.5,2.78571428571429,6.5244227963317,0.0458055393719764,1.24615937702569,17.0426106786772,1.37058996853793,1.06796176906344,2.99554504330925,1.34971371008108,19.223233137547,6.46753155946572,5.31554669586458
"1463","shhs1",203389,"C001991",2942,0,0,22.217659137577,"censor",61,0,0,1,0,1,27.475629493,0,0,1.1637931034,0,0,0,0,0,4.25,30,50.2187908801612,-1.07812091198388,315,3.51948051948052,7.37595885208501,0.0274087622938454,1.257725067639,20.0764958753964,1.45171844357673,1.21034920928974,4.27990833697545,2.21377640347348,20.1020301009021,8.73938583806884,6.66369526980985
"1464","shhs1",204973,"C013264",3593,0,1,22.3545516769336,"dementia",72,0,0,1,0,0,22.298522434,0,0,6.2837837838,0,0,0,1,0,3.75,NA,73.1415343692245,0.11415343692245,302,2.97202797202797,3.77737016116501,NA,NA,12.1278378769408,NA,NA,1.23014187988893,NA,10.9146096204575,6.37402758878917,NA
"1465","shhs1",205397,"C006611",3571,0,0,21.0239561943874,"censor",55,0,0,1,0,1,26.758532286,0,1,4.1132637854,0,0,0,1,0,1.75,29,64.9305125779786,0.99305125779786,72,1.13553113553114,5.73791764891218,0.0652909603155657,0.700440257508701,14.1684118518032,0.758945442716275,0.659037768841361,1.74070521247729,1.06102020959235,10.5731221524617,4.8473987031765,4.76898595248341
"1466","shhs1",203628,"C007559",2878,0,0,22.7296372347707,"censor",58,0,0,1,0,0,33.155555556,0,0,7.969348659,0,0,NA,1,0,2.25,29,59.2351114254823,0.12351114254823,239,2.54564315352697,5.70086616426716,0.0593732765331714,1.52067145533263,12.9662733011899,1.61454540749083,1.38879665585795,2.18186236477084,0.660835154946133,17.4374032018356,8.24727552256005,5.74008827785115
"1467","shhs1",205279,"C011400",3257,0,0,14.1875427789185,"death",70,1,0,1,0,0,27.033976125,0,0,4.9533954727,0,0,0,0,0,2.75,NA,76.3668314142922,0.636683141429219,158.5,2.00588235294118,4.43832185975104,0.0867794328347583,0.931281203971874,11.6026424417401,0.976228148716158,0.875075620428425,1.24053059585134,0.623490918879347,14.4209130070361,5.16737713989373,5.33492419845836
"1468","shhs1",203042,"C002140",3681,0,0,21.8918548939083,"censor",60,1,0,1,0,1,32.60588843,0,0,1.6850551655,0,0,0,0,0,1.75,30,65.4132383640324,0.54132383640324,218.5,1.44242424242424,5.27933855650805,0.0584827559380213,1.09202526143681,16.4203647089476,1.13798676763909,0.996175813587237,1.9911259644774,1.10412572627326,11.7426601380279,4.31078615972904,5.37582430364443
"1469","shhs1",205721,"C001386",3010,0,0,18.7405886379192,"death",54,0,0,1,0,0,24.179479898,0,0,0.8097165992,0,0,0,0,0,3,30,55.8754256274708,0.18754256274708,227,2.89922480620155,6.86108648889494,0.0652017181533819,1.17495774237337,17.7849889359053,1.26523565840611,1.04542332077401,3.68724314236852,1.42416452160864,20.0200776130773,6.68769279847787,3.77899694719575
"1470","shhs1",203317,"C014167",2880,0,0,22.2532511978097,"censor",57,1,0,1,0,0,24.599690083,0,0,6.4705882353,0,0,0,0,0,2.5,29,57.4943374775684,0.0494337477568401,98.5,2.21825396825397,5.13434193083235,0.0638699391326076,1.31507890190225,17.9896777713172,1.47903172127073,1.21080477891978,3.54627988920674,1.7228263622311,11.3436904799784,6.37879867138138,5.60300723950522
"1471","shhs1",205672,"C001199",2980,0,0,21.5605749486653,"censor",66,1,0,1,0,0,33.756110451,0,0,58.069306931,0,0,0,0,0,1.5,30,66.3596056325386,0.0359605632538603,226.5,1.35245901639344,4.78365714008358,0.0560439236157027,1.17503646957394,16.5442473946945,1.22771702321436,1.11116778541858,3.08715205325246,1.71247713936345,12.2767429343224,5.18458590053273,5.25115660448582
"1472","shhs1",203540,"C014552",2838,0,0,23.1813826146475,"censor",68,0,0,1,0,1,28.108268888,0,0,5.3304442037,0,0,0,1,0,3.5,NA,55.5624547288789,-1.24375452711211,143,1.54229934924078,6.71267143193205,0.0303335328825014,1.68266618662113,20.8400011705723,1.79612637664126,1.49408386841407,3.79837050960917,1.48324345308058,13.6030334844355,8.57222973086018,7.39411350479965
"1473","shhs1",203792,"C008351",2766,0,1,15.3730321697467,"dementia",60,0,0,1,0,0,25.155555556,0,0,7.294398093,0,0,NA,0,0,1.25,27,56.8126785691389,-0.31873214308611,122,1.58357771260997,7.38256339551199,0.0361642068940007,1.05320867658575,11.6883423187993,1.15009843119742,0.952015478969354,2.2466512023358,1.44826779981798,17.0941961426046,9.81038942533499,6.55997883795459
"1474","shhs1",205133,"C012620",3305,0,1,16.7556468172485,"dementia",71,1,0,1,0,0,24.389348026,0,0,6.852367688,0,0,1,0,0,1.5,26,67.529130618165,-0.3470869381835,162.5,2.03030303030303,5.45222746056405,0.0866828116773515,1.34854941233378,12.9617711670726,1.42752451366592,1.21559992032484,2.31617421429316,1.10458822827147,12.4284294467127,7.90888969577756,6.16179614780181
"1475","shhs1",205060,"C015270",3328,0,0,2.77618069815195,"death",64,0,0,1,0,0,32.54942768,0,0,3.4152652005,0,0,0,0,0,2.25,NA,70.3456678674305,0.634566786743051,62,1.4593023255814,7.81640281277486,0.0649343448669226,0.62639850366667,11.7042186567208,0.639859478056409,0.586665922779338,1.61076515089611,0.595843384091108,8.33374523373917,3.80139941963926,2.78571956719158
"1476","shhs1",205653,"C011841",3132,0,0,21.0266940451745,"censor",58,0,0,1,0,1,30.673706127,0,0,2.6181818182,0,0,0,0,0,2.25,29,61.4190215121528,0.34190215121528,296.5,3.29508196721311,5.59395312713566,0.0470628608084899,1.18041377568958,13.9552120596809,1.29434924135596,1.10187409998813,1.61851408662315,0.545183596970469,16.3213693619376,6.43994061051234,6.33557249137149
"1477","shhs1",203028,"C015332",3727,0,0,14.2477754962355,"death",59,1,0,1,0,1,28.669573259,0,0,8.951048951,0,0,0,0,0,2.5,29,61.0447344827548,0.20447344827548,175.5,2.44170403587444,7.42610263410984,0.11132761773689,1.19143431475493,9.36014310135827,1.26072536407327,1.07438693621852,1.36350667610684,0.736962666688553,13.5910824624486,9.37384429922153,9.68286530543213
"1478","shhs1",205064,"C009185",3417,0,0,11.2635181382615,"death",61,1,0,1,0,1,44.982698962,1,1,4.6861924686,0,0,0,0,0,1.75,NA,59.6774115229425,-0.13225884770575,209.5,3.01146131805158,8.18789239668713,0.0797466877337718,1.43536344026335,14.2110807063144,1.59254772493596,1.26091119547088,2.56237149280057,0.97935208293485,15.6297480493281,6.12156264954077,4.4906127114399
"1479","shhs1",203887,"C001730",2752,0,1,18.444900752909,"dementia",60,0,0,1,0,0,31.717230367,1,1,2.2140221402,0,0,0,0,0,1.25,28,58.3311453374755,-0.16688546625245,277.5,3.39746835443038,6.56932634313106,0.0627247970596524,1.23247397383345,13.0366110858769,1.44939306164094,1.15202713777308,2.11392661969349,1.48485925500341,16.7870067625632,7.42729107341951,4.73449196159961
"1480","shhs1",203570,"C014179",2801,0,0,23.3210130047912,"censor",56,1,0,1,0,0,24.405991736,0,0,8.315565032,0,0,NA,0,0,2.75,30,56.249902873027,0.0249902873026997,245,2.91008771929825,5.25618837259161,0.0432662232920974,1.03883045754106,17.8794719693531,1.09006239080549,0.953084962988861,3.06019523422824,0.831180179589336,17.8575956128073,8.86706909834431,6.10542795227747
"1481","shhs1",205527,"C000586",3274,0,0,18.5626283367556,"death",69,1,0,1,0,0,29.26410358,0,1,8.0918220947,0,0,0,0,0,2.75,NA,73.1538756979947,0.415387569799471,106,1.29916317991632,4.99512664870548,0.0621498634083839,0.729044402906685,14.1635881505614,0.785286545729431,0.700866015517766,1.88288361751876,1.20552766987862,13.4924574470092,4.86081331594404,3.18130172714615
"1482","shhs1",205541,"C009159",3135,0,1,11.211498973306,"dementia",73,1,0,1,0,1,26.780299403,0,1,4.3875685558,0,0,0,0,0,2.75,NA,63.141010424353,-0.9858989575647,179.5,2.45892351274788,5.66004388735553,0.0322846316834018,1.18179119768385,18.3978282792693,1.2716821370252,1.09399860498203,3.77037069218322,1.92306997246798,13.4395305446251,7.03443571402899,5.41122765079036
"1483","shhs1",203065,"C008950",3537,0,1,15.2470910335387,"dementia",65,0,0,1,0,0,42.65625,0,1,66.831683168,0,0,0,0,0,1.75,25.384615385,79.5110138895049,1.45110138895049,1,2,2.08924091267603,NA,0.278789975332841,12.4202139435342,0.29120141898817,0.268132502461478,1.03996470253269,0.32256083429141,1.69865481990404,2.34491083676626,1.3131347146362
"1484","shhs1",203804,"C010543",2741,0,0,22.3545516769336,"censor",63,0,0,1,0,0,21.818181818,0,1,7.1599045346,0,0,NA,0,0,2.25,30,59.8307559668295,-0.31692440331705,151,2.20220588235294,6.15826540568236,0.0616242950928898,1.28010072047549,18.0136364083004,1.38491450923333,1.17157099666283,4.51095032665808,2.63488667311789,21.653536859379,6.65514609631211,6.1926334928942
"1485","shhs1",205522,"C007821",3192,0,0,20.7337440109514,"censor",63,1,0,1,0,1,29.620811596,0,0,22.903752039,1,0,0,0,0,1.5,26,65.7834363631241,0.27834363631241,90,1.15472779369628,6.48381290330175,0.126286596793733,0.909573787587346,16.3919386105997,1.04417331061119,0.862297708489453,2.60096752798958,1.58198921591444,15.3678021336082,7.09058316478577,4.02867302578623
"1486","shhs1",203811,"C000551",3005,0,1,10.3299110198494,"dementia",66,1,0,1,0,0,32.895352829,0,1,16.400541272,0,0,1,0,0,1.75,NA,64.7447091866634,-0.12552908133366,235.5,3.18679245283019,10.9531711630089,0.073106998790181,0.788588747855493,8.60670457826991,0.870600890661444,0.754743609888859,0.961784551863979,0.448407973289711,33.0189555165492,5.84061441761374,3.42963922475901
"1487","shhs1",205708,"C001000",3121,0,0,21.4072553045859,"censor",61,0,0,1,0,1,28.567127103,0,0,8.9705882353,0,0,0,0,0,4,28,70.4857618529515,0.94857618529515,314,2.64902998236332,2.2211974960778,0.0559379740465892,0.729851002710806,15.4565137984319,0.784986937423691,0.651826348462339,1.21067318073103,0.230868693334954,8.53777925540617,4.53074331091493,3.06000876637957
"1488","shhs1",205702,"C002449",3111,0,0,21.4483230663929,"censor",57,0,0,1,0,0,23.073225445,0,0,2.4633431085,0,0,0,0,0,2.75,27,62.7022959528029,0.57022959528029,199.5,2.61254612546125,4.80183747376229,0.041013469990497,0.823961226232867,16.8599373433432,0.950922445957548,0.820065456667186,2.75478643517298,0.973849765750787,13.387359473229,5.08583332307305,3.12403480770881
"1489","shhs1",205164,"C009710",3353,0,0,22.0013689253936,"censor",60,1,0,1,0,0,25.422209473,0,1,3.3179723502,0,0,0,0,1,2,28,65.7848131674175,0.57848131674175,44.5,1.80088495575221,9.40496308838124,0.0495734610288831,NA,7.67550320864676,NA,NA,0.933254538299954,NA,25.8859325018289,7.08621349977534,NA
"1490","shhs1",205281,"C005552",3263,0,0,21.2320328542094,"censor",70,0,0,1,0,0,30.58652655,0,1,2.5930372149,0,0,0,0,0,1.5,NA,68.3386609802742,-0.16613390197258,113,1.99676375404531,5.79362713940442,0.0345370874446709,1.00633460678629,15.8141745239283,1.13216052233053,0.891965287114442,2.24913071589675,0.86331100722465,12.507698872727,5.23074179814998,3.22313249185966
"1491","shhs1",203171,"C008515",3118,0,0,22.0287474332649,"censor",54,0,0,1,0,1,22.959087659,0,0,1.0480349345,0,0,0,0,0,3.75,30,46.4076873181338,-0.75923126818662,257.5,3.29102167182663,8.22750056862172,0.035674198099764,1.41945122725378,15.4520103405831,1.55668728637532,1.25081586456458,3.09556415079097,1.91050418787168,16.4943462036984,9.423903854881,6.48337494536878
"1492","shhs1",203794,"C000134",2753,0,0,3.72347707049966,"death",57,1,0,1,0,0,29.313016529,0,1,9.92,0,0,0,0,0,3.5,NA,64.1063395934548,0.710633959345481,257.5,3.18952618453865,5.14125524058205,0.0747700468850605,0.995703117213049,15.0161700242793,1.08474471192414,0.923584720253023,2.27392492756378,1.03793967640043,16.9218192367726,5.16338094828599,4.03798575462819
"1493","shhs1",203241,"C013397",3000,0,1,16.703627652293,"dementia",66,0,0,1,0,1,43.392504931,0,1,17.637795276,0,0,0,0,0,2,27,69.898432193597,0.3898432193597,57,1.23012552301255,4.99777304052178,0.0760431259435931,0.717897242983849,15.2395089004221,0.782390480017602,0.674698563331916,2.03158835076677,1.31020578493248,9.87094257380257,5.54382101164682,4.93042695783705
"1494","shhs1",205405,"C012683",3226,0,0,5.74674880219028,"death",69,1,0,1,0,0,35.143347866,1,1,20.440528634,0,0,0,0,0,1.5,NA,76.2897129911454,0.728971299114539,39,0.817258883248731,4.45058807309162,0.0751541539582902,NA,12.192198124096,NA,NA,0.889595127401091,NA,7.34748211934256,4.19004797252455,NA
"1495","shhs1",203531,"C010739",3087,0,0,21.8288843258042,"censor",54,1,0,1,0,0,29.883381924,0,0,20.04950495,0,0,NA,0,0,2,29,55.1647924938219,0.11647924938219,139.5,1.37623762376238,7.30389453473413,0.070001850656619,1.84070723759559,17.1978707091227,2.04026261901248,1.64313147518254,4.27871359300007,1.14039351755099,16.8076145530482,6.04402596072516,4.5403370808467
"1496","shhs1",205773,"C011253",2930,0,1,12.4271047227926,"dementia",67,1,0,1,0,0,29.150514331,1,1,8.0373831776,1,0,0,0,0,3.25,NA,76.5640212591037,0.95640212591037,105.5,1.26992287917738,4.21699173993275,0.0765561675014266,0.955707554021621,7.72232443475016,1.08993774057945,0.903962714643551,0.858181629573218,0.391828358067813,9.89336857489492,4.72032377889145,3.44316911106922
"1497","shhs1",205609,"C007752",3187,0,0,21.8617385352498,"censor",60,1,0,1,0,0,30.927169421,0,1,10.01345895,0,0,0,0,0,2,26,55.0627459236364,-0.49372540763636,206.5,1.88392857142857,8.26646269167115,0.0291946118715973,1.50156639864738,12.5385547749902,1.57603143477296,1.35973478257736,2.44249521279242,1.36577012654351,19.0165037547515,8.67287481660935,6.66430755886737
"1498","shhs1",205254,"C001330",3290,0,1,18.839151266256,"dementia",57,1,0,1,0,0,28.216134326,0,1,20.782918149,0,0,0,0,0,1.75,24,58.9533401642643,0.19533401642643,230.5,2.00204081632653,5.52593220094246,0.047896225292508,1.1654242867382,16.3922291748763,1.21817966283566,1.07967939972571,2.6856733113432,0.495672871619923,14.0138298124615,7.82015299585451,5.42783090177193
"1499","shhs1",203933,"C001634",2670,0,0,21.7440109514031,"censor",57,1,0,1,0,1,29.223523729,0,0,5.6872037915,0,0,0,0,0,2.75,NA,53.79157705663,-0.320842294337,306.5,3.18080357142857,6.98556948079312,0.0619332507244267,0.961197543345967,15.362731256065,1.04792293279521,0.911358491443309,2.34903896086844,1.87849859839888,20.0334047175623,9.7045308260071,8.87744551504195
"1500","shhs1",203829,"C000338",2890,0,0,22.3134839151266,"censor",62,0,0,1,0,1,36.413290851,1,1,3.5190615836,0,0,0,0,0,2,NA,65.1487266732371,0.314872667323711,489,2.24471299093656,3.70764593725442,NA,NA,11.0798191386164,NA,NA,5.18021248450711,NA,6.41208268052765,4.26957167868527,NA
"1501","shhs1",205002,"C014389",3481,0,0,9.43189596167009,"death",59,0,0,1,0,0,19.356805365,0,0,2.4358974359,0,0,0,0,1,2.5,NA,68.740811048232,0.9740811048232,133,2.28787878787879,5.37137234673595,0.0846119265259181,0.810551645515243,8.43116430115278,0.901358764995792,0.749296834647097,1.69554924379612,0.50642419914349,14.4957766278319,6.68116573657376,4.3249954050114
"1502","shhs1",203773,"C009496",2778,0,0,21.9028062970568,"censor",53,0,0,1,0,1,26.960514233,0,0,3.4828496042,0,0,0,0,0,2.5,27,67.0604912265316,1.40604912265316,93.5,1.52,4.79146414486361,0.083238467936063,0.600520549823424,14.220745581453,0.698160158394311,0.585655055387831,1.91080524973958,0.970532290767888,13.0907475908349,4.44755923795598,3.54578329410585
"1503","shhs1",205600,"C014623",3143,0,0,14.5325119780972,"death",70,1,0,1,0,0,32.27638745,0,0,2.1028037383,0,0,0,0,0,2.75,NA,71.9636194975942,0.196361949759419,142.5,2.88659793814433,5.9113221210375,0.0591310368980776,1.31361175370529,14.2400320692142,1.38030371479626,1.18006213535816,1.58485547209386,0.238762449536696,14.9170856371275,4.11868659497754,3.9289994586592
"1504","shhs1",203160,"C007542",3149,0,0,12.0930869267625,"death",70,0,0,1,0,1,35.999419364,0,1,23.18537859,0,0,0,0,0,3,NA,67.5329127804197,-0.246708721958031,270,3.33399209486166,5.71859220925001,0.086043422053064,1.09081381772612,17.0724002133519,1.21181759953096,1.00004826457875,2.44377768589627,1.18693808904395,22.3002196876545,7.02657895947201,3.20207182151123
"1505","shhs1",205580,"C012304",3282,0,0,20.4517453798768,"censor",62,1,0,1,0,0,25.471607776,0,0,11.967654987,0,0,0,0,0,2,30,74.3914013112293,1.23914013112293,92.5,1.49117647058824,4.33018128341642,0.106375391361529,0.950284639117546,9.24200752946119,1.00134643427089,0.846299733532872,1.39576497144229,0.653706114842541,15.2534070697598,5.38244927959002,3.0947663942748
"1506","shhs1",203304,"C015189",3052,0,0,12.4435318275154,"death",67,1,0,1,0,0,31.136594571,0,0,9.1719745223,0,0,0,0,0,2,NA,68.2281443418892,0.122814434188921,188.5,2.00602409638554,7.23422287602942,0.0822641127806814,0.974841219174151,11.631973834862,1.029602396563,0.901017017604052,2.79980972807162,0.541953137562087,7.44945238753774,5.70010430381292,5.36182575060915
"1507","shhs1",205583,"C009510",3333,0,0,2.76796714579056,"death",54,1,0,1,0,1,28.719723183,0,0,2.8215767635,0,0,0,0,0,2,NA,52.198067739996,-0.1801932260004,178.5,2.22588235294118,5.00792090011416,0.0512658265958307,1.57927043178059,16.3640759469981,1.69039521481797,1.47278954559827,2.65361247090637,1.39905724816173,13.0819061795936,9.38327445563902,9.75768323817059
"1508","shhs1",203894,"C003373",2754,0,0,20.0109514031485,"death",65,0,0,1,0,1,30.299434358,0,1,2.9563269877,0,0,NA,0,0,2.5,29,56.9387318518468,-0.80612681481532,133,1.83793103448276,7.26592603896072,0.0466984348744787,1.39512097071509,18.8808436543355,1.46576478100092,1.27006007321909,2.83482765384076,1.77463074119168,10.3625995718065,7.00950970581754,6.28382255068529
"1509","shhs1",205775,"C011258",2971,0,0,21.6098562628337,"censor",57,0,0,1,0,0,25.435568705,0,0,3.6464088398,0,0,0,0,0,3.75,30,52.4500914502574,-0.45499085497426,304,2.5024154589372,8.86073404128253,0.0498801929151913,1.28445312279549,13.0165012182529,1.44586039097219,1.162289316803,2.88920169119896,1.56849979029814,17.3531287303748,8.57151538584204,8.57757958403628
"1510","shhs1",205492,"C003546",3192,0,0,20.8487337440109,"censor",70,1,0,1,0,1,24.338374291,0,1,21.456953642,1,0,0,0,0,3,26,69.3231587697529,-0.0676841230247106,163,1.92518703241895,6.99921622949368,0.0614367724718847,1.1300703275801,13.9533525566052,1.21073034238643,1.00711858188352,2.06895158917751,0.731760885015327,11.4046581061857,4.73937741644161,3.52973450418213
"1511","shhs1",203950,"C002562",2697,0,0,22.611909650924,"censor",67,1,0,1,0,0,28.920556003,0,1,7.4277854195,0,0,0,0,0,2.5,NA,69.1775626113666,0.21775626113666,142,1.6358024691358,4.82795499686516,0.057683719127699,1.31620174280171,11.6270792472721,1.39053324265829,1.19316116985556,1.88104697692584,0.622967941528435,13.7083867210204,6.74727878570316,7.70771761254113
"1512","shhs1",203395,"C010408",2961,0,0,22.861054072553,"censor",62,1,0,1,0,1,33.024691358,0,0,11.235370611,0,0,0,0,0,2.75,30,64.5858237835256,0.25858237835256,183,2.57750759878419,6.02780168836568,0.0694816249584067,1.27332608577054,12.2222913093215,1.38479984560061,1.15764507925643,2.09361050350017,0.763581991254416,18.4727729528378,7.11757899995891,5.52619827806251
"1513","shhs1",205683,"C009767",3032,0,0,13.6481861738535,"death",72,1,0,1,0,0,27.117188532,0,1,37.996422182,0,0,0,0,0,3,NA,70.4442036373429,-0.155579636265711,97.5,1.28672985781991,6.87622394926507,0.0680134924236114,1.03601394347695,10.7646592148374,1.17336360813197,0.993362205814686,1.54315033991486,0.519955317596902,10.9876339284482,7.10166351348517,3.90312570890926
"1514","shhs1",203447,"C012989",3366,0,0,21.0266940451745,"censor",59,1,0,1,0,1,29.202445788,0,1,5.8741258741,0,0,0,0,0,3,28,66.7093819360334,0.77093819360334,263.5,2.33145009416196,6.09866913445603,0.0585366884987617,0.821373053972777,11.1812044718557,0.860531441869218,0.769828347595627,0.931867652224668,0.687650526268315,17.2905809991804,5.78256649449697,5.25419517065613
"1515","shhs1",203556,"C012320",2833,0,0,9.31964407939767,"death",63,1,0,1,0,0,27.195250407,0,1,1.5137614679,0,0,0,0,0,2.75,NA,63.1467276203085,0.0146727620308504,111,2.25949367088608,6.30503902541134,0.0510259772775472,1.19699807976636,8.29815307051224,1.27275595145138,1.06657184733989,1.43992369429044,1.54496184967415,12.4301789758763,7.29219458000041,24.4364956953058
"1516","shhs1",203825,"C000230",2831,0,0,14.3299110198494,"death",70,0,0,1,0,1,28.912742382,1,0,6.1832061069,0,0,0,0,0,3.5,NA,72.2713287621307,0.227132876213069,217,3.46323529411765,5.32817434657188,0.0765184224237011,0.939499348914509,11.6006488350043,0.978650992268717,0.846126469840379,1.33672944063655,1.14368269779267,18.3858008467995,5.62546906198441,3.79080033609511
"1517","shhs1",205389,"C005024",3373,0,0,21.6673511293634,"death",65,0,0,1,0,1,22.206330686,0,0,0.4017857143,0,0,0,0,0,3.75,29,58.2970923194081,-0.67029076805919,252,3.00815217391304,6.7062436584403,0.0339430614389251,1.55450255656765,14.6465380527422,1.77539108459214,1.43501906465457,2.19889251743002,1.20146991348231,17.7860755965304,7.74443563894309,5.35621059821149
"1518","shhs1",203814,"C012903",2744,0,1,15.8247775496235,"dementia",68,1,0,1,0,0,34.306703398,1,1,19.759036145,0,0,NA,0,0,4,NA,67.4451642999448,-0.0554835700055193,126.5,2.11940298507463,5.93928213063662,0.0658343135294016,0.775998964698475,18.1676374615753,0.847192778254121,0.762929684990638,2.40043378007819,0.926277282507518,15.9162500187353,6.75892794371229,5.68144669059833
"1519","shhs1",203216,"C008009",2973,0,0,17.1170431211499,"death",62,1,0,1,0,1,32.050303715,0,1,6.3387978142,0,0,0,0,0,2.75,NA,71.5972219282773,0.959722192827731,86.5,1.67006802721088,4.11756045427053,0.0878989862005449,1.0007610129585,11.3485762865742,1.05608135683234,0.942535224658118,1.2200995779319,0.545541669806199,10.9467094662844,5.68139072118116,7.36702578959175
"1520","shhs1",203266,"C005083",2907,0,0,17.555099247091,"death",57,1,0,1,0,0,36.578134265,0,1,13.780918728,1,0,0,0,0,1.25,NA,51.8134841060289,-0.51865158939711,58,2.46666666666667,8.64317862254127,0.026874217564906,1.01003122882002,18.1470359809061,1.12339172289962,0.912095543467968,3.32413900684904,1.53365450506712,17.2508803167341,8.4001782553652,7.70530643424816
"1521","shhs1",202953,"C010181",3796,0,1,15.501711156742,"dementia",73,0,0,1,0,1,21.980503594,0,1,1.1413043478,0,0,0,0,1,3.25,27,72.5280033568465,-0.0471996643153503,206.5,2.35218508997429,7.41637092520559,0.0591594000595637,0.901923780262893,8.54493272924527,1.13626522562164,0.955527541031365,1.13371049510994,0.542118688786386,17.1141035433092,6.46828135214738,5.56082881668302
"1522","shhs1",203244,"C013483",2958,0,0,17.0184804928131,"death",69,1,0,1,0,1,30.36389414,0,0,17.119341564,0,0,0,1,0,1.75,NA,74.9815150381939,0.598151503819391,99.5,1.41904761904762,4.95001895566153,0.109845977535951,0.795014665064141,13.5867454050669,0.905521151452136,0.74512634077723,1.66723259011194,1.2050883252695,15.6443334231688,5.39488893135312,3.51819097516815
"1523","shhs1",205545,"C003512",3298,0,0,17.2594113620808,"death",56,0,0,1,0,0,33.604296705,1,1,4.0540540541,0,0,0,0,0,1.25,26,63.3981596537091,0.73981596537091,30.5,0.904,4.95954517838892,0.0297559782443688,0.710331682301969,10.4274492193212,0.73858858091556,0.66966406307538,1.35620045428316,0.566441402158619,6.10630709320677,7.16060134223521,4.54628561578798
"1524","shhs1",203723,"C004692",2750,0,0,22.5023956194387,"censor",58,0,0,1,0,0,26.027451446,0,0,2.0202020202,0,0,0,0,0,2.5,30,56.1293246282642,-0.18706753717358,260,2.24850894632207,5.83268537209963,0.0574968158158501,1.57149104270663,15.1041645186404,1.80938825469335,1.42985474371258,3.00124182659827,1.10956190057953,16.532391073557,8.32502087909598,7.52742359225696
"1525","shhs1",203500,"C004091",2859,0,1,9.56878850102669,"dementia",71,1,0,1,0,1,23.28266908,0,1,12.334494774,1,0,0,0,0,3,NA,65.2550397205473,-0.57449602794527,98,1.8206106870229,8.57708107078004,0.0567457508390647,1.30518375777768,11.2569012649981,1.34443662538121,1.16255987500893,1.59367926944083,0.867716626913778,17.7910470458152,8.26312616375169,6.63608153749184
"1526","shhs1",203141,"C006920",3630,0,0,9.42915811088296,"death",69,1,0,1,0,0,27.45865421,0,0,5.4281098546,0,0,0,0,0,4,NA,67.3749483352498,-0.16250516647502,109.5,2.064,8.57744159046112,0.114386865558313,1.26203360773879,11.0954260983874,1.29520676411762,1.13983514747603,2.56975142836194,0.971351568730287,20.4396594603037,8.37036652905808,7.55544052484362
"1527","shhs1",205186,"C001411",3322,0,1,17.6454483230664,"dementia",73,1,0,1,0,0,26.732735766,0,1,4.7831184056,1,0,0,0,0,3.75,28,73.6817651407571,0.0681765140757094,76,0.800518134715026,5.41523512885705,0.042965223784081,1.02402954946486,11.1149329390748,1.0834787362213,0.935867830935016,2.37758156749557,1.35911541294441,14.0437222666489,5.32151848192702,3.52674444305689
"1528","shhs1",202910,"C006178",3827,0,0,21.2758384668036,"censor",70,0,0,1,0,0,29.0625,0,1,57.926102503,0,0,NA,0,0,2,27,70.4539157385982,0.0453915738598198,149,1.86547085201794,4.82590044090123,0.0664084939741782,0.878284391451551,18.3632325991664,1.08982916178221,0.890293346491186,2.2962618529552,1.03690838470391,11.7241223179834,4.82256927955006,4.43705623969795
"1529","shhs1",205262,"C003170",3292,0,1,16.7227926078029,"dementia",73,1,0,1,0,1,27.464810711,0,1,11.382636656,0,0,0,0,0,3.5,NA,60.0603288369614,-1.29396711630386,235.5,3.49318181818182,8.22825109480589,0.0445928450544309,2.26738898158759,12.9436512276773,2.42459978328313,2.06297438192226,2.0687043772716,2.77760275625481,17.1224572352085,7.41350773519125,5.55663091991895
"1530","shhs1",203549,"C009580",2780,0,0,22.0999315537303,"censor",55,0,0,1,0,0,38.546712803,0,0,4.964028777,0,0,0,0,0,2,30,52.4018539487787,-0.25981460512213,206.5,3.42517006802721,6.5657037183863,0.0375755611390672,1.43795287018788,13.9143179852107,1.60640117094531,1.28591909951449,3.0992782316077,1.32866199438231,17.4271413405478,8.59225785353035,5.90367757178274
"1531","shhs1",205666,"C008721",3071,0,0,20.621492128679,"censor",58,0,0,1,0,0,33.185930464,0,0,2.4778761062,0,0,0,1,0,1.5,29,60.2519819069664,0.22519819069664,57,2.69421487603306,5.97464976524982,0.0703665515015881,0.927934427114061,12.073026174179,1.06306251438389,0.882108226790429,2.01626613439851,1.37874312927391,12.4957670511677,8.00698156473362,5.87518715028248
"1532","shhs1",205287,"C014400",3263,0,1,11.6824093086927,"dementia",57,1,0,1,0,0,24.884363011,0,0,0.730964467,0,0,0,0,0,1.5,NA,70.1639506843088,1.31639506843088,236,1.13276231263383,5.48445342934788,NA,NA,10.8533204055053,NA,NA,0.943550974285568,NA,8.74277504199771,2.75024030391773,NA
"1533","shhs1",205474,"C007028",3338,0,0,21.7631759069131,"censor",64,0,0,1,0,1,26.100522854,0,1,1.0126582278,0,0,0,0,0,2,28,71.338481713484,0.7338481713484,37,1.38888888888889,4.47020303636597,0.0461412358012575,1.03406856878848,13.1273286202863,1.09225643321517,0.946885901109366,1.95268925849366,0.863584643336549,15.8591769141147,4.77444368838003,4.80531719355279
"1534","shhs1",205662,"C005892",3055,0,0,21.9822039698836,"censor",53,0,0,1,0,1,25.468038455,0,0,2.8070175439,0,0,0,0,0,3.75,29,56.5430196629411,0.35430196629411,229,3.08136482939633,5.56918186921888,0.0328191793454513,1.11626281764887,6.6890250061118,1.22059813264271,0.980558256651883,1.65016704797201,0.608953040365843,16.7266741614727,10.3455769736312,10.2649736170225
"1535","shhs1",205195,"C004540",3301,0,0,13.7029431895962,"death",57,0,0,1,0,0,38.315329896,0,1,13.353115727,0,0,0,1,1,2.5,NA,64.3906122089556,0.73906122089556,181,3.03571428571429,8.24979086159573,0.0400902144858339,0.668155071312791,10.0771665003631,0.696744017058464,0.621879437654668,1.04926795874697,0.469951922895863,16.1022473755895,4.81392503524547,3.23026830923628
"1536","shhs1",202925,"C005774",3958,0,1,18.1574264202601,"dementia",62,1,0,1,0,1,25.051903114,0,1,0,0,0,0,0,0,2.25,29,68.0983244871706,0.60983244871706,199,2.47787610619469,3.93757296992574,0.0646491878035833,1.22469788461571,13.2339549810091,1.32072342642801,1.12994380127044,2.18839045620101,0.725695564469728,15.9837970502481,5.84199524798128,5.91426748882464
"1537","shhs1",203040,"C015533",2956,0,0,22.6858316221766,"censor",54,0,0,1,0,0,30.844415959,0,0,0.3026481715,0,0,NA,1,0,2,30,58.1856010262564,0.41856010262564,319.5,4.41724941724942,6.60532668664271,0.0399757103662399,1.40529553113635,14.7883461446839,1.49347323473171,1.28811526848159,2.26402925332158,0.787167119995867,27.9689567914254,6.19103474786913,5.07770952403555
"1538","shhs1",203402,"C010100",2867,0,0,22.757015742642,"censor",67,1,0,1,0,1,39.914568818,0,0,3.7449118046,0,0,0,0,0,2,27,64.067338501181,-0.2932661498819,232,2.90133333333333,8.05459400643191,0.0697172436176123,0.971905101311149,12.8244910414921,1.04430136404216,0.847495421751835,1.98159505772623,1.05522031725853,14.5142230507683,6.77684482584329,5.05902915701679
"1539","shhs1",205001,"C003673",3774,0,0,7.61670088980151,"death",73,1,0,1,0,0,26.61934339,0,1,19.476439791,0,0,0,1,1,2.5,NA,60.0523008535638,-1.29476991464362,67.5,1,7.37139221063865,0.0395955635646694,0.851780928615369,24.7655303511655,0.938088121149494,0.818728868860232,2.82991148125396,0.0084576423482835,9.98318846986508,10.4908617883776,8.46433120455835
"1540","shhs1",203646,"C004921",2884,0,1,20.2765229295003,"dementia",58,1,0,1,0,1,30.1228696,0,1,5.1711026616,0,0,0,0,0,3.25,23,60.7093516478016,0.27093516478016,301.5,3.29734848484848,5.23374237234704,0.0300106922603217,1.2693439168959,9.31103086569212,1.32766410134564,1.1351585758394,1.07297310516751,0.389018079087886,19.0114204214793,8.90276501522347,11.0554746989275
"1541","shhs1",205306,"C008804",3249,0,0,22.6967830253251,"death",67,0,0,1,0,0,24.9851279,0,0,0.8643457383,0,0,0,1,0,2.25,NA,65.1917824508269,-0.180821754917309,377.5,3.99775784753363,8.37748528344112,0.0758374517074854,1.09968717274414,13.408256935657,1.17806089686922,1.05948336413691,1.62366951975771,0.618520049845758,20.0497575843047,6.1819818965566,5.23387102845098
"1542","shhs1",203091,"C010098",3675,0,1,19.2717316906229,"dementia",72,1,0,1,0,1,26.819789223,0,0,2.982791587,0,0,0,0,0,3.25,26,69.5523420102874,-0.24476579897126,81.5,2.32972972972973,6.17671913767387,0.0556096429568134,1.22809017796618,10.4349940038557,1.28593676029146,1.11727685975628,1.50487007559781,0.816463877305805,14.9049565696313,7.33283344295174,4.73155432787867
"1543","shhs1",205497,"C003564",3311,0,0,20.5256673511294,"censor",62,0,0,1,0,0,29.691043084,0,0,1.2244897959,0,0,0,0,0,2.75,28,61.9878933896742,-0.00121066103258016,240,3.99647887323944,10.4172764869676,0.0624652529905636,0.874718649738281,14.5671250995806,0.940788339246441,0.791590509164691,1.92694926988514,0.987609162645309,26.3832886500744,5.49436343481442,4.77223560709329
"1544","shhs1",205115,"C009586",3367,0,0,22.1273100616016,"death",58,1,0,1,0,0,27.770779094,0,1,0.4337349398,0,0,0,0,0,3,28,73.0123700857052,1.50123700857052,86,1.27713625866051,3.61558950170524,0.102522759348939,0.809212946063875,11.1928002224681,0.849177359243039,0.759131576135316,1.32825567246682,0.928437677802235,12.4947242667929,4.61493652063136,5.95673268511745
"1546","shhs1",205178,"C015122",3502,0,0,22.3189596167009,"censor",69,0,0,1,0,0,24.438920206,0,0,0.4321728691,0,0,0,0,0,3.25,28,53.6847834717366,-1.53152165282634,243,2.95015576323988,6.62742877953047,0.0213077956027197,1.40836777808127,17.2288514964576,1.4934309091193,1.26392573334888,3.90639608181303,1.61431527799573,16.083275156048,11.0986053452996,7.15881859676978
"1547","shhs1",205028,"C012819",3379,0,0,21.0403832991102,"death",68,1,0,1,0,0,28.1359045,0,1,8.6842105263,0,1,0,0,0,2.25,28,68.4957969525358,0.0495796952535798,188.5,2.1547619047619,7.6586447071237,0.0604386031286027,1.12506816560722,9.05577066967373,1.19298562948509,1.02161392345016,1.09034745352075,0.82934082332714,20.7580427389251,6.98186830978555,3.87479130192179
"1548","shhs1",203102,"C004939",3686,0,0,14.8309377138946,"death",71,1,0,1,0,1,30.00414951,0,1,47.472527473,0,0,0,0,0,2.75,30,59.9951918044342,-1.10048081955658,337,3.78453038674033,8.4626570184799,0.0292497939126511,1.37988121699076,12.5568989805301,1.47496998483717,1.23466966482843,2.18832370495485,0.793967227127187,22.3549283753273,9.36554193401579,7.09692158857184
"1549","shhs1",205470,"C009583",3232,0,1,15.8275154004107,"dementia",65,0,0,1,0,1,27.836583938,0,0,6.4155528554,0,0,0,1,0,2.75,15,65.5315741712769,0.0531574171276901,166,2.37685459940653,6.30880154165806,0.0337568877841149,1.16519721170089,12.2908799419523,1.26464824082707,1.06517727643858,1.78911931929284,0.858270894261663,14.742606484026,5.79919498247659,4.77873447861223
"1551","shhs1",205148,"C012738",3321,0,0,21.7166324435318,"censor",57,0,0,1,0,0,22.353714661,0,1,0.8421052632,0,0,0,0,0,3,30,54.1762902568459,-0.28237097431541,400,3.33675213675214,9.81513739486696,0.0366156019848284,0.98882077119285,13.4734277996811,1.10570618496716,0.872646867572721,2.47718056524335,1.48814984874029,21.4604395792598,6.90559399897869,6.97065422101107
"1552","shhs1",205765,"C015169",2916,0,1,13.3552361396304,"dementia",61,1,0,1,0,1,23.583036068,0,1,4.2323651452,1,0,0,1,0,3.75,NA,71.46191851964,1.046191851964,109,2.22433460076046,6.84707450614503,0.0547297650126262,0.549449309931243,11.9591498970246,0.575743197575054,0.521864415837372,1.30588504285333,0.806004770833293,20.1424342632799,3.80574469829342,3.95711045952776
"1553","shhs1",205663,"C004947",3086,0,0,21.4948665297741,"censor",69,0,0,1,0,1,24.453125,0,1,1.3617021277,0,0,0,0,0,3.25,30,66.2065539633756,-0.27934460366244,112,1.61433447098976,5.51295874852058,0.0580264660640038,0.943116372245441,14.7678395744116,1.00657342867545,0.874608974502914,2.43212030324251,1.22178284862437,11.3067960138789,7.68204685470384,5.30138781575562
"1554","shhs1",203634,"C009553",2770,0,0,21.4674880219028,"censor",55,1,0,1,0,0,27.42724257,0,0,3.9655172414,0,0,0,0,0,2.75,30,51.2767983246985,-0.37232016753015,222.5,2.68827160493827,7.05860737401198,0.0771543138382977,1.87164486280494,16.527778442331,1.98666198837594,1.72590170246309,3.93409444119619,1.24772716320873,18.059582366586,9.21310379545122,7.69984172856062
"1555","shhs1",203978,"C013794",2703,0,0,21.5687885010267,"censor",57,1,0,1,0,1,36.201581148,0,1,28.351648352,0,0,0,0,0,1.5,29,66.9591395220565,0.99591395220565,105.5,1.34624145785877,5.2402156601869,0.108744470272957,0.791077416681614,13.9073582863152,0.833716438028208,0.71693005911381,2.23126841163654,0.843666179944841,10.7684501098241,6.05557507167241,5.86261516398514
"1556","shhs1",202940,"C014209",3819,0,0,21.6618754277892,"censor",56,1,0,1,0,1,23.100907029,0,0,0.4603580563,0,0,0,0,0,3,26,48.5792247769049,-0.74207752230951,202,2.91228070175439,8.57693273791083,0.0444800770860192,2.30364015799267,12.5932945644681,2.46460183291641,1.97490301363321,2.06490605903497,1.12994686610936,15.9151122113114,8.48511032585916,7.86454800437147
"1557","shhs1",203230,"C003984",3045,0,0,23.2087611225188,"censor",63,0,0,1,0,1,24.567474048,0,0,0.4699738903,NA,0,0,0,0,2.25,30,65.522587297971,0.2522587297971,67,1.45787545787546,3.84784563961941,0.0635362413876643,0.925552333693055,14.8760766713471,0.95726872802002,0.840242187329288,2.11222103934262,1.09371416733694,11.9440106459787,8.32498716422395,8.97834134684873
"1558","shhs1",205651,"C010485",2919,0,0,10.3655030800821,"death",69,1,0,1,0,1,27.315365306,0,1,33.291298865,0,0,0,1,1,2,NA,71.1895752310218,0.218957523102181,216.5,2.7455268389662,5.44587405889058,0.0785011896912281,0.605478093069916,18.4995264530405,0.654485222110072,0.592677719216353,2.06406078870138,0.962314189685684,14.0893783365495,4.65676814693834,3.27169035182417
"1559","shhs1",205746,"C000175",2939,0,0,5.21560574948665,"death",71,1,0,1,0,0,29.937518794,0,1,2.1483375959,1,0,0,0,0,1.75,NA,75.5113691039317,0.45113691039317,68.5,1.42857142857143,3.07709335943993,0.0498776779347452,1.22552538507071,14.5216214392822,1.29245440773788,1.10599797392143,1.58431170578659,0.668983849166131,13.4207392718837,4.45212320856438,3.69470724779138
"1560","shhs1",205512,"C015369",3297,0,0,7.26351813826146,"death",69,0,0,1,0,0,25.556099213,0,0,18.120805369,0,0,0,0,0,2.75,NA,67.6175142716201,-0.13824857283799,157.5,2.29152542372881,6.07067245771405,0.0831320848685461,1.50480288532274,15.3867179358265,1.62044340994804,1.3245658806159,2.42489084938447,0.83316460958531,16.8641333235905,6.13467277124057,5.29815577781074
"1561","shhs1",205031,"C008396",3357,0,1,14.6338124572211,"dementia",66,0,0,1,0,1,30.043262298,0,1,1.0332103321,0,0,0,0,0,2,19,69.4394889666989,0.34394889666989,212.5,2.69532710280374,5.80230485056257,0.061974397303841,1.28416582417151,11.2694481766552,1.34867578862867,1.18015241231877,1.49622513121571,0.466730156945995,15.5986320101124,5.39144731833993,4.94364307505424
"1562","shhs1",205774,"C015712",2971,0,0,21.6098562628337,"censor",56,1,0,1,0,0,24.598765432,0,0,4.1947565543,0,0,0,0,0,3.75,28,60.6555551110632,0.46555551110632,207,2.3034188034188,4.95167611068142,0.0650683733667803,1.36257504011038,14.5472762161252,1.44031950761613,1.22336783314896,1.95252549878757,1.23101319441645,11.5954274933522,5.54464894979194,3.85699512374876
"1563","shhs1",203127,"C009015",3046,0,0,22.3819301848049,"censor",58,0,0,1,0,1,28.75,0,1,10.057405281,0,0,0,0,0,2.75,30,57.537085582746,-0.0462914417253998,207,3.04166666666667,6.42971402223207,0.0563771908691953,1.03327567555798,20.093241767288,1.10192472042291,0.97854633080403,3.63463948525248,1.94302958519975,22.8956774831475,6.74589917932449,5.46769122680663
"1564","shhs1",203817,"C000210",2795,0,0,21.1581108829569,"censor",53,0,0,1,0,1,24.023806068,0,0,1.9027484144,0,0,0,0,0,2.5,30,56.8896130806549,0.38896130806549,161,1.15757575757576,5.4451641967471,0.0694731585634892,0.864612430198315,19.2627851776317,0.912904779322046,0.807575108666568,3.27006163497452,1.42728330163404,8.37406186279739,6.82038557819585,6.39529303643538
"1565","shhs1",203729,"C015775",2836,0,0,21.5441478439425,"censor",61,0,0,1,0,0,24.228843528,0,0,1.3533834586,0,0,NA,0,0,2.5,29,53.183171906527,-0.7816828093473,94,2.47272727272727,7.51946312636779,0.035954322200158,1.5433130030818,17.3410976048651,1.60674302425454,1.41816712283642,4.73666704384228,0.950110168060153,19.0709331577361,10.2328439876273,8.00582626686066
"1566","shhs1",205670,"C011996",3081,0,1,19.0992470910335,"dementia",70,1,0,1,0,0,26.269590475,0,1,2.2429906542,0,0,0,0,0,1.5,27,71.0663569329944,0.10663569329944,218.5,2.22690763052209,6.89672509791689,0.0543272939613194,1.1665358845279,13.4941469036308,1.19653640450445,1.07326781575666,1.50244119731426,0.617035037295777,20.0019890130762,5.21189650868972,6.62619910397519
"1567","shhs1",202930,"C002186",3739,0,0,5.49486652977413,"death",71,0,0,1,0,0,30.123377664,0,0,13.074626866,0,0,0,1,0,2.5,NA,71.7610762665109,0.0761076266510898,97.5,2.82716049382716,6.16525811458535,0.0408743597491499,1.120657169332,12.6780436023653,1.16615222935605,1.03953337812478,1.14452837558565,0.242129034073841,21.9701813039395,6.65637896660846,9.04859516682533
"1568","shhs1",204994,"C002772",3687,0,0,9.5523613963039,"death",66,0,0,1,0,0,32.515604587,0,1,22.415940224,0,0,0,0,0,1.5,NA,60.5946646856484,-0.54053353143516,285,2.84422110552764,7.01668162558604,0.0347102331799428,1.26537666701001,12.0109909388356,1.45735228492424,1.12730960678269,3.58236559258245,1.48058191321922,20.3304841342277,7.88377765653164,4.80332883185691
"1569","shhs1",203631,"C013486",2771,0,0,22.8364134154689,"censor",58,0,0,1,0,1,28.990581562,0,0,1.7777777778,0,0,0,0,0,2.5,30,66.3429364063433,0.83429364063433,171.5,2.89367816091954,5.80430174185635,0.0717344231876734,0.996571462010522,12.4760352760338,1.07024983967563,0.880717061218189,1.37558526782528,0.671961176428927,13.3525491330046,4.37534188972149,2.78217219218384
"1570","shhs1",203529,"C010143",2876,0,0,11.9507186858316,"death",64,0,0,1,0,1,30.40695016,0,0,1.4616321559,0,0,NA,0,0,2.25,NA,64.3563116066365,0.0356311606636496,290.5,2.90555555555556,6.8782793244833,0.0785390350731315,0.987288734015076,15.4603824155108,1.17686367220419,0.966616107505319,2.1451408022677,0.753526078925574,17.2448271734314,6.44744320809395,3.48819805752563
"1571","shhs1",202944,"C007781",3782,0,0,11.5290896646133,"death",70,0,0,1,0,0,23.2389252,0,1,6.404494382,0,0,0,0,0,1.5,NA,64.4928363302901,-0.55071636697099,117,2.00687285223368,5.68542624208387,0.0381049633405444,0.805111841901428,13.4083289246771,0.878343494767905,0.730215742053162,2.05281550401914,1.27983586901941,3.54353876294777,7.41226233292106,4.95675158799226
"1572","shhs1",202916,"C013064",3724,0,0,21.7659137577002,"censor",62,1,0,1,0,1,30.773072001,0,0,3.7961335677,0,0,0,0,0,4.75,26,53.2454673463569,-0.87545326536431,266,4.25214899713467,8.03334693492822,0.0635634780513879,1.90374939237439,12.4744387664285,2.10077852847227,1.67619417842289,1.89382060281752,1.41559938958272,17.0667690063675,8.39789939990195,5.36422716367812
"1573","shhs1",203175,"C006057",3576,0,0,10.2833675564682,"death",64,1,0,1,0,1,27.520044816,0,1,35.52407932,1,0,0,0,1,1.75,NA,53.3895726986296,-1.06104273013704,134,2.50678733031674,5.93410699273563,0.0522640686185241,1.48670066300839,17.9885117611458,1.62362052056893,1.35533203235038,4.17249612232086,2.22820175882382,14.0762256721859,9.8590744584012,7.95007852088355
"1574","shhs1",203002,"C009314",3731,0,0,16.104038329911,"death",61,0,0,1,0,0,21.314878893,0,0,5.7814336075,0,0,NA,1,0,2.5,NA,62.3037646248191,0.13037646248191,276,3.09423076923077,6.07498598005573,0.0538230839185892,0.912680257950816,10.859473825365,1.01078964781472,0.877055172645586,1.56654196618518,0.768734934481636,12.8940511542428,7.80249056030868,7.08451904464578
"1575","shhs1",202996,"C015714",3248,0,0,21.7056810403833,"censor",59,1,0,1,0,1,26.121256392,0,0,0.2684563758,0,0,0,0,0,2.75,29,70.3231509134984,1.13231509134984,181,2.83208020050125,2.52505348780499,0.0375832701953745,0.727825831826779,7.6815977393765,0.757202933388447,0.662744556101933,1.1874921631826,0.256066171088294,2.3263428035655,4.85843089248622,5.78512119175457
"1576","shhs1",203429,"C014106",3390,0,0,20.7392197125257,"censor",64,0,0,1,0,1,38.535491107,0,0,14.758418741,0,0,0,0,0,1.75,29,57.801612048005,-0.6198387951995,178,2.71955719557196,6.9813128121462,0.0745606247952458,1.15385924778761,16.7747652401307,1.39184407079599,1.07759494456588,3.65956001551345,1.8884302787434,15.0505064131676,8.04886034048049,5.47940637999554
"1577","shhs1",203941,"C005239",2933,0,1,15.6221765913758,"dementia",62,1,0,1,0,0,32.061345248,0,0,1.0447761194,0,0,0,0,0,3.75,28,65.5446369897434,0.35446369897434,68,0.903940886699507,6.40344926252476,0.121246187710603,1.64690263758686,11.8993757067617,2.11896361543996,1.48208904206655,1.90184986020847,0.221372866508452,11.8446678968692,6.79845872992241,5.13985568300466
"1578","shhs1",203330,"C005431",2937,0,1,20.0930869267625,"dementia",61,0,0,1,0,0,21.258468903,0,0,1.5695600476,0,0,0,0,0,2.25,NA,65.0313333913033,0.403133339130331,39.5,0.759656652360515,4.45357698287533,0.0387096711766568,0.772183141631274,10.8187868540772,0.814737860038625,0.67836660232656,1.5430656461111,0.800861691763354,3.35012208677354,7.4548923298418,6.01689422710896
"1579","shhs1",203390,"C010721",2906,0,0,22.2861054072553,"censor",62,1,0,1,0,1,34.53689168,0,1,29.683257919,0,0,0,0,0,3.5,30,69.3352232593942,0.73352232593942,200.5,2.74732334047109,4.05381013060725,0.051015143541608,1.01423503683513,11.1280409076743,1.0573716232973,0.961649402664728,1.67057226367933,0.467419262733592,14.7544283561194,5.86959601947217,5.56233696583426
"1580","shhs1",205070,"C003048",3402,0,0,22.8993839835729,"censor",57,1,0,1,0,1,23.58832922,0,0,1.1948790896,0,0,0,0,0,3.75,30,58.1626585177075,0.11626585177075,107.5,2.33469387755102,6.25517665002564,0.0663907236876377,1.18822121243747,15.9266910883255,1.24517447792497,1.07990514516385,2.97687338405454,1.25927375193571,13.4965112076728,7.3472460494086,6.03428911999793
"1581","shhs1",205252,"C007259",3290,0,1,17.2347707049966,"dementia",61,0,0,1,0,1,22.185491276,0,1,6.943231441,0,0,0,0,0,3.75,30,70.4302738612,0.943027386120001,505,2.39125560538117,3.69414940731122,NA,NA,10.0478173647125,NA,NA,1.14309358670687,NA,11.4940357571898,4.85340926611348,NA
"1582","shhs1",205696,"C007588",3041,0,0,19.6550308008214,"death",70,1,0,1,0,0,29.90426333,0,0,13.728813559,0,0,0,0,0,3.25,30,70.2776846077008,0.0277684607700806,323,2.89233954451346,6.45046051198124,0.0651085407477135,0.843668413212736,16.1762341300109,0.900128115831982,0.793719345155602,2.26676970683642,0.504674445376029,16.9107850397149,5.2505587517384,4.60680527837268
"1583","shhs1",205342,"C015532",3297,0,0,22.0013689253936,"censor",69,0,0,1,0,0,31.147271532,0,1,25.109114249,0,0,0,0,0,4.25,NA,71.7207106132832,0.27207106132832,161.5,1.72098765432099,4.41159468381795,0.0991674385348684,1.09193365761418,14.1395485300959,1.16310621477677,1.02686861699925,2.16548852990553,0.772746221069975,13.12253325306,6.80894922665722,5.56701935784759
"1584","shhs1",203227,"C008730",2953,0,0,14.4010951403149,"death",69,0,0,1,0,1,40.833076844,0,1,12.277227723,0,0,0,0,0,1.25,NA,74.4961830345571,0.549618303455711,59,1.02693602693603,4.89792789265103,0.0666817769743537,0.564326025339887,15.481209670169,0.650313444622631,0.566880112491348,1.79128496051434,0.289254403160055,12.7806460428979,5.69975586823553,3.60088683592438
"1585","shhs1",205013,"C004107",3404,0,0,3.31006160164271,"death",64,1,0,1,0,1,31.141868512,0,1,2.2377622378,0,1,1,0,1,4.5,NA,75.9529340745887,1.19529340745887,47.5,1.0733137829912,3.83521838526704,0.100251872366874,NA,8.96756199435776,NA,NA,0.95872307977843,NA,9.92001744729735,5.14873201646164,NA
"1586","shhs1",205558,"C015191",3189,0,0,21.1745379876797,"censor",66,0,0,1,0,0,24.903581267,0,1,6.8924889543,0,0,0,0,0,2.75,30,67.6671656036046,0.16671656036046,188,2.41087613293051,4.27820425893743,0.0605904278236988,1.1441203389922,16.5688423686736,1.24888724249138,1.06976279648428,2.99622654403058,0.944033104895501,15.1172008784261,5.87374476349259,4.93116962263573
"1587","shhs1",205010,"C003044",3409,0,0,23.3045859000684,"censor",56,1,0,1,0,0,28.393726339,0,0,1.981981982,0,0,0,0,0,3.25,30,65.5672607720477,0.95672607720477,156,1.66272189349112,4.07494500022973,0.0347136247168145,0.542984494737696,15.8598081083046,0.604119903044709,0.531651356901317,2.07164436726172,2.77229923043451,18.5433960975429,6.35715243070514,8.95228024427467
"1588","shhs1",203201,"C001011",3578,0,0,21.2731006160164,"censor",69,0,0,1,0,0,28.162493731,0,0,18.461538462,0,0,0,0,0,2.5,NA,67.5765555675499,-0.14234444324501,298,3.72932330827068,6.20961338732831,0.0287340680884271,0.867086911037621,9.54603945499045,0.934782301923824,0.790914371954342,0.29501713944153,-0.0852421476760096,3.12474034808546,5.70774276971123,4.97853014086907
"1589","shhs1",205515,"C002470",3306,0,1,8.03559206023272,"dementia",69,0,0,1,0,1,33.517573696,0,1,7.9422382671,0,0,0,1,0,2.5,NA,80.3290965660898,1.13290965660898,224,2.8733850129199,2.44280855605485,0.0621600269543316,0.588830832594149,9.51866433914424,0.634310822895419,0.558608799703697,0.855117878379109,0.508587229932179,13.1340148632584,3.59995799651099,2.24079697858024
"1590","shhs1",205322,"C012461",3220,0,0,15.3401779603012,"death",58,0,0,1,0,1,25.632747934,0,0,0.3625377644,0,0,0,0,0,2,NA,49.3537177673271,-0.86462822326729,131,2.68702290076336,12.6382646894204,0.0534576055184242,1.10737231589363,16.8031797245328,1.20040066806548,1.03264903555676,2.59602872515162,1.78657491914836,33.5066185871094,7.26034908839436,7.15642423455531
"1591","shhs1",203372,"C004029",2898,0,1,20.4709103353867,"dementia",70,1,0,1,0,1,29.26410358,0,0,18.955414013,0,0,0,0,0,2.75,27,63.7672831593939,-0.62327168406061,298,2.70491803278689,4.85478558399194,0.0588160776084021,0.986597081841944,13.723709723611,1.04395768599289,0.88186783256266,2.70167825758321,1.6839286139455,16.9572604696402,9.76613637548395,8.58735509006604
"1592","shhs1",203776,"C009608",2806,0,0,9.5523613963039,"death",71,0,0,1,0,0,26.817338506,0,0,48.99713467,0,0,0,0,0,2.75,NA,66.6862619627158,-0.43137380372842,127,1.09333333333333,8.65164455534511,0.0468515378983853,0.629266340405604,13.6470615997533,0.647771255037934,0.585536267852491,1.67949513046619,0.336473164958197,7.90023880944238,7.40086908324715,5.44873755892015
"1593","shhs1",203140,"C002157",3032,0,0,3.14031485284052,"death",60,1,0,1,0,1,24.406229518,0,0,0.7884362681,0,0,0,0,1,2.5,NA,54.078502709756,-0.5921497290244,356.5,3.32336448598131,9.0336280289218,0.0449256407067476,1.33098068677775,17.7686153645233,1.49359638491776,1.22201628965538,2.52317079769255,1.15239916178827,24.669090706865,7.73972812664948,4.30039050502609
"1594","shhs1",205444,"C012307",3255,0,1,20.2245037645448,"dementia",62,0,0,1,0,1,29.258847574,0,1,3.0434782609,0,0,0,0,0,2,26,66.6440512920785,0.46440512920785,125,2.36431226765799,4.71726972638378,0.0577484448910882,0.74165898499356,16.0572872102564,0.813902300194992,0.711352707184405,2.17760777829504,0.756594438803229,17.5321538727545,6.96631019057587,5.3770597456299
"1595","shhs1",205714,"C010451",3020,0,0,22.0013689253936,"censor",65,0,0,1,0,1,24.615152998,0,0,0.9090909091,0,0,0,0,0,2.25,30,56.9954163031955,-0.80045836968045,254.5,2.77450980392157,5.83213085022233,0.0616699859171922,1.5851521899276,21.0573999934594,1.83036215829472,1.44852490727165,4.57994327148232,1.96978657826833,15.6267451265328,6.61853573470922,5.07696658446328
"1596","shhs1",205749,"C011477",2891,0,0,20.2436687200548,"censor",60,0,0,1,0,0,27.621671258,0,0,8.4792626728,0,0,0,0,1,3,28,60.8028249586264,0.0802824958626402,221.5,3.13670886075949,7.45329990747473,0.10441614311902,1.02757146246486,14.067506663088,1.13091071203271,0.953496643647306,2.14148911177217,0.797833916060246,23.735378507338,9.58095746318748,6.58228027534041
"1597","shhs1",204984,"C000326",3519,0,0,8.90622861054073,"death",68,0,0,1,0,0,28.885553166,0,1,13.818181818,0,0,0,0,0,1.5,NA,66.3296508200716,-0.167034917992839,112.5,1.66206896551724,6.74599853879741,0.0748414234353547,0.93905722416722,12.4291805547462,0.973942468538569,0.869674551097918,1.82302498567511,1.06501065597659,10.388638527893,7.71875703515011,6.94893531811403
"1598","shhs1",203642,"C005869",2918,0,1,3.95071868583162,"dementia",68,1,0,1,0,1,34.422173617,1,0,2.5581395349,0,0,0,0,0,2,NA,75.3505696793372,0.73505696793372,61.5,1.42322097378277,5.03147994408633,0.11012354234682,0.870366062162184,11.8239513111185,0.940195058222021,0.767952141280001,2.18965865459836,0.790757206735769,15.4105955875714,5.8132229344212,4.64369249086519
"1599","shhs1",205336,"C007428",3312,0,0,21.6563997262149,"censor",67,0,0,1,0,0,25.894839851,0,1,23.793103448,0,0,0,0,0,4,27,58.58096176326,-0.841903823674,146.5,1.56160458452722,10.635844892277,0.033918852201172,1.25917925303586,15.8397068603586,1.3397852847546,1.08746559336809,2.94336901963839,0.913591154316851,14.213217593785,6.54867011637364,4.69112659899318
"1600","shhs1",203441,"C009002",2885,0,1,21.5605749486653,"dementia",60,1,0,1,0,1,33.025769656,0,0,18.05745554,0,0,0,0,0,4.25,NA,52.9524310085125,-0.70475689914875,421,3.13333333333333,6.43206915416872,0.070489087339323,1.94385185562133,12.4248061611963,2.07533398607411,1.67590580037145,2.52461647318753,1.34688465575898,15.4363232083088,9.55027887912079,6.88707621098197
"1601","shhs1",202924,"C003584",3957,0,0,21.0869267624914,"censor",60,0,0,1,0,0,47.115350138,0,1,87.182320442,0,0,NA,0,0,2.25,30,49.9832089823541,-1.00167910176459,191,1.80195599022005,5.90518148960132,0.0448449219905598,1.23787400359976,23.8274971601804,1.33161673218583,1.11055071726765,4.90940641523481,2.99698342121864,14.0421590461576,8.51299713577515,7.76523918787748
"1602","shhs1",203840,"C013635",2758,0,0,22.4969199178645,"censor",54,1,0,1,0,1,32.247160627,0,0,13.507340946,0,0,NA,0,1,3,28,48.2863619010388,-0.57136380989612,133.5,2.01020408163265,7.42814897829976,0.0340288619458483,1.30345272058895,22.3023948446821,1.40678185980563,1.21877834791025,5.02180095686221,1.83783559343599,21.8681447910077,9.2669162368334,5.68714864212159
"1603","shhs1",205688,"C011517",2982,0,1,17.2922655715264,"dementia",59,1,0,1,0,0,32.831285507,0,1,3.7267080745,0,0,0,1,0,1.5,27.5,58.8944099153001,-0.0105590084699898,234,2.80761523046092,9.09703892499737,0.0600984648173424,1.03951899148562,12.7420445876462,1.1919326965606,0.989940109958946,1.423124702526,1.41857217381627,17.0341967866268,5.899057396875,4.01189130801603
"1604","shhs1",203136,"C015294",2985,0,0,22.7707049965777,"censor",61,0,0,1,0,0,44.811753903,1,1,10.909090909,0,0,0,0,0,1.5,NA,56.9262074237583,-0.40737925762417,210.5,1.78308026030369,10.5638569479946,0.0911741956444363,0.976103349399881,15.7019146771132,1.01193347491962,0.919077872037837,2.26604631200086,0.186179270894592,13.5107556843542,9.17921646772198,4.20948907389293
"1605","shhs1",205517,"C010831",3251,0,0,20.9363449691992,"censor",58,0,0,1,0,1,23.728191001,0,0,1.6194331984,0,0,0,0,0,1,NA,62.4420238966836,0.44420238966836,246.5,3.1958041958042,7.91066547124927,0.0804372782858796,0.940073442575087,13.2276114896654,1.01921561870473,0.849798449863789,1.81622610319413,0.869951465474855,19.3344371406656,5.98981462867609,4.85271717870085
"1606","shhs1",203092,"C012858",3685,0,0,21.3524982888433,"censor",59,0,0,1,0,1,28.548281316,0,0,3.6201117318,0,0,NA,0,0,2.75,30,57.4740953632405,-0.15259046367595,238,2.80361173814898,7.60641668110501,0.0222685490372874,1.64374006933216,9.5304479688867,1.72132098796602,1.36319066057859,1.85347678528469,0.791521495850288,17.2806064201322,7.04261850992035,3.84542152859112
"1607","shhs1",203316,"C009292",2918,0,0,22.1984941820671,"censor",60,0,0,1,0,1,33.671875,0,0,15.365853659,0,0,0,0,0,4.25,29,60.1011397699664,0.0101139769966402,163.5,3.18803418803419,6.78691775394209,0.0659072623948807,1.23316705186187,14.0483585662121,1.34989680518785,1.15203280055399,2.11878515219584,1.11823826531053,14.4650404190764,6.66786040925869,4.36598668382803
"1608","shhs1",203803,"C007730",2764,0,0,21.3908281998631,"censor",56,0,0,1,0,1,32.714787238,0,0,5.3333333333,0,0,NA,0,0,2.5,29,59.373882242761,0.3373882242761,97,1.9927797833935,7.75539091681175,0.0551298696934405,1.12614247913405,14.7169670136554,1.48095563237605,1.12264318370073,3.64711313499631,0.825608376324252,17.3241918282604,5.86535698231953,4.22189338916025
"1609","shhs1",203087,"C009678",2974,0,0,22.8665297741273,"censor",66,0,0,1,0,0,28.763971072,0,1,1.4652014652,1,0,0,0,0,1.5,29,61.6690684365015,-0.43309315634985,346.5,3.35164835164835,7.77350195164635,0.0272148518042818,0.839332037947629,14.4882735791996,0.896571101144766,0.777565729264008,2.15287595569926,1.14558159294043,21.3123429167876,7.45636053703652,7.0459157830374
"1610","shhs1",203580,"C013609",2890,0,0,22.031485284052,"censor",55,0,0,1,0,1,29.53125,0,0,0.8275862069,0,0,0,1,0,2.25,29,42.349515334717,-1.2650484665283,392,4.29979035639413,12.3153362047481,0.046708764652919,1.44034316279028,18.4925306497348,1.611681864125,1.35298507287022,4.38040354722402,1.91046582180962,27.6552510124532,9.5694697759307,6.84247555641106
"1611","shhs1",203924,"C003384",2761,0,0,21.9028062970568,"censor",61,1,0,1,0,1,22.976896856,0,0,1.4754098361,0,0,0,0,0,3.5,28.8,55.0555490703594,-0.59444509296406,90,2.17467248908297,10.7756016901367,0.0744894252160134,0.808336133112598,17.4150996629647,0.870825555149212,0.744743191769726,2.57637062933899,1.42306317483403,28.2816982459575,7.39875795559936,4.42586722122398
"1612","shhs1",205398,"C001441",3277,0,0,21.9822039698836,"censor",64,1,0,1,0,1,23.215795194,0,1,3.0894308943,0,0,0,0,0,2.25,28,63.9934675111232,-0.000653248887680036,278,3.0979381443299,4.99405358455275,0.0484671505068907,1.15635734682929,16.7625346509208,1.2127401439186,1.04558693847986,2.63066321865662,1.36117361740158,17.6150842610705,5.74104441194281,3.80308551731855
"1613","shhs1",203606,"C001420",2779,0,0,20.9555099247091,"death",69,1,0,1,0,1,30.604338843,0,0,4.5801526718,0,0,NA,0,0,1.25,27,69.802179333168,0.0802179333167999,227.5,2.28813559322034,4.04281825530904,0.0903585435413378,1.88242594267243,10.5912611488228,2.00875546398759,1.6870588720598,1.48295243725359,1.4508125466927,11.7514110642651,5.02748382379481,4.50725392485717
"1614","shhs1",205255,"C002422",3367,0,0,22.6748802190281,"censor",54,0,0,1,0,0,29.375,0,0,6.8393782383,0,0,0,0,0,3,29,60.6878986810761,0.66878986810761,212,2.43765281173594,5.77701055825214,0.0726561402976821,0.92469859692934,17.9312692872884,1.01332399814229,0.842061214037964,2.65395246457979,1.36182195791582,18.9676950804476,5.45702802453419,3.24004776035175
"1615","shhs1",205698,"C010842",3110,0,0,20.9226557152635,"censor",56,0,0,1,0,0,30.795847751,0,1,14.282018111,0,0,0,1,0,2.75,30,68.5772728127825,1.25772728127825,93.5,2.47441860465116,4.09220948113228,0.0777811870078474,0.925587024423921,12.4632349859671,0.996942713733338,0.872295044831927,1.44011812746636,0.671868307013096,11.4627271118385,4.34395717737755,5.51044956117834
"1616","shhs1",205525,"C014909",3367,0,0,20.0301163586585,"censor",68,0,0,1,0,0,23.572278406,0,0,11.987513007,0,0,0,0,0,1.75,NA,69.9724254447367,0.19724254447367,202.5,1.29471890971039,6.458945319924,0.0915179215294468,1.08086860265142,17.5575587642848,1.12763490455583,0.989938355487124,2.40590102563998,0.811995806826684,11.7932520739884,4.42975696193342,4.65203615448365
"1617","shhs1",203581,"C003260",2890,0,0,22.031485284052,"censor",56,1,0,1,0,1,25.148729043,0,0,6.4680851064,0,0,0,0,0,3.5,29,54.7732490006682,-0.12267509993318,256,2.82479784366577,9.4243506532664,0.0370431678545496,1.0602290494263,13.6466650467055,1.09213117691216,0.980266688671569,2.31815143003375,0.966809370594883,16.912037389461,7.22301508029587,6.70938183698975
"1618","shhs1",203662,"C015567",2832,0,0,22.8336755646817,"censor",55,1,0,1,0,1,29.910204082,0,0,1.09375,1,0,0,0,0,2,28,44.0450300151455,-1.09549699848545,231.5,4.16343490304709,9.86149416119805,0.0323767626975274,1.51349716675063,15.3482759284439,1.75242285131128,1.45352060220963,2.85508721231424,1.31510436936934,21.9815914424682,11.2205143226752,9.14891020927211
"1619","shhs1",203197,"C001896",3045,0,1,11.5783709787817,"dementia",67,0,0,1,0,0,41.380989087,0,1,3.5705045278,0,0,0,0,0,2,NA,74.2493239079538,0.724932390795379,203,3.47277936962751,5.5888243298124,0.0519627010996069,0.56995191978133,13.8469151770249,0.599378475814744,0.516660339942224,1.41452719400927,0.595507533630973,20.1665174528271,3.63635314066205,3.64090327018969
"1620","shhs1",205796,"C004101",2891,0,0,19.9945242984257,"death",71,0,0,1,0,0,35.790598291,0,1,2.2840409956,0,0,0,0,0,1.75,NA,75.8950215083831,0.48950215083831,112.5,2.24663677130045,3.7275197756052,0.0741189820077626,0.927592252209262,15.1213503115891,0.990297417160269,0.864633601831175,1.52373348810115,0.782678140001032,12.3184390310369,4.14090672539187,3.40965392427081
"1621","shhs1",205175,"C008199",3351,0,0,2.71321013004791,"death",67,1,0,1,0,1,27.565237729,0,1,20.702290076,1,0,0,0,0,3,NA,66.5061787695994,-0.0493821230400599,162,2.94915254237288,6.06003479724,0.0487813003719377,1.59588024672036,9.10657267503771,1.65612100019005,1.48009197292439,1.09421538022007,0.855960603044596,16.6220013757344,6.63303960621132,5.43392489402504
"1622","shhs1",205155,"C014924",3299,0,0,14.3956194387406,"death",70,1,0,1,0,0,38.750039899,0,1,82.5,0,0,0,0,0,2,NA,65.0038776606124,-0.49961223393876,200,1.76219512195122,6.67801591125923,0.157389821146555,NA,20.4973806086142,NA,NA,2.68036424399871,NA,9.39379099038311,8.31524775874639,NA
"1623","shhs1",204992,"C007495",3423,0,0,20.0985626283368,"death",60,0,0,1,0,0,27.810826889,0,0,12.66119578,0,0,0,0,1,2,25,60.7117793557104,0.0711779355710398,227.5,3.70508474576271,7.00049879602165,0.0525168064302809,1.23448036688628,10.6354286345936,1.33922284366833,1.06851127273886,1.72285511274455,0.585714263090282,19.2245822391668,7.75253269929799,5.04428147984033
"1624","shhs1",202978,"C000932",3719,0,0,19.3949349760438,"death",74,0,0,1,0,0,35.56961537,0,0,54.993581515,0,0,0,0,0,2.75,NA,66.4362507493605,-0.75637492506395,350.5,2.95445134575569,7.29210898632607,0.0461226396409431,1.29782597606576,12.2808837804285,1.42991269968052,1.20686229222877,2.34929926147508,1.11821217035558,22.5710051415691,7.94236994949311,7.76093416796486
"1625","shhs1",205603,"C004834",3219,0,0,21.0650239561944,"censor",68,0,0,1,0,0,31.911111111,0,1,13.606299213,0,0,0,0,0,1.5,27,64.0859568981161,-0.391404310188391,139.5,2.45714285714286,7.05464858547367,0.0572294000310461,1.77417685636578,11.9517565772416,1.90788280224133,1.46287721752735,2.01291899054954,0.739419521723516,19.231863672985,7.06099758688541,4.38269282743228
"1626","shhs1",205348,"C002726",3445,0,0,5.48665297741273,"death",69,1,0,1,0,1,27.331350864,0,0,18.737541528,0,0,0,0,1,3,NA,66.0260895231889,-0.29739104768111,110.5,1.47677261613692,5.99486019416955,0.0430137612674383,NA,11.986619480466,NA,NA,2.49926582881774,NA,14.7984513778324,8.42253835140666,NA
"1627","shhs1",203600,"C006448",2852,0,0,22.6639288158795,"censor",61,1,0,1,0,0,39.515212726,0,0,3.5599505562,0,0,0,0,0,3,28,54.4029859857749,-0.65970140142251,297,3.13306451612903,6.28272637956977,0.0389402155811264,1.31107076460094,13.9989279251521,1.38884104442931,1.15640720202514,2.31584565107052,1.55973765368439,14.3266392872329,9.41727359723969,8.38481175099239
"1628","shhs1",203027,"C005887",3727,0,0,22.0013689253936,"censor",56,0,0,1,0,1,25.758268557,0,0,0.6391478029,0,0,0,0,0,2.5,29,53.4635526462923,-0.25364473537077,348,3.71810089020772,7.63791501753275,0.0287316499007393,1.30280060887444,17.8289891314791,1.37643391935864,1.15136762203704,3.38428831609391,1.82876511390653,24.3246898856518,6.28626796690962,4.84664181192595
"1629","shhs1",203783,"C011308",2733,0,0,22.5571526351814,"censor",62,1,0,1,0,1,30.939891076,0,1,15.080213904,0,0,0,1,0,3.25,30,66.8372263362907,0.48372263362907,205,3.48471615720524,7.85520816662274,0.0561056507271273,0.655570256619202,12.3410959210546,0.696385119155304,0.623391517755087,1.59277662564036,0.675466790943464,20.6833307681357,5.40364303804346,4.945744547849
"1630","shhs1",205438,"C013683",3381,0,0,22.0177960301164,"censor",65,0,0,1,0,0,27.639801314,0,1,1.1715481172,0,0,0,0,0,1.5,28,65.9767164345049,0.0976716434504894,164,2.54006968641115,5.50703633603476,0.0538693083365378,1.11405732798002,18.2214006557388,1.1870915383695,1.02765950601307,2.31650011523753,1.01028463961136,17.7096829193488,5.35427573854936,3.79868857812712
"1631","shhs1",202941,"C004565",3759,0,1,21.9055441478439,"dementia",58,0,0,1,0,1,22.263450835,0,0,0.3947368421,0,0,0,0,0,3.75,30,45.6612452491474,-1.23387547508526,249,2.96969696969697,9.36930706380797,0.0496961935716941,2.0457035744929,17.802009791616,2.21608024100124,1.82371884093215,3.46804125778047,1.95491019821098,19.6007531203915,9.08566214544366,6.42571293837022
"1632","shhs1",205507,"C012569",3401,0,0,20.1670088980151,"censor",58,0,0,1,0,1,26.225228432,0,0,2.1301775148,0,0,0,0,0,3.5,28,61.0306381670028,0.30306381670028,196,3.09580838323353,6.90470189615502,0.0697789541163228,1.27818434751999,13.3784943238822,1.5416355992054,1.13092032128969,2.28970359359438,1.03044388347269,17.7386936604691,5.48400561812405,3.27495979221602
"1633","shhs1",203543,"C007051",2890,0,1,21.0951403148528,"dementia",65,0,0,1,0,0,26.755555556,0,1,2.5648854962,0,0,0,0,0,1.25,28,65.1107331166055,0.0110733116605502,296,3.04175365344468,6.21592328689599,0.0468193533629941,0.841387470837933,11.3920230993532,0.926046590490583,0.800918392658985,1.7250005810154,0.701289468882882,17.3304927620687,7.79416283449522,4.96827304065479
"1634","shhs1",205779,"C005597",2931,0,0,3.70704996577686,"death",54,1,0,1,0,0,35.740740741,0,0,8.6206896552,0,0,0,0,0,3,NA,49.2298628720921,-0.47701371279079,299,3.71991701244813,9.80603367469433,0.0427274709765893,2.33607873301538,14.5789075948143,2.53158358509257,2.12974109947289,1.83974336542038,0.982979552998339,21.2768505878585,5.76227823972777,1.45704959333688
"1635","shhs1",205353,"C002100",3474,0,0,9.7905544147844,"death",69,1,0,1,0,1,33.834466469,0,0,1.4117647059,0,0,0,1,0,2.25,NA,67.0355330176328,-0.19644669823672,113,1.3390243902439,4.22967703389767,0.063358140265363,0.912343866068666,18.9390383696519,0.950642869979954,0.872046777911583,2.32400028713505,1.34862573609008,8.09087435740127,6.73751683978807,6.67065257943345
"1636","shhs1",203836,"C014424",2765,0,0,13.1663244353183,"death",67,0,0,1,0,0,30.17411517,1,0,2.639068564,0,0,NA,0,0,3.5,NA,61.1311177249651,-0.58688822750349,340,3.41845493562232,5.68912561461251,0.0396542283401764,1.09979656589391,19.1652671946116,1.1291219704366,1.04108242403502,2.2529938087121,0.604336196885493,15.6497341787956,8.13390048024624,8.21230309441673
"1637","shhs1",203479,"C004283",2892,0,0,22.9760438056126,"censor",55,0,0,1,0,1,27.236603526,0,0,0.1466992665,0,0,NA,0,0,3.5,NA,57.4948015276122,0.24948015276122,252,3.19512195121951,4.92838903372431,0.0731483843284587,1.10862812706428,15.1308280185128,1.25149749124216,1.0463153366111,2.7214902089574,1.17445274615955,15.422518813637,8.31706754173939,7.26349455592485
"1638","shhs1",205213,"C014893",3282,0,0,17.4647501711157,"death",64,0,0,1,0,1,21.597246944,0,0,0.2881152461,0,0,0,0,1,2,30,66.99757755416,0.299757755416,71.5,2.21989528795812,4.46706085359867,0.0681340353627096,0.782679357145721,19.1100837404739,0.846531860805056,0.74498862518262,2.94945171439847,0.774881082663938,12.5960363551704,6.15877965109453,3.38302690345517
"1639","shhs1",203444,"C001971",2869,0,0,15.8110882956879,"death",69,1,0,1,0,0,33.193618172,0,1,37.12,0,0,0,0,0,2.5,NA,72.6247842272226,0.362478422722261,172.5,1.70986460348162,3.56531988929942,0.0874159734741899,1.11919415415852,14.2778216431182,1.18209451153882,1.0334704420172,1.56506494727444,0.978764167347408,10.697078339758,5.65476877395092,5.98265650573496
"1640","shhs1",203384,"C009187",2870,0,0,22.4202600958248,"censor",68,0,0,1,0,0,27.89208962,0,0,2.4199288256,0,0,0,0,0,3.5,27,52.014039949048,-1.5985960050952,302,2.3495145631068,5.61846261243616,0.0420700605247316,1.03970444168204,26.377284716215,1.08310190011589,0.948271257554366,5.6234401781286,1.97869552267698,17.9680499873088,11.7091138202534,8.62898272764672
"1641","shhs1",205227,"C003692",3288,0,0,14.6748802190281,"death",61,1,0,1,0,1,32.309116426,0,0,18.795180723,0,0,0,0,0,1.75,NA,70.0401430417812,0.904014304178121,79,1.24555160142349,4.28063236652882,0.0764784968285003,0.921687077752568,11.1526100473307,1.02231522702857,0.812845773993651,1.17856552238598,1.56123174882709,12.9437533852762,4.8221247292493,3.55607583609252
"1642","shhs1",203408,"C000879",2857,0,0,22.5215605749487,"censor",56,0,0,1,0,0,27.96875,0,0,2.0638820639,0,0,NA,0,0,1.75,29,47.8853928934697,-0.81146071065303,91.5,2.05369127516779,10.6522499556576,0.0651641168815162,1.47097190950855,15.2310532032209,1.5846089984862,1.17481739083783,3.40985101357388,1.72149865597674,14.5758025681151,8.84360958004016,4.01915864377652
"1643","shhs1",203285,"C009824",3533,0,0,20.2436687200548,"censor",66,0,0,1,0,1,26.564087676,0,0,10.646387833,0,0,0,0,0,2.25,NA,61.7839356027873,-0.42160643972127,116,1.57264957264957,6.46399029971641,0.0421516068222323,1.21031710881618,13.3589581995831,1.24680554759881,1.08684245473483,2.54395382188577,0.73302125541099,10.3874416501217,8.58352771649279,5.17464344939121
"1644","shhs1",203764,"C008745",3087,0,0,21.1033538672142,"censor",65,1,0,1,0,1,26.403670297,0,0,8.8019559902,0,0,NA,0,0,3.25,28,61.1623418173406,-0.38376581826594,183.5,2.07112970711297,4.50219987713061,0.0550011317202166,1.6333475443501,17.6929806384221,1.78324690270146,1.4719876056332,2.92929337542012,1.49535035674152,12.9133458183447,6.83991814103386,7.6595643289782
"1645","shhs1",203147,"C003159",2977,0,0,20.208076659822,"death",57,1,0,1,0,1,31.746031746,0,1,8.3650190114,0,0,NA,0,0,2.75,30,53.7792456556005,-0.32207543443995,197,2.19607843137255,5.66945024528918,0.0190137646934624,0.900403195371279,12.0205200180023,0.92717940787973,0.832043406315077,2.7079431037908,1.30678525848189,15.3303519750551,11.6820301656466,9.95622109748423
"1646","shhs1",203798,"C004148",2726,0,0,22.1081451060917,"censor",62,0,0,1,0,0,25.078125,0,1,2.9310344828,0,0,0,0,0,4.5,30,68.1605036184081,0.61605036184081,141.5,2.4,6.32349753837845,0.078312963366274,0.930046443575298,12.0115337038544,0.991689967888578,0.839039788405877,1.34748198240859,0.62278246769627,15.0710868322648,5.6116672051885,4.16170686239227
"1647","shhs1",203356,"C006094",3423,0,0,20.9774127310062,"censor",62,1,0,1,0,1,32.489305122,0,0,10.127877238,0,0,0,0,0,2.25,28,64.7128266780613,0.27128266780613,223,2.27235772357724,5.67249488845625,0.077227352419097,1.08773108913778,16.2685547287133,1.15839084283432,1.01994724172227,2.60758560933684,1.02527152859772,14.4262727300291,5.97186400888778,6.17614565341067
"1648","shhs1",205452,"C006083",3275,0,0,12.9281314168378,"death",63,0,0,1,0,0,19.676254615,0,0,4.0625,0,0,0,0,1,2.25,NA,69.0200402551913,0.60200402551913,147,1.8445475638051,6.99475610099766,0.0780734380559375,0.824472245466626,13.1405990599361,1.02373095343033,0.851527194224381,1.77355401945795,0.751490071202286,21.4026563021042,5.8917674758158,5.40487792307171
"1649","shhs1",205521,"C010590",3291,0,0,5.51950718685832,"death",61,0,0,1,0,0,39.008264463,1,1,5.8753709199,0,0,0,0,0,2,NA,70.9423970910205,0.99423970910205,86.5,1.60992907801418,5.97425608240297,0.0920868061909661,0.566578598539751,11.3281245825625,0.593188208013203,0.523390680870513,1.074088471017,0.53236042573453,9.88770271863645,5.22665686897689,3.59678930200377
"1650","shhs1",205402,"C002732",3323,0,0,9.83162217659138,"death",66,1,0,1,0,0,32.075912994,0,0,20.725689405,0,0,0,0,0,2,NA,66.850516866858,0.0850516866858001,174.5,1.83981693363844,4.93312253794901,0.0416647959931104,1.00097259637153,12.5572598779149,1.04781480463279,0.893204094975237,2.39678852931592,0.80209907185554,14.2279844402335,7.41271486183341,4.82261016650609
"1651","shhs1",205614,"C006745",3112,0,0,21.3305954825462,"censor",62,0,0,1,0,0,33.463866145,0,0,15.459183673,0,0,0,0,0,2.75,NA,57.8705437337387,-0.41294562662613,391.5,2.96586345381526,8.97498203032702,0.0553581293477067,1.32645744716001,13.5653436059716,1.39833155516376,1.16676399539932,2.56608114589809,1.1714236562364,22.1535114187242,7.58839684751496,8.02549038837553
"1652","shhs1",203554,"C008250",2805,0,0,22.2751540041068,"censor",54,1,0,1,0,1,25.609897098,0,0,4.7183846971,0,0,NA,0,0,1.5,29,48.6988801436489,-0.53011198563511,377.5,3.01518026565465,7.25795830725263,0.0436134118610516,1.58006199589721,17.3053002030679,1.78543586028617,1.45839427758659,2.87687944549942,1.61967384443092,16.8892568885256,8.1681499712447,6.34217955572793
"1653","shhs1",203709,"C012609",2780,0,0,21.6755646817248,"censor",59,0,0,1,0,1,30,0,0,2.1871202916,0,0,0,0,0,1.75,30,64.6786536057335,0.56786536057335,261.5,2.02687140115163,6.98464935761985,0.0493902330380238,0.711562448855275,13.0931478500787,0.817246590186419,0.684149567532816,1.39744726439331,0.166310047024326,12.0695011615177,5.61399680271668,4.23206057000484
"1654","shhs1",203105,"C011632",3715,0,0,20.4298425735797,"censor",59,1,0,1,0,1,24.567901235,0,1,6.3157894737,0,0,NA,0,0,3.5,25,53.6976423844075,-0.53023576155925,117.5,3.12359550561798,9.78774779633942,0.0968139931266473,0.928920345517371,16.1708960448796,1.03280495309306,0.842681221286318,3.10566092413352,2.06326768695266,15.52474327472,8.39166647647509,7.16708912173597
"1655","shhs1",205024,"C007753",3241,0,0,10.6173853524983,"death",69,1,0,1,0,0,29.44214876,0,0,18.5625,0,0,0,0,0,3.25,NA,72.1424081013883,0.31424081013883,118,1.45454545454545,5.37807914451253,0.0659838955636065,1.10209342689299,11.5771991345053,1.17749948559134,0.991375037404323,1.63503618898221,0.353477732688611,10.5402018129933,5.65976097744722,3.99947257858255
"1656","shhs1",202949,"C013059",3759,0,0,21.4072553045859,"censor",56,0,0,1,0,0,26.229228075,0,0,3.1658291457,0,0,NA,0,0,3.25,29,50.3876123886417,-0.56123876113583,101,2.85454545454545,6.11162150486924,0.0514976769020068,1.20373360363891,19.4984387271794,1.28860395779927,1.10370020212298,3.87635760390353,1.81021723993677,17.3774143731119,10.3608475560513,7.83709163073921
"1657","shhs1",203414,"C007931",2940,0,0,21.8672142368241,"censor",65,1,0,1,0,1,26.277285079,0,0,29.353612167,0,0,0,0,0,3.25,30,55.208347728246,-0.9791652271754,127.5,2.23666666666667,8.16980961544573,0.0311677667638433,1.21994548412899,11.6123148257297,1.30920714970762,1.11517203075616,2.63287848304763,1.11259543160412,14.2558421324832,11.195521653638,8.308779515404
"1658","shhs1",205648,"C013387",3077,0,0,8,"death",70,1,0,1,0,0,27.12962963,0,1,2.0973782772,1,0,0,0,0,1.75,NA,67.5312397793789,-0.246876022062111,118,0.988721804511278,4.52719524151726,0.0543401631473671,1.28789879193008,10.9878870439337,1.37002218577301,1.15324540137763,1.95681614455199,1.04532789916739,8.11684223224535,7.96060321194809,3.92696868698293
"1659","shhs1",205508,"C002059",3189,0,0,22.1601642710472,"censor",63,1,0,1,0,0,24.1638322,0,1,5.9720062208,0,0,0,0,0,3,NA,67.3415411750014,0.43415411750014,117.5,2.03174603174603,6.32229548255309,0.0634777796325821,0.936402022519761,13.9391755020232,0.980154509499808,0.872050411538664,2.03174347479637,0.623866121734526,18.7225101375237,6.49962878691904,4.94603167741826
"1660","shhs1",203239,"C003885",3596,0,0,21.0814510609172,"censor",63,1,0,1,0,0,32.007548265,0,0,4.5425867508,0,0,0,0,0,3.5,27,61.4722188652651,-0.15277811347349,146,2.62130177514793,5.44431947787895,0.0659129932631021,1.31362986676764,14.5443130241509,1.42602961117381,1.21955268619176,2.4306767987427,0.614973155543063,15.4969728962676,9.07342794672469,7.872005694952
"1661","shhs1",205326,"C010428",3239,0,1,16.6954140999316,"dementia",67,0,0,1,0,0,29.033661643,0,0,0.6810442679,0,0,0,0,0,2.75,NA,60.4010186293305,-0.65989813706695,248.5,2.77397260273973,7.77131446510739,0.0308038889898215,1.24217095915047,13.3880606695349,1.39658408918256,1.12402090822188,3.0879560258163,1.52749052334901,26.6149225745352,8.72602263366404,6.90895550042099
"1662","shhs1",205556,"C011614",3273,0,0,20.6789869952088,"censor",59,0,0,1,0,0,28.911564626,0,0,6.7647058824,0,0,0,0,0,3.75,28,69.0645560204374,1.00645560204374,75,1.97196261682243,5.69029630898529,0.102624947483887,0.832946130752689,13.2605807357402,0.991732438826205,0.753524392321182,2.05624492569404,1.0978694122311,26.0401344811547,6.48398750279779,3.53860174405207
"1663","shhs1",203079,"C011223",3679,0,0,21.1033538672142,"death",58,0,0,1,0,0,32.003534907,0,1,2.4633431085,0,0,0,0,0,3.5,NA,48.6369119954144,-0.93630880045856,244.5,3.27372262773723,8.12537569186245,0.0251200954879781,1.47376834814257,16.5275776943135,1.54688789643642,1.25597260623482,3.70269587497629,1.64586980188178,17.5823072999091,9.30969788535137,6.09767160758223
"1664","shhs1",205502,"C007849",3258,0,0,20.6050650239562,"censor",57,0,0,1,0,0,22.319489458,0,0,0.7177033493,0,0,0,0,0,3,29,58.8224443165055,0.18224443165055,289.5,2.75981524249423,5.29863799527335,0.0324871589320668,1.10102554571189,14.9715581669966,1.14865418759967,1.01968996887326,2.10977544377136,0.978797761121111,15.9325048713673,7.33834336119568,7.15511291822129
"1665","shhs1",205316,"C007347",3344,0,0,3.56468172484599,"death",63,0,0,1,0,0,21.812961731,1,0,3.5403726708,1,0,0,0,1,3,NA,70.0408679996918,0.70408679996918,123.5,1.58682634730539,4.34898092582697,0.0786328281347244,0.760262966885651,16.2124320210682,0.805709446437119,0.74120163140509,1.69365464116944,0.729093187401385,14.1045111262558,5.85720979394061,4.18263364950594
"1666","shhs1",203695,"C009661",2784,0,0,21.3853524982888,"censor",53,0,0,1,0,1,27.018100145,0,0,6.6666666667,0,0,0,0,0,3.25,28,46.089523429614,-0.6910476570386,313.5,3.88372093023256,7.07515415422747,0.0252165653396469,1.0553097196587,11.9887161783327,1.11396779231821,0.917598459677184,3.35107792062819,1.93077998319949,21.3134864316505,12.7248862603483,10.7761306433679
"1667","shhs1",203442,"C002961",2891,0,0,21.637234770705,"censor",62,0,0,1,0,0,26.259584748,0,0,3.3041301627,0,0,0,0,0,2.5,30,58.3927115820968,-0.36072884179032,248.5,3.85526315789474,11.151186789436,0.039603954866658,0.943885155386519,15.0939121908237,1.04488413105844,0.897691015827374,2.30588282560795,0.874090938420404,27.4615910146378,6.63634613858752,4.90952539351794
"1668","shhs1",203821,"C015296",2849,0,0,20.8898015058179,"censor",61,0,0,1,0,1,23.313571543,0,0,3.572216097,0,0,0,1,0,3,29,60.1105735167852,-0.0889426483214798,200,3.06229508196721,7.98598863806666,0.0337839803272704,1.02081551160971,13.7506186160193,1.05955885434012,0.922059125133094,2.23360940337856,1.25858203525028,16.0905387811259,5.91981742516985,6.07918331513148
"1669","shhs1",205223,"C003027",3526,0,0,8.88980150581793,"death",72,0,0,1,0,0,35.405124654,0,0,11.781818182,0,0,0,0,0,2.5,NA,71.9218554838319,-0.00781445161680949,231,3.13874345549738,6.61013112027154,0.0546378657525896,0.889240456223782,10.2240116816768,0.961564827302748,0.814436572417356,1.76401489454403,0.685541964497101,17.949425080311,6.1305354960903,5.49390464042302
"1670","shhs1",203035,"C002464",3787,0,0,21.6947296372348,"censor",66,1,0,1,0,1,38.239330971,0,0,22.748091603,0,0,1,0,0,2.25,28,64.2338308703269,-0.17661691296731,300.5,3.09312638580931,4.84766692384084,0.0292271584886501,1.04919548714924,13.1543281216126,1.09357348362743,0.964340876173183,2.20236845592814,0.928871018487687,17.417826659692,7.9633210211894,6.20236712999339
"1671","shhs1",205388,"C005065",3390,0,0,14.9568788501027,"death",63,0,0,1,0,0,24.359861592,0,1,11.368421053,0,0,0,0,0,2,28,71.9244256261971,0.892442562619711,98,1.16199376947041,6.03857130971853,0.0727533684535152,0.862256280296657,10.4930961307746,0.907787885445681,0.749265335695065,2.1460912450102,0.892377893274254,7.76446559654847,3.12529702600949,1.99075909352498
"1672","shhs1",203645,"C005201",2731,0,0,16.0246406570842,"death",67,1,0,1,0,0,30.918856147,0,0,5.6862745098,0,0,0,0,0,4.25,NA,62.3858552635606,-0.46141447364394,381,2.76814159292035,6.08501533266199,NA,NA,14.3144244367021,NA,NA,2.4050520203539,NA,14.5719519885594,8.47830575094091,NA
"1673","shhs1",205739,"C012859",3000,0,0,18.031485284052,"death",60,0,0,1,0,0,21.256895953,0,0,7.2180451128,0,0,0,0,0,1.75,22,56.4559063136793,-0.35440936863207,323,3.79862700228833,8.22878778816697,0.0412654476326728,1.38292087208413,14.6122705013328,1.46936251678482,1.20750218083276,2.57464611059656,0.685664965872102,23.3010657654622,7.89433087916654,4.81087209256169
"1674","shhs1",203231,"C006145",2963,0,0,22.9240246406571,"censor",60,1,0,1,0,1,31.975308642,0,0,14.760383387,0,0,0,0,0,1.75,27,65.7118560450214,0.571185604502141,97.5,1.95355191256831,6.9131365537401,0.0205128986764997,0.492237528299654,10.9949910055241,0.514424145701093,0.455545559095433,0.601034559569948,-0.266002227563133,11.8031948673068,7.0426980721793,6.24433540363134
"1675","shhs1",205566,"C013428",3177,0,0,22.2313483915127,"censor",55,1,0,1,0,1,26.027216277,0,0,25.070063694,0,0,0,0,0,2.75,29,57.6601569263197,0.26601569263197,229.5,2.70625,7.50304066290836,0.0545270287464831,1.08389745801483,13.0293798806753,1.17408595920781,1.00649663401416,2.14949291070402,0.64944664643994,16.6896689060162,7.55056897801463,5.35739667576517
"1676","shhs1",205568,"C007394",3193,0,1,14.3107460643395,"dementia",66,1,0,1,0,0,25.709342561,0,1,5.6310679612,0,1,0,0,0,3,18,68.7162088998448,0.27162088998448,124.5,2.14180929095355,6.85609044257067,0.087308737282897,0.874957143422038,9.26872976309224,0.974319876997191,0.8584494728745,1.20489225385963,0.732429017849728,27.4220842504494,9.86856270146158,11.4476292301189
"1677","shhs1",205612,"C003852",3129,0,1,19.5044490075291,"dementia",62,0,0,1,0,0,34.121310469,1,1,7.2602739726,0,0,0,0,0,1.5,28,63.3394039463702,0.13394039463702,168.5,1.35483870967742,6.4863530784511,0.05277893404012,0.879049235016498,17.9026647183193,0.922294506501342,0.827359368702718,2.57060562838715,0.891802309340321,9.20117789874945,5.37419781789883,3.62556102377087
"1678","shhs1",205620,"C001409",3144,0,1,20.8405201916496,"dementia",70,1,0,1,0,1,29.616326531,0,1,2.9055690073,0,0,0,0,0,2,29,71.210238053635,0.1210238053635,261,2.74725274725275,6.82942979244405,0.0902083229904014,0.957748799582157,12.111439500722,1.05299243950605,0.917387779577924,1.2075755846291,0.793020869305692,16.1551302692619,5.76559870846386,4.89040516484725
"1679","shhs1",203457,"C011053",2905,0,1,20.2737850787132,"dementia",68,1,0,1,0,0,25.501830577,0,0,0.170212766,0,0,0,0,0,2.75,24,60.5421233195735,-0.74578766804265,293.5,3.67774936061381,5.51070506309883,0.0429045880287617,2.0341699814193,16.1110921293913,2.15811133827747,1.82325166400284,3.22217770077662,1.24313389146453,19.8546649424226,6.7853584819306,5.07589939918289
"1680","shhs1",203057,"C004417",3727,0,0,16.2792607802875,"death",68,1,0,1,0,0,25.12345679,0,0,8.2568807339,0,0,0,0,0,4,25,73.9591985379471,0.59591985379471,107,1.34890965732087,6.25314668770683,0.0661214486189906,0.79399752952134,13.1683630774309,0.837136863724731,0.726259008880373,2.29660339359068,1.06151836778361,17.0363634058046,3.94112119972235,3.31863172665637
"1681","shhs1",203747,"C013679",2744,0,0,21.7713894592745,"censor",56,0,0,1,0,0,28.934559221,0,0,0.1734104046,0,0,0,0,0,2,28.965517241,44.3004182296998,-1.16995817703002,282,3.57631578947368,11.6333948694245,0.0569946317640135,1.40732686127255,21.4106183330957,1.47380861017818,1.24464273853405,4.46269912237738,1.89137578627257,16.6706534729673,7.59010107531471,6.10182711126006
"1682","shhs1",203705,"C002347",2769,0,0,21.6563997262149,"censor",54,1,0,1,0,1,33.082612902,0,0,6.2820512821,0,0,0,0,0,3,30,53.3974027940691,-0.0602597205930898,166.5,1.7125,5.63304088605612,0.0430628480473032,1.74702491591424,18.2438691993797,1.80122602345609,1.54897132245325,4.45243036200511,1.10238131136797,15.7250234424566,7.7311504925863,5.75757445504855
"1683","shhs1",203639,"C008120",2741,0,1,19.5592060232717,"dementia",68,1,0,1,0,0,28.212244898,0,0,13.138686131,0,0,0,0,0,2.25,26.4,55.5969273994623,-1.24030726005377,140.5,1.4675572519084,7.20108188041868,0.0286680913441941,2.12492733005214,8.32597594980821,2.22007285876656,1.79490515171628,1.65047712866626,0.760721838025087,16.1615824622013,12.4319515009144,9.98405730809688
"1684","shhs1",205569,"C004368",3198,0,0,20.9883641341547,"censor",57,1,0,1,0,0,28.9104911,0,1,11.204330176,0,0,0,0,0,2.25,29,61.2800333810646,0.42800333810646,181.5,2.45243619489559,3.46875829715334,0.0792395636215094,1.17722794805259,17.8556772454104,1.26145228923787,1.06887562372602,3.4388916510425,1.36472731802327,14.2533741253996,6.88357646386641,3.74656793617
"1685","shhs1",205036,"C009677",3394,0,0,11.958932238193,"death",69,1,0,1,0,0,24.01876685,0,1,1.1811023622,1,0,0,0,1,1.5,NA,66.9238181856873,-0.20761818143127,218.5,4.42679127725857,8.35181844682048,0.0406570667296241,0.961036091256637,10.5028670145826,1.02695521265201,0.901661858157345,1.36438100675647,0.51369365569639,22.4571399501569,6.61290048389045,4.70999057829256
"1686","shhs1",205192,"C008059",3324,0,0,9.13073237508556,"death",65,0,0,1,0,0,25.072011035,0,1,5.8064516129,0,0,0,1,0,2.75,NA,64.9350536412507,-0.0064946358749296,327.5,3.20620842572062,6.58302507515754,0.0423784289333821,0.71711422291919,11.1921743335853,0.77439187992065,0.69058218263215,1.56493574803148,0.754140348509989,15.1376060513788,7.27609680749536,4.76278129528162
"1687","shhs1",205111,"C010988",3302,0,1,17.2128678986995,"dementia",70,1,0,1,0,0,26.679738104,0,0,0.3582089552,0,0,0,0,0,4.25,NA,62.2145581833712,-0.77854418166288,218.5,2.90735694822888,6.91180075697924,0.0592651873248053,1.08414990297535,18.9597890202407,1.15514241831129,1.00712894066095,2.71350427377219,2.30647131344321,17.4752099145134,6.42510607984034,6.56174118972862
"1688","shhs1",205174,"C002339",3628,0,0,20.5776865160849,"censor",68,0,0,1,0,0,28.0234098,0,1,4.9714285714,0,0,0,1,0,2,30,70.2368009334531,0.22368009334531,186,2.36908517350158,3.47964595044958,0.0227565921027115,0.584515136322165,14.7937288593726,0.610627311913307,0.563293945294874,1.75865225025225,0.987383451304312,15.4248388996508,6.68871431232548,6.21912533675079
"1689","shhs1",205429,"C000372",3295,0,0,20.6680355920602,"censor",58,0,0,1,0,1,30.426105529,0,0,0.4342581423,0,0,0,1,0,3.25,30,58.5261487022748,0.0526148702274803,244.5,4.11231101511879,9.34521721724146,0.0374011403982337,0.905884449360074,13.6726853226867,0.99700312627504,0.887448136111543,1.31370570097909,0.598953688674443,22.2789513260297,6.54683313743215,5.62085759409638
"1690","shhs1",203469,"C015164",2912,0,0,23.006160164271,"death",68,1,0,1,0,0,29.492455418,0,0,25.49132948,0,0,1,0,0,3,24,75.4914329017495,0.749143290174951,73.5,1.44879518072289,3.86994101508602,0.0566983933638466,0.885372724550573,8.42150548600059,0.93626748139952,0.802139284457749,0.935089916558071,0.469798135735791,9.30855892926197,5.43653914291927,5.08794017586723
"1691","shhs1",205378,"C004169",3269,0,1,16.2217659137577,"dementia",68,1,0,1,0,1,26.65477606,0,0,15.89958159,0,0,0,1,0,3.5,NA,69.5593458816628,0.155934588166279,276.5,3.25420560747664,10.2120945006469,0.051956610595972,0.455101189280918,8.49385941513492,0.479737443119683,0.436138327057711,1.08599500456086,0.135393799170317,18.8589996982658,5.76964800353182,3.83521574217399
"1692","shhs1",205237,"C015316",3364,0,0,21.0704996577687,"censor",61,1,0,1,0,0,37.495471561,0,1,7.3652694611,0,0,0,0,0,1.5,26,65.1992224868485,0.41992224868485,177,2.39884393063584,5.92127203183112,0.0375324352109203,0.809957461785999,12.6966347560197,0.852795651347449,0.757295319774464,1.92326719942092,0.877944621436692,17.7800230228575,6.62793586726753,7.12334254070387
"1693","shhs1",203030,"C010632",2941,0,0,18.4531143052704,"death",62,0,0,1,0,1,29.172437673,0,0,1.3533834586,0,0,0,0,0,2.25,26,67.8834337757055,0.58834337757055,45,1.88188976377953,3.69573674287803,0.0854915177952161,0.60775824585411,22.2141161608144,0.758994461380652,0.622549749879202,2.74605463749568,1.85685043449769,18.3098781212939,5.08122443435597,3.59400417939341
"1694","shhs1",203043,"C001322",3793,0,0,5.91649555099247,"death",66,0,0,1,0,0,39.791883455,0,1,4.5314685315,1,0,0,0,0,2.25,NA,63.8489333573699,-0.21510666426301,185,3.14391143911439,7.85005666573189,0.0636009153695114,1.24678580995875,16.4758125242929,1.30562204969746,1.07029658104815,2.60837409446266,0.955432494903449,21.0464931058219,5.88373509449003,4.34052481140355
"1695","shhs1",203614,"C015128",2824,0,1,15.337440109514,"dementia",59,0,0,1,0,0,28.398718001,0,0,0.4609475032,0,0,1,0,0,2.5,23,53.2670136271265,-0.57329863728735,198,2.65250965250965,10.9267657238626,0.034261033528411,0.958388791191865,12.329842153734,1.1923924550092,0.972896441340009,2.87205816277165,1.45256989632856,22.6575129898305,8.81160186100754,6.06703249101727
"1696","shhs1",203568,"C005606",2876,0,0,22.3983572895277,"censor",64,1,0,1,0,1,36.0185773,0,1,58.361774744,0,0,0,0,0,1,30,54.0796185789078,-0.99203814210922,282.5,2.51141552511416,6.49232080552337,0.0484553915249241,NA,19.7511415222346,NA,NA,3.21609653119509,NA,16.1125452362108,9.84976152136447,NA
"1697","shhs1",203258,"C014046",2909,0,0,11.9260780287474,"death",67,1,0,1,0,1,27.289882421,0,0,4.1838351823,0,0,0,0,0,2.75,NA,76.6874909926855,0.96874909926855,71,1.49442379182156,5.89567306754631,0.114428296349958,0.640538650885351,10.0543436298263,0.700007445949356,0.59327763417729,0.884931905975133,0.75002223190168,9.45536227576292,4.0979733084517,3.00395969056403
"1698","shhs1",202919,"C015163",3912,0,1,14.9869952087611,"dementia",61,0,0,1,0,1,43.209876543,0,1,18.566037736,0,0,0,1,0,3.75,NA,66.4815913383322,0.548159133833219,161.5,1.33791748526523,6.98489677005859,0.0697879741436158,0.805527378436374,14.5068672560413,0.86765618575664,0.76325548101261,1.76078753718446,0.635671122593114,12.2392061691775,5.17598806999799,3.26038271293597
"1699","shhs1",203180,"C009635",3653,0,0,21.1827515400411,"censor",57,0,0,1,0,1,30.043262298,0,0,1.1764705882,0,0,0,0,0,3,30,48.5882095112432,-0.84117904887568,234,2.77884615384615,9.79206021560542,0.110361426734936,1.15513293106106,17.5912977558818,1.24380932161747,1.07429327707002,2.25242249045327,1.15337320666556,14.1311956913473,11.5755011515625,6.22871902500465
"1700","shhs1",203627,"C010065",2834,0,0,20.2765229295003,"death",65,0,0,1,0,0,29.982991179,0,0,1.7733990148,0,0,0,0,0,3.25,30,58.6779213895428,-0.63220786104572,183,2.07377049180328,6.04831193776756,0.0359489572445971,1.49638311052518,22.1902006387611,1.56107172856288,1.338347581869,5.08160258885829,1.05507976937792,15.5883501146796,6.77651399977261,5.79136253769489
"1701","shhs1",205752,"C002146",2965,0,1,15.5400410677618,"dementia",65,1,0,1,0,0,35.908484662,0,0,48,0,0,0,0,0,2.25,26,67.6505269115428,0.26505269115428,198,2.09975669099757,5.11362117336908,0.112489695933348,1.11219312795363,15.0723210581076,1.26089774304612,0.986470794884214,2.17143799199471,1.08372142901951,14.0538308317256,6.52345240723277,2.9197746553491
"1702","shhs1",203537,"C009235",3055,0,0,22.4531143052704,"censor",58,1,0,1,0,1,31.407664807,0,0,31.060820368,0,0,NA,0,0,1.75,30,46.1348688526063,-1.18651311473937,269.5,3.03913043478261,8.89958678877288,0.0452623925044333,1.42858192332493,20.9015295855608,1.53688577607022,1.33356593821929,3.76086186163258,1.47470136461777,17.4433495084764,10.3033962930075,7.62184589153952
"1703","shhs1",205267,"C003134",3265,0,1,16.7830253251198,"dementia",65,0,0,1,0,1,27.174526704,0,0,3.2876712329,0,0,0,0,0,2,NA,74.2427255791794,0.924272557917941,179.5,2.95154185022026,3.91837532514506,0.0777855163676136,0.892085029391884,9.79153544273262,0.957169758138135,0.824119636882543,1.31635793595159,0.243999170470479,14.9113240463737,5.45406027888392,3.78097661502851
"1704","shhs1",203885,"C006140",2682,0,0,17.2703627652293,"death",58,1,0,1,0,1,24.122145775,0,0,5.2664576803,0,0,NA,0,0,2.25,25,65.9226225566694,0.79226225566694,228,2.94,6.54262410390193,0.0976457271885442,1.22993607750775,10.5792175171729,1.32003068105282,1.12534071661883,1.8759992298817,1.097544768264,22.3303842455829,5.94946669419059,8.21592527187568
"1705","shhs1",205008,"C001678",3418,0,0,22.0533880903491,"censor",63,1,0,1,0,0,37.412021529,0,0,20.136425648,0,0,0,0,0,3.75,28,69.2847684831453,0.62847684831453,101.5,1.24824355971897,7.89854323314366,0.0628845638870857,0.728401196831909,13.1367497650251,0.745184020445604,0.679366906913285,1.19071061217728,0.341158964762864,8.40195443960103,3.71244722702101,2.97489839100085
"1706","shhs1",203332,"C011762",2902,0,0,22.0862422997947,"censor",54,1,0,1,0,1,29.547327615,0,0,1.1374407583,0,0,0,0,0,2.5,28,53.7871590709421,-0.0212840929057897,199.5,1.54773869346734,7.59002769135214,0.124383887802652,1.03461889202491,14.6904394115558,1.14791050861995,0.987931555975854,2.73229854088594,0.986901782441169,20.9623133120912,12.7707526621803,6.91366789311266
"1707","shhs1",203338,"C014963",2897,0,1,22.0862422997947,"dementia",69,0,0,1,0,1,25.297619048,0,1,9.2903225806,0,0,0,0,0,2.25,28,65.4559799709191,-0.35440200290809,276.5,3.17137096774194,6.19775235996553,0.0349599551810097,1.39292363807422,10.4194411489626,1.43229265926239,1.25499835553235,2.23316325018909,0.432270710894636,16.3664049650768,7.73155963521118,5.80749161834293
"1708","shhs1",203973,"C002280",2692,0,0,20.8158795345654,"censor",60,0,0,1,0,0,25.723208416,0,0,0.9677419355,0,0,0,0,0,3.5,29,66.0128001921483,0.601280019214831,218.5,3.04411764705882,5.01253080941364,0.0810643518206744,1.40707775607744,13.1118228668978,1.49749407670384,1.23205369652781,2.03661978909762,1.02507525618152,16.1340758413785,4.77153410238958,5.29586384830213
"1709","shhs1",205802,"C003532",2878,0,0,21.4702258726899,"censor",55,1,0,1,0,1,24.228571429,0,0,3.6057692308,0,0,0,0,0,1.5,30,63.188094012292,0.8188094012292,195,2.45119305856833,4.48758447509532,0.0846208605924297,1.08033640370155,15.5187400318792,1.21474419871779,1.06854328025349,2.33588284947758,0.842944096646968,14.5839393125457,6.03616270204126,3.95483777774436
"1710","shhs1",203406,"C002273",2863,0,0,11.8904859685147,"death",57,0,0,1,0,1,22.106544078,0,0,0.4780876494,0,0,0,0,0,1.75,NA,61.3778230303392,0.43778230303392,190,2.73053892215569,4.70620422464417,0.0591629565221698,1.58504847481286,16.964808207327,1.71266908306988,1.44875705327982,3.16600008108477,0.983581194262448,15.3916211065198,4.77968742915585,3.78376294030826
"1711","shhs1",203348,"C000167",2932,0,0,22.321697467488,"censor",53,1,0,1,0,1,27.700831025,0,0,5.0393700787,0,0,NA,0,0,3.5,29,62.9148190624856,0.99148190624856,240.5,2.22690763052209,4.80763844362481,0.0623998773796075,1.27600929759686,8.31082309823323,1.43008549305161,1.16161651813645,1.10658102819645,0.382866518958651,14.2096188410024,6.61149515313949,3.4261074984509
"1712","shhs1",205181,"C002437",3309,0,1,18.9048596851472,"dementia",68,1,0,1,0,1,29.818560381,1,1,4.3601895735,0,0,0,0,0,2.75,27,77.2496627231322,0.92496627231322,95,1.36458333333333,4.30542096726096,0.0577251240938512,0.791011095462201,11.4545398917585,0.819523171537134,0.754430143411931,1.2320659181179,0.480174596202592,12.1590701976997,3.81848514187578,4.89451938706633
"1713","shhs1",205033,"C002060",3456,0,0,22.2559890485969,"censor",63,0,0,1,0,0,36.763418648,1,1,43.783783784,0,0,0,0,0,3.75,27,68.569394828625,0.556939482862499,105.5,1.30653266331658,4.52077432640113,0.0863656690305501,1.01360912742298,16.4596751749975,1.07691035313072,0.922820645685473,1.77628308140103,0.751226082927944,8.59254584969085,5.25085292009571,4.09297496158238
"1714","shhs1",205595,"C012955",3142,0,1,15.1348391512663,"dementia",60,0,0,1,0,0,27.128027682,0,0,0.9677419355,0,0,0,0,0,3.5,28,54.7803817299969,-0.52196182700031,233.5,2.48041775456919,8.82363280602555,0.0424432969523693,0.968024153480746,16.8690545251336,1.2395598547346,1.04389098243529,3.50277247648995,1.04045761816562,19.3008359323549,8.76370802272709,6.60013518762315
"1715","shhs1",203586,"C014571",3010,0,1,19.7535934291581,"dementia",69,1,0,1,0,1,31.378773542,0,0,11.428571429,0,0,NA,0,0,2.75,27,73.339086544082,0.433908654408199,230,3.70200573065903,5.27294869232717,0.068392047898782,0.945673450174563,9.78265223288084,1.00196762116312,0.886992134453034,1.25363544388799,0.837811312917355,15.8976282734599,4.86604699754996,6.69371053275395
"1716","shhs1",203045,"C008449",3711,0,0,21.347022587269,"censor",61,1,0,1,0,1,40.765278529,0,0,18.488372093,0,0,NA,0,0,2.5,30,49.3729409769704,-1.16270590230296,240,2.54120879120879,7.70088862153697,0.0348003929217794,1.71668232278867,20.7747800904818,2.52556446119562,1.86148647843699,4.76276061771538,1.43015091372998,22.2648432365917,8.7049175617477,3.54014833898955
"1717","shhs1",205328,"C001127",3263,0,1,13.9137577002053,"dementia",69,0,0,1,0,0,24.755648133,0,0,3.5905511811,0,0,0,0,0,2,NA,60.4349298971979,-0.85650701028021,141,1.99317406143345,5.46020098601801,0.0411836959392121,1.53493778104041,17.8730910504184,1.64168476117409,1.3681432961595,4.29124360505656,1.59863824509067,10.6348712232963,7.32922349976873,6.00257530754333
"1718","shhs1",202998,"C005358",3735,0,0,1.51403148528405,"death",64,1,0,1,0,1,34.46366782,0,1,9.5094339623,0,0,0,0,0,1.5,NA,55.7055787498434,-0.82944212501566,218.5,2.2921568627451,7.9676327784168,0.0237560326603854,1.76014134778619,6.92642444861367,1.95364507603673,1.52844581015065,1.51192461894578,0.817200250236882,18.7675787861874,10.9901879479143,9.10338181551026
"1719","shhs1",203868,"C004272",2773,0,0,21.347022587269,"censor",53,1,0,1,0,1,30.228999436,0,0,1.014084507,0,0,0,0,0,2,30,57.4321472175462,0.44321472175462,159,1.71361502347418,4.1695950641067,0.0367135255999099,NA,9.06884251348347,NA,NA,1.66308128459053,NA,10.9064686559467,10.275140267077,NA
"1720","shhs1",203922,"C012951",2803,0,0,14.8418891170431,"death",72,1,0,1,0,1,24.877140502,0,0,28.571428571,0,0,0,0,0,2.5,26.086956522,60.7380354032414,-1.12619645967586,146.5,1.54812834224599,8.02184105027821,0.0424760167736433,1.9158093495937,17.8755187168906,1.98968323886474,1.62952011757171,3.3613994300511,0.673903000458897,15.5128508897152,7.43670186145129,4.29178726206851
"1721","shhs1",205732,"C006355",3035,0,1,19.8850102669404,"dementia",69,0,0,1,0,0,26.045391245,1,0,5.9743954481,0,0,0,0,0,1.5,NA,66.1056888989983,-0.28943111010017,163,1.69553805774278,4.90201550165424,0.0816895652798125,1.09119165246787,18.045284867889,1.17208204016354,0.973221514099339,3.76582414983432,1.45308582580017,12.1439798891625,7.13627421682591,6.55750919774811
"1722","shhs1",202904,"C012638",3925,0,0,20.0657084188912,"death",72,0,0,1,0,0,32.841987325,1,1,11.904,0,0,0,0,0,3.75,NA,72.962855761904,0.0962855761903995,175.5,3.73221757322176,5.96624089223692,0.0399323435464652,1.09821513863521,10.3705439751792,1.14310134990554,1.00309147972023,1.0701533786975,0.393954143175485,21.6525879147895,5.84353678682829,5.16055013627107
"1723","shhs1",205455,"C011165",3423,0,0,18.3463381245722,"death",67,1,0,1,0,0,27.807453985,1,0,5.6618610747,0,0,0,0,1,1.5,22,65.7171628422851,-0.128283715771489,161,1.51168224299065,3.67490460187271,0.091884551971016,1.70786285111507,19.944713006996,1.87491312401281,1.56706576765799,4.08007544423299,0.675851534765175,11.0799683589847,6.5040507322193,3.56607292948697
"1724","shhs1",203339,"C014952",3192,0,0,21.6180698151951,"censor",55,0,0,1,0,0,38.196322336,0,0,48.097165992,0,0,NA,0,0,3,30,53.4348737468423,-0.15651262531577,100.5,1.79891304347826,5.00967513760703,0.0484309035867275,1.03790570990294,18.8801760659243,1.13692897449283,0.945252419316559,4.11116942710586,1.7357292334709,12.9899987241139,9.24204627257237,7.40292567762231
"1725","shhs1",202964,"C008119",3756,0,0,20.7392197125257,"censor",66,0,0,1,0,0,31.123381979,0,0,7.4418604651,0,0,0,0,0,2.25,29,62.4555963891185,-0.35444036108815,146,2.16981132075472,6.5183976355033,0.0430578828804166,1.30217657250319,10.0588854936621,1.36663556256924,1.18117703567575,2.21733448240106,0.590768130388019,19.0438186880717,10.2254702200871,6.25474663786498
"1727","shhs1",203204,"C012333",3029,0,0,21.8535249828884,"censor",69,1,0,1,0,0,29.39622143,0,1,21.642512077,0,0,0,0,0,2.75,NA,60.7978391736437,-0.82021608263563,242.5,3.16624685138539,6.04000992760624,0.0576401113749529,1.77861723495891,12.0316787807732,1.86047833354659,1.60825230384785,1.99988564685318,0.977737198040949,18.4436026480877,9.8757676289269,7.16323918839968
"1728","shhs1",203669,"C013734",2715,0,0,21.5359342915811,"censor",63,1,0,1,0,1,28.930612245,0,0,4.1930116473,0,0,0,0,0,2.5,30,70.3075005988444,0.73075005988444,101,2.25233644859813,6.0750136979177,0.0543830847290332,0.845237584921799,10.7464342617761,0.97562160178296,0.854709109952566,1.32239755183689,0.969178867886541,18.5982795097108,4.92694540741211,5.1872983297061
"1729","shhs1",203068,"C000835",2946,0,0,22.0835044490075,"censor",68,1,0,1,0,1,32.7268431,0,1,1,0,0,NA,0,0,2.5,28,71.7573458551194,0.37573458551194,152.5,2.85840707964602,3.97319774663626,0.0703379244757258,0.99162164813701,11.1007934274791,1.10209875698099,0.946162465171422,1.94931343631874,0.706241841678812,13.2255907292765,6.44281987026359,5.68706484372481
"1730","shhs1",205553,"C014702",3176,0,0,21.8726899383984,"censor",66,1,0,1,0,0,35.152830783,0,1,7.2819216182,0,0,0,0,0,2.25,29,67.6414196006408,0.16414196006408,220.5,1.92322834645669,5.15376584531638,0.0634621001190823,1.35204808653699,15.022391184804,1.50831761876193,1.27394351272633,2.69755616409555,1.43412831838954,14.1021798682952,4.4267285543136,6.2298176894093
"1731","shhs1",205790,"C013667",2953,0,0,21.5386721423682,"censor",53,1,0,1,0,1,28.487443751,0,0,3.4379263302,0,0,0,0,0,3,27,45.3547107226964,-0.76452892773036,326,2.86904761904762,8.09441252626338,0.0285622165199827,1.61950060945444,16.3792254782021,1.76202238679359,1.43055170551102,4.40776540075819,1.86999883363292,17.2797823794984,9.04389718073473,6.82890828956196
"1732","shhs1",205488,"C009886",3377,0,0,20.4681724845996,"censor",66,1,0,1,0,0,25.029760996,0,0,9.6916299559,0,0,0,0,0,4,27,68.7276825962431,0.27276825962431,202.5,3.45970149253731,5.74618614679735,0.114205418818299,0.718899171970943,16.024327576811,0.763162792947576,0.679220344480721,1.991856429166,1.23294843315605,17.1366261923326,6.49781274181363,5.48790097429508
"1733","shhs1",205185,"C000940",3343,0,0,11.9342915811088,"death",69,0,0,1,0,0,46.230677765,1,0,23.710843373,0,0,0,0,0,2,NA,62.362143984569,-0.6637856015431,175,2.35384615384615,6.10637494981322,0.0447993808666816,1.49179879793126,12.8447210095613,1.54477645540839,1.3395843054381,2.41050334509006,0.804188971820914,11.8158205348528,8.71764020419224,8.52269977082701
"1734","shhs1",205057,"C013740",3361,0,0,9.27036276522929,"death",71,1,0,1,0,1,29.612425606,0,1,9.465648855,0,0,0,0,0,2.25,NA,73.3437693417946,0.23437693417946,149.5,3.22257053291536,8.01910119080913,0.0410053050890746,0.806975907205885,8.47198872911942,0.86723246138887,0.772254764334706,0.844139117519992,0.47790088010398,18.0620057353114,4.55551162175102,5.1621710384873
"1735","shhs1",203392,"C001833",2877,0,0,23.3839835728953,"censor",63,0,0,1,0,1,23.776863283,0,0,0.1431980907,0,0,0,0,0,2.5,30,60.1634334908836,-0.28365665091164,216,1.82170542635659,5.64703002367164,0.0749235109290763,1.22031968910364,14.0772697690694,1.51793958566277,1.24209746838685,3.86825721816342,1.26543815963884,15.3493849646376,9.32101961676103,5.83645262770162
"1736","shhs1",203450,"C015278",2872,0,1,20.0301163586585,"dementia",71,0,0,1,0,0,24.890738814,0,0,1.2371134021,0,0,0,0,0,4,22,82.1707761767234,1.11707761767234,38.5,0.885813148788927,2.66681962602207,0.121506330353657,0.853363637919219,13.2741887505746,0.988763801644023,0.759922871485365,1.30983109456434,0.469428562143617,8.91118738968438,3.6419274638,2.7516566580234
"1737","shhs1",203269,"C002991",2924,0,0,22.321697467488,"censor",59,0,0,1,0,0,35.491363043,0,1,3.1053604436,0,0,0,0,0,2.5,27,66.8973268625563,0.78973268625563,44.5,1.2780487804878,3.88951752698778,0.0766013806983575,0.619521036806566,12.6858164376247,0.768133691009715,0.635671681783138,1.98529303795729,1.87791168477394,11.078038232433,6.27752509067196,4.65037257674657
"1738","shhs1",203601,"C010419",2826,0,0,21.3990417522245,"censor",58,0,0,1,0,1,38.42056933,0,0,41.317365269,0,0,NA,0,0,3.25,30,57.7225773232078,-0.0277422676792199,357,2.98709677419355,8.03109154338053,0.0549045376573719,1.19298174023505,18.3312648703524,1.31469057573371,1.1145087665841,2.54593683083197,1.43708273728439,20.1725768933411,5.0449500379723,4.98714456973785
"1739","shhs1",205352,"C013538",3283,0,1,10.7214236824093,"dementia",73,0,0,1,0,0,30.932320715,0,0,2.5377643505,0,0,0,0,1,1.75,NA,73.9223135961632,0.0922313596163207,184.5,2.32266666666667,4.36995827756697,0.049025502237534,0.899580117962999,12.755537058546,0.935312566419407,0.827813477752839,1.99103473672905,0.871554112598252,14.1731813150931,5.80438026116374,6.09627718454661
"1740","shhs1",203020,"C010014",3745,0,0,1.62354551676934,"death",73,0,0,1,0,0,30.443839128,0,1,82.428115016,0,0,0,1,0,1,NA,72.8255519518166,-0.0174448048183393,177,1.57746478873239,5.14833659936253,0.0753043085407891,0.515936375035154,14.2785222577656,0.531021882750421,0.490178608198004,1.55360599266877,1.09805654599387,9.13146328255492,6.56127195776051,4.5119644147877
"1741","shhs1",203161,"C001932",2990,0,0,23.7973990417522,"censor",61,0,0,1,0,1,28.577960677,0,0,7.0843373494,0,0,0,1,0,2.75,29,64.9503307168603,0.395033071686029,135.5,1.51627906976744,6.44112613364488,0.0811327985877126,0.701112675071669,13.0974865094682,0.736796080199776,0.669807924158686,2.18123969613411,1.71859367592911,15.2848963530953,6.97864774716962,7.47871774484718
"1742","shhs1",205242,"C013065",3567,0,0,20.9418206707734,"censor",56,1,0,1,0,0,32.950385052,0,0,15,0,0,0,0,0,2,29,62.2290104388023,0.62290104388023,210.5,2.75291375291375,6.02621488736963,0.0983800167524435,0.817796831600889,16.6210876972733,0.912344660268678,0.783615155405481,2.98664653318474,1.09972280160872,16.3472510224426,6.32809766284191,4.48951837817092
"1743","shhs1",203858,"C013068",2817,0,0,22.3709787816564,"censor",60,0,0,1,0,0,36.144578313,0,1,19.098143236,0,0,NA,0,0,2,NA,54.5543609454815,-0.54456390545185,345,2.72222222222222,6.11790262407104,0.0992667155303923,1.1243709059162,18.2369153789672,1.19756723235629,1.06167376173213,3.71063122218256,1.42152931533078,16.1531511888425,10.9737154881207,7.48863477815181
"1744","shhs1",205415,"C006869",3255,0,0,12.6954140999316,"death",65,1,0,1,0,0,26.665472245,0,0,1.1594202899,0,0,0,0,0,3,NA,57.014110097255,-0.7985889902745,160.5,2.65254237288136,9.31551076706559,0.06432865719116,1.15406141372124,7.59039571493532,1.24726194033192,0.945783218355104,2.74570486734021,1.35792941259166,14.4367334871922,10.6652003549746,9.12014988853704
"1745","shhs1",205597,"C015146",3165,0,0,20.4709103353867,"censor",66,0,0,1,0,0,29.15451895,0,1,3.68,0,0,0,0,0,2.5,23,64.7372140794746,-0.12627859205254,322.5,2.57683215130024,6.54745414506576,0.0486414915539609,1.48669927922512,9.716752065298,1.61931871031152,1.32844933523646,1.41912332060972,1.26715048914133,20.4856567418124,6.73024815026841,6.26545339616719
"1746","shhs1",204993,"C012032",3423,0,0,6.79260780287474,"death",61,1,0,1,0,0,39.172942264,0,0,21.095541401,0,0,0,0,0,2.5,NA,52.0796776363524,-0.89203223636476,165.5,1.10169491525424,5.71039286258199,0.0282469647370871,1.72792157788224,20.5643681438747,1.81932596133138,1.58607584381212,4.35392182636715,2.05225129896054,14.0614372875018,8.7740940295852,8.44718056295277
"1747","shhs1",202984,"C012650",2994,0,0,22.3353867214237,"censor",66,1,0,1,0,1,26.762968562,0,0,7.8303425775,0,0,0,0,0,3,27,62.8600842205257,-0.31399157794743,198.5,2.06352941176471,6.4740108390937,0.0448002393172368,0.979704811182364,13.2271500777922,1.01765750813641,0.891665229349275,2.19061104313909,1.29744249161662,17.6462256735729,8.73711311101504,8.45433116894445
"1748","shhs1",203748,"C006916",2795,0,0,8.23819301848049,"death",67,0,0,1,0,1,38.146936347,1,1,9.7386519945,0,0,NA,0,0,2.5,NA,63.8190583660803,-0.31809416339197,246.5,2.32967032967033,6.59373266965156,0.0451024226273627,0.990730521563906,17.3391089665132,1.06192332257663,0.900171579821964,3.1517827318341,1.12088668935288,13.3457870169973,5.90711012817651,4.64100861337488
"1749","shhs1",205238,"C001285",3385,0,0,21.7221081451061,"censor",56,0,0,1,0,0,24.690405463,0,0,0.2992518703,0,0,0,0,0,2.5,27,64.2783057804268,0.827830578042681,209,2.15134099616858,5.33153046835515,0.116794370885392,1.03117405104826,14.9345260453131,1.06928669534223,0.965879019354461,1.95375158637069,0.968718471507386,19.8208889320082,7.60194338835424,8.01341790942575
"1750","shhs1",203394,"C009890",2961,0,1,19.3127994524298,"dementia",61,0,0,1,0,0,32.65625,0,1,6.7170953101,0,0,0,0,0,1.75,29,59.516961450769,-0.1483038549231,144,2.64,6.12479192477829,0.050189976444108,1.2013602892717,10.9180144529919,1.40978318256459,1.14514879662671,2.25943884185077,1.44850748981528,16.148911920482,8.6027934204813,6.17325665151693
"1751","shhs1",205546,"C008341",3248,0,1,15.5920602327173,"dementia",66,1,0,1,0,0,27.820069204,1,0,2.3661971831,0,1,0,0,0,2.5,NA,63.8717475726153,-0.21282524273847,267.5,2.45807770961145,6.83951236107155,0.0577254386812749,1.32713240913071,14.8457055621474,1.39841189309184,1.21535834200669,2.69705904093221,0.421952213666768,12.6007391766947,6.44235648189128,5.72489562861043
"1752","shhs1",203813,"C007037",2708,0,0,21.1444216290212,"censor",69,1,0,1,0,0,23.44250786,0,0,7.8581173261,0,0,0,0,0,3.25,NA,64.4254364112576,-0.457456358874239,78,1.49557522123894,6.6693281844734,0.0476468604896384,0.967148054806788,19.3964619053642,1.00734562064539,0.863847335713546,4.2616371431644,1.69555879112919,12.4442149890224,5.64787565829806,4.38589562718676
"1753","shhs1",203907,"C008783",2744,0,1,9.40999315537303,"dementia",58,0,0,1,0,1,25.3125,0,0,2.5498007968,0,0,0,0,0,2.5,NA,55.8668122026828,-0.21331877973172,220.5,3.20116618075802,5.95528709503778,0.0701126404989523,0.79270568592248,13.9726457620093,0.891000986835461,0.761371515353415,2.75787120839797,1.29229597385989,16.9626181130796,11.1535285464381,8.24379596977983
"1754","shhs1",205355,"C004223",3278,0,0,6.58179329226557,"death",59,1,0,1,0,0,37.728622043,1,1,21.6,0,0,0,0,0,2.5,NA,65.4314074013559,0.64314074013559,73.5,0.835866261398176,7.01342349899032,0.0289390502617987,0.67008071154896,17.9994549583158,0.685155949938903,0.636248328847145,2.32063197179136,1.25179025415501,9.86622242929127,2.3766259572689,3.03943850130785
"1755","shhs1",203888,"C008283",2752,0,0,15.1868583162218,"death",61,1,0,1,0,1,30.890387961,0,1,5.447042641,1,0,0,0,0,2.25,29,63.0576614727504,0.20576614727504,144,2.48571428571429,5.90200920656774,0.0368765573300878,0.853005226935144,14.6112067510058,0.946508442803166,0.81050280190584,2.23850589008369,0.817858493948848,16.4845262135698,6.99042253603028,4.23004369107859
"1756","shhs1",203630,"C008780",2790,0,0,22.0862422997947,"censor",63,1,0,1,0,1,32.4165929,0,0,3.5069885642,0,0,0,0,0,4.5,30,68.6615900403481,0.56615900403481,179.5,2.49530516431925,4.54702153638479,0.10460187156845,1.22256140217388,17.3102510860079,1.30477019653173,1.1272404974283,2.40617475863466,1.29498873422465,12.9414210070434,3.98494162551463,4.68666652113347
"1757","shhs1",205616,"C003768",3077,0,0,8.47638603696099,"death",65,1,0,1,0,0,26.04950807,0,1,12.887828162,0,0,0,0,1,2.25,NA,60.1161031075185,-0.48838968924815,172,1.46761133603239,4.46346131708204,0.0646558276482384,1.72131393432391,14.9463952805654,1.89979309283079,1.60648487158041,3.06367723342013,1.65344021120054,10.6988718392193,8.16853644513565,4.8334466112629
"1758","shhs1",202963,"C002257",2976,0,0,17.3716632443532,"death",63,0,0,1,0,1,22.91303307,0,0,0.8486562942,0,0,0,0,1,2.25,NA,70.4837324228855,0.74837324228855,127,2.56851311953353,5.21979965651325,0.0704324275245035,1.08104580680837,12.020667442019,1.25361101104986,0.925343416039095,1.47980235516223,0.771055271973275,16.2691252711883,4.07407143112211,2.67172647646923
"1759","shhs1",202955,"C000368",3749,0,0,13.0951403148528,"death",58,1,0,1,0,1,24.828152252,1,1,5.707491082,0,0,0,0,1,4.25,NA,63.968926881797,0.5968926881797,162,1.98514851485149,5.31813152243324,0.0448379984616766,0.489411918383809,13.3019230176044,0.513251393594978,0.46382177988204,0.794608548269677,0.747075427471868,4.0641804856345,5.8627038877689,6.55826693758544
"1760","shhs1",205409,"C015003",3270,0,1,2.98699520876112,"dementia",71,0,0,1,0,0,31.25985316,0,1,16.666666667,1,0,0,0,0,3.5,NA,66.1963160281583,-0.480368397184171,91.5,1.52525252525253,5.86114375104628,0.0494484865645867,1.0013596139917,19.9274138079173,1.04462736008181,0.915535593133654,3.17865066586096,1.51413124917209,12.8631442302441,6.05558789898878,5.51423996677009
"1761","shhs1",205411,"C009739",3281,0,1,19.8001368925394,"dementia",60,0,0,1,0,0,28.145449137,0,1,3.7315875614,0,0,0,0,0,1.75,27,63.9292603522764,0.39292603522764,255.5,3.16296296296296,5.7459086294722,0.0370028507850461,1.21536117941396,14.7083753532181,1.25929242480526,1.09143429451295,1.99487369261531,0.665076604014964,19.3513681774675,5.23786071887262,4.47429223175684
"1762","shhs1",205256,"C010067",3366,0,0,3.97262149212868,"death",67,1,0,1,0,0,24.99356573,0,0,13.799323563,0,0,0,0,0,4.25,NA,64.8831652028676,-0.21168347971324,132,1.67529880478088,5.16934717522719,0.04161015058283,1.50076700179782,12.8081225815043,1.55944388312578,1.29141175624961,2.31807597459145,1.0540225720035,10.3184313779772,6.41616198518136,3.31813972492769
"1763","shhs1",203377,"C009405",2913,0,0,22.4887063655031,"censor",58,0,0,1,0,1,28.405710886,0,0,1.4210526316,0,0,0,0,0,2.25,30,53.1466365011135,-0.48533634988865,296.5,3.4140625,6.50690151951228,0.0991652494371144,1.63082075479875,17.7020112239964,1.91073702946418,1.51106362346924,2.88258518308773,1.4768252109606,20.5443454353882,9.4207399959917,5.73031704051754
"1764","shhs1",203333,"C003776",3198,0,0,22.4558521560575,"censor",58,0,0,1,0,0,28.60102242,0,0,2.6629680999,0,0,0,0,0,3,27,56.764266869199,-0.1235733130801,187,3.35588235294118,6.06949097905631,0.0353569552018576,1.13716161176833,14.9731692584684,1.22005524911559,1.01710685771323,2.57898002431755,0.777242682681186,18.091985317012,8.81148039527699,5.50106933769136
"1765","shhs1",205257,"C010812",3292,0,0,21.9931553730322,"censor",61,1,0,1,0,1,21.234567901,0,0,0.4290822408,0,0,0,0,0,1.75,28,60.5712693275498,-0.04287306724502,235,3.48591549295775,5.09893650362444,0.0305970779669822,1.252061679667,11.2053381791396,1.32353404750587,1.10963645272113,2.04352014591998,1.37788216742736,17.9536122972236,7.79606371058759,6.75094594638055
"1766","shhs1",203379,"C009339",3158,0,0,21.637234770705,"censor",62,0,0,1,0,1,27.777777778,0,0,5.3658536585,0,0,NA,0,0,2.5,29,61.0306604251886,-0.09693395748114,191,2.28678304239402,5.98814204664535,0.043518033404908,0.960709678616958,13.5620761932987,1.1134220602981,0.913604792741587,1.96169800689456,1.31187116845302,12.666559376307,7.53335990857973,7.88697854951532
"1767","shhs1",203903,"C013530",2947,0,0,22.0205338809035,"censor",56,0,0,1,0,1,28.577960677,0,1,0,0,0,NA,0,0,3.25,28,71.9190783223366,1.59190783223366,4,0.216666666666667,4.45586955704091,0.0235843543832962,0.25676867040693,11.2182388083356,0.26256677080103,0.245160805812926,1.1404942524402,1.00310569549394,1.92158591675872,1.50240031442965,1.41502588723321
"1768","shhs1",203222,"C010285",3086,0,0,21.9329226557153,"censor",60,1,0,1,0,0,25.142584132,0,1,11.351351351,0,0,NA,0,0,3.25,27,63.4982714468303,0.34982714468303,57.5,0.983193277310924,6.4402311108304,0.0661979490697303,0.88068399993059,13.0181903567867,0.908878849541344,0.832309320654303,1.41666016810604,0.678349435036404,9.14544734066277,7.61416513118465,6.40044365923291
"1769","shhs1",205413,"C005300",3442,0,0,21.5085557837098,"censor",65,1,0,1,0,0,26.506460572,0,0,11.534195933,0,0,0,0,0,2.5,25,68.9360668742362,0.39360668742362,91.5,1.33057851239669,5.73160329141812,0.0531176761378632,1.38585620262268,16.0819083538206,1.45539757003397,1.24962809774592,2.24244246251692,0.597762625785224,12.3563232330342,3.65004832219265,4.83784700095767
"1770","shhs1",203369,"C006253",2863,0,0,22.2505133470226,"censor",61,1,0,1,0,1,24.706037786,0,0,62.7929374,0,0,0,0,0,2.5,25,68.3006470889587,0.73006470889587,162.5,1.63254593175853,6.56254711105204,0.13143752333775,0.578878015821417,14.7727088568776,0.618901968632334,0.546502090359428,2.21799412133954,1.45631062233546,12.1170911953447,5.57001849769303,5.26623099015976
"1771","shhs1",203844,"C011397",2856,0,0,21.1937029431896,"censor",54,0,0,1,0,1,22.421875,0,0,2.7397260274,0,0,0,0,0,3.5,NA,40.2368724142811,-1.37631275857189,112,3.01666666666667,13.3034003245822,0.0341250098760421,1.39198656831855,13.8975828310641,1.47832281697906,1.18969533777838,3.56325537635101,1.98058790833246,18.9390169750574,11.0159978606438,9.15612332471043
"1772","shhs1",205096,"C001979",3338,0,0,23.1813826146475,"censor",60,1,0,1,0,0,26.027216277,0,1,19,0,0,0,0,0,2,27.6,57.8277350956588,-0.21722649043412,227,3.30515463917526,6.25659665111326,0.0663236762951006,1.21439869178588,19.0134892245685,1.34587160731767,1.08890073189446,2.86741798845347,1.92295577308876,16.0869301119435,5.88923648540427,4.83654767786731
"1773","shhs1",205037,"C006260",3360,0,1,8.13141683778234,"dementia",68,1,0,1,0,1,30.259503974,0,1,17.316017316,1,0,0,0,0,2,NA,74.4325894267872,0.64325894267872,40,1.20205479452055,5.78881296177597,0.101966147811831,1.02715243187521,6.61639103471934,1.066053864689,0.949525148812209,1.05160229418446,0.393755323693772,11.114714325501,6.9677423390685,4.85419459890763
"1774","shhs1",203151,"C003783",3024,0,0,12.4572210814511,"death",66,0,0,1,0,1,37.565875411,1,1,9.0476190476,0,0,0,0,0,4.25,NA,66.683954513704,0.0683954513703995,112.5,1.41304347826087,6.8315545311794,0.0879473564959404,0.789948407295002,17.1519694996441,0.841405538310205,0.713533117725367,2.49449814644482,1.9512236094766,10.6007714544248,4.64557327503653,4.09655387926963
"1775","shhs1",205524,"C007199",3180,0,0,20.8268309377139,"censor",57,0,0,1,0,1,25.717314729,0,0,2.049934297,0,0,0,0,0,2.5,29,44.4210956516788,-1.25789043483212,301,3.05591397849462,6.6448884864199,0.0325747481883712,1.74728884950644,20.3498914294704,1.96002308501824,1.65241527875519,4.50943342037336,2.31908281755693,16.281566717386,10.1253143696211,8.62217665100026
"1776","shhs1",203955,"C006499",2705,0,0,21.4264202600958,"censor",59,0,0,1,0,1,27.019351698,0,1,1.6125419933,0,0,0,0,0,1.75,29,54.9101971202813,-0.40898028797187,175.5,2.68724279835391,8.11188805026996,0.0309147551986987,1.03807066798981,10.4372604853431,1.09185168596414,0.923105168083973,2.15615432345739,1.20844754219009,19.3114647219831,10.632956908751,10.3960618123113
"1777","shhs1",203248,"C014392",2977,0,0,0.377823408624229,"death",70,0,0,1,0,0,21.400226757,1,0,24.448598131,0,0,NA,0,1,1,NA,72.3351836308239,0.233518363082391,12.5,0.73015873015873,6.16982901476635,0.0134311926285478,0.299757750420821,11.7498256680738,0.306244280760863,0.29064523387914,1.19679279667098,0.977461922401686,6.98391501897091,5.00833650596991,3.24689007517165
"1778","shhs1",205485,"C000288",3293,0,0,21.9466119096509,"censor",59,0,0,1,0,0,29.427679501,0,0,2.6823529412,0,0,0,0,0,2.75,27,57.7817793010222,-0.12182206989778,223.5,3.10628019323672,8.48622443305784,0.040490502004074,1.4130152178419,13.0781413054607,1.49916243434314,1.20080628165212,2.45923350674139,1.09736577970633,17.5398980945468,5.81699372028928,5.70199648213616
"1779","shhs1",203739,"C008902",3106,0,0,14.0479123887748,"death",72,1,0,1,0,0,27.352264923,0,0,16.509240246,0,0,NA,0,0,3.5,NA,69.015951365782,-0.2984048634218,60.5,1.14685314685315,4.33611343791549,0.0632278260532018,1.27287375162264,14.8388310814458,1.35454103595385,1.1524081154019,2.29663246453597,0.838409969076476,10.0429118392623,7.86633315184212,6.99296686558761
"1780","shhs1",205635,"C011748",3099,0,0,17.5414099931554,"death",63,0,0,1,0,0,24.572649573,0,1,2.0744680851,0,0,1,1,0,1.75,27,79.0021942068772,1.60021942068772,79.5,1.66013071895425,4.89266750721361,0.108010774097063,0.53231995155673,8.84246108256875,0.580039560448561,0.476296871584262,0.81816912908944,0.492618923727021,15.1241572444392,3.59651745689028,2.44842411156755
"1781","shhs1",203238,"C005920",3596,0,0,21.0814510609172,"censor",62,0,0,1,0,0,28.756957328,0,0,1.9081272085,0,0,NA,0,0,1.25,29,53.730357352471,-0.8269642647529,176,3.7165991902834,7.59281237352201,0.0405162688806484,1.23510353515999,10.6373762859457,1.34969689150226,1.14522028256214,1.79033618098683,0.949056577961328,29.7206321839678,11.2394788935942,7.25476260098459
"1782","shhs1",205189,"C003691",3555,0,0,21.1416837782341,"censor",61,0,0,1,0,0,34.214360042,0,0,19.692307692,0,0,0,0,0,1.5,27,56.4272804343167,-0.45727195656833,135.5,1.36052631578947,6.9486570564573,0.0470811230012164,1.27722152172455,19.8391934785364,1.36355468736847,1.15801587122983,3.03864947005398,1.62087197080157,11.0684608971768,6.70631351422957,5.23464281894143
"1783","shhs1",205052,"C009106",3234,0,0,12.7008898015058,"death",56,0,0,1,0,0,26.159334126,0,1,5.317577548,0,0,0,0,1,1,NA,64.3359414854318,0.83359414854318,391.5,2.15929203539823,6.5076676016801,NA,NA,11.4029706143776,NA,NA,1.60249697300236,NA,14.5663768619131,4.96228136560446,NA
"1784","shhs1",203808,"C015600",2805,0,1,5.68651608487337,"dementia",71,1,0,1,0,1,29.042386185,0,1,15.74025974,0,0,0,0,0,3.75,NA,68.3998294031089,-0.26001705968911,192.5,2.43763213530655,6.25318313278801,0.0654672390585415,NA,16.469398634855,NA,NA,2.41441786754127,NA,19.1074167053657,7.07896640550587,NA
"1785","shhs1",205804,"C009808",2882,0,0,20.2436687200548,"censor",54,1,0,1,0,0,33.934558909,0,1,29.075630252,0,0,0,0,0,1.5,29,54.6587935519083,0.0658793551908303,324.5,3.04338394793926,8.65016635314247,0.0770494313544298,1.07031022032722,17.0987400522985,1.32431995437558,1.10699527741961,3.16053320100239,0.584079897155094,21.2582642035356,7.89450832983796,4.2139342708501
"1786","shhs1",203381,"C015173",2870,0,1,20.7173169062286,"dementia",64,0,0,1,0,0,20.975468138,0,1,0.3022670025,0,0,0,0,0,2.5,28,57.3417562150783,-0.66582437849217,182.5,1.99007444168734,6.01895817108885,0.0724718563367669,1.27121750835569,18.3476597553659,1.44489846787278,1.16385540043183,4.64421003012998,1.78078159008185,15.5029201311341,9.0885037352705,5.8403218171221
"1787","shhs1",205391,"C000568",3213,0,0,22.17659137577,"censor",63,1,0,1,0,0,36.092458678,0,0,2.0022246941,0,0,0,0,0,1.5,27,71.1341762802122,0.81341762802122,121,2.0554528650647,4.27204265126045,0.101668082954392,0.741997204845557,14.6598293021769,0.795777747596939,0.687594840024835,1.76091829253146,1.04827651993285,13.3740703396806,5.44834240495181,3.31616817026626
"1788","shhs1",202957,"C002976",2961,0,0,22.1026694045175,"censor",57,1,0,1,0,0,28.279257669,0,0,1.3753581662,0,0,0,0,1,2,28,54.4540510695084,-0.25459489304916,232,3.29292929292929,11.1060200846029,0.0749685080682747,1.11654347926344,13.5231780807485,1.16460672373406,1.02723489531806,1.58042453939634,0.796436569707749,18.2422499122498,7.79253298950017,6.90994809911091
"1789","shhs1",205665,"C012048",3025,0,1,16,"dementia",70,1,0,1,0,1,27.559183673,0,1,5.3363740023,0,0,0,0,0,3.25,27,72.3977347605585,0.239773476055851,223.5,1.75772357723577,3.64760171981164,0.0656811617984568,0.983766806815863,13.7910532981525,1.0527075009434,0.916160413586688,1.79701786433321,1.18410186129508,8.99893375494766,5.04043654802107,4.60905051004347
"1790","shhs1",205007,"C012243",3470,0,1,15.482546201232,"dementia",71,0,0,1,0,0,33.048907388,0,1,3.071297989,0,0,0,0,0,2.5,19,76.2895176574857,0.52895176574857,121,2.38535031847134,4.45315904890161,0.036134034292782,0.608244458105455,10.7136478000659,0.673022540629247,0.568018608351138,1.02914052574146,0.552097003907815,12.5588647536426,4.46677517200557,2.31572366756815
"1791","shhs1",205724,"C009119",2989,0,1,13.5989048596851,"dementia",70,0,0,1,0,0,30.530900723,0,1,6.9787234043,0,0,0,0,0,2,12,76.1563572585841,0.615635725858409,137,1.83132530120482,4.15566457685585,0.0793521974853206,0.62058387367819,15.7907765431689,0.651321501952066,0.560197449995671,1.80975229643338,0.921077687735424,11.3122067510796,3.82333639608064,2.8554278947864
"1792","shhs1",203125,"C010482",3051,0,0,22.8446269678303,"censor",60,1,0,1,0,1,29.737044338,0,0,1.0084033613,0,0,NA,0,0,4.25,30,57.317508635806,-0.2682491364194,132,2.06862745098039,9.2179793821473,0.053589103030855,0.995756167490629,12.4538333897454,1.03473964414131,0.916360070683896,2.07020277235418,1.03575916293449,11.4898449592725,7.91755378759214,6.66642182484251
"1793","shhs1",205369,"C009466",3306,0,0,20.6324435318275,"death",59,1,0,1,0,1,35.018929151,0,1,25.741935484,0,0,0,0,0,3.25,NA,51.6802108742925,-0.73197891257075,101.5,2.41968911917098,8.03075487859288,0.0271263330062244,1.25153769320439,16.4734709258773,1.34854652728641,1.15675298440707,5.0866531036995,1.51505102945108,14.17563842466,8.90778532242535,5.01472454843105
"1794","shhs1",203874,"C001570",2757,0,0,21.7960301163587,"censor",64,0,0,1,0,0,25.682060661,0,0,5.0872817955,0,0,0,0,0,2.25,30,70.4562846116082,0.64562846116082,127.5,2.45084745762712,5.20132822179224,0.0689165191484091,0.595381982202781,12.6256923121082,0.691479029085378,0.545438181944394,1.89069300989339,1.07167044150826,13.0421874010654,4.97196187043459,3.55889636516549
"1795","shhs1",205740,"C000950",2987,0,0,21.6728268309377,"censor",72,0,0,1,0,0,28.108268888,0,0,3.8479809976,1,0,0,0,0,4,30,73.5536096873875,0.155360968738751,282,2.74222222222222,4.54199914145975,0.0367865581496596,0.69801837319238,15.2252611297257,0.775119362894166,0.651265787923309,1.20676142038653,0.48200809031455,8.84256552061419,3.80779518407361,4.02863726704207
"1796","shhs1",203713,"C008895",2749,0,0,21.5660506502396,"censor",63,1,0,1,0,1,26.965450517,0,0,4.2953020134,0,0,0,0,0,1.75,30,49.8863642924324,-1.31136357075676,233,1.51707317073171,7.52481737394635,0.0294514162020612,1.45298238963565,23.2792545065971,1.53411392708398,1.30209854653975,4.64861766702488,2.99370910238943,13.8101590219452,7.43274558449621,7.38794917112874
"1797","shhs1",205434,"C012030",3232,0,0,17.9548254620123,"death",62,1,0,1,0,0,31.441077216,0,1,11.534569983,0,0,0,1,1,1.5,NA,69.3274918929609,0.732749189296089,156,2.60691823899371,4.43815503421765,0.0591864754163449,1.02762677838551,11.9982237367237,1.07526800543589,0.966798345688586,1.47523309731449,0.547186640424472,19.0615875469092,6.39444039396795,6.26319745432247
"1798","shhs1",205458,"C008912",3296,0,0,21.927446954141,"censor",58,0,0,1,0,0,30.863035869,0,1,14.637514384,0,0,0,0,1,1.75,29,56.6518447722017,-0.13481552277983,156.5,2.6969696969697,7.83653066747172,0.0525447326657965,0.952281919949336,16.1625051327414,1.0995275918092,0.900596375252693,2.48441027533662,1.52200529645993,19.4971442324757,7.65228534629132,5.4473252028223
"1799","shhs1",203286,"C013270",2966,0,0,22.0533880903491,"censor",54,0,0,1,0,1,23.286948761,0,0,1.8575851393,0,0,0,0,0,4,30,54.4625941715807,0.0462594171580697,348.5,3.774,8.08958219446654,0.0288685710362107,1.14119686432571,13.5881452382725,1.20212535211023,1.01826781591271,2.24755248581929,1.05016204353917,20.5279834443741,6.8947034844614,6.7663100953966
"1800","shhs1",205737,"C003056",2996,0,0,5.81245722108145,"death",69,0,0,1,0,0,32.820804089,0,1,10.979381443,0,0,0,0,0,2,NA,67.4950764938802,-0.150492350611979,108.5,1.42896935933148,5.07456788742786,0.0394433151515929,1.32261524949839,12.8535883151595,1.40357157273794,1.08995473950945,2.24604344427239,0.839257311930813,9.89048891852153,6.10512261516626,2.51036347509417
"1801","shhs1",203202,"C008778",2953,0,0,22.4832306639288,"censor",54,0,0,1,0,1,49.426622151,0,1,4.958677686,0,0,0,0,0,1.5,29,54.0028581834418,0.0002858183441802,172.5,2.44088669950739,15.753128771935,0.092317176692649,0.75607644326413,14.3334227351035,0.824213645721875,0.698845124328439,2.27814743721842,0.884687698255386,14.7237977220832,10.5952901893972,3.61689431552411
"1802","shhs1",203547,"C012117",2820,0,0,22.4969199178645,"censor",58,1,0,1,0,1,24.102079395,0,0,0.2955665025,0,0,0,0,1,3.25,29,66.2421757759078,0.82421757759078,111.5,1.75779376498801,5.43831170811979,0.0731973085511995,0.921344665870926,12.516398699568,0.963464620156522,0.856522130230961,1.22293013506867,0.688279529260279,9.35698674179139,5.44844165294075,5.95003372531338
"1803","shhs1",203425,"C004367",3318,0,0,20.517453798768,"censor",64,0,0,1,0,1,34.770068899,0,0,12.639791938,0,0,0,0,0,2.5,28,54.4976422779316,-0.95023577220684,210,2.80049261083744,8.22211651302394,0.0352593000080463,1.52132478122502,16.8173881000975,1.68442538009475,1.37768679490073,3.46690486668895,1.69754627815095,30.0347489294241,10.1048913111921,8.42914374761092
"1804","shhs1",205232,"C007982",3326,0,0,21.7850787132101,"censor",72,1,0,1,0,0,25.123090519,0,0,4.175257732,0,0,0,0,0,4,NA,65.9867776459207,-0.60132223540793,313.5,3.3,4.86560586067268,0.0676769910462084,1.65589543776274,14.2695397753211,1.8208713754249,1.48113797599117,2.72313109865975,1.40609823926079,15.4014295844765,6.5254433754464,5.39906207185244
"1805","shhs1",205117,"C007464",3331,0,0,20.1642710472279,"death",64,0,0,1,0,0,32.03125,1,1,19.395203337,0,0,0,0,0,2,28.8,62.2495331850592,-0.17504668149408,123.5,1.51246537396122,6.76897006728196,0.0572591176247991,1.31644624090727,14.7963879639927,1.38733219304989,1.19088368824945,2.87440383095175,1.18609399824213,14.9787133049287,7.21442757812735,7.03634070344315
"1806","shhs1",203072,"C009067",3744,0,1,10.9623545516769,"dementia",72,1,0,1,0,1,30.137993251,1,0,18.328530259,NA,0,0,0,0,3.5,NA,73.4643030587387,0.146430305873869,101,1.48991354466859,4.85420432551057,0.0469741484847857,0.978939359793587,15.7868112790587,1.02287651950578,0.922456819800235,2.40392688639025,0.632299006367982,15.1656890272518,5.36374822800381,5.54145694142525
"1807","shhs1",205314,"C010710",3331,0,1,13.2457221081451,"dementia",56,0,0,1,0,0,37.637848621,0,1,4.6320868516,0,0,0,0,0,1.5,NA,50.2354570750666,-0.57645429249334,205.5,2.82804232804233,11.0729964600709,0.0444683407072634,1.12165697405107,11.4808811627239,1.25429753336305,1.05168584079562,1.70385171373429,1.31893756101556,13.8009782861813,8.4488824757911,5.32010195674319
"1808","shhs1",203865,"C006837",2832,0,0,21.1444216290212,"censor",62,0,0,1,0,0,26.53375883,0,0,7.4308300395,0,0,0,0,0,1.5,28,55.5029549070954,-0.64970450929046,215,2.59663865546218,8.60341452984535,0.0432463170704097,1.25822300289173,15.3636279511632,1.50933765362218,1.1141853092689,2.9878870918991,0.826894726461954,17.1978671584782,8.53820430483743,7.37440960962426
"1809","shhs1",205283,"C012297",3479,0,0,17.7686516084873,"death",67,1,0,1,0,1,24.364437073,1,0,3.5865504359,0,0,0,0,0,4.25,28,66.3862079915666,-0.0613792008433407,248,2.87872763419483,4.76045952113177,0.0579750985749448,1.41774826364638,14.8240521766719,1.47266017770494,1.29822995652399,2.16221348071166,0.640267659807877,13.2402222739651,6.22182074795421,4.95846520318586
"1810","shhs1",205457,"C007926",3483,0,0,21.2347707049966,"censor",56,1,0,1,0,1,40.295943982,0,0,15.362731152,0,0,0,0,0,1.5,28,52.2238908810235,-0.37761091189765,241.5,3.6280487804878,7.19979741229794,0.0638280511875044,1.16746927957038,17.2753456741174,1.25278909068097,1.04575765823498,3.41829552350286,1.2805290461515,20.0984124110064,9.68921395012912,6.40126125532852
"1811","shhs1",205579,"C005765",3199,0,1,19.7180013689254,"dementia",67,0,0,1,0,0,40.494862088,0,0,6.525198939,0,0,0,0,0,2.25,30,62.2964205866739,-0.47035794133261,293.5,2.55240174672489,4.94642104863186,0.0464860309796088,1.32611883827167,15.4120088654744,1.39422298072895,1.20570492708544,2.29518178059795,0.894369932046376,15.3376974383244,8.55622193293467,5.13757289452174
"1812","shhs1",203875,"C002034",2757,0,1,21.7960301163587,"dementia",67,1,0,1,0,0,27.053202479,0,0,4.9635036496,0,0,0,0,0,2.75,29,75.3019585907948,0.83019585907948,75.5,1.1441717791411,3.93661981744366,0.0705289447999897,0.767412995765322,10.279409790574,0.833859101973672,0.714867409282455,1.7186736028802,0.780708042581857,9.81356132499217,5.0311599917126,3.43111552601303
"1813","shhs1",203532,"C010983",3297,0,1,14.0479123887748,"dementia",67,0,0,1,0,1,24.1617357,0,0,6.7796610169,0,0,0,0,0,1.25,27,68.8759976079259,0.18759976079259,107,1.534375,6.63310297646696,0.0682594052306404,1.02728471010924,20.2983083100609,1.07020763052141,0.911671950294948,2.42492099831756,0.983073024016691,15.821084031143,3.62347705760595,2.51429683454812
"1814","shhs1",203565,"C002558",2889,0,0,22.2505133470226,"censor",58,0,0,1,0,1,25.605536332,0,0,0.7471980075,0,0,0,0,0,4,29,49.1160298406104,-0.88839701593896,151.5,2.26007326007326,8.17984838119005,0.0379177465160823,1.71050520835175,17.3717432353145,1.79821031460503,1.49858753774044,5.17013224431161,1.38933737520013,20.2563611740199,10.2301207993191,7.41263805586658
"1815","shhs1",205538,"C010467",3121,0,0,22.4476386036961,"censor",62,0,0,1,0,0,39.336704343,0,1,17.186700767,0,0,0,0,0,2,29,55.2696428389631,-0.67303571610369,119,1.60836501901141,6.09471791926147,0.0393292052178554,1.2471320823032,15.2311349323891,1.33488186246766,1.11631546412881,3.56432105503236,2.40176879656375,12.8099376456239,8.97115473875396,7.391288916303
"1816","shhs1",203649,"C001408",2751,0,0,5.37987679671458,"death",56,0,0,1,0,0,25.17013782,0,0,0.8933002481,0,0,0,0,0,2,NA,61.9011078154508,0.59011078154508,228.5,2.24586288416076,5.9395628957159,0.102840315914229,0.906886488034319,13.7171231879405,0.986346396947857,0.849090156084484,2.33198875210246,0.953897043745741,16.7936384884986,8.10092993916744,6.09264429928361
"1817","shhs1",203567,"C011688",2867,0,0,11.9397672826831,"death",56,0,0,1,0,1,30.927456382,0,0,7.6165803109,0,0,NA,0,0,2,NA,62.1955388373244,0.61955388373244,363,2.27146814404432,3.55060917536469,NA,NA,9.52628445333211,NA,NA,1.33959814136991,NA,11.0713842989888,8.27784706342281,NA
"1818","shhs1",205073,"C013013",3340,0,0,22.861054072553,"censor",65,1,0,1,0,0,22.688281223,0,0,6.1194029851,0,0,0,0,0,3,26,55.0334606367212,-0.99665393632788,277.5,2.45528455284553,7.00990960192336,0.0425000198287613,1.98424617686413,18.3923134533276,2.18282752653172,1.73711985059093,3.26593606602438,1.54093593309205,16.7222654425815,7.11439291897513,5.89428412578073
"1819","shhs1",205636,"C003753",3074,0,1,11.6769336071184,"dementia",70,0,0,1,0,0,34.967860422,0,1,5.6304985337,0,0,0,0,0,1.75,NA,68.9957748016956,-0.10042251983044,53,2.07547169811321,5.19216474597367,0.051377306281547,1.12324060704404,9.70903806135601,1.24254717637929,0.999422876914869,1.68590323885313,0.711776668398171,11.9605577108123,7.83514150383035,5.28153791742094
"1820","shhs1",205278,"C004373",3256,0,0,23.0171115674196,"censor",64,0,0,1,0,0,38.666995398,0,1,33.03030303,0,0,0,0,0,1.75,29,66.3053230642377,0.23053230642377,234.5,2.1673640167364,7.87937654632611,0.0915269374841163,0.90226415205685,17.9431168077647,0.958241616007091,0.808264240247704,2.40678388815811,0.752899806802689,14.4557041855617,4.44281771108348,2.97628426201069
"1821","shhs1",203519,"C012967",2810,0,1,9.89459274469541,"dementia",70,0,0,1,0,0,34.17489,1,0,13.23782235,0,0,0,0,0,3.5,NA,77.143107370581,0.714310737058101,123,1.87179487179487,3.4883141531623,0.0833924803495832,0.748291146198463,14.7500702171335,0.799007129972434,0.697598119092416,1.9513731380276,0.737766081374016,10.4884515629882,3.93116885394292,2.58912293330759
"1822","shhs1",203063,"C005258",3559,0,0,22.0396988364134,"censor",61,1,0,1,0,0,21.366869143,0,0,1.6506189821,0,0,0,0,0,3.75,30,61.6276035842995,0.06276035842995,185.5,2.26444444444444,5.48871280513957,0.0418114070067204,0.935728314651908,7.7666843767904,1.01257937960501,0.881625265424637,1.30058710069872,0.519294294947628,11.700467076527,10.2455233608868,7.78734062122193
"1823","shhs1",205006,"C010362",3455,0,0,19.3648186173854,"death",73,1,0,1,0,0,27.621671258,0,0,9.628742515,0,0,0,0,0,1.25,30,76.2266627726222,0.322666277262221,114,1.426614481409,3.59586500160893,0.0604171527499806,0.996688578645988,11.1491575506295,1.08623969867633,0.955538289043295,1.14663728646573,1.16542747931801,8.39155413021276,4.57929890016779,3.65027867491317
"1824","shhs1",205505,"C012420",3234,0,0,7.96714579055442,"death",70,1,0,1,0,1,28.155300418,0,1,8.6498855835,1,1,0,0,0,3,NA,75.4601391077501,0.54601391077501,162.5,1.82328482328482,3.9678264271954,0.0653795481026796,0.985705321916543,16.3732666374258,1.0428251983487,0.936852160228033,2.08299287025077,0.654985432678237,18.560391625792,4.53281241638146,4.17370176066945
