id,prevalent_dementia,inc_dementia,BAI,age,educcollege,BMI,race_Black,race_Asian,race_Other,race_NonWhite,sleepmed,pascore,diabetes,hypertension,heartattack,stroke,depression,tms,AHI,APOE4Count,event,time2event
bi0001,0.0,0,-3.0105782269041,71.0,1.0,28.284402567909865,0,0,0,0,0.0,118.46428571428572,0.0,1.0,1.0,0.0,1.0,89.0,28.19277108433735,1.0,death,9.61917808219178
bi0002,0.0,0,-6.8519265498044,71.0,1.0,32.48592498152322,0,0,0,0,1.0,94.57142857142856,0.0,1.0,1.0,0.0,0.0,97.0,3.825503355704698,1.0,censor,10.282191780821918
bi0003,0.0,0,-4.5148215938104,75.0,1.0,26.590930370462846,0,0,0,0,0.0,161.85714285714286,0.0,0.0,1.0,0.0,0.0,93.0,3.9658848614072495,1.0,death,10.164383561643836
bi0004,0.0,0,5.7715855957748,69.0,1.0,29.064272211720223,0,0,0,0,1.0,138.46428571428572,1.0,0.0,0.0,0.0,0.0,95.0,3.96039603960396,0.0,censor,9.978082191780821
bi0007,0.0,0,1.1149170929455,73.0,0.0,20.48387236704888,0,0,0,0,1.0,124.57142857142856,1.0,0.0,0.0,0.0,0.0,90.0,4.008908685968819,0.0,death,7.7972602739726025
bi0008,0.0,0,-4.62525487787801,69.0,1.0,28.951937351764943,0,0,0,0,0.0,93.5,0.0,0.0,0.0,0.0,0.0,95.0,5.654450261780105,0.0,censor,10.706849315068494
bi0010,0.0,0,-8.5770113363792,76.0,1.0,24.767527489806128,0,0,0,0,0.0,172.35714285714286,0.0,0.0,0.0,0.0,0.0,85.0,10.082644628099173,0.0,censor,10.375342465753425
bi0013,0.0,0,-15.2398416536714,70.0,0.0,25.148904201209128,0,0,0,0,1.0,93.39285714285714,0.0,1.0,0.0,0.0,0.0,92.0,6.104218362282879,0.0,censor,10.243835616438357
bi0014,0.0,0,-5.5015269318361,77.0,1.0,24.77589765188402,0,0,0,0,0.0,201.2142857142857,0.0,0.0,0.0,0.0,0.0,91.0,3.6627906976744176,1.0,censor,10.213698630136987
bi0015,0.0,0,-0.896543325756795,72.0,1.0,26.80451626389607,0,0,0,0,0.0,95.0,0.0,1.0,0.0,0.0,0.0,99.0,0.6857142857142857,0.0,death,8.438356164383562
bi0018,0.0,0,-2.4471812069915,79.0,1.0,26.913769584530343,0,0,0,0,0.0,173.14285714285714,0.0,0.0,0.0,0.0,0.0,99.0,4.137931034482759,0.0,censor,9.876712328767123
bi0023,0.0,0,-3.80239557833769,72.0,1.0,29.188003426549983,0,0,0,0,0.0,72.57142857142857,1.0,1.0,0.0,0.0,0.0,98.0,6.434316353887399,0.0,censor,11.583561643835617
bi0024,0.0,0,-13.0502217941858,71.0,1.0,35.17157386159937,0,0,0,0,0.0,97.96428571428572,0.0,0.0,0.0,0.0,0.0,100.0,23.23699421965318,0.0,censor,10.33972602739726
bi0025,0.0,1,-3.5869606523629,71.0,1.0,23.605534458690737,0,0,0,0,0.0,82.14285714285714,0.0,1.0,0.0,0.0,0.0,88.0,18.53546910755149,1.0,dementia,1.1424657534246576
bi0028,0.0,0,-2.71603965495559,72.0,1.0,28.83893248666945,0,0,0,0,0.0,274.32142857142856,0.0,0.0,0.0,0.0,0.0,95.0,2.962962962962963,0.0,censor,10.542465753424658
bi0029,0.0,0,-11.1572265671073,72.0,1.0,27.026744574910825,0,0,0,0,0.0,288.67857142857144,0.0,0.0,0.0,0.0,0.0,98.0,11.176470588235292,0.0,censor,10.468493150684932
bi0036,0.0,0,-0.213734632576006,69.0,1.0,31.832525312703645,0,0,0,0,0.0,155.75,0.0,1.0,0.0,0.0,0.0,92.0,0.5187319884726225,0.0,censor,10.835616438356164
bi0037,0.0,1,-8.0491919756499,85.0,1.0,26.26703269699087,0,0,0,0,1.0,101.0,0.0,1.0,1.0,1.0,1.0,91.0,25.897435897435894,0.0,dementia,3.186301369863014
bi0039,0.0,0,2.3202466381338,71.0,1.0,31.904905818327908,0,0,0,0,0.0,212.7142857142857,0.0,1.0,1.0,0.0,0.0,97.0,10.434782608695652,0.0,death,9.219178082191782
bi0040,1.0,0,-3.7190483770692,74.0,0.0,24.342518784384364,0,0,0,0,1.0,117.46428571428572,0.0,1.0,1.0,0.0,0.0,94.0,6.3,1.0,dementia,0.0
bi0041,0.0,0,-10.6939767290758,70.0,1.0,24.822520386409533,0,0,0,0,0.0,83.85714285714286,0.0,0.0,0.0,0.0,0.0,96.0,5.533980582524272,1.0,censor,10.506849315068493
bi0043,0.0,0,-3.86454700018869,72.0,1.0,37.31667157646663,0,0,0,0,0.0,92.42857142857144,0.0,1.0,0.0,0.0,0.0,99.0,2.363013698630137,1.0,censor,9.8
bi0044,0.0,0,-11.4568176683702,78.0,1.0,25.16101160350372,0,0,0,0,1.0,255.8571428571429,1.0,1.0,1.0,0.0,0.0,89.0,8.395061728395062,0.0,death,10.128767123287671
bi0045,0.0,0,-12.5943388351727,74.0,1.0,23.865559289624485,0,0,0,0,0.0,89.0,0.0,0.0,0.0,0.0,0.0,93.0,26.4,0.0,censor,10.41095890410959
bi0046,0.0,0,-3.0546045470299,69.0,1.0,27.410690287616877,0,0,0,0,0.0,185.07142857142856,0.0,0.0,0.0,0.0,0.0,97.0,0.5389221556886228,0.0,censor,10.438356164383562
bi0048,0.0,0,-4.8049624283384,77.0,1.0,32.14821244457304,0,0,0,0,0.0,176.71428571428572,0.0,0.0,0.0,0.0,1.0,96.0,6.355140186915888,0.0,death,9.564383561643835
bi0049,0.0,0,-1.2094627963106,76.0,1.0,24.25361716425253,0,0,0,0,1.0,50.82142857142857,0.0,0.0,0.0,0.0,0.0,99.0,13.22505800464037,0.0,death,7.673972602739726
bi0050,0.0,0,-9.882708260288,72.0,1.0,25.4603802186441,0,0,0,0,0.0,206.28571428571428,0.0,1.0,0.0,0.0,0.0,94.0,1.2396694214876034,0.0,censor,9.797260273972602
bi0052,0.0,0,-5.0939592322857,79.0,1.0,28.43815919605514,0,0,0,0,0.0,202.5,0.0,0.0,0.0,0.0,0.0,99.0,1.2244897959183674,0.0,censor,10.106849315068493
bi0054,0.0,0,-0.436030875534797,83.0,1.0,24.247446124620076,0,0,0,0,0.0,112.5,0.0,1.0,0.0,0.0,0.0,98.0,10.21671826625387,1.0,censor,10.35890410958904
bi0055,0.0,1,-2.1379763594561,77.0,1.0,25.13629398393573,0,0,0,0,0.0,317.57142857142856,0.0,1.0,1.0,0.0,0.0,98.0,30.34090909090909,0.0,dementia,10.372602739726027
bi0060,0.0,0,-4.83115265812531,73.0,1.0,28.439070965532515,0,0,0,0,0.0,123.89285714285714,0.0,1.0,0.0,0.0,0.0,94.0,3.120567375886525,0.0,censor,9.602739726027398
bi0063,1.0,0,-2.1639373019116,70.0,1.0,24.244368024156515,0,0,0,0,0.0,343.0,0.0,1.0,0.0,0.0,0.0,60.0,0.594059405940594,0.0,death,7.331506849315068
bi0064,0.0,0,-3.99111326602539,73.0,1.0,26.82358300944423,0,0,0,0,0.0,303.2142857142857,0.0,0.0,0.0,0.0,0.0,94.0,10.114942528735632,0.0,censor,10.273972602739725
bi0065,0.0,0,-2.7325027775068,78.0,1.0,37.20822795509628,0,0,0,0,0.0,102.89285714285714,0.0,1.0,0.0,0.0,0.0,94.0,26.233766233766232,0.0,death,4.567123287671233
bi0066,0.0,0,-4.82040954011769,81.0,1.0,26.47836625538164,0,0,0,0,1.0,236.7142857142857,0.0,0.0,0.0,1.0,0.0,95.0,10.382022471910112,1.0,censor,10.638356164383561
bi0068,0.0,1,-4.66633197297981,71.0,1.0,24.810792761368067,0,0,0,0,0.0,373.7142857142857,1.0,0.0,0.0,0.0,0.0,98.0,0.1342281879194631,0.0,dementia,2.9808219178082194
bi0070,0.0,1,-3.6507439365534,77.0,0.0,29.760713939686934,0,0,0,0,0.0,256.7142857142857,0.0,1.0,0.0,0.0,0.0,94.0,13.780918727915196,1.0,dementia,0.8493150684931506
bi0073,0.0,0,-7.2903281596944,72.0,1.0,33.92405267959975,0,0,0,0,0.0,124.57142857142856,0.0,0.0,0.0,0.0,0.0,92.0,43.7883008356546,1.0,death,6.50958904109589
bi0075,0.0,0,-5.9537239264898,87.0,1.0,29.19411313642705,0,0,0,0,1.0,184.28571428571428,0.0,0.0,0.0,0.0,0.0,94.0,8.571428571428571,1.0,death,8.317808219178081
bi0077,0.0,0,-7.7496420610703,82.0,1.0,25.525995862067628,0,0,0,0,0.0,166.0,0.0,0.0,0.0,0.0,0.0,91.0,9.722814498933902,0.0,censor,10.473972602739726
bi0080,0.0,1,2.7696483916569,71.0,1.0,30.347740943865528,0,0,0,0,1.0,30.0,0.0,1.0,0.0,0.0,1.0,97.0,0.0,0.0,dementia,7.383561643835616
bi0084,1.0,0,-0.396344754239706,76.0,1.0,32.34238683127572,0,0,0,0,0.0,111.0,0.0,1.0,0.0,0.0,0.0,97.0,26.775244299674267,,dementia,0.0
bi0085,0.0,0,-7.1827694860585,71.0,1.0,23.86399956024409,0,0,0,0,0.0,139.21428571428572,0.0,0.0,0.0,0.0,0.0,93.0,16.022727272727273,0.0,death,9.383561643835616
bi0092,0.0,0,1.59274366696521,74.0,1.0,32.83594993093994,0,0,0,0,0.0,70.75,0.0,1.0,0.0,0.0,0.0,94.0,54.72868217054263,1.0,censor,12.038356164383561
bi0094,0.0,0,-1.0048263167639,71.0,1.0,22.36164931506447,0,0,0,0,0.0,144.0,0.0,0.0,0.0,0.0,0.0,94.0,2.6341463414634148,0.0,censor,9.898630136986302
bi0098,0.0,0,-9.0289453035348,71.0,0.0,26.954934187400163,0,0,0,0,0.0,142.57142857142856,0.0,0.0,0.0,0.0,0.0,89.0,10.53864168618267,0.0,censor,10.01095890410959
bi0099,0.0,0,-11.6697306806782,73.0,1.0,25.21157705608856,0,0,0,0,0.0,143.5,0.0,0.0,0.0,0.0,0.0,86.0,1.3043478260869563,0.0,censor,10.378082191780821
bi0100,0.0,0,-9.2625620196725,74.0,0.0,27.45355284949253,0,0,0,0,0.0,150.28571428571428,0.0,0.0,1.0,0.0,0.0,99.0,12.352941176470589,0.0,censor,10.41095890410959
bi0101,0.0,0,-1.1920977337478,73.0,1.0,26.96860723474104,0,0,0,0,0.0,169.5,0.0,1.0,0.0,0.0,0.0,96.0,9.657534246575343,0.0,censor,10.758904109589041
bi0102,0.0,1,-6.3260038410895,76.0,1.0,27.4299201673068,0,0,0,0,0.0,143.5,0.0,0.0,0.0,0.0,0.0,97.0,0.9375,0.0,dementia,7.1808219178082195
bi0103,0.0,0,5.3213123374822,73.0,1.0,30.11624955522376,1,0,0,1,0.0,99.85714285714286,0.0,1.0,0.0,0.0,0.0,92.0,0.6944444444444444,0.0,censor,9.95890410958904
bi0105,0.0,0,-4.1827276860662,72.0,1.0,26.271994729622765,0,0,0,0,0.0,184.92857142857144,0.0,0.0,1.0,0.0,0.0,95.0,1.60427807486631,0.0,censor,10.408219178082192
bi0107,0.0,0,2.9877775971941,68.0,1.0,28.29328961501498,0,0,0,0,0.0,379.9285714285714,0.0,0.0,0.0,0.0,0.0,93.0,5.853658536585366,0.0,censor,10.419178082191781
bi0108,0.0,0,-6.8889789015692,72.0,1.0,22.114582336193727,0,0,0,0,0.0,186.64285714285717,0.0,0.0,0.0,0.0,0.0,95.0,19.928571428571427,0.0,censor,10.542465753424658
bi0113,0.0,0,-2.6277623712043,71.0,0.0,24.72525292600675,0,0,0,0,0.0,110.71428571428572,0.0,0.0,0.0,0.0,0.0,91.0,1.256544502617801,0.0,censor,10.621917808219179
bi0114,0.0,0,-14.951195782843,74.0,1.0,23.236647097052938,0,0,0,0,0.0,109.21428571428572,0.0,0.0,0.0,0.0,0.0,92.0,11.396648044692736,,censor,10.838356164383562
bi0116,0.0,0,-13.1420435934196,76.0,1.0,25.65101300050241,0,0,0,0,0.0,276.57142857142856,0.0,0.0,1.0,0.0,0.0,99.0,32.0,1.0,censor,9.887671232876713
bi0117,0.0,0,4.1540981566594,74.0,0.0,34.247719603060574,0,0,0,0,0.0,221.39285714285717,0.0,1.0,1.0,0.0,0.0,93.0,33.02013422818792,1.0,death,2.5013698630136987
bi0118,0.0,0,-1.359906099661,79.0,1.0,20.601230548082256,0,0,0,0,0.0,109.67857142857142,0.0,1.0,1.0,0.0,0.0,93.0,1.4457831325301205,0.0,death,2.736986301369863
bi0121,0.0,0,-5.3130644178609,71.0,1.0,25.754236421658312,0,0,0,0,0.0,48.5,0.0,1.0,0.0,0.0,1.0,95.0,0.1834862385321101,0.0,censor,10.183561643835617
bi0122,0.0,0,-0.870589563708904,70.0,1.0,24.99593035008987,0,0,0,0,0.0,103.14285714285714,0.0,0.0,0.0,0.0,0.0,97.0,6.569343065693431,0.0,censor,10.36986301369863
bi0123,0.0,0,-0.0828062115395056,70.0,0.0,23.50785918693713,0,0,0,0,0.0,241.28571428571428,0.0,0.0,0.0,0.0,0.0,82.0,7.605633802816901,0.0,censor,10.490410958904109
bi0125,0.0,0,-7.3343724750209,70.0,1.0,30.631608515332964,0,0,0,0,0.0,175.71428571428572,0.0,1.0,0.0,0.0,0.0,96.0,5.958904109589041,0.0,death,3.1671232876712327
bi0129,0.0,1,2.2312754357833,76.0,1.0,24.77518017927444,0,0,0,0,0.0,137.0,0.0,0.0,0.0,0.0,0.0,88.0,3.3249370277078087,0.0,dementia,3.252054794520548
bi0130,0.0,0,-6.12687739609299,72.0,1.0,23.00995984183545,0,0,0,0,1.0,136.57142857142856,0.0,1.0,1.0,0.0,0.0,97.0,3.4029850746268657,0.0,censor,9.805479452054794
bi0132,0.0,0,-6.5015013871412,73.0,1.0,27.593514420370635,0,0,0,0,0.0,118.5,0.0,1.0,0.0,0.0,0.0,97.0,5.04424778761062,0.0,death,3.5424657534246577
bi0136,0.0,0,4.8184460954502,73.0,1.0,26.21032757937325,0,0,0,0,0.0,187.75,0.0,1.0,0.0,0.0,0.0,87.0,2.17687074829932,0.0,death,11.75068493150685
bi0138,0.0,0,-4.4489859503679,74.0,1.0,27.171426047010367,0,0,0,0,1.0,249.4642857142857,0.0,0.0,0.0,0.0,0.0,97.0,7.5,0.0,censor,10.597260273972603
bi0139,0.0,0,-11.5235811582833,72.0,1.0,36.21300241915161,0,0,0,0,0.0,271.0,0.0,1.0,0.0,0.0,0.0,96.0,23.846153846153847,0.0,censor,10.304109589041095
bi0143,0.0,0,-6.30836455511199,71.0,1.0,33.228969754253306,0,0,0,0,0.0,162.42857142857144,0.0,0.0,0.0,0.0,0.0,87.0,10.749185667752442,0.0,censor,10.26027397260274
bi0144,0.0,0,-1.62067575766621,71.0,1.0,20.44059578027874,0,0,0,0,0.0,137.82142857142856,0.0,1.0,0.0,0.0,0.0,95.0,2.097902097902098,0.0,censor,10.2
bi0145,0.0,0,-5.8253632506833,74.0,1.0,31.2503301391202,0,0,0,0,0.0,245.57142857142856,0.0,1.0,0.0,0.0,0.0,94.0,3.769633507853403,0.0,censor,10.506849315068493
bi0146,0.0,0,-5.0453405593013,69.0,1.0,31.798727826319663,0,0,0,0,0.0,25.0,1.0,1.0,0.0,0.0,0.0,98.0,4.416243654822335,0.0,censor,10.646575342465754
bi0148,0.0,1,-4.65478947505829,70.0,0.0,29.654199874309064,0,0,0,0,0.0,112.78571428571428,1.0,1.0,0.0,1.0,0.0,97.0,9.8220640569395,,dementia,2.627397260273973
bi0149,0.0,0,-9.090971155768,77.0,0.0,38.1061797417311,0,0,0,0,0.0,101.0,0.0,1.0,0.0,0.0,0.0,93.0,5.528455284552845,,censor,10.857534246575343
bi0152,0.0,0,0.729849333635201,72.0,0.0,31.07335527294776,0,0,0,0,0.0,168.46428571428572,0.0,1.0,1.0,0.0,0.0,82.0,47.26342710997442,,censor,11.791780821917808
bi0153,0.0,0,2.7285465506112,69.0,1.0,30.67794470395152,0,0,0,0,0.0,170.17857142857144,0.0,1.0,0.0,0.0,0.0,98.0,11.872340425531917,,censor,10.213698630136987
bi0154,0.0,0,4.31154582110069,71.0,1.0,29.69121140142517,0,0,0,0,0.0,159.57142857142856,0.0,1.0,0.0,0.0,0.0,91.0,9.742268041237113,,censor,10.854794520547944
bi0155,0.0,0,-2.41361168633659,71.0,1.0,24.528511457556068,0,0,0,0,0.0,169.60714285714286,0.0,1.0,0.0,0.0,0.0,96.0,11.22905027932961,,censor,10.605479452054794
bi0156,0.0,0,-3.560208228758,77.0,1.0,27.373644422183133,0,0,0,0,0.0,15.0,0.0,0.0,0.0,0.0,0.0,90.0,20.643086816720256,,censor,10.717808219178082
bi0157,0.0,0,-6.2306938900528,69.0,0.0,29.236932817752997,0,0,0,0,0.0,87.5,1.0,1.0,0.0,0.0,1.0,89.0,3.4482758620689653,,death,5.791780821917809
bi0160,0.0,0,-13.4175594985944,73.0,1.0,27.39817568244846,0,0,0,0,0.0,153.17857142857144,0.0,0.0,0.0,0.0,0.0,98.0,3.9658848614072495,,censor,9.758904109589041
bi0162,0.0,1,-12.7411887250813,72.0,1.0,24.48980093509865,1,0,0,1,0.0,226.67857142857144,0.0,1.0,0.0,0.0,0.0,86.0,21.96078431372549,,dementia,6.712328767123288
bi0165,1.0,0,6.62547232585,76.0,0.0,36.4568436902406,1,0,0,1,0.0,178.14285714285714,1.0,1.0,0.0,0.0,0.0,79.0,10.882352941176473,,death,2.9178082191780823
bi0166,0.0,0,-7.2020702697975,74.0,1.0,24.24661351165981,0,0,0,0,0.0,136.67857142857144,0.0,0.0,0.0,0.0,0.0,99.0,1.7183770883054892,,censor,10.126027397260273
bi0167,0.0,1,-0.862361522349204,70.0,1.0,30.8833842900699,1,0,0,1,1.0,59.32142857142857,1.0,1.0,1.0,0.0,1.0,97.0,5.217391304347826,,dementia,10.372602739726027
bi0172,0.0,0,-1.67953914525771,71.0,1.0,28.419090740509493,0,0,0,0,0.0,198.42857142857144,0.0,0.0,0.0,0.0,0.0,93.0,0.949868073878628,,censor,10.506849315068493
bi0175,0.0,1,-10.0195865268108,73.0,1.0,23.79816783731928,0,0,0,0,0.0,204.2142857142857,0.0,0.0,0.0,0.0,0.0,83.0,3.6411609498680737,,dementia,10.452054794520548
bi0176,0.0,0,0.527066924102599,69.0,1.0,30.90312027868995,0,0,0,0,1.0,120.0,1.0,1.0,0.0,0.0,1.0,97.0,14.871794871794872,,censor,10.810958904109588
bi0178,0.0,1,-4.04802852187591,77.0,0.0,21.679586751040752,1,0,0,1,0.0,81.89285714285714,0.0,1.0,1.0,0.0,0.0,90.0,2.9411764705882355,,dementia,3.4712328767123286
bi0180,0.0,0,-6.9418049796471,79.0,0.0,27.14158239143368,1,0,0,1,0.0,131.71428571428572,0.0,0.0,0.0,0.0,1.0,80.0,20.8130081300813,,censor,6.347945205479452
bi0181,0.0,0,2.91518005364991,70.0,0.0,39.83875753745809,1,0,0,1,0.0,275.4642857142857,0.0,1.0,0.0,0.0,0.0,84.0,37.326478149100254,,death,8.501369863013698
bi0182,0.0,0,4.77830937360061,79.0,1.0,24.07677481569354,0,0,0,0,0.0,107.21428571428572,0.0,1.0,1.0,0.0,0.0,96.0,8.90625,,death,5.912328767123288
bi0183,0.0,0,-15.3288946537972,70.0,1.0,25.217521673259828,1,0,0,1,0.0,141.0,0.0,0.0,0.0,0.0,0.0,94.0,5.932584269662922,,censor,10.145205479452056
bi0188,0.0,1,4.75500935463531,72.0,1.0,26.81537028762765,0,0,0,0,0.0,252.0,0.0,0.0,0.0,0.0,0.0,93.0,14.594594594594597,,dementia,10.473972602739726
bi0192,0.0,1,0.807707738772393,75.0,1.0,22.340349028165345,1,0,0,1,0.0,25.0,0.0,0.0,0.0,0.0,0.0,94.0,26.929133858267715,,dementia,6.257534246575342
bi0193,0.0,0,-5.66302409848559,74.0,1.0,33.43876777095802,1,0,0,1,0.0,131.0,1.0,1.0,0.0,1.0,0.0,84.0,46.56,,death,8.827397260273973
bi0194,0.0,0,-1.9494075940067,69.0,1.0,23.535024862477226,0,0,0,0,0.0,114.57142857142856,0.0,1.0,1.0,0.0,0.0,94.0,3.501006036217304,,censor,11.61917808219178
bi0197,0.0,0,-8.3667371840636,68.0,0.0,22.992429071711395,0,0,0,0,0.0,121.0,0.0,0.0,0.0,0.0,0.0,94.0,2.1359223300970878,,censor,10.561643835616438
bi0198,0.0,0,-5.148949282168,77.0,1.0,30.462608094352497,0,0,0,0,1.0,90.46428571428572,0.0,0.0,0.0,0.0,1.0,88.0,9.748283752860411,,censor,11.139726027397261
bi0199,0.0,0,-5.2963799746926,76.0,1.0,26.675200436165348,0,0,0,0,0.0,170.92857142857144,0.0,0.0,0.0,0.0,0.0,96.0,1.752808988764045,,death,8.2
bi0201,1.0,0,9.12054525558141,74.0,0.0,24.68853809016236,1,0,0,1,1.0,81.75,1.0,1.0,1.0,0.0,1.0,63.0,22.45398773006135,,death,1.4301369863013698
bi0202,1.0,0,0.5353384069779,72.0,0.0,28.15384924199552,1,0,0,1,0.0,204.1428571428572,1.0,1.0,0.0,0.0,0.0,78.0,9.243243243243244,,censor,0.0
bi0207,0.0,0,0.145048009097195,71.0,1.0,32.726590354663166,0,0,0,0,0.0,214.7142857142857,0.0,0.0,0.0,0.0,0.0,92.0,7.103274559193955,,censor,9.695890410958905
bi0210,0.0,1,1.91459425278239,73.0,1.0,25.16101160350372,0,0,0,0,0.0,204.8571428571429,0.0,0.0,0.0,0.0,0.0,96.0,3.918918918918919,0.0,dementia,3.213698630136986
bi0211,0.0,0,-4.7486207144256,70.0,1.0,29.40169055447187,1,0,0,1,0.0,147.14285714285714,0.0,1.0,0.0,0.0,0.0,89.0,7.5,1.0,censor,11.232876712328768
bi0212,0.0,0,-11.3212098426728,75.0,0.0,25.23993416492786,0,0,0,0,1.0,173.39285714285714,0.0,1.0,0.0,0.0,0.0,94.0,2.4258760107816717,0.0,death,5.542465753424658
bi0217,0.0,0,3.9300386583292,81.0,0.0,29.60288048897975,0,0,0,0,1.0,115.53571428571428,0.0,1.0,0.0,1.0,1.0,86.0,15.743440233236152,0.0,death,7.189041095890411
bi0219,0.0,0,-6.8432141799222,76.0,1.0,27.867480040625612,0,0,0,0,0.0,99.57142857142856,0.0,0.0,0.0,0.0,0.0,95.0,20.900473933649288,0.0,death,9.172602739726027
bi0220,0.0,0,-8.4026478827584,78.0,0.0,33.47444222863392,0,0,0,0,0.0,167.42857142857144,0.0,1.0,1.0,0.0,0.0,93.0,12.093023255813954,0.0,censor,9.926027397260274
bi0221,0.0,1,-7.8206090442723,71.0,1.0,28.012836831359653,0,0,0,0,0.0,186.9642857142857,0.0,0.0,1.0,0.0,0.0,92.0,15.547445255474452,1.0,dementia,10.972602739726028
bi0222,0.0,0,-13.132378249525,76.0,1.0,25.120721091417064,0,0,0,0,0.0,92.42857142857144,0.0,1.0,0.0,0.0,0.0,98.0,6.412213740458015,1.0,death,4.671232876712328
bi0223,0.0,0,-2.5260298417044,75.0,1.0,23.51851851851852,0,0,0,0,0.0,85.64285714285714,0.0,0.0,0.0,0.0,0.0,94.0,3.45,0.0,censor,9.947945205479453
bi0227,0.0,0,-6.0185030527649,76.0,1.0,20.633840461516407,1,0,0,1,0.0,156.0,0.0,1.0,1.0,0.0,0.0,86.0,12.981530343007917,0.0,death,3.2356164383561645
bi0228,0.0,0,-3.4754153768846,70.0,1.0,26.668728614708343,0,0,0,0,1.0,172.0,0.0,1.0,0.0,0.0,1.0,98.0,0.8571428571428571,0.0,censor,10.263013698630138
bi0229,0.0,0,-8.23746764081911,74.0,1.0,27.528613683127567,0,0,0,0,0.0,186.67857142857144,0.0,0.0,0.0,0.0,0.0,99.0,8.637532133676093,0.0,censor,10.197260273972603
bi0235,0.0,0,0.106382744438804,75.0,1.0,27.99463314666017,0,0,0,0,0.0,224.57142857142856,0.0,0.0,0.0,0.0,0.0,92.0,3.804034582132565,0.0,censor,10.665753424657535
bi0239,0.0,0,-11.0978335066606,76.0,1.0,27.912681902262943,0,0,0,0,0.0,214.7857142857143,0.0,0.0,0.0,0.0,0.0,95.0,5.562913907284768,0.0,censor,10.66027397260274
bi0240,0.0,0,2.74968312899919,71.0,1.0,28.713596393187306,0,0,0,0,0.0,182.5,0.0,0.0,0.0,0.0,0.0,98.0,9.72972972972973,0.0,censor,10.052054794520547
bi0241,0.0,0,-2.551906213848,74.0,1.0,29.39047689571034,0,0,0,0,1.0,107.67857142857144,0.0,1.0,0.0,0.0,0.0,93.0,8.595505617977528,0.0,death,9.005479452054795
bi0242,0.0,0,-14.3538719764945,72.0,1.0,28.91734480175696,0,0,0,0,0.0,111.60714285714286,0.0,0.0,0.0,0.0,0.0,98.0,2.727272727272727,0.0,censor,10.191780821917808
bi0244,0.0,0,-1.0640775623655,70.0,1.0,32.51243600677259,0,0,0,0,0.0,110.25,0.0,0.0,1.0,0.0,0.0,91.0,0.1470588235294117,0.0,censor,9.967123287671233
bi0245,0.0,0,-1.5166320815605,76.0,1.0,24.405420963595304,0,0,0,0,0.0,204.07142857142856,0.0,0.0,1.0,0.0,0.0,95.0,6.8059701492537314,1.0,censor,9.95068493150685
bi0249,1.0,0,-4.22012730840321,75.0,1.0,37.89911082049305,0,0,0,0,0.0,126.0,0.0,1.0,0.0,0.0,0.0,88.0,3.090909090909091,0.0,dementia,0.0
bi0252,0.0,0,-9.3901859536094,71.0,1.0,29.376196950642328,0,0,0,0,0.0,222.42857142857144,1.0,1.0,0.0,0.0,0.0,91.0,58.328173374613,0.0,death,4.126027397260274
bi0259,0.0,0,3.3031427863864,75.0,0.0,29.37067462590615,0,0,0,0,0.0,156.46428571428572,0.0,1.0,0.0,0.0,0.0,93.0,2.769230769230769,1.0,censor,10.723287671232876
bi0260,0.0,1,-1.1771319716421,69.0,0.0,25.788923564116235,0,0,0,0,0.0,154.57142857142856,0.0,0.0,0.0,0.0,0.0,95.0,10.296610169491526,1.0,dementia,2.8109589041095893
bi0262,0.0,0,-1.7707778156217,76.0,1.0,21.56298695710291,0,0,0,0,0.0,136.71428571428572,0.0,0.0,0.0,0.0,0.0,97.0,3.1578947368421053,1.0,censor,10.271232876712329
bi0265,0.0,0,-8.8012113990721,74.0,0.0,33.90404871679408,0,0,0,0,0.0,38.142857142857146,1.0,1.0,1.0,0.0,0.0,90.0,15.186721991701244,1.0,death,6.498630136986302
bi0267,0.0,0,3.8149341666666,69.0,1.0,27.730440505402264,0,0,0,0,0.0,76.96428571428572,0.0,0.0,0.0,0.0,0.0,85.0,10.9375,1.0,death,5.4301369863013695
bi0270,0.0,1,-4.7451452039456,73.0,1.0,24.95488923868391,0,0,0,0,0.0,158.5,0.0,0.0,1.0,0.0,0.0,94.0,5.5813953488372094,0.0,dementia,10.315068493150685
bi0271,0.0,0,-9.5910268064349,74.0,1.0,25.2090594645293,0,0,0,0,0.0,316.7857142857143,0.0,0.0,0.0,0.0,0.0,95.0,3.6533957845433256,0.0,censor,11.158904109589042
bi0272,0.0,0,-8.2006686747647,77.0,1.0,23.81182728191532,0,0,0,0,0.0,137.28571428571428,0.0,0.0,1.0,0.0,0.0,98.0,2.2641509433962264,0.0,censor,10.72054794520548
bi0275,0.0,0,-3.87940836034851,76.0,1.0,39.27338992192449,0,0,0,0,1.0,63.14285714285714,0.0,1.0,1.0,0.0,0.0,96.0,33.1615925058548,1.0,death,6.956164383561644
bi0276,0.0,1,-16.9937378564366,74.0,1.0,28.505355278921847,0,0,0,0,0.0,140.71428571428572,0.0,0.0,0.0,1.0,0.0,96.0,24.0,0.0,dementia,1.7013698630136986
bi0278,0.0,1,2.1558075459097,75.0,1.0,29.420669455927065,0,0,0,0,0.0,131.0,0.0,1.0,0.0,0.0,0.0,93.0,6.0728744939271255,0.0,dementia,3.3232876712328765
bi0279,0.0,0,-2.24492674958491,70.0,1.0,20.728188782129543,0,0,0,0,0.0,28.214285714285715,0.0,0.0,0.0,0.0,0.0,89.0,1.3881748071979434,0.0,censor,10.342465753424657
bi0280,0.0,1,-6.98021122347861,72.0,1.0,24.778707316702853,0,0,0,0,0.0,167.42857142857144,0.0,0.0,0.0,0.0,0.0,91.0,2.149253731343284,1.0,dementia,10.315068493150685
bi0281,0.0,0,-1.825385888591,74.0,1.0,28.31741699205849,0,0,0,0,1.0,275.2857142857143,1.0,0.0,1.0,0.0,0.0,93.0,2.2304832713754648,0.0,censor,10.435616438356165
bi0282,0.0,0,-9.76380925496601,74.0,1.0,26.48775326039261,0,0,0,0,0.0,194.2142857142857,0.0,1.0,0.0,0.0,0.0,98.0,6.556291390728477,1.0,death,8.64109589041096
bi0283,0.0,0,-0.708212369802396,77.0,1.0,29.231903330957756,0,0,0,0,1.0,81.0,0.0,1.0,0.0,0.0,0.0,86.0,0.0,,censor,3.5835616438356164
bi0287,0.0,1,-0.241331922797599,77.0,1.0,28.58576656514011,0,0,0,0,0.0,129.39285714285714,0.0,0.0,0.0,0.0,0.0,96.0,1.12,0.0,dementia,11.95890410958904
bi0288,0.0,0,-11.4527609886528,75.0,1.0,27.946406026428757,0,0,0,0,1.0,91.71428571428572,1.0,0.0,0.0,0.0,0.0,96.0,12.67605633802817,0.0,censor,9.95068493150685
bi0291,0.0,1,-3.1608849533424,69.0,1.0,22.768567049126148,0,0,0,0,0.0,58.57142857142857,0.0,0.0,1.0,1.0,0.0,98.0,3.79746835443038,0.0,dementia,6.958904109589041
bi0292,0.0,0,-4.44198316115281,75.0,0.0,23.94463667820069,0,0,0,0,1.0,33.57142857142857,0.0,0.0,1.0,1.0,1.0,86.0,9.788519637462237,1.0,censor,3.638356164383562
bi0293,0.0,0,2.999240493006,76.0,1.0,24.38217169601769,0,0,0,0,0.0,259.42857142857144,0.0,1.0,0.0,0.0,0.0,91.0,13.079019073569482,,death,8.509589041095891
bi0296,0.0,0,-3.8998753764884,82.0,1.0,34.19249391886189,0,0,0,0,0.0,25.0,0.0,0.0,0.0,0.0,0.0,91.0,32.67515923566879,0.0,censor,6.920547945205479
bi0297,0.0,1,-0.487211244608105,68.0,1.0,26.644927695889425,0,0,0,0,0.0,63.32142857142857,0.0,0.0,0.0,0.0,1.0,98.0,12.0,1.0,dementia,10.797260273972602
bi0298,0.0,0,0.931901302632298,76.0,1.0,24.63337796839321,0,0,0,0,1.0,50.642857142857146,0.0,0.0,1.0,0.0,0.0,98.0,2.506527415143603,0.0,censor,1.2465753424657535
bi0299,0.0,0,3.5602311937936,73.0,1.0,22.51835226430129,0,0,0,0,1.0,186.4642857142857,0.0,0.0,0.0,0.0,0.0,91.0,0.8333333333333334,,censor,3.9726027397260273
bi0301,0.0,0,-6.37230458043361,75.0,1.0,24.2666909333576,0,0,0,0,0.0,151.67857142857144,0.0,0.0,1.0,0.0,0.0,96.0,18.8135593220339,0.0,censor,9.936986301369863
bi0302,0.0,0,-13.5902123612141,77.0,1.0,27.813923512881804,0,0,0,0,0.0,162.64285714285714,0.0,1.0,1.0,0.0,0.0,98.0,9.627507163323784,0.0,censor,10.353424657534246
bi0303,0.0,0,-3.0712013597231,74.0,1.0,28.7686616461884,0,0,0,0,0.0,103.5,0.0,1.0,0.0,0.0,0.0,98.0,4.432717678100264,0.0,censor,10.156164383561643
bi0305,0.0,0,-1.1026600128689,69.0,1.0,27.05562903450436,0,0,0,0,0.0,205.42857142857144,0.0,1.0,0.0,0.0,0.0,95.0,3.0422535211267605,0.0,censor,10.956164383561644
bi0308,0.0,0,-7.7255618508182,70.0,1.0,31.63181423148449,0,0,0,0,0.0,113.57142857142856,1.0,1.0,0.0,0.0,0.0,99.0,7.577319587628866,0.0,death,11.005479452054795
bi0309,0.0,0,-5.42425305914389,71.0,1.0,28.18456829303249,0,0,0,0,1.0,157.42857142857144,0.0,0.0,0.0,0.0,0.0,96.0,43.270777479892764,0.0,censor,10.947945205479453
bi0310,1.0,0,0.591813485620094,73.0,1.0,29.781224885855572,0,0,0,0,1.0,111.71428571428572,0.0,1.0,0.0,0.0,0.0,87.0,0.4627249357326478,0.0,dementia,0.0
bi0312,0.0,0,-0.940026920960804,70.0,1.0,24.39744801512287,0,0,0,0,0.0,141.14285714285714,0.0,0.0,0.0,0.0,0.0,97.0,4.178272980501393,,censor,10.835616438356164
bi0313,0.0,0,7.9369066767995,70.0,1.0,36.26098853950154,0,0,0,0,0.0,116.0,0.0,1.0,0.0,0.0,0.0,99.0,35.04132231404959,0.0,censor,11.142465753424657
bi0314,1.0,0,0.107939013621305,76.0,0.0,26.521390382991196,0,0,0,0,0.0,96.42857142857144,0.0,0.0,0.0,0.0,0.0,78.0,9.00900900900901,0.0,censor,0.0
bi0315,0.0,0,-2.97190163689081,81.0,1.0,31.651759988872424,0,0,0,0,0.0,69.57142857142857,0.0,0.0,0.0,0.0,0.0,99.0,2.4523160762942777,0.0,censor,10.663013698630136
bi0319,0.0,0,-11.8713416163515,79.0,1.0,25.51540891491502,0,0,0,0,0.0,217.42857142857144,0.0,0.0,0.0,0.0,0.0,92.0,2.8662420382165603,,death,11.547945205479452
bi0320,0.0,0,1.65305477106391,68.0,1.0,26.88656371015354,0,0,0,0,1.0,105.96428571428572,0.0,1.0,0.0,0.0,0.0,93.0,1.2,,censor,10.857534246575343
bi0321,0.0,0,5.9074656295807,73.0,1.0,28.82194735144161,0,0,0,0,0.0,110.75,1.0,0.0,0.0,0.0,0.0,87.0,16.186046511627907,0.0,censor,10.509589041095891
bi0323,0.0,0,-9.3250409184664,75.0,1.0,27.86606320612744,0,0,0,0,0.0,168.28571428571428,0.0,0.0,0.0,0.0,0.0,94.0,4.907063197026022,0.0,censor,10.30958904109589
bi0324,0.0,0,-8.9913139394121,72.0,1.0,23.22733034891917,0,0,0,0,0.0,131.71428571428572,0.0,0.0,1.0,0.0,0.0,94.0,7.176079734219269,,death,8.515068493150684
bi0326,0.0,0,-0.648642954676902,77.0,1.0,21.725755695827715,0,0,0,0,0.0,241.35714285714283,1.0,1.0,0.0,0.0,0.0,99.0,2.1538461538461537,0.0,death,8.26849315068493
bi0327,0.0,0,-7.4275230295147,72.0,1.0,24.847865238843653,0,0,0,0,1.0,187.39285714285717,0.0,0.0,0.0,0.0,0.0,95.0,0.3428571428571428,0.0,censor,10.41095890410959
bi0328,0.0,0,-2.4227667687227,69.0,1.0,24.985930252867323,0,0,0,0,0.0,108.96428571428572,0.0,0.0,0.0,0.0,0.0,90.0,2.0630372492836675,0.0,censor,10.512328767123288
bi0330,0.0,0,-9.8802659564875,71.0,0.0,26.766213345687152,0,0,0,0,0.0,131.32142857142856,0.0,1.0,0.0,0.0,0.0,92.0,6.065573770491803,1.0,censor,10.849315068493151
bi0331,0.0,0,-1.6130131683793,71.0,0.0,28.91843117366435,0,0,0,0,0.0,138.14285714285714,0.0,0.0,0.0,0.0,0.0,96.0,4.545454545454546,1.0,censor,10.2
bi0332,0.0,0,-1.2316505377687,70.0,1.0,28.35254682114556,0,0,0,0,0.0,143.07142857142856,1.0,1.0,0.0,0.0,0.0,97.0,0.0,0.0,death,8.983561643835616
bi0334,0.0,0,-1.33040140976129,69.0,0.0,29.656683710737763,0,0,0,0,1.0,176.71428571428572,0.0,1.0,0.0,0.0,0.0,100.0,2.7777777777777777,0.0,censor,11.145205479452056
bi0335,0.0,1,6.260221674541,68.0,1.0,25.73986132176553,0,0,0,0,0.0,149.71428571428572,0.0,0.0,0.0,0.0,0.0,84.0,0.8910891089108911,0.0,dementia,1.1123287671232878
bi0339,0.0,0,-4.0759171566629,71.0,1.0,22.78595624350216,0,0,1,1,0.0,324.8928571428571,0.0,0.0,0.0,0.0,0.0,83.0,2.3645320197044337,0.0,censor,10.479452054794521
bi0344,1.0,0,8.2654635794533,74.0,0.0,23.39693273759208,0,0,0,0,0.0,119.21428571428572,0.0,0.0,0.0,0.0,0.0,81.0,12.09486166007905,1.0,dementia,0.0
bi0351,0.0,0,0.022313921176405,70.0,1.0,25.440304813990608,0,0,0,0,0.0,82.96428571428572,0.0,0.0,0.0,0.0,0.0,96.0,4.225352112676056,1.0,censor,10.90958904109589
bi0352,0.0,0,-6.99100413692901,72.0,1.0,28.868207012253396,0,0,0,0,0.0,215.5,0.0,0.0,0.0,0.0,0.0,95.0,12.96829971181556,0.0,censor,10.438356164383562
bi0353,0.0,0,0.0175579895842048,70.0,1.0,26.4653721188251,0,0,0,0,0.0,232.14285714285717,0.0,0.0,0.0,0.0,0.0,93.0,7.853403141361256,0.0,censor,10.219178082191782
bi0354,0.0,1,0.331735519336505,68.0,1.0,26.796852265257908,0,0,0,0,0.0,143.82142857142856,0.0,1.0,0.0,0.0,0.0,96.0,12.2,0.0,dementia,11.994520547945205
bi0356,0.0,1,0.0829695343286971,69.0,1.0,23.128759352535575,0,0,0,0,0.0,130.0,0.0,0.0,0.0,0.0,0.0,100.0,2.739130434782609,0.0,dementia,2.7150684931506848
bi0357,0.0,0,7.33040009807201,81.0,1.0,25.73439305346452,0,0,0,0,1.0,161.71428571428572,0.0,0.0,1.0,0.0,0.0,96.0,16.20253164556962,0.0,censor,11.12054794520548
bi0359,0.0,0,3.8300458563151,70.0,0.0,23.946784694510207,0,0,0,0,0.0,189.64285714285717,1.0,1.0,0.0,0.0,0.0,98.0,6.490765171503957,1.0,censor,10.128767123287671
bi0360,0.0,0,-12.9147861858669,80.0,1.0,26.35088137717608,0,0,0,0,0.0,125.39285714285714,0.0,1.0,1.0,0.0,0.0,95.0,2.608695652173913,0.0,death,8.408219178082192
bi0362,0.0,0,-12.3119755107548,75.0,1.0,27.3178258850801,0,0,0,0,1.0,69.78571428571428,1.0,1.0,0.0,0.0,0.0,96.0,13.295454545454543,,censor,10.435616438356165
bi0363,0.0,0,-4.3972789159468,69.0,1.0,29.370969293385876,0,0,0,0,0.0,69.21428571428572,0.0,1.0,0.0,0.0,0.0,95.0,14.255874673629243,0.0,death,10.778082191780822
bi0365,0.0,1,-7.8532569534612,74.0,1.0,28.22971297783595,0,0,0,0,0.0,140.96428571428572,0.0,1.0,1.0,0.0,0.0,90.0,15.877437325905293,1.0,dementia,4.010958904109589
bi0366,1.0,0,-0.570844262974404,71.0,0.0,34.92682774323824,1,0,0,1,1.0,136.0,1.0,1.0,1.0,0.0,0.0,64.0,7.207207207207207,0.0,death,10.594520547945205
bi0371,0.0,0,-2.9604050582072,68.0,1.0,26.13631943939488,1,0,0,1,0.0,132.0,0.0,0.0,0.0,0.0,0.0,99.0,9.560975609756095,0.0,censor,11.197260273972603
bi0372,0.0,1,-0.391204530002199,69.0,1.0,26.78029940310894,0,0,0,0,0.0,127.78571428571428,0.0,1.0,0.0,1.0,0.0,97.0,10.551724137931034,1.0,dementia,6.410958904109589
bi0374,0.0,0,-3.4221172820086,84.0,1.0,27.09136064201272,0,0,0,0,0.0,91.82142857142856,0.0,0.0,0.0,0.0,0.0,99.0,20.552486187845304,,death,5.813698630136987
bi0375,0.0,0,-1.00859270383801,69.0,1.0,34.66214159675819,1,0,0,1,0.0,0.0,0.0,1.0,0.0,0.0,0.0,93.0,7.5,1.0,censor,10.534246575342467
bi0376,0.0,0,-10.3450695554875,85.0,1.0,27.4850320366934,0,0,0,0,0.0,139.78571428571428,0.0,0.0,0.0,0.0,0.0,83.0,19.77077363896848,0.0,death,10.054794520547945
bi0377,0.0,0,-3.55845962854779,72.0,1.0,26.36953299612462,1,0,0,1,0.0,63.5,1.0,1.0,0.0,0.0,0.0,96.0,19.30753564154786,,death,3.4876712328767123
bi0378,0.0,0,-5.4607655750202,69.0,1.0,27.803851209934443,0,0,0,0,0.0,319.60714285714283,1.0,1.0,0.0,0.0,0.0,98.0,17.162790697674417,1.0,censor,6.8
bi0380,0.0,0,-4.24556619197,74.0,1.0,28.2245842091402,0,0,0,0,0.0,95.53571428571428,0.0,0.0,1.0,0.0,0.0,94.0,9.951219512195122,0.0,censor,10.189041095890412
bi0381,0.0,0,0.120573962595898,80.0,1.0,26.68933755547337,0,0,0,0,1.0,168.60714285714283,0.0,0.0,0.0,0.0,0.0,87.0,3.9130434782608696,1.0,death,11.567123287671233
bi0382,0.0,0,-1.05252831336369,69.0,1.0,29.924527875519445,0,0,0,0,0.0,88.14285714285714,0.0,1.0,1.0,0.0,0.0,93.0,11.264367816091951,1.0,censor,10.663013698630136
bi0388,0.0,0,-0.867355446515006,81.0,1.0,24.40604632137426,0,0,0,0,0.0,162.42857142857144,0.0,0.0,1.0,0.0,0.0,90.0,3.597122302158273,0.0,censor,11.35890410958904
bi0389,0.0,0,1.9114735152335,74.0,1.0,24.71152513646525,0,0,0,0,0.0,161.67857142857144,0.0,0.0,0.0,0.0,0.0,88.0,9.025069637883009,1.0,censor,10.73972602739726
bi0390,0.0,0,7.4574725011443,72.0,1.0,28.81523072403445,0,0,0,0,1.0,174.46428571428572,1.0,1.0,0.0,0.0,0.0,99.0,10.79136690647482,0.0,censor,10.432876712328767
bi0392,0.0,0,-4.9979198708925,77.0,1.0,25.51505657056319,0,0,0,0,1.0,222.78571428571428,0.0,0.0,0.0,0.0,0.0,98.0,20.313479623824453,1.0,death,10.578082191780823
bi0395,0.0,1,-1.8956727007115,68.0,1.0,37.31921487603306,0,0,1,1,0.0,115.89285714285714,1.0,1.0,0.0,0.0,0.0,97.0,5.981308411214953,0.0,dementia,10.915068493150685
bi0397,0.0,0,-7.2356854717886,69.0,1.0,24.7338530676814,0,0,0,0,0.0,258.32142857142856,0.0,0.0,1.0,0.0,0.0,94.0,2.391304347826087,0.0,censor,11.043835616438356
bi0399,0.0,0,-7.9298331189744,69.0,1.0,28.801225994513025,0,0,0,0,0.0,182.5,0.0,1.0,0.0,0.0,0.0,91.0,13.174224343675418,0.0,censor,10.293150684931506
bi0400,0.0,1,2.454554851712,73.0,0.0,32.81795548121035,0,0,0,0,0.0,114.57142857142856,1.0,1.0,0.0,0.0,0.0,81.0,8.5,0.0,dementia,3.052054794520548
bi0404,1.0,0,-12.992823059657,72.0,1.0,29.962862397071124,0,0,0,0,0.0,184.57142857142856,0.0,0.0,0.0,0.0,0.0,96.0,0.4063205417607223,0.0,dementia,0.0
bi0406,0.0,1,-1.8185538330188,74.0,1.0,22.092267706302795,1,0,0,1,0.0,230.7142857142857,1.0,0.0,1.0,0.0,0.0,84.0,16.01750547045952,1.0,dementia,3.4876712328767123
bi0407,0.0,1,-20.2840700520395,71.0,1.0,27.311556019534432,1,0,0,1,0.0,187.42857142857144,0.0,0.0,0.0,0.0,0.0,93.0,6.428571428571429,0.0,dementia,0.6958904109589041
bi0409,0.0,0,0.851454034887098,76.0,1.0,23.349343769540837,0,0,0,0,0.0,56.785714285714285,0.0,0.0,0.0,0.0,1.0,100.0,14.600760456273765,1.0,censor,10.186301369863013
bi0410,0.0,0,5.0602831149496,68.0,1.0,27.502448723009227,0,0,0,0,0.0,154.10714285714286,0.0,0.0,0.0,0.0,0.0,99.0,8.740157480314961,1.0,censor,10.643835616438356
bi0411,1.0,0,-7.5851599152338,68.0,0.0,28.246192657230598,1,0,0,1,0.0,228.8571428571429,0.0,1.0,0.0,0.0,0.0,76.0,35.68345323741007,,censor,0.0
bi0413,0.0,0,-8.15042014700801,77.0,1.0,28.606901637123237,0,0,0,0,0.0,94.21428571428572,0.0,0.0,0.0,0.0,0.0,89.0,7.207207207207207,1.0,death,9.33972602739726
bi0417,0.0,0,1.3554705595066,71.0,1.0,31.46012774831897,0,0,0,0,0.0,158.14285714285714,0.0,1.0,1.0,0.0,0.0,87.0,22.247191011235955,2.0,censor,3.632876712328767
bi0422,0.0,0,-2.6991562571787,84.0,1.0,28.136497222161093,0,0,0,0,0.0,41.07142857142857,0.0,0.0,1.0,0.0,0.0,89.0,63.6319612590799,0.0,death,1.926027397260274
bi0423,0.0,0,-6.5864354163478,81.0,1.0,28.43692623628405,0,0,0,0,0.0,186.07142857142856,1.0,1.0,0.0,0.0,0.0,96.0,23.17365269461078,,censor,11.232876712328768
bi0425,0.0,0,-0.574791213108796,71.0,1.0,33.58496408260583,0,0,1,1,0.0,185.9642857142857,0.0,1.0,0.0,0.0,0.0,96.0,21.951219512195124,0.0,censor,10.331506849315069
bi0426,0.0,0,-2.2214326561307,70.0,1.0,25.185185185185183,0,0,1,1,0.0,236.25,0.0,0.0,0.0,0.0,0.0,97.0,23.54609929078014,0.0,censor,10.73972602739726
bi0428,0.0,0,-2.5741446762225,72.0,1.0,28.25421320970553,0,0,0,0,0.0,213.14285714285717,1.0,1.0,0.0,0.0,0.0,95.0,43.2,0.0,censor,10.452054794520548
bi0430,0.0,0,5.40338009555811,68.0,1.0,22.770215890704872,0,0,0,0,0.0,191.89285714285717,0.0,0.0,0.0,0.0,0.0,100.0,8.32904884318766,0.0,censor,10.61917808219178
bi0432,0.0,1,-6.59548058320421,77.0,1.0,38.77605802308319,0,0,0,0,0.0,417.8571428571429,1.0,1.0,0.0,0.0,0.0,96.0,4.295612009237876,1.0,dementia,3.2958904109589042
bi0434,0.0,0,2.6593601734405,69.0,1.0,28.14683975588845,0,0,0,0,0.0,176.71428571428572,0.0,1.0,1.0,0.0,0.0,98.0,3.888888888888889,,censor,10.419178082191781
bi0435,0.0,0,3.6876950675578,76.0,1.0,25.17595372990484,0,0,0,0,0.0,259.92857142857144,0.0,0.0,0.0,0.0,0.0,96.0,3.021582733812949,0.0,censor,10.843835616438357
bi0436,0.0,0,1.213962130884,77.0,1.0,24.453254592251376,0,0,0,0,0.0,109.35714285714286,0.0,0.0,0.0,0.0,0.0,96.0,4.38287153652393,1.0,death,5.7534246575342465
bi0441,0.0,0,0.749167767549395,70.0,1.0,25.15570934256056,0,0,0,0,1.0,202.57142857142856,0.0,1.0,0.0,0.0,0.0,90.0,35.46666666666667,1.0,censor,10.317808219178081
bi0442,0.0,0,-6.1896385842637,70.0,1.0,23.18643667296786,0,0,0,0,0.0,53.21428571428572,0.0,1.0,0.0,0.0,0.0,92.0,7.816901408450704,0.0,death,10.663013698630136
bi0444,0.0,0,3.76862540127451,68.0,0.0,25.753946792345925,0,0,0,0,0.0,143.5,0.0,0.0,0.0,0.0,0.0,90.0,0.8801955990220048,1.0,censor,10.572602739726028
bi0445,0.0,0,-5.0759176139619,69.0,1.0,25.37778655518323,0,0,0,0,0.0,329.92857142857144,1.0,1.0,0.0,0.0,0.0,99.0,37.2463768115942,0.0,censor,10.901369863013699
bi0446,0.0,1,-15.1912790862418,76.0,1.0,23.70349683306097,0,0,0,0,1.0,175.85714285714286,0.0,0.0,0.0,0.0,0.0,84.0,0.0,2.0,dementia,3.191780821917808
bi0448,0.0,0,4.48222347893901,69.0,1.0,34.14769309120757,0,0,0,0,0.0,156.67857142857144,0.0,0.0,0.0,0.0,0.0,97.0,12.569832402234637,,censor,10.838356164383562
bi0450,0.0,0,3.4218924148031,69.0,1.0,27.23126764717324,1,0,0,1,0.0,118.57142857142856,0.0,1.0,0.0,0.0,0.0,94.0,1.17359413202934,0.0,censor,10.2986301369863
bi0452,0.0,0,-3.0089644516474,68.0,1.0,31.919220232225744,0,0,0,0,0.0,110.64285714285714,0.0,1.0,1.0,0.0,0.0,96.0,22.52054794520548,0.0,censor,10.835616438356164
bi0455,0.0,0,-0.813836799948604,74.0,1.0,30.17649190000517,0,0,0,0,1.0,226.7142857142857,0.0,1.0,0.0,0.0,0.0,95.0,2.623906705539359,,censor,6.715068493150685
bi0456,0.0,0,-4.4357480540499,70.0,1.0,34.5196159122085,0,0,0,0,0.0,166.89285714285714,0.0,1.0,0.0,0.0,1.0,99.0,16.78832116788321,0.0,death,4.564383561643836
bi0459,0.0,0,-9.24352616384959,77.0,1.0,26.04654957748888,0,0,0,0,0.0,78.92857142857143,0.0,1.0,0.0,0.0,0.0,94.0,4.769230769230769,1.0,censor,10.336986301369864
bi0460,0.0,1,-6.70717277269451,78.0,1.0,30.339003081525487,0,0,0,0,0.0,147.67857142857144,1.0,0.0,0.0,0.0,0.0,98.0,6.7889908256880735,1.0,dementia,3.3205479452054796
bi0461,1.0,0,-5.31798894664681,88.0,0.0,22.62473647745464,0,0,0,0,1.0,52.14285714285714,0.0,0.0,0.0,0.0,0.0,74.0,34.95867768595041,0.0,censor,0.0
bi0464,0.0,0,0.486970909812101,73.0,1.0,31.23582789764153,0,0,0,0,0.0,191.32142857142856,0.0,0.0,0.0,1.0,0.0,98.0,1.818181818181818,0.0,censor,10.386301369863014
bi0465,1.0,0,0.233091491764,77.0,0.0,24.889770092664083,0,0,0,0,0.0,136.21428571428572,0.0,1.0,0.0,0.0,0.0,80.0,9.956331877729257,1.0,dementia,0.0
bi0466,0.0,0,-8.5384974060399,72.0,1.0,29.649551932265005,0,0,0,0,1.0,119.21428571428572,1.0,1.0,0.0,0.0,0.0,94.0,4.18230563002681,0.0,censor,10.791780821917808
bi0467,0.0,0,0.704400064007302,69.0,1.0,26.439811014452,0,0,0,0,0.0,168.2857142857143,0.0,0.0,0.0,0.0,0.0,94.0,3.1578947368421053,0.0,censor,10.2986301369863
bi0468,0.0,1,10.6934574497899,73.0,1.0,28.084929170411684,0,0,0,0,0.0,257.5,1.0,1.0,1.0,0.0,0.0,97.0,4.7368421052631575,1.0,dementia,7.076712328767123
bi0471,0.0,0,-0.216817749940205,71.0,1.0,24.782121695534254,0,0,0,0,1.0,103.5,1.0,0.0,0.0,0.0,1.0,95.0,0.4918032786885246,0.0,censor,11.2
bi0474,0.0,0,-3.6246122522687,76.0,1.0,28.89943718346085,0,0,0,0,0.0,151.57142857142856,0.0,1.0,0.0,0.0,0.0,97.0,3.734439834024896,0.0,censor,11.008219178082191
bi0479,0.0,1,-15.5600074980659,76.0,1.0,33.91921908790302,0,0,0,0,0.0,131.0,0.0,0.0,0.0,0.0,0.0,91.0,10.762886597938143,0.0,dementia,10.663013698630136
bi0481,0.0,0,-1.3730968172944,80.0,0.0,20.83171612101924,0,0,0,0,1.0,162.42857142857144,0.0,0.0,0.0,0.0,0.0,86.0,2.281368821292776,0.0,censor,11.843835616438357
bi0482,0.0,0,-9.36082891363969,92.0,0.0,23.97140030004149,0,0,0,0,0.0,168.57142857142858,0.0,0.0,0.0,0.0,0.0,81.0,5.212121212121212,0.0,death,2.8109589041095893
bi0483,0.0,0,-9.9456786777176,71.0,1.0,23.99431066308898,0,0,0,0,0.0,95.0,0.0,0.0,0.0,0.0,0.0,97.0,5.815602836879433,0.0,censor,10.435616438356165
bi0484,0.0,0,0.786043186024699,71.0,0.0,33.6192622093659,0,0,0,0,0.0,191.0,1.0,1.0,0.0,0.0,0.0,93.0,4.175257731958763,1.0,censor,11.547945205479452
bi0486,0.0,0,-13.3086529139611,76.0,1.0,29.72614047303519,0,0,0,0,1.0,55.0,0.0,1.0,0.0,0.0,1.0,96.0,2.883295194508009,0.0,death,10.95068493150685
bi0487,0.0,0,-1.207989144667,76.0,1.0,28.64979567347937,0,0,0,0,0.0,50.0,1.0,1.0,0.0,0.0,0.0,100.0,29.1588785046729,0.0,death,1.5917808219178082
bi0490,0.0,0,-2.29923704990151,71.0,0.0,36.719950228730326,0,0,0,0,0.0,152.71428571428572,1.0,1.0,1.0,0.0,0.0,92.0,24.02298850574713,1.0,death,4.295890410958904
bi0493,1.0,0,2.39614877279389,82.0,1.0,30.561967645507835,0,0,0,0,0.0,47.85714285714285,0.0,0.0,0.0,1.0,0.0,94.0,2.3529411764705883,,dementia,0.0
bi0497,0.0,0,-12.7880662867431,69.0,0.0,26.83267146077064,0,0,0,0,0.0,157.42857142857144,1.0,1.0,1.0,0.0,0.0,87.0,19.154929577464788,0.0,censor,11.646575342465754
bi0499,0.0,0,-4.4342953826539,70.0,1.0,26.60566928850012,0,0,0,0,0.0,110.64285714285714,0.0,1.0,0.0,0.0,0.0,98.0,27.314578005115088,0.0,censor,11.09041095890411
bi0508,0.0,0,-5.3795372797595,76.0,1.0,27.06895388033365,0,0,0,0,0.0,194.42857142857144,0.0,1.0,0.0,0.0,0.0,96.0,5.660377358490566,0.0,censor,10.8
bi0510,0.0,1,2.3107178249743,75.0,0.0,33.34998487289716,0,0,0,0,0.0,82.14285714285714,0.0,1.0,0.0,0.0,0.0,96.0,11.362126245847175,0.0,dementia,0.947945205479452
bi0515,0.0,0,0.252170718223297,70.0,1.0,29.27224647948673,0,0,0,0,0.0,187.42857142857144,0.0,0.0,0.0,0.0,1.0,92.0,18.59649122807017,0.0,death,7.112328767123287
bi0516,0.0,0,-4.2503703575323,72.0,1.0,34.207522877499144,1,0,0,1,1.0,186.0,0.0,0.0,0.0,0.0,0.0,93.0,12.82258064516129,1.0,censor,11.871232876712329
bi0519,0.0,0,-7.1888559580168,73.0,1.0,41.266613908964366,0,0,0,0,0.0,53.57142857142858,0.0,1.0,0.0,0.0,0.0,96.0,18.147138964577657,0.0,censor,10.745205479452055
bi0520,0.0,0,-15.2884691231586,78.0,1.0,31.643451326895107,0,0,0,0,1.0,164.82142857142858,0.0,0.0,0.0,0.0,0.0,99.0,22.751677852348998,0.0,censor,10.397260273972602
bi0521,0.0,0,-2.69637690337559,71.0,1.0,27.697337717194724,0,0,0,0,0.0,139.35714285714286,0.0,0.0,0.0,0.0,0.0,100.0,17.336343115124155,0.0,censor,10.605479452054794
bi0524,0.0,0,-3.1474061448682,69.0,1.0,33.7581337994079,0,0,0,0,0.0,85.14285714285714,0.0,1.0,0.0,0.0,0.0,95.0,0.4123711340206185,0.0,censor,10.934246575342465
bi0531,0.0,0,1.5655469795615,86.0,1.0,23.06502742582653,0,0,0,0,0.0,116.42857142857144,0.0,1.0,0.0,1.0,0.0,87.0,12.0,0.0,death,5.750684931506849
bi0532,0.0,0,0.778264597102606,75.0,1.0,26.724343657670303,0,0,0,0,0.0,83.5,0.0,0.0,0.0,0.0,1.0,98.0,0.8021390374331551,0.0,censor,10.561643835616438
bi0534,0.0,0,-4.0630041051346,73.0,1.0,23.59040404112314,0,0,0,0,0.0,60.64285714285714,1.0,0.0,0.0,0.0,0.0,95.0,27.58169934640523,0.0,censor,10.728767123287671
bi0539,0.0,0,5.9359738125444,69.0,1.0,27.837101453121967,0,0,0,0,0.0,169.0,1.0,1.0,0.0,0.0,0.0,98.0,0.8403361344537815,0.0,censor,10.742465753424657
bi0551,0.0,0,-2.1581710617271,76.0,1.0,30.067988126017426,0,0,0,0,0.0,167.32142857142856,0.0,0.0,0.0,0.0,0.0,95.0,7.193460490463215,0.0,censor,11.257534246575343
bi0552,0.0,1,-6.73508913437929,82.0,1.0,25.628313016295703,1,0,0,1,0.0,163.85714285714286,0.0,0.0,1.0,0.0,0.0,93.0,7.850467289719626,0.0,dementia,3.8164383561643835
bi0555,0.0,1,-4.05303068204429,76.0,0.0,28.801496875939723,0,0,0,0,1.0,138.46428571428572,0.0,1.0,1.0,0.0,0.0,94.0,2.136986301369863,0.0,dementia,6.336986301369863
bi0556,0.0,1,-1.0111257068035,77.0,1.0,33.9232813894976,0,0,0,0,0.0,141.0,0.0,1.0,1.0,1.0,0.0,86.0,3.652173913043478,,dementia,6.635616438356164
bi0563,0.0,1,-6.7624883645111,75.0,0.0,27.81205154051483,0,0,0,0,1.0,109.78571428571428,0.0,0.0,1.0,0.0,0.0,92.0,12.122448979591836,0.0,dementia,3.7150684931506848
bi0566,0.0,1,5.62722096634739,76.0,1.0,27.18108056585401,0,0,0,0,1.0,94.82142857142856,1.0,0.0,0.0,1.0,0.0,88.0,1.5903614457831323,0.0,dementia,3.4657534246575343
bi0568,0.0,0,1.6176820509845,76.0,1.0,28.287225902134665,0,0,0,0,1.0,44.21428571428572,0.0,1.0,1.0,0.0,0.0,100.0,13.070866141732283,0.0,death,11.421917808219177
bi0571,0.0,0,-3.5147726722623,71.0,1.0,33.846771698915745,1,0,0,1,0.0,180.42857142857144,1.0,1.0,0.0,0.0,0.0,97.0,9.846827133479213,1.0,death,7.772602739726027
bi0572,0.0,0,-9.183428535887,68.0,1.0,27.029416073853756,0,0,0,0,0.0,201.7142857142857,1.0,1.0,1.0,0.0,0.0,99.0,30.428571428571427,1.0,death,6.0849315068493155
bi0575,0.0,0,-2.5264865959065,72.0,1.0,31.092264459348375,0,0,0,0,1.0,135.75,0.0,0.0,0.0,0.0,0.0,97.0,1.826086956521739,,death,8.221917808219178
bi0576,0.0,0,2.59041123478551,72.0,1.0,26.75191838517923,0,0,0,0,1.0,159.21428571428572,0.0,1.0,0.0,1.0,1.0,95.0,28.346456692913385,0.0,censor,10.953424657534246
bi0580,0.0,1,-5.9954758074775,75.0,1.0,24.36751816191293,0,0,0,0,0.0,165.57142857142856,0.0,0.0,0.0,0.0,0.0,97.0,20.652818991097924,1.0,dementia,7.095890410958904
bi0581,0.0,0,-6.4714301228362,77.0,1.0,23.275407174154253,0,0,0,0,0.0,194.78571428571428,0.0,1.0,0.0,0.0,0.0,86.0,7.516198704103671,,censor,11.61917808219178
bi0583,0.0,0,3.50965409970711,76.0,0.0,27.95596577896644,0,0,0,0,0.0,122.07142857142856,0.0,0.0,0.0,0.0,1.0,85.0,0.8955223880597015,1.0,death,1.8684931506849316
bi0584,0.0,0,-1.6855252240875,77.0,0.0,23.07852553410788,1,0,0,1,0.0,143.0,0.0,0.0,0.0,0.0,0.0,80.0,1.4218009478672986,0.0,death,3.863013698630137
bi0585,0.0,1,-0.221467616762197,69.0,1.0,33.36696712384748,0,0,0,0,0.0,193.2142857142857,0.0,1.0,0.0,0.0,0.0,88.0,2.147117296222664,0.0,dementia,11.158904109589042
bi0589,0.0,0,-6.6978435805471,77.0,1.0,30.85331614450211,0,0,0,0,0.0,127.07142857142856,0.0,1.0,0.0,0.0,0.0,96.0,29.642857142857142,0.0,censor,10.991780821917809
bi0594,0.0,0,-6.44131354105311,76.0,1.0,24.63495476126489,0,0,0,0,0.0,256.3928571428571,0.0,0.0,0.0,0.0,0.0,98.0,21.71945701357466,0.0,censor,11.126027397260273
bi0595,0.0,0,-1.6587442976075,80.0,1.0,25.08112493239589,0,0,0,0,0.0,157.42857142857144,0.0,0.0,1.0,0.0,0.0,88.0,7.049608355091384,1.0,death,11.241095890410959
bi0596,1.0,0,1.8829994464195,77.0,0.0,32.40763581943433,1,0,0,1,1.0,52.14285714285714,0.0,1.0,1.0,0.0,1.0,70.0,9.08366533864542,0.0,censor,0.0
bi0597,1.0,0,5.3985701506883,74.0,0.0,42.18389781086833,1,0,0,1,0.0,122.42857142857144,1.0,1.0,0.0,0.0,1.0,79.0,17.7491961414791,0.0,dementia,0.0
bi0599,0.0,0,-2.1318539071286,72.0,1.0,25.260159755593044,0,0,0,0,0.0,150.14285714285714,0.0,1.0,0.0,0.0,0.0,97.0,8.018433179723502,0.0,death,6.747945205479452
bi0602,0.0,1,-9.4507763517899,78.0,1.0,27.9795054577857,0,0,0,0,0.0,416.9285714285714,0.0,1.0,0.0,1.0,0.0,99.0,1.6631130063965884,,dementia,0.6520547945205479
bi0603,0.0,1,-2.5541224331262,80.0,1.0,21.20239350040948,0,0,0,0,0.0,143.35714285714286,0.0,0.0,0.0,0.0,0.0,86.0,6.509433962264151,1.0,dementia,3.643835616438356
bi0605,0.0,0,-10.835113276697,75.0,1.0,26.680286556298384,0,0,0,0,0.0,202.8571428571429,0.0,0.0,0.0,0.0,0.0,97.0,16.036866359447004,0.0,censor,11.282191780821918
bi0608,0.0,0,-9.95238567480909,78.0,0.0,23.930408221842956,0,0,0,0,0.0,203.42857142857144,1.0,1.0,1.0,0.0,0.0,86.0,18.03370786516854,,death,7.495890410958904
bi0609,0.0,0,-0.150871537082907,70.0,0.0,27.29831576982375,1,0,0,1,0.0,150.64285714285714,0.0,1.0,0.0,0.0,0.0,96.0,1.1009174311926606,0.0,censor,11.224657534246575
bi0610,0.0,0,-8.5703338221382,81.0,1.0,27.454870065463204,0,0,0,0,0.0,294.9642857142857,0.0,1.0,1.0,1.0,0.0,100.0,27.370786516853933,0.0,death,4.158904109589041
bi0612,0.0,0,-4.85427523177241,78.0,1.0,29.535950548379944,0,0,0,0,0.0,83.07142857142857,1.0,1.0,1.0,0.0,0.0,98.0,3.1468531468531467,0.0,death,2.063013698630137
bi0613,0.0,0,-11.2469511777529,76.0,1.0,22.788083955711887,0,0,0,0,1.0,172.10714285714286,0.0,0.0,0.0,0.0,0.0,94.0,7.726027397260274,0.0,censor,11.336986301369864
bi0615,0.0,0,7.53068580496731,72.0,1.0,28.874020051851964,0,0,0,0,1.0,181.14285714285717,1.0,1.0,0.0,0.0,0.0,91.0,4.318766066838046,0.0,censor,10.490410958904109
bi0617,0.0,1,2.01285339443049,69.0,1.0,17.686765558579662,0,0,0,0,1.0,151.71428571428572,0.0,1.0,0.0,0.0,0.0,95.0,3.365853658536585,0.0,dementia,6.49041095890411
bi0620,1.0,0,-10.2988179803293,80.0,1.0,22.865716967258688,0,0,0,0,1.0,27.142857142857142,1.0,1.0,0.0,0.0,0.0,79.0,3.282674772036474,1.0,death,4.550684931506849
bi0622,0.0,0,-1.57300842429009,78.0,1.0,27.86483246406972,0,0,0,0,0.0,119.57142857142856,0.0,1.0,1.0,0.0,0.0,94.0,6.417910447761194,0.0,censor,11.67945205479452
bi0624,1.0,0,1.6038361390457,77.0,0.0,35.05716011894954,1,0,0,1,1.0,25.0,0.0,1.0,0.0,0.0,1.0,74.0,18.233215547703185,0.0,death,7.1945205479452055
bi0625,0.0,1,0.286273119949101,71.0,1.0,28.901037152301463,0,0,0,0,0.0,62.142857142857146,0.0,1.0,0.0,1.0,0.0,95.0,7.587822014051523,1.0,dementia,3.589041095890411
bi0626,0.0,0,-5.674361306243,73.0,0.0,25.682901993576596,0,0,0,0,0.0,135.0,1.0,1.0,0.0,0.0,0.0,87.0,1.793103448275862,0.0,censor,11.698630136986301
bi0627,0.0,0,-7.513432334353,78.0,1.0,22.55405294731885,0,0,0,0,0.0,187.42857142857144,1.0,1.0,1.0,0.0,0.0,98.0,3.229461756373938,1.0,censor,4.391780821917808
bi0629,0.0,0,-12.6986263995881,73.0,0.0,27.62977846413917,0,0,0,0,0.0,153.46428571428572,0.0,1.0,0.0,0.0,0.0,92.0,13.636363636363637,0.0,death,6.63013698630137
bi0631,0.0,0,1.65447737715751,68.0,1.0,27.75791086628156,0,0,0,0,0.0,170.28571428571428,0.0,0.0,0.0,0.0,0.0,97.0,6.517571884984026,0.0,censor,11.065753424657535
bi0633,0.0,1,0.0421421565840063,68.0,1.0,33.46880122246367,0,0,0,0,0.0,143.46428571428572,0.0,0.0,0.0,0.0,0.0,93.0,14.444444444444445,1.0,dementia,7.421917808219178
bi0634,0.0,0,-21.3506475628018,81.0,1.0,24.194640968985528,0,0,0,0,0.0,161.71428571428572,0.0,1.0,0.0,1.0,0.0,95.0,43.57142857142857,0.0,censor,10.56986301369863
bi0636,0.0,0,-1.6373894938415,72.0,1.0,29.075509173437315,0,0,0,0,0.0,161.71428571428572,0.0,1.0,0.0,0.0,0.0,93.0,5.328947368421052,0.0,censor,11.021917808219179
bi0639,0.0,0,4.479786830949,80.0,1.0,31.42847696147305,0,0,0,0,0.0,118.14285714285714,0.0,1.0,1.0,0.0,0.0,97.0,8.21656050955414,0.0,death,8.583561643835617
bi0640,0.0,1,-11.6630221006974,76.0,0.0,33.92691411279788,0,0,0,0,1.0,99.17857142857144,0.0,0.0,0.0,0.0,0.0,91.0,5.918367346938775,1.0,dementia,0.9780821917808219
bi0641,0.0,0,-1.1179808936666,73.0,1.0,29.50694121663071,0,0,0,0,0.0,259.67857142857144,0.0,1.0,0.0,0.0,0.0,96.0,0.728744939271255,0.0,censor,11.139726027397261
bi0645,0.0,0,-10.295605114655,85.0,1.0,27.881919722321115,0,0,0,0,0.0,157.85714285714286,1.0,1.0,1.0,0.0,0.0,88.0,12.901023890784982,1.0,death,5.232876712328767
bi0649,0.0,0,0.237260943604696,80.0,0.0,29.573805845332405,0,0,0,0,0.0,135.14285714285714,0.0,1.0,0.0,0.0,0.0,92.0,29.805194805194805,0.0,death,6.868493150684931
bi0651,1.0,0,0.267884501282296,70.0,0.0,22.2372256515775,0,0,0,0,0.0,101.0,0.0,1.0,0.0,0.0,0.0,63.0,5.092838196286472,1.0,censor,0.0
bi0655,0.0,0,2.1964515453143,82.0,1.0,34.51017292836674,0,0,0,0,1.0,161.7142857142857,1.0,1.0,0.0,0.0,0.0,86.0,6.206896551724138,0.0,death,9.736986301369862
bi0657,0.0,0,-6.8254576932992,83.0,1.0,29.479155979617666,0,0,0,0,1.0,114.21428571428572,0.0,0.0,0.0,0.0,0.0,88.0,13.890675241157556,0.0,death,4.06027397260274
bi0658,0.0,0,0.872897099127997,80.0,0.0,25.629354714470782,0,0,0,0,0.0,188.5,0.0,1.0,0.0,0.0,0.0,89.0,9.977220956719815,0.0,death,8.553424657534247
bi0661,0.0,0,-9.9383336085747,70.0,1.0,28.15796515434642,0,0,0,0,0.0,25.0,0.0,1.0,0.0,0.0,1.0,97.0,1.2173913043478262,0.0,censor,11.402739726027397
bi0666,0.0,0,-4.7577284088178,82.0,1.0,33.944635996958866,0,0,0,0,0.0,146.5,0.0,1.0,0.0,0.0,0.0,98.0,5.594855305466238,1.0,censor,10.736986301369862
bi0669,1.0,0,-1.706496720264,68.0,1.0,36.99209137911321,1,0,0,1,0.0,124.21428571428572,0.0,1.0,0.0,0.0,1.0,61.0,11.030640668523676,,censor,0.0
bi0672,0.0,0,1.1181478406679,85.0,1.0,26.778166888057,0,0,0,0,1.0,72.5,1.0,1.0,1.0,0.0,0.0,96.0,2.2832980972515857,0.0,censor,11.104109589041096
bi0677,0.0,0,-6.0005304319883,77.0,1.0,27.459945256637702,0,0,0,0,0.0,110.78571428571428,1.0,1.0,0.0,0.0,0.0,97.0,9.68609865470852,1.0,death,4.498630136986302
bi0678,0.0,0,-11.5654360779216,73.0,1.0,31.745990186888964,0,0,0,0,1.0,2.142857142857143,0.0,1.0,0.0,0.0,0.0,93.0,11.576763485477178,0.0,censor,10.517808219178082
bi0681,0.0,0,-9.733112221201,72.0,1.0,31.064815222463874,1,0,0,1,0.0,107.5,0.0,0.0,0.0,0.0,0.0,91.0,20.55,1.0,censor,10.789041095890411
bi0682,0.0,0,-1.04176422729149,77.0,1.0,27.068541012111737,0,0,0,0,1.0,98.92857142857144,0.0,0.0,1.0,0.0,0.0,96.0,33.29032258064516,0.0,censor,10.819178082191781
bi0683,0.0,0,4.1851334097848,68.0,1.0,28.535861342526093,0,0,0,0,0.0,107.07142857142856,0.0,1.0,1.0,0.0,0.0,91.0,21.73374613003096,2.0,censor,11.805479452054794
bi0684,0.0,0,-7.4803352569092,79.0,1.0,24.81501352264425,0,0,0,0,0.0,94.21428571428572,0.0,0.0,0.0,0.0,0.0,98.0,7.582417582417582,0.0,death,5.13972602739726
bi0689,0.0,0,-3.52459578064619,83.0,1.0,20.207612456747405,0,0,0,0,0.0,75.0,0.0,0.0,1.0,0.0,0.0,87.0,2.260869565217391,0.0,death,3.4547945205479453
bi0691,0.0,0,-6.80179700575,74.0,1.0,26.02809451418,0,0,0,0,0.0,114.21428571428572,0.0,0.0,0.0,0.0,0.0,99.0,43.49442379182156,0.0,censor,10.860273972602739
bi0692,0.0,1,-4.1825611739464,74.0,1.0,24.413310106530187,0,0,0,0,1.0,137.42857142857144,0.0,0.0,0.0,0.0,0.0,100.0,3.1578947368421053,1.0,dementia,7.610958904109589
bi0694,0.0,0,-3.9341119314109,80.0,1.0,21.435473252776656,0,0,0,0,0.0,110.60714285714286,0.0,0.0,1.0,0.0,0.0,89.0,8.73015873015873,0.0,death,11.186301369863013
bi0697,0.0,0,-16.8167595594349,83.0,1.0,30.54085190735698,0,0,0,0,0.0,175.85714285714286,0.0,1.0,1.0,0.0,0.0,91.0,20.27027027027027,1.0,death,11.564383561643835
bi0701,0.0,0,-9.4877048418614,71.0,1.0,23.993353635971435,0,0,1,1,0.0,211.42857142857144,0.0,1.0,0.0,1.0,0.0,95.0,6.163141993957704,1.0,censor,11.189041095890412
bi0702,0.0,0,-8.8744301145567,78.0,1.0,33.40690359293124,0,0,0,0,0.0,250.7142857142857,0.0,1.0,0.0,0.0,0.0,90.0,60.73170731707317,,censor,11.032876712328767
bi0703,0.0,0,1.5743852521139,75.0,1.0,26.89929551212288,0,0,0,0,0.0,157.21428571428572,0.0,1.0,0.0,0.0,0.0,95.0,10.247191011235955,0.0,death,8.854794520547944
bi0704,0.0,0,6.9460821447063,68.0,1.0,28.918447554096936,0,0,0,0,1.0,176.71428571428572,0.0,1.0,0.0,0.0,0.0,96.0,0.8737864077669902,0.0,censor,10.8
bi0705,1.0,0,-6.4315345833312,77.0,1.0,18.608956557821823,0,0,0,0,1.0,163.17857142857144,0.0,0.0,0.0,0.0,1.0,77.0,5.373134328358209,0.0,dementia,0.0
bi0706,0.0,1,-15.1893413085932,83.0,1.0,30.636525877453906,0,0,0,0,0.0,148.32142857142856,0.0,0.0,0.0,0.0,0.0,89.0,6.524520255863539,0.0,dementia,10.893150684931507
bi0708,0.0,0,-4.4669994229878,69.0,1.0,34.900002639831094,0,0,0,0,0.0,88.14285714285714,0.0,1.0,0.0,0.0,0.0,98.0,25.628140703517587,0.0,censor,10.778082191780822
bi0711,0.0,0,-10.986897676033,71.0,1.0,28.001339210233635,0,0,0,0,0.0,223.42857142857144,0.0,1.0,0.0,0.0,0.0,90.0,6.699029126213592,0.0,censor,10.547945205479452
bi0712,0.0,1,-6.1881916072475,78.0,1.0,25.7760738731462,0,0,0,0,1.0,43.42857142857143,0.0,1.0,0.0,0.0,0.0,94.0,31.0,0.0,dementia,4.698630136986301
bi0718,0.0,0,-8.168959144151,81.0,1.0,26.720711717219302,0,0,0,0,0.0,167.14285714285714,0.0,0.0,0.0,0.0,0.0,96.0,17.71812080536913,0.0,death,9.153424657534247
bi0722,0.0,0,-1.8366673220108,83.0,0.0,28.700174147957284,0,0,0,0,0.0,230.42857142857144,0.0,0.0,0.0,0.0,0.0,93.0,2.76657060518732,0.0,censor,11.926027397260274
bi0725,0.0,1,-1.623605761726,82.0,0.0,28.393966282165035,0,0,0,0,0.0,61.0,0.0,1.0,0.0,0.0,0.0,92.0,46.75977653631285,0.0,dementia,3.8054794520547945
bi0729,0.0,0,4.8659892624717,74.0,1.0,30.62561545296697,0,0,0,0,0.0,184.92857142857144,0.0,1.0,1.0,1.0,0.0,93.0,8.517350157728707,1.0,death,8.865753424657534
bi0734,0.0,0,-7.5489406861537,69.0,0.0,33.03827642227047,0,0,0,0,1.0,81.71428571428572,0.0,0.0,0.0,0.0,0.0,92.0,26.75496688741722,0.0,death,5.698630136986301
bi0737,0.0,0,-4.6740815917954,78.0,0.0,31.04307270233196,0,0,0,0,0.0,75.0,0.0,1.0,0.0,0.0,1.0,90.0,54.193548387096776,0.0,death,2.26027397260274
bi0741,0.0,0,-2.2474896339826,71.0,1.0,30.24349494827408,0,0,0,0,0.0,116.71428571428572,0.0,0.0,0.0,0.0,0.0,87.0,8.99135446685879,0.0,censor,4.446575342465754
bi0742,0.0,0,-6.9890708954442,71.0,1.0,25.56777967951056,0,0,0,0,0.0,181.75,0.0,0.0,0.0,0.0,0.0,97.0,13.5423197492163,1.0,censor,7.046575342465753
bi0743,0.0,0,0.505304623055693,71.0,0.0,34.08231979660551,0,0,0,0,0.0,211.7142857142857,0.0,0.0,0.0,0.0,0.0,92.0,9.096209912536445,0.0,censor,11.432876712328767
bi0747,0.0,0,-6.3772905548803,78.0,0.0,32.67351599784957,0,0,0,0,0.0,133.14285714285714,1.0,0.0,0.0,0.0,0.0,86.0,28.50498338870432,0.0,death,5.435616438356164
bi0748,0.0,0,-3.7973390954353,69.0,0.0,30.200141738207115,0,0,0,0,0.0,263.4642857142857,0.0,0.0,0.0,0.0,0.0,91.0,2.446351931330472,0.0,death,12.243835616438357
bi0749,0.0,0,2.330274417344,72.0,0.0,29.022508172262494,0,0,0,0,0.0,147.71428571428572,0.0,1.0,0.0,0.0,0.0,90.0,11.492204899777285,0.0,censor,11.180821917808219
bi0750,0.0,1,-7.0410649083923,78.0,1.0,29.090281218563725,0,0,0,0,0.0,41.0,1.0,1.0,0.0,0.0,0.0,92.0,4.444444444444445,0.0,dementia,1.263013698630137
bi0751,0.0,0,-0.0384241332751998,74.0,1.0,23.476582148124347,0,0,0,0,0.0,207.67857142857144,0.0,0.0,1.0,0.0,0.0,95.0,2.014388489208633,0.0,censor,11.2986301369863
bi0756,0.0,0,1.74904361409661,82.0,1.0,28.663658663829985,0,0,0,0,0.0,41.35714285714285,0.0,0.0,0.0,0.0,1.0,80.0,0.75,0.0,death,6.082191780821918
bi0757,0.0,1,-3.5410809262191,73.0,1.0,26.425032247496976,0,0,0,0,0.0,223.5,0.0,1.0,0.0,0.0,0.0,86.0,26.62721893491124,1.0,dementia,6.873972602739726
bi0758,1.0,0,-2.62903374777309,71.0,0.0,26.216326289751358,0,0,0,0,0.0,136.0,0.0,0.0,0.0,0.0,0.0,70.0,1.2352941176470589,1.0,censor,0.0
bi0761,0.0,1,-0.345837461147696,77.0,0.0,29.2720052299316,0,0,0,0,0.0,64.57142857142857,0.0,1.0,0.0,0.0,0.0,89.0,66.24605678233438,1.0,dementia,1.4109589041095891
bi0763,0.0,0,-2.3382496887359,84.0,1.0,32.18165219458857,0,0,0,0,0.0,121.0,0.0,0.0,0.0,0.0,0.0,90.0,10.5,0.0,death,5.663013698630137
bi0766,1.0,0,10.9485589221143,76.0,0.0,23.494860499265787,0,0,0,0,0.0,334.3928571428571,0.0,1.0,0.0,0.0,0.0,75.0,4.5,,dementia,0.0
bi0770,0.0,0,-11.0483715559052,73.0,1.0,32.73310533322057,0,0,0,0,0.0,102.0,0.0,1.0,0.0,0.0,0.0,93.0,0.6956521739130435,0.0,death,9.871232876712329
bi0771,0.0,0,-10.3922284746832,72.0,1.0,26.765691706297066,0,0,0,0,0.0,235.0,0.0,1.0,1.0,0.0,0.0,98.0,2.3255813953488373,0.0,death,9.03013698630137
bi0772,0.0,0,-3.14623710117,74.0,0.0,29.85734124479232,0,0,0,0,0.0,141.0,0.0,0.0,0.0,0.0,0.0,81.0,24.945652173913043,0.0,censor,11.454794520547946
bi0773,0.0,0,-7.4225899742607,87.0,0.0,21.72646947565776,0,0,0,0,0.0,191.82142857142856,0.0,1.0,1.0,1.0,0.0,91.0,0.9882352941176472,0.0,death,7.161643835616438
bi0774,0.0,0,-3.5915377503577,79.0,1.0,31.938047278461816,0,0,0,0,0.0,80.5,0.0,1.0,0.0,0.0,0.0,99.0,10.923482849604222,0.0,death,7.23013698630137
bi0775,0.0,0,1.36832778050319,79.0,1.0,28.91049109960863,0,0,0,0,0.0,113.75,0.0,0.0,0.0,0.0,0.0,96.0,1.447721179624665,1.0,censor,7.156164383561644
bi0776,0.0,1,1.60130254765259,68.0,0.0,28.24564386356531,0,0,0,0,0.0,25.0,0.0,1.0,0.0,0.0,0.0,83.0,4.144144144144144,0.0,dementia,1.4383561643835616
bi0778,0.0,0,-0.364565460468995,79.0,1.0,28.299605581006663,0,0,0,0,0.0,68.46428571428572,0.0,1.0,0.0,0.0,0.0,95.0,1.2371134020618555,0.0,censor,10.832876712328767
bi0780,0.0,0,-4.45162164733119,84.0,0.0,24.33255954690456,0,0,0,0,0.0,36.785714285714285,0.0,1.0,0.0,0.0,0.0,91.0,36.34615384615385,0.0,death,5.865753424657535
bi0781,0.0,1,-16.1642407054231,86.0,1.0,29.60086758077703,0,0,0,0,0.0,102.21428571428572,0.0,0.0,0.0,0.0,0.0,83.0,7.368421052631579,1.0,dementia,3.638356164383562
bi0782,0.0,1,-4.4853691266828,75.0,1.0,30.3522076777229,0,0,0,0,0.0,191.7142857142857,0.0,0.0,0.0,0.0,0.0,93.0,14.093959731543624,1.0,dementia,3.4575342465753423
bi0787,0.0,1,-0.130865373205395,78.0,1.0,29.38503538187782,0,0,0,0,0.0,121.0,0.0,1.0,0.0,1.0,0.0,88.0,11.788413098236775,1.0,dementia,4.282191780821917
bi0789,0.0,0,1.15124137403789,75.0,0.0,24.36889464654599,0,0,0,0,0.0,105.75,0.0,1.0,0.0,0.0,0.0,89.0,0.583941605839416,0.0,censor,11.216438356164383
bi0790,0.0,0,-4.8149946106125,78.0,0.0,26.279153023227785,0,0,0,0,0.0,134.57142857142856,0.0,1.0,0.0,0.0,0.0,94.0,0.144578313253012,0.0,censor,10.7013698630137
bi0796,0.0,1,2.3089867887105,80.0,1.0,29.7140831758034,0,0,0,0,0.0,215.7142857142857,0.0,1.0,0.0,0.0,0.0,87.0,6.510263929618769,0.0,dementia,0.8438356164383561
bi0798,0.0,0,-4.1771530052504,69.0,1.0,30.607969456730316,0,0,0,0,0.0,110.39285714285714,0.0,0.0,0.0,0.0,0.0,96.0,22.28187919463087,0.0,censor,11.41095890410959
bi0801,0.0,0,1.1408811626537,78.0,0.0,26.75337176784435,0,0,0,0,0.0,81.71428571428572,0.0,0.0,0.0,0.0,0.0,99.0,2.559241706161137,0.0,censor,11.542465753424658
bi0802,0.0,0,3.0913458579453,68.0,1.0,28.40711272531257,0,0,0,0,0.0,197.42857142857144,0.0,0.0,0.0,0.0,0.0,94.0,3.026706231454006,0.0,censor,11.005479452054795
bi0803,0.0,0,1.6288684923135,68.0,1.0,23.22587580106877,0,0,0,0,0.0,166.71428571428572,0.0,0.0,0.0,0.0,0.0,95.0,1.1764705882352942,0.0,censor,11.471232876712328
bi0804,0.0,0,-0.274703614048093,72.0,1.0,22.4313908485656,0,0,0,0,0.0,262.42857142857144,0.0,0.0,0.0,0.0,0.0,100.0,3.246492985971944,,censor,11.435616438356165
bi0805,0.0,0,0.9974550758063,74.0,0.0,24.63595003977741,0,0,0,0,0.0,166.71428571428572,0.0,1.0,0.0,0.0,0.0,95.0,21.451612903225808,0.0,death,11.824657534246576
bi0806,0.0,1,-0.104171749673498,68.0,0.0,23.554294113967604,0,0,0,0,0.0,86.0,0.0,0.0,0.0,0.0,0.0,93.0,5.081967213114754,0.0,dementia,1.5205479452054795
bi0807,0.0,0,-1.43344730418811,74.0,0.0,26.234982168195938,0,0,0,0,1.0,144.57142857142856,0.0,0.0,0.0,0.0,0.0,91.0,15.826086956521738,1.0,censor,11.095890410958905
bi0809,0.0,0,-13.2048894195166,80.0,1.0,24.5765109321587,0,0,0,0,0.0,117.42857142857144,0.0,0.0,0.0,0.0,0.0,95.0,25.43478260869565,0.0,censor,11.553424657534247
bi0814,0.0,0,-1.2735962899589,85.0,1.0,29.504302664414816,0,0,0,0,0.0,103.25,0.0,0.0,1.0,0.0,0.0,91.0,7.333333333333333,0.0,death,10.150684931506849
bi0815,0.0,0,-4.2687504090692,84.0,1.0,23.479679798053755,0,0,0,0,0.0,153.25,0.0,1.0,1.0,0.0,0.0,98.0,3.7231503579952263,0.0,death,5.64931506849315
bi0821,0.0,0,-6.78024224797571,75.0,1.0,24.2357922842919,0,0,0,0,0.0,263.7142857142857,0.0,0.0,0.0,0.0,0.0,97.0,22.21079691516709,0.0,censor,11.183561643835617
bi0822,1.0,0,-4.1320797271494,77.0,0.0,23.304199229911845,0,0,0,0,0.0,88.5,0.0,0.0,1.0,0.0,0.0,74.0,6.3565891472868215,2.0,dementia,0.0
bi0824,0.0,0,-8.0577147044046,75.0,1.0,24.163265306122447,0,0,0,0,1.0,145.78571428571428,0.0,1.0,0.0,0.0,0.0,98.0,15.116883116883116,0.0,death,5.021917808219178
bi0828,0.0,0,2.1426227023818,71.0,1.0,27.064878680718465,0,0,0,0,0.0,173.21428571428572,0.0,0.0,0.0,0.0,0.0,97.0,14.20654911838791,0.0,censor,11.2
bi0829,1.0,0,-3.87057631597401,81.0,1.0,25.489734712509627,0,0,0,0,1.0,244.0,0.0,1.0,0.0,0.0,0.0,99.0,0.964630225080386,0.0,dementia,0.0
bi0832,0.0,0,-17.1699002192682,84.0,0.0,24.45971018121049,0,0,0,0,0.0,114.32142857142856,0.0,0.0,0.0,0.0,0.0,98.0,2.2119815668202767,1.0,death,5.473972602739726
bi0833,0.0,0,-4.3871957353885,84.0,1.0,29.13472529616696,0,0,0,0,1.0,107.71428571428572,0.0,1.0,1.0,0.0,0.0,89.0,5.691056910569106,0.0,death,5.789041095890411
bi0835,0.0,0,-1.0156596862272,79.0,1.0,25.34171492453237,0,0,0,0,0.0,259.57142857142856,0.0,0.0,1.0,0.0,0.0,85.0,7.826086956521739,1.0,censor,3.706849315068493
bi0838,0.0,0,-4.1439366924867,80.0,1.0,24.259279174284163,0,0,0,0,0.0,125.60714285714286,0.0,0.0,1.0,0.0,0.0,90.0,3.6231884057971016,0.0,death,1.8246575342465754
bi0840,0.0,1,2.821761628057,70.0,1.0,30.57635052465532,1,0,0,1,0.0,313.5,0.0,1.0,0.0,0.0,0.0,94.0,19.083969465648856,0.0,dementia,3.947945205479452
bi0845,0.0,0,-9.83086185318071,75.0,0.0,27.82404540013737,0,0,0,0,0.0,142.42857142857144,0.0,1.0,1.0,1.0,1.0,96.0,1.3636363636363635,0.0,death,9.830136986301369
bi0848,1.0,0,-2.4566632615295,84.0,1.0,25.891867582666748,0,0,0,0,0.0,122.07142857142856,0.0,1.0,0.0,0.0,0.0,87.0,5.705521472392638,0.0,dementia,0.0
bi0851,0.0,1,-5.9711680978934,78.0,0.0,30.299501406069385,0,0,0,0,0.0,108.10714285714286,0.0,1.0,0.0,0.0,0.0,93.0,17.752808988764045,,dementia,3.419178082191781
bi0852,0.0,0,-17.2573948135915,84.0,1.0,26.40478316153992,0,0,0,0,0.0,153.46428571428572,0.0,1.0,0.0,0.0,0.0,97.0,2.2429906542056077,0.0,censor,11.161643835616438
bi0853,0.0,1,-1.5613086466296,74.0,0.0,24.84744958736241,0,0,0,0,0.0,104.07142857142856,0.0,0.0,0.0,0.0,0.0,93.0,8.28125,2.0,dementia,4.287671232876712
bi0854,0.0,0,2.7478574135728,74.0,1.0,27.740795851062902,0,0,0,0,0.0,138.14285714285714,0.0,0.0,0.0,0.0,0.0,97.0,1.964735516372796,0.0,death,8.287671232876713
bi0855,0.0,0,6.6186327188215,69.0,1.0,25.5424444369166,0,0,0,0,1.0,61.82142857142857,0.0,0.0,0.0,0.0,0.0,88.0,1.2578616352201255,0.0,censor,11.528767123287672
bi0858,0.0,0,-2.83587562052929,73.0,0.0,32.479715778427895,0,0,0,0,1.0,144.21428571428572,0.0,0.0,1.0,0.0,0.0,93.0,6.1946902654867255,0.0,censor,11.668493150684931
bi0863,0.0,0,-0.0721506984876044,76.0,1.0,31.05103569159553,0,0,0,0,0.0,120.0,0.0,1.0,0.0,0.0,0.0,96.0,17.984084880636605,0.0,death,8.394520547945206
bi0864,1.0,0,1.00867025239469,87.0,0.0,24.79082501175161,0,0,0,0,0.0,59.32142857142857,1.0,0.0,1.0,0.0,1.0,74.0,18.73972602739726,,death,3.6410958904109587
bi0865,0.0,1,-10.5167756684064,78.0,1.0,27.398558890599475,0,0,1,1,0.0,233.25,0.0,1.0,0.0,0.0,0.0,88.0,8.665207877461707,1.0,dementia,6.947945205479452
bi0867,0.0,0,-9.7764578407994,81.0,1.0,25.882323215472127,0,0,0,0,1.0,32.82142857142857,0.0,0.0,0.0,1.0,1.0,94.0,31.783783783783782,0.0,death,10.454794520547946
bi0870,0.0,0,4.7258856006509,71.0,1.0,25.205200824876787,0,0,0,0,0.0,85.0,0.0,1.0,0.0,0.0,0.0,99.0,9.473684210526317,0.0,censor,11.282191780821918
bi0879,0.0,0,-6.9913838651748,84.0,0.0,21.549714941374734,0,0,0,0,0.0,173.71428571428572,0.0,1.0,0.0,0.0,0.0,90.0,4.92239467849224,0.0,censor,10.89041095890411
bi0880,0.0,0,-6.47488800004371,76.0,1.0,27.452828820349197,0,0,0,0,1.0,88.14285714285714,0.0,0.0,1.0,0.0,0.0,97.0,33.83259911894273,0.0,death,2.2904109589041095
bi0884,0.0,0,-21.9016605267121,85.0,1.0,22.47911900586096,0,0,0,0,0.0,130.14285714285714,0.0,1.0,1.0,1.0,0.0,100.0,0.0,0.0,death,8.756164383561643
bi0887,0.0,0,-14.3014477245546,77.0,1.0,26.176583168651742,0,0,0,0,0.0,118.5,0.0,0.0,0.0,0.0,0.0,94.0,3.4693877551020407,0.0,censor,11.66027397260274
bi0889,0.0,0,-2.00080058639141,67.0,1.0,26.1819666824404,0,0,0,0,0.0,190.7142857142857,0.0,1.0,0.0,0.0,0.0,98.0,8.548387096774194,1.0,censor,11.419178082191781
bi0893,0.0,0,1.3755077904092,71.0,0.0,29.8108588683798,1,0,0,1,0.0,110.0,0.0,1.0,1.0,0.0,0.0,80.0,10.296610169491526,,censor,6.989041095890411
bi0895,0.0,0,3.11078982994179,67.0,1.0,36.23513238897855,0,0,0,0,0.0,232.82142857142856,0.0,1.0,0.0,0.0,0.0,98.0,9.245901639344265,0.0,death,6.909589041095891
bi0897,0.0,0,-17.6015499246535,69.0,1.0,28.3749124300434,0,0,0,0,0.0,73.0,0.0,0.0,0.0,0.0,0.0,89.0,7.380410022779043,0.0,censor,11.528767123287672
bi0901,0.0,0,1.7358784149131,68.0,0.0,29.810818717932584,0,0,0,0,0.0,231.0,0.0,1.0,0.0,0.0,0.0,94.0,1.7733990147783252,2.0,censor,10.90958904109589
bi0904,0.0,0,4.6333720294203,71.0,0.0,27.716167962617487,0,0,0,0,0.0,191.5,0.0,1.0,0.0,0.0,0.0,97.0,7.586206896551724,1.0,censor,10.868493150684932
bi0905,0.0,0,-1.9023286779811,73.0,1.0,24.53976290660006,0,0,0,0,1.0,267.7142857142857,1.0,1.0,0.0,0.0,0.0,97.0,13.367875647668392,1.0,censor,6.923287671232877
bi0910,0.0,0,-16.0735379601616,72.0,1.0,26.900700519460937,0,0,0,0,0.0,126.35714285714286,0.0,0.0,0.0,0.0,0.0,94.0,9.022556390977444,1.0,censor,11.682191780821919
bi0911,1.0,0,-0.0606057475987001,74.0,0.0,27.45718897091745,0,0,0,0,0.0,126.14285714285714,0.0,1.0,1.0,0.0,0.0,75.0,0.3409090909090909,1.0,death,10.75068493150685
bi0912,0.0,0,-16.7433653937469,73.0,1.0,40.48721722068328,0,0,0,0,1.0,52.14285714285714,0.0,0.0,0.0,0.0,0.0,99.0,8.96551724137931,0.0,censor,12.271232876712329
bi0914,0.0,0,-10.3726425467438,87.0,1.0,35.38882839361243,0,0,0,0,1.0,82.14285714285714,0.0,0.0,0.0,0.0,0.0,80.0,13.255813953488373,1.0,censor,7.69041095890411
bi0915,0.0,0,7.71138169567,69.0,0.0,24.618215321028277,1,0,0,1,0.0,386.7142857142857,0.0,1.0,0.0,0.0,0.0,88.0,8.181818181818182,,censor,6.260273972602739
bi0917,0.0,0,5.08520588010811,74.0,1.0,23.636505140939867,0,0,0,0,1.0,17.857142857142854,0.0,0.0,0.0,0.0,0.0,83.0,20.357142857142858,1.0,censor,4.3123287671232875
bi0920,0.0,0,0.147615290312899,74.0,1.0,24.57715486652523,0,0,0,0,0.0,166.46428571428572,0.0,1.0,0.0,1.0,0.0,93.0,16.945244956772335,1.0,death,5.090410958904109
bi0922,0.0,0,-8.7111509291926,69.0,1.0,25.92091108489644,0,0,0,0,1.0,369.6071428571429,0.0,0.0,0.0,0.0,0.0,100.0,28.817733990147783,0.0,censor,3.627397260273973
bi0923,1.0,0,-9.3480175295022,77.0,1.0,28.033188917104248,0,0,0,0,1.0,254.17857142857144,0.0,0.0,0.0,0.0,0.0,87.0,12.432432432432432,0.0,dementia,0.0
bi0926,0.0,0,0.706753901108499,82.0,1.0,23.97340025066398,0,0,0,0,1.0,21.428571428571427,0.0,0.0,0.0,0.0,0.0,93.0,0.3773584905660377,1.0,death,8.501369863013698
bi0929,0.0,0,-3.8565477230968,80.0,0.0,26.368894124850527,0,0,0,0,0.0,132.75,0.0,1.0,0.0,0.0,0.0,87.0,11.566265060240964,0.0,censor,11.61917808219178
bi0931,0.0,0,-2.2880554431009,72.0,0.0,28.178160680391183,0,0,0,0,0.0,178.57142857142856,1.0,1.0,0.0,0.0,0.0,97.0,13.02013422818792,0.0,censor,10.901369863013699
bi0933,0.0,0,-7.1440716870011,79.0,1.0,26.33263894525156,0,0,0,0,1.0,138.14285714285714,0.0,0.0,0.0,0.0,0.0,97.0,6.943620178041543,1.0,death,9.424657534246576
bi0934,1.0,0,-0.523234373489103,81.0,1.0,29.14725746126564,0,0,0,0,0.0,124.57142857142856,0.0,0.0,0.0,0.0,0.0,77.0,15.251396648044691,1.0,dementia,0.0
bi0939,0.0,0,-8.29432678036569,84.0,1.0,23.99945916711736,0,0,0,0,0.0,157.35714285714286,0.0,0.0,0.0,0.0,0.0,95.0,25.02673796791444,0.0,censor,11.197260273972603
bi0940,0.0,0,2.54955823356021,67.0,1.0,29.44703951521272,0,0,0,0,1.0,59.64285714285714,0.0,1.0,0.0,0.0,0.0,99.0,11.890243902439025,1.0,censor,11.495890410958904
bi0943,0.0,0,0.169402355733993,77.0,0.0,28.252010331478264,0,0,0,0,1.0,61.25,0.0,1.0,0.0,0.0,0.0,84.0,3.520408163265306,1.0,death,9.567123287671233
bi0948,0.0,0,-8.1252893786982,79.0,1.0,27.57794820769752,0,0,0,0,0.0,224.67857142857144,0.0,1.0,0.0,0.0,0.0,93.0,7.804878048780488,1.0,censor,11.257534246575343
bi0951,0.0,1,-6.9505771578594,79.0,1.0,25.48221068283933,0,0,0,0,1.0,220.8571428571429,0.0,0.0,0.0,0.0,0.0,89.0,16.442307692307693,1.0,dementia,1.904109589041096
bi0957,0.0,0,-1.75100018021099,76.0,1.0,30.48587293475551,0,0,0,0,0.0,78.57142857142857,0.0,1.0,0.0,0.0,0.0,93.0,17.20136518771331,0.0,death,4.9150684931506845
bi0958,0.0,0,-5.6925445582166,83.0,0.0,24.410157992643285,0,0,0,0,1.0,72.89285714285714,0.0,1.0,0.0,0.0,0.0,83.0,6.126760563380282,0.0,censor,11.490410958904109
bi0963,0.0,1,-12.1004401940226,82.0,1.0,21.26393784676049,0,0,0,0,1.0,12.5,0.0,1.0,0.0,0.0,1.0,92.0,2.4324324324324325,0.0,dementia,4.304109589041096
bi0965,0.0,1,3.01967073902919,69.0,0.0,25.450020782866357,1,0,0,1,0.0,115.57142857142856,0.0,1.0,0.0,0.0,0.0,85.0,0.3896103896103896,,dementia,11.312328767123288
bi0966,0.0,0,-8.8237041235857,77.0,0.0,32.151522286603466,0,0,0,0,1.0,102.5,0.0,1.0,0.0,0.0,0.0,90.0,28.034188034188038,0.0,censor,11.383561643835616
bi0974,0.0,0,-5.2561606701078,69.0,1.0,41.17283950617284,1,0,0,1,0.0,213.5,1.0,1.0,0.0,0.0,0.0,81.0,14.441260744985671,0.0,censor,11.443835616438356
mn1503,0.0,0,3.7367423652111,76.0,1.0,26.32746734502396,0,0,0,0,0.0,141.46428571428572,0.0,0.0,0.0,0.0,0.0,95.0,2.893081761006289,1.0,censor,10.526027397260274
mn1505,0.0,1,-4.4408120632957,77.0,0.0,24.36620980023291,0,0,0,0,0.0,199.67857142857144,0.0,0.0,0.0,0.0,0.0,94.0,3.6893203883495143,0.0,dementia,3.3205479452054796
mn1507,0.0,1,2.54671391606691,73.0,1.0,31.151845919312706,0,0,0,0,0.0,103.92857142857144,0.0,0.0,0.0,0.0,0.0,80.0,0.8294930875576036,1.0,dementia,4.13972602739726
mn1508,0.0,0,-8.7824253875901,73.0,1.0,24.967374704984035,0,0,0,0,0.0,148.67857142857144,0.0,0.0,0.0,0.0,0.0,96.0,2.2222222222222223,1.0,censor,10.931506849315069
mn1511,0.0,0,-0.682621419048601,71.0,1.0,29.58548056685047,0,0,0,0,0.0,187.42857142857144,0.0,1.0,0.0,0.0,0.0,92.0,10.84870848708487,0.0,censor,11.063013698630137
mn1515,0.0,0,-8.640737574582,69.0,1.0,24.615152997854647,0,0,0,0,0.0,104.57142857142856,0.0,1.0,0.0,0.0,0.0,96.0,2.918918918918919,1.0,censor,10.726027397260275
mn1517,0.0,0,-3.0750245422838,73.0,1.0,28.999404427405384,0,0,0,0,0.0,121.32142857142858,0.0,0.0,0.0,0.0,0.0,92.0,4.825737265415549,0.0,censor,10.416438356164383
mn1518,0.0,0,-7.38740000978839,86.0,0.0,31.6483200882752,0,0,0,0,0.0,35.35714285714286,0.0,0.0,0.0,0.0,0.0,88.0,11.76079734219269,0.0,death,4.53972602739726
mn1521,0.0,0,-0.340637940407504,70.0,0.0,32.64618946260954,0,0,0,0,0.0,98.39285714285714,0.0,0.0,0.0,0.0,0.0,96.0,17.864077669902912,1.0,censor,10.41095890410959
mn1523,0.0,0,-4.6062245563047,80.0,0.0,27.481089355655616,0,0,0,0,0.0,56.42857142857143,0.0,0.0,0.0,0.0,0.0,96.0,0.5882352941176471,1.0,censor,11.043835616438356
mn1524,0.0,0,3.5425484470785,71.0,1.0,30.129211447892764,0,0,0,0,0.0,106.14285714285714,0.0,0.0,0.0,0.0,0.0,97.0,1.0876132930513596,0.0,censor,10.243835616438357
mn1525,0.0,1,-17.215812553301,74.0,1.0,25.8223080905926,0,0,0,0,0.0,164.07142857142856,0.0,0.0,0.0,0.0,0.0,93.0,0.3550295857988165,0.0,dementia,0.9178082191780822
mn1526,0.0,0,0.703037455656002,70.0,0.0,28.44068785316375,0,0,0,0,0.0,91.0,0.0,0.0,1.0,0.0,0.0,81.0,5.0,0.0,censor,10.586301369863014
mn1527,0.0,0,-5.8790367834068,72.0,1.0,25.453004666410507,0,0,0,0,0.0,217.17857142857144,0.0,0.0,0.0,0.0,0.0,96.0,1.1076923076923078,0.0,censor,10.336986301369864
mn1532,0.0,0,2.3441353985197,69.0,1.0,22.993641743274964,0,0,0,0,0.0,99.96428571428572,0.0,0.0,0.0,0.0,0.0,99.0,7.572815533980583,1.0,censor,6.67945205479452
mn1535,0.0,0,-2.8763134855528,79.0,1.0,25.26752970261817,0,0,0,0,0.0,228.14285714285717,0.0,0.0,0.0,0.0,0.0,99.0,16.58823529411765,0.0,censor,11.232876712328768
mn1538,1.0,0,-9.2627314949892,91.0,0.0,29.80791790717176,0,0,0,0,0.0,127.0,0.0,0.0,1.0,0.0,0.0,64.0,14.778947368421052,1.0,censor,0.0
mn1540,0.0,1,-5.7237285915753,76.0,1.0,24.830292687916195,0,0,0,0,0.0,208.53571428571428,0.0,0.0,0.0,0.0,0.0,95.0,5.32258064516129,1.0,dementia,2.8904109589041096
mn1541,0.0,1,-4.2262725699527,75.0,1.0,25.6690038260964,0,0,0,0,0.0,159.0,0.0,1.0,0.0,0.0,0.0,86.0,14.336283185840708,0.0,dementia,11.183561643835617
mn1543,0.0,0,-8.07549916427,74.0,1.0,32.02022538646462,0,0,0,0,0.0,168.71428571428572,0.0,0.0,0.0,0.0,0.0,91.0,0.160427807486631,0.0,death,3.2904109589041095
mn1544,0.0,0,-4.8147971980958,75.0,1.0,22.16542056987188,0,0,0,0,0.0,115.75,0.0,1.0,1.0,0.0,0.0,91.0,17.85123966942149,,death,8.89041095890411
mn1546,0.0,0,-0.865353130252203,76.0,1.0,31.87815024104383,0,0,0,0,0.0,191.60714285714283,0.0,1.0,0.0,0.0,0.0,97.0,9.93103448275862,0.0,censor,11.334246575342465
mn1548,0.0,0,-2.2716783845997,78.0,1.0,22.626154441223346,0,0,0,0,1.0,73.25,0.0,0.0,0.0,0.0,0.0,94.0,17.936842105263157,0.0,censor,10.446575342465753
mn1550,0.0,0,-5.811483652168,69.0,1.0,31.15384320255369,0,0,0,0,0.0,240.28571428571428,0.0,1.0,0.0,0.0,0.0,93.0,17.480314960629922,0.0,censor,10.449315068493151
mn1552,0.0,0,-6.5524642828322,77.0,1.0,26.0518227497934,0,0,0,0,0.0,141.71428571428572,1.0,1.0,0.0,0.0,0.0,96.0,31.29113924050633,0.0,death,9.26849315068493
mn1553,0.0,0,-0.4775481446583,78.0,1.0,25.66216951402694,0,0,0,0,0.0,205.0,0.0,0.0,0.0,0.0,0.0,92.0,13.379310344827584,,censor,10.506849315068493
mn1555,0.0,0,-2.18490004496709,73.0,1.0,30.580154495991017,0,0,0,0,0.0,190.67857142857144,0.0,0.0,0.0,0.0,0.0,91.0,8.338368580060424,1.0,death,8.564383561643835
mn1562,0.0,0,-12.3406182925528,71.0,1.0,26.44456366430789,0,0,0,0,0.0,131.92857142857144,0.0,0.0,0.0,0.0,0.0,92.0,10.179948586118252,0.0,censor,10.805479452054794
mn1565,0.0,0,-0.353098414800996,89.0,0.0,27.67858825796209,0,0,0,0,0.0,106.0,0.0,1.0,0.0,0.0,0.0,93.0,0.861244019138756,0.0,death,2.8164383561643835
mn1566,0.0,0,-0.739958635623793,74.0,1.0,25.8547000631777,0,0,0,0,0.0,134.21428571428572,0.0,0.0,0.0,0.0,0.0,97.0,1.853932584269663,1.0,censor,10.526027397260274
mn1567,0.0,0,-1.0356934963735,70.0,1.0,25.746915049958535,0,0,0,0,0.0,121.0,0.0,0.0,0.0,0.0,0.0,93.0,0.15,0.0,censor,10.887671232876713
mn1570,0.0,0,-1.1994090049586,82.0,1.0,27.028364140090588,0,0,0,0,0.0,116.0,0.0,1.0,0.0,0.0,0.0,97.0,15.356200527704486,0.0,death,6.972602739726027
mn1571,0.0,1,-8.86660769683731,83.0,0.0,27.02986590105389,0,0,0,0,0.0,132.07142857142856,1.0,1.0,1.0,0.0,0.0,99.0,4.528301886792453,0.0,dementia,4.243835616438356
mn1572,0.0,0,0.0272518885061004,77.0,1.0,28.702297776550783,0,0,0,0,0.0,193.17857142857144,1.0,1.0,0.0,0.0,0.0,98.0,19.020172910662826,1.0,censor,11.561643835616438
mn1573,0.0,0,3.7604018213711,77.0,1.0,27.846265782799613,0,0,0,0,0.0,131.0,1.0,0.0,0.0,0.0,0.0,92.0,13.369565217391305,0.0,censor,10.75068493150685
mn1574,0.0,0,1.4244916434527,77.0,1.0,20.571428571428573,0,0,0,0,0.0,75.71428571428572,0.0,1.0,0.0,0.0,0.0,95.0,0.5095541401273885,0.0,death,11.123287671232877
mn1577,0.0,0,-10.7160899810585,71.0,1.0,30.16399069596908,0,0,0,0,1.0,113.32142857142856,0.0,0.0,0.0,0.0,0.0,93.0,8.299319727891156,0.0,censor,10.616438356164384
mn1578,0.0,0,-27.0490696728832,70.0,1.0,26.761882521534808,0,0,0,0,0.0,61.0,1.0,1.0,0.0,0.0,0.0,100.0,18.63013698630137,0.0,censor,9.665753424657535
mn1580,0.0,1,-3.9331370734175,83.0,0.0,24.378759845761472,0,0,0,0,1.0,98.21428571428572,1.0,1.0,1.0,0.0,0.0,89.0,7.281553398058253,0.0,dementia,4.583561643835616
mn1582,0.0,0,-6.1113317143011,74.0,1.0,21.963123543314445,0,0,0,0,0.0,148.5,0.0,0.0,0.0,0.0,0.0,98.0,1.656441717791411,0.0,censor,9.93972602739726
mn1583,0.0,1,-6.6110369270169,86.0,1.0,24.40379747265812,0,0,0,0,0.0,97.07142857142856,0.0,1.0,0.0,0.0,1.0,94.0,3.0991735537190084,0.0,dementia,11.180821917808219
mn1586,0.0,0,2.4046611747243,71.0,1.0,23.48892378629423,0,0,0,0,0.0,298.7857142857143,0.0,0.0,1.0,0.0,0.0,94.0,3.3245382585751977,0.0,death,7.380821917808219
mn1587,0.0,0,-1.5792543702868,75.0,1.0,29.95603073890399,0,0,0,0,0.0,114.0,0.0,1.0,0.0,0.0,0.0,100.0,6.885245901639344,0.0,censor,10.90958904109589
mn1589,0.0,0,0.781763628661494,72.0,1.0,31.291849281714143,0,0,0,0,0.0,25.0,0.0,0.0,0.0,1.0,0.0,90.0,8.31858407079646,0.0,death,3.780821917808219
mn1592,0.0,0,0.360760697401901,79.0,1.0,27.89458144976993,0,0,0,0,0.0,140.71428571428572,0.0,0.0,0.0,0.0,0.0,99.0,19.402985074626866,0.0,death,7.210958904109589
mn1594,0.0,1,-5.1004431516746,79.0,1.0,21.07167785003671,0,0,0,0,0.0,153.92857142857144,0.0,1.0,0.0,0.0,0.0,83.0,16.44787644787645,1.0,dementia,1.9479452054794522
mn1595,0.0,0,-1.7488757123254,68.0,1.0,25.658637703564462,0,0,0,0,0.0,211.2142857142857,0.0,0.0,0.0,0.0,0.0,94.0,4.74934036939314,0.0,censor,10.621917808219179
mn1596,0.0,1,-4.1795700154959,84.0,1.0,25.54630292062958,0,0,0,0,0.0,133.5,0.0,0.0,0.0,0.0,0.0,94.0,4.5528455284552845,1.0,dementia,12.216438356164383
mn1597,0.0,0,-7.1661075657935,69.0,1.0,27.55006434155468,0,0,0,0,0.0,200.82142857142856,0.0,0.0,0.0,0.0,0.0,97.0,23.747072599531617,0.0,censor,9.761643835616438
mn1598,0.0,0,6.9882394353472,80.0,0.0,33.38143819114708,0,0,0,0,0.0,121.35714285714286,0.0,0.0,1.0,0.0,0.0,91.0,71.875,0.0,death,8.953424657534246
mn1599,0.0,0,-3.7566804678021,73.0,1.0,28.31596526762994,0,0,0,0,0.0,221.2142857142857,0.0,0.0,0.0,0.0,0.0,96.0,0.9937888198757764,0.0,censor,10.819178082191781
mn1600,0.0,1,2.1998024969064,74.0,1.0,28.66971535537475,0,0,0,0,0.0,135.57142857142856,0.0,1.0,1.0,0.0,0.0,93.0,4.876847290640394,0.0,dementia,11.98082191780822
mn1602,0.0,0,-5.3224376955348,74.0,1.0,28.23736309017928,0,0,0,0,0.0,218.25,0.0,0.0,0.0,0.0,0.0,95.0,2.3622047244094486,0.0,censor,11.139726027397261
mn1604,0.0,0,3.3389701485038,77.0,1.0,27.052624218963533,0,0,0,0,0.0,67.0,0.0,1.0,0.0,0.0,0.0,95.0,3.832923832923833,0.0,death,10.468493150684932
mn1607,0.0,0,-10.2973356787098,69.0,1.0,20.623697261938688,0,0,0,0,0.0,199.0,0.0,0.0,0.0,0.0,1.0,98.0,4.079320113314448,,censor,11.005479452054795
mn1608,0.0,0,-4.48338592892389,81.0,1.0,24.512774485750377,0,0,0,0,1.0,33.57142857142857,0.0,0.0,0.0,0.0,0.0,93.0,0.1675977653631284,0.0,death,6.923287671232877
mn1609,0.0,1,-7.6177448374964,82.0,1.0,23.16235879549562,0,0,0,0,0.0,176.0,0.0,0.0,0.0,0.0,0.0,96.0,13.518987341772153,1.0,dementia,0.9616438356164384
mn1610,0.0,0,-13.4715828844755,82.0,0.0,36.93159656081912,0,0,0,0,0.0,60.0,0.0,1.0,1.0,0.0,0.0,99.0,1.5083798882681565,0.0,death,3.841095890410959
mn1611,0.0,0,3.9010553738858,75.0,1.0,23.56663223140496,0,0,0,0,0.0,209.1071428571429,0.0,0.0,0.0,0.0,0.0,91.0,19.19308357348703,0.0,censor,10.898630136986302
mn1612,0.0,0,-0.176782458741698,72.0,1.0,24.23941465382795,0,0,0,0,0.0,110.71428571428572,0.0,1.0,1.0,0.0,0.0,98.0,12.25609756097561,0.0,censor,12.153424657534247
mn1615,0.0,0,1.57432722480971,82.0,1.0,24.857787687210216,0,0,0,0,0.0,78.92857142857143,0.0,0.0,0.0,0.0,0.0,97.0,0.2352941176470588,0.0,censor,3.4164383561643836
mn1617,0.0,0,-5.9744646513326,70.0,0.0,34.158692068447024,0,0,0,0,0.0,183.14285714285717,0.0,0.0,0.0,0.0,0.0,91.0,12.318840579710145,0.0,censor,11.386301369863014
mn1618,0.0,0,5.06771838879951,70.0,1.0,30.404356382172224,0,0,0,0,0.0,188.0,0.0,0.0,0.0,0.0,0.0,99.0,34.7093023255814,0.0,censor,11.27945205479452
mn1619,0.0,0,-5.5117442651317,77.0,1.0,30.03780490257194,0,0,0,0,0.0,65.60714285714286,0.0,1.0,1.0,0.0,0.0,98.0,28.02030456852792,1.0,censor,10.761643835616438
mn1624,0.0,0,2.3201456395927,75.0,0.0,23.215304487024017,0,0,0,0,0.0,149.5,0.0,0.0,0.0,0.0,0.0,97.0,17.888198757763973,1.0,death,8.712328767123287
mn1625,0.0,1,-2.6450712412371,79.0,1.0,27.15343131114972,0,0,0,0,0.0,53.92857142857143,0.0,1.0,0.0,0.0,0.0,99.0,1.7837837837837838,0.0,dementia,1.0
mn1626,0.0,0,-0.372035721918806,73.0,1.0,26.45603140020053,0,0,0,0,0.0,114.82142857142858,0.0,0.0,0.0,0.0,0.0,92.0,26.771653543307085,1.0,censor,9.832876712328767
mn1627,0.0,1,2.7047121897246,76.0,1.0,22.59639698723659,0,0,0,0,0.0,198.9642857142857,0.0,0.0,0.0,1.0,0.0,92.0,7.808219178082192,0.0,dementia,0.9013698630136986
mn1628,0.0,0,-7.5718337104655,82.0,0.0,28.164766835176035,0,0,0,0,1.0,98.85714285714286,0.0,1.0,0.0,1.0,0.0,85.0,8.305084745762711,0.0,censor,11.98904109589041
mn1630,0.0,0,-1.0627692107747,71.0,1.0,24.160127087464204,0,0,0,0,0.0,137.57142857142856,0.0,0.0,0.0,0.0,0.0,95.0,6.9397590361445785,0.0,censor,10.791780821917808
mn1631,0.0,0,-0.612137864442701,72.0,0.0,43.72713055888738,0,0,0,0,0.0,263.5357142857143,1.0,1.0,0.0,0.0,0.0,95.0,50.7945205479452,1.0,censor,10.424657534246576
mn1632,0.0,0,-4.12179860127971,79.0,1.0,23.873112977842705,0,0,0,0,0.0,144.57142857142856,0.0,1.0,1.0,0.0,0.0,91.0,1.0396039603960396,0.0,death,9.63013698630137
mn1633,0.0,0,-9.2858134484198,87.0,1.0,24.86958793942425,0,0,0,0,0.0,27.142857142857142,0.0,0.0,0.0,0.0,1.0,92.0,23.1,0.0,death,9.67123287671233
mn1634,0.0,0,-1.3760188992224,77.0,1.0,22.9349583585132,0,0,0,0,1.0,202.2142857142857,0.0,0.0,0.0,0.0,0.0,91.0,0.6138107416879796,0.0,censor,11.824657534246576
mn1636,0.0,0,-8.4863132441392,72.0,1.0,25.97322611419696,0,0,0,0,0.0,70.0,0.0,1.0,0.0,0.0,0.0,89.0,6.36604774535809,0.0,censor,11.186301369863013
mn1637,0.0,0,-0.671993534442393,78.0,0.0,31.336910964001728,0,0,0,0,1.0,143.07142857142858,0.0,1.0,1.0,1.0,1.0,95.0,10.297029702970296,1.0,death,7.947945205479452
mn1638,0.0,0,-9.6263812346661,71.0,0.0,33.55415992940562,0,0,0,0,0.0,101.0,0.0,0.0,0.0,0.0,0.0,97.0,15.319148936170214,0.0,death,8.224657534246575
mn1639,0.0,0,-5.5247581562257,78.0,1.0,29.515882761400043,0,0,0,0,0.0,88.14285714285714,0.0,0.0,1.0,0.0,0.0,94.0,9.36986301369863,0.0,death,6.254794520547946
mn1641,0.0,0,-10.6423323071014,72.0,0.0,31.04184181594775,0,0,0,0,0.0,93.5,0.0,1.0,0.0,0.0,0.0,94.0,44.46428571428572,0.0,censor,11.202739726027398
mn1643,0.0,1,-8.20117743418881,79.0,1.0,24.4803803874491,0,0,0,0,0.0,233.2857142857143,0.0,0.0,0.0,1.0,1.0,98.0,2.280701754385965,1.0,dementia,2.936986301369863
mn1644,0.0,0,-7.7033550610044,82.0,0.0,27.563362230701387,0,0,0,0,1.0,121.35714285714286,0.0,0.0,1.0,0.0,1.0,87.0,20.94915254237288,,death,9.597260273972603
mn1645,0.0,0,-0.855314058209203,73.0,1.0,25.54622473246136,0,0,0,0,0.0,78.92857142857143,1.0,1.0,0.0,0.0,0.0,98.0,7.899159663865547,,death,9.917808219178083
mn1646,0.0,0,-5.1589355687851,74.0,1.0,30.275140079862155,0,0,0,0,0.0,178.5,0.0,1.0,0.0,0.0,0.0,97.0,9.31578947368421,1.0,censor,11.331506849315069
mn1647,0.0,0,-9.80348011682599,82.0,1.0,28.393943887257112,0,0,0,0,0.0,101.0,0.0,0.0,1.0,0.0,0.0,96.0,2.981366459627329,0.0,death,11.265753424657534
mn1648,0.0,0,-8.10471937424531,76.0,1.0,28.44923843682998,0,0,0,0,0.0,115.0,0.0,0.0,1.0,0.0,0.0,87.0,12.903225806451612,,death,9.315068493150685
mn1649,0.0,1,2.22829073641689,70.0,0.0,27.65902386004865,0,0,0,0,0.0,27.142857142857142,1.0,1.0,0.0,0.0,0.0,93.0,28.54736842105263,0.0,dementia,2.0493150684931507
mn1650,0.0,0,-4.32952018897829,69.0,1.0,30.165902879214,0,0,0,0,0.0,66.0,0.0,1.0,0.0,0.0,0.0,92.0,8.108108108108109,0.0,censor,11.520547945205479
mn1652,0.0,0,-3.90110935221171,69.0,0.0,33.712756694769475,0,0,0,0,0.0,76.0,1.0,1.0,0.0,0.0,0.0,96.0,37.07692307692308,0.0,censor,10.56986301369863
mn1653,0.0,0,3.1947502155636,77.0,1.0,26.67921411778817,0,0,0,0,0.0,148.67857142857144,0.0,1.0,0.0,0.0,0.0,97.0,0.4972375690607735,0.0,death,8.09041095890411
mn1658,0.0,0,3.2813384563095,76.0,1.0,26.8612069228656,0,0,0,0,0.0,124.57142857142856,0.0,0.0,0.0,0.0,0.0,95.0,3.893805309734513,,censor,10.92876712328767
mn1660,0.0,0,2.6949312919601,77.0,0.0,31.472703699493373,0,0,0,0,0.0,173.71428571428572,0.0,1.0,1.0,1.0,0.0,92.0,19.245283018867923,,death,11.687671232876712
mn1662,0.0,0,-1.2305919899684,82.0,0.0,25.75172080666586,0,0,0,0,0.0,204.57142857142856,0.0,0.0,0.0,0.0,0.0,91.0,2.2429906542056077,0.0,censor,11.76986301369863
mn1664,0.0,0,3.56390165033829,69.0,1.0,25.735772203205368,0,0,0,0,0.0,170.28571428571428,0.0,1.0,0.0,0.0,0.0,97.0,23.14720812182741,0.0,censor,10.871232876712329
mn1665,0.0,0,2.4513886188588,72.0,0.0,36.67754230867111,0,0,0,0,0.0,224.5,1.0,1.0,0.0,0.0,0.0,92.0,0.0,0.0,censor,10.997260273972604
mn1668,0.0,0,-4.0250751198713,74.0,1.0,29.0181499597084,0,0,0,0,0.0,165.14285714285714,0.0,1.0,0.0,0.0,0.0,93.0,12.12121212121212,,death,7.147945205479452
mn1670,0.0,1,-2.07277941255509,76.0,1.0,27.046507297972813,0,0,0,0,0.0,68.5,0.0,0.0,0.0,0.0,1.0,95.0,32.054794520547944,0.0,dementia,4.564383561643836
mn1672,0.0,0,1.4704248461953,73.0,0.0,28.41269931765593,0,0,0,0,0.0,188.64285714285717,0.0,1.0,0.0,0.0,0.0,90.0,8.008474576271187,0.0,censor,10.394520547945206
mn1675,0.0,0,-4.8264290880322,85.0,0.0,24.449433940037395,0,0,0,0,1.0,130.64285714285714,1.0,0.0,0.0,0.0,0.0,88.0,17.844827586206897,1.0,death,8.073972602739726
mn1676,0.0,0,-2.0583118807767,81.0,1.0,26.449842171495,0,0,0,0,0.0,184.57142857142856,0.0,0.0,0.0,0.0,0.0,96.0,8.085106382978724,0.0,death,3.9808219178082194
mn1677,0.0,0,-1.31876024342201,80.0,1.0,25.688280852507205,0,0,0,0,0.0,162.71428571428572,0.0,1.0,0.0,0.0,0.0,95.0,5.096525096525096,0.0,death,6.791780821917809
mn1678,0.0,0,4.3460823536099,79.0,1.0,26.315204562985127,0,0,0,0,0.0,131.28571428571428,0.0,0.0,0.0,0.0,0.0,89.0,0.7912087912087912,,death,2.758904109589041
mn1680,0.0,0,-5.92743435258809,73.0,0.0,27.458654210326976,0,0,0,0,0.0,195.0,0.0,1.0,0.0,0.0,0.0,96.0,13.808219178082192,0.0,censor,9.8
mn1683,0.0,0,5.5616338900106,70.0,0.0,28.343968348431748,0,0,0,0,0.0,154.28571428571428,0.0,1.0,1.0,0.0,0.0,95.0,4.455445544554456,0.0,censor,11.153424657534247
mn1684,0.0,0,-0.177026219101904,74.0,1.0,25.89060219469457,0,0,0,0,0.0,120.0,1.0,0.0,0.0,0.0,0.0,95.0,9.927007299270072,,death,5.134246575342465
mn1686,0.0,0,1.8947929316886,74.0,1.0,23.47806081323017,0,0,0,0,0.0,52.14285714285714,0.0,1.0,0.0,0.0,0.0,94.0,0.2797202797202797,1.0,censor,3.271232876712329
mn1690,0.0,0,4.0656315409238,71.0,0.0,31.939810106113544,0,0,0,0,0.0,93.39285714285714,0.0,0.0,0.0,0.0,0.0,92.0,6.185567010309279,0.0,censor,11.564383561643835
mn1691,0.0,1,6.13455359420711,75.0,1.0,34.47623168027689,0,0,0,0,0.0,184.75,1.0,0.0,0.0,0.0,0.0,91.0,34.40677966101695,1.0,dementia,4.83013698630137
mn1694,0.0,0,-3.4557018292348,79.0,0.0,23.788532390282715,0,0,0,0,0.0,62.14285714285714,1.0,1.0,0.0,0.0,1.0,87.0,9.06474820143885,0.0,death,2.989041095890411
mn1695,0.0,0,-1.5253682214386,73.0,0.0,24.590693865487754,0,0,0,0,0.0,177.5,0.0,1.0,1.0,0.0,0.0,93.0,3.6496350364963503,0.0,death,4.3123287671232875
mn1698,0.0,0,-6.8071194669131,70.0,1.0,35.169744859564965,0,0,0,0,0.0,58.92857142857143,0.0,1.0,0.0,0.0,0.0,97.0,15.0,0.0,censor,11.421917808219177
mn1699,0.0,0,2.1420276069864,72.0,1.0,28.568372763120003,0,0,0,0,0.0,63.57142857142857,0.0,1.0,0.0,0.0,0.0,85.0,5.3538461538461535,0.0,censor,11.241095890410959
mn1700,0.0,0,-0.600757051552407,75.0,1.0,29.23719904059756,0,0,0,0,0.0,234.17857142857144,0.0,1.0,0.0,0.0,0.0,95.0,17.790697674418606,0.0,censor,10.76986301369863
mn1703,0.0,0,0.989499905845705,71.0,1.0,28.55291289783305,0,0,0,0,0.0,175.21428571428572,1.0,1.0,0.0,0.0,0.0,92.0,41.81347150259067,0.0,censor,4.586301369863014
mn1704,0.0,0,-17.5042390018152,70.0,1.0,29.323133072043262,0,0,0,0,0.0,187.42857142857144,1.0,0.0,0.0,0.0,0.0,100.0,13.372434017595308,0.0,censor,10.084931506849315
mn1712,0.0,0,-1.2183002078658,81.0,1.0,26.59154790961807,0,0,0,0,1.0,30.0,0.0,1.0,0.0,0.0,0.0,91.0,2.571428571428572,0.0,death,4.778082191780822
mn1714,0.0,0,-7.3172222521472,74.0,1.0,26.78252019688978,0,0,0,0,0.0,72.35714285714286,0.0,1.0,0.0,0.0,0.0,96.0,10.268041237113405,1.0,censor,11.315068493150685
mn1717,0.0,0,1.6068783679424,82.0,1.0,27.66940360372049,0,0,0,0,0.0,169.21428571428572,0.0,0.0,0.0,0.0,0.0,92.0,0.0,0.0,death,3.7205479452054795
mn1720,0.0,0,1.6663225207205,69.0,1.0,35.40119530272719,0,0,0,0,0.0,119.21428571428572,0.0,0.0,0.0,0.0,0.0,97.0,9.195402298850574,0.0,censor,11.942465753424658
mn1721,0.0,0,-15.7520937395017,80.0,1.0,23.219189504499656,0,0,0,0,0.0,274.57142857142856,0.0,0.0,0.0,0.0,0.0,96.0,4.41717791411043,0.0,censor,11.021917808219179
mn1722,0.0,1,-0.372758622449496,75.0,1.0,29.91446938441024,0,0,0,0,0.0,131.75,0.0,1.0,1.0,0.0,0.0,98.0,12.177589852008456,,dementia,3.2273972602739724
mn1723,0.0,0,5.10597866788351,74.0,1.0,28.603546169329384,0,0,0,0,0.0,133.78571428571428,0.0,0.0,0.0,0.0,0.0,92.0,4.354838709677419,0.0,censor,10.419178082191781
mn1724,0.0,0,-10.3016344417446,81.0,1.0,29.55960995165652,0,0,0,0,0.0,148.14285714285714,1.0,1.0,0.0,0.0,0.0,96.0,14.89051094890511,1.0,censor,11.747945205479452
mn1725,0.0,0,-7.03467546380951,73.0,1.0,25.89533107180775,0,0,0,0,0.0,192.14285714285717,0.0,0.0,0.0,0.0,0.0,94.0,16.02015113350126,0.0,censor,11.07945205479452
mn1727,0.0,0,-1.7576090750691,73.0,1.0,28.896322983530723,1,0,0,1,0.0,150.46428571428572,0.0,0.0,0.0,0.0,0.0,95.0,7.105263157894737,0.0,censor,11.128767123287671
mn1729,0.0,0,-6.7986818307706,86.0,1.0,28.317192860322688,0,0,0,0,0.0,33.57142857142857,0.0,1.0,0.0,0.0,0.0,88.0,29.375,0.0,death,9.736986301369862
mn1731,0.0,0,2.8637158942895,73.0,1.0,30.70620776583453,0,0,0,0,0.0,96.28571428571428,0.0,1.0,0.0,0.0,1.0,95.0,23.54609929078014,0.0,censor,11.821917808219178
mn1733,0.0,0,-3.2423223900708,74.0,1.0,29.10047994223704,0,0,0,0,0.0,77.07142857142857,0.0,0.0,0.0,0.0,0.0,99.0,8.635235732009926,1.0,censor,10.73972602739726
mn1734,0.0,0,0.237153884386899,77.0,0.0,30.084235860409144,0,0,0,0,0.0,130.89285714285714,0.0,1.0,1.0,0.0,0.0,93.0,1.340782122905028,0.0,death,7.619178082191781
mn1739,0.0,0,-1.23862026049071,68.0,1.0,29.988875953754714,0,0,0,0,0.0,221.42857142857144,0.0,1.0,0.0,0.0,0.0,96.0,15.789473684210526,,censor,10.824657534246576
mn1740,0.0,0,5.5774082058193,75.0,1.0,24.16494452657774,0,0,0,0,0.0,67.42857142857143,0.0,1.0,0.0,0.0,0.0,92.0,0.0,0.0,censor,11.463013698630137
mn1741,0.0,1,-7.3542113518771,86.0,0.0,32.09363906704318,0,0,0,0,0.0,122.42857142857144,1.0,0.0,0.0,0.0,0.0,93.0,4.247787610619469,0.0,dementia,3.2794520547945205
mn1743,0.0,0,-2.1396874333291,77.0,1.0,27.84400278303871,0,0,0,0,0.0,117.67857142857144,0.0,0.0,1.0,0.0,0.0,93.0,2.488479262672811,0.0,censor,11.715068493150685
mn1745,0.0,1,-3.4062013011835,72.0,1.0,26.577460801136105,0,0,0,0,0.0,225.7142857142857,0.0,0.0,0.0,0.0,0.0,96.0,12.893982808022924,0.0,dementia,1.2383561643835617
mn1748,0.0,0,3.3795777702165,84.0,0.0,24.96170665137527,1,0,0,1,0.0,88.14285714285714,0.0,0.0,0.0,0.0,0.0,80.0,30.557620817843866,0.0,death,5.068493150684931
mn1749,0.0,0,-10.6861214999874,83.0,0.0,30.29845149690252,0,0,0,0,0.0,52.14285714285714,0.0,0.0,0.0,0.0,0.0,97.0,4.986595174262734,0.0,censor,12.0
mn1753,0.0,0,3.0222679715192,71.0,1.0,23.98375407023564,0,0,0,0,0.0,260.2142857142857,0.0,1.0,0.0,1.0,0.0,97.0,2.56,0.0,censor,10.484931506849316
mn1754,0.0,0,-7.1334881864691,70.0,1.0,31.40292342317163,0,0,0,0,0.0,30.0,0.0,0.0,0.0,0.0,0.0,99.0,11.472868217054264,0.0,censor,10.487671232876712
mn1755,0.0,0,-6.4628625813981,79.0,1.0,25.921099743307785,0,0,0,0,0.0,68.89285714285714,0.0,1.0,1.0,0.0,0.0,88.0,1.9298245614035088,0.0,death,9.158904109589042
mn1756,0.0,1,-7.6433234124588,79.0,1.0,33.142529961763124,0,0,0,0,0.0,121.35714285714286,0.0,1.0,0.0,0.0,0.0,95.0,58.48580441640379,0.0,dementia,3.197260273972603
mn1757,0.0,0,1.8152985079419,73.0,1.0,32.06037876429225,0,0,0,0,0.0,131.35714285714286,0.0,1.0,0.0,0.0,0.0,100.0,37.852348993288594,1.0,censor,10.887671232876713
mn1763,0.0,1,1.3522480183193,70.0,1.0,29.92188023260437,0,0,0,0,0.0,366.4285714285714,0.0,1.0,0.0,0.0,0.0,95.0,7.083333333333333,0.0,dementia,1.4712328767123288
mn1764,0.0,1,-5.1299307371756,83.0,0.0,31.42665693410488,0,0,0,0,0.0,25.0,0.0,1.0,0.0,1.0,1.0,84.0,1.4634146341463414,0.0,dementia,11.608219178082193
mn1765,0.0,1,-6.2909851600751,84.0,1.0,25.057586549821927,0,0,0,0,0.0,132.39285714285714,0.0,0.0,0.0,0.0,0.0,100.0,6.08955223880597,1.0,dementia,1.189041095890411
mn1767,0.0,0,-9.74787733784,84.0,1.0,23.636940007385693,0,0,0,0,0.0,228.2142857142857,0.0,1.0,0.0,0.0,1.0,91.0,1.4,0.0,censor,1.2054794520547945
mn1770,0.0,0,-1.897615884112,70.0,1.0,24.38545730469164,0,0,0,0,0.0,132.10714285714286,0.0,1.0,0.0,0.0,0.0,94.0,20.58252427184466,0.0,censor,10.947945205479453
mn1772,0.0,0,-9.7011680578714,79.0,1.0,29.28960613850619,0,0,0,0,0.0,156.0,0.0,0.0,1.0,0.0,0.0,96.0,46.943005181347154,0.0,death,6.183561643835616
mn1775,0.0,1,-5.3474067639401,75.0,1.0,28.553863318704167,0,0,0,0,0.0,163.14285714285714,0.0,1.0,0.0,0.0,0.0,98.0,2.4242424242424243,0.0,dementia,11.693150684931506
mn1776,0.0,0,1.663509806059,69.0,0.0,31.98598391509245,0,0,0,0,0.0,198.0,0.0,1.0,0.0,0.0,0.0,92.0,18.0,0.0,censor,10.852054794520548
mn1777,0.0,1,-6.7156168095255,70.0,0.0,26.729142805558528,0,0,0,0,1.0,128.5,0.0,1.0,0.0,0.0,0.0,93.0,4.592592592592593,0.0,dementia,11.024657534246575
mn1779,0.0,0,-8.8181070719051,79.0,1.0,25.786207346102064,1,0,0,1,0.0,166.35714285714286,0.0,1.0,1.0,0.0,0.0,94.0,10.3125,,censor,11.482191780821918
mn1784,0.0,0,-0.358712087944099,79.0,1.0,28.79265684084687,0,0,0,0,0.0,247.0,0.0,1.0,0.0,0.0,0.0,97.0,1.7291066282420748,0.0,death,7.742465753424658
mn1786,0.0,0,-2.1606764113306,82.0,1.0,24.997394757289605,0,0,0,0,1.0,37.85714285714285,1.0,0.0,0.0,0.0,1.0,88.0,11.224944320712694,0.0,censor,3.73972602739726
mn1787,0.0,1,1.6364909555909,79.0,1.0,33.65838313935199,0,0,0,0,0.0,107.0,1.0,0.0,0.0,0.0,0.0,87.0,17.523809523809526,1.0,dementia,10.221917808219178
mn1788,0.0,0,0.635602827941597,72.0,0.0,33.26820924448211,0,0,0,0,0.0,121.0,0.0,0.0,0.0,0.0,0.0,95.0,4.342105263157895,1.0,death,8.983561643835616
mn1789,0.0,0,6.4071737598494,76.0,1.0,29.275427633458683,0,0,0,0,0.0,150.14285714285714,0.0,0.0,0.0,0.0,0.0,95.0,4.456233421750663,1.0,censor,11.591780821917808
mn1791,0.0,0,1.04353228072991,73.0,1.0,32.23910603562121,0,0,0,0,0.0,116.0,0.0,0.0,0.0,0.0,0.0,88.0,23.713527851458885,0.0,death,7.816438356164384
mn1794,0.0,1,-7.809387967974,79.0,0.0,30.59856211487501,0,0,0,0,0.0,265.1071428571429,0.0,0.0,0.0,0.0,0.0,97.0,15.721153846153848,2.0,dementia,1.284931506849315
mn1795,1.0,0,-6.21165279457171,74.0,0.0,32.073888736273936,0,0,0,0,1.0,50.0,0.0,1.0,0.0,0.0,0.0,98.0,0.5278592375366569,0.0,dementia,0.0
mn1796,0.0,0,-8.8611996296422,75.0,1.0,35.905273299258255,0,0,0,0,0.0,30.0,0.0,1.0,0.0,0.0,0.0,98.0,23.426966292134832,0.0,censor,10.830136986301369
mn1800,0.0,1,3.27527304243161,86.0,1.0,30.26966428354488,0,0,0,0,0.0,86.71428571428572,0.0,1.0,0.0,0.0,0.0,94.0,4.603580562659847,0.0,dementia,1.2684931506849315
mn1802,0.0,0,10.2427889310193,73.0,1.0,28.15215431764918,0,0,0,0,0.0,105.75,0.0,0.0,0.0,0.0,0.0,91.0,5.28117359413203,0.0,censor,10.736986301369862
mn1803,0.0,0,-3.4830601053245,81.0,1.0,25.806537595612166,0,0,0,0,0.0,138.0,0.0,0.0,0.0,0.0,0.0,97.0,12.78450363196126,0.0,death,4.8273972602739725
mn1804,0.0,1,-0.843143282623004,82.0,0.0,28.16863355509338,0,0,0,0,0.0,80.5,0.0,0.0,0.0,0.0,0.0,83.0,16.57894736842105,0.0,dementia,1.16986301369863
mn1807,0.0,0,-6.1310318392324,70.0,1.0,30.27595522810176,1,0,0,1,0.0,151.10714285714286,0.0,1.0,0.0,0.0,0.0,90.0,23.6697247706422,0.0,censor,11.471232876712328
mn1808,0.0,0,-1.9853882492032,76.0,1.0,30.31117173345458,0,0,0,0,0.0,94.21428571428572,0.0,0.0,0.0,0.0,0.0,96.0,15.174418604651162,,censor,10.372602739726027
mn1809,0.0,0,-9.2426288719652,70.0,1.0,21.653747247992847,0,0,0,0,0.0,52.14285714285714,1.0,1.0,0.0,0.0,0.0,91.0,0.272108843537415,0.0,censor,11.594520547945205
mn1811,0.0,0,-10.0614174644881,78.0,1.0,25.629920707824468,0,0,0,0,0.0,88.57142857142857,1.0,1.0,0.0,0.0,0.0,98.0,0.9523809523809524,0.0,censor,10.315068493150685
mn1812,0.0,0,-0.822551885444,77.0,1.0,28.333753723864785,0,0,0,0,0.0,117.71428571428572,0.0,0.0,0.0,0.0,0.0,97.0,7.090909090909091,0.0,censor,11.53972602739726
mn1813,0.0,0,-8.1030591008347,91.0,1.0,25.87373335350448,0,0,0,0,0.0,46.42857142857143,0.0,1.0,0.0,0.0,0.0,96.0,14.078212290502794,0.0,death,8.191780821917808
mn1814,0.0,0,3.22009475091011,78.0,1.0,29.75778546712803,0,0,0,0,0.0,149.10714285714286,0.0,1.0,0.0,0.0,0.0,94.0,51.52737752161384,0.0,death,7.884931506849315
mn1815,0.0,0,-7.11621436846011,77.0,1.0,33.23023525208529,0,0,0,0,0.0,101.0,0.0,1.0,1.0,0.0,0.0,92.0,19.04059040590406,1.0,censor,11.567123287671233
mn1818,0.0,1,4.6643563803546,75.0,1.0,27.80182602982802,0,0,0,0,0.0,96.0,0.0,1.0,0.0,0.0,1.0,95.0,3.3173076923076925,1.0,dementia,10.41095890410959
mn1819,0.0,0,2.4122814764379,74.0,1.0,26.31489711828056,0,0,0,0,0.0,190.25,0.0,1.0,1.0,0.0,0.0,97.0,1.135646687697161,1.0,death,2.4136986301369863
mn1822,0.0,0,-1.9317404331043,77.0,1.0,24.733189429055475,0,0,0,0,0.0,90.53571428571428,0.0,0.0,0.0,0.0,0.0,94.0,10.803858520900322,0.0,censor,11.224657534246575
mn1823,0.0,0,-14.4300957256154,75.0,0.0,26.364936131792707,0,0,0,0,0.0,176.0,0.0,0.0,0.0,0.0,0.0,95.0,5.240963855421687,0.0,death,4.526027397260274
mn1825,0.0,0,-4.51087454638871,70.0,1.0,27.698858385936997,0,0,0,0,0.0,70.28571428571428,0.0,1.0,1.0,0.0,0.0,93.0,7.468879668049793,0.0,censor,10.484931506849316
mn1827,0.0,1,-10.4304842666015,88.0,1.0,28.424584224435776,0,0,0,0,0.0,37.85714285714285,0.0,1.0,1.0,0.0,0.0,84.0,36.97478991596638,0.0,dementia,2.5315068493150683
mn1829,0.0,0,-1.5555208757808,74.0,1.0,28.178320402373203,0,0,0,0,0.0,63.25,0.0,0.0,0.0,0.0,0.0,91.0,1.3300492610837438,0.0,censor,10.558904109589042
mn1830,0.0,0,2.40397319909189,77.0,0.0,35.032840387794,0,0,0,0,1.0,30.75,0.0,1.0,1.0,0.0,0.0,96.0,13.682008368200837,0.0,death,10.32054794520548
mn1831,0.0,0,-2.7454748549829,75.0,1.0,28.70615451509817,0,0,0,0,0.0,173.42857142857142,0.0,0.0,0.0,0.0,0.0,94.0,18.23204419889503,0.0,censor,11.0
mn1835,0.0,0,-2.79531648739901,77.0,1.0,28.11059123043256,0,0,0,0,0.0,129.28571428571428,0.0,1.0,0.0,0.0,0.0,94.0,7.559055118110236,0.0,censor,10.7013698630137
mn1837,0.0,0,-7.9980942676481,75.0,1.0,26.910965151414796,0,0,0,0,0.0,112.64285714285714,1.0,1.0,0.0,0.0,0.0,98.0,30.865384615384617,0.0,censor,11.66027397260274
mn1839,0.0,0,1.5320936482143,73.0,1.0,29.17462724138984,0,0,0,0,0.0,202.78571428571428,0.0,1.0,0.0,0.0,0.0,91.0,7.331189710610932,0.0,censor,11.816438356164383
mn1840,0.0,0,-4.212383409906,69.0,1.0,26.614567395585684,0,0,0,0,0.0,131.92857142857144,0.0,0.0,0.0,0.0,0.0,99.0,0.5806451612903226,0.0,censor,10.35068493150685
mn1842,0.0,0,0.153312088316099,76.0,1.0,24.797939339864264,0,0,0,0,0.0,101.71428571428572,1.0,0.0,0.0,0.0,0.0,95.0,0.1511335012594458,2.0,censor,10.161643835616438
mn1845,0.0,0,-3.3263501974165,79.0,1.0,28.64905065169781,0,0,0,0,0.0,82.14285714285714,0.0,1.0,0.0,1.0,0.0,93.0,1.3770491803278688,0.0,death,7.906849315068493
mn1847,0.0,0,2.6907791674808,72.0,1.0,28.598871841385183,0,0,0,0,0.0,98.0,0.0,1.0,1.0,0.0,0.0,92.0,18.83333333333333,0.0,censor,10.32054794520548
mn1848,0.0,1,-9.4775704190015,86.0,1.0,24.80792748788724,0,0,0,0,0.0,161.71428571428572,0.0,1.0,0.0,0.0,0.0,96.0,0.2352941176470588,1.0,dementia,2.3589041095890413
mn1850,0.0,0,-4.4338802297561,87.0,1.0,28.68605713036483,0,0,0,0,1.0,95.28571428571428,0.0,0.0,0.0,0.0,0.0,97.0,42.16216216216216,1.0,censor,12.002739726027396
mn1851,0.0,0,3.034659009823,73.0,0.0,29.495674544514117,0,0,0,0,0.0,52.14285714285714,0.0,1.0,0.0,0.0,0.0,93.0,25.26315789473684,1.0,death,12.021917808219179
mn1854,1.0,0,2.6080256833755,74.0,0.0,26.265415292441112,1,0,0,1,0.0,97.42857142857144,0.0,1.0,0.0,0.0,0.0,63.0,0.0,1.0,dementia,0.0
mn1855,0.0,0,-8.7116344110124,77.0,1.0,25.93276743166414,0,0,0,0,0.0,128.92857142857144,0.0,1.0,0.0,0.0,0.0,97.0,11.151832460732985,0.0,censor,9.605479452054794
mn1860,0.0,1,-9.2513653459044,78.0,1.0,31.09402121103904,0,0,0,0,0.0,186.89285714285717,0.0,1.0,1.0,0.0,0.0,89.0,57.8125,0.0,dementia,11.695890410958905
mn1861,0.0,1,-5.448739505642,77.0,1.0,27.379664683612766,0,0,0,0,0.0,486.57142857142856,0.0,0.0,0.0,0.0,0.0,92.0,17.12,0.0,dementia,2.9616438356164383
mn1863,0.0,0,-12.7789157720527,89.0,0.0,31.60455389263495,0,0,0,0,0.0,37.5,0.0,1.0,1.0,1.0,0.0,81.0,7.1875,0.0,death,4.46027397260274
mn1864,0.0,0,-20.7904586678034,85.0,1.0,36.18265595463138,0,0,0,0,0.0,116.60714285714286,1.0,0.0,0.0,0.0,0.0,90.0,26.73913043478261,0.0,death,9.208219178082192
mn1866,0.0,0,-5.2678074655666,69.0,1.0,23.414935626823794,0,0,0,0,0.0,200.7142857142857,1.0,1.0,0.0,0.0,0.0,95.0,30.25974025974026,0.0,censor,10.323287671232876
mn1867,0.0,0,-2.6603118063174,84.0,1.0,31.394238683127572,0,0,0,0,0.0,91.71428571428572,0.0,0.0,0.0,0.0,0.0,94.0,25.82278481012658,1.0,death,4.794520547945205
mn1868,0.0,1,-0.0506930817375064,83.0,1.0,31.601475724423526,0,0,0,0,0.0,241.03571428571428,0.0,0.0,0.0,0.0,0.0,98.0,9.855907780979829,0.0,dementia,11.509589041095891
mn1869,1.0,0,0.110284293373695,87.0,0.0,24.32594301090449,0,0,0,0,1.0,58.10714285714286,0.0,1.0,0.0,1.0,0.0,68.0,0.69164265129683,0.0,death,2.4383561643835616
mn1870,0.0,0,-4.8900096759333,88.0,1.0,24.738958612156267,0,0,0,0,0.0,226.1428571428572,0.0,1.0,1.0,0.0,0.0,87.0,8.912466843501326,0.0,death,10.424657534246576
mn1873,1.0,0,-9.9818068020697,77.0,1.0,30.77065814165917,0,0,0,0,0.0,291.0,0.0,0.0,0.0,0.0,0.0,73.0,15.269461077844312,0.0,death,7.295890410958904
mn1875,0.0,0,-2.2711859092136,74.0,1.0,33.342514124995986,0,0,0,0,0.0,136.0,0.0,0.0,0.0,0.0,0.0,96.0,15.436893203883496,0.0,death,11.835616438356164
mn1877,0.0,0,1.0030461171641,74.0,1.0,28.04201347602061,0,0,0,0,0.0,156.78571428571428,0.0,1.0,0.0,1.0,0.0,89.0,1.6551724137931034,0.0,censor,11.621917808219179
mn1880,0.0,0,-2.9853688048097,70.0,1.0,26.784398010567887,0,0,0,0,0.0,114.89285714285714,0.0,0.0,0.0,0.0,0.0,99.0,7.445255474452555,1.0,censor,11.789041095890411
mn1881,0.0,0,-2.4444529142576,79.0,1.0,27.82404540013737,0,0,0,0,0.0,233.0,0.0,1.0,0.0,0.0,0.0,94.0,17.19298245614035,0.0,censor,11.621917808219179
mn1886,0.0,0,-5.2787524501065,75.0,0.0,27.248775612802508,0,0,0,0,0.0,71.0,0.0,0.0,0.0,0.0,0.0,91.0,1.0,0.0,censor,10.835616438356164
mn1887,0.0,0,5.0443945664384,73.0,1.0,27.191971154313045,0,0,0,0,1.0,132.57142857142856,0.0,0.0,0.0,0.0,0.0,93.0,0.4907975460122699,0.0,censor,11.476712328767123
mn1889,0.0,0,-2.65320680791351,71.0,1.0,29.25512855909414,0,0,0,0,0.0,55.17857142857143,0.0,1.0,1.0,0.0,0.0,97.0,1.3793103448275863,0.0,censor,11.608219178082193
mn1890,0.0,0,-15.8986878122334,72.0,1.0,26.46992823076329,0,0,0,0,0.0,147.46428571428572,0.0,0.0,0.0,0.0,0.0,98.0,2.529274004683841,0.0,censor,10.476712328767123
mn1891,0.0,1,-2.886627227427,83.0,1.0,24.50367194731093,0,0,0,0,0.0,207.8571428571429,0.0,1.0,1.0,0.0,0.0,92.0,10.652741514360311,1.0,dementia,11.4
mn1892,0.0,0,-12.4188967694688,79.0,1.0,19.990174897031903,0,0,0,0,0.0,206.6071428571429,0.0,0.0,0.0,0.0,0.0,98.0,1.057934508816121,0.0,censor,10.183561643835617
mn1893,0.0,0,7.7379660727682,73.0,0.0,29.92164615941404,0,0,0,0,0.0,163.46428571428572,0.0,1.0,0.0,0.0,0.0,95.0,10.94224924012158,0.0,censor,10.854794520547944
mn1894,0.0,0,1.14279106784559,71.0,1.0,31.230575847927017,1,0,0,1,0.0,118.14285714285714,0.0,0.0,0.0,0.0,0.0,95.0,17.142857142857142,,censor,11.315068493150685
mn1895,0.0,0,-0.959446702314907,68.0,1.0,26.318521366983997,0,0,0,0,0.0,111.71428571428572,0.0,0.0,0.0,0.0,1.0,94.0,2.2222222222222223,0.0,censor,10.221917808219178
mn1897,0.0,0,2.95058427818969,68.0,1.0,27.847902702824825,0,0,0,0,0.0,130.78571428571428,0.0,1.0,0.0,0.0,0.0,93.0,1.4501510574018126,0.0,censor,11.189041095890412
mn1900,0.0,1,-4.03764434310671,78.0,1.0,25.60899520945497,0,0,0,0,0.0,225.0,0.0,0.0,0.0,0.0,0.0,100.0,13.724696356275304,0.0,dementia,1.1452054794520548
mn1902,0.0,0,-12.7532020180955,75.0,1.0,25.21888481351436,0,0,0,0,0.0,103.0,0.0,0.0,0.0,0.0,0.0,94.0,6.134663341645886,0.0,censor,10.367123287671232
mn1903,0.0,0,-2.84794884927859,77.0,0.0,21.48854423853887,0,0,0,0,0.0,36.0,0.0,0.0,0.0,0.0,0.0,88.0,13.772727272727272,1.0,death,5.301369863013699
mn1905,0.0,0,-5.3046012467216,83.0,1.0,24.865739416107974,0,0,0,0,0.0,121.0,0.0,1.0,0.0,0.0,0.0,99.0,4.3478260869565215,0.0,censor,10.682191780821919
mn1906,0.0,0,0.209853018649994,70.0,1.0,27.386245441742968,0,0,0,0,0.0,58.57142857142857,0.0,1.0,0.0,0.0,0.0,96.0,4.974093264248705,0.0,censor,9.64109589041096
mn1907,0.0,0,-1.36936203397219,74.0,1.0,29.93090626178259,0,0,0,0,0.0,285.9642857142857,0.0,0.0,0.0,0.0,0.0,94.0,1.3043478260869563,0.0,death,5.846575342465753
mn1910,0.0,1,1.8465453923844,70.0,1.0,22.537642225611727,0,0,0,0,0.0,198.9642857142857,0.0,0.0,0.0,0.0,0.0,94.0,1.836734693877551,1.0,dementia,10.526027397260274
mn1911,0.0,0,5.7351051509438,73.0,0.0,27.57785467128028,0,0,0,0,0.0,134.21428571428572,0.0,0.0,1.0,0.0,0.0,89.0,2.31958762886598,1.0,death,8.863013698630137
mn1913,0.0,0,-10.0643446659026,77.0,0.0,26.216628899474973,0,0,0,0,0.0,75.71428571428572,0.0,1.0,0.0,0.0,0.0,91.0,11.301939058171746,,death,10.893150684931507
mn1914,0.0,0,-3.2983753110403,77.0,1.0,21.069790910048628,0,0,0,0,1.0,33.57142857142857,1.0,1.0,0.0,0.0,0.0,98.0,6.7889908256880735,0.0,death,4.2027397260273975
mn1917,0.0,0,-10.5293855131567,75.0,0.0,26.468213608960184,0,0,0,0,1.0,195.57142857142856,1.0,1.0,1.0,0.0,0.0,88.0,11.625,0.0,death,10.336986301369864
mn1919,0.0,0,2.3881009838894,81.0,1.0,20.303449387501303,0,0,0,0,0.0,100.21428571428572,0.0,0.0,0.0,0.0,0.0,94.0,23.42168674698795,0.0,death,11.383561643835616
mn1920,0.0,0,-3.4509280983829,74.0,1.0,24.22046000932936,0,0,0,0,0.0,186.7142857142857,0.0,0.0,0.0,0.0,0.0,94.0,6.166666666666667,0.0,censor,11.139726027397261
mn1921,0.0,1,1.0545391890665,83.0,1.0,25.395117003639843,0,0,0,0,0.0,98.85714285714286,0.0,1.0,1.0,0.0,0.0,87.0,10.825688073394495,1.0,dementia,2.8958904109589043
mn1927,0.0,0,-4.86571393393891,87.0,1.0,22.27991186524268,0,0,0,0,0.0,93.57142857142856,0.0,0.0,0.0,0.0,0.0,96.0,35.74123989218329,0.0,death,1.6849315068493151
mn1928,0.0,1,-13.5842082520379,75.0,1.0,32.22687446514355,0,0,0,0,1.0,2.142857142857143,1.0,1.0,0.0,0.0,1.0,95.0,15.754189944134078,0.0,dementia,0.6520547945205479
mn1929,0.0,1,6.10375261273241,71.0,1.0,24.8828125,0,0,0,0,0.0,132.5,0.0,1.0,0.0,0.0,0.0,97.0,8.709677419354838,1.0,dementia,6.7753424657534245
mn1932,0.0,1,5.6698741543604,76.0,1.0,23.42980446851929,0,0,0,0,1.0,128.0,0.0,1.0,0.0,0.0,0.0,94.0,1.431980906921241,0.0,dementia,11.531506849315068
mn1934,0.0,0,1.0935514299062,72.0,0.0,27.030767415342524,0,0,0,0,0.0,204.57142857142856,0.0,1.0,1.0,0.0,0.0,95.0,14.4,0.0,censor,11.238356164383562
mn1936,0.0,1,2.6600885198838,71.0,0.0,27.43754728046987,0,0,0,0,0.0,296.0,0.0,0.0,0.0,0.0,0.0,93.0,9.08108108108108,0.0,dementia,7.402739726027397
mn1940,0.0,0,-1.6382747844129,70.0,1.0,27.51766018257111,0,0,0,0,1.0,149.42857142857144,0.0,0.0,0.0,0.0,0.0,98.0,4.350453172205438,0.0,censor,11.082191780821917
mn1943,0.0,0,-6.3111322557827,75.0,1.0,28.759865033148937,0,0,0,0,0.0,62.5,1.0,1.0,0.0,0.0,0.0,80.0,3.602771362586605,0.0,censor,12.095890410958905
mn1944,0.0,1,-12.2667742979929,77.0,1.0,22.37215909090909,0,0,0,0,0.0,215.1071428571429,0.0,0.0,0.0,0.0,0.0,88.0,2.89544235924933,1.0,dementia,0.7616438356164383
mn1951,0.0,0,-4.98709913054979,80.0,1.0,16.354114340881743,0,0,0,0,0.0,167.42857142857144,0.0,0.0,0.0,0.0,0.0,87.0,12.445820433436532,0.0,death,5.758904109589041
mn1955,0.0,0,-11.3994240595763,85.0,0.0,35.94246904634565,0,0,0,0,0.0,193.9642857142857,0.0,1.0,0.0,0.0,0.0,95.0,11.506849315068491,0.0,death,10.068493150684931
mn1957,0.0,0,-10.6650927546968,85.0,0.0,31.44243478389409,0,0,0,0,0.0,30.0,0.0,1.0,0.0,0.0,0.0,95.0,16.333333333333332,0.0,censor,11.61917808219178
mn1961,0.0,0,-5.02362372285489,84.0,0.0,26.809907846110782,0,0,0,0,0.0,58.57142857142857,0.0,1.0,0.0,0.0,0.0,86.0,46.11764705882353,0.0,death,10.441095890410958
mn1962,0.0,0,-2.5176969740791,69.0,1.0,25.50968412577899,0,0,0,0,0.0,92.42857142857144,0.0,1.0,0.0,1.0,0.0,96.0,1.4136125654450262,1.0,death,9.638356164383561
mn1966,0.0,1,6.60422810210309,72.0,1.0,24.737165492911384,0,0,0,0,0.0,227.07142857142856,0.0,0.0,0.0,0.0,0.0,91.0,2.426966292134832,1.0,dementia,11.753424657534246
mn1969,0.0,0,-12.6716426018165,82.0,1.0,29.703878593003346,0,0,0,0,0.0,155.0,0.0,0.0,1.0,0.0,0.0,85.0,11.288659793814434,0.0,censor,11.432876712328767
mn1971,0.0,0,0.867666810641396,73.0,1.0,23.57459357570277,0,0,0,0,0.0,149.32142857142856,0.0,1.0,0.0,0.0,0.0,99.0,12.185089974293058,0.0,censor,10.427397260273972
mn1973,0.0,0,1.12609306716369,74.0,1.0,24.55338387954024,0,0,0,0,0.0,378.4285714285714,0.0,1.0,0.0,0.0,0.0,99.0,0.6722689075630253,0.0,censor,10.191780821917808
mn1974,0.0,0,-3.2522741134085,72.0,1.0,30.27808226813318,0,0,0,0,0.0,99.92857142857144,0.0,0.0,0.0,0.0,0.0,84.0,12.98780487804878,1.0,death,8.556164383561644
mn1975,0.0,0,-4.2354688747445,87.0,1.0,22.567054029794743,0,0,0,0,0.0,115.0,0.0,0.0,0.0,0.0,0.0,85.0,35.66820276497696,0.0,death,10.558904109589042
mn1978,0.0,0,-3.21040795499739,82.0,1.0,24.81542077419462,0,0,0,0,0.0,33.57142857142857,0.0,1.0,1.0,0.0,0.0,94.0,5.982404692082112,0.0,death,10.778082191780822
mn1981,0.0,0,4.55986672909771,73.0,0.0,26.65140258294069,0,0,0,0,0.0,182.5,1.0,1.0,0.0,0.0,0.0,88.0,32.590529247910865,0.0,censor,10.605479452054794
mn1982,0.0,0,-4.03970842812549,75.0,1.0,23.4728327401242,0,0,0,0,0.0,260.17857142857144,0.0,0.0,0.0,0.0,0.0,97.0,11.929824561403509,1.0,death,4.756164383561644
mn1987,0.0,0,0.562930407591907,71.0,1.0,22.193700501603843,0,0,0,0,0.0,139.46428571428572,0.0,0.0,0.0,0.0,0.0,96.0,6.774193548387097,1.0,censor,10.427397260273972
mn1988,0.0,0,-3.0942049974106,73.0,1.0,37.38718039850347,0,0,0,0,0.0,42.92857142857143,0.0,0.0,0.0,0.0,0.0,93.0,1.818181818181818,2.0,death,6.038356164383561
mn1991,0.0,0,3.7776752370204,69.0,1.0,26.30211704715355,0,0,0,0,0.0,195.89285714285717,0.0,1.0,0.0,0.0,0.0,94.0,3.697813121272366,,censor,10.167123287671233
mn1996,0.0,0,-2.07445777983401,77.0,1.0,24.26678216743549,0,0,0,0,0.0,171.32142857142856,0.0,1.0,0.0,0.0,0.0,94.0,7.561643835616438,0.0,death,9.972602739726028
mn1997,0.0,1,-18.1150454524403,85.0,1.0,28.150201710755702,0,0,0,0,0.0,204.0,0.0,0.0,0.0,0.0,0.0,96.0,8.690807799442897,0.0,dementia,0.5452054794520548
mn1998,0.0,0,2.1363598327498,70.0,0.0,30.831102660757065,0,0,0,0,1.0,146.14285714285714,0.0,0.0,0.0,0.0,0.0,91.0,10.085470085470083,0.0,censor,10.180821917808219
mn1999,0.0,0,-7.26075808871541,82.0,1.0,23.74926029582919,0,0,0,0,0.0,222.57142857142856,0.0,0.0,0.0,0.0,0.0,92.0,4.722222222222222,0.0,death,2.389041095890411
mn2002,0.0,0,1.425816265452,69.0,1.0,27.2873336805089,0,0,0,0,0.0,215.28571428571428,0.0,0.0,0.0,0.0,0.0,97.0,0.1780415430267062,0.0,censor,10.09041095890411
mn2003,0.0,0,-5.9614625336109,75.0,1.0,30.441498423667586,0,0,0,0,0.0,194.57142857142856,0.0,1.0,0.0,0.0,0.0,95.0,10.419161676646707,1.0,censor,10.627397260273973
mn2005,0.0,0,-0.716866924489395,90.0,1.0,24.885619372258255,0,0,0,0,0.0,73.21428571428572,0.0,0.0,0.0,0.0,0.0,97.0,47.67123287671233,0.0,death,7.219178082191781
mn2006,0.0,0,-4.0406071156624,70.0,1.0,24.36398422570639,1,0,0,1,0.0,136.0,0.0,0.0,0.0,0.0,0.0,94.0,0.5825242718446602,0.0,censor,11.2986301369863
mn2013,0.0,0,-5.3392382166455,82.0,1.0,31.774144100987403,0,0,0,0,0.0,232.5,1.0,1.0,0.0,0.0,0.0,95.0,16.778115501519757,1.0,death,11.065753424657535
mn2019,0.0,0,2.7772344684538,79.0,1.0,28.78597121950437,0,0,0,0,0.0,105.57142857142856,0.0,0.0,0.0,0.0,0.0,97.0,7.0085470085470085,0.0,death,10.076712328767123
mn2020,0.0,0,-3.5139369547027,72.0,1.0,28.92833662064432,0,0,0,0,0.0,137.5,0.0,1.0,0.0,0.0,0.0,97.0,51.134020618556704,1.0,censor,11.35068493150685
mn2024,0.0,0,-13.2689975863759,70.0,1.0,31.292381522881517,0,0,0,0,0.0,164.71428571428572,0.0,1.0,0.0,0.0,0.0,99.0,0.4918032786885246,1.0,death,9.578082191780823
mn2025,0.0,0,-7.829887239378,72.0,1.0,28.32577092556094,0,0,0,0,0.0,208.17857142857144,0.0,1.0,0.0,0.0,1.0,95.0,49.86754966887417,1.0,censor,11.810958904109588
mn2027,0.0,0,-6.7586878726206,77.0,0.0,31.557684488712447,0,0,0,0,0.0,209.92857142857144,1.0,0.0,0.0,0.0,0.0,96.0,15.416666666666666,1.0,censor,11.238356164383562
mn2028,0.0,0,4.2142921266155,73.0,0.0,29.796113955763637,0,0,0,0,0.0,151.0,0.0,0.0,1.0,0.0,0.0,91.0,2.805194805194805,1.0,censor,11.219178082191782
mn2033,0.0,0,-10.179936728759,83.0,0.0,35.265198298614465,0,0,0,0,0.0,123.14285714285714,1.0,0.0,0.0,0.0,0.0,93.0,2.608695652173913,0.0,death,7.035616438356165
mn2035,0.0,0,-1.9547358822372,88.0,1.0,24.040988944597448,0,0,0,0,0.0,92.0,0.0,1.0,0.0,0.0,0.0,89.0,4.137931034482759,0.0,death,3.336986301369863
mn2039,0.0,0,-2.60217066237421,77.0,1.0,23.987700430678483,0,0,0,0,0.0,151.21428571428572,0.0,1.0,1.0,0.0,0.0,91.0,30.94240837696335,,death,9.73972602739726
mn2042,0.0,0,2.4230810816204,79.0,0.0,24.718367346938777,0,0,0,0,1.0,89.96428571428572,1.0,1.0,0.0,0.0,0.0,87.0,9.940828402366863,0.0,death,6.821917808219178
mn2043,0.0,0,-4.3786394553227,70.0,1.0,40.927917114943305,1,0,0,1,0.0,34.0,0.0,1.0,0.0,0.0,0.0,100.0,8.246445497630331,1.0,censor,10.372602739726027
mn2045,0.0,0,0.107518794114895,79.0,1.0,29.883123548303463,0,0,0,0,0.0,179.64285714285714,0.0,1.0,1.0,0.0,0.0,96.0,1.0632911392405062,0.0,death,10.167123287671233
mn2048,0.0,1,-22.8616171871229,75.0,1.0,37.50522789332671,0,0,0,0,1.0,215.17857142857144,0.0,1.0,0.0,0.0,0.0,88.0,24.52830188679245,1.0,dementia,4.3561643835616435
mn2053,0.0,0,0.100676016461406,72.0,0.0,30.151674019091743,0,0,0,0,1.0,156.03571428571428,0.0,0.0,1.0,0.0,0.0,95.0,2.6511627906976742,0.0,censor,3.3698630136986303
mn2054,0.0,1,-2.22026107915489,77.0,1.0,26.223308223301675,0,0,0,0,0.0,190.0,0.0,1.0,0.0,0.0,0.0,97.0,14.745762711864408,1.0,dementia,1.093150684931507
mn2058,1.0,0,-4.2406211088977,88.0,0.0,25.97948251111656,0,0,0,0,0.0,164.5,0.0,1.0,0.0,0.0,1.0,56.0,9.752650176678443,,dementia,0.0
mn2060,0.0,1,-2.3358861602153,72.0,0.0,34.25251474158862,0,0,0,0,0.0,97.85714285714286,0.0,1.0,1.0,1.0,0.0,95.0,1.25,,dementia,0.6219178082191781
mn2064,0.0,0,-5.4608930289307,79.0,1.0,30.047922419156624,0,0,0,0,0.0,110.64285714285714,0.0,0.0,0.0,0.0,0.0,89.0,12.228260869565217,,censor,11.638356164383561
mn2065,0.0,0,0.746445195159893,83.0,1.0,28.85044845935566,0,0,0,0,0.0,97.92857142857144,1.0,1.0,1.0,0.0,0.0,94.0,15.626535626535626,0.0,death,5.383561643835616
mn2070,0.0,0,-8.48892806526921,80.0,0.0,34.71497206232994,0,0,0,0,0.0,58.57142857142857,0.0,1.0,0.0,0.0,0.0,95.0,16.09442060085837,,death,2.8493150684931505
mn2071,0.0,0,-11.0858169599941,79.0,1.0,28.61554457212468,0,0,0,0,0.0,103.5,1.0,0.0,0.0,0.0,0.0,96.0,30.1840490797546,,death,3.627397260273973
mn2076,0.0,0,2.27998812516481,76.0,0.0,26.96956870394469,1,0,0,1,0.0,110.71428571428572,0.0,0.0,0.0,0.0,0.0,93.0,1.6822429906542056,0.0,death,10.167123287671233
mn2078,0.0,1,-4.78925059949511,83.0,1.0,26.60647720666188,0,0,0,0,0.0,131.71428571428572,0.0,1.0,0.0,0.0,0.0,97.0,1.965065502183406,0.0,dementia,11.178082191780822
mn2079,0.0,1,-0.804862928346793,84.0,0.0,28.62558957114159,0,0,0,0,0.0,50.71428571428572,0.0,0.0,0.0,0.0,0.0,88.0,4.723032069970846,,dementia,0.6465753424657534
mn2080,0.0,0,-1.9142449033782,75.0,1.0,27.03186821873125,0,0,0,0,0.0,153.14285714285714,0.0,1.0,0.0,0.0,0.0,93.0,6.126126126126126,0.0,censor,11.178082191780822
mn2088,0.0,0,-13.7651640088449,74.0,1.0,22.95457288631232,0,0,0,0,1.0,124.57142857142856,1.0,0.0,0.0,0.0,0.0,91.0,2.57372654155496,0.0,censor,10.712328767123287
mn2089,0.0,0,-6.7187144614916,85.0,1.0,29.18135146397654,0,0,0,0,0.0,187.78571428571428,0.0,1.0,1.0,0.0,0.0,93.0,7.394366197183099,0.0,death,7.578082191780822
mn2091,0.0,0,-0.227134253410696,78.0,1.0,24.22754398716252,0,0,0,0,0.0,235.28571428571428,0.0,1.0,1.0,0.0,0.0,93.0,0.0,1.0,censor,11.232876712328768
mn2092,0.0,0,2.9844227043376,82.0,1.0,24.226214702405176,0,0,0,0,0.0,27.142857142857142,0.0,1.0,1.0,0.0,1.0,89.0,4.6875,1.0,death,11.06027397260274
mn2094,0.0,0,-0.0555229114331013,72.0,1.0,30.484426163519807,0,0,0,0,0.0,232.42857142857144,0.0,1.0,0.0,0.0,0.0,94.0,3.988439306358381,1.0,censor,11.038356164383561
mn2098,0.0,0,1.64053729725249,70.0,1.0,24.26786931704413,0,0,0,0,0.0,185.75,0.0,1.0,1.0,0.0,0.0,97.0,41.05263157894737,0.0,censor,9.476712328767123
mn2099,0.0,0,-1.43726982927031,70.0,1.0,24.72042163898993,0,0,0,0,0.0,178.78571428571428,0.0,1.0,0.0,0.0,0.0,98.0,1.0495626822157431,0.0,censor,10.860273972602739
mn2101,0.0,0,-10.0906844300717,78.0,0.0,29.26393104791021,0,0,0,0,0.0,240.17857142857144,0.0,1.0,0.0,0.0,0.0,97.0,10.76555023923445,0.0,censor,11.098630136986301
mn2106,0.0,0,-11.3572847087009,92.0,1.0,25.611235589492097,0,0,0,0,1.0,25.357142857142858,0.0,1.0,0.0,0.0,0.0,89.0,4.90566037735849,1.0,death,5.8191780821917805
mn2111,0.0,1,5.0606560129531,77.0,1.0,23.93300901872366,0,0,0,0,0.0,112.53571428571428,0.0,1.0,1.0,0.0,0.0,96.0,18.96103896103896,0.0,dementia,10.449315068493151
mn2114,0.0,0,-5.93551243426489,74.0,1.0,22.77174701840257,0,0,0,0,0.0,224.9642857142857,0.0,0.0,0.0,0.0,0.0,98.0,0.672645739910314,0.0,censor,10.158904109589042
mn2116,0.0,0,-4.5087459619469,75.0,1.0,39.73953844680647,0,0,0,0,0.0,154.21428571428572,0.0,0.0,0.0,0.0,0.0,94.0,56.6412213740458,0.0,death,10.487671232876712
mn2118,0.0,1,-30.2482015604847,77.0,1.0,37.69535301066832,0,0,0,0,0.0,171.60714285714286,1.0,1.0,0.0,0.0,0.0,94.0,41.92546583850932,0.0,dementia,5.232876712328767
mn2121,0.0,0,-8.500610810897,83.0,0.0,28.504641502702427,0,0,0,0,0.0,163.85714285714286,0.0,1.0,0.0,0.0,0.0,97.0,9.818181818181818,0.0,death,5.956164383561644
mn2123,0.0,0,-4.5944453905785,78.0,1.0,35.07167235381958,0,0,0,0,0.0,158.39285714285714,0.0,0.0,0.0,0.0,0.0,94.0,6.632390745501286,0.0,censor,11.761643835616438
mn2126,0.0,1,-0.977681846588098,78.0,1.0,26.94397238683091,0,0,0,0,0.0,112.21428571428572,0.0,0.0,0.0,0.0,0.0,96.0,14.803149606299211,1.0,dementia,11.317808219178081
mn2129,0.0,0,-2.1199678454245,70.0,1.0,29.63442412506861,1,0,0,1,0.0,92.42857142857144,0.0,0.0,1.0,0.0,0.0,98.0,6.415094339622642,0.0,censor,10.167123287671233
mn2130,0.0,0,-9.3750777907841,79.0,1.0,24.33679014867419,0,0,0,0,0.0,75.67857142857143,0.0,0.0,1.0,0.0,1.0,95.0,8.354430379746836,0.0,death,3.4767123287671233
mn2131,0.0,0,-3.5064457312546,71.0,1.0,29.79737783075089,0,0,0,0,0.0,153.28571428571428,0.0,1.0,0.0,0.0,0.0,96.0,16.676737160120847,1.0,censor,10.180821917808219
mn2134,0.0,0,-9.5751160120817,72.0,1.0,21.51108241676576,0,0,0,0,1.0,189.57142857142856,0.0,0.0,0.0,0.0,0.0,94.0,2.7403846153846154,1.0,death,9.912328767123288
mn2137,0.0,0,-2.16473206764481,87.0,0.0,26.56571457085704,0,0,0,0,0.0,177.35714285714286,0.0,0.0,0.0,0.0,0.0,86.0,13.125,0.0,censor,11.046575342465754
mn2140,0.0,0,0.203170466636706,75.0,1.0,31.77304964539007,0,0,1,1,0.0,102.5,1.0,1.0,0.0,0.0,0.0,95.0,20.58510638297872,2.0,censor,11.216438356164383
mn2141,0.0,0,-5.142343746058,73.0,1.0,32.439814169701656,0,0,0,0,0.0,279.75,0.0,1.0,0.0,0.0,0.0,91.0,11.823529411764708,,censor,10.567123287671233
mn2143,0.0,0,-10.0894292970082,82.0,0.0,25.74938695863096,0,0,0,0,0.0,143.07142857142856,0.0,0.0,0.0,0.0,1.0,94.0,5.704918032786885,0.0,censor,10.561643835616438
mn2145,0.0,0,-4.49702954777619,81.0,1.0,28.642975118546545,0,0,0,0,0.0,107.64285714285714,0.0,1.0,0.0,0.0,0.0,94.0,5.625,0.0,censor,11.191780821917808
mn2146,0.0,0,1.36372979661761,78.0,1.0,26.22542335113398,0,0,0,0,0.0,128.21428571428572,0.0,0.0,0.0,0.0,0.0,99.0,1.0495626822157431,0.0,death,5.6657534246575345
mn2148,0.0,0,-4.3438319634913,78.0,1.0,28.966563414174683,0,0,0,0,0.0,78.57142857142857,1.0,1.0,0.0,0.0,0.0,93.0,9.05027932960894,0.0,censor,9.772602739726027
mn2149,0.0,0,2.0399312244088,83.0,1.0,28.344671201814062,0,0,0,0,0.0,165.5,0.0,1.0,0.0,1.0,0.0,96.0,28.639308855291578,0.0,death,10.69041095890411
mn2152,0.0,0,0.917527100980294,70.0,1.0,23.508153984567947,0,0,0,0,0.0,73.10714285714286,0.0,1.0,1.0,0.0,0.0,99.0,0.0,0.0,censor,10.391780821917807
mn2157,0.0,0,-9.5022089766204,85.0,1.0,25.949118344941443,0,0,0,0,0.0,86.71428571428572,0.0,0.0,0.0,0.0,0.0,98.0,0.3908794788273615,0.0,censor,11.043835616438356
mn2159,0.0,0,0.953141384609097,70.0,1.0,32.45526116011036,0,0,0,0,1.0,199.8571428571429,0.0,1.0,0.0,0.0,0.0,98.0,1.5463917525773196,0.0,death,4.038356164383561
mn2160,0.0,0,-9.9625510873808,72.0,1.0,23.58574464440679,0,0,0,0,0.0,178.46428571428572,0.0,0.0,0.0,0.0,0.0,98.0,0.0,0.0,censor,11.36986301369863
mn2161,0.0,0,-5.38603297464449,75.0,0.0,29.865644016247927,1,0,0,1,0.0,436.5357142857143,0.0,1.0,0.0,0.0,0.0,80.0,0.8902077151335311,1.0,death,5.561643835616438
mn2165,0.0,0,-2.0259277554338,70.0,1.0,24.79922461954355,0,0,0,0,1.0,222.0,0.0,0.0,1.0,0.0,0.0,97.0,24.743935309973047,,censor,10.747945205479452
mn2166,0.0,0,-12.3769305853907,81.0,1.0,21.98950592015517,0,0,0,0,0.0,136.0,0.0,0.0,0.0,0.0,0.0,96.0,0.1485148514851485,0.0,censor,2.8109589041095893
mn2169,0.0,0,-3.92128820419811,83.0,0.0,29.54277693680924,0,0,0,0,0.0,149.0,0.0,1.0,0.0,0.0,0.0,93.0,4.084507042253521,0.0,death,10.652054794520549
mn2170,0.0,0,-4.6288846629088,76.0,1.0,27.83155177734759,0,0,0,0,0.0,100.14285714285714,0.0,0.0,0.0,0.0,0.0,97.0,25.273311897106108,0.0,death,9.315068493150685
mn2178,0.0,0,-7.1072752532083,81.0,1.0,24.994600885370552,0,0,0,0,0.0,158.03571428571428,0.0,0.0,0.0,0.0,0.0,98.0,3.10077519379845,0.0,censor,10.032876712328767
mn2184,0.0,0,2.5474397666068,75.0,1.0,28.39068336318225,0,0,0,0,1.0,205.75,0.0,0.0,1.0,0.0,0.0,96.0,12.15686274509804,,censor,11.715068493150685
mn2190,0.0,0,-1.11481507722679,73.0,0.0,25.61419614333137,0,0,0,0,0.0,156.0,0.0,0.0,0.0,0.0,0.0,98.0,43.89041095890411,0.0,censor,9.923287671232877
mn2191,0.0,0,-4.9299441863822,83.0,1.0,26.24293995243758,0,0,0,0,1.0,30.0,0.0,1.0,0.0,0.0,0.0,92.0,4.855491329479769,,death,7.361643835616438
mn2192,0.0,1,-4.79721332856541,77.0,0.0,30.811982474342617,0,0,0,0,0.0,175.21428571428572,0.0,1.0,1.0,0.0,0.0,92.0,3.8547486033519553,,dementia,4.1726027397260275
mn2194,0.0,0,-20.497930847083,70.0,1.0,24.638979796118143,0,0,0,0,0.0,345.42857142857144,0.0,0.0,0.0,0.0,0.0,100.0,2.659279778393352,,censor,10.624657534246575
mn2196,0.0,0,3.0899768216008,73.0,1.0,25.56126786968305,0,0,0,0,1.0,158.5,0.0,1.0,0.0,0.0,0.0,99.0,12.114014251781471,,death,3.372602739726027
mn2199,0.0,0,-7.29149183616759,76.0,0.0,27.13967766413605,0,0,0,0,0.0,243.42857142857144,0.0,1.0,0.0,0.0,0.0,94.0,17.54874651810585,,death,7.0
mn2200,0.0,0,-1.73573214494949,77.0,1.0,26.48626025249402,0,0,0,0,0.0,92.0,0.0,1.0,0.0,0.0,0.0,97.0,16.41025641025641,0.0,death,2.1013698630136988
mn2201,1.0,0,-1.2928460089619,77.0,0.0,20.980192782430564,1,0,0,1,0.0,76.42857142857143,0.0,1.0,0.0,0.0,0.0,72.0,0.975609756097561,0.0,dementia,0.0
mn2202,0.0,0,-6.3446675924195,76.0,1.0,23.014687315882504,0,0,0,0,0.0,128.5,0.0,1.0,0.0,0.0,0.0,99.0,6.648199445983379,0.0,censor,9.764383561643836
mn2203,0.0,0,-9.8072163704103,75.0,1.0,27.030061693803365,0,0,0,0,0.0,108.25,0.0,1.0,0.0,0.0,0.0,98.0,2.635658914728682,1.0,censor,11.082191780821917
mn2204,1.0,0,-7.02887699460671,75.0,1.0,25.342529883586657,0,0,0,0,0.0,152.5,0.0,0.0,0.0,0.0,0.0,80.0,22.601626016260163,2.0,dementia,0.0
mn2207,0.0,0,-1.6614841776971,80.0,1.0,26.939150315773688,0,0,0,0,0.0,86.0,0.0,0.0,0.0,0.0,0.0,86.0,12.76595744680851,0.0,censor,11.145205479452056
mn2208,0.0,0,-10.0340070288352,71.0,1.0,28.25402493276596,0,0,0,0,0.0,122.0,0.0,1.0,0.0,0.0,0.0,100.0,30.79787234042553,0.0,censor,10.93972602739726
mn2209,0.0,0,-2.1066899333883,81.0,1.0,27.841490279043292,0,0,0,0,1.0,121.42857142857144,0.0,0.0,0.0,0.0,0.0,88.0,22.17391304347826,,death,5.558904109589041
mn2213,0.0,0,-9.0027940824843,67.0,1.0,24.22310697354257,0,0,0,0,0.0,167.28571428571428,0.0,0.0,0.0,0.0,0.0,99.0,3.4615384615384617,0.0,censor,10.849315068493151
mn2214,0.0,0,-5.91705414406459,71.0,1.0,26.23627833533243,0,0,0,0,1.0,280.92857142857144,0.0,1.0,0.0,0.0,0.0,96.0,0.5633802816901409,0.0,censor,11.682191780821919
mn2218,0.0,0,-8.54920061936789,77.0,1.0,22.94791742133075,0,0,0,0,0.0,97.78571428571428,0.0,0.0,0.0,0.0,0.0,100.0,4.878048780487805,0.0,death,8.547945205479452
mn2219,0.0,0,-11.8337549812974,80.0,0.0,34.01211030647998,0,0,0,0,0.0,85.35714285714286,0.0,0.0,0.0,0.0,0.0,97.0,39.43734015345269,,death,9.257534246575343
mn2221,0.0,1,1.81558751344549,76.0,1.0,25.193809950526287,0,0,0,0,0.0,271.32142857142856,0.0,0.0,0.0,0.0,0.0,97.0,7.787610619469026,0.0,dementia,10.854794520547944
mn2223,0.0,0,1.4828241958316,71.0,0.0,46.51622018511927,0,0,0,0,0.0,279.2142857142857,0.0,0.0,0.0,0.0,0.0,95.0,4.155844155844156,0.0,death,9.484931506849316
mn2224,0.0,0,-4.5505951661255,82.0,0.0,28.335516664754987,0,0,0,0,0.0,170.57142857142856,0.0,1.0,1.0,0.0,0.0,92.0,19.375,0.0,censor,11.04109589041096
mn2226,0.0,1,9.5406442227538,71.0,1.0,25.67207500565892,0,0,0,0,0.0,63.57142857142857,0.0,1.0,0.0,0.0,0.0,87.0,29.655172413793103,2.0,dementia,0.8986301369863013
mn2228,0.0,0,-6.2987682639756,68.0,1.0,23.584903609316417,0,0,0,0,0.0,187.42857142857144,0.0,0.0,0.0,0.0,0.0,99.0,0.2714932126696832,0.0,death,5.419178082191781
mn2231,0.0,1,-1.98854691151971,85.0,1.0,27.850664735687246,0,0,1,1,0.0,138.14285714285714,0.0,1.0,0.0,0.0,0.0,94.0,13.132075471698114,,dementia,1.104109589041096
mn2232,0.0,0,-11.8520006017008,81.0,1.0,29.126616260129904,0,0,0,0,1.0,130.0,0.0,1.0,0.0,0.0,0.0,90.0,2.027027027027027,0.0,censor,10.912328767123288
mn2241,0.0,0,-7.55632563449571,79.0,1.0,25.234455300191225,0,0,0,0,0.0,71.42857142857143,0.0,0.0,0.0,0.0,0.0,96.0,2.301790281329924,2.0,censor,11.065753424657535
mn2242,0.0,0,9.7329283765164,71.0,0.0,31.452244890771244,1,0,0,1,0.0,171.64285714285714,1.0,1.0,0.0,0.0,0.0,94.0,25.27220630372493,0.0,censor,3.8575342465753426
mn2243,0.0,0,-4.9437059774245,82.0,1.0,20.352243851192483,0,0,0,0,0.0,140.71428571428572,0.0,0.0,1.0,0.0,0.0,91.0,8.488745980707396,0.0,death,2.1041095890410957
mn2246,0.0,0,5.4776880335081,69.0,1.0,20.339763308076662,0,0,0,0,1.0,213.7142857142857,0.0,1.0,0.0,0.0,0.0,100.0,3.3723653395784545,,censor,10.715068493150685
mn2247,1.0,0,1.42494575456099,69.0,1.0,25.70088196659786,0,0,0,0,0.0,92.85714285714286,0.0,1.0,0.0,0.0,1.0,95.0,2.490118577075098,0.0,dementia,0.0
mn2249,0.0,0,-7.3164764713634,72.0,1.0,23.01260640445929,0,0,0,0,0.0,186.3571428571429,0.0,1.0,0.0,0.0,0.0,96.0,0.3773584905660377,0.0,censor,10.964383561643835
mn2250,0.0,1,-2.2624820371956,68.0,1.0,26.213018579769734,0,0,0,0,0.0,213.03571428571428,0.0,0.0,1.0,0.0,0.0,95.0,7.151515151515151,0.0,dementia,10.868493150684932
mn2251,0.0,0,-16.7612230970946,74.0,1.0,28.63390254060808,1,0,0,1,0.0,224.57142857142856,0.0,0.0,0.0,0.0,0.0,91.0,9.6514745308311,0.0,censor,11.791780821917808
mn2255,0.0,0,-3.0904180548082,69.0,1.0,27.66682168925309,0,0,0,0,0.0,151.0,0.0,0.0,0.0,0.0,0.0,96.0,3.8764044943820224,0.0,censor,10.065753424657535
mn2258,0.0,1,-13.5273707879224,78.0,1.0,31.911415984765544,0,0,0,0,0.0,256.42857142857144,0.0,0.0,0.0,1.0,0.0,90.0,62.42774566473989,2.0,dementia,5.93972602739726
mn2259,0.0,1,-11.7931330825354,79.0,1.0,27.098830297113647,0,0,0,0,1.0,97.32142857142858,0.0,1.0,0.0,0.0,0.0,97.0,18.24,0.0,dementia,3.621917808219178
mn2261,0.0,0,-8.37980351486731,84.0,1.0,27.3178191457416,0,0,0,0,0.0,146.75,0.0,1.0,0.0,0.0,0.0,89.0,13.628808864265928,1.0,death,8.986301369863014
mn2263,0.0,0,-1.6844187502103,68.0,1.0,25.51168529539846,0,0,0,0,0.0,147.71428571428572,0.0,1.0,0.0,0.0,0.0,99.0,13.526785714285714,1.0,death,7.082191780821918
mn2267,0.0,0,-2.73426646316879,79.0,1.0,27.837394268400452,0,0,0,0,0.0,37.07142857142857,0.0,0.0,0.0,0.0,0.0,96.0,5.159235668789809,0.0,censor,10.084931506849315
mn2273,0.0,0,6.99500257145159,70.0,0.0,30.43592545965164,0,0,0,0,0.0,132.07142857142856,0.0,1.0,0.0,0.0,0.0,92.0,10.60344827586207,0.0,censor,11.27945205479452
mn2275,0.0,0,-1.64124937104999,83.0,1.0,24.12637021543921,0,0,0,0,0.0,148.25,0.0,0.0,1.0,0.0,0.0,90.0,3.725490196078432,0.0,death,7.846575342465753
mn2276,0.0,0,4.0084665626068,81.0,1.0,35.67872796682062,0,0,0,0,1.0,241.2142857142857,0.0,1.0,0.0,0.0,0.0,98.0,37.36842105263158,0.0,death,3.5397260273972604
mn2278,0.0,0,-8.9978374758863,72.0,0.0,35.57628612158204,1,0,0,1,0.0,93.14285714285714,1.0,1.0,0.0,0.0,0.0,90.0,29.91643454038997,0.0,censor,6.005479452054795
mn2280,0.0,0,-4.74418216876791,77.0,1.0,30.614284510087327,0,0,0,0,0.0,144.21428571428572,0.0,0.0,0.0,0.0,,97.0,50.033222591362126,,censor,11.926027397260274
mn2283,0.0,0,-13.3257207777033,71.0,1.0,38.36010057656291,0,0,0,0,0.0,85.0,0.0,1.0,1.0,0.0,0.0,99.0,32.72727272727273,0.0,censor,9.673972602739726
mn2285,0.0,1,0.7444597481133,75.0,1.0,23.816566033081017,0,0,0,0,0.0,105.0,0.0,0.0,0.0,0.0,0.0,96.0,19.12806539509537,2.0,dementia,11.150684931506849
mn2286,0.0,0,-2.83488573242801,78.0,1.0,24.97931351256912,0,0,0,0,0.0,117.10714285714286,0.0,0.0,0.0,0.0,0.0,97.0,2.5968109339407746,1.0,censor,10.375342465753425
mn2288,0.0,0,-9.5606678388444,78.0,1.0,32.23012734073944,0,0,0,0,0.0,130.0,0.0,1.0,0.0,0.0,0.0,86.0,5.862068965517241,0.0,death,10.810958904109588
mn2289,0.0,0,-1.2120650127672,72.0,1.0,28.929266418720196,0,0,0,0,1.0,141.71428571428572,0.0,0.0,0.0,0.0,0.0,96.0,0.0,0.0,censor,10.43013698630137
mn2292,0.0,0,-4.1760333392068,87.0,1.0,30.579610752478324,0,0,0,0,0.0,65.0,0.0,1.0,0.0,0.0,0.0,94.0,16.688741721854306,0.0,death,8.326027397260274
mn2293,0.0,0,-6.13353516162979,72.0,1.0,25.46130488681691,0,0,0,0,0.0,25.0,0.0,1.0,0.0,0.0,1.0,89.0,9.523809523809524,0.0,censor,10.36986301369863
mn2297,0.0,0,-16.5533870172244,74.0,1.0,21.215419426601,0,0,0,0,0.0,132.78571428571428,0.0,1.0,0.0,0.0,0.0,96.0,2.985781990521327,0.0,censor,10.67123287671233
mn2298,0.0,0,4.8779482015334,69.0,1.0,34.27541527288721,0,0,0,0,0.0,281.7142857142857,0.0,0.0,0.0,0.0,0.0,97.0,14.678899082568808,1.0,censor,10.353424657534246
mn2301,0.0,0,-6.1120027504701,70.0,1.0,32.817055236883064,0,0,0,0,0.0,206.1071428571429,0.0,0.0,0.0,0.0,0.0,96.0,0.5278592375366569,0.0,censor,10.947945205479453
mn2306,0.0,1,-7.8083423500743,78.0,1.0,23.25617717674425,0,0,0,0,0.0,120.57142857142856,0.0,1.0,0.0,0.0,0.0,98.0,13.92,1.0,dementia,11.394520547945206
mn2308,0.0,0,-1.6261213502858,70.0,1.0,30.20865883350161,0,0,0,0,0.0,224.92857142857144,1.0,1.0,0.0,0.0,0.0,92.0,7.238095238095238,0.0,censor,10.438356164383562
mn2309,0.0,0,1.10687879196109,74.0,1.0,32.33910841193915,0,0,0,0,0.0,189.8571428571429,0.0,0.0,0.0,0.0,0.0,98.0,1.7880794701986755,0.0,death,10.24931506849315
mn2312,0.0,0,1.55580605366239,83.0,1.0,24.00096216560292,0,0,0,0,0.0,148.10714285714286,0.0,0.0,1.0,0.0,0.0,98.0,2.914285714285714,0.0,death,9.063013698630137
mn2315,0.0,0,3.0943092984475,77.0,1.0,27.954318552609152,0,0,0,0,0.0,205.67857142857144,1.0,0.0,0.0,0.0,0.0,97.0,0.3947368421052631,0.0,death,9.123287671232877
mn2316,0.0,1,-7.19262967958881,73.0,1.0,28.646494730452503,0,0,0,0,0.0,126.57142857142856,0.0,1.0,0.0,1.0,0.0,95.0,5.886075949367089,0.0,dementia,10.282191780821918
mn2319,0.0,0,-0.213626009640294,77.0,1.0,26.627371318045167,1,0,0,1,0.0,246.0,0.0,1.0,0.0,0.0,0.0,93.0,3.0083565459610027,1.0,censor,11.221917808219178
mn2322,0.0,1,-10.7411076631656,73.0,0.0,23.805466571533103,0,0,0,0,0.0,283.82142857142856,0.0,1.0,0.0,0.0,0.0,99.0,6.086956521739131,,dementia,2.0027397260273974
mn2323,0.0,0,-25.4629964335511,74.0,1.0,27.869524559730603,0,0,0,0,0.0,106.75,0.0,1.0,0.0,0.0,0.0,93.0,5.294117647058823,,censor,10.397260273972602
mn2324,0.0,1,2.7275395205957,69.0,1.0,27.41346673877772,0,0,0,0,0.0,353.7857142857143,0.0,1.0,0.0,0.0,0.0,93.0,0.1401869158878504,0.0,dementia,11.126027397260273
mn2325,0.0,0,-1.6091194333133,69.0,1.0,27.858818982939702,0,0,0,0,0.0,61.42857142857143,0.0,0.0,0.0,0.0,1.0,91.0,4.623853211009174,,death,6.652054794520548
mn2326,0.0,0,-1.3503152924654,71.0,0.0,32.323351978550285,0,0,0,0,0.0,67.75,1.0,0.0,0.0,1.0,0.0,85.0,1.818181818181818,0.0,censor,11.095890410958905
mn2330,0.0,1,5.7783439391976,71.0,1.0,29.92529614505817,0,0,0,0,0.0,111.0,1.0,1.0,1.0,0.0,0.0,93.0,33.333333333333336,,dementia,1.4547945205479451
mn2333,0.0,0,-8.5939048213156,71.0,0.0,24.862350808795878,0,0,0,0,0.0,106.0,0.0,1.0,0.0,0.0,0.0,94.0,4.824120603015075,0.0,censor,10.164383561643836
mn2335,0.0,0,-11.9783717341681,75.0,1.0,25.139555023099927,0,0,0,0,0.0,164.14285714285714,0.0,0.0,1.0,0.0,0.0,98.0,6.5375302663438255,0.0,death,3.2
mn2336,0.0,0,-6.10665836491469,83.0,1.0,21.093298750381628,0,0,0,0,0.0,165.0,1.0,0.0,0.0,0.0,0.0,88.0,1.8,1.0,death,6.276712328767124
mn2337,0.0,0,-3.85872813754941,71.0,1.0,22.697993418866695,0,0,0,0,0.0,161.82142857142856,0.0,1.0,1.0,0.0,0.0,96.0,1.7355371900826446,0.0,death,8.66027397260274
mn2338,0.0,0,-0.943098202744395,72.0,1.0,27.56638925997666,0,0,0,0,0.0,146.0,0.0,1.0,0.0,0.0,0.0,100.0,0.962566844919786,0.0,censor,10.145205479452056
mn2339,0.0,1,0.353611872060995,85.0,1.0,27.525313217923948,0,0,0,0,1.0,109.0,0.0,0.0,0.0,0.0,0.0,91.0,24.677419354838708,0.0,dementia,10.934246575342465
mn2340,0.0,0,-1.6824660867694,72.0,1.0,28.49084321245378,0,0,0,0,0.0,121.0,0.0,1.0,0.0,0.0,0.0,93.0,29.747899159663863,1.0,death,6.183561643835616
mn2344,0.0,0,-6.3945529857514,73.0,1.0,26.05564739377699,0,0,0,0,0.0,248.14285714285717,0.0,1.0,1.0,0.0,0.0,97.0,11.755725190839694,1.0,censor,10.819178082191781
mn2345,0.0,0,-3.65102217036841,74.0,1.0,22.99202280532066,0,0,0,0,0.0,62.785714285714285,0.0,1.0,0.0,0.0,0.0,96.0,13.288590604026846,0.0,death,4.145205479452055
mn2347,0.0,0,-4.9812676173581,69.0,1.0,27.95526498820028,0,0,0,0,0.0,86.14285714285714,0.0,1.0,0.0,0.0,0.0,97.0,3.574468085106383,0.0,censor,9.608219178082193
mn2350,0.0,0,-12.1256474722506,81.0,1.0,22.06007780025113,0,0,0,0,0.0,88.39285714285714,0.0,0.0,0.0,0.0,0.0,95.0,15.5,0.0,censor,10.624657534246575
mn2352,0.0,0,2.717261054579,69.0,1.0,24.22212098726628,0,0,0,0,0.0,196.67857142857144,0.0,1.0,0.0,0.0,0.0,96.0,12.551020408163266,,censor,10.564383561643835
mn2358,0.0,0,-4.475053903057,67.0,0.0,36.35819653491096,0,0,0,0,0.0,148.71428571428572,0.0,1.0,0.0,0.0,0.0,97.0,28.48806366047745,0.0,censor,11.194520547945206
mn2359,0.0,0,-2.51284493055179,80.0,1.0,22.410342259769337,0,0,0,0,0.0,69.32142857142857,0.0,1.0,0.0,0.0,0.0,100.0,9.32551319648094,0.0,death,9.747945205479452
mn2361,0.0,0,2.3792484002264,71.0,0.0,29.95343393078913,0,0,0,0,1.0,191.17857142857144,1.0,0.0,0.0,0.0,0.0,93.0,15.503875968992247,1.0,death,6.884931506849315
mn2363,0.0,0,-0.546217145259305,75.0,1.0,30.85448365811858,0,0,0,0,0.0,280.0,0.0,1.0,0.0,0.0,0.0,96.0,4.1895261845386536,0.0,censor,10.383561643835616
mn2364,0.0,0,2.5460066982275,70.0,1.0,28.38173504411732,0,0,0,0,0.0,229.7142857142857,0.0,1.0,1.0,0.0,0.0,98.0,2.2131147540983607,0.0,censor,10.427397260273972
mn2370,0.0,1,-1.175690237648,82.0,1.0,28.31101373279414,0,0,0,0,0.0,200.07142857142856,0.0,0.0,0.0,0.0,0.0,98.0,6.9,1.0,dementia,0.8767123287671232
mn2372,0.0,0,2.26590940989109,79.0,1.0,30.703463586873088,1,0,0,1,1.0,76.0,1.0,1.0,1.0,0.0,0.0,92.0,12.244897959183673,0.0,death,9.191780821917808
mn2374,0.0,0,-7.4474822630368,76.0,1.0,25.746042621510647,0,0,0,0,0.0,255.67857142857144,0.0,0.0,0.0,0.0,0.0,87.0,3.4285714285714284,0.0,death,5.484931506849315
mn2378,0.0,0,-8.0014938222531,72.0,1.0,30.11099051153672,0,0,0,0,0.0,217.8571428571429,0.0,0.0,0.0,0.0,0.0,99.0,2.0734341252699786,0.0,censor,10.602739726027398
mn2379,0.0,0,-9.5477983299452,79.0,1.0,18.61126458625994,0,1,0,1,1.0,95.71428571428572,0.0,0.0,0.0,0.0,0.0,86.0,4.274809160305344,0.0,censor,9.794520547945206
mn2380,0.0,0,2.69748566151409,76.0,1.0,26.817304460571453,0,0,0,0,0.0,52.14285714285714,0.0,1.0,0.0,0.0,0.0,89.0,0.0,0.0,censor,11.334246575342465
mn2381,0.0,0,5.5116299221923,75.0,1.0,25.17119924338336,0,0,0,0,0.0,173.07142857142856,0.0,0.0,0.0,0.0,0.0,90.0,1.0824742268041236,1.0,censor,10.41095890410959
mn2383,0.0,0,-7.3227739747108,74.0,1.0,30.22842662482302,1,0,0,1,0.0,78.42857142857143,0.0,0.0,0.0,0.0,0.0,92.0,5.620253164556962,1.0,censor,10.602739726027398
mn2385,0.0,0,-2.8457348659971,71.0,1.0,25.679978299438183,0,0,0,0,0.0,180.10714285714286,0.0,1.0,0.0,0.0,0.0,100.0,9.081885856079404,0.0,censor,10.432876712328767
mn2388,0.0,0,-0.3761880727983,74.0,0.0,29.91909351064725,0,0,0,0,0.0,261.57142857142856,0.0,0.0,0.0,0.0,0.0,94.0,69.77099236641222,0.0,censor,3.9506849315068493
mn2389,0.0,0,6.68482286179599,70.0,0.0,27.71722539732616,0,0,0,0,0.0,225.2142857142857,0.0,1.0,0.0,0.0,0.0,95.0,16.216216216216218,2.0,censor,10.142465753424657
mn2390,0.0,0,0.0743553836126978,79.0,1.0,27.44772472246114,0,0,1,1,0.0,116.21428571428572,1.0,1.0,0.0,0.0,0.0,94.0,27.80141843971631,0.0,censor,1.0767123287671232
mn2391,0.0,0,6.890089422942,76.0,1.0,22.90057988697159,0,0,0,0,0.0,185.64285714285717,0.0,0.0,0.0,0.0,0.0,92.0,2.142857142857143,0.0,censor,10.052054794520547
mn2392,0.0,0,-1.26555098156059,68.0,1.0,23.24903780455985,0,0,0,0,0.0,223.07142857142856,0.0,0.0,0.0,0.0,0.0,98.0,5.568445475638051,0.0,censor,10.547945205479452
mn2393,0.0,1,-0.515149383248399,73.0,1.0,26.977214828162428,1,0,0,1,0.0,300.5357142857143,0.0,1.0,0.0,0.0,0.0,98.0,3.50253807106599,0.0,dementia,1.6246575342465754
mn2394,0.0,0,-15.0729332923722,83.0,1.0,25.484517709957675,0,0,0,0,0.0,139.21428571428572,0.0,0.0,0.0,0.0,0.0,85.0,1.5561959654178674,0.0,death,6.931506849315069
mn2396,0.0,0,-2.0476786447035,71.0,1.0,31.107896424761517,0,0,0,0,0.0,116.0,0.0,1.0,0.0,0.0,0.0,99.0,12.844036697247706,0.0,censor,10.43013698630137
mn2400,0.0,0,7.1441466164771,73.0,1.0,31.788929834873684,0,0,0,0,0.0,197.5,0.0,1.0,0.0,0.0,0.0,99.0,9.974025974025974,0.0,censor,10.347945205479451
mn2403,0.0,0,3.2005275411633,69.0,1.0,33.44386819630232,0,0,0,0,0.0,163.85714285714286,0.0,0.0,0.0,0.0,0.0,98.0,35.37848605577689,0.0,censor,10.567123287671233
mn2404,0.0,0,3.861565373616,68.0,1.0,25.95608814510004,0,0,0,0,0.0,57.14285714285714,0.0,0.0,0.0,0.0,0.0,99.0,0.5084745762711864,0.0,censor,9.797260273972602
mn2405,0.0,0,3.41685943037059,73.0,1.0,30.777375160869283,0,0,0,0,0.0,222.2142857142857,1.0,0.0,1.0,0.0,0.0,89.0,17.535816618911173,0.0,censor,10.838356164383562
mn2406,0.0,0,-0.368546031646702,72.0,0.0,32.85589417866092,0,0,0,0,0.0,95.0,0.0,0.0,0.0,0.0,0.0,90.0,9.310344827586206,0.0,death,6.854794520547945
mn2407,0.0,0,-5.535577742664,71.0,1.0,26.365603028664147,0,0,0,0,0.0,172.64285714285717,0.0,0.0,0.0,0.0,0.0,100.0,2.215909090909091,0.0,censor,10.397260273972602
mn2408,0.0,1,2.03254187726409,76.0,1.0,24.09897794513179,0,0,0,0,0.0,107.42857142857144,0.0,0.0,0.0,0.0,0.0,99.0,6.434316353887399,1.0,dementia,3.378082191780822
mn2409,0.0,1,-12.8320609465576,76.0,1.0,26.18225994794966,0,0,0,0,0.0,159.60714285714283,1.0,1.0,0.0,0.0,0.0,93.0,3.7951807228915664,0.0,dementia,10.72054794520548
mn2410,0.0,0,-8.9357446118518,72.0,1.0,28.296487162612625,0,0,0,0,0.0,133.28571428571428,0.0,0.0,0.0,0.0,0.0,89.0,7.142857142857143,1.0,censor,10.73150684931507
mn2411,0.0,0,-5.05369340299779,83.0,0.0,23.54442511424378,0,0,0,0,0.0,179.57142857142856,0.0,1.0,0.0,0.0,0.0,84.0,8.34319526627219,0.0,death,5.383561643835616
mn2413,0.0,0,5.4965038978598,75.0,1.0,28.26437241329804,0,0,0,0,0.0,141.14285714285714,0.0,0.0,0.0,0.0,0.0,92.0,12.213740458015268,,censor,10.704109589041096
mn2414,1.0,0,-0.432844763208905,79.0,1.0,22.501320077444543,0,0,0,0,0.0,100.71428571428572,0.0,1.0,0.0,0.0,0.0,78.0,15.5956678700361,0.0,censor,0.0
mn2418,0.0,0,-12.0363104203085,75.0,1.0,28.53418320276657,0,0,0,0,0.0,256.7142857142857,0.0,1.0,0.0,0.0,0.0,97.0,8.426966292134832,,censor,11.419178082191781
mn2419,0.0,0,-3.2640043847952,80.0,0.0,22.746301500301453,0,0,0,0,0.0,155.71428571428572,0.0,1.0,1.0,0.0,0.0,91.0,2.960526315789474,0.0,death,8.87945205479452
mn2421,0.0,0,4.3693790545077,69.0,1.0,29.38287838572739,0,0,0,0,0.0,141.21428571428572,0.0,0.0,0.0,0.0,0.0,95.0,4.2,0.0,censor,11.241095890410959
mn2423,0.0,0,-0.5852137357776,71.0,0.0,30.26900662394405,0,0,0,0,0.0,144.14285714285714,1.0,1.0,0.0,0.0,0.0,94.0,54.927536231884055,1.0,censor,11.408219178082192
mn2424,0.0,1,2.5395201197077,73.0,1.0,32.503929363905314,0,0,0,0,0.0,168.96428571428572,0.0,1.0,0.0,0.0,0.0,97.0,1.8072289156626504,1.0,dementia,10.542465753424658
mn2425,0.0,0,-0.682207993093002,78.0,1.0,28.54122244434164,0,0,0,0,0.0,181.7142857142857,0.0,0.0,0.0,0.0,0.0,100.0,0.3833865814696485,0.0,death,9.01095890410959
mn2426,0.0,0,-0.217971392112304,80.0,1.0,27.124366756922004,0,0,0,0,0.0,135.92857142857144,1.0,1.0,0.0,0.0,0.0,92.0,19.002169197396963,0.0,censor,10.778082191780822
mn2428,0.0,0,-4.7169588502377,72.0,1.0,28.711585893968557,0,0,0,0,0.0,91.0,0.0,1.0,1.0,0.0,0.0,98.0,11.926605504587156,0.0,censor,10.547945205479452
mn2429,0.0,0,1.11518496039569,74.0,1.0,29.898757697156046,0,0,0,0,0.0,119.21428571428572,0.0,0.0,0.0,0.0,0.0,89.0,7.015384615384615,0.0,death,10.26027397260274
mn2432,0.0,0,-2.9020501727299,77.0,1.0,27.775543445474472,0,0,0,0,0.0,44.21428571428572,0.0,0.0,0.0,0.0,0.0,96.0,35.86206896551724,0.0,censor,10.775342465753425
mn2433,0.0,1,-0.521962613971397,78.0,1.0,23.747965144115675,0,0,0,0,0.0,196.7142857142857,0.0,0.0,0.0,0.0,0.0,98.0,9.73913043478261,0.0,dementia,5.947945205479452
mn2434,0.0,0,5.5529093247164,69.0,1.0,26.77374185051564,0,0,0,0,0.0,147.82142857142856,0.0,1.0,0.0,0.0,0.0,99.0,2.0689655172413794,0.0,death,10.726027397260275
mn2437,0.0,1,0.0998148516143971,78.0,1.0,28.643864583191554,0,0,0,0,0.0,199.9642857142857,0.0,0.0,0.0,0.0,0.0,95.0,7.436619718309859,1.0,dementia,9.838356164383562
mn2439,0.0,0,1.2655951886338,68.0,0.0,25.378442654448616,0,0,0,0,0.0,226.7142857142857,0.0,0.0,0.0,0.0,0.0,92.0,9.346733668341708,0.0,censor,11.295890410958904
mn2440,0.0,0,3.68582770011361,70.0,1.0,21.292079309273035,0,0,0,0,0.0,69.53571428571428,0.0,0.0,0.0,0.0,1.0,95.0,2.091152815013405,1.0,censor,9.819178082191781
mn2442,0.0,0,-6.0936674302919,68.0,1.0,24.34937245648234,0,0,0,0,0.0,115.96428571428572,1.0,1.0,0.0,0.0,0.0,86.0,33.84615384615385,0.0,censor,9.906849315068493
mn2444,0.0,0,-1.0971800230823,74.0,0.0,32.4100370877744,0,0,0,0,0.0,31.42857142857143,1.0,1.0,0.0,1.0,0.0,99.0,1.42433234421365,0.0,death,10.158904109589042
mn2451,0.0,0,-7.7203815152249,79.0,0.0,31.78507236779869,0,0,0,0,1.0,156.0,0.0,1.0,0.0,0.0,0.0,95.0,6.27906976744186,0.0,censor,10.224657534246575
mn2457,0.0,0,-2.4068660732719,79.0,0.0,33.711934156378604,0,0,0,0,0.0,141.5,1.0,1.0,0.0,0.0,0.0,91.0,15.384615384615383,0.0,censor,9.602739726027398
mn2458,0.0,0,-10.9968129416698,76.0,1.0,20.029575294255004,0,0,0,0,0.0,215.14285714285717,0.0,0.0,0.0,0.0,0.0,88.0,22.806122448979597,0.0,censor,10.723287671232876
mn2459,0.0,0,-8.8770069125551,82.0,1.0,30.090014154022025,0,0,0,0,1.0,200.92857142857144,0.0,0.0,0.0,0.0,0.0,94.0,13.487031700288185,1.0,censor,11.254794520547945
mn2461,0.0,0,0.830503965178394,67.0,0.0,21.865739272430616,0,0,0,0,0.0,111.0,0.0,0.0,0.0,0.0,0.0,97.0,11.390374331550802,0.0,censor,10.202739726027398
mn2463,0.0,0,-1.32466046782839,73.0,1.0,27.291196821073587,0,0,0,0,1.0,81.42857142857143,0.0,0.0,1.0,0.0,1.0,99.0,8.076923076923077,0.0,death,8.024657534246575
mn2464,0.0,0,4.5082665433382,71.0,1.0,24.30256665889142,0,0,0,0,0.0,142.57142857142856,0.0,0.0,0.0,0.0,0.0,95.0,9.242424242424242,0.0,censor,10.205479452054794
mn2465,0.0,0,1.639256054367,68.0,1.0,28.17848028961938,0,0,0,0,0.0,128.71428571428572,1.0,0.0,0.0,0.0,0.0,92.0,7.481296758104738,0.0,censor,9.706849315068494
mn2468,0.0,0,1.2192773517925,75.0,1.0,26.73120071434868,0,0,0,0,0.0,166.57142857142858,0.0,0.0,0.0,0.0,0.0,91.0,16.348773841961854,0.0,censor,11.345205479452055
mn2469,0.0,0,3.06988747308461,74.0,1.0,27.485646810973986,0,0,0,0,0.0,185.89285714285717,0.0,1.0,0.0,0.0,0.0,94.0,57.142857142857146,0.0,censor,11.082191780821917
mn2470,0.0,1,-0.0045361767214018,83.0,1.0,26.680788755443825,0,0,0,0,0.0,158.92857142857144,0.0,1.0,0.0,0.0,0.0,86.0,6.748166259168704,1.0,dementia,1.3287671232876712
mn2474,0.0,0,-1.86591142155849,76.0,1.0,24.516495032446468,0,0,0,0,0.0,71.35714285714286,0.0,0.0,1.0,0.0,0.0,97.0,1.1764705882352942,0.0,death,10.98904109589041
mn2475,0.0,0,-3.5989674463444,74.0,1.0,22.507611415421337,0,0,0,0,0.0,145.67857142857144,0.0,0.0,0.0,0.0,0.0,97.0,5.526315789473684,0.0,censor,10.41095890410959
mn2476,0.0,0,-3.09811488184719,71.0,1.0,28.7674327090682,0,0,0,0,0.0,218.9642857142857,1.0,0.0,0.0,0.0,0.0,97.0,4.885496183206107,0.0,death,9.317808219178081
mn2480,0.0,0,-24.6931526408759,76.0,1.0,24.55982148938072,0,0,0,0,0.0,92.35714285714286,0.0,0.0,0.0,0.0,0.0,97.0,57.97752808988764,0.0,censor,10.183561643835617
mn2481,0.0,0,-5.00096033340959,74.0,1.0,21.37273410423701,1,0,0,1,0.0,285.9642857142857,0.0,0.0,0.0,0.0,0.0,100.0,2.1748400852878467,0.0,censor,10.073972602739726
mn2484,0.0,1,-1.2903975588698,74.0,1.0,27.066953335077475,1,0,0,1,0.0,144.0,1.0,0.0,1.0,0.0,0.0,88.0,11.90721649484536,0.0,dementia,3.778082191780822
mn2486,0.0,0,-4.2275256207294,69.0,1.0,29.442503508614763,0,0,1,1,0.0,131.71428571428572,0.0,0.0,0.0,0.0,0.0,93.0,3.1738035264483626,0.0,censor,9.895890410958904
mn2488,0.0,0,-9.5697176001451,71.0,1.0,29.115687018262,0,0,0,0,0.0,84.42857142857143,0.0,1.0,0.0,0.0,0.0,99.0,0.3986710963455149,0.0,censor,9.627397260273973
mn2489,0.0,0,-5.91323079896689,71.0,1.0,28.62252006084401,0,0,0,0,0.0,119.0,0.0,0.0,0.0,0.0,0.0,99.0,0.5769230769230769,2.0,censor,10.375342465753425
mn2491,0.0,0,-14.8437643174428,81.0,1.0,27.54616549733143,0,0,0,0,0.0,141.71428571428572,0.0,1.0,0.0,0.0,0.0,90.0,12.180451127819548,0.0,censor,10.931506849315069
mn2492,0.0,0,-8.7038903001345,81.0,1.0,25.6267513018365,0,0,0,0,0.0,149.17857142857144,0.0,0.0,0.0,0.0,0.0,96.0,2.2535211267605635,1.0,censor,9.991780821917809
mn2496,0.0,1,5.13537543136169,68.0,0.0,31.69094798127056,0,0,0,0,0.0,178.25,0.0,1.0,0.0,0.0,0.0,96.0,35.76923076923077,0.0,dementia,4.2164383561643834
mn2498,0.0,0,-8.5332155158231,72.0,1.0,28.806399408867208,0,0,0,0,0.0,139.21428571428572,1.0,1.0,0.0,0.0,0.0,98.0,9.411764705882351,0.0,censor,10.8
mn2499,0.0,0,-3.51495972198811,69.0,1.0,26.894306034845552,0,0,0,0,0.0,202.25,0.0,0.0,0.0,0.0,0.0,97.0,10.529247910863509,0.0,censor,9.389041095890411
mn2500,0.0,0,-13.3660230870517,74.0,1.0,26.80194338454941,0,0,0,0,0.0,131.0,0.0,1.0,1.0,0.0,0.0,93.0,2.346368715083799,0.0,censor,11.424657534246576
mn2503,0.0,0,0.801480472858799,75.0,1.0,25.606184424858355,0,0,0,0,1.0,123.14285714285714,0.0,0.0,0.0,0.0,0.0,94.0,23.55555555555556,0.0,censor,9.778082191780822
mn2505,0.0,1,-1.2034040910638,82.0,1.0,25.73077286917037,1,0,0,1,0.0,185.92857142857144,1.0,1.0,0.0,0.0,0.0,93.0,1.6336633663366336,1.0,dementia,3.873972602739726
pa3002,0.0,0,-0.719831375424903,72.0,1.0,25.865987878395455,0,0,0,0,0.0,147.42857142857144,0.0,0.0,0.0,0.0,0.0,98.0,2.7586206896551726,0.0,censor,10.347945205479451
pa3005,0.0,0,-4.0415522233769,76.0,1.0,29.107941597760934,0,0,0,0,0.0,51.96428571428572,0.0,1.0,0.0,0.0,0.0,91.0,16.153846153846153,1.0,censor,9.73972602739726
pa3007,0.0,0,-1.0091515942768,77.0,1.0,25.96433417648688,0,0,0,0,0.0,188.7142857142857,0.0,0.0,0.0,0.0,0.0,100.0,0.0,0.0,censor,10.41095890410959
pa3008,0.0,0,-8.13926285407,70.0,1.0,31.581068873722515,0,0,0,0,0.0,163.21428571428572,0.0,1.0,0.0,0.0,0.0,98.0,7.540106951871658,0.0,death,6.506849315068493
pa3009,0.0,0,-6.282502419401,82.0,1.0,22.45608304667803,0,0,0,0,0.0,152.78571428571428,0.0,0.0,0.0,0.0,0.0,91.0,16.115107913669064,0.0,censor,9.378082191780821
pa3010,0.0,0,-3.89399213511849,81.0,1.0,25.76641375378273,0,0,0,0,0.0,30.0,0.0,1.0,0.0,1.0,1.0,90.0,2.392638036809816,0.0,death,7.964383561643835
pa3011,0.0,0,-4.2515167935063,80.0,1.0,29.278012182225613,0,0,0,0,0.0,186.0,0.0,1.0,0.0,0.0,0.0,93.0,15.194805194805197,0.0,censor,11.04109589041096
pa3013,0.0,0,-2.9135630542898,75.0,1.0,25.690410601514724,0,0,0,0,0.0,143.46428571428572,0.0,0.0,1.0,0.0,0.0,94.0,0.4749340369393139,0.0,censor,10.065753424657535
pa3014,0.0,0,2.67250011294161,76.0,1.0,23.873112977842705,0,0,0,0,1.0,49.21428571428572,0.0,0.0,0.0,1.0,0.0,91.0,2.8152492668621703,0.0,censor,10.468493150684932
pa3015,0.0,0,-0.759864759120802,71.0,1.0,26.85788228030369,0,0,0,0,0.0,139.35714285714286,0.0,0.0,0.0,0.0,0.0,99.0,7.078651685393258,0.0,censor,10.794520547945206
pa3016,0.0,1,0.514921334707907,76.0,1.0,24.795101082831803,0,0,0,0,0.0,245.92857142857144,0.0,1.0,0.0,0.0,0.0,97.0,8.962025316455696,0.0,dementia,1.189041095890411
pa3017,0.0,0,-7.7024035730856,77.0,1.0,25.61630486931881,0,0,0,0,1.0,143.85714285714286,0.0,0.0,0.0,0.0,0.0,88.0,9.935064935064934,0.0,censor,10.73972602739726
pa3018,0.0,0,-2.28718019108329,74.0,1.0,28.327809410498286,0,0,0,0,0.0,136.0,0.0,0.0,0.0,0.0,0.0,94.0,42.77511961722488,0.0,censor,9.816438356164383
pa3019,0.0,0,-6.1655610705463,89.0,1.0,20.053034627848508,0,0,0,0,0.0,147.42857142857144,0.0,0.0,0.0,0.0,0.0,89.0,2.4101479915433406,1.0,death,4.986301369863014
pa3021,0.0,1,-11.4321214042577,69.0,1.0,24.982176212295197,0,0,0,0,0.0,166.35714285714286,0.0,0.0,0.0,0.0,0.0,96.0,2.8860759493670884,0.0,dementia,7.331506849315068
pa3022,0.0,1,6.1031955318997,76.0,1.0,21.676824105177182,0,0,0,0,0.0,210.03571428571428,0.0,1.0,0.0,0.0,0.0,100.0,0.0,0.0,dementia,1.1863013698630136
pa3023,0.0,0,-0.443112988519601,79.0,1.0,23.419722726510383,0,0,0,0,0.0,155.46428571428572,0.0,1.0,0.0,0.0,0.0,90.0,6.959247648902822,1.0,censor,2.378082191780822
pa3024,0.0,0,2.96826823136929,71.0,1.0,26.34136773312464,0,0,0,0,0.0,134.75,0.0,0.0,0.0,0.0,0.0,99.0,15.257731958762887,0.0,censor,11.271232876712329
pa3025,0.0,0,-2.21563575738131,81.0,1.0,23.951882379149037,0,0,0,0,0.0,137.75,0.0,0.0,0.0,0.0,0.0,80.0,1.0880829015544042,0.0,censor,10.490410958904109
pa3027,0.0,0,-0.955900124269206,78.0,1.0,24.394463667820077,0,0,0,0,0.0,206.32142857142856,0.0,0.0,0.0,0.0,0.0,98.0,7.578947368421052,1.0,censor,2.16986301369863
pa3028,0.0,0,-1.190279690026,83.0,1.0,22.743186290432533,0,0,0,0,0.0,150.57142857142856,0.0,1.0,0.0,0.0,0.0,98.0,13.179190751445086,0.0,death,2.958904109589041
pa3029,0.0,0,-13.7586841752081,79.0,1.0,23.968886819829404,0,0,0,0,0.0,207.3571428571429,0.0,0.0,0.0,0.0,0.0,89.0,0.1948051948051948,0.0,censor,10.06027397260274
pa3030,0.0,0,-4.5932870979203,85.0,1.0,26.5735736674408,0,0,0,0,1.0,253.2142857142857,0.0,1.0,1.0,0.0,0.0,85.0,7.358490566037735,1.0,death,8.202739726027398
pa3034,0.0,0,-2.00145172242949,82.0,1.0,25.47950378666376,0,0,0,0,0.0,74.64285714285714,0.0,0.0,0.0,0.0,0.0,100.0,7.696335078534031,0.0,censor,11.210958904109589
pa3035,0.0,0,-3.41331469250331,74.0,1.0,25.266468402477784,0,0,0,0,0.0,225.2142857142857,0.0,0.0,0.0,0.0,0.0,94.0,4.122137404580153,0.0,censor,10.43013698630137
pa3036,0.0,0,-3.9637671900969,80.0,1.0,30.006439466039613,0,0,0,0,0.0,0.0,1.0,1.0,1.0,0.0,0.0,91.0,9.090909090909092,0.0,death,4.487671232876712
pa3038,0.0,0,-5.258828763423,77.0,1.0,25.63568709357476,0,0,0,0,0.0,310.92857142857144,0.0,1.0,1.0,0.0,1.0,96.0,12.180451127819548,0.0,censor,10.331506849315069
pa3040,0.0,0,-12.1223897045649,80.0,1.0,27.22239943034908,0,0,0,0,0.0,209.57142857142856,0.0,0.0,1.0,0.0,0.0,83.0,1.892744479495268,1.0,censor,10.482191780821918
pa3046,0.0,0,2.9237686084073,79.0,1.0,25.0567832055604,0,0,0,0,1.0,182.57142857142856,0.0,1.0,0.0,0.0,0.0,97.0,20.990712074303406,0.0,censor,11.997260273972604
pa3047,0.0,0,-0.892434257422593,74.0,1.0,26.724858539094644,0,0,0,0,0.0,228.14285714285717,0.0,0.0,0.0,0.0,0.0,99.0,10.566037735849056,0.0,censor,10.317808219178081
pa3048,0.0,0,1.33894556096701,76.0,1.0,22.106122448979598,0,0,0,0,0.0,109.03571428571428,0.0,0.0,0.0,0.0,0.0,86.0,12.686567164179104,0.0,death,2.063013698630137
pa3049,0.0,1,-3.1833221569233,83.0,1.0,23.20771518510453,0,0,0,0,0.0,156.32142857142856,0.0,1.0,0.0,0.0,0.0,93.0,6.285714285714286,0.0,dementia,1.0712328767123287
pa3053,0.0,0,-3.318759515842,78.0,1.0,24.5490703210542,0,0,0,0,1.0,90.5,0.0,1.0,0.0,0.0,0.0,99.0,3.251231527093596,,censor,11.717808219178082
pa3054,0.0,0,3.7608660662838,71.0,1.0,21.014375735006876,0,0,0,0,1.0,188.0,0.0,1.0,0.0,0.0,0.0,92.0,4.521739130434782,0.0,death,9.747945205479452
pa3056,0.0,0,-4.5997213334233,85.0,1.0,23.506374756310056,0,0,0,0,0.0,168.67857142857142,0.0,0.0,1.0,0.0,0.0,94.0,1.139240506329114,0.0,censor,10.512328767123288
pa3058,0.0,1,-0.0986119934463972,77.0,1.0,26.65325154152683,0,0,0,0,0.0,208.64285714285717,0.0,0.0,0.0,0.0,0.0,97.0,0.8356545961002786,0.0,dementia,1.2821917808219179
pa3059,0.0,0,-6.0863255449205,70.0,1.0,28.06316079871492,0,0,0,0,0.0,166.71428571428572,0.0,0.0,0.0,0.0,0.0,97.0,20.38167938931298,0.0,death,4.353424657534247
pa3061,0.0,0,-7.5149298644295,73.0,1.0,28.52247462491028,0,0,0,0,1.0,135.64285714285714,0.0,1.0,0.0,0.0,0.0,94.0,6.997084548104956,0.0,death,8.852054794520548
pa3062,0.0,0,1.9105609169381,80.0,1.0,24.77857515112911,0,0,0,0,0.0,200.4642857142857,0.0,1.0,1.0,1.0,0.0,83.0,2.649842271293376,,censor,9.852054794520548
pa3063,0.0,0,4.35059901337959,78.0,1.0,23.986291589598466,0,0,0,0,1.0,189.14285714285717,0.0,1.0,0.0,0.0,0.0,99.0,2.0,1.0,censor,10.567123287671233
pa3064,0.0,0,-5.4587071533123,77.0,1.0,28.18838853356918,0,0,0,0,0.0,98.0,0.0,1.0,0.0,0.0,0.0,98.0,2.2580645161290325,0.0,censor,10.068493150684931
pa3070,0.0,0,3.9323430556133,70.0,1.0,28.422243674089017,0,0,0,0,0.0,197.7142857142857,1.0,1.0,0.0,0.0,0.0,93.0,7.142857142857143,1.0,censor,11.147945205479452
pa3072,0.0,0,1.0421650350885,70.0,1.0,28.502997745527395,0,0,0,0,0.0,264.1428571428571,0.0,1.0,0.0,0.0,0.0,94.0,4.220183486238532,0.0,censor,10.56986301369863
pa3077,0.0,0,-2.932450671748,75.0,1.0,23.20876806473515,0,0,0,0,0.0,263.7142857142857,0.0,0.0,0.0,0.0,0.0,94.0,0.0,0.0,censor,10.493150684931507
pa3079,0.0,0,-1.1715835354744,72.0,1.0,26.58082791428075,0,0,0,0,0.0,272.5,0.0,0.0,0.0,0.0,0.0,97.0,4.640883977900552,0.0,censor,11.443835616438356
pa3080,0.0,1,-12.3174183211334,80.0,0.0,37.51466605966608,0,0,0,0,0.0,137.42857142857144,0.0,0.0,0.0,0.0,0.0,85.0,10.331125827814567,1.0,dementia,0.4602739726027397
pa3084,0.0,1,-3.46814773778981,77.0,1.0,22.05229410456616,0,0,0,0,1.0,270.75,0.0,1.0,0.0,0.0,0.0,93.0,7.97583081570997,0.0,dementia,2.9287671232876713
pa3086,0.0,1,-0.647127755956802,71.0,1.0,30.300114308013644,0,0,0,0,0.0,200.6071428571429,0.0,0.0,0.0,0.0,0.0,95.0,0.7109004739336493,,dementia,3.2739726027397262
pa3089,0.0,0,-6.4649561627412,83.0,1.0,24.7234936433904,0,0,0,0,0.0,165.46428571428572,0.0,0.0,0.0,0.0,0.0,94.0,24.08977556109725,0.0,censor,9.98904109589041
pa3091,0.0,0,-5.41437333332461,71.0,1.0,26.06297259331244,0,0,0,0,0.0,127.75,0.0,0.0,0.0,0.0,0.0,90.0,27.692307692307693,0.0,censor,10.531506849315068
pa3092,0.0,0,-9.1332542490611,70.0,1.0,23.953971522413084,0,0,0,0,1.0,357.2142857142857,0.0,0.0,0.0,0.0,0.0,89.0,1.5909090909090908,0.0,death,2.610958904109589
pa3093,0.0,0,3.14132933354909,69.0,1.0,28.05743311546811,0,0,0,0,0.0,237.0,0.0,1.0,0.0,0.0,0.0,98.0,10.481927710843374,0.0,censor,12.087671232876712
pa3094,0.0,1,-7.3046771181116,79.0,1.0,18.32635509967167,0,0,0,0,0.0,202.2142857142857,0.0,0.0,0.0,0.0,0.0,93.0,1.3953488372093024,0.0,dementia,1.0547945205479452
pa3096,1.0,0,-3.1296295248202,78.0,0.0,30.88293918914822,0,0,0,0,0.0,214.2142857142857,0.0,1.0,1.0,1.0,0.0,78.0,3.4545454545454546,0.0,censor,0.0
pa3098,0.0,0,0.821374845072896,78.0,1.0,23.480455347889887,0,0,0,0,0.0,252.14285714285717,0.0,0.0,0.0,0.0,0.0,90.0,8.794788273615636,0.0,censor,10.504109589041096
pa3102,0.0,1,4.65563615805689,70.0,1.0,24.217458827828484,0,0,0,0,0.0,263.67857142857144,0.0,0.0,1.0,0.0,0.0,99.0,4.602739726027397,1.0,dementia,3.191780821917808
pa3104,0.0,0,-5.6427403415311,73.0,1.0,26.0140030428338,0,0,0,0,0.0,25.714285714285715,0.0,0.0,0.0,0.0,0.0,100.0,7.535545023696683,0.0,death,2.9342465753424656
pa3105,0.0,0,-8.0213163213155,75.0,1.0,25.13810146908783,0,0,0,0,0.0,331.17857142857144,0.0,0.0,0.0,0.0,0.0,95.0,2.34718826405868,0.0,censor,12.087671232876712
pa3106,0.0,0,-1.1289050869586,71.0,1.0,22.584579249288584,0,0,0,0,0.0,175.21428571428572,0.0,0.0,0.0,0.0,0.0,96.0,0.8042895442359249,0.0,censor,10.931506849315069
pa3107,0.0,0,-2.9939621732199,72.0,1.0,26.678205100979,0,0,0,0,1.0,232.5,0.0,0.0,0.0,0.0,0.0,94.0,9.01840490797546,0.0,censor,11.002739726027396
pa3108,0.0,0,-8.4144361287204,73.0,1.0,30.67197421554596,0,0,0,0,0.0,17.0,0.0,1.0,0.0,0.0,0.0,95.0,21.97183098591549,1.0,death,2.2
pa3111,0.0,0,-2.8410194648479,70.0,1.0,24.92259335710265,0,0,0,0,0.0,94.32142857142856,0.0,0.0,0.0,0.0,0.0,98.0,6.573426573426573,0.0,censor,9.63013698630137
pa3112,0.0,0,-2.0904078664926,71.0,1.0,24.674559468840695,0,0,0,0,0.0,90.0,0.0,0.0,0.0,0.0,0.0,94.0,1.3043478260869563,2.0,censor,11.175342465753424
pa3113,0.0,0,-2.0523797684574,71.0,1.0,23.737428435362244,0,0,0,0,0.0,92.96428571428572,0.0,0.0,0.0,0.0,0.0,90.0,0.3448275862068966,0.0,censor,11.235616438356164
pa3114,0.0,0,1.24602606927169,72.0,1.0,26.11156915910887,0,0,0,0,0.0,308.3571428571429,0.0,0.0,0.0,0.0,0.0,98.0,12.080536912751676,1.0,censor,9.70958904109589
pa3115,0.0,0,7.3430671234085,78.0,1.0,24.17829871385885,0,0,0,0,0.0,84.85714285714286,0.0,0.0,1.0,1.0,0.0,91.0,0.1488833746898263,0.0,death,10.263013698630138
pa3118,0.0,0,-15.2359730978263,74.0,1.0,25.40916577112755,0,0,0,0,1.0,25.0,0.0,0.0,1.0,0.0,0.0,94.0,2.479338842975207,0.0,death,6.857534246575343
pa3119,0.0,0,-2.65348206853361,69.0,1.0,26.01439118297179,0,0,0,0,0.0,177.25,0.0,0.0,0.0,0.0,0.0,83.0,0.4511278195488721,0.0,censor,10.531506849315068
pa3120,0.0,0,-2.9705593599368,86.0,1.0,24.19354838709677,0,0,0,0,1.0,96.25,0.0,0.0,0.0,0.0,0.0,94.0,7.894736842105263,0.0,death,5.463013698630137
pa3121,0.0,0,-5.3733078360606,74.0,1.0,29.147877394288376,0,0,0,0,0.0,262.42857142857144,0.0,1.0,0.0,0.0,0.0,94.0,5.0,0.0,death,11.830136986301369
pa3125,0.0,0,-1.6582947681879,69.0,1.0,25.86239869155207,0,0,0,0,0.0,123.75,0.0,0.0,0.0,0.0,0.0,93.0,1.565217391304348,0.0,censor,10.501369863013698
pa3126,0.0,0,-7.9762889612992,78.0,1.0,24.20837026045,0,0,0,0,0.0,129.07142857142856,0.0,0.0,0.0,0.0,0.0,93.0,0.8383233532934131,0.0,censor,9.605479452054794
pa3129,0.0,0,-1.8278940290521,80.0,1.0,26.492637764119237,0,0,0,0,0.0,65.39285714285714,0.0,1.0,0.0,0.0,0.0,98.0,0.8108108108108109,0.0,death,9.238356164383562
pa3130,0.0,0,0.687824583891896,72.0,1.0,18.74498033282531,0,0,1,1,0.0,154.5,0.0,0.0,0.0,0.0,0.0,97.0,2.7522935779816518,0.0,censor,10.471232876712328
pa3131,0.0,1,-6.6665781367192,70.0,1.0,31.53058195257468,0,0,0,0,1.0,330.3928571428571,0.0,0.0,0.0,0.0,0.0,94.0,39.56403269754768,,dementia,1.1534246575342466
pa3135,0.0,0,-2.75310561150749,80.0,1.0,24.354759981805167,0,0,0,0,0.0,199.5,0.0,1.0,1.0,0.0,1.0,93.0,4.051446945337621,0.0,censor,10.616438356164384
pa3136,0.0,0,6.0568428786204,76.0,1.0,22.610616079935312,0,0,0,0,0.0,106.85714285714286,0.0,0.0,0.0,0.0,0.0,95.0,5.590062111801243,1.0,death,10.06027397260274
pa3141,0.0,1,-0.330153856892693,84.0,0.0,29.501221751214384,0,0,0,0,0.0,274.5,0.0,0.0,0.0,0.0,0.0,85.0,35.38461538461539,0.0,dementia,4.315068493150685
pa3144,0.0,0,-7.074132376788,81.0,1.0,29.93056933148185,0,0,0,0,0.0,193.8571428571429,0.0,1.0,0.0,0.0,0.0,97.0,11.890660592255124,0.0,censor,11.835616438356164
pa3146,0.0,0,-0.670646252388593,75.0,1.0,29.273484489261875,0,0,0,0,0.0,119.21428571428572,1.0,1.0,0.0,0.0,0.0,97.0,1.2203389830508475,0.0,death,4.857534246575343
pa3151,0.0,0,5.6596885749651,72.0,1.0,23.605764951940195,0,0,0,0,0.0,135.89285714285714,0.0,0.0,0.0,0.0,0.0,100.0,1.7543859649122806,0.0,censor,10.90958904109589
pa3152,0.0,0,-7.10974109648861,76.0,1.0,25.07997376634744,0,0,0,0,0.0,235.75,0.0,0.0,0.0,0.0,0.0,87.0,9.569620253164556,1.0,death,9.06027397260274
pa3155,0.0,0,1.7185128984417,84.0,1.0,25.97681316630417,0,0,0,0,0.0,76.5,0.0,0.0,1.0,0.0,0.0,89.0,29.223529411764705,1.0,censor,3.3205479452054796
pa3156,0.0,0,-6.08952035603031,78.0,1.0,26.655883374586708,0,0,0,0,0.0,168.21428571428572,0.0,0.0,0.0,0.0,0.0,94.0,20.10899182561308,0.0,death,6.16986301369863
pa3159,0.0,0,-0.716336398477296,78.0,1.0,27.5364471176456,0,0,0,0,1.0,171.92857142857144,0.0,0.0,1.0,0.0,0.0,87.0,1.5384615384615383,0.0,death,2.9452054794520546
pa3161,0.0,0,3.61608954241071,75.0,1.0,30.37038782461624,0,0,0,0,0.0,190.07142857142856,0.0,1.0,0.0,0.0,0.0,97.0,29.469964664310957,0.0,death,8.90958904109589
pa3162,0.0,0,-7.1849585722877,76.0,1.0,25.00997192470331,0,0,0,0,0.0,276.7142857142857,0.0,1.0,0.0,1.0,0.0,96.0,6.814404432132964,0.0,censor,10.219178082191782
pa3163,0.0,0,-11.3692009417321,81.0,1.0,26.32440941108671,0,0,0,0,0.0,209.28571428571428,0.0,0.0,1.0,0.0,0.0,97.0,4.414715719063545,0.0,censor,10.506849315068493
pa3166,0.0,0,7.1682509321583,70.0,1.0,24.14837268564856,0,0,0,0,0.0,254.35714285714283,0.0,0.0,0.0,0.0,0.0,95.0,10.3125,0.0,censor,9.736986301369862
pa3167,0.0,0,-4.42595909469929,78.0,0.0,23.41891676617437,0,0,1,1,0.0,79.75,1.0,1.0,0.0,0.0,0.0,92.0,8.439897698209718,0.0,censor,9.627397260273973
pa3169,0.0,0,-1.0245409055491,70.0,1.0,30.758539766804702,0,0,0,0,0.0,182.92857142857144,1.0,1.0,0.0,0.0,0.0,96.0,2.4489795918367347,0.0,censor,9.715068493150685
pa3170,0.0,0,-4.2591347564714,84.0,1.0,26.949579962744068,0,0,0,0,0.0,75.71428571428572,0.0,1.0,0.0,0.0,0.0,88.0,6.015424164524422,0.0,death,7.695890410958904
pa3171,0.0,1,-8.6092789993876,78.0,1.0,30.283117213258198,0,0,0,0,0.0,220.07142857142856,0.0,0.0,0.0,0.0,0.0,93.0,46.85878962536023,0.0,dementia,3.4383561643835616
pa3172,0.0,0,-1.7744737607271,82.0,1.0,26.435950910542022,0,0,0,0,0.0,130.71428571428572,0.0,1.0,0.0,0.0,0.0,92.0,0.1566579634464752,0.0,censor,10.56986301369863
pa3173,0.0,0,2.0577276717309,71.0,1.0,25.05687422327757,0,0,0,0,0.0,104.42857142857144,0.0,0.0,0.0,0.0,0.0,93.0,8.601398601398602,0.0,censor,11.64931506849315
pa3175,0.0,0,-6.4579069921336,83.0,1.0,23.191064740434012,0,0,0,0,0.0,117.71428571428572,0.0,1.0,0.0,0.0,0.0,84.0,13.142857142857142,0.0,censor,10.561643835616438
pa3177,1.0,0,-5.72366756945689,84.0,1.0,24.461677319530654,0,0,0,0,0.0,147.78571428571428,0.0,1.0,0.0,0.0,0.0,79.0,2.4657534246575343,1.0,censor,0.0
pa3179,0.0,0,0.415687361068905,73.0,1.0,27.76358708530475,0,0,0,0,0.0,119.21428571428572,1.0,1.0,0.0,0.0,0.0,96.0,13.488372093023257,0.0,censor,10.084931506849315
pa3182,0.0,0,-4.9658165733313,74.0,1.0,25.6739389787899,0,0,0,0,0.0,258.7857142857143,0.0,0.0,0.0,0.0,0.0,100.0,1.542857142857143,,censor,11.67123287671233
pa3185,0.0,0,-3.6754888561417,89.0,1.0,22.7646558631264,0,0,0,0,0.0,190.17857142857144,0.0,0.0,0.0,0.0,0.0,90.0,1.9701492537313432,0.0,death,9.542465753424658
pa3189,0.0,0,-6.4844823251495,78.0,1.0,26.895791895007864,0,0,0,0,1.0,157.14285714285714,0.0,1.0,0.0,0.0,0.0,96.0,3.643724696356276,0.0,censor,11.208219178082192
pa3191,0.0,0,-2.7430334284111,75.0,1.0,34.15863296669275,0,0,0,0,0.0,176.0,0.0,1.0,0.0,0.0,0.0,92.0,10.985915492957746,0.0,censor,10.463013698630137
pa3192,0.0,0,-0.161201410790397,70.0,1.0,35.80667022650374,0,0,0,0,0.0,101.75,0.0,0.0,0.0,0.0,0.0,93.0,6.382978723404255,1.0,censor,10.035616438356165
pa3193,0.0,1,3.6555543015555,80.0,1.0,22.24644851613354,0,0,0,0,0.0,41.07142857142857,0.0,1.0,0.0,0.0,0.0,95.0,2.945736434108527,0.0,dementia,2.3863013698630136
pa3195,0.0,0,-4.83432512656201,77.0,1.0,25.44120887128216,0,0,0,0,0.0,250.53571428571428,0.0,0.0,0.0,0.0,0.0,96.0,19.6875,0.0,censor,10.73972602739726
pa3201,0.0,0,-14.1764002517822,74.0,1.0,26.141687948681856,0,0,0,0,0.0,42.25,1.0,0.0,0.0,0.0,0.0,95.0,27.57847533632287,0.0,censor,10.126027397260273
pa3203,0.0,0,-8.5529056801432,77.0,1.0,27.48093488401176,0,0,0,0,0.0,5.357142857142857,1.0,1.0,0.0,0.0,0.0,88.0,2.2222222222222223,1.0,death,8.580821917808219
pa3204,0.0,0,-8.7117835920969,71.0,1.0,30.751753219545936,0,0,0,0,0.0,214.42857142857144,0.0,0.0,0.0,0.0,0.0,91.0,23.376623376623375,0.0,censor,10.706849315068494
pa3205,0.0,0,-0.722820987978594,78.0,1.0,28.042445260127277,0,0,0,0,0.0,185.75,0.0,1.0,1.0,0.0,0.0,92.0,0.4972375690607735,1.0,death,10.547945205479452
pa3210,0.0,0,-4.13490394856559,72.0,1.0,23.49647601339461,0,0,0,0,0.0,157.0,0.0,0.0,0.0,0.0,0.0,97.0,0.4568527918781725,0.0,censor,11.273972602739725
pa3214,0.0,1,-1.82978236137041,74.0,1.0,27.955698201545783,0,0,0,0,0.0,237.78571428571428,0.0,0.0,0.0,0.0,0.0,92.0,12.90953545232274,1.0,dementia,10.408219178082192
pa3215,0.0,0,1.3122414787468,77.0,1.0,25.21319206118153,0,0,0,0,0.0,131.71428571428572,0.0,1.0,0.0,0.0,0.0,98.0,0.8191126279863481,0.0,death,9.221917808219178
pa3216,0.0,0,1.6654853554128,82.0,1.0,26.650945300953783,0,0,0,0,0.0,90.75,0.0,1.0,1.0,0.0,0.0,98.0,3.7288135593220337,0.0,death,5.2027397260273975
pa3217,0.0,0,-1.90559278922321,81.0,1.0,26.514921769380507,0,0,1,1,0.0,178.42857142857144,0.0,0.0,0.0,0.0,0.0,88.0,14.8,1.0,death,9.912328767123288
pa3219,0.0,0,-6.4807818918202,80.0,1.0,26.78848717343108,0,0,0,0,0.0,261.0,0.0,1.0,0.0,0.0,0.0,97.0,9.272727272727272,2.0,death,2.6931506849315068
pa3222,0.0,0,-0.181118470604403,75.0,1.0,32.637582489772754,0,0,0,0,0.0,57.64285714285714,0.0,0.0,0.0,0.0,0.0,84.0,5.601965601965602,0.0,death,4.761643835616439
pa3223,0.0,1,-3.55380191669271,74.0,1.0,26.670846865623528,0,0,1,1,0.0,130.0,1.0,1.0,0.0,0.0,0.0,87.0,23.24175824175824,0.0,dementia,11.213698630136987
pa3225,1.0,0,-12.4590583583874,79.0,1.0,22.294887039239,0,0,1,1,0.0,118.5,0.0,1.0,0.0,0.0,0.0,77.0,0.0,1.0,dementia,0.0
pa3228,0.0,0,3.202887096116,78.0,1.0,21.519913947671085,0,0,0,0,0.0,48.03571428571429,0.0,0.0,1.0,0.0,0.0,94.0,0.7643312101910829,0.0,death,5.52054794520548
pa3229,0.0,0,7.7177822019521,70.0,1.0,42.90595278175238,0,0,0,0,0.0,162.14285714285714,0.0,1.0,0.0,0.0,0.0,94.0,72.06703910614524,0.0,censor,9.663013698630136
pa3233,0.0,0,-9.4786624609757,90.0,1.0,23.324095711206887,0,0,0,0,0.0,132.78571428571428,0.0,1.0,0.0,0.0,0.0,95.0,13.516483516483516,0.0,death,9.632876712328768
pa3236,0.0,0,-8.3877432068164,73.0,1.0,22.739072008419004,0,0,0,0,0.0,327.2142857142857,0.0,0.0,0.0,0.0,0.0,97.0,13.978494623655914,0.0,censor,10.504109589041096
pa3238,0.0,0,-0.815108688210898,82.0,1.0,25.277359240121594,0,0,0,0,0.0,173.5,0.0,0.0,0.0,0.0,0.0,93.0,2.074468085106383,1.0,censor,10.586301369863014
pa3240,0.0,0,-2.9626294901268,78.0,1.0,28.063236770554905,0,0,0,0,0.0,95.71428571428572,0.0,0.0,0.0,0.0,0.0,92.0,12.0,0.0,death,11.786301369863013
pa3241,0.0,0,-4.4278271555926,82.0,1.0,20.871755885855077,0,0,0,0,0.0,198.0,0.0,0.0,0.0,0.0,0.0,91.0,3.7864077669902914,0.0,censor,10.558904109589042
pa3243,0.0,0,-5.1637306468067,82.0,1.0,31.021043168372262,0,0,1,1,0.0,227.2142857142857,0.0,1.0,0.0,0.0,0.0,90.0,44.26229508196721,0.0,censor,11.520547945205479
pa3248,0.0,1,-0.863857999555805,83.0,1.0,23.26868833001961,0,0,0,0,0.0,117.0,0.0,0.0,0.0,0.0,0.0,86.0,2.795698924731183,0.0,dementia,0.936986301369863
pa3250,0.0,0,-2.2171407358731,69.0,1.0,26.166304204404845,0,0,0,0,0.0,279.67857142857144,1.0,1.0,0.0,0.0,0.0,98.0,5.051020408163265,0.0,censor,10.556164383561644
pa3253,0.0,0,1.4449708137619,75.0,1.0,24.738059148665577,0,0,0,0,0.0,187.14285714285717,0.0,0.0,0.0,0.0,0.0,99.0,2.2096317280453257,1.0,censor,10.452054794520548
pa3255,0.0,0,-2.6051612395308,71.0,1.0,25.85565762035748,0,0,1,1,0.0,191.5,1.0,0.0,0.0,0.0,0.0,90.0,25.598194130925503,0.0,censor,10.66027397260274
pa3260,0.0,1,-3.3464002824242,81.0,1.0,27.22013182716356,0,0,0,0,0.0,37.535714285714285,0.0,1.0,0.0,0.0,0.0,95.0,9.155313351498638,0.0,dementia,3.282191780821918
pa3262,0.0,0,4.74927247436079,72.0,1.0,23.49118518347436,0,0,0,0,0.0,108.71428571428572,0.0,0.0,0.0,0.0,0.0,95.0,0.0,1.0,death,10.180821917808219
pa3264,0.0,0,5.6216847195748,71.0,1.0,33.34388519573705,0,0,0,0,0.0,208.85714285714283,0.0,1.0,0.0,0.0,0.0,90.0,29.567307692307693,0.0,censor,10.616438356164384
pa3266,0.0,0,-15.1084371507416,84.0,1.0,22.71090869113761,0,0,0,0,0.0,52.07142857142857,0.0,1.0,0.0,1.0,0.0,91.0,0.1923076923076923,0.0,death,5.397260273972603
pa3268,0.0,1,-5.0854360003016,73.0,1.0,25.97857250641316,0,0,0,0,0.0,117.03571428571428,0.0,0.0,0.0,0.0,0.0,90.0,2.6535626535626538,2.0,dementia,2.5643835616438357
pa3274,0.0,0,1.2818252210208,89.0,1.0,24.260684666023277,0,0,0,0,0.0,207.5,0.0,1.0,1.0,0.0,0.0,93.0,24.83383685800604,0.0,death,6.8
pa3276,0.0,0,-8.2675198150832,85.0,0.0,22.31312263212745,0,0,0,0,0.0,187.03571428571428,0.0,1.0,0.0,0.0,0.0,85.0,1.935483870967742,0.0,censor,3.4712328767123286
pa3280,0.0,0,-5.9678693711046,72.0,1.0,24.26539170540757,0,0,0,0,0.0,185.4642857142857,0.0,1.0,0.0,0.0,0.0,98.0,1.7763157894736843,0.0,censor,10.509589041095891
pa3284,0.0,0,-3.6592162814018,75.0,1.0,27.54425053019185,0,0,1,1,0.0,179.57142857142856,1.0,1.0,0.0,0.0,0.0,91.0,1.5472779369627507,1.0,censor,10.46027397260274
pa3285,0.0,0,2.77782421775611,76.0,1.0,25.4583130427725,0,0,0,0,0.0,127.17857142857144,0.0,1.0,1.0,0.0,0.0,94.0,1.255813953488372,1.0,censor,10.854794520547944
pa3287,0.0,0,4.5821129220523,78.0,1.0,33.42535424963754,0,0,0,0,0.0,128.85714285714286,0.0,1.0,1.0,0.0,0.0,89.0,13.043478260869565,0.0,death,9.408219178082192
pa3288,0.0,0,1.66938436250371,69.0,1.0,24.834325087789587,0,0,0,0,0.0,151.64285714285714,0.0,0.0,0.0,0.0,0.0,97.0,2.91754756871036,0.0,censor,10.96986301369863
pa3290,0.0,0,0.805291402350207,73.0,1.0,26.324880237402557,0,0,0,0,0.0,165.71428571428572,0.0,1.0,0.0,0.0,0.0,91.0,0.3448275862068966,0.0,censor,9.676712328767124
pa3291,0.0,0,-7.50434739094899,82.0,1.0,31.493250866470245,0,0,1,1,0.0,165.5,0.0,0.0,0.0,0.0,0.0,96.0,48.80597014925373,0.0,censor,10.287671232876713
pa3292,0.0,0,-7.9517879164006,70.0,1.0,25.68133380153724,0,0,0,0,0.0,162.07142857142856,0.0,1.0,0.0,0.0,0.0,98.0,21.35593220338983,0.0,censor,11.082191780821917
pa3294,0.0,0,-6.3865464357672,71.0,1.0,25.821660590444345,0,0,0,0,0.0,105.46428571428572,0.0,1.0,0.0,0.0,0.0,99.0,21.60621761658031,0.0,censor,10.676712328767124
pa3295,0.0,0,-3.80586693632399,69.0,1.0,25.170876126407787,0,0,0,0,0.0,195.17857142857144,0.0,1.0,0.0,0.0,0.0,96.0,1.566579634464752,0.0,censor,11.405479452054795
pa3299,0.0,0,-6.3391223708374,72.0,1.0,22.59048872165788,0,0,0,0,0.0,124.85714285714286,0.0,0.0,0.0,0.0,0.0,87.0,2.76657060518732,0.0,censor,10.646575342465754
pa3303,0.0,0,-6.85462139209351,72.0,1.0,26.09347168846533,0,0,0,0,0.0,134.71428571428572,0.0,0.0,0.0,0.0,0.0,96.0,12.0,0.0,censor,10.30958904109589
pa3305,0.0,0,3.3910892775358,73.0,1.0,20.50432072791255,0,0,0,0,0.0,92.5,0.0,1.0,0.0,0.0,0.0,88.0,0.0,0.0,death,5.983561643835617
pa3306,0.0,1,-3.1397991989903,70.0,0.0,26.47372577009761,0,0,1,1,0.0,101.42857142857144,0.0,1.0,1.0,0.0,0.0,92.0,0.1759530791788856,0.0,dementia,0.3972602739726027
pa3307,0.0,1,-2.14175170472269,75.0,1.0,23.093236326241943,0,0,0,0,0.0,236.17857142857144,0.0,0.0,0.0,1.0,0.0,93.0,5.454545454545454,0.0,dementia,3.6301369863013697
pa3315,0.0,0,-0.591996200435304,76.0,1.0,27.18371840376432,0,0,0,0,0.0,70.0,0.0,0.0,0.0,0.0,0.0,99.0,41.221374045801525,0.0,censor,10.084931506849315
pa3316,0.0,0,1.1574232438691,82.0,1.0,22.32581895703925,0,0,1,1,0.0,169.10714285714286,0.0,1.0,0.0,0.0,0.0,86.0,19.649122807017545,0.0,death,8.241095890410959
pa3322,0.0,0,-4.5193940539293,72.0,1.0,26.649957120113516,0,0,1,1,0.0,216.78571428571428,0.0,0.0,0.0,0.0,0.0,93.0,1.099476439790576,0.0,censor,10.545205479452054
pa3323,0.0,0,-1.7653095324829,71.0,1.0,30.605059839724976,0,0,0,0,0.0,135.96428571428572,0.0,1.0,0.0,0.0,0.0,97.0,4.591029023746702,0.0,censor,9.356164383561644
pa3328,0.0,1,-12.032617350934,84.0,0.0,27.091723104789786,0,0,1,1,0.0,215.7142857142857,0.0,1.0,1.0,0.0,0.0,83.0,12.299168975069252,0.0,dementia,1.0465753424657533
pa3331,0.0,0,-0.635757083469002,90.0,1.0,24.51493820032377,0,0,0,0,0.0,106.0,0.0,1.0,0.0,0.0,0.0,84.0,0.9574468085106383,1.0,death,5.586301369863014
pa3334,0.0,1,-7.4924566000869,78.0,1.0,28.0563957563844,0,0,0,0,0.0,352.28571428571433,0.0,0.0,0.0,0.0,0.0,100.0,7.2592592592592595,0.0,dementia,1.2082191780821918
pa3341,0.0,0,-5.26433542918301,75.0,1.0,29.05975083708118,0,0,1,1,0.0,101.07142857142856,0.0,1.0,0.0,0.0,0.0,94.0,50.26548672566372,0.0,death,3.747945205479452
pa3346,0.0,0,-7.1404302098246,79.0,1.0,25.181630057503405,0,1,0,1,0.0,148.89285714285714,0.0,0.0,1.0,0.0,0.0,96.0,9.532710280373832,0.0,censor,10.126027397260273
pa3349,0.0,0,-5.3763961734636,85.0,1.0,25.7981887866782,0,0,0,0,0.0,187.53571428571428,0.0,0.0,1.0,0.0,0.0,92.0,15.819477434679335,2.0,death,10.326027397260274
pa3352,0.0,0,-11.176490523264,84.0,1.0,27.562103480795603,0,0,0,0,0.0,107.71428571428572,0.0,1.0,0.0,0.0,0.0,86.0,61.30434782608695,0.0,death,11.063013698630137
pa3353,0.0,1,-4.67883555422731,71.0,1.0,25.30601751854884,0,0,0,0,0.0,224.35714285714283,0.0,0.0,0.0,0.0,0.0,97.0,0.0,1.0,dementia,2.7616438356164386
pa3356,1.0,0,-13.2878923823727,83.0,1.0,24.2239967924087,0,0,0,0,1.0,75.71428571428572,0.0,1.0,1.0,0.0,0.0,86.0,0.702576112412178,1.0,death,3.5835616438356164
pa3357,0.0,0,-5.06015762861659,81.0,1.0,24.953721923418897,0,0,0,0,0.0,138.92857142857144,0.0,0.0,0.0,0.0,0.0,96.0,2.184466019417476,0.0,death,3.2383561643835614
pa3360,0.0,0,-5.2178160851943,76.0,1.0,25.35014693637964,0,0,1,1,0.0,137.75,0.0,1.0,0.0,0.0,0.0,92.0,3.66412213740458,0.0,censor,10.175342465753424
pa3362,0.0,0,-3.94890106920229,75.0,1.0,24.36296816881056,0,0,0,0,0.0,176.82142857142856,0.0,1.0,0.0,0.0,0.0,96.0,1.973684210526316,1.0,censor,10.846575342465753
pa3366,0.0,1,-4.24331701397971,82.0,1.0,20.515322728205245,0,0,0,0,0.0,53.57142857142857,0.0,0.0,1.0,0.0,0.0,96.0,0.4265402843601896,2.0,dementia,1.2684931506849315
pa3368,0.0,0,-14.1227233478135,74.0,1.0,24.507591358658544,0,0,1,1,1.0,127.10714285714286,0.0,0.0,0.0,0.0,0.0,92.0,1.099476439790576,0.0,censor,9.904109589041095
pa3377,0.0,0,1.0826089535817,69.0,1.0,23.768775399317462,0,0,0,0,0.0,189.89285714285717,0.0,1.0,0.0,0.0,0.0,97.0,6.80672268907563,0.0,censor,10.761643835616438
pa3378,0.0,0,1.8922255449307,72.0,1.0,26.207489609139863,0,0,0,0,0.0,101.21428571428572,0.0,1.0,0.0,0.0,0.0,98.0,10.41509433962264,0.0,censor,10.361643835616439
pa3380,0.0,0,-6.7829273758328,78.0,1.0,28.26449995534878,0,0,0,0,0.0,161.71428571428572,0.0,1.0,0.0,0.0,0.0,99.0,19.0,0.0,censor,11.901369863013699
pa3382,1.0,0,-6.0564887204404,92.0,1.0,24.33825636569933,0,0,0,0,0.0,39.25,1.0,0.0,0.0,0.0,0.0,73.0,30.63063063063063,,dementia,0.0
pa3383,0.0,0,2.72644872141601,72.0,1.0,26.69085152505232,0,0,0,0,0.0,166.64285714285714,0.0,1.0,1.0,0.0,0.0,83.0,3.0,1.0,censor,10.717808219178082
pa3387,0.0,0,4.5133614997053,75.0,1.0,29.498626685484837,0,0,0,0,0.0,62.89285714285714,0.0,0.0,0.0,0.0,0.0,95.0,4.717444717444717,1.0,censor,10.008219178082191
pa3390,0.0,0,-2.69958074568601,72.0,1.0,31.186498680952862,0,0,0,0,0.0,143.5,0.0,0.0,1.0,0.0,0.0,89.0,6.724137931034483,0.0,death,5.978082191780822
pa3392,0.0,0,0.988336750933797,74.0,1.0,23.803039751667768,0,0,0,0,0.0,184.5,0.0,1.0,0.0,0.0,0.0,98.0,2.349869451697128,1.0,death,5.476712328767123
pa3393,0.0,0,-2.3821188374735,68.0,1.0,25.28206648010265,0,0,0,0,0.0,226.42857142857144,0.0,0.0,0.0,0.0,0.0,91.0,5.732484076433121,0.0,censor,10.789041095890411
pa3394,0.0,0,-13.8964123894796,75.0,1.0,24.710389918160907,0,0,0,0,0.0,166.28571428571428,0.0,0.0,0.0,0.0,0.0,92.0,2.1479713603818618,1.0,censor,11.156164383561643
pa3395,0.0,0,-5.3734984827643,79.0,1.0,20.613930495563267,0,0,0,0,0.0,256.7142857142857,0.0,0.0,0.0,0.0,0.0,94.0,0.6779661016949152,0.0,censor,10.336986301369864
pa3397,0.0,0,-0.932323340682203,72.0,0.0,24.821727871767997,0,0,0,0,0.0,143.46428571428572,0.0,0.0,0.0,0.0,0.0,85.0,3.103448275862069,0.0,death,5.742465753424658
pa3398,0.0,0,-4.65379332394031,69.0,1.0,21.26146583778125,0,1,0,1,0.0,52.5,0.0,1.0,0.0,0.0,1.0,95.0,14.626038781163436,1.0,censor,3.5616438356164384
pa3399,0.0,0,-17.8444102758046,78.0,1.0,21.7749004992173,0,0,0,0,0.0,127.21428571428572,0.0,1.0,0.0,0.0,0.0,95.0,1.4835164835164836,0.0,death,6.6876712328767125
pa3400,0.0,0,0.376406986547593,74.0,1.0,25.906080217273693,0,0,0,0,0.0,101.71428571428572,0.0,1.0,0.0,1.0,0.0,91.0,0.0,0.0,death,8.591780821917808
pa3401,0.0,0,-12.1239497013497,70.0,1.0,22.28524282427769,0,0,0,0,0.0,211.39285714285717,0.0,0.0,1.0,0.0,0.0,96.0,1.2244897959183674,0.0,censor,10.605479452054794
pa3402,0.0,0,-6.5370833642715,73.0,1.0,29.71520905382885,0,0,0,0,1.0,201.7142857142857,0.0,1.0,0.0,0.0,0.0,92.0,31.25348189415042,0.0,censor,3.3424657534246576
pa3403,0.0,1,-5.210578272794,75.0,1.0,31.11202203360768,0,0,0,0,0.0,146.21428571428572,0.0,1.0,0.0,0.0,1.0,90.0,12.4,0.0,dementia,1.4164383561643836
pa3405,0.0,1,5.38806507127271,73.0,1.0,26.018620823274976,0,0,0,0,0.0,27.142857142857142,0.0,0.0,1.0,0.0,0.0,92.0,22.307692307692307,0.0,dementia,0.5452054794520548
pa3406,0.0,0,-2.3073669829293,74.0,1.0,26.042764040789187,0,0,0,0,0.0,108.92857142857144,0.0,1.0,0.0,0.0,0.0,97.0,9.501466275659824,0.0,censor,10.134246575342466
pa3408,0.0,0,1.49024662610969,73.0,1.0,30.93246380823621,0,0,0,0,0.0,97.46428571428572,0.0,0.0,0.0,0.0,0.0,96.0,6.857142857142857,1.0,censor,10.646575342465754
pa3409,0.0,0,-2.4553046116913,76.0,1.0,30.82140151761901,0,0,1,1,1.0,38.57142857142857,0.0,1.0,0.0,0.0,0.0,91.0,1.4516129032258065,1.0,censor,11.0
pa3411,0.0,1,-4.561231458668,72.0,1.0,27.992129137782555,0,0,0,0,0.0,125.32142857142856,0.0,0.0,0.0,0.0,0.0,95.0,9.425981873111782,1.0,dementia,0.9561643835616438
pa3412,0.0,0,-3.69471389745721,84.0,1.0,22.216443066448857,0,0,1,1,0.0,49.71428571428572,0.0,1.0,1.0,0.0,0.0,94.0,13.974683544303796,0.0,death,11.093150684931507
pa3415,0.0,0,-0.115707253358707,75.0,1.0,23.811246141975303,0,0,1,1,0.0,177.96428571428572,1.0,0.0,0.0,0.0,0.0,95.0,4.5,0.0,censor,3.452054794520548
pa3417,1.0,0,-1.6142859241988,73.0,1.0,24.90530385321781,0,0,1,1,0.0,150.0,1.0,0.0,1.0,0.0,0.0,68.0,8.734177215189874,0.0,censor,0.0
pa3418,0.0,0,-1.0366315824749,69.0,1.0,21.56571119524067,0,0,0,0,0.0,144.57142857142856,0.0,1.0,1.0,0.0,0.0,95.0,4.409448818897638,0.0,censor,10.824657534246576
pa3419,0.0,0,-18.1068174949327,85.0,1.0,21.859191081450035,0,0,0,0,0.0,126.25,0.0,0.0,0.0,0.0,0.0,97.0,25.82278481012658,0.0,death,10.189041095890412
pa3420,0.0,0,4.0377479737047,73.0,1.0,29.586290327495348,0,0,0,0,0.0,144.75,0.0,0.0,0.0,0.0,0.0,98.0,0.3389830508474576,1.0,censor,3.4383561643835616
pa3421,0.0,0,-6.5622323395541,82.0,1.0,32.23910603562121,0,0,0,0,0.0,85.71428571428572,1.0,1.0,0.0,0.0,0.0,95.0,26.194690265486727,0.0,censor,11.578082191780823
pa3423,0.0,0,10.9253051343195,79.0,1.0,26.132166119716032,0,0,0,0,0.0,149.89285714285714,0.0,1.0,1.0,0.0,0.0,83.0,16.956521739130434,0.0,death,4.594520547945206
pa3426,0.0,0,-6.2393866651452,76.0,1.0,31.034153559073363,0,0,0,0,0.0,306.0357142857143,0.0,1.0,0.0,0.0,0.0,95.0,6.828087167070218,0.0,censor,10.767123287671232
pa3427,1.0,0,-2.266540383669,71.0,1.0,30.45307143691897,0,0,0,0,0.0,149.82142857142856,0.0,1.0,0.0,0.0,0.0,72.0,0.5263157894736842,0.0,censor,0.0
pa3428,0.0,0,2.986494738517,71.0,1.0,28.923480364888785,0,0,0,0,0.0,136.71428571428572,0.0,0.0,0.0,0.0,0.0,84.0,2.9925187032418954,0.0,censor,9.397260273972602
pa3429,0.0,1,-0.154066430579206,84.0,1.0,28.18481202101363,0,0,0,0,0.0,75.39285714285714,1.0,1.0,0.0,0.0,0.0,98.0,48.41379310344828,1.0,dementia,3.5643835616438357
pa3430,0.0,0,2.8690236357496,76.0,1.0,28.46502033639838,0,0,0,0,0.0,42.46428571428572,1.0,1.0,0.0,0.0,0.0,96.0,21.08626198083067,0.0,censor,10.509589041095891
pa3431,0.0,0,-3.5253862487728,80.0,1.0,28.708110288640253,0,0,0,0,0.0,224.0,0.0,1.0,0.0,0.0,0.0,95.0,2.1238938053097347,0.0,censor,10.92876712328767
pa3434,0.0,1,-3.5111642595175,85.0,1.0,23.648686496182968,0,0,0,0,0.0,147.14285714285714,0.0,0.0,0.0,0.0,0.0,98.0,16.751269035532996,0.0,dementia,1.4356164383561645
pa3440,0.0,0,-1.9777316179795,74.0,1.0,24.17943317238141,0,0,0,0,1.0,205.07142857142856,0.0,0.0,0.0,0.0,0.0,94.0,10.92436974789916,0.0,censor,11.986301369863014
pa3442,0.0,0,1.3314794919923,82.0,0.0,20.53639272011664,0,0,0,0,1.0,218.14285714285717,0.0,0.0,0.0,0.0,0.0,94.0,5.936395759717315,0.0,death,7.695890410958904
pa3445,0.0,1,-1.1577543809628,79.0,1.0,27.805381345871947,0,0,0,0,0.0,154.21428571428572,0.0,0.0,0.0,0.0,0.0,89.0,2.4324324324324325,1.0,dementia,0.9863013698630136
pa3447,0.0,0,3.95680953347281,76.0,1.0,27.21739119357028,0,0,1,1,1.0,183.8571428571429,0.0,1.0,0.0,0.0,0.0,87.0,6.636568848758465,0.0,censor,3.627397260273973
pa3448,0.0,0,0.669507247940103,73.0,1.0,23.60994587531276,0,0,0,0,0.0,230.07142857142856,0.0,1.0,1.0,0.0,0.0,95.0,0.1608579088471849,1.0,censor,11.295890410958904
pa3449,0.0,0,1.9982305544915,73.0,1.0,28.56072159123757,0,0,0,0,1.0,114.92857142857144,0.0,1.0,0.0,0.0,0.0,98.0,2.445141065830721,0.0,death,3.6986301369863015
pa3450,0.0,0,-1.9043473508948,69.0,1.0,33.97386948663845,0,0,0,0,0.0,169.25,1.0,1.0,0.0,0.0,0.0,97.0,3.07277628032345,0.0,censor,10.32876712328767
pa3451,0.0,1,0.837644996422995,79.0,1.0,21.30604655418171,0,0,0,0,0.0,25.714285714285715,0.0,0.0,1.0,0.0,0.0,83.0,16.363636363636363,1.0,dementia,1.0986301369863014
pa3454,0.0,0,0.255423503699205,73.0,1.0,19.861081954345064,0,0,1,1,1.0,33.57142857142857,0.0,0.0,0.0,0.0,0.0,93.0,5.236907730673317,0.0,censor,5.734246575342466
pa3455,0.0,0,-4.4415476126231,75.0,1.0,31.556337575397343,0,0,0,0,0.0,77.46428571428572,0.0,1.0,0.0,0.0,0.0,98.0,46.970509383378015,0.0,censor,11.04931506849315
pa3456,0.0,1,2.72354451326591,81.0,1.0,27.56318754965983,0,0,0,0,0.0,84.32142857142857,1.0,0.0,1.0,0.0,0.0,80.0,0.625,0.0,dementia,1.2027397260273973
pa3457,0.0,0,4.1947809487109,74.0,1.0,22.140661581042053,0,0,0,0,0.0,244.1071428571429,0.0,0.0,0.0,0.0,0.0,91.0,11.192660550458717,0.0,censor,10.942465753424658
pa3459,1.0,0,3.46104295382329,77.0,1.0,26.590899348422493,0,0,0,0,0.0,261.7857142857143,0.0,0.0,0.0,0.0,0.0,79.0,9.494949494949497,0.0,death,10.676712328767124
pa3466,0.0,0,-2.0118329702152,75.0,1.0,24.059616226075583,0,0,0,0,0.0,236.07142857142856,0.0,1.0,1.0,0.0,0.0,94.0,3.184357541899441,0.0,censor,10.854794520547944
pa3469,0.0,0,-3.8424408095029,70.0,1.0,23.526754365496966,0,0,0,0,0.0,131.85714285714286,0.0,0.0,0.0,0.0,0.0,95.0,1.0294117647058822,1.0,censor,11.024657534246575
pa3471,0.0,0,0.947203476004106,82.0,1.0,23.899599064135742,0,0,0,0,0.0,33.57142857142857,0.0,0.0,0.0,0.0,0.0,96.0,2.942779291553133,0.0,death,5.947945205479452
pa3472,0.0,0,-6.23934965019529,82.0,1.0,25.727353472587943,0,0,0,0,0.0,46.10714285714286,0.0,0.0,0.0,0.0,0.0,96.0,1.6179775280898876,0.0,censor,10.572602739726028
pa3474,0.0,0,2.845108199181,83.0,1.0,25.85541361378566,0,1,0,1,0.0,42.5,0.0,1.0,1.0,1.0,0.0,93.0,6.477272727272728,0.0,death,2.936986301369863
pa3476,0.0,0,-8.1953097535151,71.0,1.0,24.37500162067829,0,0,0,0,0.0,130.57142857142856,0.0,1.0,0.0,0.0,0.0,99.0,1.8633540372670807,0.0,censor,10.868493150684932
pa3479,0.0,0,7.23529635750771,76.0,1.0,26.067660271084705,0,0,0,0,0.0,200.0,0.0,0.0,0.0,0.0,0.0,96.0,13.646209386281589,0.0,censor,10.967123287671233
pa3480,0.0,0,-5.5244892042593,86.0,1.0,24.863745871144346,0,0,0,0,0.0,174.89285714285714,0.0,0.0,0.0,0.0,0.0,90.0,0.0,0.0,censor,11.183561643835617
pa3481,0.0,1,-0.188172571182207,78.0,1.0,27.098830297113647,0,0,1,1,0.0,145.0,0.0,1.0,1.0,0.0,0.0,81.0,4.10757946210269,0.0,dementia,3.632876712328767
pa3485,0.0,1,-2.39462067321421,76.0,1.0,29.570140052926615,0,0,0,0,0.0,121.0,0.0,1.0,0.0,0.0,0.0,100.0,13.010204081632653,1.0,dementia,1.0986301369863014
pa3486,0.0,0,-2.5242731221161,72.0,1.0,29.082244886819364,0,0,0,0,0.0,223.39285714285717,1.0,1.0,0.0,0.0,0.0,90.0,11.921397379912664,0.0,censor,10.810958904109588
pa3489,0.0,0,0.411572100187897,70.0,1.0,24.442459842444823,0,0,1,1,0.0,275.67857142857144,0.0,0.0,0.0,0.0,0.0,93.0,13.876651982378856,0.0,censor,11.084931506849315
pa3492,0.0,0,-7.0635343540028,73.0,1.0,24.28457767125258,0,0,0,0,1.0,173.0,0.0,0.0,0.0,0.0,0.0,100.0,8.933002481389579,1.0,censor,10.87945205479452
pa3495,0.0,0,-5.08669323267471,82.0,1.0,23.37789831147113,0,1,0,1,0.0,113.42857142857144,1.0,0.0,0.0,0.0,0.0,92.0,26.68380462724936,0.0,censor,11.095890410958905
pa3496,0.0,1,-4.5764292440592,90.0,0.0,22.27263329592207,0,0,0,0,0.0,121.0,0.0,0.0,0.0,0.0,0.0,91.0,2.414860681114551,0.0,dementia,1.3506849315068492
pa3498,0.0,0,0.516195001323695,83.0,1.0,20.956140825266345,0,0,0,0,0.0,143.71428571428572,0.0,1.0,0.0,0.0,0.0,91.0,1.6,1.0,death,10.745205479452055
pa3499,0.0,0,0.1295329031514,74.0,1.0,24.44786732696553,0,0,0,0,0.0,138.25,0.0,0.0,1.0,0.0,0.0,90.0,2.950819672131148,0.0,death,4.898630136986301
pa3502,0.0,1,-0.764725552218593,81.0,1.0,20.46141146099369,0,0,0,0,0.0,163.39285714285714,0.0,1.0,0.0,0.0,0.0,94.0,37.59213759213759,0.0,dementia,0.810958904109589
pa3503,0.0,1,1.1473938153519,84.0,1.0,24.77166406772109,0,0,0,0,0.0,108.57142857142856,0.0,0.0,0.0,0.0,0.0,82.0,0.9202453987730062,0.0,dementia,3.1616438356164385
pa3504,0.0,0,-7.96176607925,86.0,1.0,32.23910302392877,0,0,0,0,0.0,162.89285714285714,1.0,1.0,0.0,0.0,0.0,86.0,8.193277310924369,0.0,death,3.0054794520547947
pa3506,1.0,0,7.783254416174,79.0,1.0,21.677203569877904,0,0,0,0,0.0,166.71428571428572,0.0,0.0,0.0,0.0,0.0,81.0,6.062176165803109,0.0,dementia,0.0
pa3511,0.0,0,-1.8899365363736,84.0,1.0,27.36221267656841,0,0,0,0,0.0,82.35714285714286,1.0,1.0,0.0,1.0,0.0,85.0,13.40782122905028,0.0,death,4.698630136986301
pa3512,0.0,1,-5.5840825232887,70.0,1.0,22.02410928952651,0,0,0,0,0.0,591.8571428571429,0.0,1.0,0.0,1.0,0.0,98.0,2.016806722689076,1.0,dementia,11.942465753424658
pa3515,0.0,0,-0.318412458435503,84.0,1.0,26.333450021175175,0,0,0,0,1.0,39.0,0.0,1.0,1.0,0.0,0.0,89.0,29.6,0.0,censor,0.9945205479452055
pa3516,0.0,0,-10.2521519400649,84.0,1.0,29.633717826539808,0,0,0,0,0.0,173.14285714285714,0.0,1.0,0.0,0.0,0.0,90.0,5.519287833827893,0.0,death,9.901369863013699
pa3519,0.0,0,-4.8211940693258,77.0,1.0,22.92670160465282,0,0,0,0,0.0,264.32142857142856,0.0,0.0,0.0,0.0,0.0,95.0,0.2985074626865671,0.0,censor,11.435616438356165
pa3521,0.0,1,-1.5522006677009,84.0,1.0,26.1183573335431,0,0,0,0,0.0,121.0,0.0,0.0,0.0,0.0,0.0,98.0,16.205787781350484,0.0,dementia,6.712328767123288
pa3522,0.0,0,4.806578956154,70.0,1.0,23.69779659783057,0,0,0,0,0.0,189.07142857142856,0.0,0.0,0.0,0.0,0.0,98.0,3.0508474576271185,0.0,censor,10.117808219178082
pa3526,0.0,0,-8.5823154209794,78.0,1.0,27.731864095500462,0,0,0,0,0.0,120.0,1.0,1.0,0.0,0.0,0.0,91.0,11.8854415274463,0.0,censor,11.07945205479452
pa3528,0.0,0,-7.05946465286149,87.0,1.0,28.34861760847503,0,0,0,0,0.0,161.0,0.0,1.0,0.0,0.0,0.0,91.0,4.0,1.0,censor,10.816438356164383
pa3532,0.0,0,-0.0351615050783067,73.0,1.0,24.271685172880183,0,0,0,0,0.0,121.42857142857144,0.0,0.0,0.0,0.0,0.0,83.0,5.346534653465347,,death,12.265753424657534
pa3534,0.0,0,-3.3602109839309,83.0,1.0,22.012144440112607,0,0,0,0,0.0,161.64285714285714,0.0,0.0,0.0,0.0,0.0,91.0,3.183023872679045,1.0,death,11.893150684931507
pa3535,0.0,0,-3.87550987263511,78.0,1.0,31.364858991680236,0,0,0,0,0.0,255.42857142857144,0.0,0.0,0.0,0.0,1.0,98.0,37.21739130434783,0.0,censor,11.027397260273972
pa3539,1.0,0,-11.3211575887038,80.0,1.0,25.68954539119567,0,0,1,1,0.0,105.0,0.0,0.0,0.0,0.0,0.0,90.0,11.636363636363637,0.0,dementia,0.0
pa3541,0.0,0,-3.5390070999123,87.0,1.0,26.77544781031887,0,0,0,0,0.0,34.0,0.0,1.0,0.0,0.0,0.0,92.0,5.570291777188329,0.0,censor,11.452054794520548
pa3544,0.0,0,-10.4983984334773,83.0,1.0,27.01590868622864,0,0,0,0,0.0,131.07142857142856,0.0,1.0,0.0,0.0,0.0,94.0,22.67002518891688,0.0,censor,3.6986301369863015
pa3545,0.0,0,6.2554458887233,68.0,1.0,25.638910046293237,0,0,0,0,0.0,307.8571428571429,1.0,0.0,0.0,0.0,0.0,98.0,10.959752321981425,,censor,1.3150684931506849
pa3547,0.0,0,-3.1293246358232,84.0,1.0,30.61744517148757,0,0,0,0,0.0,70.92857142857143,0.0,0.0,1.0,0.0,0.0,97.0,8.652037617554859,0.0,censor,3.6575342465753424
pa3549,0.0,1,5.4635049136524,77.0,1.0,26.89355625632177,0,0,0,0,0.0,93.85714285714286,0.0,0.0,0.0,0.0,0.0,80.0,25.646437994722955,0.0,dementia,0.7287671232876712
pa3553,0.0,0,0.788992289361005,75.0,1.0,25.85820169873337,0,0,0,0,0.0,162.21428571428572,0.0,0.0,0.0,0.0,0.0,95.0,0.712166172106825,0.0,censor,11.12054794520548
pa3554,0.0,0,0.0183853418534028,81.0,1.0,30.67320830631965,0,0,0,0,0.0,102.5,0.0,1.0,0.0,0.0,0.0,93.0,2.179176755447942,0.0,death,11.821917808219178
pa3562,0.0,0,-9.0248474501778,83.0,1.0,21.208241436204823,0,0,0,0,0.0,213.67857142857144,0.0,1.0,0.0,0.0,0.0,97.0,2.210526315789474,1.0,censor,11.506849315068493
pa3565,0.0,1,-10.4477065697916,82.0,1.0,25.255462985334933,0,0,0,0,0.0,68.92857142857143,0.0,0.0,1.0,0.0,0.0,95.0,1.9696969696969695,1.0,dementia,11.005479452054795
pa3567,1.0,0,-1.38572080372489,91.0,1.0,24.889907959332067,0,0,0,0,1.0,24.642857142857142,0.0,1.0,0.0,0.0,0.0,91.0,0.364741641337386,0.0,dementia,0.0
pa3568,0.0,0,0.919405471300607,80.0,1.0,28.732492402076836,0,0,0,0,0.0,266.57142857142856,0.0,1.0,0.0,0.0,0.0,91.0,17.03125,0.0,death,9.534246575342467
pa3570,0.0,1,-6.60854996120349,85.0,1.0,24.262949812050927,0,0,0,0,1.0,72.14285714285714,1.0,0.0,0.0,0.0,0.0,93.0,0.684931506849315,0.0,dementia,4.315068493150685
pa3572,0.0,0,-5.76555947187811,70.0,1.0,24.153808544235893,0,0,0,0,0.0,195.5,0.0,1.0,0.0,0.0,0.0,100.0,1.8461538461538465,0.0,censor,10.605479452054794
pa3574,0.0,1,3.7880754099903,83.0,1.0,29.73349946174021,0,0,0,0,0.0,197.7142857142857,0.0,0.0,0.0,0.0,0.0,99.0,9.966777408637874,1.0,dementia,1.3534246575342466
pa3575,0.0,1,-6.498781901131,85.0,1.0,27.689608453498018,0,0,0,0,0.0,178.57142857142858,0.0,1.0,1.0,0.0,0.0,96.0,17.384615384615383,0.0,dementia,1.7287671232876711
pa3591,0.0,0,-10.9368152160258,84.0,1.0,26.888120212304116,0,0,0,0,0.0,163.21428571428572,0.0,1.0,0.0,0.0,0.0,92.0,14.311926605504588,0.0,death,3.3232876712328765
pa3595,0.0,0,-1.41974980162451,94.0,1.0,21.095919754071733,0,0,0,0,0.0,157.42857142857144,0.0,1.0,0.0,0.0,1.0,81.0,14.188034188034187,1.0,death,8.764383561643836
pa3596,0.0,1,6.4368816374091,84.0,1.0,26.68523467198615,0,0,0,0,0.0,167.75,0.0,0.0,0.0,0.0,0.0,95.0,12.743362831858407,1.0,dementia,6.265753424657534
pa3597,0.0,0,-7.0364160568749,88.0,1.0,26.71008565094512,0,0,0,0,0.0,141.0,0.0,1.0,0.0,0.0,0.0,98.0,21.32992327365729,0.0,death,6.542465753424658
pa3601,0.0,1,0.308997636029403,83.0,0.0,26.39289418991711,0,0,1,1,1.0,190.0,0.0,1.0,0.0,0.0,0.0,89.0,0.2758620689655172,0.0,dementia,1.0767123287671232
pa3602,0.0,1,-7.14882735958621,82.0,1.0,23.46484781295791,0,1,0,1,0.0,92.14285714285714,0.0,1.0,0.0,0.0,0.0,97.0,1.565217391304348,0.0,dementia,3.7424657534246575
pa3603,1.0,0,-11.2566056653576,90.0,0.0,23.373981455794496,0,0,0,0,0.0,147.35714285714286,0.0,0.0,1.0,0.0,0.0,75.0,6.896551724137931,0.0,death,9.884931506849314
pa3605,0.0,0,3.071094040848,79.0,1.0,22.576605113773663,0,0,0,0,0.0,115.28571428571428,0.0,0.0,0.0,0.0,0.0,96.0,1.9565217391304348,1.0,censor,11.161643835616438
pa3606,0.0,0,-5.9841218114332,75.0,1.0,27.94200364337273,0,0,0,0,1.0,189.42857142857144,0.0,1.0,0.0,0.0,0.0,95.0,1.2244897959183674,0.0,censor,10.96986301369863
pa3607,0.0,0,1.62549879713509,85.0,1.0,22.82726296681679,0,0,0,0,0.0,160.07142857142858,0.0,1.0,0.0,0.0,0.0,93.0,2.901098901098901,0.0,death,6.241095890410959
pa3609,0.0,0,-11.691733376755,91.0,0.0,30.24683344927668,0,0,0,0,0.0,154.21428571428572,0.0,1.0,0.0,0.0,0.0,87.0,2.923076923076923,0.0,death,10.90958904109589
pa3612,0.0,1,-3.1430344788868,83.0,1.0,24.97931351256912,0,0,0,0,1.0,131.71428571428572,0.0,1.0,0.0,0.0,0.0,94.0,32.815013404825734,0.0,dementia,1.4301369863013698
pa3613,0.0,0,-2.24251474982231,85.0,1.0,28.99771560982459,0,0,0,0,1.0,145.53571428571428,0.0,0.0,0.0,0.0,0.0,85.0,6.624605678233438,0.0,death,8.813698630136987
pa3614,0.0,0,0.5562064585679,72.0,1.0,28.38730666225381,0,0,0,0,0.0,225.8928571428572,0.0,0.0,0.0,0.0,0.0,96.0,0.2941176470588235,0.0,death,8.545205479452054
pa3616,0.0,1,-6.2387321971982,83.0,1.0,24.33483810186718,0,0,0,0,0.0,107.71428571428572,0.0,0.0,0.0,0.0,0.0,88.0,4.971428571428572,0.0,dementia,6.3863013698630136
pa3617,0.0,0,-7.57686159447751,76.0,1.0,19.48117721921566,0,0,0,0,0.0,154.21428571428572,0.0,1.0,0.0,0.0,0.0,94.0,0.0,1.0,death,10.58904109589041
pa3622,0.0,1,-7.7052759479692,82.0,1.0,25.701641522780097,0,0,0,0,0.0,237.28571428571428,0.0,1.0,0.0,0.0,0.0,81.0,1.4334470989761092,0.0,dementia,3.580821917808219
pa3628,0.0,0,-1.48325422596599,86.0,1.0,26.083808449252736,0,0,0,0,0.0,78.92857142857143,0.0,1.0,0.0,0.0,0.0,94.0,6.9491525423728815,0.0,death,10.526027397260274
pa3632,0.0,0,-4.8732618175829,71.0,1.0,26.36380205792304,0,0,0,0,0.0,33.214285714285715,0.0,0.0,0.0,0.0,0.0,100.0,1.6853932584269662,0.0,censor,10.482191780821918
pa3634,0.0,1,1.9350006676555,83.0,1.0,23.305604768996226,1,0,0,1,0.0,36.785714285714285,0.0,0.0,1.0,0.0,1.0,93.0,0.2006688963210702,0.0,dementia,3.7205479452054795
pa3635,0.0,0,-3.00852247152881,80.0,1.0,28.493033962000474,0,0,0,0,0.0,106.78571428571428,0.0,0.0,0.0,0.0,1.0,83.0,0.3389830508474576,0.0,censor,10.432876712328767
pa3636,0.0,1,-1.48143621587541,85.0,1.0,29.48046989061341,0,0,0,0,0.0,62.17857142857142,0.0,1.0,1.0,0.0,0.0,90.0,10.020876826722338,0.0,dementia,1.8082191780821917
pa3639,0.0,0,-3.5056722844307,69.0,1.0,24.28976051367741,0,0,0,0,1.0,188.8571428571429,0.0,0.0,0.0,0.0,0.0,94.0,0.8797653958944281,0.0,censor,3.1397260273972605
pa3640,0.0,0,-15.4511009807581,74.0,1.0,29.96632129049867,0,0,0,0,0.0,79.71428571428572,1.0,1.0,1.0,0.0,0.0,88.0,10.871559633027523,1.0,censor,10.282191780821918
pa3643,0.0,1,-4.232609411108,88.0,1.0,22.14442866428857,0,1,0,1,0.0,262.2857142857143,0.0,0.0,0.0,0.0,0.0,94.0,0.32,0.0,dementia,5.7095890410958905
pa3645,0.0,0,5.28912286983589,71.0,0.0,30.14492753623188,0,0,0,0,0.0,160.0,1.0,1.0,0.0,0.0,0.0,91.0,11.551724137931034,0.0,censor,10.92876712328767
pa3650,0.0,0,-0.638296216623303,80.0,1.0,24.20348747625356,0,0,0,0,0.0,352.42857142857144,0.0,0.0,1.0,0.0,0.0,90.0,0.946372239747634,0.0,censor,10.572602739726028
pa3651,0.0,0,1.7842538603317,75.0,1.0,26.71361890293642,0,0,0,0,1.0,240.14285714285717,0.0,0.0,0.0,0.0,0.0,99.0,21.79372197309417,0.0,censor,10.698630136986301
pa3652,0.0,0,-8.07766436675119,85.0,1.0,20.73058647010681,0,0,0,0,0.0,271.2857142857143,0.0,0.0,0.0,0.0,0.0,94.0,21.311475409836067,0.0,death,2.504109589041096
pa3654,0.0,0,2.38076560540669,83.0,1.0,27.73095833719858,0,0,0,0,0.0,293.67857142857144,0.0,1.0,1.0,0.0,0.0,91.0,6.473684210526316,0.0,death,8.353424657534246
pa3655,0.0,0,-5.655351095302,87.0,1.0,27.64551116678136,0,0,0,0,0.0,81.28571428571428,0.0,1.0,0.0,0.0,0.0,84.0,0.5217391304347826,1.0,death,4.038356164383561
pa3656,1.0,0,-1.2053273574486,87.0,1.0,21.216879949213137,0,0,0,0,1.0,33.57142857142857,0.0,1.0,0.0,0.0,1.0,90.0,0.7879924953095685,0.0,dementia,0.0
pa3657,0.0,0,-5.0922509563914,85.0,1.0,27.70043147990988,0,0,0,0,0.0,210.1428571428572,0.0,1.0,1.0,0.0,0.0,90.0,63.12138728323699,0.0,death,7.345205479452055
pa3663,0.0,0,-6.466606271931,74.0,1.0,29.79989733127827,0,0,0,0,0.0,160.64285714285714,0.0,1.0,0.0,0.0,0.0,91.0,30.69364161849711,1.0,death,7.879452054794521
pa3664,1.0,0,-6.0371322264819,83.0,0.0,23.913330690976352,0,0,0,0,0.0,241.82142857142856,0.0,1.0,0.0,0.0,0.0,77.0,0.9905660377358492,0.0,death,6.424657534246576
pa3665,0.0,0,-7.00572851088521,90.0,1.0,24.466625412260484,0,0,0,0,0.0,81.42857142857143,0.0,1.0,0.0,0.0,0.0,95.0,2.331288343558282,1.0,death,5.504109589041096
pa3667,0.0,0,-1.90880175613709,86.0,1.0,23.996158732551123,0,0,0,0,0.0,46.42857142857143,0.0,1.0,0.0,0.0,0.0,94.0,4.5528455284552845,0.0,death,1.83013698630137
pa3670,1.0,0,-12.2458828044316,88.0,1.0,26.71818153123238,0,0,0,0,0.0,130.42857142857144,0.0,1.0,0.0,0.0,0.0,78.0,3.6051502145922742,0.0,death,5.435616438356164
pa3672,0.0,0,-14.9544025188882,84.0,1.0,23.184120786541754,0,0,0,0,1.0,25.0,0.0,0.0,0.0,0.0,0.0,80.0,7.592592592592593,1.0,death,2.1232876712328768
pa3673,0.0,0,-1.5052576535021,83.0,1.0,20.741150442477878,0,0,0,0,0.0,143.92857142857144,0.0,0.0,1.0,0.0,0.0,94.0,10.570719602977668,,censor,10.778082191780822
pa3676,0.0,0,-5.935514672361,85.0,1.0,22.59152317727921,0,0,0,0,0.0,81.42857142857143,0.0,0.0,1.0,0.0,0.0,99.0,7.889273356401384,0.0,censor,11.394520547945206
pa3678,0.0,0,-1.4759004031032,76.0,1.0,24.20719662664856,0,0,0,0,0.0,77.71428571428571,0.0,1.0,0.0,0.0,0.0,94.0,23.870967741935484,0.0,censor,9.306849315068494
pa3680,0.0,0,2.5597491327179,84.0,0.0,21.726528057229288,0,0,0,0,0.0,66.89285714285714,0.0,0.0,0.0,0.0,1.0,84.0,0.0,1.0,death,1.8684931506849316
pa3684,0.0,0,-6.3030291273419,85.0,1.0,22.920912827023955,0,0,0,0,0.0,142.42857142857144,0.0,1.0,0.0,0.0,0.0,96.0,0.4838709677419355,0.0,death,2.287671232876712
pa3686,0.0,0,-1.42561921406561,87.0,1.0,23.347908933397825,0,0,0,0,0.0,120.46428571428572,0.0,1.0,0.0,1.0,0.0,98.0,25.57046979865772,0.0,censor,11.232876712328768
pa3687,0.0,0,-5.7635468204947,73.0,1.0,25.49127873832692,0,0,0,0,0.0,258.25,0.0,0.0,0.0,0.0,0.0,93.0,2.246696035242291,0.0,censor,10.712328767123287
pa3691,0.0,1,-1.11660369871851,74.0,1.0,28.016854939931864,0,0,0,0,0.0,66.64285714285714,0.0,1.0,0.0,0.0,0.0,95.0,8.372093023255815,0.0,dementia,1.4931506849315068
pa3693,0.0,1,-3.49117502754299,83.0,1.0,24.071866042015337,0,0,0,0,0.0,158.0,0.0,1.0,0.0,0.0,0.0,92.0,0.1318681318681318,,dementia,6.1808219178082195
pa3696,0.0,0,-24.6795918482178,83.0,1.0,23.696087600474925,0,0,0,0,0.0,129.42857142857142,0.0,0.0,0.0,1.0,0.0,96.0,7.11340206185567,0.0,death,10.435616438356165
pa3699,0.0,0,-20.6396624684371,84.0,1.0,26.48839247429339,0,0,0,0,0.0,122.42857142857144,1.0,1.0,0.0,1.0,0.0,90.0,9.686746987951809,1.0,death,6.427397260273972
pa3701,0.0,0,4.4119782878044,73.0,1.0,33.559422661037864,0,1,0,1,0.0,39.0,1.0,1.0,0.0,0.0,0.0,94.0,41.78313253012048,0.0,death,9.126027397260273
pa3702,0.0,1,-7.2614855807677,85.0,0.0,32.89702755748519,0,0,0,0,0.0,173.14285714285714,0.0,0.0,0.0,0.0,0.0,96.0,28.264462809917354,0.0,dementia,1.3863013698630138
pa3703,0.0,0,-4.04851015588361,85.0,1.0,26.834907647915347,0,0,0,0,0.0,8.892857142857144,0.0,1.0,0.0,0.0,0.0,91.0,3.1515151515151514,0.0,death,10.32054794520548
pa3707,0.0,0,-6.8780772310443,78.0,0.0,23.860699634146616,0,0,0,0,0.0,217.42857142857144,0.0,1.0,1.0,0.0,0.0,91.0,6.993006993006993,1.0,censor,10.945205479452055
pa3708,0.0,1,-5.3723225123059,69.0,1.0,26.56271225911623,0,0,0,0,0.0,151.0,0.0,0.0,0.0,0.0,0.0,92.0,4.853932584269663,1.0,dementia,10.90958904109589
pa3711,0.0,1,2.3871919519168,84.0,1.0,20.77828849681195,0,0,0,0,1.0,136.42857142857144,0.0,1.0,0.0,0.0,0.0,96.0,2.4725274725274726,0.0,dementia,3.5424657534246577
pa3712,0.0,0,-4.7543665129549,75.0,1.0,31.82326521928412,1,0,0,1,0.0,131.42857142857144,0.0,0.0,0.0,0.0,1.0,97.0,3.9787798408488064,1.0,censor,10.67945205479452
pa3718,0.0,0,-5.82994237037291,88.0,1.0,22.82394241934308,0,0,0,0,0.0,116.78571428571428,0.0,1.0,0.0,0.0,0.0,93.0,10.95808383233533,1.0,death,3.2794520547945205
pa3719,0.0,0,-14.1297448866175,87.0,1.0,23.12498255658643,0,0,0,0,0.0,167.57142857142858,0.0,1.0,0.0,0.0,0.0,84.0,0.0,0.0,censor,11.591780821917808
pa3721,0.0,0,-17.9275296876229,87.0,1.0,22.69644900659152,0,0,0,0,0.0,58.32142857142857,0.0,1.0,0.0,0.0,0.0,100.0,7.902439024390244,0.0,death,10.210958904109589
pa3722,1.0,0,4.2098818307651,77.0,1.0,23.87822573731138,1,0,0,1,0.0,93.21428571428572,0.0,1.0,0.0,0.0,0.0,79.0,1.7880794701986755,0.0,censor,0.0
pa3730,0.0,0,-11.4523754581325,89.0,1.0,25.431938484228088,0,0,0,0,0.0,209.9642857142857,0.0,0.0,0.0,0.0,0.0,97.0,6.625766871165644,0.0,censor,11.652054794520549
pa3731,0.0,0,-1.3902202326922,85.0,1.0,18.1994056290426,0,0,0,0,1.0,25.714285714285715,0.0,0.0,0.0,0.0,0.0,84.0,5.816326530612245,1.0,death,6.2
pa3737,1.0,0,1.0055570678762,92.0,1.0,22.334721069911133,0,0,0,0,0.0,75.71428571428572,0.0,0.0,0.0,0.0,0.0,78.0,16.997578692493946,1.0,dementia,0.0
pa3738,0.0,0,-0.126810051594703,79.0,1.0,32.36781886065277,0,0,0,0,0.0,121.14285714285714,0.0,1.0,1.0,1.0,0.0,93.0,7.6875,1.0,censor,11.232876712328768
pa3740,0.0,0,-17.2154958180311,85.0,1.0,28.636344914457908,0,0,0,0,0.0,150.35714285714286,0.0,0.0,1.0,0.0,0.0,96.0,18.51851851851852,0.0,death,1.8520547945205479
pa3742,0.0,0,-0.8642619673262,74.0,1.0,35.25495671315524,0,0,0,0,0.0,183.4642857142857,0.0,1.0,0.0,0.0,0.0,98.0,33.41772151898734,0.0,censor,11.271232876712329
pa3746,0.0,0,-4.35043156898151,86.0,1.0,20.60710140356587,0,0,1,1,0.0,213.10714285714283,0.0,1.0,1.0,0.0,0.0,82.0,1.322314049586777,0.0,death,3.5616438356164384
pa3747,0.0,0,-0.981576825752001,69.0,1.0,22.481325325085585,0,0,0,0,0.0,132.64285714285714,0.0,0.0,0.0,0.0,0.0,93.0,41.31147540983606,0.0,censor,10.682191780821919
pa3748,0.0,0,3.8231692878645,74.0,1.0,26.43514508064809,0,1,0,1,0.0,181.42857142857144,0.0,0.0,0.0,0.0,0.0,97.0,22.2,0.0,censor,10.816438356164383
pa3750,0.0,0,-6.3266913113308,70.0,1.0,27.00540081010801,1,0,0,1,0.0,55.0,1.0,1.0,0.0,0.0,0.0,85.0,17.45098039215686,0.0,censor,10.871232876712329
pa3755,0.0,1,-1.4916934318903,84.0,1.0,24.85059056669685,0,0,0,0,1.0,144.57142857142856,0.0,1.0,1.0,0.0,0.0,90.0,24.09638554216868,0.0,dementia,3.5178082191780824
pa3757,0.0,0,-6.5068821043658,78.0,1.0,22.599746268072813,0,1,0,1,0.0,72.96428571428572,0.0,1.0,0.0,0.0,0.0,87.0,21.688654353562004,1.0,censor,3.758904109589041
pa3760,0.0,1,-0.160700902463105,73.0,0.0,29.20705216661482,0,1,0,1,0.0,78.92857142857143,1.0,1.0,0.0,0.0,0.0,91.0,3.310344827586207,1.0,dementia,1.021917808219178
pa3763,1.0,0,-7.24441392343709,77.0,1.0,25.77744427731176,0,1,0,1,1.0,110.0,0.0,1.0,0.0,0.0,0.0,64.0,26.73740053050398,0.0,censor,0.0
pa3766,0.0,1,-3.72043627706989,86.0,1.0,22.46676776133418,0,0,0,0,0.0,169.0,0.0,1.0,1.0,0.0,0.0,93.0,3.471074380165289,0.0,dementia,5.780821917808219
pa3767,0.0,0,-6.69624381865729,78.0,1.0,26.56286544822747,0,0,0,0,0.0,181.4642857142857,0.0,1.0,0.0,0.0,0.0,94.0,2.616822429906542,0.0,censor,10.786301369863013
pa3768,0.0,0,4.0172838483754,70.0,1.0,24.61673525377229,0,1,0,1,1.0,75.71428571428572,0.0,0.0,0.0,0.0,0.0,91.0,3.77245508982036,0.0,censor,10.75068493150685
pa3774,0.0,0,-3.41125753437829,80.0,1.0,26.164028594670427,0,1,0,1,0.0,88.46428571428572,0.0,1.0,0.0,0.0,0.0,90.0,16.253602305475503,1.0,death,3.7726027397260276
pa3775,0.0,0,-3.3079127593973,75.0,1.0,20.48764112141096,0,1,0,1,0.0,77.71428571428572,1.0,0.0,0.0,0.0,0.0,86.0,5.9786476868327405,0.0,censor,3.66027397260274
pa3783,0.0,0,7.2556142217627,71.0,1.0,23.014952113357893,0,0,0,0,0.0,125.17857142857144,0.0,0.0,0.0,0.0,0.0,90.0,13.569482288828338,0.0,censor,10.586301369863014
pa3784,0.0,0,-8.5114127854195,82.0,1.0,24.71435840073792,0,0,0,0,0.0,165.85714285714286,0.0,1.0,1.0,0.0,0.0,96.0,1.057934508816121,1.0,death,8.421917808219177
pa3789,0.0,1,-3.125666127147,90.0,1.0,25.66800950038095,0,0,0,0,0.0,74.32142857142857,0.0,0.0,1.0,0.0,0.0,97.0,6.4646464646464645,0.0,dementia,4.189041095890411
pa3797,0.0,0,-3.2811641186446,76.0,0.0,19.908172635445364,0,1,0,1,0.0,98.85714285714286,0.0,1.0,0.0,0.0,0.0,85.0,21.51394422310757,0.0,death,3.4657534246575343
pa3803,1.0,0,-0.125173062126706,84.0,1.0,29.684601113172544,0,0,0,0,0.0,42.42857142857143,0.0,1.0,1.0,0.0,0.0,77.0,2.547169811320755,0.0,death,3.926027397260274
pa3808,0.0,1,-8.51675327540261,83.0,1.0,24.51604143790121,0,0,0,0,0.0,40.0,0.0,0.0,0.0,0.0,0.0,96.0,14.006309148264984,0.0,dementia,10.652054794520549
pa3809,0.0,0,0.0365739489032961,70.0,1.0,27.16542979981926,0,1,0,1,0.0,41.92857142857143,0.0,1.0,0.0,0.0,0.0,91.0,11.333333333333334,0.0,death,7.917808219178082
pa3810,0.0,0,-18.3424316522631,87.0,1.0,25.88050791587727,0,0,0,0,0.0,145.21428571428572,0.0,1.0,0.0,0.0,0.0,94.0,7.522935779816514,,death,4.435616438356164
pa3811,0.0,0,-8.3421317617987,85.0,1.0,26.48230375590297,0,0,0,0,0.0,197.28571428571428,0.0,0.0,0.0,0.0,0.0,97.0,1.8808777429467085,0.0,death,7.263013698630137
pa3814,0.0,0,-8.3198131404334,84.0,1.0,25.72942371897228,0,0,0,0,0.0,158.64285714285714,0.0,1.0,0.0,0.0,0.0,96.0,6.329113924050633,1.0,censor,10.767123287671232
pa3815,0.0,0,0.519950561743002,84.0,1.0,26.46968713956171,0,0,0,0,0.0,176.0,0.0,0.0,0.0,0.0,0.0,86.0,13.76770538243626,0.0,death,8.202739726027398
pa3816,0.0,0,-2.2151898536053,85.0,1.0,25.994408881161185,0,0,0,0,0.0,117.14285714285714,0.0,0.0,0.0,0.0,0.0,83.0,6.625766871165644,0.0,death,6.287671232876712
pa3823,0.0,0,-7.42049431320361,77.0,1.0,26.845134787548847,0,1,0,1,0.0,67.14285714285714,1.0,1.0,0.0,0.0,0.0,91.0,25.05263157894737,1.0,death,10.161643835616438
pa3828,0.0,1,-2.5746039811617,79.0,1.0,24.012704163484702,0,1,0,1,0.0,145.5,0.0,0.0,0.0,0.0,0.0,91.0,7.927461139896373,0.0,dementia,11.147945205479452
pa3829,0.0,0,1.5251594194586,70.0,1.0,23.167743372688797,0,1,0,1,0.0,206.1071428571429,0.0,1.0,0.0,0.0,0.0,86.0,7.164179104477612,,censor,11.216438356164383
pa3830,0.0,0,-2.9298720912049,78.0,1.0,21.087564130845102,0,1,0,1,0.0,77.85714285714286,0.0,0.0,0.0,0.0,0.0,86.0,18.135593220338983,0.0,death,3.484931506849315
pa3833,0.0,0,-1.4240513405793,75.0,1.0,29.384141831229368,0,0,0,0,1.0,121.64285714285714,0.0,0.0,0.0,0.0,0.0,98.0,0.3141361256544502,0.0,censor,10.315068493150685
pa3834,0.0,0,-0.232187206638997,71.0,1.0,22.095946012029927,0,1,0,1,1.0,59.32142857142857,1.0,1.0,0.0,0.0,0.0,97.0,7.899159663865547,0.0,censor,11.293150684931506
pa3836,0.0,0,-3.51755707684281,82.0,1.0,26.320134140912383,0,1,0,1,0.0,37.0,0.0,0.0,0.0,0.0,0.0,93.0,30.3680981595092,0.0,censor,3.5287671232876714
pa3837,0.0,0,1.1515378647816,88.0,1.0,22.1794475733308,0,0,0,0,1.0,179.57142857142856,0.0,1.0,0.0,0.0,0.0,84.0,4.615384615384615,1.0,death,3.317808219178082
pa3842,0.0,0,3.2882995404366,68.0,1.0,24.849331111211207,0,0,0,0,0.0,161.64285714285714,0.0,1.0,0.0,0.0,0.0,95.0,1.6400911161731206,0.0,censor,10.846575342465753
pa3844,0.0,0,-7.7562813931317,69.0,1.0,28.94241671526255,0,1,0,1,0.0,215.6071428571429,0.0,0.0,1.0,0.0,0.0,96.0,6.481994459833795,0.0,censor,11.093150684931507
pa3846,0.0,0,-0.174574007978805,73.0,1.0,28.828315510651212,0,1,0,1,0.0,47.17857142857143,1.0,1.0,0.0,0.0,0.0,92.0,1.2030075187969924,1.0,censor,11.180821917808219
pa3848,0.0,0,-5.0533905281944,87.0,1.0,24.303109577890343,0,0,0,0,0.0,118.21428571428572,0.0,1.0,0.0,0.0,0.0,94.0,1.895910780669145,0.0,death,8.189041095890412
pa3850,0.0,1,-8.4214246805425,84.0,1.0,25.714538480657342,0,0,0,0,0.0,163.85714285714286,0.0,0.0,0.0,0.0,0.0,92.0,20.689655172413797,,dementia,5.594520547945206
pa3851,0.0,1,8.8125201547244,69.0,1.0,24.90976338357377,1,0,0,1,0.0,127.75,0.0,0.0,0.0,0.0,0.0,93.0,7.539267015706806,2.0,dementia,1.4301369863013698
pa3852,0.0,1,-4.2387611778469,70.0,1.0,26.189489944708395,0,1,0,1,1.0,76.46428571428572,0.0,1.0,0.0,0.0,0.0,96.0,0.7263922518159807,0.0,dementia,3.786301369863014
pa3854,0.0,0,-1.9953057342095,74.0,1.0,22.3608080240138,0,1,0,1,0.0,168.96428571428572,0.0,0.0,0.0,0.0,0.0,95.0,2.0642201834862384,0.0,censor,11.054794520547945
pa3856,0.0,0,-0.0002427722231033,84.0,1.0,27.46003494226465,0,0,0,0,0.0,143.21428571428572,0.0,0.0,1.0,0.0,0.0,91.0,0.0,,death,11.235616438356164
pa3860,0.0,0,1.8222793893398,71.0,1.0,26.074114453542187,0,1,0,1,0.0,17.0,1.0,0.0,0.0,0.0,0.0,87.0,0.3191489361702128,0.0,death,2.495890410958904
pa3861,0.0,0,1.066589409758,79.0,1.0,26.459796329815504,0,0,0,0,1.0,55.0,0.0,1.0,0.0,0.0,0.0,94.0,4.394904458598727,1.0,censor,10.794520547945206
pa3862,0.0,1,-3.8481388146692,70.0,1.0,22.5355417687324,0,1,0,1,0.0,200.28571428571428,0.0,1.0,0.0,0.0,0.0,80.0,1.4361702127659577,1.0,dementia,1.3232876712328767
pa3863,0.0,1,4.8612193100612,75.0,1.0,26.55044082724665,0,1,0,1,0.0,221.39285714285717,0.0,0.0,0.0,0.0,0.0,98.0,3.031578947368421,0.0,dementia,1.3041095890410959
pa3864,0.0,0,1.3169209276826,73.0,1.0,22.799570745287365,0,1,0,1,0.0,160.32142857142856,0.0,0.0,0.0,0.0,0.0,95.0,27.982062780269057,,censor,10.923287671232877
pa3866,0.0,0,-7.0797864141104,89.0,1.0,24.91362464609252,0,0,0,0,0.0,141.0,0.0,0.0,0.0,0.0,0.0,96.0,13.83177570093458,0.0,censor,10.304109589041095
pa3867,0.0,0,-1.85682421290861,87.0,1.0,26.17680374178712,0,0,0,0,0.0,85.0,0.0,0.0,0.0,0.0,0.0,93.0,42.0,0.0,death,3.2904109589041095
pa3869,0.0,0,-3.51762277893189,86.0,1.0,21.37036506214041,0,0,0,0,0.0,199.2142857142857,0.0,0.0,0.0,0.0,0.0,91.0,0.0,1.0,death,8.635616438356164
pa3870,0.0,1,0.7824306606189,84.0,1.0,25.528752052080005,0,0,0,0,1.0,5.0,0.0,1.0,0.0,0.0,1.0,93.0,19.804400977995112,0.0,dementia,1.1178082191780823
pa3871,0.0,0,0.125972818359003,77.0,1.0,29.083380777392478,0,0,0,0,0.0,68.07142857142857,0.0,1.0,0.0,0.0,0.0,93.0,0.6593406593406593,0.0,censor,11.123287671232877
pa3878,0.0,1,-8.6211484910843,87.0,1.0,25.349197949191616,0,0,0,0,0.0,114.21428571428572,0.0,0.0,0.0,0.0,0.0,93.0,14.126984126984128,0.0,dementia,10.446575342465753
pa3879,1.0,0,-8.8440760044459,84.0,1.0,30.57613273692489,0,0,0,0,0.0,30.0,1.0,1.0,1.0,0.0,0.0,85.0,3.932038834951456,1.0,dementia,0.0
pa3881,0.0,0,-5.7246439604113,84.0,1.0,23.55027057578729,0,1,0,1,0.0,270.7142857142857,0.0,0.0,0.0,0.0,0.0,92.0,4.029850746268656,0.0,censor,11.490410958904109
pa3882,0.0,0,-2.2994267362983,73.0,1.0,24.011677765882247,0,1,0,1,1.0,179.21428571428572,0.0,1.0,0.0,0.0,0.0,97.0,3.204747774480712,0.0,death,1.4904109589041097
pa3883,0.0,1,-2.70673763637561,70.0,1.0,22.643342789929,0,1,0,1,0.0,114.57142857142856,0.0,0.0,0.0,1.0,0.0,88.0,14.285714285714286,0.0,dementia,6.367123287671233
pa3885,0.0,0,3.7612030803537,69.0,1.0,23.756273556720863,0,1,0,1,0.0,106.42857142857144,0.0,0.0,0.0,0.0,0.0,90.0,15.168539325842696,1.0,censor,10.684931506849315
pa3886,0.0,0,0.314162333868296,70.0,1.0,23.64134503492352,0,0,0,0,0.0,195.2142857142857,0.0,0.0,0.0,0.0,0.0,95.0,1.7687074829931972,1.0,censor,10.884931506849314
pa3889,0.0,0,-0.794363672078504,78.0,1.0,22.94044153251117,0,1,0,1,0.0,162.96428571428572,1.0,1.0,0.0,0.0,1.0,84.0,16.066350710900473,1.0,censor,5.736986301369863
pa3892,0.0,0,-4.5879644702796,81.0,1.0,24.328014081125577,0,1,0,1,0.0,127.07142857142856,0.0,0.0,0.0,0.0,0.0,94.0,8.096385542168674,0.0,censor,11.465753424657533
pa3893,0.0,0,-3.5628903856673,70.0,1.0,25.064731617438174,0,0,0,0,0.0,174.21428571428572,0.0,1.0,0.0,0.0,0.0,93.0,3.815028901734104,1.0,censor,10.58904109589041
pa3899,0.0,0,6.7801188029115,72.0,1.0,32.21309203191362,0,1,0,1,0.0,44.285714285714285,0.0,0.0,0.0,0.0,0.0,93.0,3.5779816513761467,0.0,censor,10.734246575342466
pa3901,1.0,0,-21.6660541272273,78.0,0.0,31.69497188817154,0,1,0,1,0.0,101.0,0.0,0.0,0.0,0.0,0.0,74.0,23.09623430962343,0.0,dementia,0.0
pa3902,0.0,1,-3.9512138536931,76.0,1.0,26.494751984655554,0,0,0,0,0.0,86.0,0.0,1.0,0.0,0.0,0.0,94.0,3.591549295774648,0.0,dementia,6.3863013698630136
pa3904,0.0,1,-5.46811109459161,80.0,1.0,26.65401922128546,0,1,0,1,0.0,159.10714285714286,0.0,1.0,0.0,0.0,0.0,98.0,7.52,0.0,dementia,1.4794520547945205
pa3905,0.0,1,-8.8051157397335,73.0,1.0,23.228232111004385,0,0,0,0,1.0,135.46428571428572,0.0,1.0,0.0,0.0,0.0,93.0,2.0155038759689923,0.0,dementia,1.4136986301369863
pa3907,0.0,1,2.2477748585391,75.0,1.0,40.46901136585764,0,0,1,1,0.0,323.7857142857143,0.0,1.0,0.0,0.0,0.0,95.0,14.08695652173913,0.0,dementia,11.038356164383561
pa3909,0.0,0,-7.2393776848913,70.0,1.0,25.75595729447029,0,1,0,1,0.0,193.78571428571428,0.0,1.0,0.0,0.0,0.0,94.0,34.98489425981873,0.0,censor,10.638356164383561
pa3910,0.0,0,-12.930434023632,75.0,1.0,24.479351025205048,0,0,0,0,0.0,73.21428571428572,0.0,0.0,0.0,0.0,0.0,98.0,5.917808219178082,0.0,death,10.219178082191782
pa3911,0.0,0,-4.9903632938159,74.0,1.0,25.23273672021402,0,0,0,0,0.0,219.8571428571429,0.0,0.0,0.0,0.0,0.0,99.0,1.7518248175182485,0.0,censor,10.550684931506849
pa3912,0.0,0,-10.3766426193541,81.0,1.0,26.604938271604937,0,0,0,0,0.0,345.7142857142857,0.0,1.0,0.0,0.0,0.0,91.0,19.166666666666668,0.0,death,8.797260273972602
pa3913,0.0,1,-6.9439204759303,80.0,1.0,30.62398750541309,0,0,0,0,0.0,260.5,0.0,1.0,1.0,0.0,0.0,93.0,19.72144846796657,0.0,dementia,1.0301369863013699
pa3917,0.0,1,-2.0269245623797,92.0,1.0,22.267973054419198,0,0,0,0,0.0,34.92857142857143,0.0,0.0,1.0,0.0,0.0,91.0,11.74698795180723,0.0,dementia,1.3315068493150686
pa3918,0.0,0,6.4994304825687,79.0,1.0,23.12928651896105,0,0,0,0,0.0,58.21428571428572,1.0,1.0,0.0,0.0,0.0,97.0,8.240343347639485,1.0,death,9.865753424657534
pa3919,0.0,0,-0.194775560310802,80.0,1.0,24.998331458210185,0,0,0,0,0.0,226.64285714285717,0.0,1.0,0.0,0.0,0.0,89.0,15.0,1.0,censor,11.216438356164383
pa3920,1.0,0,-7.7719004524497,79.0,0.0,22.237389124256968,0,0,0,0,1.0,173.14285714285714,0.0,0.0,0.0,0.0,0.0,76.0,12.401215805471123,0.0,censor,0.0
pa3922,0.0,0,-7.8943092178237,76.0,1.0,26.452172344150718,0,0,0,0,0.0,239.82142857142856,1.0,1.0,0.0,0.0,0.0,84.0,5.545023696682464,0.0,death,4.276712328767124
pa3923,0.0,0,-9.98471169463819,79.0,1.0,25.143991174913904,0,0,0,0,0.0,536.3571428571429,0.0,1.0,0.0,0.0,0.0,94.0,35.895953757225435,1.0,death,3.293150684931507
pa3924,0.0,0,-7.6821613363568,77.0,1.0,26.71133980504928,0,1,0,1,0.0,68.60714285714286,0.0,1.0,1.0,0.0,0.0,80.0,30.521091811414397,0.0,censor,10.561643835616438
pa3928,0.0,0,3.9825561299586,73.0,1.0,27.530747000110004,0,0,0,0,1.0,280.2142857142857,1.0,1.0,1.0,0.0,0.0,88.0,2.116182572614108,1.0,death,7.3561643835616435
pa3930,0.0,1,2.78838024427171,75.0,1.0,25.843544015955093,0,0,0,0,0.0,156.96428571428572,0.0,1.0,0.0,0.0,0.0,95.0,0.48,1.0,dementia,1.2383561643835617
pa3933,0.0,0,-10.9200599155583,77.0,1.0,26.00320349711193,0,0,0,0,0.0,153.14285714285714,0.0,1.0,0.0,1.0,1.0,98.0,13.51089588377724,0.0,death,10.506849315068493
pa3935,0.0,0,5.5421192354593,79.0,1.0,33.24356312064884,0,0,1,1,0.0,201.75,0.0,1.0,0.0,0.0,0.0,93.0,3.692307692307693,1.0,death,11.904109589041095
pa3937,0.0,0,4.48746908908259,71.0,1.0,26.35577789299997,0,0,0,0,0.0,179.57142857142856,0.0,1.0,0.0,0.0,0.0,98.0,4.63768115942029,0.0,censor,11.194520547945206
pa3939,0.0,1,-2.3133798568342,74.0,1.0,22.16330734666173,0,0,1,1,0.0,283.7142857142857,0.0,0.0,0.0,0.0,0.0,92.0,3.7065637065637063,,dementia,1.6054794520547946
pa3940,0.0,0,3.1625666640205,76.0,1.0,20.668727705112964,0,0,0,0,0.0,221.92857142857144,1.0,0.0,0.0,0.0,0.0,99.0,0.1886792452830188,0.0,censor,10.843835616438357
pa3942,0.0,0,5.6268448191282,77.0,1.0,27.31796396085515,0,0,0,0,0.0,305.8571428571429,0.0,0.0,0.0,0.0,0.0,90.0,28.29268292682927,0.0,death,10.884931506849314
pa3943,0.0,1,-4.0662266851481,74.0,1.0,32.3565536905238,0,0,0,0,0.0,161.71428571428572,0.0,0.0,1.0,0.0,0.0,97.0,8.01007556675063,1.0,dementia,5.553424657534246
pa3944,0.0,0,-2.2791219941261,76.0,1.0,24.277974917529317,0,0,0,0,0.0,328.8571428571429,0.0,0.0,0.0,0.0,0.0,94.0,21.44,2.0,censor,11.43013698630137
pa3945,0.0,1,5.9330458991562,83.0,1.0,22.970215496277145,1,0,0,1,0.0,190.2142857142857,0.0,0.0,0.0,0.0,0.0,91.0,13.943661971830986,1.0,dementia,6.624657534246575
pa3951,0.0,0,8.253778576096,76.0,1.0,31.64580791699953,0,0,0,0,0.0,81.42857142857143,0.0,0.0,0.0,0.0,0.0,93.0,30.61946902654867,0.0,censor,6.4301369863013695
pa3952,0.0,1,-12.4378790906322,73.0,1.0,27.77560237032396,0,0,0,0,0.0,222.07142857142856,0.0,0.0,0.0,0.0,0.0,93.0,0.2586206896551724,0.0,dementia,3.6986301369863015
pa3953,1.0,0,-2.7647674934219,77.0,1.0,23.57699624201065,0,0,1,1,0.0,253.7142857142857,0.0,0.0,0.0,0.0,0.0,78.0,3.75,1.0,censor,0.0
pa3958,0.0,1,4.18896165730079,77.0,1.0,25.52102569640299,1,0,0,1,0.0,142.96428571428572,0.0,1.0,0.0,0.0,0.0,82.0,12.391304347826088,1.0,dementia,1.5123287671232877
pa3963,0.0,1,-11.3752709723449,79.0,0.0,19.45693459499707,1,0,0,1,0.0,225.7142857142857,0.0,0.0,1.0,0.0,0.0,90.0,10.326409495548962,0.0,dementia,11.101369863013698
pa3964,0.0,0,-1.73529089169421,74.0,1.0,21.378644718680853,0,0,0,0,0.0,95.75,0.0,0.0,0.0,0.0,0.0,97.0,2.5846153846153848,0.0,censor,9.972602739726028
pa3965,0.0,1,2.0794710224385,78.0,1.0,26.439173686980972,0,0,0,0,0.0,134.57142857142856,0.0,0.0,1.0,0.0,0.0,100.0,0.4851752021563342,1.0,dementia,1.3041095890410959
pa3967,0.0,1,-1.8749293201812,72.0,1.0,23.22526328013297,0,0,0,0,0.0,92.14285714285714,0.0,1.0,0.0,0.0,0.0,83.0,1.313868613138686,0.0,dementia,1.4136986301369863
pa3968,0.0,0,-0.851516659404993,72.0,1.0,34.22943936786125,0,0,0,0,0.0,115.0,0.0,0.0,0.0,0.0,0.0,99.0,28.75,0.0,censor,11.175342465753424
pa3970,0.0,0,-8.09823203444149,81.0,1.0,25.36317052257415,0,0,0,0,0.0,256.0,1.0,1.0,0.0,0.0,0.0,80.0,14.210526315789474,0.0,death,5.120547945205479
pa3972,0.0,1,-6.31385303204,88.0,1.0,22.76201493211855,0,0,0,0,0.0,56.785714285714285,0.0,1.0,0.0,0.0,0.0,95.0,0.1515151515151515,0.0,dementia,11.306849315068494
pa3973,0.0,0,7.6912594563503,75.0,1.0,25.80228778039356,0,0,0,0,0.0,216.3571428571429,0.0,1.0,1.0,0.0,0.0,93.0,7.583148558758315,0.0,death,4.112328767123287
pa3974,1.0,0,-5.31963208891619,71.0,0.0,30.585479509918216,0,0,0,0,1.0,151.0,0.0,1.0,0.0,0.0,0.0,79.0,11.46341463414634,0.0,death,9.63013698630137
pa3975,0.0,0,-6.0279126141947,70.0,1.0,25.894777582498456,0,0,0,0,0.0,253.92857142857144,0.0,1.0,0.0,0.0,0.0,91.0,5.5762081784386615,0.0,censor,10.591780821917808
pa3977,0.0,0,-7.69526013776979,78.0,1.0,27.14741051596298,0,0,0,0,0.0,298.2142857142857,0.0,1.0,0.0,0.0,0.0,93.0,19.88059701492537,0.0,censor,10.934246575342465
pa3979,0.0,1,3.31615713955151,77.0,1.0,26.997245179063363,0,0,0,0,0.0,249.32142857142856,0.0,1.0,0.0,0.0,0.0,94.0,2.517482517482517,0.0,dementia,1.2
pa3981,0.0,0,-7.1577295940928,70.0,0.0,24.28049181207364,1,0,0,1,0.0,123.21428571428572,1.0,0.0,0.0,0.0,0.0,90.0,25.671641791044777,1.0,death,11.210958904109589
pa3982,1.0,0,-8.2069707759448,83.0,0.0,31.72636439444446,1,0,0,1,0.0,168.10714285714286,0.0,1.0,0.0,0.0,0.0,79.0,55.17426273458445,0.0,death,7.186301369863013
pa3983,0.0,1,-5.21823957462451,79.0,1.0,22.432635713103465,0,0,0,0,0.0,239.42857142857144,0.0,0.0,0.0,0.0,0.0,94.0,4.984615384615385,0.0,dementia,1.2219178082191782
pa3985,0.0,0,-3.14229251831119,72.0,1.0,27.576212943927946,0,0,0,0,0.0,179.82142857142856,0.0,1.0,0.0,0.0,0.0,92.0,37.65807962529274,2.0,death,2.2054794520547945
pa3988,0.0,0,-3.37745075549491,75.0,1.0,24.961564487572844,0,0,0,0,0.0,218.28571428571428,0.0,0.0,0.0,0.0,0.0,96.0,4.37956204379562,0.0,death,6.421917808219178
pa3991,0.0,1,-3.57383583655429,72.0,1.0,28.967730016681067,0,0,1,1,0.0,121.0,0.0,1.0,1.0,0.0,0.0,96.0,4.011627906976744,0.0,dementia,1.1369863013698631
pa3993,0.0,0,-4.6186883010399,70.0,1.0,23.624627270146927,0,0,1,1,0.0,185.2142857142857,0.0,0.0,0.0,0.0,0.0,91.0,6.19647355163728,1.0,censor,11.161643835616438
pa3994,0.0,0,-4.2476146356826,74.0,1.0,28.314128372437413,0,0,0,0,0.0,168.75,0.0,0.0,0.0,0.0,0.0,95.0,23.89830508474576,0.0,censor,10.610958904109589
pa3998,0.0,0,-2.5277862722339,69.0,1.0,25.60553633217993,0,0,1,1,0.0,129.57142857142856,0.0,0.0,0.0,0.0,0.0,98.0,0.9917355371900828,0.0,censor,11.246575342465754
pa3999,0.0,0,-4.90666137530729,72.0,1.0,25.368480725623584,0,0,1,1,1.0,195.7142857142857,0.0,1.0,0.0,0.0,1.0,88.0,0.2531645569620253,0.0,death,11.301369863013699
pi4502,0.0,0,0.365229426800298,76.0,1.0,26.73178966826645,0,0,0,0,0.0,127.14285714285714,1.0,1.0,1.0,0.0,0.0,94.0,12.279792746113989,,death,3.515068493150685
pi4503,0.0,0,1.48395207746511,75.0,0.0,25.597947383269748,0,0,0,0,0.0,79.21428571428572,0.0,0.0,0.0,0.0,0.0,92.0,21.568627450980397,1.0,censor,10.317808219178081
pi4504,0.0,0,3.5408750374299,78.0,1.0,28.981879537427844,0,0,0,0,0.0,255.07142857142856,0.0,0.0,0.0,0.0,0.0,94.0,0.7100591715976331,0.0,death,6.7835616438356166
pi4508,0.0,0,-6.59152189121581,71.0,1.0,26.79883099061196,0,0,0,0,0.0,243.75,0.0,1.0,1.0,0.0,0.0,98.0,45.14563106796116,,death,7.13972602739726
pi4510,0.0,0,-8.6637073259086,77.0,1.0,30.22195798652398,0,0,0,0,0.0,232.57142857142856,0.0,0.0,1.0,0.0,0.0,91.0,13.386454183266933,0.0,censor,10.142465753424657
pi4512,0.0,0,-4.4762966482237,73.0,1.0,31.71248354080759,0,0,0,0,0.0,232.2142857142857,0.0,0.0,1.0,0.0,0.0,96.0,7.100591715976331,0.0,death,8.43013698630137
pi4513,0.0,0,-22.3405745873515,85.0,0.0,26.94176625295576,0,0,0,0,0.0,230.17857142857144,0.0,0.0,1.0,0.0,0.0,85.0,15.10344827586207,0.0,death,2.3643835616438356
pi4520,0.0,0,-0.823552416822395,84.0,0.0,24.732985400084832,0,0,0,0,0.0,72.14285714285714,0.0,0.0,0.0,0.0,0.0,81.0,6.509433962264151,0.0,censor,10.873972602739727
pi4521,0.0,0,4.13132442538461,77.0,0.0,37.56210562787485,0,0,0,0,0.0,58.57142857142857,0.0,1.0,0.0,0.0,0.0,89.0,18.26086956521739,0.0,censor,6.2465753424657535
pi4522,0.0,0,-5.6532839005841,85.0,0.0,25.75732386088235,0,0,0,0,0.0,111.28571428571428,0.0,0.0,0.0,0.0,0.0,90.0,22.92803970223325,0.0,death,5.06027397260274
pi4523,0.0,0,3.9039533887281,80.0,1.0,27.262353870443057,0,0,0,0,0.0,126.0,0.0,0.0,1.0,0.0,1.0,84.0,11.02803738317757,0.0,censor,11.92054794520548
pi4525,0.0,0,-8.9013849271637,82.0,0.0,24.136017210653065,0,0,0,0,1.0,169.21428571428572,0.0,0.0,0.0,0.0,0.0,91.0,11.46496815286624,0.0,death,7.950684931506849
pi4528,0.0,0,-12.5774507550009,85.0,1.0,28.25149345295865,0,0,0,0,0.0,153.57142857142856,0.0,1.0,0.0,0.0,0.0,92.0,13.659942363112393,0.0,death,7.821917808219178
pi4530,0.0,1,1.86556048116719,84.0,0.0,18.51848104749205,0,0,0,0,0.0,184.42857142857144,0.0,0.0,0.0,0.0,0.0,84.0,45.37815126050421,0.0,dementia,0.6931506849315069
pi4532,1.0,0,-10.3860357943316,84.0,1.0,32.204452265525696,0,0,0,0,0.0,37.85714285714285,0.0,0.0,0.0,0.0,1.0,69.0,20.949720670391063,0.0,death,4.821917808219178
pi4534,0.0,0,-7.75819537233051,82.0,1.0,29.832798813105335,0,0,0,0,0.0,201.7142857142857,0.0,0.0,0.0,0.0,0.0,98.0,8.137931034482758,0.0,death,6.838356164383562
pi4536,0.0,0,-8.2422781695055,74.0,1.0,29.6379747535014,0,0,0,0,0.0,99.5,0.0,0.0,0.0,0.0,0.0,95.0,3.0927835051546397,0.0,death,6.63013698630137
pi4543,0.0,1,4.89025848754029,72.0,0.0,28.775442480443143,0,0,0,0,1.0,137.03571428571428,1.0,0.0,0.0,0.0,0.0,92.0,19.61218836565097,0.0,dementia,3.2794520547945205
pi4546,0.0,0,-12.7596721022814,86.0,0.0,26.669299630459797,0,0,0,0,0.0,27.142857142857142,0.0,1.0,1.0,0.0,0.0,92.0,7.565217391304348,0.0,death,4.978082191780822
pi4549,0.0,0,-2.02287214035221,81.0,1.0,27.578291456468342,0,0,0,0,0.0,243.5,0.0,0.0,0.0,0.0,0.0,95.0,28.70967741935484,0.0,death,8.164383561643836
pi4550,0.0,0,-6.5141172739766,82.0,0.0,25.24371493286206,0,0,0,0,0.0,248.17857142857144,1.0,1.0,0.0,0.0,0.0,92.0,13.866666666666667,1.0,censor,11.756164383561643
pi4551,0.0,0,-0.400085033609003,78.0,1.0,33.93392185646202,0,0,0,0,0.0,58.57142857142857,1.0,0.0,0.0,0.0,0.0,100.0,34.26229508196721,0.0,censor,11.183561643835617
pi4552,1.0,0,-4.6319787788041,77.0,0.0,32.737439380231514,0,0,0,0,1.0,56.75,1.0,1.0,0.0,0.0,1.0,79.0,22.876712328767123,,dementia,0.0
pi4558,0.0,0,-8.49263181655979,89.0,0.0,26.16258257687885,0,0,0,0,0.0,55.0,0.0,1.0,0.0,0.0,0.0,93.0,26.1340206185567,0.0,death,9.893150684931507
pi4559,0.0,1,-3.939670042923,86.0,0.0,25.785804671969863,0,0,0,0,1.0,18.214285714285715,0.0,1.0,1.0,0.0,1.0,85.0,12.585365853658535,0.0,dementia,2.2794520547945205
pi4561,0.0,0,-0.827104625984902,76.0,0.0,28.554923732800223,0,0,0,0,0.0,138.82142857142858,0.0,0.0,0.0,0.0,0.0,90.0,36.17328519855596,0.0,death,7.35068493150685
pi4562,0.0,1,-1.1368910821741,88.0,0.0,21.99293520593286,0,0,0,0,0.0,127.42857142857144,0.0,1.0,0.0,0.0,0.0,87.0,19.375,0.0,dementia,1.252054794520548
pi4566,0.0,0,-18.5357003690354,84.0,1.0,22.862660112496727,0,0,0,0,0.0,86.25,0.0,0.0,1.0,0.0,0.0,94.0,15.876923076923076,0.0,death,4.972602739726027
pi4568,0.0,0,-5.0141757001973,83.0,1.0,27.33188301668245,0,0,0,0,0.0,92.5,1.0,1.0,0.0,0.0,0.0,98.0,3.870967741935484,0.0,censor,10.898630136986302
pi4571,0.0,0,-9.2871148223027,78.0,1.0,31.300298434758624,0,0,0,0,0.0,213.5,0.0,0.0,0.0,0.0,0.0,94.0,30.309278350515463,1.0,censor,10.421917808219177
pi4572,0.0,1,-0.913976325667605,70.0,1.0,29.09986112864537,0,0,0,0,0.0,184.2142857142857,0.0,1.0,0.0,0.0,0.0,86.0,10.275229357798166,0.0,dementia,5.904109589041096
pi4573,0.0,0,0.369679687782295,70.0,0.0,26.71694933541589,0,0,0,0,1.0,32.64285714285714,0.0,1.0,0.0,0.0,0.0,99.0,3.0670926517571884,0.0,censor,10.967123287671233
pi4574,0.0,0,-2.7846941709336,82.0,0.0,24.70950782587749,0,0,0,0,0.0,110.39285714285714,0.0,0.0,0.0,0.0,0.0,96.0,15.0,1.0,death,10.01095890410959
pi4575,0.0,0,-2.6437288058745,77.0,0.0,29.498460712719467,0,0,0,0,1.0,106.0,0.0,0.0,0.0,0.0,0.0,98.0,9.779735682819384,1.0,censor,9.789041095890411
pi4576,0.0,1,-7.74652231535541,80.0,0.0,29.60288048897975,0,0,0,0,0.0,213.0,0.0,1.0,0.0,0.0,0.0,91.0,16.807817589576548,0.0,dementia,1.2328767123287672
pi4578,0.0,0,0.4464673492716,80.0,0.0,29.28582250961196,0,0,0,0,0.0,56.42857142857143,1.0,1.0,0.0,0.0,1.0,90.0,7.363636363636363,0.0,death,8.865753424657534
pi4580,0.0,0,-4.6346436638533,81.0,0.0,25.593854316853395,0,0,0,0,0.0,158.5,1.0,1.0,0.0,0.0,0.0,96.0,12.63157894736842,0.0,death,9.441095890410958
pi4581,0.0,0,-2.438746787993,82.0,0.0,29.637233155822354,0,0,0,0,0.0,112.42857142857144,0.0,1.0,0.0,0.0,0.0,84.0,24.11214953271028,0.0,death,7.810958904109589
pi4585,0.0,0,-4.2965985977965,82.0,0.0,25.134783092494697,0,0,0,0,0.0,56.42857142857143,1.0,1.0,1.0,0.0,0.0,91.0,9.588377723970943,0.0,death,9.6
pi4586,0.0,0,1.3470502433899,82.0,0.0,26.53090708360557,0,0,0,0,0.0,2.142857142857143,0.0,1.0,1.0,1.0,0.0,91.0,41.85314685314685,1.0,death,8.35068493150685
pi4587,0.0,0,-6.418765954317,88.0,0.0,26.73734541449069,0,0,0,0,0.0,62.14285714285714,0.0,0.0,0.0,0.0,0.0,86.0,39.163987138263664,0.0,death,4.347945205479452
pi4588,0.0,0,0.1044992716986,71.0,0.0,29.24450203361768,0,0,0,0,1.0,176.5,0.0,0.0,0.0,0.0,0.0,93.0,39.00826446280992,0.0,censor,10.101369863013698
pi4589,0.0,0,-6.77242561326931,77.0,1.0,23.1277894325564,0,0,0,0,0.0,46.42857142857143,0.0,0.0,1.0,0.0,0.0,91.0,5.67774936061381,0.0,death,2.8767123287671232
pi4590,0.0,0,-8.3723378838102,78.0,1.0,26.15105025297893,0,0,0,0,1.0,186.9642857142857,0.0,0.0,0.0,0.0,0.0,88.0,15.76036866359447,1.0,death,8.893150684931507
pi4592,0.0,0,-9.3240769501912,78.0,1.0,28.297292270342236,0,0,0,0,0.0,142.75,0.0,1.0,0.0,0.0,0.0,98.0,31.0,0.0,censor,11.558904109589042
pi4594,0.0,0,-9.4959432321513,72.0,0.0,26.375094622820964,0,0,0,0,0.0,95.85714285714286,0.0,0.0,0.0,0.0,0.0,90.0,0.0,1.0,death,7.186301369863013
pi4595,0.0,0,-5.274465170268,79.0,0.0,30.37229297481297,0,0,0,0,0.0,89.5,0.0,1.0,0.0,1.0,0.0,97.0,2.661290322580645,0.0,death,6.7095890410958905
pi4596,0.0,0,-4.3016110518696,81.0,0.0,32.32642379449671,1,0,0,1,0.0,101.42857142857144,0.0,1.0,0.0,0.0,0.0,91.0,13.71824480369515,1.0,death,6.523287671232877
pi4603,0.0,0,0.822957153972993,77.0,1.0,27.602921653169936,0,0,0,0,0.0,183.14285714285717,0.0,1.0,0.0,0.0,0.0,94.0,1.530612244897959,0.0,censor,10.424657534246576
pi4604,0.0,0,7.03634174057299,81.0,1.0,30.17981007660745,0,0,0,0,1.0,95.0,0.0,1.0,0.0,0.0,1.0,93.0,34.71910112359551,0.0,censor,6.361643835616438
pi4605,0.0,0,-0.230812931300704,73.0,0.0,31.796904136266804,0,0,0,0,0.0,117.42857142857144,1.0,0.0,0.0,0.0,0.0,85.0,12.82258064516129,0.0,death,5.002739726027397
pi4606,0.0,0,1.5459460098344,72.0,1.0,28.214914818136755,0,0,0,0,0.0,141.14285714285714,0.0,1.0,0.0,0.0,0.0,98.0,2.416107382550336,0.0,censor,10.797260273972602
pi4608,0.0,1,1.605206903853,83.0,1.0,27.53211138569034,0,0,0,0,0.0,135.28571428571428,0.0,1.0,0.0,0.0,0.0,92.0,34.73684210526316,0.0,dementia,7.071232876712329
pi4609,0.0,0,2.8276436149259,70.0,0.0,28.28242713605072,0,0,0,0,0.0,261.9642857142857,1.0,1.0,1.0,0.0,0.0,96.0,19.081967213114755,1.0,death,8.183561643835617
pi4613,0.0,0,-12.3708725221541,81.0,0.0,25.196300175282264,0,0,0,0,0.0,161.71428571428572,0.0,0.0,0.0,0.0,0.0,85.0,4.3478260869565215,0.0,censor,3.372602739726027
pi4616,0.0,0,-8.50493611869609,88.0,0.0,26.390424741890573,0,0,0,0,1.0,124.57142857142856,0.0,0.0,0.0,0.0,0.0,88.0,26.80851063829787,0.0,death,9.67123287671233
pi4621,0.0,0,-1.39801068316019,75.0,0.0,25.08877393849846,0,0,0,0,0.0,138.25,0.0,1.0,0.0,0.0,0.0,99.0,27.24137931034483,0.0,censor,11.254794520547945
pi4624,0.0,0,0.593631091461006,71.0,1.0,27.013238171020905,0,0,0,0,0.0,149.5,0.0,0.0,0.0,0.0,0.0,95.0,9.815668202764977,0.0,censor,10.312328767123288
pi4625,0.0,0,3.5325308848282,71.0,0.0,36.70310337655097,0,0,0,0,0.0,110.64285714285714,0.0,1.0,1.0,0.0,0.0,93.0,3.0405405405405403,0.0,censor,11.03013698630137
pi4626,0.0,0,-7.77755324741869,79.0,1.0,26.95914498115077,0,0,0,0,0.0,184.64285714285717,0.0,0.0,0.0,0.0,0.0,94.0,1.1111111111111112,0.0,death,10.317808219178081
pi4627,0.0,1,-6.8441357365044,78.0,1.0,28.058727390763657,0,0,0,0,0.0,194.92857142857144,0.0,0.0,0.0,0.0,0.0,91.0,4.911504424778761,0.0,dementia,4.13972602739726
pi4629,0.0,0,-6.9421877530705,78.0,0.0,32.13853834890417,0,0,0,0,0.0,235.92857142857144,0.0,1.0,0.0,0.0,0.0,89.0,1.1464968152866242,0.0,death,6.854794520547945
pi4630,0.0,0,-14.8798394137694,91.0,0.0,25.308681229171064,0,0,0,0,0.0,111.71428571428572,0.0,1.0,0.0,0.0,0.0,91.0,36.40243902439025,0.0,death,10.838356164383562
pi4631,0.0,0,5.4629272055753,71.0,0.0,29.121232194944568,0,0,0,0,0.0,96.0,0.0,0.0,0.0,0.0,0.0,96.0,12.124352331606218,1.0,censor,10.235616438356164
pi4635,0.0,0,-10.8839836365759,78.0,1.0,28.565427431211926,0,0,0,0,0.0,121.64285714285714,1.0,1.0,1.0,0.0,0.0,99.0,44.0,1.0,censor,10.515068493150684
pi4638,0.0,0,0.842884775548299,80.0,0.0,26.762404000979394,0,0,0,0,0.0,153.5,0.0,0.0,1.0,0.0,0.0,87.0,38.4,0.0,censor,10.608219178082193
pi4639,0.0,1,-1.30299322441471,81.0,0.0,31.583105571580464,0,0,0,0,0.0,164.5,0.0,0.0,0.0,0.0,0.0,89.0,22.03791469194313,0.0,dementia,3.3972602739726026
pi4644,0.0,0,-3.66202318855581,80.0,1.0,30.878887063822926,0,0,0,0,0.0,2.142857142857143,0.0,1.0,0.0,1.0,0.0,91.0,29.745042492917847,0.0,censor,11.484931506849316
pi4645,0.0,1,-5.0629720371272,84.0,1.0,27.47250553243553,0,0,0,0,0.0,169.57142857142856,0.0,0.0,0.0,0.0,0.0,95.0,14.149253731343284,0.0,dementia,6.556164383561644
pi4648,0.0,0,-7.31337456536539,77.0,1.0,27.20347398438141,0,0,0,0,0.0,233.92857142857144,0.0,0.0,0.0,0.0,0.0,98.0,14.75728155339806,0.0,censor,10.197260273972603
pi4652,0.0,0,-8.6139465448795,74.0,1.0,25.455032031339552,0,0,0,0,0.0,143.85714285714286,0.0,1.0,1.0,0.0,0.0,99.0,67.65578635014836,0.0,death,3.210958904109589
pi4656,0.0,0,-14.1689997053335,83.0,0.0,26.838412377070632,0,0,0,0,0.0,85.0,0.0,0.0,1.0,0.0,1.0,100.0,6.126760563380282,0.0,death,5.043835616438356
pi4660,0.0,0,6.97667617497051,71.0,0.0,28.244428589127303,0,0,0,0,1.0,136.71428571428572,0.0,0.0,1.0,0.0,0.0,94.0,6.548672566371682,1.0,death,9.35890410958904
pi4661,0.0,0,-3.79616764903879,82.0,0.0,30.56249948093581,0,0,0,0,0.0,159.21428571428572,0.0,1.0,1.0,0.0,0.0,90.0,11.780104712041885,0.0,death,5.706849315068493
pi4669,0.0,0,-0.198636963237703,70.0,1.0,28.925121812640963,0,0,0,0,1.0,136.89285714285714,0.0,0.0,0.0,0.0,0.0,99.0,17.766990291262136,,censor,11.295890410958904
pi4670,1.0,0,-6.8386091916837,82.0,0.0,24.36225845423726,0,0,0,0,0.0,123.85714285714286,0.0,0.0,0.0,0.0,1.0,91.0,18.60759493670886,0.0,dementia,0.0
pi4671,0.0,1,-7.27317250416451,77.0,0.0,33.41994343115207,0,0,0,0,0.0,81.57142857142857,0.0,1.0,0.0,0.0,0.0,94.0,0.0,0.0,dementia,1.1863013698630136
pi4672,0.0,0,-4.9567457704278,75.0,1.0,26.63255819272713,0,0,0,0,0.0,116.32142857142856,0.0,0.0,0.0,0.0,0.0,98.0,16.739811912225704,0.0,censor,10.241095890410959
pi4674,0.0,0,-4.60050529141159,70.0,1.0,27.329767690640963,0,0,0,0,0.0,177.21428571428572,0.0,0.0,0.0,0.0,0.0,84.0,15.145631067961164,0.0,censor,10.665753424657535
pi4679,0.0,0,-9.3962011795118,70.0,1.0,32.70981241041097,0,0,0,0,0.0,98.14285714285714,0.0,0.0,0.0,0.0,0.0,98.0,15.978260869565217,0.0,censor,10.726027397260275
pi4683,0.0,0,6.05866789883891,77.0,0.0,26.814495950669528,0,0,0,0,0.0,150.92857142857144,0.0,0.0,0.0,0.0,0.0,94.0,4.5,0.0,death,10.695890410958905
pi4686,0.0,0,-5.2717880937163,71.0,0.0,27.77494359985943,0,0,0,0,0.0,277.07142857142856,0.0,1.0,0.0,0.0,0.0,98.0,20.64516129032258,0.0,censor,10.391780821917807
pi4691,0.0,0,5.28372399731801,69.0,1.0,25.909075536970768,0,0,0,0,0.0,292.1428571428572,0.0,1.0,0.0,0.0,0.0,99.0,4.939024390243903,0.0,death,9.736986301369862
pi4695,0.0,0,0.5635412221189,76.0,0.0,35.08705020880609,0,0,0,0,0.0,157.42857142857144,1.0,1.0,0.0,0.0,1.0,95.0,56.6077738515901,0.0,death,11.780821917808218
pi4697,0.0,0,-4.6755654775032,73.0,0.0,31.20350066567468,0,0,0,0,1.0,61.71428571428572,0.0,1.0,0.0,0.0,0.0,93.0,30.46153846153846,0.0,censor,9.558904109589042
pi4700,0.0,1,-3.63027869809009,82.0,0.0,17.020259683000805,0,0,0,0,0.0,97.75,0.0,0.0,0.0,0.0,0.0,86.0,3.8181818181818175,0.0,dementia,3.5205479452054793
pi4702,0.0,0,-15.5589901306837,70.0,1.0,24.887901582959543,0,0,0,0,0.0,137.89285714285714,0.0,0.0,0.0,0.0,0.0,97.0,1.4007782101167314,0.0,censor,9.863013698630137
pi4703,0.0,0,3.098900807097,71.0,1.0,31.43827887361753,0,0,0,0,0.0,132.75,0.0,0.0,0.0,0.0,0.0,98.0,54.03726708074535,1.0,censor,10.347945205479451
pi4705,0.0,0,3.9601979168399,71.0,0.0,29.86373123092665,0,0,0,0,0.0,175.64285714285714,0.0,1.0,0.0,0.0,0.0,93.0,15.652173913043478,0.0,censor,11.087671232876712
pi4711,0.0,0,1.7526994981374,72.0,1.0,27.26369095041468,0,0,0,0,0.0,294.42857142857144,0.0,0.0,0.0,0.0,0.0,94.0,6.630727762803234,0.0,censor,11.2986301369863
pi4713,0.0,1,6.600130465715,78.0,0.0,24.45612608896115,0,0,0,0,0.0,62.5,0.0,0.0,0.0,0.0,0.0,82.0,41.711229946524064,0.0,dementia,1.4575342465753425
pi4714,0.0,0,-3.506884789365,86.0,0.0,25.003415611188892,0,0,0,0,1.0,198.8571428571429,0.0,1.0,0.0,0.0,0.0,89.0,1.973684210526316,0.0,death,4.676712328767123
pi4715,0.0,0,-5.4358847081708,76.0,0.0,26.054914617303982,0,0,0,0,0.0,328.8571428571429,0.0,0.0,0.0,0.0,0.0,94.0,10.248447204968944,1.0,death,9.09041095890411
pi4717,0.0,0,-4.6974470057787,69.0,0.0,27.66306606833299,0,0,0,0,0.0,151.0,0.0,0.0,0.0,0.0,0.0,93.0,16.694214876033058,0.0,censor,10.684931506849315
pi4719,0.0,0,-1.77328745931921,80.0,1.0,26.6337107773467,0,0,0,0,0.0,93.39285714285714,0.0,1.0,1.0,0.0,0.0,92.0,14.0625,0.0,censor,11.312328767123288
pi4721,0.0,1,-8.72591524274409,74.0,1.0,34.58673631857862,0,0,0,0,0.0,47.35714285714286,0.0,0.0,0.0,0.0,0.0,90.0,63.48837209302326,0.0,dementia,2.841095890410959
pi4722,0.0,0,-5.83203383689489,79.0,1.0,32.44473592839782,0,0,0,0,0.0,117.75,1.0,0.0,0.0,0.0,0.0,93.0,11.145510835913312,0.0,censor,9.838356164383562
pi4723,0.0,0,-15.9522877870262,80.0,0.0,30.11130583350608,0,0,0,0,0.0,151.0,0.0,1.0,0.0,0.0,0.0,94.0,24.96,0.0,censor,11.443835616438356
pi4725,0.0,0,4.7995054690418,69.0,1.0,42.23742914630492,0,0,0,0,0.0,110.25,1.0,1.0,0.0,0.0,0.0,92.0,20.0,0.0,death,8.353424657534246
pi4726,0.0,1,-1.7696073542653,73.0,1.0,32.69041101980679,0,0,0,0,0.0,118.14285714285714,1.0,1.0,0.0,0.0,0.0,96.0,22.320819112627987,0.0,dementia,1.367123287671233
pi4727,0.0,0,-2.80293757631679,74.0,1.0,28.666732804147603,0,0,0,0,0.0,68.5,0.0,1.0,0.0,0.0,0.0,96.0,8.571428571428571,0.0,death,9.613698630136986
pi4731,0.0,1,-14.4103180002022,87.0,0.0,26.6908636870294,0,0,0,0,0.0,189.67857142857144,0.0,0.0,0.0,0.0,0.0,97.0,0.1574803149606299,0.0,dementia,0.7643835616438356
pi4733,0.0,0,-0.400870762944905,76.0,0.0,27.29599546062858,0,0,0,0,0.0,112.42857142857144,0.0,1.0,0.0,0.0,0.0,96.0,13.065902578796562,0.0,death,2.673972602739726
pi4736,0.0,0,-11.9445421308472,78.0,1.0,23.28981020821494,0,0,0,0,0.0,163.89285714285714,0.0,0.0,0.0,0.0,0.0,96.0,26.15730337078652,0.0,death,10.8
pi4738,0.0,0,-5.026625097961,78.0,0.0,30.014603826911195,0,0,0,0,0.0,110.64285714285714,0.0,1.0,0.0,0.0,0.0,88.0,51.23076923076923,,death,11.520547945205479
pi4740,0.0,1,-6.72034881583321,84.0,1.0,23.296130515997824,0,0,0,0,0.0,113.85714285714286,0.0,1.0,0.0,0.0,0.0,90.0,7.902439024390244,0.0,dementia,5.405479452054794
pi4741,0.0,0,-6.19561382005099,72.0,1.0,28.455422027090744,0,0,0,0,0.0,173.67857142857144,0.0,0.0,0.0,0.0,0.0,93.0,32.816326530612244,0.0,censor,10.657534246575343
pi4744,0.0,1,-12.7643746806831,86.0,1.0,21.08245625131118,0,0,0,0,0.0,124.57142857142856,0.0,0.0,0.0,0.0,0.0,98.0,16.187683284457478,0.0,dementia,9.972602739726028
pi4745,0.0,0,-11.7316884973284,75.0,0.0,26.11584033854976,0,0,0,0,1.0,101.42857142857144,0.0,1.0,0.0,0.0,0.0,89.0,13.333333333333334,0.0,death,10.994520547945205
pi4748,0.0,0,1.9814855822747,68.0,0.0,33.79713020248692,0,0,0,0,0.0,308.1428571428571,1.0,1.0,0.0,0.0,0.0,98.0,12.755905511811024,0.0,censor,11.397260273972602
pi4749,0.0,0,-11.4032023389827,88.0,1.0,22.16625925903121,0,0,0,0,0.0,33.57142857142857,0.0,0.0,1.0,0.0,0.0,98.0,6.892950391644908,0.0,censor,3.5342465753424657
pi4750,0.0,0,3.699451205965,70.0,0.0,28.289407598625647,0,0,0,0,0.0,81.0,0.0,0.0,0.0,0.0,1.0,95.0,4.782608695652174,0.0,death,10.24931506849315
pi4751,0.0,0,-6.4479036718608,74.0,0.0,32.941933156577576,0,0,0,0,0.0,95.0,1.0,1.0,1.0,0.0,0.0,94.0,8.68632707774799,0.0,death,7.865753424657535
pi4752,1.0,0,-8.705676692579,72.0,0.0,25.47781480741583,0,0,0,0,0.0,116.0,0.0,0.0,0.0,0.0,0.0,75.0,33.04347826086956,2.0,dementia,0.0
pi4753,0.0,0,-6.2913838462628,71.0,1.0,25.141811023899454,0,0,0,0,0.0,197.9642857142857,0.0,1.0,0.0,0.0,0.0,95.0,20.0,0.0,censor,10.032876712328767
pi4760,0.0,0,-5.3266359421517,79.0,0.0,24.50516197108493,0,0,0,0,0.0,189.2142857142857,0.0,1.0,0.0,0.0,0.0,98.0,24.484304932735427,0.0,death,8.76986301369863
pi4761,0.0,0,-2.23428126236431,81.0,1.0,24.91065551002662,0,0,0,0,0.0,36.0,0.0,0.0,0.0,0.0,0.0,87.0,9.117647058823527,,death,4.161643835616438
pi4763,0.0,0,-1.0069630064792,81.0,0.0,28.44365326799678,0,0,0,0,0.0,124.0,0.0,0.0,1.0,0.0,0.0,89.0,9.775280898876405,0.0,censor,10.98904109589041
pi4764,0.0,0,-4.45435830871701,71.0,0.0,32.737071572566244,0,0,0,0,0.0,118.85714285714286,0.0,1.0,1.0,0.0,0.0,98.0,16.293929712460063,0.0,censor,5.6876712328767125
pi4765,0.0,0,-17.5825572638361,80.0,0.0,27.242968830173343,0,0,0,0,0.0,216.00000000000003,1.0,1.0,0.0,0.0,0.0,89.0,44.48275862068966,0.0,death,3.33972602739726
pi4766,0.0,0,-5.0284508951241,69.0,0.0,31.49050229116677,0,0,0,0,0.0,82.46428571428572,0.0,1.0,0.0,0.0,0.0,96.0,5.853658536585366,0.0,censor,10.241095890410959
pi4770,0.0,0,-0.434698544375195,82.0,1.0,23.47805134362215,0,0,0,0,0.0,125.28571428571428,0.0,0.0,1.0,0.0,0.0,96.0,23.7,0.0,death,5.427397260273972
pi4772,0.0,0,1.43595253067539,70.0,0.0,28.606408074293046,0,0,0,0,0.0,98.5,0.0,0.0,0.0,0.0,1.0,96.0,3.767441860465116,0.0,death,7.120547945205479
pi4773,0.0,0,-18.1613109277142,80.0,1.0,29.790562101061735,0,0,0,0,0.0,244.89285714285717,0.0,1.0,0.0,0.0,0.0,94.0,14.810126582278482,1.0,censor,10.912328767123288
pi4779,0.0,0,6.5007682748942,69.0,0.0,25.12365346880352,0,0,0,0,0.0,384.8571428571429,0.0,0.0,0.0,0.0,0.0,97.0,15.632183908045976,2.0,death,11.052054794520547
pi4782,0.0,0,-10.0624662073739,75.0,0.0,25.642945896128825,0,0,0,0,0.0,250.0,0.0,1.0,0.0,0.0,0.0,94.0,12.68456375838926,0.0,censor,10.64931506849315
pi4783,0.0,0,-3.1161844989562,76.0,1.0,28.053477973765357,0,0,0,0,0.0,39.89285714285714,0.0,1.0,0.0,0.0,0.0,96.0,21.176470588235293,1.0,death,9.975342465753425
pi4785,0.0,0,4.5741960577122,71.0,0.0,32.265843881473586,0,0,0,0,0.0,171.0,0.0,1.0,1.0,0.0,1.0,95.0,20.66115702479339,0.0,death,7.712328767123288
pi4786,0.0,0,1.0032869933743,70.0,0.0,36.12686410417979,0,0,0,0,0.0,116.0,1.0,1.0,0.0,0.0,0.0,98.0,8.53211009174312,0.0,censor,10.454794520547946
pi4789,0.0,0,-2.6728773003386,88.0,0.0,21.68997836356512,0,0,0,0,0.0,151.0,0.0,1.0,0.0,0.0,0.0,83.0,17.894736842105264,0.0,censor,10.095890410958905
pi4790,0.0,0,-5.22836811026249,89.0,1.0,26.03393062403602,0,0,0,0,0.0,48.0,1.0,0.0,1.0,0.0,0.0,97.0,7.0,0.0,death,7.909589041095891
pi4791,0.0,0,-2.8653138807814,68.0,0.0,21.38468809073724,0,0,0,0,0.0,82.25,0.0,0.0,0.0,0.0,1.0,96.0,6.134663341645886,0.0,death,6.5479452054794525
pi4792,0.0,0,-3.95597035248529,83.0,1.0,27.587527206418024,0,0,0,0,0.0,165.57142857142856,0.0,0.0,0.0,0.0,0.0,99.0,27.39884393063584,0.0,censor,10.704109589041096
pi4798,0.0,0,-2.32723215216549,73.0,0.0,32.54272929878528,0,0,0,0,0.0,75.0,0.0,0.0,0.0,0.0,0.0,94.0,9.389312977099236,,censor,10.528767123287672
pi4801,0.0,1,1.1811760798919,73.0,1.0,28.636650803440705,0,0,0,0,0.0,158.25,0.0,1.0,0.0,0.0,0.0,95.0,25.0,,dementia,11.810958904109588
pi4806,0.0,1,2.6233633832495,72.0,1.0,30.05382509954018,0,0,0,0,0.0,124.75,1.0,1.0,1.0,0.0,0.0,91.0,22.950819672131143,0.0,dementia,3.221917808219178
pi4810,0.0,0,0.0359804887347934,74.0,0.0,27.33633366119819,0,0,0,0,0.0,138.46428571428572,0.0,1.0,0.0,0.0,0.0,95.0,15.089820359281438,0.0,censor,10.367123287671232
pi4812,0.0,0,-3.1307896714444,90.0,0.0,24.75302598789605,0,0,0,0,1.0,144.89285714285714,0.0,1.0,0.0,0.0,0.0,93.0,8.571428571428571,0.0,death,7.260273972602739
pi4813,0.0,0,-3.0132074426463,74.0,1.0,32.37463932628376,0,0,0,0,0.0,206.7142857142857,0.0,0.0,0.0,0.0,0.0,92.0,27.375,0.0,censor,10.03013698630137
pi4815,0.0,0,3.20979924278009,70.0,1.0,36.44577393852447,0,0,0,0,0.0,315.42857142857144,0.0,1.0,0.0,0.0,0.0,92.0,7.477203647416413,0.0,censor,10.586301369863014
pi4818,0.0,0,-3.3335998279799,73.0,0.0,25.1251124262228,0,0,0,0,0.0,184.2142857142857,0.0,0.0,0.0,0.0,0.0,90.0,45.56149732620321,0.0,censor,11.186301369863013
pi4822,0.0,0,-5.98812569024339,70.0,0.0,25.78576142072254,0,0,0,0,0.0,175.85714285714286,0.0,1.0,0.0,0.0,1.0,97.0,51.1764705882353,0.0,censor,10.334246575342465
pi4823,0.0,0,-0.760430051580201,72.0,1.0,33.31682166185956,0,0,0,0,0.0,125.75,0.0,1.0,1.0,0.0,0.0,92.0,18.738170347003155,0.0,censor,3.1452054794520548
pi4824,0.0,0,-8.8962882036864,74.0,1.0,31.38138503311913,0,0,0,0,0.0,155.0,0.0,0.0,0.0,0.0,0.0,98.0,7.537688442211055,0.0,censor,9.92876712328767
pi4827,0.0,0,3.0079220409924,69.0,0.0,33.89620434412385,0,0,0,0,1.0,78.0,0.0,1.0,0.0,0.0,0.0,94.0,25.714285714285715,0.0,censor,10.490410958904109
pi4829,0.0,0,1.47796968711531,71.0,1.0,23.76648242691435,0,0,0,0,0.0,260.2142857142857,0.0,0.0,0.0,0.0,0.0,99.0,1.3725490196078431,0.0,censor,10.704109589041096
pi4831,0.0,0,-4.41617117785999,73.0,1.0,35.20804755372656,0,0,0,0,1.0,238.5,0.0,1.0,1.0,0.0,0.0,93.0,81.26582278481013,0.0,censor,10.726027397260275
pi4832,0.0,0,-12.1673119210669,75.0,1.0,27.12779282183257,0,0,0,0,0.0,11.035714285714285,0.0,1.0,0.0,0.0,0.0,87.0,7.397260273972603,0.0,censor,10.736986301369862
pi4835,0.0,0,0.854801975031904,72.0,0.0,22.93096790257536,0,0,0,0,0.0,131.21428571428572,0.0,0.0,1.0,0.0,0.0,99.0,2.4,,censor,10.383561643835616
pi4840,0.0,0,-7.37142098793549,73.0,1.0,24.963920062916543,0,0,0,0,0.0,217.07142857142856,0.0,1.0,0.0,0.0,0.0,93.0,23.76068376068376,0.0,censor,11.197260273972603
pi4841,0.0,0,-7.9984999871819,74.0,1.0,25.372368337590892,0,0,0,0,0.0,151.0,0.0,0.0,0.0,0.0,1.0,91.0,27.013574660633484,0.0,censor,11.67945205479452
pi4842,0.0,0,-2.158246589035,79.0,0.0,23.314097413507955,0,0,0,0,0.0,97.96428571428572,0.0,0.0,1.0,0.0,0.0,98.0,57.63341067285383,0.0,death,3.2739726027397262
pi4844,0.0,0,0.333712401336697,69.0,1.0,31.261884768312346,0,0,0,0,0.0,139.25,0.0,0.0,0.0,0.0,0.0,97.0,11.3312693498452,0.0,censor,10.830136986301369
pi4845,0.0,1,-5.773533908529,83.0,0.0,31.62519666686091,0,0,0,0,0.0,60.0,0.0,1.0,0.0,0.0,0.0,96.0,50.64356435643565,0.0,dementia,0.536986301369863
pi4850,0.0,0,-2.93012998953481,77.0,1.0,26.389396091277952,0,0,0,0,0.0,121.0,0.0,0.0,0.0,0.0,0.0,87.0,4.639175257731959,0.0,censor,11.421917808219177
pi4855,0.0,0,3.9503563349454,72.0,0.0,34.26590847936026,0,0,0,0,0.0,85.0,1.0,1.0,0.0,0.0,0.0,97.0,36.87898089171974,0.0,death,10.12054794520548
pi4856,0.0,0,0.180397376974597,72.0,0.0,26.956022929263032,0,0,0,0,0.0,143.42857142857144,0.0,1.0,0.0,0.0,0.0,92.0,13.533834586466163,0.0,censor,10.936986301369863
pi4858,0.0,0,0.186725279392107,80.0,1.0,24.10640184028696,0,0,0,0,0.0,111.0,0.0,0.0,0.0,1.0,0.0,94.0,18.01801801801802,0.0,death,3.9863013698630136
pi4862,0.0,0,5.77771316734879,69.0,0.0,26.7124861271332,0,0,0,0,0.0,136.0,0.0,0.0,1.0,0.0,0.0,99.0,7.619047619047619,0.0,censor,10.991780821917809
pi4863,0.0,0,-8.0012809602579,79.0,1.0,30.411890381132174,0,0,0,0,0.0,145.5,0.0,0.0,0.0,0.0,0.0,99.0,14.070080862533692,0.0,censor,10.33972602739726
pi4869,0.0,1,-1.5348497560405,83.0,1.0,23.90958818822008,0,0,0,0,0.0,37.142857142857146,0.0,1.0,0.0,0.0,0.0,92.0,1.7940199335548173,0.0,dementia,1.115068493150685
pi4872,0.0,0,3.0177061302888,82.0,0.0,28.126645616792377,0,0,0,0,0.0,49.57142857142857,1.0,0.0,1.0,0.0,0.0,89.0,12.681388012618296,1.0,censor,3.441095890410959
pi4873,0.0,0,-13.116432219585,77.0,1.0,32.38621423429954,0,0,0,0,0.0,263.42857142857144,1.0,1.0,1.0,0.0,0.0,95.0,32.49230769230769,0.0,censor,11.150684931506849
pi4876,0.0,0,-13.6543133896062,82.0,0.0,34.588727457742095,0,0,0,0,0.0,141.32142857142856,0.0,1.0,0.0,0.0,0.0,84.0,54.08759124087591,0.0,death,9.553424657534247
pi4878,0.0,0,-6.2934745510011,82.0,1.0,30.27368027614561,0,0,0,0,0.0,86.0,1.0,1.0,0.0,0.0,0.0,96.0,24.028436018957347,0.0,death,4.747945205479452
pi4880,0.0,0,6.65150881774861,69.0,1.0,26.45603140020053,0,0,0,0,0.0,112.5,0.0,1.0,0.0,0.0,0.0,98.0,24.06015037593985,0.0,censor,9.843835616438357
pi4881,0.0,0,-29.9301354861321,74.0,0.0,37.36597052223609,0,0,0,0,0.0,304.57142857142856,0.0,1.0,0.0,0.0,0.0,96.0,47.61290322580645,0.0,death,5.495890410958904
pi4882,0.0,0,-8.1820574101599,77.0,0.0,33.745874463848835,0,0,0,0,0.0,80.0,0.0,1.0,1.0,0.0,0.0,89.0,10.32069970845481,,death,11.23013698630137
pi4883,0.0,0,-8.59894353326651,79.0,0.0,30.99184522924675,0,0,0,0,0.0,37.142857142857146,1.0,1.0,0.0,0.0,1.0,86.0,7.044534412955466,0.0,death,8.131506849315068
pi4887,0.0,0,-0.260254488316804,73.0,0.0,33.023227435260054,0,0,0,0,0.0,63.14285714285714,0.0,1.0,0.0,0.0,0.0,96.0,15.567567567567568,,death,6.336986301369863
pi4888,0.0,0,1.07856012388559,78.0,0.0,25.28665848829328,0,0,0,0,0.0,151.0,0.0,1.0,0.0,0.0,0.0,98.0,9.9375,,death,4.980821917808219
pi4889,0.0,0,-8.926441795022,76.0,1.0,28.36176149600032,0,0,0,0,0.0,121.14285714285714,0.0,1.0,0.0,0.0,0.0,92.0,1.094224924012158,,death,3.682191780821918
pi4894,0.0,0,-12.4223943432386,80.0,1.0,22.84092426130296,0,0,0,0,0.0,165.71428571428572,0.0,0.0,0.0,0.0,0.0,98.0,21.38801261829653,0.0,censor,9.841095890410958
pi4895,0.0,0,-5.05224925061989,84.0,1.0,23.20087553290018,0,0,0,0,0.0,178.57142857142858,0.0,0.0,0.0,0.0,0.0,99.0,11.326530612244898,0.0,censor,10.087671232876712
pi4896,0.0,0,-2.8727175840592,78.0,1.0,29.587114336299223,0,0,0,0,0.0,139.64285714285714,0.0,0.0,0.0,0.0,0.0,99.0,7.549668874172186,0.0,censor,9.717808219178082
pi4898,0.0,1,-11.2241172693631,79.0,1.0,30.80349174238625,0,0,0,0,0.0,199.2142857142857,0.0,1.0,0.0,0.0,0.0,97.0,9.517241379310343,1.0,dementia,10.912328767123288
pi4900,0.0,1,-3.0158682757682,79.0,1.0,33.19863939589278,0,0,0,0,0.0,161.71428571428572,0.0,1.0,0.0,0.0,0.0,98.0,0.392156862745098,,dementia,3.293150684931507
pi4901,0.0,0,2.2436641536252,78.0,0.0,32.3798638923642,0,0,0,0,0.0,99.39285714285714,0.0,0.0,0.0,0.0,0.0,91.0,24.895104895104897,0.0,death,3.8219178082191783
pi4905,0.0,0,-3.1683314128552,76.0,0.0,28.3912731264219,0,0,0,0,0.0,156.07142857142858,1.0,1.0,0.0,0.0,0.0,91.0,12.96398891966759,0.0,death,9.194520547945206
pi4908,0.0,1,-8.41893447225971,79.0,0.0,25.988625656591868,0,0,0,0,0.0,64.21428571428572,0.0,0.0,0.0,0.0,0.0,95.0,9.116022099447514,,dementia,0.9041095890410958
pi4909,0.0,0,-3.48351205615241,77.0,0.0,24.77278189613155,0,0,0,0,0.0,141.0,0.0,0.0,0.0,0.0,0.0,95.0,5.753424657534247,0.0,death,11.189041095890412
pi4911,0.0,0,3.83347892632899,68.0,0.0,36.22822961287255,0,0,0,0,0.0,186.0,1.0,1.0,1.0,0.0,0.0,88.0,2.982456140350877,0.0,death,10.482191780821918
pi4912,0.0,0,3.4526221319461,70.0,1.0,34.27621487759107,0,0,0,0,0.0,213.67857142857144,0.0,0.0,0.0,0.0,0.0,98.0,29.757412398921836,0.0,censor,10.238356164383562
pi4913,0.0,0,-6.0134294645551,81.0,0.0,25.18693427784337,0,0,0,0,0.0,176.71428571428572,0.0,1.0,0.0,0.0,0.0,87.0,17.070422535211268,0.0,death,9.75068493150685
pi4917,0.0,0,-1.0858570257877,80.0,0.0,27.54774657176402,0,0,0,0,0.0,70.0,0.0,1.0,1.0,0.0,0.0,92.0,17.484662576687118,0.0,censor,10.326027397260274
pi4918,0.0,0,-2.7194112508619,71.0,1.0,22.799443023018387,0,0,0,0,0.0,203.17857142857144,1.0,1.0,0.0,0.0,0.0,98.0,11.505154639175258,0.0,death,10.432876712328767
pi4921,0.0,0,-1.3853320036049,71.0,1.0,26.27352159670533,0,0,0,0,0.0,205.64285714285717,0.0,0.0,0.0,0.0,0.0,95.0,0.8304498269896193,0.0,censor,10.139726027397261
pi4925,0.0,1,-1.92449001979151,78.0,1.0,23.84246569382445,0,0,0,0,1.0,50.0,0.0,1.0,0.0,0.0,0.0,89.0,4.948453608247423,1.0,dementia,2.5123287671232877
pi4926,0.0,0,-0.250102024639602,70.0,1.0,30.00809044941391,0,0,0,0,0.0,175.21428571428572,0.0,1.0,0.0,0.0,0.0,99.0,8.300970873786408,0.0,censor,11.29041095890411
pi4927,0.0,0,-8.4408988855519,74.0,1.0,25.865521537913853,0,0,0,0,1.0,176.5,0.0,0.0,0.0,0.0,0.0,92.0,89.16666666666667,0.0,censor,3.315068493150685
pi4929,0.0,0,-9.2421594503373,80.0,0.0,22.71983565876572,0,0,0,0,0.0,173.5,0.0,0.0,0.0,0.0,0.0,92.0,27.22388059701493,0.0,death,4.397260273972603
pi4931,0.0,0,4.49405168843241,74.0,1.0,25.319480292650745,0,0,0,0,0.0,184.6428571428572,0.0,0.0,0.0,0.0,0.0,95.0,15.886524822695035,1.0,censor,10.054794520547945
pi4932,0.0,1,2.3343887850224,78.0,1.0,34.0359195664032,0,0,0,0,0.0,234.28571428571428,0.0,1.0,0.0,0.0,0.0,84.0,7.267080745341615,1.0,dementia,10.684931506849315
pi4935,1.0,0,-4.8733800508616,75.0,1.0,28.401831646786132,0,0,0,0,1.0,251.64285714285717,0.0,1.0,1.0,0.0,0.0,74.0,5.454545454545454,0.0,censor,0.0
pi4936,0.0,0,-10.1904936165978,82.0,0.0,25.29894036091047,0,0,0,0,0.0,191.7142857142857,0.0,0.0,0.0,0.0,0.0,90.0,14.878706199460916,0.0,death,7.742465753424658
pi4938,0.0,1,2.1920856076614,80.0,1.0,23.31201665675194,0,0,0,0,0.0,61.0,0.0,0.0,1.0,0.0,0.0,100.0,1.991150442477876,0.0,dementia,6.843835616438356
pi4939,0.0,0,-6.9036756094802,80.0,1.0,24.606742640667186,0,0,0,0,0.0,171.46428571428572,0.0,1.0,0.0,0.0,0.0,94.0,30.919220055710305,0.0,death,7.96986301369863
pi4940,0.0,0,-5.3953624161331,79.0,1.0,23.1739357696975,0,0,0,0,0.0,194.28571428571428,0.0,0.0,0.0,0.0,0.0,91.0,17.54152823920266,0.0,censor,10.246575342465754
pi4941,0.0,0,-4.28449111212311,70.0,1.0,31.147737509909057,0,0,0,0,0.0,160.39285714285714,0.0,1.0,1.0,0.0,0.0,91.0,6.993865030674846,0.0,censor,10.087671232876712
pi4942,0.0,0,-15.441050892223,73.0,1.0,31.79881198347108,0,0,0,0,0.0,116.0,0.0,0.0,0.0,0.0,0.0,95.0,9.192200557103064,0.0,censor,3.5972602739726027
pi4943,0.0,0,1.3010418663864,71.0,0.0,25.62141667324307,0,0,0,0,0.0,190.9642857142857,0.0,1.0,0.0,0.0,0.0,84.0,4.534005037783375,1.0,death,9.33972602739726
pi4944,0.0,0,-3.9957954312559,77.0,0.0,28.058136524976664,0,0,0,0,0.0,126.0,0.0,0.0,0.0,0.0,0.0,98.0,10.271739130434783,1.0,censor,10.956164383561644
pi4945,0.0,0,2.67623498575099,70.0,1.0,29.4707077527282,0,0,0,0,0.0,206.4642857142857,0.0,0.0,0.0,0.0,0.0,96.0,15.141955835962143,0.0,death,1.4328767123287671
pi4946,0.0,0,-4.1138852397136,68.0,1.0,26.553144409318424,0,0,0,0,0.0,239.92857142857144,0.0,1.0,0.0,0.0,0.0,100.0,12.06896551724138,0.0,censor,11.07123287671233
pi4947,0.0,0,-1.42296593653209,80.0,1.0,30.32140412387656,0,0,0,0,0.0,136.0,1.0,1.0,0.0,0.0,0.0,89.0,23.350515463917525,0.0,death,3.7041095890410958
pi4948,0.0,0,-1.3995434894134,83.0,1.0,27.51337990466266,0,0,0,0,0.0,112.64285714285714,0.0,1.0,0.0,0.0,0.0,94.0,9.545454545454543,0.0,censor,6.167123287671233
pi4950,0.0,0,-1.23770119952,68.0,1.0,39.89702783189297,0,0,0,0,0.0,191.64285714285717,0.0,0.0,1.0,0.0,0.0,97.0,8.108108108108109,0.0,censor,10.106849315068493
pi4952,0.0,0,-5.0196560045035,78.0,1.0,24.89001480369468,0,0,0,0,0.0,190.92857142857144,1.0,0.0,0.0,0.0,0.0,100.0,9.113924050632912,0.0,censor,3.0273972602739727
pi4954,0.0,0,4.3907200330239,81.0,0.0,30.56846001632096,0,0,0,0,1.0,53.92857142857143,0.0,1.0,0.0,0.0,1.0,88.0,40.836501901140686,1.0,death,7.024657534246575
pi4955,0.0,0,-8.3751636666562,70.0,0.0,28.00759316970378,0,0,0,0,0.0,202.42857142857144,0.0,1.0,0.0,0.0,0.0,93.0,15.376044568245126,0.0,censor,10.684931506849315
pi4958,0.0,0,-8.7158684567397,76.0,1.0,33.78459741208627,0,0,0,0,0.0,160.07142857142856,0.0,0.0,0.0,0.0,0.0,99.0,21.386138613861387,0.0,censor,10.972602739726028
pi4959,0.0,0,0.585560716506095,82.0,1.0,29.47043546990854,0,0,0,0,0.0,197.0,0.0,0.0,0.0,0.0,0.0,89.0,45.86538461538461,0.0,death,2.6767123287671235
pi4963,0.0,0,0.589281037297894,71.0,0.0,28.83846340711528,0,0,0,0,0.0,325.7142857142857,0.0,0.0,0.0,0.0,0.0,99.0,21.1965811965812,0.0,death,7.93972602739726
pi4965,0.0,1,-3.90705470410479,79.0,1.0,25.23950436436303,0,0,0,0,0.0,70.25,0.0,1.0,0.0,0.0,0.0,95.0,6.224066390041494,0.0,dementia,5.098630136986301
pi4966,0.0,0,-12.7282858115036,80.0,1.0,29.850616476457724,0,0,0,0,0.0,207.3571428571429,1.0,1.0,0.0,0.0,0.0,96.0,54.40860215053763,0.0,censor,10.775342465753425
pi4968,0.0,0,-10.1077104153297,78.0,1.0,24.0146418782943,0,0,0,0,0.0,187.42857142857144,0.0,0.0,0.0,0.0,0.0,94.0,14.60620525059666,0.0,death,3.8767123287671232
pi4969,0.0,0,0.054757445359499,74.0,0.0,24.28934602729717,0,0,0,0,0.0,157.42857142857144,0.0,1.0,0.0,0.0,0.0,97.0,31.2,1.0,censor,10.202739726027398
pi4970,0.0,0,7.28470961949191,76.0,0.0,29.191356649587885,0,0,0,0,0.0,95.64285714285714,0.0,0.0,0.0,0.0,0.0,100.0,8.041237113402062,0.0,censor,9.635616438356164
pi4976,0.0,0,6.0586904660281,73.0,1.0,24.55302896626301,0,0,0,0,0.0,242.25,0.0,1.0,0.0,0.0,0.0,97.0,2.0388349514563107,0.0,censor,11.276712328767124
pi4977,0.0,0,-7.3439595253796,81.0,1.0,21.00382283393882,0,0,0,0,0.0,129.64285714285714,0.0,1.0,0.0,0.0,0.0,94.0,28.653846153846157,0.0,death,6.410958904109589
pi4980,0.0,0,-2.4330359619649,72.0,1.0,30.40917982279424,0,0,0,0,0.0,113.96428571428572,1.0,0.0,0.0,0.0,0.0,100.0,13.663366336633665,0.0,censor,10.032876712328767
pi4983,0.0,0,-3.55540993555419,78.0,0.0,30.8707006506552,0,0,0,0,0.0,152.5,0.0,0.0,0.0,0.0,0.0,96.0,6.923076923076923,0.0,censor,10.698630136986301
pi4984,0.0,0,-3.38693752719141,72.0,0.0,33.10649143068774,0,0,0,0,1.0,80.0,0.0,1.0,0.0,0.0,0.0,97.0,76.14678899082568,0.0,censor,10.36986301369863
pi4985,1.0,0,0.483481287750905,78.0,1.0,28.11515734154117,0,0,0,0,0.0,163.14285714285714,0.0,1.0,0.0,0.0,0.0,97.0,4.236902050113895,1.0,dementia,1.073972602739726
pi4989,0.0,0,0.590576975571196,76.0,0.0,33.521241135756306,0,0,0,0,0.0,25.0,0.0,0.0,0.0,0.0,0.0,92.0,2.1686746987951806,0.0,censor,10.315068493150685
pi4992,0.0,0,2.0223263078412,70.0,1.0,36.93257824193593,0,0,0,0,1.0,116.0,1.0,1.0,1.0,0.0,0.0,95.0,9.584664536741212,0.0,censor,9.953424657534246
pi4994,0.0,1,-1.9068026875146,70.0,1.0,21.81915796260999,0,0,0,0,0.0,137.42857142857144,0.0,1.0,1.0,1.0,0.0,92.0,7.96875,0.0,dementia,0.7808219178082192
pi4995,0.0,0,-4.0882897689819,68.0,1.0,24.34559905804664,0,0,0,0,0.0,165.42857142857144,0.0,0.0,0.0,0.0,0.0,91.0,7.519181585677749,1.0,censor,11.545205479452054
pi4997,0.0,0,3.3151984886934,87.0,0.0,22.675959408146134,0,0,0,0,0.0,162.28571428571428,1.0,1.0,1.0,0.0,0.0,95.0,3.896103896103896,0.0,death,9.134246575342466
pi4998,0.0,0,5.8222543272325,72.0,1.0,26.729927495071667,0,0,0,0,0.0,164.89285714285714,1.0,0.0,0.0,0.0,1.0,95.0,5.501432664756447,0.0,censor,11.142465753424657
pi5004,0.0,0,-8.5292398491472,83.0,0.0,35.47529881003911,0,0,0,0,0.0,121.71428571428572,0.0,1.0,0.0,0.0,0.0,88.0,19.818181818181817,0.0,death,8.904109589041095
pi5011,0.0,1,0.363186785634795,69.0,1.0,32.91638285911124,0,0,0,0,0.0,261.0,0.0,1.0,0.0,0.0,1.0,98.0,17.51824817518248,0.0,dementia,10.90958904109589
pi5015,0.0,0,5.9299760013903,68.0,0.0,28.03624194758212,0,0,0,0,0.0,501.3571428571428,0.0,0.0,0.0,0.0,0.0,97.0,8.7,1.0,censor,10.813698630136987
pi5016,0.0,0,-0.0580933689187049,76.0,0.0,30.91728482167261,0,0,0,0,0.0,222.1071428571429,0.0,0.0,0.0,0.0,0.0,97.0,14.802631578947368,1.0,censor,11.241095890410959
pi5017,0.0,0,4.379344040346,78.0,0.0,24.441802087462012,0,0,0,0,0.0,133.35714285714286,0.0,0.0,0.0,0.0,0.0,96.0,2.857142857142857,0.0,censor,9.378082191780821
pi5020,0.0,0,7.3078041117999,68.0,1.0,26.90124690522576,0,0,0,0,0.0,144.96428571428572,0.0,0.0,0.0,0.0,0.0,93.0,4.012158054711247,0.0,censor,10.082191780821917
pi5021,0.0,0,-11.3275213117218,78.0,0.0,29.70133412705409,0,0,0,0,0.0,157.42857142857144,0.0,0.0,0.0,0.0,0.0,89.0,3.52,0.0,censor,3.649315068493151
pi5022,0.0,0,-4.2567016859944,69.0,1.0,23.484021832837573,0,0,0,0,0.0,44.25,0.0,0.0,1.0,0.0,0.0,100.0,18.56353591160221,0.0,censor,11.202739726027398
pi5024,0.0,0,5.62907352576301,73.0,0.0,26.05357752684617,0,0,0,0,0.0,101.0,0.0,0.0,0.0,0.0,0.0,84.0,1.1455847255369929,0.0,death,10.986301369863014
pi5025,0.0,1,-11.4554221017771,80.0,1.0,26.01070154577883,0,0,0,0,0.0,231.78571428571428,0.0,0.0,0.0,0.0,0.0,97.0,3.4615384615384617,0.0,dementia,3.6410958904109587
pi5028,0.0,0,2.6186405532719,84.0,0.0,27.34375,0,0,0,0,0.0,233.5,0.0,0.0,0.0,0.0,0.0,98.0,5.869565217391305,0.0,censor,9.775342465753425
pi5029,0.0,0,-7.7341331399312,74.0,0.0,28.080698498997865,0,0,0,0,0.0,133.42857142857142,0.0,0.0,0.0,0.0,0.0,95.0,8.804347826086957,1.0,death,3.3863013698630136
pi5030,0.0,0,-2.57336466448631,82.0,1.0,25.209712643272365,0,0,0,0,0.0,219.28571428571428,0.0,0.0,0.0,0.0,0.0,99.0,16.102941176470587,0.0,censor,10.493150684931507
pi5033,0.0,0,4.55812827025851,75.0,1.0,30.635558414146228,0,0,0,0,0.0,301.1428571428572,0.0,0.0,0.0,0.0,0.0,89.0,3.260869565217391,0.0,censor,3.43013698630137
pi5039,0.0,0,-8.8185874349976,82.0,1.0,32.54751428530744,0,0,0,0,0.0,69.78571428571428,0.0,1.0,0.0,0.0,0.0,96.0,8.483290488431876,0.0,censor,10.698630136986301
pi5040,0.0,0,3.4801062317015,71.0,1.0,37.145710625186446,0,0,0,0,1.0,176.0,1.0,1.0,0.0,0.0,0.0,87.0,23.47826086956522,0.0,death,1.641095890410959
pi5042,0.0,0,-4.81107951153869,80.0,0.0,27.390946502057613,0,0,0,0,0.0,202.42857142857144,0.0,0.0,1.0,0.0,0.0,100.0,3.355704697986577,0.0,death,9.482191780821918
pi5043,0.0,0,-2.48053979608331,80.0,1.0,30.81359140111178,0,0,0,0,0.0,97.21428571428572,0.0,1.0,0.0,0.0,0.0,94.0,17.2972972972973,0.0,censor,10.26027397260274
pi5045,0.0,0,3.98745632131551,71.0,1.0,45.43469448105549,0,0,0,0,0.0,110.64285714285714,0.0,1.0,0.0,0.0,0.0,94.0,10.989010989010987,0.0,death,7.252054794520548
pi5047,1.0,0,1.0984565135778,71.0,0.0,30.942995623080204,0,0,0,0,0.0,16.07142857142857,0.0,0.0,0.0,0.0,0.0,72.0,1.4953271028037385,0.0,dementia,0.0
pi5048,0.0,0,-5.3089554146041,75.0,1.0,28.42102120630119,0,0,0,0,0.0,216.0,0.0,0.0,0.0,0.0,0.0,96.0,16.024844720496894,0.0,censor,10.356164383561644
pi5050,0.0,0,-6.85175967139359,74.0,0.0,23.217993079584776,0,0,0,0,0.0,227.14285714285717,0.0,0.0,0.0,0.0,1.0,96.0,14.321608040201005,0.0,censor,10.756164383561643
pi5051,0.0,0,-4.9474433779781,76.0,1.0,31.33988775578377,0,0,0,0,0.0,195.5,0.0,1.0,0.0,0.0,0.0,99.0,45.0,0.0,censor,10.372602739726027
pi5052,1.0,0,-6.4244057723283,83.0,0.0,38.3813701114249,0,0,0,0,0.0,96.67857142857144,0.0,1.0,1.0,0.0,0.0,79.0,45.4054054054054,0.0,death,8.895890410958904
pi5053,0.0,0,0.955839777971704,73.0,0.0,25.91110952333777,0,0,0,0,0.0,252.42857142857144,0.0,0.0,0.0,0.0,0.0,98.0,2.6785714285714284,0.0,death,4.906849315068493
pi5056,0.0,0,-4.5273181039304,71.0,1.0,26.112399372409687,0,0,0,0,0.0,50.0,0.0,0.0,1.0,0.0,1.0,95.0,7.834394904458598,0.0,censor,9.668493150684931
pi5057,0.0,0,8.1847663347458,73.0,1.0,37.98532849546144,0,0,0,0,0.0,58.5,1.0,0.0,0.0,0.0,0.0,92.0,2.6548672566371683,0.0,censor,10.517808219178082
pi5058,0.0,0,-4.7838617591359,85.0,0.0,32.887357795225114,0,0,0,0,0.0,191.7142857142857,0.0,1.0,0.0,0.0,0.0,89.0,6.268656716417911,0.0,death,9.92054794520548
pi5062,0.0,0,-3.6840456414654,83.0,1.0,30.99684350075012,0,0,0,0,0.0,166.0,1.0,1.0,0.0,0.0,0.0,91.0,43.36283185840708,1.0,death,3.4027397260273973
pi5067,0.0,0,-3.31369492009431,70.0,0.0,27.69177625615749,0,0,0,0,0.0,74.5,0.0,0.0,0.0,0.0,0.0,99.0,11.428571428571429,0.0,censor,10.471232876712328
pi5068,0.0,0,-11.4193299994577,80.0,1.0,26.67456564657132,0,0,0,0,0.0,188.2142857142857,0.0,1.0,0.0,0.0,0.0,99.0,16.5,0.0,death,8.90958904109589
pi5069,0.0,0,-5.70941483725851,80.0,1.0,30.74451927062625,0,0,0,0,0.0,62.85714285714286,1.0,1.0,1.0,0.0,0.0,94.0,38.38790931989925,0.0,death,8.301369863013699
pi5071,0.0,0,1.6460626146238,72.0,0.0,28.12766022607693,0,0,0,0,0.0,66.39285714285714,1.0,0.0,0.0,0.0,1.0,95.0,0.9146341463414634,1.0,censor,4.372602739726028
pi5073,0.0,0,-7.4645082944992,79.0,1.0,35.78282076998496,0,0,0,0,0.0,111.71428571428572,1.0,1.0,0.0,0.0,0.0,93.0,5.891472868217054,0.0,censor,10.726027397260275
pi5079,0.0,0,1.08583311543509,78.0,0.0,28.544247609482827,0,0,0,0,0.0,91.0,0.0,0.0,0.0,0.0,0.0,92.0,28.511749347258487,0.0,death,11.098630136986301
pi5080,0.0,0,7.07528595268769,73.0,1.0,30.95061103719113,0,0,0,0,0.0,154.39285714285714,0.0,0.0,0.0,0.0,0.0,97.0,12.424242424242424,0.0,censor,10.835616438356164
pi5081,0.0,0,-4.207212424387,80.0,1.0,28.8665042269747,0,0,0,0,0.0,64.75,0.0,1.0,0.0,0.0,0.0,86.0,20.31645569620253,0.0,censor,4.021917808219178
pi5082,0.0,0,-9.5006954771643,75.0,0.0,45.4050805620616,0,0,0,0,0.0,210.2142857142857,0.0,1.0,0.0,0.0,0.0,96.0,73.65269461077844,2.0,death,3.249315068493151
pi5083,0.0,0,2.0918979225458,84.0,0.0,22.75787399058697,0,0,0,0,0.0,176.71428571428572,0.0,1.0,0.0,0.0,0.0,87.0,1.2356979405034323,0.0,censor,11.717808219178082
pi5086,0.0,0,-6.8209000701561,69.0,0.0,31.987903997711346,0,0,0,0,0.0,196.0,0.0,0.0,0.0,0.0,1.0,91.0,41.29554655870445,1.0,censor,10.819178082191781
pi5087,0.0,0,-3.2047562376448,72.0,0.0,24.77278189613155,0,0,0,0,0.0,16.07142857142857,0.0,0.0,1.0,0.0,0.0,93.0,13.424657534246576,0.0,death,5.898630136986301
pi5088,0.0,0,-0.703905559565101,72.0,0.0,23.840073288135404,0,0,0,0,0.0,74.42857142857143,1.0,0.0,0.0,0.0,0.0,95.0,26.41025641025641,0.0,censor,10.832876712328767
pi5090,0.0,0,-3.5018256217152,77.0,1.0,27.216385196355365,0,0,0,0,0.0,94.21428571428572,1.0,0.0,0.0,0.0,0.0,98.0,22.857142857142858,0.0,death,4.635616438356164
pi5092,0.0,0,-6.880568766564,77.0,0.0,26.94432001936337,0,0,0,0,0.0,131.0,0.0,0.0,0.0,0.0,0.0,94.0,3.221476510067114,0.0,censor,11.402739726027397
pi5093,0.0,0,-10.4061169375518,75.0,1.0,31.32609646324677,0,0,0,0,0.0,216.0,0.0,1.0,0.0,0.0,0.0,97.0,54.27937915742794,,censor,10.95068493150685
pi5094,0.0,0,-13.0567865297537,84.0,1.0,34.038804944569414,0,0,0,0,0.0,88.14285714285714,0.0,1.0,0.0,0.0,0.0,93.0,55.30120481927711,1.0,death,3.1013698630136988
pi5095,0.0,0,1.1704481373004,76.0,0.0,27.973990956311663,0,0,0,0,0.0,87.14285714285714,0.0,1.0,0.0,0.0,0.0,93.0,70.42424242424242,0.0,censor,11.405479452054795
pi5100,0.0,0,-5.4805158311807,71.0,1.0,20.87585373285002,0,0,0,0,0.0,118.14285714285714,0.0,0.0,0.0,0.0,0.0,92.0,2.246696035242291,0.0,censor,11.301369863013699
pi5103,0.0,0,-0.859860675689703,73.0,1.0,26.579852606305955,0,0,0,0,0.0,118.64285714285714,0.0,0.0,0.0,0.0,0.0,98.0,12.913907284768213,0.0,censor,11.405479452054795
pi5107,0.0,0,-2.50834681762871,77.0,1.0,25.97961103070528,0,0,0,0,1.0,131.71428571428572,0.0,0.0,0.0,0.0,0.0,98.0,2.592592592592593,0.0,censor,10.547945205479452
pi5109,0.0,0,-0.920697600454304,78.0,0.0,25.524434499978387,0,0,0,0,0.0,183.42857142857144,0.0,0.0,0.0,0.0,0.0,89.0,3.947368421052632,0.0,censor,10.758904109589041
pi5112,0.0,0,1.5481559302615,70.0,0.0,35.800593707133054,0,0,0,0,0.0,66.0,1.0,1.0,1.0,0.0,0.0,90.0,23.676470588235293,0.0,death,7.608219178082192
pi5116,0.0,0,-4.77627007639271,76.0,0.0,38.798641582247264,0,0,0,0,0.0,89.71428571428572,1.0,1.0,1.0,0.0,0.0,97.0,49.822784810126585,0.0,death,2.936986301369863
pi5117,0.0,0,-13.0424851561778,70.0,1.0,32.098150875531715,0,0,0,0,0.0,189.2142857142857,1.0,1.0,0.0,0.0,0.0,98.0,9.886363636363637,0.0,death,8.668493150684931
pi5118,0.0,0,-10.8684892362403,76.0,1.0,32.28308900718241,0,0,0,0,0.0,92.75,0.0,0.0,0.0,0.0,0.0,86.0,40.85714285714285,0.0,death,8.882191780821918
pi5119,0.0,0,4.9184276576688,71.0,1.0,21.041679888520477,0,0,0,0,0.0,206.92857142857144,0.0,0.0,0.0,0.0,0.0,99.0,0.8780487804878049,1.0,censor,10.326027397260274
pi5122,0.0,0,-12.6623573151105,72.0,1.0,28.739645597526163,0,0,0,0,0.0,188.53571428571428,0.0,0.0,0.0,0.0,0.0,96.0,11.103896103896105,1.0,censor,10.087671232876712
pi5125,0.0,0,-7.9574102432708,77.0,0.0,27.347546030735884,0,0,0,0,0.0,154.14285714285717,0.0,1.0,0.0,0.0,0.0,92.0,15.62874251497006,0.0,death,7.912328767123288
pi5127,0.0,0,3.3632503141512,78.0,0.0,26.903908376455725,0,0,0,0,0.0,88.78571428571428,0.0,0.0,0.0,0.0,0.0,97.0,6.976744186046512,0.0,death,10.427397260273972
pi5130,0.0,1,2.0442250681274,69.0,1.0,27.63429752066116,0,0,0,0,0.0,195.64285714285717,1.0,1.0,0.0,0.0,0.0,95.0,21.3,0.0,dementia,11.394520547945206
pi5132,0.0,1,-12.0187858321479,87.0,1.0,20.49040366095212,0,0,0,0,0.0,25.0,0.0,0.0,0.0,0.0,0.0,93.0,1.2244897959183674,0.0,dementia,4.093150684931507
pi5135,0.0,0,-0.130330369040493,81.0,0.0,33.047067804384994,0,0,0,0,0.0,140.64285714285714,0.0,1.0,0.0,0.0,0.0,89.0,31.482889733840302,0.0,death,7.331506849315068
pi5136,0.0,0,-3.22396354406339,68.0,0.0,25.486735701599773,0,0,0,0,0.0,78.85714285714286,0.0,0.0,0.0,0.0,0.0,100.0,4.4,2.0,death,6.695890410958904
pi5137,0.0,1,-2.33248852772149,79.0,1.0,28.88812973367821,0,0,0,0,0.0,136.0,1.0,1.0,0.0,0.0,0.0,86.0,15.07177033492823,1.0,dementia,3.978082191780822
pi5138,0.0,0,2.43576204384721,77.0,1.0,31.453785215497746,0,0,0,0,0.0,161.71428571428572,1.0,1.0,0.0,0.0,0.0,94.0,8.711943793911008,0.0,censor,10.191780821917808
pi5142,0.0,0,-12.4980864235432,69.0,1.0,31.27948388851584,0,0,0,0,0.0,196.7142857142857,0.0,1.0,0.0,0.0,0.0,99.0,7.3076923076923075,0.0,censor,10.860273972602739
pi5145,0.0,0,-2.4649569184151,77.0,1.0,25.63619460033791,0,0,0,0,0.0,80.25,0.0,0.0,0.0,0.0,0.0,93.0,18.75,1.0,death,11.70958904109589
pi5146,0.0,0,0.094339245650005,77.0,0.0,23.36167104030523,0,0,0,0,0.0,133.85714285714286,0.0,1.0,0.0,0.0,0.0,91.0,14.264705882352942,0.0,death,5.5698630136986305
pi5148,0.0,0,-9.9379908608382,80.0,0.0,25.15327460184392,0,0,0,0,0.0,122.5,0.0,1.0,0.0,0.0,0.0,90.0,28.666666666666668,1.0,censor,11.643835616438356
pi5151,0.0,0,-2.4624957573275,85.0,0.0,32.19920575292476,0,0,0,0,0.0,92.71428571428572,0.0,1.0,0.0,0.0,0.0,95.0,31.977077363896846,0.0,censor,9.764383561643836
pi5152,0.0,0,-3.7148089344015,68.0,1.0,30.425661403251524,0,0,0,0,0.0,14.964285714285714,1.0,1.0,1.0,0.0,0.0,99.0,11.223021582733812,0.0,death,6.210958904109589
pi5153,1.0,0,-3.23734365348341,84.0,0.0,25.262917238225874,0,0,0,0,0.0,229.42857142857144,0.0,1.0,0.0,0.0,0.0,79.0,25.23809523809524,0.0,death,5.063013698630137
pi5154,0.0,0,-4.1854110104015,76.0,0.0,29.47539210383992,0,0,0,0,1.0,303.10714285714283,0.0,1.0,0.0,0.0,0.0,94.0,24.5822102425876,0.0,death,7.0849315068493155
pi5157,0.0,1,-0.996587766597202,83.0,0.0,26.10205295681628,0,0,0,0,0.0,227.42857142857144,0.0,0.0,0.0,0.0,0.0,98.0,5.977011494252873,,dementia,6.052054794520548
pi5162,0.0,1,-16.8633970414512,86.0,0.0,27.085948588074107,0,0,0,0,1.0,136.0,1.0,1.0,1.0,0.0,0.0,85.0,21.382978723404257,0.0,dementia,3.4986301369863013
pi5164,0.0,0,-5.9011035292388,77.0,0.0,30.200036854282263,0,0,0,0,0.0,408.8571428571428,0.0,1.0,0.0,0.0,0.0,91.0,27.34177215189873,0.0,censor,10.591780821917808
pi5170,0.0,0,-4.1519099550073,78.0,0.0,29.694253396556885,0,0,0,0,0.0,88.5,1.0,0.0,1.0,0.0,0.0,96.0,16.242424242424242,0.0,censor,10.065753424657535
pi5172,1.0,0,0.520545344171893,81.0,1.0,23.72239381398915,0,0,0,0,0.0,66.0,0.0,0.0,1.0,0.0,1.0,81.0,15.8311345646438,0.0,dementia,0.0
pi5174,0.0,1,-3.3032522483179,79.0,0.0,33.80090017909321,0,0,0,0,0.0,127.42857142857144,1.0,1.0,0.0,0.0,0.0,80.0,1.8961625282167045,0.0,dementia,3.7150684931506848
pi5177,0.0,0,-9.3054836256324,73.0,1.0,30.774629587265487,0,0,0,0,0.0,45.85714285714285,0.0,0.0,0.0,0.0,0.0,94.0,18.71559633027523,0.0,death,8.32876712328767
pi5180,0.0,0,-3.9028616540752,74.0,0.0,25.56099996878999,0,0,0,0,1.0,102.75,0.0,0.0,0.0,0.0,0.0,93.0,20.46875,0.0,censor,10.726027397260275
pi5181,0.0,0,-3.13678486769599,69.0,1.0,29.398768137506877,0,0,0,0,0.0,161.39285714285714,0.0,1.0,0.0,0.0,0.0,100.0,8.201438848920864,0.0,censor,11.490410958904109
pi5185,0.0,0,-4.53407491294131,83.0,0.0,23.287295800147827,0,0,0,0,0.0,66.07142857142857,0.0,0.0,0.0,0.0,0.0,88.0,1.588235294117647,0.0,death,4.131506849315069
pi5186,0.0,0,-5.34592936024291,74.0,0.0,26.66033363434486,0,0,0,0,0.0,231.0,0.0,0.0,1.0,0.0,0.0,93.0,4.10126582278481,0.0,censor,9.95068493150685
pi5187,0.0,0,-0.657558279024997,73.0,0.0,26.186145690696872,0,0,0,0,0.0,185.28571428571428,0.0,0.0,0.0,0.0,0.0,95.0,45.4625550660793,0.0,censor,10.457534246575342
pi5188,0.0,1,-1.962711174028,76.0,0.0,22.08935708926192,0,0,0,0,0.0,121.57142857142856,0.0,0.0,0.0,0.0,0.0,96.0,2.409638554216868,0.0,dementia,6.956164383561644
pi5189,0.0,1,0.797261046044596,72.0,1.0,25.368070308954763,0,0,0,0,0.0,31.17857142857143,0.0,1.0,1.0,0.0,0.0,98.0,2.6751592356687897,1.0,dementia,1.6986301369863013
pi5191,0.0,0,-6.7351875472213,82.0,1.0,21.959399145883115,0,0,0,0,0.0,131.0,0.0,0.0,0.0,0.0,0.0,83.0,46.91588785046729,0.0,death,10.849315068493151
pi5192,0.0,0,-9.1955638933127,74.0,1.0,29.4707077527282,0,0,0,0,0.0,162.96428571428572,0.0,0.0,0.0,0.0,0.0,97.0,14.085365853658535,0.0,censor,10.64931506849315
pi5193,0.0,1,-14.6357789200118,79.0,0.0,22.01564839672264,0,0,0,0,0.0,208.5,0.0,1.0,1.0,0.0,0.0,91.0,11.448763250883392,0.0,dementia,11.413698630136986
pi5194,0.0,1,2.9861211783731,73.0,0.0,28.859689845914136,0,0,0,0,1.0,223.42857142857144,1.0,1.0,0.0,0.0,0.0,92.0,15.946843853820598,0.0,dementia,10.70958904109589
pi5196,0.0,0,-13.2295974113467,86.0,1.0,22.869120026090688,0,0,0,0,1.0,149.57142857142856,1.0,1.0,0.0,0.0,0.0,98.0,5.138121546961326,1.0,censor,11.191780821917808
pi5197,0.0,0,0.471747453232496,79.0,0.0,25.69857420407173,0,0,0,0,0.0,143.17857142857144,0.0,0.0,0.0,0.0,0.0,94.0,18.564356435643564,0.0,censor,11.684931506849315
pi5198,1.0,0,-5.1544994977057,78.0,1.0,25.3340777780784,0,0,0,0,0.0,32.142857142857146,0.0,1.0,0.0,0.0,1.0,93.0,16.8503937007874,1.0,dementia,0.0
pi5200,0.0,0,-0.864136413625204,75.0,0.0,30.56328849641145,0,0,0,0,0.0,135.64285714285714,0.0,1.0,0.0,0.0,0.0,97.0,8.85608856088561,0.0,death,10.893150684931507
pi5202,0.0,0,-12.0023267803453,83.0,0.0,24.582958907695986,0,0,0,0,0.0,86.71428571428572,0.0,1.0,0.0,0.0,0.0,97.0,8.676923076923076,0.0,death,5.997260273972603
pi5206,0.0,0,-13.7633650844724,75.0,1.0,33.48105078627419,0,0,0,0,0.0,54.0,0.0,0.0,0.0,0.0,0.0,96.0,54.46153846153846,0.0,censor,10.852054794520548
pi5207,0.0,0,1.7663600150898,69.0,1.0,27.156047222936856,0,0,0,0,0.0,246.7142857142857,0.0,1.0,1.0,0.0,0.0,98.0,25.31049250535332,0.0,censor,9.827397260273973
pi5208,1.0,0,-3.6343864760897,78.0,0.0,26.896388493126587,0,0,0,0,1.0,176.71428571428572,0.0,1.0,0.0,0.0,0.0,78.0,2.1487603305785123,1.0,censor,0.0
pi5211,0.0,0,-4.9049064985447,74.0,1.0,33.6844487994694,0,0,0,0,0.0,38.5,0.0,0.0,0.0,0.0,0.0,99.0,31.35,1.0,censor,10.567123287671233
pi5212,0.0,0,-12.0703099982363,83.0,1.0,24.06737996484858,0,0,0,0,0.0,116.28571428571428,0.0,1.0,0.0,0.0,0.0,96.0,37.967667436489606,0.0,death,9.715068493150685
pi5213,0.0,0,13.4421235565534,75.0,0.0,21.828255447827274,0,0,0,0,0.0,114.57142857142856,0.0,1.0,1.0,0.0,0.0,93.0,5.882352941176471,0.0,death,3.4328767123287673
pi5214,0.0,0,-3.84167736256251,75.0,0.0,32.708807777969845,0,0,0,0,0.0,186.0,0.0,1.0,0.0,0.0,0.0,94.0,18.356940509915013,0.0,censor,10.898630136986302
pi5215,0.0,1,-4.1385426762444,84.0,0.0,25.249014104305544,0,0,0,0,1.0,72.10714285714286,0.0,1.0,1.0,1.0,0.0,97.0,17.142857142857142,0.0,dementia,1.178082191780822
pi5219,0.0,0,-4.8820544743753,69.0,0.0,30.985175455057234,0,0,0,0,0.0,195.14285714285717,0.0,0.0,0.0,0.0,0.0,96.0,48.440366972477065,1.0,censor,11.356164383561644
pi5220,0.0,0,-6.92849710225789,73.0,0.0,32.57915879017013,0,0,0,0,0.0,181.75,0.0,0.0,0.0,0.0,0.0,95.0,3.081081081081081,0.0,censor,10.931506849315069
pi5221,0.0,1,6.56489976717801,73.0,1.0,28.374461541287637,0,0,0,0,0.0,66.25,0.0,0.0,0.0,0.0,0.0,86.0,2.543640897755611,0.0,dementia,1.1561643835616437
pi5227,0.0,1,-0.304164147929797,82.0,0.0,24.71140256656679,0,0,0,0,0.0,194.9642857142857,0.0,0.0,0.0,0.0,0.0,97.0,10.94017094017094,0.0,dementia,4.024657534246575
pi5228,0.0,0,11.9619988260638,71.0,0.0,30.37741890460669,0,0,0,0,0.0,141.71428571428572,0.0,1.0,0.0,0.0,0.0,98.0,0.3870967741935484,1.0,death,11.531506849315068
pi5230,0.0,0,-10.0949575624642,81.0,1.0,27.684501769279397,0,0,0,0,0.0,44.892857142857146,0.0,0.0,0.0,0.0,0.0,94.0,13.762575452716298,0.0,death,8.556164383561644
pi5233,0.0,0,-0.947489075725002,70.0,1.0,33.60353578482097,0,0,0,0,0.0,149.39285714285714,0.0,1.0,0.0,0.0,0.0,99.0,7.272727272727272,0.0,censor,11.01095890410959
pi5238,0.0,0,1.0126239666518,77.0,0.0,29.70814554200161,0,0,0,0,1.0,256.7142857142857,0.0,1.0,0.0,0.0,0.0,96.0,3.5294117647058822,1.0,censor,10.786301369863013
pi5239,1.0,0,1.09741624064699,77.0,0.0,29.070278225561264,0,0,0,0,0.0,86.71428571428572,1.0,1.0,1.0,0.0,0.0,88.0,33.72093023255814,0.0,dementia,0.0
pi5241,0.0,0,-7.3859410165216,75.0,0.0,28.50551309102552,0,0,0,0,1.0,205.7142857142857,0.0,0.0,0.0,0.0,0.0,92.0,20.16806722689076,0.0,censor,9.934246575342465
pi5242,0.0,0,-13.5259237557181,82.0,1.0,22.05120466777325,0,0,0,0,0.0,150.46428571428572,0.0,0.0,0.0,0.0,0.0,97.0,6.826347305389222,0.0,death,11.638356164383561
pi5247,0.0,0,-7.1250453094991,78.0,1.0,39.95728641473372,0,0,0,0,0.0,66.35714285714286,0.0,1.0,0.0,0.0,1.0,84.0,55.87786259541985,0.0,death,9.345205479452055
pi5248,0.0,0,-5.26708309875271,74.0,0.0,23.481458062061616,0,0,0,0,1.0,187.4642857142857,1.0,0.0,0.0,0.0,0.0,93.0,5.606361829025845,1.0,censor,3.9945205479452053
pi5250,0.0,0,-7.4557863848578,77.0,1.0,22.566588288165384,0,0,0,0,0.0,124.21428571428572,0.0,0.0,0.0,0.0,0.0,98.0,7.766990291262136,,censor,9.726027397260275
pi5252,0.0,1,3.1372518897918,76.0,1.0,24.822552295079763,0,0,0,0,0.0,189.3928571428571,0.0,1.0,0.0,0.0,0.0,98.0,9.848024316109422,0.0,dementia,10.646575342465754
pi5254,0.0,0,2.4741866877732,80.0,0.0,27.38114675734176,0,0,0,0,0.0,86.64285714285714,0.0,1.0,0.0,0.0,0.0,99.0,7.826086956521739,0.0,censor,10.526027397260274
pi5255,0.0,0,-8.1387144274274,73.0,1.0,32.02463207578592,0,0,0,0,1.0,149.5,0.0,0.0,0.0,0.0,0.0,95.0,13.28358208955224,0.0,censor,10.356164383561644
pi5257,0.0,0,-4.12669832853101,70.0,1.0,26.04246441867684,0,0,0,0,0.0,308.2142857142857,0.0,1.0,0.0,0.0,0.0,96.0,1.9626168224299063,0.0,censor,10.342465753424657
pi5258,0.0,0,-1.1389035518429,73.0,0.0,27.321721656426227,0,0,0,0,0.0,130.46428571428572,0.0,0.0,0.0,0.0,0.0,96.0,1.094890510948905,0.0,death,8.416438356164383
pi5262,0.0,0,-10.8274658779883,72.0,0.0,30.769088642030223,0,0,0,0,0.0,141.71428571428572,0.0,0.0,0.0,0.0,0.0,84.0,59.10780669144982,0.0,censor,10.810958904109588
pi5264,0.0,1,-1.83565719253561,71.0,0.0,35.23704476533893,0,0,0,0,0.0,126.0,0.0,1.0,1.0,0.0,0.0,80.0,15.04225352112676,0.0,dementia,1.7917808219178082
pi5266,0.0,0,-7.77767110192229,78.0,0.0,22.864261461836943,0,0,0,0,1.0,141.75,0.0,0.0,1.0,0.0,0.0,94.0,10.996784565916398,0.0,censor,10.89041095890411
pi5268,0.0,0,-1.11352292482,71.0,1.0,23.80143524760864,0,0,0,0,1.0,166.32142857142856,0.0,1.0,0.0,0.0,0.0,95.0,11.116071428571429,0.0,censor,10.315068493150685
pi5269,0.0,0,2.90380743931659,73.0,1.0,26.959456538049714,0,0,0,0,0.0,296.7142857142857,0.0,1.0,1.0,0.0,0.0,84.0,0.7817589576547231,0.0,death,8.106849315068493
pi5270,0.0,0,-5.93113457522389,80.0,1.0,33.59114268749616,0,0,0,0,0.0,75.71428571428572,0.0,0.0,0.0,0.0,0.0,87.0,44.90196078431372,0.0,death,6.942465753424657
pi5271,0.0,1,-2.7442789896741,75.0,1.0,26.523454545520607,0,0,0,0,1.0,186.8571428571429,0.0,0.0,0.0,0.0,0.0,95.0,15.645933014354068,0.0,dementia,7.0
pi5273,0.0,0,2.9552441869515,71.0,1.0,25.896766831406783,0,0,0,0,0.0,108.5,0.0,0.0,0.0,0.0,0.0,98.0,6.481481481481482,0.0,censor,10.810958904109588
pi5274,0.0,0,3.1941351124572,69.0,1.0,36.24172163266145,0,0,0,0,0.0,94.57142857142856,1.0,1.0,0.0,1.0,0.0,93.0,14.13127413127413,1.0,death,3.9205479452054797
pi5275,0.0,0,-2.7895230663602,86.0,0.0,27.69344524325565,0,0,0,0,0.0,179.21428571428572,0.0,0.0,0.0,0.0,0.0,94.0,24.90118577075099,0.0,death,10.005479452054795
pi5276,0.0,0,-13.3088424373047,70.0,0.0,37.0569819552578,0,0,0,0,0.0,167.75,1.0,0.0,0.0,0.0,0.0,95.0,1.4917127071823204,1.0,death,3.158904109589041
pi5278,0.0,0,-3.381153751892,70.0,0.0,31.58147163234456,0,0,0,0,0.0,72.39285714285714,0.0,0.0,0.0,0.0,0.0,97.0,9.9,0.0,censor,10.553424657534247
pi5282,0.0,0,3.161719639515,80.0,0.0,27.695289990263376,0,0,0,0,0.0,232.5,0.0,0.0,1.0,1.0,1.0,94.0,10.384615384615383,0.0,death,11.556164383561644
pi5285,0.0,0,2.19975967740839,74.0,0.0,33.72618484567385,0,0,0,0,0.0,151.0,1.0,1.0,0.0,0.0,0.0,91.0,9.12280701754386,0.0,censor,10.736986301369862
pi5287,0.0,0,-8.09112707323909,77.0,0.0,31.060178353677006,0,0,0,0,0.0,288.0,1.0,0.0,0.0,0.0,0.0,89.0,9.411764705882351,0.0,censor,10.221917808219178
pi5288,0.0,0,-0.598932480564301,71.0,0.0,29.230442176870756,0,0,0,0,0.0,259.42857142857144,0.0,1.0,0.0,0.0,0.0,90.0,12.160356347438752,0.0,censor,11.265753424657534
pi5290,0.0,0,-0.0553033734365016,71.0,1.0,27.774788848284437,0,0,0,0,0.0,196.7142857142857,0.0,0.0,0.0,0.0,0.0,97.0,18.75968992248062,0.0,censor,1.4191780821917808
pi5291,0.0,0,-3.20974414453499,77.0,0.0,30.548116555357183,0,0,0,0,0.0,62.85714285714285,0.0,1.0,0.0,0.0,0.0,84.0,15.676959619952497,0.0,censor,10.263013698630138
pi5292,0.0,0,-6.37884631457619,81.0,1.0,25.52272717399332,0,0,0,0,1.0,128.28571428571428,0.0,0.0,0.0,0.0,0.0,99.0,4.663865546218488,0.0,death,8.123287671232877
pi5295,0.0,0,-12.078869581802,74.0,0.0,25.073461940104234,0,0,0,0,0.0,119.32142857142858,0.0,0.0,1.0,0.0,0.0,92.0,9.074492099322798,1.0,censor,10.375342465753425
pi5296,0.0,0,4.67541933280801,73.0,0.0,26.593953620694634,0,0,0,0,0.0,106.07142857142856,0.0,1.0,1.0,0.0,0.0,92.0,4.026845637583893,0.0,death,7.208219178082191
pi5297,0.0,0,-6.7166301032786,72.0,1.0,27.68427155635388,0,0,0,0,0.0,293.5,0.0,0.0,0.0,0.0,0.0,97.0,60.18237082066869,0.0,censor,9.7013698630137
pi5299,0.0,0,-2.3830648342216,75.0,1.0,27.278273618854247,0,0,0,0,0.0,172.5,0.0,0.0,0.0,0.0,0.0,89.0,8.115942028985508,1.0,death,10.854794520547944
pi5303,0.0,0,-10.5103007638068,80.0,1.0,28.376111650115533,0,0,0,0,0.0,86.0,1.0,1.0,1.0,0.0,1.0,89.0,27.8125,0.0,death,9.715068493150685
pi5304,0.0,0,-6.160444906989,79.0,0.0,29.15445681709202,0,0,0,0,0.0,124.57142857142856,0.0,1.0,0.0,0.0,0.0,94.0,14.262295081967212,0.0,death,10.468493150684932
pi5305,0.0,0,-4.2601237871182,77.0,0.0,25.749113381044403,0,0,0,0,0.0,163.5,0.0,0.0,0.0,0.0,0.0,99.0,12.489795918367347,0.0,censor,10.627397260273973
pi5308,0.0,0,-2.866117383621,72.0,0.0,28.522530479180958,0,0,0,0,0.0,156.0,1.0,0.0,0.0,0.0,0.0,99.0,5.423728813559322,0.0,censor,11.213698630136987
pi5309,0.0,0,-6.06500960949541,76.0,0.0,36.811786963848505,0,0,0,0,0.0,165.71428571428572,1.0,0.0,0.0,0.0,0.0,97.0,21.88235294117647,1.0,censor,4.3123287671232875
pi5310,0.0,0,-0.079952905421294,90.0,0.0,28.40140874409228,0,0,0,0,0.0,75.71428571428572,1.0,1.0,0.0,0.0,1.0,84.0,18.404907975460123,0.0,death,2.589041095890411
pi5313,0.0,0,-3.364612165254,79.0,1.0,29.576434327343677,0,0,0,0,1.0,217.9642857142857,0.0,1.0,0.0,0.0,0.0,90.0,63.67021276595744,0.0,censor,10.665753424657535
pi5314,0.0,0,-2.10654212207559,81.0,1.0,25.252441468711496,0,0,0,0,0.0,196.7142857142857,0.0,1.0,1.0,0.0,0.0,96.0,12.995391705069125,0.0,death,11.01917808219178
pi5316,0.0,1,-15.1481525263487,77.0,0.0,29.63052413601864,0,0,0,0,0.0,44.57142857142857,0.0,0.0,0.0,0.0,0.0,93.0,13.763440860215054,0.0,dementia,1.7315068493150685
pi5319,0.0,0,-0.827504366541703,81.0,1.0,25.471788587564607,0,0,0,0,0.0,91.0,1.0,1.0,0.0,0.0,0.0,95.0,5.901639344262295,1.0,death,9.668493150684931
pi5320,0.0,0,-5.6774018959417,80.0,0.0,30.95290426228152,0,0,0,0,0.0,66.0,0.0,1.0,0.0,0.0,0.0,96.0,13.162393162393162,0.0,censor,11.063013698630137
pi5323,0.0,0,0.580909631185804,83.0,0.0,27.5825745896126,0,0,0,0,0.0,75.0,0.0,0.0,1.0,0.0,0.0,89.0,56.40552995391705,0.0,death,3.6931506849315068
pi5324,0.0,0,5.5424404214809,75.0,0.0,24.757357997320725,0,0,0,0,1.0,262.5,0.0,1.0,0.0,0.0,0.0,95.0,7.121661721068249,0.0,censor,10.2986301369863
pi5325,0.0,0,1.68135430015769,84.0,0.0,26.18609256979407,0,0,0,0,0.0,149.57142857142856,0.0,0.0,1.0,0.0,1.0,80.0,34.47761194029851,0.0,censor,4.109589041095891
pi5329,0.0,0,4.9593036159403,69.0,0.0,21.07949147691849,1,0,0,1,0.0,201.7142857142857,0.0,0.0,0.0,0.0,0.0,93.0,0.0,0.0,death,8.906849315068493
pi5330,0.0,0,1.80195670944509,84.0,0.0,35.6705961990998,0,0,0,0,0.0,86.0,1.0,1.0,0.0,0.0,0.0,83.0,34.23728813559322,0.0,death,5.493150684931507
pi5334,0.0,0,-3.6644484094568,69.0,0.0,25.643271048677207,0,0,0,0,0.0,252.2142857142857,0.0,0.0,0.0,0.0,0.0,100.0,10.473815461346634,0.0,censor,9.7013698630137
pi5339,0.0,1,-1.0817037052111,81.0,1.0,22.096818494934308,0,0,0,0,0.0,40.0,0.0,1.0,0.0,0.0,0.0,93.0,2.288135593220339,1.0,dementia,4.323287671232877
pi5340,0.0,0,-6.1471482456832,79.0,0.0,29.903918350053107,0,0,0,0,0.0,113.5,0.0,0.0,0.0,0.0,0.0,97.0,35.63380281690141,0.0,censor,10.934246575342465
pi5341,0.0,0,-3.3734661836279,84.0,0.0,28.208378324214863,0,0,0,0,0.0,81.0,0.0,1.0,0.0,0.0,0.0,87.0,31.0,0.0,censor,11.054794520547945
pi5343,0.0,0,-6.8447543202954,68.0,1.0,31.303390366472616,0,0,0,0,0.0,189.57142857142856,0.0,1.0,0.0,0.0,0.0,98.0,7.819905213270142,1.0,censor,11.386301369863014
pi5344,0.0,0,-7.7500000572353,75.0,1.0,27.360461645607398,0,0,0,0,0.0,0.0,0.0,0.0,1.0,0.0,0.0,96.0,3.555555555555556,0.0,death,7.616438356164384
pi5346,0.0,0,-0.350044083321293,78.0,0.0,36.80947170552423,0,0,0,0,0.0,125.0,0.0,1.0,0.0,0.0,0.0,88.0,11.020408163265309,0.0,death,8.424657534246576
pi5347,0.0,0,-2.9049515908318,76.0,1.0,24.2106789580164,0,0,0,0,0.0,221.89285714285717,0.0,0.0,0.0,0.0,0.0,89.0,8.372093023255815,0.0,censor,4.276712328767124
pi5348,0.0,0,-5.8264879362463,72.0,0.0,29.342468876024085,0,0,0,0,0.0,233.14285714285717,1.0,0.0,0.0,0.0,0.0,92.0,9.552238805970148,0.0,censor,10.783561643835617
pi5349,0.0,0,-1.78386331184051,70.0,0.0,26.816608996539795,0,0,0,0,0.0,175.92857142857144,0.0,1.0,0.0,0.0,1.0,97.0,6.534653465346534,0.0,censor,11.473972602739726
pi5350,0.0,0,-14.8763481714266,85.0,0.0,33.33401009415668,0,0,0,0,0.0,119.85714285714286,1.0,1.0,0.0,0.0,0.0,94.0,57.125748502994014,0.0,death,7.728767123287671
pi5355,0.0,0,-6.7684738639208,70.0,1.0,24.4029065456204,0,0,0,0,0.0,124.57142857142856,0.0,0.0,1.0,0.0,0.0,100.0,6.497695852534562,0.0,death,10.295890410958904
pi5356,0.0,0,-0.0407652905982019,78.0,1.0,25.347200856002075,0,0,0,0,0.0,53.85714285714285,1.0,0.0,0.0,0.0,1.0,98.0,5.8389261744966445,0.0,censor,3.8383561643835615
pi5361,0.0,0,-3.0905282234323,79.0,1.0,26.09925743504965,0,0,0,0,1.0,356.92857142857144,0.0,1.0,0.0,0.0,0.0,99.0,27.84,0.0,death,10.172602739726027
pi5363,1.0,0,-1.0378008407378,89.0,1.0,24.68180746633831,0,0,0,0,0.0,68.21428571428572,0.0,1.0,1.0,0.0,0.0,79.0,0.3069053708439898,0.0,dementia,0.0
pi5373,0.0,0,2.31060232798799,75.0,0.0,35.2793566163115,0,0,0,0,0.0,221.7142857142857,1.0,0.0,1.0,0.0,0.0,85.0,3.652173913043478,0.0,censor,10.169863013698631
pi5375,0.0,1,5.6750904637065,75.0,1.0,29.387755102040817,0,0,0,0,0.0,186.0,0.0,1.0,0.0,0.0,1.0,94.0,5.555555555555555,0.0,dementia,1.536986301369863
pi5377,0.0,0,-6.3901187629346,69.0,0.0,28.66094173999829,0,0,0,0,0.0,151.0,0.0,1.0,0.0,0.0,0.0,92.0,20.18867924528302,1.0,censor,11.67945205479452
pi5379,0.0,0,-0.0737879269740063,87.0,0.0,28.143698323731115,0,0,0,0,0.0,94.5,0.0,0.0,0.0,0.0,0.0,87.0,34.6095717884131,1.0,death,12.046575342465754
pi5381,0.0,0,2.79250156004569,73.0,1.0,29.739666395292208,0,0,0,0,0.0,143.92857142857144,1.0,1.0,1.0,0.0,0.0,97.0,18.88888888888889,0.0,death,7.243835616438356
pi5382,0.0,0,-1.8496621337181,75.0,1.0,33.70144777112631,0,0,0,0,0.0,184.64285714285717,0.0,1.0,0.0,0.0,0.0,97.0,7.2592592592592595,0.0,censor,10.032876712328767
pi5383,0.0,1,2.47134804116681,78.0,0.0,27.231730593028853,0,0,0,0,0.0,100.0,0.0,0.0,0.0,0.0,0.0,91.0,23.51851851851852,1.0,dementia,3.5671232876712327
pi5386,0.0,0,-4.10091681489691,69.0,0.0,26.5655247874758,0,0,0,0,0.0,347.7142857142857,0.0,0.0,0.0,0.0,0.0,98.0,7.361111111111111,0.0,censor,10.871232876712329
pi5388,0.0,0,3.9703705716457,81.0,0.0,27.74587680104887,0,0,0,0,0.0,292.57142857142856,0.0,1.0,1.0,0.0,0.0,94.0,7.592592592592593,0.0,death,8.156164383561643
pi5389,0.0,0,-1.9333463594529,71.0,1.0,24.85584694007402,0,0,0,0,1.0,255.7142857142857,0.0,0.0,0.0,0.0,0.0,100.0,10.434782608695652,0.0,death,11.87945205479452
pi5393,0.0,0,3.2840774504032,77.0,0.0,27.35582990397805,0,0,0,0,0.0,156.0,0.0,1.0,0.0,0.0,0.0,93.0,8.88888888888889,0.0,censor,9.953424657534246
pi5396,0.0,0,-6.9565863897583,77.0,0.0,24.981738495252007,0,0,0,0,1.0,86.0,0.0,0.0,0.0,0.0,0.0,92.0,18.27814569536424,0.0,death,7.526027397260274
pi5399,0.0,0,-8.0503152511607,79.0,0.0,26.736308221610617,0,0,0,0,0.0,155.92857142857144,0.0,1.0,1.0,1.0,0.0,87.0,24.79591836734694,0.0,censor,11.27945205479452
pi5403,0.0,0,-0.0966833635559965,82.0,0.0,26.329610307762337,0,0,0,0,0.0,111.0,0.0,1.0,0.0,0.0,0.0,97.0,37.58542141230068,0.0,censor,10.764383561643836
pi5404,0.0,0,-5.19156447383931,78.0,1.0,35.7372300422998,0,0,0,0,0.0,138.14285714285714,0.0,1.0,1.0,0.0,1.0,94.0,32.7032967032967,1.0,death,8.835616438356164
pi5409,0.0,1,-10.6593101893765,84.0,0.0,26.024032127665983,0,0,0,0,0.0,139.21428571428572,0.0,0.0,0.0,0.0,0.0,91.0,5.306122448979592,0.0,dementia,3.978082191780822
pi5410,0.0,0,-1.6941301774593,76.0,0.0,21.69020765351423,0,0,0,0,1.0,182.7142857142857,0.0,1.0,0.0,0.0,0.0,82.0,9.315068493150685,0.0,censor,11.312328767123288
pi5411,0.0,0,1.8660741766604,69.0,1.0,33.784849969686654,0,0,0,0,0.0,159.21428571428572,0.0,1.0,0.0,0.0,0.0,94.0,24.88479262672811,0.0,censor,11.556164383561644
pi5412,0.0,0,-2.0707589270271,75.0,1.0,34.351154062256576,0,0,0,0,1.0,184.2142857142857,0.0,1.0,1.0,0.0,0.0,93.0,16.363636363636363,1.0,death,6.912328767123288
pi5416,0.0,1,1.1850197760027,77.0,0.0,31.017179688265863,0,0,0,0,0.0,196.7142857142857,1.0,1.0,0.0,0.0,0.0,93.0,0.821917808219178,0.0,dementia,4.254794520547946
pi5417,0.0,0,-3.2197511791404,70.0,0.0,23.81645673167977,0,0,0,0,0.0,134.5,0.0,1.0,1.0,0.0,0.0,99.0,3.91644908616188,0.0,censor,10.742465753424657
pi5419,0.0,0,0.342102430253703,77.0,0.0,24.35435620975606,0,0,0,0,0.0,161.71428571428572,0.0,0.0,0.0,0.0,0.0,95.0,2.7493261455525606,0.0,censor,9.594520547945205
pi5421,0.0,0,-0.648979252137394,76.0,1.0,25.824226000780747,0,0,0,0,0.0,129.92857142857144,0.0,1.0,0.0,0.0,0.0,99.0,6.132596685082873,1.0,censor,10.2
pi5422,0.0,1,-1.6254569855078,90.0,1.0,30.256725838681717,0,0,0,0,0.0,99.5,0.0,1.0,0.0,0.0,0.0,93.0,0.2469135802469135,0.0,dementia,6.1287671232876715
pi5426,0.0,0,6.91297921340809,72.0,1.0,29.55501234537495,0,0,0,0,0.0,166.64285714285714,0.0,1.0,0.0,0.0,0.0,99.0,26.016260162601625,0.0,censor,9.931506849315069
pi5430,1.0,0,-3.3495196585463,78.0,1.0,29.285196387630616,0,0,0,0,0.0,198.64285714285717,0.0,0.0,1.0,0.0,0.0,97.0,1.8305084745762712,1.0,dementia,0.0
pi5431,0.0,1,-1.21014703250169,73.0,0.0,35.5022655251919,0,0,0,0,1.0,101.0,1.0,1.0,0.0,0.0,1.0,89.0,10.551181102362206,0.0,dementia,4.101369863013699
pi5432,0.0,0,-6.2023808759737,73.0,1.0,31.64466899134142,0,0,0,0,0.0,194.92857142857144,1.0,1.0,0.0,0.0,0.0,100.0,55.27272727272727,1.0,censor,10.476712328767123
pi5434,0.0,0,5.7312222831156,72.0,1.0,26.93131168953584,0,0,0,0,0.0,439.4285714285714,0.0,1.0,0.0,0.0,0.0,96.0,12.55813953488372,1.0,censor,9.895890410958904
pi5437,0.0,0,3.10890287913639,80.0,0.0,26.35963733100596,0,0,0,0,0.0,119.21428571428572,1.0,1.0,0.0,0.0,0.0,95.0,34.173228346456696,0.0,death,8.142465753424657
pi5440,0.0,0,-16.1102598780537,77.0,0.0,29.359522026981395,0,0,0,0,0.0,104.25,1.0,1.0,0.0,0.0,0.0,100.0,25.965770171149146,0.0,censor,11.506849315068493
pi5441,0.0,1,4.0833871525452,74.0,0.0,32.76452331459616,0,0,0,0,0.0,101.64285714285714,0.0,0.0,0.0,0.0,0.0,90.0,71.1219512195122,0.0,dementia,3.871232876712329
pi5445,0.0,0,-3.68774847740831,69.0,1.0,32.49613724758911,0,0,0,0,0.0,79.82142857142857,0.0,1.0,0.0,0.0,0.0,100.0,19.875,0.0,censor,10.186301369863013
pi5446,0.0,0,3.0857645933384,82.0,0.0,32.53267342135251,0,0,0,0,0.0,91.25,0.0,1.0,0.0,0.0,0.0,97.0,25.040650406504064,1.0,death,8.156164383561643
pi5450,0.0,1,-5.9685683437292,75.0,0.0,30.49575000138617,0,0,0,0,0.0,196.67857142857144,0.0,0.0,0.0,0.0,0.0,98.0,24.980544747081712,0.0,dementia,1.2273972602739727
pi5452,0.0,0,-9.2633766380582,73.0,0.0,30.755139779804548,0,0,0,0,0.0,113.14285714285714,1.0,1.0,1.0,0.0,0.0,89.0,7.272727272727272,0.0,censor,11.043835616438356
pi5455,0.0,0,-2.5247145736152,75.0,0.0,25.29563462207025,0,0,0,0,0.0,202.60714285714283,0.0,0.0,0.0,0.0,0.0,97.0,18.98550724637681,0.0,censor,10.227397260273973
pi5456,0.0,0,-5.36646596694941,77.0,0.0,24.49431850302448,0,0,0,0,0.0,92.71428571428572,0.0,0.0,0.0,0.0,0.0,97.0,22.97229219143577,0.0,death,9.602739726027398
pi5460,0.0,0,-3.4843711316562,86.0,0.0,24.94549496572,0,0,0,0,0.0,196.7142857142857,0.0,1.0,0.0,0.0,0.0,90.0,12.95629820051414,0.0,death,9.391780821917807
pi5462,0.0,0,-7.84057981718161,84.0,0.0,25.841680872480623,0,0,0,0,0.0,196.28571428571428,0.0,0.0,0.0,0.0,0.0,88.0,12.573529411764708,1.0,censor,6.2684931506849315
pi5465,0.0,0,-5.80363879956531,71.0,1.0,26.078285527682137,0,0,0,0,1.0,297.6428571428571,1.0,0.0,0.0,0.0,0.0,97.0,10.3971119133574,,censor,10.438356164383562
pi5466,0.0,0,-5.7191013085385,72.0,1.0,28.936076817558305,0,0,0,0,0.0,228.3571428571429,0.0,0.0,0.0,0.0,0.0,99.0,4.061538461538461,0.0,censor,10.169863013698631
pi5472,0.0,0,-3.10804108136961,70.0,1.0,30.19978074507472,0,0,0,0,0.0,180.42857142857144,0.0,0.0,1.0,0.0,0.0,98.0,12.815533980582524,0.0,censor,10.723287671232876
pi5473,0.0,0,-2.79658407665799,87.0,0.0,21.725338849201364,0,0,0,0,0.0,132.28571428571428,0.0,0.0,0.0,0.0,0.0,89.0,24.22360248447205,0.0,death,7.786301369863014
pi5474,0.0,0,-6.4071351987877,77.0,1.0,25.83100952741158,0,0,0,0,0.0,161.0,0.0,1.0,0.0,0.0,1.0,98.0,30.5,0.0,death,7.624657534246575
pi5475,0.0,0,-13.885762851255,80.0,1.0,29.508195541455603,0,0,0,0,0.0,144.75,0.0,0.0,0.0,0.0,0.0,98.0,55.48543689320388,0.0,death,12.04931506849315
pi5476,0.0,1,-12.4047496754477,72.0,1.0,21.36884661117717,0,0,0,0,0.0,174.67857142857144,0.0,0.0,0.0,0.0,0.0,98.0,15.337078651685394,0.0,dementia,10.849315068493151
pi5477,0.0,1,-4.080077485304,82.0,0.0,20.54751376767633,0,0,0,0,0.0,98.5,0.0,1.0,0.0,1.0,0.0,84.0,2.8,1.0,dementia,4.049315068493151
pi5479,0.0,1,-5.7198976268958,82.0,0.0,24.75622279818084,0,0,0,0,0.0,175.71428571428572,0.0,0.0,0.0,0.0,0.0,94.0,4.087591240875913,1.0,dementia,6.904109589041096
pi5481,0.0,0,-0.7891919723386,75.0,0.0,30.555555555555557,0,0,0,0,0.0,220.07142857142856,0.0,0.0,1.0,0.0,0.0,92.0,16.845425867507885,0.0,censor,6.879452054794521
pi5486,0.0,0,-6.7128462339263,76.0,1.0,25.61712253372953,0,0,0,0,1.0,96.10714285714286,0.0,1.0,0.0,0.0,0.0,98.0,10.384615384615383,,censor,10.397260273972602
pi5487,0.0,0,-2.3972154986787,74.0,0.0,28.137441230250293,0,0,0,0,0.0,139.92857142857144,0.0,1.0,0.0,0.0,0.0,89.0,8.983050847457626,,censor,11.106849315068493
pi5489,0.0,0,-6.2640934459042,70.0,0.0,27.403604173909432,0,0,0,0,0.0,106.71428571428572,0.0,0.0,1.0,0.0,0.0,88.0,13.280632411067192,,censor,9.931506849315069
pi5490,0.0,0,-10.2900619995064,72.0,1.0,25.53400030577133,0,0,0,0,0.0,145.64285714285714,0.0,0.0,0.0,0.0,0.0,92.0,5.520581113801453,,death,10.378082191780821
pi5491,0.0,0,3.0618691551567,72.0,0.0,25.57464178747026,0,0,0,0,0.0,302.7142857142857,0.0,1.0,1.0,0.0,0.0,95.0,9.327146171693736,,censor,11.161643835616438
pi5499,0.0,0,-8.2136621778449,80.0,0.0,28.31579872858933,0,0,0,0,0.0,96.0,0.0,1.0,0.0,0.0,0.0,85.0,20.696202531645568,,censor,12.046575342465754
pi5500,0.0,0,1.64977605104831,69.0,1.0,27.679485840157213,0,0,0,0,0.0,184.1071428571429,0.0,0.0,0.0,0.0,0.0,96.0,13.636363636363637,,censor,9.860273972602739
pi5501,0.0,1,-3.4661384675877,75.0,0.0,27.945428787672963,0,0,1,1,0.0,114.39285714285714,1.0,1.0,1.0,0.0,0.0,81.0,16.952380952380953,0.0,dementia,4.142465753424657
pi5505,0.0,0,-3.27337381847489,72.0,1.0,27.24930638129211,1,0,0,1,0.0,334.2857142857143,0.0,1.0,0.0,0.0,0.0,86.0,18.522427440633244,0.0,censor,10.53972602739726
po6501,0.0,0,7.9278098594414,70.0,1.0,23.207816263747905,0,0,0,0,1.0,130.64285714285714,0.0,1.0,0.0,0.0,0.0,96.0,0.1431980906921241,0.0,censor,9.736986301369862
po6502,0.0,0,-1.1801821740509,82.0,1.0,30.174793741429003,0,0,0,0,0.0,66.07142857142857,0.0,0.0,0.0,0.0,0.0,98.0,3.658536585365854,0.0,death,2.9068493150684933
po6503,0.0,0,-7.9497491459325,78.0,1.0,27.6511631439338,0,0,0,0,1.0,139.21428571428572,0.0,1.0,0.0,0.0,0.0,91.0,16.572890025575447,2.0,death,6.068493150684931
po6504,0.0,0,-2.2296554698882,80.0,1.0,24.04565213061331,0,0,0,0,0.0,395.2142857142857,0.0,0.0,0.0,0.0,0.0,95.0,4.0625,0.0,censor,9.627397260273973
po6507,0.0,1,2.2296271121553,81.0,1.0,26.459796329815504,0,0,0,0,0.0,144.92857142857144,1.0,1.0,0.0,0.0,0.0,97.0,41.865671641791046,0.0,dementia,1.2
po6509,0.0,0,-11.3341317719064,84.0,1.0,22.658211124322893,0,0,0,0,0.0,66.46428571428572,0.0,1.0,1.0,0.0,0.0,97.0,2.39202657807309,1.0,censor,11.027397260273972
po6512,0.0,1,-4.8232524702829,75.0,1.0,23.94596625927945,0,0,0,0,0.0,100.0,0.0,0.0,0.0,0.0,0.0,94.0,2.361111111111111,,dementia,10.389041095890411
po6516,0.0,0,0.247513623072606,69.0,1.0,28.46819365055245,0,0,1,1,0.0,144.60714285714286,0.0,0.0,0.0,0.0,0.0,90.0,9.408740359897172,0.0,censor,10.501369863013698
po6524,0.0,0,2.529507924085,69.0,1.0,23.99257771513421,0,0,0,0,0.0,222.92857142857144,0.0,1.0,0.0,0.0,0.0,97.0,0.1648351648351648,,censor,9.704109589041096
po6525,1.0,0,1.05734775501971,85.0,1.0,23.949070959060087,0,0,0,0,0.0,5.0,0.0,0.0,1.0,0.0,0.0,76.0,24.444444444444443,0.0,death,4.249315068493151
po6527,0.0,0,-10.1180451308233,81.0,1.0,24.94673933363589,0,0,0,0,0.0,143.21428571428572,1.0,0.0,0.0,0.0,0.0,95.0,16.818181818181817,0.0,censor,11.526027397260274
po6528,0.0,0,-5.1276044822925,72.0,1.0,27.491574870479354,0,0,0,0,1.0,149.71428571428572,0.0,1.0,1.0,0.0,0.0,99.0,3.7313432835820897,0.0,censor,10.534246575342467
po6529,0.0,0,-3.0650726937363,72.0,1.0,39.600078771513886,0,0,0,0,0.0,142.57142857142856,0.0,0.0,0.0,0.0,0.0,97.0,7.192982456140351,0.0,death,1.8164383561643835
po6531,0.0,0,-13.9609557334216,77.0,1.0,33.831590354347284,0,0,0,0,0.0,189.57142857142856,0.0,0.0,0.0,0.0,0.0,98.0,13.797909407665506,0.0,censor,10.986301369863014
po6536,0.0,0,1.7701670902548,72.0,1.0,26.46689041326488,0,0,0,0,0.0,184.9642857142857,0.0,0.0,0.0,0.0,0.0,98.0,9.827586206896552,,censor,10.493150684931507
po6537,0.0,0,-0.641680395424501,74.0,1.0,22.0104692609934,0,0,0,0,0.0,123.92857142857144,0.0,0.0,0.0,0.0,0.0,97.0,4.948453608247423,0.0,censor,10.334246575342465
po6538,0.0,0,-7.2516604563445,80.0,0.0,31.47179729669726,0,0,0,0,0.0,116.75,0.0,1.0,0.0,0.0,0.0,88.0,16.818181818181817,1.0,censor,10.66027397260274
po6541,0.0,0,2.4212344286323,71.0,1.0,28.896487086324655,0,0,0,0,0.0,158.0,0.0,1.0,0.0,0.0,0.0,91.0,0.3715170278637771,1.0,death,7.882191780821918
po6546,0.0,0,-1.29610576395341,75.0,1.0,26.70091016638049,0,1,0,1,0.0,124.35714285714286,0.0,0.0,0.0,0.0,0.0,94.0,22.061281337047355,0.0,censor,10.43013698630137
po6547,0.0,1,3.1777105083027,70.0,1.0,28.79883611396996,0,1,0,1,0.0,104.0,0.0,0.0,0.0,0.0,0.0,95.0,8.59375,,dementia,10.282191780821918
po6548,0.0,0,-1.35874780948041,69.0,1.0,22.399023264745512,0,0,0,0,0.0,140.75,0.0,0.0,0.0,0.0,0.0,100.0,0.0,,censor,10.917808219178083
po6549,0.0,1,-7.02769498030371,78.0,1.0,23.530498475598804,0,0,0,0,1.0,119.21428571428572,0.0,0.0,0.0,0.0,0.0,95.0,15.0,,dementia,7.317808219178082
po6551,0.0,0,-1.4534990559679,81.0,1.0,32.54570165920557,0,0,0,0,0.0,79.96428571428572,0.0,0.0,0.0,0.0,0.0,100.0,16.097560975609756,,death,8.282191780821918
po6554,0.0,1,-16.6877407290245,75.0,1.0,20.70111396097147,0,0,0,0,0.0,404.8571428571429,0.0,0.0,0.0,0.0,0.0,97.0,0.8086253369272237,2.0,dementia,6.471232876712329
po6555,0.0,0,-1.18329675922671,73.0,1.0,26.967064297962864,0,0,0,0,1.0,76.42857142857143,0.0,1.0,1.0,1.0,0.0,92.0,0.0,0.0,death,3.8054794520547945
po6556,0.0,0,-3.5415522959583,72.0,1.0,25.50380774922444,0,0,0,0,0.0,251.17857142857144,0.0,1.0,0.0,0.0,0.0,96.0,13.277310924369749,0.0,censor,10.515068493150684
po6557,0.0,0,-12.2999638035659,82.0,1.0,24.366397000513565,0,0,0,0,0.0,75.0,0.0,1.0,0.0,0.0,0.0,99.0,28.58560794044665,0.0,death,8.156164383561643
po6558,0.0,0,-7.0875613772744,82.0,1.0,24.14205110534652,0,0,0,0,0.0,23.142857142857142,0.0,1.0,0.0,0.0,0.0,83.0,1.7414248021108178,,censor,10.53972602739726
po6559,0.0,1,-7.7786597083354,73.0,1.0,31.105034632628332,0,0,0,0,0.0,45.0,0.0,1.0,0.0,0.0,0.0,97.0,46.2533692722372,1.0,dementia,3.1534246575342464
po6564,0.0,0,2.9815941692115,73.0,0.0,21.899167162403334,0,0,0,0,0.0,184.92857142857144,0.0,0.0,0.0,0.0,0.0,94.0,1.125,1.0,censor,9.846575342465753
po6566,0.0,0,-7.0815273601625,69.0,0.0,27.759514939002123,0,0,0,0,0.0,190.6071428571429,0.0,0.0,0.0,0.0,0.0,94.0,1.4414414414414414,0.0,censor,10.41095890410959
po6567,0.0,0,-1.7342235262041,73.0,1.0,28.634806574783767,0,0,0,0,0.0,203.28571428571428,0.0,0.0,0.0,0.0,0.0,100.0,3.0508474576271185,0.0,censor,10.41095890410959
po6569,0.0,0,-6.8621222314578,76.0,1.0,29.330271384177447,0,0,0,0,0.0,234.57142857142856,0.0,0.0,0.0,0.0,0.0,99.0,6.285714285714286,,censor,10.336986301369864
po6573,0.0,0,-8.9511517805829,85.0,0.0,23.09716303121665,0,0,0,0,0.0,63.57142857142857,0.0,1.0,1.0,0.0,0.0,94.0,5.230769230769231,0.0,death,9.169863013698631
po6574,0.0,1,-4.08778375985671,69.0,1.0,25.68849430350529,0,0,0,0,0.0,130.64285714285714,0.0,0.0,0.0,0.0,0.0,96.0,2.301790281329924,,dementia,10.4
po6575,0.0,0,-1.2511686923651,80.0,0.0,29.507354620480196,0,0,0,0,1.0,70.0,1.0,1.0,1.0,0.0,0.0,91.0,1.1764705882352942,0.0,censor,3.180821917808219
po6576,0.0,0,-12.913192350205,73.0,1.0,35.82544525034169,0,0,0,0,0.0,192.42857142857144,0.0,1.0,0.0,0.0,0.0,93.0,11.626794258373206,,death,8.942465753424658
po6577,0.0,0,0.751325345256902,82.0,1.0,24.857954545454547,0,0,0,0,0.0,304.42857142857144,0.0,0.0,0.0,0.0,0.0,87.0,1.3725490196078431,,death,4.205479452054795
po6583,0.0,0,-3.4299785471658,70.0,1.0,21.831444311723946,0,0,0,0,0.0,87.14285714285714,0.0,0.0,0.0,0.0,0.0,96.0,0.6818181818181818,0.0,censor,9.556164383561644
po6584,0.0,1,-7.6140929306759,84.0,1.0,24.706247051149585,0,0,0,0,0.0,104.5,0.0,0.0,0.0,0.0,0.0,91.0,13.35483870967742,0.0,dementia,3.117808219178082
po6585,0.0,0,1.6131674554475,80.0,1.0,25.008225893033558,0,0,0,0,1.0,111.0,0.0,1.0,0.0,1.0,0.0,96.0,8.51258581235698,1.0,death,10.58904109589041
po6586,0.0,0,-0.377914607223701,75.0,1.0,23.32101190694504,0,0,0,0,0.0,144.17857142857144,0.0,0.0,0.0,0.0,0.0,95.0,2.136986301369863,0.0,death,9.065753424657535
po6587,0.0,0,-11.718839582086,93.0,1.0,18.47721588282288,0,0,0,0,0.0,63.14285714285714,0.0,0.0,0.0,0.0,0.0,91.0,17.111913357400724,,death,6.32054794520548
po6591,0.0,0,1.8678417678365,80.0,1.0,31.11658753292904,0,0,0,0,0.0,30.357142857142858,0.0,0.0,0.0,0.0,0.0,81.0,3.3014354066985647,,censor,3.147945205479452
po6597,0.0,0,-9.37606595647679,84.0,1.0,27.960874613912075,0,0,0,0,0.0,116.64285714285714,0.0,0.0,1.0,0.0,0.0,99.0,8.85608856088561,,censor,10.520547945205479
po6600,0.0,1,0.9633995614886,85.0,1.0,24.350075857657668,0,0,0,0,1.0,68.0,0.0,1.0,0.0,0.0,0.0,91.0,4.970414201183432,1.0,dementia,7.342465753424658
po6602,0.0,0,-5.0817844768724,91.0,0.0,26.859162518552235,0,0,0,0,0.0,103.85714285714286,0.0,0.0,0.0,0.0,0.0,87.0,0.5825242718446602,0.0,death,1.873972602739726
po6605,0.0,0,-5.8311703323036,80.0,1.0,29.584531674192515,0,0,0,0,1.0,85.96428571428572,0.0,1.0,1.0,0.0,0.0,95.0,11.377245508982035,0.0,death,8.257534246575343
po6609,0.0,0,3.18550338576421,74.0,1.0,26.76349858010538,0,0,0,0,0.0,162.17857142857144,1.0,1.0,0.0,1.0,0.0,99.0,3.3417721518987342,0.0,death,2.8684931506849316
po6610,0.0,0,7.091495292895,77.0,1.0,22.242334257497287,0,0,0,0,0.0,136.32142857142856,0.0,0.0,0.0,0.0,0.0,97.0,3.5795454545454546,0.0,censor,10.419178082191781
po6612,0.0,0,-10.215963348115,73.0,0.0,34.601585882552946,0,0,0,0,0.0,196.82142857142856,0.0,0.0,0.0,0.0,0.0,98.0,10.350877192982455,0.0,censor,10.446575342465753
po6613,0.0,0,2.27877955058089,72.0,1.0,30.30565987666341,0,0,0,0,1.0,176.92857142857144,0.0,0.0,0.0,0.0,0.0,95.0,12.511848341232229,0.0,censor,10.334246575342465
po6617,0.0,0,0.631262867270806,83.0,1.0,21.04272741299125,0,0,0,0,0.0,166.42857142857144,0.0,1.0,1.0,0.0,0.0,86.0,6.0,0.0,death,10.419178082191781
po6618,0.0,0,-3.6114222867031,71.0,1.0,27.884370596879656,0,0,0,0,1.0,108.14285714285714,0.0,0.0,0.0,0.0,0.0,98.0,34.23913043478261,0.0,censor,10.706849315068494
po6619,0.0,0,-2.2736079508077,69.0,0.0,23.03705235894539,0,0,0,0,0.0,239.57142857142856,0.0,0.0,0.0,0.0,0.0,94.0,9.692307692307692,0.0,censor,10.347945205479451
po6623,0.0,0,-2.7189118152921,73.0,1.0,25.34346843751297,0,0,0,0,0.0,220.89285714285717,0.0,1.0,0.0,0.0,0.0,90.0,6.4171122994652405,,death,7.758904109589041
po6630,0.0,0,-2.5084568308794,80.0,1.0,38.54687526403335,0,0,1,1,0.0,59.46428571428572,0.0,1.0,0.0,0.0,0.0,90.0,47.30061349693251,0.0,death,4.66027397260274
po6631,0.0,1,-2.03914512779819,76.0,1.0,31.64723370472073,0,0,0,0,0.0,146.67857142857144,0.0,0.0,0.0,0.0,0.0,94.0,0.743801652892562,,dementia,1.2054794520547945
po6635,0.0,0,-2.79993504251109,88.0,1.0,24.457552994496027,0,0,0,0,0.0,77.85714285714286,0.0,1.0,1.0,0.0,0.0,83.0,2.756756756756757,0.0,death,5.175342465753425
po6642,0.0,1,-3.2160268288478,71.0,0.0,21.424226505608992,0,0,0,0,0.0,116.0,1.0,0.0,0.0,0.0,1.0,99.0,10.196078431372548,0.0,dementia,3.1315068493150684
po6644,0.0,0,-10.1937959019044,88.0,1.0,24.74410139851113,0,0,0,0,1.0,69.32142857142857,0.0,0.0,0.0,0.0,1.0,87.0,8.253968253968255,,death,4.021917808219178
po6648,0.0,0,-0.221729224091803,77.0,1.0,29.173298210850085,0,0,0,0,0.0,173.5,0.0,1.0,0.0,0.0,0.0,99.0,0.9549071618037136,0.0,censor,6.895890410958904
po6651,0.0,0,-16.3590969922373,77.0,1.0,22.315651579106937,0,0,0,0,0.0,191.7142857142857,0.0,1.0,0.0,0.0,0.0,94.0,11.851851851851851,0.0,censor,10.41095890410959
po6655,0.0,1,-6.0642241184093,96.0,0.0,25.893386225865285,0,0,0,0,0.0,114.67857142857144,0.0,1.0,0.0,0.0,0.0,83.0,0.4411764705882353,0.0,dementia,1.3287671232876712
po6659,0.0,1,2.4477299914748,80.0,1.0,19.83895284724674,0,0,0,0,0.0,134.92857142857144,0.0,0.0,0.0,0.0,0.0,96.0,0.4205607476635514,0.0,dementia,1.0876712328767124
po6660,0.0,1,-10.8888853983083,82.0,1.0,26.84706851201989,0,0,0,0,0.0,123.35714285714286,0.0,0.0,1.0,0.0,0.0,95.0,28.3453237410072,0.0,dementia,10.432876712328767
po6663,0.0,1,-29.9679853627304,83.0,0.0,27.685470691601697,0,0,0,0,0.0,59.0,0.0,0.0,0.0,0.0,0.0,85.0,62.63322884012539,0.0,dementia,1.1178082191780823
po6664,0.0,0,-3.7392454805702,77.0,1.0,28.415790366527677,0,0,0,0,0.0,127.14285714285714,0.0,1.0,0.0,0.0,0.0,96.0,10.127877237851662,0.0,censor,9.972602739726028
po6666,0.0,0,-13.7700436141794,82.0,1.0,26.231197727417896,0,0,0,0,0.0,187.3571428571429,0.0,0.0,0.0,0.0,0.0,97.0,10.951156812339333,0.0,death,11.553424657534247
po6670,0.0,0,-1.2176714284047,79.0,1.0,24.73082174303789,0,0,0,0,0.0,83.42857142857142,0.0,0.0,0.0,0.0,0.0,90.0,10.125944584382871,0.0,censor,9.926027397260274
po6672,0.0,0,3.9085961491184,77.0,1.0,22.92221627550616,0,0,1,1,0.0,194.64285714285717,0.0,0.0,0.0,0.0,0.0,88.0,4.882226980728052,,death,10.342465753424657
po6674,0.0,0,-1.7003270183738,85.0,1.0,22.99962876117891,0,0,0,0,0.0,47.82142857142857,0.0,0.0,0.0,0.0,1.0,96.0,2.039660056657224,0.0,death,5.6438356164383565
po6677,0.0,0,-6.3030801459317,81.0,1.0,31.37798916633637,0,0,0,0,0.0,105.71428571428572,0.0,0.0,0.0,0.0,0.0,89.0,1.4634146341463414,0.0,censor,3.1561643835616437
po6679,0.0,0,-0.707149131045398,76.0,1.0,27.077023628204454,0,0,0,0,0.0,137.92857142857144,0.0,1.0,0.0,0.0,0.0,91.0,5.027932960893855,1.0,death,1.6575342465753424
po6680,0.0,0,-0.925104308782196,70.0,1.0,23.858182899875832,0,0,0,0,0.0,58.10714285714286,0.0,0.0,0.0,0.0,1.0,95.0,0.569620253164557,0.0,censor,2.8273972602739725
po6682,0.0,0,-7.6426435285232,71.0,1.0,26.962943400339224,0,0,0,0,0.0,173.5,0.0,0.0,0.0,0.0,0.0,96.0,5.134474327628362,,censor,10.158904109589042
po6685,0.0,0,1.3586221551013,71.0,1.0,24.75504410732273,0,0,0,0,0.0,54.035714285714285,0.0,0.0,0.0,0.0,0.0,94.0,3.774834437086093,0.0,censor,10.432876712328767
po6688,0.0,0,-8.98552985782619,79.0,1.0,27.28449029334989,0,0,0,0,0.0,166.57142857142856,1.0,1.0,0.0,0.0,0.0,95.0,15.304347826086955,0.0,censor,10.471232876712328
po6689,0.0,0,-9.98623854364899,80.0,0.0,27.96169013479347,0,0,0,0,0.0,144.21428571428572,1.0,1.0,0.0,0.0,0.0,93.0,31.764705882352946,0.0,censor,10.490410958904109
po6690,0.0,0,0.9203692984279,78.0,1.0,26.26099871913434,0,0,0,0,0.0,55.0,1.0,1.0,1.0,0.0,0.0,88.0,0.0,,death,7.432876712328767
po6692,0.0,1,-6.878259182926,86.0,1.0,27.31808797636968,0,0,0,0,0.0,82.57142857142857,0.0,0.0,0.0,0.0,0.0,87.0,8.27027027027027,0.0,dementia,7.315068493150685
po6693,0.0,0,-0.335554599749599,74.0,1.0,31.0640150965307,0,0,0,0,0.0,119.17857142857144,0.0,0.0,0.0,0.0,0.0,97.0,8.784530386740332,,censor,10.04931506849315
po6696,0.0,0,4.1089775990211,70.0,1.0,28.04235630171644,0,0,0,0,0.0,173.14285714285714,1.0,1.0,1.0,0.0,0.0,97.0,2.5775656324582337,0.0,death,5.0
po6698,0.0,0,-3.6279823180721,70.0,1.0,24.14583438164106,0,0,0,0,0.0,133.71428571428572,0.0,0.0,0.0,0.0,0.0,97.0,3.6272040302267,,censor,10.465753424657533
po6699,0.0,1,5.9248364630138,77.0,1.0,23.537253236839952,0,0,0,0,0.0,209.82142857142856,0.0,0.0,0.0,0.0,0.0,98.0,0.1496259351620947,0.0,dementia,10.479452054794521
po6702,0.0,0,4.32966955490529,82.0,0.0,25.02640715637868,0,0,0,0,0.0,27.142857142857142,0.0,0.0,0.0,0.0,0.0,86.0,0.2764976958525346,0.0,death,2.4986301369863013
po6703,0.0,0,1.4729036623412,78.0,1.0,29.14530117929129,0,0,0,0,0.0,45.64285714285714,0.0,0.0,1.0,0.0,0.0,96.0,1.0746268656716418,,censor,3.1095890410958904
po6705,0.0,1,-8.0262682009615,78.0,1.0,26.19768314623131,0,0,0,0,0.0,213.17857142857144,0.0,1.0,0.0,0.0,0.0,93.0,1.8911174785100289,0.0,dementia,5.575342465753424
po6706,0.0,0,1.97120181151929,70.0,1.0,23.949616900627763,0,0,0,0,0.0,151.17857142857144,0.0,0.0,1.0,0.0,0.0,98.0,3.605769230769231,0.0,death,3.265753424657534
po6710,0.0,0,0.946743869961793,75.0,1.0,27.03352133941563,0,0,0,0,0.0,200.17857142857144,0.0,0.0,0.0,0.0,0.0,90.0,8.746803069053708,0.0,censor,10.397260273972602
po6714,0.0,0,3.7426559137609,72.0,1.0,23.449544985786595,0,0,0,0,0.0,72.25,0.0,0.0,0.0,0.0,0.0,90.0,1.458966565349544,1.0,censor,10.438356164383562
po6715,0.0,0,-8.1300835711006,85.0,1.0,27.242016125399758,0,0,0,0,0.0,293.17857142857144,0.0,0.0,0.0,0.0,0.0,96.0,13.17507418397626,0.0,censor,10.783561643835617
po6717,0.0,0,-8.62145882529271,74.0,1.0,27.09166464733425,0,0,0,0,0.0,211.75,1.0,1.0,0.0,1.0,0.0,94.0,3.267326732673267,,censor,10.578082191780823
po6721,0.0,0,-5.62270217320319,70.0,1.0,24.625921521997626,0,0,0,0,0.0,151.0,0.0,0.0,0.0,0.0,0.0,96.0,1.8886198547215496,0.0,censor,10.558904109589042
po6727,0.0,0,-5.90088593145831,87.0,1.0,25.30415025327115,0,0,0,0,0.0,156.35714285714286,0.0,0.0,0.0,0.0,0.0,93.0,1.391304347826087,0.0,censor,10.58904109589041
po6729,0.0,0,-6.0306154655732,69.0,1.0,27.580163190046235,0,0,0,0,0.0,121.57142857142856,0.0,0.0,0.0,0.0,0.0,96.0,17.31225296442688,0.0,censor,10.558904109589042
po6730,0.0,0,12.1036731953764,80.0,1.0,25.448335706657176,0,0,0,0,0.0,176.0,1.0,1.0,0.0,0.0,0.0,98.0,1.162227602905569,0.0,death,8.893150684931507
po6732,0.0,0,-1.5968510309031,77.0,1.0,19.91142076161717,0,0,0,0,0.0,157.42857142857144,0.0,1.0,0.0,0.0,0.0,97.0,9.75609756097561,,death,6.183561643835616
po6733,0.0,0,-4.9980738132198,81.0,1.0,24.875365386904257,0,0,0,0,0.0,25.714285714285715,0.0,1.0,0.0,1.0,0.0,97.0,18.79003558718861,0.0,censor,10.53972602739726
po6736,0.0,0,-6.7355652862168,75.0,1.0,27.72889453539241,0,0,0,0,0.0,109.96428571428572,0.0,0.0,0.0,0.0,0.0,97.0,9.49290060851927,,censor,10.509589041095891
po6742,0.0,0,3.060234622358,76.0,1.0,26.350089794601885,0,0,0,0,1.0,114.57142857142856,0.0,1.0,0.0,0.0,1.0,95.0,2.9702970297029703,0.0,censor,10.498630136986302
po6743,0.0,1,3.1214715307904,79.0,1.0,26.026707842668717,0,0,0,0,0.0,202.8571428571429,0.0,0.0,0.0,0.0,0.0,81.0,11.090909090909092,,dementia,3.16986301369863
po6747,0.0,1,-7.0483384858303,77.0,1.0,27.93403804063403,0,0,0,0,0.0,85.35714285714286,1.0,0.0,0.0,0.0,0.0,86.0,8.952380952380953,,dementia,11.142465753424657
po6748,0.0,1,-8.74478951247811,85.0,1.0,24.749217074628824,0,0,0,0,0.0,62.21428571428572,0.0,1.0,1.0,0.0,0.0,98.0,7.070063694267516,1.0,dementia,3.241095890410959
po6750,0.0,1,6.69006806968881,77.0,1.0,25.5325916369338,0,0,0,0,0.0,165.53571428571428,0.0,0.0,0.0,0.0,1.0,89.0,2.142857142857143,,dementia,3.243835616438356
po6751,0.0,0,4.02581484402801,70.0,1.0,25.53835480271657,0,0,0,0,0.0,170.71428571428572,0.0,0.0,0.0,0.0,0.0,99.0,1.466992665036675,0.0,censor,10.487671232876712
po6753,0.0,0,2.44608502202679,69.0,1.0,23.342521296699136,0,0,0,0,0.0,217.07142857142856,0.0,1.0,0.0,0.0,0.0,97.0,6.434316353887399,,censor,10.476712328767123
po6756,0.0,1,3.2718083386837,76.0,0.0,27.781630160532316,0,0,0,0,1.0,123.57142857142856,0.0,0.0,0.0,0.0,0.0,94.0,2.7009646302250805,0.0,dementia,1.2465753424657535
po6760,0.0,1,-7.2959064597501,72.0,1.0,25.920559212205877,0,0,0,0,0.0,214.0,0.0,1.0,0.0,0.0,0.0,98.0,0.3883495145631068,,dementia,3.210958904109589
po6761,0.0,0,-11.4182998927221,83.0,1.0,28.813720510957918,0,0,0,0,0.0,131.32142857142856,0.0,0.0,0.0,0.0,1.0,88.0,0.1875,0.0,censor,3.213698630136986
po6763,0.0,0,-4.57432258245601,69.0,1.0,20.339939935220468,0,0,0,0,0.0,143.21428571428572,0.0,0.0,0.0,0.0,0.0,100.0,0.8571428571428571,,censor,10.67945205479452
po6770,0.0,0,2.36363189743069,74.0,1.0,34.42576862608089,0,0,0,0,0.0,77.89285714285714,0.0,0.0,0.0,0.0,0.0,100.0,17.529691211401424,,censor,10.597260273972603
po6774,0.0,0,1.554035151405,80.0,1.0,26.69476364601097,0,0,0,0,0.0,190.75,0.0,0.0,0.0,0.0,0.0,97.0,12.456140350877194,0.0,censor,10.594520547945205
po6779,0.0,0,3.87421018840379,78.0,1.0,25.241780002820203,0,0,0,0,0.0,238.8571428571429,0.0,1.0,1.0,0.0,0.0,95.0,1.5903614457831323,0.0,censor,10.663013698630136
po6781,0.0,1,1.43233057865299,82.0,1.0,24.151798663723383,0,0,0,0,0.0,174.21428571428572,0.0,0.0,0.0,0.0,0.0,95.0,0.5555555555555556,1.0,dementia,10.753424657534246
po6782,0.0,0,1.5863880696327,69.0,1.0,31.35325628766972,0,0,0,0,0.0,121.42857142857144,0.0,0.0,0.0,0.0,0.0,97.0,25.41176470588235,0.0,censor,11.161643835616438
po6783,0.0,0,-4.01552866178901,78.0,1.0,26.004331774213963,0,0,0,0,0.0,255.6428571428572,0.0,0.0,0.0,0.0,0.0,93.0,30.32608695652174,1.0,censor,10.627397260273973
po6786,0.0,1,1.1674374412661,88.0,1.0,24.681654428812383,0,0,0,0,1.0,90.0,0.0,0.0,0.0,0.0,0.0,84.0,38.775510204081634,,dementia,3.1041095890410957
po6790,0.0,1,6.2418488639313,71.0,1.0,21.97595033866125,0,0,0,0,0.0,166.71428571428572,0.0,1.0,0.0,0.0,0.0,97.0,14.15549597855228,1.0,dementia,4.046575342465753
po6791,0.0,0,-2.6323262814018,75.0,1.0,26.47284108432757,0,0,0,0,0.0,156.92857142857144,0.0,1.0,0.0,0.0,0.0,97.0,1.065989847715736,,death,5.764383561643836
po6796,0.0,0,-0.6479900363898,71.0,1.0,25.74682097654721,0,0,0,0,1.0,228.42857142857144,0.0,0.0,0.0,0.0,0.0,97.0,4.1895261845386536,0.0,censor,9.852054794520548
po6798,0.0,0,-6.3134407169372,70.0,1.0,24.849076575425972,0,0,0,0,0.0,291.7142857142857,0.0,0.0,0.0,0.0,0.0,94.0,15.789473684210526,0.0,censor,10.01095890410959
po6804,0.0,1,-3.06699741636891,76.0,1.0,22.87520355504609,0,0,1,1,0.0,150.57142857142856,0.0,0.0,0.0,0.0,0.0,91.0,3.1746031746031744,,dementia,3.2246575342465755
po6810,0.0,1,2.3887678521132,69.0,1.0,28.45665619987601,0,0,0,0,1.0,136.14285714285714,0.0,0.0,0.0,0.0,0.0,94.0,12.8,0.0,dementia,1.073972602739726
po6817,1.0,0,-3.54463529995731,83.0,1.0,23.77183870854541,0,0,0,0,0.0,111.0,0.0,1.0,1.0,0.0,0.0,76.0,6.0638297872340425,1.0,dementia,0.0
po6821,0.0,0,-6.1061466201067,88.0,1.0,25.081181639246235,0,0,0,0,0.0,144.96428571428572,0.0,1.0,0.0,0.0,0.0,94.0,0.7537688442211056,0.0,death,4.4520547945205475
po6823,0.0,0,-0.5533975380351,69.0,1.0,23.620559334845048,0,0,0,0,0.0,276.2142857142857,0.0,0.0,1.0,0.0,0.0,100.0,10.285714285714286,0.0,censor,10.608219178082193
po6825,0.0,0,0.756095587640701,79.0,1.0,25.29106779822205,0,0,0,0,0.0,128.57142857142856,0.0,1.0,0.0,0.0,0.0,96.0,5.882352941176471,0.0,censor,10.657534246575343
po6826,0.0,0,-3.84551521020281,75.0,1.0,24.878804038473195,0,0,0,0,0.0,75.60714285714286,0.0,0.0,0.0,0.0,0.0,94.0,23.55555555555556,0.0,censor,10.810958904109588
po6827,0.0,0,-1.60518387480531,83.0,1.0,24.008309224612947,0,0,0,0,1.0,158.5,0.0,1.0,0.0,0.0,0.0,100.0,1.8282548476454292,0.0,death,4.947945205479452
po6828,0.0,0,7.0607424603905,69.0,1.0,23.879211521879604,0,0,0,0,1.0,232.28571428571428,0.0,1.0,0.0,0.0,0.0,98.0,2.312925170068027,,censor,10.605479452054794
po6835,0.0,1,6.2172051212608,70.0,1.0,29.3872606524331,0,0,0,0,1.0,166.96428571428572,0.0,0.0,0.0,0.0,0.0,98.0,3.711340206185567,0.0,dementia,2.882191780821918
po6836,0.0,0,-0.787043712194105,73.0,1.0,28.05891480826559,0,0,0,0,1.0,279.57142857142856,0.0,0.0,0.0,0.0,0.0,89.0,0.3007518796992481,0.0,censor,10.150684931506849
po6837,0.0,1,-2.257153282397,82.0,1.0,27.741885413418768,0,0,0,0,0.0,117.42857142857144,0.0,1.0,0.0,0.0,0.0,95.0,6.58307210031348,0.0,dementia,1.1945205479452055
po6839,0.0,1,-12.8533117143706,84.0,1.0,24.04517002560192,0,0,0,0,0.0,106.17857142857144,0.0,1.0,0.0,0.0,0.0,98.0,16.946564885496183,0.0,dementia,1.2082191780821918
po6842,0.0,0,0.295123707627397,68.0,1.0,24.961263051939955,0,0,0,0,0.0,170.5,1.0,1.0,0.0,1.0,0.0,98.0,5.815602836879433,1.0,censor,10.756164383561643
po6844,0.0,0,-8.462542522746,68.0,1.0,25.15675725948497,0,0,0,0,0.0,239.57142857142856,0.0,0.0,0.0,0.0,0.0,99.0,6.73469387755102,0.0,censor,10.682191780821919
po6845,0.0,0,-8.8143132096012,79.0,0.0,25.70467367113503,0,0,0,0,1.0,186.0,0.0,0.0,0.0,0.0,0.0,94.0,17.482517482517483,0.0,censor,10.761643835616438
po6846,0.0,0,-1.97848526763219,73.0,1.0,28.16899400173117,0,0,0,0,0.0,214.92857142857144,0.0,1.0,0.0,0.0,0.0,88.0,18.235294117647054,0.0,censor,10.912328767123288
po6856,0.0,0,-0.9958607449326,71.0,1.0,27.073084854886574,0,0,0,0,0.0,251.5,0.0,1.0,1.0,0.0,0.0,94.0,5.498652291105121,0.0,censor,6.394520547945206
po6857,0.0,0,-8.5254161464385,70.0,1.0,27.16826053795156,0,0,0,0,1.0,102.42857142857144,0.0,0.0,0.0,0.0,0.0,100.0,11.506849315068491,0.0,censor,10.717808219178082
po6862,0.0,0,-2.4886614009402,80.0,1.0,24.139945590702816,0,0,0,0,0.0,163.42857142857144,0.0,0.0,0.0,0.0,0.0,99.0,5.027027027027027,,censor,10.715068493150685
po6864,0.0,0,-9.053281637632,69.0,1.0,28.072751951200047,0,0,0,0,0.0,184.9642857142857,0.0,0.0,0.0,0.0,0.0,100.0,17.017114914425427,0.0,censor,10.26849315068493
po6865,0.0,0,1.92266342606,82.0,1.0,34.390518474875854,0,0,0,0,0.0,0.0,0.0,0.0,0.0,0.0,1.0,82.0,3.875968992248062,0.0,death,3.2958904109589042
po6866,0.0,0,-1.1667282723009,69.0,1.0,32.758469570325964,0,0,0,0,0.0,205.64285714285717,0.0,0.0,0.0,0.0,0.0,97.0,5.200845665961945,0.0,censor,11.419178082191781
po6868,0.0,0,-5.54463979738711,75.0,1.0,24.72736513966488,0,0,0,0,0.0,33.57142857142857,1.0,0.0,1.0,0.0,0.0,98.0,5.689655172413793,0.0,censor,10.717808219178082
po6869,0.0,0,-8.2640237502675,81.0,0.0,24.450189919882533,0,0,0,0,0.0,50.71428571428572,0.0,0.0,1.0,0.0,0.0,90.0,4.831168831168832,0.0,death,7.772602739726027
po6870,0.0,0,6.7743904885584,69.0,1.0,22.86270029450641,0,0,0,0,0.0,195.8571428571429,0.0,0.0,0.0,0.0,0.0,100.0,3.719676549865229,,censor,10.712328767123287
po6871,0.0,0,-3.4729795160076,77.0,1.0,30.63128128745987,0,0,0,0,0.0,204.57142857142856,0.0,1.0,0.0,0.0,0.0,99.0,1.5254237288135593,,censor,10.742465753424657
po6879,0.0,1,-3.31639342040719,81.0,1.0,28.67076638399667,0,0,0,0,0.0,113.96428571428572,0.0,0.0,0.0,0.0,0.0,95.0,4.324324324324325,0.0,dementia,3.4493150684931506
po6885,0.0,1,-10.9987569923881,83.0,1.0,23.51939684390361,0,0,0,0,0.0,153.57142857142856,0.0,0.0,1.0,0.0,0.0,88.0,0.7211538461538461,0.0,dementia,7.1726027397260275
po6888,0.0,0,-2.1091384958594,83.0,0.0,27.266541821406683,0,0,0,0,0.0,128.35714285714286,0.0,1.0,0.0,0.0,0.0,93.0,19.19117647058824,0.0,death,6.961643835616439
po6891,0.0,1,-2.7599735946567,81.0,0.0,21.191181679154823,0,0,0,0,1.0,81.0,0.0,1.0,1.0,0.0,1.0,96.0,0.449438202247191,0.0,dementia,1.2246575342465753
po6894,0.0,0,-8.02308596436249,79.0,1.0,23.27235092031036,0,0,0,0,0.0,179.14285714285717,1.0,0.0,0.0,0.0,0.0,99.0,5.88785046728972,0.0,censor,10.961643835616439
po6900,1.0,0,3.39103917519481,80.0,0.0,30.9587665169906,0,0,0,0,1.0,88.57142857142857,0.0,0.0,0.0,0.0,1.0,91.0,1.0112359550561798,1.0,dementia,0.0
po6901,0.0,0,-7.5277103664194,85.0,1.0,28.406699772746407,0,0,0,0,0.0,118.14285714285714,0.0,0.0,0.0,0.0,0.0,96.0,1.327433628318584,,censor,6.501369863013698
po6908,0.0,0,-3.66845495788461,75.0,1.0,24.979574153295243,0,0,0,0,0.0,173.60714285714286,0.0,0.0,0.0,0.0,0.0,100.0,0.6015037593984962,,censor,10.728767123287671
po6910,0.0,0,-3.5153514380933,75.0,0.0,27.276334060702244,0,0,0,0,0.0,261.0,0.0,0.0,0.0,0.0,0.0,87.0,0.989010989010989,,death,8.101369863013698
po6912,0.0,0,1.6351131049264,79.0,1.0,25.73188013648929,0,0,0,0,0.0,147.78571428571428,0.0,0.0,1.0,0.0,0.0,100.0,3.812154696132597,,censor,10.821917808219178
po6913,0.0,0,-7.897729344494,79.0,1.0,27.91430652094206,0,0,0,0,0.0,153.14285714285714,0.0,1.0,0.0,0.0,0.0,96.0,2.0121951219512195,0.0,censor,10.246575342465754
po6914,0.0,0,-16.4065932394178,79.0,1.0,36.95345713895511,0,0,0,0,0.0,30.0,0.0,1.0,0.0,0.0,0.0,93.0,4.7368421052631575,1.0,death,4.260273972602739
po6915,0.0,0,-2.06001113673931,71.0,1.0,28.05555555555556,0,0,0,0,0.0,145.75,0.0,0.0,0.0,0.0,0.0,98.0,0.4918032786885246,0.0,censor,9.942465753424658
po6919,0.0,0,-0.938837598716106,84.0,1.0,32.02574201822887,0,0,0,0,0.0,154.96428571428572,0.0,0.0,1.0,0.0,0.0,98.0,21.085714285714285,0.0,death,4.682191780821918
po6920,0.0,0,-2.6800413096546,79.0,1.0,29.93254691021125,0,0,0,0,0.0,259.5,0.0,0.0,0.0,0.0,0.0,86.0,11.878172588832488,0.0,censor,10.96986301369863
po6923,0.0,0,-2.64158456401491,78.0,1.0,20.484045429962144,0,0,0,0,0.0,103.07142857142856,0.0,0.0,0.0,0.0,0.0,93.0,0.1534526854219949,0.0,censor,11.520547945205479
po6926,0.0,0,-4.7628564913794,80.0,0.0,22.83566049268107,0,0,0,0,0.0,176.0,0.0,0.0,0.0,0.0,1.0,91.0,1.6770186335403727,0.0,censor,10.876712328767123
po6928,0.0,0,4.47434327019261,76.0,1.0,25.868511674065143,0,0,0,0,1.0,119.07142857142856,0.0,0.0,0.0,0.0,1.0,95.0,9.217391304347826,,censor,6.553424657534246
po6929,0.0,0,-9.3539378191642,81.0,1.0,27.51432244883324,0,0,0,0,0.0,240.53571428571428,0.0,0.0,0.0,0.0,0.0,94.0,7.289719626168225,,death,9.386301369863014
po6932,0.0,0,-3.0980240237582,68.0,1.0,25.881445267139817,0,1,0,1,0.0,238.89285714285717,0.0,1.0,0.0,0.0,0.0,99.0,37.05426356589148,0.0,censor,11.10958904109589
po6933,0.0,0,-3.2455770285553,77.0,1.0,24.02641851974941,0,0,0,0,0.0,241.0,0.0,1.0,0.0,0.0,0.0,92.0,12.934131736526949,1.0,death,11.616438356164384
po6936,0.0,0,1.15135678364381,78.0,1.0,23.589582414728977,0,0,0,0,1.0,191.89285714285717,0.0,0.0,0.0,0.0,0.0,97.0,26.666666666666668,0.0,death,10.405479452054795
po6937,0.0,1,-11.6154281746055,82.0,1.0,24.16834777105336,0,1,0,1,0.0,86.0,0.0,1.0,0.0,0.0,0.0,89.0,7.085427135678392,1.0,dementia,1.3013698630136987
po6940,0.0,1,2.58360219042081,75.0,1.0,23.28280130413159,0,0,0,0,0.0,93.57142857142858,0.0,0.0,0.0,0.0,0.0,97.0,16.009615384615383,1.0,dementia,1.2602739726027397
po6943,0.0,0,5.6627403310206,70.0,1.0,30.90881289248578,0,0,0,0,0.0,121.0,0.0,0.0,0.0,0.0,0.0,98.0,3.073170731707317,1.0,censor,10.03013698630137
po6947,0.0,0,-15.9949696210153,94.0,1.0,25.089415618372737,0,0,0,0,1.0,120.35714285714286,0.0,0.0,0.0,0.0,0.0,95.0,3.3057851239669422,1.0,death,4.126027397260274
po6951,0.0,0,-1.3711428849888,79.0,1.0,26.893027160501443,0,0,0,0,1.0,214.39285714285717,0.0,0.0,0.0,0.0,1.0,85.0,16.486486486486488,,censor,3.287671232876712
po6955,0.0,0,-2.52010760469069,71.0,1.0,27.61488802235834,0,0,0,0,1.0,149.14285714285714,0.0,1.0,0.0,0.0,0.0,97.0,31.103678929765888,0.0,censor,2.841095890410959
po6956,0.0,0,-9.1741229407953,78.0,1.0,27.25745121766902,0,0,0,0,0.0,131.71428571428572,1.0,1.0,0.0,0.0,0.0,90.0,9.46236559139785,0.0,death,5.693150684931507
po6958,0.0,0,-2.73518592533679,89.0,1.0,21.918675405416625,0,0,0,0,1.0,146.0,0.0,0.0,0.0,0.0,0.0,89.0,13.10580204778157,0.0,death,2.8109589041095893
po6961,0.0,0,0.642867975117099,73.0,1.0,25.907221842206024,0,0,0,0,0.0,111.71428571428572,0.0,1.0,1.0,0.0,0.0,95.0,6.837606837606837,0.0,censor,10.805479452054794
po6962,1.0,0,-5.6669117949706,79.0,0.0,30.313821971839303,0,0,0,0,0.0,83.96428571428572,0.0,1.0,0.0,0.0,0.0,79.0,43.0622009569378,1.0,dementia,0.0
po6964,0.0,1,1.7444524080576,79.0,0.0,35.87976923108197,0,0,0,0,0.0,130.14285714285714,0.0,1.0,0.0,0.0,0.0,89.0,58.35616438356164,1.0,dementia,6.186301369863013
po6966,0.0,0,5.80562947844891,69.0,1.0,25.783210754554734,0,0,0,0,0.0,182.5,0.0,0.0,0.0,0.0,0.0,97.0,2.149253731343284,0.0,censor,10.832876712328767
po6970,0.0,0,4.49226649439321,74.0,1.0,24.375019506257605,0,0,0,0,0.0,77.71428571428572,0.0,1.0,0.0,0.0,0.0,97.0,6.153846153846154,1.0,death,11.67945205479452
po6972,1.0,0,-5.11214171376351,87.0,0.0,26.78354346280013,0,0,0,0,0.0,156.85714285714286,0.0,0.0,1.0,0.0,0.0,73.0,3.3165829145728645,0.0,death,3.5205479452054793
po6973,0.0,0,-14.3315333765976,73.0,1.0,28.117449015180345,0,0,0,0,0.0,109.67857142857144,0.0,0.0,0.0,0.0,0.0,98.0,0.2823529411764706,0.0,censor,10.89041095890411
po6976,0.0,0,-12.1531054404758,85.0,1.0,33.465844178711336,0,0,0,0,1.0,73.85714285714286,1.0,1.0,1.0,0.0,0.0,93.0,24.983606557377048,0.0,death,10.095890410958905
po6982,0.0,0,-1.38918770312741,79.0,1.0,30.62259215219976,0,0,0,0,0.0,130.0,0.0,0.0,0.0,0.0,0.0,88.0,0.0,0.0,censor,3.3945205479452056
po6987,0.0,0,-16.8101201185427,75.0,0.0,37.99898190568745,0,0,0,0,0.0,134.25,0.0,1.0,0.0,0.0,0.0,92.0,75.78947368421052,0.0,censor,10.882191780821918
po6988,0.0,0,-6.6551760257578,69.0,1.0,28.84609547782416,0,0,0,0,0.0,238.0,0.0,1.0,0.0,0.0,0.0,99.0,16.285714285714285,,censor,10.915068493150685
po6994,0.0,0,2.30762848302579,83.0,1.0,27.800388537963222,0,0,0,0,0.0,213.17857142857144,0.0,0.0,0.0,0.0,0.0,98.0,0.1685393258426966,0.0,censor,10.780821917808218
po6996,0.0,0,-2.47513421604449,70.0,1.0,24.75449226457684,0,0,0,0,0.0,128.78571428571428,0.0,0.0,0.0,0.0,0.0,98.0,13.076923076923077,1.0,censor,10.956164383561644
po6998,0.0,0,-0.930989836324301,69.0,0.0,24.988639376330376,0,0,0,0,0.0,187.28571428571428,0.0,1.0,1.0,0.0,0.0,94.0,5.960264900662252,1.0,censor,10.901369863013699
po7004,0.0,0,-2.44158818226281,79.0,1.0,24.393010580942292,0,0,0,0,0.0,203.0,1.0,1.0,0.0,0.0,0.0,90.0,10.85427135678392,1.0,death,6.980821917808219
po7005,0.0,1,-7.7521611615805,81.0,1.0,26.506615609479194,0,1,0,1,0.0,87.75,0.0,1.0,0.0,0.0,0.0,89.0,12.640949554896142,0.0,dementia,1.4027397260273973
po7010,0.0,0,-0.494387880485405,69.0,1.0,27.31000510666638,0,0,0,0,0.0,186.0,0.0,0.0,0.0,0.0,0.0,99.0,4.696969696969697,0.0,censor,10.876712328767123
po7013,0.0,0,-6.15084097975431,82.0,1.0,28.449943068266915,0,0,0,0,0.0,50.92857142857143,0.0,1.0,1.0,0.0,0.0,90.0,21.899109792284868,0.0,censor,7.284931506849315
po7019,0.0,1,-0.124683136199096,81.0,1.0,22.9407780171579,0,0,0,0,0.0,190.7142857142857,0.0,1.0,0.0,0.0,0.0,92.0,3.670212765957447,0.0,dementia,3.495890410958904
po7020,0.0,1,0.574104215662999,70.0,1.0,27.058657436556047,0,0,0,0,0.0,137.71428571428572,0.0,1.0,0.0,0.0,0.0,97.0,19.53488372093023,,dementia,10.624657534246575
po7021,0.0,1,-2.207179372607,79.0,1.0,28.04956684619477,0,0,0,0,1.0,19.28571428571429,0.0,1.0,0.0,0.0,1.0,80.0,5.391705069124424,1.0,dementia,3.6465753424657534
po7023,0.0,0,3.1294688847574,79.0,1.0,29.06972804557916,0,0,0,0,0.0,187.42857142857144,0.0,1.0,0.0,0.0,0.0,81.0,42.06703910614525,1.0,censor,10.761643835616438
po7027,0.0,0,-5.6502220350154,73.0,1.0,28.167103194925463,0,0,0,0,0.0,262.67857142857144,0.0,1.0,0.0,0.0,0.0,97.0,0.0,0.0,censor,10.824657534246576
po7028,0.0,0,2.5227241144264,81.0,1.0,25.67272666497755,0,0,0,0,0.0,136.71428571428572,0.0,0.0,0.0,0.0,0.0,97.0,10.21978021978022,0.0,death,10.673972602739726
po7029,0.0,0,-7.08697622125079,77.0,1.0,22.536220617633717,0,0,0,0,0.0,157.5,0.0,1.0,0.0,1.0,0.0,100.0,2.0,0.0,censor,10.835616438356164
po7031,0.0,0,-8.2933059747597,80.0,1.0,27.92724252299712,0,0,0,0,0.0,121.0,0.0,1.0,1.0,0.0,0.0,97.0,21.15,0.0,censor,3.3972602739726026
po7033,0.0,1,4.88615350415959,79.0,1.0,24.458849893467686,0,0,0,0,1.0,180.42857142857144,0.0,1.0,0.0,0.0,0.0,96.0,8.861985472154963,0.0,dementia,0.9260273972602739
po7035,0.0,0,-4.1505970607101,81.0,0.0,22.898205850730456,0,0,0,0,0.0,154.0,1.0,0.0,0.0,0.0,0.0,93.0,15.645569620253164,0.0,censor,10.923287671232877
po7036,0.0,0,-3.33359242902451,69.0,1.0,23.44678895834436,0,0,0,0,0.0,289.2857142857143,0.0,0.0,0.0,0.0,0.0,95.0,5.591939546599496,0.0,censor,10.917808219178083
po7042,1.0,0,-7.486754517202,81.0,0.0,22.25275704756592,0,0,0,0,0.0,27.142857142857142,0.0,1.0,0.0,0.0,0.0,73.0,15.0,1.0,dementia,0.0
po7044,0.0,0,-6.6591000610958,80.0,0.0,25.25411506146837,0,0,0,0,0.0,156.35714285714286,0.0,0.0,0.0,1.0,0.0,94.0,18.053097345132745,0.0,death,3.0383561643835617
po7047,0.0,0,1.24265181939251,82.0,1.0,25.378759197400075,0,0,0,0,0.0,51.42857142857143,0.0,0.0,0.0,0.0,0.0,92.0,2.061855670103093,1.0,death,4.101369863013699
po7048,0.0,0,-3.6964188943217,69.0,1.0,34.970910675299216,0,0,0,0,0.0,158.5,1.0,1.0,1.0,0.0,0.0,90.0,24.4390243902439,0.0,death,5.942465753424657
po7050,0.0,0,1.2226305251322,82.0,0.0,31.629195985329545,0,0,0,0,0.0,192.0,0.0,0.0,0.0,0.0,0.0,93.0,5.699208443271768,2.0,death,6.778082191780822
po7052,0.0,0,1.86365906571091,75.0,1.0,20.873212269303004,0,0,0,0,0.0,208.8571428571429,0.0,0.0,0.0,0.0,0.0,96.0,4.648910411622276,1.0,censor,10.67945205479452
po7057,0.0,0,-1.90618459888459,73.0,1.0,22.14698917490472,0,0,0,0,0.0,248.03571428571428,0.0,0.0,0.0,0.0,0.0,99.0,4.375,0.0,censor,10.868493150684932
po7058,0.0,1,-4.2662858197274,71.0,1.0,35.679649099605456,0,0,0,0,0.0,303.1428571428571,1.0,1.0,0.0,0.0,0.0,87.0,17.01492537313433,0.0,dementia,1.3315068493150686
po7065,0.0,0,-3.1231776031501,80.0,1.0,26.657937623607094,0,0,0,0,1.0,171.39285714285714,0.0,0.0,0.0,0.0,0.0,96.0,6.910112359550562,0.0,censor,10.816438356164383
po7069,0.0,0,1.6441808669922,81.0,1.0,28.58041505694125,0,0,0,0,1.0,171.0,1.0,1.0,0.0,0.0,0.0,93.0,2.727272727272727,0.0,death,3.654794520547945
po7074,0.0,0,-7.3342636261028,85.0,1.0,34.12421430439448,0,0,0,0,0.0,32.142857142857146,1.0,1.0,1.0,0.0,0.0,89.0,34.36619718309859,,death,2.1561643835616437
po7075,0.0,0,-1.7356546053073,72.0,1.0,26.032768189603612,0,0,0,0,0.0,50.60714285714286,1.0,0.0,0.0,0.0,0.0,91.0,4.578313253012048,0.0,censor,3.010958904109589
po7078,0.0,0,-3.0654498497756,80.0,1.0,26.923650536495757,0,0,0,0,0.0,85.42857142857143,0.0,0.0,0.0,0.0,0.0,95.0,7.111111111111111,0.0,death,10.723287671232876
po7080,0.0,0,1.6116927533815,74.0,0.0,29.458439927741228,0,0,0,0,0.0,278.1428571428571,0.0,0.0,0.0,0.0,0.0,87.0,5.176991150442478,0.0,censor,10.904109589041095
po7083,0.0,0,-3.0132964476126,70.0,1.0,30.2242435109568,0,0,0,0,0.0,120.75,1.0,1.0,0.0,0.0,0.0,94.0,2.6984126984126986,0.0,censor,10.964383561643835
po7085,0.0,1,-3.6414996837036,84.0,1.0,23.87769679030236,0,0,0,0,0.0,91.07142857142856,0.0,0.0,0.0,0.0,0.0,86.0,5.433962264150943,0.0,dementia,3.378082191780822
po7088,0.0,0,-0.249755288002703,76.0,1.0,26.969118326667843,0,0,0,0,0.0,131.71428571428572,0.0,1.0,0.0,0.0,0.0,97.0,22.76923076923077,0.0,censor,11.084931506849315
po7093,0.0,0,-4.39142821588,81.0,1.0,20.74226416377746,0,0,0,0,0.0,165.71428571428572,0.0,0.0,0.0,0.0,1.0,98.0,4.479638009049774,0.0,censor,11.024657534246575
po7096,0.0,0,-1.8300996568663,73.0,1.0,22.55181750670649,0,1,0,1,1.0,148.14285714285714,0.0,1.0,0.0,0.0,0.0,85.0,21.942857142857143,0.0,censor,11.257534246575343
po7100,0.0,1,2.48123432426689,75.0,1.0,27.877306655771417,0,0,0,0,0.0,268.82142857142856,0.0,0.0,0.0,0.0,0.0,98.0,3.2967032967032965,0.0,dementia,1.4027397260273973
po7105,0.0,0,-0.339181147360406,72.0,1.0,28.47019316613911,0,0,0,0,0.0,92.07142857142856,0.0,1.0,0.0,0.0,0.0,96.0,22.55754475703325,0.0,censor,10.454794520547946
po7106,0.0,0,0.516232260791696,78.0,1.0,22.767378486152705,0,0,0,0,1.0,171.46428571428572,0.0,0.0,1.0,0.0,0.0,93.0,14.117647058823527,0.0,death,10.394520547945206
po7109,0.0,0,0.119341477165804,70.0,1.0,25.547768804588173,1,0,0,1,0.0,86.0,0.0,1.0,0.0,0.0,0.0,89.0,4.022346368715084,,death,9.61917808219178
po7112,0.0,0,-3.83143999535631,70.0,1.0,27.447465116499384,1,0,0,1,0.0,352.0,0.0,0.0,0.0,0.0,0.0,97.0,5.419354838709677,,censor,10.887671232876713
po7114,0.0,0,-1.787982418401,74.0,1.0,21.907746929386477,0,0,0,0,0.0,61.0,0.0,0.0,1.0,0.0,0.0,98.0,0.8421052631578947,0.0,death,4.13972602739726
po7120,0.0,1,-2.8379373125815,71.0,0.0,23.20687772770959,1,0,0,1,1.0,189.14285714285717,1.0,0.0,0.0,0.0,0.0,82.0,15.483870967741936,0.0,dementia,1.3534246575342466
po7123,0.0,1,5.69444084249319,77.0,0.0,24.37169398772757,0,0,0,0,1.0,114.57142857142856,0.0,1.0,0.0,0.0,0.0,92.0,9.34131736526946,0.0,dementia,10.4
po7128,0.0,1,-9.9564060500489,78.0,0.0,23.60262121590629,1,0,0,1,0.0,104.21428571428572,0.0,1.0,0.0,0.0,1.0,80.0,3.658536585365854,,dementia,1.1945205479452055
po7129,0.0,0,-7.0811048455124,73.0,0.0,28.965536030904214,1,0,0,1,0.0,229.0,0.0,1.0,0.0,0.0,0.0,83.0,5.484764542936288,0.0,censor,10.282191780821918
po7132,0.0,0,-8.5990867938932,69.0,1.0,36.614745824142304,0,0,0,0,0.0,212.5,0.0,1.0,0.0,0.0,0.0,96.0,5.573770491803279,0.0,censor,10.947945205479453
po7134,0.0,0,5.2139508258805,80.0,0.0,23.623151505414263,1,0,0,1,0.0,95.85714285714286,1.0,1.0,0.0,0.0,0.0,88.0,9.105691056910567,0.0,censor,10.926027397260274
po7138,0.0,0,-2.7524002256698,70.0,1.0,31.71172080036675,0,0,0,0,0.0,121.96428571428572,0.0,0.0,0.0,0.0,0.0,93.0,3.36,1.0,censor,10.789041095890411
po7140,0.0,0,-4.5714391414427,70.0,1.0,28.688849600455296,0,0,0,0,0.0,49.71428571428572,0.0,1.0,0.0,0.0,0.0,89.0,3.2142857142857144,0.0,censor,10.295890410958904
po7141,0.0,0,-3.74370320160889,69.0,1.0,26.98052625546176,0,0,0,0,0.0,163.46428571428572,0.0,1.0,0.0,0.0,0.0,95.0,69.375,0.0,censor,10.871232876712329
po7142,0.0,0,3.8406791430406,78.0,1.0,27.329988133145637,0,0,0,0,1.0,193.92857142857144,1.0,1.0,1.0,0.0,0.0,91.0,0.0,0.0,censor,10.904109589041095
po7143,0.0,1,-6.2838506930555,73.0,0.0,28.71250607782976,1,0,0,1,0.0,118.10714285714286,0.0,1.0,0.0,0.0,0.0,90.0,7.139588100686499,1.0,dementia,3.317808219178082
po7145,1.0,0,-0.741943105917002,81.0,0.0,29.83292495294826,1,0,0,1,0.0,121.0,0.0,0.0,0.0,0.0,0.0,81.0,6.685236768802229,1.0,dementia,0.0
po7148,0.0,0,-3.217554503108,78.0,1.0,27.67858825796209,0,0,0,0,0.0,118.75,0.0,0.0,0.0,0.0,0.0,97.0,13.561643835616438,0.0,censor,5.536986301369863
po7149,0.0,0,-10.3554183068127,80.0,1.0,29.63594840541577,0,0,0,0,1.0,55.35714285714286,0.0,1.0,1.0,0.0,0.0,87.0,2.775800711743772,0.0,death,3.6767123287671235
po7150,0.0,0,-2.3722475451423,72.0,1.0,25.28165005511156,0,0,0,0,0.0,239.57142857142856,0.0,0.0,0.0,0.0,0.0,99.0,5.555555555555555,,censor,10.865753424657534
po7152,0.0,1,-7.132453402358,68.0,1.0,28.77273551572717,0,0,0,0,0.0,303.32142857142856,0.0,0.0,0.0,0.0,0.0,91.0,21.71641791044776,0.0,dementia,10.884931506849314
po7155,0.0,1,-4.9992782582418,80.0,1.0,22.797147288376657,0,0,0,0,0.0,243.78571428571428,0.0,0.0,0.0,0.0,0.0,94.0,14.147727272727272,0.0,dementia,10.92054794520548
po7156,0.0,0,2.959239842437,78.0,1.0,29.928897647492768,0,0,0,0,0.0,144.35714285714286,0.0,0.0,1.0,0.0,0.0,94.0,2.156862745098039,1.0,censor,11.01095890410959
po7157,0.0,1,-1.0008703546269,77.0,0.0,24.94022149904784,0,0,0,0,0.0,51.42857142857143,0.0,1.0,0.0,0.0,0.0,99.0,0.0,0.0,dementia,1.3287671232876712
po7163,0.0,0,-13.7270017784155,80.0,1.0,25.31685110379754,0,0,0,0,0.0,188.7142857142857,0.0,1.0,0.0,0.0,0.0,98.0,3.7288135593220337,0.0,censor,11.03013698630137
po7166,0.0,0,-3.7563363776618,76.0,1.0,20.204163540993573,0,0,0,0,0.0,144.57142857142856,1.0,0.0,0.0,0.0,0.0,97.0,3.975903614457832,0.0,censor,11.128767123287671
po7167,1.0,0,-2.05452072750261,83.0,1.0,24.825228967455157,1,0,0,1,0.0,141.75,1.0,0.0,0.0,0.0,0.0,76.0,5.607476635514018,0.0,death,9.509589041095891
po7168,0.0,0,-4.00401133100471,72.0,1.0,24.108403100143192,0,0,0,0,0.0,171.0,0.0,0.0,0.0,0.0,0.0,96.0,10.466830466830467,0.0,censor,11.224657534246575
po7169,0.0,0,-14.4821930114276,76.0,1.0,26.117260075461758,0,0,0,0,0.0,94.78571428571428,0.0,0.0,1.0,0.0,0.0,91.0,11.373626373626374,,death,11.684931506849315
po7171,0.0,0,-0.488558233108606,77.0,1.0,27.69558607905654,0,0,0,0,0.0,118.14285714285714,0.0,1.0,0.0,0.0,0.0,97.0,1.3267813267813269,,death,2.421917808219178
po7174,0.0,0,-4.3711840607013,69.0,1.0,31.833556660321182,0,0,0,0,0.0,91.57142857142858,1.0,1.0,0.0,0.0,0.0,99.0,14.662921348314606,0.0,censor,10.446575342465753
po7176,0.0,0,-3.65070239510641,77.0,0.0,32.90708468854029,0,0,0,0,0.0,173.75,0.0,1.0,0.0,0.0,0.0,89.0,23.37468982630273,0.0,death,10.506849315068493
po7178,0.0,0,-1.1750281254138,72.0,1.0,22.813667559598443,0,1,0,1,0.0,175.67857142857144,0.0,0.0,0.0,0.0,0.0,96.0,2.4258760107816717,0.0,censor,10.942465753424658
po7182,0.0,1,-1.3432182992314,72.0,0.0,29.476605003200845,1,0,0,1,0.0,136.0,0.0,0.0,0.0,0.0,0.0,88.0,3.130434782608696,1.0,dementia,0.9863013698630136
po7186,0.0,0,1.75778215698961,79.0,1.0,31.893933651291224,0,0,0,0,0.0,327.67857142857144,0.0,1.0,1.0,0.0,0.0,96.0,3.727810650887574,,death,3.336986301369863
po7188,0.0,0,-5.3916576463007,72.0,1.0,27.21263969181138,0,0,0,0,0.0,77.46428571428572,0.0,1.0,0.0,1.0,1.0,97.0,15.432692307692308,0.0,censor,10.87945205479452
po7189,0.0,0,-0.598668868156693,82.0,1.0,26.563355883721144,0,0,0,0,0.0,157.42857142857144,0.0,0.0,0.0,0.0,0.0,90.0,8.195876288659793,1.0,censor,10.810958904109588
po7190,0.0,0,2.7047021427729,76.0,1.0,28.910138962341204,0,0,0,0,0.0,101.17857142857144,0.0,1.0,0.0,0.0,0.0,98.0,0.9090909090909092,0.0,censor,11.076712328767123
po7191,0.0,0,-2.6146200283241,83.0,1.0,29.267221594520155,0,0,0,0,0.0,107.71428571428572,0.0,0.0,0.0,0.0,0.0,93.0,22.261484098939928,0.0,death,10.035616438356165
po7198,0.0,0,-6.9715680393163,73.0,0.0,25.102241725096736,0,0,0,0,0.0,179.71428571428572,0.0,0.0,0.0,0.0,0.0,98.0,3.79746835443038,0.0,censor,10.887671232876713
po7201,0.0,0,-9.235943211484,69.0,1.0,27.93039288010385,1,0,0,1,0.0,218.5,0.0,1.0,0.0,0.0,0.0,98.0,18.97058823529412,1.0,death,8.687671232876712
po7202,0.0,1,-3.9873049525565,77.0,1.0,31.035758211679468,0,0,0,0,0.0,305.8571428571429,1.0,1.0,0.0,0.0,0.0,92.0,3.3259423503325944,0.0,dementia,3.684931506849315
po7204,0.0,0,-15.4068076716264,78.0,1.0,26.108879939480243,0,0,0,0,1.0,182.92857142857144,0.0,0.0,0.0,0.0,0.0,94.0,5.679611650485437,1.0,censor,7.364383561643836
po7207,0.0,0,-0.590025369949103,70.0,1.0,22.860305677677346,0,0,0,0,0.0,92.57142857142856,0.0,0.0,1.0,0.0,0.0,94.0,0.1591511936339522,1.0,censor,10.58904109589041
po7210,0.0,1,7.906865810049,81.0,1.0,26.30230529780537,0,1,0,1,0.0,144.10714285714286,0.0,0.0,0.0,0.0,0.0,96.0,4.5251396648044695,0.0,dementia,1.4164383561643836
po7216,0.0,0,3.45203550706739,70.0,1.0,29.60834401997493,0,0,0,0,0.0,189.3571428571429,0.0,0.0,0.0,0.0,0.0,97.0,5.7507987220447285,0.0,censor,10.898630136986302
po7217,0.0,0,-3.62761793001761,75.0,1.0,27.69774761162986,0,1,0,1,0.0,160.75,0.0,1.0,0.0,0.0,0.0,87.0,36.68571428571428,0.0,death,7.482191780821918
po7218,0.0,0,-2.10312341525101,83.0,1.0,22.57605202383708,0,0,0,0,1.0,176.60714285714286,0.0,1.0,1.0,0.0,0.0,95.0,20.625,0.0,death,6.498630136986302
po7221,0.0,0,-3.67805882259699,72.0,1.0,23.503067851725124,0,0,0,0,0.0,110.96428571428572,0.0,1.0,0.0,0.0,0.0,97.0,2.911051212938005,,death,11.115068493150686
po7223,0.0,1,4.71451767684459,80.0,0.0,25.64180740344647,0,0,0,0,0.0,151.0,0.0,0.0,0.0,0.0,0.0,95.0,35.3757225433526,0.0,dementia,10.906849315068493
po7225,0.0,0,-1.63347996021599,86.0,1.0,20.5065928216048,0,0,0,0,1.0,194.92857142857144,0.0,0.0,0.0,0.0,0.0,99.0,6.0,0.0,censor,6.838356164383562
po7229,0.0,0,-9.2961286204095,73.0,1.0,31.391197593196686,0,0,0,0,0.0,163.5,1.0,1.0,0.0,0.0,0.0,93.0,64.0677966101695,0.0,death,8.197260273972603
po7230,0.0,0,-1.2312123957702,70.0,1.0,29.8832288338866,0,0,0,0,0.0,226.6071428571429,0.0,1.0,0.0,0.0,0.0,93.0,5.288753799392097,0.0,censor,11.276712328767124
po7231,0.0,0,-2.8697762497101,76.0,1.0,27.068448891982477,0,0,0,0,0.0,144.21428571428572,0.0,0.0,0.0,0.0,0.0,96.0,12.857142857142858,,censor,11.468493150684932
po7233,0.0,0,-1.0999305620041,73.0,1.0,27.665986395116743,0,0,0,0,0.0,94.75,0.0,0.0,0.0,0.0,0.0,90.0,4.189944134078212,0.0,censor,10.961643835616439
po7235,0.0,0,-7.5837552729277,79.0,1.0,26.13881279827966,0,0,0,0,0.0,60.0,0.0,0.0,1.0,0.0,0.0,98.0,2.6141078838174274,0.0,censor,7.3561643835616435
po7248,0.0,0,-6.0266263840288,79.0,1.0,26.68138893283801,0,0,0,0,0.0,103.5,0.0,0.0,0.0,0.0,0.0,100.0,6.70391061452514,0.0,death,1.515068493150685
po7249,0.0,1,-0.320238770399698,71.0,1.0,25.414169627304886,0,0,0,0,0.0,132.57142857142856,0.0,0.0,0.0,0.0,0.0,90.0,2.1226415094339623,0.0,dementia,11.326027397260274
po7257,0.0,0,2.04025278603,69.0,1.0,27.85899272754099,1,0,0,1,0.0,144.92857142857144,0.0,0.0,0.0,0.0,0.0,85.0,0.1621621621621621,,censor,4.1068493150684935
po7258,0.0,0,-1.2069723542951,73.0,1.0,26.268161149915024,1,0,0,1,0.0,210.0,0.0,0.0,0.0,0.0,0.0,84.0,4.044943820224719,,death,5.764383561643836
po7261,0.0,1,0.455750766128304,73.0,1.0,27.023506185552627,0,1,0,1,0.0,262.8571428571429,0.0,0.0,0.0,0.0,0.0,80.0,4.50402144772118,,dementia,3.7753424657534245
po7262,0.0,0,-4.6891072467366,79.0,1.0,20.35559336235097,0,1,0,1,0.0,95.71428571428572,0.0,0.0,0.0,0.0,0.0,80.0,4.082840236686391,0.0,censor,10.624657534246575
po7266,0.0,0,1.05865430981819,74.0,1.0,27.071605292409195,0,1,0,1,0.0,216.8571428571429,0.0,0.0,0.0,0.0,0.0,94.0,17.47252747252747,,censor,11.01095890410959
po7269,0.0,0,-16.8380511330829,81.0,1.0,21.2244571545612,0,0,0,0,0.0,363.9642857142857,0.0,0.0,0.0,0.0,0.0,87.0,1.776765375854214,0.0,death,6.953424657534247
po7270,0.0,0,-6.9927853866561,78.0,1.0,34.42643929715578,0,0,0,0,0.0,33.57142857142857,1.0,1.0,1.0,0.0,0.0,91.0,56.526315789473685,,death,5.608219178082192
po7271,0.0,0,-4.3486196351724,80.0,0.0,30.463152714329176,0,0,0,0,0.0,111.71428571428572,0.0,1.0,0.0,1.0,0.0,89.0,3.493150684931507,0.0,death,9.876712328767123
po7285,0.0,0,6.105262222307,74.0,0.0,29.16289664169683,0,0,0,0,0.0,124.21428571428572,0.0,1.0,1.0,0.0,0.0,98.0,18.1294964028777,0.0,death,5.673972602739726
po7288,0.0,1,-2.3026204987822,76.0,1.0,22.2994792464432,0,1,0,1,0.0,91.07142857142856,0.0,1.0,0.0,0.0,0.0,88.0,1.0588235294117647,0.0,dementia,3.717808219178082
po7290,0.0,0,-8.0928803925279,77.0,1.0,26.497327104063245,0,1,0,1,0.0,102.89285714285714,0.0,0.0,0.0,0.0,0.0,93.0,45.59139784946237,,censor,11.295890410958904
po7293,0.0,0,-6.2405286205147,71.0,1.0,28.12478852508628,0,0,0,0,0.0,86.0,0.0,1.0,1.0,0.0,1.0,97.0,15.555555555555555,1.0,death,8.131506849315068
po7301,0.0,0,-1.0126462923149,68.0,1.0,25.61007793989539,0,0,0,0,0.0,223.07142857142856,0.0,0.0,0.0,0.0,0.0,99.0,30.641711229946523,1.0,censor,10.92054794520548
po7302,0.0,0,0.122401596755395,80.0,1.0,23.773934404019183,0,0,0,0,0.0,226.1071428571429,0.0,0.0,0.0,0.0,0.0,93.0,4.715447154471545,1.0,death,9.465753424657533
po7307,0.0,0,-4.97581726581311,70.0,1.0,28.806857754814875,0,0,0,0,0.0,212.2142857142857,0.0,0.0,0.0,0.0,0.0,92.0,7.931034482758621,,censor,10.961643835616439
po7309,0.0,0,-10.9500671296245,85.0,1.0,24.057716269134925,0,0,0,0,0.0,129.82142857142858,0.0,0.0,0.0,0.0,0.0,88.0,5.269121813031162,0.0,death,4.8712328767123285
po7313,0.0,0,3.2004738422513,75.0,1.0,21.674698894097748,0,0,0,0,0.0,181.28571428571428,0.0,1.0,0.0,0.0,0.0,95.0,22.40506329113924,1.0,censor,10.87945205479452
po7322,0.0,1,6.81982469135269,72.0,1.0,31.355201264200723,0,0,0,0,0.0,151.53571428571428,0.0,0.0,0.0,0.0,0.0,96.0,3.636363636363636,1.0,dementia,11.210958904109589
po7327,0.0,0,-1.3760597278133,71.0,1.0,26.49336119285522,0,0,0,0,0.0,106.71428571428572,0.0,0.0,0.0,0.0,0.0,97.0,0.997229916897507,1.0,censor,10.819178082191781
po7334,0.0,0,-2.1743208314215,74.0,1.0,29.99578982538503,0,0,0,0,0.0,106.67857142857144,0.0,1.0,0.0,0.0,0.0,100.0,0.1515151515151515,0.0,censor,10.849315068493151
po7336,0.0,1,4.6646627590556,69.0,1.0,22.345564303606263,0,0,0,0,0.0,163.85714285714286,0.0,1.0,0.0,0.0,0.0,94.0,1.643835616438356,1.0,dementia,3.6054794520547944
po7337,1.0,0,-5.524122525639,86.0,1.0,26.1841621858774,0,0,0,0,1.0,75.71428571428572,0.0,1.0,0.0,0.0,1.0,78.0,3.6272040302267,,censor,0.0
po7343,0.0,0,-4.9682833331329,75.0,1.0,22.76850126340434,0,0,0,0,0.0,66.0,0.0,0.0,0.0,0.0,0.0,100.0,0.7430340557275542,0.0,censor,10.906849315068493
po7350,0.0,0,-5.14855781229819,78.0,1.0,32.03703703703703,0,0,0,0,0.0,92.5,1.0,0.0,0.0,0.0,0.0,95.0,1.4516129032258065,0.0,censor,10.947945205479453
po7351,0.0,0,-12.8631921628829,82.0,1.0,26.822113958683392,0,0,0,0,0.0,34.28571428571429,0.0,0.0,0.0,0.0,0.0,97.0,3.741007194244604,,censor,10.945205479452055
po7355,0.0,0,-14.7378380529315,82.0,1.0,22.75312120141651,0,0,0,0,0.0,102.85714285714286,0.0,0.0,0.0,0.0,0.0,94.0,0.0,0.0,censor,10.849315068493151
po7357,0.0,0,-4.033142511142,84.0,1.0,24.766935153527417,0,0,0,0,0.0,92.03571428571428,0.0,1.0,0.0,0.0,0.0,90.0,0.8042895442359249,0.0,censor,10.391780821917807
po7369,0.0,1,-9.45001879323431,86.0,1.0,22.00920390944727,0,0,0,0,0.0,204.9642857142857,0.0,0.0,1.0,0.0,0.0,93.0,8.866995073891626,,dementia,3.780821917808219
po7372,0.0,0,0.355488060548296,81.0,0.0,29.18074080998317,0,0,0,0,0.0,150.46428571428572,0.0,0.0,1.0,0.0,0.0,98.0,13.53658536585366,0.0,censor,10.854794520547944
po7373,0.0,0,-1.1188659361016,79.0,1.0,31.244605009940017,0,0,0,0,0.0,140.17857142857144,0.0,0.0,0.0,0.0,0.0,99.0,0.861244019138756,0.0,censor,10.849315068493151
po7375,0.0,0,-3.1776348361002,70.0,1.0,29.07328624770238,0,0,0,0,1.0,300.75,0.0,0.0,0.0,0.0,0.0,98.0,10.481927710843374,1.0,censor,10.956164383561644
po7377,0.0,0,-0.762117634243097,79.0,1.0,31.700826738704507,0,0,0,0,0.0,129.67857142857144,0.0,0.0,0.0,0.0,0.0,98.0,20.615384615384617,0.0,censor,6.668493150684932
po7378,0.0,0,-4.5946702982078,69.0,0.0,28.771247033614323,0,0,0,0,0.0,121.28571428571428,0.0,0.0,0.0,0.0,0.0,97.0,6.852791878172589,,death,1.4438356164383561
po7379,0.0,0,4.73623438214879,70.0,1.0,29.29023666008012,0,0,0,0,0.0,197.78571428571428,0.0,0.0,0.0,0.0,0.0,98.0,0.4774535809018567,1.0,censor,3.813698630136986
po7380,0.0,0,-6.30620053810929,83.0,0.0,27.14217268697577,0,0,0,0,0.0,116.0,0.0,1.0,0.0,0.0,0.0,93.0,42.01634877384196,0.0,death,11.243835616438357
po7383,0.0,0,-2.9248395926973,78.0,1.0,29.423067250138324,0,0,0,0,0.0,346.82142857142856,0.0,0.0,0.0,0.0,0.0,85.0,18.39323467230444,2.0,death,3.4465753424657533
po7384,0.0,0,1.5871362932963,77.0,0.0,26.005479538415877,0,0,0,0,0.0,99.42857142857144,0.0,0.0,0.0,0.0,0.0,90.0,14.35897435897436,,censor,3.791780821917808
po7386,0.0,0,-0.280446597133505,75.0,1.0,23.207889750203854,0,0,0,0,0.0,180.3571428571429,0.0,0.0,0.0,0.0,0.0,86.0,13.767123287671232,1.0,censor,10.854794520547944
po7387,1.0,0,-9.38741587193969,93.0,1.0,22.975936620926763,0,0,0,0,0.0,46.42857142857143,0.0,0.0,0.0,0.0,0.0,64.0,1.3953488372093024,0.0,death,1.7671232876712328
po7390,0.0,0,1.4170582792666,77.0,1.0,29.65653256739087,0,0,0,0,0.0,143.14285714285714,0.0,0.0,1.0,0.0,0.0,98.0,9.463087248322148,,censor,10.934246575342465
po7392,0.0,0,-7.9865678633002,76.0,0.0,38.55514513097155,0,0,0,0,0.0,121.0,1.0,0.0,0.0,0.0,0.0,92.0,14.693877551020408,,censor,3.8438356164383563
po7394,0.0,0,-0.9779554262646,76.0,1.0,26.81365010052068,0,0,0,0,1.0,158.5,0.0,0.0,0.0,1.0,0.0,98.0,0.1923076923076923,,death,8.361643835616439
po7395,0.0,0,0.1503934175648,71.0,1.0,23.48921447026679,0,0,0,0,0.0,199.3571428571429,0.0,0.0,0.0,0.0,0.0,99.0,7.192982456140351,0.0,censor,11.016438356164384
po7397,0.0,0,1.273083785379,77.0,0.0,21.118254933015624,0,0,0,0,0.0,68.71428571428572,0.0,0.0,0.0,0.0,0.0,92.0,22.352941176470587,,death,11.12054794520548
po7399,1.0,0,3.43863206345689,85.0,1.0,30.890919699405284,0,0,0,0,0.0,39.85714285714285,0.0,1.0,0.0,0.0,0.0,78.0,28.181818181818183,0.0,death,4.123287671232877
po7401,0.0,0,-12.8940996900502,86.0,0.0,23.5559297745432,0,0,0,0,0.0,57.5,0.0,1.0,0.0,0.0,0.0,84.0,17.272727272727273,1.0,censor,1.452054794520548
po7406,0.0,0,-10.4320807401608,81.0,1.0,25.7265423527078,0,0,0,0,0.0,224.67857142857144,0.0,0.0,0.0,0.0,0.0,96.0,7.571428571428571,0.0,censor,11.065753424657535
po7412,0.0,0,2.1056237026939,72.0,1.0,26.58871713568503,0,0,0,0,0.0,177.89285714285714,0.0,0.0,0.0,0.0,0.0,99.0,4.783599088838269,0.0,censor,10.967123287671233
po7413,0.0,0,-4.0765672027711,71.0,1.0,28.11100439340925,0,0,0,0,0.0,130.85714285714286,1.0,1.0,1.0,0.0,0.0,94.0,1.680672268907563,0.0,censor,10.953424657534246
po7415,0.0,1,-3.4963053849896,77.0,1.0,20.89820583080401,0,0,0,0,0.0,111.71428571428572,0.0,1.0,1.0,1.0,0.0,98.0,15.824175824175825,0.0,dementia,1.4328767123287671
po7417,0.0,1,-10.0860091822086,77.0,1.0,19.684635326056448,0,0,0,0,0.0,143.14285714285714,0.0,0.0,0.0,0.0,0.0,96.0,5.934065934065934,,dementia,7.342465753424658
po7418,0.0,0,-6.6841311136868,74.0,1.0,25.67504349224449,0,0,0,0,1.0,94.57142857142856,0.0,0.0,0.0,0.0,0.0,94.0,25.803108808290155,,censor,11.117808219178082
po7420,0.0,0,-6.53111937825319,75.0,1.0,23.26563039949229,0,0,0,0,1.0,161.60714285714286,0.0,0.0,0.0,0.0,0.0,97.0,2.47787610619469,0.0,censor,10.550684931506849
po7431,0.0,0,-4.9877963238704,69.0,1.0,22.72712632352036,0,0,0,0,0.0,200.92857142857144,0.0,0.0,0.0,1.0,0.0,90.0,6.176470588235294,,death,2.7013698630136984
po7432,0.0,0,-10.4012612450938,75.0,1.0,26.163530396181613,0,0,0,0,0.0,226.67857142857144,0.0,0.0,0.0,0.0,0.0,90.0,3.692307692307693,,censor,10.923287671232877
po7433,0.0,0,-2.5790759179028,78.0,1.0,35.53141078115482,0,0,0,0,1.0,175.39285714285714,0.0,1.0,0.0,0.0,0.0,98.0,4.35,,death,10.38082191780822
po7435,0.0,0,-0.793468576441995,83.0,0.0,28.48608750482732,0,0,0,0,0.0,178.96428571428572,0.0,0.0,0.0,0.0,0.0,94.0,16.869565217391305,,death,8.98904109589041
po7441,0.0,0,-4.5524408213159,84.0,1.0,39.03275525931672,0,0,0,0,0.0,40.0,0.0,0.0,0.0,0.0,0.0,89.0,26.233766233766232,0.0,censor,5.205479452054795
po7442,0.0,0,-13.0189753784006,78.0,1.0,24.10375915071911,0,0,0,0,0.0,144.5,0.0,1.0,0.0,0.0,0.0,99.0,4.615384615384615,,censor,10.553424657534247
po7446,0.0,0,-2.538680457444,86.0,1.0,22.94694674670539,0,0,0,0,0.0,224.5,0.0,1.0,1.0,0.0,0.0,80.0,4.041450777202073,,death,9.323287671232876
po7450,0.0,0,-2.20196136493659,71.0,1.0,27.781017168772276,0,0,0,0,1.0,157.75,0.0,1.0,1.0,0.0,0.0,97.0,0.5421686746987951,,censor,11.12054794520548
po7457,1.0,0,-8.9791075908245,71.0,1.0,21.24158965809475,0,1,0,1,0.0,253.28571428571428,0.0,1.0,0.0,0.0,0.0,77.0,2.406015037593985,0.0,dementia,0.0
po7460,0.0,1,3.3702155877554,74.0,1.0,25.46775221974037,0,0,0,0,0.0,132.28571428571428,0.0,1.0,0.0,0.0,0.0,99.0,8.114754098360656,,dementia,10.832876712328767
po7461,1.0,0,-2.9722571071605,72.0,1.0,33.51958660907117,0,0,0,0,0.0,145.75,1.0,0.0,0.0,0.0,0.0,71.0,2.616822429906542,,death,7.904109589041096
po7462,0.0,0,-3.4944804875179,78.0,1.0,27.40682888937002,0,0,0,0,0.0,87.57142857142857,0.0,1.0,0.0,0.0,0.0,93.0,18.387096774193548,,censor,10.854794520547944
po7468,1.0,0,-6.04964140087959,71.0,1.0,24.580633229632262,0,0,0,0,0.0,214.78571428571428,0.0,0.0,0.0,0.0,0.0,76.0,0.2843601895734597,,censor,0.0
po7469,1.0,0,6.6602185129035,90.0,1.0,23.54293747607666,0,0,0,0,1.0,150.42857142857144,0.0,1.0,0.0,0.0,0.0,77.0,0.0,,death,7.52054794520548
po7470,0.0,0,4.3543142132291,79.0,1.0,25.45478623933673,0,0,0,0,0.0,27.142857142857142,1.0,0.0,0.0,0.0,0.0,96.0,5.606060606060606,,censor,10.704109589041096
po7476,0.0,0,3.8582787247184,70.0,1.0,32.911488268116095,0,0,0,0,0.0,123.35714285714286,0.0,1.0,0.0,0.0,0.0,97.0,14.686567164179104,,censor,10.728767123287671
po7479,0.0,0,-7.5535972160186,75.0,1.0,31.01424892918247,0,0,0,0,0.0,88.57142857142857,0.0,1.0,0.0,0.0,0.0,97.0,4.855491329479769,0.0,censor,6.493150684931507
po7481,0.0,1,-2.5624302275526,74.0,0.0,27.81489352748085,1,0,0,1,1.0,147.5,0.0,1.0,0.0,0.0,1.0,91.0,21.75824175824176,,dementia,5.383561643835616
po7484,0.0,0,-1.34669516855359,78.0,1.0,27.779745920237705,1,0,0,1,0.0,90.39285714285714,0.0,1.0,0.0,0.0,0.0,93.0,0.0,0.0,death,9.994520547945205
po7486,0.0,0,-0.267213148508901,72.0,1.0,29.06751747920984,0,0,0,0,0.0,289.0357142857143,0.0,0.0,0.0,0.0,0.0,92.0,7.173913043478261,,censor,10.736986301369862
po7487,0.0,1,-9.4032872698462,76.0,1.0,25.38507676150153,0,0,0,0,0.0,156.0,0.0,0.0,0.0,0.0,0.0,86.0,0.0,,dementia,10.353424657534246
po7488,0.0,0,-2.56344207740059,73.0,1.0,29.972269135339136,0,0,0,0,0.0,154.53571428571428,0.0,0.0,0.0,0.0,0.0,96.0,11.564245810055866,,censor,10.854794520547944
po7489,0.0,0,1.0338461056183,69.0,1.0,23.37879586281445,0,0,0,0,0.0,299.7142857142857,0.0,0.0,0.0,0.0,0.0,97.0,5.245901639344262,,censor,3.8054794520547945
po7491,0.0,0,7.24298535533229,69.0,1.0,26.62214038263475,0,0,0,0,0.0,96.35714285714286,0.0,1.0,0.0,0.0,0.0,97.0,3.4693877551020407,0.0,censor,5.682191780821918
po7492,0.0,0,-1.4170620126211,75.0,1.0,33.754971691449526,0,0,0,0,0.0,148.25,0.0,1.0,0.0,0.0,0.0,91.0,3.229461756373938,,death,8.057534246575342
po7493,0.0,0,-1.81142169344891,68.0,1.0,27.51954317558328,0,0,0,0,1.0,184.5,0.0,1.0,0.0,0.0,0.0,100.0,14.0,,censor,10.898630136986302
po7494,0.0,0,3.08199491184961,80.0,1.0,26.506927065337923,0,0,0,0,1.0,34.64285714285714,0.0,1.0,0.0,0.0,1.0,98.0,6.5625,,censor,10.849315068493151
po7496,0.0,0,5.6546538637059,68.0,1.0,28.232653795205213,0,0,0,0,0.0,22.35714285714285,0.0,0.0,0.0,0.0,0.0,99.0,3.60655737704918,,censor,10.221917808219178
po7498,0.0,0,4.5538441637224,72.0,0.0,29.87810608512936,0,0,0,0,1.0,134.0,0.0,1.0,1.0,0.0,1.0,91.0,8.571428571428571,,death,6.2
po7499,0.0,0,-1.1591506611388,67.0,1.0,26.0227582614975,0,0,0,0,0.0,165.96428571428572,1.0,1.0,0.0,0.0,0.0,93.0,1.8072289156626504,,censor,10.832876712328767
po7500,0.0,0,-4.9683326300656,73.0,1.0,27.66955349765184,0,0,0,0,0.0,137.42857142857144,1.0,0.0,1.0,0.0,0.0,93.0,12.413793103448276,0.0,censor,10.904109589041095
po7503,0.0,0,-2.27540911883079,68.0,1.0,26.586757750804207,0,0,0,0,0.0,38.25,0.0,0.0,1.0,0.0,0.0,96.0,4.311377245508982,0.0,censor,10.780821917808218
po7504,0.0,0,3.37101761492219,70.0,1.0,30.813662694839035,0,0,0,0,0.0,171.46428571428572,0.0,1.0,0.0,0.0,0.0,95.0,5.755813953488372,,censor,2.8164383561643835
po7505,0.0,0,-1.5767302520951,82.0,1.0,25.02802561020709,0,0,0,0,0.0,173.17857142857144,0.0,0.0,0.0,0.0,0.0,93.0,26.353591160220997,,death,10.76986301369863
po7508,0.0,0,-4.72324366282309,70.0,0.0,32.91100286171198,0,0,0,0,0.0,271.0,0.0,1.0,0.0,0.0,0.0,96.0,2.679611650485437,,death,5.1945205479452055
po7512,0.0,0,2.1537614356093,76.0,1.0,24.09943273337245,0,0,0,0,0.0,151.42857142857144,0.0,1.0,0.0,0.0,0.0,93.0,6.062717770034843,,death,5.052054794520548
po7513,0.0,0,0.178101128379097,73.0,1.0,30.14225186532355,0,0,0,0,0.0,98.0,0.0,1.0,0.0,0.0,0.0,98.0,6.4637002341920375,,censor,10.783561643835617
po7514,0.0,0,3.4808520510488,70.0,1.0,30.143301281546808,0,0,0,0,0.0,62.785714285714285,0.0,1.0,0.0,0.0,0.0,96.0,3.673469387755102,,censor,10.8
po7516,0.0,0,3.2029146244257,69.0,1.0,32.851005583323435,0,0,0,0,0.0,271.3571428571429,0.0,1.0,0.0,0.0,1.0,92.0,24.696569920844325,,death,4.561643835616438
sd8007,0.0,0,-0.326959339911099,75.0,1.0,24.589647623612663,0,0,0,0,1.0,207.4642857142857,0.0,0.0,0.0,0.0,0.0,100.0,9.323308270676693,2.0,censor,3.0904109589041098
sd8010,0.0,1,-2.7402464754451,80.0,1.0,18.678879608865003,0,0,0,0,0.0,300.07142857142856,0.0,0.0,0.0,0.0,0.0,86.0,4.6706586826347305,1.0,dementia,1.1287671232876713
sd8011,0.0,0,-4.1929831493333,75.0,1.0,22.804340809559037,0,0,0,0,1.0,179.57142857142856,0.0,0.0,0.0,0.0,0.0,99.0,5.837837837837838,0.0,censor,10.35890410958904
sd8012,0.0,1,-6.5149893211875,83.0,1.0,24.939811346323545,0,0,0,0,0.0,146.71428571428572,0.0,0.0,0.0,0.0,0.0,95.0,25.051546391752577,1.0,dementia,1.5945205479452054
sd8015,0.0,1,6.3133124132838,75.0,1.0,25.60249123371221,0,0,0,0,0.0,187.42857142857144,1.0,0.0,0.0,0.0,0.0,85.0,6.631578947368421,1.0,dementia,4.761643835616439
sd8019,0.0,1,3.4004641012199,73.0,0.0,29.818609764081067,0,0,0,0,0.0,204.2142857142857,0.0,1.0,0.0,0.0,0.0,96.0,13.36870026525199,,dementia,1.1616438356164382
sd8020,0.0,0,0.769457449409501,79.0,1.0,29.07411916420925,0,0,0,0,0.0,71.42857142857143,0.0,1.0,0.0,0.0,0.0,91.0,8.914285714285715,0.0,death,6.983561643835617
sd8023,0.0,0,-10.3712487517552,69.0,1.0,28.53506601558368,0,0,0,0,0.0,263.0,0.0,0.0,0.0,0.0,0.0,95.0,0.1626016260162601,0.0,censor,12.158904109589042
sd8024,0.0,0,-5.2430565076471,80.0,1.0,24.519399236802094,0,0,0,0,1.0,82.14285714285714,1.0,1.0,0.0,0.0,0.0,84.0,1.5211267605633805,2.0,death,8.63013698630137
sd8026,0.0,1,-13.0939915815928,73.0,1.0,22.07547894191269,0,0,0,0,0.0,163.57142857142858,0.0,0.0,0.0,0.0,0.0,94.0,8.64406779661017,0.0,dementia,7.646575342465753
sd8027,0.0,0,-7.1392351097543,79.0,1.0,21.56093981139053,0,0,0,0,1.0,281.67857142857144,0.0,0.0,0.0,0.0,0.0,93.0,0.2371541501976284,0.0,censor,11.805479452054794
sd8031,0.0,1,-0.0010995328314038,83.0,1.0,28.43578886773544,0,0,0,0,0.0,46.46428571428572,0.0,0.0,0.0,0.0,0.0,92.0,17.894736842105264,0.0,dementia,7.515068493150685
sd8033,0.0,1,-8.35714043221471,85.0,1.0,22.92209317586105,0,0,0,0,0.0,7.821428571428571,0.0,1.0,0.0,0.0,1.0,90.0,36.24678663239074,0.0,dementia,0.5452054794520548
sd8034,0.0,0,-4.8899451048615,83.0,1.0,33.25241645550184,0,0,0,0,0.0,122.25,0.0,1.0,0.0,0.0,0.0,91.0,4.580152671755725,0.0,death,9.04931506849315
sd8036,0.0,0,-13.3522920065157,79.0,1.0,29.788854623477103,0,0,0,0,1.0,162.35714285714286,0.0,0.0,0.0,0.0,0.0,98.0,21.786743515850144,0.0,death,10.956164383561644
sd8038,0.0,0,-0.185109066901404,69.0,1.0,32.245975990106935,0,0,0,0,0.0,182.07142857142856,0.0,1.0,0.0,0.0,0.0,100.0,3.75,0.0,censor,11.441095890410958
sd8042,0.0,1,-3.81501123402541,71.0,1.0,24.08898577620668,0,0,0,0,0.0,154.0,0.0,0.0,0.0,0.0,0.0,100.0,3.010752688172043,1.0,dementia,1.1726027397260275
sd8046,0.0,0,-0.409593621708595,73.0,1.0,24.085630771269926,0,0,0,0,0.0,190.9642857142857,0.0,0.0,0.0,0.0,0.0,98.0,1.602373887240356,1.0,death,1.6246575342465754
sd8048,0.0,0,-11.6499599543605,71.0,1.0,27.930156997067854,0,0,0,0,0.0,210.1428571428572,0.0,1.0,0.0,0.0,0.0,97.0,5.072886297376093,,censor,10.301369863013699
sd8049,0.0,0,-5.6900615629217,85.0,1.0,24.74007368589402,0,0,0,0,0.0,144.64285714285714,0.0,0.0,0.0,0.0,0.0,97.0,10.619469026548671,1.0,death,5.254794520547946
sd8050,0.0,0,-10.8531464634919,79.0,1.0,24.36236202469969,0,0,0,0,0.0,161.07142857142856,0.0,0.0,0.0,0.0,0.0,97.0,3.5294117647058822,,death,5.564383561643836
sd8054,1.0,0,6.83764479352099,78.0,1.0,23.22497626501581,0,0,0,0,0.0,70.0,0.0,0.0,0.0,0.0,0.0,96.0,46.72131147540984,1.0,dementia,0.0
sd8055,0.0,0,-13.6756569548106,81.0,1.0,24.75051269833589,0,0,0,0,0.0,24.85714285714285,0.0,1.0,1.0,0.0,0.0,100.0,1.6713091922005572,0.0,censor,2.3835616438356166
sd8056,0.0,0,-21.6694223580115,87.0,1.0,34.23531723106311,0,0,0,0,1.0,7.5,0.0,1.0,0.0,0.0,0.0,92.0,22.9971181556196,0.0,death,9.183561643835617
sd8057,0.0,0,-14.3256714103334,88.0,1.0,30.664507291846725,0,0,0,0,0.0,85.42857142857143,0.0,0.0,0.0,0.0,0.0,87.0,4.748201438848921,,death,7.3123287671232875
sd8059,0.0,0,-28.3771275806306,82.0,1.0,32.18639172630551,0,0,0,0,1.0,183.5,0.0,0.0,0.0,0.0,0.0,92.0,23.361344537815125,0.0,death,2.2684931506849315
sd8062,0.0,0,-6.8682041430546,87.0,1.0,23.91900615772484,0,0,0,0,0.0,125.71428571428572,0.0,1.0,0.0,0.0,0.0,89.0,24.0,0.0,death,5.761643835616439
sd8063,0.0,0,-13.2739879732789,69.0,1.0,24.73619491549658,0,0,0,0,0.0,183.14285714285717,0.0,1.0,1.0,0.0,0.0,100.0,24.03726708074534,0.0,death,9.805479452054794
sd8064,0.0,0,-2.24082450133361,80.0,1.0,23.44687029371714,0,0,0,0,0.0,129.57142857142856,0.0,0.0,0.0,0.0,1.0,98.0,29.63855421686747,,censor,5.863013698630137
sd8066,0.0,1,-11.8969495922966,77.0,0.0,24.203906777836348,0,0,0,0,0.0,67.03571428571428,0.0,1.0,0.0,0.0,0.0,95.0,30.1875,0.0,dementia,11.202739726027398
sd8068,0.0,0,4.2089497308619,70.0,1.0,30.362058259713976,0,0,0,0,0.0,375.6428571428571,0.0,0.0,0.0,0.0,0.0,91.0,11.707317073170731,0.0,censor,10.978082191780821
sd8069,0.0,0,2.7585724052813,72.0,1.0,32.294589931205934,0,0,0,0,1.0,200.7142857142857,0.0,1.0,0.0,0.0,0.0,98.0,22.743142144638405,0.0,censor,10.30958904109589
sd8070,0.0,0,-3.23128597301709,81.0,0.0,26.597686331467337,0,0,0,0,0.0,183.7142857142857,0.0,1.0,0.0,0.0,0.0,95.0,5.229357798165138,0.0,death,10.66027397260274
sd8071,1.0,0,-4.0966550465718,86.0,1.0,20.49515614063913,0,0,0,0,0.0,73.57142857142857,0.0,0.0,0.0,0.0,0.0,75.0,3.645569620253165,0.0,death,3.0794520547945203
sd8072,0.0,0,-10.5450414476642,74.0,1.0,29.398185168662348,0,0,0,0,0.0,183.57142857142856,0.0,0.0,0.0,0.0,0.0,95.0,13.819241982507288,1.0,censor,11.12054794520548
sd8073,0.0,0,-1.7705645727129,83.0,1.0,29.602389474374743,0,0,0,0,0.0,100.07142857142856,0.0,0.0,0.0,0.0,0.0,94.0,26.045454545454547,0.0,censor,3.1506849315068495
sd8076,0.0,0,2.2360004195836,78.0,1.0,23.467473466369835,0,0,0,0,0.0,137.0,0.0,0.0,0.0,0.0,0.0,87.0,3.1875,,death,8.978082191780821
sd8082,0.0,0,-5.8727283795853,73.0,1.0,27.657744356051623,0,0,0,0,0.0,152.67857142857144,0.0,1.0,0.0,0.0,0.0,100.0,9.833333333333334,1.0,censor,3.1424657534246574
sd8085,0.0,1,0.902915763873807,75.0,0.0,31.401433892656783,0,0,0,0,0.0,114.57142857142856,0.0,1.0,0.0,0.0,0.0,92.0,7.333333333333333,0.0,dementia,7.567123287671233
sd8086,0.0,0,-2.00992714723429,79.0,1.0,23.52536330259109,0,0,1,1,0.0,111.71428571428572,0.0,1.0,0.0,0.0,0.0,87.0,39.76119402985075,0.0,death,11.476712328767123
sd8089,0.0,0,0.510075737359301,81.0,1.0,28.743506601809848,0,0,0,0,0.0,191.5,0.0,1.0,0.0,0.0,0.0,86.0,3.8560411311053984,0.0,death,10.89041095890411
sd8090,0.0,0,-10.211966080676,79.0,0.0,29.636808015371678,0,0,0,0,0.0,172.75,0.0,1.0,0.0,0.0,0.0,94.0,19.33130699088146,0.0,death,11.802739726027397
sd8092,0.0,0,2.4678538697506,73.0,1.0,22.929113408714585,0,0,0,0,0.0,115.42857142857144,0.0,0.0,0.0,0.0,0.0,98.0,0.0,1.0,censor,12.013698630136986
sd8093,0.0,0,7.6713828005574,72.0,1.0,27.33590482728682,0,0,0,0,0.0,220.64285714285717,0.0,1.0,0.0,0.0,0.0,97.0,22.22222222222222,1.0,censor,10.402739726027397
sd8094,0.0,0,-3.9343726908359,78.0,1.0,27.685458923956457,0,0,0,0,0.0,33.57142857142857,0.0,1.0,0.0,0.0,0.0,92.0,2.7127659574468086,0.0,death,6.586301369863014
sd8098,0.0,1,-3.9681691219931,72.0,1.0,31.744831544614133,0,0,1,1,1.0,273.25,1.0,0.0,0.0,0.0,0.0,97.0,0.8403361344537815,1.0,dementia,1.1369863013698631
sd8101,0.0,0,-3.34947211621061,74.0,1.0,28.64964446204438,0,0,0,0,0.0,199.0,0.0,1.0,0.0,0.0,0.0,93.0,15.538461538461538,1.0,censor,10.736986301369862
sd8102,0.0,0,4.0947843843051,69.0,1.0,22.98484387320809,0,0,0,0,0.0,198.07142857142856,0.0,0.0,0.0,0.0,0.0,100.0,0.594059405940594,0.0,censor,10.312328767123288
sd8104,0.0,1,13.5076017061586,69.0,0.0,24.37810500025554,0,0,0,0,0.0,149.57142857142856,1.0,0.0,1.0,0.0,0.0,90.0,3.3529411764705883,0.0,dementia,11.238356164383562
sd8106,0.0,0,7.4681775031613,82.0,1.0,30.8570399700464,0,0,0,0,0.0,151.71428571428572,0.0,0.0,0.0,0.0,0.0,96.0,2.2281167108753315,0.0,death,9.64931506849315
sd8107,0.0,0,-1.6754101172408,76.0,1.0,24.788674054824344,0,1,0,1,0.0,99.5,0.0,1.0,0.0,0.0,0.0,81.0,11.88118811881188,0.0,censor,2.8986301369863012
sd8109,0.0,1,-1.5864751589552,73.0,0.0,25.44958961656743,0,0,0,0,0.0,185.17857142857144,0.0,0.0,0.0,0.0,0.0,94.0,25.014577259475217,0.0,dementia,10.438356164383562
sd8110,0.0,0,-4.2430924369591,90.0,1.0,25.54053023664128,0,0,0,0,0.0,82.14285714285714,1.0,1.0,0.0,0.0,0.0,97.0,4.74934036939314,0.0,death,4.454794520547945
sd8112,0.0,0,-10.4492835995847,76.0,1.0,22.72021803585997,0,0,0,0,0.0,12.392857142857142,0.0,1.0,0.0,0.0,0.0,98.0,3.5751295336787563,1.0,censor,10.942465753424658
sd8115,0.0,0,2.02786778006831,76.0,1.0,22.801083978641493,0,0,0,0,0.0,214.25,0.0,0.0,0.0,0.0,0.0,97.0,20.611764705882354,1.0,death,7.852054794520548
sd8117,0.0,0,-0.340412454406604,75.0,1.0,30.16927858229187,0,0,0,0,0.0,247.7142857142857,0.0,1.0,0.0,0.0,0.0,84.0,7.360594795539034,0.0,death,11.073972602739726
sd8118,0.0,0,6.0929479622824,73.0,1.0,19.782877105276324,0,0,0,0,0.0,226.82142857142856,0.0,0.0,0.0,0.0,0.0,95.0,6.987951807228916,0.0,censor,11.158904109589042
sd8119,0.0,1,5.88099290968771,76.0,1.0,25.55653927948814,0,0,0,0,0.0,112.92857142857144,0.0,0.0,0.0,0.0,0.0,98.0,3.255813953488372,1.0,dementia,1.0410958904109588
sd8121,0.0,0,-0.732404934025297,79.0,1.0,30.08717539038558,0,0,0,0,0.0,144.57142857142856,0.0,1.0,1.0,0.0,0.0,97.0,12.036474164133738,0.0,death,4.147945205479452
sd8124,0.0,0,0.113182333209707,76.0,1.0,24.399715479533956,0,0,0,0,1.0,183.78571428571428,0.0,0.0,0.0,0.0,0.0,97.0,19.291553133514988,1.0,censor,9.912328767123288
sd8126,0.0,0,0.750131149285295,81.0,1.0,34.18840764489485,0,0,0,0,1.0,60.0,0.0,1.0,0.0,0.0,1.0,93.0,44.80769230769231,0.0,death,6.53972602739726
sd8131,0.0,1,-12.2092394360227,84.0,1.0,23.8698125828831,0,0,0,0,0.0,28.25,0.0,0.0,0.0,0.0,0.0,95.0,1.8126888217522656,1.0,dementia,3.1945205479452055
sd8132,0.0,1,-2.9724986746326,83.0,1.0,26.97460350012451,0,0,0,0,1.0,149.82142857142858,0.0,0.0,0.0,0.0,0.0,96.0,14.146341463414634,0.0,dementia,1.2082191780821918
sd8133,0.0,0,2.59329846331789,83.0,1.0,23.106143592279864,0,0,0,0,0.0,132.42857142857144,0.0,0.0,0.0,0.0,0.0,90.0,2.0930232558139537,0.0,death,10.101369863013698
sd8135,1.0,0,-20.2430004484362,78.0,1.0,24.5661306756375,0,0,0,0,0.0,54.32142857142857,0.0,0.0,0.0,0.0,0.0,94.0,10.5,1.0,dementia,0.0
sd8138,0.0,0,2.7388192932133,74.0,1.0,24.49473144570958,0,0,0,0,0.0,98.21428571428572,0.0,0.0,0.0,0.0,0.0,100.0,2.014925373134328,0.0,censor,10.506849315068493
sd8139,0.0,0,1.07424087877,78.0,1.0,32.35180841006968,0,0,0,0,0.0,226.5,1.0,1.0,0.0,0.0,0.0,98.0,3.404255319148936,0.0,censor,11.087671232876712
sd8141,0.0,0,-8.5623828339035,78.0,1.0,20.20059553860126,0,0,0,0,0.0,114.67857142857144,0.0,0.0,0.0,0.0,1.0,96.0,8.125,1.0,censor,12.123287671232877
sd8143,0.0,0,-5.1544802811971,69.0,1.0,22.547693941421,0,0,0,0,0.0,136.0,0.0,1.0,0.0,0.0,0.0,99.0,0.7142857142857143,0.0,censor,10.89041095890411
sd8144,0.0,0,-6.3120216707452,74.0,1.0,30.771604938271604,0,0,0,0,0.0,161.71428571428572,0.0,1.0,0.0,0.0,0.0,96.0,4.754098360655738,1.0,censor,10.147945205479452
sd8147,0.0,0,-0.894088883808905,87.0,1.0,25.45346268289992,0,0,0,0,0.0,122.96428571428572,0.0,1.0,0.0,0.0,0.0,83.0,14.03598971722365,1.0,death,3.1013698630136988
sd8148,0.0,0,3.4002454732401,71.0,1.0,27.405578104878806,0,0,0,0,0.0,208.2142857142857,0.0,0.0,0.0,0.0,0.0,98.0,0.9009009009009008,0.0,censor,11.164383561643836
sd8149,0.0,0,-10.4788105889101,81.0,1.0,20.86519654221358,0,0,0,0,0.0,54.92857142857143,0.0,0.0,0.0,0.0,1.0,96.0,2.6288659793814437,1.0,death,7.682191780821918
sd8151,0.0,0,-3.9130900019905,71.0,1.0,24.497595279674016,0,0,0,0,0.0,181.07142857142856,0.0,1.0,0.0,0.0,0.0,99.0,9.0,0.0,death,4.301369863013699
sd8152,0.0,0,-6.6022225171548,70.0,1.0,30.3180908080208,0,0,1,1,0.0,55.0,0.0,1.0,0.0,0.0,0.0,99.0,35.92356687898089,1.0,censor,11.282191780821918
sd8155,0.0,1,-17.8480109006529,73.0,1.0,23.370440694806742,0,0,0,0,0.0,98.07142857142856,0.0,0.0,0.0,0.0,0.0,99.0,0.6864988558352403,0.0,dementia,11.342465753424657
sd8158,0.0,1,-6.22569613923061,73.0,1.0,31.747146371162497,0,0,0,0,0.0,217.75,0.0,1.0,0.0,0.0,0.0,97.0,21.855670103092784,1.0,dementia,0.9561643835616438
sd8162,0.0,1,-4.90934354101999,72.0,1.0,27.076616785859557,0,0,0,0,0.0,140.0,0.0,1.0,0.0,0.0,0.0,100.0,22.654867256637168,1.0,dementia,0.6410958904109589
sd8163,0.0,0,-3.8538777172201,77.0,1.0,21.19783011027785,0,0,0,0,0.0,90.46428571428572,0.0,0.0,0.0,0.0,0.0,99.0,15.652173913043478,0.0,death,1.378082191780822
sd8164,0.0,0,-0.678467171347506,80.0,1.0,31.3297920378322,0,0,0,0,0.0,152.03571428571428,1.0,0.0,0.0,0.0,0.0,99.0,6.305732484076433,0.0,censor,10.07123287671233
sd8165,0.0,0,1.1632954184816,75.0,1.0,21.869161681889256,0,0,0,0,0.0,187.2142857142857,0.0,0.0,0.0,0.0,0.0,99.0,3.820754716981132,0.0,censor,10.254794520547945
sd8167,0.0,0,1.1763707390522,77.0,1.0,24.61920628921639,0,0,0,0,0.0,124.75,0.0,0.0,0.0,0.0,0.0,90.0,3.302752293577982,0.0,censor,11.547945205479452
sd8168,0.0,1,-1.86667654836801,77.0,1.0,26.302099860650596,0,0,0,0,0.0,234.78571428571428,0.0,0.0,0.0,0.0,0.0,92.0,27.692307692307693,1.0,dementia,6.380821917808219
sd8170,0.0,0,-10.1520698498027,74.0,1.0,34.03552516218812,0,0,0,0,1.0,122.71428571428572,0.0,0.0,0.0,0.0,0.0,97.0,17.1191135734072,0.0,death,8.054794520547945
sd8171,0.0,0,0.267170781911105,69.0,1.0,27.731386626722447,0,0,0,0,0.0,198.9642857142857,0.0,1.0,0.0,0.0,0.0,99.0,2.4074074074074074,0.0,censor,11.364383561643836
sd8173,0.0,0,-7.84667615500921,75.0,1.0,25.1148022958155,0,0,0,0,0.0,169.21428571428572,0.0,1.0,0.0,0.0,0.0,98.0,10.29023746701847,0.0,censor,10.876712328767123
sd8175,0.0,0,2.7198914314277,69.0,1.0,35.00665126374011,0,0,0,0,0.0,191.64285714285717,0.0,0.0,0.0,0.0,0.0,96.0,5.739130434782608,0.0,censor,11.150684931506849
sd8176,0.0,0,-5.4406234224563,75.0,1.0,20.77781842581696,0,0,0,0,0.0,265.42857142857144,0.0,1.0,1.0,0.0,0.0,98.0,18.55530474040632,0.0,censor,10.452054794520548
sd8177,0.0,0,1.07677268987661,75.0,1.0,27.744123147459227,0,0,0,0,0.0,189.0,0.0,1.0,0.0,0.0,0.0,97.0,0.1470588235294117,0.0,censor,10.64109589041096
sd8178,0.0,0,2.4640648972204,84.0,1.0,29.90525653458289,0,0,0,0,0.0,68.42857142857143,0.0,1.0,0.0,0.0,0.0,92.0,3.72972972972973,0.0,death,8.978082191780821
sd8180,0.0,0,-2.6995753027733,81.0,1.0,25.357025545313487,0,0,0,0,0.0,219.89285714285717,0.0,0.0,1.0,0.0,0.0,92.0,46.79611650485437,0.0,censor,10.164383561643836
sd8181,0.0,0,0.728486172893994,75.0,1.0,27.75280716361127,0,0,0,0,0.0,67.5,0.0,1.0,0.0,0.0,0.0,98.0,16.44859813084112,0.0,censor,10.96986301369863
sd8185,0.0,1,-4.78973765964879,85.0,1.0,23.246424332888797,0,0,0,0,0.0,62.14285714285714,0.0,1.0,0.0,0.0,1.0,99.0,25.51948051948052,0.0,dementia,2.9945205479452053
sd8188,0.0,0,-5.8124585900528,76.0,1.0,24.36058437561834,0,0,0,0,0.0,90.0,0.0,0.0,0.0,0.0,0.0,85.0,11.0801393728223,0.0,censor,10.98904109589041
sd8189,1.0,0,-12.5103817543873,91.0,1.0,18.679482018355237,0,1,0,1,0.0,33.214285714285715,0.0,1.0,0.0,0.0,0.0,48.0,2.6666666666666665,0.0,death,4.720547945205479
sd8191,0.0,0,-8.844726299548,90.0,1.0,30.569552936100155,0,0,0,0,0.0,226.42857142857144,0.0,1.0,0.0,0.0,0.0,93.0,1.42433234421365,0.0,death,8.698630136986301
sd8192,0.0,1,2.0494254287965,75.0,1.0,23.76022340599974,0,0,0,0,0.0,146.71428571428572,0.0,0.0,0.0,0.0,0.0,100.0,0.8780487804878049,0.0,dementia,1.0684931506849316
sd8196,1.0,0,-8.89458020317841,83.0,1.0,24.36787504272005,0,0,0,0,0.0,59.0,0.0,0.0,0.0,0.0,0.0,76.0,2.3580786026200875,0.0,death,2.043835616438356
sd8207,0.0,1,4.1259297534763,70.0,1.0,26.618861187845525,0,0,0,0,0.0,148.42857142857144,1.0,0.0,0.0,0.0,0.0,92.0,15.718849840255592,0.0,dementia,6.347945205479452
sd8208,0.0,0,-7.1862650491464,77.0,0.0,25.733290065911834,0,0,1,1,0.0,432.07142857142856,0.0,0.0,0.0,0.0,0.0,83.0,16.428571428571427,0.0,censor,3.0876712328767124
sd8209,0.0,0,-0.4932802184438,69.0,1.0,26.751798144569364,0,0,0,0,0.0,125.53571428571428,0.0,1.0,0.0,0.0,0.0,98.0,7.381703470031546,0.0,censor,11.235616438356164
sd8210,0.0,0,-6.5739500533347,79.0,1.0,24.32992029485233,0,0,0,0,0.0,120.57142857142856,0.0,1.0,0.0,0.0,0.0,93.0,6.521739130434782,0.0,death,5.575342465753424
sd8211,0.0,0,-3.7506335849975,70.0,1.0,27.516798145367805,0,0,0,0,0.0,165.57142857142856,0.0,0.0,0.0,0.0,0.0,98.0,0.24,1.0,death,6.095890410958904
sd8212,0.0,0,5.7869508234257,78.0,0.0,17.775902279492676,0,0,0,0,0.0,154.28571428571428,0.0,0.0,0.0,0.0,0.0,94.0,1.7837837837837838,,death,8.786301369863013
sd8215,0.0,0,3.0347217624897,74.0,1.0,23.600341259630728,0,0,0,0,0.0,153.42857142857144,0.0,1.0,0.0,0.0,0.0,89.0,2.4,,censor,10.7013698630137
sd8216,0.0,0,-6.2466124986732,70.0,1.0,21.56380314786534,0,0,0,0,0.0,160.10714285714283,0.0,0.0,0.0,0.0,0.0,100.0,3.977900552486188,0.0,censor,10.512328767123288
sd8217,0.0,0,-9.0342587012383,80.0,0.0,23.402382330991145,0,0,0,0,0.0,199.3928571428572,0.0,0.0,0.0,0.0,0.0,93.0,0.821917808219178,0.0,death,5.50958904109589
sd8218,0.0,0,-3.183120661879,78.0,1.0,26.46691909224255,0,0,0,0,0.0,142.25,0.0,0.0,0.0,0.0,0.0,92.0,19.886685552407933,1.0,death,4.794520547945205
sd8219,0.0,1,-4.72866088795691,83.0,1.0,24.400715342490297,0,0,0,0,1.0,145.71428571428572,0.0,0.0,1.0,0.0,0.0,95.0,0.1892744479495268,1.0,dementia,1.0301369863013699
sd8220,0.0,0,0.794756854052693,68.0,1.0,25.51480525679366,0,0,0,0,0.0,203.39285714285717,0.0,0.0,0.0,0.0,0.0,92.0,9.593023255813954,1.0,censor,11.243835616438357
sd8221,0.0,1,-1.67516830586651,74.0,1.0,23.35572556991105,0,0,0,0,0.0,152.78571428571428,0.0,0.0,1.0,1.0,0.0,98.0,8.688524590163935,1.0,dementia,3.117808219178082
sd8223,0.0,0,2.2470884979803,78.0,1.0,28.74361422684349,0,0,0,0,0.0,221.7142857142857,0.0,0.0,0.0,0.0,0.0,84.0,30.56300268096515,0.0,death,8.547945205479452
sd8224,0.0,0,2.2307632335735,75.0,1.0,30.80489458017256,0,0,0,0,0.0,179.57142857142856,0.0,0.0,1.0,0.0,0.0,100.0,4.143222506393862,,censor,11.945205479452055
sd8226,0.0,0,-2.0932050892725,76.0,1.0,23.22772288284331,0,0,0,0,0.0,149.25,0.0,0.0,0.0,0.0,0.0,93.0,1.0169491525423728,0.0,censor,10.002739726027396
sd8228,0.0,0,-5.9247664445427,89.0,1.0,26.262575585277343,0,0,0,0,0.0,95.03571428571428,0.0,0.0,0.0,0.0,0.0,91.0,10.372340425531917,0.0,death,8.345205479452055
sd8229,0.0,0,-1.1192544657038,69.0,1.0,25.66003285257098,0,0,0,0,0.0,142.28571428571428,0.0,1.0,0.0,0.0,0.0,100.0,8.64516129032258,0.0,censor,11.326027397260274
sd8231,0.0,1,1.8706986823009,86.0,1.0,26.89453216415921,0,0,0,0,1.0,95.14285714285714,0.0,1.0,1.0,0.0,0.0,89.0,45.05576208178439,0.0,dementia,3.158904109589041
sd8235,0.0,0,-10.4189241808152,90.0,1.0,23.471615566533423,0,0,0,0,0.0,167.0,0.0,1.0,0.0,0.0,0.0,80.0,1.0465116279069768,1.0,death,4.975342465753425
sd8239,0.0,0,-4.6125852357615,75.0,1.0,25.114537989819823,0,0,0,0,0.0,70.57142857142857,0.0,0.0,0.0,0.0,0.0,86.0,8.706624605678233,0.0,death,10.961643835616439
sd8240,0.0,0,-4.74644867697811,76.0,1.0,24.351471524019576,0,0,0,0,0.0,80.0,0.0,0.0,0.0,0.0,0.0,96.0,28.115183246073297,0.0,censor,10.186301369863013
sd8242,0.0,0,4.5890377926102,72.0,1.0,33.732223378425246,0,0,0,0,1.0,87.46428571428572,0.0,0.0,0.0,0.0,0.0,98.0,6.016713091922005,0.0,death,10.698630136986301
sd8243,0.0,1,-5.0733998740636,77.0,1.0,27.19643060398713,0,0,0,0,0.0,95.85714285714286,0.0,1.0,0.0,0.0,0.0,93.0,22.74418604651163,0.0,dementia,3.243835616438356
sd8246,0.0,0,5.0172037863568,72.0,1.0,34.49989486790512,0,0,1,1,1.0,300.2142857142857,0.0,1.0,0.0,0.0,0.0,94.0,11.721854304635762,0.0,censor,3.197260273972603
sd8247,0.0,0,-9.9228265014318,87.0,1.0,22.257472448072814,0,0,0,0,0.0,77.21428571428572,0.0,0.0,0.0,0.0,0.0,97.0,6.262626262626263,0.0,death,9.805479452054794
sd8249,0.0,1,-7.1838763633555,79.0,1.0,24.46047752307089,0,0,0,0,0.0,143.39285714285714,0.0,1.0,1.0,0.0,0.0,97.0,3.227383863080685,0.0,dementia,7.534246575342466
sd8251,0.0,0,9.9272352406806,70.0,1.0,26.55554380670559,0,0,0,0,0.0,56.42857142857143,0.0,1.0,0.0,0.0,1.0,97.0,11.715976331360949,,death,9.098630136986301
sd8254,0.0,0,0.151240212892404,81.0,1.0,27.70005554745181,0,0,0,0,0.0,50.71428571428572,0.0,1.0,0.0,0.0,0.0,93.0,4.52054794520548,,death,5.276712328767124
sd8256,0.0,0,-4.8326402386792,74.0,1.0,30.529155343352897,0,0,0,0,0.0,139.5,0.0,1.0,0.0,0.0,0.0,91.0,6.325301204819277,0.0,censor,11.139726027397261
sd8257,0.0,0,-1.4137791106149,77.0,1.0,22.3643304429466,0,0,0,0,0.0,62.71428571428572,1.0,0.0,0.0,0.0,0.0,92.0,6.153846153846154,1.0,censor,10.717808219178082
sd8261,0.0,0,-2.9264386078183,79.0,1.0,24.404652857398688,0,0,0,0,0.0,124.89285714285714,0.0,0.0,0.0,0.0,0.0,87.0,0.1869158878504672,,censor,10.235616438356164
sd8262,0.0,1,-9.2977410879624,73.0,1.0,33.159352477655624,0,0,0,0,0.0,111.0,0.0,1.0,1.0,0.0,0.0,93.0,35.604395604395606,0.0,dementia,7.739726027397261
sd8263,0.0,0,6.9304787894409,69.0,1.0,28.506234231980155,0,0,0,0,0.0,30.0,0.0,0.0,0.0,0.0,0.0,99.0,3.1058823529411765,0.0,censor,9.961643835616439
sd8265,0.0,0,-9.3462027311988,70.0,1.0,28.73974091338042,0,0,0,0,0.0,143.82142857142856,0.0,1.0,0.0,0.0,0.0,96.0,51.919770773638966,1.0,censor,10.684931506849315
sd8268,0.0,0,-5.7637187779288,69.0,1.0,27.73252601659822,0,0,0,0,0.0,134.10714285714286,0.0,1.0,0.0,0.0,0.0,95.0,12.639225181598064,0.0,censor,11.312328767123288
sd8269,0.0,0,-1.0133394237963,71.0,1.0,25.50434774460748,0,0,0,0,0.0,131.42857142857144,0.0,0.0,0.0,0.0,0.0,93.0,11.52317880794702,0.0,censor,10.873972602739727
sd8271,0.0,1,-7.01439299948299,87.0,1.0,23.73083259695656,0,0,0,0,0.0,84.42857142857143,0.0,0.0,1.0,0.0,0.0,99.0,3.870967741935484,0.0,dementia,1.2191780821917808
sd8275,0.0,1,-9.6062281580336,77.0,1.0,24.19976525348778,0,0,0,0,0.0,198.07142857142856,0.0,1.0,0.0,0.0,0.0,96.0,7.68,0.0,dementia,5.898630136986301
sd8277,1.0,0,-3.3647128120837,88.0,1.0,22.45872330852884,0,0,0,0,0.0,111.0,0.0,0.0,0.0,0.0,1.0,89.0,1.694915254237288,0.0,dementia,0.0
sd8279,0.0,0,-0.670030775969195,80.0,1.0,24.93140471675041,0,0,0,0,0.0,78.21428571428572,0.0,1.0,0.0,0.0,1.0,100.0,8.923076923076923,0.0,censor,3.1890410958904107
sd8280,0.0,0,0.696495805522105,73.0,1.0,26.966521920353056,0,0,0,0,0.0,146.28571428571428,1.0,1.0,0.0,0.0,0.0,84.0,3.582089552238806,0.0,death,1.536986301369863
sd8281,0.0,0,-18.2510036142593,81.0,1.0,28.2437107434486,0,0,0,0,0.0,72.5,0.0,0.0,0.0,0.0,0.0,94.0,13.900709219858156,0.0,death,8.134246575342466
sd8282,0.0,0,-1.5357623598067,77.0,1.0,29.86680459274153,0,0,0,0,0.0,87.96428571428572,0.0,0.0,0.0,0.0,0.0,99.0,20.410557184750733,0.0,censor,10.635616438356164
sd8284,0.0,0,-10.0739942299338,70.0,1.0,28.488368328703974,0,0,0,0,0.0,75.0,0.0,1.0,0.0,0.0,0.0,94.0,5.8474576271186445,1.0,censor,11.257534246575343
sd8286,0.0,0,-8.3091497046115,85.0,1.0,24.857787687210216,0,0,0,0,0.0,59.57142857142857,0.0,1.0,0.0,0.0,0.0,88.0,1.291866028708134,1.0,death,2.621917808219178
sd8289,0.0,0,0.851242938231195,79.0,1.0,24.0289768117614,0,0,0,0,0.0,62.5,0.0,0.0,0.0,1.0,0.0,95.0,10.136239782016348,,death,5.958904109589041
sd8291,0.0,0,-0.609332951873199,71.0,1.0,22.739522768968165,0,0,0,0,1.0,171.67857142857144,0.0,0.0,0.0,0.0,0.0,100.0,0.2877697841726618,0.0,censor,10.92876712328767
sd8294,0.0,0,-4.4471562297372,74.0,0.0,25.579299641953355,0,0,1,1,0.0,112.42857142857144,0.0,0.0,0.0,0.0,0.0,95.0,39.20168067226891,1.0,death,8.873972602739727
sd8297,0.0,0,-0.039818776945296,70.0,1.0,26.936703197751086,0,0,0,0,0.0,177.07142857142856,0.0,1.0,0.0,0.0,0.0,100.0,15.290858725761773,0.0,censor,11.523287671232877
sd8300,0.0,0,-3.5727161481331,81.0,1.0,25.393474551831805,0,0,0,0,0.0,150.85714285714286,0.0,1.0,0.0,1.0,0.0,97.0,0.3625377643504531,0.0,death,8.013698630136986
sd8306,0.0,0,-0.846071176361306,73.0,1.0,28.926198118278087,0,0,0,0,0.0,143.89285714285714,0.0,0.0,0.0,0.0,0.0,97.0,5.084745762711864,0.0,censor,10.10958904109589
sd8307,0.0,1,8.14226305025809,76.0,1.0,29.914510738561493,0,0,0,0,0.0,64.75,0.0,0.0,0.0,0.0,0.0,100.0,2.155688622754491,0.0,dementia,7.32054794520548
sd8309,0.0,0,-5.5208015694796,74.0,1.0,29.850028564680343,0,0,0,0,0.0,161.71428571428572,1.0,0.0,0.0,0.0,0.0,97.0,10.41564792176039,0.0,censor,10.317808219178081
sd8310,0.0,0,-4.2549080359663,71.0,1.0,23.247815938510502,0,0,0,0,0.0,174.57142857142856,0.0,0.0,1.0,0.0,0.0,95.0,4.604966139954853,0.0,death,7.145205479452055
sd8313,0.0,0,-0.934733890625907,72.0,1.0,28.51728940675149,0,0,0,0,0.0,118.21428571428572,0.0,1.0,1.0,0.0,0.0,97.0,18.38961038961039,0.0,death,2.967123287671233
sd8314,0.0,0,-1.862659231105,72.0,0.0,27.12779569748009,0,0,0,0,0.0,143.5,0.0,1.0,1.0,0.0,0.0,98.0,1.4555256064690028,1.0,censor,11.367123287671232
sd8316,0.0,0,4.50315162665041,80.0,1.0,24.3558592321916,0,0,0,0,0.0,120.0,0.0,1.0,1.0,0.0,0.0,87.0,29.570200573065904,1.0,death,11.517808219178082
sd8319,0.0,0,-9.4539492664872,86.0,1.0,27.10698211427301,0,0,0,0,0.0,143.21428571428572,0.0,1.0,0.0,0.0,0.0,91.0,35.60283687943262,0.0,death,10.27945205479452
sd8320,0.0,0,-8.1563282665804,73.0,1.0,22.147787788695844,0,0,0,0,0.0,75.71428571428572,0.0,1.0,0.0,0.0,0.0,98.0,7.552447552447552,0.0,censor,10.493150684931507
sd8321,0.0,0,-10.0293493938199,68.0,1.0,22.9595383264365,0,0,0,0,0.0,144.57142857142856,0.0,0.0,0.0,0.0,0.0,94.0,8.16326530612245,1.0,censor,10.638356164383561
sd8322,0.0,0,-3.3074409495968,68.0,1.0,25.038881726494772,0,0,0,0,0.0,290.0357142857143,0.0,0.0,0.0,0.0,0.0,100.0,4.157043879907621,0.0,censor,11.446575342465753
sd8324,0.0,0,-0.875557828774006,71.0,1.0,26.690679034272307,0,0,0,0,0.0,144.57142857142856,0.0,0.0,0.0,0.0,0.0,94.0,10.153846153846152,0.0,censor,3.0465753424657533
sd8325,0.0,1,-3.8433618979914,83.0,1.0,23.594822847697397,0,0,0,0,0.0,111.35714285714286,0.0,0.0,0.0,0.0,0.0,88.0,13.398058252427184,1.0,dementia,10.931506849315069
sd8327,0.0,0,-1.8700508650487,86.0,1.0,28.35637288630345,0,0,0,0,0.0,183.17857142857144,0.0,1.0,0.0,0.0,0.0,94.0,21.642857142857142,,death,9.013698630136986
sd8332,0.0,0,-3.1914854477515,72.0,1.0,26.69258845310026,0,0,0,0,0.0,132.78571428571428,0.0,1.0,0.0,0.0,0.0,84.0,4.02555910543131,0.0,death,7.208219178082191
sd8333,0.0,0,-6.6704611158532,80.0,1.0,26.28863064672346,0,0,0,0,0.0,108.25,0.0,0.0,0.0,0.0,0.0,95.0,32.17877094972067,0.0,censor,3.241095890410959
sd8335,0.0,0,-6.4668424103407,83.0,1.0,24.514308019215964,0,0,0,0,0.0,17.857142857142854,0.0,1.0,0.0,0.0,0.0,96.0,4.768211920529802,1.0,death,10.978082191780821
sd8336,0.0,0,-2.6033713738331,83.0,1.0,25.857128621433485,0,1,0,1,0.0,163.21428571428572,0.0,0.0,0.0,0.0,0.0,88.0,2.326869806094183,0.0,censor,5.501369863013698
sd8337,0.0,0,-1.1448570656604,72.0,1.0,32.37428311765647,0,0,0,0,0.0,171.17857142857144,0.0,1.0,0.0,0.0,0.0,98.0,83.15112540192926,0.0,censor,10.893150684931507
sd8339,0.0,0,-6.496709626645,80.0,1.0,28.02543904714746,0,0,0,0,0.0,59.64285714285714,0.0,0.0,0.0,0.0,0.0,95.0,0.7915567282321899,0.0,death,11.035616438356165
sd8341,0.0,0,0.887727902372902,70.0,1.0,25.522681827482263,0,0,0,0,0.0,156.46428571428572,0.0,1.0,0.0,0.0,0.0,93.0,0.8645533141210374,,censor,11.421917808219177
sd8342,0.0,0,-10.5643988290109,78.0,1.0,28.875299095485627,0,0,0,0,0.0,161.92857142857144,0.0,0.0,0.0,0.0,0.0,96.0,2.159383033419023,0.0,censor,10.27945205479452
sd8345,0.0,0,-8.3467058065698,75.0,1.0,25.858572201189837,0,0,0,0,0.0,138.0,0.0,0.0,0.0,0.0,0.0,97.0,2.326869806094183,0.0,censor,10.402739726027397
sd8346,0.0,0,-7.010032796394,81.0,1.0,24.47410317376555,0,0,0,0,0.0,89.57142857142857,0.0,0.0,0.0,0.0,0.0,90.0,0.1463414634146341,0.0,censor,9.87945205479452
sd8348,0.0,0,-7.2315737668839,82.0,1.0,25.307829657016235,0,0,0,0,0.0,74.57142857142857,0.0,0.0,0.0,0.0,0.0,100.0,0.2205882352941176,,censor,10.547945205479452
sd8349,0.0,0,3.52564170437989,85.0,1.0,26.01818792038569,0,0,0,0,0.0,63.57142857142857,0.0,0.0,0.0,0.0,0.0,91.0,0.0,,death,7.5479452054794525
sd8354,0.0,0,1.5963315587273,76.0,1.0,25.87182704344611,0,0,0,0,1.0,223.75,0.0,1.0,0.0,0.0,0.0,92.0,12.516129032258064,,censor,11.046575342465754
sd8356,0.0,0,2.9052965424617,77.0,1.0,25.12430714605454,0,0,0,0,0.0,147.85714285714286,0.0,1.0,0.0,0.0,0.0,97.0,20.205655526992288,,censor,11.597260273972603
sd8359,0.0,1,-0.279654049253807,79.0,0.0,20.449890063045057,0,1,0,1,0.0,111.78571428571428,0.0,1.0,0.0,0.0,0.0,84.0,1.6458852867830425,,dementia,5.427397260273972
sd8360,0.0,0,-1.08284589267809,79.0,1.0,22.81052643584488,0,0,0,0,0.0,112.17857142857144,1.0,0.0,1.0,0.0,0.0,98.0,0.8670520231213873,0.0,censor,11.753424657534246
sd8361,0.0,0,-6.9095884844451,69.0,1.0,28.6926667204848,0,0,0,0,1.0,54.0,0.0,0.0,0.0,0.0,0.0,96.0,2.282608695652174,1.0,censor,11.112328767123287
sd8362,0.0,0,-1.7053685750934,82.0,1.0,24.97605595111701,0,0,0,0,0.0,119.57142857142856,0.0,1.0,0.0,0.0,0.0,93.0,2.0437956204379564,,censor,11.463013698630137
sd8363,0.0,0,-8.5371517960585,82.0,1.0,26.094024789032,0,0,0,0,0.0,106.0,0.0,1.0,0.0,0.0,0.0,94.0,34.55172413793103,0.0,death,10.375342465753425
sd8364,0.0,0,-4.7104482666898,71.0,1.0,28.23077497947191,0,0,0,0,1.0,145.71428571428572,0.0,0.0,0.0,0.0,0.0,97.0,0.970873786407767,0.0,censor,11.241095890410959
sd8365,0.0,0,-5.1124542472575,85.0,1.0,29.52356712999072,0,0,0,0,0.0,91.42857142857144,0.0,1.0,0.0,0.0,0.0,91.0,3.217665615141956,0.0,death,4.7095890410958905
sd8368,0.0,0,0.424531705083993,68.0,1.0,25.375677044004632,0,0,0,0,0.0,112.42857142857144,0.0,1.0,0.0,0.0,0.0,99.0,26.722689075630253,0.0,censor,11.427397260273972
sd8370,0.0,1,-7.4724691510399,85.0,1.0,25.62900476380517,0,0,0,0,1.0,99.42857142857144,0.0,1.0,0.0,0.0,0.0,96.0,2.5961538461538463,,dementia,1.1726027397260275
sd8371,0.0,0,-5.413039601249,77.0,1.0,27.932952166225437,0,0,0,0,1.0,228.0,0.0,0.0,0.0,0.0,0.0,95.0,22.65129682997118,1.0,censor,11.367123287671232
sd8373,0.0,0,-12.8506540139601,75.0,1.0,30.51716532814531,0,0,0,0,0.0,183.39285714285717,1.0,0.0,0.0,0.0,0.0,96.0,12.986301369863014,1.0,censor,10.389041095890411
sd8375,0.0,0,0.396606601232705,78.0,1.0,25.238520514628284,0,0,0,0,0.0,167.42857142857144,0.0,0.0,0.0,0.0,0.0,97.0,21.0,,censor,10.205479452054794
sd8377,0.0,0,-13.1544238389908,81.0,1.0,29.636482652972237,0,0,0,0,0.0,67.85714285714286,0.0,1.0,0.0,0.0,0.0,95.0,5.903890160183066,,death,9.213698630136987
sd8379,0.0,0,-7.89130304732331,76.0,1.0,27.41270355458888,0,0,0,0,0.0,66.5,0.0,1.0,0.0,0.0,0.0,94.0,0.7086614173228346,,censor,6.534246575342466
sd8381,0.0,0,-6.7299357139846,75.0,1.0,22.90821829001471,0,0,0,0,1.0,101.53571428571428,0.0,1.0,0.0,1.0,1.0,92.0,0.5806451612903226,0.0,death,4.7315068493150685
sd8383,0.0,0,-0.388087881678103,81.0,1.0,29.270555796631108,0,0,0,0,0.0,192.42857142857144,1.0,0.0,0.0,0.0,0.0,96.0,32.76923076923077,0.0,death,3.7095890410958905
sd8386,1.0,0,2.4968360718933,73.0,1.0,27.97381407751787,0,0,0,0,0.0,25.714285714285715,0.0,1.0,0.0,1.0,0.0,88.0,12.92817679558011,0.0,dementia,0.0
sd8388,0.0,0,1.52085009944879,71.0,1.0,26.45694015775034,0,0,0,0,0.0,268.5,0.0,0.0,1.0,0.0,0.0,96.0,6.134663341645886,0.0,censor,11.216438356164383
sd8393,0.0,0,-6.4137393140012,68.0,1.0,31.198976997053357,0,0,1,1,0.0,127.46428571428572,0.0,1.0,0.0,0.0,0.0,94.0,7.976878612716763,0.0,censor,10.032876712328767
sd8394,1.0,0,0.408414861486094,81.0,0.0,22.59821883569123,0,1,0,1,0.0,128.17857142857144,1.0,0.0,0.0,0.0,0.0,76.0,0.0,,death,8.46027397260274
sd8395,0.0,0,-10.5636249102338,85.0,1.0,24.347807652943047,0,0,0,0,1.0,89.21428571428572,1.0,0.0,0.0,0.0,0.0,100.0,9.038461538461538,,death,6.2904109589041095
sd8400,0.0,1,-3.8259250303329,75.0,1.0,26.0412510883933,0,0,0,0,0.0,156.39285714285717,0.0,1.0,0.0,0.0,0.0,95.0,6.947368421052632,,dementia,1.093150684931507
sd8402,0.0,1,2.1218533067938,79.0,1.0,24.17888594792057,0,0,0,0,0.0,75.71428571428572,0.0,0.0,0.0,0.0,0.0,96.0,0.16,0.0,dementia,3.3123287671232875
sd8405,0.0,0,-2.8658858338609,71.0,1.0,29.28763783713776,0,0,0,0,0.0,193.89285714285717,0.0,1.0,0.0,0.0,0.0,98.0,25.432835820895523,1.0,censor,6.498630136986302
sd8407,0.0,0,-3.18209802393351,68.0,1.0,23.879755919308963,0,0,0,0,0.0,197.53571428571428,0.0,0.0,0.0,0.0,0.0,96.0,0.6685236768802229,0.0,censor,10.96986301369863
sd8412,0.0,0,0.516487922787604,83.0,1.0,27.31860167633145,0,0,0,0,0.0,87.92857142857143,0.0,0.0,0.0,1.0,1.0,90.0,0.9125475285171104,0.0,death,8.367123287671232
sd8415,0.0,0,1.8538351264434,69.0,1.0,31.507141036785672,0,0,0,0,1.0,173.85714285714286,0.0,1.0,0.0,0.0,0.0,96.0,10.08,0.0,death,9.547945205479452
sd8419,1.0,0,0.914044014781993,87.0,1.0,24.99218764428509,0,0,0,0,0.0,174.57142857142856,0.0,1.0,0.0,0.0,0.0,74.0,2.7480916030534357,0.0,death,9.128767123287671
sd8421,0.0,0,-0.226336081478095,92.0,1.0,25.324308175294863,0,0,0,0,0.0,56.75,0.0,1.0,0.0,0.0,0.0,85.0,25.631067961165048,,death,10.216438356164383
sd8423,0.0,0,-3.43165150339409,83.0,1.0,26.541866724259112,0,0,0,0,0.0,160.85714285714286,0.0,0.0,0.0,0.0,0.0,92.0,25.4,0.0,censor,10.791780821917808
sd8424,0.0,0,-7.3741849493962,69.0,1.0,30.87353113481737,0,0,0,0,0.0,65.71428571428572,0.0,0.0,0.0,0.0,0.0,100.0,52.95,0.0,censor,10.07123287671233
sd8433,0.0,0,1.8941610079417,83.0,1.0,21.76547039688929,0,0,0,0,0.0,280.6071428571429,0.0,1.0,0.0,0.0,0.0,95.0,15.737704918032788,0.0,censor,3.3835616438356166
sd8436,0.0,0,2.1497083308715,74.0,1.0,36.2619648816949,0,0,0,0,0.0,111.0,0.0,1.0,0.0,0.0,0.0,95.0,4.705882352941177,,censor,10.257534246575343
sd8443,0.0,0,-8.88606936382431,84.0,1.0,23.169759728727065,0,0,0,0,0.0,172.96428571428572,0.0,0.0,0.0,0.0,0.0,97.0,4.868735083532219,0.0,censor,10.01095890410959
sd8448,0.0,1,-6.2964609154206,86.0,1.0,25.215559494237468,0,0,0,0,0.0,66.42857142857143,0.0,1.0,1.0,0.0,0.0,95.0,7.051792828685259,,dementia,3.372602739726027
sd8450,0.0,0,1.04073665214,78.0,1.0,26.377050739017484,0,0,0,0,1.0,13.821428571428571,0.0,1.0,0.0,0.0,0.0,88.0,1.87012987012987,0.0,censor,3.6082191780821917
sd8451,0.0,0,-7.6535644924886,85.0,1.0,30.789195265489653,0,0,0,0,0.0,127.71428571428572,0.0,0.0,0.0,0.0,0.0,91.0,20.20408163265306,0.0,death,3.410958904109589
sd8458,0.0,0,-12.2744301272345,71.0,1.0,26.01280608281728,0,0,0,0,0.0,102.42857142857144,0.0,1.0,0.0,0.0,0.0,96.0,39.608801955990224,0.0,censor,10.906849315068493
sd8462,0.0,1,-6.62635718151689,80.0,1.0,31.73973417972625,0,0,0,0,0.0,111.0,0.0,0.0,1.0,0.0,0.0,92.0,45.04615384615385,0.0,dementia,6.556164383561644
sd8463,0.0,0,-9.20019069545241,88.0,1.0,21.970483437833025,0,0,0,0,0.0,72.5,1.0,0.0,1.0,0.0,0.0,99.0,3.185840707964602,1.0,death,7.542465753424658
sd8467,0.0,0,-4.2828668194223,77.0,1.0,33.33693619417241,0,0,0,0,1.0,172.21428571428572,1.0,1.0,0.0,0.0,0.0,96.0,4.25531914893617,0.0,death,7.594520547945206
sd8468,0.0,0,-8.076046256385,88.0,1.0,24.41169153732461,0,0,0,0,0.0,82.07142857142857,0.0,1.0,0.0,1.0,0.0,97.0,6.372745490981964,0.0,death,7.010958904109589
sd8475,0.0,0,-2.8783243594893,79.0,1.0,21.21706382358012,0,0,0,0,0.0,62.60714285714286,0.0,1.0,0.0,0.0,0.0,97.0,1.6216216216216215,1.0,censor,10.03013698630137
sd8476,0.0,0,2.2526704593713,73.0,1.0,24.040864408259427,0,0,0,0,0.0,221.7142857142857,0.0,1.0,0.0,0.0,0.0,97.0,6.104651162790698,0.0,censor,11.008219178082191
sd8477,0.0,1,-15.2703722254034,86.0,0.0,28.309899946699893,0,0,1,1,0.0,50.0,0.0,1.0,0.0,0.0,0.0,96.0,12.43421052631579,0.0,dementia,5.47945205479452
sd8482,0.0,0,-13.3858535352644,83.0,1.0,23.92342575601373,0,0,0,0,0.0,243.0,0.0,1.0,0.0,0.0,0.0,92.0,11.69811320754717,0.0,censor,10.863013698630137
sd8484,0.0,0,5.75192200819831,79.0,1.0,31.656294893965818,0,0,0,0,0.0,122.42857142857144,1.0,1.0,0.0,0.0,0.0,97.0,7.346938775510204,0.0,death,10.35890410958904
sd8487,0.0,0,-0.588533557872495,83.0,1.0,25.24399682097325,0,0,0,0,0.0,95.28571428571428,0.0,1.0,0.0,0.0,0.0,92.0,10.607734806629834,0.0,death,7.824657534246575
sd8489,0.0,1,-2.9342243954077,74.0,0.0,28.374752499091585,0,0,0,0,0.0,196.7142857142857,0.0,1.0,0.0,0.0,0.0,89.0,0.6896551724137931,0.0,dementia,3.6027397260273974
sd8490,0.0,1,-3.34123710472279,86.0,1.0,17.897572194331843,0,0,0,0,1.0,40.96428571428572,0.0,1.0,0.0,0.0,0.0,91.0,26.27027027027027,0.0,dementia,1.1479452054794521
sd8493,0.0,0,-0.319353597754997,74.0,1.0,26.454059625237512,0,0,0,0,0.0,169.21428571428572,0.0,1.0,0.0,1.0,0.0,98.0,22.69736842105263,,death,9.172602739726027
sd8494,0.0,1,-4.3891929068412,84.0,1.0,30.59434368860138,0,0,0,0,0.0,46.42857142857143,1.0,0.0,0.0,0.0,0.0,88.0,14.24802110817942,1.0,dementia,3.506849315068493
sd8495,0.0,1,1.8360441787258,70.0,1.0,25.246465741665126,0,0,0,0,0.0,263.57142857142856,0.0,0.0,0.0,0.0,0.0,99.0,25.072046109510087,1.0,dementia,11.334246575342465
sd8496,0.0,0,-0.415804649975399,71.0,1.0,24.03570857975826,0,1,0,1,0.0,173.0,0.0,0.0,0.0,0.0,0.0,97.0,4.488778054862843,0.0,censor,10.723287671232876
sd8497,0.0,0,-13.0496891628183,81.0,1.0,29.49702116502308,0,0,0,0,0.0,63.14285714285714,1.0,0.0,1.0,0.0,1.0,95.0,7.522935779816514,0.0,death,7.375342465753425
sd8498,0.0,0,-5.94202776458221,72.0,1.0,21.456817206320743,0,0,0,0,0.0,124.0,0.0,0.0,0.0,0.0,0.0,93.0,13.415233415233416,1.0,death,10.69041095890411
sd8499,0.0,1,-17.3917501868701,89.0,1.0,26.678205100979,0,0,0,0,0.0,102.25,1.0,0.0,0.0,0.0,0.0,97.0,4.726027397260274,0.0,dementia,3.4602739726027396
sd8501,1.0,0,-1.3951276234862,80.0,0.0,30.41358018280788,0,0,0,0,0.0,66.07142857142857,0.0,0.0,0.0,0.0,0.0,79.0,12.027027027027026,0.0,death,2.6027397260273974
sd8503,1.0,0,3.2613228369855,78.0,1.0,28.59945348231861,0,0,0,0,1.0,110.0,0.0,0.0,0.0,0.0,1.0,79.0,0.7476635514018691,0.0,death,11.315068493150685
sd8506,0.0,0,-4.63559794390569,77.0,1.0,29.722648649893923,0,0,0,0,0.0,266.8571428571429,0.0,0.0,1.0,0.0,0.0,97.0,14.941634241245136,1.0,censor,11.235616438356164
sd8507,0.0,1,1.74563372756759,80.0,1.0,26.29166601862347,0,0,0,0,0.0,99.82142857142856,0.0,0.0,0.0,0.0,0.0,96.0,3.1003039513677813,,dementia,1.2246575342465753
sd8509,0.0,0,-6.8293095663235,82.0,1.0,25.42529585798816,0,0,0,0,0.0,133.67857142857144,0.0,0.0,0.0,0.0,0.0,100.0,15.251798561151078,0.0,censor,10.219178082191782
sd8516,0.0,0,-3.46804949637701,83.0,1.0,28.37207320505177,0,0,0,0,0.0,206.7142857142857,0.0,1.0,1.0,0.0,0.0,95.0,22.23938223938224,1.0,death,8.095890410958905
sd8517,0.0,0,2.1572494257361,81.0,1.0,24.55734684657156,0,0,0,0,0.0,155.39285714285714,0.0,1.0,0.0,0.0,0.0,93.0,11.027027027027026,,censor,10.09041095890411
sd8518,0.0,1,-3.3338113372411,81.0,1.0,30.932238393835185,0,0,0,0,0.0,171.57142857142856,0.0,0.0,1.0,0.0,1.0,89.0,81.08695652173913,0.0,dementia,3.5424657534246577
sd8519,0.0,0,1.614720586857,76.0,1.0,24.51542876308234,0,0,0,0,0.0,239.92857142857144,0.0,0.0,0.0,0.0,0.0,96.0,1.0909090909090908,0.0,censor,10.553424657534247
sd8521,0.0,1,0.2793095702133,78.0,1.0,30.414035247793173,0,0,0,0,0.0,202.7142857142857,0.0,0.0,0.0,0.0,0.0,100.0,4.109589041095891,1.0,dementia,1.0904109589041096
sd8522,0.0,0,0.590842846482104,74.0,1.0,30.89502276065174,0,0,0,0,0.0,120.0,1.0,0.0,1.0,0.0,0.0,96.0,29.66139954853273,0.0,death,5.583561643835616
sd8525,0.0,1,0.701930381196107,82.0,1.0,26.203221385086348,0,0,0,0,0.0,174.57142857142856,0.0,1.0,1.0,0.0,1.0,89.0,1.263157894736842,1.0,dementia,3.4712328767123286
sd8528,0.0,0,-3.1324000626368,78.0,1.0,23.368183455183047,0,0,0,0,1.0,122.53571428571428,0.0,0.0,0.0,0.0,0.0,94.0,10.62634989200864,,censor,10.254794520547945
sd8530,0.0,1,5.80296328879879,69.0,1.0,26.531653040429298,0,0,0,0,0.0,179.39285714285714,0.0,0.0,0.0,0.0,1.0,92.0,9.842271293375394,0.0,dementia,10.89041095890411
sd8531,0.0,0,0.117332578764803,81.0,1.0,24.758069867610008,0,0,0,0,0.0,156.57142857142856,0.0,0.0,0.0,0.0,0.0,84.0,36.98863636363637,,death,5.367123287671233
sd8532,0.0,0,-4.2149869016819,84.0,1.0,27.343374246061718,0,0,0,0,1.0,38.25,0.0,1.0,0.0,0.0,0.0,89.0,1.78343949044586,0.0,censor,10.591780821917808
sd8537,0.0,0,-3.6758579148707,78.0,1.0,29.07781038132133,0,0,0,0,0.0,133.28571428571428,0.0,1.0,0.0,0.0,0.0,98.0,11.584158415841584,0.0,censor,11.068493150684931
sd8538,0.0,1,-1.3724678141285,75.0,1.0,25.814394503519694,0,0,0,0,0.0,104.25,0.0,1.0,0.0,0.0,,100.0,3.782234957020057,0.0,dementia,10.169863013698631
sd8544,0.0,1,-5.84528767003781,77.0,0.0,24.6659230228162,0,0,1,1,0.0,154.14285714285714,0.0,1.0,0.0,0.0,0.0,88.0,0.4455445544554455,1.0,dementia,5.676712328767123
sd8545,0.0,0,-5.8759511505929,75.0,1.0,29.47043546990854,0,0,1,1,0.0,215.17857142857144,0.0,1.0,0.0,0.0,0.0,95.0,36.04743083003952,0.0,censor,10.413698630136986
sd8547,0.0,1,-6.1025524109202,78.0,1.0,24.76325126863881,0,0,0,0,0.0,340.32142857142856,0.0,0.0,0.0,0.0,0.0,96.0,3.658536585365854,0.0,dementia,0.9041095890410958
sd8549,0.0,0,-4.5873448382663,76.0,1.0,33.852437969138656,0,0,0,0,0.0,89.96428571428572,0.0,1.0,0.0,0.0,1.0,90.0,34.48504983388705,1.0,death,3.2
sd8553,0.0,0,-8.05447791026479,75.0,1.0,30.95032608550555,0,0,0,0,0.0,84.0,0.0,1.0,0.0,0.0,0.0,95.0,23.013698630136982,0.0,death,6.671232876712328
sd8554,1.0,0,-6.6248818377648,84.0,1.0,26.695223035533555,0,0,0,0,0.0,59.64285714285714,0.0,0.0,0.0,0.0,0.0,79.0,13.228346456692911,0.0,death,4.3863013698630136
sd8556,0.0,0,-13.9687575536141,79.0,1.0,28.70023331767973,0,0,0,0,0.0,154.46428571428572,0.0,1.0,0.0,0.0,0.0,97.0,18.88,1.0,death,1.6958904109589041
sd8559,0.0,1,-4.6835083629435,80.0,1.0,25.46930988233267,0,0,0,0,1.0,125.89285714285714,0.0,1.0,0.0,0.0,0.0,92.0,18.498659517426272,1.0,dementia,10.421917808219177
sd8560,0.0,0,-1.29398357355051,76.0,1.0,31.45292744622009,0,0,0,0,0.0,176.67857142857144,0.0,1.0,0.0,0.0,0.0,96.0,50.56768558951965,0.0,censor,10.241095890410959
sd8564,0.0,0,-7.26042793826581,76.0,1.0,30.04300893911283,0,0,0,0,1.0,111.0,0.0,1.0,0.0,0.0,0.0,91.0,12.110091743119266,0.0,censor,10.761643835616438
sd8565,0.0,0,-3.5170420773651,75.0,1.0,24.626359935771628,0,0,0,0,0.0,29.392857142857142,0.0,0.0,1.0,0.0,0.0,94.0,3.0303030303030303,0.0,censor,6.575342465753424
sd8568,0.0,1,-1.28751301501801,82.0,1.0,27.418973287794504,0,0,0,0,1.0,40.71428571428572,0.0,1.0,0.0,0.0,1.0,93.0,8.06941431670282,0.0,dementia,1.1972602739726028
sd8569,0.0,0,2.0249713251488,78.0,1.0,27.338921546906505,0,0,0,0,1.0,92.57142857142856,1.0,1.0,1.0,0.0,0.0,100.0,11.16279069767442,0.0,death,4.515068493150685
sd8571,0.0,0,-7.3179686257967,80.0,0.0,23.90003387406376,0,1,0,1,0.0,69.57142857142857,1.0,1.0,0.0,0.0,0.0,91.0,26.96035242290749,0.0,death,10.608219178082193
sd8573,0.0,0,-1.2148115530926,73.0,1.0,26.966521920353056,0,0,0,0,0.0,88.57142857142857,0.0,0.0,0.0,0.0,0.0,98.0,4.190476190476191,0.0,death,2.797260273972603
sd8575,0.0,0,2.49340639527949,75.0,1.0,22.55439356956485,0,0,0,0,0.0,124.21428571428572,0.0,1.0,0.0,0.0,0.0,95.0,32.7979274611399,0.0,death,5.326027397260274
sd8585,0.0,0,3.5947149814759,69.0,1.0,31.322254144114112,0,0,0,0,0.0,283.07142857142856,1.0,1.0,1.0,0.0,0.0,89.0,6.548672566371682,1.0,death,11.36986301369863
sd8586,0.0,0,-9.78417522755861,74.0,1.0,30.255431643618238,0,0,0,0,0.0,145.0,0.0,1.0,1.0,0.0,0.0,95.0,4.510250569476082,0.0,censor,11.161643835616438
sd8588,0.0,0,-7.2073081407781,70.0,1.0,26.78860618941264,0,0,0,0,0.0,328.3571428571429,0.0,0.0,0.0,0.0,0.0,97.0,2.930591259640103,0.0,censor,10.421917808219177
sd8589,0.0,1,-2.0352963502385,71.0,1.0,25.59541289042551,0,0,1,1,0.0,175.21428571428572,0.0,0.0,0.0,0.0,0.0,97.0,14.46808510638298,0.0,dementia,3.547945205479452
sd8590,0.0,0,-11.400818861196,76.0,1.0,27.166120592694018,0,0,0,0,0.0,197.4642857142857,0.0,0.0,0.0,1.0,0.0,91.0,0.1418439716312056,1.0,censor,10.454794520547946
sd8591,0.0,0,-4.8932625218155,73.0,1.0,28.91014158779291,0,0,0,0,0.0,147.25,0.0,1.0,0.0,0.0,0.0,96.0,6.129032258064516,0.0,censor,3.2794520547945205
sd8592,0.0,1,-10.1041892507355,75.0,1.0,,0,0,0,0,0.0,14.999999999999998,0.0,1.0,0.0,0.0,0.0,95.0,20.406976744186046,1.0,dementia,10.956164383561644
sd8593,0.0,0,3.2523194724979,73.0,1.0,26.882896850949965,0,0,0,0,0.0,56.42857142857143,0.0,1.0,1.0,0.0,0.0,95.0,2.8125,0.0,censor,3.147945205479452
sd8596,0.0,0,-13.3608521787643,74.0,1.0,25.961918198459497,0,0,0,0,1.0,199.1071428571429,0.0,1.0,1.0,0.0,0.0,93.0,6.996466431095406,0.0,censor,3.4465753424657533
sd8599,0.0,0,2.113877124374,75.0,1.0,29.38679346746449,0,0,0,0,0.0,48.75,0.0,1.0,0.0,0.0,0.0,97.0,8.116710875331565,0.0,death,6.441095890410959
sd8601,0.0,0,-2.9461338116143,75.0,1.0,26.654635805014557,0,0,0,0,0.0,123.14285714285714,0.0,0.0,0.0,0.0,0.0,91.0,2.2073578595317724,0.0,censor,10.194520547945206
sd8602,0.0,0,-5.8558044034674,79.0,1.0,27.84533778249328,0,1,0,1,0.0,25.0,1.0,0.0,1.0,0.0,0.0,89.0,44.96,0.0,death,2.6684931506849314
sd8606,0.0,0,-4.32157879027901,75.0,0.0,26.005975915190746,0,0,0,0,0.0,219.42857142857144,0.0,1.0,0.0,0.0,0.0,98.0,7.989949748743719,0.0,censor,10.106849315068493
sd8609,0.0,0,-9.0085311760006,74.0,1.0,25.53625344069489,0,0,0,0,1.0,171.0,0.0,1.0,0.0,0.0,0.0,96.0,37.277227722772274,0.0,censor,10.780821917808218
sd8610,0.0,1,1.5095615339343,70.0,0.0,34.145209398587774,0,0,0,0,1.0,187.2142857142857,0.0,1.0,0.0,0.0,0.0,85.0,3.445945945945946,0.0,dementia,11.145205479452056
sd8614,0.0,0,-4.0001930056799,70.0,1.0,26.833610054937022,0,0,0,0,0.0,313.2142857142857,0.0,1.0,0.0,0.0,0.0,94.0,12.586206896551724,1.0,censor,10.087671232876712
sd8616,0.0,1,-2.09332647607209,82.0,1.0,22.17685230337772,0,0,0,0,0.0,144.57142857142856,0.0,1.0,1.0,0.0,0.0,98.0,5.113636363636363,0.0,dementia,3.5835616438356164
sd8617,0.0,0,0.0600799545016031,73.0,1.0,24.35646282270441,0,0,0,0,0.0,141.0,0.0,0.0,0.0,0.0,0.0,97.0,7.2,0.0,censor,9.915068493150685
sd8618,0.0,1,-4.98968932460529,81.0,0.0,31.10609503509019,0,0,0,0,0.0,57.5,1.0,1.0,1.0,0.0,0.0,88.0,25.384615384615383,0.0,dementia,3.9095890410958902
sd8619,0.0,0,-18.2779659076729,70.0,1.0,26.478652229741755,0,0,0,0,0.0,187.42857142857144,0.0,1.0,1.0,0.0,0.0,100.0,15.164835164835164,0.0,censor,11.542465753424658
sd8621,0.0,0,-3.01369719909781,71.0,1.0,24.74427589069416,0,0,0,0,0.0,193.2142857142857,0.0,0.0,0.0,0.0,0.0,98.0,8.823529411764707,0.0,censor,10.347945205479451
sd8624,1.0,0,-5.2037793847051,81.0,1.0,25.89204284205827,0,0,0,0,0.0,62.14285714285714,0.0,1.0,1.0,0.0,1.0,73.0,27.906976744186046,0.0,death,5.7095890410958905
sd8628,0.0,0,-7.5729750152265,75.0,1.0,28.06544768737701,0,0,0,0,0.0,231.78571428571428,0.0,0.0,0.0,0.0,0.0,99.0,9.67741935483871,0.0,censor,10.663013698630136
sd8629,1.0,0,0.126389413647104,69.0,1.0,21.30399563161924,0,1,0,1,0.0,179.57142857142856,0.0,0.0,0.0,0.0,0.0,76.0,30.118577075098813,0.0,censor,0.0
sd8630,0.0,0,-9.8291694337246,72.0,0.0,27.1699170197122,0,0,0,0,0.0,122.42857142857144,1.0,1.0,0.0,0.0,0.0,93.0,14.278481012658228,0.0,censor,10.975342465753425
sd8632,0.0,0,-6.4719593447209,71.0,0.0,27.121263411610347,0,0,0,0,0.0,116.0,0.0,0.0,0.0,0.0,0.0,93.0,4.4141689373297,0.0,censor,11.66027397260274
sd8636,0.0,0,5.75714535918389,74.0,1.0,25.63109051279202,0,0,0,0,0.0,168.14285714285714,0.0,0.0,0.0,0.0,0.0,92.0,7.835051546391752,0.0,death,9.002739726027396
sd8638,0.0,1,-2.306730271506,73.0,1.0,32.56250626322591,0,0,0,0,0.0,236.25,0.0,0.0,0.0,0.0,0.0,92.0,2.926829268292683,0.0,dementia,1.3232876712328767
sd8639,0.0,0,2.8439580355161,74.0,1.0,37.177367181472576,0,0,0,0,0.0,55.0,1.0,0.0,1.0,0.0,0.0,85.0,6.929577464788732,0.0,death,2.0383561643835617
sd8640,0.0,0,-10.5256464696684,76.0,1.0,24.04322610874815,0,0,0,0,1.0,273.2142857142857,0.0,0.0,0.0,0.0,0.0,96.0,11.36094674556213,0.0,censor,9.838356164383562
sd8646,0.0,1,-1.3977151650525,71.0,1.0,25.854699577357863,0,1,0,1,1.0,62.14285714285714,0.0,1.0,0.0,0.0,1.0,88.0,3.1578947368421053,0.0,dementia,5.8054794520547945
sd8650,0.0,1,4.50321582777519,73.0,1.0,27.425014565505894,0,0,1,1,1.0,301.8571428571429,0.0,0.0,0.0,0.0,1.0,91.0,0.0,0.0,dementia,10.821917808219178
sd8652,0.0,0,-8.4927555332863,81.0,1.0,40.53748359951138,0,0,0,0,0.0,61.42857142857143,1.0,0.0,0.0,0.0,0.0,98.0,49.50495049504951,,death,11.452054794520548
sd8653,0.0,1,-5.857577200075,82.0,1.0,25.90592735418896,0,0,0,0,0.0,25.0,1.0,1.0,1.0,0.0,0.0,94.0,9.269662921348315,,dementia,3.5835616438356164
sd8662,0.0,0,-9.5515041426067,70.0,1.0,21.984843390321497,0,0,0,0,0.0,212.3571428571429,0.0,1.0,0.0,0.0,0.0,100.0,0.4597701149425287,,censor,9.805479452054794
sd8664,0.0,0,-11.0059104650139,72.0,1.0,32.31890875418152,0,0,0,0,0.0,136.71428571428572,1.0,1.0,1.0,0.0,0.0,88.0,20.89887640449438,,censor,10.778082191780822
sd8666,0.0,0,-5.9915457338722,73.0,1.0,41.78978314426736,0,0,0,0,0.0,169.92857142857144,0.0,0.0,0.0,0.0,0.0,100.0,25.6271186440678,,death,8.780821917808218
sd8667,0.0,0,-17.2716205043823,90.0,1.0,27.134604765262832,0,0,0,0,0.0,105.67857142857144,0.0,1.0,0.0,1.0,0.0,82.0,34.60916442048517,,death,2.6054794520547944
sd8668,0.0,0,2.10151741462229,83.0,1.0,25.03267867936414,0,0,0,0,0.0,143.71428571428572,0.0,1.0,0.0,0.0,0.0,92.0,0.0,,censor,11.063013698630137
sd8669,0.0,0,2.2008151169193,73.0,0.0,34.24961495288068,0,0,0,0,0.0,65.64285714285714,0.0,1.0,0.0,0.0,0.0,86.0,3.13953488372093,,death,7.021917808219178
sd8671,0.0,0,-5.166937629711,79.0,1.0,25.703502986784844,0,0,0,0,0.0,109.28571428571428,0.0,0.0,0.0,0.0,0.0,91.0,21.20689655172414,,censor,10.597260273972603
sd8673,0.0,0,-4.70310844785951,82.0,0.0,28.268385384498053,0,0,0,0,0.0,137.14285714285714,0.0,0.0,0.0,0.0,0.0,95.0,21.605504587155963,,death,8.646575342465754
sd8675,0.0,0,1.3774668493931,69.0,1.0,21.569332674737694,0,0,0,0,1.0,172.03571428571428,0.0,0.0,0.0,0.0,0.0,84.0,10.030395136778116,,censor,11.586301369863014
sd8676,0.0,0,-4.9294042769568,73.0,1.0,26.645849138249016,0,0,0,0,0.0,140.96428571428572,0.0,0.0,0.0,0.0,0.0,96.0,7.032418952618454,,censor,11.142465753424657
sd8678,0.0,0,-6.24452879124,76.0,1.0,30.29143358258285,0,0,0,0,0.0,68.14285714285714,0.0,1.0,0.0,0.0,0.0,94.0,28.17258883248731,,death,5.695890410958904
sd8685,0.0,0,-9.5822298419627,73.0,1.0,25.731093547869275,0,0,0,0,0.0,53.35714285714286,0.0,0.0,0.0,0.0,0.0,100.0,3.7611940298507465,,censor,9.652054794520549
sd8687,0.0,1,-6.64929770918521,81.0,1.0,27.818184778568284,0,0,0,0,0.0,156.64285714285714,0.0,1.0,0.0,0.0,0.0,97.0,1.836734693877551,,dementia,5.463013698630137
sd8688,0.0,0,-1.90156232983691,71.0,1.0,29.152436539314905,0,0,0,0,0.0,259.42857142857144,0.0,1.0,0.0,0.0,0.0,87.0,34.6964856230032,,death,8.942465753424658
sd8689,0.0,0,-15.4121815312181,71.0,1.0,29.92657064618275,0,0,0,0,0.0,101.85714285714286,0.0,1.0,0.0,0.0,0.0,97.0,3.2432432432432434,,death,9.827397260273973
sd8691,0.0,0,-10.1943263853152,70.0,1.0,30.93947491376556,0,0,0,0,0.0,143.5,0.0,0.0,0.0,0.0,0.0,87.0,11.764705882352942,0.0,censor,10.663013698630136
sd8692,0.0,0,-8.5834555347306,72.0,1.0,30.220241557384977,0,0,0,0,1.0,165.35714285714286,0.0,1.0,1.0,0.0,0.0,86.0,42.781065088757394,0.0,death,3.180821917808219
sd8694,0.0,0,-5.554061295008,71.0,1.0,22.56681517818381,0,0,0,0,0.0,130.07142857142856,0.0,1.0,0.0,0.0,0.0,100.0,10.788643533123029,,censor,9.906849315068493
sd8695,0.0,0,-8.8803956201356,72.0,1.0,27.299673584041933,0,0,0,0,0.0,33.57142857142857,0.0,0.0,1.0,0.0,0.0,93.0,14.232558139534884,0.0,censor,11.487671232876712
sd8696,0.0,1,-4.859529587989,69.0,1.0,22.4265511336834,1,0,0,1,0.0,201.78571428571428,0.0,1.0,0.0,0.0,0.0,97.0,13.730407523510973,1.0,dementia,9.643835616438356
sd8697,0.0,0,-6.86359781403191,71.0,1.0,26.04527503967241,0,0,0,0,0.0,176.14285714285717,1.0,0.0,0.0,0.0,0.0,95.0,6.683168316831683,0.0,censor,11.101369863013698
sd8699,0.0,0,-13.0636636120615,71.0,1.0,25.588844003932667,0,0,0,0,0.0,157.82142857142856,0.0,1.0,0.0,0.0,0.0,91.0,17.56578947368421,,censor,10.235616438356164
sd8701,0.0,0,-19.9165272543994,82.0,1.0,26.058384049263456,0,0,0,0,0.0,284.17857142857144,0.0,1.0,0.0,0.0,0.0,100.0,31.9672131147541,1.0,death,7.232876712328767
sd8702,1.0,0,0.0668449426731996,72.0,1.0,25.80932791852538,0,0,0,0,0.0,248.25,1.0,1.0,0.0,1.0,0.0,75.0,6.252771618625277,0.0,censor,0.0
sd8703,0.0,0,-6.84240176888331,76.0,1.0,26.06832937418473,0,0,0,0,0.0,164.17857142857144,0.0,0.0,0.0,0.0,0.0,97.0,0.9554140127388536,1.0,censor,10.005479452054795
sd8706,0.0,0,-11.3628559320518,69.0,1.0,32.32963631408723,0,0,0,0,0.0,201.82142857142856,0.0,1.0,0.0,0.0,0.0,99.0,10.47887323943662,0.0,censor,10.830136986301369
sd8707,0.0,0,1.6541994982671,71.0,0.0,28.81989283905377,0,0,1,1,0.0,230.0,1.0,1.0,0.0,0.0,0.0,95.0,1.9584569732937684,0.0,death,7.517808219178082
sd8709,0.0,0,7.2631244794306,70.0,1.0,25.95564362295337,0,0,0,0,0.0,138.14285714285714,0.0,1.0,0.0,0.0,0.0,98.0,3.4760705289672544,1.0,censor,3.758904109589041
sd8710,0.0,0,-5.3838976600431,69.0,1.0,25.035137959558018,0,0,0,0,0.0,239.07142857142856,0.0,0.0,1.0,0.0,0.0,92.0,5.138888888888889,0.0,censor,11.0
sd8711,0.0,1,2.48976214299741,71.0,0.0,31.85808369806244,0,0,0,0,0.0,187.42857142857144,0.0,0.0,0.0,0.0,0.0,84.0,0.8287292817679558,0.0,dementia,11.356164383561644
sd8712,0.0,0,-4.7541792392348,73.0,1.0,25.452682601458022,0,0,0,0,1.0,203.25,0.0,0.0,0.0,0.0,1.0,97.0,25.3125,1.0,death,10.652054794520549
sd8713,0.0,0,-0.2700839602565,73.0,1.0,32.37260129870867,0,0,0,0,0.0,76.39285714285714,1.0,1.0,0.0,0.0,0.0,96.0,24.0,0.0,censor,11.479452054794521
sd8714,0.0,0,3.8624905300682,71.0,1.0,24.81758752528252,0,0,0,0,1.0,324.32142857142856,0.0,0.0,0.0,0.0,0.0,94.0,2.513089005235602,1.0,censor,10.449315068493151
sd8717,0.0,0,-11.0916659900444,84.0,1.0,30.978180717964005,0,0,0,0,0.0,42.89285714285714,0.0,1.0,0.0,0.0,0.0,96.0,23.15217391304348,0.0,censor,11.506849315068493
sd8719,0.0,0,0.139416113547597,74.0,0.0,27.628933256209624,0,0,0,0,1.0,2.142857142857143,0.0,0.0,1.0,0.0,0.0,98.0,7.544910179640719,0.0,death,3.728767123287671
sd8722,0.0,1,-1.39492170259081,72.0,1.0,27.46762168838448,0,0,0,0,0.0,109.82142857142856,0.0,1.0,0.0,0.0,0.0,96.0,14.498714652956298,1.0,dementia,10.75068493150685
sd8724,0.0,0,-2.54148301350151,75.0,1.0,23.17000595120016,0,0,0,0,0.0,142.42857142857144,0.0,0.0,0.0,0.0,0.0,86.0,3.875598086124402,1.0,censor,10.27945205479452
sd8726,0.0,0,-5.4114934359572,70.0,1.0,28.40908174818074,0,0,0,0,0.0,271.92857142857144,0.0,0.0,0.0,0.0,0.0,99.0,0.962566844919786,0.0,death,8.830136986301369
sd8734,0.0,0,-11.9278147210762,69.0,1.0,23.666355574860184,0,0,0,0,1.0,167.39285714285714,0.0,0.0,1.0,0.0,0.0,100.0,21.806981519507183,1.0,censor,9.745205479452055
sd8736,1.0,0,-6.1872016230686,71.0,0.0,24.896349520142287,0,1,0,1,0.0,154.96428571428572,1.0,1.0,0.0,0.0,0.0,66.0,29.054441260744987,0.0,dementia,0.0
sd8737,0.0,1,-0.984933845178304,80.0,0.0,26.92762134510218,0,0,0,0,0.0,121.64285714285714,0.0,0.0,0.0,0.0,0.0,94.0,21.418439716312054,0.0,dementia,1.1123287671232878
sd8744,0.0,0,-7.1046373692798,76.0,1.0,27.01615887998176,0,0,0,0,0.0,264.8571428571429,0.0,1.0,0.0,0.0,0.0,97.0,8.372093023255815,1.0,censor,10.89041095890411
sd8745,0.0,0,-5.9269777994764,77.0,1.0,28.718589354870836,0,0,0,0,0.0,148.10714285714286,0.0,0.0,0.0,0.0,0.0,97.0,7.424749163879599,1.0,death,10.07123287671233
sd8746,0.0,0,-3.680653265353,69.0,1.0,25.01521251446884,0,0,0,0,0.0,94.57142857142856,0.0,1.0,0.0,0.0,0.0,97.0,0.1626016260162601,0.0,censor,10.745205479452055
sd8747,0.0,0,3.3380312184926,82.0,1.0,23.64616085081973,0,1,0,1,1.0,50.71428571428572,0.0,1.0,0.0,1.0,0.0,82.0,4.7560975609756095,0.0,death,2.5506849315068494
sd8748,0.0,0,-6.6201500046254,77.0,1.0,24.92649211160736,0,0,0,0,1.0,98.21428571428572,0.0,0.0,0.0,0.0,0.0,93.0,1.875,2.0,death,9.33972602739726
sd8749,0.0,0,-10.5918539637826,70.0,1.0,31.76675979944884,0,0,0,0,0.0,216.7142857142857,0.0,1.0,1.0,0.0,0.0,94.0,35.3757225433526,0.0,censor,10.638356164383561
sd8752,0.0,0,-12.5345085155514,74.0,1.0,25.10808244866574,0,0,0,0,0.0,194.3571428571429,0.0,0.0,0.0,0.0,0.0,97.0,11.548117154811717,0.0,censor,11.465753424657533
sd8757,0.0,0,-4.1472003834981,77.0,1.0,23.132942998366914,0,1,0,1,0.0,144.57142857142856,0.0,1.0,0.0,0.0,0.0,96.0,21.176470588235293,,censor,10.901369863013699
sd8759,0.0,0,0.237203729410595,73.0,1.0,27.214975482248864,0,0,0,0,1.0,81.0,0.0,1.0,0.0,0.0,0.0,90.0,10.847457627118644,1.0,death,7.189041095890411
sd8760,0.0,0,-3.33267985879711,73.0,1.0,20.55568878687177,0,0,0,0,0.0,171.0,0.0,0.0,1.0,1.0,0.0,92.0,9.172932330827068,1.0,death,10.084931506849315
sd8761,1.0,0,-9.135038640331,75.0,1.0,30.020741242993346,0,0,1,1,0.0,253.17857142857144,0.0,1.0,0.0,0.0,0.0,79.0,17.011494252873565,0.0,censor,0.0
sd8767,1.0,0,-6.190942469749,83.0,0.0,35.951162604413064,0,1,0,1,0.0,30.357142857142858,1.0,1.0,1.0,1.0,0.0,73.0,9.473684210526317,0.0,death,2.175342465753425
sd8771,0.0,0,-2.435507674262,74.0,1.0,28.08957061830913,0,0,0,0,1.0,267.42857142857144,0.0,1.0,0.0,0.0,0.0,98.0,4.895397489539749,0.0,censor,11.356164383561644
sd8772,0.0,0,-3.09290151594671,78.0,1.0,28.32673099971492,0,0,0,0,0.0,191.28571428571428,0.0,0.0,0.0,0.0,0.0,95.0,5.051020408163265,0.0,death,6.884931506849315
sd8773,0.0,0,-5.2086127775512,73.0,1.0,32.49032039119502,0,0,0,0,0.0,51.0,0.0,1.0,0.0,0.0,0.0,90.0,41.61764705882353,1.0,censor,11.463013698630137
sd8774,0.0,1,-7.80672806554399,81.0,1.0,24.592434670188176,0,1,0,1,0.0,50.71428571428572,0.0,1.0,0.0,0.0,0.0,88.0,3.0508474576271185,,dementia,10.33972602739726
sd8775,0.0,0,-1.55423871885711,74.0,1.0,23.487216562613373,0,1,0,1,0.0,238.17857142857144,0.0,0.0,0.0,0.0,0.0,88.0,5.1063829787234045,1.0,censor,6.16986301369863
sd8776,0.0,0,-3.4266024899736,72.0,1.0,26.360861383826585,0,0,0,0,0.0,172.25,0.0,1.0,1.0,0.0,0.0,98.0,16.518987341772153,0.0,censor,10.372602739726027
sd8778,0.0,0,-10.866131890004,72.0,1.0,28.273824403689524,0,0,0,0,0.0,98.14285714285715,0.0,1.0,0.0,0.0,0.0,100.0,8.976377952755906,,censor,11.161643835616438
sd8779,0.0,0,-5.92977063199331,74.0,1.0,28.151430979058084,0,0,1,1,0.0,72.85714285714286,0.0,0.0,0.0,0.0,0.0,91.0,32.293577981651374,0.0,censor,11.038356164383561
sd8780,0.0,0,2.2405738413222,70.0,1.0,27.89567977683456,0,0,0,0,1.0,100.82142857142856,0.0,1.0,0.0,1.0,0.0,99.0,16.345514950166113,0.0,censor,11.03013698630137
sd8781,0.0,0,3.2567357477763,69.0,0.0,25.18700235141958,0,0,1,1,0.0,342.9642857142857,0.0,0.0,0.0,0.0,0.0,92.0,12.081447963800905,0.0,censor,10.956164383561644
sd8783,0.0,0,2.5004180985221,77.0,1.0,21.32620176844025,0,1,0,1,1.0,154.21428571428572,0.0,1.0,0.0,0.0,0.0,98.0,2.272727272727273,0.0,death,6.646575342465753
sd8786,0.0,0,-4.1727105345491,71.0,1.0,21.964957655680077,0,0,0,0,1.0,150.0,0.0,1.0,0.0,0.0,0.0,99.0,14.454545454545457,0.0,censor,10.693150684931506
sd8788,0.0,0,1.1537519764516,71.0,1.0,31.60034596130172,0,0,0,0,1.0,118.71428571428572,0.0,1.0,0.0,0.0,0.0,99.0,21.017964071856287,0.0,death,2.0821917808219177
sd8789,0.0,0,-5.5373866730497,71.0,1.0,33.79628134355368,0,0,0,0,0.0,180.2142857142857,0.0,1.0,0.0,0.0,0.0,97.0,36.88073394495413,0.0,censor,10.112328767123287
sd8790,0.0,0,-1.9463030075364,84.0,1.0,28.28262157203818,0,0,0,0,0.0,92.96428571428572,1.0,1.0,1.0,0.0,0.0,90.0,16.216216216216218,0.0,death,5.8712328767123285
sd8792,0.0,0,-8.4469335218497,70.0,1.0,20.43276847711979,0,1,0,1,0.0,231.7142857142857,0.0,0.0,0.0,0.0,0.0,85.0,2.779291553133515,0.0,censor,11.183561643835617
sd8794,0.0,0,5.3867115710823,70.0,1.0,30.601601662492115,0,0,0,0,0.0,179.57142857142856,0.0,1.0,0.0,0.0,0.0,92.0,4.8414985590778095,0.0,censor,10.778082191780822
sd8796,0.0,0,-3.6270062113586,70.0,1.0,26.967537578776152,0,0,0,0,0.0,237.0,0.0,1.0,0.0,0.0,0.0,99.0,17.73049645390071,0.0,censor,10.964383561643835
sd8799,0.0,0,-7.6558098084097,78.0,1.0,21.946491343578028,0,0,0,0,0.0,173.03571428571428,1.0,1.0,0.0,0.0,0.0,89.0,0.0,0.0,censor,9.490410958904109
sd8803,0.0,0,1.8253860810045,70.0,1.0,25.387396585859342,0,1,0,1,0.0,146.25,0.0,0.0,0.0,0.0,0.0,96.0,7.284345047923322,,censor,11.424657534246576
sd8804,0.0,0,-6.605543392071,75.0,1.0,22.89329582699583,0,1,0,1,0.0,125.71428571428572,0.0,0.0,0.0,0.0,0.0,89.0,8.01007556675063,0.0,censor,6.6
sd8805,0.0,0,6.1088084187552,73.0,1.0,36.48893361368504,0,0,0,0,1.0,50.71428571428572,0.0,1.0,0.0,0.0,0.0,90.0,7.777777777777778,0.0,censor,3.852054794520548
sd8807,0.0,0,-8.14952707397519,78.0,1.0,27.940308491127272,0,0,0,0,0.0,135.78571428571428,0.0,1.0,0.0,0.0,0.0,91.0,5.594855305466238,0.0,censor,3.73972602739726
sd8809,0.0,0,2.74157336936121,79.0,1.0,26.38251342372909,0,0,0,0,0.0,166.17857142857142,0.0,1.0,0.0,0.0,0.0,98.0,9.185667752442995,0.0,death,10.802739726027397
sd8810,0.0,1,-21.0195447353548,72.0,1.0,26.03812020754579,0,0,0,0,0.0,134.67857142857144,0.0,0.0,0.0,0.0,0.0,98.0,10.06711409395973,1.0,dementia,3.5123287671232877
sd8811,0.0,0,0.748153310312304,71.0,1.0,27.702499247214696,0,0,0,0,0.0,147.85714285714286,0.0,0.0,0.0,0.0,0.0,96.0,22.5,0.0,censor,11.172602739726027
sd8813,0.0,0,-2.92349533829049,72.0,1.0,24.857283898110644,0,0,0,0,0.0,135.03571428571428,0.0,1.0,0.0,0.0,0.0,100.0,3.4782608695652173,1.0,death,11.947945205479453
sd8816,0.0,0,-1.5002777113252,78.0,1.0,27.431151626612007,0,0,0,0,0.0,119.57142857142856,1.0,0.0,1.0,0.0,0.0,93.0,3.4693877551020407,1.0,death,6.049315068493151
sd8818,0.0,0,8.41558619410139,75.0,1.0,32.84806817177491,0,0,0,0,1.0,93.42857142857144,0.0,1.0,1.0,0.0,0.0,88.0,1.4323607427055702,0.0,censor,11.145205479452056
sd8820,0.0,0,-3.73209562312419,76.0,1.0,27.634954584002266,0,0,0,0,0.0,161.89285714285714,0.0,0.0,0.0,0.0,0.0,88.0,25.321100917431192,0.0,death,9.586301369863014
sd8821,0.0,1,-0.841868509814006,76.0,1.0,25.973815147604324,0,0,0,0,0.0,97.71428571428572,0.0,0.0,0.0,0.0,0.0,98.0,6.190476190476191,0.0,dementia,10.884931506849314
sd8822,0.0,0,-3.14356134633989,74.0,1.0,30.378306575108294,0,0,0,0,1.0,82.14285714285714,0.0,0.0,0.0,0.0,0.0,99.0,8.219178082191782,1.0,censor,12.128767123287671
sd8823,0.0,0,-1.7224163861322,76.0,1.0,21.643334238383805,0,0,0,0,0.0,165.89285714285714,1.0,1.0,0.0,0.0,0.0,99.0,3.6,0.0,death,11.860273972602739
sd8824,0.0,0,-13.3642149280825,77.0,1.0,27.597178594329595,0,0,0,0,0.0,86.0,0.0,1.0,0.0,0.0,0.0,98.0,16.62162162162162,0.0,censor,11.087671232876712
sd8825,0.0,0,-5.1504354106606,69.0,1.0,26.07266213913977,1,0,0,1,0.0,136.42857142857144,0.0,0.0,0.0,0.0,0.0,100.0,0.7272727272727273,0.0,censor,10.432876712328767
sd8828,0.0,0,-0.716276823457605,78.0,1.0,32.961773740221545,0,0,0,0,0.0,135.5,0.0,0.0,0.0,0.0,0.0,89.0,4.402173913043479,0.0,censor,10.202739726027398
sd8829,0.0,1,-9.7973065052646,77.0,1.0,24.89058584927221,0,0,0,0,1.0,242.92857142857144,0.0,0.0,0.0,0.0,0.0,84.0,2.9702970297029703,2.0,dementia,0.9863013698630136
sd8830,0.0,0,-6.3759059647636,79.0,1.0,28.56277236699947,0,0,0,0,0.0,249.4642857142857,0.0,0.0,0.0,0.0,1.0,90.0,5.62962962962963,1.0,death,3.0054794520547947
sd8831,0.0,0,-18.6125833265558,79.0,1.0,27.25039266762266,0,0,0,0,0.0,50.0,0.0,1.0,0.0,0.0,0.0,93.0,29.75476839237057,0.0,death,4.235616438356164
sd8834,0.0,0,0.206343556141803,72.0,1.0,28.661482499129505,0,0,0,0,1.0,70.64285714285714,0.0,1.0,0.0,0.0,0.0,99.0,20.39408866995074,,censor,10.72054794520548
sd8835,0.0,0,-10.4401451433651,77.0,1.0,23.03303725943997,0,0,0,0,0.0,166.71428571428572,0.0,0.0,1.0,0.0,0.0,96.0,13.204633204633204,1.0,death,12.01095890410959
sd8836,0.0,0,-8.1172896806738,72.0,1.0,26.110611168501336,0,0,1,1,0.0,80.75,1.0,1.0,0.0,0.0,1.0,85.0,20.47477744807121,0.0,censor,10.153424657534247
sd8841,0.0,0,-3.05321806441989,73.0,1.0,31.589860899571867,0,0,0,0,0.0,199.10714285714283,0.0,0.0,0.0,0.0,0.0,97.0,10.851063829787234,0.0,censor,10.605479452054794
sd8842,0.0,0,-3.8476993594536,75.0,1.0,23.68000595991161,0,0,0,0,0.0,132.71428571428572,0.0,0.0,1.0,0.0,0.0,94.0,2.0,0.0,censor,3.6356164383561644
sd8844,0.0,0,-6.8116971302464,76.0,1.0,29.740905547196725,0,0,0,0,0.0,212.28571428571428,0.0,0.0,0.0,0.0,0.0,96.0,7.409638554216867,0.0,censor,10.917808219178083
sd8849,0.0,0,0.806038976307505,74.0,1.0,26.974727802739,0,0,0,0,1.0,129.21428571428572,0.0,0.0,1.0,0.0,0.0,95.0,16.684491978609625,1.0,censor,9.857534246575343
sd8854,0.0,0,-11.2294289252479,79.0,1.0,24.65228664249789,0,0,0,0,0.0,114.57142857142856,0.0,1.0,0.0,0.0,0.0,100.0,8.219178082191782,0.0,death,11.295890410958904
sd8855,0.0,0,-3.723238516436,73.0,1.0,29.79152040536003,0,0,0,0,0.0,163.5,1.0,1.0,0.0,0.0,0.0,97.0,4.901960784313726,0.0,death,3.3424657534246576
sd8858,0.0,1,-13.2261927769434,76.0,1.0,22.913520056528014,0,0,0,0,0.0,236.42857142857144,0.0,0.0,0.0,1.0,0.0,93.0,8.1203007518797,1.0,dementia,3.7041095890410958
sd8863,0.0,1,1.99072878206179,70.0,1.0,24.94559821488698,0,0,0,0,0.0,259.42857142857144,0.0,1.0,0.0,0.0,0.0,95.0,18.2,1.0,dementia,10.816438356164383
sd8865,0.0,0,-1.4980920440386,73.0,1.0,29.9680699367967,0,0,0,0,0.0,310.5,0.0,1.0,0.0,0.0,0.0,97.0,28.88888888888889,0.0,censor,10.271232876712329
sd8866,0.0,0,-8.5885788123823,80.0,1.0,26.922484152535148,0,0,0,0,0.0,269.7857142857143,0.0,0.0,0.0,0.0,0.0,98.0,3.795620437956204,0.0,censor,9.95068493150685
sd8868,0.0,1,-1.97889226445911,74.0,1.0,18.09072109933748,0,0,0,0,0.0,37.5,0.0,0.0,0.0,0.0,0.0,85.0,34.36265709156194,2.0,dementia,3.802739726027397
sd8869,0.0,0,-8.386914238554,75.0,1.0,27.538159072235025,0,0,0,0,1.0,221.7142857142857,0.0,1.0,0.0,0.0,0.0,97.0,6.631578947368421,1.0,death,9.810958904109588
sd8870,0.0,0,0.627641822052894,75.0,1.0,25.7830367300024,0,0,0,0,0.0,387.9642857142857,0.0,0.0,0.0,0.0,0.0,88.0,5.313174946004319,1.0,censor,3.7424657534246575
sd8871,0.0,0,-5.3188390109934,73.0,1.0,24.738561507622915,0,0,0,0,0.0,118.0,0.0,1.0,0.0,0.0,0.0,100.0,12.080536912751676,0.0,censor,11.254794520547945
sd8872,0.0,1,-8.61827647058369,74.0,1.0,27.47750749579048,0,0,0,0,0.0,260.0,0.0,1.0,0.0,0.0,0.0,93.0,8.847926267281107,0.0,dementia,1.0191780821917809
sd8873,0.0,0,-0.691625809856802,73.0,1.0,28.173743170232896,0,0,0,0,0.0,144.57142857142856,0.0,1.0,1.0,0.0,0.0,81.0,6.146341463414634,0.0,censor,10.898630136986302
sd8876,0.0,0,-2.15053240820519,79.0,1.0,24.668947501960695,0,0,0,0,0.0,177.32142857142856,0.0,0.0,0.0,0.0,0.0,93.0,33.7888198757764,1.0,censor,10.912328767123288
sd8877,0.0,0,-24.065563280049,79.0,0.0,25.253032612643956,0,0,0,0,0.0,250.42857142857144,0.0,1.0,1.0,0.0,0.0,91.0,5.187319884726225,1.0,censor,11.243835616438357
sd8878,0.0,0,2.2620022261993,79.0,0.0,25.078221259536125,0,0,0,0,0.0,131.71428571428572,0.0,1.0,0.0,0.0,0.0,94.0,4.070796460176991,0.0,death,9.726027397260275
sd8879,0.0,0,1.83445733568691,72.0,1.0,23.843491565288637,1,0,0,1,0.0,194.57142857142856,0.0,0.0,0.0,0.0,0.0,94.0,3.5036496350364965,1.0,death,11.87945205479452
sd8880,0.0,1,-3.1667214413723,74.0,1.0,25.303490468457785,0,0,0,0,0.0,165.57142857142858,0.0,0.0,0.0,0.0,0.0,90.0,2.0240963855421685,0.0,dementia,3.797260273972603
sd8881,0.0,0,-8.74353815398651,73.0,1.0,29.509176965757707,0,0,0,0,0.0,92.5,0.0,1.0,0.0,0.0,0.0,90.0,32.493297587131366,1.0,censor,11.391780821917807
sd8882,0.0,0,4.0668890085667,78.0,1.0,24.509058577012027,0,0,0,0,1.0,129.35714285714286,0.0,0.0,0.0,0.0,0.0,89.0,0.4743083003952569,1.0,death,8.490410958904109
sd8885,0.0,0,-1.7340402148787,74.0,1.0,23.598846363548358,0,0,0,0,0.0,89.28571428571429,0.0,1.0,1.0,0.0,0.0,91.0,5.2105263157894735,0.0,censor,9.819178082191781
sd8886,0.0,1,-3.6179797165764,74.0,1.0,22.75385078017976,0,0,0,0,0.0,144.32142857142856,1.0,1.0,1.0,0.0,0.0,99.0,10.103626943005182,1.0,dementia,5.583561643835616
sd8887,0.0,0,-0.119368265633099,76.0,1.0,27.86677011727901,0,0,0,0,0.0,146.5,1.0,0.0,0.0,0.0,0.0,99.0,17.848101265822784,0.0,censor,10.936986301369863
sd8889,0.0,0,12.1441363769231,76.0,1.0,20.01900291234436,0,0,1,1,0.0,58.57142857142857,0.0,1.0,0.0,0.0,0.0,87.0,36.0989010989011,1.0,death,4.136986301369863
sd8890,0.0,0,-2.13669874963981,79.0,1.0,23.885932318387127,0,0,0,0,0.0,116.21428571428572,1.0,1.0,1.0,0.0,0.0,95.0,26.018957345971565,0.0,death,3.8438356164383563
sd8892,0.0,1,-0.399155960723903,74.0,1.0,25.746037633652055,0,0,0,0,1.0,370.8571428571429,0.0,0.0,0.0,0.0,0.0,98.0,12.272727272727272,0.0,dementia,10.906849315068493
sd8893,0.0,0,-4.4158308099091,74.0,0.0,27.53654843081608,0,0,0,0,0.0,337.42857142857144,0.0,1.0,0.0,0.0,0.0,84.0,15.9375,1.0,death,9.956164383561644
sd8897,0.0,0,-3.7692547430176,73.0,0.0,21.417593318424807,0,0,0,0,0.0,140.32142857142856,0.0,0.0,0.0,0.0,0.0,95.0,0.7523510971786834,0.0,death,7.197260273972603
sd8899,0.0,1,-2.4761195813462,73.0,1.0,30.08021277792617,0,0,0,0,1.0,167.28571428571428,0.0,1.0,0.0,0.0,0.0,99.0,6.367924528301887,0.0,dementia,11.03013698630137
sd8911,0.0,0,6.1243234676482,69.0,1.0,23.89432205870085,0,0,0,0,0.0,185.7142857142857,0.0,1.0,0.0,0.0,0.0,97.0,0.1630434782608695,1.0,censor,11.424657534246576
sd8915,0.0,1,-5.29250073427041,72.0,1.0,24.55301372131497,0,0,0,0,0.0,63.57142857142857,0.0,0.0,0.0,0.0,0.0,96.0,6.554621848739496,0.0,dementia,1.1726027397260275
sd8916,0.0,0,-3.9471903166411,86.0,0.0,24.160756633842333,0,0,0,0,0.0,116.10714285714286,0.0,1.0,0.0,0.0,0.0,90.0,16.051948051948052,0.0,death,7.726027397260274
sd8918,0.0,0,-4.4125076735622,70.0,1.0,30.73871747221747,0,0,0,0,0.0,144.21428571428572,0.0,1.0,0.0,0.0,0.0,98.0,6.0136674259681095,0.0,censor,10.687671232876712
sd8919,0.0,0,-7.0078271445195,71.0,1.0,27.07092384288464,0,0,0,0,1.0,147.89285714285714,0.0,0.0,0.0,0.0,0.0,95.0,11.75,0.0,censor,10.175342465753424
sd8920,0.0,0,-13.9033689686262,86.0,1.0,27.67570116568615,0,0,0,0,0.0,116.46428571428572,0.0,1.0,0.0,0.0,0.0,95.0,8.01980198019802,1.0,censor,3.8986301369863012
sd8923,0.0,0,-5.9591144857668,74.0,1.0,28.50581371155852,0,0,0,0,0.0,128.25,0.0,0.0,0.0,0.0,0.0,88.0,34.00593471810089,0.0,death,5.284931506849315
sd8926,0.0,0,-0.151221830361706,76.0,1.0,32.53808020516514,0,0,0,0,0.0,63.0,0.0,1.0,0.0,0.0,0.0,88.0,29.662921348314608,1.0,death,9.936986301369863
sd8927,0.0,0,-4.6085131917494,80.0,1.0,27.446840984033376,0,0,0,0,0.0,95.71428571428572,0.0,0.0,0.0,0.0,0.0,96.0,9.130434782608695,0.0,censor,11.263013698630138
sd8929,0.0,0,-7.5922796098072,69.0,1.0,29.71803669055201,0,0,1,1,0.0,127.71428571428572,0.0,1.0,0.0,0.0,0.0,97.0,4.0,0.0,censor,11.471232876712328
sd8933,0.0,1,-6.3934806842483,78.0,1.0,27.892801960679847,0,0,0,0,0.0,205.92857142857144,0.0,1.0,0.0,0.0,0.0,93.0,23.05263157894737,1.0,dementia,1.1369863013698631
sd8934,0.0,0,-1.2620255149082,72.0,1.0,25.19920635762714,0,0,0,0,0.0,30.0,1.0,1.0,0.0,0.0,0.0,95.0,36.0,0.0,censor,10.56986301369863
sd8938,0.0,0,-7.3203405924307,72.0,1.0,30.586842266246546,0,0,1,1,0.0,144.57142857142856,0.0,1.0,0.0,0.0,0.0,99.0,13.795620437956204,0.0,censor,11.558904109589042
sd8939,0.0,0,3.86302052288541,72.0,1.0,37.122831545595815,0,0,0,0,0.0,161.71428571428572,0.0,0.0,0.0,0.0,0.0,98.0,7.039106145251397,1.0,death,5.079452054794521
sd8940,0.0,0,-5.9692579550244,81.0,0.0,25.618843331635752,0,0,0,0,0.0,86.0,0.0,1.0,0.0,0.0,0.0,86.0,8.256880733944953,2.0,death,8.238356164383562
sd8941,0.0,0,0.565913967072802,75.0,1.0,25.14584361526531,0,0,0,0,0.0,193.82142857142856,0.0,0.0,0.0,0.0,0.0,100.0,0.7361963190184049,0.0,censor,9.832876712328767
sd8942,0.0,0,-4.6865252261792,68.0,1.0,26.22754847446193,0,0,0,0,0.0,267.92857142857144,0.0,0.0,0.0,0.0,0.0,100.0,11.912832929782082,0.0,censor,11.008219178082191
sd8943,0.0,0,-7.1030413976072,72.0,1.0,26.98141607465365,0,0,0,0,0.0,217.6071428571429,0.0,0.0,0.0,0.0,0.0,93.0,12.28486646884273,,censor,9.868493150684932
sd8944,0.0,0,-5.7954186441842,78.0,1.0,30.227304302436742,0,0,0,0,0.0,118.39285714285714,1.0,0.0,0.0,0.0,0.0,83.0,5.49738219895288,1.0,death,6.421917808219178
sd8946,0.0,0,-9.3464834837075,79.0,1.0,25.029760996306585,0,0,0,0,0.0,93.21428571428572,0.0,0.0,0.0,0.0,0.0,96.0,20.119760479041915,1.0,censor,10.295890410958904
sd8947,0.0,1,-5.26590081715401,79.0,0.0,28.137441230250293,0,0,0,0,0.0,112.42857142857144,0.0,1.0,0.0,0.0,0.0,89.0,20.65573770491803,0.0,dementia,0.6493150684931507
sd8948,0.0,0,2.146470139382,73.0,1.0,25.05072730969648,0,0,0,0,0.0,25.0,0.0,0.0,0.0,0.0,0.0,97.0,2.3741007194244603,0.0,death,7.115068493150685
sd8949,0.0,0,-2.1217838548643,73.0,1.0,21.65520588060672,0,0,0,0,0.0,181.82142857142856,0.0,0.0,0.0,0.0,0.0,97.0,1.6058394160583942,1.0,censor,11.158904109589042
sd8950,0.0,0,-18.0845481559287,79.0,1.0,25.790675579771523,0,0,0,0,0.0,103.75,0.0,1.0,0.0,0.0,0.0,95.0,3.333333333333333,1.0,death,1.747945205479452
sd8951,0.0,0,3.83707174260989,68.0,1.0,27.384494115134824,0,0,0,0,0.0,63.57142857142857,1.0,1.0,0.0,0.0,0.0,96.0,7.313432835820896,0.0,censor,3.8575342465753426
sd8958,0.0,0,0.140146503111495,70.0,1.0,26.67909861844956,0,0,0,0,0.0,204.2142857142857,0.0,1.0,0.0,0.0,0.0,96.0,4.9046321525885554,0.0,censor,9.761643835616438
sd8960,0.0,0,-4.86948941642351,72.0,1.0,27.04017215222804,0,0,0,0,0.0,187.5,0.0,0.0,0.0,0.0,0.0,95.0,13.18032786885246,1.0,censor,11.156164383561643
sd8964,0.0,0,-11.7160146317551,72.0,1.0,26.908014707105448,0,0,0,0,1.0,144.89285714285714,0.0,0.0,0.0,0.0,0.0,96.0,62.93948126801153,0.0,censor,10.652054794520549
sd8967,0.0,0,-2.7300862141778,72.0,1.0,28.2621217586038,0,0,0,0,0.0,68.25,0.0,1.0,0.0,0.0,0.0,98.0,7.586206896551724,0.0,censor,11.038356164383561
sd8969,0.0,0,-2.8124237197312,72.0,1.0,32.3562973959287,0,0,0,0,0.0,123.96428571428572,0.0,1.0,0.0,0.0,0.0,93.0,13.893129770992369,0.0,censor,10.736986301369862
sd8972,0.0,0,3.2920620514008,72.0,1.0,24.86331503275251,0,0,0,0,0.0,150.64285714285714,1.0,1.0,0.0,0.0,0.0,97.0,0.1652892561983471,0.0,censor,10.446575342465753
sd8977,0.0,0,4.0653063722006,77.0,1.0,24.590492269758077,0,0,1,1,0.0,134.14285714285714,0.0,0.0,0.0,0.0,0.0,90.0,17.339449541284402,0.0,death,2.6301369863013697
sd8978,1.0,0,-2.4084136565549,71.0,1.0,31.566740876832213,0,0,0,0,0.0,27.5,1.0,0.0,0.0,0.0,0.0,90.0,4.9156626506024095,0.0,dementia,0.0
sd8979,0.0,0,1.32024846827019,69.0,1.0,25.561480328866867,0,0,0,0,0.0,157.42857142857144,0.0,0.0,0.0,0.0,0.0,99.0,1.1898016997167138,0.0,censor,10.893150684931507
sd8982,0.0,0,0.187273175900302,72.0,1.0,27.9605124973745,0,0,0,0,0.0,214.5,0.0,0.0,0.0,0.0,0.0,97.0,15.630252100840336,1.0,censor,9.95068493150685
sd8986,0.0,0,-7.0836022664497,71.0,1.0,28.897959183673468,0,0,0,0,1.0,58.21428571428572,0.0,1.0,0.0,0.0,0.0,95.0,3.939393939393939,0.0,censor,10.813698630136987
sd8987,0.0,0,11.3542284648075,70.0,1.0,25.943023470496207,0,0,0,0,0.0,170.60714285714286,0.0,0.0,0.0,0.0,0.0,91.0,2.7586206896551726,0.0,censor,11.2
sd8991,0.0,0,0.444695237742195,72.0,1.0,27.66018583089083,0,0,0,0,0.0,213.25,0.0,0.0,0.0,0.0,0.0,97.0,9.86737400530504,0.0,censor,11.161643835616438
sd8993,0.0,1,-0.594838346229196,72.0,1.0,23.866474827109897,0,0,0,0,0.0,266.7142857142857,0.0,0.0,0.0,0.0,0.0,96.0,6.967741935483871,0.0,dementia,3.1616438356164385
sd8995,0.0,0,-1.9159141531603,71.0,0.0,26.104889445793194,0,0,0,0,0.0,196.7142857142857,0.0,1.0,0.0,0.0,0.0,93.0,4.285714285714286,0.0,death,5.071232876712329
sd8996,0.0,1,-3.8239722964132,72.0,0.0,35.40679166193004,0,0,0,0,0.0,181.0,0.0,0.0,0.0,0.0,0.0,96.0,51.50812064965197,0.0,dementia,1.0
sd8997,0.0,0,-0.790737594517196,72.0,0.0,30.59263722762036,0,0,0,0,0.0,81.32142857142857,0.0,0.0,0.0,0.0,0.0,92.0,10.53658536585366,0.0,censor,11.216438356164383
sd8998,0.0,0,-5.08256816373741,71.0,1.0,26.200283918561475,0,0,0,0,1.0,163.5,0.0,0.0,0.0,0.0,0.0,94.0,8.217054263565892,1.0,censor,11.424657534246576
sd8999,0.0,0,1.9465398698472,72.0,0.0,25.455965792481354,0,0,1,1,0.0,339.57142857142856,0.0,0.0,0.0,0.0,0.0,93.0,1.8660287081339717,0.0,censor,11.2986301369863
sd9000,0.0,0,1.2265311002302,71.0,1.0,25.31408747408659,0,0,0,0,0.0,102.07142857142856,0.0,1.0,0.0,0.0,0.0,95.0,1.4555256064690028,0.0,death,12.098630136986301
sd9001,0.0,0,-7.2761701249388,71.0,1.0,21.245857057873717,0,1,0,1,0.0,116.0,1.0,1.0,0.0,0.0,0.0,97.0,0.5700712589073634,0.0,censor,10.643835616438356
sd9003,0.0,1,-18.0900647207123,71.0,1.0,36.33516325012309,0,0,0,0,0.0,37.5,0.0,1.0,0.0,0.0,0.0,96.0,48.994974874371856,0.0,dementia,1.0657534246575342
sd9006,0.0,0,-2.4337130109718,71.0,1.0,28.928263815812183,0,0,0,0,0.0,197.14285714285717,0.0,1.0,0.0,0.0,0.0,99.0,3.6533957845433256,1.0,censor,10.01095890410959
sd9007,0.0,0,-11.934499697344,78.0,1.0,22.04600067752732,0,0,0,0,0.0,139.82142857142858,0.0,0.0,0.0,0.0,0.0,89.0,1.809744779582367,0.0,death,9.468493150684932
sd9008,0.0,0,3.5517237353196,72.0,1.0,21.95949104117888,0,0,0,0,1.0,104.5,0.0,1.0,0.0,0.0,1.0,98.0,30.11764705882353,1.0,censor,10.068493150684931
sd9009,0.0,1,-9.807149528998,71.0,1.0,32.1683256298038,0,0,0,0,0.0,154.03571428571428,0.0,0.0,0.0,0.0,0.0,98.0,55.609756097560975,1.0,dementia,1.2027397260273973
sd9010,0.0,0,1.7181808193825,71.0,1.0,22.468367831884848,0,0,0,0,0.0,105.78571428571428,1.0,1.0,0.0,0.0,0.0,94.0,4.818652849740933,0.0,censor,10.07123287671233
sd9013,0.0,0,3.08807397096859,71.0,1.0,24.275093990435845,0,0,0,0,1.0,196.53571428571428,0.0,0.0,1.0,0.0,0.0,100.0,8.512110726643598,1.0,death,10.602739726027398
sd9016,0.0,0,-7.4446213023239,71.0,1.0,23.731608428460927,0,1,0,1,0.0,120.96428571428572,0.0,1.0,0.0,0.0,0.0,89.0,8.442211055276381,0.0,death,2.5671232876712327
