"","id","prevalent_dementia","inc_dementia","BAI","COUPL_OVERLAP_C","DENS_C","alpha_bandpower_kurtosis_C_N2","alpha_bandpower_mean_C_N1","delta_alpha_mean_C_N3","delta_bandpower_kurtosis_C_N2","delta_bandpower_mean_C_N3","delta_theta_mean_C_N3","kurtosis_N2_C","kurtosis_N3_C","sigma_bandpower_kurtosis_C_N2","theta_bandpower_kurtosis_C_N2","theta_bandpower_kurtosis_C_N3","age","educcollege","BMI","race_Black","race_Asian","race_Other","race_NonWhite","sleepmed","pascore","diabetes","hypertension","heartattack","stroke","depression","smoke_current","tms","AHI","APOE4Count","event","time2event"
"1","bi0001",0,0,-0.24187387387329,158.5,1.66729678638941,5.23897571992725,0.0577492394146556,1.06378096122937,19.1547240294904,1.11705813610307,1.00660500550001,2.60128917128325,0.755321947952639,9.81922473035912,5.68760205892959,6.20564360591035,71,1,28.2844025679099,0,0,0,0,0,118.464285714286,0,1,1,0,1,0,89,28.1927710843373,1,"death",9.61917808219178
"2","bi0002",0,0,-0.6461604642414,215.5,2.5009746588694,7.4312233852042,0.0369876055163002,0.749483497360052,17.1965253167953,0.774783552110877,0.738397966016339,1.46499095044132,0.557186689274477,12.4886473036302,7.61190067573418,5.49588286476584,71,1,32.4859249815232,0,0,0,0,1,94.5714285714286,0,1,1,0,0,0,97,3.8255033557047,1,"censor",10.2821917808219
"3","bi0003",0,0,-0.3491088595722,247,2.23988005997002,7.67807663377159,0.0520917506844667,0.990649729905724,15.5772298870085,1.01064300428698,0.92856065688666,1.93471731485731,0.579689797603373,13.0705595553095,4.51535225018627,4.97836411553595,75,1,26.5909303704628,0,0,0,0,0,161.857142857143,0,0,1,0,0,0,93,3.96588486140725,1,"death",10.1643835616438
"4","bi0004",0,0,0.67147499637841,117.5,1.62644628099174,4.85460352937177,NA,NA,10.0325736603756,NA,NA,0.547220653877663,NA,6.13791647581886,4.60714166073147,NA,69,1,29.0642722117202,0,0,0,0,1,138.464285714286,1,0,0,0,0,0,95,3.96039603960396,0,"censor",9.97808219178082
"5","bi0007",0,0,0.0464738839643701,240.5,3.20386643233743,4.08492656175301,0.0854041206485899,1.57316540371938,18.2541505076901,1.72577027028834,1.43766833238006,2.14534751746783,0.609583610480986,18.5889184687843,4.01845183211165,3.310976156743,73,0,20.4838723670489,0,0,0,0,1,124.571428571429,1,0,0,0,0,0,90,4.00890868596882,0,"death",7.7972602739726
"6","bi0008",0,0,-0.40937947007976,157,1.279296875,4.99042659147536,0.0554155871729551,1.13562896441781,21.3763081244659,1.23428522075532,1.10971617159707,2.58354819211922,0.904175400835883,10.493651351108,6.73463146259744,5.13588741976132,69,1,28.9519373517649,0,0,0,0,0,93.5,0,0,0,0,0,0,95,5.6544502617801,0,"censor",10.7068493150685
"7","bi0010",0,0,-0.81429579702757,177,2.33057851239669,5.43292437110224,0.023709534326181,NA,19.4427273049386,NA,NA,1.70138084186873,NA,14.3074765091577,6.33988319246586,NA,76,1,24.7675274898061,0,0,0,0,0,172.357142857143,0,0,0,0,0,0,85,10.0826446280992,0,"censor",10.3753424657534
"8","bi0013",0,0,-1.47010809561636,150.5,2.29978586723769,12.1384887722924,0.0564012716411341,1.11941260177666,19.5376946523004,1.14942052499285,1.03897364764895,2.12143067240974,0.606715046605857,12.676454496951,8.60128483858343,3.83934382486009,70,0,25.1489042012091,0,0,0,0,1,93.3928571428571,0,1,0,0,0,0,92,6.10421836228288,0,"censor",10.2438356164384
"9","bi0014",0,0,-0.647356039584611,192,2.74285714285714,6.7270040597788,0.0529006467425338,0.943604119919986,14.9769893467872,0.967850885757865,0.888563829575254,1.86402960242402,0.656134837377024,16.3122608886238,7.50431169869016,7.3859702074104,77,1,24.775897651884,0,0,0,0,0,201.214285714286,0,0,0,0,0,0,91,3.66279069767442,1,"censor",10.213698630137
"10","bi0015",0,0,-0.0978947995179794,172,2.51381215469613,5.50123983989313,0.0348664709826171,1.0854204508132,13.4240819527954,1.16299430218185,1.02768626952267,1.14945253469922,0.937377008850075,17.5675012619325,5.65828845811559,5.39510019873689,72,1,26.8045162638961,0,0,0,0,0,95,0,1,0,0,0,0,99,0.685714285714286,0,"death",8.43835616438356
"11","bi0018",0,0,-0.20412385071391,171,2.24181360201511,5.551855034648,0.0672303909150423,0.952716758872333,13.7031433895717,1.04899366238956,0.887875943351227,1.49278899834693,0.953869139126909,17.5190822273597,5.39746151301367,3.69332079503073,79,1,26.9137695845303,0,0,0,0,0,173.142857142857,0,0,0,0,0,0,99,4.13793103448276,0,"censor",9.87671232876712
"12","bi0023",0,0,-0.23142072153536,155.5,2.35730337078652,4.67607101817093,0.0341955947187505,1.05286876005287,13.9762214645133,1.10267961289691,0.979009854617625,1.47784568685796,0.924483527695929,13.0762722658169,6.56969540917989,5.97763771250136,72,1,29.18800342655,0,0,0,0,0,72.5714285714286,1,1,0,0,0,0,98,6.4343163538874,0,"censor",11.5835616438356
"13","bi0024",0,0,-1.31437735928853,102,0.74245939675174,5.33691175064398,0.0368362077304108,0.609772601068969,27.0257311343718,0.640229474705735,0.57814117556777,3.28154225042555,1.65507895517673,13.6400831175859,11.1824716308742,8.15725907216164,71,1,35.1715738615994,0,0,0,0,0,97.9642857142857,0,0,0,0,0,0,100,23.2369942196532,0,"censor",10.3397260273973
"14","bi0025",0,1,-0.304881081997149,262,2.43585526315789,5.73690175115334,0.0527107717773423,1.26850618511527,13.5222931357072,1.35363323489841,1.14834460648373,2.01128726063822,0.948080803330014,14.3494955592504,6.38627014802571,6.79992019759862,71,1,23.6055344586907,0,0,0,0,0,82.1428571428571,0,1,0,0,0,0,88,18.5354691075515,1,"dementia",1.14246575342466
"15","bi0028",0,0,-0.17734209202074,189.5,1.5,5.5759943124076,0.0527704843374457,0.74075489680863,18.1380123624352,0.774742472469475,0.70373165053444,2.69995149240651,0.842312668562317,15.308731462264,6.44285870627812,3.71696553558461,72,1,28.8389324866694,0,0,0,0,0,274.321428571429,0,0,0,0,0,1,95,2.96296296296296,0,"censor",10.5424657534247
"16","bi0029",0,0,-0.78650820381077,184.5,2.85470085470085,6.04920371347504,0.0297365923600284,1.41511674867181,18.1464925313378,1.49528210584992,1.31217924447321,2.74306143480453,1.25366248250823,17.8261709167625,6.62006339478475,5.31687658503432,72,1,27.0267445749108,0,0,0,0,0,288.678571428571,0,0,0,0,0,0,98,11.1764705882353,0,"censor",10.4684931506849
"17","bi0036",0,0,0.0494153365051005,114,1.72010869565217,5.29445422732401,0.031853047817335,0.608594169459075,15.4881136862854,0.626693499173689,0.576026876648937,1.42222838785865,0.584696594948173,14.8294829753943,7.21943372979797,7.46268456504242,69,1,31.8325253127036,0,0,0,0,0,155.75,0,1,0,0,0,0,92,0.518731988472622,0,"censor",10.8356164383562
"18","bi0037",0,1,-0.75385872280994,75.5,0.502170767004342,4.51909812008387,0.0248113278616402,0.516702486902197,17.6050312264261,0.526694341849074,0.494676976160511,2.39093575180785,0.266002834628115,5.80586139281234,7.16847570299179,4.60276723328409,85,1,26.2670326969909,0,0,0,0,1,101,0,1,1,1,1,0,91,25.8974358974359,0,"dementia",3.18630136986301
"19","bi0039",0,0,0.32603106234737,58.5,1.03787878787879,5.54452029308309,0.0825244586818321,0.687087002506576,13.0600797292627,0.704187323551047,0.660371094899259,1.17032151893673,0.533954107202547,8.06338686182093,6.0501317775755,5.18565392094848,71,1,31.9049058183279,0,0,0,0,0,212.714285714286,0,1,1,0,0,0,97,10.4347826086957,0,"death",9.21917808219178
"21","bi0041",0,0,-0.87427364374158,287.5,2.99186991869919,5.27662372967283,0.0336912391310621,1.25567949716787,10.6818568089768,1.34955504958646,1.12939134146328,1.68060912173246,1.31123553807155,11.9688004387132,9.91554048464286,7.55659779648738,70,1,24.8225203864095,0,0,0,0,0,83.8571428571429,0,0,0,0,0,0,96,5.53398058252427,1,"censor",10.5068493150685
"22","bi0043",0,0,0.176878874115231,110,0.724576271186441,3.91785711154132,0.0621237926189166,0.994285410366337,16.9490856964729,1.0647171672653,0.924401989021202,2.14796706119117,1.08016973631126,6.1751209600755,4.00876647720942,3.93595133234399,72,1,37.3166715764666,0,0,0,0,0,92.4285714285714,0,1,0,0,0,0,99,2.36301369863014,1,"censor",9.8
"23","bi0044",0,0,-1.05626887569005,88.5,0.680084745762712,5.49997936853768,0.0257064073757041,1.03808360918112,17.9975006969342,1.10754537033098,0.929800891688026,2.62652917524026,1.95846681291411,9.95668924556208,7.21077353791756,9.04236892304101,78,1,25.1610116035037,0,0,0,0,1,255.857142857143,1,1,1,0,0,0,89,8.39506172839506,0,"death",10.1287671232877
"24","bi0045",0,0,-1.03370220727311,111,1.31518624641834,6.17423087528996,0.0417306166977937,0.846998186902933,26.9869610328487,0.873581919883443,0.796160048706914,4.31481764318214,0.897970535397773,14.0079629158747,7.80247456416502,5.26184801547862,74,1,23.8655592896245,0,0,0,0,0,89,0,0,0,0,0,0,93,26.4,0,"censor",10.4109589041096
"25","bi0046",0,0,-0.22888628801513,72,0.76889848812095,4.4470930034677,0.0486543173205584,1.38034757983695,16.0496046258803,1.43357888756522,1.29494296334832,2.40501490581237,1.27406199086505,9.57403074155731,6.77895806545333,7.79985354964534,69,1,27.4106902876169,0,0,0,0,0,185.071428571429,0,0,0,0,0,0,97,0.538922155688623,0,"censor",10.4383561643836
"26","bi0048",0,0,-0.12196021543282,71,0.771929824561403,4.82428206428922,0.0463993986158236,0.640851327014812,16.308763312397,0.656781690238804,0.614205396487054,2.20546113311995,0.525842493899726,8.96993954449384,5.93740655481792,4.22327749813229,77,1,32.148212444573,0,0,0,0,0,176.714285714286,0,0,0,0,1,1,96,6.35514018691589,0,"death",9.56438356164383
"27","bi0049",0,0,-0.0786584992148406,224.5,2.49516129032258,3.96968199888184,0.0506829001202958,0.720868375754613,13.1532172736116,0.754597640354955,0.692764385760858,1.2688631254876,0.393762799549766,11.8283667991661,6.92538129687953,6.27975678691292,76,1,24.2536171642525,0,0,0,0,1,50.8214285714286,0,0,0,0,0,0,99,13.2250580046404,0,"death",7.67397260273973
"28","bi0050",0,0,-0.95749491247936,108,2.30487804878049,11.9185402024514,0.0942417106644494,0.806091339543736,17.6340627637422,0.83458310638228,0.749618772005744,2.82256199878173,1.15167916245821,13.8477124723527,6.88021812910988,4.62868273792351,72,1,25.4603802186441,0,0,0,0,0,206.285714285714,0,1,0,0,0,0,94,1.2396694214876,0,"censor",9.7972602739726
"29","bi0052",0,0,-0.43594281718654,175.5,1.506,5.11436200702662,0.0445909284649425,0.967032958396248,15.6165599820772,1.00640496403543,0.903635443868608,1.80539486599326,0.724508791586766,11.3975161861048,5.84680648068165,4.79236425701358,79,1,28.4381591960551,0,0,0,0,0,202.5,0,0,0,0,0,0,99,1.22448979591837,0,"censor",10.1068493150685
"30","bi0054",0,0,-0.0432686021517497,93.5,1.05026455026455,4.90796841549517,0.0874480007344183,0.699529692479053,13.1493625527668,0.737741247881777,0.633993232634855,1.67819032928916,1.0120611100642,9.53985254507128,4.61347820483652,3.59913986429843,83,1,24.2474461246201,0,0,0,0,0,112.5,0,1,0,0,0,0,98,10.2167182662539,1,"censor",10.358904109589
"31","bi0055",0,1,-0.191323545102919,89,0.709125475285171,7.80976825057356,0.0444566931993437,0.819594035390145,14.8713425801169,0.842600440317746,0.739075675487272,2.3427328211218,0.613577863330495,11.2821005359945,4.06172684807554,5.6576320165851,77,1,25.1362939839357,0,0,0,0,0,317.571428571429,0,1,1,0,0,0,98,30.3409090909091,0,"dementia",10.372602739726
"32","bi0060",0,0,-0.20822507374415,179,1.84954128440367,5.58701380556879,0.0364967293148945,0.980231602659546,17.46915365469,1.01911579509966,0.887089568304467,2.59140417879134,0.620597703460795,10.3944491212663,4.49333393699353,2.81604401187631,73,1,28.4390709655325,0,0,0,0,0,123.892857142857,0,1,0,0,0,0,94,3.12056737588652,0,"censor",9.6027397260274
"34","bi0064",0,0,0.20809046858601,138,2.39488636363636,4.04558862976323,0.04655189306931,0.640933771597392,18.5940117141009,0.674251966773562,0.609506406797459,2.13558480821157,0.793181737389762,14.7770454435122,4.41746154307042,6.01267401211016,73,1,26.8235830094442,0,0,0,0,0,303.214285714286,0,0,0,0,0,1,94,10.1149425287356,0,"censor",10.2739726027397
"35","bi0065",0,0,0.00704202974816041,106.5,1.99626865671642,4.18637825310741,0.0553493250490349,1.05684775572635,15.3880466057139,1.09477815660364,1.00528708754328,1.75857021993747,0.463639985863855,10.7397419436876,4.31495038289089,4.69160246450596,78,1,37.2082279550963,0,0,0,0,0,102.892857142857,0,1,0,0,0,0,94,26.2337662337662,0,"death",4.56712328767123
"36","bi0066",0,0,-0.40981354849209,114,0.727672035139092,7.76351751661844,0.0774925089241321,0.659398553047091,15.5866710265948,0.696148418385898,0.625876258575097,1.49841465615178,0.863350485061322,7.07603792074133,4.39766935610712,4.40448050431615,81,1,26.4783662553816,0,0,0,0,1,236.714285714286,0,0,0,1,0,0,95,10.3820224719101,1,"censor",10.6383561643836
"37","bi0068",0,1,-0.35660257315965,138.5,1.81419624217119,4.60151427369812,0.0333944318167822,0.954817287608883,17.7186079244343,0.976181253290748,0.893112051572705,2.0501920570074,0.836202803384566,11.9971533895657,7.19001999919287,4.80791421739674,71,1,24.8107927613681,0,0,0,0,0,373.714285714286,1,0,0,0,0,0,98,0.134228187919463,0,"dementia",2.98082191780822
"38","bi0070",0,1,-0.21731827371469,68,0.967418546365915,5.27409510911829,0.0558869275735908,1.05805893393444,15.1628385073024,1.15081631076109,1.04842238473836,1.72757631831016,0.647158653740417,9.72304071365267,5.57590223958488,5.42975560203807,77,0,29.7607139396869,0,0,0,0,0,256.714285714286,0,1,0,0,0,0,94,13.7809187279152,1,"dementia",0.849315068493151
"39","bi0073",0,0,-0.62960575855891,122.5,1.09633911368015,5.19213947297456,0.075887301112116,0.749564861359793,22.1116946731158,0.794444978645662,0.691055794971975,2.97466329936183,1.95589727209533,11.2786170367931,7.42022983600612,5.47774674184333,72,1,33.9240526795997,0,0,0,0,0,124.571428571429,0,0,0,0,0,0,92,43.7883008356546,1,"death",6.50958904109589
"40","bi0075",0,0,-0.57011181441318,107,3,6.2395396610945,0.0423770937452455,0.487696030858675,15.4868805294086,0.501770660295214,0.469453544879237,1.62396632431636,1.08132255282825,14.3540983661075,3.93828787503782,4.88000008224163,87,1,29.194113136427,0,0,0,0,1,184.285714285714,0,0,0,0,0,0,94,8.57142857142857,1,"death",8.31780821917808
"41","bi0077",0,0,-0.59073199087082,279.5,2.88489208633094,5.2033124059715,0.0612904200961626,1.15059447553666,15.5896848032399,1.22442429168284,1.07371520716314,2.04832809384874,1.04520147311731,12.2967330395603,4.40589140456041,4.6801983728662,82,1,25.5259958620676,0,0,0,0,0,166,0,0,0,0,0,0,91,9.7228144989339,0,"censor",10.4739726027397
"42","bi0080",0,1,0.34727042688301,154,2.79268292682927,5.41352153754228,0.03895474598669,0.566500009154202,12.8246803105725,0.601427306833561,0.544999734895226,1.82132876741109,1.08815579688722,20.4143075317859,4.91488685029523,4.04272644725157,71,1,30.3477409438655,0,0,0,0,1,30,0,1,0,0,1,0,97,0,0,"dementia",7.38356164383562
"44","bi0085",0,0,-0.66682904446446,179.5,2.1017316017316,5.60002850526749,0.0367232419983223,NA,16.6072601596611,NA,NA,3.18101316513848,NA,13.4530561269512,6.98871467671086,NA,71,1,23.8639995602441,0,0,0,0,0,139.214285714286,0,0,0,0,0,0,93,16.0227272727273,0,"death",9.38356164383562
"45","bi0092",0,0,0.429773205340661,48.5,0.579207920792079,3.76518140632152,0.0721480649140525,0.612379954880365,13.3056943149775,0.652355131190091,0.58790755895529,1.47361861248972,0.612410944549809,5.60292077325421,5.24301299344308,3.69128321032311,74,1,32.8359499309399,0,0,0,0,0,70.75,0,1,0,0,0,0,94,54.7286821705426,1,"censor",12.0383561643836
"46","bi0094",0,0,-0.0625833929107202,270,3.67504488330341,5.78318039365145,0.0529260212096021,0.827915468553354,12.1330792894176,0.857846502779636,0.759566908213681,1.34838908535151,1.24472173855918,19.8220016288407,6.32735266409323,7.18719507518974,71,1,22.3616493150645,0,0,0,0,0,144,0,0,0,0,0,0,94,2.63414634146341,0,"censor",9.8986301369863
"47","bi0098",0,0,-0.81078740640019,153.5,1.8126159554731,5.73833629521247,0.0503528295071867,1.08052872587331,21.0897402102661,1.12977273519228,1.00327108990026,2.56826146505082,0.88843448515159,11.9639237926794,8.33250188820395,5.87707513496007,71,0,26.9549341874002,0,0,0,0,0,142.571428571429,0,0,0,0,0,0,89,10.5386416861827,0,"censor",10.0109589041096
"48","bi0099",0,0,-1.0955667933328,99,1.39814814814815,4.77129231974654,0.0528502998370532,1.35923701744742,17.3880539973509,1.44422776749245,1.22953101318574,4.29480307102559,1.47273507115178,11.1404905159649,10.1692842021078,6.60964394459461,73,1,25.2115770560886,0,0,0,0,0,143.5,0,0,0,0,0,0,86,1.30434782608696,0,"censor",10.3780821917808
"49","bi0100",0,0,-0.67884565437771,24,0.43030303030303,3.70872776393314,0.0379786750765772,1.45262347235494,22.5625623051072,1.49048403742037,1.36673140604233,2.47037383980241,0.717811631745626,4.77539001504459,6.5668166920667,6.20749686280105,74,0,27.4535528494925,0,0,0,0,0,150.285714285714,0,0,1,0,0,0,99,12.3529411764706,0,"censor",10.4109589041096
"50","bi0101",0,0,0.0820373161528295,90.5,1.38327526132404,4.24553783121788,0.0786508063120193,1.20275820263365,18.0120415661422,1.2775978168317,1.10482986134166,2.58880998887497,0.926208241848564,10.1905825490373,4.3465793094317,5.12266715074729,73,1,26.968607234741,0,0,0,0,0,169.5,0,1,0,0,0,0,96,9.65753424657534,0,"censor",10.758904109589
"51","bi0102",0,1,-0.591792073122549,228.5,3.1256038647343,5.13550448472121,0.0393357368996641,1.26314900244112,12.7278908865414,1.41482754090343,1.15459047655927,1.40423420793575,2.15372736477014,21.1859225471266,6.2753193539937,10.8624508810849,76,1,27.4299201673068,0,0,0,0,0,143.5,0,0,0,0,0,0,97,0.9375,0,"dementia",7.18082191780822
"52","bi0103",0,0,0.75194394228663,167.5,2.06642728904847,4.7090818911723,0.0807048340001968,0.822207536970844,8.07137500633456,0.860872332972297,0.759885393273173,0.919141190541229,0.427367005766948,13.7288507798127,4.36725788353421,2.81661901102002,73,1,30.1162495552238,1,0,0,1,0,99.8571428571429,0,1,0,0,0,0,92,0.694444444444444,0,"censor",9.95890410958904
"53","bi0105",0,0,-0.33891960192805,165,2.1986301369863,4.55204544956226,0.0424453348558105,0.844540400376883,16.4472282740966,0.874415341853743,0.7870567188899,2.4447960690702,0.821034507085938,12.9927371739418,7.70977217109813,6.19601270994707,72,1,26.2719947296228,0,0,0,0,0,184.928571428571,0,0,1,0,0,0,95,1.60427807486631,0,"censor",10.4082191780822
"54","bi0107",0,0,0.5020668095419,199.5,2.60706401766004,3.93992140291196,0.0607061183600458,1.0447869444914,14.5754311336466,1.10547685997996,0.997776190425406,1.37780840569354,0.647554264946006,19.1122940166258,5.40924855422529,6.21537492705792,68,1,28.293289615015,0,0,0,0,0,379.928571428571,0,0,0,0,0,0,93,5.85365853658537,0,"censor",10.4191780821918
"55","bi0108",0,0,-0.59009761317668,142.5,1.50925925925926,4.52212718678139,0.017720614365261,0.811799023824624,15.9014685081301,0.828883908441355,0.763211906686226,2.40025241502653,1.50605991700891,11.1535689322226,8.09715093636182,6.58796305347283,72,1,22.1145823361937,0,0,0,0,0,186.642857142857,0,0,0,0,0,0,95,19.9285714285714,0,"censor",10.5424657534247
"56","bi0113",0,0,-0.15670382511384,122.5,1.11240310077519,5.57509779460068,0.0221506108809309,0.991366702399413,15.0538313653087,1.01041403886817,0.947103778038741,1.91259879157831,0.661849999880382,10.3274517684568,5.83039828696818,4.4238537548177,71,0,24.7252529260067,0,0,0,0,0,110.714285714286,0,0,0,0,0,0,91,1.2565445026178,0,"censor",10.6219178082192
"57","bi0114",0,0,-0.27367110661351,236,2.38582677165354,5.25698906890651,0.0292426324813184,0.915863030183596,14.9985565078938,0.942507280726061,0.878862548681424,2.33063830464861,0.971755665687557,12.8080999370861,5.30826983440757,5.14956907941934,74,1,23.2366470970529,0,0,0,0,0,109.214285714286,0,0,0,0,0,0,92,11.3966480446927,NA,"censor",10.8383561643836
"58","bi0116",0,0,-1.34898845059138,230,2.86131386861314,6.41895115558438,0.0519686055501161,1.8212614605436,19.9300218113722,1.90317252231899,1.63112488603902,3.63965500417599,0.898853940695141,18.7685429848493,8.51722669013854,7.74392189224063,76,1,25.6510130005024,0,0,0,0,0,276.571428571429,0,0,1,0,0,0,99,32,1,"censor",9.88767123287671
"59","bi0117",0,0,0.48723643406469,53.5,1.19834710743802,4.79457901080351,0.050541615087933,0.704729687012515,12.3084253989432,0.741022910494285,0.6199108220849,1.27345088107888,0.45925489653328,10.1870486168784,3.81397797820619,1.76881009504317,74,0,34.2477196030606,0,0,0,0,0,221.392857142857,0,1,1,0,0,0,93,33.0201342281879,1,"death",2.5013698630137
"60","bi0118",0,0,-0.0955446924923606,28.5,1.07751937984496,6.26126046346501,0.0501045003420307,0.635652414839749,13.5294935452053,0.655912634671178,0.60741375374725,2.12116136472025,1.25824270405267,11.1187425398296,4.12344451231144,3.60998557681596,79,1,20.6012305480823,0,0,0,0,0,109.678571428571,0,1,1,0,0,0,93,1.44578313253012,0,"death",2.73698630136986
"61","bi0121",0,0,-0.72015039482259,326,3.78769841269841,4.84170092898118,0.0486945443641962,1.38268365872778,13.8581112627082,1.44212626059864,1.29664475271194,2.32131539379373,0.81905659677355,18.562327019593,9.58128415784544,7.51952381756859,71,1,25.7542364216583,0,0,0,0,0,48.5,0,1,0,0,1,0,95,0.18348623853211,0,"censor",10.1835616438356
"62","bi0122",0,0,-0.0321341452937304,132,1.71287128712871,5.08134856213673,0.0521249815485094,1.11003819980815,13.4785782753456,1.174646631247,1.05181480957067,1.49349294706639,0.488797625693053,9.7384148690187,6.51523240439579,4.49680098371797,70,1,24.9959303500899,0,0,0,0,0,103.142857142857,0,0,0,0,0,0,97,6.56934306569343,0,"censor",10.3698630136986
"63","bi0123",0,0,-0.0167413584144597,57,0.652573529411765,8.82203934700324,0.0422667980959162,1.08588488283073,7.54918107809724,1.11425113743187,0.984807343860525,0.96607423804949,0.477839553454802,5.83011167473676,5.05602993967396,4.34314383167781,70,0,23.5078591869371,0,0,0,0,0,241.285714285714,0,0,0,0,0,0,82,7.6056338028169,0,"censor",10.4904109589041
"64","bi0125",0,0,0.0143559372398201,65.5,1.13559322033898,5.06356559019509,0.06928416577314,0.72280247481484,17.7236976281686,0.7697028625255,0.693284903089971,4.09584604099073,0.762676284048496,12.9069929343292,7.08011923077832,3.01561045431304,70,1,30.631608515333,0,0,0,0,0,175.714285714286,0,1,0,0,0,0,96,5.95890410958904,0,"death",3.16712328767123
"65","bi0129",0,1,0.293357251921179,87.5,0.771717171717172,4.28225177476339,0.0787993782208517,0.66211874144438,14.5635157608802,0.699805522462342,0.63430138360536,1.72879620287464,0.54190916531339,8.38786624493565,5.28057592744775,5.63777254434772,76,1,24.7751801792744,0,0,0,0,0,137,0,0,0,0,0,0,88,3.32493702770781,0,"dementia",3.25205479452055
"66","bi0130",0,0,-0.59235793088052,154.5,2.8310502283105,5.87698285752297,0.0277253092418436,1.00381271776694,19.4295979875889,1.08461912156354,0.956413024427385,2.33552226171949,1.59151154318221,15.5261713030231,5.25956308187584,4.31942593723461,72,1,23.0099598418354,0,0,0,0,1,136.571428571429,0,1,1,0,0,0,97,3.40298507462687,0,"censor",9.80547945205479
"67","bi0132",0,0,-0.54907848293946,120.5,1.3059866962306,4.14849052264968,NA,NA,19.9359498758512,NA,NA,2.57534702622655,NA,8.2994068956766,6.96435530447341,NA,73,1,27.5935144203706,0,0,0,0,0,118.5,0,1,0,0,0,0,97,5.04424778761062,0,"death",3.54246575342466
"68","bi0136",0,0,0.66161799394573,195.5,2.1500904159132,3.70258826127938,0.0620020239523919,0.991036846910728,10.9020914165492,1.03360923522707,0.92534050413425,1.10661259750764,0.443658848970915,10.6830429394408,3.27894637131392,4.7919799460081,73,1,26.2103275793732,0,0,0,0,0,187.75,0,1,0,0,0,0,87,2.17687074829932,0,"death",11.7506849315069
"69","bi0138",0,0,-0.136533523092361,74.5,1.92957746478873,5.62403629487027,0.0599610871522001,0.758836327028416,12.0629068286862,0.787605305873627,0.722118134261757,1.36683449366496,0.457429526571538,14.1703192974908,8.19703697717842,6.03449291633328,74,1,27.1714260470104,0,0,0,0,1,249.464285714286,0,0,0,0,0,0,97,7.5,0,"censor",10.5972602739726
"70","bi0139",0,0,-0.98622287221719,103,1.19722222222222,4.90570917528103,0.0422050163401403,0.990062255937767,17.9449807304659,1.01807464604676,0.925900023011943,2.5214020494354,0.842779798848352,10.9216881224711,11.424479401502,7.57644694418015,72,1,36.2130024191516,0,0,0,0,0,271,0,1,0,0,0,0,96,23.8461538461538,0,"censor",10.3041095890411
"71","bi0143",0,0,-0.609113085969589,144,2.07758620689655,4.47432515485401,0.0536775374516849,1.62290131051055,16.4533195070149,1.68851556422347,1.4834192500702,2.22037020953165,0.528987723921059,15.9865166694291,9.15282240745434,5.49038351740689,71,1,33.2289697542533,0,0,0,0,0,162.428571428571,0,0,0,0,0,0,87,10.7491856677524,0,"censor",10.2602739726027
"72","bi0144",0,0,-0.11153388199554,87.5,1.22674418604651,3.59587513780641,0.081979004013766,1.34994128596289,16.2967532885917,1.40843731929016,1.25285819662225,2.11922131191954,0.523303189248953,9.83355843186629,7.83993986036988,5.49534885243112,71,1,20.4405957802787,0,0,0,0,0,137.821428571429,0,1,0,0,0,0,95,2.0979020979021,0,"censor",10.2
"73","bi0145",0,0,-0.498582424860049,181.5,2.38116591928251,6.41429445341064,0.051130551734528,1.09350094426072,10.4425379293011,1.17647902942583,1.00864326793429,1.52552325107785,0.860658782260377,13.7572457910128,7.80556512495581,4.61081301555326,74,1,31.2503301391202,0,0,0,0,0,245.571428571429,0,1,0,0,0,0,94,3.7696335078534,0,"censor",10.5068493150685
"74","bi0146",0,0,-0.28377043049711,174.5,1.99324324324324,4.23161495799903,0.0284832095634033,2.02836269475781,13.8325659702829,2.33383793158643,1.57316456795722,1.27559575935304,0.184239275463925,15.2506470225424,5.70431072275086,4.39399032593808,69,1,31.7987278263197,0,0,0,0,0,25,1,1,0,0,0,0,98,4.41624365482233,0,"censor",10.6465753424658
"75","bi0148",0,1,-0.3093716625471,173,3.19402985074627,6.06846361325614,0.0642004598461193,1.23118480542791,18.2349383275938,1.29460130771683,1.13308021439402,2.1347378348121,1.31881701936673,13.7660924698904,4.5330628221704,3.46183790246268,70,0,29.6541998743091,0,0,0,0,0,112.785714285714,1,1,0,1,0,0,97,9.8220640569395,NA,"dementia",2.62739726027397
"76","bi0149",0,0,-0.26801922726949,222.5,2.1623246492986,3.50243287728886,0.042646507653956,0.750437743374963,13.7960506860332,0.774292553890971,0.707759762118442,1.52595951130542,0.922019979752434,11.106129568578,6.94104342254296,4.45573929196937,77,0,38.1061797417311,0,0,0,0,0,101,0,1,0,0,0,0,93,5.52845528455285,NA,"censor",10.8575342465753
"77","bi0152",0,0,0.19233663364713,156,1.25454545454545,4.3748058404853,0.0966745947539928,NA,13.4463603304764,NA,NA,1.17041800845588,NA,9.31187766450955,6.31973709030156,NA,72,0,31.0733552729478,0,0,0,0,0,168.464285714286,0,1,1,0,0,0,82,47.2634271099744,NA,"censor",11.7917808219178
"78","bi0153",0,0,0.306410104246081,129,0.849480968858131,3.06041791069398,0.0592627517725728,1.24165584655245,16.2820074608475,1.30157559584362,1.18128741027819,1.6521915282513,0.62743055113055,9.14937201674961,5.5143338272985,5.62106302966741,69,1,30.6779447039515,0,0,0,0,0,170.178571428571,0,1,0,0,0,0,98,11.8723404255319,NA,"censor",10.213698630137
"79","bi0154",0,0,0.599865073580951,169,1.85321100917431,5.16972998122551,0.135315614133266,0.977151111118014,12.2178307724135,1.02938537789883,0.896080293269329,1.66363699088087,0.423822378230698,11.0643211249979,5.49695277861517,6.18243641389325,71,1,29.6912114014252,0,0,0,0,0,159.571428571429,0,1,0,0,0,0,91,9.74226804123711,NA,"censor",10.8547945205479
"80","bi0155",0,0,-0.14070854144212,116,1.42577030812325,4.27920602611433,0.0765090581382064,1.08326882183778,16.6221844893333,1.16306800085507,1.00613375534788,2.26499827005917,1.08844437841993,10.4074048252163,6.81220016362451,3.89309694389039,71,1,24.5285114575561,0,0,0,0,0,169.607142857143,0,1,0,0,0,0,96,11.2290502793296,NA,"censor",10.6054794520548
"81","bi0156",0,0,-0.370882966029011,139,1.74324324324324,4.84096666771731,0.0454064691213592,1.03047788653198,16.9390200045951,1.10108607811712,0.977200628704511,2.10888512589689,0.546891375756968,12.4592389714906,6.07114648975493,5.03740132561768,77,1,27.3736444221831,0,0,0,0,0,15,0,0,0,0,0,0,90,20.6430868167203,NA,"censor",10.7178082191781
"82","bi0157",0,0,-0.6034181698502,411,3.7507204610951,7.84472897236288,0.0487590995283441,0.957543542445958,15.9465339140591,0.989960399061645,0.912331882355276,1.39886238802096,0.461655144909076,30.2057992066455,6.97597373976559,7.42355444399217,69,0,29.236932817753,0,0,0,0,0,87.5,1,1,0,0,1,0,89,3.44827586206897,NA,"death",5.79178082191781
"83","bi0160",0,0,-0.940809659988809,137.5,1.74242424242424,6.80488286598431,0.0381702236254159,1.41496801464763,11.6306272949679,1.46041831772772,1.23250046676696,1.76676204209222,1.0494378513682,9.69085798957344,8.72711762437992,6.86713678054823,73,1,27.3981756824485,0,0,0,0,0,153.178571428571,0,0,0,0,0,0,98,3.96588486140725,NA,"censor",9.75890410958904
"84","bi0162",0,1,-1.19784938157939,166.5,2.1044776119403,6.48315547213217,0.100677682645539,1.30410413713327,19.5664626288629,1.52624959905336,1.25464192805802,3.66549989256441,1.49050054523214,11.1679812787758,9.79247650887685,3.87972503846619,72,1,24.4898009350986,1,0,0,1,0,226.678571428571,0,1,0,0,0,0,86,21.9607843137255,NA,"dementia",6.71232876712329
"86","bi0166",0,0,-0.688026607344359,301.5,3.21291866028708,5.88737689529761,0.0622776604178159,1.06672449017801,14.7313137727552,1.11692569844252,1.01994269422354,2.0836830454918,0.879419738776608,16.4360629856991,8.50280929059032,6.49906815864909,74,1,24.2466135116598,0,0,0,0,0,136.678571428571,0,0,0,0,0,0,99,1.71837708830549,NA,"censor",10.1260273972603
"87","bi0167",0,1,0.24469861544811,77,1.01234567901235,3.8034912858685,0.0601887779087784,0.82638628417266,13.2438649062751,0.904505738362517,0.760862757369039,4.72645803884335,1.8912388664513,5.72061574393199,4.3342557028957,3.52221899085194,70,1,30.8833842900699,1,0,0,1,1,59.3214285714286,1,1,1,0,1,0,97,5.21739130434783,NA,"dementia",10.372602739726
"88","bi0172",0,0,-0.191831594399061,336.5,3.53571428571429,5.40469796343379,0.0429977327867552,0.931680549277966,8.72046508309631,0.96198856647552,0.879268874541113,0.878824585219777,0.287234503410285,16.0671192066339,8.65078468622621,6.4957054416535,71,1,28.4190907405095,0,0,0,0,0,198.428571428571,0,0,0,0,0,0,93,0.949868073878628,NA,"censor",10.5068493150685
"89","bi0175",0,1,-1.52154983767363,222.5,1.65280665280665,5.13471515855396,0.0580468550982595,2.52751870781763,10.0088394165995,3.56436903939805,1.79174420349119,1.08207419541929,0.455520086638161,11.6302260288996,9.56331914018686,7.88321218395516,73,1,23.7981678373193,0,0,0,0,0,204.214285714286,0,0,0,0,0,0,83,3.64116094986807,NA,"dementia",10.4520547945205
"90","bi0176",0,0,0.14285266229024,106.5,0.911147011308562,6.68368137599684,0.0515461628138746,0.768667105737653,15.2701171740612,0.791066574169144,0.737668624749352,1.79357203372909,0.673835383031084,7.27647496195193,4.63790364847522,5.67320340226955,69,1,30.90312027869,0,0,0,0,1,120,1,1,0,0,1,0,97,14.8717948717949,NA,"censor",10.8109589041096
"91","bi0178",0,1,-0.56380322389906,19.5,1.13888888888889,6.98049643519221,0.0641569180168575,NA,14.9280004852287,NA,NA,2.29578873329451,NA,9.30200953029783,5.73634043299067,NA,77,0,21.6795867510408,1,0,0,1,0,81.8928571428571,0,1,1,0,0,0,90,2.94117647058824,NA,"dementia",3.47123287671233
"92","bi0180",0,0,-0.52441057810295,102.5,1.08061002178649,8.35195641363757,0.0594971931704709,1.00127901328909,14.7714233626991,1.0319804130964,0.942532819910075,1.75072107734961,0.153118055225789,7.98448746135899,5.0750435086556,10.0396592573841,79,0,27.1415823914337,1,0,0,1,0,131.714285714286,0,0,0,0,1,0,80,20.8130081300813,NA,"censor",6.34794520547945
"93","bi0181",0,0,0.64739567847267,67,1.06532663316583,3.22368020041187,0.0584461211885934,0.942532220363169,12.0880153610068,0.981217351597142,0.866475197453011,1.51946901097421,0.786546572196738,8.10183299231714,4.33507832598122,3.85970174537472,70,0,39.8387575374581,1,0,0,1,0,275.464285714286,0,1,0,0,0,0,84,37.3264781491003,NA,"death",8.5013698630137
"94","bi0182",0,0,0.448766940721571,55,1.01315789473684,5.72412173288157,0.0711055584757607,0.404671835470486,9.92811965380567,0.419947691674954,0.377479307203207,1.0114061731434,0.484202991976081,6.68862283058918,3.53525531723762,2.12305977383668,79,1,24.0767748156935,0,0,0,0,0,107.214285714286,0,1,1,0,0,0,96,8.90625,NA,"death",5.91232876712329
"95","bi0183",0,0,-1.47193784528195,243.5,1.77640845070423,5.81795273750503,0.0179775198092498,1.25317962143243,21.4229769232596,1.28684435871437,1.13396080698938,4.0773110590895,1.03233502938601,11.8869376309045,11.007532840518,6.98857557132268,70,1,25.2175216732598,1,0,0,1,0,141,0,0,0,0,0,0,94,5.93258426966292,NA,"censor",10.1452054794521
"96","bi0188",0,1,0.47503527523203,176,2.0383064516129,4.65090560115674,0.0557451273448396,0.870468263923213,11.7928784470877,0.905888617111496,0.808536527209779,1.0053497686331,0.306199853059117,11.9607733313147,4.49933581140457,5.17292711142772,72,1,26.8153702876277,0,0,0,0,0,252,0,0,0,0,0,0,93,14.5945945945946,NA,"dementia",10.4739726027397
"97","bi0192",0,1,0.07073769854792,57,2.0609756097561,4.63145185453507,0.0492826081000773,0.632132693472842,12.0949227453957,0.67979410040453,0.600635181383729,1.41317503661643,0.762701228897284,10.7756891341858,5.97666492396231,3.36905130932269,75,1,22.3403490281653,1,0,0,1,0,25,0,0,0,0,0,0,94,26.9291338582677,NA,"dementia",6.25753424657534
"98","bi0193",0,0,-0.398114582289119,62,0.722358722358722,5.33843499362683,0.0320920661564549,0.546071723438184,21.0135722129887,0.574038372793906,0.515667378928838,2.79387048275938,1.17521318273219,11.4789901981284,6.15745137760413,4.87361790150185,74,1,33.438767770958,1,0,0,1,0,131,1,1,0,1,0,0,84,46.56,NA,"death",8.82739726027397
"99","bi0194",0,0,0.26351148945827,210,1.9671875,4.49459353590529,0.0647034737955901,0.858632123976003,14.6488667255433,0.91484371915845,0.786547886096039,2.36679411643433,0.955351663096068,8.42561189101806,4.5413914173018,2.33420326840837,69,1,23.5350248624772,0,0,0,0,0,114.571428571429,0,1,1,0,0,0,94,3.5010060362173,NA,"censor",11.6191780821918
"100","bi0197",0,0,-0.80351722143256,212.5,2.28759894459103,4.76103609122798,0.0638148933504175,1.39589938627687,21.0010968605711,1.4671781603444,1.3048099872857,3.67237038388802,1.35734564039921,10.5311113022993,8.29908466787536,7.55706899467293,68,0,22.9924290717114,0,0,0,0,0,121,0,0,0,0,0,0,94,2.13592233009709,NA,"censor",10.5616438356164
"101","bi0198",0,0,-0.33180500487919,303,2.93526170798898,6.88539764718032,0.0873179049538189,0.562051389405676,12.4183817602056,0.594137157243969,0.536146407594515,0.901692788882998,1.87664998002113,14.39929727735,5.23767164684225,0.615517027328524,77,1,30.4626080943525,0,0,0,0,1,90.4642857142857,0,0,0,0,1,0,88,9.74828375286041,NA,"censor",11.1397260273973
"102","bi0199",0,0,-0.498078079831539,371,3.01132686084142,4.67895676629565,0.0364715571089113,1.3305926648736,13.2274481483885,1.42059005327522,1.24007289246621,1.4552148222719,1.25331943432783,16.8092097980888,5.7328752301112,5.45979491785391,76,1,26.6752004361653,0,0,0,0,0,170.928571428571,0,0,0,0,0,0,96,1.75280898876405,NA,"death",8.2
"105","bi0207",0,0,0.00154180799526955,157.5,2.05500982318271,5.10585193015033,0.0451023826952952,0.706825300472446,15.4263991967976,0.737711279352907,0.672092812526786,2.21515528855058,0.280425201543408,12.2738732478868,6.82904324434096,6.40427516473521,71,1,32.7265903546632,0,0,0,0,0,214.714285714286,0,0,0,0,0,0,92,7.10327455919396,NA,"censor",9.6958904109589
"106","bi0210",0,1,0.217942943043769,106.5,1.17218543046358,5.19843355988478,0.0424726571565085,1.08602209502509,11.7909976827609,1.10745835793578,1.01561885127747,1.68094043527276,0.620778140673856,8.80482693439766,4.12427123194573,3.90968734950548,73,1,25.1610116035037,0,0,0,0,0,204.857142857143,0,0,0,0,0,0,96,3.91891891891892,0,"dementia",3.21369863013699
"107","bi0211",0,0,-0.30809162956502,60.5,1.23699421965318,9.44628655976158,0.0585600759703251,0.77926610956045,13.1829029469946,0.802974324228029,0.744535437613259,1.20613939691592,0.513403328620909,6.63438184361025,5.8891651370832,3.34924807446944,70,1,29.4016905544719,1,0,0,1,0,147.142857142857,0,1,0,0,0,0,89,7.5,1,"censor",11.2328767123288
"108","bi0212",0,0,-1.13500196156671,326,3.53389830508475,7.60492151299118,0.0372978485203783,0.83778111518386,11.3549555447861,0.916064691076733,0.805199465671903,1.2937372672191,0.897897295649453,16.0629932637012,10.3226450398305,8.40910174616778,75,0,25.2399341649279,0,0,0,0,1,173.392857142857,0,1,0,0,0,0,94,2.42587601078167,0,"death",5.54246575342466
"109","bi0217",0,0,0.486244548187079,106.5,1.9238845144357,4.03441950841603,0.0975580463769828,0.546416808148344,12.4118065985571,0.582453145447243,0.52983499630189,1.02729669108385,0.59706098321952,13.0172093566215,4.21611692377156,5.50289589993524,81,0,29.6028804889797,0,0,0,0,1,115.535714285714,0,1,0,1,1,0,86,15.7434402332362,0,"death",7.18904109589041
"110","bi0219",0,0,-0.695941565967929,180,1.10141987829615,6.15381744342176,0.0839296935367209,1.15680025350407,17.6027546095832,1.36346865668237,0.975993732006536,2.67624623287206,0.417670861780985,8.21635771581654,7.36034795743111,6.61280793058551,76,1,27.8674800406256,0,0,0,0,0,99.5714285714286,0,0,0,0,0,0,95,20.9004739336493,0,"death",9.17260273972603
"111","bi0220",0,0,-0.732437898100901,102.5,0.833333333333333,5.14130191933806,0.0380228214783372,1.3377022553898,18.9286260727643,1.39500587264678,1.26645586398334,2.25994639886021,-0.0803008179703202,7.62228665074809,6.89916026031498,2.41134604947912,78,0,33.4744422286339,0,0,0,0,0,167.428571428571,0,1,1,0,0,0,93,12.093023255814,0,"censor",9.92602739726027
"112","bi0221",0,1,-0.73980062469931,197,2.125,6.4607471005772,0.0414658868817803,0.644498179616454,19.9043723265204,0.676744943069111,0.626359746324836,1.97441120011502,1.31884982103471,10.7107661902509,7.54757075765236,8.12588467202802,71,1,28.0128368313597,0,0,0,0,0,186.964285714286,0,0,1,0,0,0,92,15.5474452554745,1,"dementia",10.972602739726
"113","bi0222",0,0,-1.24373964165176,112,0.975,5.53381720625705,0.0455123437873003,2.12217465950121,13.1591566000223,2.65659177448211,1.56004532061007,1.12809783019126,0.476751208767483,10.0361208644136,8.20389395254297,7.7996698758702,76,1,25.1207210914171,0,0,0,0,0,92.4285714285714,0,1,0,0,0,0,98,6.41221374045802,1,"death",4.67123287671233
"114","bi0223",0,0,-0.26024293185624,178,1.84861407249467,4.21284865769554,0.0478207246400312,1.01181316607837,18.6516448553801,1.03170673774568,0.944624403669078,2.74992886944489,0.52668804434267,16.0763058674132,6.50570721971253,1.89211491807234,75,1,23.5185185185185,0,0,0,0,0,85.6428571428571,0,0,0,0,0,0,94,3.45,0,"censor",9.94794520547945
"115","bi0227",0,0,-0.58868057241154,293,2.82285714285714,4.69654408875122,0.0657730919637327,0.663575387560534,21.5556070260013,0.691050231978054,0.610842882245932,2.40765376897998,0.79144327986869,13.5042331737583,6.89148655316572,2.94928393905123,76,1,20.6338404615164,1,0,0,1,0,156,0,1,1,0,0,0,86,12.9815303430079,0,"death",3.23561643835616
"116","bi0228",0,0,-0.34015337461823,68,1.96618357487923,3.80800139859647,0.072566213403849,1.91403642185643,18.353847498228,2.20178506066937,1.77757246243724,2.51782809317459,1.1125363729785,10.2139109147543,5.10122120371646,3.03685904144213,70,1,26.6687286147083,0,0,0,0,1,172,0,1,0,0,1,0,98,0.857142857142857,0,"censor",10.2630136986301
"117","bi0229",0,0,-0.78702648391121,264,4.48195329087049,8.04515399559434,0.0563061403495913,1.17470378322234,14.9605907259346,1.26436770463684,1.04875334763211,1.62738059409729,1.62708398992537,23.5397305501728,6.02188417218531,5.20466133753223,74,1,27.5286136831276,0,0,0,0,0,186.678571428571,0,0,0,0,0,0,99,8.63753213367609,0,"censor",10.1972602739726
"118","bi0235",0,0,0.0305841853854801,62,1.00292397660819,5.66068895501024,0.111024082027481,0.884582796654896,14.8238345349932,0.97686785769206,0.851613646202316,1.56443978020489,0.683302862978916,9.32423746591846,6.3673938840078,5.14875326673646,75,1,27.9946331466602,0,0,0,0,0,224.571428571429,0,0,0,0,0,0,92,3.80403458213256,0,"censor",10.6657534246575
"119","bi0239",0,0,-1.10876961996999,252,1.64395229982964,4.91944358309824,0.0928163091573887,0.850386715928941,17.7886010678531,0.88153570487126,0.798920426467178,3.05689334054832,2.51567760698466,13.7533721134152,10.5691814619761,10.8939770076732,76,1,27.9126819022629,0,0,0,0,0,214.785714285714,0,0,0,0,0,0,95,5.56291390728477,0,"censor",10.6602739726027
"120","bi0240",0,0,0.33288472280197,77.5,1.64957264957265,4.46940189267115,0.103846471272167,0.986944870008351,19.1614719960772,1.06441583262865,0.923096954385326,2.23323371895283,1.06862129936037,16.2284348446138,4.80698384537735,3.04178394489609,71,1,28.7135963931873,0,0,0,0,0,182.5,0,0,0,0,0,0,98,9.72972972972973,0,"censor",10.0520547945205
"121","bi0241",0,0,-0.234394730219999,170,1.66338028169014,4.88292559141177,NA,NA,17.2351077684914,NA,NA,1.41039151751151,NA,9.45082455803798,5.90831439129144,NA,74,1,29.3904768957103,0,0,0,0,1,107.678571428571,0,1,0,0,0,0,93,8.59550561797753,0,"death",9.00547945205479
"122","bi0242",0,0,-0.68111789137462,349,4.27505330490405,9.02731689914441,0.0503569591156115,1.20483469187538,12.8765785203542,1.29888274447167,1.08587391437991,1.49801700732625,1.1664957378365,18.0284852359731,5.03683694491284,4.59346120359973,72,1,28.917344801757,0,0,0,0,0,111.607142857143,0,0,0,0,0,0,98,2.72727272727273,0,"censor",10.1917808219178
"123","bi0244",0,0,-0.11353177003645,231,2.22318339100346,4.54524629838872,0.0607560028331194,0.862278693103215,16.2766258095773,0.919930845883602,0.813603842001199,1.60386503212535,1.47433201887025,11.2561856519523,5.95625772077084,7.21487595638766,70,1,32.5124360067726,0,0,0,0,0,110.25,0,0,1,0,0,0,91,0.147058823529412,0,"censor",9.96712328767123
"124","bi0245",0,0,-0.12388390891919,183.5,2.25388601036269,3.97420171992854,0.0483591488116951,0.818209644139572,10.3804524698972,0.882488309297811,0.7895759567581,1.14978265925597,0.712270370065976,9.9314430900429,7.20081867994755,7.38604553326845,76,1,24.4054209635953,0,0,0,0,0,204.071428571429,0,0,1,0,0,0,95,6.80597014925373,1,"censor",9.95068493150685
"126","bi0252",0,0,-0.84911378407016,176,1.09090909090909,5.60161834919142,NA,NA,19.3398513007364,NA,NA,2.5859391104358,NA,10.4550558186602,9.82523617006549,NA,71,1,29.3761969506423,0,0,0,0,0,222.428571428571,1,1,0,0,0,0,91,58.328173374613,0,"death",4.12602739726027
"127","bi0259",0,0,0.32659237250292,79,1.23398328690808,5.30779930092538,0.064936080084704,0.69754375016245,11.5620216917121,0.741604083105982,0.648022915772254,1.28859921534638,1.06186713074121,8.77506636274289,3.7895206719517,3.42022816531226,75,0,29.3706746259062,0,0,0,0,0,156.464285714286,0,1,0,0,0,0,93,2.76923076923077,1,"censor",10.7232876712329
"128","bi0260",0,1,-0.0609947386132305,216,1.61220825852783,3.77445371604074,0.0392097186025086,1.0545818611513,14.8932545735769,1.13314309412745,0.933173674703196,1.96495666062659,1.1341144206104,12.9223624472184,6.77909900998259,7.02615201863776,69,0,25.7889235641162,0,0,0,0,0,154.571428571429,0,0,0,0,0,0,95,10.2966101694915,1,"dementia",2.81095890410959
"129","bi0262",0,0,-0.17220894075688,77,0.912186379928315,6.15369720175581,0.0596060900122099,1.07978677161179,11.8426342287331,1.13158967946716,0.990248706688456,1.26856882074972,0.623808939985936,7.45201551523591,5.5280589044409,4.86947264286163,76,1,21.5629869571029,0,0,0,0,0,136.714285714286,0,0,0,0,0,0,97,3.15789473684211,1,"censor",10.2712328767123
"130","bi0265",0,0,-0.715532791425041,63,1.1629392971246,4.32644460067499,0.0610351516575753,1.88621917940728,17.7431858231676,2.48341110050176,1.58335605098451,2.08270164238044,1.35687109679181,9.08554149770429,4.7060591013896,6.12757613945612,74,0,33.9040487167941,0,0,0,0,0,38.1428571428571,1,1,1,0,0,0,90,15.1867219917012,1,"death",6.4986301369863
"131","bi0267",0,0,0.473673077948111,84.5,1.31988472622478,7.30438336592993,0.0762001199198803,0.574498516580487,13.5794882146055,0.608699666533439,0.530152919483805,1.75947769757901,0.748706949525854,8.73845454848258,3.49944568337354,3.76815139351908,69,1,27.7304405054023,0,0,0,0,0,76.9642857142857,0,0,0,0,0,0,85,10.9375,1,"death",5.43013698630137
"132","bi0270",0,1,-0.47027532255827,219,2.8574297188755,5.71951410483904,0.0685874689677341,1.06221637314505,19.8900180164086,1.12295164604825,1.00788373569508,2.47848495729557,1.21735266401556,15.8772215214333,5.85149680014682,6.19746911980168,73,1,24.9548892386839,0,0,0,0,0,158.5,0,0,1,0,0,0,94,5.58139534883721,0,"dementia",10.3150684931507
"133","bi0271",0,0,-0.98161639424165,287.5,2.4938704028021,7.99374830791187,0.0693527941063963,1.15569311271882,15.8818479668877,1.22002197496406,1.07653810171406,2.20139074098939,1.09935401607153,13.4420665627138,7.84719029150898,5.69563011513044,74,1,25.2090594645293,0,0,0,0,0,316.785714285714,0,0,0,0,0,0,95,3.65339578454333,0,"censor",11.158904109589
"134","bi0272",0,0,-0.73440754965371,314,2.80854197349043,5.65987503865354,0.0255375580527352,0.955876423551478,16.7412138617992,0.980054801452434,0.902639914524771,1.99504260781927,0.626399625848029,13.7836723265443,6.54667744405053,4.32440239205476,77,1,23.8118272819153,0,0,0,0,0,137.285714285714,0,0,1,0,0,0,98,2.26415094339623,0,"censor",10.7205479452055
"135","bi0275",0,0,0.12351694582412,125.5,1.64832535885167,4.18310311762937,0.0597731138236238,1.1858114545729,12.957890292707,1.26252474906587,1.11450333345512,1.68512130783949,0.536959795039591,12.5164080279807,4.99044670331417,5.39813240539772,76,1,39.2733899219245,0,0,0,0,1,63.1428571428571,0,1,1,0,0,0,96,33.1615925058548,1,"death",6.95616438356164
"136","bi0276",0,1,-1.14052986913281,81.5,0.552475247524753,7.93786172673163,0.0510265481289129,0.896558036364573,21.4056684099911,0.938194345760454,0.805534445270122,4.24204757261404,3.39543529064369,9.42812884971996,7.82894493137765,12.7604908146061,74,1,28.5053552789218,0,0,0,0,0,140.714285714286,0,0,0,1,0,0,96,24,0,"dementia",1.7013698630137
"137","bi0278",0,1,0.246160105436,112,2.12621359223301,3.94804531960841,0.0610883275013233,1.00203208225969,11.2493183019805,1.05964423635768,0.93273416955446,2.20593463786899,1.26463760329071,13.0628246532039,4.53780135726908,5.56720479120191,75,1,29.4206694559271,0,0,0,0,0,131,0,1,0,0,0,0,93,6.07287449392713,0,"dementia",3.32328767123288
"138","bi0279",0,0,-0.260706964593049,222.5,2.00613496932515,4.70833439630774,0.0521466352201653,0.996957436952677,17.1100647578527,1.05777846888104,0.923410982716955,2.99268365448287,1.4568275014292,14.7019994051506,6.53413262033814,5.1480230242847,70,1,20.7281887821295,0,0,0,0,0,28.2142857142857,0,0,0,0,0,0,89,1.38817480719794,0,"censor",10.3424657534247
"139","bi0280",0,1,-0.64180439630324,113.5,2.31970260223048,8.79290765324628,0.0589096561313979,1.28718437288794,10.8335274828586,1.36309858087456,1.19898383460465,1.60161150439211,0.777619227842986,14.3933095740597,7.64690468163041,6.34294804353361,72,1,24.7787073167029,0,0,0,0,0,167.428571428571,0,0,0,0,0,0,91,2.14925373134328,1,"dementia",10.3150684931507
"140","bi0281",0,0,-0.182346481507849,39.5,0.550239234449761,3.23273534219768,0.0392137475019589,0.966143858550804,15.5062875025388,1.00588107247464,0.898755082513538,2.09981910902216,0.494783439033649,4.08199165476595,7.1156259607275,14.2509760365236,74,1,28.3174169920585,0,0,0,0,1,275.285714285714,1,0,1,0,0,0,93,2.23048327137546,0,"censor",10.4356164383562
"141","bi0282",0,0,-0.90011451811971,57.5,0.676375404530744,8.9658804436857,0.0428513770227798,0.829358214668294,18.1065765861968,0.851770221463284,0.79363909275865,3.20913766110506,1.91459936667309,5.86330942374994,5.11442877335104,6.29390487356644,74,1,26.4877532603926,0,0,0,0,0,194.214285714286,0,1,0,0,0,0,98,6.55629139072848,1,"death",8.64109589041096
"142","bi0283",0,0,0.0814033410418404,59.5,1.32319391634981,4.17565024812951,0.0794863349911578,0.740965075434299,18.4577338971004,0.812569870264262,0.731262400732278,1.92838989242771,1.13422817771753,8.66829990915009,3.9362499775137,5.08226370650679,77,1,29.2319033309578,0,0,0,0,1,81,0,1,0,0,0,0,86,0,NA,"censor",3.58356164383562
"143","bi0287",0,1,0.0565518407891602,148.5,3.01864801864802,5.95016724885718,0.0520295950243648,0.764970781071695,8.92162517120711,0.791740807590023,0.72043763542095,0.945911713031079,0.613490642978097,19.686725975277,6.2905499106379,6.5957618889887,77,1,28.5857665651401,0,0,0,0,0,129.392857142857,0,0,0,0,0,0,96,1.12,0,"dementia",11.958904109589
"144","bi0288",0,0,-0.933438068419581,163,1.40136054421769,4.76734474439909,0.0680188120220875,0.86684780674951,19.4946926521052,0.885550703629945,0.84483982913791,2.46427361480986,1.00148342028148,13.2205983838528,10.947166844658,8.4283999678873,75,1,27.9464060264288,0,0,0,0,1,91.7142857142857,1,0,0,0,0,0,96,12.6760563380282,0,"censor",9.95068493150685
"145","bi0291",0,1,-0.29539461867995,105,1.64985994397759,5.32640322890049,0.0353178713072504,1.0768731862115,16.2971892669029,1.13362478497608,0.969356283836992,2.401828426781,0.748695989663088,11.6570348177547,7.09145375201361,5.43007368952527,69,1,22.7685670491261,0,0,0,0,0,58.5714285714286,0,0,1,1,0,0,98,3.79746835443038,0,"dementia",6.95890410958904
"146","bi0292",0,0,-0.50564919144754,189.5,2.03950103950104,5.05211142528021,0.0600310047284402,NA,12.6214439847684,NA,NA,1.23270975287547,NA,15.291109300406,9.14915637949648,NA,75,0,23.9446366782007,0,0,0,0,1,33.5714285714286,0,0,1,1,1,0,86,9.78851963746224,1,"censor",3.63835616438356
"147","bi0293",0,0,0.2912753912719,241,2.83666061705989,4.38362757566098,0.0811439732000535,0.681434940288453,10.1231615758457,0.711713356432106,0.629981192525759,1.3886353870465,0.644291027388105,14.8077716378546,5.977886253641,6.27196822102465,76,1,24.3821716960177,0,0,0,0,0,259.428571428571,0,1,0,0,0,0,91,13.0790190735695,NA,"death",8.50958904109589
"148","bi0296",0,0,-0.244981463980881,81,1.13507109004739,3.83644592082593,0.0471239613397103,NA,14.0724206563598,NA,NA,1.43488138446945,NA,9.12380108789581,5.6272332390901,NA,82,1,34.1924939188619,0,0,0,0,0,25,0,0,0,0,0,0,91,32.6751592356688,0,"censor",6.92054794520548
"149","bi0297",0,1,0.0457262025046902,140.5,1.44897959183673,4.43906700000159,0.0628419130723221,1.16451575374254,17.1645345316401,1.20178480579821,1.06612692605207,2.33300161522186,0.905579649049141,10.2850154475032,5.82340125617887,4.8327483666719,68,1,26.6449276958894,0,0,0,0,0,63.3214285714286,0,0,0,0,1,0,98,12,1,"dementia",10.7972602739726
"150","bi0298",0,0,0.13475799309186,98.5,1.33561643835616,5.02455573225899,0.0540856593967301,0.573598077505272,15.2023143699464,0.593229974442389,0.552598245647338,1.70161394847182,0.840114600130875,8.75714544507037,4.22541091535898,4.70726738505075,76,1,24.6333779683932,0,0,0,0,1,50.6428571428571,0,0,1,0,0,0,98,2.5065274151436,0,"censor",1.24657534246575
"151","bi0299",0,0,0.32018680475922,182,3.28767123287671,5.57708384513566,0.089853878169763,0.492798155758759,14.3545749825587,0.513788484007254,0.469031232516706,1.66926284814106,0.621268070090152,16.2925933052806,5.39104311062504,5.24828549734823,73,1,22.5183522643013,0,0,0,0,1,186.464285714286,0,0,0,0,0,0,91,0.833333333333333,NA,"censor",3.97260273972603
"152","bi0301",0,0,-0.553747588213611,190,2.40134529147982,5.78084951315005,0.027380566132572,1.03938105041658,14.0714888895175,1.08327644251468,0.942860977430568,2.53922550313438,0.724929154335995,14.6632155831036,6.93861761635318,3.46568818989898,75,1,24.2666909333576,0,0,0,0,0,151.678571428571,0,0,1,0,0,0,96,18.8135593220339,0,"censor",9.93698630136986
"153","bi0302",0,0,-1.00779073633252,176,2.69383697813121,6.11737359760693,0.0486622283047062,0.873133724816755,17.7662572358322,1.05043559489536,0.80809047626372,2.7211538481391,1.64194681879557,16.7620048773906,7.77219286990601,5.87967312990996,77,1,27.8139235128818,0,0,0,0,0,162.642857142857,0,1,1,0,0,0,98,9.62750716332378,0,"censor",10.3534246575342
"154","bi0303",0,0,-0.5819057833682,227.5,2.3542600896861,4.01089206388885,0.0288541223701606,1.16897036438422,13.519096305165,1.20835514123129,1.08135721743571,1.91103309308796,0.823998083210544,12.5982099193383,8.45577305746649,6.844507224936,74,1,28.7686616461884,0,0,0,0,0,103.5,0,1,0,0,0,0,98,4.43271767810026,0,"censor",10.1561643835616
"155","bi0305",0,0,-0.105474467285291,136,2.09039548022599,7.52354818205797,0.0637340629962238,0.819835721275978,18.595367818806,0.848644080165197,0.762935821177966,2.50770831880129,1.34739078360193,15.0499899909241,4.31036369976973,4.25818946908851,69,1,27.0556290345044,0,0,0,0,0,205.428571428571,0,1,0,0,0,0,95,3.04225352112676,0,"censor",10.9561643835616
"156","bi0308",0,0,-0.530423364225371,162,1.60579064587973,5.47449590211737,0.0305816465619148,0.668836071985397,18.6741230531462,0.703903408610405,0.620358624696472,1.71880480140812,0.972731631443755,12.7441852723771,8.37559109172632,6.75291020871414,70,1,31.6318142314845,0,0,0,0,0,113.571428571429,1,1,0,0,0,0,99,7.57731958762887,0,"death",11.0054794520548
"157","bi0309",0,0,-0.35877571284749,117.5,1.97198879551821,5.19963521420134,0.032769984176108,0.894948276232193,17.8488333674739,0.956371624393318,0.870646183481427,1.5037765229409,1.17277981503695,14.6314082780651,6.77955301792189,6.1278346517199,71,1,28.1845682930325,0,0,0,0,1,157.428571428571,0,0,0,0,0,0,96,43.2707774798928,0,"censor",10.9479452054795
"159","bi0312",0,0,0.0910354016480397,179,1.94130925507901,4.6230940904998,0.0294845778503517,1.06126721332365,8.44846479584771,1.10721219161359,0.96256108167467,1.41489622056422,0.766236791845252,10.6187432257048,6.51688980003191,5.58937416550168,70,1,24.3974480151229,0,0,0,0,0,141.142857142857,0,0,0,0,0,0,97,4.17827298050139,NA,"censor",10.8356164383562
"160","bi0313",0,0,0.92827117872919,111.5,0.821705426356589,2.67859806369935,0.0450651215254671,NA,14.0826460498673,NA,NA,1.40868446921233,NA,5.2020074157358,2.17370341491617,NA,70,1,36.2609885395015,0,0,0,0,0,116,0,1,0,0,0,0,99,35.0413223140496,0,"censor",11.1424657534247
"162","bi0315",0,0,-0.233082038231591,67.5,0.978787878787879,4.39752952288383,0.0342491318228292,1.02763515207651,9.96913215980082,1.05872398243994,0.926082836128457,0.67331240325051,0.416581789814858,5.47250198767957,5.81906883878714,7.16876702107373,81,1,31.6517599888724,0,0,0,0,0,69.5714285714286,0,0,0,0,0,0,99,2.45231607629428,0,"censor",10.6630136986301
"163","bi0319",0,0,-1.16616918574348,149,1.18082788671024,5.90776953190794,0.039207600330914,1.15975600613978,18.1215516165223,1.19716883107608,1.05569893677013,3.30122369237318,0.54417633162188,11.8173445591645,9.12772266948983,3.07875970533987,79,1,25.515408914915,0,0,0,0,0,217.428571428571,0,0,0,0,0,0,92,2.86624203821656,NA,"death",11.5479452054795
"164","bi0320",0,0,0.20187290706226,188,2.22171945701357,3.82814429313101,0.0449509187706456,0.696506661081112,10.20588907158,0.725522497430961,0.656909203478202,1.6354797941533,0.533856621587099,11.8916781870152,8.48653224642539,5.75657628245178,68,1,26.8865637101535,0,0,0,0,1,105.964285714286,0,1,0,0,0,0,93,1.2,NA,"censor",10.8575342465753
"165","bi0321",0,0,0.8035349316674,263,1.73727422003284,3.11290118889422,0.0567655392419217,0.650940052610402,7.50286947332315,0.685053239249707,0.589615882884141,2.18620035590321,3.49528120039116,6.17035598388137,3.66790294652646,3.8557315592402,73,1,28.8219473514416,0,0,0,0,0,110.75,1,0,0,0,0,0,87,16.1860465116279,0,"censor",10.5095890410959
"166","bi0323",0,0,-0.7831080885217,161,1.25325884543762,6.07556331690921,NA,NA,17.2913240345752,NA,NA,1.24719185564659,NA,0.703609225111923,6.91222655829949,NA,75,1,27.8660632061274,0,0,0,0,0,168.285714285714,0,0,0,0,0,0,94,4.90706319702602,0,"censor",10.3095890410959
"167","bi0324",0,0,-0.79728527729243,211.5,3.06935123042506,7.01501076787939,0.0348639405886908,1.51002606332567,15.4079591999709,1.5726841097907,1.45132935211638,1.63512020554566,0.593978771979813,16.8087162428508,7.62009120984603,8.86569919215528,72,1,23.2273303489192,0,0,0,0,0,131.714285714286,0,0,1,0,0,0,94,7.17607973421927,NA,"death",8.51506849315068
"168","bi0326",0,0,-0.12323245686125,163,2.69021739130435,4.45718098675536,0.0533852733390769,1.14080953412305,15.1057974922392,1.18314533306371,1.09172447365722,1.9611381186909,0.521762145155288,15.2097567405806,5.28310542841697,5.56851731826064,77,1,21.7257556958277,0,0,0,0,0,241.357142857143,1,1,0,0,0,0,99,2.15384615384615,0,"death",8.26849315068493
"169","bi0327",0,0,-0.706408407616099,168.5,1.94763092269327,5.99717037319734,0.0462636116849194,1.06393372180316,20.7009742309969,1.1039694031452,1.00802417947016,3.11542991020935,1.94790729187043,14.558542987906,5.95689026296687,6.06840126584133,72,1,24.8478652388437,0,0,0,0,1,187.392857142857,0,0,0,0,0,0,95,0.342857142857143,0,"censor",10.4109589041096
"170","bi0328",0,0,-0.189068038386699,251.5,3.83636363636364,6.30740826635104,0.0338201022693604,0.833935841196473,13.5545878045426,0.866608110595158,0.803488681477504,1.48384682286943,0.68428582727969,20.0050937618333,7.06144822600421,4.90815898430108,69,1,24.9859302528673,0,0,0,0,0,108.964285714286,0,0,0,0,0,0,90,2.06303724928367,0,"censor",10.5123287671233
"171","bi0330",0,0,-0.94313913692713,233,2.41448692152917,5.25934811406238,0.0516730936714097,0.975234899341719,20.390909343578,1.01072791059161,0.891906026746171,2.83838902849189,1.31622071605251,16.2538507083487,9.84581583891193,7.9772356300401,71,0,26.7662133456872,0,0,0,0,0,131.321428571429,0,1,0,0,0,0,92,6.0655737704918,1,"censor",10.8493150684932
"172","bi0331",0,0,0.00548236106147044,274.5,3.94541484716157,6.14621757359129,0.0289064223111966,1.13644365297513,6.58574308244356,1.21956066910974,1.02855355568669,0.746547831569224,0.590007586852025,17.5541413850283,5.69648900821193,3.32231097262929,71,0,28.9184311736643,0,0,0,0,0,138.142857142857,0,0,0,0,0,0,96,4.54545454545455,1,"censor",10.2
"173","bi0332",0,0,-0.0810729222433096,84.5,1.1547619047619,7.27321472623892,0.0522823178626766,1.1412025244221,14.6474296487905,1.18347975711828,1.06126084853674,2.62642879139536,0.939380380811502,10.2856494097776,4.40017920886325,3.24878295280087,70,1,28.3525468211456,0,0,0,0,0,143.071428571429,1,1,0,0,0,0,97,0,0,"death",8.98356164383562
"174","bi0334",0,0,0.0238672628278493,211,2.88888888888889,7.11981552851358,0.0339618639314776,0.853765259944894,16.9983878116598,0.913850815983765,0.813465368276399,1.78503392173981,0.643467486849603,22.1363772189904,4.81414594729119,4.84421341653648,69,0,29.6566837107378,0,0,0,0,1,176.714285714286,0,1,0,0,0,0,100,2.77777777777778,0,"censor",11.1452054794521
"175","bi0335",0,1,0.65912644085245,73.5,1.28571428571429,5.37003045299481,0.0799889433715165,0.757684312270025,12.6864275845818,0.823603430178794,0.660868248661287,1.95340961538797,0.833727342090283,9.58519785921617,3.91892013527763,2.45266264722466,68,1,25.7398613217655,0,0,0,0,0,149.714285714286,0,0,0,0,0,0,84,0.891089108910891,0,"dementia",1.11232876712329
"176","bi0339",0,0,-0.29972927947277,336.5,2.70182555780933,5.01187899745708,0.0353646025001964,1.31886265365964,10.1463540789035,1.37813772141512,1.18177022035374,1.32658317832236,0.664417786817489,13.145303312383,7.19083605696513,6.48942769309843,71,1,22.7859562435022,0,0,1,1,0,324.892857142857,0,0,0,0,0,0,83,2.36453201970443,0,"censor",10.4794520547945
"178","bi0351",0,0,-0.0428274786378793,210.5,2.578125,3.59848373950594,0.0559482555866951,1.30206805038131,14.3054281600117,1.36127053788793,1.20559942241833,2.15748989979383,1.15259296858937,13.0507420726473,6.02003365171977,4.73225497025298,70,1,25.4403048139906,0,0,0,0,0,82.9642857142857,0,0,0,0,0,0,96,4.22535211267606,1,"censor",10.9095890410959
"179","bi0352",0,0,-0.391513096394481,111,1.54320987654321,5.19092148615945,0.0701775183243181,0.881182286981675,18.538550743294,0.959921418255218,0.842031551813888,3.07895993091854,0.55345435385227,9.39323768776085,7.77172520509684,4.21643206107844,72,1,28.8682070122534,0,0,0,0,0,215.5,0,0,0,0,0,0,95,12.9682997118156,0,"censor",10.4383561643836
"180","bi0353",0,0,0.0275712282950096,170,2.41988950276243,5.66000806838645,0.0700160804452455,0.683933469059572,16.4306330827656,0.729803786410435,0.642967968268692,2.17411165093363,0.622599240337612,16.3859100102451,6.98385570647499,6.22585589721742,70,1,26.4653721188251,0,0,0,0,0,232.142857142857,0,0,0,0,0,0,93,7.85340314136126,0,"censor",10.2191780821918
"181","bi0354",0,1,0.16752929573459,94,2.18385650224215,4.83606053604181,0.0580710120966201,0.931212062167394,14.0223095156847,0.963764107820077,0.892132747780416,1.57442032161414,0.581150482968442,14.7761464629023,7.31577884336735,6.86002174392319,68,1,26.7968522652579,0,0,0,0,0,143.821428571429,0,1,0,0,0,0,96,12.2,0,"dementia",11.9945205479452
"182","bi0356",0,1,0.0719014154943494,61.5,0.5146771037182,4.74129093451983,0.0313668069105025,0.879354026548945,17.6276762437507,0.908608442978633,0.839812200880741,2.16061892267199,1.28777898342609,6.37697928251469,4.26737777617795,4.76467142250596,69,1,23.1287593525356,0,0,0,0,0,130,0,0,0,0,0,0,100,2.73913043478261,0,"dementia",2.71506849315068
"183","bi0357",0,0,0.773164336734879,44,0.89811320754717,4.05864237137613,0.137569569144445,0.674064260736935,14.4329247662002,0.742464408422352,0.663012857249433,1.3003747127714,0.595323744710725,13.4152537546428,3.28407377653712,3.73896616925914,81,1,25.7343930534645,0,0,0,0,1,161.714285714286,0,0,1,0,0,0,96,16.2025316455696,0,"censor",11.1205479452055
"184","bi0359",0,0,0.421116344234061,170,2.78215223097113,4.05760878517387,0.0525149171207339,1.06163230162506,13.729013845963,1.11593274228085,1.00324121653943,1.59669309813593,0.734059676585234,14.6261339144499,4.11608430786813,4.26347607504995,70,0,23.9467846945102,0,0,0,0,0,189.642857142857,1,1,0,0,0,0,98,6.49076517150396,1,"censor",10.1287671232877
"185","bi0360",0,0,-1.01095603223697,217,1.77425742574257,4.36828654154935,0.0583240670946801,1.04299429979465,22.3316384606903,1.13303860109427,0.984478406047506,3.04469897825066,2.51609100721349,10.9344622031761,5.36643975017675,10.6314348848979,80,1,26.3508813771761,0,0,0,0,0,125.392857142857,0,1,1,0,0,0,95,2.60869565217391,0,"death",8.40821917808219
"186","bi0362",0,0,-1.12744665919598,193.5,2.50095238095238,6.24897346685427,0.0520766129889112,1.08323211635343,18.4656156699792,1.13398261737867,1.02425705227966,5.67084586076718,1.59418426367133,18.1128944225643,9.30441637960531,8.64843187187872,75,1,27.3178258850801,0,0,0,0,1,69.7857142857143,1,1,0,0,0,0,96,13.2954545454545,NA,"censor",10.4356164383562
"187","bi0363",0,0,-0.246809763137649,209.5,2.3107822410148,5.05129854928533,0.0718886304844046,0.916484308213021,16.5772655913549,0.960983934224952,0.858996636520217,2.19968833671045,1.20972360094286,13.0833560752196,7.70798724910536,8.69991979239608,69,1,29.3709692933859,0,0,0,0,0,69.2142857142857,0,1,0,0,0,0,95,14.2558746736292,0,"death",10.7780821917808
"188","bi0365",0,1,-0.706581621509341,133.5,0.92798353909465,4.60735171203648,0.0255049650962738,1.16096360547767,15.3556452141036,1.35757349946542,1.01498460691409,2.0025945556447,1.56274398875119,10.1387717461775,7.08233031128465,12.6151981441329,74,1,28.2297129778359,0,0,0,0,0,140.964285714286,0,1,1,0,0,0,90,15.8774373259053,1,"dementia",4.01095890410959
"190","bi0371",0,0,-0.127042611321809,172,0.765285996055227,5.58311501366218,0.042356943832198,0.804160177535734,12.376689389795,0.833511139914086,0.761940785776789,2.46798653946475,0.560767175077976,9.92208226851591,8.60381924649884,3.56343077514617,68,1,26.1363194393949,1,0,0,1,0,132,0,0,0,0,0,0,99,9.5609756097561,0,"censor",11.1972602739726
"191","bi0372",0,1,0.16873895181313,23.5,0.361774744027304,6.54908832386927,0.0807402512635933,0.991158043804426,15.9395830082754,1.03847037510231,0.896065486365678,2.19034360767753,0.701762586549476,6.46383933349961,4.77602666093108,2.70096410879354,69,1,26.7802994031089,0,0,0,0,0,127.785714285714,0,1,0,1,0,0,97,10.551724137931,1,"dementia",6.41095890410959
"192","bi0374",0,0,-0.317990850100971,78,0.715808170515098,5.23994831870018,0.0615900760730991,0.624562280518708,16.288992281317,0.646034594051699,0.593056444389835,1.46951655158061,0.652505540442637,5.53933380343771,4.43945969586009,3.846920869162,84,1,27.0913606420127,0,0,0,0,0,91.8214285714286,0,0,0,0,0,0,99,20.5524861878453,NA,"death",5.81369863013699
"193","bi0375",0,0,0.27679661882878,217.5,2.60859728506787,4.77710508067898,0.049111728683451,0.855954367751619,10.9543988083006,0.892403985770551,0.80075089458987,1.20017243057627,0.829847156419696,14.2314352605626,5.99520275055959,5.82480517666598,69,1,34.6621415967582,1,0,0,1,0,0,0,1,0,0,0,0,93,7.5,1,"censor",10.5342465753425
"194","bi0376",0,0,-0.78613874346605,157,1.34220532319392,4.07617499734741,0.0523027826907328,NA,19.4504840188369,NA,NA,2.17533711421029,NA,9.85465423064817,5.43973617736694,NA,85,1,27.4850320366934,0,0,0,0,0,139.785714285714,0,0,0,0,0,0,83,19.7707736389685,0,"death",10.0547945205479
"195","bi0377",0,0,-0.286654965547361,321.5,2.00278940027894,5.86131212326936,0.0340811364773188,0.788572644803152,17.8090540953074,0.807091038622652,0.753077620940517,1.41414238658681,0.550995544011819,11.145033182361,5.45049854295373,4.58138933609495,72,1,26.3695329961246,1,0,0,1,0,63.5,1,1,0,0,0,0,96,19.3075356415479,NA,"death",3.48767123287671
"196","bi0378",0,0,-0.57284586488953,365.5,2.65849673202614,7.74242352112154,0.078164367101861,0.472639156093839,14.6183406303771,0.505671220909858,0.457902894930745,2.92369823313777,0.874000014441137,20.2504621874264,10.7470472197379,6.80928874983327,69,1,27.8038512099344,0,0,0,0,0,319.607142857143,1,1,0,0,0,0,98,17.1627906976744,1,"censor",6.8
"197","bi0380",0,0,-0.333516925463741,236.5,3.05664488017429,4.35427907855045,0.05764167907642,1.2943851707598,17.2525810878594,1.36941765556849,1.21079791193894,2.1237322800752,0.949634057488285,15.6515273865272,5.74176124078803,6.594709063774,74,1,28.2245842091402,0,0,0,0,0,95.5357142857143,0,0,1,0,0,0,94,9.95121951219512,0,"censor",10.1890410958904
"198","bi0381",0,0,0.0363537866150295,55.5,0.625287356321839,4.63453923240963,0.0900730579750474,0.587092469570179,15.2466695588685,0.622550825231377,0.563214632977071,2.79569180012894,1.0287221469319,9.13330143016837,5.30719036324409,3.92643741357288,80,1,26.6893375554734,0,0,0,0,1,168.607142857143,0,0,0,0,0,0,87,3.91304347826087,1,"death",11.5671232876712
"199","bi0382",0,0,0.3708892727614,50.5,1.01136363636364,5.45453678204779,0.0264230646283062,0.598160104411026,10.8225948621403,0.622485253038973,0.574899477120157,0.97963463761099,0.0952091532633038,10.2336075053563,6.54978909845028,4.31996270400706,69,1,29.9245278755194,0,0,0,0,0,88.1428571428571,0,1,1,0,0,1,93,11.264367816092,1,"censor",10.6630136986301
"200","bi0388",0,0,-0.0549092364747096,72,0.630114566284779,4.35630624784609,0.0433054204745216,0.568656771105973,11.2840768829629,0.591050195722543,0.532047266196075,1.23872798887289,0.766826970751168,8.5025007725566,5.86304705284521,3.82885537375609,81,1,24.4060463213743,0,0,0,0,0,162.428571428571,0,0,1,0,0,0,90,3.59712230215827,0,"censor",11.358904109589
"201","bi0389",0,0,0.20545976285875,178,2.31900452488688,4.88997329787131,0.0505361488506859,0.998010942111453,11.4177291847132,1.05039970388662,0.891472923338962,0.95451416679213,0.964803540193314,12.5561994251068,4.0791488541603,7.5808339145117,74,1,24.7115251364653,0,0,0,0,0,161.678571428571,0,0,0,0,0,0,88,9.02506963788301,1,"censor",10.7397260273973
"202","bi0390",0,0,0.672236732104589,80.5,1.71142857142857,3.75811222405029,0.0930340634909792,1.01770616577444,15.1550002140367,1.14606474108382,0.971157216749452,1.30638670178623,0.628295641790992,11.1995064989283,3.19065575303164,2.75893655297662,72,1,28.8152307240344,0,0,0,0,1,174.464285714286,1,1,0,0,0,0,99,10.7913669064748,0,"censor",10.4328767123288
"203","bi0392",0,0,-0.374801809820509,154.5,1.2010582010582,6.43613144180068,0.0423141339250032,0.847405403964921,12.4478198452408,0.924781867896871,0.792711164439653,2.04306208573055,0.948719954448477,12.6824261768414,6.17051624190781,3.88603142427078,77,1,25.5150565705632,0,0,0,0,1,222.785714285714,0,0,0,0,0,0,98,20.3134796238245,1,"death",10.5780821917808
"204","bi0395",0,1,0.13418708616374,158,2.2262443438914,3.702945467153,0.0613255586133915,1.22852137358997,13.6116638590489,1.33514769378957,1.15171916033915,1.34368212447893,1.21659822813982,11.5278635549429,5.81477269654819,3.97911445624852,68,1,37.3192148760331,0,0,1,1,0,115.892857142857,1,1,0,0,0,0,97,5.98130841121495,0,"dementia",10.9150684931507
"205","bi0397",0,0,-0.6266324840238,167.5,2.36503856041131,5.87229020223776,0.0615293612423316,1.33349948965954,18.2559383156222,1.4875849412586,1.21128011966806,2.50686010597436,1.12053899990424,10.9919930137996,7.02940306525258,7.59019919697292,69,1,24.7338530676814,0,0,0,0,0,258.321428571429,0,0,1,0,0,0,94,2.39130434782609,0,"censor",11.0438356164384
"206","bi0399",0,0,-0.20251286808609,73,0.635814889336016,4.65988306509611,0.032518300618364,1.35746166670098,18.01421165047,1.40399484742762,1.2606149641159,2.13127722942645,0.780745570137754,4.72458416716388,5.08668529869634,4.34617338340259,69,1,28.801225994513,0,0,0,0,0,182.5,0,1,0,0,0,0,91,13.1742243436754,0,"censor",10.2931506849315
"207","bi0400",0,1,0.308389954438979,101,2.01346801346801,3.64888320454778,0.0657842036510115,0.897574014912073,15.6562495750852,0.937017151297916,0.848485955903529,1.34873486031187,0.89771476815927,10.3905173709733,4.24684738358809,4.34035206143614,73,0,32.8179554812103,0,0,0,0,0,114.571428571429,1,1,0,0,0,0,81,8.5,0,"dementia",3.05205479452055
"209","bi0406",0,1,-0.101134021710079,358,3.26821705426357,4.89508566969924,0.0383513376742603,0.965830628547295,9.63682191686312,0.996810328501205,0.884800049635317,1.29095424350831,0.342672519328412,18.3243830512784,7.22331796064533,4.49124399648844,74,1,22.0922677063028,1,0,0,1,0,230.714285714286,1,0,1,0,0,0,84,16.0175054704595,1,"dementia",3.48767123287671
"210","bi0407",0,1,-1.71166692439405,106.5,0.553342816500711,4.95294705908208,0.0234324131655407,2.50710165947444,14.2077048588147,3.45282334339111,2.13145371302405,3.15847939117962,1.10497420718886,9.18759357650709,9.86930367945664,9.52951483730189,71,1,27.3115560195344,1,0,0,1,0,187.428571428571,0,0,0,0,0,0,93,6.42857142857143,0,"dementia",0.695890410958904
"211","bi0409",0,0,0.0621308216026904,97.5,1.4343163538874,4.91476037949187,0.0805564630348887,0.645523602985851,17.6181061372334,0.690452856001955,0.617164582098647,2.06629098880414,0.589660360558068,13.094433894733,5.74274224813491,4.68997512292209,76,1,23.3493437695408,0,0,0,0,0,56.7857142857143,0,0,0,0,1,0,100,14.6007604562738,1,"censor",10.186301369863
"212","bi0410",0,0,0.467666014487379,53,0.821752265861027,4.21560379758096,0.0548471342014006,0.625236925120073,16.2178625045234,0.639604742424465,0.595798577582896,1.96504743142348,0.781675073798507,9.1953427613842,5.35838908708029,5.12289889767282,68,1,27.5024487230092,0,0,0,0,0,154.107142857143,0,0,0,0,0,0,99,8.74015748031496,1,"censor",10.6438356164384
"214","bi0413",0,0,-0.80117085815418,160,1.09129511677282,5.31241824438555,0.0658434329800002,0.554784707693881,15.7935020887123,0.597895274078062,0.506840405503997,2.63134364883082,1.86215958110678,10.5925333007161,9.17440683350758,9.00325977259252,77,1,28.6069016371232,0,0,0,0,0,94.2142857142857,0,0,0,0,0,0,89,7.20720720720721,1,"death",9.33972602739726
"215","bi0417",0,0,0.4137039871851,30.5,0.588652482269504,4.16892464055749,0.0844260395861447,0.996715822247196,15.3441484190287,1.05444280313776,0.892829331779106,2.46188376823537,0.572601491375911,5.6227469194759,4.54156243388113,1.88583161528772,71,1,31.460127748319,0,0,0,0,0,158.142857142857,0,1,1,0,0,0,87,22.247191011236,2,"censor",3.63287671232877
"216","bi0422",0,0,-0.0610498697671105,80,0.846501128668172,4.32545757326813,0.11886203153322,0.845903349667879,14.2091810212345,0.927460935804074,0.731570042402241,1.64304834677204,0.678818529949639,6.10488723730354,5.02545705520704,3.07106453556391,84,1,28.1364972221611,0,0,0,0,0,41.0714285714286,0,0,1,0,0,0,89,63.6319612590799,0,"death",1.92602739726027
"217","bi0423",0,0,-0.46357848800088,159.5,1.52680652680653,4.59033552431243,0.0521571931777758,1.18217597308724,14.5190842503698,1.2558538572045,1.093534839126,2.13452888709364,1.15342465396954,11.0707602820809,5.12142154103067,5.67875851164567,81,1,28.4369262362841,0,0,0,0,0,186.071428571429,1,1,0,0,0,0,96,23.1736526946108,NA,"censor",11.2328767123288
"218","bi0425",0,0,0.0425953133562601,106.5,0.975225225225225,6.28599597977093,0.0181653432241457,0.600885061769761,14.9828461750531,0.615005878027295,0.565567465134417,1.91654915279071,0.122473880779089,11.4873651975784,5.98446470568445,5.86187630912768,71,1,33.5849640826058,0,0,1,1,0,185.964285714286,0,1,0,0,0,0,96,21.9512195121951,0,"censor",10.3315068493151
"219","bi0426",0,0,-0.46427411246605,183.5,1.45331069609508,3.84820380527526,0.0617110649240618,1.14946461442164,16.6505220880846,1.25111050553052,1.04526595871959,2.53037504197287,1.84005401209565,12.8399664162605,8.02187682727187,3.79744463632238,70,1,25.1851851851852,0,0,1,1,0,236.25,0,0,0,0,0,0,97,23.5460992907801,0,"censor",10.7397260273973
"220","bi0428",0,0,0.55052339289503,100.5,0.856,2.21236939853001,0.11825459270757,1.08476106111834,16.1803526956532,1.22963057146413,0.947356500795773,3.5926987142492,0.957298703532499,3.8063872471734,4.02086865046134,3.13861664191943,72,1,28.2542132097055,0,0,0,0,0,213.142857142857,1,1,0,0,0,0,95,43.2,0,"censor",10.4520547945205
"221","bi0430",0,0,0.518730326016041,174.5,2.08514851485149,5.85746904806859,0.0876203239694793,0.969292628322743,12.4523451073051,1.01144704037307,0.847586336335449,1.29545533880607,0.330243269125417,12.4566065381513,4.78608903696956,2.30883599579427,68,1,22.7702158907049,0,0,0,0,0,191.892857142857,0,0,0,0,0,0,100,8.32904884318766,0,"censor",10.6191780821918
"222","bi0432",0,1,0.116854672078099,141.5,0.850117096018735,3.59513928259627,NA,NA,15.4860732015884,NA,NA,2.5451838614404,NA,5.28598681223448,4.0566316426584,NA,77,1,38.7760580230832,0,0,0,0,0,417.857142857143,1,1,0,0,0,0,96,4.29561200923788,1,"dementia",3.2958904109589
"223","bi0434",0,0,0.270639735316669,129,1.22804054054054,5.63810139328181,0.0553521348490901,0.921879038654931,12.4613393816866,0.958109669330998,0.868198690016959,0.961952892534105,0.941240265842385,10.0010684375909,5.0744298270648,6.36244844376634,69,1,28.1468397558885,0,0,0,0,0,176.714285714286,0,1,1,0,0,0,98,3.88888888888889,NA,"censor",10.4191780821918
"224","bi0435",0,0,0.38040859793721,93.5,1.53869969040248,8.14399628852428,0.113982065635905,0.526122398016611,11.4780591413602,0.553407978663038,0.47694984449497,0.993224898254254,0.446114099843938,8.15286581675016,3.40259834613911,2.76331137672266,76,1,25.1759537299048,0,0,0,0,0,259.928571428571,0,0,0,0,0,0,96,3.02158273381295,0,"censor",10.8438356164384
"225","bi0436",0,0,-0.11181995694804,185.5,2.35221674876847,4.78576272877417,0.0286075058698124,0.900242170295244,16.758243171856,0.918196079699917,0.837004538623609,1.51640283363116,0.633705533665733,10.2406288423921,3.19059877486869,2.91325699179529,77,1,24.4532545922514,0,0,0,0,0,109.357142857143,0,0,0,0,0,0,96,4.38287153652393,1,"death",5.75342465753425
"226","bi0441",0,0,0.0911266756601293,75.5,1.18238993710692,4.49119342544001,0.0590865646719094,0.830833346946071,20.0134559434224,0.877906504355336,0.762887468449288,2.46278936896115,1.69197352248106,12.2767907857261,4.18402650884881,4.04348025703635,70,1,25.1557093425606,0,0,0,0,1,202.571428571429,0,1,0,0,0,0,90,35.4666666666667,1,"censor",10.3178082191781
"227","bi0442",0,0,-0.60032709205372,183.5,3.90308370044053,7.36814052428621,0.0811544620829715,0.889651882200946,16.4818216447199,0.942524863436313,0.83863275804686,1.99796664060811,1.35381839263626,16.309836842971,7.59394755450435,5.60686331893238,70,1,23.1864366729679,0,0,0,0,0,53.2142857142857,0,1,0,0,0,0,92,7.8169014084507,0,"death",10.6630136986301
"228","bi0444",0,0,0.37549284957344,193,1.22616136919315,4.20190971701525,NA,NA,13.4465278349775,NA,NA,0.964665092288834,NA,0.840080281282557,4.21411791634833,NA,68,0,25.7539467923459,0,0,0,0,0,143.5,0,0,0,0,0,0,90,0.880195599022005,1,"censor",10.572602739726
"229","bi0445",0,0,-0.42603207469287,179.5,1.48758865248227,5.68207985469384,0.0375634174353754,1.18740211467134,20.6856097550923,1.2813010160123,1.1384411322004,3.68582718635395,0.962986818161373,12.4488715879159,5.72280216173063,4.04989538713266,69,1,25.3777865551832,0,0,0,0,0,329.928571428571,1,1,0,0,0,0,99,37.2463768115942,0,"censor",10.9013698630137
"230","bi0446",0,1,-1.55393900038017,102.5,0.815950920245399,8.19126128529345,0.0349767890200972,1.11302790764446,14.3622024872355,1.27169488240709,0.918377714366037,2.26775713744988,1.07956218784037,13.7064813375687,11.6229607084546,8.08226698965489,76,1,23.703496833061,0,0,0,0,1,175.857142857143,0,0,0,0,0,0,84,0,2,"dementia",3.19178082191781
"231","bi0448",0,0,0.54839242268409,130,2.75174013921114,5.51765745425536,0.0672680777221586,NA,10.2301351528589,NA,NA,1.15832778593596,NA,18.2584055186222,4.94954463757441,NA,69,1,34.1476930912076,0,0,0,0,0,156.678571428571,0,0,0,0,0,0,97,12.5698324022346,NA,"censor",10.8383561643836
"232","bi0450",0,0,0.340822912610091,171.5,1.72425249169435,5.30476591724142,0.0852625338670923,0.776209447488828,13.1267543300463,0.839728988656329,0.731992350827872,1.4330796520108,0.746554840205673,13.7587600518839,6.26966735416202,2.15863655790497,69,1,27.2312676471732,1,0,0,1,0,118.571428571429,0,1,0,0,0,0,94,1.17359413202934,0,"censor",10.2986301369863
"233","bi0452",0,0,-0.0839945468370402,195.5,2.3859649122807,5.73844778026427,0.0512836289152555,0.765034354995794,14.7350338813842,0.796431835660159,0.723136899094546,1.9856206636088,0.89777776528979,15.095225253641,7.42051239894004,7.01965145108704,68,1,31.9192202322257,0,0,0,0,0,110.642857142857,0,1,1,0,0,0,96,22.5205479452055,0,"censor",10.8356164383562
"234","bi0455",0,0,0.00088070924476966,58,0.983695652173913,3.93754185185718,0.089845231710327,0.930199161090861,12.8561535197101,0.981384686425541,0.87121059172452,1.44457075584348,0.784978756105791,11.0959030390134,8.46689252792228,6.56202672697321,74,1,30.1764919000052,0,0,0,0,1,226.714285714286,0,1,0,0,0,0,95,2.62390670553936,NA,"censor",6.71506849315069
"235","bi0456",0,0,-0.245104653124881,97,0.751748251748252,5.00947329024533,0.0498299238399825,0.60427140693684,17.8510895364236,0.678168518439214,0.575238644398711,2.62419922710389,0.958956157816304,9.08684237312523,7.80513132614347,6.21623385187179,70,1,34.5196159122085,0,0,0,0,0,166.892857142857,0,1,0,0,1,0,99,16.7883211678832,0,"death",4.56438356164384
"236","bi0459",0,0,-0.84361891975043,267.5,2.77678571428571,5.82921906114905,0.0198394060764436,1.41397028714452,13.5367959519757,1.47858608903206,1.3182587297885,1.58538744680957,0.769799232716933,17.5528090531989,7.33452728079601,6.08242456157223,77,1,26.0465495774889,0,0,0,0,0,78.9285714285714,0,1,0,0,0,0,94,4.76923076923077,1,"censor",10.3369863013699
"237","bi0460",0,1,-0.53060877824189,144,0.880184331797235,5.07480713932759,0.0508188110807935,0.992975854072845,16.7178982756579,1.03529006722205,0.918557696144861,2.61489574023016,0.772592181732767,8.19902879116888,6.40346198718815,4.7848656113561,78,1,30.3390030815255,0,0,0,0,0,147.678571428571,1,0,0,0,0,0,98,6.78899082568807,1,"dementia",3.32054794520548
"239","bi0464",0,0,0.32212662985709,90,1.26096997690531,4.25127386424236,0.0723995452049787,1.2070745212954,11.3744521161401,1.29187166307369,1.10677208115173,1.32326318270095,0.721256776135268,7.2843501088,4.54187142378018,7.42221228710827,73,1,31.2358278976415,0,0,0,0,0,191.321428571429,0,0,0,1,0,0,98,1.81818181818182,0,"censor",10.386301369863
"241","bi0466",0,0,-0.1930305212021,94,1.55907172995781,4.25008248537237,0.0303137298482209,0.589959357365165,15.2034888583069,0.613813372756144,0.571614320760783,2.07544174272186,1.03725388481955,11.0298621809461,7.59722926695598,5.87488245797478,72,1,29.649551932265,0,0,0,0,1,119.214285714286,1,1,0,0,0,0,94,4.18230563002681,0,"censor",10.7917808219178
"242","bi0467",0,0,0.1098719895868,215,2.7335701598579,6.54469746095053,0.0317826277016301,0.671110661184151,10.8432279349881,0.739999037319224,0.663486239598079,1.56485868375683,0.63309954498631,20.0839341349111,6.69640049326051,2.88244503353119,69,1,26.439811014452,0,0,0,0,0,168.285714285714,0,0,0,0,0,1,94,3.15789473684211,0,"censor",10.2986301369863
"243","bi0468",0,1,1.05546097375883,82.5,0.837545126353791,3.42298019359268,0.0934898819372105,0.588607755565543,13.8457877741124,0.632171694186137,0.56405171758009,1.24031403446516,0.488779875868133,10.4576986442584,2.9515281532796,3.41554176694132,73,1,28.0849291704117,0,0,0,0,0,257.5,1,1,1,0,0,0,97,4.73684210526316,1,"dementia",7.07671232876712
"244","bi0471",0,0,0.0507305437678994,224.5,3.03720930232558,4.27857508523987,0.0601196611418616,1.30171018719851,20.6156409691552,1.35411454412516,1.20389934567019,1.9727371864533,0.474016420788968,19.3332779825221,4.41594806157043,3.25210831053788,71,1,24.7821216955343,0,0,0,0,1,103.5,1,0,0,0,1,0,95,0.491803278688525,0,"censor",11.2
"245","bi0474",0,0,-0.21053476508976,113.5,1.51906158357771,5.55380164952015,0.0859525759786397,NA,12.9390352658233,NA,NA,1.29502424240257,NA,10.6619816155688,6.77015032546572,NA,76,1,28.8994371834609,0,0,0,0,0,151.571428571429,0,1,0,0,0,0,97,3.7344398340249,0,"censor",11.0082191780822
"246","bi0479",0,1,-1.28501757213306,354.5,3.13612565445026,6.2729595061339,0.0408377661900541,1.13522860145583,17.2025558992924,1.18092164710104,1.04863175094697,2.34588738611639,1.33022814444764,14.1540832964979,8.70547522369892,6.39396046281007,76,1,33.919219087903,0,0,0,0,0,131,0,0,0,0,0,0,91,10.7628865979381,0,"dementia",10.6630136986301
"247","bi0481",0,0,-0.23326401106529,137,1.79166666666667,4.52258852498445,0.0820640011896398,0.763066475699346,15.0575883370016,0.808920917885937,0.695940312880599,2.10111082306162,0.334862311411595,12.0278472401313,7.07660960916071,3.23792014593281,80,0,20.8317161210192,0,0,0,0,1,162.428571428571,0,0,0,0,0,0,86,2.28136882129278,0,"censor",11.8438356164384
"248","bi0482",0,0,-0.85941266662996,75.5,0.614197530864198,4.59733184490887,0.0351134189858049,0.998394290944138,12.2653888544453,1.02794555519318,0.913949240762345,1.41454134278043,0.556936485915315,5.65632729814872,5.69987085755744,4.10002912770727,92,0,23.9714003000415,0,0,0,0,0,168.571428571429,0,0,0,0,0,0,81,5.21212121212121,0,"death",2.81095890410959
"249","bi0483",0,0,-0.8932346121386,220,1.58866544789762,6.84037778624472,0.0325227692194627,0.995196608680336,20.5779624031764,1.0589657521783,0.923183804398756,3.09373266722679,2.2173013579436,12.2605336685886,5.72549170357516,5.48811604018376,71,1,23.994310663089,0,0,0,0,0,95,0,0,0,0,0,0,97,5.81560283687943,0,"censor",10.4356164383562
"250","bi0484",0,0,0.15677324145183,267.5,2.80310880829016,6.99505781586792,0.0687104379528822,0.797679512079718,16.2155660755597,0.828702581788404,0.755939565775557,1.56092247968187,0.515358755685035,18.7334685112566,4.38244535663248,3.30569826177172,71,0,33.6192622093659,0,0,0,0,0,191,1,1,0,0,0,0,93,4.17525773195876,1,"censor",11.5479452054795
"251","bi0486",0,0,-1.26926609273184,291.5,2.41438356164384,5.63091220580776,0.0377197629803165,1.18863503142486,18.9450858870597,1.367648891382,1.00890241687985,2.3432922179351,1.69023021239673,13.8441243812948,7.99425878992207,10.1583367442299,76,1,29.7261404730352,0,0,0,0,1,55,0,1,0,0,1,0,96,2.88329519450801,0,"death",10.9506849315068
"252","bi0487",0,0,0.10240987245667,86.5,1.00728155339806,5.21100953109837,0.0765936861885347,0.96256727988701,13.1236046052511,1.00363335849476,0.880937905878818,1.56534356141511,0.764626230666982,7.90420729155064,4.69906981847573,4.41757258413785,76,1,28.6497956734794,0,0,0,0,0,50,1,1,0,0,0,0,100,29.1588785046729,0,"death",1.59178082191781
"253","bi0490",0,0,0.676226523237879,162,1.2753209700428,7.03368714958425,0.104473716482518,0.437254148360686,12.0369586541069,0.448359222005465,0.40835168789879,0.977673240805863,0.367526019665774,6.15549843010521,3.3869905943122,1.77215468215196,71,0,36.7199502287303,0,0,0,0,0,152.714285714286,1,1,1,0,0,0,92,24.0229885057471,1,"death",4.2958904109589
"255","bi0497",0,0,-1.19476375475519,100,1.32258064516129,6.62075514614949,0.0510504397461144,1.20095794508482,17.4158068866233,1.27750198555193,1.09603881943223,2.66991047738749,1.27699737583415,16.4458796942306,12.5465369852738,11.3312284558591,69,0,26.8326714607706,0,0,0,0,0,157.428571428571,1,1,1,0,0,0,87,19.1549295774648,0,"censor",11.6465753424658
"256","bi0499",0,0,-0.33570855967389,156.5,1.77753779697624,6.21894228307457,0.0418850238668699,1.26109310020656,17.5103339997797,1.37409192626349,1.15741188942886,2.14011520046309,0.760491856812379,15.4237786295213,5.9951229076911,6.01994503280077,70,1,26.6056692885001,0,0,0,0,0,110.642857142857,0,1,0,0,0,1,98,27.3145780051151,0,"censor",11.0904109589041
"257","bi0508",0,0,-0.30117517924685,67,0.429276315789474,3.10483112964032,0.0259566036546825,1.15349601903438,16.8834106852064,1.18064149697527,1.11337671077192,2.1177765624893,0.678977335078831,3.83701733351939,5.91776102021089,6.6814033157002,76,1,27.0689538803336,0,0,0,0,0,194.428571428571,0,1,0,0,0,0,96,5.66037735849057,0,"censor",10.8
"258","bi0510",0,1,0.0899142412899593,136.5,1.3643216080402,6.19410805025479,0.125793588034639,NA,10.1140068103101,NA,NA,0.89364479415095,NA,17.5143762814924,7.3456066863013,NA,75,0,33.3499848728972,0,0,0,0,0,82.1428571428571,0,1,0,0,0,0,96,11.3621262458472,0,"dementia",0.947945205479452
"259","bi0515",0,0,0.0501961032605294,71,1.13063063063063,4.57603404613061,0.0433474813785635,0.539153026203009,15.9445545427878,0.573363307612099,0.513409179771138,2.13278968486203,1.6030489564621,10.4775104605251,5.82008171869775,3.18298108227185,70,1,29.2722464794867,0,0,0,0,0,187.428571428571,0,0,0,0,1,0,92,18.5964912280702,0,"death",7.11232876712329
"260","bi0516",0,0,-0.0597770862256397,136.5,1.41651031894934,5.00380482201377,0.0333626070114674,1.27765765473136,10.1124710293546,1.32817056385383,1.14292433575623,1.22090580180713,0.295300291138732,9.49645280946651,6.45568472716825,4.67129826134094,72,1,34.2075228774991,1,0,0,1,1,186,0,0,0,0,0,0,93,12.8225806451613,1,"censor",11.8712328767123
"261","bi0519",0,0,-0.202546092887199,140,1.92527472527473,4.87176469253577,0.0362789381374954,0.884329084070751,18.1545266308383,0.915599819726796,0.812240505432239,1.74399968313181,0.751801698125947,10.0848078759081,5.03257847493347,3.88021293585994,73,1,41.2666139089644,0,0,0,0,0,53.5714285714286,0,1,0,0,0,0,96,18.1471389645777,0,"censor",10.7452054794521
"262","bi0520",0,0,-1.28311329485112,166,3.03164556962025,4.43936881054404,0.0387208074073189,1.18745247458027,19.8589023047113,1.22216719102855,1.1237176198246,2.44975414734416,1.11516871483778,13.6218152055111,9.50503633484681,7.24525606344667,78,1,31.6434513268951,0,0,0,0,1,164.821428571429,0,0,0,0,0,0,99,22.751677852349,0,"censor",10.3972602739726
"263","bi0521",0,0,-0.21651654593182,159,1.69894736842105,5.04179811687819,0.0530782094566135,1.05952876928295,17.1024331899114,1.10107216947193,0.982014968373571,3.19878328673371,0.553296437880319,12.3356703583027,6.8174108492746,4.90939853449148,71,1,27.6973377171947,0,0,0,0,0,139.357142857143,0,0,0,0,0,0,100,17.3363431151242,0,"censor",10.6054794520548
"264","bi0524",0,0,-0.12148779390042,95,0.897310513447433,4.85897173167112,0.081422041613518,0.58094465846747,18.3364630864554,0.63499877875208,0.527417535480953,2.68890194429988,1.41942091599365,10.6399098151672,7.7686004227757,4.19193536119536,69,1,33.7581337994079,0,0,0,0,0,85.1428571428571,0,1,0,0,0,0,95,0.412371134020618,0,"censor",10.9342465753425
"265","bi0531",0,0,-2.2353327544702,80,0.966292134831461,8.44187210558309,NA,NA,14.6464851581739,NA,NA,5.54393545562091,NA,11.8170031156202,12.5510029485214,NA,86,1,23.0650274258265,0,0,0,0,0,116.428571428571,0,1,0,1,0,0,87,12,0,"death",5.75068493150685
"266","bi0532",0,0,-0.1200812993905,257,3.06526806526807,3.56237725222866,0.0371246651349122,1.14922005605445,14.9546074100169,1.19039993223747,1.07417210042169,1.54999407347838,0.743945158499804,14.3537633898467,5.1299093640987,5.73792139839352,75,1,26.7243436576703,0,0,0,0,0,83.5,0,0,0,0,1,0,98,0.802139037433155,0,"censor",10.5616438356164
"267","bi0534",0,0,-0.36020221519784,208,1.3020030816641,6.25964913165052,0.0843374258302047,1.04246946085053,13.3562734558266,1.11955887936988,0.944858890765458,2.72921782291611,1.70666557778885,10.3546295687933,6.32288132504923,5.40900620855932,73,1,23.5904040411231,0,0,0,0,0,60.6428571428571,1,0,0,0,0,0,95,27.5816993464052,0,"censor",10.7287671232877
"268","bi0539",0,0,0.61922904710206,95.5,1.19247787610619,5.44048849842995,0.0731271467755027,0.810718522334673,13.7195899678273,0.846008334877801,0.758617727161333,0.906639481172721,0.279828756441249,10.1620873857901,4.26911553458969,2.71579936947011,69,1,27.837101453122,0,0,0,0,0,169,1,1,0,0,0,0,98,0.840336134453782,0,"censor",10.7424657534247
"269","bi0551",0,0,-0.55836703005691,360,2.46638655462185,5.32096453243521,0.282439223533504,1.53904738316668,11.5735671900243,4.48153731071106,1.11692121782697,2.68902820867205,1.28074559865241,12.2262893198706,6.50039466435787,3.99035127576529,76,1,30.0679881260174,0,0,0,0,0,167.321428571429,0,0,0,0,0,0,95,7.19346049046321,0,"censor",11.2575342465753
"270","bi0552",0,1,-0.41358099704992,198,1.600624024961,4.56015341314918,NA,NA,11.8224904620525,NA,NA,0.91067767027689,NA,0.474529100765609,5.45003564027206,NA,82,1,25.6283130162957,1,0,0,1,0,163.857142857143,0,0,1,0,0,0,93,7.85046728971963,0,"dementia",3.81643835616438
"271","bi0555",0,1,-0.30672569970726,190.5,2.21932114882507,5.00644266024848,0.0518627956569774,1.33229879269087,13.4680165168144,1.40342302173059,1.20692911195277,1.42984661688978,0.548813075815943,11.6634027054426,5.58242112595235,3.79898540505884,76,0,28.8014968759397,0,0,0,0,1,138.464285714286,0,1,1,0,0,0,94,2.13698630136986,0,"dementia",6.33698630136986
"272","bi0556",0,1,-0.0436919199113305,62,1.08532423208191,5.09272452112796,0.0495140490673044,0.917672343187625,18.6765591764504,0.947736884336437,0.859669530799537,2.01030553423392,0.452516958208433,8.0814511711786,3.57044205269772,4.94358945209721,77,1,33.9232813894976,0,0,0,0,0,141,0,1,1,1,0,0,86,3.65217391304348,NA,"dementia",6.63561643835616
"273","bi0563",0,1,-0.66131638167594,445,4.27718223583461,7.42287257920271,0.030124547588117,1.09088996171619,13.3472575673187,1.24565213863199,1.04783894922335,1.44601041503218,0.552928506607945,19.9286305924935,5.70334592504186,4.32881783080777,75,0,27.8120515405148,0,0,0,0,1,109.785714285714,0,0,1,0,0,0,92,12.1224489795918,0,"dementia",3.71506849315068
"274","bi0566",0,1,0.58043643428316,101,1.46287128712871,4.05891113973101,0.061426626785945,0.667065895395809,13.2786053583176,0.694365269607884,0.596204929315699,1.42904616525506,0.555179586879043,7.35067645228721,2.39683021662501,1.43607827333336,76,1,27.181080565854,0,0,0,0,1,94.8214285714286,1,0,0,1,0,0,88,1.59036144578313,0,"dementia",3.46575342465753
"275","bi0568",0,0,0.21783813953097,241,3.29280821917808,4.22731305298046,0.0627811054059032,0.861712182741027,13.2943560585232,0.906611253117017,0.827292837502409,1.14627383396473,0.0365976447587274,13.077262935354,4.88560521190028,6.48991634020364,76,1,28.2872259021347,0,0,0,0,1,44.2142857142857,0,1,1,0,0,0,100,13.0708661417323,0,"death",11.4219178082192
"276","bi0571",0,0,-0.16660801932461,193,1.5937984496124,4.26598108745554,0.0468513590546126,NA,13.0170614775625,NA,NA,1.87826577495298,NA,11.1837283807481,7.05729156401499,NA,71,1,33.8467716989157,1,0,0,1,0,180.428571428571,1,1,0,0,0,0,97,9.84682713347921,1,"death",7.77260273972603
"277","bi0572",0,0,-0.35228520251603,265,1.21854304635762,5.12805374807153,0.0406250931974333,1.16497984405692,13.6374198880372,1.83863786324127,0.866858177056346,2.5975923635293,1.37417514284675,10.240297632271,5.03197676050377,2.47722640349076,68,1,27.0294160738538,0,0,0,0,0,201.714285714286,1,1,1,0,0,0,99,30.4285714285714,1,"death",6.08493150684932
"278","bi0575",0,0,-0.12105074128801,82,2.40322580645161,4.31346338293819,0.036651200375506,0.824642397684484,17.4672818803316,0.879038340425869,0.773001757300574,1.66302650217946,1.37714416338576,12.4625997234426,5.07944504499485,5.39887128740105,72,1,31.0922644593484,0,0,0,0,1,135.75,0,0,0,0,0,0,97,1.82608695652174,NA,"death",8.22191780821918
"279","bi0576",0,0,0.45966547546325,18.5,0.587096774193548,3.51917153063387,0.0447662030927627,0.464882835260143,18.1774291680832,0.476738702884128,0.452347725299368,1.3152169828601,0.742373694317701,6.911313380451,4.14619007909074,5.47227181183527,72,1,26.7519183851792,0,0,0,0,1,159.214285714286,0,1,0,1,1,0,95,28.3464566929134,0,"censor",10.9534246575342
"280","bi0580",0,1,-0.602726461715829,162.5,1.56177156177156,5.25456993737206,0.0569224891927676,0.965917155399756,14.2014994478988,1.03474159212161,0.905739833269333,2.21053821797053,0.666491118965486,11.1018532731069,8.88109408813622,3.69916291215754,75,1,24.3675181619129,0,0,0,0,0,165.571428571429,0,0,0,0,0,0,97,20.6528189910979,1,"dementia",7.0958904109589
"281","bi0581",0,0,-0.64597182003604,217.5,2.00891265597148,5.43156538743355,0.0415892544544466,0.932826514469391,16.0192380317579,0.977282934135236,0.856166239174623,2.93998410348071,0.882917072113145,16.6090139083937,7.78593247306402,6.04389493117587,77,1,23.2754071741543,0,0,0,0,0,194.785714285714,0,1,0,0,0,0,86,7.51619870410367,NA,"censor",11.6191780821918
"282","bi0583",0,0,0.2915194808981,85.5,1.50751879699248,3.53691559875545,NA,NA,16.1533601720392,NA,NA,1.69372949034908,NA,14.9862028452375,4.43894926631536,NA,76,0,27.9559657789664,0,0,0,0,0,122.071428571429,0,0,0,0,1,0,85,0.895522388059702,1,"death",1.86849315068493
"283","bi0584",0,0,-0.104284982115389,189,1.55178907721281,5.43188444394506,0.0310127800211802,0.534787001601182,11.6584024177017,0.551325665949771,0.51353706512372,1.32916912925706,0.572722382409478,12.9226036909151,6.46960435649304,5.65344940754294,77,0,23.0785255341079,1,0,0,1,0,143,0,0,0,0,0,0,80,1.4218009478673,0,"death",3.86301369863014
"284","bi0585",0,1,-0.00404166577274054,149,0.701492537313433,3.48602089163412,0.0271978152205398,0.939165181513052,17.9374968414128,0.976199138181008,0.902899948855389,2.4266215767013,0.693485847988429,5.2643693374792,5.81826508285257,6.13721969020882,69,1,33.3669671238475,0,0,0,0,0,193.214285714286,0,1,0,0,0,0,88,2.14711729622266,0,"dementia",11.158904109589
"285","bi0589",0,0,-0.3696178669519,66,0.751269035532995,4.33611020042367,0.0356872129301141,0.706673625904123,19.1392989108293,0.723879542715675,0.672116444688237,3.01422771488531,0.36134286626824,9.5245062560386,6.9246775250127,3.55621102584931,77,1,30.8533161445021,0,0,0,0,0,127.071428571429,0,1,0,0,0,0,96,29.6428571428571,0,"censor",10.9917808219178
"286","bi0594",0,0,0.367936587881459,92.5,0.829160530191458,1.769555828636,0.0506890729787074,0.5945549233062,13.4615268402307,0.640044293728829,0.565122049646614,3.11011382600141,1.0018850284614,5.27776611594143,5.05406034289697,4.51602132434663,76,1,24.6349547612649,0,0,0,0,0,256.392857142857,0,0,0,0,0,0,98,21.7194570135747,0,"censor",11.1260273972603
"287","bi0595",0,0,-0.0335760741448993,144,1.57543103448276,5.11507636772388,0.120390864085006,1.21202705540632,15.716383954623,1.27945066642983,1.09252904536991,1.72690452283225,1.19987223510256,13.0501144957413,4.05707632029329,4.28044994002304,80,1,25.0811249323959,0,0,0,0,0,157.428571428571,0,0,1,0,0,0,88,7.04960835509138,1,"death",11.241095890411
"290","bi0599",0,0,-0.12571534660493,74,1.72689075630252,4.88436469180266,0.05387564307781,1.18383974687161,16.2207884749112,1.23002885434088,1.06737494448071,2.09907717925636,1.51155350138738,13.4782764355035,4.98072128491022,5.42203238232465,72,1,25.260159755593,0,0,0,0,0,150.142857142857,0,1,0,0,0,0,97,8.0184331797235,0,"death",6.74794520547945
"291","bi0602",0,1,-0.84123499199797,207,1.36888111888112,5.46357551270523,0.0588085594295558,1.05359120158891,19.6282801788637,1.12407641121447,1.00168934804755,3.53132140887782,1.41145452992428,10.8194678861465,6.53224309648151,7.41199783020301,78,1,27.9795054577857,0,0,0,0,0,416.928571428571,0,1,0,1,0,0,99,1.66311300639659,NA,"dementia",0.652054794520548
"292","bi0603",0,1,-0.252646817339161,233,2.06729264475743,4.64206892288644,0.0637174519139744,0.897975379863131,16.1849062689518,0.932287227435877,0.834309693401312,1.56474598199353,0.628036184639299,11.403451584882,4.92263688755812,4.00373071778971,80,1,21.2023935004095,0,0,0,0,0,143.357142857143,0,0,0,0,0,0,86,6.50943396226415,1,"dementia",3.64383561643836
"293","bi0605",0,0,-1.00777220090586,307.5,1.96434359805511,5.69382296698869,0.033874295430392,1.16702206338621,15.9308103791204,1.19865159900431,1.06007996777802,2.3034518183541,1.30225631196339,16.7160950513426,9.21935299402434,9.88383793978474,75,1,26.6802865562984,0,0,0,0,0,202.857142857143,0,0,0,0,0,0,97,16.036866359447,0,"censor",11.2821917808219
"294","bi0608",0,0,-0.852697743521141,332,3.08089500860585,4.49705785449498,0.0392806367667847,0.901418035855563,19.8657290259226,0.970514057613544,0.852599507017999,2.01998711183934,1.03256374366947,16.6045891343972,7.54999882912224,11.1481131503889,78,0,23.930408221843,0,0,0,0,0,203.428571428571,1,1,1,0,0,0,86,18.0337078651685,NA,"death",7.4958904109589
"295","bi0609",0,0,0.0829555465929403,66.5,1.37243401759531,5.05687879633179,0.0488812843463765,NA,12.0733586182639,NA,NA,0.644105612013892,NA,8.72513531243036,6.33413235540712,NA,70,0,27.2983157698237,1,0,0,1,0,150.642857142857,0,1,0,0,0,0,96,1.10091743119266,0,"censor",11.2246575342466
"296","bi0610",0,0,-0.12528684826418,178,1.30289855072464,4.40888852870367,0.0594912012877017,1.08192906618613,16.5230854468844,1.12159544012064,0.981151391035673,2.29714418095421,0.304168597908342,9.97934077109789,3.84763255018554,2.08634098900442,81,1,27.4548700654632,0,0,0,0,0,294.964285714286,0,1,1,1,0,0,100,27.3707865168539,0,"death",4.15890410958904
"297","bi0612",0,0,-0.68442542809177,223,2.5049504950495,6.13026876741665,0.06210550732596,1.00463843794789,17.4838375250118,1.06298631409095,0.924212256120166,2.39714798383393,1.10470151287206,12.249716357436,5.697439992394,5.43427009298981,78,1,29.5359505483799,0,0,0,0,0,83.0714285714286,1,1,1,0,0,0,98,3.14685314685315,0,"death",2.06301369863014
"298","bi0613",0,0,-1.06684922339809,294.5,3.28525641025641,6.73857473769659,0.0146807254378269,NA,15.4235414088403,NA,NA,1.7168834275636,NA,19.4333726633593,8.29159040372046,NA,76,1,22.7880839557119,0,0,0,0,1,172.107142857143,0,0,0,0,0,0,94,7.72602739726027,0,"censor",11.3369863013699
"299","bi0615",0,0,0.746524633060029,208.5,2.62033195020747,3.58793265425952,0.0972040892473285,0.710744033372953,10.543663006709,0.746371843061642,0.656867417712968,0.976234869852798,0.599892837330616,12.0095492364614,4.69069736020548,2.20844146210743,72,1,28.874020051852,0,0,0,0,1,181.142857142857,1,1,0,0,0,0,91,4.31876606683805,0,"censor",10.4904109589041
"300","bi0617",0,1,0.19180892003164,196,1.82635983263598,4.01530137957919,0.0609178900821179,1.35471499875162,14.343806276405,1.45324617696678,1.20857163448316,1.73730053973752,0.661879866765523,12.0982513992975,5.2614365039269,5.06843030138242,69,1,17.6867655585797,0,0,0,0,1,151.714285714286,0,1,0,0,0,0,95,3.36585365853658,0,"dementia",6.49041095890411
"302","bi0622",0,0,-0.0617757415873797,121,1.52367688022284,6.41741086480792,0.0430510246307975,0.741630208003098,13.9899094863435,0.762232998100667,0.689598378946331,1.72439102176057,0.882058453192369,11.9102832343626,3.53368541336695,3.0217839089061,78,1,27.8648324640697,0,0,0,0,0,119.571428571429,0,1,1,0,0,0,94,6.41791044776119,0,"censor",11.6794520547945
"304","bi0625",0,1,0.10997171609973,182,2.06289308176101,5.44765697365481,0.0791134128945007,1.26760907290689,13.856086011079,1.34571082155371,1.13160116013753,1.90195853066954,1.18912513983667,13.4603720882206,4.36364356725904,4.40468544177816,71,1,28.9010371523015,0,0,0,0,0,62.1428571428571,0,1,0,1,0,0,95,7.58782201405152,1,"dementia",3.58904109589041
"305","bi0626",0,0,-0.531697109375349,372,2.58496240601504,6.44956609631166,0.0500434588514434,0.847504274580593,19.316099512756,0.889799741057194,0.780770016739377,2.26104053583783,0.787115193384794,11.8674428949681,5.34688083990157,4.43406456359841,73,0,25.6829019935766,0,0,0,0,0,135,1,1,0,0,0,0,87,1.79310344827586,0,"censor",11.6986301369863
"306","bi0627",0,0,-0.58957910888967,275,2.58579881656805,4.26448338697806,0.0644349575366271,1.26037982598373,13.2311304383047,1.35189884216213,1.19725586449145,1.79231327473051,0.664126980298058,12.7409497392506,8.08340779282267,9.33663918899133,78,1,22.5540529473189,0,0,0,0,0,187.428571428571,1,1,1,0,0,0,98,3.22946175637394,1,"censor",4.39178082191781
"307","bi0629",0,0,-1.07517355229051,456,3.75574712643678,7.50155738286597,0.0469429851377308,1.10419004243089,17.7454583087416,1.18571655106346,1.04510979271376,2.55965874602427,1.12804157897423,21.6786923176049,8.20522170694471,5.69635732090269,73,0,27.6297784641392,0,0,0,0,0,153.464285714286,0,1,0,0,0,0,92,13.6363636363636,0,"death",6.63013698630137
"308","bi0631",0,0,0.19414560295356,139.5,1.89791183294664,4.61624434670285,0.0392822812065703,0.917862030449246,12.0175514037188,0.95202779889169,0.849882547659442,0.972408706245876,1.08907764747891,11.0914315817612,5.75152202621206,3.28250243245684,68,1,27.7579108662816,0,0,0,0,0,170.285714285714,0,0,0,0,0,0,97,6.51757188498403,0,"censor",11.0657534246575
"309","bi0633",0,1,0.06553012968416,103.5,0.699596774193548,6.49194342189271,0.0492575870345819,1.57462306173469,13.5523851654148,1.6145333374086,1.49033789616978,1.63639602123775,0.100851449763768,12.1937174419006,5.91401997319135,7.95267527553165,68,1,33.4688012224637,0,0,0,0,0,143.464285714286,0,0,0,0,0,0,93,14.4444444444444,1,"dementia",7.42191780821918
"310","bi0634",0,0,-0.73263892781323,154.5,0.643533123028391,7.88707781267558,0.173124274219842,0.593598902927295,21.1867580679789,0.611216850767031,0.563226828017266,4.66295113434846,0.728645859270119,15.0119271223831,9.54042962193182,3.29802437616285,81,1,24.1946409689855,0,0,0,0,0,161.714285714286,0,1,0,1,0,0,95,43.5714285714286,0,"censor",10.5698630136986
"311","bi0636",0,0,0.318751097635641,142,2.62322274881517,6.90152266622399,0.0212957889503287,0.494831195171149,8.32377173417714,0.51073904590064,0.477028305385733,0.675097183192333,0.320498704915665,23.7934580244103,6.53348847296497,4.21970313831332,72,1,29.0755091734373,0,0,0,0,0,161.714285714286,0,1,0,0,0,0,93,5.32894736842105,0,"censor",11.0219178082192
"312","bi0639",0,0,0.5323367538214,74.5,1.13373860182371,3.4056449521941,0.107745902949131,1.00541223718342,11.5544041999478,1.06506121806886,0.952629101099838,1.21590425275413,0.445968656186034,10.8740433908515,4.36863720052454,3.9142546430657,80,1,31.428476961473,0,0,0,0,0,118.142857142857,0,1,1,0,0,0,97,8.21656050955414,0,"death",8.58356164383562
"313","bi0640",0,1,-1.17811046935536,172,1.84533333333333,4.19407056767056,0.0924003530920065,3.13478762416311,13.524439226596,3.9078380685704,1.95417712956205,1.86793152153553,0.259891217368964,13.4699071169387,5.9343225686853,5.96370777533696,76,0,33.9269141127979,0,0,0,0,1,99.1785714285714,0,0,0,0,0,0,91,5.91836734693878,1,"dementia",0.978082191780822
"314","bi0641",0,0,0.12934802852164,46.5,0.903903903903904,4.13266600636644,0.0306725106470471,NA,14.5417956223542,NA,NA,0.615509638221868,NA,8.14606910921045,5.30604456921837,NA,73,1,29.5069412166307,0,0,0,0,0,259.678571428571,0,1,0,0,0,0,96,0.728744939271255,0,"censor",11.1397260273973
"315","bi0645",0,0,-0.9125510282004,124.5,1.20689655172414,3.95386607951823,0.0722044819167338,1.17175275105337,21.8287023523307,1.24043933023027,1.1361096921494,2.61594633271457,1.31020666394029,14.2745463404297,6.84612012130888,10.5096322083001,85,1,27.8819197223211,0,0,0,0,0,157.857142857143,1,1,1,0,0,0,88,12.901023890785,1,"death",5.23287671232877
"316","bi0649",0,0,0.0726787331979395,76.5,0.954761904761905,3.19815066518518,0.0932665256127148,0.681011523926496,19.0732195365202,0.725134563194836,0.663786708103123,1.84913168754788,1.13453554375276,11.5225011157689,4.9864886322383,4.39988640773763,80,0,29.5738058453324,0,0,0,0,0,135.142857142857,0,1,0,0,0,0,92,29.8051948051948,0,"death",6.86849315068493
"318","bi0655",0,0,0.22974997232961,65,0.788104089219331,4.65800362605694,0.0550531577916107,0.619558982120766,12.0207150416791,0.633066334656967,0.575983652250076,1.09458081145483,0.486371179452383,5.91253630501421,3.22324950302693,2.95840434398569,82,1,34.5101729283667,0,0,0,0,1,161.714285714286,1,1,0,0,0,0,86,6.20689655172414,0,"death",9.73698630136986
"319","bi0657",0,0,-0.664827026863421,132,1.69190600522193,3.32176215992581,0.0525096438202411,1.16999307789727,16.3231668989281,1.21986256601072,1.07389135774941,1.66322150953749,0.798650875239844,0.726497122378964,5.07404019497432,4.91255085798034,83,1,29.4791559796177,0,0,0,0,1,114.214285714286,0,0,0,0,0,0,88,13.8906752411576,0,"death",4.06027397260274
"320","bi0658",0,0,0.11751576691957,104,1.59358288770053,4.69243479396391,0.0764687725932633,1.02199906607479,10.3614338133832,1.09085054061018,0.933673396277213,0.981589634006738,0.596387725905983,10.8015743145891,4.71992594304741,3.56936400981828,80,0,25.6293547144708,0,0,0,0,0,188.5,0,1,0,0,0,0,89,9.97722095671982,0,"death",8.55342465753425
"321","bi0661",0,0,-0.60881463379827,81.5,1.10054347826087,4.26243537579107,0.0395590535480798,1.06020509201966,16.9247780981071,1.10114700227988,0.98396966703691,2.11360400490696,1.18862795825127,7.24856800673882,8.99858588221367,8.04770448426352,70,1,28.1579651543464,0,0,0,0,0,25,0,1,0,0,1,0,97,1.21739130434783,0,"censor",11.4027397260274
"322","bi0666",0,0,0.0840394592158503,62,0.703448275862069,2.53187924766228,0.0837692141082827,1.01039121105121,17.0804852731457,1.1109923488121,0.964721105186727,2.11690133797987,0.727469559367326,5.33446886990566,3.75195570401265,4.0370760905167,82,1,33.9446359969589,0,0,0,0,0,146.5,0,1,0,0,0,0,98,5.59485530546624,1,"censor",10.7369863013699
"324","bi0672",0,0,0.102137577111699,164,1.56992084432718,4.97245711371602,0.0561606795023875,0.829620026636964,12.2392947700191,0.842971420916407,0.793234361030294,0.581160439018935,0.105361786039616,10.67569667996,2.97039594262421,2.02944764274906,85,1,26.778166888057,0,0,0,0,1,72.5,1,1,1,0,0,0,96,2.28329809725159,0,"censor",11.1041095890411
"325","bi0677",0,0,-0.6123841507945,120,1.53932584269663,7.77568871542407,0.11694476490338,0.768698953046117,19.4697076998204,0.827814486682146,0.729796973403921,3.047702238896,0.965106348600918,10.6083160773884,6.64698767155915,3.07032499875402,77,1,27.4599452566377,0,0,0,0,0,110.785714285714,1,1,0,0,0,0,97,9.68609865470852,1,"death",4.4986301369863
"326","bi0678",0,0,-1.07555215920396,289,2.18636363636364,4.97052156366695,0.015169837772616,0.459219103589024,22.9216517411685,0.471673386870078,0.451853883164565,1.94015730739088,2.23313487470925,13.8984644620348,8.08740445712821,7.7838939279898,73,1,31.745990186889,0,0,0,0,1,2.14285714285714,0,1,0,0,0,0,93,11.5767634854772,0,"censor",10.5178082191781
"327","bi0681",0,0,1.459134500128,64,0.662983425414365,3.11117061010451,0.193613757482825,NA,11.9133585703344,NA,NA,4.57320063673313,NA,7.08196725905446,1.9683285115817,NA,72,1,31.0648152224639,1,0,0,1,0,107.5,0,0,0,0,0,0,91,20.55,1,"censor",10.7890410958904
"328","bi0682",0,0,-0.0660292456882601,129.5,1.29383886255924,4.48091695094031,0.0457075397570487,0.690881048074811,15.0709036220988,0.741845954319869,0.660377303154411,1.52580306775637,0.988213677685279,13.266998385039,5.63982941410355,4.96593054787797,77,1,27.0685410121117,0,0,0,0,1,98.9285714285714,0,0,1,0,0,0,96,33.2903225806452,0,"censor",10.8191780821918
"329","bi0683",0,0,-0.24413203847905,126,2.1733746130031,6.45395740367532,0.0414423307000401,0.97394392529985,17.1964061805648,1.09426454626295,0.91261355736185,2.38842680007964,0.551323883019028,15.7875551044826,6.76324470086433,3.47152549614926,68,1,28.5358613425261,0,0,0,0,0,107.071428571429,0,1,1,0,0,0,91,21.733746130031,2,"censor",11.8054794520548
"330","bi0684",0,0,-0.71952361743827,114,1.72364672364672,4.53623339263463,0.0788072702721891,1.47373052690425,13.3095147374683,1.55192847051616,1.28726017277361,2.3882119574287,1.39126412182336,11.0876021386454,7.58566151007272,6.92987960811425,79,1,24.8150135226443,0,0,0,0,0,94.2142857142857,0,0,0,0,0,0,98,7.58241758241758,0,"death",5.13972602739726
"331","bi0689",0,0,-0.340799292269359,140.5,1.34381551362683,6.00782294681891,0.053875501806702,0.896482174076979,14.6209982898924,0.928562403696063,0.819234896619784,1.72491647204531,0.826926099661538,7.35636065321547,3.18417072667665,2.77819011150066,83,1,20.2076124567474,0,0,0,0,0,75,0,0,1,0,0,0,87,2.26086956521739,0,"death",3.45479452054795
"332","bi0691",0,0,-0.47315147839472,70,1.32646048109966,4.53074469929565,0.056064602426649,1.24743880369348,19.6105705006681,1.29087120972396,1.15184035986334,2.89944037151865,0.704212323075493,9.54966807352002,6.60939953618139,4.9697098737463,74,1,26.02809451418,0,0,0,0,0,114.214285714286,0,0,0,0,0,0,99,43.4944237918216,0,"censor",10.8602739726027
"333","bi0692",0,1,-0.35998227154568,79,2.03960396039604,6.48563650170196,0.0710579477574204,0.848722974279889,9.64572633780927,0.891401628957838,0.787540353240202,2.10150915140028,2.01295032247191,11.5242402054204,6.82478241841736,3.87823250784924,74,1,24.4133101065302,0,0,0,0,1,137.428571428571,0,0,0,0,0,0,100,3.15789473684211,1,"dementia",7.61095890410959
"334","bi0694",0,0,-0.392569361207011,68.5,0.543650793650794,4.80568732421067,NA,NA,13.1106103125134,NA,NA,0.568875781179427,NA,0.297090277668346,6.01196360490336,NA,80,1,21.4354732527767,0,0,0,0,0,110.607142857143,0,0,1,0,0,0,89,8.73015873015873,0,"death",11.186301369863
"335","bi0697",0,0,-1.16521219371597,229.5,2.02542372881356,5.208284185125,0.0519359468353245,1.16550440512759,20.0274124691348,1.25463651399763,1.05994213742331,2.83624181162002,0.897400349728783,17.9231990638655,8.04109436514606,4.90103381221071,83,1,30.540851907357,0,0,0,0,0,175.857142857143,0,1,1,0,0,0,91,20.2702702702703,1,"death",11.5643835616438
"336","bi0701",0,0,-0.0180952194802501,103.5,1.62886597938144,6.76791910540306,0.0859406923960565,0.694742927619387,16.5632173844508,0.751755451144878,0.638510745551527,1.42073600271544,0.779417635607248,8.59319790921737,5.31695627505313,2.83626550723945,71,1,23.9933536359714,0,0,1,1,0,211.428571428571,0,1,0,1,0,0,95,6.1631419939577,1,"censor",11.1890410958904
"337","bi0702",0,0,-0.79240969349774,98.5,0.95531914893617,4.05634002268065,0.0432486446561893,1.22676229214414,18.567658099878,1.29550336068189,1.07272220643458,3.72045860632359,3.17517349795947,7.01379659957753,6.98678112072992,7.89112451772519,78,1,33.4069035929312,0,0,0,0,0,250.714285714286,0,1,0,0,0,0,90,60.7317073170732,NA,"censor",11.0328767123288
"338","bi0703",0,0,0.20169628603276,92,0.874501992031872,5.05650378721436,0.0540397971452192,0.60511624745177,15.1991369655479,0.622651081137122,0.574626556655959,1.69140302340115,0.813878712877645,10.0801528014639,4.51509461967622,4.32398911826622,75,1,26.8992955121229,0,0,0,0,0,157.214285714286,0,1,0,0,0,0,95,10.247191011236,0,"death",8.85479452054794
"339","bi0704",0,0,0.644684423906099,270.5,2.50299401197605,5.88887899240609,0.179800078784887,0.737324795104929,14.1875594197633,0.75981585234076,0.684297172926152,1.59583013637211,0.582146255080033,17.343400175135,7.37326998979786,6.57328741044475,68,1,28.9184475540969,0,0,0,0,1,176.714285714286,0,1,0,0,0,0,96,0.87378640776699,0,"censor",10.8
"341","bi0706",0,1,-0.9606568495255,103,0.653034300791557,3.34555945255696,0.0463279229085061,1.42367908271945,17.7740827986115,1.47483551893335,1.33857134804028,2.39374204093951,1.64243265505033,5.22100543045974,6.24724243603073,8.8496307240613,83,1,30.6365258774539,0,0,0,0,0,148.321428571429,0,0,0,0,0,0,89,6.52452025586354,0,"dementia",10.8931506849315
"342","bi0708",0,0,0.13269215527361,105,1.2720156555773,6.86013658267058,0.0589227461372472,0.979752120892323,17.1918005194693,1.0232083945613,0.923361720117686,2.13663626171947,0.492397158557273,10.1784461644617,3.97786900690284,2.82122935597196,69,1,34.9000026398311,0,0,0,0,0,88.1428571428571,0,1,0,0,0,0,98,25.6281407035176,0,"censor",10.7780821917808
"343","bi0711",0,0,-1.09359207331207,120,1.3134328358209,7.36817141039733,0.0532865574996804,0.64974314889648,15.3994623330535,0.688998879464292,0.583458685667046,2.87414586815075,1.39045070350831,9.4639828883131,11.3266944317333,10.0824010608813,71,1,28.0013392102336,0,0,0,0,0,223.428571428571,0,1,0,0,0,0,90,6.69902912621359,0,"censor",10.5479452054795
"344","bi0712",0,1,-0.53609691052505,105.5,0.908704883227176,4.06602739470797,0.0452706539340643,0.659040620479276,23.156836688743,0.67720701839304,0.627294665952536,2.58519525191538,1.26258911315523,6.11919325432016,5.03795745729698,4.07382206253286,78,1,25.7760738731462,0,0,0,0,1,43.4285714285714,0,1,0,0,0,0,94,31,0,"dementia",4.6986301369863
"345","bi0718",0,0,-0.746531001050479,128.5,1.46681922196796,3.98937932180743,0.0682174919203352,1.55918213166843,12.2091966807514,1.65181806089242,1.3859941103707,2.16269891413615,0.955129359123017,9.15391612988116,7.76866026586173,6.80482283209289,81,1,26.7207117172193,0,0,0,0,0,167.142857142857,0,0,0,0,0,0,96,17.7181208053691,0,"death",9.15342465753425
"346","bi0722",0,0,-0.14229095895202,150.5,1.41156462585034,4.50652019486841,0.044120425735622,0.692270164975366,16.1111581665439,0.717113493056706,0.665781413059817,1.39697442267964,0.78162810674397,20.1081261606538,5.2982350173564,4.10219332106064,83,0,28.7001741479573,0,0,0,0,0,230.428571428571,0,0,0,0,0,0,93,2.76657060518732,0,"censor",11.9260273972603
"347","bi0725",0,1,0.0210637552548206,112.5,1.0523138832998,4.7869879166665,0.127657132540511,0.715328730715571,17.1862480650203,0.7990698406889,0.683415849369513,2.63526803277123,1.37866488923792,9.13845090284341,3.87376319419258,3.92200187354133,82,0,28.393966282165,0,0,0,0,0,61,0,1,0,0,0,0,92,46.7597765363128,0,"dementia",3.80547945205479
"348","bi0729",0,0,0.52701172976721,135,1.75720164609054,3.32545081710586,0.0800799659113127,0.722428132354499,12.9583649933957,0.745323883549842,0.691739597087543,1.58079686573958,0.794613527740554,9.42640884201339,4.74420445869482,7.51534860559859,74,1,30.625615452967,0,0,0,0,0,184.928571428571,0,1,1,1,0,0,93,8.51735015772871,1,"death",8.86575342465753
"349","bi0734",0,0,-0.64182999244684,348.5,3.39670658682635,8.13816215024225,0.0613644228848008,0.877625469543442,13.0757532979218,0.958337810626198,0.868646795778626,1.43891726552817,0.834259944828977,16.5981346915565,8.57861544464922,3.97404922886352,69,0,33.0382764222705,0,0,0,0,1,81.7142857142857,0,0,0,0,0,0,92,26.7549668874172,0,"death",5.6986301369863
"350","bi0737",0,0,-0.50435570529813,11,1.01612903225806,5.67436428198302,0.123112228062718,NA,20.2297116834479,NA,NA,2.12773094833447,NA,6.42321864067645,6.44952561908835,NA,78,0,31.043072702332,0,0,0,0,0,75,0,1,0,0,1,0,90,54.1935483870968,0,"death",2.26027397260274
"351","bi0741",0,0,-0.100258614153771,100,1.11855670103093,7.35525976178291,0.0419303257132041,0.810071562731591,12.3679862991504,0.840049888045076,0.765211282354862,1.27559383077606,0.522569502012252,8.53174649470811,5.87814595305237,5.30174875375051,71,1,30.2434949482741,0,0,0,0,0,116.714285714286,0,0,0,0,0,0,87,8.99135446685879,0,"censor",4.44657534246575
"352","bi0742",0,0,-0.56546319205917,235.5,2.34418604651163,4.64022999797065,0.0472309700986089,1.49294862549558,19.3392317968136,1.56116685501853,1.3533600565556,3.00112236773614,1.19901647095746,11.6131583526844,5.62629919933471,4.09448539087734,71,1,25.5677796795106,0,0,0,0,0,181.75,0,0,0,0,0,0,97,13.5423197492163,1,"censor",7.04657534246575
"353","bi0743",0,0,0.13754512373813,239,3.06872037914692,5.39404097029311,0.0800608811766641,0.699208806994685,15.7047834889505,0.75714038619874,0.644693785049816,2.72380976056418,0.991594437455094,17.8807967353048,5.65490464089922,4.98068227386164,71,0,34.0823197966055,0,0,0,0,0,211.714285714286,0,0,0,0,0,0,92,9.09620991253644,0,"censor",11.4328767123288
"354","bi0747",0,0,-0.58150490679166,313,1.33557046979866,4.18418062555295,NA,NA,13.222017044557,NA,NA,3.32298674551171,NA,11.0981780823349,7.32281656097002,NA,78,0,32.6735159978496,0,0,0,0,0,133.142857142857,1,0,0,0,0,0,86,28.5049833887043,0,"death",5.43561643835616
"355","bi0748",0,0,-0.20235052180772,162,2.08255159474672,8.30422069590657,0.0870536915504149,0.852470311131565,16.4640246763237,0.923046508231338,0.790930302119002,1.72530901128129,0.752816139741206,13.0742845271385,6.04536278214061,4.76277898087096,69,0,30.2001417382071,0,0,0,0,0,263.464285714286,0,0,0,0,0,0,91,2.44635193133047,0,"death",12.2438356164384
"356","bi0749",0,0,0.30832800229702,169.5,1.66056572379368,3.76667267850259,0.0767504475935364,1.01910296804146,10.0879814027674,1.05761533117588,0.95535354476039,0.993792969166694,0.761420186103794,11.5443534443709,6.83627336003535,7.4552089063793,72,0,29.0225081722625,0,0,0,0,0,147.714285714286,0,1,0,0,0,0,90,11.4922048997773,0,"censor",11.1808219178082
"357","bi0750",0,1,-0.590015432981561,217,2.4589552238806,4.83254799905134,0.0385376681573549,NA,13.5062648681232,NA,NA,1.08363473262682,NA,13.7930607171691,7.07376945294557,NA,78,1,29.0902812185637,0,0,0,0,0,41,1,1,0,0,0,0,92,4.44444444444444,0,"dementia",1.26301369863014
"358","bi0751",0,0,0.0227993463502003,275,2.56201550387597,4.75110449062696,0.0663142258238133,1.225770282075,7.93089901256787,1.27419151961934,1.09911007776006,1.04353442130525,0.439836969718787,18.3646798166468,7.74073160951224,5.51905023533182,74,1,23.4765821481243,0,0,0,0,0,207.678571428571,0,0,1,0,0,0,95,2.01438848920863,0,"censor",11.2986301369863
"359","bi0754",0,0,0.28213254610005,148,2.46610169491525,3.39475300209041,0.0424151629046179,1.11634523396588,11.0604780893474,1.14720380510334,1.04508408229284,1.11853568842209,0.13484318780573,8.92880802739088,4.14813513501644,2.30673845742452,76,1,27.9323979286568,0,0,0,0,0,75.1428571428571,1,1,1,0,0,0,89,4.70588235294118,0,"censor",11.1205479452055
"360","bi0756",0,0,0.209174693828351,173,2.87272727272727,3.82023733326799,0.0429915688022132,0.553040267948803,10.1488260765772,0.571052787054531,0.532103949585161,0.82257226085513,0.436036629552826,17.1754349344673,5.11590423477651,5.02746150111732,82,1,28.66365866383,0,0,0,0,0,41.3571428571428,0,0,0,0,1,0,80,0.75,0,"death",6.08219178082192
"361","bi0757",0,1,0.0501636446854803,114.5,1.64218009478673,4.57204045486368,0.0374920573505689,0.733106287970336,16.1794604488533,0.761057253737062,0.69929577828659,1.81272390136143,0.356095178331629,11.4796215675074,5.71991463534692,3.1315163469351,73,1,26.425032247497,0,0,0,0,0,223.5,0,1,0,0,0,0,86,26.6272189349112,1,"dementia",6.87397260273973
"363","bi0761",0,1,0.0137862958689595,152,1.88131313131313,5.32656111256634,0.106473045735067,0.922365223981909,15.6853587111712,0.985512645583838,0.814478790234904,1.99732616726302,1.26958725685648,12.7750552172292,4.57812378520277,6.59049819933172,77,0,29.2720052299316,0,0,0,0,0,64.5714285714286,0,1,0,0,0,0,89,66.2460567823344,1,"dementia",1.41095890410959
"364","bi0763",0,0,-0.233867149065161,163.5,2.14457831325301,5.062497082599,0.109726192502374,0.777137226426592,14.5865757060192,0.807172665869055,0.736636143364177,1.24939376424951,1.177298794321,10.0779559216474,4.75545450748432,5.68861860360366,84,1,32.1816521945886,0,0,0,0,0,121,0,0,0,0,0,0,90,10.5,0,"death",5.66301369863014
"366","bi0770",0,0,-1.25449069882261,209,2.47757255936675,7.54905811643102,0.0595740260486469,1.60366198075702,13.1426027835528,1.77492330402299,1.4010972404498,2.22474868157545,0.551834731368901,15.5541161176304,10.9678452094013,11.3290207080074,73,1,32.7331053332206,0,0,0,0,0,102,0,1,0,0,0,0,93,0.695652173913043,0,"death",9.87123287671233
"367","bi0771",0,0,-1.07526803804015,230.5,2.66170212765957,6.65402412643453,0.0440096153803266,1.44984821404378,14.5278249626269,1.56718653375483,1.35638072976722,2.04879882719737,1.56493903520368,12.5543512603593,8.25470760823336,8.04517927719492,72,1,26.7656917062971,0,0,0,0,0,235,0,1,1,0,0,0,98,2.32558139534884,0,"death",9.03013698630137
"368","bi0772",0,0,-0.312217784296,67.5,1.18691588785047,4.72182270235922,0.065479520928497,1.1040640307204,19.0630388665349,1.15422666831518,1.01745083650008,1.94357558390202,0.816030543497484,9.09802472832948,6.12139986915054,6.13811395848483,74,0,29.8573412447923,0,0,0,0,0,141,0,0,0,0,0,0,81,24.945652173913,0,"censor",11.4547945205479
"369","bi0773",0,0,-0.790636893354881,248.5,2.02173913043478,5.29838364180059,0.0494787894006222,0.85269247848863,14.1282842000901,0.873388933141992,0.808782664496308,1.66321266457402,0.658862773938527,12.473334829708,6.62357967237984,9.75015133866721,87,0,21.7264694756578,0,0,0,0,0,191.821428571429,0,1,1,1,0,0,91,0.988235294117647,0,"death",7.16164383561644
"370","bi0774",0,0,-0.17185165934237,140.5,1.7530612244898,3.57953844598775,0.0661641619378182,0.883792175672325,16.5125170680074,0.927024886141983,0.84323310632477,2.40333214715555,1.00890225478392,11.5965587976986,5.53323319722252,4.35735451839964,79,1,31.9380472784618,0,0,0,0,0,80.5,0,1,0,0,0,0,99,10.9234828496042,0,"death",7.23013698630137
"371","bi0775",0,0,0.180939199728491,66,1.60629921259843,3.23794985720608,0.0600266503455493,1.47121109335574,10.8456350358921,1.52226353071179,1.37101752102394,1.00113018818529,0.341246869520743,11.4779104449079,4.7115278235055,5.16170293341767,79,1,28.9104910996086,0,0,0,0,0,113.75,0,0,0,0,0,0,96,1.44772117962466,1,"censor",7.15616438356164
"372","bi0776",0,1,0.22588494277103,104.5,1.03532008830022,5.29731529090059,0.0354610208340494,0.7410325657866,14.5820803951913,0.769817664955721,0.691813935177602,1.38490572432934,0.979323983854685,10.2033131524643,5.23750194155339,5.18496969575199,68,0,28.2456438635653,0,0,0,0,0,25,0,1,0,0,0,0,83,4.14414414414414,0,"dementia",1.43835616438356
"373","bi0778",0,0,0.32626408435377,197.5,1.10822510822511,3.50642248453111,0.351244918717728,0.496370110800101,13.1697773042253,0.504117006629193,0.48022607645448,0.611726090250521,0.206888476617448,5.60267876927047,4.4222329865305,4.14118127498907,79,1,28.2996055810067,0,0,0,0,0,68.4642857142857,0,1,0,0,0,0,95,1.23711340206186,0,"censor",10.8328767123288
"374","bi0780",0,0,-0.32203530269078,271,2.21978021978022,5.13257941912456,0.0596920244537092,0.67904944450961,19.1683601163559,0.716424712615283,0.619383505005662,2.6265008383521,0.64533930858164,19.8683890461973,4.35134781451982,1.88642725175842,84,0,24.3325595469046,0,0,0,0,0,36.7857142857143,0,1,0,0,0,0,91,36.3461538461538,0,"death",5.86575342465753
"375","bi0781",0,1,-1.48850322220533,384.5,4.10835214446953,5.14883710982803,0.0373906573497343,1.85396491156217,13.684637153467,2.0184151748065,1.62347822987588,1.73695260034554,0.80626352524819,18.566397796064,7.17567478376564,3.48827762378599,86,1,29.600867580777,0,0,0,0,0,102.214285714286,0,0,0,0,0,0,83,7.36842105263158,1,"dementia",3.63835616438356
"376","bi0782",0,1,-0.50906511811295,222,2.34762979683973,4.96383624495853,0.0346864169085439,0.805689335315653,16.1384689389927,0.828452425470027,0.752129150788539,2.60159828232131,1.11147788140204,14.6811239153645,7.127526464424,5.58390798948371,75,1,30.3522076777229,0,0,0,0,0,191.714285714286,0,0,0,0,0,0,93,14.0939597315436,1,"dementia",3.45753424657534
"377","bi0787",0,1,0.0133408967910697,148.5,1.38068181818182,4.29607398042414,0.0608094152192309,0.766664768505991,15.4460955849897,0.785099935886448,0.729043931701734,1.48471847140494,0.92447384588672,7.97098179701884,4.21327088685646,4.38207589740683,78,1,29.3850353818778,0,0,0,0,0,121,0,1,0,1,0,0,88,11.7884130982368,1,"dementia",4.28219178082192
"378","bi0789",0,0,0.12061600801657,106.5,1.48577680525164,3.59141928765567,0.0382777165653994,1.03826298362886,14.9958447118705,1.0691893986998,0.957598266377084,1.3425380950522,0.393488616214897,12.5581079422296,5.25177326635696,3.76535728066149,75,0,24.368894646546,0,0,0,0,0,105.75,0,1,0,0,0,0,89,0.583941605839416,0,"censor",11.2164383561644
"379","bi0790",0,0,-0.29645048066406,175,1.65767284991568,4.79959368006361,0.0651085730131317,0.711867034195299,17.4373780545776,0.81604602324961,0.679037559050512,2.51857230271231,0.870378440889203,11.8208080660997,5.91619009308185,6.07815931922893,78,0,26.2791530232278,0,0,0,0,0,134.571428571429,0,1,0,0,0,0,94,0.144578313253012,0,"censor",10.7013698630137
"380","bi0796",0,1,0.252037928443271,130,1.84819277108434,4.71140179054177,0.0402769636699924,0.535073812675699,11.1986784482073,0.550971769558491,0.51244826583123,0.897481452593603,0.429775678591438,8.57265349473478,3.47392701429298,3.82479172531622,80,1,29.7140831758034,0,0,0,0,0,215.714285714286,0,1,0,0,0,0,87,6.51026392961877,0,"dementia",0.843835616438356
"381","bi0798",0,0,-0.406534931084541,166.5,2.03006012024048,7.35501415527293,0.0570083526282961,1.31598554162065,13.368671510606,1.37351889535697,1.21686466363818,1.56898129707737,0.749379024740323,12.8611527485281,7.10256577449999,6.68698299431218,69,1,30.6079694567303,0,0,0,0,0,110.392857142857,0,0,0,0,0,0,96,22.2818791946309,0,"censor",11.4109589041096
"382","bi0801",0,0,0.12702600466469,101.5,1.42131979695431,4.25785927491011,0.0449476317080465,0.868879860090422,11.7470567478375,0.904145955711246,0.790992118255412,0.902947607546517,0.41936271721118,9.11134779814174,4.73435376073406,3.24031733593681,78,0,26.7533717678443,0,0,0,0,0,81.7142857142857,0,0,0,0,0,0,99,2.55924170616114,0,"censor",11.5424657534247
"383","bi0802",0,0,0.37327114968584,92.5,1.25,4.07849064429397,0.0717211539373379,1.02892215296007,15.6001251812815,1.07461733067013,0.946125782772855,1.66617337044115,0.591919216794193,12.6072727518052,6.19383049443217,5.22826529654859,68,1,28.4071127253126,0,0,0,0,0,197.428571428571,0,0,0,0,0,0,94,3.02670623145401,0,"censor",11.0054794520548
"384","bi0803",0,0,0.23522321401165,156.5,1.97708333333333,4.18932136828992,0.0730169456683996,1.04976803628067,15.9858661184644,1.12000434948854,0.991363453218371,1.60224517128178,0.730250755133012,11.4863265874112,5.84545084879832,4.70583449656259,68,1,23.2258758010688,0,0,0,0,0,166.714285714286,0,0,0,0,0,0,95,1.17647058823529,0,"censor",11.4712328767123
"385","bi0804",0,0,-0.01298908327188,187.5,1.76565295169946,4.97195254794503,0.0814395396016166,0.883818134000885,17.8036387704428,0.937454715794896,0.795759098872373,2.4091872901465,1.0868042655676,10.0768343796416,4.88428080754385,3.21284495790486,72,1,22.4313908485656,0,0,0,0,0,262.428571428571,0,0,0,0,0,0,100,3.24649298597194,NA,"censor",11.4356164383562
"386","bi0805",0,0,0.11711338490483,172.5,1.87594936708861,4.69226069100151,0.0345745206688448,0.881316958035868,12.9591184614174,0.908556351259341,0.83360214677684,1.61755569069375,0.635275111488061,11.5834138689322,4.76774126408791,5.07414197007111,74,0,24.6359500397774,0,0,0,0,0,166.714285714286,0,1,0,0,0,0,95,21.4516129032258,0,"death",11.8246575342466
"387","bi0806",0,1,0.00923674359085993,129.5,1.73903002309469,6.52237000224713,0.0820699230901292,0.798938580241117,16.1314780850098,0.867764812862782,0.722426130387626,2.39880194429028,1.23307820253257,12.0393608010907,5.79533272426562,3.88703613778547,68,0,23.5542941139676,0,0,0,0,0,86,0,0,0,0,0,0,93,5.08196721311475,0,"dementia",1.52054794520548
"388","bi0807",0,0,-0.0707586428716894,226,2.73461538461538,3.74686306444859,0.050046002609519,1.01792834134699,15.3148336052628,1.07911216859003,0.936133612730581,2.1130353701337,0.971061775487161,11.459504127685,4.82365726675863,3.48283994478405,74,0,26.2349821681959,0,0,0,0,1,144.571428571429,0,0,0,0,0,0,91,15.8260869565217,1,"censor",11.0958904109589
"389","bi0809",0,0,-1.23369657098374,262,2.58134920634921,6.74461142056751,0.02674169452595,1.283088176134,12.573906274158,1.33682448856624,1.16217245538719,2.53220711145502,1.2385179090887,13.9763528386374,7.91989085810783,6.65264659816238,80,1,24.5765109321587,0,0,0,0,0,117.428571428571,0,0,0,0,0,0,95,25.4347826086956,0,"censor",11.5534246575342
"390","bi0814",0,0,-0.11748282940685,182,0.730654761904762,2.88039760971034,0.0509557116995989,0.854281236182599,13.3672356397088,0.920137625532533,0.761915136626625,2.12735563601809,1.27093613197832,7.1124496069938,3.56039637404784,4.8648615711541,85,1,29.5043026644148,0,0,0,0,0,103.25,0,0,1,0,0,0,91,7.33333333333333,0,"death",10.1506849315068
"391","bi0815",0,0,-0.43460733422788,197,2.43107221006565,5.24816634792875,0.0514718068518748,0.867458244561709,9.99793179640805,0.906129032442706,0.796165213212024,1.26496643978419,0.514351405807517,12.0473737271833,6.22888288607977,5.48908399824828,84,1,23.4796797980538,0,0,0,0,0,153.25,0,1,1,0,0,0,98,3.72315035799523,0,"death",5.64931506849315
"392","bi0821",0,0,-0.644443300185431,269,2.58352402745995,5.10786500715038,0.0482762861118987,0.966178299584974,15.3508634739682,1.02114821708228,0.924517212309008,2.33825560179159,0.881804192638007,12.4087117469296,7.94663186246652,8.0037918790546,75,1,24.2357922842919,0,0,0,0,0,263.714285714286,0,0,0,0,0,0,97,22.2107969151671,0,"censor",11.1835616438356
"394","bi0824",0,0,-0.622011593576499,253,2.7935871743487,6.19010419077086,0.0328728050176023,1.02711966191213,17.7956206874867,1.06706836854486,0.940876299416142,1.89995578728163,1.06674116842436,14.8437338539523,5.27622742537227,3.59479257331641,75,1,24.1632653061224,0,0,0,0,1,145.785714285714,0,1,0,0,0,0,98,15.1168831168831,0,"death",5.02191780821918
"395","bi0828",0,0,0.21655594100465,314,3.11854684512428,4.66669243778166,0.075160284593323,0.918793122955291,12.3520119647635,0.96807968777647,0.860393744156718,1.1288907990404,0.767696734311903,16.6809358846063,5.95223834242792,4.19780594128777,71,1,27.0648786807185,0,0,0,0,0,173.214285714286,0,0,0,0,0,0,97,14.2065491183879,0,"censor",11.2
"397","bi0832",0,0,-1.39640617058957,318,2.09854604200323,5.14991290741857,0.0348169577679292,0.765883139911158,16.191444989198,0.790810057997854,0.731667715920328,2.22324282211773,1.41361272552068,12.7021278213781,9.72637140960959,12.1991556108353,84,0,24.4597101812105,0,0,0,0,0,114.321428571429,0,0,0,0,0,0,98,2.21198156682028,1,"death",5.47397260273973
"398","bi0833",0,0,-0.98769143880459,122.5,1.01678657074341,5.70166589648786,0.0244414202887972,1.43430154088344,12.7440308142509,1.54923070758094,1.10088090491989,1.04620282470793,0.602240795522422,8.46432730285732,5.97636248743854,5.42977196896861,84,1,29.134725296167,0,0,0,0,1,107.714285714286,0,1,1,0,0,0,89,5.69105691056911,0,"death",5.78904109589041
"399","bi0835",0,0,-0.0351720012556299,174.5,2.65441176470588,2.98672688223679,0.0298932676873807,0.888584170933273,11.5388317208992,0.910908628511655,0.837000877328995,1.16370603691095,0.994381963062348,13.3428820432932,5.24678878341253,4.90172809191946,79,1,25.3417149245324,0,0,0,0,0,259.571428571429,0,0,1,0,0,0,85,7.82608695652174,1,"censor",3.70684931506849
"400","bi0838",0,0,-0.363354631294141,121.5,0.994652406417112,4.30030409710249,0.065822747755782,0.95449713250856,21.9407388752545,0.97410365087479,0.891361403013157,2.85819172671937,0.841934648466136,11.9000180961506,4.80548414975675,3.56566910949857,80,1,24.2592791742842,0,0,0,0,0,125.607142857143,0,0,1,0,0,0,90,3.6231884057971,0,"death",1.82465753424658
"401","bi0840",0,1,0.67634996779243,55.5,0.534831460674157,2.63055850574739,0.103593134756947,0.786881379222621,16.6354045802995,0.860434022405149,0.738738005850258,3.19758714814809,1.45724325522712,7.24962554975022,4.20554575165685,3.8823082845133,70,1,30.5763505246553,1,0,0,1,0,313.5,0,1,0,0,0,0,94,19.0839694656489,0,"dementia",3.94794520547945
"402","bi0845",0,0,-0.829583938379849,94.5,0.864468864468865,5.43488237097157,0.0382098373817717,1.68246747103119,15.6728049270348,1.75695134181609,1.57857440257066,1.31010431479255,1.15068089758261,8.15347011019611,6.8236981659343,6.29153704197122,75,0,27.8240454001374,0,0,0,0,0,142.428571428571,0,1,1,1,1,0,96,1.36363636363636,0,"death",9.83013698630137
"404","bi0851",0,1,-0.55876307806048,90,1.59541984732824,7.68530855418973,0.050224876694582,0.819109048883605,17.1261500614937,0.847789356263729,0.75199611110418,2.64462279313155,0.312165032602002,21.228053322009,7.52941099119974,5.33560759504272,78,0,30.2995014060694,0,0,0,0,0,108.107142857143,0,1,0,0,0,0,93,17.752808988764,NA,"dementia",3.41917808219178
"405","bi0852",0,0,-1.66234849934877,115.5,2.36286919831224,5.5433941020443,0.0301637477699846,1.44276304270741,17.5357620832541,1.51254462751273,1.34107562403398,2.96342465584166,0.952339952930858,17.0028528873212,10.2290954836217,6.46275049514705,84,1,26.4047831615399,0,0,0,0,0,153.464285714286,0,1,0,0,0,0,97,2.24299065420561,0,"censor",11.1616438356164
"406","bi0853",0,1,0.0665827177276199,157,2.39423076923077,5.30062853995055,0.0548530370243847,0.998553470765283,13.9120173601428,1.02995234877275,0.926762837053939,1.73977257684026,0.535097504232292,15.9749233729501,5.28510637108203,5.03297818603337,74,0,24.8474495873624,0,0,0,0,0,104.071428571429,0,0,0,0,0,0,93,8.28125,2,"dementia",4.28767123287671
"407","bi0854",0,0,0.53116824166313,116,2.0987012987013,3.81845834802921,0.0744153959051742,0.745038435972135,14.372832320355,0.786146045374235,0.702027489822121,2.16914799202565,0.553053578163427,10.4583201733043,3.72146905928015,3.81069290721783,74,1,27.7407958510629,0,0,0,0,0,138.142857142857,0,0,0,0,0,0,97,1.9647355163728,0,"death",8.28767123287671
"408","bi0855",0,0,0.600630242897731,270,3.74380165289256,5.14535953409446,0.0888004635756358,NA,7.48619678557333,NA,NA,0.602604968641927,NA,17.3217630703957,5.31488662908348,NA,69,1,25.5424444369166,0,0,0,0,1,61.8214285714286,0,0,0,0,0,0,88,1.25786163522013,0,"censor",11.5287671232877
"409","bi0858",0,0,-0.46450550286571,196.5,2.0061099796334,4.92873292061944,0.0658262754247204,1.26323078128344,15.9494544380086,1.5330223100836,1.08215637496462,2.54017340921877,0.894820967732089,16.1708660498152,7.3721301167409,6.68183707845701,73,0,32.4797157784279,0,0,0,0,1,144.214285714286,0,0,1,0,0,1,93,6.19469026548673,0,"censor",11.6684931506849
"410","bi0863",0,0,0.13526671381389,91.5,1.46814404432133,5.02418261178517,0.0778007508928008,0.900620143804604,14.6966010477099,0.937284776297374,0.847007328914795,1.62503768019945,0.464180008013954,11.7492865990926,5.252582060445,4.51292354609004,76,1,31.0510356915955,0,0,0,0,0,120,0,1,0,0,0,0,96,17.9840848806366,0,"death",8.39452054794521
"412","bi0865",0,1,-1.07801813781779,95.5,0.951271186440678,5.85337100363165,0.149742700757209,1.78253514282911,15.794226591428,1.96384062269649,1.55957759917893,2.95566372239382,0.946718617467725,12.0590880569999,11.0432765309821,7.91581545609947,78,1,27.3985588905995,0,0,1,1,0,233.25,0,1,0,0,0,0,88,8.66520787746171,1,"dementia",6.94794520547945
"413","bi0867",0,0,-0.89493754875239,171,2.07589285714286,4.23932147042204,0.0428832268942755,0.63579895533938,20.4064752029331,0.662360557717357,0.606883760966747,2.55325270097538,1.11011091592419,12.9142026300071,7.95177640656359,7.37317741895638,81,1,25.8823232154721,0,0,0,0,1,32.8214285714286,0,0,0,1,1,0,94,31.7837837837838,0,"death",10.4547945205479
"414","bi0870",0,0,0.490412717025031,241,2.62075848303393,4.66583699383615,0.0849719691858985,0.697425947397819,15.4248919928692,0.75370149170756,0.686285076282848,1.68858076273025,1.03894777467109,14.1013520419153,3.70674609936502,4.29146976502733,71,1,25.2052008248768,0,0,0,0,0,85,0,1,0,0,0,0,99,9.47368421052632,0,"censor",11.2821917808219
"415","bi0879",0,0,-0.67243575791143,90,1.40634920634921,7.51735626552718,0.0421775190444155,0.816946951544917,14.1191115360013,0.843521787015927,0.756558889520663,1.88464236767437,0.543305514561808,13.4908163850691,5.60961629718192,4.61155109323813,84,0,21.5497149413747,0,0,0,0,0,173.714285714286,0,1,0,0,0,0,90,4.92239467849224,0,"censor",10.8904109589041
"416","bi0880",0,0,-1.05715313804577,77.5,0.969283276450512,6.49008563379599,0.03561096876605,1.07312015865775,21.7463360779358,1.12915194122827,1.06240526840918,5.3060128464805,0.833617773535267,20.2895807437272,9.45884270822744,5.73823959394258,76,1,27.4528288203492,0,0,0,0,1,88.1428571428571,0,0,1,0,0,0,97,33.8325991189427,0,"death",2.29041095890411
"417","bi0884",0,0,-2.04902378172093,148.5,0.726923076923077,8.0064224031032,NA,NA,17.7742573179491,NA,NA,4.11329424969346,NA,9.10044656258223,9.89204093154821,NA,85,1,22.479119005861,0,0,0,0,0,130.142857142857,0,1,1,1,0,0,100,0,0,"death",8.75616438356164
"418","bi0887",0,0,-0.81909667418636,133,1.67441860465116,4.82411877543103,0.0493608641641085,0.829107088928462,16.6851576134972,0.880688012379466,0.784941848367489,2.71856608876963,1.47899124899882,10.1703741877396,8.36157797130774,8.33088144620958,77,1,26.1765831686517,0,0,0,0,0,118.5,0,0,0,0,0,0,94,3.46938775510204,0,"censor",11.6602739726027
"419","bi0889",0,0,-0.20702405355804,274,2.91111111111111,4.90151907599163,0.0446361087070177,0.849254235532668,12.429415637046,0.888615812557461,0.787438330776109,2.0417540205401,0.968753109373068,14.903601917922,8.8709345030163,7.825415151669,67,1,26.1819666824404,0,0,0,0,0,190.714285714286,0,1,0,0,0,0,98,8.54838709677419,1,"censor",11.4191780821918
"420","bi0893",0,0,0.477748911264101,152.5,1.00316455696203,3.43787026074672,0.0599022425695294,0.707730398099772,13.6889435875794,0.736609417690164,0.666047990856867,2.02106728680047,0.843043738796605,8.10565047901176,4.90527795273517,3.4474037578278,71,0,29.8108588683798,1,0,0,1,0,110,0,1,1,0,0,0,80,10.2966101694915,NA,"censor",6.98904109589041
"421","bi0895",0,0,0.39556450635917,95,1.73928571428571,4.10362242050854,0.0487674523953671,0.737483307308671,12.8014206037971,0.757238999205138,0.702923973981912,1.39835916596485,0.540974757568073,14.1338206916341,7.45322211085543,5.83991228395565,67,1,36.2351323889785,0,0,0,0,0,232.821428571429,0,1,0,0,0,0,98,9.24590163934426,0,"death",6.90958904109589
"422","bi0897",0,0,-1.64404692643844,152.5,1.16598360655738,8.47058317628581,0.0571174337817974,2.27393701575938,18.5083287353047,2.38369807965273,2.06038340695586,3.33367268548,0.666386721957296,11.6258813043362,10.6008082907737,6.05961202003699,69,1,28.3749124300434,0,0,0,0,0,73,0,0,0,0,0,0,89,7.38041002277904,0,"censor",11.5287671232877
"423","bi0901",0,0,0.33098103190237,93,2.09174311926605,3.85938241427038,0.0415277342317572,0.945269419600244,14.4660796692787,0.983686014623215,0.896527206401614,1.4524229220973,0.56700747238629,11.5327158139312,5.72856566289288,6.26787052031703,68,0,29.8108187179326,0,0,0,0,0,231,0,1,0,0,0,1,94,1.77339901477833,2,"censor",10.9095890410959
"424","bi0904",0,0,0.523446869399341,208,2.5254691689008,3.76433402660302,0.111859347215525,1.09933886598891,15.4433318065754,1.19665903607435,1.00762930593922,2.1497891488868,0.405562547717825,12.4732836366574,4.62452367024872,4.61387619243103,71,0,27.7161679626175,0,0,0,0,0,191.5,0,1,0,0,0,0,97,7.58620689655172,1,"censor",10.8684931506849
"425","bi0905",0,0,-0.0825094864591406,194.5,1.65297741273101,6.02489292761183,0.0355536373555076,0.662679266973567,17.004672452236,0.684340618938426,0.638451070788198,2.12028430472715,0.616912331803748,12.2550042931821,4.85657630632482,3.98872999921746,73,1,24.5397629066001,0,0,0,0,1,267.714285714286,1,1,0,0,0,0,97,13.3678756476684,1,"censor",6.92328767123288
"426","bi0910",0,0,-0.92753717203178,218,1.01129234629862,8.98490980528701,NA,NA,18.9726440555191,NA,NA,1.64504323074773,NA,0.820560289983319,5.83994440467048,NA,72,1,26.9007005194609,0,0,0,0,0,126.357142857143,0,0,0,0,0,0,94,9.02255639097744,1,"censor",11.6821917808219
"428","bi0912",0,0,-1.19496825769841,76,0.715139442231076,6.90673184325357,0.0651746085414337,0.721467196902067,20.0304107141997,0.878690462716224,0.627361552192304,4.87704478965592,8.15934860807512,10.4280325901444,10.3418438991278,16.1393703219352,73,1,40.4872172206833,0,0,0,0,1,52.1428571428571,0,0,0,0,0,0,99,8.96551724137931,0,"censor",12.2712328767123
"429","bi0914",0,0,-0.78595422467436,108,1.18359375,4.73913385225329,0.042955561984866,NA,14.2500109145903,NA,NA,2.30861187417963,NA,9.37512461383856,5.78380884636667,NA,87,1,35.3888283936124,0,0,0,0,1,82.1428571428571,0,0,0,0,0,0,80,13.2558139534884,1,"censor",7.69041095890411
"430","bi0915",0,0,1.01776051760564,278.5,2.60215053763441,3.5323836074836,0.112941754039188,0.685974288935794,12.7136289128591,0.733387477398874,0.635192815154388,1.1785287788896,0.754821597338969,13.1633907838404,3.5392928834579,3.09597994460947,69,0,24.6182153210283,1,0,0,1,0,386.714285714286,0,1,0,0,0,0,88,8.18181818181818,NA,"censor",6.26027397260274
"431","bi0917",0,0,0.51588557678588,95,1.07441016333938,4.52542721873731,0.0701708994300942,0.551643380179478,11.8061031920252,0.582353384670121,0.520276252713123,1.12006744929457,0.728533479103717,7.38700830296575,4.33549638551568,4.02260569490633,74,1,23.6365051409399,0,0,0,0,1,17.8571428571429,0,0,0,0,0,0,83,20.3571428571429,1,"censor",4.31232876712329
"432","bi0920",0,0,-0.00487648294072045,51.5,0.7675,6.49790789952888,0.0528635363778255,0.695690671484316,10.9139779323268,0.716900612242658,0.642157858159415,1.69604559724703,1.01892953727509,7.46030667508614,5.50974787034307,5.22320673899941,74,1,24.5771548665252,0,0,0,0,0,166.464285714286,0,1,0,1,0,0,93,16.9452449567723,1,"death",5.09041095890411
"433","bi0922",0,0,-0.83920507955377,355.5,2.74907749077491,8.1986550091365,0.0946511936290399,0.807800763370719,19.3226130148667,0.851745123974519,0.766902580732313,2.81655416860067,1.44222477691415,17.3825707523759,9.00510231311017,7.83926578077896,69,1,25.9209110848964,0,0,0,0,1,369.607142857143,0,0,0,0,0,0,100,28.8177339901478,0,"censor",3.62739726027397
"435","bi0926",0,0,0.0389574424094306,144,2.14950980392157,4.75488125778409,0.0454784360750529,0.593562022593969,12.9963980517308,0.610888540634264,0.562256728040316,1.00419398524249,0.381599830011576,9.63683813363473,3.79395904291961,4.89860534264908,82,1,23.973400250664,0,0,0,0,1,21.4285714285714,0,0,0,0,0,0,93,0.377358490566038,1,"death",8.5013698630137
"436","bi0929",0,0,-0.50125646767484,111,2.03308823529412,4.16503323365676,0.0393816004632439,1.09727909380119,16.4224838808266,1.12418662567715,1.01826714401273,1.75500456408886,0.722818157867916,12.1202689870359,6.04432805303236,5.10445211560296,80,0,26.3688941248505,0,0,0,0,0,132.75,0,1,0,0,0,0,87,11.566265060241,0,"censor",11.6191780821918
"437","bi0931",0,0,-0.0701709195764295,310.5,3.40388768898488,5.15848500177869,0.0485018456523693,1.05351720602697,13.7642766536116,1.12352244279698,0.948483896089516,1.39905443886115,0.754789839183711,17.0730854673754,5.33503656675862,5.09121956179476,72,0,28.1781606803912,0,0,0,0,0,178.571428571429,1,1,0,0,0,0,97,13.0201342281879,0,"censor",10.9013698630137
"438","bi0933",0,0,-0.36981178312308,164,1.65680473372781,4.27678910517248,0.0613972830414028,0.896979438704632,11.9564834155043,0.9711503512046,0.846113104285402,1.45305009474402,0.90315596885385,10.1112048906336,7.51503079374907,7.81204042829405,79,1,26.3326389452516,0,0,0,0,1,138.142857142857,0,0,0,0,0,0,97,6.94362017804154,1,"death",9.42465753424658
"440","bi0936",0,0,-0.82371450996459,175.5,1.84782608695652,6.05745823113403,0.0312924887780516,0.914294514813086,19.1469470898367,0.939267294659328,0.864171651339891,2.72618892889482,0.939139731449033,11.9762665887795,6.6514778319979,6.62692932520263,77,1,25.6484612226164,0,0,0,0,0,96,1,1,1,0,0,0,83,28.7234042553191,0,"death",3.82465753424658
"441","bi0939",0,0,-0.71339311659752,169.5,1.73955773955774,4.90890866930058,0.0688428340269758,1.31531124093997,12.1611921874321,1.35274041408599,1.23095532315648,1.68662953660903,0.441901333037253,13.2506091940647,8.01571008459517,6.39253844448265,84,1,23.9994591671174,0,0,0,0,0,157.357142857143,0,0,0,0,0,0,95,25.0267379679144,0,"censor",11.1972602739726
"442","bi0940",0,0,0.26009560375968,62.5,0.883495145631068,7.2131383013558,0.0982655245518567,0.654044592910432,16.7360640317091,0.701475929594731,0.619774543921474,1.99008166868327,0.60345797481532,8.62980471529619,5.61538229756392,2.10920381067632,67,1,29.4470395152127,0,0,0,0,1,59.6428571428571,0,1,0,0,0,0,99,11.890243902439,1,"censor",11.4958904109589
"443","bi0943",0,0,0.133902898997729,86,1.35116279069767,5.13012138022435,0.0627471301697412,1.01506329845835,10.8577761645392,1.07740837720845,0.938046002421735,1.26193647667306,0.596992078221785,8.12371530849454,4.39276461200888,4.3489975770004,77,0,28.2520103314783,0,0,0,0,1,61.25,0,1,0,0,0,0,84,3.52040816326531,1,"death",9.56712328767123
"444","bi0948",0,0,-0.64132290799065,65.5,0.703463203463204,5.59978934610608,0.0438093928260074,0.655303156729514,13.9214359199728,0.688538154984731,0.615201176326567,1.97003229661659,0.832805153585283,9.0999540004451,8.47572115309731,6.0051439440415,79,1,27.5779482076975,0,0,0,0,0,224.678571428571,0,1,0,0,0,0,93,7.80487804878049,1,"censor",11.2575342465753
"445","bi0951",0,1,-0.78493695448726,103,0.576104746317512,3.74704917603169,0.0567202002083936,0.888060931128948,24.010452843541,0.965079735768821,0.794313552334514,4.13693452686277,1.98084785280898,7.88768370273523,5.3265134140887,3.72507885681301,79,1,25.4822106828393,0,0,0,0,1,220.857142857143,0,0,0,0,0,0,89,16.4423076923077,1,"dementia",1.9041095890411
"446","bi0957",0,0,0.18318556107688,93,1.38906752411576,3.63215330044528,0.0461696817674599,0.680122007638452,17.4225173393623,0.701050726293643,0.655306564831033,2.17476033988731,0.702460794889232,10.5450109752532,4.29768754165841,4.2789780479494,76,1,30.4858729347555,0,0,0,0,0,78.5714285714286,0,1,0,0,0,0,93,17.2013651877133,0,"death",4.91506849315068
"447","bi0958",0,0,-0.53470712410632,122.5,1.80580357142857,4.59359551158815,0.0452545831625035,0.820484202443297,15.8287430043277,0.845799623616819,0.781081290864075,1.92360260535181,0.713525118879011,9.91366656848642,5.79280438934874,4.24980124630869,83,0,24.4101579926433,0,0,0,0,1,72.8928571428571,0,1,0,0,0,0,83,6.12676056338028,0,"censor",11.4904109589041
"448","bi0963",0,1,-1.18982215615976,140,1.32879818594104,5.58142922070911,0.0505929937428373,0.391235899036672,18.2061883960508,0.404284703174047,0.379910041113653,3.41922954018036,1.1561533121841,10.3167824907391,9.76084649101474,0.269091821315757,82,1,21.2639378467605,0,0,0,0,1,12.5,0,1,0,0,1,0,92,2.43243243243243,0,"dementia",4.3041095890411
"449","bi0965",0,1,0.32817322480639,21,0.901785714285714,8.23128311360161,0.0523350239303107,0.361677130484972,10.4294522191527,0.365048823443537,0.350856639384524,1.58952416800327,0.288158044370878,12.0005820057191,6.43233102465029,6.08204312339763,69,0,25.4500207828664,1,0,0,1,0,115.571428571429,0,1,0,0,0,1,85,0.38961038961039,NA,"dementia",11.3123287671233
"450","bi0966",0,0,-0.74613438455719,142,1.77751196172249,7.62494575418684,0.0807938842256811,0.837594656338101,19.5641182496476,0.867458171911187,0.794689014258224,2.10531007382995,1.03758427806853,9.75923398239787,6.00680702019483,4.55479251611875,77,0,32.1515222866035,0,0,0,0,1,102.5,0,1,0,0,0,0,90,28.034188034188,0,"censor",11.3835616438356
"451","bi0974",0,0,-0.35839166437444,316.5,2.34008097165992,6.19016238930879,0.029813731040742,0.951321601503116,14.0208527453052,1.01233065124507,0.932411166161663,1.09960926698905,0.335190147415089,11.6529993374391,7.4327437131239,5.21440735198713,69,1,41.1728395061728,1,0,0,1,0,213.5,1,1,0,0,0,0,81,14.4412607449857,0,"censor",11.4438356164384
"452","mn1503",0,0,0.30440089130103,132,1.62393162393162,4.0771055521879,0.0535653941521664,1.09076125291056,10.8073836675365,1.16648455438558,1.01247873037018,1.08453681022306,0.489275021687238,10.982154663583,4.26485528543797,3.83967800191386,76,1,26.327467345024,0,0,0,0,0,141.464285714286,0,0,0,0,0,0,95,2.89308176100629,1,"censor",10.5260273972603
"453","mn1505",0,1,-1.52772511482312,81.5,1.59863945578231,4.66588975502675,0.0410170600527657,1.16955632541566,7.81765231761767,1.21067713400321,1.06509568351076,1.74141078275678,0.738857289867945,7.40012653359595,15.8262601373504,10.6119209008049,77,0,24.3662098002329,0,0,0,0,0,199.678571428571,0,0,0,0,0,0,94,3.68932038834951,0,"dementia",3.32054794520548
"454","mn1507",0,1,0.31710736846631,125,1.04152249134948,4.4926198612391,0.0705462077586669,0.890886138344129,10.5952196085959,0.934447948263855,0.833237029196121,1.26545014220049,0.576346331269048,10.6476745783211,6.30675285478518,5.52050512801237,73,1,31.1518459193127,0,0,0,0,0,103.928571428571,0,0,0,0,0,0,80,0.829493087557604,1,"dementia",4.13972602739726
"455","mn1508",0,0,-0.770389067175439,73,1.3976833976834,4.5153518393333,0.0283244715638409,1.1026099067681,19.3928310036892,1.14736715742576,0.991709248062019,3.2194436548005,1.52047900883661,11.638680213439,7.54322428533545,4.66270280086114,73,1,24.967374704984,0,0,0,0,0,148.678571428571,0,0,0,0,0,0,96,2.22222222222222,1,"censor",10.9315068493151
"456","mn1511",0,0,0.01116635070303,92.5,1.18055555555556,5.26458978634068,0.0321164183329766,0.540618656131214,16.4750131565031,0.558446328968113,0.521113231266551,1.87661587376924,0.913398489869689,10.7468874200084,5.68213408338149,2.9200855404887,71,1,29.5854805668505,0,0,0,0,0,187.428571428571,0,1,0,0,0,0,92,10.8487084870849,0,"censor",11.0630136986301
"457","mn1512",0,0,0.51216916461081,145,1.59719438877756,5.26487601479143,0.101331867997192,0.747796719329171,14.6045327111112,0.812603752557619,0.723088534219805,1.63172890918746,0.999580748333305,18.8821643738194,5.2016681866311,5.09953091391164,72,1,22.872226457115,0,0,0,0,0,106.321428571429,0,0,0,0,0,0,95,0.28169014084507,0,"censor",10.5369863013699
"458","mn1515",0,0,-0.73153911596533,226,2.53448275862069,6.91696979509811,0.0334281709608846,1.28008298572178,18.4495758991702,1.33200347744001,1.18750089302166,3.27766653372242,1.02003105139615,20.9853371527583,7.96896265086229,6.47559408395244,69,1,24.6151529978546,0,0,0,0,0,104.571428571429,0,1,0,0,0,0,96,2.91891891891892,1,"censor",10.7260273972603
"459","mn1517",0,0,-0.100916430900109,100.5,1.97129186602871,5.00057080989788,0.0441527462573776,1.03135667451395,17.9481000070416,1.11305562129449,0.965858339181616,2.36483366632192,0.672159565514799,15.2505251464135,5.15463233224266,3.6146554435009,73,1,28.9994044274054,0,0,0,0,0,121.321428571429,0,0,0,0,0,0,92,4.82573726541555,0,"censor",10.4164383561644
"460","mn1518",0,0,-0.6080231465881,73.5,1.03030303030303,5.0446021757277,0.0468287501475974,0.790956555905229,15.5690908428398,0.816924601809942,0.740619497661387,1.61765468363537,1.04799431204262,9.60149713982849,5.28074352291669,5.66211293841352,86,0,31.6483200882752,0,0,0,0,0,35.3571428571429,0,0,0,0,0,0,88,11.7607973421927,0,"death",4.53972602739726
"461","mn1521",0,0,0.13195582098984,106,1.48048048048048,5.16031050435849,0.0959304669675738,1.07985267442152,18.8084944027596,1.15343189599315,1.00874036472693,2.62464187775809,0.912704510965337,11.4993940733347,4.94251657069797,3.44040180880225,70,0,32.6461894626095,0,0,0,0,0,98.3928571428571,0,0,0,0,0,0,96,17.8640776699029,1,"censor",10.4109589041096
"462","mn1523",0,0,-0.383659505050331,185.5,2.54337899543379,5.59900905159332,0.0630287442573337,1.02477368996438,14.4764670056023,1.11006679384494,0.942605142461578,1.90026461637053,0.744007292122986,14.3720432184265,5.17521974609893,2.93738540546606,80,0,27.4810893556556,0,0,0,0,0,56.4285714285714,0,0,0,0,0,0,96,0.588235294117647,1,"censor",11.0438356164384
"463","mn1524",0,0,0.442352591095769,124,1.12820512820513,4.38262876666683,0.0474230214872039,1.0928808304105,12.5607557747428,1.14822775148249,1.02639699671518,1.60561208028349,0.326831456935658,8.7293564467231,4.26990041146292,6.71250923601102,71,1,30.1292114478928,0,0,0,0,0,106.142857142857,0,0,0,0,0,0,97,1.08761329305136,0,"censor",10.2438356164384
"464","mn1525",0,1,-1.59142023006349,264.5,3.43030303030303,4.99802575155483,0.0244088232170305,1.49162851886541,18.6213317380595,1.59525437417482,1.32728254028882,3.63461804433952,1.9537486676635,18.963994731927,10.4116321040891,8.85624850734133,74,1,25.8223080905926,0,0,0,0,0,164.071428571429,0,0,0,0,0,0,93,0.355029585798816,0,"dementia",0.917808219178082
"465","mn1526",0,0,0.0120801344005599,209.5,1.9323467230444,4.48321921955075,0.034875123953448,1.07000578424004,15.3300899222933,1.11519104144055,1.00601269816126,1.88193068893885,0.59449101802796,10.9623675788169,5.51388624406554,6.48643525107,70,0,28.4406878531638,0,0,0,0,0,91,0,0,1,0,0,0,81,5,0,"censor",10.586301369863
"466","mn1527",0,0,-0.583028676679371,129.5,2.28325123152709,6.091394601823,0.0451187264662558,1.12855986010849,16.8938792056373,1.20324103542775,1.06687027952257,3.15355702677237,1.4929230858258,13.6850892241043,6.3157233562035,5.53380605809438,72,1,25.4530046664105,0,0,0,0,0,217.178571428571,0,0,0,0,0,0,96,1.10769230769231,0,"censor",10.3369863013699
"467","mn1528",0,0,-0.00917641457315028,146.5,1.97120418848168,5.41180880832488,0.0376907827565932,0.93678322594714,9.96201909400954,0.962577957527863,0.874968536108489,1.5256590019591,0.731877561530583,17.8700694165016,6.61082790537351,5.37856891018333,75,1,28.546628977441,0,0,0,0,0,67.25,0,1,1,0,0,0,97,11.1864406779661,0,"death",8.41369863013699
"468","mn1532",0,0,0.22126331394973,140.5,1.17741935483871,5.08163243182817,0.0452309666464782,0.797051530961504,18.4782500032553,0.82943116277765,0.737110532773376,2.79345874202435,1.20553193376754,12.6377181952819,3.89923055860142,4.45115884095237,69,1,22.993641743275,0,0,0,0,0,99.9642857142857,0,0,0,0,0,0,99,7.57281553398058,1,"censor",6.67945205479452
"469","mn1535",0,0,-0.138553099469181,161.5,2.33455882352941,4.61119467101713,0.0648423878014854,1.03150279787031,13.1474615204655,1.11534074675347,0.948177107784126,2.15169803575447,1.75977916482213,17.8596299500561,4.63088871129396,6.99862522699648,79,1,25.2675297026182,0,0,0,0,0,228.142857142857,0,0,0,0,0,0,99,16.5882352941176,0,"censor",11.2328767123288
"471","mn1540",0,1,-0.64389694870236,102.5,2.6,6.22949496475368,0.0401849486800346,NA,16.5486582582905,NA,NA,2.09974725085614,NA,14.7942487617616,6.19282222425815,NA,76,1,24.8302926879162,0,0,0,0,0,208.535714285714,0,0,0,0,0,0,95,5.32258064516129,1,"dementia",2.89041095890411
"472","mn1541",0,1,-0.297702540637481,214.5,2.29253112033195,6.56753876754636,0.0692769801250105,1.31086637109785,11.8864503632146,1.38260866972745,1.18769620540187,1.76014153983273,1.15565869316569,13.6533284511661,4.97693060023235,3.41284871144314,75,1,25.6690038260964,0,0,0,0,0,159,0,1,0,0,0,0,86,14.3362831858407,0,"dementia",11.1835616438356
"473","mn1543",0,0,-0.7083041928334,106.5,1.12068965517241,4.34754119318899,0.0237964377424474,1.07967471131679,19.4905442720053,1.1216556462659,0.991693326882841,2.82844160091193,1.26250242554544,9.32395464722185,6.98849960652095,5.96294097486729,74,1,32.0202253864646,0,0,0,0,0,168.714285714286,0,0,0,0,0,0,91,0.160427807486631,0,"death",3.29041095890411
"474","mn1544",0,0,-0.5576807762836,281,2.62271805273834,4.80959852284275,0.0567288218336047,1.41533964581653,20.4521521921542,1.50470323740774,1.3265449374206,3.14435101009989,0.596755225834883,14.4978890145216,5.45658445557427,3.78611071909784,75,1,22.1654205698719,0,0,0,0,0,115.75,0,1,1,0,0,0,91,17.8512396694215,NA,"death",8.89041095890411
"475","mn1546",0,0,-0.0704328139665805,58.5,0.974910394265233,4.0508130981715,0.0706984344267481,1.04436834793981,16.6717084114136,1.1432576533412,0.980059887214061,2.13712338009333,1.16260142581658,8.71523904133309,4.92758999313906,5.91086164438829,76,1,31.8781502410438,0,0,0,0,0,191.607142857143,0,1,0,0,0,0,97,9.93103448275862,0,"censor",11.3342465753425
"476","mn1548",0,0,-0.210576121713579,119,1.02839116719243,4.67594203405373,0.0514876915443517,0.752525369691003,19.7241689164838,0.805814651854942,0.723920731295038,2.27890427580481,1.26320553490635,9.10611314711448,3.683819532521,3.9699007852407,78,1,22.6261544412233,0,0,0,0,1,73.25,0,0,0,0,0,0,94,17.9368421052632,0,"censor",10.4465753424658
"477","mn1550",0,0,-0.397181503210589,126,0.836601307189543,14.8043786853478,0.0325149611777139,0.870202041280489,20.7357773831265,0.887048014788739,0.827607293437544,3.35504953466192,1.13137746605479,9.36709672329773,6.40945528515805,5.83848503003318,69,1,31.1538432025537,0,0,0,0,0,240.285714285714,0,1,0,0,0,0,93,17.4803149606299,0,"censor",10.4493150684932
"478","mn1552",0,0,-0.55477264014241,179,2.04601769911504,4.17981904532855,0.0454397206168398,1.13485464407657,20.3088868179666,1.1732464430636,1.06237718794088,3.02657086870314,0.978189005892404,12.8022230945886,5.70291585680191,4.6716633326549,77,1,26.0518227497934,0,0,0,0,0,141.714285714286,1,1,0,0,0,0,96,31.2911392405063,0,"death",9.26849315068493
"479","mn1553",0,0,0.05701327780273,119,1.35328185328185,3.91743756436542,0.0430228611003963,0.84292931860718,13.7483563785959,0.888546785097462,0.756595286364964,1.86561135208307,0.774205094825184,8.48354765652276,4.14352289904641,3.07986303942595,78,1,25.6621695140269,0,0,0,0,0,205,0,0,0,0,0,0,92,13.3793103448276,NA,"censor",10.5068493150685
"480","mn1555",0,0,-0.17273781576005,101.5,1.72168284789644,3.98172395289562,0.0881069144128821,1.00934019969667,15.9331540081723,1.08845028168401,0.959432229326142,2.68803289358989,1.53763255980525,11.7732491966548,7.06514466024864,6.60066109589728,73,1,30.580154495991,0,0,0,0,0,190.678571428571,0,0,0,0,0,0,91,8.33836858006042,1,"death",8.56438356164383
"481","mn1562",0,0,-1.20546986247754,267.5,3.34989200863931,6.6402262564914,0.0338354358776647,1.2788528866135,13.900637285035,1.32478168896695,1.1982964424055,1.80267943588997,1.57255206445998,18.9607567517081,10.5983309286318,7.53725690851106,71,1,26.4445636643079,0,0,0,0,0,131.928571428571,0,0,0,0,0,0,92,10.1799485861183,0,"censor",10.8054794520548
"482","mn1565",0,0,0.00160319711321932,150.5,0.865947611710324,4.4557341189313,0.0508100108166619,0.452313848039117,12.49555802909,0.46622245725641,0.432065489823329,0.996821335231985,0.672568426615455,10.7061022045754,3.23203681956589,3.50722117787694,89,0,27.6785882579621,0,0,0,0,0,106,0,1,0,0,0,0,93,0.861244019138756,0,"death",2.81643835616438
"483","mn1566",0,0,0.00961009130606953,79.5,1.11278195488722,4.33441537662064,0.0459517579989825,0.75805567883664,13.5926783521611,0.785157407989529,0.727989453205036,1.82914325601798,0.784829336960362,11.8634564010929,6.92720818675803,6.19655600760001,74,1,25.8547000631777,0,0,0,0,0,134.214285714286,0,0,0,0,0,0,97,1.85393258426966,1,"censor",10.5260273972603
"484","mn1567",0,0,-0.0341499474281605,327.5,3.125,6.63728862322369,0.0673342596337889,0.788982646957913,11.9328791569855,0.855782913211129,0.756989117839001,1.19513036302004,0.890681522847758,15.7823904618055,6.18859821253881,12.6013344391289,70,1,25.7469150499585,0,0,0,0,0,121,0,0,0,0,0,1,93,0.15,0,"censor",10.8876712328767
"485","mn1570",0,0,-0.0921215788827894,97,1.10805084745763,5.26439154414991,0.103891676646853,1.19606972289247,9.26514471261778,1.31711095047059,1.00159030394525,1.34706898123731,0.622171509489339,9.11491669614995,5.405036043203,2.92911462295545,82,1,27.0283641400906,0,0,0,0,0,116,0,1,0,0,0,0,97,15.3562005277045,0,"death",6.97260273972603
"486","mn1571",0,1,-0.825773904750351,56,0.961805555555556,5.22902298545047,0.034330215444618,0.741978719674636,18.1252742268244,0.784447921251164,0.713754723845838,2.39233874594519,1.25113048514022,9.84630480876404,6.28468494297991,5.62414859168302,83,0,27.0298659010539,0,0,0,0,0,132.071428571429,1,1,1,0,0,0,99,4.52830188679245,0,"dementia",4.24383561643836
"487","mn1572",0,0,0.0687066715689397,78.5,1.32343234323432,4.31240504508602,0.0825670814195845,0.703418658180099,20.5616282291656,0.749149780658031,0.679157863655502,1.52675276811019,0.68916998570346,12.4186864015508,4.69548465843464,3.5432030453867,77,1,28.7022977765508,0,0,0,0,0,193.178571428571,1,1,0,0,0,0,98,19.0201729106628,1,"censor",11.5616438356164
"488","mn1573",0,0,0.32659492979471,126.5,0.810855263157895,6.37502965230337,0.0727409323733542,0.450637608674042,13.2097857896737,0.471362083864637,0.429209355171537,1.35118488184946,0.514206845015505,8.93424258989888,3.75138658692632,4.42268795263714,77,1,27.8462657827996,0,0,0,0,0,131,1,0,0,0,0,0,92,13.3695652173913,0,"censor",10.7506849315069
"489","mn1574",0,0,0.18522196873467,97,0.857371794871795,7.51532072193824,0.0998871736523674,0.568896519253078,11.5424543461241,0.585234991014348,0.528573748292708,1.17299063544763,0.70103289486648,7.90629794025019,4.4871307857456,4.95903088771429,77,1,20.5714285714286,0,0,0,0,0,75.7142857142857,0,1,0,0,0,0,95,0.509554140127389,0,"death",11.1232876712329
"490","mn1577",0,0,-0.83841193615689,199.5,1.86495726495726,6.31696114622612,0.0481119578165227,0.989244994416483,17.214773924175,1.03931674561175,0.936566871083971,2.10008350434506,0.943375867028397,8.99023228083879,8.72645675410578,6.58363904031179,71,1,30.1639906959691,0,0,0,0,1,113.321428571429,0,0,0,0,0,0,93,8.29931972789116,0,"censor",10.6164383561644
"491","mn1578",0,0,-2.62999957530915,82.5,1.18148148148148,6.33389778721643,0.0550812305938461,4.39961735352224,16.4270212887153,5.16163246720307,3.39405941024857,4.13018439621187,0.750242982337018,11.7576694428508,10.8527253932969,10.6612662207168,70,1,26.7618825215348,0,0,0,0,0,61,1,1,0,0,0,0,100,18.6301369863014,0,"censor",9.66575342465753
"492","mn1580",0,1,-0.26873672442137,101.5,1.02123552123552,7.97015919836297,0.226595927314676,0.528535469355681,9.64228703950036,0.543305126141852,0.492856691202174,0.92207066148001,0.336472219850757,9.27699014112219,5.13517474804835,2.34985379339073,83,0,24.3787598457615,0,0,0,0,1,98.2142857142857,1,1,1,0,0,0,89,7.28155339805825,0,"dementia",4.58356164383562
"493","mn1582",0,0,-0.54079562980078,70,1.09782608695652,6.94780248659157,0.0369743534436985,1.06858802687779,17.9233728847228,1.0936745542665,0.979899903167673,3.29288417555699,1.04261763119495,7.83074597244957,4.7452376455049,4.30882801005675,74,1,21.9631235433144,0,0,0,0,0,148.5,0,0,0,0,0,0,98,1.65644171779141,0,"censor",9.93972602739726
"494","mn1583",0,1,-0.53429049797584,182.5,1.66891891891892,4.30168689413122,0.0672278264600497,0.574005948967315,16.3005040107743,0.601945033288437,0.554506114792645,1.97244809779955,0.997129099151063,11.7127697744205,6.18279688500402,5.40013078947857,86,1,24.4037974726581,0,0,0,0,0,97.0714285714286,0,1,0,0,1,0,94,3.09917355371901,0,"dementia",11.1808219178082
"495","mn1586",0,0,0.22040774529966,240,3.22171945701357,5.16853458173061,0.0915248838621855,1.38360385715042,14.7969700293174,1.47345386503241,1.27969994185992,1.55954962201486,0.8475583983124,12.9330810706236,3.20228813575611,3.25535016764898,71,1,23.4889237862942,0,0,0,0,0,298.785714285714,0,0,1,0,0,0,94,3.3245382585752,0,"death",7.38082191780822
"496","mn1587",0,0,-0.25381525821189,207.5,2.47262247838617,4.89531939787336,0.0642924056214517,0.91514148881936,11.0241630109951,0.993182727049121,0.84195680473825,1.60222101729929,1.24943640557834,11.0846954646954,6.6818209249918,5.40852243473167,75,1,29.956030738904,0,0,0,0,0,114,0,1,0,0,0,0,100,6.88524590163934,0,"censor",10.9095890410959
"497","mn1589",0,0,0.14045405184433,120,1.38568129330254,3.90049504439469,0.0854708117868598,1.38879348896452,16.5307397927133,1.47863607549679,1.30117892759845,1.81140209808242,1.16843226337151,13.5077015343284,4.91430582969935,4.88817753420853,72,1,31.2918492817141,0,0,0,0,0,25,0,0,0,1,0,0,90,8.31858407079646,0,"death",3.78082191780822
"498","mn1592",0,0,0.06685330836291,131,1.16636528028933,6.47085961545846,0.114875523017401,0.781762762738962,13.116594208743,0.829562136545477,0.713969366002251,1.37976203690874,0.774598686915546,7.30263992704821,4.2308193262122,2.66783796682938,79,1,27.8945814497699,0,0,0,0,0,140.714285714286,0,0,0,0,0,0,99,19.4029850746269,0,"death",7.21095890410959
"499","mn1593",0,0,-0.4322437397043,159.5,2.3781512605042,4.64635285593723,0.0825488867171408,0.784532130842609,13.241608528426,0.823887921073721,0.752607298836479,1.05841806555441,0.656638483832386,10.1363412474684,5.34311659188128,5.66399825177079,88,0,27.9605675610757,0,0,0,0,0,79.1428571428571,0,0,1,0,0,0,94,14.8606811145511,0,"death",11.227397260274
"500","mn1594",0,1,-0.44310057849072,116.5,1.87735849056604,5.10183646029445,0.0245398557436483,0.70878952202321,14.7806877313428,0.742284496715282,0.658729417366224,1.85834008161619,1.7370698655433,9.36275759664785,4.36174929614124,6.28279904747062,79,1,21.0716778500367,0,0,0,0,0,153.928571428571,0,1,0,0,0,0,83,16.4478764478764,1,"dementia",1.94794520547945
"501","mn1595",0,0,-0.0889697528737599,149.5,1.55846774193548,4.79806659695544,0.0412298311399558,0.903157041345766,16.1482672370429,0.944327094796018,0.871752826998964,2.41457298094538,1.00806534608145,6.7090322739752,5.97221418504817,5.36470149270998,68,1,25.6586377035645,0,0,0,0,0,211.214285714286,0,0,0,0,0,0,94,4.74934036939314,0,"censor",10.6219178082192
"502","mn1596",0,1,-0.31920473087101,167,1.73684210526316,3.9286256590965,0.052318359567515,1.12121177809583,14.1268259149454,1.1947646228134,1.03078012701702,1.82459591484075,0.589802655429403,14.5328878728423,5.12857326810064,1.82060540328556,84,1,25.5463029206296,0,0,0,0,0,133.5,0,0,0,0,0,0,94,4.55284552845528,1,"dementia",12.2164383561644
"503","mn1597",0,0,-0.57033566711515,122.5,1.07246376811594,6.26871239493493,0.0430205206727405,0.935973472438828,17.1389988397822,0.985544818154494,0.854288214244954,2.46442679622428,1.61305418372062,12.3685065644773,7.73397281588764,5.31853883379547,69,1,27.5500643415547,0,0,0,0,0,200.821428571429,0,0,0,0,0,0,97,23.7470725995316,0,"censor",9.76164383561644
"504","mn1598",0,0,-0.95193161214409,95,1.44983818770227,6.17858067506735,0.0330965206838076,1.06236464137096,20.4951627027419,1.10142554146319,0.999370244102552,3.10987655449957,1.34665127289323,11.8860721491823,5.43538470830132,5.18151165128386,80,0,33.3814381911471,0,0,0,0,0,121.357142857143,0,0,1,0,0,0,91,71.875,0,"death",8.95342465753425
"505","mn1599",0,0,-0.1646276096159,88.5,0.917098445595855,4.90742415901729,0.0396247774231469,0.951265239671639,17.3105196820099,0.986999209986259,0.915292058488546,1.92247950343377,0.584948092414868,7.96159514148076,5.67973703952432,4.99765246870268,73,1,28.3159652676299,0,0,0,0,0,221.214285714286,0,0,0,0,0,0,96,0.993788819875776,0,"censor",10.8191780821918
"506","mn1600",0,1,0.258344622750219,109.5,1.56705882352941,6.68178362495776,0.0829914145238251,1.04731236321069,11.511697743465,1.08852603795533,0.95955462948293,1.28740554837197,0.515463199229164,12.5801528901629,4.28474462089676,3.28477424048229,74,1,28.6697153553747,0,0,0,0,0,135.571428571429,0,1,1,0,0,0,93,4.87684729064039,0,"dementia",11.9808219178082
"507","mn1602",0,0,-0.0910747501434599,100.5,1.35606060606061,4.04799119422662,0.0717819105203142,1.34489515349468,10.3167872801,1.41686434050723,1.19992270201864,1.86806456675825,0.802815718957055,8.99965807617277,7.12543843933005,5.74107064194419,74,1,28.2373630901793,0,0,0,0,0,218.25,0,0,0,0,0,0,95,2.36220472440945,0,"censor",11.1397260273973
"508","mn1604",0,0,0.36530217830893,112,1.85359801488834,3.75201226999788,0.0764608137633577,0.828845324655886,12.6346721661319,0.886938551927857,0.792493040854066,1.62694530920706,0.521163654363869,14.5235151208663,5.3099416080679,4.50753016575121,77,1,27.0526242189635,0,0,0,0,0,67,0,1,0,0,0,0,95,3.83292383292383,0,"death",10.4684931506849
"509","mn1607",0,0,-0.94125678292192,137,1.65030674846626,8.76339936723748,0.0827236440146526,1.58404389826247,18.0491702336297,1.64408846435642,1.39727981045518,3.69643483267904,1.67902301272679,10.9900645441407,6.58795856510762,5.67453983474645,69,1,20.6236972619387,0,0,0,0,0,199,0,0,0,0,1,0,98,4.07932011331445,NA,"censor",11.0054794520548
"510","mn1608",0,0,-0.30754459300323,82,1.51382488479263,5.85867765216793,0.0479902719957296,0.608213424884509,14.0279629112912,0.628070363597025,0.59790706326586,1.61996646863805,0.486544171772546,7.23347910046496,5.23130304023584,4.23720230127555,81,1,24.5127744857504,0,0,0,0,1,33.5714285714286,0,0,0,0,0,0,93,0.167597765363128,0,"death",6.92328767123288
"511","mn1609",0,1,-0.545886960622509,121,1.80589680589681,6.31110880542223,0.0576056340457295,1.0573317483778,11.8145121288435,1.12462224792351,0.944424537312731,1.32276582155379,0.629296729638775,13.2279115844208,6.29700242698596,4.43511329921181,82,1,23.1623587954956,0,0,0,0,0,176,0,0,0,0,0,0,96,13.5189873417722,1,"dementia",0.961643835616438
"512","mn1610",0,0,-1.21191965362039,121,1.30425963488844,4.23975198795184,0.037858776163837,1.13557923909814,23.8582367782109,1.18923445633097,1.07652102047067,3.41645713966702,1.02062652878886,9.7816929536414,7.40609012895869,9.24365304571882,82,0,36.9315965608191,0,0,0,0,0,60,0,1,1,0,0,0,99,1.50837988826816,0,"death",3.84109589041096
"513","mn1611",0,0,0.38695465730876,114.5,1.78879310344828,4.00913207800735,0.0904937889704889,0.755528661665075,11.830669285755,0.820521303807285,0.72440686794804,1.52723400362499,0.640610776859935,11.4983929168251,5.76447170397858,4.10561631188961,75,1,23.566632231405,0,0,0,0,0,209.107142857143,0,0,0,0,0,0,91,19.193083573487,0,"censor",10.8986301369863
"514","mn1612",0,0,0.0656104299980996,78,0.796573875802998,4.54697027062938,0.039509315835974,0.743393403979225,14.122316404565,0.773112533266164,0.705243478592369,1.65670341192632,0.990595691361838,7.68898240425911,5.82033681381958,6.98310547677371,72,1,24.239414653828,0,0,0,0,0,110.714285714286,0,1,1,0,0,0,98,12.2560975609756,0,"censor",12.1534246575342
"515","mn1615",0,0,0.14811381344702,112.5,0.800847457627119,6.30895269636367,0.0634350776365678,0.565311836046285,11.9293706512329,0.585039216780415,0.530409848501131,0.770776824870454,0.394114463933067,6.86170878384921,3.00260093624555,2.79029871335513,82,1,24.8577876872102,0,0,0,0,0,78.9285714285714,0,0,0,0,0,0,97,0.235294117647059,0,"censor",3.41643835616438
"516","mn1617",0,0,-0.57051335544712,119.5,1.70654627539503,7.50199071044651,0.0649978006538507,1.64152802663546,17.0386266628672,1.71349003772852,1.40554552847305,2.65822399985057,1.25415705911556,20.2730125238886,6.56771886096898,5.36007917606921,70,0,34.158692068447,0,0,0,0,0,183.142857142857,0,0,0,0,0,0,91,12.3188405797101,0,"censor",11.386301369863
"517","mn1618",0,0,0.560604656980431,65,0.793187347931873,5.20640932079109,0.0931178443980807,0.632524546699852,15.3636109767574,0.670272523380952,0.606826397834595,1.43656570736282,0.923349948886391,11.7655473182001,4.84968611936047,3.0181114694035,70,1,30.4043563821722,0,0,0,0,0,188,0,0,0,0,0,0,99,34.7093023255814,0,"censor",11.2794520547945
"518","mn1619",0,0,-0.0817559721796897,56.5,0.517671517671518,3.76535721891809,0.0547228099355351,0.898463947282707,18.5536539457183,0.942706885481778,0.836412244952599,3.0119231102782,0.868703165148781,7.11256348395933,4.54115044727123,2.13511079992671,77,1,30.0378049025719,0,0,0,0,0,65.6071428571429,0,1,1,0,0,0,98,28.0203045685279,1,"censor",10.7616438356164
"519","mn1624",0,0,0.238380780288681,44.5,1.00452488687783,3.33866196307009,0.0422125457670605,1.01754473074694,16.1349379969685,1.08199949397874,0.967929431624896,1.92300350590731,0.615522997000181,10.2750783070705,4.14502668851107,3.44888445604579,75,0,23.215304487024,0,0,0,0,0,149.5,0,0,0,0,0,0,97,17.888198757764,1,"death",8.71232876712329
"520","mn1625",0,1,-0.17281379172652,170.5,2.23694779116466,3.74426608085828,0.0413401822255849,1.21986991142761,9.40082353498775,1.2949405337881,1.12149283965034,1.11155282584488,0.600155049449764,12.4864713517935,6.20911213263821,4.85782752116851,79,1,27.1534313111497,0,0,0,0,0,53.9285714285714,0,1,0,0,0,0,99,1.78378378378378,0,"dementia",1
"521","mn1626",0,0,-0.00695075441725947,260,3.25629290617849,4.57585433132752,0.0318076409552878,1.1524693962954,11.2051082632496,1.23656805767072,1.03170694876386,1.41170347469042,0.793701340717434,13.998217346887,4.57991475822099,4.19649265028073,73,1,26.4560314002005,0,0,0,0,0,114.821428571429,0,0,0,0,0,0,92,26.7716535433071,1,"censor",9.83287671232877
"522","mn1627",0,1,0.32576368715829,118,1.88108108108108,4.70916053112765,0.0986035308469989,0.668296885989195,10.8490992813178,0.709260771943605,0.620478897853316,1.45515679431299,0.935918641851323,13.1902593195549,5.97486208557757,5.3007568940781,76,1,22.5963969872366,0,0,0,0,0,198.964285714286,0,0,0,1,0,0,92,7.80821917808219,0,"dementia",0.901369863013699
"523","mn1628",0,0,-0.57719781216647,125,1.81556195965418,5.91800481818324,0.0374734707770867,0.94142139597242,12.0493312237949,0.978297253360476,0.890089743736981,1.46797126417385,0.7073627488611,18.6366386747234,7.56726184798649,6.81945942140982,82,0,28.164766835176,0,0,0,0,1,98.8571428571429,0,1,0,1,0,0,85,8.30508474576271,0,"censor",11.9890410958904
"524","mn1630",0,0,-0.0590176662604705,110,1.47294117647059,6.40618882523575,0.0425780946893546,1.17174841692451,18.3159410210323,1.2385638786097,1.07602913989082,2.94565297249059,1.01001948592369,17.7795875561235,3.96032657873915,2.9263196722851,71,1,24.1601270874642,0,0,0,0,0,137.571428571429,0,0,0,0,0,0,95,6.93975903614458,0,"censor",10.7917808219178
"525","mn1631",0,0,0.0738369308546595,89.5,1.2997542997543,3.94447687493908,0.0320702538622694,0.916299560922492,13.3207427846971,0.950465019587241,0.874000020726304,2.1461718053443,0.611656697302558,8.7770923071378,6.1492925660683,5.45223693529621,72,0,43.7271305588874,0,0,0,0,0,263.535714285714,1,1,0,0,0,0,95,50.7945205479452,1,"censor",10.4246575342466
"526","mn1632",0,0,-0.31775703369136,117,1.54761904761905,5.78600103277672,0.0590940699099442,1.09155211127591,13.3400677740489,1.19449568324316,1.0622136945774,1.96169236068434,0.500391682786376,11.8857641672199,5.77927220883791,4.366640497857,79,1,23.8731129778427,0,0,0,0,0,144.571428571429,0,1,1,0,0,0,91,1.03960396039604,0,"death",9.63013698630137
"527","mn1633",0,0,-0.86842911747031,91.5,0.921367521367521,6.32109854341202,0.0473878628718992,0.875610250691639,16.5508133935522,0.922423274871571,0.816646602259268,1.65519834631234,1.32771297721548,8.82422828106074,4.4607036300059,3.89973038143343,87,1,24.8695879394242,0,0,0,0,0,27.1428571428571,0,0,0,0,1,0,92,23.1,0,"death",9.67123287671233
"528","mn1634",0,0,-0.10229245427623,109,1.22167487684729,3.66643813905019,0.0560477121906764,1.32281205703452,18.8233434976372,1.53393959937463,1.27965649822108,2.94202497055769,1.0108680055973,13.5336946507424,3.63064126785943,2.89169406487278,77,1,22.9349583585132,0,0,0,0,1,202.214285714286,0,0,0,0,0,0,91,0.61381074168798,0,"censor",11.8246575342466
"529","mn1636",0,0,-0.74879520996428,384,4.30528846153846,8.21306469175591,0.0449239145067643,1.19614396432697,13.4300571129645,1.45427123725084,1.1736833155412,1.9402278013604,0.743672268813575,20.3852999196192,6.62765193568297,7.17120155719135,72,1,25.973226114197,0,0,0,0,0,70,0,1,0,0,0,0,89,6.36604774535809,0,"censor",11.186301369863
"530","mn1637",0,0,-0.0284728703510297,106,0.84297520661157,4.9636837277149,0.0671521061073571,0.955940606292982,15.9467644257713,1.00172170903895,0.887860466183628,1.92243041146094,0.938262862503774,8.61748016813132,3.80090550919286,2.46062917168124,78,0,31.3369109640017,0,0,0,0,1,143.071428571429,0,1,1,1,1,0,95,10.2970297029703,1,"death",7.94794520547945
"531","mn1638",0,0,-0.74454160598786,69,0.615384615384615,4.54116248980923,0.0449092323612323,0.980073966487304,24.9569198261393,1.03550238660731,0.94039600047944,4.52473734682067,1.03682643153637,9.11834403327627,7.98519915473577,6.07937829978611,71,0,33.5541599294056,0,0,0,0,0,101,0,0,0,0,0,0,97,15.3191489361702,0,"death",8.22465753424657
"532","mn1639",0,0,-0.44981866615707,97.5,1.27323943661972,6.81175017792161,0.0340898769566926,0.774344139340762,11.8645976426807,0.808850240786468,0.743781837688585,2.52903653114008,0.622354265789293,11.6236606505904,6.77527958401057,4.94539806623234,78,1,29.5158827614,0,0,0,0,0,88.1428571428571,0,0,1,0,0,0,94,9.36986301369863,0,"death",6.25479452054795
"533","mn1641",0,0,-0.31143774579231,57,0.75531914893617,3.51988014265175,0.0693820404842026,1.3023424468062,16.3706569740305,1.42956994985489,1.15916980677565,2.16910690939039,0.661088853108128,6.41411070292792,8.09066543745837,9.36679326955055,72,0,31.0418418159477,0,0,0,0,0,93.5,0,1,0,0,0,0,94,44.4642857142857,0,"censor",11.2027397260274
"534","mn1643",0,1,-0.895146475562311,134.5,1.57883369330454,4.52720645237561,0.0340058812977676,0.755774958049805,20.1527002035468,0.778070503619317,0.72324526955506,3.03887657134527,1.89198567227167,13.2796430705247,7.10551087511292,6.80673804158259,79,1,24.4803803874491,0,0,0,0,0,233.285714285714,0,0,0,1,1,0,98,2.28070175438596,1,"dementia",2.93698630136986
"535","mn1644",0,0,-0.708896838466291,143.5,2.49855072463768,5.91507903918607,0.0513222134270777,0.770595905494976,20.1887674978818,0.817562899742552,0.728046224949284,3.38372113029344,1.13622705180506,14.237048742905,4.78341008684947,5.40089261857296,82,0,27.5633622307014,0,0,0,0,1,121.357142857143,0,0,1,0,1,0,87,20.9491525423729,NA,"death",9.5972602739726
"536","mn1645",0,0,-0.00702097752885038,77.5,0.958677685950413,4.36789549012744,0.0635806609287233,0.76908477716147,23.0371246797625,0.796817774762697,0.733400341946786,3.48225983488152,1.20874137592122,9.05250823345303,3.72221014514113,4.09711939710323,73,1,25.5462247324614,0,0,0,0,0,78.9285714285714,1,1,0,0,0,0,98,7.89915966386555,NA,"death",9.91780821917808
"537","mn1646",0,0,-0.462656418990279,289,3.04835164835165,4.94574577897077,0.0432021172423072,1.03197439280091,12.8757905392193,1.09351433068894,0.950366697990108,1.79845944112389,1.07567024297926,16.4825243080607,7.50093299477821,5.63988937094559,74,1,30.2751400798622,0,0,0,0,0,178.5,0,1,0,0,0,0,97,9.31578947368421,1,"censor",11.3315068493151
"538","mn1647",0,0,-0.91420485405741,153.5,1.65555555555556,5.04802075843246,0.0463606245923597,0.983777696692007,14.5754905238288,1.11627769494479,0.928828463467846,2.05133834782141,1.57846012619093,11.4720791616779,7.07433280196089,5.70203907749947,82,1,28.3939438872571,0,0,0,0,0,101,0,0,1,0,0,0,96,2.98136645962733,0,"death",11.2657534246575
"539","mn1648",0,0,-0.647027273768791,39.5,0.904109589041096,4.04239427325942,0.065270755878482,1.01632392540485,20.1063905160815,1.09911074140561,0.893710913902644,2.87003382098199,2.30804644069112,7.98951785274282,6.07494359493627,9.86562173667273,76,1,28.44923843683,0,0,0,0,0,115,0,0,1,0,0,0,87,12.9032258064516,NA,"death",9.31506849315068
"540","mn1649",0,1,0.59890315241568,87,0.675832127351664,4.28327940713409,0.061854691938442,0.908194940956304,14.4459388674912,0.944153900387881,0.868545369115238,1.80639892158089,0.441642474731574,6.70376683536628,3.68693543593284,2.70666407121582,70,0,27.6590238600486,0,0,0,0,0,27.1428571428571,1,1,0,0,0,0,93,28.5473684210526,0,"dementia",2.04931506849315
"541","mn1650",0,0,-0.14744507333085,129,2.66517857142857,4.70490027110032,0.0641035332164995,1.30173375804656,16.3962995673128,1.34967940392816,1.20844547184185,2.30785016087639,0.847993734145647,13.4462695581561,6.49543797784245,5.05815020881335,69,1,30.165902879214,0,0,0,0,0,66,0,1,0,0,0,0,92,8.10810810810811,0,"censor",11.5205479452055
"542","mn1652",0,0,-0.43778137235272,69,0.577603143418468,8.84669892537013,0.0404582740197612,0.950262435021368,20.673952342212,0.977495150071119,0.881002808698443,2.52014603613645,1.6726249830554,7.49352341539405,2.97112142003695,4.46474422469574,69,0,33.7127566947695,0,0,0,0,0,76,1,1,0,0,0,0,96,37.0769230769231,0,"censor",10.5698630136986
"543","mn1653",0,0,0.388795866773479,90.5,2.065625,5.32526288333936,0.0988420455265518,0.821370771651933,14.5566431984469,0.91367323774538,0.805827650562452,1.70425708709725,0.93121421678696,23.5031556560276,4.87416442224627,4.58673173569822,77,1,26.6792141177882,0,0,0,0,0,148.678571428571,0,1,0,0,0,0,97,0.497237569060773,0,"death",8.09041095890411
"544","mn1658",0,0,0.38998029467959,70.5,0.812877263581489,5.63426265275399,0.0900657910622061,0.48492512821749,9.52120426868727,0.531527694202797,0.452212077280243,1.57074964308476,1.14187315489014,9.76926910226236,5.10878442040088,3.15689846594738,76,1,26.8612069228656,0,0,0,0,0,124.571428571429,0,0,0,0,0,0,95,3.89380530973451,NA,"censor",10.9287671232877
"545","mn1660",0,0,0.380377591876341,46,0.429942418426104,3.71903006777641,0.0720587731270051,0.754711037818882,15.3972928163383,0.783749253888997,0.717303372809578,1.42393942122441,0.531310421377704,3.26654377581295,3.37442778272216,2.16493163295205,77,0,31.4727036994934,0,0,0,0,0,173.714285714286,0,1,1,1,0,0,92,19.2452830188679,NA,"death",11.6876712328767
"546","mn1662",0,0,-0.0630374889859297,71,1.17737003058104,4.87740960634533,0.086382910527861,0.706954348219843,11.5882672058036,0.739990443281737,0.655999777602885,2.04360678347357,0.639976856850194,11.2854799601313,6.50242692312833,5.2723313063152,82,0,25.7517208066659,0,0,0,0,0,204.571428571429,0,0,0,0,0,0,91,2.24299065420561,0,"censor",11.7698630136986
"547","mn1664",0,0,0.61737824527591,197.5,2.32685512367491,2.90656219142155,0.0419139144028984,NA,11.4325868360877,NA,NA,1.2401243244541,NA,9.71521115115334,4.13100030892844,NA,69,1,25.7357722032054,0,0,0,0,0,170.285714285714,0,1,0,0,0,0,97,23.1472081218274,0,"censor",10.8712328767123
"548","mn1665",0,0,0.76865801198538,184,2.20366132723112,3.52277880194024,0.0534487976225642,0.542556239580912,12.0408367276335,0.557487292698096,0.528248060591629,0.917947578797737,0.175116164034252,12.1074199322615,4.24444491459345,2.87359239119582,72,0,36.6775423086711,0,0,0,0,0,224.5,1,1,0,0,0,0,92,0,0,"censor",10.9972602739726
"549","mn1668",0,0,-0.24905454576358,98,1.31122448979592,4.73005110949361,0.0291002560599562,0.586308095596519,14.7465009726457,0.59684050607557,0.563840706199142,1.51544266203881,1.66923483365972,9.61407770959313,5.99118787676741,4.78216259057271,74,1,29.0181499597084,0,0,0,0,0,165.142857142857,0,1,0,0,0,1,93,12.1212121212121,NA,"death",7.14794520547945
"550","mn1670",0,1,-0.110238164333001,115,1.43511450381679,4.86949735981735,0.0830477063955273,0.749036474994004,18.4187254963485,0.780831901750507,0.710266868097609,1.70540528342592,1.21005693296267,8.84736971245779,4.73577235365792,2.97298948511432,76,1,27.0465072979728,0,0,0,0,0,68.5,0,0,0,0,1,0,95,32.0547945205479,0,"dementia",4.56438356164384
"551","mn1672",0,0,0.34010142410486,147.5,1.62878787878788,4.61535488109113,0.053328318806362,0.899388737568443,12.3161700280795,0.957953818003963,0.840334814463818,1.26233838549061,0.686430885034715,10.8907235060307,4.21380670047309,3.13757238599165,73,0,28.4126993176559,0,0,0,0,0,188.642857142857,0,1,0,0,0,0,90,8.00847457627119,0,"censor",10.3945205479452
"552","mn1675",0,0,-0.46191310050334,106,0.622317596566524,5.69064275232254,0.0370173661493408,0.532984113889757,16.4928659120874,0.547262383799329,0.507984534909665,2.13158660115834,0.383534572232226,8.3776518760364,5.066145594044,5.4514812265066,85,0,24.4494339400374,0,0,0,0,1,130.642857142857,1,0,0,0,0,0,88,17.8448275862069,1,"death",8.07397260273973
"553","mn1676",0,0,-0.0710829835004901,64.5,1.02464788732394,3.77252373376142,0.0550985640832568,0.787048778349509,17.6120836307686,0.825712127815512,0.755970733034122,2.20584666991972,0.793222114108471,8.0206308363302,3.9165658564847,3.76050204590946,81,1,26.449842171495,0,0,0,0,0,184.571428571429,0,0,0,0,0,0,96,8.08510638297872,0,"death",3.98082191780822
"554","mn1677",0,0,-0.0989891549650693,68,2.21008403361345,4.90982440363977,0.0821728085286883,0.969982848996258,10.0680782049945,1.01450078318635,0.866480998632017,1.70437174143743,0.953644103891864,14.0614085362556,6.32119998297458,5.1075827812743,80,1,25.6882808525072,0,0,0,0,0,162.714285714286,0,1,0,0,0,0,95,5.0965250965251,0,"death",6.79178082191781
"555","mn1678",0,0,0.434019142086881,118,1.48148148148148,4.13219190109723,0.0532953724656014,0.767729773103147,11.3541430181019,0.785420409990595,0.724887688343053,0.878038207537085,0.374790583388109,8.34716962258243,3.05868422278857,3.46136439374266,79,1,26.3152045629851,0,0,0,0,0,131.285714285714,0,0,0,0,0,0,89,0.791208791208791,NA,"death",2.75890410958904
"556","mn1680",0,0,-0.551343400850681,146,1.42330097087379,5.96716418405228,0.0807141308020601,1.04880886420687,19.2890864602492,1.08164800079241,0.997916237044922,3.11691768660454,0.681127400937178,15.0248834381581,8.64342212670266,7.15704901923224,73,0,27.458654210327,0,0,0,0,0,195,0,1,0,0,0,0,96,13.8082191780822,0,"censor",9.8
"557","mn1683",0,0,0.774137283816199,113,1.64963503649635,5.02873850053838,0.0303608785884076,0.898304832660146,10.2625816918882,0.93517229484461,0.834751746610817,0.944431817128039,0.515421043493998,15.9981500105128,3.11597699931792,4.16906081117868,70,0,28.3439683484317,0,0,0,0,0,154.285714285714,0,1,1,0,0,0,95,4.45544554455446,0,"censor",11.1534246575342
"558","mn1684",0,0,0.45878636382823,71,0.951406649616368,6.09199100347656,0.0827086463946477,0.581828689769543,12.0873757819447,0.60210381939583,0.547003648689244,0.896982550517374,0.441720805868608,9.218208061824,4.54434938779254,3.20160686498275,74,1,25.8906021946946,0,0,0,0,0,120,1,0,0,0,0,0,95,9.92700729927007,NA,"death",5.13424657534247
"559","mn1686",0,0,0.22187793415566,136.5,1.68173598553345,5.18964166706246,0.0749899920268285,0.715630905371498,9.77692788270171,0.754131108799703,0.654075742063802,2.15987135293785,0.843984259592363,18.0562601104349,7.35921802733121,4.71093070058441,74,1,23.4780608132302,0,0,0,0,0,52.1428571428571,0,1,0,0,0,0,94,0.27972027972028,1,"censor",3.27123287671233
"560","mn1690",0,0,0.47632082068216,158,1.85037406483791,5.08985252775809,0.13672126802259,0.776161137554337,11.4066125425451,0.89087271806779,0.721101143386391,1.638691021056,0.760667168613189,14.2761757114943,7.18608277929919,5.96698894404653,71,0,31.9398101061135,0,0,0,0,0,93.3928571428571,0,0,0,0,0,0,92,6.18556701030928,0,"censor",11.5643835616438
"561","mn1691",0,1,0.729145954723241,30,0.476718403547672,3.57486912087622,0.040395215534044,0.68549767999214,10.9052923417741,0.709870955801821,0.639373261885844,1.17634091291022,0.535892025676669,3.9718048388977,2.41802415627439,2.03896778471991,75,1,34.4762316802769,0,0,0,0,0,184.75,1,0,0,0,0,0,91,34.4067796610169,1,"dementia",4.83013698630137
"562","mn1694",0,0,-0.0164516115272093,101,0.843042071197411,3.26141729322165,0.0417126988319858,1.24342470152161,14.5920432926057,1.29017627633473,1.17422152305962,1.57906442586313,0.730823060689564,8.11052899455639,4.02999885525465,4.45422559265702,79,0,23.7885323902827,0,0,0,0,0,62.1428571428571,1,1,0,0,1,0,87,9.06474820143885,0,"death",2.98904109589041
"563","mn1695",0,0,0.0317330004576405,95.5,0.99622641509434,5.37254066558847,0.0707933641256861,0.92412020418117,14.2499719401642,0.962633785414775,0.861913226285982,1.35761903153927,0.743355066481427,9.17284228935727,5.9115245434519,5.7173704379224,73,0,24.5906938654878,0,0,0,0,0,177.5,0,1,1,0,0,0,93,3.64963503649635,0,"death",4.31232876712329
"564","mn1698",0,0,-0.13710019305956,97.5,0.940366972477064,4.88518001958226,0.0540620426128621,1.11240553550534,18.0372443406302,1.18326473163172,1.0209278819751,2.33189356438382,1.2328028624923,6.24687311056772,4.85750347674451,6.57265758098601,70,1,35.169744859565,0,0,0,0,0,58.9285714285714,0,1,0,0,0,0,97,15,0,"censor",11.4219178082192
"565","mn1699",0,0,0.27422145581928,110.5,1.30679156908665,3.54420511749778,0.0441525403395853,0.766984093074351,16.3426940491974,0.800102253145601,0.736744369882698,2.05810980862012,0.955974316391401,10.4628456832149,4.77618353037506,6.89184771560491,72,1,28.56837276312,0,0,0,0,0,63.5714285714286,0,1,0,0,0,0,85,5.35384615384615,0,"censor",11.241095890411
"566","mn1700",0,0,-0.0329378883538993,209.5,2.73127753303965,4.11363579215587,0.0875862637241645,1.10019458652709,19.191850479526,1.17777924928754,1.07337407601815,2.76944357873707,1.03455644708003,14.2490096475108,4.2371789379944,2.99743179715977,75,1,29.2371990405976,0,0,0,0,0,234.178571428571,0,1,0,0,0,0,95,17.7906976744186,0,"censor",10.7698630136986
"567","mn1703",0,0,0.138660607025091,42.5,0.363984674329502,5.95396520597888,0.0594056794069821,1.14794702687208,17.9887337069392,1.19188882732148,1.07966198607628,2.88270020268661,0.838000923917409,12.3960540454463,4.05746663537691,4.55341015761878,71,1,28.552912897833,0,0,0,0,0,175.214285714286,1,1,0,0,0,0,92,41.8134715025907,0,"censor",4.58630136986301
"568","mn1704",0,0,-1.63152370935226,198.5,2.69054441260745,5.06505266729138,0.0285179262253986,2.40350175449962,16.5522340599109,2.47630594138261,2.15274928103998,4.17574323621244,1.13790904659706,14.7859086439588,11.4333594701875,9.88318004440286,70,1,29.3231330720433,0,0,0,0,0,187.428571428571,1,0,0,0,0,0,100,13.3724340175953,0,"censor",10.0849315068493
"569","mn1705",0,0,-0.0200383649946104,74,1.87064676616915,4.52586975484461,0.0421850983229196,0.773555125678743,15.1582417039528,0.791590846267793,0.733649037657361,1.86132201937301,0.57992262866071,13.9499638058806,3.57949589769007,3.76758484252035,83,1,29.2960076472583,0,0,0,0,0,111,0,0,0,0,0,0,93,1.32743362831858,0,"death",9.17808219178082
"570","mn1708",0,0,0.0761999415680904,48,0.910919540229885,6.729535907074,0.0503966790953232,0.836852403668916,13.0063729137487,0.87319165772812,0.805012852239344,1.33711004389661,0.635352371999597,6.40555874808765,4.91277318747835,4.78383680984648,71,1,24.3484266599759,0,0,0,0,0,124.214285714286,0,1,1,0,0,0,99,1.75324675324675,1,"censor",11.7561643835616
"571","mn1712",0,0,-0.0490777580273999,63,0.889830508474576,4.58166536521593,0.0755660696206134,0.863805294373084,17.0461653589002,0.898968758773038,0.804804355773538,2.61799104839176,0.889458007773965,10.286664070064,4.08568383782973,4.63629625652884,81,1,26.5915479096181,0,0,0,0,1,30,0,1,0,0,0,0,91,2.57142857142857,0,"death",4.77808219178082
"572","mn1714",0,0,-0.62879286392667,200,1.18767507002801,6.53461683754801,0.0780249319528104,1.23051545243611,17.1290352367812,1.34995108860316,1.16415517583062,2.69042230907672,1.09341115582652,11.5998741514821,6.86269308353992,4.47723226178566,74,1,26.7825201968898,0,0,0,0,0,72.3571428571429,0,1,0,0,0,0,96,10.2680412371134,1,"censor",11.3150684931507
"573","mn1717",0,0,0.31276590814623,40,0.93485342019544,3.17988329746518,0.0227066784574645,0.565410691715105,12.3714698632217,0.574421971410219,0.549748818274514,0.989013590320603,-0.326288415115212,7.00160613051866,4.41583468077966,5.03865339299882,82,1,27.6694036037205,0,0,0,0,0,169.214285714286,0,0,0,0,0,0,92,0,0,"death",3.72054794520548
"574","mn1720",0,0,0.26502562690264,95.5,1.56266666666667,7.21502275980021,0.0660752890205162,NA,12.6776963572855,NA,NA,1.31251213139777,NA,8.90352875362257,4.07575738159462,NA,69,1,35.4011953027272,0,0,0,0,0,119.214285714286,0,0,0,0,0,0,97,9.19540229885057,0,"censor",11.9424657534247
"575","mn1721",0,0,-1.43127214575425,169.5,2.37393162393162,12.3540626527332,0.037450868245817,0.630963797079054,21.1036304686373,0.651230802613087,0.59367842357993,9.6708052185304,1.03361434364355,23.0058062990264,18.4444703811256,4.54506971633416,80,1,23.2191895044997,0,0,0,0,0,274.571428571429,0,0,0,0,0,0,96,4.41717791411043,0,"censor",11.0219178082192
"576","mn1722",0,1,0.22596068664124,120,1.04159445407279,3.86306821819542,0.0531924676600661,0.880934967389343,12.1822626248874,0.928283946310195,0.805832226303468,1.49979487624491,0.68108090332583,7.13658948873149,5.01958648182087,6.79341030508776,75,1,29.9144693844102,0,0,0,0,0,131.75,0,1,1,0,0,0,98,12.1775898520085,NA,"dementia",3.22739726027397
"577","mn1723",0,0,0.57577635675657,112,1.73031026252983,3.76991302997817,0.0933652997831022,0.756432038916929,11.2788481609949,0.793017066405974,0.705598818311687,1.16001657061015,0.649366526860564,9.74149930991379,5.02791923909524,4.20491028777165,74,1,28.6035461693294,0,0,0,0,0,133.785714285714,0,0,0,0,0,0,92,4.35483870967742,0,"censor",10.4191780821918
"578","mn1724",0,0,-0.176302051700181,59.5,0.456834532374101,3.22219223479788,0.0978788960967197,1.34974979661895,16.6805590145379,1.51641640238577,1.24020540394089,3.03698361268666,1.13113544108771,4.90705864624612,4.14158926488701,4.00837989045097,81,1,29.5596099516565,0,0,0,0,0,148.142857142857,1,1,0,0,0,0,96,14.8905109489051,1,"censor",11.7479452054795
"579","mn1725",0,0,-0.597592770996999,156,2.45502645502645,5.91993035032891,0.0510183400412734,1.32995908710008,18.2160838388597,1.41455529768251,1.21074203800458,3.18156993328889,1.05173823456917,13.3072285880924,5.6734172218964,3.60605121820748,73,1,25.8953310718077,0,0,0,0,0,192.142857142857,0,0,0,0,0,0,94,16.0201511335013,0,"censor",11.0794520547945
"580","mn1727",0,0,0.0503464129846293,60.5,0.714285714285714,5.89664859791899,0.0564897149104388,0.97364501323298,8.3803060429094,1.1119918166948,0.926516405042983,1.23589763160668,0.650269060628167,7.69430757135203,6.31905781713873,2.73274528356655,73,1,28.8963229835307,1,0,0,1,0,150.464285714286,0,0,0,0,0,0,95,7.10526315789474,0,"censor",11.1287671232877
"581","mn1729",0,0,-0.46876703119531,127.5,1.0875,3.94271074278216,0.0658852690511647,0.927603558479765,18.9553299752795,0.994240291109772,0.896270848693668,1.99917188342146,1.28447476745735,10.4473976116984,3.94193520267084,4.52649042580907,86,1,28.3171928603227,0,0,0,0,0,33.5714285714286,0,1,0,0,0,0,88,29.375,0,"death",9.73698630136986
"582","mn1731",0,0,0.61204743189744,62.5,0.71850699844479,3.48010838060773,0.0726358126989709,0.875502826122515,15.9941520657722,0.914030217687367,0.810350585649371,1.88990612208111,0.560078992411218,5.81798796886403,2.90206528551005,2.39846441495462,73,1,30.7062077658345,0,0,0,0,0,96.2857142857143,0,1,0,0,1,0,95,23.5460992907801,0,"censor",11.8219178082192
"583","mn1733",0,0,-0.16671405880311,197.5,1.91028446389497,6.72862029354957,0.0590464895329108,1.24373794624081,10.2410488146866,1.29511626051345,1.15018377275115,0.884664621754881,0.645006011016871,12.4450886595923,5.70911684203764,6.08744270517621,74,1,29.100479942237,0,0,0,0,0,77.0714285714286,0,0,0,0,0,0,99,8.63523573200993,1,"censor",10.7397260273973
"584","mn1734",0,0,0.10790190180895,94.5,1.12846347607053,3.56428855618867,0.0492572501923269,1.04532220638687,17.4900527723428,1.13560149206499,0.991052644469063,1.84181828576036,0.708657101335193,11.4159233326118,3.69778335378229,3.05405127322975,77,0,30.0842358604091,0,0,0,0,0,130.892857142857,0,1,1,0,0,0,93,1.34078212290503,0,"death",7.61917808219178
"585","mn1739",0,0,0.00343684310659,42.5,0.765395894428152,7.19107670849174,0.0533863715946521,0.794574578590393,13.1351221891961,0.844053755159263,0.732374693288978,1.33491870698843,0.825657942890017,6.47226231557624,5.76965754060946,2.83693814614131,68,1,29.9888759537547,0,0,0,0,0,221.428571428571,0,1,0,0,0,0,96,15.7894736842105,NA,"censor",10.8246575342466
"586","mn1740",0,0,0.59191900393087,36.5,1.16494845360825,3.76908109560126,0.087297887513281,0.682089871282253,9.74482652034376,0.727110988847808,0.655527187718059,0.83580200035878,0.753361666510831,11.7975979232915,6.02681205914091,7.18095649622526,75,1,24.1649445265777,0,0,0,0,0,67.4285714285714,0,1,0,0,0,0,92,0,0,"censor",11.4630136986301
"587","mn1741",0,1,-0.389669413879039,162.5,1.29598662207358,4.18107136531309,0.0653213677480984,1.37351244831342,12.0120574164462,1.44778131030561,1.26217804415426,1.75341186453722,0.785102621994414,8.65160967811795,4.25632493496558,4.58258029693964,86,0,32.0936390670432,0,0,0,0,0,122.428571428571,1,0,0,0,0,0,93,4.24778761061947,0,"dementia",3.27945205479452
"588","mn1743",0,0,-0.107182067308641,197,1.8096947935368,4.42275328765406,0.0552297997787912,0.992840465173247,11.61934330428,1.03308060730038,0.931054673852143,1.16593855984748,0.762189216114654,12.189425228399,6.22654834047091,4.99145681998563,77,1,27.8440027830387,0,0,0,0,0,117.678571428571,0,0,1,0,0,0,93,2.48847926267281,0,"censor",11.7150684931507
"589","mn1745",0,1,-0.140796664588019,127.5,2.12035010940919,7.14739751240292,0.102500138433555,0.967088376337775,15.5305101932519,1.06107298150861,0.905723142860733,1.76499707168511,1.11155578731134,11.5583733835587,5.26587588961798,2.9310109368325,72,1,26.5774608011361,0,0,0,0,0,225.714285714286,0,0,0,0,0,0,96,12.8939828080229,0,"dementia",1.23835616438356
"590","mn1748",0,0,-0.87177538284421,84.5,1.39942528735632,4.57373706824853,0.0469677516103072,0.57083020333736,16.8873633277652,0.585895527852607,0.54400790880029,1.82319292859065,0.574280051497035,6.412935798182,8.25094049776434,6.5311129068999,84,0,24.9617066513753,1,0,0,1,0,88.1428571428571,0,0,0,0,0,0,80,30.5576208178439,0,"death",5.06849315068493
"591","mn1749",0,0,-0.912234637099429,120,0.766666666666667,5.79837080979721,0.0523304618570463,0.923018300550912,14.4470249354703,0.964143340268366,0.884320907665533,2.14997029776721,0.888093195877872,8.58016760253957,7.99974195945817,7.09471877188666,83,0,30.2984514969025,0,0,0,0,0,52.1428571428571,0,0,0,0,0,0,97,4.98659517426273,0,"censor",12
"592","mn1753",0,0,0.28992955226168,156,1.58752515090543,4.91006297835454,0.0851493409051172,0.871039690386587,15.089922372685,0.917062334434295,0.799070395913881,1.94365658506686,1.0342359458678,9.00997738095818,4.33220057705777,3.06978270832875,71,1,23.9837540702356,0,0,0,0,0,260.214285714286,0,1,0,1,0,0,97,2.56,0,"censor",10.4849315068493
"593","mn1754",0,0,-0.479472990484931,126.5,0.705769230769231,6.04172365757657,0.0462969723185444,0.96929527869567,16.0195063458286,0.995880677875044,0.922216044004088,4.13957287029389,0.567114352135656,7.9538079383305,8.35537406747494,4.16916868703268,70,1,31.4029234231716,0,0,0,0,0,30,0,0,0,0,0,0,99,11.4728682170543,0,"censor",10.4876712328767
"594","mn1755",0,0,-0.40443532294593,117.5,1.53012048192771,4.5970274382938,0.0488045982730754,1.02862468681764,11.5296262098698,1.12121104947861,0.91951590330296,1.31968172948537,1.24720806648916,8.1830324514202,6.00925826772894,6.92183139685375,79,1,25.9210997433078,0,0,0,0,0,68.8928571428571,0,1,1,0,0,0,88,1.92982456140351,0,"death",9.15890410958904
"595","mn1756",0,1,-0.546047901531161,54.5,0.448362720403023,6.17626696585912,0.0643314594667938,0.727869703755096,20.7702982152648,0.754857286741904,0.699559813634065,4.24834653525698,0.693887714932082,9.83385218882698,6.09125001115331,4.06636531196732,79,1,33.1425299617631,0,0,0,0,0,121.357142857143,0,1,0,0,0,0,95,58.4858044164038,0,"dementia",3.1972602739726
"596","mn1757",0,0,0.24346166160099,89.5,0.866817155756208,9.51772754899903,0.132511223266221,0.456246535655862,10.5156148166053,0.474303700864064,0.43685873489655,1.36431181513359,0.763681712855396,6.4849910004314,4.99154436768243,3.57323857551507,73,1,32.0603787642923,0,0,0,0,0,131.357142857143,0,1,0,0,0,0,100,37.8523489932886,1,"censor",10.8876712328767
"597","mn1763",0,1,0.183337900325139,37.5,0.389400921658986,5.20618839381726,0.0401080232458182,1.17452036277149,10.5997657483185,1.26807221164327,1.10251194082261,1.95157845044453,0.348007251160936,9.43376844011537,6.23896484039231,1.98134244846988,70,1,29.9218802326044,0,0,0,0,0,366.428571428571,0,1,0,0,0,0,95,7.08333333333333,0,"dementia",1.47123287671233
"598","mn1764",0,1,-0.318884247361289,139.5,1.52941176470588,3.68433637196397,0.0445151942627488,1.11489934347682,13.1349681046845,1.17289769767022,1.07109343355271,1.04187554127384,0.187004590174868,9.13172084817154,5.96023524052471,6.62706130558298,83,0,31.4266569341049,0,0,0,0,0,25,0,1,0,1,1,0,84,1.46341463414634,0,"dementia",11.6082191780822
"599","mn1765",0,1,-0.608788587295589,180.5,3.1027397260274,6.39504921209526,0.0565811325777853,1.16612923622412,10.4000030297821,1.21945624715811,1.07581804028072,1.26657838784596,0.450990933002749,13.1282202631213,5.58195049168668,5.02880879962497,84,1,25.0575865498219,0,0,0,0,0,132.392857142857,0,0,0,0,0,0,100,6.08955223880597,1,"dementia",1.18904109589041
"600","mn1767",0,0,-0.91895463556084,59,1.02898550724638,9.39017361722766,0.0153858571424957,0.525509393534053,13.0872366957709,0.533530813348474,0.499822366248082,1.25368293348704,0.809500013906122,7.67376935497251,5.02175153397313,6.66729325624642,84,1,23.6369400073857,0,0,0,0,0,228.214285714286,0,1,0,0,1,0,91,1.4,0,"censor",1.20547945205479
"601","mn1770",0,0,-0.0734912116292094,120,1.76566757493188,3.97221319218239,0.0680056252650237,1.0894669627605,20.4162796939759,1.2377310731908,1.08231005405723,3.52686292098294,0.997206406062602,11.046854521718,5.472450189673,5.44494318820909,70,1,24.3854573046916,0,0,0,0,0,132.107142857143,0,1,0,0,0,0,94,20.5825242718447,0,"censor",10.9479452054795
"602","mn1772",0,0,-0.674275218390549,147,1.54774774774775,5.47478916559778,0.0450770126208763,NA,17.6726859417176,NA,NA,3.02820481767675,NA,18.4377222938054,6.97004579195521,NA,79,1,29.2896061385062,0,0,0,0,0,156,0,0,1,0,0,0,96,46.9430051813472,0,"death",6.18356164383562
"603","mn1775",0,1,-0.430503671565199,167,3.31907894736842,5.3838433992954,0.0312385898832605,0.950452454207968,12.2015149272004,0.99014997454754,0.864342372524308,2.30386511770459,1.07260209298115,16.2594599463491,6.68459066534635,3.2129185400423,75,1,28.5538633187042,0,0,0,0,0,163.142857142857,0,1,0,0,0,0,98,2.42424242424242,0,"dementia",11.6931506849315
"604","mn1776",0,0,0.49429759320272,102.5,1.02355072463768,4.6582995705968,0.0603110700684226,0.68187642010639,16.8161621942127,0.720134187594152,0.645700767011308,1.81156112399464,0.749847983945759,7.45705944257033,3.62155193384259,2.99034193822652,69,0,31.9859839150925,0,0,0,0,0,198,0,1,0,0,0,0,92,18,0,"censor",10.8520547945205
"605","mn1777",0,1,-0.67626456720314,246,3.23607427055703,5.51766712840106,0.0339680609657595,1.07718291228303,16.9637107760136,1.15647600744906,1.01522816987534,2.38377424180578,1.3711893631321,17.4738779183511,7.79419047440406,5.96029801915881,70,0,26.7291428055585,0,0,0,0,1,128.5,0,1,0,0,0,0,93,4.59259259259259,0,"dementia",11.0246575342466
"606","mn1779",0,0,-0.80810072872676,65,1.03636363636364,7.83038318038814,0.0371582350225112,1.26177531679913,9.38886866106511,1.28692119833735,1.16588230390975,1.11760129633964,0.402860906448871,6.15083080511934,7.28306918844968,6.26008695226564,79,1,25.7862073461021,1,0,0,1,0,166.357142857143,0,1,1,0,0,0,94,10.3125,NA,"censor",11.4821917808219
"607","mn1784",0,0,0.18749417987589,159,2.17373737373737,3.97687598276415,0.0236985163569448,0.645849883774161,10.8350886614738,0.667015522273649,0.621698508670897,1.03984743282768,0.295954268174772,15.4698109678658,5.29360723832971,4.21812826005973,79,1,28.7926568408469,0,0,0,0,0,247,0,1,0,0,0,0,97,1.72910662824207,0,"death",7.74246575342466
"608","mn1786",0,0,-0.147369333615519,112,1.31590413943355,4.43627708985778,0.0677000618053857,0.730897586055611,15.1354477248945,0.750653101597433,0.691932052693114,1.59495636389099,1.23311767351286,8.32735603016217,4.08908688724836,4.55293045319172,82,1,24.9973947572896,0,0,0,0,1,37.8571428571428,1,0,0,0,1,0,88,11.2249443207127,0,"censor",3.73972602739726
"609","mn1787",0,1,0.20558774154828,36.5,0.566265060240964,3.83588830059659,0.0346379977319297,0.67624157922255,13.0509283757099,0.692260351148217,0.652268153302196,1.13532977155825,0.719312018221981,5.08175243278028,3.7354310675266,4.73158785734631,79,1,33.658383139352,0,0,0,0,0,107,1,0,0,0,0,0,87,17.5238095238095,1,"dementia",10.2219178082192
"610","mn1788",0,0,0.13305231606991,98.5,1.49142857142857,4.15539978890883,0.0313573913804395,0.692776911187043,19.3990949649902,0.705036891451868,0.652534682693736,2.31826241684995,0.722635896399823,12.1331736221188,4.4481194374317,3.30500573597045,72,0,33.2682092444821,0,0,0,0,0,121,0,0,0,0,0,0,95,4.34210526315789,1,"death",8.98356164383562
"611","mn1789",0,0,0.39887119803508,134.5,1.41703056768559,3.29288837458991,0.107724814593585,1.26923124086792,14.18151283929,1.33908032035569,1.19683874959946,0.968218954360901,0.662708642700668,8.09959034818049,3.99742436341883,5.08250178511957,76,1,29.2754276334587,0,0,0,0,0,150.142857142857,0,0,0,0,0,0,95,4.45623342175066,1,"censor",11.5917808219178
"612","mn1791",0,0,0.31792925561945,99,1.24016563146998,5.17989627851666,0.0519145107487738,0.88406756486693,12.4819067653298,0.946017380240887,0.80352969851827,1.36459178415373,0.625739875970056,12.7140572357539,4.51496561656078,2.22658002443651,73,1,32.2391060356212,0,0,0,0,0,116,0,0,0,0,0,0,88,23.7135278514589,0,"death",7.81643835616438
"613","mn1794",0,1,-0.71364969561764,190.5,2.13785046728972,4.99080937748345,0.0392490433215333,1.36069873662743,16.6732930726536,1.4105843134176,1.22890414790106,1.99083776893189,0.825783982726307,15.115530239093,6.25189151831175,4.35444857205308,79,0,30.598562114875,0,0,0,0,0,265.107142857143,0,0,0,0,0,0,97,15.7211538461538,2,"dementia",1.28493150684932
"615","mn1796",0,0,-0.70149821942468,116,1.44360902255639,11.6829543363128,0.051395220481403,0.820188548125872,11.5826796880053,0.874657681081154,0.69274688019271,2.1296118934674,1.23584562280346,11.3215844049313,4.46652421508972,3.34886979349826,75,1,35.9052732992583,0,0,0,0,0,30,0,1,0,0,0,0,98,23.4269662921348,0,"censor",10.8301369863014
"616","mn1800",0,1,0.3512603748293,74,0.916508538899431,3.81786499137706,0.0894843626571663,0.615646303825846,11.9050930952571,0.666630330977761,0.586880065131226,0.916515872570408,0.771332560699781,10.9399240981469,3.39287284828742,4.44236721624815,86,1,30.2696642835449,0,0,0,0,0,86.7142857142857,0,1,0,0,0,0,94,4.60358056265985,0,"dementia",1.26849315068493
"617","mn1802",0,0,1.02165433866375,101,1.07182320441989,3.82357052307809,0.118544928561287,0.842511272233867,13.4750756896028,0.874303856907135,0.788822209440833,1.00950609099402,0.450924636413977,11.6668641885738,3.2201967819865,3.53265511299478,73,1,28.1521543176492,0,0,0,0,0,105.75,0,0,0,0,0,0,91,5.28117359413203,0,"censor",10.7369863013699
"618","mn1803",0,0,-0.34398815813841,124.5,1.69262295081967,4.31030667637625,0.0504558653867215,1.05692109456663,17.3467571602537,1.12481494301183,0.980683531694674,1.30972069156602,0.772735940272069,12.1188746184293,4.65290129361773,4.26885278843752,81,1,25.8065375956122,0,0,0,0,0,138,0,0,0,0,0,0,97,12.7845036319613,0,"death",4.82739726027397
"619","mn1804",0,1,0.0100635586037995,22,0.437710437710438,1.56868674199694,0.0752699866203238,0.36382646190203,13.1417340183093,0.374417951381855,0.358354968022152,1.44832952946732,1.26560624229878,6.6750940573353,7.89189562182146,7.3635917373555,82,0,28.1686335550934,0,0,0,0,0,80.5,0,0,0,0,0,0,83,16.5789473684211,0,"dementia",1.16986301369863
"620","mn1807",0,0,-0.11232924242719,119,1.18,4.48597480443078,0.0355044907162006,1.10971559178787,16.9631889705685,1.17875302700984,1.0395770399262,2.22712658922774,0.47929086209011,13.6715934766423,6.92630260705545,4.25801421449599,70,1,30.2759552281018,1,0,0,1,0,151.107142857143,0,1,0,0,0,0,90,23.6697247706422,0,"censor",11.4712328767123
"621","mn1808",0,0,-0.16805100071567,68.5,1.12990936555891,6.40351758603943,0.0645848451625528,0.733507945519761,14.5447773172983,0.768866794840382,0.703598279117539,1.78289458705434,0.621147639333163,8.6291808549524,5.741975776669,4.85701546267169,76,1,30.3111717334546,0,0,0,0,0,94.2142857142857,0,0,0,0,0,0,96,15.1744186046512,NA,"censor",10.372602739726
"622","mn1809",0,0,-0.80535545965585,214,1.91647855530474,6.0778559515388,0.0559734421754939,1.53510420694531,17.2762426449851,1.58381801856795,1.43000826704626,3.43319866537806,1.4716851576872,13.4890223664038,7.71724701111618,6.8184048760284,70,1,21.6537472479928,0,0,0,0,0,52.1428571428571,1,1,0,0,0,0,91,0.272108843537415,0,"censor",11.5945205479452
"623","mn1811",0,0,-0.84705607944377,135,1.37042925278219,5.13448461341378,0.0610801249663309,0.976351653156171,24.6247125120103,1.01921665634382,0.894756858976376,3.1661358921627,2.15356520336127,14.0902282171544,5.0795119335953,3.71962193559794,78,1,25.6299207078245,0,0,0,0,0,88.5714285714286,1,1,0,0,0,0,98,0.952380952380952,0,"censor",10.3150684931507
"624","mn1812",0,0,-0.0911841163336106,189,2.83221476510067,4.27767114434493,0.0612784254324219,1.09003730411958,14.6982016251088,1.15456587743942,1.01065747021656,1.30724588404534,1.09443192868443,12.8620361696823,4.04135527651517,2.66938645734509,77,1,28.3337537238648,0,0,0,0,0,117.714285714286,0,0,0,0,0,0,97,7.09090909090909,0,"censor",11.5397260273973
"625","mn1813",0,0,-0.47828611180723,47.5,0.811735941320293,3.68586294502044,0.0537649161871553,0.762654052690088,15.2940493724152,0.785630358606769,0.720039648508512,1.63758224700849,1.25587858549875,5.45242980503054,3.47721297522257,5.071338117782,91,1,25.8737333535045,0,0,0,0,0,46.4285714285714,0,1,0,0,0,0,96,14.0782122905028,0,"death",8.19178082191781
"626","mn1814",0,0,0.6653192466333,246.5,2.80322003577818,3.68246169677734,0.0623456217106237,0.588044199894504,11.1406385903615,0.623894893809846,0.551246305068547,1.1332435676814,0.561204850417231,16.8752386056511,3.04678993117252,3.55767812887336,78,1,29.757785467128,0,0,0,0,0,149.107142857143,0,1,0,0,0,0,94,51.5273775216138,0,"death",7.88493150684932
"627","mn1815",0,0,-0.70997211079911,151.5,2.3586387434555,6.12674023963184,0.0728728411903449,0.984302714913451,19.9061021161115,1.07104339696753,0.880258692241773,2.93755999497337,1.56856598727921,10.6146846039522,4.8716677133573,2.86212818555489,77,1,33.2302352520853,0,0,0,0,0,101,0,1,1,0,0,0,92,19.0405904059041,1,"censor",11.5671232876712
"628","mn1818",0,1,0.51610692664424,89,0.773139745916515,4.06044679335336,0.0499326275697098,0.818136334694378,14.4158250712667,0.850528411027241,0.763499846469757,1.81858260626741,0.619820680487727,9.09549879999619,2.72330141243752,1.71152684464735,75,1,27.801826029828,0,0,0,0,0,96,0,1,0,0,1,0,95,3.31730769230769,1,"dementia",10.4109589041096
"629","mn1819",0,0,0.26737943881561,76.5,1.00980392156863,4.48235448023898,0.040151592219238,0.626580766359211,15.590311703887,0.647190499767479,0.612311128356827,1.8425341030475,0.716901685418452,8.82138413807974,4.13843042594915,4.45040139527875,74,1,26.3148971182806,0,0,0,0,0,190.25,0,1,1,0,0,0,97,1.13564668769716,1,"death",2.41369863013699
"630","mn1822",0,0,-0.13448417116786,113,1.72861356932153,5.62181424478462,0.0962459160279398,0.853675303238717,13.382723518692,0.915389911546429,0.766058435545248,1.69656042228859,0.774709542424404,11.0891430342055,6.4001523552701,3.05410598236224,77,1,24.7331894290555,0,0,0,0,0,90.5357142857143,0,0,0,0,0,0,94,10.8038585209003,0,"censor",11.2246575342466
"631","mn1823",0,0,-1.47483868867395,194,2.27333333333333,7.3375246914913,0.0687123635858271,1.40664965744285,20.6963248887601,1.5023784823815,1.32031003905333,3.22715906908267,1.11930556442911,13.8012793009449,9.61106538329957,6.09751847308175,75,0,26.3649361317927,0,0,0,0,0,176,0,0,0,0,0,0,95,5.24096385542169,0,"death",4.52602739726027
"632","mn1825",0,0,-0.388471622300079,231,2.25,4.72847028405551,0.0475761536082945,1.13432485727969,16.9204693251426,1.21900624136062,1.05939269907503,2.7383982053792,0.946087114937623,13.2922697794792,7.2773605885254,6.20989337712906,70,1,27.698858385937,0,0,0,0,0,70.2857142857143,0,1,1,0,0,0,93,7.46887966804979,0,"censor",10.4849315068493
"633","mn1827",0,1,-0.55176425131787,96,1.02178217821782,7.58922815215221,0.0609049560388041,0.594088331108661,11.9186230481399,0.608948574099397,0.5699933646594,1.32451795035529,0.247778030372004,11.0961273234343,5.60467069817924,20.2066625614278,88,1,28.4245842244358,0,0,0,0,0,37.8571428571428,0,1,1,0,0,0,84,36.9747899159664,0,"dementia",2.53150684931507
"634","mn1829",0,0,-0.0421684412537104,100.5,1.2664907651715,6.26404825358435,0.0412409082101208,0.729916563810648,15.735862796832,0.751769891460739,0.697317075635883,2.0206115828059,0.647668675283262,13.6460789888546,5.22455909190001,5.0497457596742,74,1,28.1783204023732,0,0,0,0,0,63.25,0,0,0,0,0,0,91,1.33004926108374,0,"censor",10.558904109589
"635","mn1830",0,0,0.25952319198788,214,1.94871794871795,4.70289873212199,0.0352444676420926,0.687820766191958,14.8236082175333,0.709374768188306,0.650369343152132,1.13765282055439,0.366259880718127,11.2992328792488,2.85545485633223,2.48387139436051,77,0,35.032840387794,0,0,0,0,1,30.75,0,1,1,0,0,0,96,13.6820083682008,0,"death",10.3205479452055
"636","mn1831",0,0,-0.11397947521036,132,1.05567451820128,4.25982555695679,0.0198888220937871,0.662792695094964,16.3209311288887,0.675351720859915,0.63635900029903,2.43281048522033,0.995515611986376,13.7820841345869,6.04452598448552,7.23254003803911,75,1,28.7061545150982,0,0,0,0,0,173.428571428571,0,0,0,0,0,0,94,18.232044198895,0,"censor",11
"637","mn1835",0,0,-0.27244386704061,97.5,1.45188284518828,5.90943728244461,0.0749525062193389,0.868726430470634,12.3939671320755,0.892008045792415,0.814409285466383,1.82026073816342,0.331775447789019,16.2729652657648,8.8155106100576,6.3535421017863,77,1,28.1105912304326,0,0,0,0,0,129.285714285714,0,1,0,0,0,0,94,7.55905511811024,0,"censor",10.7013698630137
"638","mn1837",0,0,-0.593318477908019,212.5,2.05128205128205,4.90046480493626,0.0328825521965267,0.995216523805741,15.5489559174416,1.08547156759378,0.888903336904391,1.64010018346933,0.883547817324959,14.6401587341224,7.87476112249376,9.66174292677955,75,1,26.9109651514148,0,0,0,0,0,112.642857142857,1,1,0,0,0,0,98,30.8653846153846,0,"censor",11.6602739726027
"639","mn1839",0,0,0.331730141200489,55.5,1.08960573476703,4.88224240728634,0.0920383723504286,1.06145498851418,13.2590870364239,1.14802807613665,1.01382529183383,1.52844777506789,1.02809605649494,8.89635484564675,4.34317608908702,4.34056100082694,73,1,29.1746272413898,0,0,0,0,0,202.785714285714,0,1,0,0,0,0,91,7.33118971061093,0,"censor",11.8164383561644
"640","mn1840",0,0,-0.22056906294624,140.5,2.56703296703297,7.88580230362104,0.0591275451710466,0.660457635354848,17.6642394862899,0.687494115735623,0.618223934894725,1.87962997942701,1.11430773894667,21.581225706569,6.61248302578283,4.40606886898798,69,1,26.6145673955857,0,0,0,0,0,131.928571428571,0,0,0,0,0,0,99,0.580645161290323,0,"censor",10.3506849315068
"641","mn1842",0,0,0.0111507272379598,147,1.64272211720227,4.91594795052773,0.0636708358716396,0.61402322857087,13.4080678399813,0.658877501126528,0.578297359824703,1.54514667491942,0.827336590194208,14.8495241901441,6.63828601984532,4.88143633369834,76,1,24.7979393398643,0,0,0,0,0,101.714285714286,1,0,0,0,0,0,95,0.151133501259446,2,"censor",10.1616438356164
"642","mn1845",0,0,-0.240256738451311,153,2.29708222811671,3.69641236192393,0.0486797384203659,0.853511419893201,18.2634833005531,0.872698551638212,0.80965091816974,1.98963820344198,0.886629088942667,11.3392366782476,4.69545484939423,4.24245387455845,79,1,28.6490506516978,0,0,0,0,0,82.1428571428571,0,1,0,1,0,0,93,1.37704918032787,0,"death",7.90684931506849
"643","mn1847",0,0,0.33447039967655,131.5,1.62583518930958,3.85787914951808,0.0456099902521738,0.957802707534284,10.4298808410167,1.01054332343802,0.874126183521505,0.993741239975992,1.6007206342225,10.8537825371092,4.0833204811401,3.64524034593673,72,1,28.5988718413852,0,0,0,0,0,98,0,1,1,0,0,0,92,18.8333333333333,0,"censor",10.3205479452055
"644","mn1848",0,1,-0.825871992895389,72,1.36933797909408,3.56791628027363,0.042775717164639,1.21052613619165,15.6771602656238,1.24375074147103,1.12607540980418,1.83308476603757,0.824904912443255,4.66417619864943,6.01276846714215,7.14791838832627,86,1,24.8079274878872,0,0,0,0,0,161.714285714286,0,1,0,0,0,0,96,0.235294117647059,1,"dementia",2.35890410958904
"645","mn1850",0,0,-0.44067601444449,90.5,1.56009070294785,3.35958912911241,0.0600384394870262,0.846558184899723,12.0678235264966,0.895993840212615,0.786986356625074,1.53091617106382,0.96428018284388,8.43166966302663,6.02245361387278,4.37371187050913,87,1,28.6860571303648,0,0,0,0,1,95.2857142857143,0,0,0,0,0,0,97,42.1621621621622,1,"censor",12.0027397260274
"646","mn1851",0,0,0.37013865640053,89,1.05294117647059,3.56093075879994,0.0505269308237272,0.996424219377977,15.766717391497,1.02927291650489,0.933697344003399,1.62365183615265,0.611847743088569,11.6588287452356,4.33384771054607,3.9801301506,73,0,29.4956745445141,0,0,0,0,0,52.1428571428571,0,1,0,0,0,0,93,25.2631578947368,1,"death",12.0219178082192
"648","mn1855",0,0,-0.758218590084989,282.5,3.26946107784431,6.2663048099672,0.0367211275189264,1.01343921824622,14.5087516061637,1.0524657850944,0.928802373822203,1.79230344058395,1.14331747102565,21.7458174933068,7.65001793714672,7.09244585206776,77,1,25.9327674316641,0,0,0,0,0,128.928571428571,0,1,0,0,0,0,97,11.151832460733,0,"censor",9.60547945205479
"649","mn1860",0,1,-0.70919037452704,43.5,1.08260869565217,4.62655698459374,0.061242345262379,NA,19.6529155573447,NA,NA,2.65592711614368,NA,10.4472216983341,6.91602452250203,NA,78,1,31.094021211039,0,0,0,0,0,186.892857142857,0,1,1,0,0,0,89,57.8125,0,"dementia",11.6958904109589
"650","mn1861",0,1,-0.16875027148328,117.5,1.23619047619048,4.45640105160442,0.0718363642766185,0.964379308595612,17.1240036031528,1.03238014063191,0.903931409380604,1.74169238679949,1.30836503057226,10.3441602269733,4.74185978036827,2.92626097407072,77,1,27.3796646836128,0,0,0,0,0,486.571428571429,0,0,0,0,0,0,92,17.12,0,"dementia",2.96164383561644
"651","mn1863",0,0,-1.24396454431153,160,1.24300699300699,4.97807411167844,0.0477986695425807,1.00045011162273,16.8988355434747,1.09298060500237,0.874198561149883,3.34147397937622,3.04031364795506,8.27102041733149,6.83769230606149,7.73262405664081,89,0,31.604553892635,0,0,0,0,0,37.5,0,1,1,1,0,0,81,7.1875,0,"death",4.46027397260274
"652","mn1864",0,0,-1.83372477326912,57,0.628664495114007,6.01056517179551,0.022142819644667,NA,20.2942595179623,NA,NA,2.78845014245036,NA,9.69364713871952,9.77104628721855,NA,85,1,36.1826559546314,0,0,0,0,0,116.607142857143,1,0,0,0,0,0,90,26.7391304347826,0,"death",9.20821917808219
"653","mn1866",0,0,-0.42372173091818,234.5,2.27128712871287,4.4309401036783,0.0431860839919926,1.18124255346918,14.7804598093217,1.32397922083981,1.13926207823809,2.88332545821877,1.08062838442875,12.2116899795078,7.92381588781445,5.25817305296228,69,1,23.4149356268238,0,0,0,0,0,200.714285714286,1,1,0,0,0,0,95,30.2597402597403,0,"censor",10.3232876712329
"654","mn1867",0,0,-0.2289204883216,89,1.03674540682415,5.50182067029916,0.0439532939301783,0.538973749773519,17.5267449425336,0.554946407102456,0.53131808774392,2.49756778937849,0.0679158357143483,12.4684697310842,4.67673625255044,1.88715639432543,84,1,31.3942386831276,0,0,0,0,0,91.7142857142857,0,0,0,0,0,0,94,25.8227848101266,1,"death",4.79452054794521
"655","mn1868",0,1,0.00393215028088036,77,1.27195467422096,5.22121005992098,0.072405337665162,0.969918788278001,12.5690761732072,1.01131443219521,0.921868250371362,1.33262484919114,0.709675140380194,12.1403134352184,3.93703657689136,4.26487081949963,83,1,31.6014757244235,0,0,0,0,0,241.035714285714,0,0,0,0,0,0,98,9.85590778097983,0,"dementia",11.5095890410959
"657","mn1870",0,0,-0.51823457499929,90.5,0.799107142857143,4.58025239082688,0.0616934083637859,0.912870078218495,17.5111298428132,0.943861550031453,0.850554777158256,2.20553038625212,0.945354855468038,8.29183044451583,3.81451888439426,3.11487500122322,88,1,24.7389586121563,0,0,0,0,0,226.142857142857,0,1,1,0,0,0,87,8.91246684350133,0,"death",10.4246575342466
"659","mn1875",0,0,0.06477461272965,77.5,1.11111111111111,2.93771909815381,0.0270681943256909,0.817495799677774,15.2286825142804,0.83654207709328,0.784172842372702,1.68378480629381,0.776909243101345,8.69785011288128,5.74483255724821,3.13630887850596,74,1,33.342514124996,0,0,0,0,0,136,0,0,0,0,0,0,96,15.4368932038835,0,"death",11.8356164383562
"660","mn1877",0,0,0.16642644162424,75,1.0933014354067,3.89583412102729,0.0465789209332373,1.03184208795615,15.3601521511614,1.07081108021649,0.92558656160687,1.75981419099166,0.812787850558406,7.36420829094872,3.89137726443076,4.32662399858334,74,1,28.0420134760206,0,0,0,0,0,156.785714285714,0,1,0,1,0,0,89,1.6551724137931,0,"censor",11.6219178082192
"661","mn1880",0,0,-0.2936228913419,189.5,3.0311004784689,5.73382188362524,0.0280769043027474,0.959094381425503,13.5230922898474,0.996263715420771,0.896267276292269,1.67762194442721,0.520007164463744,15.159846145415,7.43495788097055,5.75949509106413,70,1,26.7843980105679,0,0,0,0,0,114.892857142857,0,0,0,0,0,0,99,7.44525547445255,1,"censor",11.7890410958904
"662","mn1881",0,0,-0.2211592304814,196,1.9693094629156,4.16766252804793,0.0305763005920666,0.773120734127674,13.8569330594195,0.790879275742368,0.733622518714961,1.70559345899828,0.83087637861227,14.0028715980229,5.7813719633188,3.71428384094638,79,1,27.8240454001374,0,0,0,0,0,233,0,1,0,0,0,0,94,17.1929824561403,0,"censor",11.6219178082192
"663","mn1886",0,0,-0.48855098573577,23,0.885416666666667,4.29180897752221,0.0445043628730372,0.887242533185058,14.6970609785881,0.942775981299992,0.824968821789218,2.12768823198222,1.91681117816932,13.0068837378772,7.88256967649091,3.90412625961397,75,0,27.2487756128025,0,0,0,0,0,71,0,0,0,0,0,0,91,1,0,"censor",10.8356164383562
"664","mn1887",0,0,0.5467618035112,113,0.991496598639456,7.30422478218272,0.0844759430240293,0.630761453143787,11.2380640631326,0.690606487620777,0.572278325094838,1.22702942898625,0.434941966989527,13.9022130877443,3.94711122992751,2.53144023035453,73,1,27.191971154313,0,0,0,0,1,132.571428571429,0,0,0,0,0,0,93,0.49079754601227,0,"censor",11.4767123287671
"665","mn1889",0,0,-0.0725505504402093,187.5,2.38983050847458,3.93954774965641,0.0506203979846955,1.00698283752229,13.2931733871558,1.08211122641966,0.958636936622967,2.03173423873323,0.783206989720421,12.5707733252395,7.24255444379567,5.62258727652994,71,1,29.2551285590941,0,0,0,0,0,55.1785714285714,0,1,1,0,0,0,97,1.37931034482759,0,"censor",11.6082191780822
"666","mn1890",0,0,-1.54793471311181,136,1.20763723150358,8.33515272993992,0.0151109483188698,0.835868841250368,19.9603411536545,0.877375009898641,0.757468970939179,3.21220795314562,1.34920175397039,13.9222409363151,10.8857955341433,8.18891983885861,72,1,26.4699282307633,0,0,0,0,0,147.464285714286,0,0,0,0,0,0,98,2.52927400468384,0,"censor",10.4767123287671
"667","mn1891",0,1,-0.388095087428179,111,1.05947955390335,3.91960003943239,0.044739933973402,1.46882569946942,13.5272596169235,1.50469027842904,1.3730141500012,1.40685433887448,0.247524804984188,12.7436201651365,6.25007717668155,9.47579751665376,83,1,24.5036719473109,0,0,0,0,0,207.857142857143,0,1,1,0,0,0,92,10.6527415143603,1,"dementia",11.4
"668","mn1892",0,0,-1.09485591050025,96.5,1.11224489795918,4.65827793532872,0.0389165695666356,1.2472913841999,16.6505797415129,1.29241289725834,1.17961049376918,2.7791006944063,1.11009648613894,12.8211781860347,9.77958852093191,8.01529740291586,79,1,19.9901748970319,0,0,0,0,0,206.607142857143,0,0,0,0,0,0,98,1.05793450881612,0,"censor",10.1835616438356
"669","mn1893",0,0,0.84554309416274,67,1.07608695652174,3.65689597734796,0.114694018510175,0.886431314239654,13.0233770271509,0.963423585995782,0.83390027968484,1.32487373586129,0.83921096351333,8.65417380010917,3.28041835268983,2.95556832831829,73,0,29.921646159414,0,0,0,0,0,163.464285714286,0,1,0,0,0,0,95,10.9422492401216,0,"censor",10.8547945205479
"670","mn1894",0,0,0.21595436099859,58,0.901840490797546,4.23262645031133,0.0648948337778072,0.611064833529711,19.2106061084156,0.639412580181945,0.594150226811155,2.54141611935121,0.343155712325409,12.987986632541,6.63196259881979,2.35744423997908,71,1,31.230575847927,1,0,0,1,0,118.142857142857,0,0,0,0,0,1,95,17.1428571428571,NA,"censor",11.3150684931507
"671","mn1895",0,0,-0.0102240384594694,143,2.224,5.52557315142325,0.0389564663060823,1.27489266827565,13.2327091618974,1.32609539513885,1.16100148060666,1.32361086813994,0.779712967238855,11.5772668130357,5.34427814104001,4.37805876676387,68,1,26.318521366984,0,0,0,0,0,111.714285714286,0,0,0,0,1,0,94,2.22222222222222,0,"censor",10.2219178082192
"672","mn1897",0,0,0.30949566413407,122.5,1.24025974025974,4.45613108423545,0.0648769073434719,0.973154799307794,18.5083107252322,1.02313243651719,0.90894331547292,2.08304067597689,1.35733056140744,9.44501659731582,3.49658843162248,4.18134092186326,68,1,27.8479027028248,0,0,0,0,0,130.785714285714,0,1,0,0,0,0,93,1.45015105740181,0,"censor",11.1890410958904
"673","mn1900",0,1,-0.408063847416081,124.5,1.51173708920188,5.00883146065479,0.0393005578414925,0.736643822198486,15.756427205132,0.771467060289412,0.694372723750747,2.55415840508409,0.8298830714284,10.9689252825137,6.42004089208058,5.78071015673173,78,1,25.608995209455,0,0,0,0,0,225,0,0,0,0,0,0,100,13.7246963562753,0,"dementia",1.14520547945205
"674","mn1902",0,0,-1.20914001499844,188,1.85843920145191,5.54192323684165,0.0320436633900567,1.51943441595111,16.5599932435424,1.60664325743886,1.32467325606566,2.26660891721892,2.23993779588208,13.3861060172559,7.7450353919745,11.4682587063177,75,1,25.2188848135144,0,0,0,0,0,103,0,0,0,0,0,0,94,6.13466334164589,0,"censor",10.3671232876712
"675","mn1903",0,0,-0.2567598660606,117,0.908620689655172,4.30089740110781,0.0281541322721774,1.23082825081965,12.7467909896838,1.27703556401451,1.10926580904575,1.4547062771022,0.64435041545616,7.2060020394596,5.56828348271711,8.1191617984031,77,0,21.4885442385389,0,0,0,0,0,36,0,0,0,0,0,0,88,13.7727272727273,1,"death",5.3013698630137
"676","mn1905",0,0,-0.416701433092901,159.5,1.90366972477064,4.22358364828956,0.0350355487815182,0.838625009186194,14.3490016923625,0.860960808085977,0.776793805835588,2.0249698011534,0.82172364902212,12.2141316666492,5.45481590014638,4.79690235519963,83,1,24.865739416108,0,0,0,0,0,121,0,1,0,0,0,0,99,4.34782608695652,0,"censor",10.6821917808219
"677","mn1906",0,0,0.35410639619342,169,1.39186691312384,3.71366380528194,0.0394704409450021,0.957480231149967,14.6080954846789,1.00135053914112,0.883794092065396,1.37511823712942,0.960599313319047,11.2237071506817,4.23633195874341,2.93941640584349,70,1,27.386245441743,0,0,0,0,0,58.5714285714286,0,1,0,0,0,0,96,4.9740932642487,0,"censor",9.64109589041096
"678","mn1907",0,0,-0.0429620198822903,162,2.32736572890026,4.96996715050131,0.0401716456856394,0.841422043635375,17.7805618106736,0.882305164561548,0.804388071942348,1.69971315531839,0.75898812474214,12.5524285989105,4.09851141152648,4.38517262806913,74,1,29.9309062617826,0,0,0,0,0,285.964285714286,0,0,0,0,0,0,94,1.30434782608696,0,"death",5.84657534246575
"679","mn1910",0,1,0.21787069882601,152,2.44516129032258,4.98332636380428,0.0492604918397179,1.01897679021103,15.7634165311687,1.08612243152212,0.973250805579159,1.96609824044389,0.946894380485424,19.5587728133118,4.91783572857838,4.73387708801925,70,1,22.5376422256117,0,0,0,0,0,198.964285714286,0,0,0,0,0,0,94,1.83673469387755,1,"dementia",10.5260273972603
"680","mn1911",0,0,0.66390724853199,15,0.619631901840491,6.55187288155719,0.0323576512749893,0.692251624977515,8.8325491902568,0.707495740019477,0.642604801292303,0.812470780124629,0.605737900616483,7.46577351703953,1.94000463290606,3.09469116655742,73,0,27.5778546712803,0,0,0,0,0,134.214285714286,0,0,1,0,0,0,89,2.31958762886598,1,"death",8.86301369863014
"681","mn1913",0,0,-0.9126908961064,137,1.29452054794521,5.68343326311155,0.0497120235905368,0.616745656078813,20.6872601673031,0.638092105491072,0.586445693049211,2.06909705562108,1.83320749750435,14.1081177609094,8.02151531098988,6.80478511633544,77,0,26.216628899475,0,0,0,0,0,75.7142857142857,0,1,0,0,0,0,91,11.3019390581717,NA,"death",10.8931506849315
"682","mn1914",0,0,-0.245998633166769,109.5,1.54268292682927,4.52464560277685,0.0471793177425059,1.18266733995085,13.4044627614418,1.24047707834655,1.09613753499552,2.14109618517743,0.401983191624776,9.501199066885,6.09674315435935,4.54061218122107,77,1,21.0697909100486,0,0,0,0,1,33.5714285714286,1,1,0,0,0,0,98,6.78899082568807,0,"death",4.2027397260274
"683","mn1917",0,0,-0.73169018685677,81.5,1.29936305732484,3.82949796712491,0.0324612430472067,1.51267100113767,14.0933551859378,1.62872989432139,1.33659498320353,2.40979777057196,0.828249098119903,8.76864291813604,8.40656224130381,8.3812563283128,75,0,26.4682136089602,0,0,0,0,1,195.571428571429,1,1,1,0,0,0,88,11.625,0,"death",10.3369863013699
"684","mn1919",0,0,-0.8347735026135,101,0.802816901408451,4.18810995957935,0.0242712829451379,0.769193556324759,14.2399652159288,0.802209020153227,0.727059870375398,2.1465075525878,1.59662716562763,8.8842973584221,8.17526276088137,9.77248554620896,81,1,20.3034493875013,0,0,0,0,0,100.214285714286,0,0,0,0,0,0,94,23.421686746988,0,"death",11.3835616438356
"685","mn1920",0,0,-0.25980499591939,157,2.06632653061224,4.23212254970386,0.0588364162173141,1.21404127576078,15.7037997159766,1.31681241702426,1.10847619547637,1.64631471573089,1.43930970425576,11.6296304220248,5.27197419103554,5.57653211004501,74,1,24.2204600093294,0,0,0,0,0,186.714285714286,0,0,0,0,0,0,94,6.16666666666667,0,"censor",11.1397260273973
"686","mn1921",0,1,0.160510195922519,52.5,0.645669291338583,5.05225698702242,0.0191266573603113,0.602011108789799,11.3685741404263,0.610935461734667,0.556335406149115,1.02657381721189,0.567643230464549,6.36749594243236,2.20687858044691,2.99509218778481,83,1,25.3951170036398,0,0,0,0,0,98.8571428571429,0,1,1,0,0,0,87,10.8256880733945,1,"dementia",2.8958904109589
"687","mn1922",0,0,-0.386493356848651,61.5,1.08333333333333,5.55993599093223,0.0442168600055993,1.16288587175676,12.4127560154664,1.24356727325748,1.07570105687855,0.786697056276281,0.273556522081518,7.6758108730715,4.41561389443588,3.45097624518158,84,1,20.7020408163265,0,0,0,0,0,260.714285714286,0,0,1,0,0,0,93,1.42372881355932,0,"death",6.21369863013699
"688","mn1927",0,0,-0.43509116738912,91,0.72,4.95871196974942,0.0501975631738058,0.550644751659566,15.9008271874488,0.584697972915686,0.514941687364848,1.94226484261001,1.57490012437374,8.85868353961799,3.58111294201768,3.69879781378771,87,1,22.2799118652427,0,0,0,0,0,93.5714285714286,0,0,0,0,0,0,96,35.7412398921833,0,"death",1.68493150684932
"689","mn1928",0,1,0.31546171760785,71.5,0.912065439672802,3.47874476516704,0.0455794726726828,0.757348989638693,14.1393611147976,0.778779606271578,0.723809104252833,1.44310856815338,0.576745918068838,9.68138203481832,5.07434855857749,5.07863066203843,75,1,32.2268744651436,0,0,0,0,1,2.14285714285714,1,1,0,0,1,0,95,15.7541899441341,0,"dementia",0.652054794520548
"690","mn1929",0,1,0.718486629873919,42.5,0.833333333333333,4.1836815780977,0.0431605898711999,0.629336729282587,11.7300393649962,0.65161248962847,0.601347507023405,1.36923643166502,0.483146694581453,7.41006109095935,3.80598091747849,3.8813764572414,71,1,24.8828125,0,0,0,0,0,132.5,0,1,0,0,0,0,97,8.70967741935484,1,"dementia",6.77534246575342
"691","mn1932",0,1,0.55602363650537,76.5,1.08941176470588,3.57878804378646,0.0927082264450044,0.63406645873097,11.5322779986118,0.715984002050052,0.635097634650411,0.922957760011224,0.431260195336702,9.03868577881443,5.45784181967486,2.34729789525046,76,1,23.4298044685193,0,0,0,0,1,128,0,1,0,0,0,1,94,1.43198090692124,0,"dementia",11.5315068493151
"692","mn1934",0,0,0.140066586135219,93,1.51147540983607,5.20316621663196,0.0679873269803182,0.684966743310557,16.6281004440727,0.720543878146122,0.653863411389937,2.29811094066076,0.83709707965232,13.1469481840508,5.83426562517572,7.98847966465488,72,0,27.0307674153425,0,0,0,0,0,204.571428571429,0,1,1,0,0,0,95,14.4,0,"censor",11.2383561643836
"693","mn1936",0,1,0.35922911953551,170,2.01906779661017,4.87876366528717,0.115188056890329,0.623969854540267,16.2512583209123,0.653277106334987,0.597671577258616,1.55011988507733,1.11489367264431,11.0436270501146,5.28474774117572,4.05451016973975,71,0,27.4375472804699,0,0,0,0,0,296,0,0,0,0,0,1,93,9.08108108108108,0,"dementia",7.4027397260274
"694","mn1940",0,0,-0.11223031009692,80.5,0.963675213675214,6.7393377388786,0.0731799229330114,0.969400881542738,19.5560802242628,1.00609898652793,0.882551811854949,2.30233842953366,1.40570662608372,7.68530751666283,3.70104174532367,4.78072538683073,70,1,27.5176601825711,0,0,0,0,1,149.428571428571,0,0,0,0,0,0,98,4.35045317220544,0,"censor",11.0821917808219
"695","mn1943",0,0,-0.51921417685309,91,0.994910941475827,9.54819112871952,0.0600746522541545,0.885312626539798,18.9313759912106,0.909786638719828,0.827064715536494,2.2051433011162,1.12253782338614,7.48744202791704,2.86308116371242,3.14964119066378,75,1,28.7598650331489,0,0,0,0,0,62.5,1,1,0,0,0,0,80,3.6027713625866,0,"censor",12.0958904109589
"696","mn1944",0,1,-1.16911619877522,85.5,1.10352941176471,5.67051431890074,0.0363545361841693,1.17399998490869,16.3499365837405,1.19325402686385,1.1258189616409,2.49850588098424,0.592172083631685,12.1680378308453,11.1027244736941,8.54206447784829,77,1,22.3721590909091,0,0,0,0,0,215.107142857143,0,0,0,0,0,0,88,2.89544235924933,1,"dementia",0.761643835616438
"698","mn1951",0,0,-0.468069509554741,250,2.48674698795181,5.30144200969565,0.0610268254905513,1.03663533323533,14.080151272551,1.12401577660159,0.987615287886241,1.83510681329469,1.09914504027679,14.1679511995541,5.5305276889113,5.79028926719277,80,1,16.3541143408817,0,0,0,0,0,167.428571428571,0,0,0,0,0,0,87,12.4458204334365,0,"death",5.75890410958904
"699","mn1955",0,0,-1.11419157639462,140.5,1.47737556561086,4.79373992981317,0.0337458808454385,1.03948523043976,19.0287492202429,1.07604564663847,0.963795016526462,2.52736379193289,0.63477800170644,9.66268752279293,7.15510259079809,5.1358236819318,85,0,35.9424690463456,0,0,0,0,0,193.964285714286,0,1,0,0,0,0,95,11.5068493150685,0,"death",10.0684931506849
"700","mn1957",0,0,-1.09720174603787,124,1.76517150395778,4.50281361648717,0.0420158262392028,1.33961956856514,13.2214569035871,1.38733443852992,1.23375801834424,1.80832191741992,0.85845807228223,9.76293807378497,8.20048295703788,6.82735663247806,85,0,31.4424347838941,0,0,0,0,0,30,0,1,0,0,0,0,95,16.3333333333333,0,"censor",11.6191780821918
"701","mn1961",0,0,-0.43885523835595,92,1.4434250764526,5.57998676155445,0.137398179453043,0.92071026965052,22.3221916711665,0.966726666545457,0.863475204489487,2.66486113087762,1.04980038845542,10.8947018273803,4.66030355715361,5.1369178033405,84,0,26.8099078461108,0,0,0,0,0,58.5714285714286,0,1,0,0,0,0,86,46.1176470588235,0,"death",10.441095890411
"702","mn1962",0,0,-0.2036024969075,203.5,3.283203125,6.9546079239456,0.0661202614690981,0.871128427904423,18.6732348086964,0.918910212382319,0.802957397629813,1.80243821337175,0.93329714859635,27.7553460239423,4.34582822343272,2.36798867646871,69,1,25.509684125779,0,0,0,0,0,92.4285714285714,0,1,0,1,0,0,96,1.41361256544503,1,"death",9.63835616438356
"703","mn1966",0,1,0.724932381914731,97.5,1.14900662251656,3.90024642570846,0.0648011507711328,0.69938540751406,7.70154859964966,0.755759103201908,0.671953668296242,0.882475195599312,0.347382617820091,10.6059992667804,5.83308983786238,3.99258325272665,72,1,24.7371654929114,0,0,0,0,0,227.071428571429,0,0,0,0,0,0,91,2.42696629213483,1,"dementia",11.7534246575342
"704","mn1969",0,0,-1.03116578966089,122,1.81198910081744,4.46094185198692,0.0480871411197806,1.15331153970314,25.6313516220148,1.18353906973296,1.08273468578951,3.77677111647898,0.906797975866472,11.961884365299,5.82311352740625,5.63692803536043,82,1,29.7038785930033,0,0,0,0,0,155,0,0,1,0,0,0,85,11.2886597938144,0,"censor",11.4328767123288
"705","mn1971",0,0,0.18198905140196,227,2.53513513513514,4.18902608632451,0.06881211802945,1.16839470174826,12.7887923861617,1.21750121721677,1.09160924398258,1.19550570078826,0.645729109283883,16.9353598035076,5.89632587496425,6.69971108787981,73,1,23.5745935757028,0,0,0,0,0,149.321428571429,0,1,0,0,0,0,99,12.1850899742931,0,"censor",10.427397260274
"706","mn1973",0,0,0.14384038186014,154,1.42643923240938,3.80853235752073,0.0685006176036606,1.00960342086662,14.0544259345099,1.09275537056088,0.954175233806535,1.94671640571802,0.888388129274952,12.3998307051062,5.68735974561624,5.1053915485089,74,1,24.5533838795402,0,0,0,0,0,378.428571428571,0,1,0,0,0,0,99,0.672268907563025,0,"censor",10.1917808219178
"707","mn1974",0,0,-0.153956204697469,69.5,0.936430317848411,5.58093035445146,0.0758139955488372,1.29384661634376,14.2610271385365,1.36419392209357,1.12473025145828,1.5627189063355,1.17657549063409,9.16116486737825,5.67857699020338,5.16548855407127,72,1,30.2780822681332,0,0,0,0,0,99.9285714285714,0,0,0,0,0,0,84,12.9878048780488,1,"death",8.55616438356164
"708","mn1975",0,0,-0.43616866444484,92.5,1.55828220858896,4.02065575093153,0.106500353964411,0.914386158672367,11.9957457478987,0.993779971396997,0.856023121425725,1.46711880464457,0.989272324826691,16.0697158446228,8.2422485196376,7.6488598349903,87,1,22.5670540297947,0,0,0,0,0,115,0,0,0,0,0,0,85,35.668202764977,0,"death",10.558904109589
"709","mn1978",0,0,-0.14287931942977,118,1.69382716049383,5.80920163800167,0.0385575525770358,0.702411776510351,12.552083132565,0.717982732217606,0.680520544510143,1.75608370107428,0.195197384471094,16.369593844242,5.60712000697368,4.54473829111155,82,1,24.8154207741946,0,0,0,0,0,33.5714285714286,0,1,1,0,0,0,94,5.98240469208211,0,"death",10.7780821917808
"710","mn1981",0,0,0.53552636873397,90.5,1.02127659574468,3.70827949617812,0.0666256181882664,0.763294273978868,17.9747963634792,0.8033758432821,0.7285646989916,2.16394682471893,0.537160927889005,8.14968313537177,2.96717352528921,2.93999394428226,73,0,26.6514025829407,0,0,0,0,0,182.5,1,1,0,0,0,0,88,32.5905292479109,0,"censor",10.6054794520548
"711","mn1982",0,0,-0.31597554132625,127.5,1.35054347826087,5.4563120635741,0.0523293080694069,0.653413427710404,12.5567553861431,0.679331556185088,0.606205432412397,3.39661170957256,1.8172204265661,9.0799883676085,6.26346523195946,5.23441747034536,75,1,23.4728327401242,0,0,0,0,0,260.178571428571,0,0,0,0,0,0,97,11.9298245614035,1,"death",4.75616438356164
"712","mn1987",0,0,0.0985288915805398,112,1.74346793349169,3.99663638395129,0.0267706545039542,0.676785202072182,14.1893258776404,0.696267731173984,0.642527973784338,1.29254842711198,0.821592700073569,9.36303066168806,5.96315271371285,5.60005653534222,71,1,22.1937005016038,0,0,0,0,0,139.464285714286,0,0,0,0,0,0,96,6.7741935483871,1,"censor",10.427397260274
"713","mn1988",0,0,-0.26378063328315,59,0.741496598639456,5.8686791242671,0.027924811997731,1.10558479052482,16.5942958683531,1.1449518896359,1.0000544685865,2.45870955399035,1.0216851917867,8.3533696987615,4.41650524190057,4.36689731869799,73,1,37.3871803985035,0,0,0,0,0,42.9285714285714,0,0,0,0,0,0,93,1.81818181818182,2,"death",6.03835616438356
"714","mn1991",0,0,0.40935761307511,122.5,1.0832,5.22981748662223,0.0595903388655236,0.628026481042648,16.181845794288,0.656316308870444,0.590585186155604,1.85081289315231,1.04353002047262,14.0559026564876,4.7850653084827,4.30859643573725,69,1,26.3021170471536,0,0,0,0,0,195.892857142857,0,1,0,0,0,0,94,3.69781312127237,NA,"censor",10.1671232876712
"715","mn1996",0,0,-0.10403337809408,135,1.67632850241546,5.28318130789468,0.036217217016325,0.921951432679194,11.2754005447089,0.970125806958572,0.852638073753875,1.20287586343667,0.769789158590081,16.0108297862019,6.04856316996019,5.24442622670435,77,1,24.2667821674355,0,0,0,0,0,171.321428571429,0,1,0,0,0,0,94,7.56164383561644,0,"death",9.97260273972603
"716","mn1997",0,1,-1.76330478135463,104,1.1726618705036,7.8061662981573,0.0258129514521382,0.777839169304808,17.1014853356887,0.804182913094399,0.721251181981002,3.47554139613751,0.98695830043197,10.3664815304497,10.0268454359064,5.63113075579839,85,1,28.1502017107557,0,0,0,0,0,204,0,0,0,0,0,0,96,8.6908077994429,0,"dementia",0.545205479452055
"717","mn1998",0,0,0.44053684534741,40.5,0.584450402144772,4.13005022318504,0.0603490384144535,1.07325227771971,17.3598995600112,1.13571093842073,1.00290983637083,1.87803912455411,0.426208975494866,5.65271837582337,3.43575998921315,3.38948119089668,70,0,30.8311026607571,0,0,0,0,1,146.142857142857,0,0,0,0,0,0,91,10.0854700854701,0,"censor",10.1808219178082
"718","mn1999",0,0,-0.68752944169007,235.5,2.31809145129225,4.05665177581621,0.0450871815531361,1.23085698144035,10.9479485442926,1.32833366494756,1.14633059777537,1.36674721242809,0.915579160077592,11.6293157507332,7.3505412689906,7.25494455410843,82,1,23.7492602958292,0,0,0,0,0,222.571428571429,0,0,0,0,0,0,92,4.72222222222222,0,"death",2.38904109589041
"719","mn2002",0,0,0.278728540328019,95,1.50895140664962,3.53026488902177,0.0440552764716709,0.646973515433937,16.776541559989,0.669793577506123,0.606710271444716,1.52361104901015,1.27555930186703,10.2207343028628,5.22230800965876,5.37323397026364,69,1,27.2873336805089,0,0,0,0,0,215.285714285714,0,0,0,0,0,0,97,0.178041543026706,0,"censor",10.0904109589041
"720","mn2003",0,0,-0.42227282227764,86,1.2316384180791,3.88025107698023,0.0370081924030706,1.28214648042943,11.3706735482173,1.32071617545946,1.17093054409089,1.71707135431787,0.745383225186149,8.66000956580066,8.2005085777481,5.74576975902285,75,1,30.4414984236676,0,0,0,0,0,194.571428571429,0,1,0,0,0,0,95,10.4191616766467,1,"censor",10.627397260274
"721","mn2005",0,0,-0.0531880571722596,100,1.36461126005362,5.32486781872548,0.105219808915057,0.542034796740067,13.6852105365021,0.570188561344309,0.509796557382596,1.25838047738642,0.928737769285125,11.2479605253894,3.27333695041423,3.90784171089723,90,1,24.8856193722583,0,0,0,0,0,73.2142857142857,0,0,0,0,0,0,97,47.6712328767123,0,"death",7.21917808219178
"722","mn2006",0,0,-0.41336739408783,271.5,3.69090909090909,10.1315607525563,0.0724985172012214,0.938228746594584,14.1007352472138,0.975991528320235,0.855608455735779,1.42105736114023,0.81073875762076,24.1376144639331,6.35709152261557,4.4424281888282,70,1,24.3639842257064,1,0,0,1,0,136,0,0,0,0,0,0,94,0.58252427184466,0,"censor",11.2986301369863
"723","mn2013",0,0,-0.56400110460076,206,1.64935064935065,5.74365360074389,0.0986970650940917,0.651214369501322,19.6025896088898,0.681010767531575,0.631253956775723,1.73450082053036,0.836254780467314,12.8812961245188,6.56489394042997,3.79648050131725,82,1,31.7741441009874,0,0,0,0,0,232.5,1,1,0,0,0,0,95,16.7781155015198,1,"death",11.0657534246575
"724","mn2019",0,0,0.34058288695057,221.5,2.75750577367206,5.59046512069908,0.0723637573757703,0.754388228275931,11.9661232426795,0.846473837632792,0.705442770601213,1.62048622170995,0.686369575865107,22.2651832898051,3.61804761034901,2.26959459971178,79,1,28.7859712195044,0,0,0,0,0,105.571428571429,0,0,0,0,0,0,97,7.00854700854701,0,"death",10.0767123287671
"725","mn2020",0,0,-0.224437927796561,128,1.76619718309859,4.16582594674572,0.0416309273382404,0.538640805570469,20.6856669400732,0.566439967224719,0.499477946832603,2.37921645025079,1.76831844899995,12.2552097699452,5.42041639390037,3.94503495687296,72,1,28.9283366206443,0,0,0,0,0,137.5,0,1,0,0,0,0,97,51.1340206185567,1,"censor",11.3506849315068
"726","mn2024",0,0,-1.22737991669443,342.5,2.95802919708029,8.34804293657218,0.0573571920947844,1.17510716596121,17.5837186304159,1.28087639151217,1.01903765939789,3.19888335805753,2.2007820443681,21.6088532092561,8.73148205143451,7.83552955288473,70,1,31.2923815228815,0,0,0,0,0,164.714285714286,0,1,0,0,0,0,99,0.491803278688525,1,"death",9.57808219178082
"727","mn2025",0,0,-0.67503277565767,224.5,2.56510416666667,5.26580335487276,0.0414903882042984,1.20272053794447,14.1862442883433,1.30714621986264,1.03682934531953,2.53596600503958,1.46762191114382,12.2322953147289,7.19184155348949,4.80591038003916,72,1,28.3257709255609,0,0,0,0,0,208.178571428571,0,1,0,0,1,0,95,49.8675496688742,1,"censor",11.8109589041096
"728","mn2027",0,0,-0.42560944928006,46.5,0.299651567944251,6.35981683471179,0.0539117258244013,0.939700696103134,20.429797494053,0.983640809013361,0.847825853622975,2.1126760173646,1.22207356213216,7.67114768536006,3.71684105513945,2.47295266128466,77,0,31.5576844887124,0,0,0,0,0,209.928571428571,1,0,0,0,0,0,96,15.4166666666667,1,"censor",11.2383561643836
"729","mn2028",0,0,0.5505876644374,98.5,0.941422594142259,5.28847072949814,0.0360740232788358,0.610827790728692,13.4359928439622,0.633910103552717,0.593982104191941,1.42782775825244,0.544586920640826,13.1891760789877,3.37352753930419,3.15279885711379,73,0,29.7961139557636,0,0,0,0,0,151,0,0,1,0,0,0,91,2.8051948051948,1,"censor",11.2191780821918
"730","mn2033",0,0,-0.86169483983651,151,1.62045454545455,5.30436838655006,0.0546178557066289,1.03081307724036,14.5218033742614,1.19571427992635,0.941898782267385,2.55360670307428,1.52705514776773,9.83679992463528,6.01287755988523,6.16572899103712,83,0,35.2651982986145,0,0,0,0,0,123.142857142857,1,0,0,0,0,0,93,2.60869565217391,0,"death",7.03561643835616
"731","mn2035",0,0,-0.214468571021121,77.5,0.775793650793651,4.04524395089129,0.0665914217276909,0.653314351594126,16.8943013233554,0.670375597188644,0.626785767601786,1.75463438687786,1.2412726144344,6.12315524335685,2.59655215743053,4.12048322080087,88,1,24.0409889445974,0,0,0,0,0,92,0,1,0,0,0,0,89,4.13793103448276,0,"death",3.33698630136986
"732","mn2039",0,0,-0.207711322271309,165,1.69409937888199,5.04441469792937,0.0430439473184226,0.845964242906657,15.2220267881544,0.884757504924252,0.807773386449537,1.46132468754668,0.941606791025376,15.0613908262796,5.69070055017885,5.09388487809204,77,1,23.9877004306785,0,0,0,0,0,151.214285714286,0,1,1,0,0,0,91,30.9424083769633,NA,"death",9.73972602739726
"733","mn2042",0,0,0.30440842420231,125.5,1.9264367816092,5.38878054764025,0.0975290936385073,0.758916633099171,13.395567672699,0.789721714328905,0.724752186903176,1.18933771674545,0.289189540581351,12.7479125344874,4.35525435447274,3.84372607661353,79,0,24.7183673469388,0,0,0,0,1,89.9642857142857,1,1,0,0,0,0,87,9.94082840236686,0,"death",6.82191780821918
"734","mn2043",0,0,-0.40289752387698,320.5,1.76451612903226,8.72879867473008,0.09016384483323,1.03263663194213,12.7422314077626,1.21018342013983,0.879986132738869,1.87980557669506,1.02436945728492,16.1911979148949,6.95027288107355,4.7425667504925,70,1,40.9279171149433,1,0,0,1,0,34,0,1,0,0,0,0,100,8.24644549763033,1,"censor",10.372602739726
"735","mn2045",0,0,0.0659872719085101,164,2.08612440191388,4.97245123509584,0.0779104996287157,0.738222319884923,12.4118967495774,0.777386789955706,0.685948261894952,1.32588044090959,0.743819235718214,10.4142537713916,4.67893925524776,3.75023403795712,79,1,29.8831235483035,0,0,0,0,0,179.642857142857,0,1,1,0,0,0,96,1.06329113924051,0,"death",10.1671232876712
"736","mn2048",0,1,1.16335449836605,24,0.363874345549738,3.27009337661108,0.0901579029760852,0.533818017813385,12.1023488697394,0.565204040025059,0.502189783051786,2.58171733634983,0.584361690297753,6.89426854689004,1.80800538040955,0.980616010929741,75,1,37.5052278933267,0,0,0,0,1,215.178571428571,0,1,0,0,0,0,88,24.5283018867924,1,"dementia",4.35616438356164
"737","mn2053",0,0,0.0656666939056905,64.5,0.777777777777778,3.70496022990035,0.0453275758364808,0.895699730120302,16.4414305105685,0.95374373981492,0.850989241902445,2.23357206641191,1.09226741646116,7.78361269931856,5.32023456756097,5.20079987331329,72,0,30.1516740190917,0,0,0,0,1,156.035714285714,0,0,1,0,0,0,95,2.65116279069767,0,"censor",3.36986301369863
"738","mn2054",0,1,-0.0690778901948207,118.5,1.27098321342926,4.73252085381253,0.0820400173177395,1.41920428814147,9.94139472281833,1.72334533435738,1.18135060013573,2.06474865258113,1.03858394623911,9.49014941561899,4.61894859025631,6.29278563939106,77,1,26.2233082233017,0,0,0,0,0,190,0,1,0,0,0,0,97,14.7457627118644,1,"dementia",1.09315068493151
"739","mn2056",0,0,-3.4759918512287,107,0.883040935672515,7.11233490861216,0.0304653471270703,3.85238469465417,21.0552208563736,4.58320635757863,2.74689654916186,3.97529440717734,5.46334145253901,13.1990032495214,14.2086973050734,16.1978466233314,81,1,34.9990066007377,0,0,0,0,1,2.14285714285714,0,1,0,0,0,0,96,48.5840707964602,0,"death",9.47671232876712
"741","mn2060",0,1,-0.0677281176553393,56,1.5972850678733,5.50745360857286,0.0302296863453946,0.88585470710297,12.1175433956892,0.907489980185564,0.845853454620697,1.40964645185347,0.201197784144001,13.9133998320087,7.75795434939679,6.39235508447233,72,0,34.2525147415886,0,0,0,0,0,97.8571428571429,0,1,1,1,0,1,95,1.25,NA,"dementia",0.621917808219178
"742","mn2064",0,0,-0.32091968425955,172.5,2.48809523809524,3.9035940457163,0.0615109879418186,1.08419114076787,18.5392150100036,1.18580864170652,1.03021678249998,2.51001096579552,1.18855814986274,14.3691052216046,4.60899499215127,6.57495105226368,79,1,30.0479224191566,0,0,0,0,0,110.642857142857,0,0,0,0,0,0,89,12.2282608695652,NA,"censor",11.6383561643836
"743","mn2065",0,0,0.359158177007819,84,0.613445378151261,3.42345488643667,0.0729506824923115,0.634373721782941,13.3681504849828,0.672110444315881,0.5821828650966,1.47551939729088,0.576626615367607,9.00530911968024,3.53743937381764,2.53934227534853,83,1,28.8504484593557,0,0,0,0,0,97.9285714285714,1,1,1,0,0,0,94,15.6265356265356,0,"death",5.38356164383562
"744","mn2070",0,0,-0.0930492519915106,111,1.35831809872029,3.28005558600496,0.0584531282108519,1.08020167596274,12.045994444466,1.14886378793084,0.981038560451825,1.92925851458291,0.854958422990673,7.41782391995476,5.19133367530658,4.24940794724032,80,0,34.7149720623299,0,0,0,0,0,58.5714285714286,0,1,0,0,0,0,95,16.0944206008584,NA,"death",2.84931506849315
"745","mn2071",0,0,-2.01794034342223,243.5,2.09533073929961,5.68907369052273,0.0199734091307986,1.22344356673835,19.8822049708903,1.25797972783861,1.15956513411696,4.22819365018609,1.78416308507066,15.0131711997494,11.9002963793127,5.46769327973675,79,1,28.6155445721247,0,0,0,0,0,103.5,1,0,0,0,0,0,96,30.1840490797546,NA,"death",3.62739726027397
"746","mn2076",0,0,0.22554127871807,62.5,0.582417582417582,3.99772395451286,0.0842577784635634,0.902942337551052,14.3250824475203,0.973016625533569,0.844831414662876,1.71361821725216,0.960436258303047,10.621527162474,5.37928754239182,4.40714956906661,76,0,26.9695687039447,1,0,0,1,0,110.714285714286,0,0,0,0,0,0,93,1.68224299065421,0,"death",10.1671232876712
"747","mn2078",0,1,-0.38152903122764,88,0.628289473684211,4.83964403638027,0.0767814480643072,1.02858808190931,16.6652005036053,1.09539559223177,0.952587102232049,2.03769055522187,0.787189637136247,6.36071400363852,4.66619233236572,4.53350182331473,83,1,26.6064772066619,0,0,0,0,0,131.714285714286,0,1,0,0,0,0,97,1.96506550218341,0,"dementia",11.1780821917808
"748","mn2079",0,1,0.14045155842181,94,0.663636363636364,5.38978334802734,0.162908247882852,2.16495718883348,9.53630357010339,3.68421461158314,1.36423671169343,0.994486129066755,-0.0270396197672246,6.05847541909169,4.0832218396029,3.79874465686463,84,0,28.6255895711416,0,0,0,0,0,50.7142857142857,0,0,0,0,0,0,88,4.72303206997085,NA,"dementia",0.646575342465753
"749","mn2080",0,0,-0.04092952260159,178,2.01255230125523,5.49411014136494,0.0691412429053566,1.11728474034457,9.40841965743036,1.18376355148688,1.03651469119734,1.09147781994295,1.11730856257381,11.0431587049434,5.52974132131222,6.66143169524761,75,1,27.0318682187313,0,0,0,0,0,153.142857142857,0,1,0,0,0,0,93,6.12612612612613,0,"censor",11.1780821917808
"750","mn2088",0,0,-1.23268175974955,223,2.4416961130742,7.63162555161523,0.0361917004613836,0.918479918281087,18.0782213659918,0.976266584011545,0.895862316898412,3.79648620490803,0.610241405657665,14.963632705496,10.1143889430862,8.20640178261714,74,1,22.9545728863123,0,0,0,0,1,124.571428571429,1,0,0,0,0,0,91,2.57372654155496,0,"censor",10.7123287671233
"751","mn2089",0,0,-0.44945039447768,90.5,2.10509554140127,4.95754830119169,0.047019649580342,1.15899623970113,11.2100037590866,1.23666998415361,1.02676927165341,1.43690912992746,0.920796157590129,14.2716198863233,5.02341456285914,4.92201655765658,85,1,29.1813514639765,0,0,0,0,0,187.785714285714,0,1,1,0,0,0,93,7.3943661971831,0,"death",7.57808219178082
"752","mn2091",0,0,0.00973087306142019,91,1.32394366197183,4.05300813945413,0.0592638700514768,0.84693183412617,15.2397714898295,0.909735863491975,0.798848889406012,1.756127752657,0.865885176794921,11.8316198294397,5.12170699638224,5.27521985650327,78,1,24.2275439871625,0,0,0,0,0,235.285714285714,0,1,1,0,0,0,93,0,1,"censor",11.2328767123288
"753","mn2092",0,0,0.33923659269287,98.5,1.76148796498906,3.69026835617772,0.0756290415913378,0.596714209576206,12.3173137954651,0.659119691976239,0.5670866019985,1.16531392523424,0.772994135071844,13.1285040932981,4.01030498206014,2.96150769101063,82,1,24.2262147024052,0,0,0,0,0,27.1428571428571,0,1,1,0,1,0,89,4.6875,1,"death",11.0602739726027
"754","mn2094",0,0,0.0195100392526996,113.5,1.83333333333333,4.18089676667965,0.0419190250846657,0.824076087386642,14.0170368999712,0.866199109853618,0.784848833590032,2.42971306143763,0.61818317694161,11.2429387913029,6.63974093729996,4.63627936118728,72,1,30.4844261635198,0,0,0,0,0,232.428571428571,0,1,0,0,0,0,94,3.98843930635838,1,"censor",11.0383561643836
"755","mn2098",0,0,0.223520195937969,184.5,2.73983739837398,3.94492126974199,0.099800456722329,0.720738222609474,18.245102196711,0.815103638656132,0.656822461770307,1.74171205524055,1.41273796966257,11.8470000178673,4.88723265475451,3.85042908676522,70,1,24.2678693170441,0,0,0,0,0,185.75,0,1,1,0,0,0,97,41.0526315789474,0,"censor",9.47671232876712
"756","mn2099",0,0,-0.0585566853380001,126.5,2.08128078817734,4.21940286218407,0.0903948337929992,0.869376901082486,18.6328241430726,0.945916282488265,0.80587972437209,2.56410387864492,1.56642442736649,11.5338501166021,6.09553523801878,4.04716554023236,70,1,24.7204216389899,0,0,0,0,0,178.785714285714,0,1,0,0,0,0,98,1.04956268221574,0,"censor",10.8602739726027
"757","mn2101",0,0,-0.771393312953511,95,1.28978622327791,3.25489628321231,0.0290061862714054,1.16970222847858,20.6016878215887,1.20740013058297,1.10194740810476,2.15207600397074,0.587785014186181,6.49197099383414,7.21123162139432,7.01201428552862,78,0,29.2639310479102,0,0,0,0,0,240.178571428571,0,1,0,0,0,0,97,10.7655502392345,0,"censor",11.0986301369863
"758","mn2106",0,0,-1.15946583359472,92,1.48456790123457,3.61689353246765,0.0745135034497917,1.46405648943015,16.2213137649518,1.51467083808094,1.36279303527212,2.2037330530498,0.52347441389113,10.6105271273389,7.829551925126,6.19932179374516,92,1,25.6112355894921,0,0,0,0,1,25.3571428571429,0,1,0,0,0,0,89,4.90566037735849,1,"death",5.81917808219178
"759","mn2111",0,1,0.50273115830735,60,0.806748466257669,5.15510049658802,0.116071939798981,0.547076294672242,15.4559930394399,0.562723434351506,0.52372132586003,1.21683635900358,0.438714017731971,7.43279516775385,4.17983316473919,5.89496850205988,77,1,23.9330090187237,0,0,0,0,0,112.535714285714,0,1,1,0,0,0,96,18.961038961039,0,"dementia",10.4493150684932
"760","mn2114",0,0,-0.514369271255811,145.5,1.20373831775701,7.39796040160935,0.0589529246365923,0.925205286474592,15.201877986139,0.979828397537288,0.868249574189274,2.81395508326633,1.23635214180353,10.4578290471268,6.10380680392655,5.83057116343319,74,1,22.7717470184026,0,0,0,0,0,224.964285714286,0,0,0,0,0,0,98,0.672645739910314,0,"censor",10.158904109589
"761","mn2116",0,0,-0.295608846897071,68.5,0.753886010362694,4.23068906611727,0.0353264652936785,0.886601935479162,12.1204181542866,0.910692392235522,0.84311502710112,2.04735376993529,0.658586499739791,5.26556647378055,7.80707769930235,6.46285775610087,75,1,39.7395384468065,0,0,0,0,0,154.214285714286,0,0,0,0,0,0,94,56.6412213740458,0,"death",10.4876712328767
"762","mn2118",0,1,-3.09213095140058,151.5,0.835714285714286,10.2533540188247,0.0278540874619276,NA,19.7069659795466,NA,NA,4.39805028003628,NA,14.7497907445073,15.8246775387802,NA,77,1,37.6953530106683,0,0,0,0,0,171.607142857143,1,1,0,0,0,0,94,41.9254658385093,0,"dementia",5.23287671232877
"763","mn2121",0,0,-0.76893169726487,226,2.83503054989817,6.49629409533885,0.0269267547633294,0.569718902118347,17.2970818421391,0.590357488770265,0.54550026944359,2.30051066385749,0.41113060223153,25.4375253340057,7.78548715165378,5.45667370976303,83,0,28.5046415027024,0,0,0,0,0,163.857142857143,0,1,0,0,0,0,97,9.81818181818182,0,"death",5.95616438356164
"764","mn2123",0,0,-0.39633135497523,99.5,0.852459016393443,4.79204932767439,0.0591101503630533,0.991858594011921,14.8266687651283,1.0256581723451,0.922226901510273,2.89029895393866,0.720039647673602,10.5662839228513,7.27476889486443,4.95097458248292,78,1,35.0716723538196,0,0,0,0,0,158.392857142857,0,0,0,0,0,0,94,6.63239074550129,0,"censor",11.7616438356164
"765","mn2126",0,1,0.147778621737559,179,1.52962962962963,4.13793118887621,0.0477786366095677,0.791366864513092,12.4715698269654,0.854198795474614,0.743769200602007,1.3350881660433,0.726588313873002,14.6044099892629,5.02581236128061,4.30325499992162,78,1,26.9439723868309,0,0,0,0,0,112.214285714286,0,0,0,0,0,0,96,14.8031496062992,1,"dementia",11.3178082191781
"766","mn2129",0,0,-0.20037480024272,122.5,1.64399092970522,6.4694666360003,0.0356143369272559,0.776811254984526,17.2233884373135,0.803098589862722,0.738694754827839,2.59193152021296,0.878252411529658,11.7354708381388,5.59599334365962,4.55076162025429,70,1,29.6344241250686,1,0,0,1,0,92.4285714285714,0,0,1,0,0,0,98,6.41509433962264,0,"censor",10.1671232876712
"767","mn2130",0,0,-0.81481410573262,47.5,1.41632653061225,8.47073001341836,0.0531262458190905,0.7574198827979,17.5667712450673,0.775401400395677,0.718610425226204,2.42346045465203,0.0703197068848753,8.74070870574974,6.80889669658129,4.44202665621623,79,1,24.3367901486742,0,0,0,0,0,75.6785714285714,0,0,1,0,1,0,95,8.35443037974684,0,"death",3.47671232876712
"768","mn2131",0,0,-0.0992216299559203,238.5,2.98924731182796,4.33344252185951,0.0519715622120034,0.798577651229266,9.94915579903853,0.87594487127064,0.731973363590014,1.55845280405688,1.30388060155244,15.9361926157051,7.95784234594172,4.62909569335676,71,1,29.7973778307509,0,0,0,0,0,153.285714285714,0,1,0,0,0,0,96,16.6767371601208,1,"censor",10.1808219178082
"769","mn2134",0,0,-0.95962293196813,355,3.04022988505747,9.43600203352378,0.0717783683762256,0.90942798860619,15.4625287535695,1.03071603922135,0.814277759002915,2.65855145354111,1.65802410072257,13.6871245026096,6.27599642079406,2.52100741696661,72,1,21.5110824167658,0,0,0,0,1,189.571428571429,0,0,0,0,0,0,94,2.74038461538462,1,"death",9.91232876712329
"770","mn2137",0,0,-0.209682663426911,82,1.6,3.02961678815142,0.0616738869573897,0.759075257103469,12.9923228235817,0.791512922389935,0.719117595174819,1.32509770246592,0.684776291411148,9.68383038318314,5.47787580458249,5.13456852917641,87,0,26.565714570857,0,0,0,0,0,177.357142857143,0,0,0,0,0,0,86,13.125,0,"censor",11.0465753424658
"771","mn2140",0,0,0.0242329937546103,112,1.22900763358779,4.90823267734477,0.0486946262996847,0.807770445265954,17.5422595635845,0.82848343812092,0.77357794957156,1.70402287477541,0.599748605991534,8.0331997826052,4.07643308303482,3.94674979476728,75,1,31.7730496453901,0,0,1,1,0,102.5,1,1,0,0,0,0,95,20.5851063829787,2,"censor",11.2164383561644
"772","mn2141",0,0,-0.0699051654815193,141.5,2.0917225950783,5.08117005445137,0.0411791759148658,0.85808489097928,15.9714278093898,0.903564042511251,0.813439438906889,1.94538749547751,0.621288317460315,13.4362146285493,5.54908670805604,3.58735692817171,73,1,32.4398141697017,0,0,0,0,0,279.75,0,1,0,0,0,0,91,11.8235294117647,NA,"censor",10.5671232876712
"773","mn2143",0,0,-0.92966442579383,100.5,1.51771117166213,6.83516158308548,0.0440400647678302,1.13695269024682,14.4021288032237,1.19136227498343,1.05784141405663,2.01143619654861,1.14699182009364,24.0005588804254,8.56955989830087,5.5975031464266,82,0,25.749386958631,0,0,0,0,0,143.071428571429,0,0,0,0,1,0,94,5.70491803278689,0,"censor",10.5616438356164
"774","mn2145",0,0,-0.25020286834617,161,2.03448275862069,3.72718791862325,0.0445958810832834,1.44399203343555,7.48966612740851,1.51730094046621,1.31732099101042,1.02209805199042,0.55925745183734,10.5413372130667,6.09466416308924,5.32107863042378,81,1,28.6429751185465,0,0,0,0,0,107.642857142857,0,1,0,0,0,0,94,5.625,0,"censor",11.1917808219178
"775","mn2146",0,0,0.16791485583411,76.5,1.41190476190476,4.28371162463107,0.0875646060252906,0.815466848700385,13.9100404192001,0.888151535590129,0.770882332168588,1.54027292042896,1.01809083543197,9.70317465279498,4.51927168169666,2.89691531731633,78,1,26.225423351134,0,0,0,0,0,128.214285714286,0,0,0,0,0,0,99,1.04956268221574,0,"death",5.66575342465753
"776","mn2148",0,0,-0.04432379436454,33,0.625827814569536,3.62757485455628,0.0783776265261432,1.14736423506459,15.8782007246593,1.2497453041566,1.04723959397245,2.34288998503191,1.2787842228748,5.91872558262366,4.11039268943101,3.62181469205817,78,1,28.9665634141747,0,0,0,0,0,78.5714285714286,1,1,0,0,0,0,93,9.05027932960894,0,"censor",9.77260273972603
"777","mn2149",0,0,0.236909832746279,83,1.01630434782609,3.96510228529343,0.0519191866281018,0.941491794674546,10.0485296177135,0.984851850235654,0.853350265124595,1.06560626358238,0.604148589430577,10.8682305826216,3.47445761264153,2.55990808567607,83,1,28.3446712018141,0,0,0,0,0,165.5,0,1,0,1,0,0,96,28.6393088552916,0,"death",10.6904109589041
"778","mn2150",0,0,-0.0834706705074893,172,1.75751072961373,5.36033173193757,0.0546430075599101,0.703775649581403,19.6710474222005,0.7373620857026,0.67705292479779,2.55715274677458,0.896107645607527,17.4038299027168,4.61084124068803,3.79930515384917,76,1,27.2071440979255,0,0,0,0,0,92.4642857142857,0,1,0,0,0,0,97,15.046439628483,0,"censor",10.972602739726
"779","mn2152",0,0,0.0973712095460002,183,2.64564564564565,4.92126460885764,0.0503248673393131,0.989404042322867,13.0601717821297,1.0237042151863,0.940949733878295,1.63668878835078,0.802698855945652,12.7284862474471,5.62864675009129,4.76987849741527,70,1,23.5081539845679,0,0,0,0,0,73.1071428571429,0,1,1,0,0,0,99,0,0,"censor",10.3917808219178
"780","mn2157",0,0,-0.950433183004521,120.5,1.18018018018018,6.02666501338919,0.0205987224582634,0.558477697555011,13.8730034393215,0.56604241572861,0.535241868623067,2.8103841503405,0.439382490031727,13.1443251489761,8.79494274055668,6.4641208953204,85,1,25.9491183449414,0,0,0,0,0,86.7142857142857,0,0,0,0,0,0,98,0.390879478827362,0,"censor",11.0438356164384
"781","mn2159",0,0,0.270101198438979,154.5,2.92715231788079,5.52340706007786,0.0342195245198751,0.579462935881826,11.7831897317103,0.613291633022498,0.547438186636946,0.931538945304119,0.479433622793992,16.6820672618903,5.8990716703303,2.91038782569291,70,1,32.4552611601104,0,0,0,0,1,199.857142857143,0,1,0,0,0,0,98,1.54639175257732,0,"death",4.03835616438356
"782","mn2160",0,0,-0.94531561177057,284.5,2.88190476190476,6.7399602124213,0.0468899617819597,0.602685283055144,22.9340567008692,0.63009981669609,0.580600665018007,3.31802922597638,1.61384767067406,11.9633083675352,6.74467225523075,7.22471406784164,72,1,23.5857446444068,0,0,0,0,0,178.464285714286,0,0,0,0,0,0,98,0,0,"censor",11.3698630136986
"783","mn2161",0,0,-0.00299081961247935,21.5,0.17434869739479,2.96947512773432,0.0754209521910262,0.960347244370066,13.7193109631599,1.00913530120708,0.887849093572422,2.5650127932937,1.41471747327698,5.7861765532484,6.73579945307636,5.02879443575494,75,0,29.8656440162479,1,0,0,1,0,436.535714285714,0,1,0,0,0,0,80,0.890207715133531,1,"death",5.56164383561644
"784","mn2165",0,0,-0.17163384324776,122,0.85191637630662,6.94259469920161,0.115894715403658,0.762019797246509,20.2064907053124,0.794970000796026,0.705455213391675,2.96646070776356,1.54602565694883,8.53554182062179,5.63945198747076,5.3404290688943,70,1,24.7992246195436,0,0,0,0,1,222,0,0,1,0,0,0,97,24.743935309973,NA,"censor",10.7479452054795
"785","mn2166",0,0,-1.21264371143752,165,1.13888888888889,4.57857629678787,0.0283297796179087,1.56496956707135,13.7992223502857,1.80222045028605,1.29864026624556,2.26307857907825,1.00043009567092,14.2985697776605,8.9999504126204,7.49789555764605,81,1,21.9895059201552,0,0,0,0,0,136,0,0,0,0,0,0,96,0.148514851485149,0,"censor",2.81095890410959
"786","mn2169",0,0,-0.27634940441004,225,2.42168674698795,6.02601516698113,0.0496344725192386,0.713865889650089,14.6208299376804,0.732212420679647,0.669791362697203,1.33112743532935,0.560548362754085,14.9909407219901,4.13894255518004,4.55852245800126,83,0,29.5427769368092,0,0,0,0,0,149,0,1,0,0,0,0,93,4.08450704225352,0,"death",10.6520547945205
"787","mn2170",0,0,-0.35187816798952,75.5,1.03307888040712,5.28024728263259,0.0372117655649924,0.732956646694884,14.9061725091351,0.766489820167347,0.701882196058792,2.01102473952577,0.999768806798325,9.5009899562035,6.53100066427198,4.41768583432764,76,1,27.8315517773476,0,0,0,0,0,100.142857142857,0,0,0,0,0,0,97,25.2733118971061,0,"death",9.31506849315068
"788","mn2178",0,0,-0.69565986069326,109.5,1.47826086956522,6.25486318319067,0.0375333132993181,0.878861907359841,10.7820529681342,0.892569277471739,0.825805993630511,1.7372784704336,0.726596490236639,8.46763423152443,7.30724638798322,4.7515110879879,81,1,24.9946008853706,0,0,0,0,0,158.035714285714,0,0,0,0,0,0,98,3.10077519379845,0,"censor",10.0328767123288
"789","mn2184",0,0,0.12469647229224,188.5,1.91221374045802,3.32592995206969,0.0306267645454094,0.729345798628489,11.7677382811292,0.750825046149711,0.685206154645957,1.6338889070621,0.87692057460076,13.3297913177484,6.08739578529521,5.23707993985557,75,1,28.3906833631823,0,0,0,0,1,205.75,0,0,1,0,0,0,96,12.156862745098,NA,"censor",11.7150684931507
"790","mn2190",0,0,-0.42712721315927,343.5,2.69532710280374,4.58918856386994,0.0365751209852541,1.17895135200606,13.7348959978921,1.23977384992416,1.08249283245753,1.63525149589882,1.04787760641319,16.9781555152224,7.1985302725135,6.04391195935663,73,0,25.6141961433314,0,0,0,0,0,156,0,0,0,0,0,0,98,43.8904109589041,0,"censor",9.92328767123288
"791","mn2191",0,0,-0.23294033931781,55.5,0.532894736842105,3.99234082729382,0.0286031170781255,1.03983018496514,15.1454128326553,1.07133481625839,0.976157932013111,1.95113457776434,0.418552451913417,9.91369428156709,4.67890401178209,4.4775579544314,83,1,26.2429399524376,0,0,0,0,1,30,0,1,0,0,0,0,92,4.85549132947977,NA,"death",7.36164383561644
"792","mn2192",0,1,-0.00895019787714943,123,1.76225490196078,3.49298545125848,0.0377667874430316,0.792096093356441,12.8884047034777,0.830152169796046,0.725586782386338,1.24056639878541,1.0630896939023,9.40273773470262,5.07657993826657,3.53355732965404,77,0,30.8119824743426,0,0,0,0,0,175.214285714286,0,1,1,0,0,0,92,3.85474860335196,NA,"dementia",4.17260273972603
"793","mn2194",0,0,0.39525072244236,125,2.18117647058824,4.61587692715349,0.0561398431838389,0.622541286966457,12.4043097085577,0.645442627406065,0.590691585264364,1.63528100773081,0.531921459203522,13.1454672215174,6.2184844678253,6.0447369049505,70,1,24.6389797961181,0,0,0,0,0,345.428571428571,0,0,0,0,0,0,100,2.65927977839335,NA,"censor",10.6246575342466
"794","mn2196",0,0,0.35748352519748,153.5,1.07692307692308,3.60474994003989,0.0513152284739899,1.10379110363233,11.7483456778936,1.16421320749677,1.04694030520829,1.38922679063641,0.934324959485733,9.49824260647182,4.34464251850858,5.3003905470092,73,1,25.561267869683,0,0,0,0,1,158.5,0,1,0,0,0,0,99,12.1140142517815,NA,"death",3.37260273972603
"795","mn2199",0,0,-0.39847512988101,243.5,2.42116182572614,4.54029889130916,0.0701915036430131,1.21263356075605,10.9895062833518,1.31345609398131,1.14500926403832,2.14800116841524,1.05652384597195,13.0444362766392,7.73377463417349,7.85972512894865,76,0,27.1396776641361,0,0,0,0,0,243.428571428571,0,1,0,0,0,0,94,17.5487465181059,NA,"death",7
"796","mn2200",0,0,-0.17916118318547,85.5,1.44554455445545,4.47917000493742,0.049438309767204,0.898093844338348,12.7446339092349,1.01517895360296,0.787650423785022,2.31095474891092,1.03402678470086,7.03154834374013,5.25214125325941,5.59770446044325,77,1,26.486260252494,0,0,0,0,0,92,0,1,0,0,0,0,97,16.4102564102564,0,"death",2.1013698630137
"798","mn2202",0,0,-0.467188266060801,91,1.21573604060914,4.7406424395027,0.0299768164276252,1.04980457751897,16.5842740800602,1.08677808273442,0.981658097000375,1.94774605755536,0.679767246930364,14.2363592524387,7.29842413899263,4.45862745726922,76,1,23.0146873158825,0,0,0,0,0,128.5,0,1,0,0,0,0,99,6.64819944598338,0,"censor",9.76438356164384
"799","mn2203",0,0,-0.62370383541235,111.5,1.57339449541284,5.1432212669713,0.0313119932571962,1.45628397199823,12.2934847611178,1.57203901897046,1.33951654284804,1.61102185680634,1.05221041469239,13.1975672017,7.52262560591241,6.97772822373862,75,1,27.0300616938034,0,0,0,0,0,108.25,0,1,0,0,0,0,98,2.63565891472868,1,"censor",11.0821917808219
"801","mn2207",0,0,-0.152783168964559,70.5,0.758186397984887,4.6378888131153,0.0976191655881483,0.81909803390621,17.2802323656531,0.875424647941885,0.782991637884884,3.09163343185127,1.37333350431361,13.322064808309,5.92796423796034,9.16260416260429,80,1,26.9391503157737,0,0,0,0,0,86,0,0,0,0,0,0,86,12.7659574468085,0,"censor",11.1452054794521
"802","mn2208",0,0,-0.80634089042937,201,1.82857142857143,5.74809994048619,0.0285393905834223,1.03843812627918,14.6908659061799,1.07778491544452,0.953490397423264,2.05866250119691,1.38696982934775,10.0348827790926,8.55343191189479,7.21104661553108,71,1,28.254024932766,0,0,0,0,0,122,0,1,0,0,0,0,100,30.7978723404255,0,"censor",10.9397260273973
"803","mn2209",0,0,-0.0882883935348104,147.5,1.90500863557858,3.48199187740052,0.0774148800955523,0.84020827669849,14.3512292750522,0.911428325020352,0.802818359364825,1.73629876598854,1.79074092268754,10.5688842141563,4.07243380398053,4.59058388389176,81,1,27.8414902790433,0,0,0,0,1,121.428571428571,0,0,0,0,0,0,88,22.1739130434783,NA,"death",5.55890410958904
"804","mn2213",0,0,-0.87776329917793,307.5,3.86475409836066,8.79019878631274,0.0198402386050811,1.05896845316944,18.0895884297962,1.08745355247692,0.989800230987369,3.01235498961584,1.23872545246389,25.727504752015,7.91380423593225,7.14139380874909,67,1,24.2231069735426,0,0,0,0,0,167.285714285714,0,0,0,0,0,0,99,3.46153846153846,0,"censor",10.8493150684932
"805","mn2214",0,0,-0.48457769076027,192,1.29222011385199,5.5363832855316,0.0302404586734601,0.467061341282314,16.3687397029712,0.474028495091801,0.454844453688013,2.77944852202131,0.892322930922806,9.71078551310648,8.81590058745506,8.69947744945943,71,1,26.2362783353324,0,0,0,0,1,280.928571428571,0,1,0,0,0,0,96,0.563380281690141,0,"censor",11.6821917808219
"806","mn2218",0,0,-0.894972508584139,318,1.27547169811321,5.93503294759236,0.393066333227862,0.488666544283194,17.3536832468501,0.580065217355591,0.422531111907347,3.24079130976879,2.50167264264085,10.0809442806,7.61853552434784,7.68299487500566,77,1,22.9479174213308,0,0,0,0,0,97.7857142857143,0,0,0,0,0,0,100,4.8780487804878,0,"death",8.54794520547945
"807","mn2219",0,0,-0.21645868561484,24,0.292783505154639,2.04541576677762,0.0943583488458065,0.945698074795608,20.0462013444393,1.04822422167251,0.886710599563903,4.35777755841639,2.58523614142489,3.92201368950709,3.63223871063036,2.94770351761675,80,0,34.01211030648,0,0,0,0,0,85.3571428571429,0,0,0,0,0,0,97,39.4373401534527,NA,"death",9.25753424657534
"808","mn2221",0,1,-0.26746035643832,132.5,2.30254777070064,5.97530412995328,0.0636038767573067,0.685161254437215,14.321849902845,0.71806570484767,0.639149428560456,1.5259318450742,0.80152490091879,10.4689242168638,6.07371173092708,4.33675432040082,76,1,25.1938099505263,0,0,0,0,0,271.321428571429,0,0,0,0,0,0,97,7.78761061946903,0,"dementia",10.8547945205479
"809","mn2223",0,0,0.77478485953412,48.5,0.798534798534798,2.26154907245949,0.0663392030487204,0.640418055473306,15.3115469641072,0.689109411545329,0.581883265906947,2.8541929579948,1.42299680408587,4.9544711751288,2.52920270637588,1.78435800994565,71,0,46.5162201851193,0,0,0,0,0,279.214285714286,0,0,0,0,0,0,95,4.15584415584416,0,"death",9.48493150684932
"810","mn2224",0,0,-0.35848581599185,64.5,0.890909090909091,4.57049516948965,0.0446696057126895,0.763353632081667,18.1036656080483,0.788711334201664,0.710546633415499,1.87947263886767,0.441155528739255,7.83177340437297,4.97351673058862,2.80285346576906,82,0,28.335516664755,0,0,0,0,0,170.571428571429,0,1,1,0,0,0,92,19.375,0,"censor",11.041095890411
"811","mn2226",0,1,0.98921779237784,33,0.536873156342183,4.05364780740398,0.0448364694876029,0.514370753569789,8.85624633477662,0.528097094673456,0.496764611956189,0.929699664684245,0.52396380236774,7.76929640692371,3.56243426369407,3.63012658405039,71,1,25.6720750056589,0,0,0,0,0,63.5714285714286,0,1,0,0,0,0,87,29.6551724137931,2,"dementia",0.898630136986301
"812","mn2228",0,0,-0.13091706975293,231.5,2.03793103448276,6.44099150873637,0.0446545720057527,1.4590483764534,15.8113916103986,1.56558892247444,1.28394625901592,3.11439912466674,1.04934633694996,25.9904190303904,6.10140096757849,5.70749823529932,68,1,23.5849036093164,0,0,0,0,0,187.428571428571,0,0,0,0,0,0,99,0.271493212669683,0,"death",5.41917808219178
"813","mn2231",0,1,-0.11631496592648,57,1.13207547169811,4.02188369781459,0.0635339355069314,0.929952875652635,13.9728864968774,0.95362356276816,0.877107880925162,1.34741872761085,0.755646789038584,9.0807945020358,4.1203815083598,5.42344767316551,85,1,27.8506647356872,0,0,1,1,0,138.142857142857,0,1,0,0,0,0,94,13.1320754716981,NA,"dementia",1.1041095890411
"814","mn2232",0,0,-1.0277429877542,160,1.44370860927152,6.99411087282713,0.0316714773110608,0.692893894930116,19.8979122714409,0.737630724098885,0.661814484776284,2.45236293193307,1.66363314556448,12.3969298652023,5.5000108546185,4.67245169789762,81,1,29.1266162601299,0,0,0,0,1,130,0,1,0,0,0,0,90,2.02702702702703,0,"censor",10.9123287671233
"815","mn2241",0,0,-0.62015539118501,121.5,1.58655804480652,4.1635980783566,0.0392991888034931,1.31229992678579,14.963979021483,1.36979631945615,1.23111358069952,1.73080946024896,1.06327346023643,9.63503487821116,6.34106933923384,6.17941771052428,79,1,25.2344553001912,0,0,0,0,0,71.4285714285714,0,0,0,0,0,0,96,2.30179028132992,2,"censor",11.0657534246575
"816","mn2242",0,0,1.01359246687879,84.5,1.1645885286783,3.65473578107536,0.0775112274476531,0.718386261640729,9.81650408296792,0.757814049036047,0.676783006301892,1.28494590854408,0.541920769960639,15.8469581256731,4.7952654121633,4.22445151509209,71,0,31.4522448907712,1,0,0,1,0,171.642857142857,1,1,0,0,0,0,94,25.2722063037249,0,"censor",3.85753424657534
"817","mn2243",0,0,-0.38430749382704,113,1.51241534988713,5.33530473658808,0.018613944488084,0.583098304732809,12.3643980609977,0.596524131261917,0.561130792927138,1.65944234007023,0.874216517580913,10.967108322363,5.61824766246521,6.59876050752467,82,1,20.3522438511925,0,0,0,0,0,140.714285714286,0,0,1,0,0,1,91,8.4887459807074,0,"death",2.1041095890411
"818","mn2246",0,0,0.61510110089998,207,2.37330754352031,4.65856292639715,0.0372831431865565,0.911911685453181,8.52746538688653,0.958183432125367,0.820953785056008,0.781680221115323,0.384338285470573,12.5752397137575,4.32746411391636,3.4080991353582,69,1,20.3397633080767,0,0,0,0,1,213.714285714286,0,1,0,0,0,0,100,3.37236533957845,NA,"censor",10.7150684931507
"820","mn2249",0,0,-0.620590342018789,126.5,1.60051546391753,5.02795377701758,0.0539614611267197,1.5084071470303,18.2874412540094,1.55987177887128,1.3909946867419,2.04722350062594,0.457542337179739,10.577660191547,7.77860167923163,6.38058545437312,72,1,23.0126064044593,0,0,0,0,0,186.357142857143,0,1,0,0,0,0,96,0.377358490566038,0,"censor",10.9643835616438
"821","mn2250",0,1,-0.19692445905754,172,1.55,4.70204545378634,0.0483459576166119,1.00713221431223,19.3349195689707,1.06190495620246,0.956019181790975,2.81832013842023,1.0783650496182,15.4556796943742,7.16090450174805,6.89295510278091,68,1,26.2130185797697,0,0,0,0,0,213.035714285714,0,0,1,0,0,0,95,7.15151515151515,0,"dementia",10.8684931506849
"822","mn2251",0,0,-0.99266138570916,79.5,0.449462365591398,7.88723584101562,0.0369756856259317,0.682263399669067,22.8210629293931,0.694770414220444,0.654792228376982,7.51237990887103,0.438313915000435,13.267161797372,8.8892320235209,6.83591271566404,74,1,28.6339025406081,1,0,0,1,0,224.571428571429,0,0,0,0,0,0,91,9.6514745308311,0,"censor",11.7917808219178
"823","mn2255",0,0,-0.258670357615151,198,2.11206896551724,6.79753704910576,0.0655335979700533,0.823316124949121,16.0070190876504,1.0281083585006,0.868175288585177,2.50998383605777,1.24202373558701,13.8773946951912,6.26162494725364,3.86542972311561,69,1,27.6668216892531,0,0,0,0,0,151,0,0,0,0,0,0,96,3.87640449438202,0,"censor",10.0657534246575
"824","mn2258",0,1,-1.27016522621476,223.5,2.07085020242915,5.80028931119284,0.051953535025934,0.796777241503453,15.788127473557,0.893122477999249,0.712258745675338,5.46976968759427,6.56168937979828,11.6883925557704,9.82393546744949,10.7080900502811,78,1,31.9114159847655,0,0,0,0,0,256.428571428571,0,0,0,1,0,0,90,62.4277456647399,2,"dementia",5.93972602739726
"825","mn2259",0,1,-1.05447983274894,217.5,2.09717314487632,4.24127814943584,0.0471333647322566,0.989232984746342,22.5496910932882,1.08123812678949,0.917028588109939,2.98364348935448,2.47077366796903,14.2762912539578,5.97079955296841,5.78397567981308,79,1,27.0988302971136,0,0,0,0,1,97.3214285714286,0,1,0,0,0,0,97,18.24,0,"dementia",3.62191780821918
"826","mn2261",0,0,-0.625868491104821,148.5,2.06997742663657,4.38806720838305,0.0450909970309769,0.921519110205054,14.0709067697258,0.94574009868453,0.843184213745038,1.57438423978643,0.466903923591499,14.3527882192326,7.48176211950906,5.34885378432119,84,1,27.3178191457416,0,0,0,0,0,146.75,0,1,0,0,0,0,89,13.6288088642659,1,"death",8.98630136986301
"827","mn2263",0,0,0.0635470079777903,198.5,0.74888558692422,4.83607145276669,0.0706395670627839,NA,11.6085674292038,NA,NA,1.65308304955302,NA,7.48844920812039,7.24501664285812,NA,68,1,25.5116852953985,0,0,0,0,0,147.714285714286,0,1,0,0,0,0,99,13.5267857142857,1,"death",7.08219178082192
"828","mn2267",0,0,-0.2112703583322,180.5,1.6469298245614,5.20841267006642,0.0509051461073015,0.511817024894567,17.7025178711778,0.540999617768826,0.465680844342789,2.29363121307381,2.59953773060525,11.5416070790093,4.92396337101445,5.64414520857759,79,1,27.8373942684005,0,0,0,0,0,37.0714285714286,0,0,0,0,0,0,96,5.15923566878981,0,"censor",10.0849315068493
"829","mn2273",0,0,0.734827651928261,53.5,0.966153846153846,4.59783783410078,0.0808969544281192,0.670307714449109,17.9143880445302,0.702847108608059,0.64551927017655,2.05423056461482,0.528862567952092,11.5615271991571,3.38809294518661,3.76676171452688,70,0,30.4359254596516,0,0,0,0,0,132.071428571429,0,1,0,0,0,0,92,10.6034482758621,0,"censor",11.2794520547945
"830","mn2275",0,0,-0.12686422556738,65.5,1.18556701030928,5.35275055225276,0.0433560813167267,0.446055993690416,12.9544142434702,0.469052358288181,0.427515481984241,1.86854031407486,0.705827763920573,13.1975990182984,5.33372461788134,4.26340391289383,83,1,24.1263702154392,0,0,0,0,0,148.25,0,0,1,0,0,0,90,3.72549019607843,0,"death",7.84657534246575
"831","mn2276",0,0,0.47193350204808,167.5,2.11530815109344,3.89117229351093,0.0757819309673659,0.358708933146054,16.2280534519281,0.372978012944002,0.34938350496584,1.34954269803615,0.150921218121172,12.9163413543764,3.22787529804704,2.00731654517917,81,1,35.6787279668206,0,0,0,0,1,241.214285714286,0,1,0,0,0,0,98,37.3684210526316,0,"death",3.53972602739726
"832","mn2278",0,0,-0.530820153160511,139.5,0.86,6.00132063766907,0.0753343753440944,0.590724015724789,15.2088291471023,0.614159413739256,0.560369959490954,3.34180489271541,1.1049511527504,8.76798431818689,9.55872239555934,4.28003690244448,72,0,35.576286121582,1,0,0,1,0,93.1428571428571,1,1,0,0,0,0,90,29.91643454039,0,"censor",6.00547945205479
"833","mn2280",0,0,-0.25942995293951,58,0.390658174097665,5.76868827598051,0.0419970268489236,0.727987776005456,22.3987125157053,0.764767740775255,0.699481251541345,3.33995812924585,0.299578230197972,7.54126098696832,4.09602958426435,4.88931806976863,77,1,30.6142845100873,0,0,0,0,0,144.214285714286,0,0,0,0,NA,0,97,50.0332225913621,NA,"censor",11.9260273972603
"834","mn2283",0,0,-0.98822362238443,45.5,0.67032967032967,6.29968925211222,0.0511671111103224,2.0909848107985,16.0762470737772,2.34431876111344,1.88119251884446,2.76276057613964,1.04838218075062,9.80471083005614,7.64884697262988,6.10496885148244,71,1,38.3601005765629,0,0,0,0,0,85,0,1,1,0,0,0,99,32.7272727272727,0,"censor",9.67397260273973
"835","mn2285",0,1,0.0620923666139603,75,0.738430583501006,4.61388098585582,0.0556486367575031,0.820674717457869,12.9568501156699,0.963332640504137,0.797190261366015,1.56751191724515,0.744166119599389,18.0027131646204,7.33334336394628,3.71666861189341,75,1,23.816566033081,0,0,0,0,0,105,0,0,0,0,0,0,96,19.1280653950954,2,"dementia",11.1506849315068
"836","mn2286",0,0,-0.20716052705845,148.5,1.57517899761337,4.85242756997648,0.0692642916685957,1.0086802327028,12.4513634145453,1.10013801028389,0.913746503517225,1.879907022259,1.04530185367463,11.4047262535907,5.77118628740535,2.9449408995399,78,1,24.9793135125691,0,0,0,0,0,117.107142857143,0,0,0,0,0,0,97,2.59681093394077,1,"censor",10.3753424657534
"837","mn2288",0,0,-0.82607338768409,102,1.46268656716418,7.7835764040099,0.0705827794046307,1.06334169061328,18.118757062872,1.10066498887186,1.01972503748654,2.55436876971059,0.550356027555201,12.2177736417111,7.11443381276388,5.17839131041904,78,1,32.2301273407394,0,0,0,0,0,130,0,1,0,0,0,0,86,5.86206896551724,0,"death",10.8109589041096
"838","mn2289",0,0,-0.0235091259920793,274.5,3.03711340206186,4.61412678860015,0.0306018124158019,1.39306788181328,13.5878140487582,1.49170981914504,1.25565123055079,1.49511455198562,0.955676562085577,17.440426695211,3.91506303870781,3.01516560991192,72,1,28.9292664187202,0,0,0,0,1,141.714285714286,0,0,0,0,0,0,96,0,0,"censor",10.4301369863014
"839","mn2292",0,0,-0.36968735388249,46,0.662756598240469,6.9668843441017,0.0396791485292407,0.652372002804676,15.4131180377963,0.667960251081273,0.618219611293854,1.39544755489797,0.564741084716145,8.56268953588956,2.68771092654286,3.87318211267138,87,1,30.5796107524783,0,0,0,0,0,65,0,1,0,0,0,0,94,16.6887417218543,0,"death",8.32602739726027
"840","mn2293",0,0,-0.44399253899367,103.5,2.04166666666667,4.5041207754119,0.0488011866005325,0.629016362099266,17.4780938363348,0.658034746873156,0.596443447190262,2.71634283901887,1.36955856237214,11.9428480508514,8.24206366874283,6.7793718167033,72,1,25.4613048868169,0,0,0,0,0,25,0,1,0,0,1,0,89,9.52380952380952,0,"censor",10.3698630136986
"841","mn2297",0,0,-1.57098593514062,299.5,2.15676567656766,8.07522214481054,0.0176004351060353,1.06297315638726,17.6278766830634,1.19230477697673,0.887564880894375,4.03318330788639,2.21598764372169,16.6356243064142,8.45129943955415,5.99383161998643,74,1,21.215419426601,0,0,0,0,0,132.785714285714,0,1,0,0,0,0,96,2.98578199052133,0,"censor",10.6712328767123
"842","mn2298",0,0,0.52294187579464,148,2.43181818181818,4.72297266461554,0.0970579954605107,0.882004433178366,16.9392047892816,0.938735586893037,0.841919057285154,1.87312006507766,0.560335583467071,15.0497799073182,4.64654133023565,2.82772624426863,69,1,34.2754152728872,0,0,0,0,0,281.714285714286,0,0,0,0,0,0,97,14.6788990825688,1,"censor",10.3534246575342
"843","mn2299",0,0,-1.15645833549793,248.5,1.66519823788546,4.89550021652563,0.0235458618118082,0.929549541910985,15.5266567756979,0.967226343615071,0.840077031283223,2.08970310471553,2.68922079387434,11.9290785303969,6.97731993468419,15.3043957461662,80,1,23.7655775934382,0,0,0,0,0,191.678571428571,0,1,0,1,0,0,93,3.73493975903614,1,"death",2.78630136986301
"844","mn2301",0,0,-0.43939343332609,186,2.28753180661578,7.18816271512388,0.0514507752142786,0.779337745253586,18.8617886652041,0.831296309399074,0.752766724102722,2.50636063906875,0.737330271008703,18.0593793103132,7.4017207828024,5.35598831108656,70,1,32.8170552368831,0,0,0,0,0,206.107142857143,0,0,0,0,0,1,96,0.527859237536657,0,"censor",10.9479452054795
"845","mn2306",0,1,-0.61336319006289,120,1.83202099737533,5.43785056153193,0.0217876468336211,1.3273903631113,10.0294304984759,1.38647066321607,1.2286439985564,1.38356916180123,0.448239170483163,12.1138322760313,7.65695163729013,6.1726009521405,78,1,23.2561771767442,0,0,0,0,0,120.571428571429,0,1,0,0,0,0,98,13.92,1,"dementia",11.3945205479452
"846","mn2308",0,0,0.0784041312828194,53.5,0.83578431372549,4.40078601000125,0.0358409954338659,0.905606240282345,10.6893968264442,0.928572370389953,0.835329793711747,1.3851824942212,0.472219632640375,6.73382321176792,7.64888684576951,7.14057423398561,70,1,30.2086588335016,0,0,0,0,0,224.928571428571,1,1,0,0,0,0,92,7.23809523809524,0,"censor",10.4383561643836
"847","mn2309",0,0,0.116940307767101,136.5,1.94540229885057,3.60085827179875,0.0589867137567194,0.838389538593088,14.5455273563378,0.898599330532856,0.783574569466268,1.55509983343788,1.13834197401849,9.66723383257687,4.94712258299944,4.75150294556465,74,1,32.3391084119392,0,0,0,0,0,189.857142857143,0,0,0,0,0,0,98,1.78807947019868,0,"death",10.2493150684931
"848","mn2312",0,0,0.16466303029849,104,1.08096280087527,3.77420649945295,0.0608626955093308,0.763323862711206,11.2248911884395,0.802378692008939,0.723811927637775,1.40765040969348,0.325913841079257,9.65840209838875,4.83505405237543,5.13664616793502,83,1,24.0009621656029,0,0,0,0,0,148.107142857143,0,0,1,0,0,0,98,2.91428571428571,0,"death",9.06301369863014
"849","mn2315",0,0,0.295805793777809,107,0.836456558773424,5.86704839061694,0.094861827549346,0.592886639371687,15.4690609636838,0.615464584480529,0.557481147743126,1.48602956567902,0.871450946345186,8.35948910278288,3.38850814975092,3.75540535521417,77,1,27.9543185526092,0,0,0,0,0,205.678571428571,1,0,0,0,0,0,97,0.394736842105263,0,"death",9.12328767123288
"850","mn2316",0,1,-0.66201194089812,70,1.76279069767442,7.58578492206577,0.0740023911043115,0.902905738604796,20.0220069653995,0.979071545912881,0.818975986145574,3.05724127318884,1.46826365794483,16.6324434319441,6.79985257843701,5.10108414015384,73,1,28.6464947304525,0,0,0,0,0,126.571428571429,0,1,0,1,0,0,95,5.88607594936709,0,"dementia",10.2821917808219
"851","mn2319",0,0,0.07160372131207,157.5,1.73273942093541,4.90777888324538,0.0788116090474647,0.782167145487003,17.6208242285206,0.839881289423956,0.759147574550098,1.72131989339024,0.551042776269506,14.443681555039,4.91440713945456,4.99160071870815,77,1,26.6273713180452,1,0,0,1,0,246,0,1,0,0,0,0,93,3.008356545961,1,"censor",11.2219178082192
"852","mn2322",0,1,-0.95889462103988,189,1.13295880149813,5.90053538788196,0.019419444754282,1.14883444615039,16.2190619499586,1.19729157597029,1.09691033421434,2.33543518204557,0.816374581293198,10.8502714459159,9.22293562473979,6.71175980038392,73,0,23.8054665715331,0,0,0,0,0,283.821428571429,0,1,0,0,0,0,99,6.08695652173913,NA,"dementia",2.0027397260274
"853","mn2323",0,0,-2.44605291288174,407.5,3.02888086642599,6.94956389526134,0.018020792477359,1.67756328494346,24.9031884429452,1.75121839163088,1.52898072359077,5.42133574775642,2.15496699884165,14.8992212130815,10.8306696181153,8.61600896559668,74,1,27.8695245597306,0,0,0,0,0,106.75,0,1,0,0,0,0,93,5.29411764705882,NA,"censor",10.3972602739726
"854","mn2324",0,1,0.34908158069909,170.5,0.966745843230404,6.11859379358073,0.0404585767774189,0.991853358047948,11.026585539563,1.10979259552749,0.84484490540813,1.50785630493462,0.278323592799351,6.84363258071703,3.71966226370747,2.43944424508417,69,1,27.4134667387777,0,0,0,0,0,353.785714285714,0,1,0,0,0,0,93,0.14018691588785,0,"dementia",11.1260273972603
"855","mn2325",0,0,-0.10946870968381,83,0.678275290215589,7.42348891410541,0.0469585795582478,0.68414518043349,13.369392478628,0.741912590311129,0.648048707654431,2.07569535001819,1.02718011988025,8.18656624400163,6.03369587913598,3.93364903726367,69,1,27.8588189829397,0,0,0,0,0,61.4285714285714,0,0,0,0,1,0,91,4.62385321100917,NA,"death",6.65205479452055
"856","mn2326",0,0,-0.0713736086233396,106.5,0.963878326996198,5.51109273724711,0.0459403797729793,1.28789558841987,17.0892903845378,1.33071340502311,1.22332018884486,1.46811162562102,0.260652419327108,8.32909389760654,4.9639216124652,11.088319631638,71,0,32.3233519785503,0,0,0,0,0,67.75,1,0,0,1,0,0,85,1.81818181818182,0,"censor",11.0958904109589
"857","mn2330",0,1,0.660211482633579,116,1.4297520661157,2.94837548507595,0.0503609005340142,0.547067360977607,14.5264868797408,0.565300889243879,0.529715555763994,1.02752544571523,0.62066875473229,8.75746545956315,4.39937979269145,5.38014004077427,71,1,29.9252961450582,0,0,0,0,0,111,1,1,1,0,0,0,93,33.3333333333333,NA,"dementia",1.45479452054795
"858","mn2333",0,0,-0.7986258399036,229.5,2.4728370221328,7.81644406975142,0.0411250573714019,1.17779975849521,20.3769258967832,1.29764250017305,1.123821111045,2.66685719257021,1.61574301616505,17.3618097311564,5.37670040812468,7.15596674777492,71,0,24.8623508087959,0,0,0,0,0,106,0,1,0,0,0,0,94,4.82412060301507,0,"censor",10.1643835616438
"859","mn2335",0,0,-1.17985962600506,96.5,1.1437125748503,5.15731291061412,0.0353800946486204,1.1198012617036,20.2790128516821,1.18117598286369,1.04650015249348,3.20452741677125,1.47007449137527,10.6282017138025,9.27952021225877,8.33460676932613,75,1,25.1395550230999,0,0,0,0,0,164.142857142857,0,0,1,0,0,0,98,6.53753026634383,0,"death",3.2
"860","mn2336",0,0,-0.61410185250609,97,1.18562874251497,7.24821056338427,0.0425729381425975,0.953808935794171,13.7386789944391,0.990593187674047,0.895808203629393,1.74989745129914,0.693615869612397,9.15198307014515,4.61045845977831,4.19115981151851,83,1,21.0932987503816,0,0,0,0,0,165,1,0,0,0,0,0,88,1.8,1,"death",6.27671232876712
"861","mn2337",0,0,-0.11191466637861,47,0.723472668810289,4.83328147813676,0.0426710213890635,0.90733399510087,15.7654262801396,0.93804804887032,0.84935601586546,1.83174239594202,0.757355746639554,9.59206994408488,7.06245719973972,7.0491617750526,71,1,22.6979934188667,0,0,0,0,0,161.821428571429,0,1,1,0,0,0,96,1.73553719008264,0,"death",8.66027397260274
"862","mn2338",0,0,-0.0453840043192102,117.5,1.5,6.16622062310825,0.0792712632199871,1.26615056925577,14.2330445251097,1.33095074928983,1.16190962640769,1.75123807760659,0.894766000230738,8.73384974519614,4.57902446951611,3.78762488445407,72,1,27.5663892599767,0,0,0,0,0,146,0,1,0,0,0,0,100,0.962566844919786,0,"censor",10.1452054794521
"863","mn2339",0,1,0.0897875916819402,156,1.69745958429561,3.16552455632411,0.0843847581888788,0.918577074486223,15.4543862017827,1.00165367667447,0.856521707991262,1.73842820298963,0.803200712543726,11.2600767427627,3.03544184191723,2.65554833005211,85,1,27.5253132179239,0,0,0,0,1,109,0,0,0,0,0,0,91,24.6774193548387,0,"dementia",10.9342465753425
"864","mn2340",0,0,-0.0745865278528797,117,1.44513457556936,4.5254930827306,0.0586182998590862,0.810228264907587,18.1678162395505,0.858297023426194,0.751639566510049,1.84643380899911,1.0321729944701,13.3033258120604,6.38767531070819,7.91868847249821,72,1,28.4908432124538,0,0,0,0,0,121,0,1,0,0,0,0,93,29.7478991596639,1,"death",6.18356164383562
"865","mn2344",0,0,0.22796674131877,138.5,2.28148148148148,5.58801510650947,0.048390191530926,0.602700968484852,12.0667080768744,0.624342190527052,0.576563796760287,1.67737490386768,0.489481712565388,14.4153290338681,5.66887147978995,5.41587377183373,73,1,26.055647393777,0,0,0,0,0,248.142857142857,0,1,1,0,0,0,97,11.7557251908397,1,"censor",10.8191780821918
"866","mn2345",0,0,-0.33649309747601,144,1.81952662721893,4.55239406361349,0.0544595681555886,0.978189553929203,15.6826800987513,1.03122452664475,0.894277620448349,2.59634728611088,1.08451998833759,12.4139195094619,7.03068165096047,6.28077184000031,74,1,22.9920228053207,0,0,0,0,0,62.7857142857143,0,1,0,0,0,0,96,13.2885906040268,0,"death",4.14520547945205
"867","mn2347",0,0,-0.35946230600568,190,1.78819444444444,5.60402756133153,0.0310716938966495,1.10395829203543,15.0052025679005,1.14503957049599,1.00898822281007,2.11525040429456,1.07597658692963,10.3946580200545,6.53065014332836,5.32224398121059,69,1,27.9552649882003,0,0,0,0,0,86.1428571428571,0,1,0,0,0,0,97,3.57446808510638,0,"censor",9.60821917808219
"868","mn2350",0,0,-1.20429982221419,191.5,1.65,4.53698207917814,0.0372301763946687,1.11118760511159,16.9320985461595,1.16654929066497,1.03730236310798,2.43554887209127,1.41762254441512,11.0438526483051,8.76786061317932,7.5548551993479,81,1,22.0600778002511,0,0,0,0,0,88.3928571428571,0,0,0,0,0,0,95,15.5,0,"censor",10.6246575342466
"869","mn2352",0,0,0.350684414452419,199.5,2.03802281368821,4.4832597249732,0.0614407797909899,0.850135650696011,13.6495255340294,0.920391842133383,0.814213204802783,1.52081976435637,0.699244386146449,12.2918073677902,5.3756617396689,3.78994209837678,69,1,24.2221209872663,0,0,0,0,0,196.678571428571,0,1,0,0,0,0,96,12.5510204081633,NA,"censor",10.5643835616438
"870","mn2353",0,0,0.40980686880945,85.5,1.37299035369775,3.74523191211856,0.0564861618600915,0.395606551644427,13.3398124275503,0.409998438780253,0.389281718349026,1.85327473509432,1.08424994695656,13.62684743404,6.12570128183001,6.1818194423194,73,1,29.7965065684589,0,0,0,0,0,174.5,0,0,0,1,0,0,95,7.56756756756757,0,"death",11.1780821917808
"871","mn2358",0,0,-0.32240654649345,230.5,3.22222222222222,8.02824224343597,0.0733197773826748,0.995035051489338,14.8756052988843,1.12128782949903,0.919387092859846,1.89916666888384,0.635449415114027,19.2655207018719,7.58227799319716,3.78049094902362,67,0,36.358196534911,0,0,0,0,0,148.714285714286,0,1,0,0,0,0,97,28.4880636604775,0,"censor",11.1945205479452
"872","mn2359",0,0,-0.219949081231969,133.5,1.70028011204482,4.79612378036147,0.0455088406251774,0.838070099143747,13.0344915257658,0.866622141625258,0.786118518985428,1.44087765930502,0.58347988136243,11.3170913637908,5.81867091895367,6.15767363428737,80,1,22.4103422597693,0,0,0,0,0,69.3214285714286,0,1,0,0,0,0,100,9.32551319648094,0,"death",9.74794520547945
"873","mn2361",0,0,0.23260298916496,94,0.741410488245931,4.90087558921492,0.110392983703109,0.529788974365139,21.6396763736304,0.568230281286503,0.505858253509424,2.7434361211005,1.06026838460006,12.8941949232432,5.74542744193964,1.91951531497034,71,0,29.9534339307891,0,0,0,0,1,191.178571428571,1,0,0,0,0,0,93,15.5038759689922,1,"death",6.88493150684932
"874","mn2363",0,0,0.16267606210491,154.5,2.07042253521127,6.83652476410165,0.0853882643155328,0.818883936450631,11.3433365413856,0.873396320225616,0.755294303143349,1.19538023132681,0.317452239614754,11.2807271678058,4.86062510410832,3.66850805612283,75,1,30.8544836581186,0,0,0,0,0,280,0,1,0,0,0,0,96,4.18952618453865,0,"censor",10.3835616438356
"875","mn2364",0,0,0.28136456242581,208,2.82582582582583,6.63957133817721,0.0455216731761015,0.690412306347147,14.8582247559452,0.73056316720605,0.643522895737227,1.65254483751595,0.808083816914856,20.5596831224589,4.07173552780672,2.98858201715112,70,1,28.3817350441173,0,0,0,0,0,229.714285714286,0,1,1,0,0,1,98,2.21311475409836,0,"censor",10.427397260274
"876","mn2370",0,1,-0.0604870410566406,82,1.50120481927711,3.80674776651562,0.0496725842006818,0.950474949802655,10.9658501839717,0.97758962394221,0.887071479451255,1.37171785969023,0.609966751166253,10.3143142641831,5.41149042232761,5.29888801820713,82,1,28.3110137327941,0,0,0,0,0,200.071428571429,0,0,0,0,0,0,98,6.9,1,"dementia",0.876712328767123
"877","mn2372",0,0,0.361316458197339,18.5,0.774647887323944,3.66890652588641,0.069495653904486,0.928011910092104,14.4755448415486,0.973056627309685,0.879716528524607,1.41297784482814,0.529053158589375,6.14891263098263,3.03810371210337,2.73973800944206,79,1,30.7034635868731,1,0,0,1,1,76,1,1,1,0,0,0,92,12.2448979591837,0,"death",9.19178082191781
"878","mn2374",0,0,-0.70017351173932,81,0.864541832669323,5.68581601722644,0.0488933333355351,0.971205961513437,14.9047532602742,1.00606336737177,0.897049858135108,2.06440738666653,0.925309412614028,10.2862699363565,8.82124124811365,8.62462387923559,76,1,25.7460426215106,0,0,0,0,0,255.678571428571,0,0,0,0,0,1,87,3.42857142857143,0,"death",5.48493150684931
"879","mn2378",0,0,-0.72626399764366,320,2.84863123993559,4.96053671374041,0.0374223189271184,1.30537036328322,15.2521761894336,1.35839022003148,1.19156892475427,2.43631721055091,1.24879518793667,14.6203019123221,7.78752213990926,7.61231144207521,72,1,30.1109905115367,0,0,0,0,0,217.857142857143,0,0,0,0,0,0,99,2.07343412526998,0,"censor",10.6027397260274
"880","mn2379",0,0,-0.855662464555689,432,4.11073253833049,8.38807984077473,0.034969979919271,0.664201609718412,16.3388483165544,0.686703279902406,0.644836333912723,1.74106165880216,0.576293161960686,17.8492989626386,5.33545684146464,3.152441821134,79,1,18.6112645862599,0,1,0,1,1,95.7142857142857,0,0,0,0,0,0,86,4.27480916030534,0,"censor",9.79452054794521
"881","mn2380",0,0,0.35204646139476,203.5,2.92307692307692,3.68202551623641,0.0646639840542015,0.785184762527111,8.55392230107341,0.807457198303825,0.741172134334453,1.02868530444643,0.548976055675088,14.2438032836394,5.99760078148096,6.56499133558958,76,1,26.8173044605715,0,0,0,0,0,52.1428571428571,0,1,0,0,0,0,89,0,0,"censor",11.3342465753425
"882","mn2381",0,0,0.4975484480915,116.5,1.1359649122807,2.97876577603108,0.0816749183124364,1.01086342078337,15.4234840805087,1.09366470179943,0.932218841370654,1.55131939775151,0.901087350797467,12.9553463145691,3.91653617805128,3.97686508355671,75,1,25.1711992433834,0,0,0,0,0,173.071428571429,0,0,0,0,0,0,90,1.08247422680412,1,"censor",10.4109589041096
"883","mn2383",0,0,-0.506870777264071,272.5,2.61904761904762,4.87601122085639,0.0212214531808986,1.20451334621014,11.5874359966799,1.23383600469645,1.11349013075236,1.67681484569917,0.821330735455291,16.5424929994836,7.92469648073578,6.60353680650558,74,1,30.228426624823,1,0,0,1,0,78.4285714285714,0,0,0,0,0,0,92,5.62025316455696,1,"censor",10.6027397260274
"884","mn2385",0,0,-0.20682335031432,107,1.32959641255605,6.72791065533252,0.0642343367144987,1.19667927418073,17.973327839622,1.27114180510486,1.08945551032523,2.95617821118016,1.53894631034453,18.8384643008636,4.976468974374,4.08109632747948,71,1,25.6799782994382,0,0,0,0,0,180.107142857143,0,1,0,0,0,0,100,9.0818858560794,0,"censor",10.4328767123288
"885","mn2388",0,0,0.19374428687459,54,0.577625570776256,4.6317651800763,0.0442527515181972,0.790131106074341,16.339693145568,0.82752364733365,0.715209730680628,1.74340350640894,0.966874514641038,6.43951417731266,3.21890570330151,1.75793962400667,74,0,29.9190935106473,0,0,0,0,0,261.571428571429,0,0,0,0,0,0,94,69.7709923664122,0,"censor",3.95068493150685
"886","mn2389",0,0,0.811989160702819,65.5,1.26801152737752,4.86494751750396,0.0750452253042026,0.666989972778825,12.0014008610295,0.705324149597773,0.652864521628526,1.04571217545134,0.607214311145972,10.2875923665706,3.74840630655147,3.16549321174296,70,0,27.7172253973262,0,0,0,0,0,225.214285714286,0,1,0,0,0,0,95,16.2162162162162,2,"censor",10.1424657534247
"887","mn2390",0,0,0.0726860401593498,94.5,0.859797297297297,4.5540712541205,0.0622430627808853,0.744449093291869,14.566970082577,0.836947365734804,0.707686899089986,1.96910578421537,0.48949936431566,11.026424303184,5.01967056914383,3.15792633210131,79,1,27.4477247224611,0,0,1,1,0,116.214285714286,1,1,0,0,0,0,94,27.8014184397163,0,"censor",1.07671232876712
"888","mn2391",0,0,0.68297299539403,121,2.12679425837321,3.61707723937236,0.0735216141824421,0.987247875161804,11.1101917525148,1.02201487267178,0.931324187410868,0.960398176162324,0.307748187372583,13.8697507938709,3.5737617293717,3.83760000236346,76,1,22.9005798869716,0,0,0,0,0,185.642857142857,0,0,0,0,0,0,92,2.14285714285714,0,"censor",10.0520547945205
"889","mn2392",0,0,-0.0990116087447106,230,1.77281191806331,5.43048805609617,0.0472457156629771,1.02440741818137,17.7517475760845,1.08340418334182,0.957941479686217,2.08825057781644,0.704422337558116,11.9683465161394,5.8454473468217,5.80563700665862,68,1,23.2490378045599,0,0,0,0,0,223.071428571429,0,0,0,0,0,0,98,5.56844547563805,0,"censor",10.5479452054795
"890","mn2393",0,1,-0.0140306186183295,130.5,0.925925925925926,5.34913235237893,0.0493238891149678,0.80221064398293,10.9301997878225,0.896645518326219,0.713706292058054,1.9924901190804,0.454577582224134,10.7555456325124,7.2698554891975,5.12156488854503,73,1,26.9772148281624,1,0,0,1,0,300.535714285714,0,1,0,0,0,0,98,3.50253807106599,0,"dementia",1.62465753424658
"891","mn2394",0,0,-1.41708332576452,140.5,2.22349570200573,7.52553808818687,0.0600102646953822,0.717918675778725,19.4566556737692,0.745468647173822,0.673374567263019,2.41545662322059,2.07866528677717,15.0591691943671,7.65987950003977,6.39670654015351,83,1,25.4845177099577,0,0,0,0,0,139.214285714286,0,0,0,0,0,0,85,1.55619596541787,0,"death",6.93150684931507
"892","mn2396",0,0,0.22980972655332,218,3.1792656587473,3.96959839875771,0.0601661292894638,1.00977911225312,13.2020975046661,1.08169134870044,0.967931233166333,1.60262504836543,0.663268283955069,14.1847351437791,5.45463000277903,6.04283270610941,71,1,31.1078964247615,0,0,0,0,0,116,0,1,0,0,0,0,99,12.8440366972477,0,"censor",10.4301369863014
"893","mn2400",0,0,0.79727079224082,66,1.09872611464968,3.68303140840057,0.0641241842893245,0.64389303465994,15.7908639981687,0.675497125503913,0.608942214435317,1.20496611249529,0.583726315768621,8.82355485313128,2.20586840600688,2.52539674295908,73,1,31.7889298348737,0,0,0,0,0,197.5,0,1,0,0,0,0,99,9.97402597402597,0,"censor",10.3479452054795
"894","mn2403",0,0,0.50633012297635,207.5,1.98926654740608,4.70322280771623,0.101850259272978,0.684057592377469,17.07404181797,0.742408865534717,0.639595827454537,1.95273002662659,1.1650177047409,13.5015506352049,4.32998646803047,3.51842044961715,69,1,33.4438681963023,0,0,0,0,0,163.857142857143,0,0,0,0,0,0,98,35.3784860557769,0,"censor",10.5671232876712
"895","mn2404",0,0,0.45787701086996,125,2.09562841530055,5.25297503521424,0.0379610572303124,0.871666434655341,11.142395776763,0.901598145512871,0.796478726672356,1.46409582538211,0.527016490534438,12.6307934492495,4.76014339900729,2.92159770322617,68,1,25.9560881451,0,0,0,0,0,57.1428571428571,0,0,0,0,0,0,99,0.508474576271186,0,"censor",9.7972602739726
"896","mn2405",0,0,0.49289413204806,83,0.789579158316633,4.96917334495261,0.0706591285305622,0.803081147800054,13.5466993551844,0.846730345787209,0.736038669534485,1.74081250733248,0.608552222996937,8.43534636517045,3.70824122546601,3.78865881859593,73,1,30.7773751608693,0,0,0,0,0,222.214285714286,1,0,1,0,0,0,89,17.5358166189112,0,"censor",10.8383561643836
"897","mn2406",0,0,0.3217836986192,47,0.504440497335702,2.38828142217561,0.0614799662604479,0.768389472553704,12.0221913081981,0.8150101200656,0.722350392280677,2.11655334144514,0.741886652442567,4.43259508075611,7.12215926450175,6.13591650955645,72,0,32.8558941786609,0,0,0,0,0,95,0,0,0,0,0,0,90,9.31034482758621,0,"death",6.85479452054795
"898","mn2407",0,0,-0.46707367218691,97.5,1.44636678200692,4.05220758052089,0.0640322618325237,1.14258327928269,10.5288040807329,1.19742069088197,1.04775407717124,2.06560285086803,1.38513917679702,10.4197737808722,10.5285188939034,9.64155585125304,71,1,26.3656030286641,0,0,0,0,0,172.642857142857,0,0,0,0,0,0,100,2.21590909090909,0,"censor",10.3972602739726
"899","mn2408",0,1,0.233243752240401,116.5,1.73319327731092,3.45780871867379,0.0591129284621365,0.630772318329798,15.8379208956509,0.653244438588113,0.60071043527306,1.54592467234208,0.844700559399305,8.37315140859626,4.28458109425775,4.3981558918279,76,1,24.0989779451318,0,0,0,0,0,107.428571428571,0,0,0,0,0,0,99,6.4343163538874,1,"dementia",3.37808219178082
"900","mn2409",0,1,-0.41601163122541,20.5,0.220956719817768,3.59242289375701,0.0855914865712544,1.27789419384885,17.3129454222505,1.46515281365699,1.14910581448122,3.28434686323613,1.56355813665851,3.45903207410505,5.92002840894814,4.78679890221305,76,1,26.1822599479497,0,0,0,0,0,159.607142857143,1,1,0,0,0,0,93,3.79518072289157,0,"dementia",10.7205479452055
"901","mn2410",0,0,-0.84389210165699,138.5,2,7.43942623057276,0.0394013513303535,1.35835671494208,11.0567726216928,1.420699197139,1.25001637342438,2.10083251525454,0.907891162517865,10.3159977035641,8.4834694012797,7.03874054537863,72,1,28.2964871626126,0,0,0,0,0,133.285714285714,0,0,0,0,0,0,89,7.14285714285714,1,"censor",10.7315068493151
"902","mn2411",0,0,-0.46202802599153,111,1.59248554913295,5.20891093312756,0.0280181049885178,0.700475086977051,16.3430951582623,0.714418632986925,0.666046913031265,1.53716006805539,0.674388762562618,12.236652935147,5.07962957525416,4.99922108266036,83,0,23.5444251142438,0,0,0,0,0,179.571428571429,0,1,0,0,0,0,84,8.34319526627219,0,"death",5.38356164383562
"903","mn2413",0,0,0.63139866192089,69.5,0.946759259259259,2.63735052697187,0.0629428906435919,0.596046762334812,15.5140590417308,0.659152979757476,0.604342628137917,1.3379195108664,0.951920966456511,9.82251307787799,3.52035441908758,3.72577176542695,75,1,28.264372413298,0,0,0,0,0,141.142857142857,0,0,0,0,0,0,92,12.2137404580153,NA,"censor",10.7041095890411
"905","mn2418",0,0,-1.18566774525708,159,1.47699757869249,4.84516751714317,0.0213003782388328,1.15052056507485,20.8081628645694,1.19668013591649,1.05927234307287,4.78075482742967,0.904230634036863,12.4012482030099,9.5287261242337,6.68297768879382,75,1,28.5341832027666,0,0,0,0,0,256.714285714286,0,1,0,0,0,0,97,8.42696629213483,NA,"censor",11.4191780821918
"906","mn2419",0,0,-0.28144961953886,134.5,1.87965616045845,4.63226170292323,0.0613181540235727,0.76678775666034,12.2028357928233,0.801055537307199,0.719434142767702,1.40670860015894,0.471271670768942,11.5527864003613,7.4234080949892,6.0480855712493,80,0,22.7463015003015,0,0,0,0,0,155.714285714286,0,1,1,0,0,0,91,2.96052631578947,0,"death",8.87945205479452
"907","mn2421",0,0,0.545499488351859,219.5,3.17225950782998,3.66083680088172,0.0601574516359385,0.74135086985627,11.7527083711064,0.786333873247514,0.690875131291864,1.19491732620804,0.62968243261209,12.0655000937186,5.13445769874679,7.49266316033189,69,1,29.3828783857274,0,0,0,0,0,141.214285714286,0,0,0,0,0,0,95,4.2,0,"censor",11.241095890411
"908","mn2423",0,0,0.0377530834164702,325.5,2.26883561643836,5.24050540822797,0.0494749612323898,0.757690104196235,15.1109700981275,0.790563156158445,0.710713274325094,1.76268777550051,1.08819623408493,9.18080969873873,4.17305893187227,5.74355260360346,71,0,30.2690066239441,0,0,0,0,0,144.142857142857,1,1,0,0,0,0,94,54.9275362318841,1,"censor",11.4082191780822
"909","mn2424",0,1,0.31605331739235,61,0.966751918158568,5.1966070959814,0.0613418922743266,0.97686355765366,10.4744759864807,1.0463689267339,0.882149171995901,1.28111661442701,0.791322085942868,8.37487277672255,4.57137969816222,5.09479555152027,73,1,32.5039293639053,0,0,0,0,0,168.964285714286,0,1,0,0,0,0,97,1.80722891566265,1,"dementia",10.5424657534247
"910","mn2425",0,0,0.00344218955316932,172,2.34975369458128,4.56655377513639,0.0520466531275592,0.892629348341834,8.18509287246266,0.956342953002051,0.83196681680044,1.30378775005976,0.93668770514606,14.3731445664268,6.03503362797826,4.30386230891376,78,1,28.5412224443416,0,0,0,0,0,181.714285714286,0,0,0,0,0,0,100,0.383386581469648,0,"death",9.01095890410959
"911","mn2426",0,0,0.0738434348362802,110.5,1.05020080321285,5.6325395498571,0.0668830558288708,0.499713900988231,15.261865778835,0.52386678880315,0.467007493054759,1.39440568198718,0.677844195498186,7.25544056229255,3.42040022882327,2.6463312352388,80,1,27.124366756922,0,0,0,0,0,135.928571428571,1,1,0,0,0,0,92,19.002169197397,0,"censor",10.7780821917808
"912","mn2428",0,0,-0.370407072442239,134,1.32352941176471,5.5139291130326,0.0368103435210199,1.1393671428065,14.9199305936102,1.18352546559546,1.03309612625399,2.52982696976366,0.900175449928852,9.17447448062565,6.23916347293127,4.33711094361833,72,1,28.7115858939686,0,0,0,0,0,91,0,1,1,0,0,0,98,11.9266055045872,0,"censor",10.5479452054795
"913","mn2429",0,0,0.2510187019474,82.5,1.8715953307393,4.25424163003235,0.0567444399558408,1.14985687437849,11.9034241490447,1.22223853606271,1.00604100824287,1.06742773415067,0.963273459593842,10.4370460885435,3.79062470395011,3.66517207147332,74,1,29.898757697156,0,0,0,0,0,119.214285714286,0,0,0,0,0,0,89,7.01538461538462,0,"death",10.2602739726027
"914","mn2432",0,0,-0.17542703731846,189.5,2.24087591240876,4.85582372984517,0.0768500993349668,1.0740274485456,9.74650187734459,1.12256722684523,0.978044850108728,1.67989160360861,0.798331347595876,16.6445286267627,7.84191448161721,5.22174792694288,77,1,27.7755434454745,0,0,0,0,0,44.2142857142857,0,0,0,0,0,0,96,35.8620689655172,0,"censor",10.7753424657534
"915","mn2433",0,1,0.00399850900076046,80.5,1.32267441860465,5.00351516476308,0.0548196027402143,0.700258587191233,17.2360426691607,0.747374310856632,0.661140748395337,1.76185947895205,0.87440671801351,10.7642261636114,3.70787946677164,2.55254848565153,78,1,23.7479651441157,0,0,0,0,0,196.714285714286,0,0,0,0,0,0,98,9.73913043478261,0,"dementia",5.94794520547945
"916","mn2434",0,0,0.799960918979031,94.5,1.07155635062612,3.69430206645017,0.0784446848837982,0.829360605630833,13.5638955459444,0.874962208709466,0.791785889649964,1.0081806527969,0.71625460707384,6.39147960249041,3.55324011178238,5.16879350599866,69,1,26.7737418505156,0,0,0,0,0,147.821428571429,0,1,0,0,0,0,99,2.06896551724138,0,"death",10.7260273972603
"917","mn2437",0,1,0.0207153484580701,86,1.09142857142857,4.36989814045967,0.0595471529676161,0.918767518899827,17.2270970196393,0.965104891808753,0.841250507383668,2.43684149578422,0.724478254619718,9.34711170394903,3.77796325124353,3.47714159620878,78,1,28.6438645831916,0,0,0,0,0,199.964285714286,0,0,0,0,0,0,95,7.43661971830986,1,"dementia",9.83835616438356
"918","mn2439",0,0,0.24747403837714,140,1.51670378619154,5.44736096040014,0.0452487928642282,0.803592461803195,16.5350391370596,0.849487625642364,0.756629152867419,2.06322739947096,0.993951392148506,11.6463536823576,4.20691020057367,3.32263615926593,68,0,25.3784426544486,0,0,0,0,0,226.714285714286,0,0,0,0,0,0,92,9.34673366834171,0,"censor",11.2958904109589
"919","mn2440",0,0,0.43088176425138,224.5,3.43864229765013,5.0032376413756,0.0684647500426178,1.14445818041281,11.3789138257085,1.22078345872185,1.04758804958831,1.207823321693,0.477778034392098,17.8126058873323,4.56903597577086,3.97771870668907,70,1,21.292079309273,0,0,0,0,0,69.5357142857143,0,0,0,0,1,0,95,2.0911528150134,1,"censor",9.81917808219178
"920","mn2442",0,0,-0.45901616711908,178,1.51195219123506,4.69195709184701,0.0179532097857516,NA,14.3526931573518,NA,NA,1.92248763287017,NA,10.1526548470188,8.09882706150276,NA,68,1,24.3493724564823,0,0,0,0,0,115.964285714286,1,1,0,0,0,0,86,33.8461538461538,0,"censor",9.90684931506849
"921","mn2444",0,0,0.16277939551497,119,1.9088785046729,3.1198160337515,0.0300907478260561,0.896326381749409,11.4926512794044,0.927685806961545,0.854388552030447,1.1472977486536,0.547345960670194,9.91842988854857,6.06300153781942,5.82370629727515,74,0,32.4100370877744,0,0,0,0,0,31.4285714285714,1,1,0,1,0,0,99,1.42433234421365,0,"death",10.158904109589
"922","mn2451",0,0,-0.505174801085749,55.5,1.57142857142857,4.24998368720997,0.0339069947877208,1.15135249556564,12.5806443038704,1.19432966252784,1.07116744528339,2.3025879491306,0.951442335692945,10.7470269545322,6.97392595195702,4.7673013052128,79,0,31.7850723677987,0,0,0,0,1,156,0,1,0,0,0,0,95,6.27906976744186,0,"censor",10.2246575342466
"923","mn2457",0,0,-0.18941895142723,140,0.656818181818182,5.64992169953988,0.150171588928127,7.03795323776181,12.3044214026533,10.3855410317548,4.35355024360705,2.44520808320996,0.675745717457414,6.22465099325855,5.22492673749757,4.06003804183743,79,0,33.7119341563786,0,0,0,0,0,141.5,1,1,0,0,0,0,91,15.3846153846154,0,"censor",9.6027397260274
"924","mn2458",0,0,-1.02493828998966,206,2.60810810810811,7.43575135691357,0.0721299367034388,0.999544978905733,20.9157784391705,1.0589293977267,0.93413926739651,3.61957456413363,1.23441156002783,14.3087001093568,7.05291689050312,6.56783372187795,76,1,20.029575294255,0,0,0,0,0,215.142857142857,0,0,0,0,0,0,88,22.8061224489796,0,"censor",10.7232876712329
"925","mn2459",0,0,-0.923460310840799,108,1.10353535353535,5.58189722919645,0.0608037193652828,0.607223380728735,22.7915190520342,0.630037387742836,0.58482943741741,3.995144917656,0.975587249391467,10.0614843215497,6.92598969616613,4.95808715380149,82,1,30.090014154022,0,0,0,0,1,200.928571428571,0,0,0,0,0,0,94,13.4870317002882,1,"censor",11.2547945205479
"926","mn2461",0,0,0.1346942249351,318.5,3.99336283185841,5.9344454005897,0.0262538372034168,0.691824896614469,12.0761999985576,0.71991990376743,0.655426437908745,1.37774596505536,0.668493680279934,14.9179357023119,5.20095182780297,5.00998780595462,67,0,21.8657392724306,0,0,0,0,0,111,0,0,0,0,0,0,97,11.3903743315508,0,"censor",10.2027397260274
"927","mn2463",0,0,0.193174101440189,204,3.27728085867621,4.96158943529113,0.0549492440784193,0.407522784536389,11.207472209275,0.490259658330585,0.431824539384421,1.32843585866024,0.42137046891343,20.194282432136,7.54196019224798,2.40804338892658,73,1,27.2911968210736,0,0,0,0,1,81.4285714285714,0,0,1,0,1,0,99,8.07692307692308,0,"death",8.02465753424658
"928","mn2464",0,0,0.47342028865643,114.5,1.6969696969697,4.45776519730381,0.0648369348232481,0.966429275937037,13.9548970776882,1.05229393353902,0.886571898584634,1.47795211596209,0.577388812291575,12.4215424654283,4.1346663718288,3.22791882311574,71,1,24.3025666588914,0,0,0,0,0,142.571428571429,0,0,0,0,0,0,95,9.24242424242424,0,"censor",10.2054794520548
"929","mn2465",0,0,0.239173916902961,202,2.3,4.88906598430251,0.0459685079334349,1.00313641478304,15.8068799483652,1.04161198424079,0.938118593756842,2.04603366208652,0.622961043882403,12.6359039568644,4.55176987044627,3.36371368882733,68,1,28.1784802896194,0,0,0,0,0,128.714285714286,1,0,0,0,0,0,92,7.48129675810474,0,"censor",9.70684931506849
"930","mn2468",0,0,0.109823205548599,108.5,1.43509615384615,4.19522842959396,0.0670163820062982,1.42345423934147,16.2208175657013,1.50466900273702,1.30435204440132,1.9076313276107,0.541939012079782,12.2380312948291,3.93698083921618,3.96453141892131,75,1,26.7312007143487,0,0,0,0,0,166.571428571429,0,0,0,0,0,0,91,16.3487738419619,0,"censor",11.3452054794521
"931","mn2469",0,0,0.37331922137337,91,0.902654867256637,4.41627522519424,0.0505950519787197,0.944012547573253,11.1457349513821,1.01096660298111,0.883004887501747,0.97176624692231,0.460845995698125,14.4064495965355,5.54715351393036,3.29344951750849,74,1,27.485646810974,0,0,0,0,0,185.892857142857,0,1,0,0,0,0,94,57.1428571428571,0,"censor",11.0821917808219
"932","mn2470",0,1,0.0546255179151103,92.5,1.05316455696203,5.74668550909682,0.0463368617684259,0.503318791866329,10.3203646439846,0.514842598337898,0.484939121432471,1.11844462079927,0.440628277866241,7.48829214413713,3.98174480760339,4.54185356209062,83,1,26.6807887554438,0,0,0,0,0,158.928571428571,0,1,0,0,0,0,86,6.7481662591687,1,"dementia",1.32876712328767
"933","mn2474",0,0,-0.0807677362533894,102.5,1.60846560846561,3.93212091119094,0.0562566803124832,1.12623871235793,9.7379022254888,1.16035428279441,1.03388803615148,1.19697005425042,0.918194365126356,9.90238277707413,6.8333487720747,6.25726104351692,76,1,24.5164950324465,0,0,0,0,0,71.3571428571429,0,0,1,0,0,0,97,1.17647058823529,0,"death",10.9890410958904
"934","mn2475",0,0,-0.29672327363113,93,1.07,5.34155524920542,0.038354179734997,1.08038792433646,15.4044638032383,1.13199917690028,1.00013228497014,2.10246281772008,0.993006192533593,8.69424102920347,5.39904553870705,4.68249434795828,74,1,22.5076114154213,0,0,0,0,0,145.678571428571,0,0,0,0,0,0,97,5.52631578947368,0,"censor",10.4109589041096
"935","mn2476",0,0,-0.156176718379891,247.5,2.91832229580574,5.60866447862748,0.0681329601852764,1.28094724476493,12.8306928776672,1.35080270099494,1.16499545086575,1.30986809637659,0.769157459998032,13.0193481359262,5.93833922233833,5.16825718349114,71,1,28.7674327090682,0,0,0,0,0,218.964285714286,1,0,0,0,0,0,97,4.88549618320611,0,"death",9.31780821917808
"936","mn2480",0,0,-2.21774760245477,197.5,1.13613445378151,7.27169310009542,0.0436499852647392,1.78102529265433,22.8456781195502,1.93586958800518,1.58884837261379,5.52946341160101,1.49908444957329,13.0941178989586,11.5814561289911,7.42107546373063,76,1,24.5598214893807,0,0,0,0,0,92.3571428571429,0,0,0,0,0,0,97,57.9775280898876,0,"censor",10.1835616438356
"937","mn2481",0,0,-0.48805773100449,165,1.83155650319829,8.47755968032142,0.055755781292797,1.16301237385677,16.5008498284378,1.20454685568622,1.03241440079808,2.40555559318146,0.887724094289225,13.3932041371978,4.29335176599983,3.40114948437464,74,1,21.372734104237,1,0,0,1,0,285.964285714286,0,0,0,0,0,0,100,2.17484008528785,0,"censor",10.0739726027397
"938","mn2484",0,1,-0.0697331078185897,330,3.21042471042471,7.29637290500578,0.0457825719258943,0.545507482538052,11.7106265818892,0.556290370661888,0.522688211978083,1.40379720003371,0.485013135189544,18.8073926008081,5.84918677683511,5.16373032294185,74,1,27.0669533350775,1,0,0,1,0,144,1,0,1,0,0,0,88,11.9072164948454,0,"dementia",3.77808219178082
"939","mn2486",0,0,-0.178428006757881,410.5,3.07385229540918,5.83908155421847,0.0447258356211352,1.06615433606526,11.4495844037846,1.1132998140857,1.00121305848841,2.08162490258344,0.84845442724665,16.7620166262264,6.8515829553891,4.69425868825521,69,1,29.4425035086148,0,0,1,1,0,131.714285714286,0,0,0,0,0,0,93,3.17380352644836,0,"censor",9.8958904109589
"940","mn2488",0,0,-0.640807750597661,74.5,1.09734513274336,6.81802404721947,0.0506836889326538,1.47051407935266,18.4019667952915,1.55317080872957,1.34390117042111,3.64440692830865,1.59347595227748,11.4717847809222,5.4211023561347,5.54382810123846,71,1,29.115687018262,0,0,0,0,0,84.4285714285714,0,1,0,0,0,0,99,0.398671096345515,0,"censor",9.62739726027397
"941","mn2489",0,0,-0.54148113379312,159.5,1.40413533834586,5.61139392439464,0.0235055633177198,1.04702602373165,14.6061870328062,1.15545733962042,0.989336331820857,1.94549754805283,1.19252226457248,10.8125300791751,7.27335776559965,5.64121114482245,71,1,28.622520060844,0,0,0,0,0,119,0,0,0,0,0,0,99,0.576923076923077,2,"censor",10.3753424657534
"942","mn2491",0,0,-1.4175479124511,183.5,1.11890838206628,7.81516114463651,0.0399609391856048,NA,18.7812796805557,NA,NA,2.93624183987874,NA,12.2165754760859,7.80463536945437,NA,81,1,27.5461654973314,0,0,0,0,0,141.714285714286,0,1,0,0,0,0,90,12.1804511278195,0,"censor",10.9315068493151
"943","mn2492",0,0,-0.741541111070011,64.5,1.08391608391608,4.64639419240613,0.0346674175163573,1.16287295432134,13.1253994563514,1.21325019604669,1.04883950682707,1.96901613169474,0.863377203770519,7.12744665143766,7.25514794950507,7.53819231343892,81,1,25.6267513018365,0,0,0,0,0,149.178571428571,0,0,0,0,0,0,96,2.25352112676056,1,"censor",9.99178082191781
"944","mn2496",0,1,0.574628711056729,125,1.74535809018568,4.8767028454028,0.0855817595511933,0.930353405434966,14.1876325969833,0.97797550341149,0.848758428618338,1.31105676385019,0.76332375687414,12.9519270972387,4.63912929994197,3.60470798919555,68,0,31.6909479812706,0,0,0,0,0,178.25,0,1,0,0,0,0,96,35.7692307692308,0,"dementia",4.21643835616438
"945","mn2498",0,0,-0.89689901113051,185,2.44893617021277,4.42938481311096,0.0230644994410782,0.85258881869275,16.0705855220734,0.873269495964105,0.809523999842803,2.69843383771488,0.734181899544557,13.7508784320921,11.3126553494812,8.5349910404029,72,1,28.8063994088672,0,0,0,0,0,139.214285714286,1,1,0,0,0,0,98,9.41176470588235,0,"censor",10.8
"946","mn2499",0,0,0.0661839715866705,94.5,1.42465753424658,5.2748625945252,0.0344405925462085,0.939209999225931,9.78851286478928,0.983995355786893,0.883265130543209,1.39865773732455,0.906026632671112,7.99146185559976,6.35568062003658,3.3871190118054,69,1,26.8943060348456,0,0,0,0,0,202.25,0,0,0,0,0,0,97,10.5292479108635,0,"censor",9.38904109589041
"947","mn2500",0,0,-1.3068228706437,241,2.43927125506073,7.88880355836469,0.0448718130864191,1.33196776186071,19.0605341224319,1.4162244943685,1.234008038112,3.56600473122984,0.830403090668599,16.1892190319953,8.91567369702671,7.24941110101606,74,1,26.8019433845494,0,0,0,0,0,131,0,1,1,0,0,0,93,2.3463687150838,0,"censor",11.4246575342466
"948","mn2503",0,0,0.0880085723471595,115,1.80769230769231,4.74459438253055,0.0641889314886048,0.750044480643246,10.7279228393941,0.816939015842149,0.707242389791612,1.85774063269843,1.1640563000437,12.0461373486445,5.98041500827603,4.5719516204074,75,1,25.6061844248584,0,0,0,0,1,123.142857142857,0,0,0,0,0,0,94,23.5555555555556,0,"censor",9.77808219178082
"949","mn2505",0,1,-0.00110859006753969,130,1.75682382133995,4.75114529698383,0.0565038148607198,0.741064559172481,10.2405414439623,0.832267587523917,0.739064349184412,1.32246354342822,0.64289171302429,14.454888463054,5.48139936139851,4.17454508303607,82,1,25.7307728691704,1,0,0,1,0,185.928571428571,1,1,0,0,0,0,93,1.63366336633663,1,"dementia",3.87397260273973
"950","pa3002",0,0,-0.0719667845950198,171,2.08060453400504,5.26197520655988,0.0888193232449755,0.854179005850587,16.0331350134153,0.909077272781073,0.807426320626858,2.28310330192739,1.41534638329606,12.1087499217,5.82305616350712,4.77396582360536,72,1,25.8659878783955,0,0,0,0,0,147.428571428571,0,0,0,0,0,0,98,2.75862068965517,0,"censor",10.3479452054795
"951","pa3005",0,0,-0.441942729512979,271.5,1.65058479532164,4.53575537129068,0.0456789551554758,1.04369261759697,17.9045272875393,1.13082479371218,0.959297163020329,2.83497427945601,1.06517943811051,10.8971397458224,5.2179142906575,3.47302791136953,76,1,29.1079415977609,0,0,0,0,0,51.9642857142857,0,1,0,0,0,0,91,16.1538461538462,1,"censor",9.73972602739726
"952","pa3007",0,0,-0.16782113429707,240,2.7061310782241,5.87452762692529,0.0701857350295584,0.963979991238198,12.7397500799804,1.05287738966081,0.886840026135466,1.6906529126564,1.22216042638845,17.8828520035276,5.00892739963107,2.51735234144687,77,1,25.9643341764869,0,0,0,0,0,188.714285714286,0,0,0,0,0,0,100,0,0,"censor",10.4109589041096
"953","pa3008",0,0,-0.72750502089065,237,2.19391634980989,4.97121992331596,0.0489173417771977,1.52667798288317,18.3617269543945,1.62893382735562,1.37075214647606,2.63305765957324,1.7365165204196,12.8958274986798,6.55206091272962,6.05353516665032,70,1,31.5810688737225,0,0,0,0,0,163.214285714286,0,1,0,0,0,0,98,7.54010695187166,0,"death",6.50684931506849
"954","pa3009",0,0,-0.62985218916543,186.5,1.6067615658363,6.1497303989879,0.0468368154618662,0.853437015873715,15.9857304942548,0.877984996744073,0.794066274852493,2.43897851726895,1.19311881036619,13.2554314130439,5.27252250217464,6.5652603600341,82,1,22.456083046678,0,0,0,0,0,152.785714285714,0,0,0,0,0,0,91,16.1151079136691,0,"censor",9.37808219178082
"955","pa3010",0,0,-0.6078390106223,56.5,0.962121212121212,4.48472670273614,0.0617500278477782,1.67748445152367,15.0556943339068,1.80473981624562,1.45480960140745,2.10901313820861,0.130622092831391,9.74523893146192,6.54135821406045,5.01965296032128,81,1,25.7664137537827,0,0,0,0,0,30,0,1,0,1,1,0,90,2.39263803680982,0,"death",7.96438356164384
"956","pa3011",0,0,-0.405239476236601,80.5,0.771618625277162,5.4177209767789,0.0543308370204872,0.773484789495871,17.2541190308378,0.801508288373081,0.74052581545637,1.70013937623874,0.938993808635909,8.15388400778287,5.28603361858711,5.14491126244271,80,1,29.2780121822256,0,0,0,0,0,186,0,1,0,0,0,0,93,15.1948051948052,0,"censor",11.041095890411
"957","pa3013",0,0,-0.37600182468163,228.5,2.51629502572899,3.53923569750913,0.0340311486645219,0.716239409554525,14.7963112791741,0.736759435652188,0.681159473677402,1.8929178823097,0.54975055565868,12.775897596351,8.52796726138789,6.74074718058754,75,1,25.6904106015147,0,0,0,0,0,143.464285714286,0,0,1,0,0,0,94,0.474934036939314,0,"censor",10.0657534246575
"958","pa3014",0,0,0.298545742867761,261,3.13009708737864,4.10808310907055,0.0880063857260166,0.559970479208434,13.9196926980839,0.606132619994338,0.529432797004978,1.31925330000162,1.04972714635874,13.396938081579,4.2347392919206,2.85465899604007,76,1,23.8731129778427,0,0,0,0,1,49.2142857142857,0,0,0,1,0,0,91,2.81524926686217,0,"censor",10.4684931506849
"959","pa3015",0,0,-0.0214703786194903,231,2.70756646216769,4.35592868437692,0.0515656637354113,0.837571505254231,11.1453047478278,0.87528427369793,0.789224742191269,1.17896406052386,0.454742886135324,13.2904337783254,8.12479220058557,5.98274485158845,71,1,26.8578822803037,0,0,0,0,0,139.357142857143,0,0,0,0,0,0,99,7.07865168539326,0,"censor",10.7945205479452
"960","pa3016",0,1,0.10002229258408,76.5,0.761061946902655,5.6590344448448,0.0754599947236343,0.851796663880269,15.0533999477099,0.876064148339494,0.807749615079976,2.33962116126962,0.942624278420213,8.24822623009531,4.02880917584813,3.91555852572579,76,1,24.7951010828318,0,0,0,0,0,245.928571428571,0,1,0,0,0,0,97,8.9620253164557,0,"dementia",1.18904109589041
"961","pa3017",0,0,-0.791453137625,91,1.64634146341463,4.37525017195076,0.0346125442993004,0.907883658634404,16.7506305765743,0.955038110847995,0.852212592388625,2.36903196690647,1.67254384887316,10.9670026736679,7.65234189752838,4.82713447293577,77,1,25.6163048693188,0,0,0,0,1,143.857142857143,0,0,0,0,0,0,88,9.93506493506493,0,"censor",10.7397260273973
"962","pa3018",0,0,-0.11639634315716,210,1.97142857142857,5.13760293398709,0.0524181200240044,0.870961090921032,14.7288681295017,0.9283033969534,0.790329607760609,1.52340471453829,0.400539229546869,12.1106018533481,6.10768198919401,3.80661567996569,74,1,28.3278094104983,0,0,0,0,0,136,0,0,0,0,0,0,94,42.7751196172249,0,"censor",9.81643835616438
"963","pa3019",0,0,-0.40125556815329,105,0.913602941176471,4.54869591946409,0.031508935242651,0.825475365699298,14.2111491041019,0.847443072087043,0.789929800901685,1.58884138982268,0.417707027317043,12.440877726771,4.53488241241311,3.87449233773533,89,1,20.0530346278485,0,0,0,0,0,147.428571428571,0,0,0,0,0,0,89,2.41014799154334,1,"death",4.98630136986301
"964","pa3021",0,1,-1.07161438302175,298.5,2.93023255813953,5.28485234245212,0.0440535953321143,1.17507421887108,22.7972988103932,1.24604450766925,1.09842640445042,3.62730733219285,2.4322585674657,15.14180459675,7.3688052503101,7.82941004617243,69,1,24.9821762122952,0,0,0,0,0,166.357142857143,0,0,0,0,0,1,96,2.88607594936709,0,"dementia",7.33150684931507
"965","pa3022",0,1,0.631840700899831,76.5,1.84615384615385,4.33097998887897,0.0831931692503218,0.684009494802207,9.21144734150963,0.716941956648508,0.635407630017149,0.726621078203382,0.66430219573264,10.822438881079,4.26123211709725,4.11019542025259,76,1,21.6768241051772,0,0,0,0,0,210.035714285714,0,1,0,0,0,0,100,0,0,"dementia",1.18630136986301
"966","pa3023",0,0,-0.0128001852024596,117.5,1.81862745098039,5.11554358032806,0.0685054363542408,0.679317009980326,14.2276052241514,0.70586903797018,0.650101110910847,1.49960326375222,0.520944410615499,9.0245742491425,4.77810870146677,3.00087585071853,79,1,23.4197227265104,0,0,0,0,0,155.464285714286,0,1,0,0,0,0,90,6.95924764890282,1,"censor",2.37808219178082
"967","pa3024",0,0,0.36317905184835,119.5,2.36363636363636,3.3324457534428,0.0523317495520126,0.940019560332484,18.792562833924,0.991917972613358,0.893843104159326,2.16490159176976,0.58061341024612,12.2684914033902,3.67952965997758,3.35089108391923,71,1,26.3413677331246,0,0,0,0,0,134.75,0,0,0,0,0,0,99,15.2577319587629,0,"censor",11.2712328767123
"968","pa3025",0,0,-0.224165585597839,171,1.45927209705373,3.71703296108003,0.0607694277038389,0.884216514647836,13.3642800774318,0.952188460356932,0.81550334472002,1.43856165050125,1.21661738441697,11.5720329116366,5.67635037432426,5.42086026298343,81,1,23.951882379149,0,0,0,0,0,137.75,0,0,0,0,0,0,80,1.0880829015544,0,"censor",10.4904109589041
"969","pa3027",0,0,-0.0749749558241106,253.5,2.11993769470405,5.62813258630704,0.0813867218843369,0.931793677441818,10.5694401127093,1.02756925451712,0.909022797940216,1.10149185562835,0.65735229325067,15.8756948063806,6.34006900733175,3.52820619700005,78,1,24.3944636678201,0,0,0,0,0,206.321428571429,0,0,0,0,0,0,98,7.57894736842105,1,"censor",2.16986301369863
"970","pa3028",0,0,-0.45307202667851,123,1.4,4.16124188403016,0.0350486045946955,0.89319408849608,13.3012689261962,0.915782977105004,0.83773489560129,1.54865398166522,1.01912612430011,10.7795770697674,6.00955143723717,8.26054674341015,83,1,22.7431862904325,0,0,0,0,0,150.571428571429,0,1,0,0,0,0,98,13.1791907514451,0,"death",2.95890410958904
"971","pa3029",0,0,-1.38265503708572,161.5,1.13524590163934,6.28879560350769,0.0856637572962235,1.82432436850669,15.674647631578,2.56592892123741,1.41551652859595,2.16451744710747,1.32277571054515,8.4054918086124,6.57871465896979,4.33089928291334,79,1,23.9688868198294,0,0,0,0,0,207.357142857143,0,0,0,0,0,0,89,0.194805194805195,0,"censor",10.0602739726027
"972","pa3030",0,0,-0.49234380963172,39,0.996124031007752,5.26067984757944,0.0587952078129154,0.68317843158804,15.5586387051447,0.696767670319744,0.651744206458439,1.18691604028795,0.89500717074375,6.04386659303645,5.05126625956954,4.95549542081612,85,1,26.5735736674408,0,0,0,0,1,253.214285714286,0,1,1,0,0,0,85,7.35849056603773,1,"death",8.2027397260274
"973","pa3034",0,0,-0.191597711586159,239.5,1.35420393559928,4.31141243390173,0.112859049076836,0.815484460433037,12.0816362421955,0.951572340952247,0.712511144862754,2.47474699382984,1.62511320242767,11.2837628832209,5.90072094493511,6.4410118284743,82,1,25.4795037866638,0,0,0,0,0,74.6428571428571,0,0,0,0,0,0,100,7.69633507853403,0,"censor",11.2109589041096
"974","pa3035",0,0,-0.306270123257841,103,0.988636363636364,5.68091926560459,0.0499700831209004,0.81597595377492,16.33846471678,0.873700753293359,0.762723848169737,2.63197886981072,0.820346875155133,10.6509630227691,6.52742284831181,3.61672470656768,74,1,25.2664684024778,0,0,0,0,0,225.214285714286,0,0,0,0,0,0,94,4.12213740458015,0,"censor",10.4301369863014
"975","pa3036",0,0,-0.19881848429014,65.5,0.581344902386117,6.30467850937179,NA,NA,15.7235696375589,NA,NA,1.94950723226839,NA,5.15923877704919,3.71977620772924,NA,80,1,30.0064394660396,0,0,0,0,0,0,1,1,1,0,0,0,91,9.09090909090909,0,"death",4.48767123287671
"976","pa3038",0,0,-0.449802936012691,208,1.96739130434783,3.86102518126276,0.0520902409276305,1.41040647705628,18.4318398516611,1.46606614809597,1.29130516943754,2.19139053703022,0.73915644443123,10.9288762683962,5.17812858302535,3.74702699983932,77,1,25.6356870935748,0,0,0,0,0,310.928571428571,0,1,1,0,1,0,96,12.1804511278195,0,"censor",10.3315068493151
"977","pa3040",0,0,-1.13430209828153,151.5,1.09090909090909,5.17755886316664,NA,NA,21.3295029032982,NA,NA,3.32646637364748,NA,11.0927948774007,8.72485329194191,NA,80,1,27.2223994303491,0,0,0,0,0,209.571428571429,0,0,1,0,0,0,83,1.89274447949527,1,"censor",10.4821917808219
"978","pa3046",0,0,0.439758990771629,51.5,0.658695652173913,3.31685511636397,0.0419901090740517,0.362468154414757,12.2584189543207,0.371071209945494,0.346630761684143,1.49838571029829,0.481479814756824,7.37987201620477,4.46407316423872,3.23984454771574,79,1,25.0567832055604,0,0,0,0,1,182.571428571429,0,1,0,0,0,0,97,20.9907120743034,0,"censor",11.9972602739726
"979","pa3047",0,0,-0.0583243164910201,108,1.40700808625337,4.05310671322109,0.0502750496780292,1.21617509530434,17.9809115946006,1.2806657477898,1.07827053300497,1.56811800928441,0.917355587019861,11.7531732771877,4.36108101010219,4.52156592169649,74,1,26.7248585390946,0,0,0,0,0,228.142857142857,0,0,0,0,0,0,99,10.5660377358491,0,"censor",10.3178082191781
"980","pa3048",0,0,0.14369424415269,129.5,1.52581261950287,4.70081915533036,0.0686405585135501,0.956136772082111,8.4436506764452,0.998922299521092,0.872533132606088,1.38265372711376,0.471378964857844,9.26715635187565,6.2547844625694,3.42199253240563,76,1,22.1061224489796,0,0,0,0,0,109.035714285714,0,0,0,0,0,0,86,12.6865671641791,0,"death",2.06301369863014
"981","pa3049",0,1,-0.269999919110479,150.5,1.325,5.25686604877859,0.037222925605524,0.702118375703777,12.9437539309178,0.731396247786064,0.65614087749507,1.83380982050163,0.9973691611972,13.0939001540667,4.72763443197241,4.77381624729785,83,1,23.2077151851045,0,0,0,0,0,156.321428571429,0,1,0,0,0,0,93,6.28571428571429,0,"dementia",1.07123287671233
"982","pa3053",0,0,-0.33105623054911,212,2.48220640569395,4.48616218741329,0.0505706038913951,0.719619021391835,17.0224441351278,0.755006820906864,0.678577130260019,1.8333529898457,1.07277372011601,17.478661530503,6.23187123620605,3.52984019513117,78,1,24.5490703210542,0,0,0,0,1,90.5,0,1,0,0,0,0,99,3.2512315270936,NA,"censor",11.7178082191781
"983","pa3054",0,0,0.5015842325458,152.5,2.38045738045738,3.87229618824322,0.051483073130464,0.822741346263773,10.8159076851745,0.873242490768107,0.774853384498207,1.17791880812073,0.445633066957612,14.1455857184542,5.5380402582038,3.93704292172122,71,1,21.0143757350069,0,0,0,0,1,188,0,1,0,0,0,0,92,4.52173913043478,0,"death",9.74794520547945
"984","pa3056",0,0,-0.41091027241847,164,2.22712933753943,5.03612773216085,0.0721713053742909,0.782252628955371,10.1778108303246,0.830837243733111,0.73375566430367,1.50040551197677,0.90832481428533,12.4864685650129,6.53238992640063,6.26175114997361,85,1,23.5063747563101,0,0,0,0,0,168.678571428571,0,0,1,0,0,0,94,1.13924050632911,0,"censor",10.5123287671233
"985","pa3058",0,1,0.0433166481625605,117.5,1.99769585253456,4.90237047794585,0.0321126211475507,1.39890647119291,12.9752502496822,1.44556977870094,1.32740068499488,0.901476380727623,-0.154134154504302,22.1195201538839,5.81108529953138,4.95993105648599,77,1,26.6532515415268,0,0,0,0,0,208.642857142857,0,0,0,0,0,0,97,0.835654596100279,0,"dementia",1.28219178082192
"986","pa3059",0,0,-0.57289049498039,103.5,2.34615384615385,5.05862956501317,0.0425799701723222,1.1325336119904,21.6837933730903,1.17359935602095,1.06620466980724,3.75944768846954,0.825810127444071,11.875733967556,6.93590046396477,5.83134970601998,70,1,28.0631607987149,0,0,0,0,0,166.714285714286,0,0,0,0,0,0,97,20.381679389313,0,"death",4.35342465753425
"987","pa3061",0,0,-0.81942095884305,293.5,2.55287569573284,7.6733539558467,0.0326186586800002,1.09122602698433,17.772011561576,1.11891568686158,1.01642655823602,3.07459147506562,0.921747405156278,12.843626132572,5.84687175624661,5.12556389374864,73,1,28.5224746249103,0,0,0,0,1,135.642857142857,0,1,0,0,0,0,94,6.99708454810496,0,"death",8.85205479452055
"988","pa3062",0,0,0.116157487847489,90.5,1.35584415584416,2.90839816887251,0.0597551379108549,0.897928289795279,15.4076462960035,0.925571955450688,0.846604315777167,1.62693550014027,0.706531425884137,9.65885153721131,4.48692896814965,5.39626264684624,80,1,24.7785751511291,0,0,0,0,0,200.464285714286,0,1,1,1,0,0,83,2.64984227129338,NA,"censor",9.85205479452055
"989","pa3063",0,0,0.42239795161386,179.5,2.28846153846154,3.80287996539476,0.0717119908028059,0.407042447499433,12.7175593936864,0.420860454578337,0.399409908387562,1.22912548908113,0.427901113446222,16.2660978459723,5.63856688816732,4.65640353287865,78,1,23.9862915895985,0,0,0,0,1,189.142857142857,0,1,0,0,0,0,99,2,1,"censor",10.5671232876712
"990","pa3064",0,0,-0.440202157028099,169.5,1.49722735674677,5.93929033109216,0.0195178721159142,0.70212222916978,13.374846648989,0.715566428245606,0.675561584813694,1.94988268789623,0.68074752097975,10.607432186638,6.47643481641316,5.25522396530436,77,1,28.1883885335692,0,0,0,0,0,98,0,1,0,0,0,0,98,2.25806451612903,0,"censor",10.0684931506849
"991","pa3070",0,0,0.38395931778862,148,2.4207492795389,4.31807257171921,0.0960174395953389,0.935076488337136,12.7698510604769,1.0061600815891,0.863861465386399,1.44033925216184,0.745942022283349,10.5835219380439,5.66294838397067,4.15057869204783,70,1,28.422243674089,0,0,0,0,0,197.714285714286,1,1,0,0,0,0,93,7.14285714285714,1,"censor",11.1479452054795
"992","pa3072",0,0,0.169705591830029,82.5,0.995762711864407,4.08517833038635,0.0563554956694697,0.986330689255529,13.8231651652136,1.0396034610285,0.904765258250498,1.72333426650717,1.16614319121904,8.94385609533704,5.74741819350839,5.1070037534592,70,1,28.5029977455274,0,0,0,0,0,264.142857142857,0,1,0,0,0,0,94,4.22018348623853,0,"censor",10.5698630136986
"993","pa3077",0,0,-0.16074122174265,99,1.00973236009732,5.18945300810222,0.0398198165278799,1.02235170224164,13.4059671413714,1.06426338646045,0.943211661729107,1.84287858488127,0.845817583318126,8.28092170242078,5.33343988393794,5.32170093195999,75,1,23.2087680647351,0,0,0,0,0,263.714285714286,0,0,0,0,0,0,94,0,0,"censor",10.4931506849315
"994","pa3079",0,0,-0.0758271681991005,172.5,2.21428571428571,5.63210703937103,0.0369553904529019,0.938435893246173,14.3754738919851,0.995928850223985,0.888613361944661,1.24590124007372,0.905238383887413,16.3893333348228,5.58103282533546,4.61943370533525,72,1,26.5808279142807,0,0,0,0,0,272.5,0,0,0,0,0,0,97,4.64088397790055,0,"censor",11.4438356164384
"995","pa3080",0,1,-1.16129865384185,111,0.864406779661017,6.91823810238668,0.05677272117868,1.6362624319375,12.6071401157594,1.91028273040456,1.36659405241523,1.50132250593603,0.292741654136491,10.2985648160229,8.66699940574977,6.97137850625787,80,0,37.5146660596661,0,0,0,0,0,137.428571428571,0,0,0,0,0,0,85,10.3311258278146,1,"dementia",0.46027397260274
"997","pa3084",0,1,-0.25270549051713,143,1.68333333333333,4.32646334403184,0.0492249202957574,1.1118537912107,16.1446873541997,1.14376060801788,1.02761276437801,1.78436320607354,0.955695948691308,9.65384795176196,5.03384852889629,8.75285699139342,77,1,22.0522941045662,0,0,0,0,1,270.75,0,1,0,0,0,0,93,7.97583081570997,0,"dementia",2.92876712328767
"998","pa3086",0,1,0.0382730149470305,78.5,0.476635514018692,4.10764078544408,0.0436569257249248,0.855572728679982,14.9119725733611,0.893780831451969,0.809430010874623,2.22380384641659,0.835324133751813,6.51378914838611,6.32556331749195,4.58078657418516,71,1,30.3001143080136,0,0,0,0,0,200.607142857143,0,0,0,0,0,0,95,0.710900473933649,NA,"dementia",3.27397260273973
"999","pa3089",0,0,-0.61275256785746,142,1.351966873706,4.26886607690224,0.0416750630970928,1.42560379806168,13.6022774375865,1.48426177563529,1.28664958241868,1.8619037281896,0.527865690323782,10.9827219291705,6.08116248098831,5.01399292845624,83,1,24.7234936433904,0,0,0,0,0,165.464285714286,0,0,0,0,0,0,94,24.0897755610973,0,"censor",9.98904109589041
"1000","pa3091",0,0,-0.5264459969773,168.5,0.75,7.70213428057975,0.0292250584418074,0.652732610506608,23.8918596884224,0.674510409367736,0.608575422026742,4.17242481209456,0.930298040976745,11.7151236494035,4.65336801491431,2.48476690177655,71,1,26.0629725933124,0,0,0,0,0,127.75,0,0,0,0,0,0,90,27.6923076923077,0,"censor",10.5315068493151
"1001","pa3092",0,0,-0.85414328916259,141,1.81296758104738,6.51412719857394,0.0373799630389953,1.32004330801251,14.7994922782777,1.48718087571886,1.3117941157695,2.53740337257328,1.2090649092882,10.5878064167454,8.53496609506508,9.25738661019008,70,1,23.9539715224131,0,0,0,0,1,357.214285714286,0,0,0,0,0,0,89,1.59090909090909,0,"death",2.61095890410959
"1002","pa3093",0,0,0.34531930790795,113.5,1.91968911917098,6.18172544951328,0.089005037279269,0.751370309523652,13.5205394490922,0.774199967767223,0.706431026538058,1.25788682586068,0.491091702812833,12.9495367460106,6.07557458596808,4.16265077543775,69,1,28.0574331154681,0,0,0,0,0,237,0,1,0,0,0,0,98,10.4819277108434,0,"censor",12.0876712328767
"1003","pa3094",0,1,-0.0861940882286305,94.5,2.9740932642487,5.03600019441034,0.0773494971778134,0.750267467645185,11.9982642620672,0.773003668418814,0.709388604828006,1.21841447507272,0.652391051979953,11.7486372527669,5.94481178984645,5.2603540529672,79,1,18.3263550996717,0,0,0,0,0,202.214285714286,0,0,0,0,0,0,93,1.3953488372093,0,"dementia",1.05479452054795
"1005","pa3098",0,0,0.101430052092959,74,1.67158671586716,4.352582920697,0.0438894255077866,1.34190988721657,6.91808015582767,1.39137586048104,1.23757935416289,1.34634780265472,0.482449999757536,10.3718213880819,5.11318504100331,3.89352987125697,78,1,23.4804553478899,0,0,0,0,0,252.142857142857,0,0,0,0,0,0,90,8.79478827361564,0,"censor",10.5041095890411
"1006","pa3102",0,1,0.48035730096899,72,1.31005586592179,5.35201130308998,0.0543838855045911,0.789981914850526,7.32610829141472,0.853080654923379,0.711845133530681,1.52247570171556,0.331354053123738,26.962645233422,6.36257980848672,4.53287303514293,70,1,24.2174588278285,0,0,0,0,0,263.678571428571,0,0,1,0,0,0,99,4.6027397260274,1,"dementia",3.19178082191781
"1007","pa3103",0,0,0.11194780908839,175.5,2.20840950639854,4.8153455729034,0.107053352364639,NA,11.3325986924488,NA,NA,1.09684689412682,NA,12.358031863522,5.65755793788261,NA,77,1,26.2703837721626,0,0,0,0,0,197.214285714286,0,1,0,0,0,0,88,14.0157480314961,0,"censor",9.60547945205479
"1008","pa3104",0,0,-0.495310169722499,152.5,1.68589743589744,4.27872138207672,0.03641284445398,1.05514093463891,20.5610565483505,1.0883927834096,1.01011069807438,2.57338589961929,1.30233232590039,9.90757138072798,5.82518402030136,7.41064297852023,73,1,26.0140030428338,0,0,0,0,0,25.7142857142857,0,0,0,0,0,0,100,7.53554502369668,0,"death",2.93424657534247
"1009","pa3105",0,0,-0.71073161190868,134.5,1.52016129032258,4.95902685753851,0.0248505476295672,0.942887531717894,17.1424329325932,0.961358125282766,0.854751882926685,2.52520806178772,0.727615267586087,10.2845141463921,8.02913104103038,6.32080648105016,75,1,25.1381014690878,0,0,0,0,0,331.178571428571,0,0,0,0,0,0,95,2.34718826405868,0,"censor",12.0876712328767
"1010","pa3106",0,0,-0.10650895423916,215,2.63927855711423,5.7795520038086,0.0478850542849002,0.858369324831838,17.1087351611753,0.916502401730866,0.824037356629113,1.60946908309803,1.11931031611069,16.1671322529129,5.08728946332684,6.69436447247971,71,1,22.5845792492886,0,0,0,0,0,175.214285714286,0,0,0,0,0,0,96,0.804289544235925,0,"censor",10.9315068493151
"1011","pa3107",0,0,-0.27992118910566,95,2.08823529411765,7.97823647792538,0.0624461068839395,0.935404793788906,13.6652505488238,0.978140903919686,0.870378569737591,1.84678168559951,0.579139469615083,10.4491808517585,5.73748678590602,3.60346777144227,72,1,26.678205100979,0,0,0,0,1,232.5,0,0,0,0,0,0,94,9.01840490797546,0,"censor",11.0027397260274
"1012","pa3108",0,0,-0.80081947591737,96.5,0.649874055415617,8.31443097923236,0.0405221415405912,0.563555110392247,19.6743930164475,0.588216072174735,0.5252890939912,4.40714890416491,0.590274575007002,10.6484278760169,7.94982243648256,3.94303429236109,73,1,30.671974215546,0,0,0,0,0,17,0,1,0,0,0,0,95,21.9718309859155,1,"death",2.2
"1013","pa3111",0,0,-0.239705549756469,103.5,0.991803278688525,5.33194985333502,0.025978093657782,1.03422163315964,15.1582398877389,1.07175939470225,0.965474471072213,2.53180042524549,1.11660271881609,9.3618042311878,6.146832644606,5.99024526005558,70,1,24.9225933571026,0,0,0,0,0,94.3214285714286,0,0,0,0,0,0,98,6.57342657342657,0,"censor",9.63013698630137
"1014","pa3112",0,0,-0.20211437612662,249.5,3.527352297593,5.29032178309169,0.0371524030606427,1.08619063751205,12.3885387724955,1.13798874854636,1.00598195217996,1.41687836693697,0.564879703238588,15.2537248561147,6.59417077052208,5.41324242877701,71,1,24.6745594688407,0,0,0,0,0,90,0,0,0,0,0,0,94,1.30434782608696,2,"censor",11.1753424657534
"1015","pa3113",0,0,-0.140270885914011,111.5,1.31509846827133,4.78788683313708,0.0568174882772148,1.59582146710543,16.6561528041874,1.64762265926908,1.45862193185003,2.29238755798963,0.591942701580035,12.4615036423908,5.71954579075766,6.62425108760399,71,1,23.7374284353622,0,0,0,0,0,92.9642857142857,0,0,0,0,0,0,90,0.344827586206897,0,"censor",11.2356164383562
"1016","pa3114",0,0,0.21563744884008,55.5,0.341158059467919,4.29952706252478,0.0880130217842532,0.949358221329008,15.5805824938043,1.02182614748255,0.901811169685685,2.10132165374602,0.838767408709841,7.73142158648915,5.89287887837561,4.13973203532059,72,1,26.1115691591089,0,0,0,0,0,308.357142857143,0,0,0,0,0,0,98,12.0805369127517,1,"censor",9.70958904109589
"1017","pa3115",0,0,0.72613740093511,90.5,0.657960199004975,4.2306375225013,NA,NA,8.43746659045972,NA,NA,0.673534344942837,NA,6.68962117635607,2.66316224589209,NA,78,1,24.1782987138589,0,0,0,0,0,84.8571428571429,0,0,1,1,0,0,91,0.148883374689826,0,"death",10.2630136986301
"1018","pa3118",0,0,-1.37923436413904,152,2.56369426751592,10.2276160238945,0.0556617202819909,0.685108017615502,20.2223961208684,0.727694309283026,0.622018101295202,4.04727948531304,1.57746216177859,14.3174628780042,7.8999338723998,5.60744125949408,74,1,25.4091657711276,0,0,0,0,1,25,0,0,1,0,0,0,94,2.47933884297521,0,"death",6.85753424657534
"1019","pa3119",0,0,-0.44545151202138,120,1.52770448548813,4.20970897559334,0.044102612409111,3.37078228195821,13.9137692983639,5.69195458000122,2.88906695294333,2.35964029743316,0.358047137611955,13.7036008239079,6.15058157889339,3.84478188608664,69,1,26.0143911829718,0,0,0,0,0,177.25,0,0,0,0,0,0,83,0.451127819548872,0,"censor",10.5315068493151
"1020","pa3120",0,0,-0.30043443212278,121.5,1.48364485981308,3.85270839021578,0.0646275639302941,0.767093487995151,14.9101421164752,0.807250283981605,0.738024686819568,1.51428171044154,0.811863124237836,12.720868252459,5.56053520961092,6.08721244006304,86,1,24.1935483870968,0,0,0,0,1,96.25,0,0,0,0,0,0,94,7.89473684210526,0,"death",5.46301369863014
"1021","pa3121",0,0,-0.31023244275041,148.5,2.47602739726027,4.10818120953703,0.0342644222234769,1.15237874037489,18.5026823092728,1.20141048737538,1.07523986200292,1.84152624816672,0.733774148922682,11.8342803260302,5.19053466975067,4.33335065518055,74,1,29.1478773942884,0,0,0,0,0,262.428571428571,0,1,0,0,0,0,94,5,0,"death",11.8301369863014
"1022","pa3125",0,0,-0.187330159560079,169,1.45283018867925,4.54914646623767,0.0407259893425129,1.274557255355,11.3497644022137,1.3254642363398,1.19041400856617,1.53478310809574,0.497429265563745,9.87829298262729,8.46332181741215,8.31108526215539,69,1,25.8623986915521,0,0,0,0,0,123.75,0,0,0,0,0,0,93,1.56521739130435,0,"censor",10.5013698630137
"1023","pa3126",0,0,-0.69445240526976,180.5,1.31621187800963,5.22785502607135,0.0778010619698842,1.29854897739606,21.9890427857166,1.37760124901152,1.22158681363232,3.65596835704336,1.08824867648084,11.4430658318257,5.44662231197039,4.17325173463709,78,1,24.20837026045,0,0,0,0,0,129.071428571429,0,0,0,0,0,0,93,0.838323353293413,0,"censor",9.60547945205479
"1024","pa3129",0,0,-0.11797126713853,96.5,1.69426751592357,2.80063284186605,0.052975683744638,1.0571465778269,15.2019662875159,1.1011603542536,0.997009147771268,1.41435969024194,0.787889857422751,10.6357007662148,5.39895430176422,5.47895652666853,80,1,26.4926377641192,0,0,0,0,0,65.3928571428571,0,1,0,0,0,0,98,0.810810810810811,0,"death",9.23835616438356
"1025","pa3130",0,0,0.0852488686111599,107,1.97230769230769,4.47905926019477,0.0323549995709998,0.504921878656177,14.8060253548758,0.519382651977131,0.479906317564072,2.1598467559858,1.18766305603602,10.5185280133307,5.22961375522405,4.07911257183925,72,1,18.7449803328253,0,0,1,1,0,154.5,0,0,0,0,0,0,97,2.75229357798165,0,"censor",10.4712328767123
"1026","pa3131",0,1,-0.296998989452089,241,2.92184368737475,4.67877580375837,0.0399730922151069,1.09922278926057,16.3818415061858,1.18351109359256,0.987567966271558,2.371666400726,1.65496235010292,12.8622146691422,4.99621915020335,4.57957897808717,70,1,31.5305819525747,0,0,0,0,1,330.392857142857,0,0,0,0,0,0,94,39.5640326975477,NA,"dementia",1.15342465753425
"1027","pa3135",0,0,-0.252591793328359,143,2.38154613466334,6.19010039666525,0.0416295769972997,0.759690284427773,12.9675894295604,0.771604401664543,0.728239589911382,1.6532521761053,0.480867037983396,18.0066135404814,5.96438133301653,6.07576066851389,80,1,24.3547599818052,0,0,0,0,0,199.5,0,1,1,0,1,0,93,4.05144694533762,0,"censor",10.6164383561644
"1028","pa3136",0,0,0.60242072426268,82,1.26806526806527,5.10686267595558,0.0745008787695481,0.771060795473196,8.70093163708224,0.796427624309308,0.70998950340772,1.11423942332531,-0.0058650933968493,13.0017282357718,5.00047382339685,1.00360719773589,76,1,22.6106160799353,0,0,0,0,0,106.857142857143,0,0,0,0,0,0,95,5.59006211180124,1,"death",10.0602739726027
"1029","pa3141",0,1,0.0386003270627498,153,1.70059880239521,4.79322370287532,0.0582655677860342,0.795754310410174,9.61125906754128,0.817861308617913,0.760805494461821,0.794309582613183,0.353150379354177,9.1669516010921,4.18939761160023,2.99615419138335,84,0,29.5012217512144,0,0,0,0,0,274.5,0,0,0,0,0,0,85,35.3846153846154,0,"dementia",4.31506849315068
"1030","pa3144",0,0,-0.688518959303489,83,0.643122676579926,4.80331742006845,0.0442436480587763,1.11753887631947,19.5099846012822,1.2006904872697,1.03585522662245,3.23788610212193,1.31736051653682,10.4783016709939,5.04867463186819,3.36698944092663,81,1,29.9305693314818,0,0,0,0,0,193.857142857143,0,1,0,0,0,0,97,11.8906605922551,0,"censor",11.8356164383562
"1031","pa3146",0,0,-0.0402367274454207,57,0.936170212765957,3.88529269493192,0.03613979224192,0.835775614234192,21.6055737755259,0.862380037151397,0.795165340291471,2.49437270582771,1.02649235376718,7.99886185016251,3.23710155981779,3.53669378834674,75,1,29.2734844892619,0,0,0,0,0,119.214285714286,1,1,0,0,0,0,97,1.22033898305085,0,"death",4.85753424657534
"1032","pa3151",0,0,0.58147943916906,162,2.34246575342466,2.87081744663406,0.0879883704980379,1.0462131809281,9.29602071649323,1.08845538012035,0.988735708639386,1.61835921246713,0.583366429037493,9.88123087327897,5.76010614724448,5.97738957460119,72,1,23.6057649519402,0,0,0,0,0,135.892857142857,0,0,0,0,0,0,100,1.75438596491228,0,"censor",10.9095890410959
"1033","pa3152",0,0,-0.60508344423293,163,1.76260504201681,5.48992623879802,0.0487553929796561,0.902729821131604,15.9905084238519,0.987649586057611,0.828586335480651,2.27181616932902,1.20569753387665,12.5225839729958,7.00744238171936,4.39332480499369,76,1,25.0799737663474,0,0,0,0,0,235.75,0,0,0,0,0,0,87,9.56962025316456,1,"death",9.06027397260274
"1034","pa3155",0,0,0.26917261207997,122.5,0.903633491311216,4.11280044902869,0.0804039313698048,0.716447438457369,11.0251869588374,0.785683811938247,0.635603232536915,1.34907439793058,0.784786701837218,5.07325737453466,2.53529821259245,1.51488806864993,84,1,25.9768131663042,0,0,0,0,0,76.5,0,0,1,0,0,0,89,29.2235294117647,1,"censor",3.32054794520548
"1035","pa3156",0,0,-0.54759664199622,152.5,1.9662447257384,6.54392430429032,0.0820854371878708,0.835067302458083,20.6310478792545,0.888193816943958,0.758628980269447,2.1466622643139,1.23480327620424,9.24434521477547,4.26460992927755,4.09331683578074,78,1,26.6558833745867,0,0,0,0,0,168.214285714286,0,0,0,0,0,0,94,20.1089918256131,0,"death",6.16986301369863
"1036","pa3159",0,0,-0.0426407699858501,92.5,2.0669014084507,5.16071506802988,0.053234307475565,0.906096606341922,14.2967407248378,0.942179594700399,0.815583005548534,1.62190016021394,1.01209041433201,11.2355782450958,3.59248648031356,2.76252921546019,78,1,27.5364471176456,0,0,0,0,1,171.928571428571,0,0,1,0,0,0,87,1.53846153846154,0,"death",2.94520547945205
"1037","pa3161",0,0,0.388728854210849,68.5,0.966426858513189,5.27049931170115,0.0290427360535972,0.694457579300269,8.95363185120975,0.719911598756118,0.673091076629996,0.889213674327506,0.362638373748732,8.29902328989366,4.3063699029221,3.58568975351434,75,1,30.3703878246162,0,0,0,0,0,190.071428571429,0,1,0,0,0,0,97,29.469964664311,0,"death",8.90958904109589
"1038","pa3162",0,0,-0.71596068535337,172.5,1.89841986455982,8.74836435536351,0.0551432172754889,0.838572994223944,14.8459892392105,0.871030570505572,0.777386244985108,1.88764620178481,0.920166891873673,8.60578046517623,5.58483349173764,4.72636893593907,76,1,25.0099719247033,0,0,0,0,0,276.714285714286,0,1,0,1,0,0,96,6.81440443213296,0,"censor",10.2191780821918
"1039","pa3163",0,0,-1.10660581586561,210.5,2.51851851851852,6.28219718579223,0.0307022204302364,1.16033926616284,17.5571177338669,1.2079882891024,1.06910258435748,2.28074330859827,0.704081754969878,20.2034064881528,8.09011255889824,5.02259962579271,81,1,26.3244094110867,0,0,0,0,0,209.285714285714,0,0,1,0,0,0,97,4.41471571906354,0,"censor",10.5068493150685
"1040","pa3166",0,0,0.591261354221319,154,1.81872509960159,3.46018331899088,0.0644994848537798,0.99895159185006,12.5658557161207,1.04486933126816,0.941726686755267,1.5593980742647,0.454533453419829,11.1160112489899,4.8055213157837,4.34729271280855,70,1,24.1483726856486,0,0,0,0,0,254.357142857143,0,0,0,0,0,0,95,10.3125,0,"censor",9.73698630136986
"1041","pa3167",0,0,-0.140008151934759,109,0.986062717770035,6.42469413160615,0.0439872282589777,0.85798678181396,12.7154128865208,0.918026222675548,0.789267627664816,1.51187165307235,0.593873740682987,14.1366684049856,5.19974167015567,2.3007404546442,78,0,23.4189167661744,0,0,1,1,0,79.75,1,1,0,0,0,0,92,8.43989769820972,0,"censor",9.62739726027397
"1042","pa3169",0,0,0.219363885847341,103,1.42058823529412,4.90522405013032,0.0809458822979493,0.906277212470288,14.2018878772925,0.942371231566068,0.846870349706816,2.82421631620644,0.482701024988065,11.5565145977197,6.77810334749719,3.7612481908938,70,1,30.7585397668047,0,0,0,0,0,182.928571428571,1,1,0,0,0,0,96,2.44897959183673,0,"censor",9.71506849315069
"1043","pa3170",0,0,-0.392927925928571,131,1.15841584158416,5.9719913907776,0.072072097136963,0.632898955929283,13.8650286744115,0.655692457697694,0.589971884265774,1.0078826164381,0.789421151257808,9.45416640326874,5.49808866613325,3.94376306647702,84,1,26.9495799627441,0,0,0,0,0,75.7142857142857,0,1,0,0,0,0,88,6.01542416452442,0,"death",7.6958904109589
"1044","pa3171",0,1,-0.734129664822321,87.5,1.21681415929204,6.58114823677278,0.0489758806830625,1.53154158648859,13.5155475985486,1.62399944124545,1.38899103360234,3.06549271394716,1.09251868859675,13.9279159858872,6.53335868683859,8.3666030446765,78,1,30.2831172132582,0,0,0,0,0,220.071428571429,0,0,0,0,0,0,93,46.8587896253602,0,"dementia",3.43835616438356
"1045","pa3172",0,0,-0.17782644623169,158,1.85869565217391,5.11427568224897,0.0937502370218342,0.899643792826775,15.4946718122011,0.960646651643274,0.861550033453145,1.68461110422377,0.645073591417126,13.2621933592388,5.23752496579992,4.6298914414516,82,1,26.435950910542,0,0,0,0,0,130.714285714286,0,1,0,0,0,0,92,0.156657963446475,0,"censor",10.5698630136986
"1046","pa3173",0,0,0.24129616054669,156.5,1.76300578034682,6.28048027367751,0.0786856727321792,0.586619700877802,13.9225779192802,0.618832983531824,0.55518250667138,1.84151860222895,0.542883725624853,11.8895344109321,5.64201195447844,2.98785609447075,71,1,25.0568742232776,0,0,0,0,0,104.428571428571,0,0,0,0,0,0,93,8.6013986013986,0,"censor",11.6493150684932
"1047","pa3175",0,0,-0.49653444329718,86.5,1.296875,3.6261227730757,0.0546055154445234,1.41850447572567,12.6885599562801,1.48038973342955,1.31131876391013,1.30773035954293,0.452921592442281,8.95499312698436,6.62110105251657,6.06529763801127,83,1,23.191064740434,0,0,0,0,0,117.714285714286,0,1,0,0,0,0,84,13.1428571428571,0,"censor",10.5616438356164
"1049","pa3179",0,0,0.27457349044857,39,0.562334217506631,3.86955576194054,0.0682269528469675,1.21015790720574,13.985172605957,1.24879223706054,1.14739693747184,1.62321115894446,0.427083523444339,5.15844143065539,4.9268712880992,5.25396943979999,73,1,27.7635870853047,0,0,0,0,0,119.214285714286,1,1,0,0,0,0,96,13.4883720930233,0,"censor",10.0849315068493
"1050","pa3182",0,0,-0.44669518577539,161,1.84126984126984,6.33682689180751,0.062755332307686,0.792215893734748,19.9858313973684,0.829082570857849,0.730231861581648,2.77329435926146,0.917327584605704,13.3417047357249,5.94004191209295,2.85817350493741,74,1,25.6739389787899,0,0,0,0,0,258.785714285714,0,0,0,0,0,0,100,1.54285714285714,NA,"censor",11.6712328767123
"1051","pa3185",0,0,-0.326073032655501,95,1.23908045977011,3.99434138344605,0.0447634399288399,0.727485096253655,12.8348412045485,0.772531538103779,0.664089205305636,1.13341356565425,1.22584349686336,8.68008386223263,3.50492829752714,4.86294291976969,89,1,22.7646558631264,0,0,0,0,0,190.178571428571,0,0,0,0,0,0,90,1.97014925373134,0,"death",9.54246575342466
"1052","pa3189",0,0,-0.60348263743756,54.5,1.39090909090909,5.25425843489118,0.0440066293952122,1.11714793968091,9.39451231891186,1.22858300800287,1.03364792395377,2.04314114924077,0.8700146684866,10.6042848695611,8.5646663031283,5.10848020031383,78,1,26.8957918950079,0,0,0,0,1,157.142857142857,0,1,0,0,0,0,96,3.64372469635628,0,"censor",11.2082191780822
"1053","pa3191",0,0,-0.13387059999738,58.5,1.01461988304094,6.32421003561049,0.0697821064697497,0.939870966350958,15.9787414105461,0.982303474674647,0.893863389554179,2.2600710375661,0.38786330241238,13.2653364976682,6.22844933511144,3.40459132647532,75,1,34.1586329666927,0,0,0,0,0,176,0,1,0,0,0,0,92,10.9859154929577,0,"censor",10.4630136986301
"1054","pa3192",0,0,0.14522517937891,133.5,1.935546875,4.04146658043421,0.0425920376853823,1.10024544458932,13.6348142351365,1.12708750649642,1.02577996867778,1.20942968637128,0.550997204814133,12.877017609283,6.27121617402396,4.84147726877993,70,1,35.8066702265037,0,0,0,0,0,101.75,0,0,0,0,0,0,93,6.38297872340426,1,"censor",10.0356164383562
"1055","pa3193",0,1,0.37583938800462,58,0.779156327543424,3.70690267013983,0.0762267688236917,0.767263717209457,14.916420018886,0.793522911986147,0.726848799248519,2.18967340717851,0.704438440181826,9.66128039899276,3.44203236782497,3.8878962514586,80,1,22.2464485161335,0,0,0,0,0,41.0714285714286,0,1,0,0,0,0,95,2.94573643410853,0,"dementia",2.38630136986301
"1056","pa3195",0,0,-0.37383989707468,201.5,2.38333333333333,3.81375459978081,0.0541264379022712,0.949984398737994,17.2425191324546,1.00784541302684,0.902845131153225,2.45000988682895,1.14993718920637,12.506124878662,5.90092767593959,4.23653920558345,77,1,25.4412088712822,0,0,0,0,0,250.535714285714,0,0,0,0,0,0,96,19.6875,0,"censor",10.7397260273973
"1057","pa3201",0,0,-1.18415438657536,175.5,1.40070298769772,4.75100334813037,0.0408651621481134,1.36348172257768,19.6648909972341,1.41064304254426,1.26684003980996,2.90202425508231,0.89189249855512,9.03651025890597,9.82424024780974,6.52035473055017,74,1,26.1416879486819,0,0,0,0,0,42.25,1,0,0,0,0,0,95,27.5784753363229,0,"censor",10.1260273972603
"1058","pa3203",0,0,-0.3892764924456,17.5,0.51497005988024,2.86237852636569,0.0298751555572616,0.587897137937136,16.583791819162,0.607963820351122,0.573631177779266,2.06787979323384,1.84637684269774,5.47657494920672,6.80958842290424,7.23352763087498,77,1,27.4809348840118,0,0,0,0,0,5.35714285714286,1,1,0,0,0,0,88,2.22222222222222,1,"death",8.58082191780822
"1059","pa3204",0,0,-0.88898136626382,57,0.401913875598086,8.41331830343329,0.131112872516203,NA,18.5412240197517,NA,NA,4.20576479999264,NA,10.8338271028379,9.04098208045509,NA,71,1,30.7517532195459,0,0,0,0,0,214.428571428571,0,0,0,0,0,0,91,23.3766233766234,0,"censor",10.7068493150685
"1060","pa3205",0,0,-0.0857265433585098,135.5,1.97820163487738,4.61558250843624,0.0439989687935862,0.742404160600212,10.8855519270723,0.770573861215809,0.677605801669414,1.55940538962222,0.464290836410079,14.611466594139,7.07661069160281,5.35087638783264,78,1,28.0424452601273,0,0,0,0,0,185.75,0,1,1,0,0,0,92,0.497237569060773,1,"death",10.5479452054795
"1061","pa3210",0,0,-0.39924517219616,276,2.4974358974359,5.01110483782956,0.0366223649664801,0.885173461147029,19.8353894243782,0.9095312213743,0.838666915974082,2.29770483910478,0.774376965707603,13.384734237018,6.05116934729574,5.88877510832163,72,1,23.4964760133946,0,0,0,0,0,157,0,0,0,0,0,0,97,0.456852791878173,0,"censor",11.2739726027397
"1062","pa3214",0,1,-0.15123378195504,171.5,1.69275929549902,8.28833722799784,0.0520605940978852,1.05850031620788,14.7927087932925,1.10065694664595,0.981303839081943,1.71496889273849,0.412556153155386,13.0599510869386,3.58877675540378,2.04436022889035,74,1,27.9556982015458,0,0,0,0,0,237.785714285714,0,0,0,0,0,0,92,12.9095354523227,1,"dementia",10.4082191780822
"1063","pa3215",0,0,0.14976357350028,103,1.57434402332362,4.25926236240464,0.0525868328294299,0.872985503803759,13.2605259534077,0.915633077959279,0.824484284344277,1.62482655057651,0.856520439430823,14.1186378725554,5.02445671357134,6.75654895064893,77,1,25.2131920611815,0,0,0,0,0,131.714285714286,0,1,0,0,0,0,98,0.819112627986348,0,"death",9.22191780821918
"1064","pa3216",0,0,-0.488051430745681,79,1.00900900900901,4.53567418923147,0.0567159036518413,1.47139259879814,14.7602612684438,1.56917833966099,1.37721026620495,1.59734963899852,0.691840670597742,9.65361783507578,5.17943924412759,4.01434238030786,82,1,26.6509453009538,0,0,0,0,0,90.75,0,1,1,0,0,0,98,3.72881355932203,0,"death",5.2027397260274
"1065","pa3217",0,0,-0.0538432431496602,96.5,1.41625615763547,3.89560319654849,0.0437562674578336,0.635471397331492,12.9171817146989,0.651155548109244,0.611360236256865,1.14898407179993,0.333119570302156,8.60702598451335,5.65092920754494,2.01313426701079,81,1,26.5149217693805,0,0,1,1,0,178.428571428571,0,0,0,0,0,0,88,14.8,1,"death",9.91232876712329
"1066","pa3219",0,0,-0.523898056215199,65.5,1.60406091370558,4.91157942428411,0.0540073680179963,1.0122788410231,18.0589585311916,1.06248183076814,0.938817375419932,2.90474085691459,1.46843213908892,11.6538573750802,4.85838521716268,4.88004864027652,80,1,26.7884871734311,0,0,0,0,0,261,0,1,0,0,0,0,97,9.27272727272727,2,"death",2.69315068493151
"1067","pa3222",0,0,0.0184365183599496,136,1.37470167064439,5.35944569745124,0.0964635328891871,1.5052907445754,14.9336495860658,1.5677337744967,1.35611265791002,2.28931784330655,0.736740469189877,11.9435743113683,4.28765906906179,2.68408526168644,75,1,32.6375824897728,0,0,0,0,0,57.6428571428571,0,0,0,0,0,0,84,5.6019656019656,0,"death",4.76164383561644
"1068","pa3223",0,1,-0.31171013448033,68.5,0.669926650366748,6.53755451079513,0.0618394488318984,1.00873227314262,15.1027428078569,1.02900865031125,0.932019593394249,1.85112403168845,0.709556330306277,7.83118360332025,6.28192226315071,5.74467937617351,74,1,26.6708468656235,0,0,1,1,0,130,1,1,0,0,0,0,87,23.2417582417582,0,"dementia",11.213698630137
"1070","pa3228",0,0,0.32314148021959,201.5,2.76241900647948,4.53022462410329,0.112980877943283,0.726471059586268,9.52866587081805,0.762431529774443,0.6558350339099,1.10827639153698,0.47198792614537,10.9729153507013,5.63694376180091,3.13049085873561,78,1,21.5199139476711,0,0,0,0,0,48.0357142857143,0,0,1,0,0,0,94,0.764331210191083,0,"death",5.52054794520548
"1071","pa3229",0,0,0.89898832447836,154.5,2.17196261682243,3.95971192839939,0.0707075295698019,0.433695504943471,14.3491862137269,0.460249052231127,0.406113961810833,1.42991428808497,0.379219041545328,10.9790072701334,3.27178871640942,2.97819863506662,70,1,42.9059527817524,0,0,0,0,0,162.142857142857,0,1,0,0,0,0,94,72.0670391061452,0,"censor",9.66301369863014
"1072","pa3233",0,0,-0.92484611511496,140.5,1.3855421686747,5.41221122373133,0.0630287471529979,0.676477588905344,18.7168383415842,0.709615931623582,0.642750431639098,2.6161772700874,1.25854784653824,13.0108339499745,5.53919202222458,4.7596687661081,90,1,23.3240957112069,0,0,0,0,0,132.785714285714,0,1,0,0,0,0,95,13.5164835164835,0,"death",9.63287671232877
"1073","pa3236",0,0,-0.705042468453129,264,3.81185567010309,5.19217775449843,0.0202993330797891,1.18836656415546,15.8056193417082,1.23799473690685,1.12224587643378,1.87741444095911,1.47603779808033,16.9597448759168,6.45833203365463,7.18581598901443,73,1,22.739072008419,0,0,0,0,0,327.214285714286,0,0,0,0,0,0,97,13.9784946236559,0,"censor",10.5041095890411
"1074","pa3238",0,0,-0.0523568956529104,116.5,1.36529680365297,3.52776223837727,0.0501059394322391,0.894518568018891,14.954976082911,0.950818433863503,0.818455072931903,1.66254099747144,0.66974802770517,9.69171703171221,4.04797400020063,3.22196825574514,82,1,25.2773592401216,0,0,0,0,0,173.5,0,0,0,0,0,0,93,2.07446808510638,1,"censor",10.586301369863
"1075","pa3240",0,0,-0.24872660424644,209,2.39856801909308,5.5141698916307,0.0512515006743571,1.06199443728611,15.817536192662,1.1515042456293,1.00655834258031,1.6971944833795,0.593264440107353,14.8528035495993,4.48232517893795,3.870395699733,78,1,28.0632367705549,0,0,0,0,0,95.7142857142857,0,0,0,0,0,0,92,12,0,"death",11.786301369863
"1076","pa3241",0,0,-0.43316606900128,134,1.45850622406639,4.29341235358139,0.0486898881131474,1.1727115922186,14.8253270849587,1.24279140962424,1.10528530796306,1.87617602812847,0.765415720119794,12.0509851347548,5.53894878014005,4.8493392478736,82,1,20.8717558858551,0,0,0,0,0,198,0,0,0,0,0,0,91,3.78640776699029,0,"censor",10.558904109589
"1077","pa3243",0,0,-0.56895443031855,107,1.30043859649123,5.89873996664069,0.0349131121416464,1.14582870991015,12.5051148502452,1.17259586130994,1.06099219676984,0.807868915568918,0.178134886016815,9.94091701564509,6.28792704307467,5.73723364118494,82,1,31.0210431683723,0,0,1,1,0,227.214285714286,0,1,0,0,0,0,90,44.2622950819672,0,"censor",11.5205479452055
"1078","pa3248",0,1,-0.0875790584272707,134.5,2.198738170347,4.44150723696767,0.0528561739411545,0.670159369272019,15.7282425992282,0.694599394777084,0.640403726490427,1.39314539313711,1.01238011886898,12.3981330862871,3.29393016532899,4.17895892751548,83,1,23.2686883300196,0,0,0,0,0,117,0,0,0,0,0,0,86,2.79569892473118,0,"dementia",0.936986301369863
"1079","pa3250",0,0,-0.139931713586751,77,0.793450881612091,5.33177814524806,0.0589988205110537,1.23911526508905,18.2768500983489,1.33503840103735,1.14173459768529,2.51557852831684,1.26071574033998,9.07943648407834,5.01111422150954,4.60872057008476,69,1,26.1663042044048,0,0,0,0,0,279.678571428571,1,1,0,0,0,0,98,5.05102040816327,0,"censor",10.5561643835616
"1080","pa3253",0,0,0.206262683175569,114,1.93224299065421,4.47531537274477,0.0405211596992363,1.00303532885731,14.0445213814416,1.03644414300972,0.920494144485838,1.1577551940235,0.342427616380912,15.1244153468878,4.66858984567651,4.49708442123571,75,1,24.7380591486656,0,0,0,0,0,187.142857142857,0,0,0,0,0,0,99,2.20963172804533,1,"censor",10.4520547945205
"1081","pa3255",0,0,-0.19093285127685,171.5,1.30530164533821,5.46109568174292,0.0643915186442451,0.987361626244552,17.567794716247,1.06913915172739,0.933084971336563,2.51198809304024,1.73522866193045,12.3203893267766,5.08915985574183,4.73426866946479,71,1,25.8556576203575,0,0,1,1,0,191.5,1,0,0,0,0,0,90,25.5981941309255,0,"censor",10.6602739726027
"1082","pa3256",0,0,0.489159887667,152.5,3.01785714285714,4.78345836934613,0.0970612185877959,0.753035256294886,10.9514414067663,0.797236293084844,0.683748156104788,0.992929525899549,0.361672015981276,14.3356054804585,4.33960658942039,3.73970494576155,77,1,25.0883043346061,0,0,0,0,0,142.678571428571,0,0,0,0,0,0,92,7.42105263157895,0,"censor",10.9643835616438
"1083","pa3260",0,1,-0.246781349413099,118,1.07705192629816,3.58029867375885,0.0387728196907237,0.969751635177007,15.4931665593169,0.99312133695021,0.91509048938782,1.54676975259128,0.353859087787052,7.29700065082567,5.20334787250067,2.04772263395029,81,1,27.2201318271636,0,0,0,0,0,37.5357142857143,0,1,0,0,0,0,95,9.15531335149864,0,"dementia",3.28219178082192
"1084","pa3262",0,0,0.51083166218753,83,1.6510067114094,5.22244783453182,0.0454590998499461,0.521908628797588,8.43017192350249,0.540327139595331,0.506884781267934,1.24791165275856,0.823592220165505,19.1462299689792,6.64257013122125,7.38673002640441,72,1,23.4911851834744,0,0,0,0,0,108.714285714286,0,0,0,0,0,0,95,0,1,"death",10.1808219178082
"1085","pa3264",0,0,0.607958752266011,207,2.23392857142857,3.87822478934475,0.172171513927384,0.932724251736108,17.4416712403792,1.00184793177088,0.897112725557413,2.03486945193914,0.926971890625751,13.6537860219536,5.51230664178146,3.88343008085837,71,1,33.3438851957371,0,0,0,0,0,208.857142857143,0,1,0,0,0,0,90,29.5673076923077,0,"censor",10.6164383561644
"1086","pa3266",0,0,-1.50059670336982,268,2.68348623853211,5.71462986049604,0.0496842293725044,1.43896714655086,20.6434886469706,1.53186651418479,1.32151772661272,3.27666670894693,1.2888422895313,14.204823875049,6.92473848220654,6.45736363568882,84,1,22.7109086911376,0,0,0,0,0,52.0714285714286,0,1,0,1,0,0,91,0.192307692307692,0,"death",5.3972602739726
"1087","pa3268",0,1,-0.26298357991066,359,2.97199341021417,5.10454500716288,0.0403931337053831,1.30802793003002,14.1332126969005,1.36877202903372,1.21710420408421,2.30742243705637,0.503843498287401,12.812128579415,5.00203659430638,2.9406208325723,73,1,25.9785725064132,0,0,0,0,0,117.035714285714,0,0,0,0,0,0,90,2.65356265356265,2,"dementia",2.56438356164384
"1088","pa3274",0,0,-0.49093922636086,50.5,0.647814910025707,3.74144378719277,0.0370575646101919,1.30810552911207,13.0536499434791,1.32981443772834,1.23630573391666,1.55997159888658,0.39093924725209,6.17271128315468,4.3787193015115,5.08364148878088,89,1,24.2606846660233,0,0,0,0,0,207.5,0,1,1,0,0,0,93,24.833836858006,0,"death",6.8
"1089","pa3276",0,0,-0.800514232981639,152.5,2.59317585301837,5.17552918164966,0.0774214354781748,0.956337180250503,14.4710631334216,1.00748904719519,0.87378004702854,1.91890859841325,1.17784823217814,12.2492030082776,6.75905046876948,6.37590165081983,85,0,22.3131226321274,0,0,0,0,0,187.035714285714,0,1,0,0,0,0,85,1.93548387096774,0,"censor",3.47123287671233
"1090","pa3280",0,0,-0.54308637825899,134.5,2.24570024570025,5.05172050841562,0.0393516883874068,1.03385490556001,13.5469573228185,1.09452355694054,0.927290505092866,2.16566716604503,1.91931911702056,13.4614820051784,7.45461710401792,8.07705379377997,72,1,24.2653917054076,0,0,0,0,0,185.464285714286,0,1,0,0,0,0,98,1.77631578947368,0,"censor",10.5095890410959
"1091","pa3284",0,0,-0.33334605797092,165,1.83529411764706,6.85161135238859,0.0538616305086679,1.08685361829275,16.4543739621628,1.1124657737744,1.00799255997898,1.70896943428915,0.374426468621641,13.2560815035141,5.39534213136906,4.71174131857339,75,1,27.5442505301918,0,0,1,1,0,179.571428571429,1,1,0,0,0,0,91,1.54727793696275,1,"censor",10.4602739726027
"1092","pa3285",0,0,0.26692696179239,127.5,1.48319327731092,4.26119385111348,0.0425112995297444,0.845270927486209,11.288183212282,0.870599798105703,0.796898425203346,1.48783836885867,0.643094640724993,12.8283684013383,4.89180820526111,4.3681841842289,76,1,25.4583130427725,0,0,0,0,0,127.178571428571,0,1,1,0,0,0,94,1.25581395348837,1,"censor",10.8547945205479
"1093","pa3287",0,0,0.46737607143819,102,1.77197802197802,2.97994888567723,0.0758031941816903,NA,10.2438177028743,NA,NA,0.929785518731851,NA,10.6646395999912,4.37347403049419,NA,78,1,33.4253542496375,0,0,0,0,0,128.857142857143,0,1,1,0,0,0,89,13.0434782608696,0,"death",9.40821917808219
"1094","pa3288",0,0,0.19065239563822,214.5,2.53070866141732,4.28296242719475,0.071709438249776,0.799928568947636,16.1698194539765,0.875880731997163,0.768782213274528,3.00893261039947,1.26674772927191,14.2362842529718,5.45277857669569,4.05542937035318,69,1,24.8343250877896,0,0,0,0,0,151.642857142857,0,0,0,0,0,0,97,2.91754756871036,0,"censor",10.9698630136986
"1095","pa3290",0,0,0.160177389405069,136.5,2.64285714285714,5.86488115117716,0.0485042606828534,1.00781276432296,12.7589591506497,1.04391602133715,0.951034666889663,1.26917416461889,0.702536313348009,14.6599878102476,3.98703915894811,3.32104811593465,73,1,26.3248802374026,0,0,0,0,0,165.714285714286,0,1,0,0,0,0,91,0.344827586206897,0,"censor",9.67671232876712
"1096","pa3291",0,0,-0.15282005721262,34.5,0.335064935064935,3.7510955841303,0.0632960228612794,0.746238737465534,17.6769087989801,0.827029071982897,0.6661668708072,2.57511657313284,1.39228626417805,6.45790456414999,3.66826090727926,4.57726906429204,82,1,31.4932508664702,0,0,1,1,0,165.5,0,0,0,0,0,0,96,48.8059701492537,0,"censor",10.2876712328767
"1097","pa3292",0,0,-0.69499161759113,218,2.26102941176471,4.01123270448919,0.0641253108461987,1.21741555726555,23.1891642934325,1.31918784687418,1.15291749471455,3.22995930518768,1.77785830050708,12.3398583743633,6.87661625526246,5.13145399400508,70,1,25.6813338015372,0,0,0,0,0,162.071428571429,0,1,0,0,0,0,98,21.3559322033898,0,"censor",11.0821917808219
"1098","pa3294",0,0,-0.55299121122289,137,1.79952267303103,5.4481298263422,0.0325496930791245,0.947545819045044,15.0159597122293,0.967855388281756,0.876893174231606,2.62451010250771,1.4917860174724,13.0013300337525,7.88668784850075,5.43125068169296,71,1,25.8216605904443,0,0,0,0,0,105.464285714286,0,1,0,0,0,0,99,21.6062176165803,0,"censor",10.6767123287671
"1099","pa3295",0,0,-0.30845382216409,162,1.73290598290598,5.1858652812436,0.0337735378075829,1.0276454385728,14.2299837001545,1.07131791739686,0.957309488466229,2.57133181549444,0.909648222746092,10.6227293634779,7.48403978763811,5.26667799379782,69,1,25.1708761264078,0,0,0,0,0,195.178571428571,0,1,0,0,0,0,96,1.56657963446475,0,"censor",11.4054794520548
"1100","pa3299",0,0,-0.0297195906646806,75.5,1.11778846153846,5.45970430603849,0.0621771912574314,1.05173002667843,10.4605751466608,1.11340108310045,0.96771851559182,1.85953410331249,1.0838174975429,7.66166955865488,6.23190542800531,5.47177626247512,72,1,22.5904887216579,0,0,0,0,0,124.857142857143,0,0,0,0,0,0,87,2.76657060518732,0,"censor",10.6465753424658
"1101","pa3303",0,0,-0.67479601337687,125,1.35714285714286,7.14971282887648,0.0550039818652192,0.968440395747761,13.9253658191546,1.00167219535868,0.908690519040222,2.15381509899294,1.01668507974954,7.67504387717872,8.17684176781343,7.86904954502873,72,1,26.0934716884653,0,0,0,0,0,134.714285714286,0,0,0,0,0,0,96,12,0,"censor",10.3095890410959
"1102","pa3305",0,0,0.352003096549809,105,1.87777777777778,3.90709672882462,0.027501109866456,0.755735474397189,8.55001810193658,0.768001388887677,0.721447468014378,1.46894550912817,0.368483846799921,10.6952784632955,6.1375869176175,5.71543546169154,73,1,20.5043207279125,0,0,0,0,0,92.5,0,1,0,0,0,0,88,0,0,"death",5.98356164383562
"1103","pa3306",0,1,-0.0169659360327301,170,1.77297297297297,4.30518765430773,0.0249391254417664,0.794958306988916,22.3563499669327,0.806761211222276,0.776603776965724,1.7682409572891,0.457038776185114,11.2807270203007,4.56211353162045,4.19711761195172,70,0,26.4737257700976,0,0,1,1,0,101.428571428571,0,1,1,0,0,0,92,0.175953079178886,0,"dementia",0.397260273972603
"1104","pa3307",0,1,0.0390469500296206,126.5,1.42403628117914,2.93954954777303,0.0532038134828113,1.07440099948287,11.2288472764349,1.10821563303856,0.982200603207998,1.98733816842001,0.734543321044982,7.8817570727562,6.56415562473664,4.52764218706118,75,1,23.0932363262419,0,0,0,0,0,236.178571428571,0,0,0,1,0,0,93,5.45454545454545,0,"dementia",3.63013698630137
"1105","pa3315",0,0,-0.00985829314863053,114.5,0.971563981042654,5.38313470336668,0.0504346807286874,0.780486448727618,15.5649647420187,0.813363415409432,0.729357632720505,3.23189303758395,0.504298662732991,14.0237582808683,5.58177188424237,3.75787360434832,76,1,27.1837184037643,0,0,0,0,0,70,0,0,0,0,0,0,99,41.2213740458015,0,"censor",10.0849315068493
"1106","pa3316",0,0,0.20937998435521,28.5,0.772946859903382,4.29772301904269,0.0515023164055459,0.598708727021447,11.0553984434577,0.651500213881451,0.578996950310091,1.35587847632045,0.679268358177323,7.39564131740842,4.03685889865579,5.08608356638508,82,1,22.3258189570392,0,0,1,1,0,169.107142857143,0,1,0,0,0,0,86,19.6491228070175,0,"death",8.24109589041096
"1107","pa3322",0,0,-0.434479766048879,201,2.44623655913978,5.81187569656316,0.0723624429709593,1.49318670112745,11.6388856579007,1.5939249778027,1.37383801289963,1.90245135544542,0.643589174200225,14.6285319669312,8.19086908611455,6.71646902056933,72,1,26.6499571201135,0,0,1,1,0,216.785714285714,0,0,0,0,0,0,93,1.09947643979058,0,"censor",10.5452054794521
"1108","pa3323",0,0,-0.136623958859209,183,1.51315789473684,6.04749779367216,0.0905881582725843,0.711954038529517,18.4673874192731,0.792070160597812,0.707168964153299,3.04161776099554,1.11128783185965,11.343964105451,6.14975978005416,4.09917798611905,71,1,30.605059839725,0,0,0,0,0,135.964285714286,0,1,0,0,0,0,97,4.5910290237467,0,"censor",9.35616438356164
"1109","pa3328",0,1,-0.94662916056035,53,0.560538116591928,3.99975480676423,0.0235215738540296,1.14374716466168,15.4509607718683,1.1656696325526,1.08241638569016,2.02031050215516,0.798721167750506,6.25508140239518,7.65650546455623,7.28677837108185,84,0,27.0917231047898,0,0,1,1,0,215.714285714286,0,1,1,0,0,0,83,12.2991689750693,0,"dementia",1.04657534246575
"1110","pa3331",0,0,-0.0605739193072694,187,2.32727272727273,3.55277892890609,0.0865506426171536,0.673250000576725,13.1159206557542,0.716098387175897,0.642985644481,1.33129546695145,0.790944068280444,10.5950762819509,3.27674817929463,4.1348833046667,90,1,24.5149382003238,0,0,0,0,0,106,0,1,0,0,0,0,84,0.957446808510638,1,"death",5.58630136986301
"1111","pa3334",0,1,-0.17540820439947,53.5,0.494047619047619,3.1123680985072,0.0576038033804212,0.938014396436385,16.2276776876981,1.00315890254581,0.857436621807662,2.09292580725489,2.86586368707875,5.65240715402628,5.9947958027171,8.85492245426106,78,1,28.0563957563844,0,0,0,0,0,352.285714285714,0,0,0,0,0,0,100,7.25925925925926,0,"dementia",1.20821917808219
"1112","pa3341",0,0,-0.453235013940269,76,0.89030612244898,4.85115410322225,0.0515252305752443,0.764189079783161,20.1877884950528,0.852518743510233,0.749616244895614,3.33575521070515,0.912933447115878,9.23502955985288,6.67476614343622,5.03115313094839,75,1,29.0597508370812,0,0,1,1,0,101.071428571429,0,1,0,0,0,0,94,50.2654867256637,0,"death",3.74794520547945
"1113","pa3346",0,0,-0.70494694939525,142,2.05660377358491,4.62234434642435,0.0602267105207557,1.06873512991843,21.8570833275839,1.18965614177169,0.96104735027902,3.30034065856339,1.05177440812431,14.5735065909635,5.83363648331103,3.75323343817612,79,1,25.1816300575034,0,1,0,1,0,148.892857142857,0,0,1,0,0,0,96,9.53271028037383,0,"censor",10.1260273972603
"1114","pa3349",0,0,-0.36937887211669,126.5,1.41534988713318,5.37883951748717,0.0903757604373454,0.68791292335375,19.0420350476552,0.731011217464339,0.643730908630624,2.41653276816476,1.33055904546257,7.97790797866285,3.00338022817773,2.93986075296321,85,1,25.7981887866782,0,0,0,0,0,187.535714285714,0,0,1,0,0,0,92,15.8194774346793,2,"death",10.3260273972603
"1115","pa3352",0,0,-1.08361883610125,180.5,1.86111111111111,4.03968550257519,0.0745213231671886,1.41146332836514,16.6590059977958,1.48275668502706,1.30014064736572,2.08009919032116,1.1356578600358,9.34039219523372,7.78452764792852,5.84735501898777,84,1,27.5621034807956,0,0,0,0,0,107.714285714286,0,1,0,0,0,0,86,61.304347826087,0,"death",11.0630136986301
"1116","pa3353",0,1,-0.35676889274943,353.5,3.39685658153242,4.17170199026735,0.0428241864779489,1.03408460307689,17.5556785827846,1.09276167522904,0.960040229449169,1.78776245715532,0.998081274427822,15.5213847189948,6.37884033594786,3.96521845546965,71,1,25.3060175185488,0,0,0,0,0,224.357142857143,0,0,0,0,0,0,97,0,1,"dementia",2.76164383561644
"1118","pa3357",0,0,-0.44476664473583,246.5,3.5614849187935,5.64139866654745,0.0820463797470189,1.13055562494944,13.0443694794655,1.19914627241407,1.0355292025268,1.62042130595187,0.974489978002532,18.0003357070687,5.7752603794408,6.08507689102259,81,1,24.9537219234189,0,0,0,0,0,138.928571428571,0,0,0,0,0,0,96,2.18446601941748,0,"death",3.23835616438356
"1119","pa3360",0,0,-0.410920853112751,135.5,1.55311355311355,5.46482619438556,0.091558985131428,1.29455085224382,9.97566055885346,1.37431511609327,1.11339330411404,1.26829357827334,0.796842823534831,12.6532259650343,8.54704560275065,2.05873558759249,76,1,25.3501469363796,0,0,1,1,0,137.75,0,1,0,0,0,1,92,3.66412213740458,0,"censor",10.1753424657534
"1120","pa3362",0,0,-0.31250374524777,146,2.3547557840617,6.76168254755567,0.0469283895951124,0.991545643120583,13.1496192798183,1.0303493567051,0.88459651808585,1.62763965769038,0.947358436003547,12.9770356663909,5.06523720127838,3.50017226521784,75,1,24.3629681688106,0,0,0,0,0,176.821428571429,0,1,0,0,0,0,96,1.97368421052632,1,"censor",10.8465753424658
"1121","pa3366",0,1,-0.41605594437643,152.5,1.70943396226415,5.09830016885204,0.0449455974351175,0.822705996386943,11.752086837328,0.853736239283764,0.759081712990184,1.73171127812255,0.447351933680964,12.3009241781818,6.86006247350343,4.03797985537919,82,1,20.5153227282052,0,0,0,0,0,53.5714285714286,0,0,1,0,0,0,96,0.42654028436019,2,"dementia",1.26849315068493
"1122","pa3368",0,0,-1.32429860535052,333.5,3.08290155440414,6.36356553489288,0.0480206134267614,1.32482283502875,13.5128718915671,1.47570203538133,1.25655926528827,3.14520000323129,1.78162249879129,14.9239000425868,9.79014087802072,7.6087984031157,74,1,24.5075913586585,0,0,1,1,1,127.107142857143,0,0,0,0,0,0,92,1.09947643979058,0,"censor",9.9041095890411
"1123","pa3377",0,0,0.16399430195801,73,1.06089743589744,6.99940747227597,0.0940416675185514,0.836959240957287,15.1083345903297,0.889551895890687,0.799519732165742,1.84341525916009,1.25108135969879,7.65424891691539,4.54344169920864,4.02067972259103,69,1,23.7687753993175,0,0,0,0,0,189.892857142857,0,1,0,0,0,0,97,6.80672268907563,0,"censor",10.7616438356164
"1124","pa3378",0,0,0.24301657228051,78,1.13411078717201,4.37920691518543,0.0677622137559278,1.2984207126378,16.0055977080542,1.36075010418038,1.18604875854763,1.89617935923391,0.564367072571304,9.38591445316651,3.9756074731957,3.10085671129477,72,1,26.2074896091399,0,0,0,0,0,101.214285714286,0,1,0,0,0,0,98,10.4150943396226,0,"censor",10.3616438356164
"1125","pa3380",0,0,-0.60392449127765,116,0.89622641509434,4.52254287343571,0.0273007750685987,0.873312772424881,17.1544921514306,0.889356033507184,0.833030535558136,1.90278544799239,0.461879881647608,8.79492487214317,7.53841400966329,4.45109866346701,78,1,28.2644999553488,0,0,0,0,0,161.714285714286,0,1,0,0,0,0,99,19,0,"censor",11.9013698630137
"1127","pa3383",0,0,0.29547699852228,146,1.31448763250883,4.70204448046569,0.0445066421964292,0.797029679307148,13.000828603966,0.886464775220813,0.769858958002477,1.76117004262185,1.03415598231798,11.7251218235549,4.35389880670933,4.07495939132214,72,1,26.6908515250523,0,0,0,0,0,166.642857142857,0,1,1,0,0,0,83,3,1,"censor",10.7178082191781
"1128","pa3387",0,0,0.46917230650789,180.5,2.16803278688525,4.20829131258313,0.0393436619220358,0.626480451163199,8.82321226873913,0.664781566834441,0.585706947324155,0.772451553689786,0.529675755506463,14.0100203327081,4.65599482797582,-0.392784731816624,75,1,29.4986266854848,0,0,0,0,0,62.8928571428571,0,0,0,0,0,0,95,4.71744471744472,1,"censor",10.0082191780822
"1129","pa3390",0,0,-0.53320504006564,176.5,2.58333333333333,4.56824728123422,0.0405614933441364,1.24881805376165,17.067102794309,1.3123072162001,1.17282027947797,2.14233532667966,0.470544656921041,8.14752559326944,7.12971069896537,8.42379012640874,72,1,31.1864986809529,0,0,0,0,0,143.5,0,0,1,0,0,0,89,6.72413793103448,0,"death",5.97808219178082
"1130","pa3392",0,0,0.11836983968839,176,2.938,6.7179514712862,0.0824667011149526,0.635008208046873,13.9439721421641,0.680501412845062,0.588278191654249,1.17392644425088,0.481895902158064,11.744593320393,4.3776621741715,2.23859347831369,74,1,23.8030397516678,0,0,0,0,0,184.5,0,1,0,0,0,0,98,2.34986945169713,1,"death",5.47671232876712
"1131","pa3393",0,0,-0.21173733870543,183.5,2.56756756756757,4.45763849680168,0.058482084538,0.736472092451627,18.5644371644181,0.827418432965038,0.689233244484531,3.00638484041516,1.91651953912204,12.1354402167161,5.97474663332689,3.62937253286611,68,1,25.2820664801026,0,0,0,0,0,226.428571428571,0,0,0,0,0,0,91,5.73248407643312,0,"censor",10.7890410958904
"1132","pa3394",0,0,-1.17132860689112,102.5,0.622340425531915,5.79961623666095,0.0379629422575241,1.0124410429652,15.4997566625298,1.0589436463066,0.919894342404715,2.83624001360656,1.34952608375417,9.09397347132719,10.7301630637987,8.05207131787674,75,1,24.7103899181609,0,0,0,0,0,166.285714285714,0,0,0,0,0,0,92,2.14797136038186,1,"censor",11.1561643835616
"1133","pa3395",0,0,-0.54304352250834,273.5,3.55726872246696,4.16318794311334,0.0482842011096386,1.03560191308703,16.7541577046829,1.11787236724467,0.977823208229014,2.13201744284414,1.68014439228112,17.8179794466172,5.18362459247215,6.67067055579237,79,1,20.6139304955633,0,0,0,0,0,256.714285714286,0,0,0,0,0,0,94,0.677966101694915,0,"censor",10.3369863013699
"1134","pa3397",0,0,-0.0121010769057193,142.5,1.52032520325203,4.49099903664543,0.0521526260441096,0.935669408398177,10.7800863989619,0.975548074645352,0.894336893236201,1.5510418791654,0.442637058714216,12.6063874875479,8.52827024675591,8.95676275367733,72,0,24.821727871768,0,0,0,0,0,143.464285714286,0,0,0,0,0,0,85,3.10344827586207,0,"death",5.74246575342466
"1135","pa3398",0,0,-0.43372430487248,141.5,1.72492836676218,6.86529987041592,0.0291344609411205,0.843449123032598,18.2618806591834,0.861817063124899,0.798017654176941,2.43869053902541,0.841050549951312,18.1926296982825,7.67981243975504,6.21485366124171,69,1,21.2614658377813,0,1,0,1,0,52.5,0,1,0,0,1,0,95,14.6260387811634,1,"censor",3.56164383561644
"1136","pa3399",0,0,-1.74543253587576,163.5,2.09006928406466,8.25545723805102,0.0314300279817282,1.61244939412556,18.9947483430479,1.69562354699733,1.40296345507697,3.40219798233111,1.14108891428351,11.9899068345358,8.0686260190692,4.67628546334366,78,1,21.7749004992173,0,0,0,0,0,127.214285714286,0,1,0,0,0,0,95,1.48351648351648,0,"death",6.68767123287671
"1137","pa3400",0,0,0.10709408833482,154,1.94366197183099,5.47737636434615,0.0418810913465648,0.780036867460859,11.1755436416386,0.842638869684228,0.753065693637348,1.25431476424924,1.00902329451215,16.5481521767237,5.49773541576557,4.37490077426875,74,1,25.9060802172737,0,0,0,0,0,101.714285714286,0,1,0,1,0,0,91,0,0,"death",8.59178082191781
"1138","pa3401",0,0,-1.23393860188444,200.5,2.01136363636364,5.88891005827474,0.0403366980311367,1.27392296509616,17.320879120102,1.39810959966374,1.13642271086711,3.26630611603196,1.87612432984147,14.3981685005882,10.2654294678445,8.17791077654038,70,1,22.2852428242777,0,0,0,0,0,211.392857142857,0,0,1,0,0,0,96,1.22448979591837,0,"censor",10.6054794520548
"1139","pa3402",0,0,-0.616490086958891,147,2.5725,6.74475033182078,0.0428129270270803,0.814396588363013,20.24026397897,0.855686514336068,0.758331003125393,3.2931979750069,0.90437757880022,18.3494313239077,6.79365805733588,2.90986794029239,73,1,29.7152090538289,0,0,0,0,1,201.714285714286,0,1,0,0,0,0,92,31.2534818941504,0,"censor",3.34246575342466
"1140","pa3403",0,1,-0.31348336196297,191.5,2.54005167958656,5.74496392867991,0.0335239589086441,0.7546566230661,18.1998540637279,0.789176592038019,0.71206220605321,2.68472115647762,1.18659615055504,17.8092169121269,4.90036395995347,3.85941202606948,75,1,31.1120220336077,0,0,0,0,0,146.214285714286,0,1,0,0,1,0,90,12.4,0,"dementia",1.41643835616438
"1141","pa3405",0,1,0.527718505881261,76,1.02463054187192,3.74175266556682,0.115019330615255,0.927528186007601,14.9541443413951,1.00221641630787,0.799188198427894,2.17080517505186,1.26060985066027,8.76802252383236,3.90325902539231,2.77709810860449,73,1,26.018620823275,0,0,0,0,0,27.1428571428571,0,0,1,0,0,0,92,22.3076923076923,0,"dementia",0.545205479452055
"1142","pa3406",0,0,-0.160705539272389,153.5,1.85260770975057,10.8526126134265,0.108110209025833,0.811802308767745,11.3627433639247,0.853699829605483,0.731536226253472,1.81025541568364,0.57126615035641,12.4735460256584,4.65672055607392,2.01854433731243,74,1,26.0427640407892,0,0,0,0,0,108.928571428571,0,1,0,0,0,0,97,9.50146627565982,0,"censor",10.1342465753425
"1143","pa3408",0,0,0.25368959466719,194.5,2.13704496788009,3.87006940786497,0.0572439735036272,0.780073551433075,12.2429834323227,0.831639542694303,0.744754003398209,1.30614079243325,0.828922575304559,11.6311887804135,5.56699659851431,5.70489046431991,73,1,30.9324638082362,0,0,0,0,0,97.4642857142857,0,0,0,0,0,0,96,6.85714285714286,1,"censor",10.6465753424658
"1144","pa3409",0,0,-0.0796893277566895,186,3.14039408866995,5.58748935480974,0.0589624215457026,1.09743145404905,14.8491757638222,1.18320941778391,1.0346360224492,1.43494925251317,0.625393043274794,15.393395056317,3.98282792590126,2.6526804085792,76,1,30.821401517619,0,0,1,1,1,38.5714285714286,0,1,0,0,0,0,91,1.45161290322581,1,"censor",11
"1145","pa3411",0,1,-0.2774718307775,180.5,1.97189695550351,6.15254010471235,0.0476467759722462,1.23652505167664,10.1389125564515,1.27748217574411,1.12842396322665,1.21836621984684,0.732169535243524,9.70917149017136,6.54226650420071,4.2269862198884,72,1,27.9921291377826,0,0,0,0,0,125.321428571429,0,0,0,0,0,0,95,9.42598187311178,1,"dementia",0.956164383561644
"1146","pa3412",0,0,-0.57594514177411,103.5,1.15065502183406,7.43599827895286,0.114549191749033,0.787222609300291,16.0047848667769,0.835772495957008,0.74564136158926,2.42080685267479,1.71236540677803,7.54899275809004,4.123914907879,3.73915513679521,84,1,22.2164430664489,0,0,1,1,0,49.7142857142857,0,1,1,0,0,0,94,13.9746835443038,0,"death",11.0931506849315
"1147","pa3415",0,0,0.10634856718649,76,0.646846846846847,4.12488025132075,0.0491460457263327,0.912496892456724,14.1169515697616,0.949729192474276,0.840114041656263,1.8058924814448,0.684767984892289,7.80200458251504,5.22345696206903,5.33433658434332,75,1,23.8112461419753,0,0,1,1,0,177.964285714286,1,0,0,0,0,0,95,4.5,0,"censor",3.45205479452055
"1149","pa3418",0,0,-0.0821596148262401,227.5,2.45796460176991,4.41403402216804,0.0417279624678094,1.05353133575755,14.0500879066665,1.10201582692769,0.987014555088386,2.04693519277554,0.675850221623269,12.6558704980841,6.89874031270933,4.52806950843293,69,1,21.5657111952407,0,0,0,0,0,144.571428571429,0,1,1,0,0,0,95,4.40944881889764,0,"censor",10.8246575342466
"1150","pa3419",0,0,-1.62658006230699,159,1.88757396449704,5.60497856023987,0.0405203473074139,1.26558569972003,14.4182741055841,1.29736599651473,1.19684557801401,2.39237488092212,0.808482599767721,17.0063439716828,11.911056328562,5.84706893936364,85,1,21.85919108145,0,0,0,0,0,126.25,0,0,0,0,0,0,97,25.8227848101266,0,"death",10.1890410958904
"1151","pa3420",0,0,0.5081544357684,147.5,2.13053613053613,4.60086229280734,0.0527977704451709,NA,8.76332281963468,NA,NA,1.02613482163424,NA,14.8905923071639,4.60609259434875,NA,73,1,29.5862903274953,0,0,0,0,0,144.75,0,0,0,0,0,0,98,0.338983050847458,1,"censor",3.43835616438356
"1152","pa3421",0,0,-0.43967574770525,87,0.936585365853658,3.70210192403045,0.033087443461172,0.774044898313947,19.6694804009895,0.804631409202975,0.740702445673881,1.42740334151139,0.923291263527915,7.89462316094164,4.60393998460847,2.89283508488529,82,1,32.2391060356212,0,0,0,0,0,85.7142857142857,1,1,0,0,0,0,95,26.1946902654867,0,"censor",11.5780821917808
"1153","pa3423",0,0,1.10699490387546,59.5,0.945891783567134,3.01747381306693,0.139158116677615,0.572687566094255,10.3162439882949,0.611456101864501,0.547980258679415,0.770610416713948,0.145497646167807,7.96576929314022,3.76838534391761,3.27636141914156,79,1,26.132166119716,0,0,0,0,0,149.892857142857,0,1,1,0,0,0,83,16.9565217391304,0,"death",4.59452054794521
"1154","pa3426",0,0,-0.12523334107608,238.5,1.88967971530249,4.07348195257935,0.0587612907912446,1.2353121248113,13.2575126879546,1.32714001172788,1.1088000199515,2.23697800455367,0.787218068961822,10.7510073070067,5.14298041231487,4.25200650015104,76,1,31.0341535590734,0,0,0,0,0,306.035714285714,0,1,0,0,0,0,95,6.82808716707022,0,"censor",10.7671232876712
"1156","pa3428",0,0,0.29847003952257,87,1.14987080103359,5.87416302524556,0.0526324010463658,0.859988645776606,14.0906432046335,0.887389195678618,0.79126469660089,1.07447654980713,0.448800807253596,8.29625655733003,3.98917602173289,2.59389256828877,71,1,28.9234803648888,0,0,0,0,0,136.714285714286,0,0,0,0,0,0,84,2.9925187032419,0,"censor",9.3972602739726
"1157","pa3429",0,1,0.82192043692761,21,0.279620853080569,1.64617757069782,0.0997112301048036,0.237952887063488,13.4116853515475,0.266239252851456,0.225350944414149,3.22058179187942,4.12209187880732,3.28511029024136,1.64607721355463,1.27476768567704,84,1,28.1848120210136,0,0,0,0,0,75.3928571428571,1,1,0,0,0,0,98,48.4137931034483,1,"dementia",3.56438356164384
"1158","pa3430",0,0,0.34189404252151,119,1.56578947368421,3.62110154705552,0.0947520189871813,0.701628747230181,16.2894722483397,0.749834505788817,0.649810786652613,1.83965189548633,0.829599750144694,10.029018303569,4.51771984141354,3.83837653901186,76,1,28.4650203363984,0,0,0,0,0,42.4642857142857,1,1,0,0,0,0,96,21.0862619808307,0,"censor",10.5095890410959
"1159","pa3431",0,0,-0.310222141698191,53,1.02702702702703,5.51460619064473,0.0466968807896487,0.86272994676027,14.6479558246511,0.892657052815779,0.804280792919618,1.35932500413309,0.669241596929508,8.82207190021579,5.28724793548537,5.0194473657145,80,1,28.7081102886403,0,0,0,0,0,224,0,1,0,0,0,0,95,2.12389380530973,0,"censor",10.9287671232877
"1160","pa3434",0,1,-0.31252295757664,118.5,1.12701612903226,4.12897608327449,0.0927544484365694,0.819641751014761,15.0282227783765,0.846959161569891,0.760779875222276,1.81426403557497,0.664367797951691,10.1025212232716,6.4322756826707,6.22853274489986,85,1,23.648686496183,0,0,0,0,0,147.142857142857,0,0,0,0,0,0,98,16.751269035533,0,"dementia",1.43561643835616
"1161","pa3440",0,0,-0.762925407366229,210.5,2.0765306122449,3.81857901615761,0.0521688717264489,1.52495931400193,10.5249956062288,1.58909230548534,1.38211588257825,2.2825864921057,0.702382004367663,13.4634791226231,10.9783150662544,6.00808232742082,74,1,24.1794331723814,0,0,0,0,1,205.071428571429,0,0,0,0,0,0,94,10.9243697478992,0,"censor",11.986301369863
"1162","pa3442",0,0,0.1342934071505,109,2.27272727272727,4.86486869890266,0.0980462033513715,1.13779061326649,8.58883073085892,1.19667266876982,1.01962837148603,1.02193449198991,0.820306623411152,14.3041334524366,4.63415070422015,3.2860372630634,82,0,20.5363927201166,0,0,0,0,1,218.142857142857,0,0,0,0,0,0,94,5.93639575971731,0,"death",7.6958904109589
"1163","pa3445",0,1,-0.27755129372768,170,2.12090680100756,4.52191789239553,0.0559308851566012,1.2582521319161,13.1174405222158,1.32883512397995,1.20075674871813,1.82138239197212,0.29767376709101,13.0301937445574,6.25602164028122,6.1656992823279,79,1,27.8053813458719,0,0,0,0,0,154.214285714286,0,0,0,0,0,0,89,2.43243243243243,1,"dementia",0.986301369863014
"1164","pa3447",0,0,0.410531840811259,234.5,1.88045234248788,4.93880092834124,0.0971014561796701,0.762302602895787,13.7838246921914,0.805064013870998,0.716686580982754,1.59495196669869,0.424314835532883,20.5215734296056,5.67834996146327,4.27050214892445,76,1,27.2173911935703,0,0,1,1,1,183.857142857143,0,1,0,0,0,0,87,6.63656884875846,0,"censor",3.62739726027397
"1165","pa3448",0,0,0.0567143834051606,139.5,2.33407572383073,3.21847964712811,0.053490133125551,0.899565670604072,11.7516660754095,0.968363748281498,0.846398603331719,1.57617738808953,0.937985133194203,11.2751350228274,6.94469684472623,6.36653319917131,73,1,23.6099458753128,0,0,0,0,0,230.071428571429,0,1,1,0,0,0,95,0.160857908847185,1,"censor",11.2958904109589
"1166","pa3449",0,0,0.24683382314828,107,1.38743455497382,4.67854233924132,0.0638481911611712,1.04975085093549,12.4361090583237,1.11236145046748,1.00767893281108,1.80554988277132,0.550805353535738,11.8876625537302,5.46645442844055,4.80961962117708,73,1,28.5607215912376,0,0,0,0,1,114.928571428571,0,1,0,0,0,0,98,2.44514106583072,0,"death",3.6986301369863
"1167","pa3450",0,0,0.0182901409971095,125.5,1.0550621669627,4.57236326074477,0.0539425763348852,0.801152489658618,18.6693757140941,0.862861535415229,0.772046264548968,4.47869321929119,1.88496670123476,10.7030857735298,4.76655115174731,7.09602093806991,69,1,33.9738694866384,0,0,0,0,0,169.25,1,1,0,0,0,0,97,3.07277628032345,0,"censor",10.3287671232877
"1168","pa3451",0,1,0.0860478769165695,301.5,2.8747553816047,3.30832971259746,0.0545702124550635,0.90499554185799,10.5550705013007,0.953545989024705,0.838701161457009,1.09416467851186,0.574515903716835,13.8055079856297,5.37759022610185,5.71324256258761,79,1,21.3060465541817,0,0,0,0,0,25.7142857142857,0,0,1,0,0,0,83,16.3636363636364,1,"dementia",1.0986301369863
"1170","pa3454",0,0,0.0518092205334199,306,3.01538461538462,8.76727907337886,0.0344712122868511,0.472375463947032,8.61759212000481,0.501206406312643,0.466304258355142,0.591280534428227,0.349278630667691,21.7974650625636,5.8253057362002,5.43833218608383,73,1,19.8610819543451,0,0,1,1,1,33.5714285714286,0,0,0,0,0,0,93,5.23690773067332,0,"censor",5.73424657534247
"1171","pa3455",0,0,-0.42110924164284,161.5,1.57760314341847,4.71111011598064,0.04367052547664,1.17417535689928,14.1653181867035,1.24116354485173,1.05775356300067,2.1176701019654,2.07273026363457,9.97868308727799,4.77546783166419,4.13082151087911,75,1,31.5563375753973,0,0,0,0,0,77.4642857142857,0,1,0,0,0,0,98,46.970509383378,0,"censor",11.0493150684932
"1172","pa3456",0,1,0.31398484493586,77.5,1.55688622754491,5.10897560736302,0.0848279749944089,0.557552170452289,8.25531485224447,0.59663406111677,0.53919730224734,0.844135015628513,0.669024079849171,8.49323943668795,4.68121998374173,4.68755507392886,81,1,27.5631875496598,0,0,0,0,0,84.3214285714286,1,0,1,0,0,0,80,0.625,0,"dementia",1.2027397260274
"1173","pa3457",0,0,0.4288233716498,143.5,1.65950920245399,3.90694611400113,0.0608882110880622,0.432241104487447,14.2403179672658,0.443404646243357,0.415237576519427,1.64467117496929,0.546585801267605,11.6802347515663,5.28344031892684,3.66384070610841,74,1,22.1406615810421,0,0,0,0,0,244.107142857143,0,0,0,0,0,0,91,11.1926605504587,0,"censor",10.9424657534247
"1175","pa3466",0,0,-0.182028462737431,205,2.39615384615385,4.2401829081769,0.0459845021904955,0.765558484361313,16.152165910118,0.799794982414051,0.721999658127064,1.51436129408,1.10971725626665,12.6727208792716,5.67380946799248,6.09765764093502,75,1,24.0596162260756,0,0,0,0,0,236.071428571429,0,1,1,0,0,0,94,3.18435754189944,0,"censor",10.8547945205479
"1176","pa3469",0,0,-0.347546043429441,207,2.50772200772201,6.42467220642085,0.0323940627718886,1.1849771837395,16.682353819823,1.38292722883213,1.18896321628853,2.26576562374777,1.02015509428133,18.0752010070704,5.46463078955974,4.82841097324279,70,1,23.526754365497,0,0,0,0,0,131.857142857143,0,0,0,0,0,0,95,1.02941176470588,1,"censor",11.0246575342466
"1177","pa3471",0,0,0.13426441340734,126,1.89894736842105,3.76876850034881,0.0778081774188342,0.911928284732769,11.3839042633042,0.980422928976847,0.843879246333364,1.48146621715246,0.950701822870574,9.16485511697362,3.72713724461839,3.87506040491651,82,1,23.8995990641357,0,0,0,0,0,33.5714285714286,0,0,0,0,0,0,96,2.94277929155313,0,"death",5.94794520547945
"1178","pa3472",0,0,-0.450681319748981,98.5,1.00779727095517,6.64014926935354,0.0263208120135538,NA,8.48684462377395,NA,NA,0.336060780934473,NA,5.00815126362603,5.53326063296794,NA,82,1,25.7273534725879,0,0,0,0,0,46.1071428571429,0,0,0,0,0,0,96,1.61797752808989,0,"censor",10.572602739726
"1179","pa3474",0,0,0.275453537062531,147,2.69649805447471,3.01007516976179,0.0803273040809936,0.805107214891278,11.7672120272141,0.858579458444397,0.791289281390004,0.888890103232211,0.653950432059133,12.0815137551644,3.87202334569278,3.15799814734363,83,1,25.8554136137857,0,1,0,1,0,42.5,0,1,1,1,0,0,93,6.47727272727273,0,"death",2.93698630136986
"1180","pa3476",0,0,-0.70085953206777,179.5,2.11160714285714,5.55719700000105,0.0567724457824751,1.05861037793943,19.2580678595161,1.08822412975287,0.987941030646713,2.71898174293072,1.69782525589354,14.4504193400117,7.70083114066183,7.07122739547853,71,1,24.3750016206783,0,0,0,0,0,130.571428571429,0,1,0,0,0,0,99,1.86335403726708,0,"censor",10.8684931506849
"1181","pa3479",0,0,0.74586473392412,123,1.75515463917526,3.62142239415762,0.0936396918691236,0.635987239309733,11.5104721763173,0.70233189108987,0.612101107489386,1.1711609762085,0.631228390815393,13.4393864806821,4.148918102626,3.08734896525884,76,1,26.0676602710847,0,0,0,0,0,200,0,0,0,0,0,0,96,13.6462093862816,0,"censor",10.9671232876712
"1182","pa3480",0,0,-0.61335458084973,179.5,2.14623655913979,4.96621589364746,0.0665160922310814,NA,11.8701760541584,NA,NA,1.55686212932785,NA,16.8562216769965,6.6909846121486,NA,86,1,24.8637458711443,0,0,0,0,0,174.892857142857,0,0,0,0,0,0,90,0,0,"censor",11.1835616438356
"1183","pa3481",0,1,0.00791114561763066,166,1.40115163147793,4.28731820092833,0.0641786825107959,0.966977888285461,13.7608208834609,1.03115461222529,0.882253935278666,2.50293950937488,0.442010865662025,8.79555257373674,15.0656073013034,3.67559034938183,78,1,27.0988302971136,0,0,1,1,0,145,0,1,1,0,0,0,81,4.10757946210269,0,"dementia",3.63287671232877
"1184","pa3485",0,1,-0.06146256556368,298.5,2.65412186379928,4.75280126186834,0.0561016466694804,0.868430213470238,13.0490721401735,0.925030053409884,0.805250496954833,1.91116366425203,0.692968090920688,12.2925579286685,5.01878796509355,3.34707515159097,76,1,29.5701400529266,0,0,0,0,0,121,0,1,0,0,0,0,100,13.0102040816327,1,"dementia",1.0986301369863
"1185","pa3486",0,0,-0.20356146816554,149,1.2778730703259,5.82001435143688,0.0569511106431163,1.00161324442642,15.447104662775,1.07673292644885,0.913119685458082,1.74138993414996,1.31960169790258,19.0425483978446,6.9307247673211,6.99949916536378,72,1,29.0822448868194,0,0,0,0,0,223.392857142857,1,1,0,0,0,0,90,11.9213973799127,0,"censor",10.8109589041096
"1186","pa3489",0,0,0.0636728540286398,121.5,1.12474437627812,4.53527716090013,0.0542447188372438,0.865066955273513,20.0456557046402,0.888436528387011,0.832235835358885,2.04454191170444,0.456956775695073,11.9433757771663,5.96409434707628,5.27897410735599,70,1,24.4424598424448,0,0,1,1,0,275.678571428571,0,0,0,0,0,0,93,13.8766519823789,0,"censor",11.0849315068493
"1187","pa3492",0,0,-0.68308536931755,139,2.22448979591837,6.28106054290892,0.0568670633717379,1.00784320339286,16.5610058686586,1.05000681907364,0.934495045342171,3.05313442827365,0.735289546661675,14.0243811189831,8.61066940017716,6.14584217907305,73,1,24.2845776712526,0,0,0,0,1,173,0,0,0,0,0,0,100,8.93300248138958,1,"censor",10.8794520547945
"1188","pa3495",0,0,-0.37993819473499,66.5,0.907922912205567,4.30800545827093,0.0323732628076041,0.607635061742875,12.9916212142962,0.624298147749687,0.573551793683192,1.25650786000532,0.173871869595489,6.59329962578018,7.20119149134253,3.50723662403934,82,1,23.3778983114711,0,1,0,1,0,113.428571428571,1,0,0,0,0,0,92,26.6838046272494,0,"censor",11.0958904109589
"1189","pa3496",0,1,-0.44289833960476,101,1.2972972972973,5.12458818695149,0.0432132151524646,0.671890325617042,13.1638707141458,0.696705719235222,0.632785958038003,1.63366002480851,0.850661761058425,9.20886372384885,3.65076222229958,3.59016708894036,90,0,22.2726332959221,0,0,0,0,0,121,0,0,0,0,0,0,91,2.41486068111455,0,"dementia",1.35068493150685
"1190","pa3498",0,0,0.0277282714527004,92,1.25052631578947,3.80421427678569,0.0480892030582357,0.846357346890271,12.1863436121727,0.900964295479297,0.820017156507928,1.19723097212009,0.461242994711207,13.4187872976025,5.22784801816473,5.46788203701694,83,1,20.9561408252663,0,0,0,0,0,143.714285714286,0,1,0,0,0,0,91,1.6,1,"death",10.7452054794521
"1191","pa3499",0,0,0.0829639518247902,173,1.96252927400468,4.53943840563745,0.0611756900797558,0.673371179758687,16.8189593994731,0.69298452325418,0.649522586895849,1.70658060962087,0.538774168119369,15.1910334315805,6.09298817624722,4.49098532767138,74,1,24.4478673269655,0,0,0,0,0,138.25,0,0,1,0,0,1,90,2.95081967213115,0,"death",4.8986301369863
"1192","pa3502",0,1,-0.0671627622859702,116,0.998204667863555,3.79897226907117,0.0459530985686476,0.920578439807357,13.7571615641851,0.95463964354444,0.869541285716362,1.52667570269273,0.637434262939211,6.43174280551805,4.24911936917847,3.87528921971213,81,1,20.4614114609937,0,0,0,0,0,163.392857142857,0,1,0,0,0,0,94,37.5921375921376,0,"dementia",0.810958904109589
"1193","pa3503",0,1,0.21902493957152,201,2.26906779661017,3.77397800561811,0.109664696576248,0.654338282728763,10.6851236548693,0.754269888041638,0.645561289917575,1.02348705909582,1.03600865884626,12.50892625958,4.42783277195092,2.36392740413677,84,1,24.7716640677211,0,0,0,0,0,108.571428571429,0,0,0,0,0,0,82,0.920245398773006,0,"dementia",3.16164383561644
"1194","pa3504",0,0,-0.7424690610065,91.5,0.93953488372093,5.99333002266656,0.0357067210476577,0.989243933060063,17.2824627951231,1.00384485100917,0.940427683471401,1.77715044633073,0.745682258656689,7.59042216065542,4.07429482005862,4.71374055235354,86,1,32.2391030239288,0,0,0,0,0,162.892857142857,1,1,0,0,0,0,86,8.19327731092437,0,"death",3.00547945205479
"1196","pa3511",0,0,-0.18513147747185,169.5,1.88351648351648,4.08555425197583,0.0626381302304028,0.808020534427601,17.4516213060705,0.857700636612644,0.781139903297754,1.84005127696365,0.713038906260004,12.5586154543721,3.882284468249,4.65350523329612,84,1,27.3622126765684,0,0,0,0,0,82.3571428571429,1,1,0,1,0,0,85,13.4078212290503,0,"death",4.6986301369863
"1197","pa3512",0,1,-0.40116567093545,226.5,2.44325481798715,5.57086928745047,0.0394835629023686,1.18574533868957,12.3101128165372,1.23253181961187,1.09781873622561,1.73682375839898,0.631100316018993,13.0082879664824,8.10948205516128,5.81490588972601,70,1,22.0241092895265,0,0,0,0,0,591.857142857143,0,1,0,1,0,0,98,2.01680672268908,1,"dementia",11.9424657534247
"1198","pa3515",0,0,0.00067294598828056,43.5,0.536534446764092,4.78716468109375,0.0622340013794509,0.770939106522083,12.8733987049803,0.809231887201635,0.724351992737777,1.49045459964149,0.911417764602362,7.91948641399407,3.50850978973749,3.30710424991288,84,1,26.3334500211752,0,0,0,0,1,39,0,1,1,0,0,0,89,29.6,0,"censor",0.994520547945206
"1199","pa3516",0,0,-0.34419610671393,116.5,1.42666666666667,5.07532513183445,0.0930379875805727,0.88752699342803,15.1080066919532,0.925177244273865,0.842378326744283,1.83585101704706,0.671544967195341,11.8922348773576,6.03293877472677,4.49649239911072,84,1,29.6337178265398,0,0,0,0,0,173.142857142857,0,1,0,0,0,0,90,5.51928783382789,0,"death",9.9013698630137
"1200","pa3519",0,0,-0.364757186229061,175,2.14430379746835,4.25951932986123,0.0242082612239117,1.03486040495826,10.2172159386775,1.07040452413768,0.976339771552856,1.29123484220559,0.937255784076458,14.0387406336046,7.51078126627006,7.34031266059773,77,1,22.9267016046528,0,0,0,0,0,264.321428571429,0,0,0,0,0,0,95,0.298507462686567,0,"censor",11.4356164383562
"1201","pa3521",0,1,-0.18211747231198,186.5,2.84022038567493,3.32793902653026,0.0941117130646272,1.10403887106833,13.7923481714137,1.16700744817807,1.01125173166372,1.59995297224218,1.23230324710405,14.4482511173999,4.77721517028731,5.65148591141378,84,1,26.1183573335431,0,0,0,0,0,121,0,0,0,0,0,0,98,16.2057877813505,0,"dementia",6.71232876712329
"1202","pa3522",0,0,0.54042016846433,143,1.70614035087719,3.2704442534227,0.0486289633110178,1.00864122099421,14.2428030665249,1.06426910728187,0.963523963059508,1.68028332385194,0.240376842785583,8.64866684920506,4.11746697190523,2.69833355101426,70,1,23.6977965978306,0,0,0,0,0,189.071428571429,0,0,0,0,0,0,98,3.05084745762712,0,"censor",10.1178082191781
"1203","pa3526",0,0,-0.69471042498691,202.5,2.05622489959839,5.4731398498292,0.0571381097523521,1.36440466436829,18.343386546939,1.44798811829483,1.23624232239796,2.39513022433661,0.788051292780242,10.8490120951646,5.35737788725008,5.50494900101489,78,1,27.7318640955005,0,0,0,0,0,120,1,1,0,0,0,0,91,11.8854415274463,0,"censor",11.0794520547945
"1204","pa3528",0,0,-0.684523631439011,167,1.37781954887218,4.22880631146717,0.0541148947913426,0.826320338845752,14.3513962045274,0.859488012331476,0.779465827782655,1.87579347814147,0.696587620040665,10.9451876292777,7.05096219730303,7.2510678423531,87,1,28.348617608475,0,0,0,0,0,161,0,1,0,0,0,0,91,4,1,"censor",10.8164383561644
"1205","pa3532",0,0,0.00229166714093054,175.5,2.47075208913649,5.50487807543151,0.0435826653843922,0.757919422609658,13.3705043756884,0.784176277849176,0.719650591104467,1.50052231572159,0.704331967471365,11.6766224225549,5.33077552383073,6.72499629330619,73,1,24.2716851728802,0,0,0,0,0,121.428571428571,0,0,0,0,0,0,83,5.34653465346535,NA,"death",12.2657534246575
"1206","pa3534",0,0,-0.30388398949536,121.5,2.15384615384615,3.0913000738024,0.0408621558430176,0.966715899973195,13.8157346910768,1.00612988392312,0.859344936954867,1.74741300472754,1.11163022780117,11.8778814011074,4.93553081437497,3.46411511373284,83,1,22.0121444401126,0,0,0,0,0,161.642857142857,0,0,0,0,0,0,91,3.18302387267904,1,"death",11.8931506849315
"1207","pa3535",0,0,-0.26632995157712,119,1.75,4.96421354136032,0.0412287138390021,0.789091863794377,12.9830960918181,0.814312408921792,0.749865383551238,1.14049074454807,0.71674173597529,9.16155946063878,6.0846500863598,5.8830474317125,78,1,31.3648589916802,0,0,0,0,0,255.428571428571,0,0,0,0,1,0,98,37.2173913043478,0,"censor",11.027397260274
"1209","pa3541",0,0,-0.33653752821468,167.5,2.68543689320388,3.26140276432866,0.0678634270992735,0.96334407834046,13.4045513522442,1.00365284579273,0.908012840992589,1.06424781342615,0.722106005242253,14.4116109930469,5.67272059189802,7.12863159839481,87,1,26.7754478103189,0,0,0,0,0,34,0,1,0,0,0,0,92,5.57029177718833,0,"censor",11.4520547945205
"1210","pa3544",0,0,-0.70107304509105,130,1.21827411167513,3.69831624599532,0.0590862869049886,1.10796934905033,16.5523197168694,1.18810123518898,1.02277735789295,2.11313591015388,1.42956192720813,6.52237659177316,5.59928796758242,4.41863386495568,83,1,27.0159086862286,0,0,0,0,0,131.071428571429,0,1,0,0,0,0,94,22.6700251889169,0,"censor",3.6986301369863
"1211","pa3545",0,0,0.649240033097691,140.5,2.37913486005089,3.06720065909032,0.0478449423858148,0.685361593291128,14.4010381038011,0.718759239683728,0.660480038941137,1.10469974412757,0.795780360436613,11.1677401169609,4.41492971931122,5.40435925699762,68,1,25.6389100462932,0,0,0,0,0,307.857142857143,1,0,0,0,0,0,98,10.9597523219814,NA,"censor",1.31506849315068
"1212","pa3547",0,0,-0.21938773249435,209.5,3.06094808126411,3.93317667013152,0.052249407585607,0.635194195430139,13.4984358230593,0.676817952263822,0.590808513050733,1.15759581450278,0.999121325091574,12.9095760346666,4.53155402128082,7.09103703902764,84,1,30.6174451714876,0,0,0,0,0,70.9285714285714,0,0,1,0,0,0,97,8.65203761755486,0,"censor",3.65753424657534
"1213","pa3549",0,1,0.55458112623881,138,1.4622641509434,3.91510104055442,0.0659319934173862,0.593121465127503,15.8171749972544,0.61117683184793,0.564047854843012,1.31637245563314,0.576641450283363,8.98897473946203,2.22038080434437,2.06727136356419,77,1,26.8935562563218,0,0,0,0,0,93.8571428571429,0,0,0,0,0,0,80,25.646437994723,0,"dementia",0.728767123287671
"1214","pa3553",0,0,0.1248270075748,97,1.7035175879397,5.50978826969445,0.0736229020605669,0.864104627704853,12.9178509729063,0.933268280955917,0.824799634539874,1.17069018849278,1.16375965425155,16.7641423294744,5.51389191405623,6.61076285958586,75,1,25.8582016987334,0,0,0,0,0,162.214285714286,0,0,0,0,0,0,95,0.712166172106825,0,"censor",11.1205479452055
"1215","pa3554",0,0,-0.0063469777665901,112,0.970695970695971,3.19309534094564,0.0524031278003883,0.73569042789653,17.1807848195393,0.780721637151952,0.710503708919455,1.63544832243215,0.693572979720831,7.2785386216455,4.07796291813557,4.23022020139626,81,1,30.6732083063197,0,0,0,0,0,102.5,0,1,0,0,0,0,93,2.17917675544794,0,"death",11.8219178082192
"1216","pa3562",0,0,-0.8951625335394,160,1.86904761904762,5.14890040127043,0.0344724841767868,1.62739778803119,14.4909957124329,1.67430688118961,1.44359461433842,2.12897395282394,0.394210789121071,12.1701799728647,6.2127884222002,4.55047481812729,83,1,21.2082414362048,0,0,0,0,0,213.678571428571,0,1,0,0,0,0,97,2.21052631578947,1,"censor",11.5068493150685
"1217","pa3565",0,1,-1.22722343597903,260.5,2.68763557483731,3.98239770100581,0.0348543956714433,1.73368573519261,14.1621897640833,1.8264374408752,1.5297913613826,2.08284516900154,1.54399026233267,15.0235197388178,7.64667512793777,7.56594790316837,82,1,25.2554629853349,0,0,0,0,0,68.9285714285714,0,0,1,0,0,0,95,1.96969696969697,1,"dementia",11.0054794520548
"1219","pa3568",0,0,0.0965147694002795,68.5,0.787937743190661,5.47293954075738,0.0563877952254915,0.859274699119392,13.1176210887099,0.887661455134456,0.795056677319027,1.14771956907651,0.812078619487158,5.98875587053363,2.7238213510738,4.92865181717042,80,1,28.7324924020768,0,0,0,0,0,266.571428571429,0,1,0,0,0,0,91,17.03125,0,"death",9.53424657534247
"1220","pa3570",0,1,-0.65821462177597,180,1.62015503875969,5.48016200660278,0.0296269655079208,0.793283498607013,14.7735635939721,0.812573216297301,0.735676986250985,1.4408388891808,0.60447809215203,9.64213061372227,5.14047271527592,3.23499483165979,85,1,24.2629498120509,0,0,0,0,1,72.1428571428571,1,0,0,0,0,0,93,0.684931506849315,0,"dementia",4.31506849315068
"1221","pa3572",0,0,-0.58023495842146,198,2.02044989775051,10.0844351329867,0.05710833486999,0.992872803305116,12.2332320823035,1.06148307412562,0.901636883150156,1.79099045227857,1.39790098593869,13.9680754869738,5.76536067628512,2.41131906310394,70,1,24.1538085442359,0,0,0,0,0,195.5,0,1,0,0,0,0,100,1.84615384615385,0,"censor",10.6054794520548
"1222","pa3574",0,1,-0.21420043791023,83,1.0507614213198,4.23514344460311,0.0758687843185841,1.33696700748814,11.5665944741773,1.39791851314843,1.18586367564135,1.24771681770748,1.86475866997439,10.8325260692422,3.48712352153305,0.855117461125574,83,1,29.7334994617402,0,0,0,0,0,197.714285714286,0,0,0,0,0,0,99,9.96677740863787,1,"dementia",1.35342465753425
"1223","pa3575",0,1,-0.38148525616899,310.5,2.93,7.11326887995671,0.058210135371908,0.43523777963176,15.2024641875428,0.443200814441485,0.415121542156363,1.49287053862486,0.647545903926713,23.7557642968822,5.06109186967478,4.13758314925354,85,1,27.689608453498,0,0,0,0,0,178.571428571429,0,1,1,0,0,0,96,17.3846153846154,0,"dementia",1.72876712328767
"1224","pa3584",0,0,-0.979333514765921,358.5,3.84545454545455,6.90498195185319,0.0315606341322688,0.755793083852483,11.5337730625749,0.799633433408788,0.739982008364585,1.10114494667803,0.271987024957575,16.4335908578694,6.36197961325693,5.15165859693611,88,1,26.2454143631868,0,0,0,0,0,169.571428571429,0,1,0,0,0,0,85,8.20627802690583,0,"death",7.59178082191781
"1225","pa3586",0,0,-0.398255225323361,194.5,2.73588709677419,6.42592341292467,0.0348460042135703,NA,10.3838319586298,NA,NA,0.924929388390486,NA,14.937688406694,4.49048508691801,NA,84,1,22.2590712729851,0,1,0,1,1,27.1428571428571,1,1,0,0,1,0,87,3.85474860335196,1,"death",11.8986301369863
"1226","pa3591",0,0,-0.916192759808661,108.5,1.00210970464135,4.72443740809795,0.0512721640644224,1.41934094547602,15.0665659368617,1.49112574478993,1.30946046941908,2.13401089127518,1.02640786971953,11.8852652950252,7.1140274656206,5.8055287797667,84,1,26.8881202123041,0,0,0,0,0,163.214285714286,0,1,0,0,0,0,92,14.3119266055046,0,"death",3.32328767123288
"1227","pa3595",0,0,-0.13761522389226,69.5,0.925764192139738,4.98772156657155,0.0826257719612819,0.582270650247143,14.6378704357295,0.596382542717493,0.539126075425109,1.32582652534682,0.598915370626643,8.51110690926732,2.01033725974066,2.59347119657235,94,1,21.0959197540717,0,0,0,0,0,157.428571428571,0,1,0,0,1,0,81,14.1880341880342,1,"death",8.76438356164384
"1228","pa3596",0,1,0.35739174262962,142.5,1.86542923433875,3.29223793420347,0.0355293267751306,0.563274727702721,11.4746208898037,0.58267748347339,0.541011127213721,0.975226735519306,0.390141355446609,12.9520095823654,3.13518475317225,3.61430280013291,84,1,26.6852346719862,0,0,0,0,0,167.75,0,0,0,0,0,0,95,12.7433628318584,1,"dementia",6.26575342465753
"1229","pa3597",0,0,-0.68383634748901,142.5,1.0625,4.40719723562176,0.0479085988542595,0.801925516727849,16.0978066374104,0.854415792101009,0.772882461068241,1.81296423961696,1.44261632600982,9.35202736536272,4.6615836250277,5.74988082426253,88,1,26.7100856509451,0,0,0,0,0,141,0,1,0,0,0,0,98,21.3299232736573,0,"death",6.54246575342466
"1230","pa3601",0,1,0.0831509249018296,95.5,1.35040983606557,3.8048938017743,0.0518294564855827,0.890404889190564,11.7926557698298,0.931951729436511,0.812816554293259,0.901470497309646,0.572103918232559,9.29405024210857,3.99886935059543,6.37351308102684,83,0,26.3928941899171,0,0,1,1,1,190,0,1,0,0,0,0,89,0.275862068965517,0,"dementia",1.07671232876712
"1231","pa3602",0,1,-0.688783620651721,165,1.56530612244898,3.94020082889871,0.0496548463789979,0.911092589981454,13.3216777406938,0.950964310190966,0.833690220221043,2.30370412582936,1.86501115562145,10.7829954614207,6.76779938084818,4.43528645658758,82,1,23.4648478129579,0,1,0,1,0,92.1428571428571,0,1,0,0,0,0,97,1.56521739130435,0,"dementia",3.74246575342466
"1233","pa3605",0,0,0.33857668903396,83.5,1.50512820512821,3.86249469607274,0.0708654657984637,1.07578543121137,11.361489416746,1.12055811293318,1.01052385315646,0.965532825870629,0.492159186333302,9.94882555027861,3.82267851665169,3.63755023308798,79,1,22.5766051137737,0,0,0,0,0,115.285714285714,0,0,0,0,0,0,96,1.95652173913043,1,"censor",11.1616438356164
"1234","pa3606",0,0,-0.264018325006229,184,2.11111111111111,5.25486319923878,0.0459526966474363,0.895644697051535,16.5818995535847,0.960167602723423,0.875144773407169,1.72980250737147,1.4541774162021,11.8875982315585,4.3289656991568,3.66251619834373,75,1,27.9420036433727,0,0,0,0,1,189.428571428571,0,1,0,0,0,0,95,1.22448979591837,0,"censor",10.9698630136986
"1235","pa3607",0,0,0.14725776577566,188,1.52317880794702,4.01268787511041,0.0695059408469895,0.701385714524506,12.1520385846467,0.739685593144785,0.651043496678565,1.12718481813347,0.850699626687092,10.5192069273305,3.02479183387591,3.10411717177007,85,1,22.8272629668168,0,0,0,0,0,160.071428571429,0,1,0,0,0,0,93,2.9010989010989,0,"death",6.24109589041096
"1236","pa3609",0,0,-1.1414041087171,100.5,0.904365904365904,5.71752766294228,0.071320549038685,1.1486089008037,19.2322265062778,1.19588321303824,1.07314453573424,2.80926517039837,1.06831782780398,13.2375632507221,5.98017493584838,5.05218928997322,91,0,30.2468334492767,0,0,0,0,0,154.214285714286,0,1,0,0,0,0,87,2.92307692307692,0,"death",10.9095890410959
"1237","pa3612",0,1,-0.45898811405434,207,2.12293577981651,5.59049004359888,0.0671128401460543,0.901744806584251,16.8900007295945,0.961141631763521,0.836951902469262,2.48057806650452,1.1721352069797,17.8578688050976,4.83034145996898,5.26503623188157,83,1,24.9793135125691,0,0,0,0,1,131.714285714286,0,1,0,0,0,0,94,32.8150134048257,0,"dementia",1.43013698630137
"1238","pa3613",0,0,-0.164205038205451,92,1.78048780487805,5.6248485781588,0.0737161313584794,0.975148741372255,8.69424948757992,1.01133103199546,0.893877787196055,1.25679761911005,0.506475290845897,11.9031900521845,5.20242499557623,3.95942683406687,85,1,28.9977156098246,0,0,0,0,1,145.535714285714,0,0,0,0,0,0,85,6.62460567823344,0,"death",8.81369863013699
"1239","pa3614",0,0,0.15632376557746,124,1.01005025125628,4.21826453195366,0.0311879204412392,0.916371996738927,11.886255652768,0.940332559279504,0.829951641030832,1.27063482226226,0.487121762722889,6.67688887695972,5.55017852890786,4.13577347884882,72,1,28.3873066622538,0,0,0,0,0,225.892857142857,0,0,0,0,0,0,96,0.294117647058823,0,"death",8.54520547945205
"1240","pa3616",0,1,-0.48455863912191,199.5,2.19921104536489,4.14751731143148,0.0464374994859564,0.722041256444239,15.6463358814013,0.75243926449442,0.676570593773736,1.40511613960963,2.12417711393002,14.3296953606105,4.4669883278315,5.41647149125215,83,1,24.3348381018672,0,0,0,0,0,107.714285714286,0,0,0,0,0,0,88,4.97142857142857,0,"dementia",6.38630136986301
"1241","pa3617",0,0,-0.73915758618988,330.5,3.25531914893617,6.09958821126132,0.0325458738008513,0.798285720955822,22.2417313440392,0.825236919084582,0.746480237345159,1.95168751675832,0.465174260789566,16.3344057852615,5.82430421094154,4.61443042352777,76,1,19.4811772192157,0,0,0,0,0,154.214285714286,0,1,0,0,0,0,94,0,1,"death",10.5890410958904
"1242","pa3622",0,1,-0.642092610433519,106,1.59943181818182,3.79600692685459,0.0382086921449112,1.00469568449992,14.1658328940512,1.04467002353089,0.914531833219362,1.60564227838857,0.920772208488749,10.1383694650528,7.14667133402281,5.06953222732925,82,1,25.7016415227801,0,0,0,0,0,237.285714285714,0,1,0,0,0,0,81,1.43344709897611,0,"dementia",3.58082191780822
"1243","pa3628",0,0,-0.15296032773517,48,0.681265206812652,5.40971370418199,0.0614339275932945,0.729140533434695,13.2862267962514,0.764375932166188,0.633981655375419,1.29820989332746,0.970913967050074,8.23710243297919,3.12589024438338,3.14008847640845,86,1,26.0838084492527,0,0,0,0,0,78.9285714285714,0,1,0,0,0,0,94,6.94915254237288,0,"death",10.5260273972603
"1244","pa3632",0,0,-0.443641054106701,93.5,1.51436781609195,5.20655501969333,0.0729496397016305,1.17336532780713,18.5405848688979,1.2254010667595,1.07398595745175,2.77094882186517,1.35218049639187,11.4927918601046,7.12175062710384,6.24784940331355,71,1,26.363802057923,0,0,0,0,0,33.2142857142857,0,0,0,0,0,0,100,1.68539325842697,0,"censor",10.4821917808219
"1245","pa3634",0,1,0.0571903831547203,39.5,0.440536013400335,5.34986264997413,NA,NA,10.4491046165751,NA,NA,0.91099669569889,NA,5.90245109189722,3.34560090799424,NA,83,1,23.3056047689962,1,0,0,1,0,36.7857142857143,0,0,1,0,1,0,93,0.20066889632107,0,"dementia",3.72054794520548
"1246","pa3635",0,0,-0.00108103947245012,39.5,0.99203187250996,5.63434077879162,0.10479716136758,0.79601104834456,13.5382047703897,0.851090077448972,0.746084192863772,1.91803214712755,0.684660326176109,9.49315519468781,5.64440616704814,5.96910358879979,80,1,28.4930339620005,0,0,0,0,0,106.785714285714,0,0,0,0,1,0,83,0.338983050847458,0,"censor",10.4328767123288
"1247","pa3636",0,1,-0.15858362248012,140.5,1.17964071856287,5.3235399712654,0.0573326910244013,1.13480512634788,10.5288789589744,1.17325701874612,0.958743480146427,0.990711364007126,0.299683262074196,8.82180607568544,3.50886698126462,0.771006535224773,85,1,29.4804698906134,0,0,0,0,0,62.1785714285714,0,1,1,0,0,0,90,10.0208768267223,0,"dementia",1.80821917808219
"1248","pa3639",0,0,-0.3115248684023,70.5,0.873994638069705,6.38376765297315,0.0484720443889295,1.17461436692678,17.0568416704511,1.24953171390445,1.11270569470029,2.95115896115229,0.581410647581652,11.5021524554015,7.14644444737081,6.79866032496842,69,1,24.2897605136774,0,0,0,0,1,188.857142857143,0,0,0,0,0,0,94,0.879765395894428,0,"censor",3.13972602739726
"1249","pa3640",0,0,-0.46479573356476,118.5,0.877280265339967,5.03714191483857,0.0364786124647553,0.811644728920699,18.202109123813,0.829226983139122,0.770471697125431,3.26757695752616,0.31612140341618,9.78843814857387,7.8888018019919,4.0290830967624,74,1,29.9663212904987,0,0,0,0,0,79.7142857142857,1,1,1,0,0,0,88,10.8715596330275,1,"censor",10.2821917808219
"1250","pa3643",0,1,-0.39489343123695,190,2.146771037182,4.98312604618326,0.044619583069795,0.564861844762574,10.5321699474835,0.595742416614336,0.532638086489135,1.07987276967597,0.709131442116969,18.1385939827447,6.48678113940154,7.56672490494214,88,1,22.1444286642886,0,1,0,1,0,262.285714285714,0,0,0,0,0,0,94,0.32,0,"dementia",5.70958904109589
"1251","pa3645",0,0,0.50167201768122,81.5,1.22045454545455,3.85098421004784,0.075230523866282,1.10451972760745,13.0663899765614,1.14419606993027,1.02860821214151,1.13713587112015,0.46956948739891,5.94200477216312,4.2495264981925,3.21093022607529,71,0,30.1449275362319,0,0,0,0,0,160,1,1,0,0,0,0,91,11.551724137931,0,"censor",10.9287671232877
"1252","pa3650",0,0,-0.155061855682651,141,1.43849206349206,5.77489051914353,0.0811759762279896,0.791179873686241,11.0960715378042,0.805558005572722,0.740538890255033,1.53148186229712,0.612426525668359,9.40138725631711,6.22675850737648,5.77209539241289,80,1,24.2034874762536,0,0,0,0,0,352.428571428571,0,0,1,0,0,0,90,0.946372239747634,0,"censor",10.572602739726
"1253","pa3651",0,0,0.215126224363421,89.5,2.075,5.33269714804446,0.0490711283151366,0.733307220082445,9.90254791845969,0.76478389354012,0.673731142139387,1.55205025525487,0.327522420310365,16.4727716208505,6.47139382388354,5.11842048799538,75,1,26.7136189029364,0,0,0,0,1,240.142857142857,0,0,0,0,0,0,99,21.7937219730942,0,"censor",10.6986301369863
"1254","pa3652",0,0,-0.792736848836179,205.5,2.32714617169374,4.42413527738912,0.0564694856189073,1.22073845327705,14.9635580604908,1.39969448876306,1.12268577103342,1.7776414397833,0.732146629816637,14.1803303798774,6.26526488059114,3.03992087459557,85,1,20.7305864701068,0,0,0,0,0,271.285714285714,0,0,0,0,0,0,94,21.3114754098361,0,"death",2.5041095890411
"1255","pa3654",0,0,0.27440059126378,105,1.53692614770459,3.78717621726008,0.104693546857773,0.697699779353688,10.509319129067,0.736829986241955,0.657354745972921,1.41725843619804,0.545403312313562,10.5265619313502,5.54329352402207,6.63955883235521,83,1,27.7309583371986,0,0,0,0,0,293.678571428571,0,1,1,0,0,0,91,6.47368421052632,0,"death",8.35342465753425
"1256","pa3655",0,0,-0.56710202701091,117,1.24110671936759,4.78833409959073,0.0473266562480954,0.633072233881304,11.0115850415059,0.669041339478662,0.606245109000737,1.43152360465425,0.848187629039654,9.95104213306129,6.88238584898017,5.86399393258245,87,1,27.6455111667814,0,0,0,0,0,81.2857142857143,0,1,0,0,0,0,84,0.521739130434783,1,"death",4.03835616438356
"1258","pa3657",0,0,-0.39507409690742,42,1.02100840336134,6.3847592926169,0.093979038321808,0.411039540866206,15.3726226675898,0.441795664274627,0.406674525998932,1.47371239216599,0.938183022624168,16.3349232279622,7.01921785534458,3.3169537439493,85,1,27.7004314799099,0,0,0,0,0,210.142857142857,0,1,1,0,0,0,90,63.121387283237,0,"death",7.34520547945205
"1259","pa3663",0,0,-0.462256884966941,79,0.820175438596491,4.00669027740528,0.0411987616635692,1.41424487227859,18.505036518212,1.4816551500468,1.29809799137343,3.19688899893513,0.885035885582948,8.61660785842838,6.11466309995676,4.62302209568062,74,1,29.7998973312783,0,0,0,0,0,160.642857142857,0,1,0,0,0,0,91,30.6936416184971,1,"death",7.87945205479452
"1261","pa3665",0,0,-0.6899077336983,119.5,0.728414442700157,5.77599118550263,0.106169966919135,0.763982946752185,17.280066932419,0.817803859917802,0.705814842064968,2.31697772096557,0.689754338154675,11.183666518446,6.14157186641208,4.67693027683469,90,1,24.4666254122605,0,0,0,0,0,81.4285714285714,0,1,0,0,0,0,95,2.33128834355828,1,"death",5.5041095890411
"1262","pa3667",0,0,-0.201513419101251,108.5,1.41709844559586,3.68242425189901,0.0487019552878786,0.641901973508132,15.4361390060297,0.67168169970702,0.603979212193985,1.79419393985325,1.14316345934909,7.19525589316412,3.12137153766494,3.62226628614676,86,1,23.9961587325511,0,0,0,0,0,46.4285714285714,0,1,0,0,0,0,94,4.55284552845528,0,"death",1.83013698630137
"1264","pa3672",0,0,-1.43522621927248,78,0.682432432432432,6.67942826610198,0.0454589387254905,0.495268108650278,18.6242845502227,0.512407832031025,0.46934577278981,3.67490225130642,2.03300646313172,11.9308075952943,9.15643604721475,6.49866287158395,84,1,23.1841207865418,0,0,0,0,1,25,0,0,0,0,0,0,80,7.59259259259259,1,"death",2.12328767123288
"1265","pa3673",0,0,-0.15097645057261,118.5,1.26306620209059,4.14961840467171,0.0612117029458061,0.800496886829713,13.9908490641196,0.832367614106848,0.756144453735045,1.4759547473306,0.720801133719399,7.80720362720039,4.59086331901205,3.60955091797667,83,1,20.7411504424779,0,0,0,0,0,143.928571428571,0,0,1,0,0,0,94,10.5707196029777,NA,"censor",10.7780821917808
"1266","pa3676",0,0,-0.538857200683979,331.5,3.22641509433962,5.47201557369924,0.0373787977965901,1.13676270658309,10.3953562241999,1.21098941844764,1.03388244122895,1.11357147347733,0.712740755626865,20.3928444582023,5.28622982052563,4.20974286634179,85,1,22.5915231772792,0,0,0,0,0,81.4285714285714,0,0,1,0,0,0,99,7.88927335640138,0,"censor",11.3945205479452
"1267","pa3678",0,0,-0.11397977263078,244,2.78761061946903,4.91233498242358,0.0532041424978274,1.15337340355183,16.2538465174126,1.24732612942074,1.13742661117237,1.61078944074815,0.432390290300919,18.6806409631783,5.069602299876,11.4165839749375,76,1,24.2071966266486,0,0,0,0,0,77.7142857142857,0,1,0,0,0,0,94,23.8709677419355,0,"censor",9.30684931506849
"1268","pa3680",0,0,0.25080720089633,112,0.893364928909953,5.02582252674768,0.0678097385762793,0.463028718872355,12.8748614030482,0.495325271437693,0.428220364292845,0.745994679472226,0.448320974146525,5.88871452094748,2.47197372923081,2.23751351342292,84,0,21.7265280572293,0,0,0,0,0,66.8928571428571,0,0,0,0,1,0,84,0,1,"death",1.86849315068493
"1269","pa3684",0,0,-0.61833613146721,209,2.19092627599244,5.0798929193712,0.0614262782968203,0.908935429646454,16.4504714944317,0.951317046563593,0.858637819026797,1.50917560226029,0.950841468610906,9.79383148575539,4.53843696438795,4.43095501859239,85,1,22.920912827024,0,0,0,0,0,142.428571428571,0,1,0,0,0,0,96,0.483870967741935,0,"death",2.28767123287671
"1270","pa3686",0,0,-0.0425703260456302,101.5,1.475,4.50235737420542,0.051542096975415,0.873498658369288,8.09638898793713,0.898131821185636,0.822939855789371,0.824285156589593,0.366227894526308,8.81103235706119,4.41696430864271,6.13885099138586,87,1,23.3479089333978,0,0,0,0,0,120.464285714286,0,1,0,1,0,0,98,25.5704697986577,0,"censor",11.2328767123288
"1271","pa3687",0,0,-0.545133292105859,115,1.26829268292683,4.70900242518963,0.0460738019678226,1.45719526925979,19.6743044586658,1.51040970739021,1.35553367195062,2.56378287502671,0.939624357139303,11.4173264296954,6.27319357205691,5.3198445331401,73,1,25.4912787383269,0,0,0,0,0,258.25,0,0,0,0,0,0,93,2.24669603524229,0,"censor",10.7123287671233
"1272","pa3691",0,1,0.0517898890958193,53,0.643646408839779,4.75265309926522,0.0377882894442708,0.823847323428274,15.2520863012519,0.899733025507335,0.757707830770514,1.92431384734523,0.633706263991246,9.0453765821543,5.1499649125335,5.44907244625249,74,1,28.0168549399319,0,0,0,0,0,66.6428571428571,0,1,0,0,0,0,95,8.37209302325581,0,"dementia",1.49315068493151
"1273","pa3693",0,1,-0.30526354000026,52,0.890063424947146,3.6467412210821,0.0646104877739124,0.977253107723956,11.1100993713781,1.02951880211519,0.887843646413809,1.41575351497269,0.582915738187071,8.47104512032444,7.41222077600939,7.21630508083738,83,1,24.0718660420153,0,0,0,0,0,158,0,1,0,0,0,0,92,0.131868131868132,NA,"dementia",6.18082191780822
"1274","pa3696",0,0,-2.47032255324966,93.5,0.555803571428571,8.97233969622928,0.0293205813607357,0.831697408815544,22.4383745548783,0.882768196828579,0.762810688944191,5.31379020744354,1.38153878886367,14.0835358196035,13.3274969953871,8.87234448444609,83,1,23.6960876004749,0,0,0,0,0,129.428571428571,0,0,0,1,0,0,96,7.11340206185567,0,"death",10.4356164383562
"1275","pa3699",0,0,-1.64167967702391,106,0.77979797979798,7.43977983810877,0.091465811252047,0.790650606111963,21.5416783148012,0.840295303352829,0.71311431430007,4.78007533073742,2.37100272464712,16.0761289007545,9.76697508008749,8.36156717590649,84,1,26.4883924742934,0,0,0,0,0,122.428571428571,1,1,0,1,0,0,90,9.68674698795181,1,"death",6.42739726027397
"1276","pa3701",0,0,0.45647552137917,94.5,0.887351778656126,4.42369587060344,0.0812120328151627,0.916195294260075,13.4420105096035,0.957494098973601,0.855732239536642,1.57206977106713,0.378333530095247,8.99591513968599,4.88868748722466,3.84687171601701,73,1,33.5594226610379,0,1,0,1,0,39,1,1,0,0,0,0,94,41.7831325301205,0,"death",9.12602739726027
"1277","pa3702",0,1,-0.677151415214951,80,0.993023255813953,8.95130562181882,0.0516494032784029,0.903732317500234,9.14687305136788,0.936336192695352,0.824413985712901,1.37824172784038,0.785182925942123,6.22888571037545,4.37989501717123,5.20571410314326,85,0,32.8970275574852,0,0,0,0,0,173.142857142857,0,0,0,0,0,0,96,28.2644628099174,0,"dementia",1.38630136986301
"1278","pa3703",0,0,-0.27814815389092,83.5,0.571658615136876,5.28861486297859,0.0668371331020677,0.85562818974095,14.9537578105246,0.898902010217867,0.808219942690634,1.55089894274652,0.841046002860299,5.85999521760275,3.51069296542251,2.66528744318889,85,1,26.8349076479153,0,0,0,0,0,8.89285714285714,0,1,0,0,0,0,91,3.15151515151515,0,"death",10.3205479452055
"1279","pa3707",0,0,-0.67871989890581,91.5,1.38444924406048,9.15876195697242,0.131463852823753,0.729823899791855,12.5594624022514,0.781039889545534,0.708665440103618,1.13624314872983,0.657853312841415,12.6998918398821,9.48238703870273,3.09328140563842,78,0,23.8606996341466,0,0,0,0,0,217.428571428571,0,1,1,0,0,0,91,6.99300699300699,1,"censor",10.9452054794521
"1280","pa3708",0,1,-0.53217734645027,198,1.36384439359268,6.49886265040844,0.0820186979119263,1.06080560435514,12.4708727749462,1.16455231541358,0.943322734804345,1.558492066943,0.620191910713165,9.03349850420394,10.0548442879095,6.54920454852572,69,1,26.5627122591162,0,0,0,0,0,151,0,0,0,0,0,0,92,4.85393258426966,1,"dementia",10.9095890410959
"1281","pa3711",0,1,0.24787365779093,32.5,0.50828729281768,5.30315385686616,0.0282067689200346,0.572031275996664,10.1169543225022,0.588107718621178,0.536075110624412,0.825185719483037,0.296677447413791,7.47876428592483,2.57836765458645,2.70418379721568,84,1,20.7782884968119,0,0,0,0,1,136.428571428571,0,1,0,0,0,0,96,2.47252747252747,0,"dementia",3.54246575342466
"1282","pa3712",0,0,-0.18620570264259,141,1.51698113207547,4.14144548644976,0.0639478859144355,1.27582291336573,8.64673670002585,1.38136919825245,1.15285114830009,1.45586899581849,1.42235979494598,8.61982973553865,6.60404981602574,6.17297535190077,75,1,31.8232652192841,1,0,0,1,0,131.428571428571,0,0,0,0,1,0,97,3.97877984084881,1,"censor",10.6794520547945
"1283","pa3718",0,0,-0.56166707531096,101.5,1.07277628032345,4.36202715663278,0.0642737802129,0.771405944525562,16.1853814234871,0.858827462277241,0.663378656278879,1.57790830121745,1.00260745054085,7.25587629090315,4.65461853901938,7.14422220187327,88,1,22.8239424193431,0,0,0,0,0,116.785714285714,0,1,0,0,0,0,93,10.9580838323353,1,"death",3.27945205479452
"1284","pa3719",0,0,-1.40350329859443,158.5,2.15500945179584,5.88511986038072,0.0418934412618899,1.3631988883858,18.977513539963,1.42519162242443,1.19638205016664,3.4739357968499,0.987143291757731,15.3435426004351,6.74218948409508,3.77655869254011,87,1,23.1249825565864,0,0,0,0,0,167.571428571429,0,1,0,0,0,0,84,0,0,"censor",11.5917808219178
"1285","pa3721",0,0,-1.77622900177588,151.5,1.0162074554295,6.76689898384612,0.0354531501864979,0.723944418716261,17.270876738844,0.749157473193325,0.656141977791096,3.55477278831547,1.46202505512013,12.778200218613,10.6177785019517,9.47491143638415,87,1,22.6964490065915,0,0,0,0,0,58.3214285714286,0,1,0,0,0,0,100,7.90243902439024,0,"death",10.2109589041096
"1287","pa3730",0,0,-0.56162434191618,63.5,1.12967581047382,5.30862403373749,0.046032904366092,1.03958692474105,11.1873018479806,1.07359966573049,0.939468881145807,1.26571859748334,0.756214318872252,9.50393098017671,4.80958472442888,6.19193749481182,89,1,25.4319384842281,0,0,0,0,0,209.964285714286,0,0,0,0,0,0,97,6.62576687116564,0,"censor",11.6520547945205
"1288","pa3731",0,0,-0.127986329226751,139,1.38340807174888,4.64311516851915,0.0642298401525325,0.670574623939725,13.8666466683918,0.692208870955203,0.63499725505333,1.53463023898973,0.731222176171617,8.23271617175613,3.90127311161147,5.02367477623666,85,1,18.1994056290426,0,0,0,0,1,25.7142857142857,0,0,0,0,0,0,84,5.81632653061224,1,"death",6.2
"1290","pa3738",0,0,0.0414074193531107,84,1.20654911838791,4.5301245730702,0.0506242055200571,0.79514666061606,15.6816727979413,0.823093323043363,0.756078434230493,1.92562401847244,0.597071931260954,12.7187154696789,4.65332204662196,5.21771057643311,79,1,32.3678188606528,0,0,0,0,0,121.142857142857,0,1,1,1,0,0,93,7.6875,1,"censor",11.2328767123288
"1291","pa3740",0,0,-1.65632799925493,78.5,0.954545454545455,8.79950837392157,0.0518149159046365,0.627627369464508,24.0275918306809,0.646667057134253,0.596374788567819,6.38664055517949,0.675552093140829,15.3916625216583,8.97810523894918,3.51760235910726,85,1,28.6363449144579,0,0,0,0,0,150.357142857143,0,0,1,0,0,0,96,18.5185185185185,0,"death",1.85205479452055
"1292","pa3742",0,0,0.19596888270367,66.5,0.901197604790419,2.55142396964011,0.0938437475835597,1.62677505515271,11.2377609839855,1.77498392846546,1.49330346932128,2.23624132177769,0.992014789585829,5.87240172678091,5.51762609933385,6.62854008878437,74,1,35.2549567131552,0,0,0,0,0,183.464285714286,0,1,0,0,0,0,98,33.4177215189873,0,"censor",11.2712328767123
"1293","pa3746",0,0,-0.36305881717167,266,3.06361829025845,4.59233522145921,0.0376967613832369,NA,12.3276277057539,NA,NA,1.2079554876518,NA,14.4861276202636,4.25332431454431,NA,86,1,20.6071014035659,0,0,1,1,0,213.107142857143,0,1,1,0,0,0,82,1.32231404958678,0,"death",3.56164383561644
"1294","pa3747",0,0,-0.0794813998565104,122.5,1.08853118712274,5.24314298174476,0.124779016823417,0.746822213793897,21.4772256940834,0.813610937207869,0.714569086703466,2.86340874756994,1.45427374082495,14.8232935729424,7.86313729369698,7.31384795428675,69,1,22.4813253250856,0,0,0,0,0,132.642857142857,0,0,0,0,0,0,93,41.3114754098361,0,"censor",10.6821917808219
"1295","pa3748",0,0,0.40583374447295,113.5,1.67428571428571,3.45851623245997,0.104558414168545,0.919727341537443,13.4819558626926,0.969157131345364,0.835393334840879,1.45672704576018,0.477756622851897,11.0245885466567,6.10662938887454,4.00070036292894,74,1,26.4351450806481,0,1,0,1,0,181.428571428571,0,0,0,0,0,0,97,22.2,0,"censor",10.8164383561644
"1296","pa3750",0,0,-0.63519852894203,118.5,1.61187214611872,11.3663583125903,0.0358338113285998,0.79504848657795,13.8856917280231,0.862843006787949,0.715172192466369,2.16784412175368,0.637734712978242,15.5491111738241,6.24787218877428,2.60300243503103,70,1,27.005400810108,1,0,0,1,0,55,1,1,0,0,0,0,85,17.4509803921569,0,"censor",10.8712328767123
"1297","pa3755",0,1,-0.153456961056141,71,1.74042553191489,4.61826191393706,0.0459807294992469,1.09995437221595,12.4599879341251,1.13842494878773,0.999857668102178,1.49672809265196,0.548668235175858,8.98465592079425,3.29708596331053,3.39569922549416,84,1,24.8505905666969,0,0,0,0,1,144.571428571429,0,1,1,0,0,0,90,24.0963855421687,0,"dementia",3.51780821917808
"1298","pa3757",0,0,-0.66373058146654,273,3.2183908045977,6.49312194010342,0.0566620814906424,0.999308957442258,17.6560980167074,1.04217232342488,0.889913581337703,3.37937341219307,0.627603182003036,16.4089828168639,5.76362683269896,3.31550028583785,78,1,22.5997462680728,0,1,0,1,0,72.9642857142857,0,1,0,0,0,0,87,21.688654353562,1,"censor",3.75890410958904
"1299","pa3760",0,1,0.0440769512412103,146,2.69899665551839,4.86770090280368,0.0819788889844816,1.099583087819,15.2682217857747,1.20783547154767,1.06398948013307,1.99174434752428,1.23233834701817,13.923353863411,4.68081475629559,5.95784575040238,73,0,29.2070521666148,0,1,0,1,0,78.9285714285714,1,1,0,0,0,0,91,3.31034482758621,1,"dementia",1.02191780821918
"1301","pa3766",0,1,-0.37280678555874,97.5,0.979087452471483,5.36683296600193,0.0660522458761477,0.516592372093098,13.5150463451794,0.545234585813007,0.500417849297649,2.32033413818766,1.07803927752885,13.4656609940653,5.79946224514475,1.36411305998986,86,1,22.4667677613342,0,0,0,0,0,169,0,1,1,0,0,0,93,3.47107438016529,0,"dementia",5.78082191780822
"1302","pa3767",0,0,-0.67343166640737,64.5,0.594036697247706,6.28199247279278,0.0522766525752659,0.842841634838264,17.8685819031159,0.867734374232119,0.784726472922063,4.33952859977646,2.16803043173201,9.41233815693987,4.97330319320792,3.82060110899985,78,1,26.5628654482275,0,0,0,0,0,181.464285714286,0,1,0,0,0,0,94,2.61682242990654,0,"censor",10.786301369863
"1303","pa3768",0,0,0.50768605653699,76,1.10904255319149,3.34530897710547,0.0416502471150218,0.662021583348201,15.9879399845716,0.687811081646677,0.62629818515205,1.63549423791064,0.667771913698824,9.8836366746897,4.67726227128901,3.90569625050817,70,1,24.6167352537723,0,1,0,1,1,75.7142857142857,0,0,0,0,0,0,91,3.77245508982036,0,"censor",10.7506849315069
"1304","pa3774",0,0,-0.24905471937895,142.5,2.01528384279476,6.37118589011679,0.0455289589995522,NA,11.5095522034724,NA,NA,1.80297194202956,NA,22.4284743196703,5.99106651881643,NA,80,1,26.1640285946704,0,1,0,1,0,88.4642857142857,0,1,0,0,0,0,90,16.2536023054755,1,"death",3.77260273972603
"1305","pa3775",0,0,-0.33308050989469,246,2.8469387755102,6.97038399318733,0.0481647871750889,0.798388894673302,11.3158613794722,0.825268759984605,0.728562051012755,1.75385215348065,0.93221546519629,12.5633252927677,5.72098896917539,5.66610058947304,75,1,20.487641121411,0,1,0,1,0,77.7142857142857,1,0,0,0,0,0,86,5.97864768683274,0,"censor",3.66027397260274
"1306","pa3783",0,0,0.74029761351122,102.5,1.36622807017544,4.22244452083481,0.060141465248704,0.93744207082848,9.54066736313549,1.0212825644885,0.86614436464955,0.969426268562001,0.677749645146467,11.2700698122043,3.76909435976621,4.09304710399795,71,1,23.0149521133579,0,0,0,0,0,125.178571428571,0,0,0,0,0,0,90,13.5694822888283,0,"censor",10.586301369863
"1307","pa3784",0,0,-0.779588680687171,190.5,1.50758853288364,5.01849806833958,0.0543978001194115,0.872264952484521,15.8201536532903,0.933935161200483,0.814099812605489,2.65033037557089,1.14269585486509,10.9699058779925,7.02385284469424,5.15934315595397,82,1,24.7143584007379,0,0,0,0,0,165.857142857143,0,1,1,0,0,0,96,1.05793450881612,1,"death",8.42191780821918
"1308","pa3789",0,1,-0.285765181239201,61,1.13087248322148,3.73028128217206,0.0582451327985475,0.799108548870122,15.046652073527,0.830145103798154,0.739976764384767,1.52910854407706,0.548304071026827,7.70366098853622,3.72184816201538,4.66694553121912,90,1,25.668009500381,0,0,0,0,0,74.3214285714286,0,0,1,0,0,0,97,6.46464646464646,0,"dementia",4.18904109589041
"1309","pa3797",0,0,-0.19801093314376,118,1.43188405797101,4.5970033905501,0.0701897273435615,0.907984088299343,16.3531468487126,0.963676567415203,0.87030017579561,2.31012266687474,0.854825726946016,13.636589872089,6.74152828564408,4.08022648688489,76,0,19.9081726354454,0,1,0,1,0,98.8571428571429,0,1,0,0,0,0,85,21.5139442231076,0,"death",3.46575342465753
"1311","pa3808",0,1,-0.84824804723621,129.5,1.82451923076923,3.28457524707679,0.0625584461236001,1.39210887798237,14.61610390645,1.46100490308128,1.2363757182497,1.81891961123618,0.798016620287536,8.44793624225838,7.8823037388776,6.4709880995,83,1,24.5160414379012,0,0,0,0,0,40,0,0,0,0,0,0,96,14.006309148265,0,"dementia",10.6520547945205
"1312","pa3809",0,0,0.15496909205448,129.5,2.15584415584416,4.61810296268293,0.0282428193827252,0.720271088488943,18.4394109589844,0.74220445052768,0.685203029084966,1.57834333238277,0.636283633783191,15.0205265857813,4.9128826362911,4.71570755118344,70,1,27.1654297998193,0,1,0,1,0,41.9285714285714,0,1,0,0,0,0,91,11.3333333333333,0,"death",7.91780821917808
"1313","pa3810",0,0,-1.44573524705736,45,0.581453634085213,8.87510851527952,0.0287916277383151,0.714220906274804,18.3682017885142,0.7309200959298,0.680011554937956,1.76927947862127,0.991428442645704,4.41687705591698,5.73651544863285,5.28052668890588,87,1,25.8805079158773,0,0,0,0,0,145.214285714286,0,1,0,0,0,0,94,7.52293577981651,NA,"death",4.43561643835616
"1314","pa3811",0,0,-0.8120302129271,167.5,1.38350515463918,4.40844688718179,0.0741772315309533,1.07048028760667,16.886811847471,1.21067901771151,0.967795108725545,2.70069236798849,1.96451938051292,9.43431185427916,4.9112688879144,4.33541403362517,85,1,26.482303755903,0,0,0,0,0,197.285714285714,0,0,0,0,0,0,97,1.88087774294671,0,"death",7.26301369863014
"1315","pa3814",0,0,-0.70407826029587,68,1.34351145038168,4.34498082374591,0.0609420752495811,1.02111200350388,13.9254598948942,1.06622691056532,0.935828488404482,2.46907060489994,1.0982355293675,10.2178767263178,7.32778229453348,6.63431918594474,84,1,25.7294237189723,0,0,0,0,0,158.642857142857,0,1,0,0,0,0,96,6.32911392405063,1,"censor",10.7671232876712
"1316","pa3815",0,0,0.0678596349950794,72.5,0.865525672371638,4.36032107131396,0.104502263161908,0.733847158446918,14.1544359891112,0.777496117044059,0.703235368677072,1.8267938536284,0.45178214266701,7.97866022674932,4.83761687449652,1.88441452464492,84,1,26.4696871395617,0,0,0,0,0,176,0,0,0,0,0,0,86,13.7677053824363,0,"death",8.2027397260274
"1317","pa3816",0,0,-0.23188703506498,53,0.504777070063694,5.98027028186676,0.051489888102567,0.727582604210748,9.78449549123754,0.758684459304156,0.680639323336048,0.818400416078643,0.446932743251041,4.93968657834454,4.79254153640971,5.35983395349013,85,1,25.9944088811612,0,0,0,0,0,117.142857142857,0,0,0,0,0,0,83,6.62576687116564,0,"death",6.28767123287671
"1318","pa3823",0,0,-0.625147653021421,109,1.43406593406593,9.15977195913368,0.0551677334441318,0.847924457545775,14.20971616812,0.865980267405951,0.801654053129293,1.39318254465251,0.531754498239866,10.4433968185326,5.93770401570518,4.92026558176428,77,1,26.8451347875488,0,1,0,1,0,67.1428571428571,1,1,0,0,0,0,91,25.0526315789474,1,"death",10.1616438356164
"1319","pa3828",0,1,-0.15863376093868,198.5,1.90652173913043,6.28775549705481,0.0397436571334233,1.06859631254516,10.2246192150007,1.1001340732378,1.00664922469265,0.950785534902272,0.329146705378066,10.4118704436428,4.37573099176387,4.36750212325279,79,1,24.0127041634847,0,1,0,1,0,145.5,0,0,0,0,0,0,91,7.92746113989637,0,"dementia",11.1479452054795
"1320","pa3829",0,0,0.138825535777841,183,2.1555023923445,9.26357969714966,0.0507723549083066,0.540125245001705,11.0893740684005,0.551216822197934,0.505330949959718,1.01702785344912,0.711537061980792,11.9568991348683,3.84404841804235,4.29549176573079,70,1,23.1677433726888,0,1,0,1,0,206.107142857143,0,1,0,0,0,0,86,7.16417910447761,NA,"censor",11.2164383561644
"1321","pa3830",0,0,-0.274710275268821,163,1.62596899224806,3.30166723637637,0.0462372795980127,0.834847604709305,13.858604728432,0.861368339720953,0.774815318299363,1.60095815819578,0.595767039042656,11.7195122357011,7.76104694798965,4.451861921566,78,1,21.0875641308451,0,1,0,1,0,77.8571428571429,0,0,0,0,0,0,86,18.135593220339,0,"death",3.48493150684931
"1322","pa3833",0,0,-0.0811729846032804,128.5,1.981220657277,4.76274352743238,0.0732930338362295,0.839726976576771,11.738638520638,0.915200279119972,0.788753020827472,1.76923137545122,1.15630283688951,10.2269970259627,6.42122939404311,5.29743547515292,75,1,29.3841418312294,0,0,0,0,1,121.642857142857,0,0,0,0,0,0,98,0.31413612565445,0,"censor",10.3150684931507
"1323","pa3834",0,0,0.0701728586904593,153,2.16107382550336,4.84583231184986,0.0544523674684371,1.14870778181718,10.7780695398695,1.21321268858329,1.05898024408443,1.38991767729633,0.531239054037389,13.4515433891465,6.85512168518193,6.73755852152913,71,1,22.0959460120299,0,1,0,1,1,59.3214285714286,1,1,0,0,0,0,97,7.89915966386555,0,"censor",11.2931506849315
"1324","pa3836",0,0,-0.228311764514081,172,2.03061224489796,4.69157297439602,0.0388007827418066,0.760093950576875,9.18488269787489,0.781431472069805,0.718789884786755,1.0343159234605,0.421233654264301,13.2180897470869,6.85341699076466,6.46420404418178,82,1,26.3201341409124,0,1,0,1,0,37,0,0,0,0,0,0,93,30.3680981595092,0,"censor",3.52876712328767
"1325","pa3837",0,0,0.247228485937789,93,1.6460396039604,2.68552234958443,0.0590981861832467,0.591974431473516,13.2593550923277,0.615854767660583,0.555512068167344,1.07711650087485,0.54478308083251,10.0313047171537,2.66106538339721,1.97699719478252,88,1,22.1794475733308,0,0,0,0,1,179.571428571429,0,1,0,0,0,0,84,4.61538461538461,1,"death",3.31780821917808
"1326","pa3842",0,0,0.38052974148144,99.5,0.987854251012146,4.44943137037427,0.0439895842617716,1.04324174691223,12.9539302285358,1.11215337091485,0.957118688937288,1.66886788208959,0.640059367047011,7.10200116811848,4.62398182311354,3.48878528676468,68,1,24.8493311112112,0,0,0,0,0,161.642857142857,0,1,0,0,0,0,95,1.64009111617312,0,"censor",10.8465753424658
"1327","pa3844",0,0,-0.41128606760762,126,1.10602409638554,5.70744787029852,0.0360329217991381,1.12549838884457,17.7571544855606,1.24200485627054,1.02186704715237,3.00638977490081,0.924291744383571,10.3633063063218,6.46472997380212,2.87403417793974,69,1,28.9424167152625,0,1,0,1,0,215.607142857143,0,0,1,0,0,0,96,6.4819944598338,0,"censor",11.0931506849315
"1328","pa3846",0,0,0.0333807277761096,279,2.63614457831325,4.6677563306425,0.108166383138352,1.18470671167439,11.7973153086503,1.24005426027981,1.10392095494495,2.06288205890919,0.693441806452918,15.9158572971426,7.48830012614893,5.20369389836528,73,1,28.8283155106512,0,1,0,1,0,47.1785714285714,1,1,0,0,0,0,92,1.20300751879699,1,"censor",11.1808219178082
"1329","pa3848",0,0,-0.4448302836202,136.5,1.27311827956989,7.49710760288605,0.0635036219272334,0.526357108329266,11.9953274955358,0.54469997282018,0.502038084165092,0.716862037581078,0.2972332888434,7.37618856823975,4.46753506329689,2.86580391554118,87,1,24.3031095778903,0,0,0,0,0,118.214285714286,0,1,0,0,0,0,94,1.89591078066915,0,"death",8.18904109589041
"1330","pa3850",0,1,-0.765461284569869,152.5,2.38643067846608,4.59954334917129,0.0621693762942614,1.23954806761797,12.826488372203,1.29695850126176,1.15171420928441,1.41279034290338,0.635308437573064,10.8105140956113,7.26014339774409,6.13328125802989,84,1,25.7145384806573,0,0,0,0,0,163.857142857143,0,0,0,0,0,0,92,20.6896551724138,NA,"dementia",5.59452054794521
"1331","pa3851",0,1,1.00076986379408,91,2.64851485148515,2.86781186554549,0.0446734318692458,0.555366416675554,7.053423595748,0.57362808098645,0.522186102271544,0.747769559987358,0.588075976003559,14.9407162888677,5.45323743631618,6.60934982287313,69,1,24.9097633835738,1,0,0,1,0,127.75,0,0,0,0,0,0,93,7.53926701570681,2,"dementia",1.43013698630137
"1332","pa3852",0,1,-0.33806943948251,187.5,1.77996070726916,4.08943026752563,0.0595050203780309,0.998860854703284,19.8767967443997,1.05472905806347,0.923049778020604,3.79316536134219,1.51368370234447,10.8449244063924,6.48555496216581,6.8091966276943,70,1,26.1894899447084,0,1,0,1,1,76.4642857142857,0,1,0,0,0,0,96,0.726392251815981,0,"dementia",3.78630136986301
"1333","pa3854",0,0,-0.211456062252191,171,1.64930555555556,6.51997267393647,0.0503749757453355,0.749170444965525,12.5868800721024,0.792749366828451,0.66986386348327,1.73189762862519,0.478845078178609,11.5860504451695,6.65058669541625,4.0124764091728,74,1,22.3608080240138,0,1,0,1,0,168.964285714286,0,0,0,0,0,0,95,2.06422018348624,0,"censor",11.0547945205479
"1334","pa3856",0,0,0.113006912453579,133.5,2.34883720930233,4.09725179230633,0.055124033057578,1.00958641028068,8.45418337849386,1.07987611648152,0.885925249096892,1.01849966186488,0.724202153292778,16.0969075058307,4.0509270268779,3.51273765937816,84,1,27.4600349422646,0,0,0,0,0,143.214285714286,0,0,1,0,0,0,91,0,NA,"death",11.2356164383562
"1335","pa3860",0,0,0.21327948921991,112.5,1.14836223506744,5.51987909272732,0.0414791727926642,0.898503757632027,14.7951422381656,0.917128192883358,0.850694237391377,1.8009655647144,0.362147574596524,7.10102569960507,4.326109927986,7.41356364416065,71,1,26.0741144535422,0,1,0,1,0,17,1,0,0,0,0,0,87,0.319148936170213,0,"death",2.4958904109589
"1336","pa3861",0,0,0.1236345966166,85.5,0.963218390804598,5.28364782078101,0.0501851365586451,0.558241884379397,14.6993118868971,0.568878604955963,0.532084909405719,1.64282009211367,0.545747742940342,10.8101858914581,4.26524869096313,4.43759270496882,79,1,26.4597963298155,0,0,0,0,1,55,0,1,0,0,0,0,94,4.39490445859873,1,"censor",10.7945205479452
"1337","pa3862",0,1,-0.36074323538116,91.5,0.901918976545842,5.0228286659956,0.0329374697397924,0.896517437491425,16.2211521371826,0.967748480585408,0.821470224366208,1.901547403972,0.783252181421287,10.9607087469247,8.25826158360746,6.19696399899418,70,1,22.5355417687324,0,1,0,1,0,200.285714285714,0,1,0,0,0,0,80,1.43617021276596,1,"dementia",1.32328767123288
"1338","pa3863",0,1,0.50931075410748,172,1.37947882736156,4.15880834522811,0.0996397478723612,0.656726926259371,12.3038513487626,0.688226344070022,0.616956054080061,1.25533213314011,0.48668289827905,10.5752811286259,5.47916013961289,5.01853008524332,75,1,26.5504408272466,0,1,0,1,0,221.392857142857,0,0,0,0,0,0,98,3.03157894736842,0,"dementia",1.3041095890411
"1339","pa3864",0,0,0.13600404389197,94.5,1.98671096345515,3.67387134095389,0.0399741351695782,0.936326148079087,16.7748634060074,0.970889441390208,0.898028735035222,1.76739549241799,0.43253125238588,13.1819647956459,5.38439143776522,4.94726959217096,73,1,22.7995707452874,0,1,0,1,0,160.321428571429,0,0,0,0,0,0,95,27.9820627802691,NA,"censor",10.9232876712329
"1340","pa3866",0,0,-0.79766728687633,142,1.44025157232704,4.65658903638845,0.0578612051100844,0.760955517139968,12.4008488763247,0.797235459038978,0.718118344958717,2.08699368507055,0.590723797005255,10.362292288926,7.85092867613143,8.03006691622798,89,1,24.9136246460925,0,0,0,0,0,141,0,0,0,0,0,0,96,13.8317757009346,0,"censor",10.3041095890411
"1341","pa3867",0,0,-0.148836670211379,95,1.30870712401055,5.6294777837913,0.0719745568123716,0.637320733542255,13.4117902005056,0.658209541191828,0.592512389102519,0.9257986475653,0.858153239776797,8.46016704952569,2.93934313339885,2.19553378714912,87,1,26.1768037417871,0,0,0,0,0,85,0,0,0,0,0,0,93,42,0,"death",3.29041095890411
"1342","pa3869",0,0,-0.36889544619641,102,1.67353951890034,5.40061900118353,0.0626285709338059,0.897483520768837,11.0717292167661,0.936189163498399,0.805478667913868,1.2116279272413,0.496359349527073,8.62105168904738,5.02287374277016,4.64261386765588,86,1,21.3703650621404,0,0,0,0,0,199.214285714286,0,0,0,0,0,0,91,0,1,"death",8.63561643835616
"1343","pa3870",0,1,0.0904741224907894,183.5,1.87290969899666,4.36495171551222,0.061254260119158,0.637084085611043,11.1744121702429,0.658682476533392,0.595817306414292,0.949426662380543,0.623418784361629,9.1108272086162,3.65662678183074,4.36861491562822,84,1,25.52875205208,0,0,0,0,1,5,0,1,0,0,1,0,93,19.8044009779951,0,"dementia",1.11780821917808
"1344","pa3871",0,0,0.02160657971787,149.5,2.16588785046729,4.06363123071548,0.0728650416706879,NA,12.7040146207102,NA,NA,1.42694398847262,NA,16.0946001905903,5.87735225879727,NA,77,1,29.0833807773925,0,0,0,0,0,68.0714285714286,0,1,0,0,0,0,93,0.659340659340659,0,"censor",11.1232876712329
"1345","pa3878",0,1,-0.6056567676737,159.5,2.16751269035533,6.88828091497636,0.0649140209664811,0.746518501990424,12.1140317519254,0.800871274597737,0.689004512447864,2.96549077091777,0.566338291620864,19.9719669883564,6.49908960099908,1.59997945739981,87,1,25.3491979491916,0,0,0,0,0,114.214285714286,0,0,0,0,0,0,93,14.1269841269841,0,"dementia",10.4465753424658
"1347","pa3881",0,0,-0.37769671814447,208.5,2.66244725738397,3.80135190767861,0.0435008005460683,0.930374404014669,11.2029244829119,0.96810379091426,0.870206675175507,1.40284196654903,0.675516811484355,12.2086062536197,5.87298789174384,5.06965920593013,84,1,23.5502705757873,0,1,0,1,0,270.714285714286,0,0,0,0,0,0,92,4.02985074626866,0,"censor",11.4904109589041
"1348","pa3882",0,0,-0.17465603025136,132,1.807962529274,6.26443357766932,0.0700911034215086,0.882893129557024,16.9803134967552,0.903502887465385,0.828279752951826,1.45825819614804,0.536194455336643,8.38248402154025,5.42798277922661,5.48184600124991,73,1,24.0116777658822,0,1,0,1,1,179.214285714286,0,1,0,0,0,0,97,3.20474777448071,0,"death",1.49041095890411
"1349","pa3883",0,1,-0.26386928503936,200.5,1.65398550724638,4.23430439792412,0.042639600793263,1.14457391618327,16.2319200868195,1.18215518917626,1.05961131706559,2.12509496855799,0.624429478978244,10.2318568704088,7.31202121945202,5.15688993209665,70,1,22.643342789929,0,1,0,1,0,114.571428571429,0,0,0,1,0,0,88,14.2857142857143,0,"dementia",6.36712328767123
"1350","pa3885",0,0,0.48599821865767,143.5,2.19948849104859,4.08313515658739,0.100077343280992,0.731519645127363,15.5617738107384,0.792313115930401,0.710310447718813,2.05805056070612,1.13475040581673,12.236925031916,5.27041611291862,4.87998313669652,69,1,23.7562735567209,0,1,0,1,0,106.428571428571,0,0,0,0,0,0,90,15.1685393258427,1,"censor",10.6849315068493
"1351","pa3886",0,0,0.0925346943338596,133,0.894480519480519,4.95229444189227,0.0687984642080777,0.787155264975357,18.1998741317307,0.822090111914189,0.72853880682955,2.90456295410654,0.930960029216716,9.07284171774527,5.32181145496536,2.82401293624144,70,1,23.6413450349235,0,0,0,0,0,195.214285714286,0,0,0,0,0,0,95,1.7687074829932,1,"censor",10.8849315068493
"1352","pa3889",0,0,-0.0462702675631803,107,0.595879556259905,5.96053525085196,0.0679895398082119,1.07283601786837,14.6886126853565,1.10067620527581,0.963399803410458,1.74021824627606,0.189677211556642,5.81768770614713,4.04502731392878,4.52608732544138,78,1,22.9404415325112,0,1,0,1,0,162.964285714286,1,1,0,0,1,0,84,16.0663507109005,1,"censor",5.73698630136986
"1353","pa3892",0,0,-0.278839928339011,151,1.9520697167756,5.90071361576834,0.0466696097034409,0.708105657606691,9.63670918327975,0.739595013205932,0.644394181651342,1.10309035651975,0.501503118258922,9.74581331599797,5.94924489001764,4.74334653886753,81,1,24.3280140811256,0,1,0,1,0,127.071428571429,0,0,0,0,0,0,94,8.09638554216867,0,"censor",11.4657534246575
"1354","pa3893",0,0,-0.214139210005921,174,2.39691714836224,4.30142683713482,0.0456882122225092,1.1311300276876,18.668952279366,1.17446192992254,1.06856749656606,2.7424429862603,0.653945052246921,11.8254658462951,6.20511617071831,5.7105763024335,70,1,25.0647316174382,0,0,0,0,0,174.214285714286,0,1,0,0,0,0,93,3.8150289017341,1,"censor",10.5890410958904
"1355","pa3899",0,0,0.68462780631765,150.5,2.09532710280374,4.35063575819065,0.110523526837772,0.988384901494273,12.6853595530349,1.03318675897454,0.938710323233757,1.41566278277581,0.632746111410377,12.0839779458867,4.09753825494627,4.80465382288319,72,1,32.2130920319136,0,1,0,1,0,44.2857142857143,0,0,0,0,0,0,93,3.57798165137615,0,"censor",10.7342465753425
"1357","pa3902",0,1,-0.25734017801976,108,1.83040935672515,4.1059829986978,0.0380930152797003,1.95844717548642,9.32274750199892,2.03039004623256,1.6989634060332,0.947564556269381,0.388663407215877,8.89829638401755,5.23514949894122,10.9239474832665,76,1,26.4947519846556,0,0,0,0,0,86,0,1,0,0,0,0,94,3.59154929577465,0,"dementia",6.38630136986301
"1358","pa3904",0,1,-0.38867363661808,93.5,1.44210526315789,4.91455496641673,0.0479149654205517,1.20740196774403,14.000044631833,1.24539946969885,1.14655916922731,1.7640422753106,0.676708550993734,15.0527828600232,6.40953818377631,5.01136001007335,80,1,26.6540192212855,0,1,0,1,0,159.107142857143,0,1,0,0,0,0,98,7.52,0,"dementia",1.47945205479452
"1359","pa3905",0,1,-0.711513615195349,261.5,3.21777777777778,6.13079479612238,0.0385218418572395,1.26706074650555,23.9908321741724,1.33374289644404,1.20062893381026,3.0871823374384,0.561071507944823,15.6501397318154,4.74182611005195,3.2063315999159,73,1,23.2282321110044,0,0,0,0,1,135.464285714286,0,1,0,0,0,0,93,2.01550387596899,0,"dementia",1.41369863013699
"1360","pa3907",0,1,0.356591122265451,125.5,1.53047404063205,4.87957256258446,0.0712694687884683,0.941232143437952,8.76759198817811,1.00177032069055,0.860997764305493,1.23033609349312,0.881793132396721,11.6465387478255,4.84799398074229,4.72412465854935,75,1,40.4690113658576,0,0,1,1,0,323.785714285714,0,1,0,0,0,0,95,14.0869565217391,0,"dementia",11.0383561643836
"1361","pa3909",0,0,-0.56999849581092,95.5,1.10068649885584,9.26038870714448,0.063428339717125,0.850895749204313,15.4950144638788,0.891168735833403,0.782582557684009,3.10828473612818,1.17085898804083,13.7483041235827,7.28464795703985,4.81050118384881,70,1,25.7559572944703,0,1,0,1,0,193.785714285714,0,1,0,0,0,0,94,34.9848942598187,0,"censor",10.6383561643836
"1362","pa3910",0,0,-0.89014029673239,107,1.05578512396694,4.14441033573637,0.0410303821983434,1.58254084307069,19.2068273224969,1.63722420697135,1.45098310214022,1.99804601434907,1.99528469821712,7.0192920734493,5.90028442829891,5.66116032246065,75,1,24.479351025205,0,0,0,0,0,73.2142857142857,0,0,0,0,0,0,98,5.91780821917808,0,"death",10.2191780821918
"1363","pa3911",0,0,-0.4847850612578,134.5,2.17270194986072,5.57865810648509,0.0455798333595039,1.27292447853233,10.0415291814124,1.37193506434284,1.2125241164665,1.40810940132528,0.550561622172566,11.6280130167816,8.30043398515011,5.64697157252111,74,1,25.232736720214,0,0,0,0,0,219.857142857143,0,0,0,0,0,0,99,1.75182481751825,0,"censor",10.5506849315068
"1364","pa3912",0,0,-0.81869185290174,104,1.33611691022965,4.66587933904431,0.066570595061241,1.53358951971313,15.2108040198724,1.66426496731643,1.4516636109318,2.06650922996241,0.700929237248099,11.5326709982636,7.79783802821952,6.84423447379452,81,1,26.6049382716049,0,0,0,0,0,345.714285714286,0,1,0,0,0,0,91,19.1666666666667,0,"death",8.7972602739726
"1365","pa3913",0,1,-0.62013580968167,162,1.65987780040733,7.73679874640568,0.0684254501510059,0.90679254901981,17.1507517695976,0.986163096743474,0.803730683935158,2.16295588254265,1.01553030834571,12.3184020530451,4.43261390147524,3.05502872706598,80,1,30.6239875054131,0,0,0,0,0,260.5,0,1,1,0,0,0,93,19.7214484679666,0,"dementia",1.03013698630137
"1366","pa3917",0,1,-0.383586018530811,116.5,1.01508620689655,4.93073499442032,0.0712042019428392,1.01968839221172,11.6288343568589,1.09218718726312,0.93176436284087,1.8346171948377,0.964728546861946,8.2909191091736,2.91064032197986,4.70004557165875,92,1,22.2679730544192,0,0,0,0,0,34.9285714285714,0,0,1,0,0,0,91,11.7469879518072,0,"dementia",1.33150684931507
"1367","pa3918",0,0,0.64043938472806,41,0.929936305732484,3.87403895059081,0.103943147132182,0.647871579163255,9.85782099300704,0.677059076894424,0.602461193093417,1.03987304116872,1.10128709404253,12.27172765803,4.5410647208047,5.35347819198975,79,1,23.129286518961,0,0,0,0,0,58.2142857142857,1,1,0,0,0,0,97,8.24034334763948,1,"death",9.86575342465753
"1368","pa3919",0,0,0.14189106170172,137.5,2.23640661938534,5.30058048665445,0.076983329954337,1.13562884649993,10.6619994082926,1.16702289868149,1.06245503053729,1.2912378503406,0.246786759458108,11.6289791828412,4.07196938735263,4.92927304532472,80,1,24.9983314582102,0,0,0,0,0,226.642857142857,0,1,0,0,0,0,89,15,1,"censor",11.2164383561644
"1370","pa3922",0,0,-0.76957903961694,75,0.628158844765343,7.29706686808177,0.0727584894392176,1.0444053911315,20.0027157505554,1.08814485924318,0.953178589963381,2.6205629077526,1.75615629890564,9.53399387700183,5.50210519602468,5.40076758868874,76,1,26.4521723441507,0,0,0,0,0,239.821428571429,1,1,0,0,0,0,84,5.54502369668246,0,"death",4.27671232876712
"1371","pa3923",0,0,-0.759770244371479,168.5,1.70227272727273,8.34301172882586,0.0476558602313194,1.29929075275822,12.3622794485507,1.34083636938007,1.21430810772306,1.64641352448976,0.651971802635749,10.3889251945969,5.53783481491987,6.89344983599194,79,1,25.1439911749139,0,0,0,0,0,536.357142857143,0,1,0,0,0,0,94,35.8959537572254,1,"death",3.29315068493151
"1372","pa3924",0,0,-0.78648985774599,211.5,1.95564516129032,6.11866313554125,0.0628160575560417,1.07107402824138,22.2488260861021,1.14246906579709,0.973848456975715,4.39426531716245,0.892917262843032,18.0282375802451,6.57708236789507,3.67811888178273,77,1,26.7113398050493,0,1,0,1,0,68.6071428571429,0,1,1,0,0,0,80,30.5210918114144,0,"censor",10.5616438356164
"1373","pa3928",0,0,0.456947059026039,67.5,0.660682226211849,4.21945130950399,0.0397832331047684,0.950967451080227,14.1633186990614,0.976300025304559,0.895463428192901,1.44546820980804,0.314267022007998,9.71976653879545,3.84743656937621,3.35681808969828,73,1,27.53074700011,0,0,0,0,1,280.214285714286,1,1,1,0,0,0,88,2.11618257261411,1,"death",7.35616438356164
"1374","pa3930",0,1,0.26176353679395,123.5,1.314453125,4.75560719951892,0.0759216422377254,0.69771952972287,16.029734608222,0.77832309825685,0.645818782268767,2.10771850777209,0.761781680117011,11.8782825636686,4.38206394079949,4.05851646661191,75,1,25.8435440159551,0,0,0,0,0,156.964285714286,0,1,0,0,0,0,95,0.48,1,"dementia",1.23835616438356
"1375","pa3933",0,0,-1.096544597814,160.5,0.706502636203866,7.16584204434233,0.0679995520529693,0.800287584698118,18.8719081536427,0.966936410789113,0.670146503284125,3.05091955989676,1.34570097127213,11.5811358977096,8.55653491743668,5.10514005521242,77,1,26.0032034971119,0,0,0,0,0,153.142857142857,0,1,0,1,1,0,98,13.5108958837772,0,"death",10.5068493150685
"1376","pa3935",0,0,0.55186848773776,122,1.73645320197044,3.44786701769746,0.0985116936333465,0.816666367682454,7.03564266764796,0.913433769702937,0.776799231871944,0.683182952527723,0.576242172532761,13.811638180446,5.96407718801945,5.60275294148325,79,1,33.2435631206488,0,0,1,1,0,201.75,0,1,0,0,0,0,93,3.69230769230769,1,"death",11.9041095890411
"1377","pa3937",0,0,0.50494478158284,113.5,1.64583333333333,3.96136110464109,0.0657591278904085,0.895140276659726,13.8887642213226,0.943070071823328,0.840217201155578,1.13774482424038,1.08185816642898,15.5106090468419,4.60517109571679,3.76519789977175,71,1,26.355777893,0,0,0,0,0,179.571428571429,0,1,0,0,0,0,98,4.63768115942029,0,"censor",11.1945205479452
"1378","pa3939",0,1,-0.17527453154833,78.5,1.50541516245487,4.69661344275189,0.0354565322050718,0.750312405471752,17.2455889485413,0.817125219024279,0.721559122375616,1.67886349813207,0.691130851625903,16.8819585607013,7.03078877317547,4.59318847428519,74,1,22.1633073466617,0,0,1,1,0,283.714285714286,0,0,0,0,0,0,92,3.70656370656371,NA,"dementia",1.60547945205479
"1379","pa3940",0,0,0.309643550905859,82,1.16363636363636,5.79293015305116,0.0742556405358824,0.732142877244986,11.6613203432022,0.765186990427225,0.692572000097782,1.4691780648714,0.578432728591098,10.4632544432135,4.45598362037044,3.15489830758295,76,1,20.668727705113,0,0,0,0,0,221.928571428571,1,0,0,0,0,0,99,0.188679245283019,0,"censor",10.8438356164384
"1380","pa3942",0,0,0.5935457610962,169.5,1.52321981424149,4.43754947356521,0.0892383602856991,0.700257368317434,13.4127579586275,0.728830225379919,0.647430655100221,1.20923793754989,0.593136745207336,11.3396004435088,3.04527113328392,3.59062594772384,77,1,27.3179639608551,0,0,0,0,0,305.857142857143,0,0,0,0,0,0,90,28.2926829268293,0,"death",10.8849315068493
"1381","pa3943",0,1,-0.40513604470797,176,2.07269155206287,6.6491204999855,0.126947877841783,0.86330000720873,10.9788504253089,0.95170314690341,0.811580821293207,1.39565090553285,0.865472633848494,12.0061045678716,9.70880929852021,2.59375763970642,74,1,32.3565536905238,0,0,0,0,0,161.714285714286,0,0,1,0,0,1,97,8.01007556675063,1,"dementia",5.55342465753425
"1382","pa3944",0,0,-0.175218314197009,176.5,1.62271062271062,3.44961060634482,0.0687320359051472,0.733972412075311,13.1552714112828,0.773527405264,0.688018525169656,2.24045904410065,1.62690732020219,9.4761183842564,6.91490029594719,6.28472726279599,76,1,24.2779749175293,0,0,0,0,0,328.857142857143,0,0,0,0,0,0,94,21.44,2,"censor",11.4301369863014
"1383","pa3945",0,1,0.607770045333061,148.5,1.42512908777969,4.74277862955798,0.182985283219901,0.636522572820569,11.2823625635128,0.691623652986249,0.600666776475647,1.28699690538401,0.606414025834098,9.96284579385686,4.48776504960279,3.03267194253494,83,1,22.9702154962771,1,0,0,1,0,190.214285714286,0,0,0,0,0,0,91,13.943661971831,1,"dementia",6.62465753424657
"1384","pa3951",0,0,0.87243179722567,60.5,0.714876033057851,3.90888774406281,0.079443975097871,0.547782583420515,10.9282427557896,0.571928433665366,0.52783789603008,1.11173362917621,0.993085570607779,8.83092469331605,2.60810851427106,4.24763951555825,76,1,31.6458079169995,0,0,0,0,0,81.4285714285714,0,0,0,0,0,0,93,30.6194690265487,0,"censor",6.43013698630137
"1385","pa3952",0,1,-1.00601902216653,208,1.82692307692308,5.89536838799015,0.0447639226662769,1.44919631312198,17.4924657967901,1.56265746639908,1.36095199784085,1.89925314317091,2.46213923028886,10.7484211736672,5.89727541610849,3.54513438986385,73,1,27.775602370324,0,0,0,0,0,222.071428571429,0,0,0,0,0,1,93,0.258620689655172,0,"dementia",3.6986301369863
"1387","pa3958",0,1,0.40949782047191,73.5,1.10045662100457,5.44697695359573,0.0754708445570945,0.89463683835745,9.53257495839856,0.923867305853145,0.853458654592169,1.15275095671097,0.343306667744272,11.8149884641487,4.8663546499879,6.04432444007718,77,1,25.521025696403,1,0,0,1,0,142.964285714286,0,1,0,0,0,0,82,12.3913043478261,1,"dementia",1.51232876712329
"1388","pa3963",0,1,-1.1600469838794,243,2.52433628318584,7.58643975826532,0.0340719342100571,0.826384051449988,12.4486212307068,0.894902501626654,0.766466853583236,1.98376399629261,0.796517795793776,16.891437043781,10.0199830032405,10.505180864226,79,0,19.4569345949971,1,0,0,1,0,225.714285714286,0,0,1,0,0,1,90,10.326409495549,0,"dementia",11.1013698630137
"1389","pa3964",0,0,-0.0771105528371507,151,1.64321608040201,4.73522717213096,0.0371229722993582,0.871911987308274,14.6483450037603,0.898185741561132,0.826247603963113,1.64448141886439,0.576354096790954,10.7029765873546,5.75070619463146,4.67038139687556,74,1,21.3786447186809,0,0,0,0,0,95.75,0,0,0,0,0,0,97,2.58461538461538,0,"censor",9.97260273972603
"1390","pa3965",0,1,0.309903599366091,158.5,1.58,4.02629994026171,0.0378547619015903,0.717720939163315,11.4455408789343,0.757004041270581,0.654858234677553,1.38690751493984,0.438744592845705,9.81589511796647,3.71239161307427,2.23692561009858,78,1,26.439173686981,0,0,0,0,0,134.571428571429,0,0,1,0,0,0,100,0.485175202156334,1,"dementia",1.3041095890411
"1391","pa3967",0,1,-0.177246657475889,37,0.803571428571429,4.59746732942217,0.0389093641859481,1.55211425947197,11.305876419978,1.61136491246253,1.40021421796127,1.52354022871392,0.808367692410463,6.5953227248483,6.08585645921477,5.89878328057741,72,1,23.225263280133,0,0,0,0,0,92.1428571428571,0,1,0,0,0,0,83,1.31386861313869,0,"dementia",1.41369863013699
"1392","pa3968",0,0,0.22349273827371,89.5,1.06136363636364,5.36582864744448,0.068955379356215,0.784243471496861,12.852518643044,0.828220389802913,0.750626018796823,1.44749611463899,0.799781376070545,8.11828853702311,5.25062251085845,2.88370516858766,72,1,34.2294393678612,0,0,0,0,0,115,0,0,0,0,0,0,99,28.75,0,"censor",11.1753424657534
"1393","pa3970",0,0,-0.78779787349084,71.5,1.37433155080214,6.38805340310056,0.0398442074301955,0.996968361330327,16.4405114662996,1.13569363459105,0.9010596488325,1.63696390484783,1.36007083313203,7.43013326453305,4.49343831999636,5.91893200835786,81,1,25.3631705225742,0,0,0,0,0,256,1,1,0,0,0,0,80,14.2105263157895,0,"death",5.12054794520548
"1394","pa3972",0,1,-0.548963014523289,57.5,0.548596112311015,4.79492571333358,0.0329717880191598,0.880444705407403,14.071874497992,0.910049383036844,0.814263939790062,1.96583500258518,0.764768565051664,7.42572489122722,4.44167245663653,3.63828780990816,88,1,22.7620149321186,0,0,0,0,0,56.7857142857143,0,1,0,0,0,0,95,0.151515151515151,0,"dementia",11.3068493150685
"1395","pa3973",0,0,0.77706689477326,108.5,1.59391771019678,4.58280225068614,0.177399070230839,0.896159347424969,8.88810478163827,0.962615406981945,0.814746556945817,1.10958801545786,0.449851774846141,13.924917098906,6.72495059631967,2.48238527313741,75,1,25.8022877803936,0,0,0,0,0,216.357142857143,0,1,1,0,0,0,93,7.58314855875831,0,"death",4.11232876712329
"1397","pa3975",0,0,-0.10330419686279,142,1.36266666666667,3.92641255973646,0.0559538470351715,1.16650082005812,16.485484431285,1.2439999697538,1.07772102307654,2.72298594928962,1.06409127560686,9.57104361313389,6.2211752950574,5.34515010063444,70,1,25.8947775824985,0,0,0,0,0,253.928571428571,0,1,0,0,0,0,91,5.57620817843866,0,"censor",10.5917808219178
"1398","pa3977",0,0,-0.80728310457973,139,1.63376623376623,6.97435634310717,0.0213006851604478,1.35364430978208,13.3094301415954,1.37621751646676,1.27696961253011,1.78737482883656,0.615173106667465,10.3176106960665,6.03865537681144,2.71634711217095,78,1,27.147410515963,0,0,0,0,0,298.214285714286,0,1,0,0,0,0,93,19.8805970149254,0,"censor",10.9342465753425
"1399","pa3979",0,1,0.33333861336986,64,0.69010989010989,6.20372464522833,0.0407372528346654,0.752748580999272,11.6454903681633,0.77395489864978,0.713703385663032,1.04619214279822,0.20485203606602,6.46736248065022,2.61845759405307,1.68658421490699,77,1,26.9972451790634,0,0,0,0,0,249.321428571429,0,1,0,0,0,1,94,2.51748251748252,0,"dementia",1.2
"1400","pa3981",0,0,-0.61966617934204,169,1.30651340996169,5.98264225501769,0.0352116400300182,1.11293250297091,15.5195719181576,1.15042701232005,1.01593353287568,2.2532572508776,0.758682351722025,10.1039524392229,8.41821565281752,5.81031487256573,70,0,24.2804918120736,1,0,0,1,0,123.214285714286,1,0,0,0,0,0,90,25.6716417910448,1,"death",11.2109589041096
"1402","pa3983",0,1,-0.481142670402301,86.5,1.55592105263158,4.5049036907041,0.0231217614150117,1.03795903462037,13.0966988300018,1.05600010270291,0.972347969512437,2.09042276518259,0.417031866940036,10.5434260311165,7.16808917752421,5.21524814676336,79,1,22.4326357131035,0,0,0,0,0,239.428571428571,0,0,0,0,0,0,94,4.98461538461538,0,"dementia",1.22191780821918
"1403","pa3985",0,0,-0.20996401456871,131,1.3,6.21516740997682,0.0766199049473015,0.913546630324284,18.3386976392568,0.98300776709368,0.837038396504312,1.89228949818488,1.45987346159974,11.0197386435285,4.86841971258726,3.82336263453444,72,1,27.5762129439279,0,0,0,0,0,179.821428571429,0,1,0,0,0,0,92,37.6580796252927,2,"death",2.20547945205479
"1404","pa3988",0,0,-0.30857623422019,176.5,1.72177419354839,4.66492259206874,0.0699698913843818,0.997003606577662,16.1814683969535,1.04724054646512,0.935943724438555,2.33227748064189,1.03830229441737,10.4170581707423,6.39807501535666,4.83659893640431,75,1,24.9615644875728,0,0,0,0,0,218.285714285714,0,0,0,0,0,0,96,4.37956204379562,0,"death",6.42191780821918
"1405","pa3991",0,1,-0.25048939069157,81.5,0.706365503080082,5.27571666407514,0.0774751925897665,0.807830580131268,14.6220723367505,0.833563917919508,0.748847371274809,2.32718276179109,1.6800581689629,6.36630852423562,7.05608123370174,7.26016821830021,72,1,28.9677300166811,0,0,1,1,0,121,0,1,1,0,0,0,96,4.01162790697674,0,"dementia",1.13698630136986
"1406","pa3993",0,0,-0.1690476427695,90.5,0.972067039106145,4.59649691258976,0.0279648600518691,0.799148973372704,15.8230561824089,0.828490238557378,0.744792131760373,2.03003235166828,1.1378036841086,6.76620607727082,6.41334337520644,7.29890779653254,70,1,23.6246272701469,0,0,1,1,0,185.214285714286,0,0,0,0,0,0,91,6.19647355163728,1,"censor",11.1616438356164
"1407","pa3994",0,0,-0.35977521383862,191.5,1.71134020618557,4.53567894898857,0.0718714813490735,1.15238642262444,19.1383832179401,1.20598216608743,1.04536591479751,2.51012997956919,1.05804176171638,9.9434153396778,5.65348370675077,4.72674098365002,74,1,28.3141283724374,0,0,0,0,0,168.75,0,0,0,0,0,0,95,23.8983050847458,0,"censor",10.6109589041096
"1408","pa3998",0,0,-0.12772013918993,53,0.898419864559819,4.75682498264287,0.0583310061649127,1.33743123285169,12.0710298072019,1.72811646941458,1.05552308022158,1.66660262034286,0.512006710463743,8.43222197895134,7.04936655353035,7.9997231447009,69,1,25.6055363321799,0,0,1,1,0,129.571428571429,0,0,0,0,0,0,98,0.991735537190083,0,"censor",11.2465753424658
"1409","pa3999",0,0,-0.431377849503841,55.5,0.523696682464455,5.45372727697338,0.0248596369505305,0.503957868383548,17.614383801683,0.521092856944823,0.489398561342442,2.31938924768819,2.43217974266308,10.6890317888139,6.21528993674414,7.65658197570838,72,1,25.3684807256236,0,0,1,1,1,195.714285714286,0,1,0,0,1,0,88,0.253164556962025,0,"death",11.3013698630137
"1410","pi4502",0,0,0.0564094663582097,91.5,1.25721784776903,2.79232779284649,0.0362500437395608,0.977756470913314,15.8752286013104,1.0031945670406,0.94537763652916,1.40540498272933,0.614160623028674,8.22456954997722,5.1406501969926,5.68131552855893,76,1,26.7317896682665,0,0,0,0,0,127.142857142857,1,1,1,0,0,1,94,12.279792746114,NA,"death",3.51506849315069
"1411","pi4503",0,0,0.16991829449594,125.5,1.36818181818182,4.88982822740195,0.0397796984875226,0.910813845040595,13.5494386577594,0.932714604894801,0.863783883449429,1.13243190325775,0.471707155030979,14.387398213743,4.99544074645977,4.0606294218064,75,0,25.5979473832697,0,0,0,0,0,79.2142857142857,0,0,0,0,0,0,92,21.5686274509804,1,"censor",10.3178082191781
"1412","pi4504",0,0,0.47763716288019,15,0.973684210526316,6.56342542540724,0.198393466604406,0.534709129559014,11.3563653846225,0.784274218066702,0.484689447249825,11.3989335634342,10.1777697810352,14.35697765738,6.82481614485313,5.07252426366348,78,1,28.9818795374278,0,0,0,0,0,255.071428571429,0,0,0,0,0,0,94,0.710059171597633,0,"death",6.78356164383562
"1413","pi4508",0,0,-0.29303754888853,80,0.615664845173042,3.95868940002339,0.037717387546467,1.67517218400627,13.62541453335,1.82304058627064,1.53132661042583,2.65487966482577,0.981869800821759,6.8381104120091,6.1891768821969,6.45719020466198,71,1,26.798830990612,0,0,0,0,0,243.75,0,1,1,0,0,0,98,45.1456310679612,NA,"death",7.13972602739726
"1414","pi4510",0,0,-0.75511886678815,102,1.31564986737401,4.58758737601342,0.0432071748875002,1.104755289996,18.5988948974685,1.14840510761846,1.02516696582035,2.31725809997318,1.70571607107021,9.97929857119978,6.35173117333746,5.08443418902744,77,1,30.221957986524,0,0,0,0,0,232.571428571429,0,0,1,0,0,0,91,13.3864541832669,0,"censor",10.1424657534247
"1415","pi4512",0,0,-0.24876509776939,55.5,0.825882352941177,5.0528547654438,0.0553418071654654,0.995063718578667,14.8542074633725,1.04590132387878,0.947098133201059,1.57162098890532,1.31652687853934,9.32518415067834,6.56370066082256,4.982279057312,73,1,31.7124835408076,0,0,0,0,0,232.214285714286,0,0,1,0,0,0,96,7.10059171597633,0,"death",8.43013698630137
"1416","pi4513",0,0,-1.14073470452589,226,2.65942028985507,5.8346405790327,0.0375597875480368,NA,14.7235824879593,NA,NA,2.52633784847808,NA,15.5417297516896,6.76620314605262,NA,85,0,26.9417662529558,0,0,0,0,0,230.178571428571,0,0,1,0,0,0,85,15.1034482758621,0,"death",2.36438356164384
"1417","pi4519",0,0,0.6349795408861,27.5,0.254658385093168,3.48630832805689,0.0622416147286138,0.926950859427665,13.090022877898,0.976643141765829,0.875120976210678,1.93457296059268,0.626528450012077,3.92151991712401,4.46415454005356,4.00316512224082,69,1,29.0652254749327,0,0,0,0,0,111.714285714286,0,1,0,0,0,0,94,8.52367688022284,0,"censor",11.4493150684932
"1418","pi4520",0,0,0.00928755332978994,111,2.42677824267782,4.66538247945977,0.0413608065798043,0.486446162164085,9.52117550310808,0.519101285911204,0.471879176545547,1.23012141136167,0.309444488673125,16.0202935700386,5.78535993817407,4.14167241787887,84,0,24.7329854000848,0,0,0,0,0,72.1428571428571,0,0,0,0,0,0,81,6.50943396226415,0,"censor",10.8739726027397
"1419","pi4521",0,0,0.97564273821688,61,1.11797752808989,2.54333933976589,0.0569203137386933,0.489257385408326,9.99335063352377,0.517909387723952,0.476016924086818,0.792669631521902,0.552030918167911,5.72080469413302,2.11978060708561,1.05596192338459,77,0,37.5621056278748,0,0,0,0,0,58.5714285714286,0,1,0,0,0,0,89,18.2608695652174,0,"censor",6.24657534246575
"1420","pi4522",0,0,-0.555045457226031,77.5,1.06265060240964,4.54776487955414,0.0465726830213715,0.585258721656145,18.8814054519091,0.622627492749245,0.539607258851279,1.90390462734269,0.677097072066651,8.24958240257677,5.2801169176624,4.05098353023254,85,0,25.7573238608824,0,0,0,0,0,111.285714285714,0,0,0,0,0,0,90,22.9280397022332,0,"death",5.06027397260274
"1421","pi4523",0,0,0.52677505800211,108.5,1.4847250509165,3.73036310852748,0.082596647612053,0.605369723286128,12.364429450135,0.638013934543566,0.570728960543014,1.15743222235607,0.839104289350395,14.5378202544035,3.94435768707882,3.97757614881128,80,1,27.2623538704431,0,0,0,0,0,126,0,0,1,0,1,0,84,11.0280373831776,0,"censor",11.9205479452055
"1422","pi4525",0,0,-0.78365388166184,154,1.6043956043956,4.59354241113794,0.0429642991497065,0.664708542266557,16.8148993915545,0.71395558160839,0.639140492425033,2.3793787625799,1.60167857858973,9.87490665273925,6.51734259242991,5.08922067710141,82,0,24.1360172106531,0,0,0,0,1,169.214285714286,0,0,0,0,0,0,91,11.4649681528662,0,"death",7.95068493150685
"1423","pi4528",0,0,-0.766734200691999,77.5,0.679790026246719,3.94498210551293,0.0288523693849028,1.00584567905481,19.4584023135522,1.03825201500935,0.956349176946878,2.34892888194059,0.655214342519354,5.09291460386226,5.188123227773,5.74119354894452,85,1,28.2514934529586,0,0,0,0,0,153.571428571429,0,1,0,0,0,0,92,13.6599423631124,0,"death",7.82191780821918
"1424","pi4530",0,1,0.19748526099859,49,1.06051873198847,4.10823766960846,0.0575178249761722,0.904668985745573,10.9742992227226,0.951051777662918,0.860544413903379,0.902592762152376,0.195077381656965,9.12419540249355,3.80482708847985,3.74368261427081,84,0,18.518481047492,0,0,0,0,0,184.428571428571,0,0,0,0,0,1,84,45.3781512605042,0,"dementia",0.693150684931507
"1426","pi4534",0,0,0.4482246740195,90.5,0.981424148606811,1.77126072970189,0.103919169649503,1.23747209636128,9.80246297951602,1.36022139738918,1.10458788464357,3.35725192476799,1.1530677413863,6.75053364236931,3.23515154426481,1.28939069160288,82,1,29.8327988131053,0,0,0,0,0,201.714285714286,0,0,0,0,0,0,98,8.13793103448276,0,"death",6.83835616438356
"1427","pi4536",0,0,-0.73421436329411,149.5,0.737313432835821,4.12548461962208,0.0261309335794984,NA,13.8580198165118,NA,NA,2.6044509972226,NA,8.30028275403031,8.90399262652104,NA,74,1,29.6379747535014,0,0,0,0,0,99.5,0,0,0,0,0,0,95,3.09278350515464,0,"death",6.63013698630137
"1428","pi4543",0,1,0.99401464433399,29.5,0.326653306613226,2.65503293059116,0.0737806533438611,0.856871111938779,11.0321750422528,0.929122020792255,0.814117634870697,1.29098946476335,0.480189335807149,5.493386780265,3.29902875904812,2.50702042784229,72,0,28.7754424804431,0,0,0,0,1,137.035714285714,1,0,0,0,0,0,92,19.612188365651,0,"dementia",3.27945205479452
"1429","pi4546",0,0,-1.20593844402873,38.5,0.152492668621701,7.75757589767762,0.0809813398969802,0.411848964936908,12.8577978300635,0.441634819243804,0.387892667221965,2.96417975401167,1.38660902689271,12.7261831960589,10.869424803382,8.6789881044955,86,0,26.6692996304598,0,0,0,0,0,27.1428571428571,0,1,1,0,0,0,92,7.56521739130435,0,"death",4.97808219178082
"1430","pi4549",0,0,0.11311704247085,31.5,0.232718894009217,3.59192219755104,0.332157018012917,0.644249727747883,9.83531598413479,0.906149368927004,0.570443571452228,4.69572670968288,3.51139488147134,8.47212820303593,6.05524924366751,5.69750323719646,81,1,27.5782914564683,0,0,0,0,0,243.5,0,0,0,0,0,0,95,28.7096774193548,0,"death",8.16438356164384
"1431","pi4550",0,0,-0.46825174697142,31.5,0.327645051194539,6.78649982330135,0.105791328786213,0.861036484643256,9.33506901103288,0.932897894209256,0.818293713051287,2.58489903092434,1.07272724926918,12.5714793096971,8.84892541811361,7.48281868633198,82,0,25.2437149328621,0,0,0,0,0,248.178571428571,1,1,0,0,0,0,92,13.8666666666667,1,"censor",11.7561643835616
"1432","pi4551",0,0,0.12064193073963,92.5,1.33970276008493,3.18577020701088,0.0532733029771164,0.646506556554355,16.7558018736692,0.671635142225971,0.6111358898723,1.51488297185188,0.817115376353917,7.62274660668118,4.25306332723296,3.15876202503308,78,1,33.933921856462,0,0,0,0,0,58.5714285714286,1,0,0,0,0,0,100,34.2622950819672,0,"censor",11.1835616438356
"1434","pi4558",0,0,-0.78963141560006,102,1.03921568627451,6.13057832215631,0.041472090263674,0.656179509666196,11.8052631465589,0.683299342179166,0.615748003232936,0.748676929012777,0.919220952751637,9.3383111150307,6.02366484963494,4.25757095007308,89,0,26.1625825768789,0,0,0,0,0,55,0,1,0,0,0,0,93,26.1340206185567,0,"death",9.89315068493151
"1435","pi4559",0,1,-0.28671903512148,57,1.10975609756098,3.19541336938713,0.0582121365404133,0.645493648767616,12.2587599395275,0.672337738793879,0.617298418207078,1.24403466347754,1.40076571747519,8.35639959372355,5.70281093692614,5.33145161036305,86,0,25.7858046719699,0,0,0,0,1,18.2142857142857,0,1,1,0,1,0,85,12.5853658536585,0,"dementia",2.27945205479452
"1436","pi4561",0,0,-0.00997516465771042,62.5,1.1413612565445,3.76237460342339,0.072179100045172,0.96576307797779,13.6370185831646,1.03060945072466,0.892047032859774,1.81648726506823,1.73606134529213,9.62952489973596,5.0838344344025,2.80738093100375,76,0,28.5549237328002,0,0,0,0,0,138.821428571429,0,0,0,0,0,0,90,36.173285198556,0,"death",7.35068493150685
"1437","pi4562",0,1,-0.0336192746650298,83.5,0.952267303102625,3.12207702004446,0.0721688914884999,0.911305508867961,14.4875868519908,0.952970384536119,0.85392613771295,1.69365784057641,0.752470136459666,10.3318886740173,3.58898548868584,2.9905645029452,88,0,21.9929352059329,0,0,0,0,0,127.428571428571,0,1,0,0,0,0,87,19.375,0,"dementia",1.25205479452055
"1438","pi4566",0,0,-1.75655574078452,144,1.45945945945946,11.5044142805635,0.0996739766127015,0.970040722916991,17.1364340716586,1.10901171049793,0.909754466580323,4.94081596885348,2.33352989462972,13.2250923004021,7.0753433961114,6.84561117726885,84,1,22.8626601124967,0,0,0,0,0,86.25,0,0,1,0,0,0,94,15.8769230769231,0,"death",4.97260273972603
"1439","pi4568",0,0,-0.40040128048075,112.5,1.26968973747017,3.50453584892529,0.0588812044757552,1.05353887346325,17.7819985409318,1.11056954986652,1.00851989480577,1.84459111780086,0.151127370699115,12.3425350656036,6.52822681138894,3.7633296174196,83,1,27.3318830166825,0,0,0,0,0,92.5,1,1,0,0,0,0,98,3.87096774193548,0,"censor",10.8986301369863
"1440","pi4571",0,0,-0.72570646682985,232,1.45422535211268,7.03513722098039,0.126748020578021,1.02865006797001,16.7153452797175,1.12972786099798,0.961244031391036,5.14490763479155,1.64255961427175,14.4731896690909,7.61286119998339,6.26546315640153,78,1,31.3002984347586,0,0,0,0,0,213.5,0,0,0,0,0,0,94,30.3092783505155,1,"censor",10.4219178082192
"1441","pi4572",0,1,-0.00354746614616061,163.5,2.10858585858586,4.87082608312127,0.0304849222661266,0.751704546433677,17.0974075306864,0.773000070545795,0.725477518905699,1.73358473068952,0.455984539249291,14.8674456523039,6.44526619946904,5.85231438473686,70,1,29.0998611286454,0,0,0,0,0,184.214285714286,0,1,0,0,0,0,86,10.2752293577982,0,"dementia",5.9041095890411
"1442","pi4573",0,0,0.0399797974321999,115,0.876744186046512,8.34109674502396,0.200491535608238,0.713750174610705,14.0224276372101,0.774567894118686,0.685374770315934,3.43442005117324,0.599337213357351,13.1863413186614,10.0122567462924,4.08306425164282,70,0,26.7169493354159,0,0,0,0,1,32.6428571428571,0,1,0,0,0,0,99,3.06709265175719,0,"censor",10.9671232876712
"1443","pi4574",0,0,0.0691391023806702,144.5,1.58461538461538,2.88393864682885,0.0216095855799831,0.928313167702645,9.17959093352383,0.954420355340253,0.878024195225183,0.821901321000035,0.803612904717827,10.9731426678402,4.53180777414351,3.31199649282164,82,0,24.7095078258775,0,0,0,0,0,110.392857142857,0,0,0,0,0,0,96,15,1,"death",10.0109589041096
"1444","pi4575",0,0,-0.20290878862325,67.5,1.99014778325123,5.56002646460323,0.058120761860184,0.913015646467066,20.3850071357497,0.980260361339039,0.850203228801693,2.30576531589858,1.18347038753397,21.9523495191394,4.74445043591114,4.72015785028411,77,0,29.4984607127195,0,0,0,0,1,106,0,0,0,0,0,0,98,9.77973568281938,1,"censor",9.78904109589041
"1445","pi4576",0,1,-0.96616602183115,101,1.22549019607843,5.32146338842637,0.0526498720968736,1.63154034894144,13.8115541034415,1.7314681267579,1.40244465795468,1.98929402038106,2.29400725211683,13.4987155585911,6.05275232076205,13.6702528875015,80,0,29.6028804889797,0,0,0,0,0,213,0,1,0,0,0,0,91,16.8078175895765,0,"dementia",1.23287671232877
"1446","pi4578",0,0,0.0772212572893693,83.5,0.668831168831169,5.20295972173213,0.050582097269874,0.722766400788386,16.8712541066182,0.741449793376566,0.675765714853918,1.46169348101938,0.699755744298553,10.4134311638111,2.97129429611272,2.50239193945524,80,0,29.285822509612,0,0,0,0,0,56.4285714285714,1,1,0,0,1,0,90,7.36363636363636,0,"death",8.86575342465753
"1447","pi4580",0,0,-0.33454350855399,141,1.84438775510204,6.51678536834986,0.0558606840559152,1.00938496767726,15.0547628660596,1.03134840831858,0.942042716681039,1.33381202847607,0.362625111765139,9.79600672768584,3.95827514169596,4.24099408543469,81,0,25.5938543168534,0,0,0,0,0,158.5,1,1,0,0,0,0,96,12.6315789473684,0,"death",9.44109589041096
"1448","pi4581",0,0,-0.18084588263022,63.5,1.13953488372093,4.74184271000138,0.0963441378202059,0.73543523845972,16.1970715244236,0.785565007601924,0.706470033828289,1.67764505837204,0.951847397728514,9.94720941555157,5.52469213450602,4.19099471382654,82,0,29.6372331558224,0,0,0,0,0,112.428571428571,0,1,0,0,0,0,84,24.1121495327103,0,"death",7.81095890410959
"1449","pi4585",0,0,-0.91579039796828,265.5,2.39506172839506,4.53761601616317,0.02715828633457,1.29488380152048,17.5132406190143,1.34869571761918,1.1978609504391,1.70564221607546,1.37553880402832,15.2962214184462,5.62243460052376,7.01841438199165,82,0,25.1347830924947,0,0,0,0,0,56.4285714285714,1,1,1,0,0,0,91,9.58837772397094,0,"death",9.6
"1450","pi4586",0,0,0.20565669301879,186.5,1.00215749730313,2.75355952692556,0.109245701196266,1.24591939608559,15.7430963151851,1.28221159080225,1.17098902656402,1.49800576785885,0.404991083622796,7.3324526008669,3.87790383980709,4.61207482597833,82,0,26.5309070836056,0,0,0,0,0,2.14285714285714,0,1,1,1,0,0,91,41.8531468531469,1,"death",8.35068493150685
"1451","pi4587",0,0,-0.81445230291895,70.5,0.913513513513514,5.08882378032461,0.0750838725486229,NA,11.59511936398,NA,NA,2.55553116952023,NA,11.5962436884265,7.54553193022678,NA,88,0,26.7373454144907,0,0,0,0,0,62.1428571428571,0,0,0,0,0,0,86,39.1639871382637,0,"death",4.34794520547945
"1452","pi4588",0,0,0.0511191802283705,96,0.835214446952596,7.35847251355414,0.0631036364244767,0.938521057754866,17.4907147985856,0.955069632773672,0.885065972154494,1.99894562872401,0.724091022042083,7.20684257567409,3.16906815485041,3.59722347287479,71,0,29.2445020336177,0,0,0,0,1,176.5,0,0,0,0,0,1,93,39.0082644628099,0,"censor",10.1013698630137
"1453","pi4589",0,0,-0.474080368422349,186,1.53956834532374,8.42441205821661,0.135877212127201,0.86721236085891,14.3023256316099,0.967752092174218,0.809139929005914,4.4450065096865,1.77857576164564,14.1878287098552,6.38074990999699,6.29776015208157,77,1,23.1277894325564,0,0,0,0,0,46.4285714285714,0,0,1,0,0,0,91,5.67774936061381,0,"death",2.87671232876712
"1454","pi4590",0,0,-0.46901859591528,219.5,2.20847457627119,4.64055974757272,0.0467812326520346,1.03825874911195,13.6035618122454,1.13121484678715,0.978061512996532,1.78741107801382,0.864372809180177,14.2232204576151,6.94043993456483,5.18591520823183,78,1,26.1510502529789,0,0,0,0,1,186.964285714286,0,0,0,0,0,0,88,15.7603686635945,1,"death",8.89315068493151
"1455","pi4592",0,0,-0.4412086994078,311,2.14104882459313,4.24539567845123,0.0464612552895863,0.884554092262675,16.8452759736035,0.928653769259451,0.817310791123047,2.06756713053445,1.81610538189565,12.1382871579055,4.56942141792677,5.44257988477388,78,1,28.2972922703422,0,0,0,0,0,142.75,0,1,0,0,0,0,98,31,0,"censor",11.558904109589
"1456","pi4594",0,0,-0.92657182742165,66,0.768060836501901,7.06137832236398,0.0775516334213384,0.846192079778416,11.2152264556895,1.0016522552118,0.711886021568864,3.41292019505418,1.84426665870943,10.4642977163849,11.2177516595665,9.61209115902333,72,0,26.375094622821,0,0,0,0,0,95.8571428571429,0,0,0,0,0,1,90,0,1,"death",7.18630136986301
"1457","pi4595",0,0,-0.281886074229919,103,0.880116959064327,4.18469394425132,0.0826705172615992,1.33880902689942,12.3523098829382,1.57247798235136,1.15282779188199,2.74133269343958,1.65077865453582,6.15240726987122,4.42154177820192,6.14785437041471,79,0,30.372292974813,0,0,0,0,0,89.5,0,1,0,1,0,0,97,2.66129032258065,0,"death",6.70958904109589
"1458","pi4596",0,0,-0.68772419452134,258,1.83360258481422,5.26094758800039,0.0248693999567301,NA,12.9285420011471,NA,NA,2.36854537844149,NA,13.7375422123183,6.1630934186765,NA,81,0,32.3264237944967,1,0,0,1,0,101.428571428571,0,1,0,0,0,0,91,13.7182448036951,1,"death",6.52328767123288
"1459","pi4599",0,0,0.32274899168728,73,1.02186588921283,4.09614891858062,0.0886482595007701,0.57192817782596,12.2408180863124,0.58790988101444,0.540580323073036,0.855627254636737,0.346864081251394,10.410558786378,2.53170091872057,2.52668253681128,90,1,22.5388126784193,0,0,0,0,0,37.75,0,1,0,0,0,0,97,13.5926773455378,0,"death",8.58356164383562
"1460","pi4603",0,0,0.0476459240907005,147,2.35873015873016,5.34751646256826,0.0700128148838199,0.923179988914945,12.977636047943,0.95404487861916,0.849320122988993,1.53803470177426,0.543657288626116,15.4694289038576,5.3487437386006,4.92873660589747,77,1,27.6029216531699,0,0,0,0,0,183.142857142857,0,1,0,0,0,0,94,1.53061224489796,0,"censor",10.4246575342466
"1461","pi4604",0,0,0.74801831301443,96,1.35912698412698,3.39621884456229,0.0944791918116837,0.6593519207628,11.1147636484972,0.70252695494411,0.639844670353956,0.847086713131376,0.127683851819277,16.3958996426102,4.56836379065026,4.35258059857348,81,1,30.1798100766074,0,0,0,0,1,95,0,1,0,0,1,0,93,34.7191011235955,0,"censor",6.36164383561644
"1462","pi4605",0,0,0.13623838292845,160,1.453125,4.00348187834837,0.0448132106004969,0.934858004966476,11.7631747668217,0.977659488413172,0.866111955988402,1.32301151905024,0.705045846775007,8.76248263613203,5.69630156890504,4.8738298159894,73,0,31.7969041362668,0,0,0,0,0,117.428571428571,1,0,0,0,0,0,85,12.8225806451613,0,"death",5.0027397260274
"1463","pi4606",0,0,0.16880530245747,254.5,2.71626297577855,4.19241827769546,0.0987771324900309,0.778063183677348,17.8103093728377,0.870430234856215,0.787428412605806,2.23637508885925,0.547824047344774,15.9515491153253,6.33519482897252,3.55836088252724,72,1,28.2149148181368,0,0,0,0,0,141.142857142857,0,1,0,0,0,0,98,2.41610738255034,0,"censor",10.7972602739726
"1464","pi4608",0,1,0.15542269698571,81.5,1.24702380952381,4.41150915516937,0.0977296736911008,0.697124059014134,15.2222445268557,0.739118422281065,0.644075840436985,1.50797077159848,0.67364967406792,10.6288063488556,4.01566523345352,3.90438231677332,83,1,27.5321113856903,0,0,0,0,0,135.285714285714,0,1,0,0,0,0,92,34.7368421052632,0,"dementia",7.07123287671233
"1465","pi4609",0,0,0.45240536135349,60,0.478723404255319,3.84016234236414,0.0356009943236222,0.574771682286464,15.6338804255956,0.594952412708615,0.553521571828542,1.77713042415062,1.13058493030175,4.92819101250164,3.63252966595542,3.37031567470957,70,0,28.2824271360507,0,0,0,0,0,261.964285714286,1,1,1,0,0,0,96,19.0819672131148,1,"death",8.18356164383562
"1466","pi4613",0,0,-0.9156191159351,106.5,0.528455284552846,6.35253363661496,0.162104849151552,0.890827920472784,16.8271163282682,1.12371794841772,0.803499626599055,4.18738173992731,2.8605732447679,15.2030500863282,8.96964441483386,8.53905899419336,81,0,25.1963001752823,0,0,0,0,0,161.714285714286,0,0,0,0,0,0,85,4.34782608695652,0,"censor",3.37260273972603
"1467","pi4616",0,0,-0.77180663364754,221.5,3.08056872037915,6.24615313968331,0.0494781153079323,0.836535829526281,15.8690943501986,0.882211289546639,0.78214581709041,1.30252577435905,1.18270909290021,20.2529754847709,4.55499010146749,3.86572551740068,88,0,26.3904247418906,0,0,0,0,1,124.571428571429,0,0,0,0,0,0,88,26.8085106382979,0,"death",9.67123287671233
"1468","pi4621",0,0,0.07752199809904,90,1.12096774193548,6.17598837056226,0.110684053341443,0.577944522438154,20.9779414253689,0.608381738824891,0.552313470856698,3.70696826531876,0.925414822474638,22.8254243253661,6.47914734374059,4.83905732244024,75,0,25.0887739384985,0,0,0,0,0,138.25,0,1,0,0,0,0,99,27.2413793103448,0,"censor",11.2547945205479
"1469","pi4624",0,0,0.13072375521137,179,1.64435146443515,4.71436310058296,0.0841385518249005,0.963499690374387,14.3756254360168,1.03082069259455,0.904705825869331,1.92082508558129,0.694635399859824,8.32052904862448,5.81873515521688,3.67518815594076,71,1,27.0132381710209,0,0,0,0,0,149.5,0,0,0,0,0,0,95,9.81566820276498,0,"censor",10.3123287671233
"1470","pi4625",0,0,0.50190285867843,145,2.90322580645161,8.17951910407813,0.0504539965674088,0.674308592598651,7.55940814683351,0.722310214453501,0.670244850561624,0.583450693888915,0.23190551145367,23.3520285198042,5.20670036206877,6.32136465832895,71,0,36.703103376551,0,0,0,0,0,110.642857142857,0,1,1,0,0,0,93,3.04054054054054,0,"censor",11.0301369863014
"1471","pi4626",0,0,-0.741733474839511,234.5,2.27835051546392,5.6664307601065,0.0693989110194096,0.65926321450341,15.3839712355649,0.711702260345622,0.607488230476675,3.44763044278814,1.56962635450874,11.3867381995856,7.28689791830019,6.46982482066786,79,1,26.9591449811508,0,0,0,0,0,184.642857142857,0,0,0,0,0,0,94,1.11111111111111,0,"death",10.3178082191781
"1472","pi4627",0,1,-0.41857429442524,30.5,0.236842105263158,7.8836079572266,0.0652675381625249,0.844927404640121,17.0141709339688,0.88253999491549,0.767197602738156,1.94746149852248,0.723714767543353,4.12119145955116,4.0225036196607,3.02420494428604,78,1,28.0587273907637,0,0,0,0,0,194.928571428571,0,0,0,0,0,0,91,4.91150442477876,0,"dementia",4.13972602739726
"1473","pi4629",0,0,-0.57292335221165,113,0.976439790575916,5.5375701382564,0.561819946671494,1.27857925044442,10.8113742896894,1.51438047488055,1.07230169772941,3.55514620726137,1.91351955220718,11.5432185215784,6.40218966881447,6.37021688016858,78,0,32.1385383489042,0,0,0,0,0,235.928571428571,0,1,0,0,0,0,89,1.14649681528662,0,"death",6.85479452054795
"1474","pi4630",0,0,-1.21852950691144,122,0.769911504424779,6.77345638623014,0.134424761916341,0.788873555350514,13.0381518433714,0.94007485252295,0.767663856282126,3.91869531988107,2.2509012167141,11.2878144956275,8.28700095981467,5.7428431443352,91,0,25.3086812291711,0,0,0,0,0,111.714285714286,0,1,0,0,0,0,91,36.4024390243902,0,"death",10.8383561643836
"1475","pi4631",0,0,0.74379354310546,63,1.662100456621,4.64359532904033,0.0964669268080054,0.609496009974868,10.7843156079055,0.657653466498811,0.574923060280928,1.09483243629221,0.815249099680083,10.3790621387867,4.74574822743509,3.57803722664608,71,0,29.1212321949446,0,0,0,0,0,96,0,0,0,0,0,0,96,12.1243523316062,1,"censor",10.2356164383562
"1476","pi4635",0,0,-0.75446476994113,82.5,1.0763723150358,3.78953730751318,0.0380996523264154,1.22292735155665,15.9616932373222,1.27888666540348,1.13035878890121,3.12648093357533,0.941208787623819,8.31757441396919,8.01551150123232,5.25991827100292,78,1,28.5654274312119,0,0,0,0,0,121.642857142857,1,1,1,0,0,0,99,44,1,"censor",10.5150684931507
"1477","pi4638",0,0,0.209816353651939,189,1.89183673469388,3.84642119349756,0.0513854779088175,0.856832390337792,11.4224160411989,0.894043629845066,0.796695919461406,0.877118169817926,0.451027267050153,11.4510615359517,4.16500463798794,4.53464782743601,80,0,26.7624040009794,0,0,0,0,0,153.5,0,0,1,0,0,0,87,38.4,0,"censor",10.6082191780822
"1478","pi4639",0,1,-0.0778947877685994,122,1.23707664884135,5.12722875232762,0.0631566449356581,0.926010793528948,13.5896411586536,0.951061594365041,0.870243128198218,1.28059535046246,0.630267002801749,5.39296558624181,3.66667626838259,6.96088104512497,81,0,31.5831055715805,0,0,0,0,0,164.5,0,0,0,0,0,0,89,22.0379146919431,0,"dementia",3.3972602739726
"1479","pi4644",0,0,-0.412939587866759,99.5,0.747844827586207,7.50203408840574,0.199399099834136,0.598298577384116,13.4694299434361,0.709020234932197,0.544456436664788,2.67336268408806,1.2852753206799,10.7128144640627,9.72998384191325,7.54584421005894,80,1,30.8788870638229,0,0,0,0,0,2.14285714285714,0,1,0,1,0,0,91,29.7450424929178,0,"censor",11.4849315068493
"1480","pi4645",0,1,-0.437466970971521,101,1.55502392344498,3.72187941032962,0.0537657294332057,0.533708450138638,14.9564544708606,0.5626273005605,0.509177950466089,1.80107093554859,1.96992686554451,9.33638379537253,5.14730315003107,5.38543426811644,84,1,27.4725055324355,0,0,0,0,0,169.571428571429,0,0,0,0,0,0,95,14.1492537313433,0,"dementia",6.55616438356164
"1481","pi4648",0,0,-0.559526900697109,101.5,1.74550898203593,6.20484509371734,0.0509179743437827,1.20896500361394,20.2602677347402,1.27738736225882,1.07713640344332,2.65432233879851,0.518950194150813,14.5228504831205,5.15672028793348,3.09581978634022,77,1,27.2034739843814,0,0,0,0,0,233.928571428571,0,0,0,0,0,0,98,14.7572815533981,0,"censor",10.1972602739726
"1482","pi4652",0,0,-0.651103776289951,250.5,2.24031007751938,5.06435582139186,0.0502325968435987,1.11769927565867,14.0783558313364,1.1768821319722,1.02203858920125,2.05980836429535,0.465678790230214,14.8819504774375,9.37183906827882,3.09951288849072,74,1,25.4550320313396,0,0,0,0,0,143.857142857143,0,1,1,0,0,0,99,67.6557863501484,0,"death",3.21095890410959
"1483","pi4656",0,0,-1.15260730486029,151.5,2.44475138121547,6.07199552849005,0.0597887192630071,1.00507657307644,13.3417050096284,1.06967274346848,0.934330206698709,2.38280802577815,1.06845787480839,11.4778886786215,8.83606956584756,7.32966778862317,83,0,26.8384123770706,0,0,0,0,0,85,0,0,1,0,1,0,100,6.12676056338028,0,"death",5.04383561643836
"1484","pi4660",0,0,1.19257414368638,48,0.86965811965812,2.90690173101753,0.0711724278382141,0.568252551334345,7.65049875564668,0.610640251135373,0.523209716345172,2.71799236802601,1.22426828435351,8.05402853524235,2.73286402382954,1.71840649186472,71,0,28.2444285891273,0,0,0,0,1,136.714285714286,0,0,1,0,0,0,94,6.54867256637168,1,"death",9.35890410958904
"1485","pi4661",0,0,-0.24655802802862,74,1.01538461538462,4.47626935236316,0.061291993240863,1.04051802644355,14.1853243012348,1.09229610658546,0.960413046484565,1.13570435643764,0.49271084322292,8.03115591172455,5.30030389328644,6.32835715652088,82,0,30.5624994809358,0,0,0,0,0,159.214285714286,0,1,1,0,0,0,90,11.7801047120419,0,"death",5.70684931506849
"1486","pi4669",0,0,0.0470156432709601,291.5,2.67752442996743,6.20612298669682,0.0189779730775934,0.580781974984692,11.6161427527827,0.590678663501535,0.555335063808689,1.35513138771818,0.19106956197498,14.0759302614232,6.24707280936322,4.12143660068355,70,1,28.925121812641,0,0,0,0,1,136.892857142857,0,0,0,0,0,0,99,17.7669902912621,NA,"censor",11.2958904109589
"1488","pi4671",0,1,-0.345920904275479,33,0.895927601809955,3.96023550330168,0.0263461924408479,0.621514712486436,16.5234425136787,0.641704976206571,0.594452078755235,2.10611359913348,1.73968577357322,6.98306014136427,5.48495224990719,6.1487080233279,77,0,33.4199434311521,0,0,0,0,0,81.5714285714286,0,1,0,0,0,0,94,0,0,"dementia",1.18630136986301
"1489","pi4672",0,0,-0.31859582209533,186,2.51068883610451,7.31127141419929,0.0567997865390584,0.966813695595438,15.5537126565515,1.07801071471011,0.93941669545675,1.94726309953761,1.40814454862794,18.4849576298862,4.53122184386351,7.38568551344686,75,1,26.6325581927271,0,0,0,0,0,116.321428571429,0,0,0,0,0,0,98,16.7398119122257,0,"censor",10.241095890411
"1490","pi4674",0,0,-0.32717772240203,98,0.994764397905759,6.50037246417859,0.0415805404774898,1.51838216842098,13.5647609505597,1.58314015522159,1.38068019680341,3.37332406426989,0.656676074046227,14.2939018550225,6.87226115252966,5.41178281125762,70,1,27.329767690641,0,0,0,0,0,177.214285714286,0,0,0,0,0,0,84,15.1456310679612,0,"censor",10.6657534246575
"1491","pi4679",0,0,-0.8430493694539,161.5,2.0030303030303,5.98493835599192,0.0392788183965838,1.89476578007195,14.9559840186453,1.95325986918516,1.71403735770419,2.99791345433204,0.567610386077897,16.297214892684,9.0535052289408,6.04710811502174,70,1,32.709812410411,0,0,0,0,0,98.1428571428571,0,0,0,0,0,1,98,15.9782608695652,0,"censor",10.7260273972603
"1492","pi4683",0,0,0.715677111083249,97,1.08394160583942,3.0195332168767,0.0954139583632932,0.696001947166312,12.8757094785357,0.758809188476658,0.657540151688664,1.0768541467288,0.508876534751744,8.91486991414415,3.82340522427488,2.63545777737327,77,0,26.8144959506695,0,0,0,0,0,150.928571428571,0,0,0,0,0,0,94,4.5,0,"death",10.6958904109589
"1493","pi4686",0,0,-0.28382093899685,151,1.09536082474227,7.39865220348825,0.155381809817988,0.765236048285936,13.1238064083443,1.76526212656793,0.733702403007748,9.79215810236777,9.1678165336253,15.0191156891044,8.23394836459192,10.0902948749605,71,0,27.7749435998594,0,0,0,0,0,277.071428571429,0,1,0,0,0,0,98,20.6451612903226,0,"censor",10.3917808219178
"1494","pi4691",0,0,0.598622576593659,204,2.47457627118644,5.96062078692216,0.0934190913494546,0.741449841601384,13.1916822481579,0.782108269555676,0.697932882623679,1.80982851042199,0.508306779830903,20.0841933762955,5.44464017161947,4.89333079655262,69,1,25.9090755369708,0,0,0,0,0,292.142857142857,0,1,0,0,0,0,99,4.9390243902439,0,"death",9.73698630136986
"1495","pi4695",0,0,1.38335566342901,20,0.199475065616798,2.41039334085797,0.155000920337618,0.481307137779815,11.3920196525649,0.529866305993954,0.425924585323099,5.88492116859352,4.41556353981002,4.02771894970744,1.24203675252771,0.347531153174024,76,0,35.0870502088061,0,0,0,0,0,157.428571428571,1,1,0,0,1,0,95,56.6077738515901,0,"death",11.7808219178082
"1496","pi4697",0,0,-0.43399241240115,135,2.31230283911672,5.04009534373615,0.074184969417865,1.23639566463118,18.2455977932773,1.36753835530139,1.08030130769344,2.89206877514311,1.11285832008942,14.898440085275,6.34328764435647,2.16278958723545,73,0,31.2035006656747,0,0,0,0,1,61.7142857142857,0,1,0,0,0,0,93,30.4615384615385,0,"censor",9.55890410958904
"1497","pi4700",0,1,-0.37838301173657,63,1.19373219373219,6.27770187440384,0.0585868491124571,0.921847819826363,12.6094398147816,1.0635194989867,0.790379920066275,1.87746917600429,1.2673550550263,11.5090936739448,4.44142418278711,6.85477949956113,82,0,17.0202596830008,0,0,0,0,0,97.75,0,0,0,0,0,0,86,3.81818181818182,0,"dementia",3.52054794520548
"1498","pi4702",0,0,-1.28292153586114,89,1.05246913580247,8.34108965737433,0.335070875752395,0.889590860369414,10.8202451374855,1.10045380403175,0.735227704938202,3.45613198825314,2.70766628747611,14.5502147489343,12.4601353066053,13.620902710544,70,1,24.8879015829595,0,0,0,0,0,137.892857142857,0,0,0,0,0,0,97,1.40077821011673,0,"censor",9.86301369863014
"1499","pi4703",0,0,0.433884905053191,86.5,0.910284463894967,4.22098804939432,0.0654815572585683,0.891007393714481,15.1143545922043,0.909414902881209,0.841720142321987,1.79884230789487,0.60748553868497,7.43934716777079,4.41575900829608,5.25630204201863,71,1,31.4382788736175,0,0,0,0,0,132.75,0,0,0,0,0,0,98,54.0372670807454,1,"censor",10.3479452054795
"1500","pi4705",0,0,0.51805944346372,104,0.885514018691589,4.91656292845534,0.109805724177134,0.520452922006981,14.4662851096437,0.588184363562853,0.48871553907222,1.96337977008753,1.00577406479076,10.9300933449257,5.79310811627844,6.1895216386393,71,0,29.8637312309266,0,0,0,0,0,175.642857142857,0,1,0,0,0,0,93,15.6521739130435,0,"censor",11.0876712328767
"1501","pi4711",0,0,0.26920308679975,261,2.66909090909091,5.41934295690648,0.0695200800908633,0.956291195129272,13.245607887415,1.02331684821434,0.897157726428614,1.01669641629938,0.707621173107456,12.7478163256562,3.84651407818719,4.36668904028801,72,1,27.2636909504147,0,0,0,0,0,294.428571428571,0,0,0,0,0,0,94,6.63072776280323,0,"censor",11.2986301369863
"1502","pi4713",0,1,0.710456673375759,120,0.906902086677368,2.88981050753808,0.0363755175319359,0.498531727347088,14.1253947206183,0.507710066258982,0.475680009478076,1.07284308343335,0.0701621999966019,6.21379075173766,2.17384933381648,2.20440287566551,78,0,24.4561260889611,0,0,0,0,0,62.5,0,0,0,0,0,0,82,41.7112299465241,0,"dementia",1.45753424657534
"1503","pi4714",0,0,-0.212659352283799,53,1.61363636363636,3.85365184634584,0.0678612162542185,0.792719519431256,19.2792965703099,0.845626327524935,0.752522436197834,2.07399237984473,1.27492897315314,16.3697179357799,3.52115821436294,3.67669589397982,86,0,25.0034156111889,0,0,0,0,1,198.857142857143,0,1,0,0,0,0,89,1.97368421052632,0,"death",4.67671232876712
"1504","pi4715",0,0,-0.51215027645777,53.5,0.48876404494382,6.64239408331001,0.0969332131892015,0.712857257933798,13.9384516456177,0.814986247939652,0.649974930733145,3.50952543288153,1.77405453824995,14.9017930315056,8.98450558522832,9.50737547307045,76,0,26.054914617304,0,0,0,0,0,328.857142857143,0,0,0,0,0,0,94,10.2484472049689,1,"death",9.09041095890411
"1505","pi4717",0,0,-0.43881139897329,158,1.89563106796116,5.30762146374667,0.0527372723199297,1.14534603268054,14.2580459680869,1.17346686782959,1.05853135216844,2.15266990389983,0.935262667940026,13.6271845524669,9.1562834359314,7.62874360956156,69,0,27.663066068333,0,0,0,0,0,151,0,0,0,0,0,0,93,16.6942148760331,0,"censor",10.6849315068493
"1506","pi4719",0,0,-0.10252189861892,99,0.77,4.37593958455564,0.0395076423625333,0.569583997717431,15.9182067130354,0.582025738857219,0.539827443213933,1.97701450826432,1.12178745916087,6.36238849459156,3.85175943665336,3.61856584320255,80,1,26.6337107773467,0,0,0,0,0,93.3928571428571,0,1,1,0,0,0,92,14.0625,0,"censor",11.3123287671233
"1507","pi4721",0,1,-0.55343941563637,202.5,2.41237113402062,3.86450529086334,0.0759301821045665,2.37714457680486,14.1831471492866,2.70593395698759,1.99684324091184,2.61738410741776,0.936297828305954,16.4527255059588,5.66213995992883,4.15867404570598,74,1,34.5867363185786,0,0,0,0,0,47.3571428571429,0,0,0,0,0,0,90,63.4883720930233,0,"dementia",2.84109589041096
"1508","pi4722",0,0,-0.55316873016361,119.5,1.63817097415507,8.34055564754969,0.0449091942537319,0.754247277264462,12.3397462645796,0.806814571263777,0.739076511256081,1.36360714756066,0.683770072241605,21.4827603382976,7.84697457548067,10.5783750562096,79,1,32.4447359283978,0,0,0,0,0,117.75,1,0,0,0,0,0,93,11.1455108359133,0,"censor",9.83835616438356
"1509","pi4723",0,0,-1.5554009540288,46.5,0.710714285714286,7.24432316624895,0.0639479686963066,0.780392940855769,16.2591142368102,0.811980613925662,0.705271389514853,3.61642658081684,1.11317636725266,12.1318575169295,12.8035630103722,14.5830016170633,80,0,30.1113058335061,0,0,0,0,0,151,0,1,0,0,0,0,94,24.96,0,"censor",11.4438356164384
"1510","pi4725",0,0,0.38800396929373,183,2.0210970464135,4.75755965951561,0.0286841792807289,0.887537782898047,13.8885200148781,0.922876157986023,0.853875314074999,2.19784351497803,0.914144966166871,13.8121510004671,3.92624554839007,7.2930907541748,69,1,42.2374291463049,0,0,0,0,0,110.25,1,1,0,0,0,0,92,20,0,"death",8.35342465753425
"1511","pi4726",0,1,0.10955622780249,133.5,1.5249406175772,3.70669262773924,0.0917944857728935,1.03254232926412,18.4447076599174,1.16856829114405,0.919080733130028,2.38450045753314,1.0482122853968,12.1724463217811,5.13888851968742,5.89686245502226,73,1,32.6904110198068,0,0,0,0,0,118.142857142857,1,1,0,0,0,0,96,22.320819112628,0,"dementia",1.36712328767123
"1512","pi4727",0,0,-0.2341135502659,149.5,2.396875,5.69632955344242,0.0343493975804088,0.832888881570337,11.4321452556156,0.85869814020104,0.784186952537728,1.28022721879566,0.282421458124218,14.4300962003789,7.76019441186727,5.87412061908564,74,1,28.6667328041476,0,0,0,0,0,68.5,0,1,0,0,0,0,96,8.57142857142857,0,"death",9.61369863013699
"1513","pi4731",0,1,-0.7902767586038,170.5,1.03878583473862,4.19859019107325,0.056728458251319,0.985550254210342,16.8517411121879,1.0257877425897,0.912551540229545,2.92097711643083,0.928976560906161,8.29563470794082,5.82546388828327,4.45069255243555,87,0,26.6908636870294,0,0,0,0,0,189.678571428571,0,0,0,0,0,0,97,0.15748031496063,0,"dementia",0.764383561643836
"1514","pi4733",0,0,0.471908484861081,90,0.694545454545455,1.86939460148684,0.0745413531206059,0.668160786502653,15.0744388140311,0.707573065753329,0.628111460921068,2.26324389838782,1.1058348717458,3.2819718094554,3.98059330408318,5.08727643731006,76,0,27.2959954606286,0,0,0,0,0,112.428571428571,0,1,0,0,0,0,96,13.0659025787966,0,"death",2.67397260273973
"1515","pi4736",0,0,-1.59197146808093,195,1.09181636726547,6.299415643885,0.0708746921263296,0.944414839526792,15.4250033773438,1.02248712816608,0.841220987289941,6.71102371653897,3.38130043178297,9.28087489356031,9.81986999390912,8.76052983813696,78,1,23.2898102082149,0,0,0,0,0,163.892857142857,0,0,0,0,0,0,96,26.1573033707865,0,"death",10.8
"1516","pi4738",0,0,-0.395756492602089,111.5,0.781472684085511,8.23373498735358,0.159062895053135,0.693241531856637,11.1637946846704,0.813784616110934,0.679040040076052,4.55745912995567,2.16096924610913,12.3693467220322,7.48023295448575,2.5740554617582,78,0,30.0146038269112,0,0,0,0,0,110.642857142857,0,1,0,0,0,0,88,51.2307692307692,NA,"death",11.5205479452055
"1517","pi4740",0,1,-0.61340100187292,126.5,2.65789473684211,4.85548843899776,0.0767887634394016,0.898915975301986,14.6118679024725,0.935827913888815,0.840474717826144,2.00898109357202,1.36856479035768,15.7339831903787,6.596916765948,6.06369756884138,84,1,23.2961305159978,0,0,0,0,0,113.857142857143,0,1,0,0,0,0,90,7.90243902439024,0,"dementia",5.40547945205479
"1518","pi4741",0,0,-0.52079207561513,108.5,1.40414507772021,7.57253800235822,0.0675045757178305,0.648311917816002,13.2175312471958,0.671812423712288,0.612398055005306,1.66712332014743,1.33095176302603,7.21134645271003,7.60250116392648,15.5519790043919,72,1,28.4554220270907,0,0,0,0,0,173.678571428571,0,0,0,0,0,0,93,32.8163265306122,0,"censor",10.6575342465753
"1519","pi4744",0,1,-0.63118713735107,137.5,1.37931034482759,5.25320463486619,0.0598499169004119,0.561071764766143,15.9135149894853,0.58921623060599,0.533006931603143,2.18677363469707,0.965302990955841,9.9838880343893,6.00167790292669,5.95346181455627,86,1,21.0824562513112,0,0,0,0,0,124.571428571429,0,0,0,0,0,0,98,16.1876832844575,0,"dementia",9.97260273972603
"1520","pi4745",0,0,-0.90749090453027,182.5,1.88532883642496,5.66906733713099,0.040096052081072,0.715570594873449,23.4839665625409,0.757420672556716,0.686410636259566,3.2199591446922,2.01055410314363,15.6998301282216,6.56841842661326,5.34304924330473,75,0,26.1158403385498,0,0,0,0,1,101.428571428571,0,1,0,0,0,0,89,13.3333333333333,0,"death",10.9945205479452
"1521","pi4748",0,0,0.346093423609079,174,2.21698113207547,5.96521505198931,0.058387013688921,0.886623212525779,12.7025709072204,0.970945928707989,0.84237494489964,1.55702115787175,0.487074887201032,16.4947252085725,5.62153844360606,4.88248328770588,68,0,33.7971302024869,0,0,0,0,0,308.142857142857,1,1,0,0,0,0,98,12.755905511811,0,"censor",11.3972602739726
"1522","pi4749",0,0,-1.12205075798298,166,1.80334728033473,5.66260209582614,0.0544876348728012,NA,13.5129022457686,NA,NA,1.40338314279958,NA,13.3978414062547,7.91434960316391,NA,88,1,22.1662592590312,0,0,0,0,0,33.5714285714286,0,0,1,0,0,0,98,6.89295039164491,0,"censor",3.53424657534247
"1523","pi4750",0,0,0.435290666456039,28,1.19148936170213,4.71567268138474,0.0481461439304648,0.569455913827555,16.7532593640195,0.593680774740686,0.556006420289127,1.77252707842297,0.702817557764563,8.3464291686355,4.05573141310156,4.22812205516336,70,0,28.2894075986256,0,0,0,0,0,81,0,0,0,0,1,1,95,4.78260869565217,0,"death",10.2493150684931
"1524","pi4751",0,0,-0.47336852321156,192,2.22173913043478,5.97800048459133,0.057046776754914,1.12675112297333,15.2516559711359,1.22947435237716,1.04956729045736,2.80646385491176,1.06668830629076,13.6231434518317,6.3151855255647,5.58965816868408,74,0,32.9419331565776,0,0,0,0,0,95,1,1,1,0,0,0,94,8.68632707774799,0,"death",7.86575342465753
"1526","pi4753",0,0,-0.49190162433801,121,1.43764705882353,6.43567126598679,0.0655772474969289,1.63649084056834,10.4385469680649,1.74491618043079,1.45674278316711,1.31201176191936,0.704173460098655,11.8458993661978,8.31890440661041,7.44441566074171,71,1,25.1418110238995,0,0,0,0,0,197.964285714286,0,1,0,0,0,0,95,20,0,"censor",10.0328767123288
"1527","pi4760",0,0,-0.63769848461845,130.5,1.10252365930599,5.08827050735457,0.0350101851249173,1.3094321618156,16.3048406320254,1.34107833130724,1.20095703074826,1.55433738379261,0.520290393938587,8.38143509489583,5.96878482351666,5.67840181736385,79,0,24.5051619710849,0,0,0,0,0,189.214285714286,0,1,0,0,0,0,98,24.4843049327354,0,"death",8.76986301369863
"1528","pi4761",0,0,-0.18398667840204,210,1.8406374501992,4.9572901158745,0.0564016880654992,1.28846671923543,14.007584419586,1.352976949461,1.15972522760409,1.7994125209458,0.71106099573406,15.3441431972219,4.06323610333244,7.25587666258282,81,1,24.9106555100266,0,0,0,0,0,36,0,0,0,0,0,0,87,9.11764705882353,NA,"death",4.16164383561644
"1529","pi4763",0,0,-0.0592004311746607,116.5,1.46575342465753,4.84908364513703,0.0823288406805803,0.857928155329344,12.2901926021135,0.903128723398943,0.820517639273269,1.05756939512888,0.46806621835917,9.77432684505608,5.77095989780577,5.00774492616417,81,0,28.4436532679968,0,0,0,0,0,124,0,0,1,0,0,0,89,9.7752808988764,0,"censor",10.9890410958904
"1530","pi4764",0,0,-0.46984015140888,87.5,1.11357340720222,3.66445610440845,0.0484397016656208,0.710615614333218,21.9430391343878,0.741644667978894,0.683055220131267,3.67404822608531,0.914972726629151,10.8827803256314,8.81815505720948,5.5719507661789,71,0,32.7370715725662,0,0,0,0,0,118.857142857143,0,1,1,0,0,0,98,16.2939297124601,0,"censor",5.68767123287671
"1531","pi4765",0,0,-1.52503268605738,32.5,0.195462478184991,4.49189001168639,0.0250622892333933,0.918337556135764,19.561996621006,0.947340200752083,0.871207319535756,3.21507145939873,1.32655752801461,4.88662932178921,11.0223317116525,7.35670964862418,80,0,27.2429688301733,0,0,0,0,0,216,1,1,0,0,0,0,89,44.4827586206897,0,"death",3.33972602739726
"1532","pi4766",0,0,-0.46299497799457,79,1.66298342541436,6.80637491654573,0.0617145634547566,1.11015286162901,19.1845897305661,1.16100434583475,1.02506141130733,3.36875374191492,1.81870242030158,12.5728882248754,5.63189851207971,6.66691993286213,69,0,31.4905022911668,0,0,0,0,0,82.4642857142857,0,1,0,0,0,0,96,5.85365853658537,0,"censor",10.241095890411
"1533","pi4770",0,0,-0.11515505437423,47.5,0.544927536231884,3.29818485646306,0.0697637293210605,1.01076366176667,17.3253672468751,1.06802861305058,0.981440144198287,2.52869931838409,0.558567344791793,11.4474213316933,5.75493297486934,7.70910987003027,82,1,23.4780513436221,0,0,0,0,0,125.285714285714,0,0,1,0,0,0,96,23.7,0,"death",5.42739726027397
"1534","pi4772",0,0,0.20031279263431,148.5,1.61792452830189,6.0875006684082,0.107962952997858,0.746214151057787,14.8681863494208,0.782474279553683,0.711905334414703,1.37153113632494,0.496273387045249,9.59731554669114,6.5605993112957,5.44192274101172,70,0,28.606408074293,0,0,0,0,0,98.5,0,0,0,0,1,0,96,3.76744186046512,0,"death",7.12054794520548
"1535","pi4773",0,0,-0.958538587548981,147.5,2.05434782608696,2.42425808353821,0.0532115361907609,1.72384052240343,18.0331453579364,1.81109430615544,1.6111441562559,2.68875282464901,0.764677474450301,12.7637566752586,8.77070126802246,6.96036295665566,80,1,29.7905621010617,0,0,0,0,0,244.892857142857,0,1,0,0,0,0,94,14.8101265822785,1,"censor",10.9123287671233
"1536","pi4779",0,0,0.67301314042704,96,1.64169381107492,4.17502699238714,0.102046738024156,0.889560304016769,13.8412283320901,0.98491554571955,0.81921110836662,1.68671208691809,1.04286600761542,9.46296931269971,4.04402038539946,4.97844610664825,69,0,25.1236534688035,0,0,0,0,0,384.857142857143,0,0,0,0,0,0,97,15.632183908046,2,"death",11.0520547945205
"1537","pi4782",0,0,-0.575677735420609,173.5,2.10096153846154,7.91199110913033,0.152794596215632,0.824874312420842,12.3694870915823,1.18337244527304,0.767776088290178,5.61546325158102,9.29519764889733,16.3840987577001,9.19102239405166,10.3221387274409,75,0,25.6429458961288,0,0,0,0,0,250,0,1,0,0,0,0,94,12.6845637583893,0,"censor",10.6493150684932
"1538","pi4783",0,0,-0.0223154575508104,130.5,1.13317191283293,7.0733590374295,0.15318294308882,0.993475149106795,11.254830557533,1.30148201902166,0.930675073540833,4.57203251745825,3.2870007926599,13.5146919826001,6.97430439682039,5.45880773308923,76,1,28.0534779737654,0,0,0,0,0,39.8928571428571,0,1,0,0,0,0,96,21.1764705882353,1,"death",9.97534246575342
"1539","pi4785",0,0,0.699332964841111,92.5,1.5325,3.93843388669742,0.0520246622946238,0.72822310617302,6.48283861252185,0.753494754975319,0.658230042367096,0.686025538732256,0.579270340504483,8.80200598094253,5.33944686791507,4.58234588343582,71,0,32.2658438814736,0,0,0,0,0,171,0,1,1,0,1,0,95,20.6611570247934,0,"death",7.71232876712329
"1540","pi4786",0,0,-0.10564982394625,101,1.25,5.61983369973414,0.0450554035673901,0.631138789348498,14.5869287411606,0.699095768353697,0.598038127914345,2.4360897538551,1.24521051193782,12.75339036866,7.04103650475121,5.45586158422242,70,0,36.1268641041798,0,0,0,0,0,116,1,1,0,0,0,0,98,8.53211009174312,0,"censor",10.4547945205479
"1541","pi4789",0,0,-0.20808453005185,138,1.72032193158954,3.98095156619624,0.0625696513715783,1.03561187551669,13.5570019775508,1.09202589639872,0.980223840592441,1.24153455419135,0.669747397457045,14.0578092811308,3.93670731090981,4.14058186454684,88,0,21.6899783635651,0,0,0,0,0,151,0,1,0,0,0,0,83,17.8947368421053,0,"censor",10.0958904109589
"1542","pi4790",0,0,-0.50411786941892,18.5,0.181818181818182,5.86198466003493,0.0697346226978566,0.696190841166893,16.0768924616925,0.733896142698754,0.644412208650194,2.1610965818619,0.463114094601043,9.23938387022262,5.11425372162861,4.41743977333097,89,1,26.033930624036,0,0,0,0,0,48,1,0,1,0,0,0,97,7,0,"death",7.90958904109589
"1543","pi4791",0,0,-0.23221147972265,214.5,2.35402298850575,4.6388937724937,0.0924465271696931,1.05627090589994,21.0362985794088,1.10064918165545,0.970710490388757,3.16839984582057,1.57190192261374,16.0851746177835,6.9887931853019,6.94733321310673,68,0,21.3846880907372,0,0,0,0,0,82.25,0,0,0,0,1,0,96,6.13466334164589,0,"death",6.54794520547945
"1544","pi4792",0,0,-0.35792494682357,191.5,1.80603448275862,3.71483764661835,0.0548529920203675,1.03980774254078,12.136893920413,1.09787905182092,0.97427162099737,1.46922791992703,1.22747908136786,8.66871801964004,5.0117163367924,5.85202524070273,83,1,27.587527206418,0,0,0,0,0,165.571428571429,0,0,0,0,0,0,99,27.3988439306358,0,"censor",10.7041095890411
"1545","pi4798",0,0,-0.21380819389739,121,1.76140350877193,5.61018002321989,0.0377768423420276,1.37513656846074,12.9106579160221,1.39897447446118,1.28012705818438,1.79697440695897,0.487782957197538,15.7488329568224,6.57095297758218,5.49382165672097,73,0,32.5427292987853,0,0,0,0,0,75,0,0,0,0,0,0,94,9.38931297709924,NA,"censor",10.5287671232877
"1546","pi4801",0,1,0.1998253850086,79.5,0.82903981264637,5.08236424035752,0.0814584907609182,0.725579136532611,16.4524514232195,0.755989729683352,0.685963468458272,2.58897607919631,0.811196168340842,12.1240424215931,5.7443242195413,5.08559914390672,73,1,28.6366508034407,0,0,0,0,0,158.25,0,1,0,0,0,0,95,25,NA,"dementia",11.8109589041096
"1547","pi4806",0,1,0.26698146798982,138.5,1.88977955911824,6.23514542903472,0.0533098067531576,0.727058377806288,14.945230731014,0.745103210287845,0.665052548401688,1.6527661023572,0.579320629286159,10.9637319985,3.37844875503046,2.26156997129879,72,1,30.0538250995402,0,0,0,0,0,124.75,1,1,1,0,0,0,91,22.9508196721311,0,"dementia",3.22191780821918
"1548","pi4810",0,0,-0.00423870855942993,211.5,2.35699797160243,6.07602580393862,0.0623431750664335,0.813980172849887,13.3635032150289,0.833897938341751,0.761209886449677,1.10751252956552,0.636883825856739,14.5968311555428,5.52503569229461,4.39097235403476,74,0,27.3363336611982,0,0,0,0,0,138.464285714286,0,1,0,0,0,0,95,15.0898203592814,0,"censor",10.3671232876712
"1549","pi4812",0,0,-0.55348400343287,94,1.19047619047619,6.02262617410817,0.0939630160183265,0.855488636938797,14.4437573875566,0.905779527569017,0.78786987052207,1.94398451368869,0.849621341824908,8.53134386823027,4.25206432292843,2.86929552580344,90,0,24.753025987896,0,0,0,0,1,144.892857142857,0,1,0,0,0,0,93,8.57142857142857,0,"death",7.26027397260274
"1550","pi4813",0,0,0.15984699747512,43,0.571875,4.63465070506481,0.0916451129879519,1.07588037115609,15.9292074545422,1.18713064124636,0.982039644624994,2.98044619937242,0.902340617966355,6.41102689099297,4.30058361688913,2.45945304767264,74,1,32.3746393262838,0,0,0,0,0,206.714285714286,0,0,0,0,0,0,92,27.375,0,"censor",10.0301369863014
"1551","pi4815",0,0,0.36390210694136,226,2.64303178484108,4.1162620955487,0.0575463810008966,0.737702112993333,15.6541194165027,0.761240514096632,0.708334554221193,1.16691004353932,0.70674799625415,13.2700071835678,4.76566746746045,5.29420497716643,70,1,36.4457739385245,0,0,0,0,0,315.428571428571,0,1,0,0,0,0,92,7.47720364741641,0,"censor",10.586301369863
"1552","pi4818",0,0,-0.20150971774745,107,1.86924939467312,5.42418649331944,0.0587748735623332,0.957220256337809,14.4125652447979,1.01613408991483,0.903032498818776,1.44819043067719,0.695963813349074,11.8339776108939,6.87730712045246,5.64130443838835,73,0,25.1251124262228,0,0,0,0,0,184.214285714286,0,0,0,0,0,0,90,45.5614973262032,0,"censor",11.186301369863
"1553","pi4822",0,0,-0.462849902307519,211.5,2.66808510638298,6.37800520564146,0.038072966699383,1.15083406214923,13.8153195285036,1.19985026756177,1.05373043906586,1.66526911628047,0.798631379177489,15.3902616969169,7.52467416074479,6.47889161367565,70,0,25.7857614207225,0,0,0,0,0,175.857142857143,0,1,0,0,1,0,97,51.1764705882353,0,"censor",10.3342465753425
"1554","pi4823",0,0,-0.0243466334745804,158,1.81919642857143,4.73649204133347,0.0919346759893805,1.20635882925171,18.4332000733371,1.33127772312872,1.09292205933268,2.4014448995678,1.41621651963505,16.0695226314321,4.95885008211929,4.6698601698928,72,1,33.3168216618596,0,0,0,0,0,125.75,0,1,1,0,0,0,92,18.7381703470032,0,"censor",3.14520547945205
"1555","pi4824",0,0,-0.86231187904863,191,2.67796610169492,6.18423028892463,0.042667008565935,1.16297466470623,11.5131861749948,1.20461887559603,1.08443236788434,1.95323591743618,1.07236923089825,14.3824312265965,9.64298959644444,9.04399035162796,74,1,31.3813850331191,0,0,0,0,0,155,0,0,0,0,0,0,98,7.53768844221105,0,"censor",9.92876712328767
"1556","pi4827",0,0,0.54094152360301,92,1.05581395348837,4.03538320845128,0.050927318764119,0.599225194789001,14.3461792734327,0.625572935799563,0.5649127745769,1.39592113851731,0.782765030829609,6.71475033442003,4.43330837688633,4.10823573176844,69,0,33.8962043441239,0,0,0,0,1,78,0,1,0,0,0,0,94,25.7142857142857,0,"censor",10.4904109589041
"1557","pi4829",0,0,0.3258169875334,146.5,2.7328990228013,4.00521976292487,0.0477507253486068,1.09792605696576,11.05037267516,1.13068734530006,1.02910699429258,1.04263808334123,0.489542216548023,13.5960411287217,5.44848329970199,4.92420059644507,71,1,23.7664824269144,0,0,0,0,0,260.214285714286,0,0,0,0,0,0,99,1.37254901960784,0,"censor",10.7041095890411
"1558","pi4831",0,0,-0.71495807044147,69,1.07042253521127,4.83592892345502,0.0720180739103002,NA,18.8163794508252,NA,NA,4.91185318163446,NA,8.98550594203778,8.22173383549144,NA,73,1,35.2080475537266,0,0,0,0,1,238.5,0,1,1,0,0,0,93,81.2658227848101,0,"censor",10.7260273972603
"1559","pi4832",0,0,-1.06835002540824,250.5,1.8559670781893,7.00237482369273,0.0746267042720914,0.51143288034906,17.5371651343128,0.537081811955257,0.481750290172771,3.9034312345555,1.04335638754658,9.51962248909721,10.2109233785499,4.8521056106388,75,1,27.1277928218326,0,0,0,0,0,11.0357142857143,0,1,0,0,0,0,87,7.3972602739726,0,"censor",10.7369863013699
"1560","pi4835",0,0,0.0874624980204302,129,1.66898148148148,4.75128558097513,0.0719186131757539,0.793785177552069,13.2332633898305,0.884373558486651,0.759246731690312,1.85379794644007,1.68887477506697,12.0306992489291,5.52644559481519,5.0190875325987,72,0,22.9309679025754,0,0,0,0,0,131.214285714286,0,0,1,0,0,0,99,2.4,NA,"censor",10.3835616438356
"1561","pi4840",0,0,-0.681571229417059,262,2.54888888888889,4.22560205887648,0.0260354155044357,1.76701507218163,12.6096365598398,1.83560283827886,1.5791309591891,1.80133344345434,1.1814956957953,13.2960907952161,6.99762851911868,5.63982857452349,73,1,24.9639200629165,0,0,0,0,0,217.071428571429,0,1,0,0,0,0,93,23.7606837606838,0,"censor",11.1972602739726
"1562","pi4841",0,0,-0.590126283984161,244,1.87846153846154,3.7326778339987,0.0351336772302323,0.864557011729925,18.8525162724228,0.917480731103502,0.828055709624816,2.61955410887284,1.39590015564464,12.9643586420878,7.57406972622217,7.36540177399849,74,1,25.3723683375909,0,0,0,0,0,151,0,0,0,0,1,0,91,27.0135746606335,0,"censor",11.6794520547945
"1563","pi4842",0,0,-0.08646579881284,212,1.78224687933426,5.66104375572544,0.0171859009836382,0.544017845457325,10.644474135304,0.555523997824568,0.521357156396415,0.513987554540819,0.45313494408574,13.3533338534275,5.18064307861179,0.632182359436165,79,0,23.314097413508,0,0,0,0,0,97.9642857142857,0,0,1,0,0,0,98,57.6334106728538,0,"death",3.27397260273973
"1564","pi4844",0,0,0.18511229222395,270,3.48598130841121,6.25889209714248,0.0374694177359969,0.664213198343095,10.4730056192579,0.696766186308106,0.619764848188032,1.36415255421012,0.336210083555393,18.1247961668616,6.22845105490976,2.30294426620533,69,1,31.2618847683123,0,0,0,0,0,139.25,0,0,0,0,0,0,97,11.3312693498452,0,"censor",10.8301369863014
"1565","pi4845",0,1,-0.3978862135185,152,1.20840336134454,4.41958488339758,0.0327142806927918,0.857247662497513,15.0630549402606,0.877641220668397,0.827561075421319,1.16877272400403,-0.290595089037681,9.7287707046229,6.58777693523339,5.64865802089427,83,0,31.6251966668609,0,0,0,0,0,60,0,1,0,0,0,0,96,50.6435643564356,0,"dementia",0.536986301369863
"1566","pi4850",0,0,-0.25897584814951,77,1.03586497890295,7.25300331765436,0.0998468699553636,0.760572547493354,13.1995389530349,0.787983564336187,0.725395731243695,1.09842580228648,0.510476551477647,9.15630002488641,7.22198226425327,5.81410278100137,77,1,26.389396091278,0,0,0,0,0,121,0,0,0,0,0,0,87,4.63917525773196,0,"censor",11.4219178082192
"1567","pi4855",0,0,0.486135773481909,118.5,1.48441926345609,4.3626674950605,0.0674110263377707,0.956391817353552,13.9629091807652,1.05777665854968,0.827046969227211,1.30068901260763,0.520580928827127,11.5658494875038,3.82349652888552,3.2828836162156,72,0,34.2659084793603,0,0,0,0,0,85,1,1,0,0,0,0,97,36.8789808917197,0,"death",10.1205479452055
"1568","pi4856",0,0,0.13992044661137,148,2.12277227722772,4.52758761866623,0.0853279901169288,0.989556507839241,15.2155050075216,1.03068560866696,0.944992288515645,2.02489801564758,0.6002823510352,14.8816896023686,6.62949022832298,5.58614414694034,72,0,26.956022929263,0,0,0,0,0,143.428571428571,0,1,0,0,0,0,92,13.5338345864662,0,"censor",10.9369863013699
"1569","pi4858",0,0,0.0299760440288907,105,1.40760869565217,3.98135149119604,0.0585567444365849,0.786971616085102,13.8352487757927,0.823576281515012,0.733861667047959,1.64915390298198,0.652399755056432,9.43352716786321,4.74844285111452,3.54007314763445,80,1,24.106401840287,0,0,0,0,0,111,0,0,0,1,0,0,94,18.018018018018,0,"death",3.98630136986301
"1570","pi4862",0,0,0.61948979037426,215.5,1.66852886405959,4.76187761920733,0.0350866574910633,0.582263129834487,7.328916670937,0.599576869185106,0.554246280512427,0.206827219770215,0.92364325596416,9.44228056089733,4.59409981303964,3.19978999063114,69,0,26.7124861271332,0,0,0,0,0,136,0,0,1,0,0,0,99,7.61904761904762,0,"censor",10.9917808219178
"1571","pi4863",0,0,-0.64291487426927,38.5,0.211740041928721,6.52268508065068,0.0959282775323397,0.960074942420048,14.7602003399204,1.24324604738108,0.915798502202742,2.41674078832645,1.20166239033372,10.3710575598756,7.78264200653557,7.27198057307941,79,1,30.4118903811322,0,0,0,0,0,145.5,0,0,0,0,0,0,99,14.0700808625337,0,"censor",10.3397260273973
"1572","pi4865",0,1,-0.173343078698321,128.5,1.30337078651685,3.75906976565775,0.0653166430431346,0.812166198613178,16.1475806414449,0.897209286669526,0.77927879354175,1.95710313022392,0.658069738203048,11.2826491769346,3.791192271997,4.35031635216494,87,0,22.3157213121947,0,0,0,0,0,110.714285714286,0,0,1,0,0,0,92,24.9329758713137,1,"dementia",3.31780821917808
"1573","pi4869",0,1,-0.10304040929837,77,1.04804804804805,4.45446213302886,0.0263076283808162,0.83470941555432,12.9442370159125,0.853910604799687,0.791421526309394,1.38790061738309,0.433063643432015,13.1267340786215,4.75794381281019,3.43173242817274,83,1,23.9095881882201,0,0,0,0,0,37.1428571428571,0,1,0,0,0,0,92,1.79401993355482,0,"dementia",1.11506849315068
"1574","pi4872",0,0,0.338157893344599,81.5,0.867117117117117,4.63182150590335,0.0649944861292436,NA,6.73663754272211,NA,NA,1.02042733126973,NA,8.59551790596365,3.93386257263277,NA,82,0,28.1266456167924,0,0,0,0,0,49.5714285714286,1,0,1,0,0,0,89,12.6813880126183,1,"censor",3.44109589041096
"1575","pi4873",0,0,-1.11988167730188,152,1.6189376443418,4.38795806760633,0.0332745689286549,1.37681917678278,14.3468983039252,1.53300552717734,1.29680464985935,2.22958501763157,0.923413732376376,10.803775756557,10.0414831621352,6.06457142005513,77,1,32.3862142342995,0,0,0,0,0,263.428571428571,1,1,1,0,0,0,95,32.4923076923077,0,"censor",11.1506849315068
"1576","pi4876",0,0,-0.72799061618887,96.5,0.986440677966102,4.80460584143467,0.0375958317034136,0.991070015966424,18.1405741915718,1.02418069988611,0.9111098468368,1.79233840579048,2.76509995488476,8.88127598068966,6.00316572310529,4.50038418806572,82,0,34.5887274577421,0,0,0,0,0,141.321428571429,0,1,0,0,0,0,84,54.0875912408759,0,"death",9.55342465753425
"1577","pi4878",0,0,-0.525859642075559,88.5,0.860687022900763,3.67569675779028,0.0472860773703513,1.11407047731023,18.1701749940449,1.17081198040619,0.998575690719994,1.9331031016355,1.76565257538987,8.17833288600905,3.93930120302285,3.85211804316311,82,1,30.2736802761456,0,0,0,0,0,86,1,1,0,0,0,0,96,24.0284360189573,0,"death",4.74794520547945
"1578","pi4880",0,0,0.668500152325031,241,2.93465346534653,4.89528772362809,0.0842730007021483,0.823893727527689,11.5541771780293,0.859161175835422,0.787771557351332,1.09107341739027,0.277792338567853,16.3254630083346,5.19939431623414,4.87469938275137,69,1,26.4560314002005,0,0,0,0,0,112.5,0,1,0,0,0,0,98,24.0601503759398,0,"censor",9.84383561643836
"1579","pi4881",0,0,-1.16804131217005,132.5,1.944,6.47025941964149,0.0198329225831363,0.94680535981025,21.8595222233315,0.967321870168114,0.897705389768218,4.35755661499244,0.467864028126425,12.8788223803263,9.19370191409571,6.58013149090908,74,0,37.3659705222361,0,0,0,0,0,304.571428571429,0,1,0,0,0,0,96,47.6129032258064,0,"death",5.4958904109589
"1580","pi4882",0,0,-0.650551979748511,75.5,0.49581589958159,6.07592065955704,0.0822231573957992,0.707047835251813,9.97141604270968,0.815326412167654,0.665814311307251,3.04457565499966,1.32484579541755,10.2284757836307,10.6221114614034,8.84582599472471,77,0,33.7458744638488,0,0,0,0,0,80,0,1,1,0,0,0,89,10.3206997084548,NA,"death",11.2301369863014
"1581","pi4883",0,0,-1.05694859989912,137,0.521462639109698,10.5321440928009,0.132791667460373,1.07509367750017,12.5790935124446,1.60423599585133,0.793605278587786,7.94630676242113,4.61728073929453,12.2767751766097,7.70972898202395,6.53031876453605,79,0,30.9918452292467,0,0,0,0,0,37.1428571428571,1,1,0,0,1,0,86,7.04453441295547,0,"death",8.13150684931507
"1582","pi4885",0,0,0.183199625742471,146,2.99677419354839,4.29277924026681,0.0419943900483539,0.70909646142132,12.0607033820343,0.724300140642924,0.676577462981505,1.44465074636414,0.298973517264658,13.6112930047068,5.30138036067112,4.81487585794437,76,1,29.6465671626615,0,0,0,0,1,85,0,1,0,0,0,0,92,5.6353591160221,0,"death",3.47397260273973
"1583","pi4887",0,0,0.0859151382550294,230.5,3.21361502347418,3.3164496878093,0.0391527374063904,1.11229015895689,12.3033191321164,1.14942577133546,1.03506240142653,1.13607379356032,0.652528247313361,14.4335419037525,5.69325587181325,5.43230300245586,73,0,33.0232274352601,0,0,0,0,0,63.1428571428571,0,1,0,0,0,0,96,15.5675675675676,NA,"death",6.33698630136986
"1584","pi4888",0,0,0.18148784572881,89,1.20689655172414,3.52445864791348,0.0734859519269359,0.72414890759779,17.1261242325546,0.77304034640704,0.702270526683757,1.92584972625285,0.733320838923107,9.58052602577219,4.45729241050146,3.81908287988795,78,0,25.2866584882933,0,0,0,0,0,151,0,1,0,0,0,0,98,9.9375,NA,"death",4.98082191780822
"1585","pi4889",0,0,-0.71556322972873,209.5,2.54742547425474,8.52882982619025,0.0280716373867144,0.63132649589368,14.6304476648605,0.646532850110298,0.610591296785596,1.63616915709349,0.404662122987862,19.7009164094211,8.07358514113704,8.77977990263421,76,1,28.3617614960003,0,0,0,0,0,121.142857142857,0,1,0,0,0,0,92,1.09422492401216,NA,"death",3.68219178082192
"1586","pi4894",0,0,-0.93296757378645,119.5,1.45598194130925,4.92511198481289,0.0813496638400162,1.03449429137626,22.0688796964208,1.12899632303405,0.950962790731102,2.46437403853333,0.981103035004474,11.1645375569541,7.84373145257037,8.40484851259884,80,1,22.840924261303,0,0,0,0,0,165.714285714286,0,0,0,0,0,0,98,21.3880126182965,0,"censor",9.84109589041096
"1587","pi4895",0,0,-0.63937544340446,233.5,2.75471698113208,4.77163594340047,0.0344526644181882,1.33055248034082,11.8988351309373,1.38672513935368,1.21322460820455,1.22039867710563,0.574501862619536,17.4669737981434,6.20811132845291,6.58840181997139,84,1,23.2008755329002,0,0,0,0,0,178.571428571429,0,0,0,0,0,0,99,11.3265306122449,0,"censor",10.0876712328767
"1588","pi4896",0,0,-0.143126486216831,95,1.34878048780488,5.49433422439796,0.0427946488562079,0.877909877728049,10.2912675844348,0.907055067433718,0.810633452012047,1.64917537411015,0.903527570559693,9.3785806149257,5.50474962136042,6.73462776119857,78,1,29.5871143362992,0,0,0,0,0,139.642857142857,0,0,0,0,0,0,99,7.54966887417219,0,"censor",9.71780821917808
"1589","pi4898",0,1,-0.772242905733439,94,1.39189189189189,8.70588578472324,0.120886109969557,1.01026029291312,12.135271120722,1.11218758932278,0.954464131935546,2.77834129874051,0.990930127889524,16.391607703396,9.52556668158675,10.0341776476337,79,1,30.8034917423862,0,0,0,0,0,199.214285714286,0,1,0,0,0,0,97,9.51724137931034,1,"dementia",10.9123287671233
"1590","pi4900",0,1,0.0108001945668804,130.5,0.945773524720893,3.45000956377551,0.0248484072069767,0.813390964970777,12.9540669683793,0.832149536989558,0.766361047982449,0.922826102834453,0.408800637170281,6.80863824831408,4.99582842186878,5.10574112518601,79,1,33.1986393958928,0,0,0,0,0,161.714285714286,0,1,0,0,0,0,98,0.392156862745098,NA,"dementia",3.29315068493151
"1591","pi4901",0,0,0.134405259232609,22.5,0.681818181818182,4.42246753096152,0.169729874850178,0.507231619888569,15.4190018173819,0.849685426313153,0.404679662429479,6.74357048615132,6.35888220626314,12.0324396963675,6.94844652594616,6.32530731719126,78,0,32.3798638923642,0,0,0,0,0,99.3928571428571,0,0,0,0,0,0,91,24.8951048951049,0,"death",3.82191780821918
"1592","pi4905",0,0,0.0626729988544596,215.5,2.20736434108527,3.52894664934838,0.0655178462932188,0.73459843421754,13.8068316905646,0.795546829113306,0.706303141987825,1.50022359228579,0.985851304347263,13.097412316763,6.04369116039312,6.28402059909776,76,0,28.3912731264219,0,0,0,0,0,156.071428571429,1,1,0,0,0,0,91,12.9639889196676,0,"death",9.19452054794521
"1593","pi4908",0,1,-0.80355676906765,218,3.07733333333333,10.3479476264581,0.0703816763390256,1.01600634779979,9.25453669058674,1.08476821740722,0.966396035645784,1.25237286059647,0.270519253337471,17.2866356422272,7.49582181053535,7.97769586053737,79,0,25.9886256565919,0,0,0,0,0,64.2142857142857,0,0,0,0,0,0,95,9.11602209944751,NA,"dementia",0.904109589041096
"1594","pi4909",0,0,-0.3226308393363,159,1.56968641114983,6.97789087202499,0.0537320258431645,0.875760416354532,13.1542032739451,0.904669566869847,0.806271324666783,1.42268107224198,0.715456608217389,10.9667657290043,5.47225138836352,5.72784833995182,77,0,24.7727818961316,0,0,0,0,0,141,0,0,0,0,0,0,95,5.75342465753425,0,"death",11.1890410958904
"1595","pi4911",0,0,0.55618656928945,90.5,2.05037783375315,5.5091580536686,0.060620564263528,0.717902540357675,8.88145407789807,0.746910608885743,0.694235209745771,0.998952982783569,0.245164429309914,10.7951782148376,6.18444917153802,5.47669581825544,68,0,36.2282296128726,0,0,0,0,0,186,1,1,1,0,0,0,88,2.98245614035088,0,"death",10.4821917808219
"1596","pi4912",0,0,0.48682152732603,63.5,0.793367346938775,6.61074336681425,0.0731322721462656,0.871078323596152,12.689878836276,0.958065917587267,0.81708443952885,1.73811370452279,0.878337384519807,15.4440333984588,4.25702759537605,2.55705383865748,70,1,34.2762148775911,0,0,0,0,0,213.678571428571,0,0,0,0,0,0,98,29.7574123989218,0,"censor",10.2383561643836
"1597","pi4913",0,0,-0.54315426182991,181,1.83476394849785,6.3113858690907,0.0546490008132605,0.718940738231444,12.240791863389,0.742945819405974,0.673521271635044,1.87380389259255,1.0892934720517,12.1659375156151,6.45637152738607,5.45775073234554,81,0,25.1869342778434,0,0,0,0,0,176.714285714286,0,1,0,0,0,0,87,17.0704225352113,0,"death",9.75068493150685
"1598","pi4917",0,0,-0.0578010546334696,74.5,1.29779411764706,5.29033650210498,0.0921445331770345,0.906207594621544,15.1722028455946,0.964573939132702,0.855984961974137,2.21161723924001,0.905837517242191,8.89390992017219,4.23153007555654,3.15353952608982,80,0,27.547746571764,0,0,0,0,0,70,0,1,1,0,0,0,92,17.4846625766871,0,"censor",10.3260273972603
"1599","pi4918",0,0,-0.17136634289607,55,0.439024390243902,6.82354278640039,0.0541098283516263,0.84231046212069,17.412208953856,0.871886563768731,0.77403639352724,2.7544218880029,1.03459823020244,12.2271485128133,5.90904893290618,5.4376780336017,71,1,22.7994430230184,0,0,0,0,0,203.178571428571,1,1,0,0,0,0,98,11.5051546391753,0,"death",10.4328767123288
"1600","pi4921",0,0,-0.0720870042536603,153,2.12303664921466,4.84060002000668,0.0266447825266897,0.80767224512719,15.74662857903,0.827262555075847,0.771708739417192,2.41427667005708,0.901997224704191,13.7071505763457,5.87483642406101,5.39619531837212,71,1,26.2735215967053,0,0,0,0,0,205.642857142857,0,0,0,0,0,0,95,0.830449826989619,0,"censor",10.1397260273973
"1601","pi4925",0,1,-0.14228612398509,239.5,3.4358407079646,4.78224525449344,0.0746322687868568,0.805037959336284,12.5154099088134,0.854225059313684,0.780983785519115,1.44643039805337,0.653568158427816,16.5306669120515,6.6001346847034,5.51318508281659,78,1,23.8424656938245,0,0,0,0,1,50,0,1,0,0,0,0,89,4.94845360824742,1,"dementia",2.51232876712329
"1602","pi4926",0,0,0.0561223272138093,236,2.14516129032258,4.90493336086008,0.0690552998807003,1.09975976078112,17.6902734173873,1.16950140759598,1.02043779057009,2.11912705551772,0.807131432640813,12.6482884573887,4.76116055723078,4.79761922095799,70,1,30.0080904494139,0,0,0,0,0,175.214285714286,0,1,0,0,0,0,99,8.30097087378641,0,"censor",11.2904109589041
"1603","pi4927",0,0,-0.768108906116839,169,1.29435483870968,5.02870162768173,0.0372600353564335,0.746913784927454,18.0191134459192,0.785087810889844,0.701863573903719,2.29800495835308,1.83216354803186,11.0672299060463,7.87790103681133,6.14715090656827,74,1,25.8655215379139,0,0,0,0,1,176.5,0,0,0,0,0,0,92,89.1666666666667,0,"censor",3.31506849315068
"1604","pi4929",0,0,-0.04049957923812,106.5,1.59158415841584,3.55937280992865,0.0216222479426338,1.01652615600986,12.0692262253082,1.03796506157638,0.956376595889032,0.868541550103785,0.206596521787741,9.67685070312977,5.31389321671444,9.8653014659187,80,0,22.7198356587657,0,0,0,0,0,173.5,0,0,0,0,0,0,92,27.2238805970149,0,"death",4.3972602739726
"1605","pi4931",0,0,-0.0395737269341694,129.5,1.44292237442922,6.08486489759005,0.109960802789874,0.793442471769741,14.0492596030175,0.820590498343147,0.755499758993325,1.77494992044309,0.608082505807391,10.7955704780341,7.34250167576015,5.24455903663611,74,1,25.3194802926507,0,0,0,0,0,184.642857142857,0,0,0,0,0,0,95,15.886524822695,1,"censor",10.0547945205479
"1606","pi4932",0,1,0.409896797913051,34.5,0.511530398322851,4.30235902459903,0.0443679581743068,0.513702695095028,12.2727969872841,0.539809290506175,0.477251947710284,1.23726251526229,0.762538083393079,4.05492036465096,2.83653821351905,2.16014817679416,78,1,34.0359195664032,0,0,0,0,0,234.285714285714,0,1,0,0,0,0,84,7.26708074534162,1,"dementia",10.6849315068493
"1608","pi4936",0,0,-0.95073763525093,65.5,0.834033613445378,6.68249043637988,0.0514538100471957,0.908510138999282,12.061984894776,0.951495216464623,0.815690354132354,1.74881314289853,1.53548046194931,7.60072883832982,7.60544135907087,9.63586378348869,82,0,25.2989403609105,0,0,0,0,0,191.714285714286,0,0,0,0,0,0,90,14.8787061994609,0,"death",7.74246575342466
"1609","pi4938",0,1,0.62695127219486,67,0.997429305912596,4.0806680369166,0.10889363851097,0.631100514501995,12.2660979945456,0.649391419216138,0.606168554296955,0.968458146337389,0.349922868578595,6.27656821150522,3.46178677667462,2.93136168345725,80,1,23.3120166567519,0,0,0,0,0,61,0,0,1,0,0,0,100,1.99115044247788,0,"dementia",6.84383561643836
"1610","pi4939",0,0,-0.567950682542229,200.5,2.48529411764706,6.0359616157853,0.0410713300460483,1.1423773446489,12.8683063489503,1.21959102101016,1.06739184964494,1.77833066766339,0.635460936689437,14.3387092843763,5.93637790130608,6.66334114814625,80,1,24.6067426406672,0,0,0,0,0,171.464285714286,0,1,0,0,0,0,94,30.9192200557103,0,"death",7.96986301369863
"1611","pi4940",0,0,-0.47171869269167,125,1.52156057494867,4.57335029525839,0.0454894654618623,NA,11.7916000863258,NA,NA,1.87820674638802,NA,8.89190148884935,6.72263425227504,NA,79,1,23.1739357696975,0,0,0,0,0,194.285714285714,0,0,0,0,0,0,91,17.5415282392027,0,"censor",10.2465753424658
"1612","pi4941",0,0,-0.10884894292831,98,1.53826530612245,5.41955450528393,0.0472674610272083,0.741444067919601,16.885350595081,0.76837886585646,0.70570200119275,2.23086955546488,0.805505011640803,10.7155833620889,6.65029814462609,7.43374703882684,70,1,31.1477375099091,0,0,0,0,0,160.392857142857,0,1,1,0,0,0,91,6.99386503067485,0,"censor",10.0876712328767
"1613","pi4942",0,0,-1.42918747483775,373,3.98177676537585,12.5955771430379,0.0521821272993932,1.24489312813951,14.5433962815719,1.33710845252448,1.08666183786014,2.04452442041875,1.12251210284579,18.3843269254037,6.41731879035703,4.47370995896847,73,1,31.7988119834711,0,0,0,0,0,116,0,0,0,0,0,0,95,9.19220055710306,0,"censor",3.5972602739726
"1614","pi4943",0,0,0.15490509698417,263.5,1.71884984025559,6.06376765008373,0.059588772446398,0.514728135294038,12.6211566210093,0.560093743693452,0.482475335515239,1.39588914570084,0.32928052873721,12.4469967864413,6.4898381334283,3.19458884829458,71,0,25.6214166732431,0,0,0,0,0,190.964285714286,0,1,0,0,0,0,84,4.53400503778338,1,"death",9.33972602739726
"1615","pi4944",0,0,-0.2374497964714,86,1.23059360730594,4.85403367019068,0.0379928456663734,1.33803494241453,7.11359067200269,1.37295761637114,1.22416672864107,1.09288196405475,0.438252841978983,7.73013246763014,7.14766159766511,8.086624464319,77,0,28.0581365249767,0,0,0,0,0,126,0,0,0,0,0,0,98,10.2717391304348,1,"censor",10.9561643835616
"1616","pi4945",0,0,0.38260188603129,103.5,1.66978193146417,5.31564950529272,0.0345769111314248,1.21129767803143,12.4452145917294,1.24962988087861,1.12222491042739,1.40817939555522,0.601810475367726,15.7486920814463,4.00821871515906,4.43915590837781,70,1,29.4707077527282,0,0,0,0,0,206.464285714286,0,0,0,0,0,0,96,15.1419558359621,0,"death",1.43287671232877
"1617","pi4946",0,0,-0.24072910628404,150.5,1.56716417910448,6.36406262254558,0.0355611083719896,0.724351115975602,18.1002345026969,0.74642990166484,0.694819240671442,3.11470445346949,1.142534196396,13.7006670749742,6.48926488078705,6.38699484098102,68,1,26.5531444093184,0,0,0,0,0,239.928571428571,0,1,0,0,0,0,100,12.0689655172414,0,"censor",11.0712328767123
"1618","pi4947",0,0,0.15718878278541,75.5,0.596059113300493,3.39937147826506,0.0479029466582945,NA,15.6717427979264,NA,NA,1.11260433308393,NA,5.56576258069677,3.54368746985551,NA,80,1,30.3214041238766,0,0,0,0,0,136,1,1,0,0,0,0,89,23.3505154639175,0,"death",3.7041095890411
"1619","pi4948",0,0,0.0219059706213798,55.5,0.843564356435644,4.67768602464455,0.052194230271547,0.523884675630548,12.8371434528354,0.544852686876521,0.491514192519444,1.34219946616083,0.618661544711404,6.43520582746236,4.12201294377958,3.64303558259293,83,1,27.5133799046627,0,0,0,0,0,112.642857142857,0,1,0,0,0,0,94,9.54545454545454,0,"censor",6.16712328767123
"1620","pi4950",0,0,-0.0795557851182096,73,0.571005917159763,4.53824293564257,0.0627216349208831,1.12719886755093,12.2034341618884,1.21888877106376,1.01780789050579,2.77568672477028,1.8554729994274,6.83946908766138,6.84763031155575,6.83305243976311,68,1,39.897027831893,0,0,0,0,0,191.642857142857,0,0,1,0,0,0,97,8.10810810810811,0,"censor",10.1068493150685
"1621","pi4952",0,0,-0.38747499275791,122,1.65110565110565,4.29781697939105,0.0398449849509436,1.05503250738807,12.139839948635,1.07737390571913,0.970161282201471,1.57863178076638,0.447192796139943,9.44911814153464,7.40190573374043,5.44660867234835,78,1,24.8900148036947,0,0,0,0,0,190.928571428571,1,0,0,0,0,0,100,9.11392405063291,0,"censor",3.02739726027397
"1622","pi4954",0,0,0.42796791368782,85,0.934389140271493,4.5834653159688,0.0733011393767824,0.376315544797943,14.7727954047537,0.393524534921213,0.35836955484474,1.30923244864086,0.319328085373987,8.40731105890502,3.15909651801338,2.47107688629917,81,0,30.568460016321,0,0,0,0,1,53.9285714285714,0,1,0,0,1,0,88,40.8365019011407,1,"death",7.02465753424658
"1623","pi4955",0,0,-0.45622409882906,245,2.61688311688312,7.550666126117,0.0503831233261293,1.04186979947309,18.6624372336535,1.09912195330248,0.944069429040365,1.8880010735868,0.976546090498768,14.0764969218221,4.87966886958892,3.00648850340761,70,0,28.0075931697038,0,0,0,0,0,202.428571428571,0,1,0,0,0,0,93,15.3760445682451,0,"censor",10.6849315068493
"1624","pi4958",0,0,-0.26304691182323,169.5,1.96296296296296,3.92641259964393,0.0531533361436264,0.754980037409503,18.6726654669278,0.803346123884031,0.712901855657925,2.3436811207508,1.66525503746729,11.4218115861478,4.81830500524837,4.55111413154111,76,1,33.7845974120863,0,0,0,0,0,160.071428571429,0,0,0,0,0,0,99,21.3861386138614,0,"censor",10.972602739726
"1625","pi4959",0,0,-0.0849837367293205,90,1.7258064516129,5.21448696689443,0.0762042859121837,0.804131222616461,13.3429763300311,0.868885274501761,0.740646185875512,1.51824462495873,0.930958676404307,11.1931265363017,4.28580743909628,4.81961289461647,82,1,29.4704354699085,0,0,0,0,0,197,0,0,0,0,0,0,89,45.8653846153846,0,"death",2.67671232876712
"1626","pi4963",0,0,0.22616859866266,106.5,1.47522522522523,3.48633597039426,0.0510739074844226,1.18447870318848,15.4625755838037,1.23529087857865,1.08863633124259,1.64851889725761,0.556205498387709,10.95848289471,5.21817558843038,4.50901956797867,71,0,28.8384634071153,0,0,0,0,0,325.714285714286,0,0,0,0,0,0,99,21.1965811965812,0,"death",7.93972602739726
"1627","pi4965",0,1,-0.35589872986849,86.5,1.53822629969419,5.71633606573768,0.0548883196735694,NA,12.4891090457995,NA,NA,2.15857888382199,NA,13.7176351336951,5.65946235025138,NA,79,1,25.239504364363,0,0,0,0,0,70.25,0,1,0,0,0,0,95,6.22406639004149,0,"dementia",5.0986301369863
"1628","pi4966",0,0,-0.98711590401048,146.5,2.38643067846608,4.25231479301548,0.0377131998029273,1.19209207727309,20.3329559459561,1.23470360760206,1.11192999060995,2.68052498069442,0.908122829517203,9.60146420599853,6.66366454167982,5.15679062072279,80,1,29.8506164764577,0,0,0,0,0,207.357142857143,1,1,0,0,0,0,96,54.4086021505376,0,"censor",10.7753424657534
"1629","pi4968",0,0,-0.713829692807791,146,1.42857142857143,7.48145867687122,0.030287004253039,0.788973731323771,16.394877013309,0.815345451823554,0.751478007334695,3.43088934575958,0.573603729008334,17.5811024833231,7.33576014539471,5.04290301556528,78,1,24.0146418782943,0,0,0,0,0,187.428571428571,0,0,0,0,0,0,94,14.6062052505967,0,"death",3.87671232876712
"1630","pi4969",0,0,0.0543088014403097,102,1.71331058020478,4.9835302799048,0.0812747710832597,0.974509547411193,11.0552773137259,1.05499352577017,0.915294675238195,2.22600603228122,0.6875032739534,12.8421403928259,7.18540507011597,6.50208066383444,74,0,24.2893460272972,0,0,0,0,0,157.428571428571,0,1,0,0,0,0,97,31.2,1,"censor",10.2027397260274
"1631","pi4970",0,0,0.84069066523176,53.5,0.984084880636605,3.80989095600197,0.0648441881485656,0.644473630321476,7.81290878290376,0.670692027185103,0.610820354838301,0.843678079288811,0.444233673008852,7.22901148056632,3.51814127718858,4.27159129385983,76,0,29.1913566495879,0,0,0,0,0,95.6428571428571,0,0,0,0,0,0,100,8.04123711340206,0,"censor",9.63561643835616
"1632","pi4976",0,0,0.673040083531799,192.5,1.81118881118881,3.12890763548899,0.0622369554942827,0.770571551403787,12.2434660500258,0.818374915326793,0.724382410008728,1.21373900091189,0.727848408307878,11.4365145942192,3.69606686458644,3.41038032965592,73,1,24.553028966263,0,0,0,0,0,242.25,0,1,0,0,0,0,97,2.03883495145631,0,"censor",11.2767123287671
"1633","pi4977",0,0,-0.610063709407029,185,1.55337690631808,2.79056683585318,0.0375762918151385,1.10071329227814,15.2260688485758,1.14007786178228,1.01944628652206,1.48201305746812,1.73208335202067,11.2754572264158,6.28963651308352,4.44904612315218,81,1,21.0038228339388,0,0,0,0,0,129.642857142857,0,1,0,0,0,0,94,28.6538461538462,0,"death",6.41095890410959
"1634","pi4980",0,0,-0.10828917209728,295,3.2450495049505,4.78783385946269,0.0352923164854147,1.17662756826707,11.401532165849,1.21758397477168,1.08322998260714,1.29474933055241,0.516825193214861,13.6474392355894,5.85653511259924,4.47647045366414,72,1,30.4091798227942,0,0,0,0,0,113.964285714286,1,0,0,0,0,0,100,13.6633663366337,0,"censor",10.0328767123288
"1635","pi4983",0,0,-0.403346026054101,126.5,0.877862595419847,5.9664301391345,0.145592026997793,0.821894665199453,13.3902670783907,1.09419559855104,0.703349419707137,6.95540473499667,4.33089470775412,13.5709523543243,8.18408875521017,5.49694065011964,78,0,30.8707006506552,0,0,0,0,0,152.5,0,0,0,0,0,0,96,6.92307692307692,0,"censor",10.6986301369863
"1636","pi4984",0,0,-0.106237674589489,165.5,1.81973434535104,5.20443011065132,0.0700891735588513,0.813208336961542,19.3268788678236,0.852097250589306,0.763330772524699,2.38914503596265,1.1526503496244,11.661749609386,4.93865156315617,2.2034783904616,72,0,33.1064914306877,0,0,0,0,1,80,0,1,0,0,0,0,97,76.1467889908257,0,"censor",10.3698630136986
"1638","pi4989",0,0,0.2026588872095,58.5,0.849557522123894,4.75858331462255,0.0564801557671601,0.828291259072165,12.6382095254186,0.873491315242099,0.768181169419796,2.07840026674441,0.820340440100006,5.98782022825319,3.98917920287972,4.49678711676345,76,0,33.5212411357563,0,0,0,0,0,25,0,0,0,0,0,0,92,2.16867469879518,0,"censor",10.3150684931507
"1639","pi4992",0,0,0.287254061424621,49.5,1.1340206185567,8.53889696380009,0.055315107882842,0.724119153891054,13.567353984721,0.748995516682369,0.671481372852087,1.59191007539637,0.670067477311753,14.5045297250203,3.69123124447519,2.87421844840574,70,1,36.9325782419359,0,0,0,0,1,116,1,1,1,0,0,0,95,9.58466453674121,0,"censor",9.95342465753425
"1640","pi4994",0,1,0.0297026512851204,140,3.42105263157895,4.03502318267884,0.0373296780345299,1.38033524924877,8.81174229163086,1.43528476821269,1.24751252786817,1.31389139759455,0.154430571279017,12.2934034231171,7.16460667129584,6.52203513049014,70,1,21.81915796261,0,0,0,0,0,137.428571428571,0,1,1,1,0,0,92,7.96875,0,"dementia",0.780821917808219
"1641","pi4995",0,0,-0.2989508921479,236,2.35238095238095,6.14225936449731,0.0457214835534253,1.00713544323206,16.964572321317,1.04041162214429,0.931005291844819,2.61740781380296,0.765126750463133,15.1635691385009,7.01285283849896,5.72455811441291,68,1,24.3455990580466,0,0,0,0,0,165.428571428571,0,0,0,0,0,0,91,7.51918158567775,1,"censor",11.5452054794521
"1642","pi4997",0,0,0.26531407052307,121.5,1.33132530120482,2.7622034999234,0.0731858185087498,0.623182625191136,11.7610059241429,0.649638338214623,0.597432966956941,0.877310552959056,0.449346460108574,8.51816613416244,3.73437580139271,3.73758172752609,87,0,22.6759594081461,0,0,0,0,0,162.285714285714,1,1,1,0,0,0,95,3.8961038961039,0,"death",9.13424657534247
"1643","pi4998",0,0,0.641457788268811,76,0.923857868020305,4.5157888757278,0.0882618161189373,0.85546466557,12.0602047200283,0.896807804590239,0.794885927865754,1.59801506319961,0.782057731539196,10.2751910325675,4.33608222159487,3.64781521233552,72,1,26.7299274950717,0,0,0,0,0,164.892857142857,1,0,0,0,1,0,95,5.50143266475645,0,"censor",11.1424657534247
"1644","pi5004",0,0,-0.91366861177345,72,0.743440233236152,8.52923548265339,0.130956662420717,0.702499677488914,11.6520558084869,0.842276338417325,0.613378603259717,2.66827710782134,1.23608899249415,11.8859743499079,9.57250867297393,7.08022383443748,83,0,35.4752988100391,0,0,0,0,0,121.714285714286,0,1,0,0,0,0,88,19.8181818181818,0,"death",8.9041095890411
"1645","pi5011",0,1,0.3361292766407,275.5,2.1875,6.12814057291221,0.0682333595451133,0.997790545924828,13.3490024599966,1.0633316029534,0.94450719599107,1.12626949749854,0.642275172547419,9.53226531710749,3.35746524479254,4.56309093770217,69,1,32.9163828591112,0,0,0,0,0,261,0,1,0,0,1,0,98,17.5182481751825,0,"dementia",10.9095890410959
"1646","pi5015",0,0,0.742138264424089,195,2.22352941176471,4.36326523555882,0.0908643916946487,0.763825527276291,10.4671786218517,0.804150347107629,0.72370239157195,0.989464686674642,0.902021760642459,12.7743432322464,5.16157778790841,5.23483953253478,68,0,28.0362419475821,0,0,0,0,0,501.357142857143,0,0,0,0,0,0,97,8.7,1,"censor",10.813698630137
"1647","pi5016",0,0,0.20566001654559,82,1.25,2.82849875286292,0.0553193464807565,0.813197966063448,15.3432990379445,0.860668687297366,0.778431068720641,1.2739570826625,0.682269529624652,9.99781005327418,5.38018169999806,3.72158060633865,76,0,30.9172848216726,0,0,0,0,0,222.107142857143,0,0,0,0,0,0,97,14.8026315789474,1,"censor",11.241095890411
"1648","pi5017",0,0,0.4915235077246,122,1.99099099099099,4.06656510669464,0.0737002399233364,0.992393286838,9.46894260404902,1.06050013538467,0.901929450971474,0.853358606827238,0.621388812770758,15.7189541389092,4.18406462995508,4.30977869048039,78,0,24.441802087462,0,0,0,0,0,133.357142857143,0,0,0,0,0,0,96,2.85714285714286,0,"censor",9.37808219178082
"1649","pi5020",0,0,0.84978658326791,14.5,1.28571428571429,5.45743769018249,0.189042312670969,0.529666129548589,10.9291927241893,0.885964337609983,0.46187902714633,8.92104619533498,11.2102554030686,7.10648816960303,6.50419510892181,6.21223913506354,68,1,26.9012469052258,0,0,0,0,0,144.964285714286,0,0,0,0,0,0,93,4.01215805471125,0,"censor",10.0821917808219
"1650","pi5021",0,0,-0.985238824150819,94.5,0.85,4.18655736344389,0.026351537712225,2.08906674366346,13.9551929604333,2.25458324820318,1.74262447601296,1.98876782473786,0.779343699912099,8.25899011841337,7.14629108806442,10.9424829584945,78,0,29.7013341270541,0,0,0,0,0,157.428571428571,0,0,0,0,0,0,89,3.52,0,"censor",3.64931506849315
"1651","pi5022",0,0,0.110113090889141,85.5,0.97172236503856,3.31179162615281,0.0559583580736739,1.09099788670998,14.3426137944232,1.20781827331071,1.03678885128441,2.1337483122229,0.863706199855343,7.5521393860965,6.77767554013716,5.71690319119642,69,1,23.4840218328376,0,0,0,0,0,44.25,0,0,1,0,0,0,100,18.5635359116022,0,"censor",11.2027397260274
"1652","pi5024",0,0,0.56703257773077,111.5,1.26591760299625,4.34623185176431,0.0260714973730778,0.644883468945977,7.93881416522249,0.664160324175938,0.601616863133803,0.586227096584291,0.30223284833661,8.96166384373235,4.77047126455493,4.38451020630314,73,0,26.0535775268462,0,0,0,0,0,101,0,0,0,0,0,0,84,1.14558472553699,0,"death",10.986301369863
"1653","pi5025",0,1,-1.0002276878552,70.5,0.741758241758242,8.38692067746631,0.167903295565842,0.598197884124979,12.3282137708852,1.03422887315672,0.551458367569342,3.4676123017225,2.3032739993639,15.0234209141627,10.740468926746,7.78732991092267,80,1,26.0107015457788,0,0,0,0,0,231.785714285714,0,0,0,0,0,0,97,3.46153846153846,0,"dementia",3.64109589041096
"1654","pi5028",0,0,0.32927849299991,115.5,1.82122905027933,4.557326766954,0.130987314607289,0.620656016367701,14.549447448597,0.643964617367938,0.588058526177375,1.27838548888041,0.74389507563439,12.5645105782427,3.86976217631836,5.32181944659751,84,0,27.34375,0,0,0,0,0,233.5,0,0,0,0,0,0,98,5.8695652173913,0,"censor",9.77534246575343
"1655","pi5029",0,0,-0.47750748839503,20,1.42307692307692,4.36539059884852,0.0602935312999248,0.452150085465614,16.6823699027977,0.501557536345783,0.418879837488799,3.17331202093627,2.14175053057747,8.89112546861993,7.81053990281679,5.64294477900509,74,0,28.0806984989979,0,0,0,0,0,133.428571428571,0,0,0,0,0,0,95,8.80434782608696,1,"death",3.38630136986301
"1656","pi5030",0,0,-0.03777989077998,147.5,1.91076115485564,4.49530635916452,0.0576201518714737,0.900742844264642,9.5804189109007,0.964827036029947,0.821696065487508,1.17084514531132,0.518510005861717,10.7895754668115,5.20629836863709,6.25260143863158,82,1,25.2097126432724,0,0,0,0,0,219.285714285714,0,0,0,0,0,0,99,16.1029411764706,0,"censor",10.4931506849315
"1657","pi5033",0,0,0.53808969389622,41,0.714285714285714,3.92927531682117,0.0649049254833251,0.592209953844749,13.1298527231858,0.630196259029746,0.574110668871934,1.06321804580702,0.356915930279824,5.21820091068126,4.24376800322999,4.62413256097837,75,1,30.6355584141462,0,0,0,0,0,301.142857142857,0,0,0,0,0,0,89,3.26086956521739,0,"censor",3.43013698630137
"1658","pi5039",0,0,-0.699327874309991,148.5,1.73913043478261,6.229300549437,0.0666734032351968,0.856302369475364,17.3103323106965,0.896868173006028,0.803449790950432,2.16795976179515,1.41830279657114,12.7046580878224,5.39958026787002,4.9353044227108,82,1,32.5475142853074,0,0,0,0,0,69.7857142857143,0,1,0,0,0,0,96,8.48329048843188,0,"censor",10.6986301369863
"1659","pi5040",0,0,0.49672437226219,82,0.684210526315789,5.27700874001995,0.0890882505080425,0.339883163241298,17.2392037691264,0.346264867101306,0.3338944644172,1.90069139117009,0.364893321220925,8.74629495242689,5.36019255646245,3.3854553310877,71,1,37.1457106251864,0,0,0,0,1,176,1,1,0,0,0,0,87,23.4782608695652,0,"death",1.64109589041096
"1660","pi5042",0,0,-0.44065747751561,147,1.73875432525952,3.85804305325844,0.0654275912527675,1.1687487939853,13.7206370190719,1.2730549186429,1.03470652443111,2.39815571423696,1.11678143271144,13.6277573487743,7.02797728388343,9.06414183619121,80,0,27.3909465020576,0,0,0,0,0,202.428571428571,0,0,1,0,0,1,100,3.35570469798658,0,"death",9.48219178082192
"1661","pi5043",0,0,-0.17329066750608,133.5,1.71693121693122,3.70437567828521,0.043500235443813,0.699256955880319,16.8057520179903,0.720601426212617,0.666895205743724,2.23532576287668,0.531185786081349,13.1622682843503,5.8765528374179,4.72066917377275,80,1,30.8135914011118,0,0,0,0,0,97.2142857142857,0,1,0,0,0,0,94,17.2972972972973,0,"censor",10.2602739726027
"1662","pi5045",0,0,0.67426337927449,100.5,1.58407079646018,3.69779938099642,0.074126341402339,0.689017465328974,13.9276491713846,0.743189425057053,0.661140984929629,1.28815634045807,0.917241706297303,14.3060388297024,4.5939453125633,3.94109732997082,71,1,45.4346944810555,0,0,0,0,0,110.642857142857,0,1,0,0,0,0,94,10.989010989011,0,"death",7.25205479452055
"1664","pi5048",0,0,-0.47365605337688,115,1.55846774193548,5.03601403831388,0.0470352902159696,0.920804533688843,17.5846295163935,0.960868937457379,0.867428899521094,1.3128569331028,1.04072387564603,9.43756791291477,6.32604612753078,3.88854800319391,75,1,28.4210212063012,0,0,0,0,0,216,0,0,0,0,0,0,96,16.0248447204969,0,"censor",10.3561643835616
"1665","pi5050",0,0,-0.57855178712142,309,2.95035460992908,4.49314499513484,0.0586951367300352,1.66505199615413,14.3139308021996,1.75527001572522,1.49078573393879,1.71573580399884,1.10408886108937,15.0962553685626,6.58873589389937,5.74810064524874,74,0,23.2179930795848,0,0,0,0,0,227.142857142857,0,0,0,0,1,0,96,14.321608040201,0,"censor",10.7561643835616
"1666","pi5051",0,0,-0.0295400870254198,79,0.617283950617284,2.98657063539919,0.048973817705496,0.906774180500261,17.3119684769208,0.954489088035651,0.867442802105389,2.51461703589398,0.753729800124226,7.7598718573637,5.6789744392651,4.68917990610789,76,1,31.3398877557838,0,0,0,0,0,195.5,0,1,0,0,0,0,99,45,0,"censor",10.372602739726
"1668","pi5053",0,0,0.111098617245349,230,1.17258883248731,5.72032993532233,0.162868629580599,0.785894871713937,14.0645589569107,0.858288911823507,0.72161935593412,2.38503726209524,0.92166010209487,11.5014740907775,8.05397135261532,5.70505363760988,73,0,25.9111095233378,0,0,0,0,0,252.428571428571,0,0,0,0,0,0,98,2.67857142857143,0,"death",4.90684931506849
"1669","pi5056",0,0,-0.23937630258466,98,0.809815950920245,5.74292521139184,0.0655158485181183,1.08887995764782,16.7020510468553,1.17036905131135,1.04164887026354,2.5287648626718,1.31319441096883,8.33170611023805,5.71863912562976,5.72418627859833,71,1,26.1123993724097,0,0,0,0,0,50,0,0,1,0,1,0,95,7.8343949044586,0,"censor",9.66849315068493
"1670","pi5057",0,0,1.03110297581657,115,1.18030050083472,2.57457105915378,0.0580694402584605,0.621788565624386,10.7062754947593,0.640855333689476,0.588388117461662,1.02454083040755,0.384640148651646,7.85147073010176,3.01098052271913,3.47101085777162,73,1,37.9853284954614,0,0,0,0,0,58.5,1,0,0,0,0,0,92,2.65486725663717,0,"censor",10.5178082191781
"1671","pi5058",0,0,-0.30409056002996,42,1.58125,2.52674272399893,0.0669591009852465,NA,13.3891840178124,NA,NA,1.09703131940172,NA,9.11304753516742,6.06859976495468,NA,85,0,32.8873577952251,0,0,0,0,0,191.714285714286,0,1,0,0,0,0,89,6.26865671641791,0,"death",9.92054794520548
"1672","pi5062",0,0,-0.3489344375169,138.5,1.31111111111111,6.41406620336215,0.0289308164393994,0.706355018264294,12.9218119609041,0.723108614552611,0.655992055788253,1.77265072225794,0.570473573690455,13.1979396840173,4.71453773144283,4.25183247676958,83,1,30.9968435007501,0,0,0,0,0,166,1,1,0,0,0,0,91,43.3628318584071,1,"death",3.4027397260274
"1673","pi5067",0,0,-0.2590014885169,173,1.81030927835052,4.7486348963949,0.0545845459888553,1.18587289414484,19.6631471325686,1.28357685167983,1.12031088004715,2.62247467735105,1.01360405066906,11.8213325935077,5.59555663183764,4.84393426251366,70,0,27.6917762561575,0,0,0,0,0,74.5,0,0,0,0,0,0,99,11.4285714285714,0,"censor",10.4712328767123
"1674","pi5068",0,0,-1.05884236897541,209,1.89784946236559,4.26962477390565,0.0629797708216328,1.31349430258118,20.7480782861831,1.4071125932253,1.18971381064215,2.79075304743279,1.75287386900522,11.8960417363014,6.56966278484925,5.10582876930247,80,1,26.6745656465713,0,0,0,0,0,188.214285714286,0,1,0,0,0,0,99,16.5,0,"death",8.90958904109589
"1675","pi5069",0,0,-0.518575365676411,105.5,0.794957983193277,8.84878830346658,0.0670992476135785,NA,13.6595666704596,NA,NA,1.51779150159963,NA,6.23222613767203,4.11604915652987,NA,80,1,30.7445192706262,0,0,0,0,0,62.8571428571429,1,1,1,0,0,0,94,38.3879093198993,0,"death",8.3013698630137
"1676","pi5071",0,0,0.36915971110232,61.5,1.23768115942029,5.49031669309305,0.046162981870414,0.713493875572401,13.6294530281443,0.736732816539421,0.68003799132595,1.38089774110727,0.334882777265871,8.62843677433069,4.22605864936465,4.34157544929128,72,0,28.1276602260769,0,0,0,0,0,66.3928571428571,1,0,0,0,1,0,95,0.914634146341463,1,"censor",4.37260273972603
"1677","pi5073",0,0,-0.29800198634441,134.5,1.30796460176991,2.72533140936693,0.0455358723969784,1.10728850453094,12.9946455369223,1.13936400800018,1.05156228540604,1.44279454168553,0.774215220865507,7.08596965567539,7.08618070405454,9.46688456022602,79,1,35.782820769985,0,0,0,0,0,111.714285714286,1,1,0,0,0,0,93,5.89147286821705,0,"censor",10.7260273972603
"1678","pi5079",0,0,0.18555974607479,89,0.792899408284024,3.72150178563562,0.0792278907960308,0.938552803140556,13.9201360834445,0.997029803307071,0.904597838440108,1.74854037132427,0.55247363668164,8.54442327956112,5.28535263945125,5.41730134781803,78,0,28.5442476094828,0,0,0,0,0,91,0,0,0,0,0,0,92,28.5117493472585,0,"death",11.0986301369863
"1679","pi5080",0,0,0.852010536654009,98,1.22961373390558,3.83613812761341,0.10960499756702,0.851335047218619,12.4505387743169,0.899177440119857,0.765275639828218,0.941868051715176,0.380102432247481,6.64414468593904,3.33234144626442,2.64431847120833,73,1,30.9506110371911,0,0,0,0,0,154.392857142857,0,0,0,0,0,0,97,12.4242424242424,0,"censor",10.8356164383562
"1680","pi5081",0,0,-0.0145153978080799,44.5,0.635338345864662,3.15126027769471,0.0539517788112853,1.20773867011002,12.6272849313144,1.27384324537822,1.11225091800538,1.8050349610052,0.568491942953081,7.11577394238475,5.13593253693587,4.53892536818647,80,1,28.8665042269747,0,0,0,0,0,64.75,0,1,0,0,0,0,86,20.3164556962025,0,"censor",4.02191780821918
"1681","pi5082",0,0,-0.68434930804123,38.5,0.439461883408072,4.66775580235509,0.0600259802438909,0.937580532439164,20.6059750638561,0.982119520590588,0.89149450377055,2.6252707675255,0.788618570449725,6.45613257713775,8.39492037015151,7.54859040415501,75,0,45.4050805620616,0,0,0,0,0,210.214285714286,0,1,0,0,0,0,96,73.6526946107784,2,"death",3.24931506849315
"1682","pi5083",0,0,0.216625071676199,75,0.874715261958998,3.6761772814901,0.0971272673687268,0.960251802935158,13.1756083576824,1.03966620688897,0.900287811183337,1.10361483404474,0.59629894674012,7.1998624320006,3.51797410689327,4.52309476769043,84,0,22.757873990587,0,0,0,0,0,176.714285714286,0,1,0,0,0,0,87,1.23569794050343,0,"censor",11.7178082191781
"1683","pi5086",0,0,-0.58858192093,90,1.24057971014493,5.97662825389241,0.0361198738948865,0.951912459567179,20.0920436231711,0.998110551156699,0.905698583566524,3.43652070265842,0.730843687526093,9.43609154280163,7.79233336919802,6.35509582391731,69,0,31.9879039977113,0,0,0,0,0,196,0,0,0,0,1,1,91,41.2955465587045,1,"censor",10.8191780821918
"1684","pi5087",0,0,0.293078185104061,96,2.58461538461538,5.13681382435523,0.0493128868360873,1.16018865489082,9.29851925377697,1.19183044898155,1.09471494109287,0.992311436919427,0.382845735608292,16.2746372968827,5.7641608977838,5.47601611490088,72,0,24.7727818961316,0,0,0,0,0,16.0714285714286,0,0,1,0,0,0,93,13.4246575342466,0,"death",5.8986301369863
"1685","pi5088",0,0,-0.0307388891362194,131,1.2427652733119,4.69086555671191,0.0432967030452234,1.14471524737224,16.7582754439408,1.18488347789626,1.06223091890939,2.00158234290044,0.405881477784015,12.9478130534146,5.79426633692062,4.77058207530947,72,0,23.8400732881354,0,0,0,0,0,74.4285714285714,1,0,0,0,0,0,95,26.4102564102564,0,"censor",10.8328767123288
"1686","pi5090",0,0,-0.32103501608584,86.5,0.714912280701754,5.20638369208896,0.0596224327624611,1.01488292956152,17.5941712747508,1.06427242480615,0.945445688459879,2.93576240364273,1.64977699219273,9.0026003976227,4.26485656866996,5.40568205345818,77,1,27.2163851963554,0,0,0,0,0,94.2142857142857,1,0,0,0,0,0,98,22.8571428571429,0,"death",4.63561643835616
"1687","pi5092",0,0,-0.60523810451119,21.5,1.17543859649123,4.64988409348823,0.0666278724585034,0.556216038711516,14.5225226799672,0.617953126605698,0.524781549090355,3.30071593988872,2.64493886347467,8.70877527912122,7.60710998338177,8.64428095604726,77,0,26.9443200193634,0,0,0,0,0,131,0,0,0,0,0,0,94,3.22147651006711,0,"censor",11.4027397260274
"1688","pi5093",0,0,-0.88029092929056,397,2.92917166866747,10.4296940634539,0.0314370061762125,NA,15.2838814928392,NA,NA,1.31760286031322,NA,18.4798599070371,4.76277740666941,NA,75,1,31.3260964632468,0,0,0,0,0,216,0,1,0,0,0,1,97,54.2793791574279,NA,"censor",10.9506849315068
"1689","pi5094",0,0,-0.49150324908935,200.5,1.28205128205128,3.69824747379112,NA,NA,22.6336217058633,NA,NA,3.48883086836372,NA,9.66999344389055,3.68396919919127,NA,84,1,34.0388049445694,0,0,0,0,0,88.1428571428571,0,1,0,0,0,0,93,55.3012048192771,1,"death",3.1013698630137
"1690","pi5095",0,0,0.14497730620824,40.5,0.457597173144876,5.21703896129466,0.0645924945651364,0.45332243826507,16.7604562342181,0.477015234138706,0.421690265982362,1.72399200291717,1.55972192244944,5.59976314444754,3.14168791517777,4.01216290315208,76,0,27.9739909563117,0,0,0,0,0,87.1428571428571,0,1,0,0,0,0,93,70.4242424242424,0,"censor",11.4054794520548
"1691","pi5100",0,0,-0.50539767932722,140.5,1.51732101616628,5.21508509452689,0.0369026630370166,1.23074496616245,16.9980953292183,1.36592382072002,1.15292966710233,3.065570752423,1.66293707385996,13.5264655961189,6.22515786597666,5.72758274245221,71,1,20.87585373285,0,0,0,0,0,118.142857142857,0,0,0,0,0,0,92,2.24669603524229,0,"censor",11.3013698630137
"1692","pi5103",0,0,-0.0401554110380602,185.5,2.59752321981424,4.92603171541974,0.0368079592220441,1.04528270818669,10.6307745267564,1.07381312133152,0.960465356533737,2.00840742897155,0.89158520146231,16.8118249948883,6.41813102591154,6.2131288947515,73,1,26.579852606306,0,0,0,0,0,118.642857142857,0,0,0,0,0,0,98,12.9139072847682,0,"censor",11.4054794520548
"1693","pi5107",0,0,-0.192388236263611,117.5,1.26305220883534,4.94244666675272,0.0618739740226891,0.638804911528834,17.1470568222123,0.677200701360728,0.606141374590773,1.83163600197298,1.63568610821543,12.9205143881113,5.37237566803545,8.4997959852051,77,1,25.9796110307053,0,0,0,0,1,131.714285714286,0,0,0,0,0,1,98,2.59259259259259,0,"censor",10.5479452054795
"1694","pi5109",0,0,-0.0115797301392504,51,1.60869565217391,4.10181411080612,0.0569975934379096,0.952759311727426,9.98108074237916,0.983851078355554,0.88419318952358,1.12986362647509,0.705353170517032,14.9515240684986,7.3643059630789,5.67318777254599,78,0,25.5244344999784,0,0,0,0,0,183.428571428571,0,0,0,0,0,0,89,3.94736842105263,0,"censor",10.758904109589
"1695","pi5112",0,0,0.0458662758337596,213,2.05038167938931,5.24010202146573,0.0330757923633907,0.865389373222638,14.5833085801973,0.913960319119652,0.813136749656936,1.52274215109251,1.02500621300819,12.9394227291452,4.82042189515778,3.07986620551504,70,0,35.8005937071331,0,0,0,0,0,66,1,1,1,0,0,0,90,23.6764705882353,0,"death",7.60821917808219
"1696","pi5116",0,0,0.0427397298654299,318.5,2.52425665101721,4.34289892416699,0.0633765180997529,1.03328406819004,11.0837508197287,1.09579522018742,0.973663965246859,1.34024508343444,0.890913286111472,13.5061486147501,5.16901882690829,5.73401763266657,76,0,38.7986415822473,0,0,0,0,0,89.7142857142857,1,1,1,0,0,0,97,49.8227848101266,0,"death",2.93698630136986
"1697","pi5117",0,0,-0.74253185924955,56,0.959183673469388,8.35162427942221,0.0688117669036529,1.08439606546229,20.3602511119087,1.177502880755,1.00526236677484,2.74131928856197,1.55234771796359,7.42051763204295,5.61064654325167,4.56725463257581,70,1,32.0981508755317,0,0,0,0,0,189.214285714286,1,1,0,0,0,0,98,9.88636363636364,0,"death",8.66849315068493
"1698","pi5118",0,0,-0.86347929900455,94.5,0.645101663585952,5.74187118867572,0.0436318245675817,0.843068223884787,20.6621580558914,0.862377558179661,0.79847570716545,3.45967344264092,0.599574664031376,8.50388482545347,8.36922452927815,5.08766805859074,76,1,32.2830890071824,0,0,0,0,0,92.75,0,0,0,0,0,0,86,40.8571428571428,0,"death",8.88219178082192
"1699","pi5119",0,0,0.42955974769763,85.5,1.25260960334029,3.9935764085972,0.0578937953200864,1.03436113351259,10.8553322073843,1.06782951997211,0.926361715616764,1.24867953246493,0.318047864962396,9.64986623689457,5.7549961351939,3.73950323676609,71,1,21.0416798885205,0,0,0,0,0,206.928571428571,0,0,0,0,0,0,99,0.878048780487805,1,"censor",10.3260273972603
"1700","pi5122",0,0,-0.55725513351896,138,2.02941176470588,4.00083225851998,0.0782273560175121,1.41823605598727,13.5317215546955,1.54579184288782,1.27978633382827,2.37552317984475,1.68404084435998,12.4135241528872,8.71331582421911,7.02801450716851,72,1,28.7396455975262,0,0,0,0,0,188.535714285714,0,0,0,0,0,0,96,11.1038961038961,1,"censor",10.0876712328767
"1701","pi5125",0,0,-0.6575316945906,202,2.27821522309711,4.96238325783903,0.0383610839199118,1.3564976409814,12.9477405735049,1.45840700603071,1.2503043530036,2.14286965600306,1.77209009009804,13.62054437686,5.84621397111257,5.40393602964731,77,0,27.3475460307359,0,0,0,0,0,154.142857142857,0,1,0,0,0,0,92,15.6287425149701,0,"death",7.91232876712329
"1702","pi5127",0,0,0.416357769006309,9.5,0.64,3.78386861232854,0.136889147464813,0.35766846580967,12.3760944536886,0.437311576467361,0.33290510209129,4.86297793206566,5.30660218043827,8.15647071506846,7.11267402514185,6.65932740649738,78,0,26.9039083764557,0,0,0,0,0,88.7857142857143,0,0,0,0,0,0,97,6.97674418604651,0,"death",10.427397260274
"1703","pi5130",0,1,0.2584173938825,262,2.73333333333333,5.69441442414805,0.0440582288024074,0.95154982860148,10.5816110741014,0.982154322793425,0.881285281567108,1.23403691351649,0.587898709571062,15.2587562438057,5.34053549771017,4.90958025297513,69,1,27.6342975206612,0,0,0,0,0,195.642857142857,1,1,0,0,0,0,95,21.3,0,"dementia",11.3945205479452
"1704","pi5132",0,1,-1.05431714124165,13,1.16129032258065,5.02149088867264,0.286907945675248,0.744843331699628,15.370840158406,1.02504620014635,0.60355143610096,6.45624050340877,4.05361836238718,8.89852235697574,7.17107643643399,6.77592298847882,87,1,20.4904036609521,0,0,0,0,0,25,0,0,0,0,0,0,93,1.22448979591837,0,"dementia",4.09315068493151
"1705","pi5135",0,0,0.12404558888792,103.5,1.31413612565445,4.36228432539448,0.0633386973951137,0.97568074517481,11.7897106764353,1.05467423353176,0.899370908291618,1.14484318948962,0.500311407561071,9.15945324178007,3.8592630678684,3.25547211161916,81,0,33.047067804385,0,0,0,0,0,140.642857142857,0,1,0,0,0,0,89,31.4828897338403,0,"death",7.33150684931507
"1706","pi5136",0,0,-0.27457450983686,117,1.16618911174785,8.12637476902699,0.291801139183949,1.0254246983099,13.1165220721049,1.07424841635385,0.957134652243125,3.63572672869009,0.876914387339875,10.2944903900692,7.64100579597034,6.52450118585428,68,0,25.4867357015998,0,0,0,0,0,78.8571428571429,0,0,0,0,0,0,100,4.4,2,"death",6.6958904109589
"1707","pi5137",0,1,0.0584965678149601,94.5,1.29531568228106,3.75113859288147,0.035665850067221,1.07914666431852,9.82384002911592,1.11380131792482,1.00837077570968,0.880634213096428,0.814040673892171,6.83775243394916,4.24460718492506,4.09386460941257,79,1,28.8881297336782,0,0,0,0,0,136,1,1,0,0,0,0,86,15.0717703349282,1,"dementia",3.97808219178082
"1708","pi5138",0,0,0.564363472369089,150,1.48169556840077,4.927204751554,0.177455743029304,0.820653477619483,16.4518387331488,0.878427777373181,0.775483894712609,1.65479846854723,0.741410948906786,10.5352793587568,4.10003226719522,3.07602904137919,77,1,31.4537852154977,0,0,0,0,0,161.714285714286,1,1,0,0,0,0,94,8.71194379391101,0,"censor",10.1917808219178
"1709","pi5142",0,0,-1.0629935235657,267,3.16753926701571,7.04740971635235,0.0274133262300631,1.1134772833987,11.3616831262206,1.19430669619196,1.05605948135645,1.9654786680154,1.06591106496156,14.1090693222562,10.9674108816868,9.80871776357462,69,1,31.2794838885158,0,0,0,0,0,196.714285714286,0,1,0,0,0,0,99,7.30769230769231,0,"censor",10.8602739726027
"1710","pi5145",0,0,-0.18852814787903,247.5,2.97278911564626,5.61923454680933,0.0579450816710853,0.772870915685543,14.2902981632319,0.830504180101705,0.67417300408937,1.46634647945276,0.960656854430932,14.7497292510237,4.68729042876911,3.24705294672163,77,1,25.6361946003379,0,0,0,0,0,80.25,0,0,0,0,0,0,93,18.75,1,"death",11.7095890410959
"1711","pi5146",0,0,0.128260789177109,172,1.85571142284569,3.83568978366942,0.0522587389666744,1.04567957726801,16.5331682110467,1.08999258993574,0.977262609646029,1.63201400827022,0.539951688340828,12.3244841068515,3.72982207345206,5.59403945647489,77,0,23.3616710403052,0,0,0,0,0,133.857142857143,0,1,0,0,0,0,91,14.2647058823529,0,"death",5.56986301369863
"1712","pi5148",0,0,-0.831834025676331,124,1.32613390928726,5.42067273385792,0.0545228544644955,0.894083414695831,15.4808504511937,0.917639173685854,0.8440703652237,1.87809403524747,0.905967765656724,8.90031738560201,8.48536798127998,11.373609157548,80,0,25.1532746018439,0,0,0,0,0,122.5,0,1,0,0,0,0,90,28.6666666666667,1,"censor",11.6438356164384
"1713","pi5151",0,0,-0.228074475950049,116.5,1.41987829614604,4.84422647376372,0.0859648008958328,0.59096290250484,14.8166082371701,0.623785435800395,0.552737464003591,1.32091526301547,0.824972158625414,8.22685933926255,4.8189200028026,3.36110828147702,85,0,32.1992057529248,0,0,0,0,0,92.7142857142857,0,1,0,0,0,0,95,31.9770773638968,0,"censor",9.76438356164384
"1714","pi5152",0,0,-0.39941031987089,41.5,0.714285714285714,6.90520500523563,0.104372116182689,0.619227419009786,15.0131878128901,0.858351773132168,0.54370428251637,5.51814283897555,5.87517958876338,8.94026576590377,9.16655698520265,9.99045087692881,68,1,30.4256614032515,0,0,0,0,0,14.9642857142857,1,1,1,0,0,0,99,11.2230215827338,0,"death",6.21095890410959
"1716","pi5154",0,0,-0.311785060709769,317.5,2.44112478031634,3.97760511304187,0.0604472178919853,0.916500646875192,13.132130154971,1.05956310034993,0.891048430322255,1.87897697511145,1.17370448446672,12.8727019931229,6.70181733638933,3.97739621746398,76,0,29.4753921038399,0,0,0,0,1,303.107142857143,0,1,0,0,0,0,94,24.5822102425876,0,"death",7.08493150684932
"1717","pi5157",0,1,-0.20027002168778,127,1.76513317191283,4.9086367070389,0.0687851651070037,0.780036465116616,16.2126695725209,0.801479477525099,0.735569714918424,1.82983470811151,0.431394270794818,11.74324744789,4.70081167999382,3.08465764405723,83,0,26.1020529568163,0,0,0,0,0,227.428571428571,0,0,0,0,0,0,98,5.97701149425287,NA,"dementia",6.05205479452055
"1718","pi5162",0,1,-1.55671675631666,44,1.24034334763948,4.36927883779233,0.0359002453717353,1.02574226567521,25.6478510925035,1.06853799922806,0.937831160022715,4.24696357047314,0.443219686158946,8.32046651237174,8.61572448384547,5.10890439015705,86,0,27.0859485880741,0,0,0,0,1,136,1,1,1,0,0,0,85,21.3829787234043,0,"dementia",3.4986301369863
"1719","pi5164",0,0,-0.45317721348564,221.5,2.30612244897959,6.77703050591124,0.0439256348131391,0.803346950894256,11.225900605206,0.918474031993926,0.729782015484835,1.8065124898022,0.512340446650884,11.4247383735471,6.37604463969909,3.52796804245451,77,0,30.2000368542823,0,0,0,0,0,408.857142857143,0,1,0,0,0,0,91,27.3417721518987,0,"censor",10.5917808219178
"1720","pi5170",0,0,-0.26847191308063,259,2.88461538461538,5.05893863090278,0.0674766468196543,0.931798683889097,12.9893197883389,0.963207797910308,0.8584105447436,1.65664573230142,0.399247007224789,17.4734585790504,7.28313950418349,5.3976156536722,78,0,29.6942533965569,0,0,0,0,0,88.5,1,0,1,0,0,0,96,16.2424242424242,0,"censor",10.0657534246575
"1722","pi5174",0,1,-0.1951873015104,168.5,1.52380952380952,4.35270649804374,0.0436135330845069,1.05125736760629,17.4684189922423,1.06897495109078,0.991430287236257,2.05221139347561,0.271138921863977,9.35508541235903,4.30777380176557,3.17561402733913,79,0,33.8009001790932,0,0,0,0,0,127.428571428571,1,1,0,0,0,0,80,1.8961625282167,0,"dementia",3.71506849315068
"1723","pi5177",0,0,-0.718742286197509,252,2.83928571428571,8.58571069305196,0.0599888421464304,1.36858084401934,13.32060790452,1.43537269489642,1.19973603302809,2.07244369830345,0.672660741033629,19.1255648895642,7.13254938214449,4.56416646194876,73,1,30.7746295872655,0,0,0,0,0,45.8571428571428,0,0,0,0,0,0,94,18.7155963302752,0,"death",8.32876712328767
"1724","pi5180",0,0,-0.30971607997778,117.5,1.45798319327731,4.3511714354825,0.0804619674839037,1.46249637213465,18.3707666001523,1.55680965276848,1.28589763963831,2.28219818582249,0.709036219405303,10.135573697992,5.85044318964856,4.34275683731567,74,0,25.56099996879,0,0,0,0,1,102.75,0,0,0,0,0,0,93,20.46875,0,"censor",10.7260273972603
"1725","pi5181",0,0,-0.24154777220009,115.5,1.75070028011204,4.64922170251203,0.0487140473279246,1.15548445997248,16.4655687530609,1.33842617284858,1.13051839155197,3.16844435810965,1.08967746699535,16.017824324788,7.44075272572023,5.13207505733888,69,1,29.3987681375069,0,0,0,0,0,161.392857142857,0,1,0,0,0,0,100,8.20143884892086,0,"censor",11.4904109589041
"1726","pi5185",0,0,-0.47972618050111,137,1.52475247524752,4.12357614490015,0.0899588533046859,1.10738867154935,14.9010468438524,1.27687875735577,1.1019257503578,1.79216037537062,1.03276347245786,10.5663439004666,6.35015960913715,5.49572875135465,83,0,23.2872958001478,0,0,0,0,0,66.0714285714286,0,0,0,0,0,1,88,1.58823529411765,0,"death",4.13150684931507
"1727","pi5186",0,0,-0.409611918398831,275,2.29934924078091,5.69429777502239,0.063421730487002,1.54747536563512,11.5792975469532,1.7047122026807,1.41137943849525,1.74616342140758,0.724996428527554,12.2750470118621,6.19039977582333,6.32022527968187,74,0,26.6603336343449,0,0,0,0,0,231,0,0,1,0,0,0,93,4.10126582278481,0,"censor",9.95068493150685
"1728","pi5187",0,0,-0.0221918023531302,357,2.66320474777448,4.15741419450577,0.100124443133059,0.887721929708413,16.3523183869351,1.0489242556314,0.842319723868871,2.33665451768303,1.37977292578225,15.7701326111596,5.73088080399454,3.40398545460495,73,0,26.1861456906969,0,0,0,0,0,185.285714285714,0,0,0,0,0,0,95,45.4625550660793,0,"censor",10.4575342465753
"1729","pi5188",0,1,-0.172640771132269,101,1.48398576512456,3.36371236293979,0.0446601016881885,0.94681736594598,17.9880777439579,0.977533339963401,0.901884836151706,2.57428239628755,1.4399116888984,10.4228029201732,4.77950792805917,4.16547422295938,76,0,22.0893570892619,0,0,0,0,0,121.571428571429,0,0,0,0,0,0,96,2.40963855421687,0,"dementia",6.95616438356164
"1730","pi5189",0,1,0.192003740252601,107.5,1.23665893271462,4.88056049717953,0.0758518729120229,0.90460214678793,15.9671046386476,1.016868838871,0.871577130665034,2.43792352160124,1.1986768132122,11.8678115810191,4.57739462917388,3.85790699322877,72,1,25.3680703089548,0,0,0,0,0,31.1785714285714,0,1,1,0,0,0,98,2.67515923566879,1,"dementia",1.6986301369863
"1731","pi5191",0,0,-0.61527449019429,132,1.47314578005115,5.48227606257152,0.0859028629757688,0.988863163152969,16.911399250258,1.06993751031326,0.946721622458648,1.79758182050474,1.19127287316417,6.82886130039519,5.27049176427684,4.76588078188181,82,1,21.9593991458831,0,0,0,0,0,131,0,0,0,0,0,0,83,46.9158878504673,0,"death",10.8493150684932
"1732","pi5192",0,0,-0.74877662176681,74.5,0.875,4.28865027290493,0.0347773774829085,1.12512798367864,13.2778927158105,1.16217421618601,1.01757372122747,2.14062440148873,0.836483337099294,8.53583984978571,10.225920045336,5.91620447891549,74,1,29.4707077527282,0,0,0,0,0,162.964285714286,0,0,0,0,0,0,97,14.0853658536585,0,"censor",10.6493150684932
"1733","pi5193",0,1,-1.63144479093481,235,3.60807600950119,5.80578525058675,0.0555745412531594,1.78125511488848,16.0017631401472,1.88686941910997,1.56878761875026,2.23717217405089,2.09517809294721,18.0281922543578,9.28678152453549,12.8046807508428,79,0,22.0156483967226,0,0,0,0,0,208.5,0,1,1,0,0,0,91,11.4487632508834,0,"dementia",11.413698630137
"1734","pi5194",0,1,0.30241213844606,121,1.490022172949,4.24540647451676,0.0665387907938912,0.858294546432574,16.1078043993111,0.965715452391956,0.862979264013332,1.79918916453917,0.623497653068279,14.9551959707811,5.14016893062305,4.12862567644768,73,0,28.8596898459141,0,0,0,0,1,223.428571428571,1,1,0,0,0,0,92,15.9468438538206,0,"dementia",10.7095890410959
"1735","pi5196",0,0,-1.25204635056428,89.5,0.844758064516129,6.06736966439567,0.0426710042547711,1.0008260763044,18.0440815972729,1.0218935288608,0.926631621643084,2.92603637354264,0.342396973215469,12.5673815890664,8.79390445841171,2.60724286629659,86,1,22.8691200260907,0,0,0,0,1,149.571428571429,1,1,0,0,0,0,98,5.13812154696133,1,"censor",11.1917808219178
"1736","pi5197",0,0,0.0803828135607901,166,1.20428336079077,5.39551242856934,0.102161334533803,0.628654446784215,13.0953952692386,0.682322482682034,0.60534110246082,1.44630663644574,0.924798863287813,8.50135975271148,4.9852856638671,3.28582233530736,79,0,25.6985742040717,0,0,0,0,0,143.178571428571,0,0,0,0,0,0,94,18.5643564356436,0,"censor",11.6849315068493
"1738","pi5200",0,0,0.0104583809274999,96.5,2.23574144486692,4.90183201088125,0.0571190501995136,1.07904913716603,9.73414882017937,1.14761226952853,0.997312448013409,1.6260656568125,0.525015290079912,16.5551933494524,7.17861807803393,5.96962180322213,75,0,30.5632884964114,0,0,0,0,0,135.642857142857,0,1,0,0,0,0,97,8.85608856088561,0,"death",10.8931506849315
"1739","pi5202",0,0,-0.846365680275019,158,2.09504132231405,3.55203280241743,0.0407976713622929,1.42198170805812,17.0100047792683,1.46638820376784,1.3478411682153,1.84590600091474,0.555120584662443,11.1801167082631,6.96985426928454,6.89120212003576,83,0,24.582958907696,0,0,0,0,0,86.7142857142857,0,1,0,0,0,0,97,8.67692307692308,0,"death",5.9972602739726
"1740","pi5206",0,0,-0.96109671382421,155,1.71988795518207,8.157744945691,0.0492562824219718,0.849957773462012,22.1382385600591,0.885988981265117,0.807153093997545,3.21166595179778,0.993553389813224,15.246843665361,6.81819792921562,5.18085707346097,75,1,33.4810507862742,0,0,0,0,0,54,0,0,0,0,0,0,96,54.4615384615385,0,"censor",10.8520547945205
"1741","pi5207",0,0,0.283967018272681,155,1.50537634408602,3.79791808498267,0.0566775134868958,0.800117312641548,14.1772254605609,0.83538644760005,0.745241538640185,1.96179301504232,0.543358048620391,10.8164256951657,6.70594058503012,4.50680119761285,69,1,27.1560472229369,0,0,0,0,0,246.714285714286,0,1,1,0,0,0,98,25.3104925053533,0,"censor",9.82739726027397
"1743","pi5211",0,0,-0.31610248473264,176.5,1.6448087431694,4.53868600277288,0.0343701313324554,1.15191250929163,12.0971778183303,1.21037868917266,1.07140668310565,1.56323380085161,1.16384397254931,12.5352161885854,7.00063256962691,8.90510748807959,74,1,33.6844487994694,0,0,0,0,0,38.5,0,0,0,0,0,0,99,31.35,1,"censor",10.5671232876712
"1744","pi5212",0,0,-1.11699385833177,58.5,0.589941972920696,5.61644807932133,0.0525668072035148,0.856171792490253,12.4875980311412,0.913760519265399,0.803774285310277,2.57808949516012,1.97023255887901,12.684862749538,9.74774578264946,8.54712890731579,83,1,24.0673799648486,0,0,0,0,0,116.285714285714,0,1,0,0,0,0,96,37.9676674364896,0,"death",9.71506849315069
"1745","pi5213",0,0,1.32147960373536,85.5,1.23211169284468,3.74552479528841,0.197920312126751,0.81627776708808,11.5726737013152,0.857736940705203,0.775282903688368,1.3167297946561,0.4879657714998,12.4121262341854,3.96032851976381,4.64574183749335,75,0,21.8282554478273,0,0,0,0,0,114.571428571429,0,1,1,0,0,0,93,5.88235294117647,0,"death",3.43287671232877
"1746","pi5214",0,0,-0.315929833950091,177.5,1.84285714285714,6.23075530285646,0.0585204577672718,1.14730558399732,11.8323145257831,1.21552491280166,1.0446785173248,1.86092819732903,0.91559721852241,9.79336097769581,5.5956128102477,4.45203219253761,75,0,32.7088077779698,0,0,0,0,0,186,0,1,0,0,0,0,94,18.356940509915,0,"censor",10.8986301369863
"1747","pi5215",0,1,-0.13518074119377,82.5,1.55670103092784,4.48656475786612,0.0548210522308488,0.699276461948178,15.7674592557198,0.732252672393746,0.667506480182848,1.36216745731612,0.680739345090691,10.6622728046058,3.75673891432843,0.968621611664136,84,0,25.2490141043055,0,0,0,0,1,72.1071428571429,0,1,1,1,0,0,97,17.1428571428571,0,"dementia",1.17808219178082
"1748","pi5219",0,0,-0.29231930132683,323,1.73632538569425,7.64690961838969,0.081207660203827,0.723297355046205,14.7509040442346,0.763862699918098,0.673641958293159,3.19435313154705,1.15537153753651,13.5894692050088,7.28512241921828,6.52843578634857,69,0,30.9851754550572,0,0,0,0,0,195.142857142857,0,0,0,0,0,0,96,48.4403669724771,1,"censor",11.3561643835616
"1749","pi5220",0,0,-0.317601283261099,235.5,2.44101633393829,6.39649529528323,0.0410131201179421,NA,14.1565654404599,NA,NA,2.42609316230498,NA,16.7259419719012,5.66530226672452,NA,73,0,32.5791587901701,0,0,0,0,0,181.75,0,0,0,0,0,0,95,3.08108108108108,0,"censor",10.9315068493151
"1750","pi5221",0,1,0.67853125607798,35.5,0.521459227467811,4.48595692672389,0.0337381727185865,0.729750416316874,8.83683026037499,0.747308305869651,0.684995582779981,1.03810704875566,0.249441123678072,5.71683735583599,3.76380637105586,3.74887198360689,73,1,28.3744615412876,0,0,0,0,0,66.25,0,0,0,0,0,0,86,2.54364089775561,0,"dementia",1.15616438356164
"1751","pi5227",0,1,0.0627070243716204,211.5,2.09975669099757,4.20677771806421,0.0691697244678907,0.929397944925273,13.0164176184153,0.973848304802807,0.840801508565994,1.31376842827722,0.897153694193273,12.8172176099049,3.38441755067183,3.38285562348893,82,0,24.7114025665668,0,0,0,0,0,194.964285714286,0,0,0,0,0,0,97,10.9401709401709,0,"dementia",4.02465753424658
"1752","pi5228",0,0,1.17835583659854,116.5,2.01659751037344,3.459965060116,0.0482237556218557,0.729385599754019,7.11800761238689,0.759643079600055,0.656397217174533,1.39581451093499,0.646077118045405,12.3229060092263,2.14437114933538,2.04287377783299,71,0,30.3774189046067,0,0,0,0,0,141.714285714286,0,1,0,0,0,0,98,0.387096774193548,1,"death",11.5315068493151
"1753","pi5230",0,0,-0.96737219922379,205.5,1.48590381426202,5.92493470910671,0.054426814164009,1.23663810463567,17.2968480112504,1.30828128258531,1.12064381710448,2.4751326527963,1.34593029381861,11.9176262333127,6.24422563298243,6.27250145649733,81,1,27.6845017692794,0,0,0,0,0,44.8928571428571,0,0,0,0,0,0,94,13.7625754527163,0,"death",8.55616438356164
"1754","pi5233",0,0,-0.0476311758898802,286.5,2.69047619047619,4.20668935754735,0.0443618142963989,1.0689066562447,14.3826031729601,1.11121669272052,0.991651486093251,1.74017380699756,0.91814545062768,17.2691291916421,6.77068096227272,7.21959975892035,70,1,33.603535784821,0,0,0,0,0,149.392857142857,0,1,0,0,0,0,99,7.27272727272727,0,"censor",11.0109589041096
"1755","pi5238",0,0,0.204243381202249,31,1.46017699115044,5.74038375038317,0.051010476934255,0.46374205628387,12.2214421650564,0.478490084803528,0.439887745861177,1.53342557947674,0.877319115091091,8.9715742234007,3.98822554454093,3.37363837303393,77,0,29.7081455420016,0,0,0,0,1,256.714285714286,0,1,0,0,0,0,96,3.52941176470588,1,"censor",10.786301369863
"1757","pi5241",0,0,-0.57164901511474,114,1.57954545454545,8.21717816297352,0.0833114567976709,0.99186403483063,11.4106256372487,1.02915921379075,0.894225090619583,2.09604669879382,0.520908635949692,12.7707392640991,8.5294072420651,3.6993438277971,75,0,28.5055130910255,0,0,0,0,1,205.714285714286,0,0,0,0,0,0,92,20.1680672268908,0,"censor",9.93424657534247
"1758","pi5242",0,0,-1.22541557935388,175.5,1.99099099099099,3.93035040752544,0.0519631784207885,1.15214646862972,23.3066323807576,1.20699227684439,1.07307571299117,2.87031563240457,1.50529445185389,14.1878250330339,7.85735756005988,9.70570698275567,82,1,22.0512046677732,0,0,0,0,0,150.464285714286,0,0,0,0,0,0,97,6.82634730538922,0,"death",11.6383561643836
"1759","pi5247",0,0,-0.264192827412521,99.5,1.53605015673981,4.20855787548884,0.041246390761418,1.33418415325581,15.1616887698172,1.4016694556151,1.23776900738256,1.80653056868898,0.826688780504818,6.98398039802911,3.95429794156863,4.51652586638408,78,1,39.9572864147337,0,0,0,0,0,66.3571428571429,0,1,0,0,1,0,84,55.8778625954198,0,"death",9.34520547945205
"1760","pi5248",0,0,-0.79208077139656,244,1.24193548387097,7.01515499396698,0.254691080853468,1.02682699236628,14.5548470942246,1.18326502232561,0.931889529131583,6.86477526028918,3.13848750611849,10.3618613492623,6.96285764686262,6.50763211634945,74,0,23.4814580620616,0,0,0,0,1,187.464285714286,1,0,0,0,0,0,93,5.60636182902585,1,"censor",3.99452054794521
"1761","pi5250",0,0,-0.62832686856697,199.5,2.074,4.67928511987523,0.0663511706302605,1.11856133110036,15.0006027561402,1.20000576704754,1.04954418979854,1.4615432924319,2.16478578214421,10.6262260442336,6.05267269624853,7.84181807302142,77,1,22.5665882881654,0,0,0,0,0,124.214285714286,0,0,0,0,0,0,98,7.76699029126214,NA,"censor",9.72602739726027
"1762","pi5252",0,1,0.340833253415551,128.5,2.05056179775281,4.73945398451419,0.106593399614538,0.794678155783733,15.2501244803435,0.844239171950953,0.737948704120033,1.47370560285148,0.676134527730965,11.1234366100186,4.16860321196408,3.71093697640461,76,1,24.8225522950798,0,0,0,0,0,189.392857142857,0,1,0,0,0,0,98,9.84802431610942,0,"dementia",10.6465753424658
"1763","pi5254",0,0,0.356818655174,107,1.6505376344086,4.13083492295905,0.0563662962467089,0.726892892084281,8.78697119910252,0.758074731127527,0.666579962194007,0.927749537690395,0.198431610096845,11.0140518678384,4.70935246573072,0.363658485220503,80,0,27.3811467573418,0,0,0,0,0,86.6428571428571,0,1,0,0,0,0,99,7.82608695652174,0,"censor",10.5260273972603
"1764","pi5255",0,0,-0.39537625560923,185,0.888888888888889,6.6255812120258,0.216447449684323,1.07276803924368,16.7853518299459,1.18578946076726,0.944341821345362,4.66696849122992,2.34034207169528,9.76381064211541,8.66434260090848,8.26919017082298,73,1,32.0246320757859,0,0,0,0,1,149.5,0,0,0,0,0,0,95,13.2835820895522,0,"censor",10.3561643835616
"1765","pi5257",0,0,-0.0811324420527498,80,1.23563218390805,4.23368474721998,0.0746193172067304,1.47412489087096,12.4394737452883,1.62421436267608,1.34509800166556,1.24655802281398,0.846504280675027,7.76011942575194,6.98952652326712,6.6386778771417,70,1,26.0424644186768,0,0,0,0,0,308.214285714286,0,1,0,0,0,0,96,1.96261682242991,0,"censor",10.3424657534247
"1766","pi5258",0,0,-0.0585494007137399,131,2.46212121212121,5.33702237128335,0.0604297944667167,1.44905251701289,16.7986040980488,1.5353953598156,1.31418937542414,1.58898719685266,0.470251885966693,14.866938265111,4.10428378958516,2.78061151413423,73,0,27.3217216564262,0,0,0,0,0,130.464285714286,0,0,0,0,0,0,96,1.09489051094891,0,"death",8.41643835616438
"1767","pi5261",0,1,-0.95336742036797,274,2.10879284649776,6.06439703456143,0.0390148892935117,1.03354290059327,11.993874557507,1.0966337798072,0.963316866508642,1.41912010030663,1.61027514648121,12.946387736076,5.72913741965469,4.92687159870472,85,0,26.162571871679,0,0,0,0,0,77.9285714285714,0,1,0,0,0,0,97,33.9310344827586,0,"dementia",4.3041095890411
"1768","pi5262",0,0,-1.04209435280239,119.5,1.09610983981693,5.3146478822777,0.0504572196943788,NA,24.8271150816552,NA,NA,3.44696325212427,NA,11.0666495357302,7.55740153014438,NA,72,0,30.7690886420302,0,0,0,0,0,141.714285714286,0,0,0,0,0,1,84,59.1078066914498,0,"censor",10.8109589041096
"1769","pi5264",0,1,-0.0274401679933405,139.5,1.44176706827309,6.61700760355091,0.0598831395796976,0.806616660501736,14.3718362293188,0.871350525326363,0.788143687245129,1.72868780423941,0.915788817583862,13.6947128361923,5.9742556621877,5.70203427232608,71,0,35.2370447653389,0,0,0,0,0,126,0,1,1,0,0,0,80,15.0422535211268,0,"dementia",1.79178082191781
"1770","pi5266",0,0,-0.761617651091881,171,1.90692640692641,6.14249139212904,0.061778576888763,1.01630884132197,14.3954646106087,1.06819694576236,0.934511189518782,2.05682917997229,0.945197438371683,13.5866292937767,8.15121218965284,5.4950248547989,78,0,22.8642614618369,0,0,0,0,1,141.75,0,0,1,0,0,0,94,10.9967845659164,0,"censor",10.8904109589041
"1771","pi5268",0,0,-0.0556971333261103,258.5,2.02044293015332,5.6478835874925,0.0599181566979494,0.887382022592609,16.8963691449751,0.929951361717543,0.845648076050564,2.11551893640286,0.660845528551467,14.3196600559389,5.7176343476987,4.2263900486685,71,1,23.8014352476086,0,0,0,0,1,166.321428571429,0,1,0,0,0,0,95,11.1160714285714,0,"censor",10.3150684931507
"1772","pi5269",0,0,0.321526626628891,57.5,1.08870967741935,5.63704878013961,0.046027561687243,0.587622985086664,14.5011832558721,0.606456345900702,0.554943846750772,0.947475012998345,0.597211379281733,7.18900335606067,3.52440251938616,2.35310105116126,73,1,26.9594565380497,0,0,0,0,0,296.714285714286,0,1,1,0,0,0,84,0.781758957654723,0,"death",8.10684931506849
"1773","pi5270",0,0,-0.52043994285107,99.5,1.37783375314861,4.84593971607979,0.0499483741260381,NA,17.2778113420135,NA,NA,1.70382472659245,NA,8.96536014418835,5.82663346498001,NA,80,1,33.5911426874962,0,0,0,0,0,75.7142857142857,0,0,0,0,0,0,87,44.9019607843137,0,"death",6.94246575342466
"1774","pi5271",0,1,-0.19532594245081,235.5,2.48877805486284,5.98611582091662,0.0611951582635787,0.883876883211816,14.6155094343963,0.956435293270685,0.767838457624738,2.08959051520053,0.940495853753987,16.5987469713247,5.41089049556961,3.89556715828563,75,1,26.5234545455206,0,0,0,0,1,186.857142857143,0,0,0,0,0,0,95,15.6459330143541,0,"dementia",7
"1775","pi5273",0,0,0.315913573619621,180,2.30843373493976,8.07559497863084,0.0580888845768215,0.681252682242167,10.4825229302628,0.747406533650554,0.672079858161816,1.14054683073353,0.243944398292638,18.6610757120898,5.04428402623321,3.38997543865827,71,1,25.8967668314068,0,0,0,0,0,108.5,0,0,0,0,0,0,98,6.48148148148148,0,"censor",10.8109589041096
"1776","pi5274",0,0,0.70729844099565,96,1.28358208955224,3.70802107847807,0.0367482334223274,0.640311416861587,15.109094022589,0.657263856096032,0.610142117580601,1.2314602218905,0.430311429145534,6.86172930180401,3.22739764584075,4.59845763229239,69,1,36.2417216326615,0,0,0,0,0,94.5714285714286,1,1,0,1,0,0,93,14.1312741312741,1,"death",3.92054794520548
"1777","pi5275",0,0,-0.1719179800612,44,0.883636363636364,5.06934033727591,0.0701366592332642,0.563006327836745,13.5797013035249,0.590439142289101,0.541598942680836,0.933942554319852,0.733847826463886,13.2673143350197,5.59858987617023,5.38995499119217,86,0,27.6934452432556,0,0,0,0,0,179.214285714286,0,0,0,0,0,0,94,24.901185770751,0,"death",10.0054794520548
"1778","pi5276",0,0,-1.14875282700026,139.5,1.88013698630137,10.2156423788133,0.0537182382274964,1.26423168363225,22.6572896300681,1.33008181052853,1.20589522481823,3.38343791362382,1.32961410648182,16.5948735785501,6.52192076772741,5.9497321353281,70,0,37.0569819552578,0,0,0,0,0,167.75,1,0,0,0,0,0,95,1.49171270718232,1,"death",3.15890410958904
"1779","pi5278",0,0,0.21790292178767,69.5,1.14516129032258,3.47576040594486,0.0526496917055832,0.914823343160824,24.5852502294614,0.966660850368317,0.857928142683021,2.69570867789045,1.28762467977506,12.4714952709607,2.91644375112869,2.70188612563843,70,0,31.5814716323446,0,0,0,0,0,72.3928571428571,0,0,0,0,0,0,97,9.9,0,"censor",10.5534246575342
"1780","pi5282",0,0,0.167742247787101,148,1.93946188340807,3.37661426406054,0.101553968351822,0.660829233264366,14.9063058057871,0.709480680436393,0.62458297956258,1.98188251462519,1.65559811424468,13.9198206439457,4.60866877060621,3.96737749169658,80,0,27.6952899902634,0,0,0,0,0,232.5,0,0,1,1,1,0,94,10.3846153846154,0,"death",11.5561643835616
"1781","pi5285",0,0,0.287821992999901,137,1.38846153846154,4.25370735457772,0.118767664376858,0.560698928021672,20.5273789631274,0.597962566759138,0.528831313878172,1.98935541981598,1.96585688062249,16.8307289600415,4.49878900934178,4.32999841593857,74,0,33.7261848456738,0,0,0,0,0,151,1,1,0,0,0,0,91,9.12280701754386,0,"censor",10.7369863013699
"1782","pi5287",0,0,-0.74556425658311,141.5,1.17425742574257,4.1206377338986,0.0339850062363536,1.17655299417092,22.2873241252939,1.20665599247812,1.11032249767035,2.68865010218176,0.584314387086117,10.0071865950696,6.77317809730909,5.9595626527303,77,0,31.060178353677,0,0,0,0,0,288,1,0,0,0,0,0,89,9.41176470588235,0,"censor",10.2219178082192
"1783","pi5288",0,0,0.112063210922329,187,2.0364238410596,8.19676324597437,0.062616055880534,0.732495564698423,11.261074896473,0.768595758557041,0.673496491262011,1.31541040199249,0.642207875138916,16.5200991615644,5.35263733615734,5.14899679927548,71,0,29.2304421768708,0,0,0,0,0,259.428571428571,0,1,0,0,0,0,90,12.1603563474388,0,"censor",11.2657534246575
"1784","pi5290",0,0,0.195914449199699,372.5,3.30550918196995,5.58622798580352,0.057346795039256,0.562726439296046,10.742420568036,0.600044013786569,0.554363089091461,1.26161290252953,0.735850561473188,14.2039657892559,5.63987575340329,5.13055887046417,71,1,27.7747888482844,0,0,0,0,0,196.714285714286,0,0,0,0,0,0,97,18.7596899224806,0,"censor",1.41917808219178
"1785","pi5291",0,0,-0.20173459452614,151.5,2.00808080808081,4.41828650244192,0.067734431132747,1.22828018821376,10.9991224769001,1.35694869389117,1.1576011305219,1.66250735432293,0.759478701845524,12.4333502194608,6.71418202692677,5.91162920855322,77,0,30.5481165553572,0,0,0,0,0,62.8571428571428,0,1,0,0,0,0,84,15.6769596199525,0,"censor",10.2630136986301
"1786","pi5292",0,0,-0.390048032913781,340,2.52915451895044,3.92637062504023,0.0730976830523102,0.857536378920753,16.7467782366799,0.9090205060083,0.823553618273528,1.53138797958323,1.16194547019836,13.0171205057955,5.35212838634225,4.82667157673396,81,1,25.5227271739933,0,0,0,0,1,128.285714285714,0,0,0,0,0,0,99,4.66386554621849,0,"death",8.12328767123288
"1787","pi5293",0,0,-0.2436034106909,111.5,0.584589614740369,6.70892433599943,0.31187160758506,0.84819576859342,14.1473841733018,0.962188018695571,0.757663278255863,3.3025859537869,2.8041131218082,12.3333720676368,7.65677651382341,6.77377699046635,70,0,25.3287516808604,0,0,0,0,0,154.964285714286,0,1,0,0,0,0,91,21.875,0,"censor",11.613698630137
"1788","pi5295",0,0,-0.98947544106986,179.5,0.876480541455161,8.80500640568376,0.101845700451824,0.936535211205706,14.1432382853092,1.03396517120916,0.865333173168658,4.31702939427701,2.6711827415894,13.086501044633,8.28281966119462,8.46149325018904,74,0,25.0734619401042,0,0,0,0,0,119.321428571429,0,0,1,0,0,0,92,9.0744920993228,1,"censor",10.3753424657534
"1789","pi5296",0,0,0.58300539098731,39.5,1.65833333333333,5.37294169697143,0.0877979918902078,1.01628351127876,8.08890922381106,1.09102730031059,0.935001102216187,1.68960403236755,0.512317611890829,13.4530017087423,5.05246255191547,4.22832835968929,73,0,26.5939536206946,0,0,0,0,0,106.071428571429,0,1,1,0,0,1,92,4.02684563758389,0,"death",7.20821917808219
"1790","pi5297",0,0,-0.0929511567412007,128,1.14766355140187,6.02459193445404,0.0636179318187503,0.512628646734785,17.0516047023521,0.534329565009603,0.495480713643791,2.22741640112176,0.946720148201674,10.8845415865089,6.29188273424525,3.79401579318635,72,1,27.6842715563539,0,0,0,0,0,293.5,0,0,0,0,0,0,97,60.1823708206687,0,"censor",9.7013698630137
"1791","pi5299",0,0,-0.263981272928891,61.5,0.486746987951807,7.60142969555646,0.104142903841345,0.741488116102001,10.5501713508147,0.848299813414861,0.701229178113951,3.74030229365018,1.38898254859801,15.0046593392089,8.46859975837281,6.52212607335694,75,1,27.2782736188542,0,0,0,0,0,172.5,0,0,0,0,0,0,89,8.11594202898551,1,"death",10.8547945205479
"1792","pi5303",0,0,-1.39348014158323,119,1.17218543046358,6.73863497533363,0.0529533704373793,0.814322342916921,18.5178072395023,0.887602134951649,0.732371893218311,3.41963417120409,1.65830990357667,10.6501721484482,9.16747142803129,12.3067345874021,80,1,28.3761116501155,0,0,0,0,0,86,1,1,1,0,1,0,89,27.8125,0,"death",9.71506849315069
"1793","pi5304",0,0,-0.47124501398652,73,0.637440758293839,7.2589200119422,0.107679517312062,0.868246836218833,12.5481874721162,0.919653617759466,0.812267008138803,3.91636834668186,0.80488880410943,12.8644852801327,8.69127482998293,9.13500461568427,79,0,29.154456817092,0,0,0,0,0,124.571428571429,0,1,0,0,0,0,94,14.2622950819672,0,"death",10.4684931506849
"1794","pi5305",0,0,-0.331338259257799,41,1.92903225806452,4.45592363104744,0.0609680306919217,1.08640182037146,12.8498066609398,1.19107206051829,1.00285936368083,1.92169258175064,0.852107118840822,12.9598130308311,7.43952885283817,5.19066436269587,77,0,25.7491133810444,0,0,0,0,0,163.5,0,0,0,0,0,0,99,12.4897959183673,0,"censor",10.627397260274
"1795","pi5308",0,0,0.22860316179832,76.5,0.983050847457627,4.23191455348538,0.0747511950738779,1.26445044123583,13.1027319520171,1.37113831561522,1.18552749245264,1.96177126307961,1.64896191518727,9.23264732532203,3.74909102215478,1.64146137950524,72,0,28.522530479181,0,0,0,0,0,156,1,0,0,0,0,0,99,5.42372881355932,0,"censor",11.213698630137
"1796","pi5309",0,0,-0.0906909909368395,156,2.25196850393701,4.23299458538261,0.0542265929554838,NA,16.2844150695542,NA,NA,1.33341455418498,NA,10.6221482296724,4.93564234884201,NA,76,0,36.8117869638485,0,0,0,0,0,165.714285714286,1,0,0,0,0,0,97,21.8823529411765,1,"censor",4.31232876712329
"1797","pi5310",0,0,-0.00242055897981998,42.5,0.85140562248996,3.86093718586358,0.0552802030112741,NA,11.7376705200379,NA,NA,1.42989284008184,NA,8.87799276205474,2.94026046599846,NA,90,0,28.4014087440923,0,0,0,0,0,75.7142857142857,1,1,0,0,1,0,84,18.4049079754601,0,"death",2.58904109589041
"1798","pi5313",0,0,-0.16067988411758,143.5,1.04635761589404,4.42797043861203,0.0571013999090223,0.526847860870414,19.4452693924075,0.549261498665972,0.510206680250463,2.07122075059777,0.708730374232977,7.79298421947487,4.65587109906273,3.24490747533107,79,1,29.5764343273437,0,0,0,0,1,217.964285714286,0,1,0,0,0,0,90,63.6702127659574,0,"censor",10.6657534246575
"1799","pi5314",0,0,-0.22974913739061,98.5,0.819168173598553,4.73590040556869,0.0471108124159144,0.919296120345173,12.9529950313867,0.961580545124084,0.80996692434981,1.6452399725501,1.02295318977534,8.60461946897463,4.66934950843363,3.32404467618237,81,1,25.2524414687115,0,0,0,0,0,196.714285714286,0,1,1,0,0,0,96,12.9953917050691,0,"death",11.0191780821918
"1800","pi5316",0,1,-1.39673712427059,55,0.611464968152866,7.15207214194601,0.0655635251776374,2.1448532437262,14.2500796051069,2.33167292863371,1.71724978626075,3.29808253264675,0.94487626702165,11.574139732854,9.11949782241733,9.51184830846328,77,0,29.6305241360186,0,0,0,0,0,44.5714285714286,0,0,0,0,0,0,93,13.7634408602151,0,"dementia",1.73150684931507
"1801","pi5319",0,0,0.0686417099881098,90,1.24899598393574,3.5566658683746,0.0835708762138577,0.68617217292505,16.8824184912898,0.754099582471196,0.674478550317141,1.72680058570797,0.53357925316656,9.17130537239643,4.96928340535316,4.78576125814053,81,1,25.4717885875646,0,0,0,0,0,91,1,1,0,0,0,0,95,5.9016393442623,1,"death",9.66849315068493
"1802","pi5320",0,0,-0.51379254612863,139.5,1.33485193621868,4.99092712433943,0.057986985364811,1.29278065178352,14.6105727818171,1.36272313008399,1.17689490918457,1.99365962275091,1.09745480723132,8.56485019241834,5.0748473386647,5.2829938984331,80,0,30.9529042622815,0,0,0,0,0,66,0,1,0,0,0,0,96,13.1623931623932,0,"censor",11.0630136986301
"1803","pi5323",0,0,0.0518246049354801,137,0.769014084507042,4.59363224229539,0.043245271000289,0.61956691788392,12.5812163934286,0.645128147531462,0.587399530417268,1.79475079500295,0.811912347599315,7.95730876648507,3.39606052366703,5.34517593171233,83,0,27.5825745896126,0,0,0,0,0,75,0,0,1,0,0,0,89,56.4055299539171,0,"death",3.69315068493151
"1804","pi5324",0,0,0.690819147071851,116,2.0450643776824,5.03433494085911,0.117511560251363,0.66430369862943,13.8236622035204,0.71315614895332,0.653361554960189,1.06956527012236,0.747127758720943,17.176056829055,4.09962076225243,3.50399368778902,75,0,24.7573579973207,0,0,0,0,1,262.5,0,1,0,0,0,0,95,7.12166172106825,0,"censor",10.2986301369863
"1805","pi5325",0,0,0.20655813546109,87.5,0.93698175787728,3.13492971020285,0.0665066020222235,0.753065196881701,14.8511405492517,0.809010224533526,0.717579181301809,1.6285746262972,0.536858137749656,13.1598621923242,4.14650788141149,3.26149715876604,84,0,26.1860925697941,0,0,0,0,0,149.571428571429,0,0,1,0,1,0,80,34.4776119402985,0,"censor",4.10958904109589
"1806","pi5329",0,0,0.52150145795291,123.5,2.83243243243243,6.22181246793901,0.0458046603763981,NA,5.58646377108175,NA,NA,0.611340442673423,NA,21.5942115403519,6.15040934234362,NA,69,0,21.0794914769185,1,0,0,1,0,201.714285714286,0,0,0,0,0,1,93,0,0,"death",8.90684931506849
"1807","pi5330",0,0,0.24610610170549,56.5,1.20175438596491,4.01699236304382,0.0514000823249266,0.667930662791098,13.3166951110109,0.690637258400804,0.630855998623744,0.865103333002733,0.358076080177786,8.14351479799714,2.71088955432383,2.65904799400914,84,0,35.6705961990998,0,0,0,0,0,86,1,1,0,0,0,0,83,34.2372881355932,0,"death",5.49315068493151
"1808","pi5334",0,0,-0.31621998703032,121.5,1.45432098765432,5.1525823533467,0.0446862036939171,1.17401281615813,16.8802885816589,1.21515572476341,1.09078321520238,2.55216798720629,1.43193597047864,11.2300467678595,6.39962031799107,6.64313956571741,69,0,25.6432710486772,0,0,0,0,0,252.214285714286,0,0,0,0,0,0,100,10.4738154613466,0,"censor",9.7013698630137
"1809","pi5339",0,1,-0.0643527648591302,118.5,3.1015873015873,5.83003322325258,0.0565942181926072,0.947336356131584,10.4376382451738,0.988384737726922,0.857421914376877,1.16871441881627,0.541508076234013,12.4999395493543,3.72736151728102,3.72073985748371,81,1,22.0968184949343,0,0,0,0,0,40,0,1,0,0,0,0,93,2.28813559322034,1,"dementia",4.32328767123288
"1810","pi5340",0,0,-0.43437846578536,127,1.40753424657534,4.55851512046988,0.0783647909876558,1.29170432240584,15.8585409069388,1.35858401646146,1.15030812213774,2.22051886799466,1.14860782579929,9.84704439049403,5.62634013890356,5.92529808756275,79,0,29.9039183500531,0,0,0,0,0,113.5,0,0,0,0,0,0,97,35.6338028169014,0,"censor",10.9342465753425
"1811","pi5341",0,0,-0.338339031357719,17,0.730769230769231,6.1330195406873,0.262455635308119,0.554316113718437,11.8177134112744,0.931439108474773,0.467519944055719,9.82265744515306,9.58664077273437,7.79157577012668,5.55410729858518,5.66778598877299,84,0,28.2083783242149,0,0,0,0,0,81,0,1,0,0,0,0,87,31,0,"censor",11.0547945205479
"1812","pi5343",0,0,-0.33665952417003,282,3.18379446640316,5.66272510047154,0.0591773063573581,0.878226217894851,19.1393315519299,0.958481211750853,0.845526206694857,2.04074486674805,1.21282007389853,14.0096299999278,6.29635221492342,6.97581432584071,68,1,31.3033903664726,0,0,0,0,0,189.571428571429,0,1,0,0,0,0,98,7.81990521327014,1,"censor",11.386301369863
"1813","pi5344",0,0,-0.82689295470946,70.5,0.847222222222222,5.94190416666243,0.0745944917794582,0.831111026574795,13.7456667446111,0.980491234539858,0.688731164263486,6.93453073603147,5.23908315174649,11.1752000843795,9.51003420288777,12.1901645948664,75,1,27.3604616456074,0,0,0,0,0,0,0,0,1,0,0,0,96,3.55555555555556,0,"death",7.61643835616438
"1814","pi5346",0,0,0.69549929325664,31.5,0.585034013605442,2.71610321148214,0.118403436166992,0.836330316851787,13.4546413524487,0.913946055072855,0.757067475140132,2.99365478499691,1.35426446361541,3.94992046087932,2.33994407265827,3.59842830013688,78,0,36.8094717055242,0,0,0,0,0,125,0,1,0,0,0,0,88,11.0204081632653,0,"death",8.42465753424658
"1815","pi5347",0,0,-0.25478893773153,145.5,1.70720720720721,5.41293209367882,0.0343335316548084,1.08526176939264,13.5916058213355,1.12403369352973,0.982946295399514,2.00601499962878,1.33302371770166,11.747028673648,4.43732418808687,6.31660335826545,76,1,24.2106789580164,0,0,0,0,0,221.892857142857,0,0,0,0,0,0,89,8.37209302325581,0,"censor",4.27671232876712
"1816","pi5348",0,0,-0.4256566262048,135,1.75,6.25485021082623,0.0397637703631362,0.957391499446572,15.8073221906877,1.04384778615422,0.922202182297054,2.20753308664948,1.14478905371827,16.7319776151399,7.12306543422208,5.86698925957752,72,0,29.3424688760241,0,0,0,0,0,233.142857142857,1,0,0,0,0,0,92,9.55223880597015,0,"censor",10.7835616438356
"1817","pi5349",0,0,-0.0332382889764702,99.5,1.53935185185185,4.92263019003711,0.0383462537076651,0.674085315427448,15.136743308936,0.705821436039888,0.637266161884396,1.63474372158589,0.728530665765304,11.2229403261443,7.15426717591541,7.09529923837471,70,0,26.8166089965398,0,0,0,0,0,175.928571428571,0,1,0,0,1,0,97,6.53465346534653,0,"censor",11.4739726027397
"1818","pi5350",0,0,-1.41684526742383,40.5,0.850746268656716,5.47479675591827,0.0578247654148318,NA,20.8799497445713,NA,NA,2.56929535764685,NA,12.6188774854017,8.24472717431452,NA,85,0,33.3340100941567,0,0,0,0,0,119.857142857143,1,1,0,0,0,0,94,57.125748502994,0,"death",7.72876712328767
"1819","pi5355",0,0,-0.66851352992217,327,3.25539568345324,5.32504645741787,0.067820068236964,1.11602088786865,19.7444193012176,1.24027781444934,1.04422820339399,3.11620190961074,1.37322923853735,15.7867989622088,7.29807488680138,5.33569615525555,70,1,24.4029065456204,0,0,0,0,0,124.571428571429,0,0,1,0,0,0,100,6.49769585253456,0,"death",10.2958904109589
"1820","pi5356",0,0,0.0598274145699605,148.5,1.65789473684211,4.37328804791546,0.0729718524914042,0.721726225296003,13.2317183941587,0.767847142645761,0.687341829868956,1.83691069270171,0.820782697152842,12.3936187087958,5.73143179589165,4.24837000386391,78,1,25.3472008560021,0,0,0,0,0,53.8571428571428,1,0,0,0,1,0,98,5.83892617449664,0,"censor",3.83835616438356
"1821","pi5361",0,0,-0.35885678872007,147,1.80178571428571,5.54914939462753,0.0437055273905388,1.30705501473388,11.5532122832129,1.35650271165234,1.19473935229224,1.97081268835398,0.810895135699419,15.5501781940326,5.57520834406129,1.69972229589864,79,1,26.0992574350497,0,0,0,0,1,356.928571428571,0,1,0,0,0,0,99,27.84,0,"death",10.172602739726
"1824","pi5373",0,0,0.209990997028299,293,2.55727554179567,3.76116525519973,0.0558784862860841,0.784469966220073,13.6335532156972,0.837377102162299,0.734237993901735,1.22750309613344,0.690292241109874,12.6092712062597,4.58512495770049,4.5566402598144,75,0,35.2793566163115,0,0,0,0,0,221.714285714286,1,0,1,0,0,0,85,3.65217391304348,0,"censor",10.1698630136986
"1825","pi5375",0,1,0.56922679763679,123.5,1.80719794344473,4.57668877223605,0.0680154804093356,0.69757432725168,14.8595873211886,0.744115673798552,0.668265001652078,1.62252760666691,0.295464787045079,13.8005593299753,3.46893460618463,4.66055716586287,75,1,29.3877551020408,0,0,0,0,0,186,0,1,0,0,1,0,94,5.55555555555556,0,"dementia",1.53698630136986
"1826","pi5377",0,0,-0.51479775726576,162.5,2.1640625,4.76043614490597,0.0545560633263933,1.09384256565078,15.9391702566387,1.15865993756762,1.03155742345112,2.64464931620346,1.2123221737079,13.6027295583804,9.08812914983745,6.63461296150803,69,0,28.6609417399983,0,0,0,0,0,151,0,1,0,0,0,0,92,20.188679245283,1,"censor",11.6794520547945
"1827","pi5379",0,0,0.0535226779836705,222,1.84103512014787,3.86489087494792,0.0961072709873508,0.94184397929983,13.848375346763,0.998271772163838,0.87803323286066,1.4714049667031,0.567940693325862,13.0144566258495,3.3989543679443,3.33148282544411,87,0,28.1436983237311,0,0,0,0,0,94.5,0,0,0,0,0,0,87,34.6095717884131,1,"death",12.0465753424658
"1828","pi5381",0,0,0.58395474741959,47.5,2.13333333333333,4.54294016133082,0.0826246937299178,NA,9.7859033331124,NA,NA,1.15607592515136,NA,15.3571831539194,5.18254577846072,NA,73,1,29.7396663952922,0,0,0,0,0,143.928571428571,1,1,1,0,0,0,97,18.8888888888889,0,"death",7.24383561643836
"1829","pi5382",0,0,-0.0456157166503701,111,1.55172413793103,5.83105614552572,0.0537102702368148,NA,10.6916738381174,NA,NA,1.10341059430264,NA,11.684546774612,5.71268052387876,NA,75,1,33.7014477711263,0,0,0,0,0,184.642857142857,0,1,0,0,0,0,97,7.25925925925926,0,"censor",10.0328767123288
"1830","pi5383",0,1,0.27820898014018,327,3.21722113502935,3.7451545589382,0.0903650612415076,0.756800988278701,9.29330869152375,0.858966767248157,0.745838406659472,1.20045774000621,0.498750698240345,15.0589506218609,5.9144766761197,4.44634375515724,78,0,27.2317305930289,0,0,0,0,0,100,0,0,0,0,0,0,91,23.5185185185185,1,"dementia",3.56712328767123
"1831","pi5386",0,0,-0.357143412944519,91,0.991853360488798,6.24642920971866,0.11379485388349,1.16691022156993,17.6531374607756,1.22010633931337,1.07924829734524,2.39846857595015,0.97790209910659,9.44976102505353,8.46899651373671,6.18548505640646,69,0,26.5655247874758,0,0,0,0,0,347.714285714286,0,0,0,0,0,0,98,7.36111111111111,0,"censor",10.8712328767123
"1832","pi5388",0,0,0.3830669096189,99.5,1.83714285714286,3.93772703007177,0.0877343322495728,0.782769027200231,11.8928994197349,0.853864242376176,0.752433538691539,1.00411732349421,0.796916865685094,13.515980134426,3.86721964273076,3.26653119720747,81,0,27.7458768010489,0,0,0,0,0,292.571428571429,0,1,1,0,0,0,94,7.59259259259259,0,"death",8.15616438356164
"1833","pi5389",0,0,-0.18558664838595,142,1.33734939759036,4.87586403099218,0.0382343255460827,0.890372186062699,20.9669085578206,0.91647807623626,0.840104973615027,4.04449162493323,1.04356991857675,11.8410785845779,4.97713046293381,4.53345062728468,71,1,24.855846940074,0,0,0,0,1,255.714285714286,0,0,0,0,0,0,100,10.4347826086957,0,"death",11.8794520547945
"1834","pi5393",0,0,0.3977863471269,101.5,1.37950138504155,5.17904936960297,0.137882726378352,0.741010232218162,14.5676744431809,0.813390017388617,0.665609309865545,1.74546172343646,1.46250015841588,9.97791060673958,3.39170900025079,2.18154672913557,77,0,27.3558299039781,0,0,0,0,0,156,0,1,0,0,0,0,93,8.88888888888889,0,"censor",9.95342465753425
"1835","pi5396",0,0,-1.37602299807468,312,4.69543147208122,6.37318397314447,0.0765707919122064,1.5691303565501,20.5980137697574,1.73125835228574,1.52545902706344,2.82971858518285,0.555180354981041,23.1359216681159,9.64561112176394,6.43712921672258,77,0,24.981738495252,0,0,0,0,1,86,0,0,0,0,0,0,92,18.2781456953642,0,"death",7.52602739726027
"1836","pi5399",0,0,-0.68756191506839,186.5,1.61894273127753,4.19055175312827,0.0422607259411942,1.00632472036988,16.7116471594489,1.04201996908769,0.945463442042888,2.56660562836177,1.09678250651193,9.72090005975517,6.96483427434297,6.67707959960015,79,0,26.7363082216106,0,0,0,0,0,155.928571428571,0,1,1,1,0,0,87,24.7959183673469,0,"censor",11.2794520547945
"1837","pi5403",0,0,-0.0764683149471395,307,2.83601756954612,2.60623833679808,0.0731781861299487,0.991026079731787,18.610108049601,1.03596054591615,0.93921055209426,1.58179442184254,0.508578942913379,14.2934863694125,4.12519862365902,3.98059926319276,82,0,26.3296103077623,0,0,0,0,0,111,0,1,0,0,0,0,97,37.5854214123007,0,"censor",10.7643835616438
"1838","pi5404",0,0,-0.39782502924682,289,2.42537313432836,4.81592133707472,0.038444338706772,1.22466164871445,10.1456576354562,1.30253648878222,1.13356106179477,1.79614097930669,0.654787066816662,15.2301809480042,6.85908498748076,6.48180197614659,78,1,35.7372300422998,0,0,0,0,0,138.142857142857,0,1,1,0,1,0,94,32.7032967032967,1,"death",8.83561643835616
"1839","pi5409",0,1,-0.94952510901405,149,3.52429667519182,7.39617885622546,0.0791130426477163,1.03851320078204,11.4585619845543,1.14389730820713,0.936028462988979,1.37704014721238,1.61417236301109,16.3281553595707,6.14196371162368,1.67148889923702,84,0,26.024032127666,0,0,0,0,0,139.214285714286,0,0,0,0,0,0,91,5.30612244897959,0,"dementia",3.97808219178082
"1840","pi5410",0,0,-0.0964330740224199,273,2.57643312101911,5.07104303320301,0.0490505167309288,0.865472921411682,12.2753462768829,0.925558874038661,0.813009412982271,1.30329671437434,1.35511377108458,18.0656358736954,5.2628082616129,4.28719651488177,76,0,21.6902076535142,0,0,0,0,1,182.714285714286,0,1,0,0,0,0,82,9.31506849315068,0,"censor",11.3123287671233
"1841","pi5411",0,0,0.49397919499347,151,3.31597222222222,4.8222735844015,0.0578406551695671,0.689670542657982,11.7088178836285,0.732500656830812,0.660281788241706,1.07867130521035,0.759501514638799,15.1197560383641,4.97286448635994,5.05250463756216,69,1,33.7848499696867,0,0,0,0,0,159.214285714286,0,1,0,0,0,0,94,24.8847926267281,0,"censor",11.5561643835616
"1842","pi5412",0,0,0.0619532035195107,131,1.51458885941645,4.19804028078391,0.0169761339424304,0.613554169951962,14.7811728917273,0.62111760226137,0.596446051959678,1.09200379704221,0.415643447304028,8.57095558648312,5.06964175278839,6.16856891488392,75,1,34.3511540622566,0,0,0,0,1,184.214285714286,0,1,1,0,0,0,93,16.3636363636364,1,"death",6.91232876712329
"1843","pi5416",0,1,0.101197132455719,196.5,1.69535283993115,4.98155868264073,0.0790469740579095,0.977914459537499,9.87708851217108,1.01313587304616,0.887825187789208,1.07898645332554,0.486898960929758,9.39771596904289,5.59086229143102,4.08337973032415,77,0,31.0171796882659,0,0,0,0,0,196.714285714286,1,1,0,0,0,0,93,0.821917808219178,0,"dementia",4.25479452054795
"1844","pi5417",0,0,-0.29444370237112,110,1.38118811881188,7.70359207719275,0.063852116342501,0.988862677235816,17.4467689198654,1.04848461891246,0.914519010320761,2.18627471008259,1.15304690164083,11.3495899649665,5.06792992983718,4.09647350582468,70,0,23.8164567316798,0,0,0,0,0,134.5,0,1,1,0,0,0,99,3.91644908616188,0,"censor",10.7424657534247
"1845","pi5419",0,0,0.11497669039845,163.5,1.88798370672098,4.83894791366272,0.0549628121333645,0.988203481568748,14.0665409568728,1.04576667835115,0.909934914661927,1.41287430817854,0.654263363668928,9.80598415405525,3.32366098839095,5.68972215669204,77,0,24.3543562097561,0,0,0,0,0,161.714285714286,0,0,0,0,0,0,95,2.74932614555256,0,"censor",9.5945205479452
"1846","pi5421",0,0,-0.0694476352890206,127.5,1.88219178082192,5.17415895784901,0.114453215912061,1.47904641420148,13.7241248160331,1.79454827653753,1.40328524624935,2.3627004132476,1.31030444466776,16.4457589421569,4.95295127672508,4.37052561857582,76,1,25.8242260007807,0,0,0,0,0,129.928571428571,0,1,0,0,0,0,99,6.13259668508287,1,"censor",10.2
"1847","pi5422",0,1,-0.0850157389442799,34,0.496021220159151,3.79265521068731,0.0769040252786146,0.80687950572462,10.655777806705,0.848771870409278,0.748451559943584,0.953819639692268,0.535801032913057,4.83797694414321,4.20752067322989,4.51116403533885,90,1,30.2567258386817,0,0,0,0,0,99.5,0,1,0,0,0,0,93,0.246913580246914,0,"dementia",6.12876712328767
"1848","pi5426",0,0,0.8310494365631,68.5,0.973251028806584,3.6840243823851,0.0787188814171945,0.902024155000366,12.6973236299632,0.965711919763276,0.846677766524864,1.42789873164289,0.341967562978489,8.36034658757789,3.28813996917897,2.3592135824983,72,1,29.555012345375,0,0,0,0,0,166.642857142857,0,1,0,0,0,0,99,26.0162601626016,0,"censor",9.93150684931507
"1850","pi5431",0,1,0.45733154736545,11.5,0.0775510204081633,3.68333172870735,0.679701801125277,0.874833652691278,14.0294168457461,1.0085622226851,0.830591127169771,3.27925031393905,2.20902152138498,9.76869798932875,3.42614144459416,4.07641542887275,73,0,35.5022655251919,0,0,0,0,1,101,1,1,0,0,1,0,89,10.5511811023622,0,"dementia",4.1013698630137
"1851","pi5432",0,0,-0.64858995779677,203.5,1.87450199203187,5.62344653527232,0.0668408389096644,0.816816920865382,16.2073398027392,0.904239854557669,0.746731212523129,6.11026992084278,4.38814185007057,13.290401910482,8.08601068480818,10.6247838062915,73,1,31.6446689913414,0,0,0,0,0,194.928571428571,1,1,0,0,0,1,100,55.2727272727273,1,"censor",10.4767123287671
"1852","pi5434",0,0,0.0969496671929505,83,0.761278195488722,4.22169194792864,0.102111879229571,1.18256458802422,16.0116659350005,1.35822348392292,1.13517237852294,2.30111160515479,1.41371523058321,9.73064506669441,5.43248032818039,4.9316537083706,72,1,26.9313116895358,0,0,0,0,0,439.428571428571,0,1,0,0,0,0,96,12.5581395348837,1,"censor",9.8958904109589
"1853","pi5437",0,0,0.361286265430419,82.5,1.15348837209302,4.1809052932665,0.0590507579996726,0.751082553169671,11.4347188727542,0.799488574469463,0.705376271064858,1.00621381631155,0.800253902324348,10.5407136708966,3.43743937802662,4.79807293816332,80,0,26.359637331006,0,0,0,0,0,119.214285714286,1,1,0,0,0,0,95,34.1732283464567,0,"death",8.14246575342466
"1854","pi5440",0,0,-1.36107557953985,90.5,0.696629213483146,7.10075401514331,0.0432470640045603,1.32292025007057,20.4371580547021,1.38468564607252,1.2152276500721,3.56748716956132,1.47619291460409,10.6669105051013,8.10501630429279,7.36096701868654,77,0,29.3595220269814,0,0,0,0,0,104.25,1,1,0,0,0,0,100,25.9657701711491,0,"censor",11.5068493150685
"1855","pi5441",0,1,0.446513518530899,91.5,1.44378698224852,4.66408986198365,0.124706715533454,0.498122652956776,14.7802463572421,0.551724599917229,0.453386207174056,1.65463533029381,0.895646640681959,12.5589989187862,5.95299457183348,2.03351958898722,74,0,32.7645233145962,0,0,0,0,0,101.642857142857,0,0,0,0,0,0,90,71.1219512195122,0,"dementia",3.87123287671233
"1856","pi5445",0,0,0.0259579610627796,162.5,3.37714285714286,8.35515233311374,0.0662666557368684,1.17921636839902,10.211995418014,1.23813777672032,1.0802752377739,1.42504868623166,0.440012982059378,23.6741279311158,6.64124713559008,8.28938537527966,69,1,32.4961372475891,0,0,0,0,0,79.8214285714286,0,1,0,0,0,0,100,19.875,0,"censor",10.186301369863
"1857","pi5446",0,0,0.35587094529771,108.5,1.17934782608696,4.96888572301288,0.106636453873748,0.704112951040092,8.69249186710448,0.731834601475128,0.664627604015567,0.829812896647289,0.425326003416551,7.34938940295083,4.71731814459719,5.19913585657296,82,0,32.5326734213525,0,0,0,0,0,91.25,0,1,0,0,0,0,97,25.0406504065041,1,"death",8.15616438356164
"1858","pi5450",0,1,-0.40109543366447,155.5,2.22903225806452,6.36264383335078,0.0452397720542541,1.2682431625082,9.18962605617968,1.33274758820369,1.08740051879446,1.31582136295745,0.892042783882089,14.3840096934672,6.7805812820428,5.80225844288115,75,0,30.4957500013862,0,0,0,0,0,196.678571428571,0,0,0,0,0,0,98,24.9805447470817,0,"dementia",1.22739726027397
"1859","pi5452",0,0,-0.56662190738698,176.5,1.75659229208925,4.35431977756964,0.0277441901582815,0.836310938134274,14.8547924169094,0.880850259723086,0.791184851447465,2.11795203618045,1.23884217961407,10.1467389400416,8.167854882763,4.79177292638639,73,0,30.7551397798045,0,0,0,0,0,113.142857142857,1,1,1,0,0,0,89,7.27272727272727,0,"censor",11.0438356164384
"1860","pi5455",0,0,-0.185879764074799,165.5,1.41482965931864,4.4565614419654,0.0482597382450469,0.960564928424336,14.2602615778827,1.0252688718124,0.905762538772854,2.01884725471468,1.20240541185976,11.3852844803592,5.8756887608775,5.58018496361547,75,0,25.2956346220702,0,0,0,0,0,202.607142857143,0,0,0,0,0,0,97,18.9855072463768,0,"censor",10.227397260274
"1861","pi5456",0,0,-0.49562674614384,241,3.06214689265537,4.89599552071443,0.02204987760515,0.981956409352109,8.03991904816753,1.02497518170599,0.889591476215047,0.980947218431962,0.4978601483575,16.8537198251788,9.03870968215777,8.99652577945256,77,0,24.4943185030245,0,0,0,0,0,92.7142857142857,0,0,0,0,0,0,97,22.9722921914358,0,"death",9.6027397260274
"1862","pi5460",0,0,-0.31417769177914,172,1.47211895910781,3.76702777002508,0.0582741959754079,0.94438472882363,13.8987022419886,1.02777107846272,0.904729499293905,1.48446008652816,0.77582312994622,9.64105873154444,4.47321942341193,3.56136034027834,86,0,24.94549496572,0,0,0,0,0,196.714285714286,0,1,0,0,0,0,90,12.9562982005141,0,"death",9.39178082191781
"1863","pi5462",0,0,-0.78083926081768,105,1.35309973045822,4.67864093222724,0.0831107529239093,1.18083289142137,18.5042996696205,1.33015794604777,1.09223579669551,2.77574650475975,2.04363324896086,12.6337534161709,4.91088857426785,3.48229050927777,84,0,25.8416808724806,0,0,0,0,0,196.285714285714,0,0,0,0,0,0,88,12.5735294117647,1,"censor",6.26849315068493
"1864","pi5465",0,0,-0.5268036784201,158.5,1.16338028169014,8.51169273613668,0.303932277605801,0.870245568058802,11.2155350603785,1.00588894728017,0.7964615268284,10.1211131035131,5.91296334344527,14.3170435074183,9.07161711188343,10.4929241311613,71,1,26.0782855276821,0,0,0,0,1,297.642857142857,1,0,0,0,0,0,97,10.3971119133574,NA,"censor",10.4383561643836
"1865","pi5466",0,0,0.42924458836265,129.5,1.22312373225152,2.91589793977756,0.0509660218520643,1.19278909952528,11.8055006364961,1.29384078648163,1.10913104333461,1.45947413591201,0.939554577710882,8.46162673969008,4.03646560361957,3.91488649564137,72,1,28.9360768175583,0,0,0,0,0,228.357142857143,0,0,0,0,0,0,99,4.06153846153846,0,"censor",10.1698630136986
"1866","pi5472",0,0,-0.22874341904399,110,0.767567567567567,7.46504208195194,0.0402410163523443,0.749981578827043,18.9118106752992,0.772804184873524,0.699617454430709,2.20673680914048,0.779933368442931,10.5172284837257,5.17120178306162,5.41417455456088,70,1,30.1997807450747,0,0,0,0,0,180.428571428571,0,0,1,0,0,0,98,12.8155339805825,0,"censor",10.7232876712329
"1867","pi5473",0,0,-0.24281221554515,59.5,0.988919667590028,5.31025412828396,0.0551713526190481,0.708728305969534,16.176142374708,0.726627550486804,0.660060085131867,1.60704721459288,0.401539623674919,12.3587866569449,3.9191246791786,2.60196359046341,87,0,21.7253388492014,0,0,0,0,0,132.285714285714,0,0,0,0,0,0,89,24.223602484472,0,"death",7.78630136986301
"1868","pi5474",0,0,-0.379058914593379,82.5,1.11456310679612,4.00000289390812,0.0474914758916886,1.18287383003507,14.2181752898817,1.22771705258873,1.08630741730318,1.73053844937235,0.603393030975582,7.46184868082536,7.05669211091518,7.61132452812126,77,1,25.8310095274116,0,0,0,0,0,161,0,1,0,0,1,0,98,30.5,0,"death",7.62465753424657
"1869","pi5475",0,0,-1.20279710444062,166,1.20287539936102,6.05285457884975,0.0446120040366685,1.5943055198627,18.6459981927916,1.76695465297365,1.39610694625297,2.48644550735992,1.55007964093362,11.4955499295328,5.69091522668818,3.02996452682263,80,1,29.5081955414556,0,0,0,0,0,144.75,0,0,0,0,0,0,98,55.4854368932039,0,"death",12.0493150684932
"1870","pi5476",0,1,-1.19675243049429,110.5,1.05867346938776,5.4420112034769,0.0430074071310479,1.90206848189775,16.6466456622434,2.01296418747017,1.7136359540355,3.85449071824826,1.46821599092951,9.42328407370572,8.83085612831406,6.31044950111323,72,1,21.3688466111772,0,0,0,0,0,174.678571428571,0,0,0,0,0,0,98,15.3370786516854,0,"dementia",10.8493150684932
"1871","pi5477",0,1,0.0542139708414098,25,1.39252336448598,4.92996371757178,0.0877371707650303,1.36600421316662,8.78352420120629,1.40256948001981,1.2642530762232,1.03221985436709,0.429504155337309,10.554344737253,5.00741806205776,4.93160132585234,82,0,20.5475137676763,0,0,0,0,0,98.5,0,1,0,1,0,0,84,2.8,1,"dementia",4.04931506849315
"1872","pi5479",0,1,-0.41190419614684,136,0.900647948164147,5.71295040524275,0.114593757423974,0.6413658049577,16.3829281795738,0.736526310854857,0.612753118498651,3.92206157898276,2.09699728485247,11.5816552934953,5.48877613107651,5.58472658420561,82,0,24.7562227981808,0,0,0,0,0,175.714285714286,0,0,0,0,0,0,94,4.08759124087591,1,"dementia",6.9041095890411
"1873","pi5481",0,0,0.18579240426922,106.5,1.78589420654912,3.56734251472904,0.0419735127325896,0.943653336062528,9.35322300412,0.977577114634427,0.886519433981654,0.852296584451304,0.337174287897766,12.191043329566,6.93629006855839,5.47697532691832,75,0,30.5555555555556,0,0,0,0,0,220.071428571429,0,0,1,0,0,0,92,16.8454258675079,0,"censor",6.87945205479452
"1874","pi5486",0,0,-0.32947912720941,149.5,1.88594704684318,5.13768774148594,0.0497431458133203,NA,11.7719022883451,NA,NA,1.52620334938457,NA,11.4106416369683,6.9002761285498,NA,76,1,25.6171225337295,0,0,0,0,1,96.1071428571429,0,1,0,0,0,0,98,10.3846153846154,NA,"censor",10.3972602739726
"1875","pi5487",0,0,-0.19377186745524,112.5,1.22380952380952,7.60937106863094,0.107513052387904,0.641102659948681,12.0314649253366,0.779350891997722,0.603970337960978,3.1619544844717,1.80247554969987,13.8434909331896,6.76592074847946,7.30937201150092,74,0,28.1374412302503,0,0,0,0,0,139.928571428571,0,1,0,0,0,0,89,8.98305084745763,NA,"censor",11.1068493150685
"1876","pi5489",0,0,-0.377671148735701,306.5,2.48455598455598,5.45969269445387,0.0571243694483012,0.856259585215625,11.7998766348908,0.92263919250218,0.820909192652917,1.94877650989039,0.584002354722466,11.0163765677179,9.16699304520728,6.81982130885005,70,0,27.4036041739094,0,0,0,0,0,106.714285714286,0,0,1,0,0,0,88,13.2806324110672,NA,"censor",9.93150684931507
"1877","pi5490",0,0,-0.90756360345676,71.5,0.553435114503817,7.50234725285401,0.0489356096124356,1.4430437306441,12.9607303414039,1.73865021343321,1.31015709949201,2.49034561786795,1.12831143416842,9.58077184695166,8.08120030731514,4.19867961294367,72,1,25.5340003057713,0,0,0,0,0,145.642857142857,0,0,0,0,0,0,92,5.52058111380145,NA,"death",10.3780821917808
"1878","pi5491",0,0,0.28171210256257,248.5,2.84090909090909,4.09024928738747,0.110628433939132,0.96053200041471,20.7244073669632,1.04486793866011,0.919845528150061,1.86053837569364,1.08341698857911,22.0980532595953,4.87911101563659,4.03838823774236,72,0,25.5746417874703,0,0,0,0,0,302.714285714286,0,1,1,0,0,0,95,9.32714617169374,NA,"censor",11.1616438356164
"1879","pi5499",0,0,-0.73339087422556,188,1.58960573476703,5.06978501271933,0.0675970971108445,0.882038489235473,14.9138912441695,0.978909330081508,0.821070974502818,2.17221517750115,1.37551397223679,10.3735430791846,7.29131466347164,2.95077257492717,80,0,28.3157987285893,0,0,0,0,0,96,0,1,0,0,0,0,85,20.6962025316456,NA,"censor",12.0465753424658
"1880","pi5500",0,0,0.20434190200404,87.5,0.8625,4.18451324953682,0.0526912188633367,0.987368514414161,14.2501369289592,1.02656948159942,0.92397258838213,1.45878439741911,0.575012916288859,8.14228957109785,6.41369048212565,5.98200766738604,69,1,27.6794858401572,0,0,0,0,0,184.107142857143,0,0,0,0,0,0,96,13.6363636363636,NA,"censor",9.86027397260274
"1881","pi5501",0,1,0.39340867309009,25.5,0.204444444444444,5.50299409505648,0.0534069329808745,0.960703047948791,10.9354969520244,1.00720400761039,0.912087931514241,2.15147236597022,0.517707413350739,6.24108701969237,3.47552129173166,4.59389338656389,75,0,27.945428787673,0,0,1,1,0,114.392857142857,1,1,1,0,0,0,81,16.952380952381,0,"dementia",4.14246575342466
"1882","pi5505",0,0,-0.180511174419431,91,1.08459869848156,4.3269210789633,0.0334258426252694,0.950313136464667,14.6093681173097,0.985651392968473,0.900051867608127,2.16997385663646,0.955442769341881,13.002119307594,7.525204667233,6.40446059127118,72,1,27.2493063812921,1,0,0,1,0,334.285714285714,0,1,0,0,0,0,86,18.5224274406332,0,"censor",10.5397260273973
"1883","po6501",0,0,0.850677475002171,143,1.71394799054374,3.30935322356951,0.05634797564139,1.04708148255997,13.0584020179206,1.10537879119752,1.02357624288078,1.67898283253721,0.655246507216635,14.8946096031868,3.19735087499498,5.78099736232066,70,1,23.2078162637479,0,0,0,0,1,130.642857142857,0,1,0,0,0,0,96,0.143198090692124,0,"censor",9.73698630136986
"1884","po6502",0,0,-0.0753311360374198,68,1.07159904534606,4.23457187471463,0.0519777073366504,0.708878687343031,12.4280120610039,0.738527185246788,0.683138088386643,1.2080567389283,0.669575521487623,10.6440627810492,5.76218478154085,6.11168165738065,82,1,30.174793741429,0,0,0,0,0,66.0714285714286,0,0,0,0,0,0,98,3.65853658536585,0,"death",2.90684931506849
"1885","po6503",0,0,-0.77865660910615,161,1.50396825396825,6.80300437316024,0.0316266742391064,1.05976093535572,15.4312371715936,1.25178245743665,1.05898125989054,2.2148284908528,1.30932351088616,13.4790628772995,5.73375748522216,5.08577944884449,78,1,27.6511631439338,0,0,0,0,1,139.214285714286,0,1,0,0,0,0,91,16.5728900255754,2,"death",6.06849315068493
"1886","po6504",0,0,-0.18878432233748,253.5,2.78947368421053,5.01488767632264,0.043798773576965,1.02724612181292,9.04023755831427,1.14203757303635,0.957034013601856,0.999276648745987,0.506494012414721,15.6466810696129,5.62071981669972,3.36095465643338,80,1,24.0456521306133,0,0,0,0,0,395.214285714286,0,0,0,0,0,0,95,4.0625,0,"censor",9.62739726027397
"1887","po6507",0,1,0.260463809648139,46,0.720364741641337,4.68440135213528,0.0644415014725958,0.717038204634546,13.4376980461827,0.75927985981633,0.671940162609195,1.39210696441112,0.62265963471027,6.3645523622092,2.85424198062874,3.7972613649796,81,1,26.4597963298155,0,0,0,0,0,144.928571428571,1,1,0,0,0,0,97,41.865671641791,0,"dementia",1.2
"1888","po6509",0,0,-1.0075141703592,46.5,1.43790849673203,5.01218887387972,0.0414522911319909,0.974590957874684,9.61589906888001,1.00628802616133,0.890582162485995,1.64001130009859,0.843088358574168,8.81476177221325,9.91664558532033,7.70180375233808,84,1,22.6582111243229,0,0,0,0,0,66.4642857142857,0,1,1,0,0,0,97,2.39202657807309,1,"censor",11.027397260274
"1889","po6512",0,1,-0.44497217801915,130,1.12237762237762,4.52508549140392,0.0272794558161003,1.13287855928204,14.3053106135146,1.18162914347802,1.02824325791174,1.53719433058818,1.03044768921269,10.7889014277994,6.89975104870158,6.93291504416911,75,1,23.9459662592795,0,0,0,0,0,100,0,0,0,0,0,0,94,2.36111111111111,NA,"dementia",10.3890410958904
"1890","po6516",0,0,0.14875686754431,185,2.14591439688716,6.14406964512778,0.0703595404778146,0.817443407652566,9.89371840267598,0.966811184181666,0.808728060207711,1.59342740270937,0.70636560181944,16.2962720385374,7.53364751819013,5.78013137021099,69,1,28.4681936505525,0,0,1,1,0,144.607142857143,0,0,0,0,0,0,90,9.40874035989717,0,"censor",10.5013698630137
"1891","po6524",0,0,0.33612988822334,137.5,1.47939262472885,3.87600525713382,0.0575340527352956,0.748741215550822,17.350748422955,0.780698182861577,0.706674600245839,1.74091526684437,1.22696696249821,8.62828148018836,4.12519579919207,4.01815589573395,69,1,23.9925777151342,0,0,0,0,0,222.928571428571,0,1,0,0,0,0,97,0.164835164835165,NA,"censor",9.7041095890411
"1893","po6527",0,0,-0.90867869417477,86,1.02844638949672,5.14053358812352,0.0477068356512042,1.16374196630143,12.9769073936691,1.24107445914958,1.06604453518184,2.01330221725557,1.00246619595944,9.58521746720588,8.51941986875243,5.64036388343625,81,1,24.9467393336359,0,0,0,0,0,143.214285714286,1,0,0,0,0,0,95,16.8181818181818,0,"censor",11.5260273972603
"1894","po6528",0,0,-0.0135448771435705,156,1.6027633851468,5.94073510136894,0.0612427248434666,0.737338780154852,15.4137414016449,0.824922024732008,0.720993139664673,2.21117360755955,0.979402843206757,11.4160104316762,5.10955112908729,2.0858463462495,72,1,27.4915748704794,0,0,0,0,1,149.714285714286,0,1,1,0,0,0,99,3.73134328358209,0,"censor",10.5342465753425
"1895","po6529",0,0,-0.43064055451279,149.5,1.38666666666667,4.21068782517031,0.0285695242195899,1.58720983086398,17.3199471728831,1.67241871154934,1.42337549202168,2.30743879343249,2.2390999833915,11.9941978821895,3.73996862193808,3.03896624144116,72,1,39.6000787715139,0,0,0,0,0,142.571428571429,0,0,0,0,0,0,97,7.19298245614035,0,"death",1.81643835616438
"1896","po6531",0,0,-0.49063794136526,83.5,1.20061728395062,2.1371456700884,0.058935014150185,1.2033299130054,13.6215306012442,1.28186823712749,1.09837514148333,2.39042445727986,1.10624257220216,10.2684953669898,9.52615590841519,8.76720172336841,77,1,33.8315903543473,0,0,0,0,0,189.571428571429,0,0,0,0,0,0,98,13.7979094076655,0,"censor",10.986301369863
"1897","po6536",0,0,0.255791184740541,203,1.82373472949389,4.08736006229352,0.0412972117678851,0.891023663077211,12.5217340805949,0.934595679039297,0.822515127530735,1.88327627495579,0.661475091575543,14.1014891053165,5.60169091533602,5.9514199744763,72,1,26.4668904132649,0,0,0,0,0,184.964285714286,0,0,0,0,0,0,98,9.82758620689655,NA,"censor",10.4931506849315
"1898","po6537",0,0,0.0103588945995995,148,1.508,6.34135707686356,0.0521888850586602,0.944479462185498,10.5086357673667,0.977448139013877,0.853169411471755,1.78056877810342,0.568244188945971,13.2438991069852,5.79194201813093,3.34424629587753,74,1,22.0104692609934,0,0,0,0,0,123.928571428571,0,0,0,0,0,0,97,4.94845360824742,0,"censor",10.3342465753425
"1899","po6538",0,0,0.0671440516349506,93,1.29555555555556,2.37273109889208,0.0553219031368682,0.770867033719789,12.6040873225544,0.827798702868503,0.735829240146962,1.91042916909122,0.865214385570264,6.80237750408553,5.53151972388914,5.1565431645686,80,0,31.4717972966973,0,0,0,0,0,116.75,0,1,0,0,0,0,88,16.8181818181818,1,"censor",10.6602739726027
"1900","po6540",0,0,0.58408561120728,68,1.28199052132701,4.20844696197416,0.121515898237224,0.284754179285615,13.6814271920834,0.328217382637011,0.303334758948503,0.756021216346179,0.98942399368027,16.6088636745637,4.33996660565385,3.77116903224741,83,1,25.6168287496162,0,0,0,0,1,27.1428571428571,0,0,1,0,0,1,91,0.511363636363636,NA,"death",2.04931506849315
"1901","po6541",0,0,0.40009358942413,67.5,1.32679738562092,5.49188081203944,0.0440747579937157,0.954586475453196,11.2523952238149,0.985338402185842,0.90159142452762,0.949599712028021,0.447504776311359,6.65078534591251,3.80646467008745,5.21479715593229,71,1,28.8964870863247,0,0,0,0,0,158,0,1,0,0,0,0,91,0.371517027863777,1,"death",7.88219178082192
"1902","po6546",0,0,0.100110217438539,154,1.49328214971209,3.8999465448972,0.0650195581178788,0.888539019202842,16.1715739617061,0.930367907885679,0.85197210409781,1.71529408351363,0.754025937313823,22.8866435160888,4.66214114037512,4.37741164375444,75,1,26.7009101663805,0,1,0,1,0,124.357142857143,0,0,0,0,0,0,94,22.0612813370474,0,"censor",10.4301369863014
"1903","po6547",0,1,0.34562143617091,96.5,2.01338432122371,6.88957072502322,0.0830018642621944,0.8436265623018,10.4744720664815,0.883453510056914,0.79347067613784,0.859272848702605,0.683584434553659,13.2890906195851,5.47448845810632,5.40188823509353,70,1,28.79883611397,0,1,0,1,0,104,0,0,0,0,0,0,95,8.59375,NA,"dementia",10.2821917808219
"1904","po6548",0,0,-0.1027452514429,105,2.22772277227723,5.73844739595834,0.0764143288995736,1.33685525689306,12.4805257435091,1.50333161643135,1.31444703710856,2.77773949094071,0.469091170207565,13.5047615823536,7.57282974460256,5.27473027905717,69,1,22.3990232647455,0,0,0,0,0,140.75,0,0,0,0,0,0,100,0,NA,"censor",10.9178082191781
"1905","po6549",0,1,-0.71512798545732,171.5,2.25503355704698,6.26343854493326,0.0477773471069787,0.871915866201937,17.9081925133035,0.907446270211479,0.79627017266044,2.56109460474992,0.515912420877759,14.5118333282454,7.21471718833763,6.34909500032044,78,1,23.5304984755988,0,0,0,0,1,119.214285714286,0,0,0,0,0,0,95,15,NA,"dementia",7.31780821917808
"1906","po6551",0,0,0.27537512011757,141,1.79735682819383,3.83089983063525,0.0505378315814429,0.496847898576577,12.9525546227399,0.517336876568797,0.477269456189334,1.24765925002168,0.510057348370117,10.7363578549859,4.05060584869596,7.2492025404638,81,1,32.5457016592056,0,0,0,0,0,79.9642857142857,0,0,0,0,0,0,100,16.0975609756098,NA,"death",8.28219178082192
"1907","po6554",0,1,-1.68965814853714,109.5,1.23498694516971,7.19367634449783,0.0313878229123798,1.32513738776636,17.4779324683961,1.35748779851192,1.15652455690908,2.55832658823983,0.756597723737473,9.32806312416107,11.6956939397798,4.01446307674355,75,1,20.7011139609715,0,0,0,0,0,404.857142857143,0,0,0,0,0,0,97,0.808625336927224,2,"dementia",6.47123287671233
"1908","po6555",0,0,-0.0440947879838504,63,1.02484472049689,7.37092738707567,0.0575086984940473,0.699526832878319,18.125834343619,0.719924943143954,0.655197225591847,1.83144070203466,0.911727687947997,8.22060340200075,3.30314771768765,3.88378524389263,73,1,26.9670642979629,0,0,0,0,1,76.4285714285714,0,1,1,1,0,0,92,0,0,"death",3.80547945205479
"1909","po6556",0,0,-0.36327761863168,200,2.41875,5.81347566981015,0.0670285006469725,1.02724541145022,11.6131564816873,1.09089991697192,0.965984417266894,1.88757458238826,1.09557505096297,11.7226451690626,7.87760411533506,8.94986440560586,72,1,25.5038077492244,0,0,0,0,0,251.178571428571,0,1,0,0,0,0,96,13.2773109243697,0,"censor",10.5150684931507
"1910","po6557",0,0,-1.10179522993227,273.5,2.03245436105477,3.30061080685563,0.0247460237400715,1.22877307435851,15.4598392290841,1.26508890907837,1.12404541308455,2.30653846729116,0.918498993571084,13.5167931808905,9.29330434645368,8.3020522529108,82,1,24.3663970005136,0,0,0,0,0,75,0,1,0,0,0,0,99,28.5856079404466,0,"death",8.15616438356164
"1911","po6558",0,0,-0.66532811547918,102.5,1.272040302267,5.39543401480372,0.0394272774891526,0.719177510134649,12.0006321944487,0.775192694389079,0.691996887016117,1.65315491723738,0.635104900982729,13.4600653096645,8.82316319998622,7.28718023716553,82,1,24.1420511053465,0,0,0,0,0,23.1428571428571,0,1,0,0,0,0,83,1.74142480211082,NA,"censor",10.5397260273973
"1912","po6559",0,1,-0.64874747706962,220,1.23259762308998,7.42284600804249,0.0568250191208533,0.293934915207722,17.8354195121597,0.305931774716107,0.283054206464758,3.06448650759594,0.600654895701635,16.402295571873,10.006232244189,6.10629575650517,73,1,31.1050346326283,0,0,0,0,0,45,0,1,0,0,0,0,97,46.2533692722372,1,"dementia",3.15342465753425
"1913","po6564",0,0,0.329720294759861,104.5,1.35683760683761,6.0324546351992,0.0823227586211644,0.695515826990448,10.5817105012738,0.810733722519077,0.636822450021038,1.3311542887937,0.702410399739968,8.61225012785234,4.84142018721329,3.97884110316404,73,0,21.8991671624033,0,0,0,0,0,184.928571428571,0,0,0,0,0,0,94,1.125,1,"censor",9.84657534246575
"1914","po6566",0,0,-0.61856907532408,198,2.05172413793103,5.84711643371467,0.0541135034096378,1.37986323607012,21.234379059871,1.48745049249917,1.29906218096475,3.13705867118209,1.44406540750506,13.0858165657077,5.80859046737732,5.832996571518,69,0,27.7595149390021,0,0,0,0,0,190.607142857143,0,0,0,0,0,0,94,1.44144144144144,0,"censor",10.4109589041096
"1915","po6567",0,0,-0.11706685781717,131.5,1.80115273775216,6.76682924801414,0.0620502576239667,1.07054496701082,13.8547908824483,1.11394179285674,0.966641889510283,1.96478386771698,0.881753637022351,12.8611583311446,4.86420335963546,3.35674701754662,73,1,28.6348065747838,0,0,0,0,0,203.285714285714,0,0,0,0,0,0,100,3.05084745762712,0,"censor",10.4109589041096
"1916","po6569",0,0,-0.635581664829471,101,1.38746438746439,5.47009091874977,0.0617048081445362,1.36407052197186,15.1355886578564,1.44261888581702,1.28482520960478,2.52712898529447,1.06379944660188,11.9074890282138,7.38313103435179,6.49337215818968,76,1,29.3302713841774,0,0,0,0,0,234.571428571429,0,0,0,0,0,0,99,6.28571428571429,NA,"censor",10.3369863013699
"1917","po6573",0,0,-0.9628520857309,115.5,1.42992874109264,6.16397455994122,0.0373996703800873,1.02533754406052,16.980737115725,1.06920388132221,0.887199865902619,2.41472994364857,1.1018968215875,10.9325429300614,5.16202011022941,3.21801525576019,85,0,23.0971630312166,0,0,0,0,0,63.5714285714286,0,1,1,0,0,0,94,5.23076923076923,0,"death",9.16986301369863
"1918","po6574",0,1,-0.32398467834181,163,1.7755905511811,6.71645892772611,0.0695056179871578,1.24433325933057,12.1639685675835,1.30402484220236,1.14024778133668,2.11089994932057,1.04232528384194,16.3301542229695,8.36228618177315,6.67509645639193,69,1,25.6884943035053,0,0,0,0,0,130.642857142857,0,0,0,0,0,0,96,2.30179028132992,NA,"dementia",10.4
"1919","po6575",0,0,-0.0670183947503702,72.5,1.10778443113772,6.72960533389209,0.0713868275247961,1.15560627554349,11.2648312878965,1.19919215698182,1.05745411266633,1.05166488258576,0.37631886763582,6.24608522159011,3.47056985748073,4.39055828488268,80,0,29.5073546204802,0,0,0,0,1,70,1,1,1,0,0,0,91,1.17647058823529,0,"censor",3.18082191780822
"1920","po6576",0,0,-1.24370182980914,404.5,2.85444234404537,7.4086987295967,0.0288595265122861,1.09042584124027,16.0072255042863,1.15555747892919,1.02100595985486,2.77607420691842,1.19284349130111,18.0346175944284,9.39096389163844,6.06911645868724,73,1,35.8254452503417,0,0,0,0,0,192.428571428571,0,1,0,0,0,0,93,11.6267942583732,NA,"death",8.94246575342466
"1921","po6577",0,0,0.0698891241620501,66,1.61674008810573,3.46030135458776,0.0293159967713177,0.684346856850147,13.8017860942589,0.699091533197898,0.658433641091321,1.22853851753299,0.545405055707998,8.22450088581986,3.71615864169674,4.99922699698212,82,1,24.8579545454545,0,0,0,0,0,304.428571428571,0,0,0,0,0,0,87,1.37254901960784,NA,"death",4.20547945205479
"1922","po6583",0,0,-0.34804352409779,135,1.46489563567362,6.69457232536835,NA,NA,14.6286601249512,NA,NA,2.68694429828194,NA,10.5192986337417,6.95478535218537,NA,70,1,21.8314443117239,0,0,0,0,0,87.1428571428571,0,0,0,0,0,0,96,0.681818181818182,0,"censor",9.55616438356164
"1923","po6584",0,1,-0.71581931490355,98.5,1.16,5.20371892739341,0.0673528931984826,0.93454705509582,16.6817310498364,0.976095108100912,0.849872457025828,2.96602867081427,0.981218900948254,12.6138623267124,6.72139776265725,3.67772259909469,84,1,24.7062470511496,0,0,0,0,0,104.5,0,0,0,0,0,0,91,13.3548387096774,0,"dementia",3.11780821917808
"1924","po6585",0,0,0.24153267140592,69,0.892631578947368,3.07475158336538,0.0534314907814944,0.725237118492587,14.4344126718161,0.755570029976544,0.704539607120875,1.32252446875486,0.42977349464079,8.5318275372319,4.55643466034832,4.02862927812534,80,1,25.0082258930336,0,0,0,0,1,111,0,1,0,1,0,0,96,8.51258581235698,1,"death",10.5890410958904
"1925","po6586",0,0,0.0589782068982103,105,1.25818181818182,3.25920463450498,0.0482911645283497,1.0595205054269,11.6873300973082,1.13272383991278,1.01035577446058,0.953413010562624,0.767106690746005,8.19074819333916,6.11785498843085,5.59289497163943,75,1,23.321011906945,0,0,0,0,0,144.178571428571,0,0,0,0,0,0,95,2.13698630136986,0,"death",9.06575342465753
"1926","po6587",0,0,-1.27784060269195,98.5,1.12426035502959,5.54304266232075,0.0349388491227746,1.33042851480057,13.6889052262518,1.3733074645893,1.24019337253281,1.82747328290547,0.690883461385368,10.9873914713415,6.58319517875107,5.82538602109524,93,1,18.4772158828229,0,0,0,0,0,63.1428571428571,0,0,0,0,0,0,91,17.1119133574007,NA,"death",6.32054794520548
"1927","po6591",0,0,0.23896171918679,110.5,1.17537313432836,4.78690843846867,0.0874136641800308,0.87143208931337,11.6416656599005,0.963341212411767,0.824205719798498,1.72706333555585,0.871996716376365,15.5284361768946,4.82446317000329,3.69180778063269,80,1,31.116587532929,0,0,0,0,0,30.3571428571429,0,0,0,0,0,0,81,3.30143540669856,NA,"censor",3.14794520547945
"1928","po6597",0,0,-0.50605630609238,81,0.917410714285714,6.35062769912349,0.054323949481692,0.824192086171087,13.2882375273439,0.858683381520662,0.775322871572054,1.70569140197346,1.1020296880565,11.5397070792876,5.49369623223483,9.45768894900613,84,1,27.9608746139121,0,0,0,0,0,116.642857142857,0,0,1,0,0,0,99,8.85608856088561,NA,"censor",10.5205479452055
"1929","po6600",0,1,0.17518869975745,108,1.8912037037037,4.25380792360861,0.078306657744629,0.762244018492894,10.5160373367032,0.806097239401098,0.719304061811202,1.36566770160872,0.684542140546024,18.1861801467387,4.99783873257668,4.82129950014676,85,1,24.3500758576577,0,0,0,0,1,68,0,1,0,0,0,0,91,4.97041420118343,1,"dementia",7.34246575342466
"1930","po6602",0,0,-0.45606412067005,47,0.855218855218855,5.32029869337184,0.0309284084049551,0.683189200794205,13.5070011640848,0.702131519795829,0.641947284891641,1.23916369593435,0.617837725251645,7.49452501449812,3.21712600624439,3.99733675357024,91,0,26.8591625185522,0,0,0,0,0,103.857142857143,0,0,0,0,0,0,87,0.58252427184466,0,"death",1.87397260273973
"1931","po6605",0,0,-0.58504184173792,335,2.63551401869159,6.30447057269539,0.0499016782551731,0.9728242815508,14.9885889212508,1.04845941004277,0.93109920043702,2.03108697918899,1.04913818859832,17.6078840334614,5.34579268110376,4.74039308665188,80,1,29.5845316741925,0,0,0,0,1,85.9642857142857,0,1,1,0,0,0,95,11.377245508982,0,"death",8.25753424657534
"1932","po6609",0,0,0.38510609713021,71,1.53108808290155,5.77767247337235,0.071874921241517,0.954376933711402,10.5384048334248,0.993066175833118,0.857245385698818,1.30497740225881,0.590713170969535,8.2551456618431,3.53995859575639,2.54313380728868,74,1,26.7634985801054,0,0,0,0,0,162.178571428571,1,1,0,1,0,0,99,3.34177215189873,0,"death",2.86849315068493
"1933","po6610",0,0,0.720896244026299,159.5,1.55233853006682,2.76242369109632,0.128824516790399,0.759118588252085,16.3905273806474,0.801374769800533,0.715974357696765,1.8085800544644,0.984687588063188,10.1903883331327,3.08054173372595,5.25011538267545,77,1,22.2423342574973,0,0,0,0,0,136.321428571429,0,0,0,0,0,0,97,3.57954545454545,0,"censor",10.4191780821918
"1934","po6612",0,0,-0.793533437190589,183,2.2640586797066,7.58865859312365,0.0339541623159625,1.18183235855287,18.8874393197002,1.28360216626953,1.08368108334974,2.98505461101296,1.61390706643035,22.4765807506892,6.1086226086113,4.48222283462235,73,0,34.6015858825529,0,0,0,0,0,196.821428571429,0,0,0,0,0,0,98,10.3508771929825,0,"censor",10.4465753424658
"1935","po6613",0,0,0.359207237465,135.5,2.16428571428571,4.54541584225491,0.0661359090820356,0.717353891722206,10.2193434845297,0.7530857155924,0.665589855630252,1.59321742625937,0.574902681525916,14.6968128929977,6.69790350027909,4.40799942881294,72,1,30.3056598766634,0,0,0,0,1,176.928571428571,0,0,0,0,0,0,95,12.5118483412322,0,"censor",10.3342465753425
"1936","po6617",0,0,0.0659992017511101,94.5,1.59797297297297,3.51003080024665,0.0611736331271207,0.741669473031342,12.6291850522586,0.789087637350125,0.718312312204504,1.44860679344894,0.639423776150592,15.2291306874731,5.64243045784441,5.59448730576604,83,1,21.0427274129913,0,0,0,0,0,166.428571428571,0,1,1,0,0,0,86,6,0,"death",10.4191780821918
"1937","po6618",0,0,-0.25154765501955,155,1.57918552036199,4.6531095279883,0.0369252433988124,0.889230194949603,16.8048948834963,0.970035675333249,0.869835131492481,2.5791608050047,0.806780201449394,10.3235423951323,6.78891181588547,5.85858334360978,71,1,27.8843705968797,0,0,0,0,1,108.142857142857,0,0,0,0,0,0,98,34.2391304347826,0,"censor",10.7068493150685
"1938","po6619",0,0,-0.15389940331934,198,2.418,3.75568137262097,0.0505261842826916,1.37834629743511,12.2998173577065,1.43029535543474,1.27473718309996,1.74492866994493,0.837696333448378,12.6285966534727,7.88169481372421,7.03039821497105,69,0,23.0370523589454,0,0,0,0,0,239.571428571429,0,0,0,0,0,0,94,9.69230769230769,0,"censor",10.3479452054795
"1939","po6623",0,0,0.0125119131553006,52,0.571428571428571,4.2202183278755,0.0452387531407732,1.37551493998137,11.0346694145391,1.44127554497121,1.22843944428149,1.56803052819983,0.787330008255309,11.1613727160321,6.53573472407811,7.33623885532838,73,1,25.343468437513,0,0,0,0,0,220.892857142857,0,1,0,0,0,0,90,6.41711229946524,NA,"death",7.75890410958904
"1940","po6630",0,0,0.15406567360193,37,0.871313672922252,3.41226655417989,0.063462797504136,1.00894068726573,10.0394150313937,1.07550218945393,0.921026073889235,1.47924210214959,0.496265118306785,6.93466885346549,5.3476156158284,4.15912267225367,80,1,38.5468752640334,0,0,1,1,0,59.4642857142857,0,1,0,0,0,0,90,47.3006134969325,0,"death",4.66027397260274
"1941","po6631",0,1,-0.176821180823571,138.5,1.64746543778802,6.4745800793367,0.0483085724648977,1.22839111373407,16.6349775063943,1.43238124298537,1.21452162953452,2.21656534115694,0.723971061620381,12.9125648919617,2.91039220194436,4.06461894883345,76,1,31.6472337047207,0,0,0,0,0,146.678571428571,0,0,0,0,0,0,94,0.743801652892562,NA,"dementia",1.20547945205479
"1942","po6635",0,0,-0.24932668397894,117.5,1.351966873706,3.57627517559804,0.068989344702656,0.750344316970158,13.0836253816245,0.790013840046425,0.721808766225934,1.14214193012922,0.751343500256443,9.43687937491024,5.16642868951632,6.03840893591332,88,1,24.457552994496,0,0,0,0,0,77.8571428571429,0,1,1,0,0,0,83,2.75675675675676,0,"death",5.17534246575342
"1943","po6642",0,1,-0.54426269099262,64.5,0.854054054054054,5.13877029032268,0.0191845012924412,1.04246338741351,16.9768569534603,1.0569610557126,0.994535640939089,2.4479843918268,0.734513404606889,7.99698970899052,7.89990187782375,6.33264915938265,71,0,21.424226505609,0,0,0,0,0,116,1,0,0,0,1,0,99,10.1960784313725,0,"dementia",3.13150684931507
"1944","po6644",0,0,-0.99785793357359,167,1.89840637450199,9.22536796037356,0.0418106996277201,0.749591603805237,10.765202492349,0.778247973025066,0.651799150932189,1.74837591659415,0.930281988973868,13.9631467513962,5.23283311712255,4.07395689464025,88,1,24.7441013985111,0,0,0,0,1,69.3214285714286,0,0,0,0,1,0,87,8.25396825396825,NA,"death",4.02191780821918
"1945","po6648",0,0,0.0425581479810205,55,0.57092819614711,3.3881336567706,0.0620896160997204,1.05650349441524,19.3072025448802,1.14194528209042,1.03337283586904,1.9559407085877,0.75171264744892,10.3846359369223,4.47210395461675,4.64188835508605,77,1,29.1732982108501,0,0,0,0,0,173.5,0,1,0,0,0,0,99,0.954907161803714,0,"censor",6.8958904109589
"1946","po6651",0,0,-1.53925760142506,252,3.52845528455285,7.62820767815653,0.023210456448588,1.2206789434765,13.6485034125994,1.28972517305363,1.1092773817534,2.37510841779305,0.722944117120293,15.8524061066868,10.4212458503584,5.808802700126,77,1,22.3156515791069,0,0,0,0,0,191.714285714286,0,1,0,0,0,0,94,11.8518518518519,0,"censor",10.4109589041096
"1947","po6655",0,1,-0.52711975558974,64.5,0.701234567901235,3.26668776713832,0.0582711021635955,0.687189835585374,13.4052431286531,0.734572680098879,0.662538537424403,1.44621629629773,1.0356365925263,10.7616957114235,4.70638302029272,3.82306855765788,96,0,25.8933862258653,0,0,0,0,0,114.678571428571,0,1,0,0,0,0,83,0.441176470588235,0,"dementia",1.32876712328767
"1948","po6658",0,0,-0.11299574202246,146.5,2.33333333333333,8.41273345512961,0.0997065484499058,0.649504685097109,11.0332471478346,0.69406505109316,0.584496940809094,1.68396480501857,0.975696100333243,11.7119713391404,6.99047207347862,3.70561689623334,70,1,26.7667182502774,0,0,0,0,0,253.857142857143,0,0,0,0,0,0,98,5.01547987616099,NA,"censor",10.4356164383562
"1949","po6659",0,1,0.27543037512085,110,1.47260273972603,2.94540279050874,0.0538694990252054,0.714422431177499,16.3785034727625,0.739825608003489,0.683079550618101,1.25351242534567,0.619446752506673,9.98908639563896,3.33397032237871,3.19176845081935,80,1,19.8389528472467,0,0,0,0,0,134.928571428571,0,0,0,0,0,0,96,0.420560747663551,0,"dementia",1.08767123287671
"1950","po6660",0,1,-1.08905878422368,272,2.31774193548387,6.81473347469837,0.092412908723836,NA,17.7480730649865,NA,NA,2.64707078504781,NA,12.3731659622657,7.35452104064061,NA,82,1,26.8470685120199,0,0,0,0,0,123.357142857143,0,0,1,0,0,0,95,28.3453237410072,0,"dementia",10.4328767123288
"1951","po6663",0,1,-2.72951414903662,66.5,0.552552552552553,5.80100066621443,0.0347752155229773,1.59432383513779,20.8285565332353,1.64895192725251,1.47148616414333,5.03160381329601,1.57486928988101,6.29821037445946,14.7511390891339,7.79096835557252,83,0,27.6854706916017,0,0,0,0,0,59,0,0,0,0,0,0,85,62.6332288401254,0,"dementia",1.11780821917808
"1952","po6664",0,0,-0.11389985101081,103.5,1.189453125,4.12126465458478,0.048044187967665,1.26859638290122,17.437113618607,1.31850368686025,1.17401480188931,2.27910586617256,0.608359529796978,8.97971313365904,3.84935517736227,3.33864210423527,77,1,28.4157903665277,0,0,0,0,0,127.142857142857,0,1,0,0,0,0,96,10.1278772378517,0,"censor",9.97260273972603
"1953","po6666",0,0,-1.34973207613066,133.5,1.21627408993576,6.26336098277592,0.0342011112481094,1.15187951789362,16.7033592320519,1.21695965263884,1.09328688028465,3.01577195361585,1.58285888482246,15.4265618793716,8.77802984049231,6.6906549130211,82,1,26.2311977274179,0,0,0,0,0,187.357142857143,0,0,0,0,0,0,97,10.9511568123393,0,"death",11.5534246575342
"1954","po6670",0,0,-0.0847495163855797,67,1.03583061889251,6.31540542829988,0.0804652039165805,0.925513745617176,18.3167013154009,0.982178147712834,0.86799020568241,2.21439315091077,0.623382357394215,11.4486520093677,3.44971888690069,2.22425373494976,79,1,24.7308217430379,0,0,0,0,0,83.4285714285714,0,0,0,0,0,0,90,10.1259445843829,0,"censor",9.92602739726027
"1955","po6672",0,0,0.39150470460925,131,1.2453781512605,5.95118537830384,0.100528197866975,0.633255182054687,11.8997976893483,0.667725194247459,0.57298257854479,1.10395473465806,0.930644251142055,8.30279441092674,3.36639032846857,3.42557396935509,77,1,22.9222162755062,0,0,1,1,0,194.642857142857,0,0,0,0,0,0,88,4.88222698072805,NA,"death",10.3424657534247
"1956","po6674",0,0,-0.12811499451946,112,2.54491017964072,4.85464822264,0.0595457841901486,0.842113913897648,10.9138331139102,0.877827027243964,0.757721922338062,1.08551957798393,0.824783354422792,16.2995590185891,4.62630900146018,4.90831350594501,85,1,22.9996287611789,0,0,0,0,0,47.8214285714286,0,0,0,0,1,0,96,2.03966005665722,0,"death",5.64383561643836
"1957","po6677",0,0,-0.56338447482716,169,1.96666666666667,6.86842319865357,0.039341694097183,0.470626762014615,8.87181694628041,0.486381883347901,0.451121671616192,0.998657625240714,0.368851483503319,12.8240743185521,8.50739678058578,15.5162270032526,81,1,31.3779891663364,0,0,0,0,0,105.714285714286,0,0,0,0,0,0,89,1.46341463414634,0,"censor",3.15616438356164
"1958","po6679",0,0,-0.0522933546838004,82.5,1.25806451612903,7.69912465084129,0.0417881905781542,0.831005960910121,12.5527384188665,0.851534534871624,0.772199238012215,1.64146856803241,0.683836527141181,10.4971794712424,3.6318320891178,5.30796901095446,76,1,27.0770236282045,0,0,0,0,0,137.928571428571,0,1,0,0,0,0,91,5.02793296089385,1,"death",1.65753424657534
"1959","po6680",0,0,-0.05215147199401,122.5,1.77620396600567,6.78746629681043,0.0636238527744103,0.886371608500554,14.5404275961547,0.948730654245392,0.815790271852268,1.73220645390053,0.791509626871692,12.7283472053924,5.85204020933587,3.88504463193287,70,1,23.8581828998758,0,0,0,0,0,58.1071428571429,0,0,0,0,1,1,95,0.569620253164557,0,"censor",2.82739726027397
"1960","po6682",0,0,-0.583282256848121,202.5,2.36483516483516,5.2275053931731,0.03155638853432,1.13364038281602,18.1118432576103,1.22207352751227,1.09702868720033,3.09283102223763,0.771313012453366,14.4581024129748,7.43812951573011,4.79271249991941,71,1,26.9629434003392,0,0,0,0,0,173.5,0,0,0,0,0,0,96,5.13447432762836,NA,"censor",10.158904109589
"1961","po6685",0,0,0.1601599896241,120.5,1.83516483516484,4.11032251787059,0.0480256084823313,0.635456395420036,14.8816054981723,0.659222665446929,0.611185354969433,1.53040520374924,1.00980738490499,10.1827029109902,5.85824462250291,6.20109785855316,71,1,24.7550441073227,0,0,0,0,0,54.0357142857143,0,0,0,0,0,0,94,3.77483443708609,0,"censor",10.4328767123288
"1962","po6688",0,0,-0.814073565193919,129,1.6,4.22911284386306,0.0376218204548123,1.21737109317508,17.1333664043704,1.27580401419568,1.14937972817055,3.02756930928354,1.23956994871264,11.4757484451515,7.12423625623929,5.8091594235783,79,1,27.2844902933499,0,0,0,0,0,166.571428571429,1,1,0,0,0,0,95,15.304347826087,0,"censor",10.4712328767123
"1963","po6689",0,0,-0.860626996396709,79,1.1425,3.83427203349855,0.0833113913045529,0.831590647715353,22.0635023286223,0.879976393438597,0.779487387699108,2.80463324497559,1.60053445428655,9.84184711742975,8.03329299415512,5.67441980264358,80,0,27.9616901347935,0,0,0,0,0,144.214285714286,1,1,0,0,0,0,93,31.7647058823529,0,"censor",10.4904109589041
"1964","po6690",0,0,0.0872735798933803,16.5,1,6.22962565889281,0.0672491776379653,NA,9.86399794944835,NA,NA,0.927048503938074,NA,6.88296778050058,5.11148094084203,NA,78,1,26.2609987191343,0,0,0,0,0,55,1,1,1,0,0,0,88,0,NA,"death",7.43287671232877
"1965","po6692",0,1,-0.64597963617436,126,1.47754137115839,3.9916833509596,0.0578331279546274,0.906989038155419,15.8051948966135,0.933892894081883,0.857563199605968,1.85074503567031,0.888162076210272,9.56473169795249,6.365992890375,8.33634395047985,86,1,27.3180879763697,0,0,0,0,0,82.5714285714286,0,0,0,0,0,0,87,8.27027027027027,0,"dementia",7.31506849315068
"1966","po6693",0,0,0.0327640660376403,197,2.27789473684211,4.79177089438799,0.0241987633246154,1.23976755780335,9.06546782648063,1.28785835300351,1.13214361149369,0.940505798409317,0.374418830211138,14.0348520883691,5.61392927485577,5.51952296079906,74,1,31.0640150965307,0,0,0,0,0,119.178571428571,0,0,0,0,0,0,97,8.78453038674033,NA,"censor",10.0493150684932
"1967","po6696",0,0,0.39809703559135,222,2.41614906832298,4.60148179669421,0.0854588467867052,0.919198031534412,18.319236800044,0.93650549916452,0.864573778086141,2.57872953451564,0.847029461563293,12.4418513765603,3.39333055076477,3.73076226334651,70,1,28.0423563017164,0,0,0,0,0,173.142857142857,1,1,1,0,0,0,97,2.57756563245823,0,"death",5
"1968","po6698",0,0,-0.279484986559611,223,1.91897233201581,6.55724355910105,0.0647378521139588,0.985887088513859,14.8257108551991,1.10257634539375,0.946884120703161,3.06818738348051,0.937833746364134,14.2095635438384,7.02909842157697,7.39876953226574,70,1,24.1458343816411,0,0,0,0,0,133.714285714286,0,0,0,0,0,0,97,3.6272040302267,NA,"censor",10.4657534246575
"1969","po6699",0,1,0.573900605673509,92,1.09019607843137,4.45178858189982,0.093785294506806,0.769862977990321,12.0759113995126,0.83933777563533,0.704906186701443,1.64804017540415,0.380310400227343,12.9978411021707,4.49445857227063,3.50077706332686,77,1,23.53725323684,0,0,0,0,0,209.821428571429,0,0,0,0,0,0,98,0.149625935162095,0,"dementia",10.4794520547945
"1970","po6702",0,0,0.471926350407129,137,1.24131627056673,3.73430699225939,0.0749054694276576,0.663750645185927,11.4349489003507,0.696049853736493,0.625149685927588,0.80920391126747,0.403981045747773,10.1906970623259,3.50052441019404,3.97637963837449,82,0,25.0264071563787,0,0,0,0,0,27.1428571428571,0,0,0,0,0,0,86,0.276497695852535,0,"death",2.4986301369863
"1971","po6703",0,0,0.28503780702942,90.5,1.49658314350797,5.49316183325333,0.0433726248238936,0.799932515434479,11.4071795443418,0.843582005949358,0.703079596142656,2.17068600072917,0.531482748745996,17.3790109937083,4.03976182460619,2.92524479759412,78,1,29.1453011792913,0,0,0,0,0,45.6428571428571,0,0,1,0,0,0,96,1.07462686567164,NA,"censor",3.10958904109589
"1972","po6705",0,1,-0.7664564890501,152.5,2.52163461538462,4.81467956570757,0.0825445201032434,1.06120312173929,18.8975771311476,1.16784040033861,1.01528819181095,3.07499512228027,1.45916395952136,13.1898943857614,7.22026318448732,5.84145219428177,78,1,26.1976831462313,0,0,0,0,0,213.178571428571,0,1,0,0,0,0,93,1.89111747851003,0,"dementia",5.57534246575342
"1973","po6706",0,0,0.15824521286503,227,3.24117647058824,5.00795962351244,0.0518837217563277,1.04062655748862,14.5442457723471,1.11257346234785,0.98846704342473,2.38162473505461,0.623228549353757,17.7606148610682,5.19213347409349,5.5778056747753,70,1,23.9496169006278,0,0,0,0,0,151.178571428571,0,0,1,0,0,0,98,3.60576923076923,0,"death",3.26575342465753
"1974","po6710",0,0,0.257068120793591,83,1.09240246406571,3.20261187697029,0.0437524630336171,1.01502443208071,13.3122696270203,1.04775822452937,0.946664002567613,1.17613552919653,0.550434973752901,6.66200580842939,4.52928505735731,5.31691350819067,75,1,27.0335213394156,0,0,0,0,0,200.178571428571,0,0,0,0,0,0,90,8.74680306905371,0,"censor",10.3972602739726
"1975","po6713",0,0,-0.546805593366641,226,3.51604938271605,6.05748232181859,0.0207501641731926,1.26062667255859,14.1869482706665,1.31376084670318,1.14916874824461,1.89990672893431,0.919916713220937,21.8485319496973,6.79658077656009,5.70444074233648,73,0,29.4696081184488,0,0,0,0,0,104.75,0,1,1,0,0,0,97,11.1590296495957,0,"censor",10.4904109589041
"1976","po6714",0,0,0.390034857447429,147.5,3.04306220095694,5.89865119369349,0.0910483586192812,0.778367132148017,12.7305954127703,0.958865873623101,0.761113324870404,1.64622020965216,0.680830600633872,17.2379717690034,4.59248255943572,3.70130085545348,72,1,23.4495449857866,0,0,0,0,0,72.25,0,0,0,0,0,0,90,1.45896656534954,1,"censor",10.4383561643836
"1977","po6715",0,0,-0.762858975364141,113,1.97474747474747,4.28828407417724,0.065674178746585,1.19212904894726,16.2732062606787,1.35727448571942,1.11608052752987,1.74302401427689,1.26923707530983,10.7720068431932,5.36976449027247,4.4568961830423,85,1,27.2420161253998,0,0,0,0,0,293.178571428571,0,0,0,0,0,0,96,13.1750741839763,0,"censor",10.7835616438356
"1978","po6717",0,0,-0.835321414148051,210.5,2.24285714285714,4.70852325750911,0.0302309770964404,1.33868522755836,14.8595491636389,1.41379490318409,1.22738243136524,2.5152555922723,1.20476048829801,14.4006105195229,8.42903488002686,5.30316457464055,74,1,27.0916646473343,0,0,0,0,0,211.75,1,1,0,1,0,0,94,3.26732673267327,NA,"censor",10.5780821917808
"1979","po6721",0,0,-0.50911396135127,293.5,1.94017094017094,4.33614564855431,0.0264281728934813,1.4974898381687,13.9981325706337,1.56272026393672,1.36773931755517,2.21441379271064,1.40320039021478,12.7615818004311,6.9440214152719,6.48955091655457,70,1,24.6259215219976,0,0,0,0,0,151,0,0,0,0,0,0,96,1.88861985472155,0,"censor",10.558904109589
"1980","po6727",0,0,-0.600001844596539,49,0.870870870870871,4.84540644741513,0.0291981949869971,0.615549506663594,13.0145220841915,0.639441496356853,0.591308764649464,1.69117561202419,0.586844973013563,14.1668614273999,7.46405838129734,5.77377659954424,87,1,25.3041502532711,0,0,0,0,0,156.357142857143,0,0,0,0,0,0,93,1.39130434782609,0,"censor",10.5890410958904
"1981","po6729",0,0,-0.49276819315801,160,2.52090032154341,9.52066877446344,0.0441046978235666,0.865449804602211,12.7333995092423,0.908691340719989,0.769556832689745,2.11813584095595,0.934331111778476,14.0837881737575,6.36129108963579,4.2846226536265,69,1,27.5801631900462,0,0,0,0,0,121.571428571429,0,0,0,0,0,0,96,17.3122529644269,0,"censor",10.558904109589
"1982","po6730",0,0,1.17798549962007,150.5,1.61149825783972,3.87340472602448,0.143144474897042,0.544671666294184,9.43909814535475,0.577198397395426,0.505664515652685,0.911441290750798,0.410041595377957,17.1775089960869,3.26551295037598,2.30579159855002,80,1,25.4483357066572,0,0,0,0,0,176,1,1,0,0,0,0,98,1.16222760290557,0,"death",8.89315068493151
"1983","po6732",0,0,-0.1301817557837,131,1.67653758542141,8.48624269291557,0.0871034175922851,0.915254926328606,11.3267082490304,0.944848468342099,0.837804173557033,1.17373084289724,0.474306306668247,10.6164738424053,4.70576098213395,4.5333905103997,77,1,19.9114207616172,0,0,0,0,0,157.428571428571,0,1,0,0,0,0,97,9.75609756097561,NA,"death",6.18356164383562
"1984","po6733",0,0,-0.354246154128531,218,3.2969696969697,5.13960121818774,0.0455460129292469,1.12036953376627,11.9997477864078,1.1653391253911,1.05074279247975,1.22297190797467,0.469429780937285,14.0116407975547,5.1094945878936,5.75019907259662,81,1,24.8753653869043,0,0,0,0,0,25.7142857142857,0,1,0,1,0,0,97,18.7900355871886,0,"censor",10.5397260273973
"1985","po6736",0,0,-0.58010055524948,173.5,1.32407407407407,6.4737640365611,0.0560526247160381,1.01647585050288,20.2360908346612,1.05457336406453,0.948028904096974,2.49264530766445,1.23207562402948,9.93166376748942,4.9294831657365,6.41071340638501,75,1,27.7288945353924,0,0,0,0,0,109.964285714286,0,0,0,0,0,0,97,9.49290060851927,NA,"censor",10.5095890410959
"1986","po6738",0,1,-0.240967230679389,121.5,1.31473214285714,3.64417004722069,0.0337480304343344,0.537083264498765,13.6936262692728,0.559994942505337,0.518011662910181,1.07692263659258,0.763427144240889,6.20966171623645,2.57370980902041,2.4012126196061,91,1,21.9422622157082,0,0,0,0,0,111.714285714286,0,0,0,0,1,0,95,48.086642599278,NA,"dementia",1.20547945205479
"1987","po6742",0,0,0.37784030859969,108,1.44622425629291,4.40101232824014,0.041234710417272,0.856388749977855,7.71853953350495,0.898245524411472,0.790896403435507,0.973241118923642,0.461464339378084,11.4603003377122,5.13786820588073,5.13521884596916,76,1,26.3500897946019,0,0,0,0,1,114.571428571429,0,1,0,0,1,0,95,2.97029702970297,0,"censor",10.4986301369863
"1988","po6743",0,1,0.30612748143265,115,1.27365728900256,4.71304256006585,0.0716164147919338,0.972053709817792,14.948078651609,1.0025970466874,0.890723004691235,1.35112131551312,0.740650125621116,8.81928862108984,1.88643750564446,2.08600035355073,79,1,26.0267078426687,0,0,0,0,0,202.857142857143,0,0,0,0,0,0,81,11.0909090909091,NA,"dementia",3.16986301369863
"1989","po6747",0,1,-0.351667931497261,64.5,0.760309278350516,3.52844817797522,0.0426620619272774,0.939321739992769,14.7515113423397,0.985822096085964,0.880575530883002,1.78666614772652,0.911189179648158,8.03814995678567,7.43691167133319,5.82144962677165,77,1,27.934038040634,0,0,0,0,0,85.3571428571429,1,0,0,0,0,0,86,8.95238095238095,NA,"dementia",11.1424657534247
"1990","po6748",0,1,-0.83817929849763,108,1.14135021097046,3.77561389613753,0.0394783062745551,0.891297136947724,15.2340375195539,0.923443506016641,0.846642542977863,2.51693339650005,0.840172034062676,7.4300224966967,7.66441537240832,7.53839044344601,85,1,24.7492170746288,0,0,0,0,0,62.2142857142857,0,1,1,0,0,0,98,7.07006369426752,1,"dementia",3.24109589041096
"1991","po6750",0,1,0.72574997150757,148,1.22434367541766,3.76623217559134,NA,NA,8.734178524017,NA,NA,0.897182792408921,NA,4.08563735565617,2.38558164669506,NA,77,1,25.5325916369338,0,0,0,0,0,165.535714285714,0,0,0,0,1,0,89,2.14285714285714,NA,"dementia",3.24383561643836
"1992","po6751",0,0,0.42613625534962,145,1.84486373165618,3.83517141881399,0.0946488610196428,0.899610693602862,12.1938561244799,0.963307919152095,0.877599305442238,1.13840531880376,0.557128811594261,13.2235822944981,7.33543975945911,5.99616216017284,70,1,25.5383548027166,0,0,0,0,0,170.714285714286,0,0,0,0,0,1,99,1.46699266503667,0,"censor",10.4876712328767
"1993","po6753",0,0,0.27443219942765,145.5,1.82352941176471,4.73449099045776,0.0691788574766883,0.856421576098164,17.5151469475681,0.924254522712499,0.815348472355947,2.65012054806872,1.03198582830924,18.2385964569024,5.60068417601943,4.98057662827179,69,1,23.3425212966991,0,0,0,0,0,217.071428571429,0,1,0,0,0,0,97,6.4343163538874,NA,"censor",10.4767123287671
"1994","po6756",0,1,0.28381203408735,61,1.0989010989011,5.46692775874687,0.0524418218302938,0.914251657921888,12.3251316933795,0.964557434700233,0.824830714195533,1.36546018591511,0.656716729188128,11.2203465609834,3.50467925296891,3.43602679417953,76,0,27.7816301605323,0,0,0,0,1,123.571428571429,0,0,0,0,0,0,94,2.70096463022508,0,"dementia",1.24657534246575
"1995","po6760",0,1,-0.32940462555467,86.5,1.20157068062827,5.29855163696084,0.0513115721043455,1.37972957178377,12.2101687350066,1.49604754139226,1.25130298006693,1.7968221344929,0.433663988803144,11.3790989289172,8.01449424809873,6.0667373719672,72,1,25.9205592122059,0,0,0,0,0,214,0,1,0,0,0,0,98,0.388349514563107,NA,"dementia",3.21095890410959
"1996","po6761",0,0,-1.08743546149556,125.5,1.63829787234043,5.97081262227224,0.0390075216807978,1.1686299131672,13.1686120416868,1.2592718624347,1.05650881980486,2.29208590553229,1.71243952447756,10.2732749565564,6.55893982209287,5.35826897365778,83,1,28.8137205109579,0,0,0,0,0,131.321428571429,0,0,0,0,1,0,88,0.1875,0,"censor",3.21369863013699
"1997","po6763",0,0,-0.431474233690869,252,3.09186351706037,5.36390906528545,0.0460090563321621,1.32205414456962,8.88524883165002,1.40394683930465,1.19413174696032,1.44089221838016,1.03141335722746,12.8977819358846,8.62312009505341,8.01767184754606,69,1,20.3399399352205,0,0,0,0,0,143.214285714286,0,0,0,0,0,0,100,0.857142857142857,NA,"censor",10.6794520547945
"1998","po6770",0,0,0.37852198599919,116.5,1.56781609195402,6.22506226044477,0.0597231463446505,0.828220964970297,11.7476165790353,0.874710312361193,0.758594694645032,1.19620796951139,0.715359261139798,14.1666007315689,3.55936136143897,3.51858699268293,74,1,34.4257686260809,0,0,0,0,0,77.8928571428571,0,0,0,0,0,0,100,17.5296912114014,NA,"censor",10.5972602739726
"1999","po6774",0,0,0.0495448097356103,99.5,1.43730886850153,6.32681755988167,0.0537846972218248,0.663827759267496,12.4041466028215,0.69447825126245,0.621936248722231,1.35274579565686,0.821922206024376,14.0971699547008,3.89865636828311,3.81776558283376,80,1,26.694763646011,0,0,0,0,0,190.75,0,0,0,0,0,0,97,12.4561403508772,0,"censor",10.5945205479452
"2000","po6779",0,0,0.44820376583983,107,0.955512572533849,4.20966597824354,0.0752821054890855,0.664734615752365,12.3940939546707,0.715913177572573,0.629219104664645,1.29987095196817,0.698004625642216,12.9076251263459,4.52318241720848,4.58980953914477,78,1,25.2417800028202,0,0,0,0,0,238.857142857143,0,1,1,0,0,0,95,1.59036144578313,0,"censor",10.6630136986301
"2001","po6781",0,1,0.18467804807451,99,0.948875255623722,3.46454990252799,0.0943495474156325,NA,14.0715589557366,NA,NA,1.17604099782064,NA,12.5745613671636,4.84048919541472,NA,82,1,24.1517986637234,0,0,0,0,0,174.214285714286,0,0,0,0,0,0,95,0.555555555555556,1,"dementia",10.7534246575342
"2002","po6782",0,0,0.32838811288284,210.5,1.92027729636049,4.90845504111392,0.0616516568969646,0.912769593116186,14.1871273995933,0.979254635169577,0.875722263652773,1.81640082068312,0.777834854331239,13.9183643981195,5.11924702038496,4.75568185016354,69,1,31.3532562876697,0,0,0,0,0,121.428571428571,0,0,0,0,0,0,97,25.4117647058824,0,"censor",11.1616438356164
"2003","po6783",0,0,-0.32387338200554,153.5,1.42988929889299,3.88146052321977,0.0444156326765507,1.08124158332305,13.04421059995,1.11645060965814,0.967154650373447,1.73552064648551,0.65608512698038,10.8943433717753,7.08422487087279,6.9023673385734,78,1,26.004331774214,0,0,0,0,0,255.642857142857,0,0,0,0,0,0,93,30.3260869565217,1,"censor",10.627397260274
"2004","po6786",0,1,0.10617356685587,168,2.38650306748466,3.58594529083839,0.0762974860466442,0.485358133508624,14.2686705374604,0.509351969823784,0.47389189658126,1.32566305304946,0.840810620114294,14.6411827669026,3.26627332585501,3.85213110981508,88,1,24.6816544288124,0,0,0,0,1,90,0,0,0,0,0,0,84,38.7755102040816,NA,"dementia",3.1041095890411
"2005","po6790",0,1,0.64357645596585,132,2.21951219512195,4.18836868124674,0.080939783152523,0.716537272979972,10.6584720247039,0.871992232477586,0.706888867871617,1.49045002276082,0.711866928032231,19.3753571405657,5.99664459663763,2.77638380921556,71,1,21.9759503386612,0,0,0,0,0,166.714285714286,0,1,0,0,0,0,97,14.1554959785523,1,"dementia",4.04657534246575
"2006","po6791",0,0,-0.17253732210531,179,1.73899371069182,3.83261497419525,0.051313905817459,1.1484812032019,13.4488698082186,1.22739374690123,1.0609770833081,1.95845181895004,0.987325308790811,11.7021673365346,6.20805676231189,5.21672983182414,75,1,26.4728410843276,0,0,0,0,0,156.928571428571,0,1,0,0,0,0,97,1.06598984771574,NA,"death",5.76438356164384
"2007","po6796",0,0,0.00226184844990058,166.5,2.20558882235529,4.83496321375444,0.0505493570320349,0.864329955329641,10.6021909682317,0.947826730138355,0.8129592233424,1.21913741167429,0.726013765553775,13.3807054700609,7.53969959785088,5.01540294781922,71,1,25.7468209765472,0,0,0,0,1,228.428571428571,0,0,0,0,0,0,97,4.18952618453865,0,"censor",9.85205479452055
"2008","po6798",0,0,-0.60177902579689,272,2.2280701754386,6.35406951172421,0.0303598125036009,1.466392311129,16.9651921908461,1.52333753692457,1.3364095347333,3.12056565406591,0.769267135210916,15.3007787063725,6.32581036972845,4.16574977457987,70,1,24.849076575426,0,0,0,0,0,291.714285714286,0,0,0,0,0,0,94,15.7894736842105,0,"censor",10.0109589041096
"2009","po6804",0,1,-0.284619618958681,237,2.49774774774775,4.98320692361879,0.0497841186597444,0.862587779533684,11.8820583775919,0.897434527165533,0.79590239570107,1.99130491558939,0.830915042161875,14.0155722112894,7.090693027553,6.01877900886851,76,1,22.8752035550461,0,0,1,1,0,150.571428571429,0,0,0,0,0,0,91,3.17460317460317,NA,"dementia",3.22465753424658
"2010","po6810",0,1,0.39950970091454,139.5,1.9618320610687,3.72831337518114,0.0438847120133244,1.24084538531912,10.3561889766094,1.29783865884673,1.175487355954,1.26168711865656,0.647460999858193,13.3705989014338,5.6008498919942,3.42165295291268,69,1,28.456656199876,0,0,0,0,1,136.142857142857,0,0,0,0,0,0,94,12.8,0,"dementia",1.07397260273973
"2012","po6821",0,0,-0.747365410934469,143.5,2.76158940397351,4.65272413597182,0.0428832109191957,1.11440614414305,15.9376517534676,1.17386931519328,1.02611318512847,1.56623037104385,0.994340965361854,15.3445169743318,4.48887481251937,4.0257964083428,88,1,25.0811816392462,0,0,0,0,0,144.964285714286,0,1,0,0,0,0,94,0.753768844221106,0,"death",4.45205479452055
"2013","po6823",0,0,-0.0336986105364701,44.5,1.12452830188679,4.15028186262994,0.0337950471980017,1.49249212750766,15.7142898051444,1.52897757763006,1.36070330971981,2.15059618314756,0.529738977462197,9.09462455337729,5.71745915109265,4.91652552937236,69,1,23.620559334845,0,0,0,0,0,276.214285714286,0,0,1,0,0,0,100,10.2857142857143,0,"censor",10.6082191780822
"2014","po6825",0,0,0.0107161866482997,118,1.40458015267176,3.67478904939171,0.0539007086918089,1.09904090084818,15.0916063147986,1.15070339406086,1.05212578979831,1.9041780537745,0.856703991394845,15.8611608920173,5.03724729479182,6.09734252312435,79,1,25.291067798222,0,0,0,0,0,128.571428571429,0,1,0,0,0,0,96,5.88235294117647,0,"censor",10.6575342465753
"2015","po6826",0,0,-0.33219188420962,85,1.48979591836735,6.90000290522606,0.0855543876493042,0.950237767470125,13.6358038097983,1.02839358295867,0.878404173986934,1.77964673602774,0.606897555176939,10.1410374070766,6.98409460739995,4.19312719995806,75,1,24.8788040384732,0,0,0,0,0,75.6071428571429,0,0,0,0,0,0,94,23.5555555555556,0,"censor",10.8109589041096
"2016","po6827",0,0,-0.120319153381119,161.5,1.84979423868313,5.57747810603395,0.111107663897655,0.892777904090616,13.0056697616422,0.947645218496764,0.835073849379955,1.4259732076831,0.8244949555322,11.716013822668,4.89137346181914,3.58049893925741,83,1,24.0083092246129,0,0,0,0,1,158.5,0,1,0,0,0,0,100,1.82825484764543,0,"death",4.94794520547945
"2017","po6828",0,0,0.502822523333801,123,1.38481012658228,5.02579064879754,0.053588821699644,0.718416827292413,13.8999631576484,0.745293531884459,0.66681643676498,1.41476292470496,0.702477486903356,10.0406864142013,4.1507169806235,3.42080076816697,69,1,23.8792115218796,0,0,0,0,1,232.285714285714,0,1,0,0,0,0,98,2.31292517006803,NA,"censor",10.6054794520548
"2018","po6835",0,1,0.63909079248387,58,1.05113636363636,3.90664007171323,0.0633155479911514,0.769968894350888,16.4549672503965,0.826688039426969,0.732455517910762,1.27329552404261,0.664709736073167,12.2148792110985,3.99097020424101,3.1045270524367,70,1,29.3872606524331,0,0,0,0,1,166.964285714286,0,0,0,0,0,0,98,3.71134020618557,0,"dementia",2.88219178082192
"2019","po6836",0,0,0.11140442699235,94.5,1.11208791208791,3.90374120617623,0.0441307249553962,0.845517108976516,12.7289153129544,0.885935629492919,0.78951549470872,1.39444730052402,0.863698460341124,5.43799819179346,5.4392523118245,4.87982129338121,73,1,28.0589148082656,0,0,0,0,1,279.571428571429,0,0,0,0,0,0,89,0.300751879699248,0,"censor",10.1506849315068
"2020","po6837",0,1,-0.11046113757213,29.5,0.63448275862069,5.20054725351611,0.0568385225840835,0.798630154468405,12.0170384012777,0.823431352032435,0.763932358058137,1.43176739804906,0.420513799997887,7.86896297594333,5.39302320690884,4.3029754879038,82,1,27.7418854134188,0,0,0,0,0,117.428571428571,0,1,0,0,0,0,95,6.58307210031348,0,"dementia",1.19452054794521
"2021","po6839",0,1,-1.23679024715701,117,1.21246458923513,5.14551870068371,0.0590795059115672,1.24698022703071,16.9675816900253,1.29842374248588,1.15079088418263,3.39049787998413,1.60510661290792,13.0210168029376,8.47845002827598,9.24965980174532,84,1,24.0451700256019,0,0,0,0,0,106.178571428571,0,1,0,0,0,0,98,16.9465648854962,0,"dementia",1.20821917808219
"2022","po6842",0,0,0.0503339879201803,281,3.093808630394,4.39992870253639,0.0835297245245865,1.03109592295216,13.0968665697243,1.09501870616106,0.965409109170265,1.41215356044172,0.726984006698679,17.0961917158158,8.35455973767786,7.08422072024991,68,1,24.96126305194,0,0,0,0,0,170.5,1,1,0,1,0,0,98,5.81560283687943,1,"censor",10.7561643835616
"2023","po6844",0,0,-0.71818433472988,236,3.13128491620112,6.03614686480716,0.0478406675496316,1.02959664171575,18.1549038395806,1.08905090706374,0.97329681917118,3.42931157583189,1.14698552233383,17.5308441428432,9.02224097350121,7.17220556605688,68,1,25.156757259485,0,0,0,0,0,239.571428571429,0,0,0,0,0,0,99,6.73469387755102,0,"censor",10.6821917808219
"2024","po6845",0,0,-0.72385134656088,115,0.939929328621908,7.04220983172108,0.0338549192376048,1.46576288328999,12.1950558890181,1.50016093623598,1.32850232589896,1.60756649818615,0.705515210247685,10.3571965564217,5.88796420110839,4.81411487003979,79,0,25.704673671135,0,0,0,0,1,186,0,0,0,0,0,0,94,17.4825174825175,0,"censor",10.7616438356164
"2025","po6846",0,0,0.10776189150466,48.5,0.982300884955752,4.95690023693412,0.0759066496820475,0.948304688991396,14.355479901615,1.013043289115,0.896217516586302,2.28119010662285,0.66444627158434,8.64553280448574,5.84427706324581,4.64095055077737,73,1,28.1689940017312,0,0,0,0,0,214.928571428571,0,1,0,0,0,0,88,18.2352941176471,0,"censor",10.9123287671233
"2026","po6856",0,0,0.17811944089063,144.5,2.1953488372093,5.60240673366978,0.0473364394123245,0.863848773961644,11.3995062986136,0.910641239023014,0.809549180599619,1.90121755715086,0.520134552824284,15.2975873538815,6.10726696811659,4.37225797040579,71,1,27.0730848548866,0,0,0,0,0,251.5,0,1,1,0,0,0,94,5.49865229110512,0,"censor",6.39452054794521
"2027","po6857",0,0,-0.79264729882024,192,2.41687979539642,5.28709593684259,0.0382910099181868,0.854628579866476,19.3424126837932,0.904986722761034,0.799771970135125,3.9608967377903,2.18384702604806,12.7328225445563,7.35193584108872,5.35710658637718,70,1,27.1682605379516,0,0,0,0,1,102.428571428571,0,0,0,0,0,0,100,11.5068493150685,0,"censor",10.7178082191781
"2028","po6862",0,0,-0.30069223242247,264,2.52040816326531,5.06306354711148,0.0319863770468565,0.805256434245645,13.2003081550866,0.833131245082682,0.741540688360893,1.19056760784421,0.508705383126985,11.7534218763353,4.91048308276877,3.65521485306281,80,1,24.1399455907028,0,0,0,0,0,163.428571428571,0,0,0,0,0,0,99,5.02702702702703,NA,"censor",10.7150684931507
"2029","po6864",0,0,-0.71207733967162,231,1.46282527881041,4.19632782069793,0.0267279415249415,1.95586003361204,14.3091612540587,2.04630072967656,1.76566224086532,2.60261307108557,1.39615311600858,10.3165841990358,7.36004559732471,6.58482135487784,69,1,28.0727519512,0,0,0,0,0,184.964285714286,0,0,0,0,0,0,100,17.0171149144254,0,"censor",10.2684931506849
"2030","po6865",0,0,0.29594106786712,38,0.521850899742931,4.60913709988177,0.0272011968966692,0.633807261274617,11.6552022369094,0.642487963922294,0.605148766658784,0.81269987814079,0.306787435457279,5.45582397056124,2.4987702884811,4.00706551131607,82,1,34.3905184748759,0,0,0,0,0,0,0,0,0,0,1,0,82,3.87596899224806,0,"death",3.2958904109589
"2031","po6866",0,0,-0.0334408087151999,291.5,2.81347150259067,5.39733282851218,0.0772880113453839,0.760858536577449,14.2297361013811,0.9637089561387,0.8047694712489,2.01603135814312,0.689516725821335,14.9596836016297,7.36777355460993,4.41383182807613,69,1,32.758469570326,0,0,0,0,0,205.642857142857,0,0,0,0,0,0,97,5.20084566596195,0,"censor",11.4191780821918
"2032","po6868",0,0,-0.49840512927049,303,3.39408866995074,4.69205283019745,0.0414111112298975,1.03242611426541,18.7299501658379,1.08905111203739,0.998654188718968,2.10267834730159,0.984654134588893,16.8891706325886,5.80057210349109,5.43466054731057,75,1,24.7273651396649,0,0,0,0,0,33.5714285714286,1,0,1,0,0,0,98,5.68965517241379,0,"censor",10.7178082191781
"2033","po6869",0,0,-0.75019959758621,135,1.45185185185185,5.38776056057656,0.0262906867274525,0.908524446898268,15.4920346586115,0.935853728073888,0.877324964980178,1.54778682777934,1.17063260866699,14.0573584900548,6.98278615303006,8.53745401271595,81,0,24.4501899198825,0,0,0,0,0,50.7142857142857,0,0,1,0,0,0,90,4.83116883116883,0,"death",7.77260273972603
"2034","po6870",0,0,0.711970455753701,74,1.00522193211488,3.34985239413833,0.0521687930689487,0.916963472705023,11.4887442174385,0.961673641792573,0.86355940094264,1.52620681199067,0.538206662441107,11.282979531176,5.18086809604054,4.76304239497215,69,1,22.8627002945064,0,0,0,0,0,195.857142857143,0,0,0,0,0,0,100,3.71967654986523,NA,"censor",10.7123287671233
"2035","po6871",0,0,-0.214072767016771,129.5,1.51889168765743,5.3982825452365,0.0548318750235449,1.22641527219221,15.6243923747126,1.29317582637022,1.11322348322051,1.52389034952551,0.52374517768922,8.25083346807377,4.01351342915496,3.23458172749233,77,1,30.6312812874599,0,0,0,0,0,204.571428571429,0,1,0,0,0,0,99,1.52542372881356,NA,"censor",10.7424657534247
"2036","po6874",0,1,-0.0625920418602306,348,3.05555555555556,5.01923305036101,0.0767251135971954,0.867305598714444,15.2156594644291,0.968324181880418,0.82061092119451,1.7942446936703,0.954492022924312,19.8638188149183,5.25331917244155,2.31488588063657,76,1,22.5900720538937,0,0,0,0,0,156.142857142857,0,0,0,0,0,0,99,9.83372921615202,2,"dementia",6.17260273972603
"2037","po6879",0,1,-0.16166604996058,152,1.74107142857143,6.23951022974001,0.0389385724015411,0.840550757502247,13.3229482062341,0.86521013840611,0.812073397723355,1.3182529985696,0.310734728763408,17.2862852506994,5.00447280881346,5.44655707979318,81,1,28.6707663839967,0,0,0,0,0,113.964285714286,0,0,0,0,0,0,95,4.32432432432432,0,"dementia",3.44931506849315
"2038","po6885",0,1,-0.96515238258999,72.5,0.581881533101045,6.97193131262427,0.0661093514998071,0.981198378629861,8.89298262355121,1.01901100173925,0.863754108185626,1.57771117162707,0.931015709894728,7.26445602540513,9.30983355961652,8.47591799522268,83,1,23.5193968439036,0,0,0,0,0,153.571428571429,0,0,1,0,0,0,88,0.721153846153846,0,"dementia",7.17260273972603
"2039","po6888",0,0,0.00962294264373042,38.5,0.781115879828326,5.18743349487537,0.0940101500767915,1.04238830146037,11.3715015436399,1.22190826660345,0.91939859882688,1.5088005724952,0.604732678750417,10.3444679331024,4.48185545403482,3.74543071311334,83,0,27.2665418214067,0,0,0,0,0,128.357142857143,0,1,0,0,0,0,93,19.1911764705882,0,"death",6.96164383561644
"2040","po6891",0,1,-0.257793461456281,99.5,1.67460317460317,4.41163579895108,0.0523918837980533,0.660659363128087,14.6564418971009,0.697158731822498,0.630867838140727,1.52177051557042,1.04589546256946,12.4073817895644,5.92250512324413,6.76824488046639,81,0,21.1911816791548,0,0,0,0,1,81,0,1,1,0,1,1,96,0.449438202247191,0,"dementia",1.22465753424658
"2041","po6894",0,0,-0.18586997258129,203.5,1.71067961165049,3.07230226512232,0.0597086150589804,1.27045124438174,15.672632696666,1.34086266793289,1.18576447452889,2.11510659650466,0.919423399542851,8.08834857283124,4.33530306154757,4.64796102507748,79,1,23.2723509203104,0,0,0,0,0,179.142857142857,1,0,0,0,0,0,99,5.88785046728972,0,"censor",10.9616438356164
"2043","po6901",0,0,-0.72144914756401,106.5,0.873913043478261,3.14239568879213,0.053643754778072,1.2085838686673,17.3158645015166,1.25526870789289,1.11327952915185,1.89920664999408,1.45771838484256,7.88202148636527,5.52894758799123,5.84005772822242,85,1,28.4066997727464,0,0,0,0,0,118.142857142857,0,0,0,0,0,0,96,1.32743362831858,NA,"censor",6.5013698630137
"2044","po6903",0,0,-1.14361937975129,159.5,1.76785714285714,5.59976432808331,0.0199220276021524,1.12557700157904,20.4039331157893,1.16171657794499,1.03872995245489,3.21289376862311,1.29849871391975,11.0565309737829,6.84862808414927,6.03324543110956,78,1,27.699692124606,0,0,0,0,0,219.892857142857,0,1,1,0,0,0,98,36.8146214099217,NA,"death",6.73424657534247
"2045","po6908",0,0,-0.38660522455333,322.5,3.77542372881356,6.04353130492238,0.040173668477048,0.794500564880124,12.7531757871767,0.82598493468146,0.729379337736678,1.62042091131852,0.950844148945917,19.0284447275136,6.53938381341363,6.05835080643046,75,1,24.9795741532952,0,0,0,0,0,173.607142857143,0,0,0,0,0,0,100,0.601503759398496,NA,"censor",10.7287671232877
"2046","po6910",0,0,-0.15053336776263,64.5,0.798053527980535,3.39226689279933,0.0276251835800464,0.945288966704924,13.415741326464,0.974229541565522,0.896255914797282,1.56247914554024,0.895365535649234,6.12208609066107,6.46964782899362,6.13093599229735,75,0,27.2763340607022,0,0,0,0,0,261,0,0,0,0,0,0,87,0.989010989010989,NA,"death",8.1013698630137
"2047","po6912",0,0,0.18312387181055,100.5,1.23011363636364,4.95513699918299,0.0521074804281896,0.904751974753434,16.5563081828683,0.940357563359136,0.845769622018534,2.20981918690435,0.65400090715441,17.2602470270134,3.32206526237959,3.19134475047912,79,1,25.7318801364893,0,0,0,0,0,147.785714285714,0,0,1,0,0,0,100,3.8121546961326,NA,"censor",10.8219178082192
"2048","po6913",0,0,-0.59592176319216,255.5,3.07520325203252,5.0588191374821,0.0316871011064609,1.12260507033122,11.0409395217809,1.17231423250703,1.05222505763588,1.75138551749486,0.437797179954165,14.0137129804209,7.30154297572251,4.97027373260607,79,1,27.9143065209421,0,0,0,0,0,153.142857142857,0,1,0,0,0,0,96,2.01219512195122,0,"censor",10.2465753424658
"2049","po6914",0,0,-0.749389238504109,9,0.182692307692308,2.61773617117443,0.0574075260187771,1.40569966588424,24.937453654375,1.50914464151285,1.31085619043791,3.91754187318175,1.75794707468642,4.57632957885374,4.70509053947871,5.16040890321833,79,1,36.9534571389551,0,0,0,0,0,30,0,1,0,0,0,0,93,4.73684210526316,1,"death",4.26027397260274
"2050","po6915",0,0,0.0083135931356395,173.5,2.94226327944573,6.82215273085512,0.0464049497274966,0.98181993672756,7.19513675479159,1.07952722780906,0.928876833600324,1.0446686758217,0.60578929244231,21.5681539769353,7.72877300621807,7.07090829154012,71,1,28.0555555555556,0,0,0,0,0,145.75,0,0,0,0,0,0,98,0.491803278688525,0,"censor",9.94246575342466
"2051","po6919",0,0,0.0261160932160294,73,0.827014218009479,3.66898686246104,0.0454858253644386,0.657500021443895,13.7923621658832,0.678607950305857,0.628158818771086,1.51119714479248,0.566766636993459,9.74271664753016,4.43563128459453,4.39725056352285,84,1,32.0257420182289,0,0,0,0,0,154.964285714286,0,0,1,0,0,0,98,21.0857142857143,0,"death",4.68219178082192
"2052","po6920",0,0,0.24316900256721,142,1.12714776632302,2.20321399145667,0.0549823796387594,0.87321342359301,14.2971244405105,0.917176182753696,0.825684045651197,1.64635703625656,0.364113177032073,5.726034302923,4.51179776841464,5.07759282325577,79,1,29.9325469102113,0,0,0,0,0,259.5,0,0,0,0,0,0,86,11.8781725888325,0,"censor",10.9698630136986
"2053","po6923",0,0,-0.23959623397507,208,1.81906614785992,5.04850277418315,0.0471247975880002,1.16000936421862,12.0037675599448,1.21588318001029,1.02902703496557,1.50283023966078,1.01756855458077,10.0507051243223,4.43328207159498,3.95796212292832,78,1,20.4840454299621,0,0,0,0,0,103.071428571429,0,0,0,0,0,0,93,0.153452685421995,0,"censor",11.5205479452055
"2054","po6926",0,0,-0.47326232154531,81.5,1.10969387755102,7.4386592026441,0.0555765164284939,0.805425111396993,15.1781190005526,0.834358738644717,0.741087275980722,1.79652714208389,0.688362818047959,10.9099604745768,5.22208789403892,4.38682014222323,80,0,22.8356604926811,0,0,0,0,0,176,0,0,0,0,1,0,91,1.67701863354037,0,"censor",10.8767123287671
"2055","po6928",0,0,0.49199213151566,119.5,1.66588235294118,4.43134661327323,0.07431339926726,0.628626758343756,11.1358521593457,0.704760470443948,0.565360883188581,1.50408985786336,0.723439022673955,12.2563791381854,4.32327418292045,3.54326156629808,76,1,25.8685116740651,0,0,0,0,1,119.071428571429,0,0,0,0,1,0,95,9.21739130434783,NA,"censor",6.55342465753425
"2056","po6929",0,0,-0.57966301859783,165,1.86397058823529,3.75105800484913,0.0449476501252997,0.95781207945898,19.1953785507203,1.00509055201894,0.89066978822389,2.13407562290065,1.10351525152192,10.6276521930233,5.29909909380207,4.25461101983303,81,1,27.5143224488332,0,0,0,0,0,240.535714285714,0,0,0,0,0,0,94,7.28971962616822,NA,"death",9.38630136986301
"2057","po6932",0,0,-0.25376780477639,170,1.60380952380952,6.2264250322587,0.0729455817468408,1.07559872147112,16.2240212278757,1.1563589707221,0.964998360426636,2.59310169145386,1.08338867924411,10.5235194536928,6.67061190470155,4.85990979735359,68,1,25.8814452671398,0,1,0,1,0,238.892857142857,0,1,0,0,0,0,99,37.0542635658915,0,"censor",11.1095890410959
"2058","po6933",0,0,-0.28950038540623,127,1.40097799511002,4.36899289673444,0.0632643071597784,1.19890014909221,16.9852984947568,1.24196128628132,1.12972084719255,2.2034349920655,0.713629213341961,14.5602294410582,6.52914801309581,6.05199956107002,77,1,24.0264185197494,0,0,0,0,0,241,0,1,0,0,0,0,92,12.9341317365269,1,"death",11.6164383561644
"2059","po6936",0,0,0.13286489062709,73,0.936224489795918,4.44938623968347,0.0608620390067281,0.753716506976207,14.0663473246322,0.810116057372912,0.707828014997296,2.02820098978157,1.16341499161442,7.57365267088066,3.55364140810122,2.53795146762351,78,1,23.589582414729,0,0,0,0,1,191.892857142857,0,0,0,0,0,0,97,26.6666666666667,0,"death",10.4054794520548
"2060","po6937",0,1,-0.865397374884959,103.5,1.13846153846154,5.70984782053686,0.035896568653034,0.996322157676686,11.2690821830985,1.06745209556209,0.902317639983349,1.96169496191894,1.02566732074044,9.90772863403721,7.9086556454073,5.22975556536319,82,1,24.1683477710534,0,1,0,1,0,86,0,1,0,0,0,0,89,7.08542713567839,1,"dementia",1.3013698630137
"2061","po6940",0,1,0.30138219926971,71,1.24184782608696,4.36529765588253,0.109582046298852,0.979446282554427,17.3786320986463,1.02251913259577,0.931424073334272,2.19726834441315,0.653192678366842,9.56599999785695,4.51279539279981,4.81367653341797,75,1,23.2828013041316,0,0,0,0,0,93.5714285714286,0,0,0,0,0,0,97,16.0096153846154,1,"dementia",1.26027397260274
"2062","po6943",0,0,0.5873218482673,112,1.21124031007752,4.89466589665994,0.0901615857810601,0.862742785869298,12.9890167705102,0.916710475034109,0.817754962512081,1.25888974110482,0.665715788161284,15.0509930455424,5.592202809089,4.71745936343946,70,1,30.9088128924858,0,0,0,0,0,121,0,0,0,0,0,0,98,3.07317073170732,1,"censor",10.0301369863014
"2063","po6947",0,0,-1.51373440749856,427.5,4.06690777576854,5.60185091135662,0.0413575607533925,1.08142965297466,17.1842091117389,1.15413965894091,1.03162049387746,2.22191271244247,1.785856569913,19.5155039719137,4.65921877299625,3.66651647183109,94,1,25.0894156183727,0,0,0,0,1,120.357142857143,0,0,0,0,0,0,95,3.30578512396694,1,"death",4.12602739726027
"2064","po6951",0,0,-0.0313527092748899,133.5,1.57373737373737,3.7155879781276,0.04025599188742,1.15811785198532,14.3615680778344,1.20098048025716,1.09730919935139,1.16582127757736,0.465859622950988,10.6069364806571,4.36476867122868,4.91060754063197,79,1,26.8930271605014,0,0,0,0,1,214.392857142857,0,0,0,0,1,0,85,16.4864864864865,NA,"censor",3.28767123287671
"2065","po6955",0,0,-0.220269688533099,107.5,1.72554347826087,5.17159723061838,0.0359664172331685,1.16894953498131,16.567555342973,1.2079077391683,1.10547250499127,1.88835356148828,0.603796534794752,11.3410949172631,5.97270016312621,4.13784676134669,71,1,27.6148880223583,0,0,0,0,1,149.142857142857,0,1,0,0,0,0,97,31.1036789297659,0,"censor",2.84109589041096
"2066","po6956",0,0,-0.94312996357051,89.5,1.76712328767123,7.90881108537059,0.0569719607351058,1.18779596552359,16.0778612806761,1.23136763059788,1.10342005627271,2.25419650698891,0.895365614834078,11.1726263898075,6.81024396778414,6.30918825618222,78,1,27.257451217669,0,0,0,0,0,131.714285714286,1,1,0,0,0,0,90,9.46236559139785,0,"death",5.69315068493151
"2067","po6958",0,0,-0.26263709202595,159,2.15342465753425,4.08249754510225,0.0554990019686792,0.680716702081058,12.4347261515832,0.702877996105299,0.64731618816316,1.20201471673271,0.607822333024283,11.7492973986462,4.48618895818583,5.4041890561896,89,1,21.9186754054166,0,0,0,0,1,146,0,0,0,0,0,0,89,13.1058020477816,0,"death",2.81095890410959
"2068","po6961",0,0,0.0987254933524497,125.5,2.24761904761905,4.17547326506507,0.0398042273046536,0.809108853844305,12.768078204021,0.82966639528644,0.755132835363953,1.60337412230995,0.637431565005481,13.9910575384973,6.48429799333287,6.56907988264999,73,1,25.907221842206,0,0,0,0,0,111.714285714286,0,1,1,0,0,0,95,6.83760683760684,0,"censor",10.8054794520548
"2070","po6964",0,1,0.39070806332371,52.5,0.549728752260398,3.1352669292586,0.0259977034128885,0.634626908774468,10.790781034552,0.645786599927237,0.609997840788534,0.914504088361229,0.316340852167887,3.9617551884293,4.01363092374885,5.70642663302877,79,0,35.879769231082,0,0,0,0,0,130.142857142857,0,1,0,0,0,0,89,58.3561643835616,1,"dementia",6.18630136986301
"2071","po6966",0,0,0.568509406988061,165,1.45531914893617,4.59963122929831,0.10676858432176,0.871562278989149,14.4625353996422,0.94875778963237,0.834133853916823,1.75451802054369,0.666490200462392,10.092198557046,5.05296120059604,3.90094808746661,69,1,25.7832107545547,0,0,0,0,0,182.5,0,0,0,0,0,0,97,2.14925373134328,0,"censor",10.8328767123288
"2072","po6970",0,0,0.44906123014043,116.5,0.720735785953177,4.55278094902877,0.0986698327724845,1.33538009978125,12.68613746959,1.39278443859655,1.23463866094928,2.01583434976274,0.546595655184897,8.26328440796224,3.7641878324678,3.34166101459805,74,1,24.3750195062576,0,0,0,0,0,77.7142857142857,0,1,0,0,0,0,97,6.15384615384615,1,"death",11.6794520547945
"2074","po6973",0,0,-1.392549891172,257,2.11864406779661,5.3703642544617,0.0333749940019873,1.67019359313791,17.0873362391419,1.72918438805338,1.50107718053007,3.19701565116179,1.24891113539583,12.3384969133875,10.1608243934649,8.61019940869326,73,1,28.1174490151803,0,0,0,0,0,109.678571428571,0,0,0,0,0,0,98,0.282352941176471,0,"censor",10.8904109589041
"2075","po6976",0,0,-0.85480727684331,82.5,0.844638949671772,3.71126195881273,0.0361083847376429,0.938467171052381,16.8691968782135,0.966420246930974,0.903496336806254,2.32050130485534,1.22445188147367,6.93409031217924,6.32960410320432,0.105727398430208,85,1,33.4658441787113,0,0,0,0,1,73.8571428571429,1,1,1,0,0,0,93,24.983606557377,0,"death",10.0958904109589
"2076","po6982",0,0,-0.130785697208771,58,1.31525423728814,7.98148938060755,0.0566450058013727,0.662135424309254,11.6625752736649,0.672247239335799,0.62485363565435,1.8697635919679,0.945757245809923,10.5543298584153,3.81556734456729,3.70128887898549,79,1,30.6225921521998,0,0,0,0,0,130,0,0,0,0,0,0,88,0,0,"censor",3.39452054794521
"2077","po6987",0,0,-1.20028371419394,78,0.879310344827586,6.83594072766355,0.0497135244324065,0.888561805703379,24.3397846428171,0.934062144306094,0.777826269655837,4.07099319729732,0.876738559918159,10.2271608266832,8.60564982986452,5.50493565856425,75,0,37.9989819056875,0,0,0,0,0,134.25,0,1,0,0,0,0,92,75.7894736842105,0,"censor",10.8821917808219
"2078","po6988",0,0,-0.41213534874544,270.5,2.86127167630058,9.86583152538423,0.0491660978949087,1.23946748130334,14.6694671417775,1.2956984280921,1.1421311529532,1.69061893306898,0.641489873522953,25.1015574159488,6.04612006778273,5.04987070799625,69,1,28.8460954778242,0,0,0,0,0,238,0,1,0,0,0,0,99,16.2857142857143,NA,"censor",10.9150684931507
"2079","po6994",0,0,0.23788788351095,203.5,2.33333333333333,3.3485191713185,0.0837473280191495,0.919564890479326,12.6119392904321,0.96601484632659,0.869957049235747,1.14954719581115,0.417637586839694,12.1987096443591,3.83728042846404,4.43220737326617,83,1,27.8003885379632,0,0,0,0,0,213.178571428571,0,0,0,0,0,0,98,0.168539325842697,0,"censor",10.7808219178082
"2080","po6996",0,0,-0.06529154009243,151,1.36121673003802,4.80605042068312,0.0457665794573596,1.01782643691559,12.8125861887441,1.0949764312239,0.9695515777577,1.62518586410652,1.19727613506275,10.6552817431333,6.60733267979878,7.39436903126531,70,1,24.7544922645768,0,0,0,0,0,128.785714285714,0,0,0,0,0,0,98,13.0769230769231,1,"censor",10.9561643835616
"2081","po6998",0,0,-0.02343855232469,147.5,1.96657381615599,5.76866912848445,0.0544025132806076,1.06769268530978,18.0334472382293,1.10454304237946,0.996354933368365,3.08057133620434,0.985569242291223,14.3315748881086,4.83607790332401,4.0977704285493,69,0,24.9886393763304,0,0,0,0,0,187.285714285714,0,1,1,0,0,0,94,5.96026490066225,1,"censor",10.9013698630137
"2082","po7004",0,0,-0.208618128055311,80,0.972081218274112,4.78649737685628,0.0354725791306919,0.75500203006983,18.7187893718059,0.76851428301962,0.723970749096607,1.91256686587941,0.540624155911119,9.73687605301652,4.45722107509091,3.39265189655969,79,1,24.3930105809423,0,0,0,0,0,203,1,1,0,0,0,0,90,10.8542713567839,1,"death",6.98082191780822
"2083","po7005",0,1,-0.57867255015025,91,1.29850746268657,5.79386741559864,0.0660618917839189,1.09966898497935,8.09532442492611,1.15525035998306,0.968739087317709,1.48733457007799,0.536357057840732,8.55977576706887,8.3319708833026,5.23841261677101,81,1,26.5066156094792,0,1,0,1,0,87.75,0,1,0,0,0,0,89,12.6409495548961,0,"dementia",1.4027397260274
"2084","po7010",0,0,0.02746590436914,155,1.59175257731959,3.58075494423624,0.0322558768209686,1.06984761346985,20.8555308015159,1.10646309855332,1.02544937861969,2.29892337765588,0.801837539072885,11.6058354362717,4.7468572427543,3.84686152971708,69,1,27.3100051066664,0,0,0,0,0,186,0,0,0,0,0,0,99,4.6969696969697,0,"censor",10.8767123287671
"2085","po7013",0,0,-0.57479242626162,138.5,1.82921348314607,4.62245743322553,0.0675043253057559,0.843765991169105,13.638739377796,0.954871705686625,0.808021713012807,1.63049571286065,2.36340859040915,14.4295254136787,5.91982706687121,6.51155266603124,82,1,28.4499430682669,0,0,0,0,0,50.9285714285714,0,1,1,0,0,0,90,21.8991097922849,0,"censor",7.28493150684931
"2086","po7019",0,1,0.0151867070860405,207,2.40851063829787,4.40639551109517,0.0407181362846193,0.796774744907834,9.69930852226456,0.818827118978592,0.76283219213674,1.03879534487964,0.657546534265253,11.9153534712369,4.58509305028996,5.01547232164159,81,1,22.9407780171579,0,0,0,0,0,190.714285714286,0,1,0,0,0,0,92,3.67021276595745,0,"dementia",3.4958904109589
"2087","po7020",0,1,0.08343405257923,85.5,1.56896551724138,5.58178855596297,0.0660850467813098,1.22006436648516,10.846560601667,1.25287893274868,1.09855160523518,1.74970196819504,0.43787201565299,11.1362760066922,6.75967041952009,3.41604245963742,70,1,27.058657436556,0,0,0,0,0,137.714285714286,0,1,0,0,0,0,97,19.5348837209302,NA,"dementia",10.6246575342466
"2088","po7021",0,1,-0.21064939262819,163,1.19918699186992,5.6288911175331,0.0357139406818673,0.961720706561134,13.3866091218858,0.997660209908294,0.897980111613507,1.90964169845478,0.617545349291931,9.62530744681425,4.36290943641867,4.81259756466285,79,1,28.0495668461948,0,0,0,0,1,19.2857142857143,0,1,0,0,1,0,80,5.39170506912442,1,"dementia",3.64657534246575
"2089","po7023",0,0,0.355791706438011,73.5,0.815734989648033,5.39091857826892,0.106079379225689,1.00463936774019,13.0924299152258,1.06294556883337,0.903275037720612,1.40863816090717,0.748125193961867,6.87099812368497,2.51392980496038,1.88893581086507,79,1,29.0697280455792,0,0,0,0,0,187.428571428571,0,1,0,0,0,0,81,42.0670391061453,1,"censor",10.7616438356164
"2090","po7027",0,0,-0.3828409785684,109,2.4047619047619,6.16201206749787,0.0732699995759358,1.23795911090594,13.8564869090906,1.30957954437313,1.06575069329975,2.58497995888935,1.58188841567143,11.2536005179286,5.40221543376771,5.71158721463867,73,1,28.1671031949255,0,0,0,0,0,262.678571428571,0,1,0,0,0,0,97,0,0,"censor",10.8246575342466
"2091","po7028",0,0,0.27998426932236,104.5,1.16301703163017,4.51956295518487,0.124813181136777,0.916745082146561,12.9585332778396,0.974667144934056,0.83269128753207,1.59936241949249,0.74610769668848,10.451849573592,4.49823333867056,3.97671398072928,81,1,25.6727266649775,0,0,0,0,0,136.714285714286,0,0,0,0,0,0,97,10.2197802197802,0,"death",10.6739726027397
"2092","po7029",0,0,-0.65507817766124,57,0.893992932862191,9.56779872926445,0.0577764503310294,0.883167059520574,12.8929036584052,0.952741913278522,0.808533692414931,2.60626824349705,0.800661641581045,9.32256888292198,5.76845226678032,3.4958495120828,77,1,22.5362206176337,0,0,0,0,0,157.5,0,1,0,1,0,0,100,2,0,"censor",10.8356164383562
"2093","po7031",0,0,-0.72382601627004,114.5,1.21367521367521,4.42850544904093,0.0525909905968918,1.14048738180559,16.6159073946582,1.18248318791328,1.0563588573204,2.73531516662741,1.01161474281958,10.6609016270011,7.40598625709376,6.75354969445698,80,1,27.9272425229971,0,0,0,0,0,121,0,1,1,0,0,0,97,21.15,0,"censor",3.3972602739726
"2094","po7033",0,1,0.32145631558889,113,1.26452905811623,3.34259272931508,0.0689047330289396,0.918103886573148,11.8603106047101,0.944320870662542,0.865292436662661,1.17551552006285,0.310873101284567,8.78684432906797,4.87143649392896,6.12679153528844,79,1,24.4588498934677,0,0,0,0,1,180.428571428571,0,1,0,0,0,0,96,8.86198547215496,0,"dementia",0.926027397260274
"2095","po7035",0,0,-0.30387019176427,225,2.21693121693122,4.30984392959706,0.0859621699616228,1.68267024167679,14.5081015929551,1.75251000949018,1.56167210300535,2.12130913017114,0.587256417115413,14.9001463837801,4.97045031842975,5.11566552270637,81,0,22.8982058507305,0,0,0,0,0,154,1,0,0,0,0,0,93,15.6455696202532,0,"censor",10.9232876712329
"2096","po7036",0,0,-0.26547291657421,218.5,2.58139534883721,4.89130559412921,0.0358161918336687,1.25148405090035,12.9406661861759,1.3242315893336,1.18173321431781,1.55186474221274,0.805183355984486,15.4071046750847,7.60236496914905,4.58938600785584,69,1,23.4467889583444,0,0,0,0,0,289.285714285714,0,0,0,0,0,0,95,5.5919395465995,0,"censor",10.9178082191781
"2098","po7044",0,0,-0.62810703863823,220.5,2.79111111111111,4.48252000897016,0.0507959286845643,1.18354768874026,19.6869795493243,1.23685308298969,1.12923420931347,2.15229092290877,0.730696548548077,13.326788057045,5.22335783385056,5.81571250118998,80,0,25.2541150614684,0,0,0,0,0,156.357142857143,0,0,0,1,0,0,94,18.0530973451327,0,"death",3.03835616438356
"2099","po7047",0,0,0.143916193315221,37.5,1.12903225806452,2.75751009691543,0.0621798826887208,0.82812943962607,12.4681350994864,0.879912879771037,0.767421058947318,1.10317300379194,0.777032405989517,6.09504382662393,4.32334266712115,3.30379052478308,82,1,25.3787591974001,0,0,0,0,0,51.4285714285714,0,0,0,0,0,0,92,2.06185567010309,1,"death",4.1013698630137
"2100","po7048",0,0,0.00910126070315016,99.5,1.64159292035398,4.401801331722,0.0539118892753328,1.52628226720479,11.3761920549012,1.5806667914396,1.35228189749357,1.61853614475473,0.705943913454178,7.85145642726131,6.08288415869231,4.97688689441767,69,1,34.9709106752992,0,0,0,0,0,158.5,1,1,1,0,0,0,90,24.4390243902439,0,"death",5.94246575342466
"2101","po7050",0,0,0.210473229076371,145,2.53636363636364,5.81198312141545,0.0852849559600249,0.750269795697361,12.9959754905773,0.793019400290276,0.688830934748597,1.01352414959292,0.708286508713638,18.5621979338731,3.27183919371716,2.30488798575373,82,0,31.6291959853295,0,0,0,0,0,192,0,0,0,0,0,0,93,5.69920844327177,2,"death",6.77808219178082
"2102","po7052",0,0,0.20678590357946,157.5,1.63013698630137,5.32220460293983,0.0547102641282648,1.03391989008149,13.2753266343489,1.08449825963025,0.967912877973869,1.70847847207817,0.647856955701286,22.3346672594908,5.51137502942608,5.56204635297758,75,1,20.873212269303,0,0,0,0,0,208.857142857143,0,0,0,0,0,0,96,4.64891041162228,1,"censor",10.6794520547945
"2103","po7057",0,0,-0.14350428790402,192.5,2.48181818181818,5.77189612512925,0.0476227372314179,1.03366127115838,16.6940970717246,1.07315449168855,0.944718200228141,2.22464497079091,0.498905574494452,14.7298594685465,4.98500993069103,3.82089242729103,73,1,22.1469891749047,0,0,0,0,0,248.035714285714,0,0,0,0,0,0,99,4.375,0,"censor",10.8684931506849
"2104","po7058",0,1,-0.30246791735549,192.5,1.95550847457627,5.61328459609895,0.0706358253904411,1.24458360857649,17.2047828660195,1.37373359023966,1.15469915298457,2.6874579469306,1.27042792836677,10.9695202407559,5.09292292594853,3.05723181221211,71,1,35.6796490996055,0,0,0,0,0,303.142857142857,1,1,0,0,0,0,87,17.0149253731343,0,"dementia",1.33150684931507
"2105","po7065",0,0,-0.24500440288508,157.5,2.02093023255814,5.34261680155461,0.0709626365772477,0.827758872533968,16.4438325211933,0.872808264630586,0.804205242645477,1.7579330690341,0.626183153734116,17.5854351597257,6.15963191520594,6.64893037227721,80,1,26.6579376236071,0,0,0,0,1,171.392857142857,0,0,0,0,0,0,96,6.91011235955056,0,"censor",10.8164383561644
"2106","po7069",0,0,0.23643401206467,52,0.777777777777778,3.2526704953911,0.0674542472371408,0.859318950158049,13.85079756142,0.916756010784274,0.793423144529204,1.84584512845837,0.731752584313747,9.12600429783316,3.97518522084127,3.05521711636175,81,1,28.5804150569412,0,0,0,0,1,171,1,1,0,0,0,0,93,2.72727272727273,0,"death",3.65479452054795
"2107","po7074",0,0,-0.20133148708299,53,0.552238805970149,2.46907213955286,0.0656307974044203,1.09677172538832,19.103959332745,1.16093185994827,1.02513912160343,2.15734624493583,0.694981979907409,6.37839214690169,3.6939012879549,2.88538645058523,85,1,34.1242143043945,0,0,0,0,0,32.1428571428571,1,1,1,0,0,0,89,34.3661971830986,NA,"death",2.15616438356164
"2108","po7075",0,0,-0.17391067808816,44.5,1.2906976744186,6.91973308496837,0.0303695065315853,0.893052110915458,16.7481503731697,0.918195940548165,0.828088930886278,2.2472026838605,0.912292005133888,17.2879935445711,5.43451742836139,4.72552279516596,72,1,26.0327681896036,0,0,0,0,0,50.6071428571429,1,0,0,0,0,0,91,4.57831325301205,0,"censor",3.01095890410959
"2109","po7078",0,0,-0.16394201167616,179,2.78630705394191,4.43117737382646,0.0316950870353306,0.812246350421797,17.8614083249009,0.850281166103426,0.77097593198358,1.96100328321131,0.742479388344015,19.8960811727543,4.21572934483774,3.67156588114046,80,1,26.9236505364958,0,0,0,0,0,85.4285714285714,0,0,0,0,0,0,95,7.11111111111111,0,"death",10.7232876712329
"2110","po7080",0,0,0.318964740969081,126,1.408,3.56567297383213,0.0628256129576118,0.884678701752883,8.66537474953367,0.928526796502511,0.841104284251992,0.915086704227328,0.349101747560984,8.01873884553635,6.84211586211269,6.33772833701957,74,0,29.4584399277412,0,0,0,0,0,278.142857142857,0,0,0,0,0,0,87,5.17699115044248,0,"censor",10.9041095890411
"2111","po7083",0,0,-0.1806429569545,114,1.71266968325792,5.16040972555356,0.0660548090766616,1.29955284015594,16.7293313377327,1.3591669032528,1.19066664075145,2.66569467345511,0.63900938318911,11.8035562545851,6.55035357557192,5.30450356684559,70,1,30.2242435109568,0,0,0,0,0,120.75,1,1,0,0,0,0,94,2.6984126984127,0,"censor",10.9643835616438
"2112","po7085",0,1,-0.27374924874831,108,2.06644518272425,4.54081813985635,0.0606364889413812,1.34699946014525,11.8937647165641,1.44623681468166,1.19722529026652,1.59220339082039,0.352542525159511,12.8064819328548,4.5909051552232,2.83931496862526,84,1,23.8776967903024,0,0,0,0,0,91.0714285714286,0,0,0,0,0,0,86,5.43396226415094,0,"dementia",3.37808219178082
"2113","po7088",0,0,0.26528207216242,86,1.26837060702875,2.96690772707471,0.0662590933518107,0.890454968686588,16.0357925174379,0.933492724559376,0.847673787293881,2.08145005683673,0.776888168245558,9.74553473057772,4.66022830420533,5.35084690900322,76,1,26.9691183266678,0,0,0,0,0,131.714285714286,0,1,0,0,0,0,97,22.7692307692308,0,"censor",11.0849315068493
"2114","po7093",0,0,-0.45396763685971,162,1.29195804195804,5.58196601837392,0.0754729758519393,0.820324066232682,15.9834829687803,0.846623667804487,0.786720776999753,1.93071791573272,1.04293619933197,13.4079660937235,6.46101807224909,6.57278347029784,81,1,20.7422641637775,0,0,0,0,0,165.714285714286,0,0,0,0,1,0,98,4.47963800904977,0,"censor",11.0246575342466
"2115","po7096",0,0,-0.17109349090636,177.5,2.13649851632047,4.77716846406989,0.0801107666725683,0.984878421215579,6.1144994804627,1.0660272232626,0.919443514012362,1.33674015463745,0.503428311003676,14.5336274491332,10.8618437945261,7.38302716909224,73,1,22.5518175067065,0,1,0,1,1,148.142857142857,0,1,0,0,0,0,85,21.9428571428571,0,"censor",11.2575342465753
"2116","po7100",0,1,0.30855282464812,177.5,2.65359477124183,5.09798106915526,0.0973145468494867,0.600184737999391,15.7245013402015,0.650533603425427,0.577590294471186,1.10232783282409,0.723252566997579,10.8978173244764,3.89813740198716,3.53209866179064,75,1,27.8773066557714,0,0,0,0,0,268.821428571429,0,0,0,0,0,0,98,3.2967032967033,0,"dementia",1.4027397260274
"2117","po7105",0,0,-0.03422814195646,223.5,2.09143968871595,4.50295252919646,0.0287601452071,0.901124549375616,13.8607274651514,0.945810549939555,0.842349180667463,1.43980269113127,1.20186086776711,12.6133181195216,5.06980641576345,4.98072366816333,72,1,28.4701931661391,0,0,0,0,0,92.0714285714286,0,1,0,0,0,0,96,22.5575447570332,0,"censor",10.4547945205479
"2118","po7106",0,0,0.0254800986562103,106,1.36997319034853,3.50894422198925,0.073482942337327,0.805179258014728,17.1690362531823,0.881392933543648,0.748604237891396,2.04756476780089,0.982044797370654,11.8741647014719,5.019847260151,2.98826473075844,78,1,22.7673784861527,0,0,0,0,1,171.464285714286,0,0,1,0,0,0,93,14.1176470588235,0,"death",10.3945205479452
"2119","po7109",0,0,0.05624630737301,225.5,2.83972911963883,3.78570826421697,0.0744608989166312,0.955468431836408,10.5665196349311,1.00698043281308,0.888592437414072,1.40916270035235,0.628139364587672,13.1236461444048,8.6469020352276,6.94325689081069,70,1,25.5477688045882,1,0,0,1,0,86,0,1,0,0,0,0,89,4.02234636871508,NA,"death",9.61917808219178
"2120","po7112",0,0,-0.23730140641606,171.5,2.25730994152047,5.86825421124449,0.0759850723649462,1.25043202063678,12.3371702218203,1.31740273028555,1.16671390128021,1.86769738457187,0.557518885408762,11.4579776910804,7.81870414478376,5.77913885425259,70,1,27.4474651164994,1,0,0,1,0,352,0,0,0,0,0,0,97,5.41935483870968,NA,"censor",10.8876712328767
"2121","po7114",0,0,-0.0933695424221,147,2.86195286195286,4.3289059307766,0.0296921014092369,1.10797756513532,13.0960909744769,1.17718646770736,1.02914209073202,1.32279440388149,0.717606148574493,17.1844187884378,5.93441536094812,5.16893512370538,74,1,21.9077469293865,0,0,0,0,0,61,0,0,1,0,0,0,98,0.842105263157895,0,"death",4.13972602739726
"2122","po7120",0,1,-0.23089911623148,205.5,2.11640211640212,4.71110051743632,0.0556851841642311,1.38784114492396,19.3056416461369,1.47186583260177,1.32036509967479,2.80645960412858,0.395557516564708,19.8339344065249,6.86121793042459,4.73573387762691,71,0,23.2068777277096,1,0,0,1,1,189.142857142857,1,0,0,0,0,0,82,15.4838709677419,0,"dementia",1.35342465753425
"2123","po7123",0,1,-0.321389674684541,69,0.816326530612245,6.73432798424676,0.0666322384819671,0.847847030458822,19.2633293877467,0.913186249872127,0.778734165340643,2.62977445797357,2.6504770834263,11.9425554933638,4.73687376828113,4.00931118159999,77,0,24.3716939877276,0,0,0,0,1,114.571428571429,0,1,0,0,0,0,92,9.34131736526946,0,"dementia",10.4
"2124","po7127",0,0,0.04358701878771,167,1.61538461538462,4.57654600304842,0.0437491354600153,1.24331375650461,15.6728929804705,1.29787847958616,1.17039233747355,1.71542510538105,0.701556611037154,14.7881332598188,5.10221173696068,5.87110110454517,72,1,27.5629268137418,1,0,0,1,0,131.285714285714,1,1,0,0,0,0,94,2.70880361173815,0,"censor",3.53698630136986
"2125","po7128",0,1,-0.953258914747229,248.5,1.79436152570481,5.88172949990719,0.0651080945584169,1.24445791660138,14.4386613420867,1.28980025573863,1.13096762559442,2.6938257797591,1.2939369851222,10.3388604628599,7.94545123022888,6.62623249140728,78,0,23.6026212159063,1,0,0,1,0,104.214285714286,0,1,0,0,1,0,80,3.65853658536585,NA,"dementia",1.19452054794521
"2126","po7129",0,0,-0.37605007176908,361.5,3.08023483365949,7.49252939319761,0.0762792341769527,0.87245475538008,13.2360086475664,0.951519382293154,0.844660640568253,1.45124156388202,0.485938952031878,14.048758871612,6.73360115291611,5.31469694648212,73,0,28.9655360309042,1,0,0,1,0,229,0,1,0,0,0,0,83,5.48476454293629,0,"censor",10.2821917808219
"2127","po7132",0,0,-0.65464916312335,244.5,2.43110236220472,4.42733299724466,0.0448467056027771,1.2734258377641,15.1778771838185,1.34995761458312,1.13943635560177,2.84684310383841,1.36709292380291,14.1419068408273,9.03862615256311,5.90157946527582,69,1,36.6147458241423,0,0,0,0,0,212.5,0,1,0,0,0,0,96,5.57377049180328,0,"censor",10.9479452054795
"2128","po7134",0,0,0.53053127361916,68.5,0.725581395348837,4.15954110278123,0.130516053711322,0.69840905342769,12.8522265124725,0.743157968582321,0.676681107326915,1.47300110741807,0.560875286471015,9.3589396832654,4.79791159651747,4.21087852791171,80,0,23.6231515054143,1,0,0,1,0,95.8571428571429,1,1,0,0,0,0,88,9.10569105691057,0,"censor",10.9260273972603
"2129","po7138",0,0,-0.16718733740194,129.5,2.17538461538462,4.06742175578257,0.0409224804373395,1.62175999315324,14.8283391542002,1.68556033402304,1.47918273962425,2.09552800149793,0.691272062756089,13.130550967908,6.20436833557085,7.15373678879876,70,1,31.7117208003667,0,0,0,0,0,121.964285714286,0,0,0,0,0,0,93,3.36,1,"censor",10.7890410958904
"2130","po7140",0,0,-0.369001449920751,121.5,2.1037037037037,6.41146150228747,0.0889613450585697,1.14484175754658,14.5223570372715,1.18825478299057,1.08732068907896,2.1524133752685,0.404471126052796,11.6677323640239,8.7713217176194,3.62395932736903,70,1,28.6888496004553,0,0,0,0,0,49.7142857142857,0,1,0,0,0,0,89,3.21428571428571,0,"censor",10.2958904109589
"2131","po7141",0,0,-0.37924733155691,196.5,1.47386172006745,6.23798249126637,0.0539670130587085,NA,15.9272229938491,NA,NA,3.11533026450805,NA,15.8305303299019,7.15938923609452,NA,69,1,26.9805262554618,0,0,0,0,0,163.464285714286,0,1,0,0,0,0,95,69.375,0,"censor",10.8712328767123
"2132","po7142",0,0,0.43201138333817,35,1.018779342723,6.01779699913207,0.0628050131911968,0.603485920501267,10.5229040753612,0.612676572000536,0.58921325326895,0.99296539242151,0.381998279956225,8.86330399981453,3.54631749055613,4.85664018201992,78,1,27.3299881331456,0,0,0,0,1,193.928571428571,1,1,1,0,0,0,91,0,0,"censor",10.9041095890411
"2133","po7143",0,1,-0.325945896597101,60.5,0.553191489361702,5.87885848575602,0.0643629532952268,1.58558003473356,13.514560333617,1.66459678191495,1.40484428841898,2.23472974280468,0.46755451363326,8.16013153891068,6.38044571710913,3.51571998594381,73,0,28.7125060778298,1,0,0,1,0,118.107142857143,0,1,0,0,0,0,90,7.1395881006865,1,"dementia",3.31780821917808
"2135","po7148",0,0,-0.32903154172115,101,1.28690807799443,5.87324419363738,0.0753759053990468,1.20516895923902,16.5600113009702,1.28050516798061,1.17463491109231,2.32887139442006,0.429371717421494,16.1123498838995,6.50036856097472,4.83738368786494,78,1,27.6785882579621,0,0,0,0,0,118.75,0,0,0,0,0,0,97,13.5616438356164,0,"censor",5.53698630136986
"2136","po7149",0,0,-1.00001906292333,102,1.02272727272727,7.05161769735966,0.0382293042728803,1.04860714115493,20.8970977434123,1.16356495961018,1.01038231402234,3.97111863313704,1.34347398849436,12.3589523588904,5.2607228647566,5.51294624673215,80,1,29.6359484054158,0,0,0,0,1,55.3571428571429,0,1,1,0,0,0,87,2.77580071174377,0,"death",3.67671232876712
"2137","po7150",0,0,-0.0177117519837594,249,2.1525129982669,6.09478509902716,0.0496930400498105,0.902933713761196,11.7735950198058,0.97141220648599,0.801073014401994,1.42130571136194,0.883256365093207,12.9733384222092,5.15115479278893,3.41076089266768,72,1,25.2816500551116,0,0,0,0,0,239.571428571429,0,0,0,0,0,0,99,5.55555555555556,NA,"censor",10.8657534246575
"2138","po7152",0,1,-0.59213841879076,161,2.253125,5.29356939537362,0.0522023043143372,1.05836321231461,20.5753250022746,1.10003153323997,0.980428679905979,3.42438920666006,0.700073747547887,18.2700712830215,9.66882711681221,7.84439847999799,68,1,28.7727355157272,0,0,0,0,0,303.321428571429,0,0,0,0,0,0,91,21.7164179104478,0,"dementia",10.8849315068493
"2139","po7155",0,1,-0.50103089960725,87.5,0.971867007672634,7.39071633000265,0.058565328772133,1.26304409478358,14.3904612114885,1.33662867861214,1.12677339797891,2.27001581365421,0.797841955393359,13.5346846314798,4.61220512863133,2.06098480105527,80,1,22.7971472883767,0,0,0,0,0,243.785714285714,0,0,0,0,0,0,94,14.1477272727273,0,"dementia",10.9205479452055
"2140","po7156",0,0,0.35636973967608,107,1.98135198135198,5.53143587926697,0.0513529043256869,0.63923916239596,10.8984996621396,0.666491358001889,0.610439797170632,1.14253067101846,0.648156376966658,20.4833160395277,4.67099359510852,4.08504379121487,78,1,29.9288976474928,0,0,0,0,0,144.357142857143,0,0,1,0,0,0,94,2.15686274509804,1,"censor",11.0109589041096
"2141","po7157",0,1,-0.0717945294978094,138.5,2.57222222222222,4.31548807880328,0.0866010192870691,1.05865563987007,14.8875470271681,1.23248354216488,1.04435227432675,1.49106188392897,0.855018663463509,13.7939501627243,5.41312727142279,3.56915427681533,77,0,24.9402214990478,0,0,0,0,0,51.4285714285714,0,1,0,0,0,0,99,0,0,"dementia",1.32876712328767
"2142","po7163",0,0,-1.15014777180056,146,1.58266129032258,4.20922124557722,0.0362737115025814,1.24987373223515,14.8352450516379,1.30986354125145,1.14194792629155,2.31325004915023,0.927846169798879,9.94667441476016,9.8994372013954,7.83111482259502,80,1,25.3168511037975,0,0,0,0,0,188.714285714286,0,1,0,0,0,0,98,3.72881355932203,0,"censor",11.0301369863014
"2143","po7166",0,0,-0.36378260712308,135,1.90236686390533,6.61684381366889,0.0399987309581412,1.17742029837669,12.3606725964407,1.27117068376447,1.05370781724701,1.5293791787266,1.04194495219719,12.2371865410328,4.6358286498907,4.00184784784039,76,1,20.2041635409936,0,0,0,0,0,144.571428571429,1,0,0,0,0,0,97,3.97590361445783,0,"censor",11.1287671232877
"2145","po7168",0,0,-0.357630169445321,361.5,2.76767676767677,4.78303732758325,0.0491592840462281,1.10741842892628,16.0710747274278,1.19675209358144,1.04560900642497,2.57759689196786,0.958639909789078,13.1361256897591,5.90510341679618,3.22978051038605,72,1,24.1084031001432,0,0,0,0,0,171,0,0,0,0,0,0,96,10.4668304668305,0,"censor",11.2246575342466
"2146","po7169",0,0,-1.21990653687906,164,2.28990228013029,7.41192131133492,0.0227960804036041,1.59394887743231,15.8396608970733,1.65261950599373,1.3837886143707,2.61303604617367,0.687674662241801,13.5158262584037,7.53118159922369,5.56230970391686,76,1,26.1172600754618,0,0,0,0,0,94.7857142857143,0,0,1,0,0,0,91,11.3736263736264,NA,"death",11.6849315068493
"2147","po7171",0,0,-0.00583902768155013,85.5,0.946547884187082,6.4577485385308,0.0478833945373953,1.18271401552553,10.8823932523527,1.21346974674037,1.07635890777597,1.36036079012393,0.598460371507868,6.87775155622343,3.27012598017262,2.59302811321418,77,1,27.6955860790565,0,0,0,0,0,118.142857142857,0,1,0,0,0,0,97,1.32678132678133,NA,"death",2.42191780821918
"2148","po7174",0,0,-0.0967305357090098,120.5,1.05439330543933,3.80809580390018,0.0538732457692606,1.57694316382828,17.5662890923555,1.68150109488004,1.45159757449836,2.66103468053368,0.621939616596923,9.22344171492682,5.71796198243526,3.00943563581873,69,1,31.8335566603212,0,0,0,0,0,91.5714285714286,1,1,0,0,0,0,99,14.6629213483146,0,"censor",10.4465753424658
"2149","po7176",0,0,-0.20546982826189,118,1.146,4.53568439954702,0.0700132334343257,0.840760265929707,16.3778708987615,0.90380657316272,0.812512174223206,1.67218063737265,0.841363459710528,6.86210839414827,5.72052094224698,5.02860844169906,77,0,32.9070846885403,0,0,0,0,0,173.75,0,1,0,0,0,0,89,23.3746898263027,0,"death",10.5068493150685
"2150","po7178",0,0,-0.0295853335526104,212,2.18011257035647,6.16079897271712,0.0449211172469626,0.652350221505207,12.510795493245,0.718262921053432,0.637589081790066,1.32032962923456,1.51851014956183,18.5300601322027,5.9072324302511,6.32110337504506,72,1,22.8136675595984,0,1,0,1,0,175.678571428571,0,0,0,0,0,0,96,2.42587601078167,0,"censor",10.9424657534247
"2151","po7182",0,1,-0.102653198731259,164,3.22439024390244,6.0308395454905,0.039275733032661,0.932324997452306,10.1753207932314,0.979457840569256,0.878024255397328,1.11997415153441,0.514536078132189,20.8034190201366,7.85226578403175,8.3554124196647,72,0,29.4766050032008,1,0,0,1,0,136,0,0,0,0,0,0,88,3.1304347826087,1,"dementia",0.986301369863014
"2152","po7186",0,0,0.704750036006401,109.5,1.21538461538462,2.87851126164266,0.0202396849265267,0.80237365562753,12.8629181781819,0.819562589218128,0.7591197175836,1.02706325081496,0.367385226792305,12.0045946270003,1.42912660727291,2.96090269065454,79,1,31.8939336512912,0,0,0,0,0,327.678571428571,0,1,1,0,0,0,96,3.72781065088757,NA,"death",3.33698630136986
"2153","po7188",0,0,-0.30231961167061,115,1.36150234741784,4.89802217317121,0.0424208545226626,1.21028848765697,15.2669759255578,1.28759782225718,1.10493189478821,2.6003889730334,0.935960734231304,9.83781722564841,6.21964597782824,4.89468839105689,72,1,27.2126396918114,0,0,0,0,0,77.4642857142857,0,1,0,1,1,0,97,15.4326923076923,0,"censor",10.8794520547945
"2154","po7189",0,0,-0.0165248359302097,182,2.35807860262009,3.88606001519735,0.0580773426619391,0.858976024804282,12.8564033717377,0.903209012536661,0.800602463971217,1.31067554202447,0.496704116404768,10.5911186288027,4.25891417330168,3.72109967925675,82,1,26.5633558837211,0,0,0,0,0,157.428571428571,0,0,0,0,0,0,90,8.19587628865979,1,"censor",10.8109589041096
"2155","po7190",0,0,0.29027722152327,77,1.32225063938619,3.85232835426198,0.070730527794706,1.25416520175999,13.1118374721242,1.2997682273708,1.13066752621065,1.80329746542032,0.837368382254064,12.390660372818,3.98873027562953,2.97876574264006,76,1,28.9101389623412,0,0,0,0,0,101.178571428571,0,1,0,0,0,0,98,0.909090909090909,0,"censor",11.0767123287671
"2156","po7191",0,0,-0.217314565473519,113.5,1.74930362116992,4.18037087483202,0.0623123307353653,1.1558418994704,8.6912276783211,1.20934090064779,1.04547450958298,1.50120749176665,0.442597728713461,11.2951020953897,6.52190879643485,6.16077520757483,83,1,29.2672215945202,0,0,0,0,0,107.714285714286,0,0,0,0,0,0,93,22.2614840989399,0,"death",10.0356164383562
"2157","po7198",0,0,-0.48671665918269,141.5,1.34455445544554,4.94034551521204,0.0304443634431194,0.975075064277874,20.1763044854734,1.00198225272437,0.930791521853734,2.4711187285761,1.1476436563157,11.3264094946664,6.05530133785363,6.9867577630493,73,0,25.1022417250967,0,0,0,0,0,179.714285714286,0,0,0,0,0,0,98,3.79746835443038,0,"censor",10.8876712328767
"2158","po7201",0,0,0.339170214373659,113.5,1.29387755102041,6.68465390999625,0.124130787931801,1.13750651112041,9.41252620271334,1.1856466929171,1.0504783370649,1.84322194893395,0.611864293718619,11.5767850289899,6.83900943878312,2.09899761583665,69,1,27.9303928801038,1,0,0,1,0,218.5,0,1,0,0,0,0,98,18.9705882352941,1,"death",8.68767123287671
"2159","po7202",0,1,-0.0738430634825605,81.5,0.465568862275449,5.15702188677384,0.0392721030603664,0.948998007707864,14.5135380139878,0.969723216087901,0.885822910177565,3.22793358034296,0.0857425571972772,7.05148002386466,5.22438470709495,4.15966864298404,77,1,31.0357582116795,0,0,0,0,0,305.857142857143,1,1,0,0,0,0,92,3.32594235033259,0,"dementia",3.68493150684932
"2160","po7204",0,0,-0.804782509109479,232.5,1.29135338345865,4.46716555507806,0.090913723464927,1.92132405359905,15.3148212409937,2.33072604076765,1.73200720106076,2.77733860070608,0.86970564849137,9.55195363896143,6.50110431763103,4.46245900917372,78,1,26.1088799394802,0,0,0,0,1,182.928571428571,0,0,0,0,0,0,94,5.67961165048544,1,"censor",7.36438356164384
"2161","po7206",0,1,0.44995899304193,93.5,0.972927241962775,3.20427068655411,0.0417027107553244,0.613084617276498,13.4626853327049,0.625725725404296,0.588127271559234,1.4718584242493,0.42248694030428,7.48801540963173,5.87993121971322,5.11632404736457,71,1,24.4930446361069,0,0,0,0,1,60,1,1,1,0,0,0,92,4.82242990654206,0,"dementia",3.60821917808219
"2162","po7207",0,0,-0.0289201124125995,172.5,1.83018867924528,7.01248397693868,0.0258960286740228,0.88787800845023,14.5684549268196,0.903717387194632,0.838805814181444,1.8353933977186,0.420440913297907,12.95501793399,4.81363554130331,3.4234975129744,70,1,22.8603056776773,0,0,0,0,0,92.5714285714286,0,0,1,0,0,0,94,0.159151193633952,1,"censor",10.5890410958904
"2163","po7210",0,1,0.800037003628221,108,1.37142857142857,3.89869938711027,0.143385458364629,0.495722790078504,11.4736063868708,0.54891743102771,0.486275493969813,1.35654191482153,0.500810369265235,14.3016563772527,4.71608970123664,4.41856884689498,81,1,26.3023052978054,0,1,0,1,0,144.107142857143,0,0,0,0,0,0,96,4.52513966480447,0,"dementia",1.41643835616438
"2164","po7216",0,0,0.409706179346369,81,1.19230769230769,4.60467556180884,0.0750997302351299,0.907678321541083,15.0359714236766,0.969831797585463,0.865345272865961,1.84210254657399,0.767065386683719,10.3674562322179,4.86200574128771,4.50666231844666,70,1,29.6083440199749,0,0,0,0,0,189.357142857143,0,0,0,0,0,0,97,5.75079872204473,0,"censor",10.8986301369863
"2165","po7217",0,0,-0.34690717484203,241.5,2.71844660194175,5.59296652851424,0.0707722817687026,1.09324326603036,17.9172487026508,1.13102624511221,1.00729020761043,2.44683624175562,0.725813388558544,19.9116139092143,6.49185007469063,4.83058196118266,75,1,27.6977476116299,0,1,0,1,0,160.75,0,1,0,0,0,0,87,36.6857142857143,0,"death",7.48219178082192
"2166","po7218",0,0,-0.16226990355966,69,1.05785123966942,3.62373527268273,0.0494121069587763,1.11379010798115,12.4493171485294,1.1783302724628,1.04418733706801,1.60509476497659,0.977725294962688,9.05838620698781,4.46147690626427,5.24121218830338,83,1,22.5760520238371,0,0,0,0,1,176.607142857143,0,1,1,0,0,0,95,20.625,0,"death",6.4986301369863
"2167","po7221",0,0,-0.2792021107594,139,2.38349514563107,9.34732782315277,0.0676310406244837,0.747064978442875,11.5425998454422,0.784907593145905,0.69860732294658,1.06789513318708,0.381476936214329,11.8372280117526,6.2300282354711,4.10930860184956,72,1,23.5030678517251,0,0,0,0,0,110.964285714286,0,1,0,0,0,0,97,2.91105121293801,NA,"death",11.1150684931507
"2168","po7223",0,1,0.58220730653297,42,0.596658711217184,3.22543487415226,0.0817997589454145,NA,8.97984249357846,NA,NA,1.27439456237429,NA,5.51187709393266,3.91877794233067,NA,80,0,25.6418074034465,0,0,0,0,0,151,0,0,0,0,0,0,95,35.3757225433526,0,"dementia",10.9068493150685
"2169","po7225",0,0,-0.12814295377146,130,1.42562929061785,5.26928299360887,0.0522508019017515,0.993118141454493,10.397062247815,1.10150264197237,0.971082044056634,1.33888090244441,0.500375431831361,17.3132180239757,4.63067908304841,3.72539040117379,86,1,20.5065928216048,0,0,0,0,1,194.928571428571,0,0,0,0,0,0,99,6,0,"censor",6.83835616438356
"2170","po7227",0,0,-0.426672928599859,127,0.95703125,6.09995291299985,0.0277284780597526,1.10439869145863,12.7770332810445,1.13712586970815,0.974661577596495,2.19882317665928,0.492718034974597,13.0632061757719,8.80385156104434,11.2355248351802,71,1,23.4270492717004,0,0,0,0,1,225.464285714286,0,0,1,0,0,0,98,24.4262295081967,0,"censor",10.958904109589
"2171","po7229",0,0,-0.44186176166513,129,1.10726072607261,5.31362958100071,0.0749305278201186,1.39773282952417,19.7239034521419,1.46988476182218,1.30875756124823,2.14923294554643,0.829887241461241,6.10082972716607,5.32488480407415,4.0167595688495,73,1,31.3911975931967,0,0,0,0,0,163.5,1,1,0,0,0,0,93,64.0677966101695,0,"death",8.1972602739726
"2172","po7230",0,0,0.391629516773649,107.5,1.37529691211401,4.74312961621649,0.0406811857667079,1.04512023720559,9.56894229703879,1.09921105870094,0.973258152474493,1.40510678494233,0.452247465460597,10.5414488807983,5.32731709666823,3.32800361123922,70,1,29.8832288338866,0,0,0,0,0,226.607142857143,0,1,0,0,0,0,93,5.2887537993921,0,"censor",11.2767123287671
"2173","po7231",0,0,0.00267031504862984,170,2.68586387434555,4.75375685493687,0.0481075292679101,0.940095745826965,9.42592855759045,0.981412447816427,0.868561105292384,1.18498885050084,1.04266051897889,14.960912207424,5.72340100992536,5.12320288913285,76,1,27.0684488919825,0,0,0,0,0,144.214285714286,0,0,0,0,0,0,96,12.8571428571429,NA,"censor",11.4684931506849
"2174","po7233",0,0,-0.0373489720760602,94.5,1.49744897959184,4.62726795431611,0.0386807962943147,0.781304753069528,11.3471753675168,0.809836508963435,0.741522829031437,1.28329448829443,0.530410212229768,10.3538729254909,7.67402598556532,8.56976681998215,73,1,27.6659863951167,0,0,0,0,0,94.75,0,0,0,0,0,0,90,4.18994413407821,0,"censor",10.9616438356164
"2175","po7235",0,0,-0.66904555737336,116.5,1.16159695817491,6.86475742857215,0.040891674818541,1.2283784495382,16.4697023934039,1.26003164810765,1.13227326159827,1.82790064505812,0.853841448640282,10.9738992037184,4.97982361495998,4.59176188246478,79,1,26.1388127982797,0,0,0,0,0,60,0,0,1,0,0,0,98,2.61410788381743,0,"censor",7.35616438356164
"2177","po7248",0,0,-0.55996313659623,224.5,1.99395161290323,5.72854908513673,0.0386104231510237,1.03913243856495,10.018115389613,1.08580440412607,0.958284221724599,1.115179296418,0.414161800888911,15.8298716608805,8.32871407204492,4.55268741515893,79,1,26.681388932838,0,0,0,0,0,103.5,0,0,0,0,0,0,100,6.70391061452514,0,"death",1.51506849315069
"2178","po7249",0,1,0.05158462425225,124,1.3574144486692,8.33020246807953,0.07894412491703,0.882864636665747,8.77612737939807,0.925858910931099,0.788756998841599,0.766122583161083,0.61289827724635,7.51664903865595,5.40908725598405,2.86427102432359,71,1,25.4141696273049,0,0,0,0,0,132.571428571429,0,0,0,0,0,0,90,2.12264150943396,0,"dementia",11.3260273972603
"2179","po7257",0,0,0.335386783390931,80.5,1.32043010752688,5.40737127955882,0.0544227065896462,0.814626826025441,11.1697695864381,0.835019855764354,0.765416518883659,1.19757316329575,0.543165476646437,7.78046682778587,5.59239058505744,2.57800577137748,69,1,27.858992727541,1,0,0,1,0,144.928571428571,0,0,0,0,0,0,85,0.162162162162162,NA,"censor",4.10684931506849
"2180","po7258",0,0,-0.0732351855687597,180.5,1.93709327548807,9.08311598130936,0.054285827562399,NA,8.39786585585507,NA,NA,1.40419692056979,NA,25.3545764701737,6.90107616015379,NA,73,1,26.268161149915,1,0,0,1,0,210,0,0,0,0,0,0,84,4.04494382022472,NA,"death",5.76438356164384
"2181","po7261",0,1,0.172152415148069,264.5,2.66873706004141,4.24767056362955,0.0506345515330814,0.989053427649088,12.090447744948,1.07926554407785,0.920375134363801,1.79036784765259,0.708162711776404,16.8624462057846,5.41681271230903,3.72730280330647,73,1,27.0235061855526,0,1,0,1,0,262.857142857143,0,0,0,0,0,0,80,4.50402144772118,NA,"dementia",3.77534246575342
"2182","po7262",0,0,-0.413071945380371,135,1.8743842364532,4.71897732441845,0.0397181038429687,0.911539994527437,8.40161575852055,0.978518856757543,0.855078957204136,0.895205998618854,0.840427275021556,10.3930782920544,7.52439614930941,0.198810976840759,79,1,20.355593362351,0,1,0,1,0,95.7142857142857,0,0,0,0,0,0,80,4.08284023668639,0,"censor",10.6246575342466
"2183","po7266",0,0,0.23194566036011,151.5,1.94630872483221,4.99357564640119,0.0645148081435256,0.862405988567221,10.4162296598681,0.923391465066178,0.807776892629007,1.3025766221026,0.566375507006362,12.1915915438691,5.68736769608218,5.03916708508283,74,1,27.0716052924092,0,1,0,1,0,216.857142857143,0,0,0,0,0,0,94,17.4725274725275,NA,"censor",11.0109589041096
"2184","po7269",0,0,-1.47274837110316,321,2.1328125,4.4212831480294,0.0291828687458634,1.3151567268026,20.6433478712412,1.36011690313899,1.26997453355336,2.60514722730308,1.56770873934,10.282683850276,7.82758616847176,7.58311584616689,81,1,21.2244571545612,0,0,0,0,0,363.964285714286,0,0,0,0,0,0,87,1.77676537585421,0,"death",6.95342465753425
"2185","po7270",0,0,-0.629185870592011,247.5,2.37148217636023,5.38912276263382,0.0194567100846944,1.35137163560409,15.4079519630901,1.36752293212457,1.27796792605315,1.47879022511029,0.495938441542662,12.2808968397565,5.5911191372793,9.24690903495495,78,1,34.4264392971558,0,0,0,0,0,33.5714285714286,1,1,1,0,0,0,91,56.5263157894737,NA,"death",5.60821917808219
"2186","po7271",0,0,-0.374774367216079,111.5,1.37570621468927,3.6736974827662,0.0520349414599599,1.26856052813629,15.8719134088471,1.31845178595551,1.19744771112787,2.54332247808795,0.74462133138245,9.42167627977826,5.53883127845889,4.80225747389742,80,0,30.4631527143292,0,0,0,0,0,111.714285714286,0,1,0,1,0,0,89,3.49315068493151,0,"death",9.87671232876712
"2187","po7277",0,1,-0.00964729455553055,247.5,2.28600405679513,4.45653200975971,0.0628525451471493,0.964932203388686,12.3576171013261,1.00028677057833,0.903676098010088,1.96629329122574,0.88949333163999,12.671716978585,7.34433728296955,5.69408195026404,70,1,25.0069349947567,0,1,0,1,1,169.714285714286,1,1,0,0,0,0,88,2.95774647887324,NA,"dementia",10.9534246575342
"2188","po7283",0,0,0.0967569740776497,106,1.63966480446927,5.79329414126537,0.0693702439582935,0.889184689625372,12.0136377341925,0.930011043498689,0.823937371809103,1.12108512103762,0.485414252686439,15.5127376055003,6.36059024228072,6.45909444280425,75,1,24.8084594451408,0,1,0,1,0,78.2142857142857,0,1,0,0,0,0,85,3.67741935483871,NA,"death",2.31780821917808
"2189","po7285",0,0,0.62813393247549,90,1.11973392461197,3.68308511196623,0.137488137902897,0.657430923626339,11.3400884275221,0.729218179258367,0.645097779316825,1.38027687229414,0.898302744817549,9.55697624672271,6.39699988067172,3.67887804759598,74,0,29.1628966416968,0,0,0,0,0,124.214285714286,0,1,1,0,0,0,98,18.1294964028777,0,"death",5.67397260273973
"2190","po7288",0,1,-0.18863420991386,105.5,1.68010752688172,7.04874479470102,0.0794925715040377,1.34105210677756,10.2396037282804,1.41039268823623,1.18672675553188,1.41973988348867,0.488098580895728,17.5897174501109,6.76264687751814,6.29942291623451,76,1,22.2994792464432,0,1,0,1,0,91.0714285714286,0,1,0,0,0,0,88,1.05882352941176,0,"dementia",3.71780821917808
"2191","po7290",0,0,-0.76592684920504,160.5,2.06796116504854,4.45104050301397,0.0484576608227025,1.01898860769538,14.1686208410445,1.07107483730508,0.942759411912554,2.2392699835751,0.622115459120982,9.75907349462762,9.3021492951655,6.11205153888423,77,1,26.4973271040632,0,1,0,1,0,102.892857142857,0,0,0,0,0,0,93,45.5913978494624,NA,"censor",11.2958904109589
"2192","po7293",0,0,-0.553157374125659,85.5,2.65217391304348,6.32147388968195,0.0618468283705876,1.4027956008203,19.6335818045164,1.48294694900707,1.331970006741,4.26142009274406,1.55489636399412,10.7982726397911,4.35631155039681,3.27168978336764,71,1,28.1247885250863,0,0,0,0,0,86,0,1,1,0,1,0,97,15.5555555555556,1,"death",8.13150684931507
"2193","po7301",0,0,-0.0382752133969305,164,1.38306451612903,5.04798508783383,0.0497804255115194,1.13525679091073,17.4077983410369,1.19946466344881,1.02527376907749,2.72133052803337,1.0320699635934,12.840063664963,5.60470531399174,5.20999899112051,68,1,25.6100779398954,0,0,0,0,0,223.071428571429,0,0,0,0,0,0,99,30.6417112299465,1,"censor",10.9205479452055
"2194","po7302",0,0,0.0654884647265902,120.5,1.68407960199005,4.33522124752704,0.0498260147648306,0.929268475353426,11.1153328838352,0.97513119860911,0.866902177812899,1.26993432645474,0.678490151001212,11.5505036720643,4.56177096164538,4.44402720681992,80,1,23.7739344040192,0,0,0,0,0,226.107142857143,0,0,0,0,0,0,93,4.71544715447155,1,"death",9.46575342465753
"2195","po7307",0,0,-0.2610432848027,101.5,1.11422413793103,4.8934496863603,0.0435858297135206,1.35849316211418,11.1080869486269,1.4235148314477,1.2662923384652,2.09313589743851,1.05198595374525,9.13936295419371,7.59675711311201,6.50641723606028,70,1,28.8068577548149,0,0,0,0,0,212.214285714286,0,0,0,0,0,0,92,7.93103448275862,NA,"censor",10.9616438356164
"2196","po7309",0,0,-1.03584204610274,90.5,1.0093984962406,6.71609516093037,0.0638659116410975,1.17833193237841,13.7753280293784,1.21443256728048,1.05242621789173,1.64063828694903,0.59695377730717,9.11099847333599,7.68853218663737,6.76165955954631,85,1,24.0577162691349,0,0,0,0,0,129.821428571429,0,0,0,0,0,0,88,5.26912181303116,0,"death",4.87123287671233
"2197","po7313",0,0,0.334468781730899,163,2.16108786610879,3.40132666603203,0.103885453122217,0.750238065364365,17.6001525896017,0.783659801622179,0.721050723535674,1.97418866870004,0.48834868297116,13.0211560380131,5.62750332096224,6.54736675894565,75,1,21.6746988940977,0,0,0,0,0,181.285714285714,0,1,0,0,0,0,95,22.4050632911392,1,"censor",10.8794520547945
"2198","po7322",0,1,0.65536927292346,131,2.24074074074074,3.71762059926424,0.0751563799726409,1.05742493378066,10.0990499187598,1.20096335546586,1.01967255262031,0.910489679905908,0.280656659518947,11.4819412512326,4.37213522525362,3.656266816101,72,1,31.3552012642007,0,0,0,0,0,151.535714285714,0,0,0,0,0,0,96,3.63636363636364,1,"dementia",11.2109589041096
"2199","po7327",0,0,-0.11397977826972,84,1.17491749174917,7.7846776113746,0.069312903311408,0.981047966378095,15.6803233549432,1.02432938837112,0.890105522937062,1.94895462440657,1.40463043811567,6.94119013718976,3.22584291533671,3.49888846412852,71,1,26.4933611928552,0,0,0,0,0,106.714285714286,0,0,0,0,0,0,97,0.997229916897507,1,"censor",10.8191780821918
"2200","po7334",0,0,-0.0958262402987003,257,2.35494880546075,4.30490303923092,0.0654504380783052,1.1318576115212,20.0956883491008,1.1756239467771,1.07880184063842,2.34099300965882,0.47809242611528,15.7582791294865,5.12321931310668,5.97210936081252,74,1,29.995789825385,0,0,0,0,0,106.678571428571,0,1,0,0,0,0,100,0.151515151515151,0,"censor",10.8493150684932
"2201","po7336",0,1,0.50819363325131,130.5,1.06301369863014,6.40359808623016,NA,NA,10.0162270934192,NA,NA,1.09463031268692,NA,7.4457902181031,4.21770249032923,NA,69,1,22.3455643036063,0,0,0,0,0,163.857142857143,0,1,0,0,0,0,94,1.64383561643836,1,"dementia",3.60547945205479
"2203","po7343",0,0,-0.44469239112087,290.5,3.52755905511811,5.50543939772397,0.0318083824135345,1.0987216998262,11.665392350932,1.21173411155588,1.04000851745408,1.94316881443145,0.95743616153778,24.241126830461,7.67905809833783,7.12556605127197,75,1,22.7685012634043,0,0,0,0,0,66,0,0,0,0,0,0,100,0.743034055727554,0,"censor",10.9068493150685
"2204","po7350",0,0,-0.294793824530529,199.5,2.9131455399061,4.63226102154707,0.0480566568267526,1.135317432876,12.0235990326924,1.19089680699358,1.06305482215368,1.300010711912,0.755986872106451,14.4730351252692,6.03312703657353,5.99287879525239,78,1,32.037037037037,0,0,0,0,0,92.5,1,0,0,0,0,0,95,1.45161290322581,0,"censor",10.9479452054795
"2205","po7351",0,0,-1.22350919809624,289.5,2.99297012302285,10.2212531009549,0.045586007277682,0.834085454344041,12.963671127617,0.915382687030065,0.784432362052239,1.41714631379237,1.14324617174641,23.2591682231729,7.37273347304782,4.03415251436281,82,1,26.8221139586834,0,0,0,0,0,34.2857142857143,0,0,0,0,0,0,97,3.7410071942446,NA,"censor",10.9452054794521
"2206","po7355",0,0,-1.40397100139012,167,2.41104294478528,6.5800776706113,0.0377728773958001,1.00228865122247,19.8060373772343,1.03640114921596,0.933924829049289,3.28249325276003,1.36226050379047,19.7038715008948,8.79148394082633,7.43388652455603,82,1,22.7531212014165,0,0,0,0,0,102.857142857143,0,0,0,0,0,0,94,0,0,"censor",10.8493150684932
"2207","po7357",0,0,-0.28547594203193,116,1.1537037037037,4.32128292609636,0.0651210508679698,0.766265092592916,12.6200753401427,0.844820819704465,0.742397604281705,1.41944571710913,0.853359666146991,11.9891599538533,6.29285712579859,4.8341975699899,84,1,24.7669351535274,0,0,0,0,0,92.0357142857143,0,1,0,0,0,0,90,0.804289544235925,0,"censor",10.3917808219178
"2208","po7369",0,1,-0.93758000435548,160.5,1.41950113378685,5.78737655424042,0.0634159828265367,0.798352863017925,18.7149673493263,0.852626152837103,0.757562619195471,2.50096865247318,1.06504560925992,11.1860725520719,6.11404941772824,5.0732336074914,86,1,22.0092039094473,0,0,0,0,0,204.964285714286,0,0,1,0,0,0,93,8.86699507389163,NA,"dementia",3.78082191780822
"2209","po7372",0,0,0.2386610786742,61.5,1.07801418439716,3.1216667497598,0.0512351935422626,1.1250136557848,9.31983783733555,1.15850021064446,1.04715928545772,1.09828015151335,0.203404945158929,5.91637261787972,4.38896538317706,3.74788374437613,81,0,29.1807408099832,0,0,0,0,0,150.464285714286,0,0,1,0,0,0,98,13.5365853658537,0,"censor",10.8547945205479
"2210","po7373",0,0,0.0428292771665795,279,2.9153713298791,4.62864097869216,0.0401464189181323,0.590113617053619,9.83768797033012,0.663963964904604,0.562941350158899,1.07551329542577,1.3016199538487,14.7558304963595,4.07455734176359,2.36958238651171,79,1,31.24460500994,0,0,0,0,0,140.178571428571,0,0,0,0,0,0,99,0.861244019138756,0,"censor",10.8493150684932
"2211","po7375",0,0,-0.13807690371322,121.5,1.90123456790123,4.2360957800843,0.0598519992361356,1.12275940389859,17.319971950882,1.18425223971234,1.04381819007173,1.93427123351348,1.04575366089947,14.3632316519387,6.9096749673741,5.73949667731788,70,1,29.0732862477024,0,0,0,0,1,300.75,0,0,0,0,0,0,98,10.4819277108434,1,"censor",10.9561643835616
"2212","po7377",0,0,0.01613076951446,112.5,1.41828793774319,4.75799885439852,0.0828665374681435,1.0130789834761,14.1158713765165,1.11971186858527,0.95180332367861,1.37038399064235,0.449452238498451,12.9114293513105,5.38398972951954,4.34488682047474,79,1,31.7008267387045,0,0,0,0,0,129.678571428571,0,0,0,0,0,0,98,20.6153846153846,0,"censor",6.66849315068493
"2213","po7378",0,0,-0.19469101320871,231,2.08413001912046,5.94524810511701,0.048570541899944,1.06773519642849,14.2746065532019,1.15134722562015,1.00508136061203,2.36329584888897,1.3863848566609,8.78613921262055,4.79213393705602,3.02385732211836,69,0,28.7712470336143,0,0,0,0,0,121.285714285714,0,0,0,0,0,0,97,6.85279187817259,NA,"death",1.44383561643836
"2214","po7379",0,0,0.460293260681139,125,1.75990675990676,3.87847307399193,0.0736897138253397,0.827778727537412,9.31255120946927,0.892698390994038,0.796894496918381,1.44951594703761,0.658658606423987,13.7995529208183,7.43946502062407,5.05507874266756,70,1,29.2902366600801,0,0,0,0,0,197.785714285714,0,0,0,0,0,0,98,0.477453580901857,1,"censor",3.81369863013699
"2215","po7380",0,0,-0.5221958127123,129,1.18525519848771,4.90894310965138,0.0387430690641306,1.39839217707156,13.6657031770404,1.4865426814998,1.31458721773897,1.44156711854912,0.631384298485451,13.9035436985317,5.40089441912399,4.53840172701437,83,0,27.1421726869758,0,0,0,0,0,116,0,1,0,0,0,0,93,42.016348773842,0,"death",11.2438356164384
"2216","po7383",0,0,-0.25789859643743,106,1.10831234256927,5.80586222448729,0.0601447089443701,0.586294532217707,16.7821051024114,0.605726957724827,0.561661598228367,2.25828337830553,1.08109410331025,14.2714171061318,6.0698566470203,5.71444035399608,78,1,29.4230672501383,0,0,0,0,0,346.821428571429,0,0,0,0,0,0,85,18.3932346723044,2,"death",3.44657534246575
"2217","po7384",0,0,0.19268289380304,167,2.26483050847458,2.97416325561638,0.0718077995002065,1.18296424192616,9.77595826029698,1.24383066417067,1.08934213810235,1.25546469479383,0.923219604159295,13.0845544940257,5.77833276277365,7.44833800111335,77,0,26.0054795384159,0,0,0,0,0,99.4285714285714,0,0,0,0,0,0,90,14.3589743589744,NA,"censor",3.79178082191781
"2218","po7386",0,0,-0.0242116040862896,103,1.64285714285714,6.78706266289441,0.0816496913171464,1.04750846619525,14.2292703286004,1.08697050343025,0.981045602479606,1.84055506364863,0.839221169226827,10.8181624111912,4.22317651184822,5.14106563080609,75,1,23.2078897502039,0,0,0,0,0,180.357142857143,0,0,0,0,0,0,86,13.7671232876712,1,"censor",10.8547945205479
"2220","po7390",0,0,0.0409021019772894,118,2.43037974683544,5.80700900691362,0.0825762902309852,0.893232658246628,15.5012920448066,0.943196027301394,0.861207903863183,1.77694054693564,0.501690941497974,15.2658087834239,4.75362375833973,4.05709689183486,77,1,29.6565325673909,0,0,0,0,0,143.142857142857,0,0,1,0,0,0,98,9.46308724832215,NA,"censor",10.9342465753425
"2221","po7392",0,0,-0.12526639642081,38.5,0.476772616136919,2.59209627386539,0.0966464128562668,0.970259985538933,24.8300881356773,1.06489020952165,0.926052806203858,2.53586894425329,0.986350356613969,4.60544850292743,4.81721147387171,3.81657307350971,76,0,38.5551451309716,0,0,0,0,0,121,1,0,0,0,0,0,92,14.6938775510204,NA,"censor",3.84383561643836
"2222","po7394",0,0,-0.0449133027329594,121.5,1.69444444444444,3.46343127677989,0.106325473210412,1.19386604640938,18.6801908172279,1.35135718934991,1.12005107233026,2.41320386506731,1.56144940184203,15.4308421541451,5.14337862048913,4.32971271609265,76,1,26.8136501005207,0,0,0,0,1,158.5,0,0,0,1,0,0,98,0.192307692307692,NA,"death",8.36164383561644
"2223","po7395",0,0,0.0451108907573996,247.5,2.76923076923077,5.17013731847417,0.0583423626960194,0.911543475027211,14.3666328971493,1.00419332112976,0.843640156977882,1.87218757956629,0.990767051468227,13.7768758183451,4.92928631220737,4.44179955897299,71,1,23.4892144702668,0,0,0,0,0,199.357142857143,0,0,0,0,0,1,99,7.19298245614035,0,"censor",11.0164383561644
"2224","po7397",0,0,0.145038842364259,60.5,1.54970760233918,3.78030358385061,0.0363818945362093,0.930107807788261,8.38346650992787,0.962813182844819,0.84078729590414,1.03877182981816,0.672361852330997,13.0414669750737,6.39014477979539,4.96617117462411,77,0,21.1182549330156,0,0,0,0,0,68.7142857142857,0,0,0,0,0,0,92,22.3529411764706,NA,"death",11.1205479452055
"2226","po7401",0,0,-1.27344697687762,48.5,1.26553672316384,5.91297316738827,0.0292082254595988,0.655035038471705,17.7487889333347,0.682711557294583,0.629100855681362,2.91319762597511,1.49051554188504,13.566430218725,8.19299646987024,6.00219024937127,86,0,23.5559297745432,0,0,0,0,0,57.5,0,1,0,0,0,0,84,17.2727272727273,1,"censor",1.45205479452055
"2227","po7406",0,0,-0.9766921785726,257,1.71590909090909,5.57837267657745,0.044555887820072,1.00536045618659,14.2015849100271,1.0574668012228,0.922399881761562,2.66909114180694,0.585496970587157,13.4159408905384,9.14019660893664,7.98521228434531,81,1,25.7265423527078,0,0,0,0,0,224.678571428571,0,0,0,0,0,0,96,7.57142857142857,0,"censor",11.0657534246575
"2228","po7412",0,0,0.218836654798641,97.5,1.23741007194245,5.97777886854281,0.067610373696435,0.795435056887785,12.948081802461,0.8265117120864,0.746441062663402,1.70885234672161,0.556121362300043,7.44280306797946,4.87525620288608,4.74190943621182,72,1,26.588717135685,0,0,0,0,0,177.892857142857,0,0,0,0,0,0,99,4.78359908883827,0,"censor",10.9671232876712
"2229","po7413",0,0,-0.19776395369902,125.5,1.68157894736842,5.67188683547704,0.0642362622403276,1.47005109647685,17.4090784362301,1.5434979607435,1.33922865795949,1.92270614244862,0.730108699952317,8.34717157104297,4.32090677860843,4.05692901879915,71,1,28.1110043934092,0,0,0,0,0,130.857142857143,1,1,1,0,0,0,94,1.68067226890756,0,"censor",10.9534246575342
"2230","po7415",0,1,-0.30811595512338,155,1.87135922330097,4.11988909626755,0.0528577338459235,1.33120634886215,16.5606327815483,1.38270781404783,1.23194986648082,1.6077575340653,0.96234558780418,10.3430137432743,4.75894088075622,5.88549090319979,77,1,20.898205830804,0,0,0,0,0,111.714285714286,0,1,1,1,0,0,98,15.8241758241758,0,"dementia",1.43287671232877
"2231","po7416",0,0,0.00303027667994939,209.5,2.51901565995526,4.81290486456473,0.054779967184399,0.953345180735557,14.1181861947035,1.03215429455536,0.867661771914395,2.32952181151136,1.14774660819703,17.2084719556098,6.38135470647502,5.58233745954424,70,1,30.6797428705875,0,0,0,0,0,254.285714285714,0,1,0,0,0,0,96,6.63461538461539,NA,"censor",10.8575342465753
"2232","po7417",0,1,-0.98354795863813,79,0.775051124744376,7.90053828791612,0.0349468666023598,1.57034747464444,17.0698761505412,1.62711569839452,1.41754860208532,2.80358539513282,0.905381585685089,8.84960840449991,5.35274010026568,5.23917207490817,77,1,19.6846353260564,0,0,0,0,0,143.142857142857,0,0,0,0,0,0,96,5.93406593406593,NA,"dementia",7.34246575342466
"2233","po7418",0,0,-0.555424295029699,122.5,1.29750479846449,5.31977895644294,0.0589593093588179,1.82281087582259,12.3567019111061,1.92239045015413,1.5939544052006,2.11924874698042,0.58958020324398,11.3897989030254,7.42464801815457,5.67165299954168,74,1,25.6750434922445,0,0,0,0,1,94.5714285714286,0,0,0,0,0,0,94,25.8031088082902,NA,"censor",11.1178082191781
"2234","po7420",0,0,-0.56815406710643,218.5,2.22098214285714,5.07463535292027,0.0324559164254903,1.13446943068688,11.8712298614264,1.17003281805347,1.04124956550317,2.09833618407579,0.867823245146981,10.4588677452791,7.48619087516288,6.06842668048087,75,1,23.2656303994923,0,0,0,0,1,161.607142857143,0,0,0,0,0,0,97,2.47787610619469,0,"censor",10.5506849315068
"2235","po7431",0,0,-0.41488310950116,92.5,1.96666666666667,4.81408982622873,0.0630091060308942,1.08883241362942,20.3515441444833,1.18033958204393,1.00141260918324,2.98502941894577,1.79851941234993,16.076484917648,7.21739488272055,10.2714622972407,69,1,22.7271263235204,0,0,0,0,0,200.928571428571,0,0,0,1,0,0,90,6.17647058823529,NA,"death",2.7013698630137
"2236","po7432",0,0,-1.02358743853686,265,3.037109375,10.2829379577728,0.103698413111517,1.22247208031269,13.6590213100634,1.30862320740652,1.11211804445612,1.96712077700821,0.956341221041979,17.2327322162598,8.20520985993551,8.18668936857763,75,1,26.1635303961816,0,0,0,0,0,226.678571428571,0,0,0,0,0,0,90,3.69230769230769,NA,"censor",10.9232876712329
"2237","po7433",0,0,-0.0260940398805602,68,0.830472103004292,3.79591076630369,0.0341398123652319,0.766343933532765,13.9476049616116,0.793721988395891,0.726483411634865,1.2948752273357,0.951698807340831,6.13908976289782,4.68967369520178,5.02819241900085,78,1,35.5314107811548,0,0,0,0,1,175.392857142857,0,1,0,0,0,0,98,4.35,NA,"death",10.3808219178082
"2238","po7435",0,0,-0.0234728328280895,98.5,0.928421052631579,4.46028755655755,0.029399718568916,0.730188734988207,15.2101726319708,0.74991939733775,0.687143086866729,1.48651295268483,0.441096573806971,9.76729223133024,3.33828684844028,5.03068542075493,83,0,28.4860875048273,0,0,0,0,0,178.964285714286,0,0,0,0,0,0,94,16.8695652173913,NA,"death",8.98904109589041
"2239","po7441",0,0,-0.236691069092289,41.5,0.481054365733114,5.07442602503213,0.0592168776730864,0.807503152175422,12.0070678097525,0.871502887683972,0.713507355226995,1.70437839721755,0.920220426652508,7.74376239488951,4.71590858057051,1.97416864873168,84,1,39.0327552593167,0,0,0,0,0,40,0,0,0,0,0,0,89,26.2337662337662,0,"censor",5.20547945205479
"2240","po7442",0,0,-1.22871947593676,138.5,1.12919463087248,4.64838866951052,0.0490025450207741,1.1700750210233,23.1207883605811,1.22628277805732,1.05083344396359,4.86373367240181,2.64126724300437,11.9758351252282,6.62786362096646,5.15172396446905,78,1,24.1037591507191,0,0,0,0,0,144.5,0,1,0,0,0,0,99,4.61538461538461,NA,"censor",10.5534246575342
"2241","po7446",0,0,-0.235646314646419,92.5,1.30878859857482,3.32178589437736,0.0359331569451012,0.743093398642415,14.6995879760352,0.780811214505651,0.716312457816238,1.42150006775098,0.633917200874817,8.57950501645931,4.38466959829925,4.59093047937045,86,1,22.9469467467054,0,0,0,0,0,224.5,0,1,1,0,0,0,80,4.04145077720207,NA,"death",9.32328767123288
"2242","po7450",0,0,-0.0926572578498394,150,2.46990291262136,5.77209798277977,0.0705452407998516,1.4226846712394,19.0418776455267,1.49070637980802,1.36130444260844,2.39740542570526,0.496496882978154,14.2095479575847,4.17801541061201,0.994974906533437,71,1,27.7810171687723,0,0,0,0,1,157.75,0,1,1,0,0,0,97,0.542168674698795,NA,"censor",11.1205479452055
"2244","po7460",0,1,0.34110440631167,46.5,1.37378640776699,4.56181478901566,0.102020870101335,1.42248931894826,13.2090423546037,1.53698732731271,1.23011796287612,1.43358923145851,0.413372218089795,10.910175321725,4.34257384474977,2.87261523460133,74,1,25.4677522197404,0,0,0,0,0,132.285714285714,0,1,0,0,0,0,99,8.11475409836066,NA,"dementia",10.8328767123288
"2246","po7462",0,0,-0.30693822466456,174.5,2.43890274314214,4.70241498392318,0.0478730354552457,1.22169572420584,11.2243652696306,1.29889662661817,1.06479534743083,1.67243231177767,0.555356548233125,13.1806182666756,6.23021591981363,5.49130635486378,78,1,27.40682888937,0,0,0,0,0,87.5714285714286,0,1,0,0,0,0,93,18.3870967741935,NA,"censor",10.8547945205479
"2249","po7470",0,0,0.457253159759721,116,1.0359168241966,3.48778004164179,0.0548197128432389,0.682544752952598,13.3915748514124,0.725166177806768,0.639157883974102,1.15026685302627,0.588725333621107,9.16485556986642,3.03644433811101,2.52961496799503,79,1,25.4547862393367,0,0,0,0,0,27.1428571428571,1,0,0,0,0,0,96,5.60606060606061,NA,"censor",10.7041095890411
"2250","po7476",0,0,0.46262968953812,95,1.51764705882353,3.67627095631722,0.0668792653617969,0.666463526023644,11.4011357420764,0.696655087126797,0.63750124803157,1.04523503635406,0.496492249865504,8.55040771860734,6.81420458357494,6.07735751166235,70,1,32.9114882681161,0,0,0,0,0,123.357142857143,0,1,0,0,0,0,97,14.6865671641791,NA,"censor",10.7287671232877
"2251","po7479",0,0,-0.696274759740059,117,1.36065573770492,4.14698855772241,0.0471471834832267,1.72793898607614,19.6548835751189,1.85009207461603,1.51381974167314,2.99442025378065,1.37690829132264,9.86479941555315,5.03954428176961,4.63488426706613,75,1,31.0142489291825,0,0,0,0,0,88.5714285714286,0,1,0,0,0,0,97,4.85549132947977,0,"censor",6.49315068493151
"2252","po7481",0,1,0.0696927025298507,163,2.03712296983759,4.10937090454543,0.0490704471837051,1.12721950273523,11.9146257105933,1.18545470773325,1.06928725810689,1.44012524462142,0.292742551458694,11.5899648434433,6.07937770553979,4.65021986349859,74,0,27.8148935274809,1,0,0,1,1,147.5,0,1,0,0,1,1,91,21.7582417582418,NA,"dementia",5.38356164383562
"2253","po7484",0,0,-0.0824310961836602,76.5,1.22792022792023,4.14804841550808,0.047357545125572,1.07095283084583,17.5338831845138,1.09645863759875,1.02529138465097,0.997937977728307,0.230838318205276,9.73961814952592,4.74073169341536,4.27749454560604,78,1,27.7797459202377,1,0,0,1,0,90.3928571428571,0,1,0,0,0,0,93,0,0,"death",9.99452054794521
"2254","po7486",0,0,0.33398816453298,162.5,1.74851485148515,4.22579913445765,0.0530325007435064,1.1453688854949,11.8382325752286,1.18637097126591,1.07249547954522,1.09168607520288,0.606282294203152,13.447617286831,4.93807627006395,3.62578841740749,72,1,29.0675174792098,0,0,0,0,0,289.035714285714,0,0,0,0,0,0,92,7.17391304347826,NA,"censor",10.7369863013699
"2255","po7487",0,1,-0.83457201007641,216,1.85598377281947,7.35842286884613,0.0257936677656908,0.825459755823382,11.1980294605467,0.848977709562391,0.754875437414867,2.11953261167537,1.11195865856812,11.3353276132166,7.89614278275991,5.14967115696305,76,1,25.3850767615015,0,0,0,0,0,156,0,0,0,0,0,0,86,0,NA,"dementia",10.3534246575342
"2256","po7488",0,0,0.0130942115578307,183.5,2.43080939947781,4.02883274289894,0.0362347029008348,1.44002475712646,10.0841406339566,1.52728330551289,1.29687590993792,1.4411826234727,0.709642883741839,13.867156017034,5.4451042075947,4.43154943088796,73,1,29.9722691353391,0,0,0,0,0,154.535714285714,0,0,0,0,0,0,96,11.5642458100559,NA,"censor",10.8547945205479
"2257","po7489",0,0,0.12788396800559,229,2.9273607748184,5.0826287153495,0.083237019120713,1.09694344208919,14.3654141074983,1.1552347583598,1.04623207461871,1.9100804992446,0.747498081381415,15.7339195520263,6.32817149019353,6.26517252443063,69,1,23.3787958628144,0,0,0,0,0,299.714285714286,0,0,0,0,0,0,97,5.24590163934426,NA,"censor",3.80547945205479
"2258","po7491",0,0,0.74407583463026,40.5,1.28048780487805,5.21703741483482,0.0425298569785306,0.988071877416807,11.6845423409328,1.05258927191194,0.956997202534085,1.77782820734212,0.615513449468859,15.6291217833253,3.3234488058143,2.8999925545773,69,1,26.6221403826348,0,0,0,0,0,96.3571428571429,0,1,0,0,0,0,97,3.46938775510204,0,"censor",5.68219178082192
"2259","po7492",0,0,-0.0400314979834206,90.5,0.875717017208413,6.86820685100231,0.0298015822408813,0.564225835507562,14.3286710662087,0.575710145758778,0.528544878007571,1.38048557702931,1.2538735421626,5.44591148477425,2.6982536400533,3.11014752945212,75,1,33.7549716914495,0,0,0,0,0,148.25,0,1,0,0,0,0,91,3.22946175637394,NA,"death",8.05753424657534
"2260","po7493",0,0,0.0616955301269002,150,1.57525773195876,3.6430932376347,0.0592610735088116,1.16913525336756,20.4596390090197,1.24831990208058,1.08826700305629,2.11617043139796,1.1010099285383,10.3117159157165,4.68095829829578,3.47706940604112,68,1,27.5195431755833,0,0,0,0,1,184.5,0,1,0,0,0,0,100,14,NA,"censor",10.8986301369863
"2261","po7494",0,0,0.34835797928429,83,1.28683693516699,3.47572773588961,0.0813323267328271,0.769294132548372,12.4979763086712,0.836145833812886,0.71394253530445,1.40059897950565,1.14504550037861,12.9337425335631,4.20349892030953,4.34286501659873,80,1,26.5069270653379,0,0,0,0,1,34.6428571428571,0,1,0,0,1,0,98,6.5625,NA,"censor",10.8493150684932
"2262","po7496",0,0,0.67554144933554,138,2.3490813648294,8.35524683386209,0.0754881382539344,0.775521794792362,6.8501165767395,0.804772618576897,0.741766745386442,0.767849339376135,0.370951414255449,15.0542531354528,4.093985173463,3.09718673996708,68,1,28.2326537952052,0,0,0,0,0,22.3571428571429,0,0,0,0,0,0,99,3.60655737704918,NA,"censor",10.2219178082192
"2263","po7498",0,0,0.78023757930831,35.5,0.66804979253112,1.80129335683088,0.0799709070397639,0.722761299333146,11.1825742287519,0.846084596464906,0.637310263101599,2.2074480138453,2.01945755261222,4.60259237786844,2.98211039444089,1.18825271447587,72,0,29.8781060851294,0,0,0,0,1,134,0,1,1,0,1,1,91,8.57142857142857,NA,"death",6.2
"2264","po7499",0,0,0.416809514621851,75,1.21875,4.88417095076563,0.0546269052844661,0.753074116549464,16.0537028382557,0.777729250817299,0.710126503746359,1.71275903327161,0.874500676291552,8.64692326668321,4.60493873693735,5.19117411974188,67,1,26.0227582614975,0,0,0,0,0,165.964285714286,1,1,0,0,0,0,93,1.80722891566265,NA,"censor",10.8328767123288
"2265","po7500",0,0,-0.30758180596215,91.5,1.12093023255814,5.34500736585555,0.0634154074083879,0.906436327213919,15.8433668132152,0.974607568715076,0.855002878565275,1.91995556237843,0.787946350476553,12.5701894697099,7.84172227442364,3.53829805030281,73,1,27.6695534976518,0,0,0,0,0,137.428571428571,1,0,1,0,0,0,93,12.4137931034483,0,"censor",10.9041095890411
"2266","po7503",0,0,-0.136653435704579,92.5,1.16272965879265,4.88035283266487,0.0516159741587376,1.28387699526692,15.9518302623683,1.35767672198753,1.18786822852446,2.97809073603046,0.748260451771627,8.02885772340181,6.35926509121937,3.52070423573932,68,1,26.5867577508042,0,0,0,0,0,38.25,0,0,1,0,0,0,96,4.31137724550898,0,"censor",10.7808219178082
"2267","po7504",0,0,0.381669351787239,106.5,1.0635593220339,4.44678887301135,0.0582209831775927,0.643675510232954,14.5978628763581,0.731421119010989,0.646751203639086,1.73186096988672,0.530469176421133,9.87418874893484,5.63489808675385,2.97766113039734,70,1,30.813662694839,0,0,0,0,0,171.464285714286,0,1,0,0,0,0,95,5.75581395348837,NA,"censor",2.81643835616438
"2268","po7505",0,0,-0.16298728903117,158.5,1.86652542372881,4.66850280730006,0.0706858498702416,0.936170272754639,15.3882061122043,1.10137741707105,0.919369592608133,1.73106393893239,3.58710470449285,17.0287245367022,4.80174478550852,3.6919591487891,82,1,25.0280256102071,0,0,0,0,0,173.178571428571,0,0,0,0,0,0,93,26.353591160221,NA,"death",10.7698630136986
"2269","po7508",0,0,-0.20595312909083,311.5,2.51745068285281,4.82366140424493,0.0359009901047652,0.951819370457815,16.6698737609958,1.01039373248343,0.915853094474518,1.83115729968949,0.578394445232908,12.1045863004829,6.16518032154772,5.12187613338378,70,0,32.911002861712,0,0,0,0,0,271,0,1,0,0,0,0,96,2.67961165048544,NA,"death",5.19452054794521
"2270","po7512",0,0,0.273972740473781,84.5,1.48295454545455,4.93199123031562,0.0654060021077192,0.906378466774371,10.4044411122152,0.944830008465337,0.865638377354399,1.75290222983836,0.844510044546772,12.2419938598795,4.8229068545754,3.80184278974525,76,1,24.0994327333724,0,0,0,0,0,151.428571428571,0,1,0,0,0,0,93,6.06271777003484,NA,"death",5.05205479452055
"2271","po7513",0,0,0.09528356763593,88,0.960079840319361,3.59312589855751,0.0793548399818894,1.12198878081869,19.5410795140415,1.18960252119454,1.04961070267696,2.72767601170512,0.955054340340501,9.89793044044021,4.74120823929817,4.33946089443969,73,1,30.1422518653236,0,0,0,0,0,98,0,1,0,0,0,0,98,6.46370023419204,NA,"censor",10.7835616438356
"2272","po7514",0,0,0.41022939547467,84,1.30283911671924,4.14985897400216,0.062717455307974,0.773683274220467,11.9804694594248,0.808370688340188,0.735904819244347,1.47058552870773,0.829853289566051,6.15205267435889,5.29415055304144,4.40742457943429,70,1,30.1433012815468,0,0,0,0,0,62.7857142857143,0,1,0,0,0,0,96,3.6734693877551,NA,"censor",10.8
"2273","po7516",0,0,0.35200884936187,222,2.01147227533461,3.80844026729758,0.0466637379735052,0.901808380008238,17.6100877346463,0.947985329115999,0.863125764492337,1.90786967354714,0.749832151951247,11.787078652914,3.91785300394743,3.89072150444244,69,1,32.8510055833234,0,0,0,0,0,271.357142857143,0,1,0,0,1,0,92,24.6965699208443,NA,"death",4.56164383561644
"2274","sd8007",0,0,0.0391928756647204,188.5,1.74778761061947,5.11724556995503,0.105925155769865,0.820147338994472,19.4081251152493,0.861058049593829,0.770558868455868,2.11291892388465,0.880443436774537,12.8846050326522,4.96687965800535,5.25895352871623,75,1,24.5896476236127,0,0,0,0,1,207.464285714286,0,0,0,0,0,0,100,9.32330827067669,2,"censor",3.09041095890411
"2275","sd8010",0,1,-0.2352919363176,88,1.08212560386473,4.11700702041751,0.0787675503310629,0.903029433604908,12.6965286977874,0.993875353968648,0.834430387721987,1.81861468718668,0.740519167914201,9.68204706664378,7.30306046266443,6.5907812660038,80,1,18.678879608865,0,0,0,0,0,300.071428571429,0,0,0,0,0,0,86,4.67065868263473,1,"dementia",1.12876712328767
"2276","sd8011",0,0,-0.2499327127065,260.5,2.84046692607004,4.59438629370956,0.0404217255903694,1.28403606289454,13.1597007534238,1.33169235771994,1.19759775202265,1.42051540903011,0.536577139802276,15.6700192929848,6.05570872827243,4.62458522468382,75,1,22.804340809559,0,0,0,0,1,179.571428571429,0,0,0,0,0,0,99,5.83783783783784,0,"censor",10.358904109589
"2277","sd8012",0,1,-0.57117739757747,212.5,1.78894472361809,4.21377684022815,0.0341010768508563,0.771523509515055,19.3035250844511,0.796566997795179,0.730844224709033,2.32348093253953,0.856070304153788,14.0652373250645,5.30999632179621,4.4551752342108,83,1,24.9398113463235,0,0,0,0,0,146.714285714286,0,0,0,0,0,0,95,25.0515463917526,1,"dementia",1.59452054794521
"2278","sd8015",0,1,0.66201264132991,53,0.939393939393939,3.69871825237156,0.066279306406868,0.650523986482815,12.1331297502263,0.673997371961719,0.621468609609538,1.24457236595035,0.794302421143785,8.54877459991125,3.54632021746587,3.61172455637434,75,1,25.6024912337122,0,0,0,0,0,187.428571428571,1,0,0,0,0,0,85,6.63157894736842,1,"dementia",4.76164383561644
"2279","sd8019",0,1,0.375972959978201,165,1.72868217054264,4.3669413929875,0.0689521809760381,0.845736804402308,16.5742964656582,0.907622504437011,0.766665695703622,1.80276131202097,0.943463454495751,12.1604318787382,3.09439230460608,1.79713723260861,73,0,29.8186097640811,0,0,0,0,0,204.214285714286,0,1,0,0,0,0,96,13.368700265252,NA,"dementia",1.16164383561644
"2280","sd8020",0,0,0.22772806906099,186.5,2.88077858880779,5.36530660283502,0.035141340921701,0.839742453792352,9.54231890853312,0.912001987229766,0.79478395988721,1.16529655288887,0.445027763363494,20.6479355312063,4.18128474473355,4.45619629334721,79,1,29.0741191642093,0,0,0,0,0,71.4285714285714,0,1,0,0,0,0,91,8.91428571428571,0,"death",6.98356164383562
"2281","sd8023",0,0,-1.01341539505714,227.5,2.49581589958159,12.0704548338121,0.057581228201233,0.923502683295057,14.8527259636284,0.956088164689815,0.869517361293891,1.97186438124941,0.128181531359642,12.4055913037188,8.44962386152911,8.07193350752174,69,1,28.5350660155837,0,0,0,0,0,263,0,0,0,0,0,0,95,0.16260162601626,0,"censor",12.158904109589
"2282","sd8024",0,0,-0.474237405019591,133.5,1.35214446952596,4.32615059336552,0.0460794718809434,0.857468952901586,19.4286356965499,0.888030149247329,0.832769208492939,2.19554642839617,0.832556785544328,12.9641514047157,6.09628301062465,6.47468582710926,80,1,24.5193992368021,0,0,0,0,1,82.1428571428571,1,1,0,0,0,0,84,1.52112676056338,2,"death",8.63013698630137
"2283","sd8026",0,1,-1.27547417580409,205,1.58426966292135,6.46270370128851,0.0336107319889808,1.24886870245163,15.7324959178273,1.39211026687029,1.09416394126727,3.4098412499663,2.88261651245591,11.8068567410947,10.3305577735835,9.44952795331114,73,1,22.0754789419127,0,0,0,0,0,163.571428571429,0,0,0,0,0,0,94,8.64406779661017,0,"dementia",7.64657534246575
"2284","sd8027",0,0,-0.68647556279186,277.5,4.10301507537688,9.35533135354654,0.0570291491608797,NA,13.207408860811,NA,NA,0.791774287821178,NA,18.8061371690192,4.35833701787805,NA,79,1,21.5609398113905,0,0,0,0,1,281.678571428571,0,0,0,0,0,0,93,0.237154150197628,0,"censor",11.8054794520548
"2285","sd8031",0,1,0.145026729577209,74,1.54761904761905,3.5968243150348,0.0886407219993808,0.891669231756722,13.3510454180881,0.952915311548082,0.822501077054532,1.32348300852145,1.06245420025536,8.87827501351691,3.40929232720532,3.36606275427818,83,1,28.4357888677354,0,0,0,0,0,46.4642857142857,0,0,0,0,0,0,92,17.8947368421053,0,"dementia",7.51506849315069
"2286","sd8033",0,1,-0.750846169319649,66.5,0.42530755711775,5.83522796742144,0.0896867029403806,1.11513378904167,20.8546360542819,1.18232347296023,1.00021093728881,3.48426020597635,0.824319707298685,12.1554884639306,5.71907720292814,5.5859028229747,85,1,22.9220931758611,0,0,0,0,0,7.82142857142857,0,1,0,0,1,0,90,36.2467866323907,0,"dementia",0.545205479452055
"2287","sd8034",0,0,-0.45096739292521,174,1.82306163021869,4.0870681186741,0.0361409599290892,1.17184386863324,13.7813100212972,1.22683300114577,1.11737059903484,1.52911301576389,0.202914902074176,12.2675142574425,6.15025973575277,6.76398536963107,83,1,33.2524164555018,0,0,0,0,0,122.25,0,1,0,0,0,0,91,4.58015267175572,0,"death",9.04931506849315
"2288","sd8036",0,0,-0.86612831162779,165.5,2.30057803468208,8.61401052063416,0.0679305937212027,1.02174288619006,19.9535557047693,1.05552313689015,0.965118911188389,2.03629816200544,0.859573898385867,12.8666701419502,4.67203907344568,2.87372776971784,79,1,29.7888546234771,0,0,0,0,1,162.357142857143,0,0,0,0,0,0,98,21.7867435158501,0,"death",10.9561643835616
"2289","sd8038",0,0,0.0519690199392201,359.5,3.76780185758514,5.12976330884726,0.0462423037729608,0.777491677911108,15.3034059377643,0.812454156847319,0.738369034188215,1.20105669806662,1.19710565399584,19.8097055794998,5.36679378755952,5.70462021513767,69,1,32.2459759901069,0,0,0,0,0,182.071428571429,0,1,0,0,0,0,100,3.75,0,"censor",11.441095890411
"2290","sd8042",0,1,-0.33813905177399,93.5,1.38906752411576,9.85263038437271,0.104771597632543,0.980733681108012,14.7412287318769,1.07012303950677,0.91441126534952,2.67084342072495,0.747249672565872,16.5956199768781,6.96292287672276,3.95920989968903,71,1,24.0889857762067,0,0,0,0,0,154,0,0,0,0,0,0,100,3.01075268817204,1,"dementia",1.17260273972603
"2291","sd8046",0,0,-0.00361405200824975,84,1.26178010471204,6.63716555682262,0.0379811900492516,0.997588161305146,12.1412415724793,1.03265772551321,0.904169185509572,1.03770240088151,0.457387588921553,7.22484915848071,4.25263188663425,3.08325784497735,73,1,24.0856307712699,0,0,0,0,0,190.964285714286,0,0,0,0,0,0,98,1.60237388724036,1,"death",1.62465753424658
"2292","sd8048",0,0,-1.01709478193882,163,1.57317073170732,6.22226906396791,0.0567327044712364,1.49666507806143,22.4854298281029,1.58532935515486,1.3599801963436,3.43082442370768,2.0014725586361,10.2735643563391,5.91812353197412,4.8181569647125,71,1,27.9301569970679,0,0,0,0,0,210.142857142857,0,1,0,0,0,0,97,5.07288629737609,NA,"censor",10.3013698630137
"2293","sd8049",0,0,-0.60844705971148,223.5,2.30952380952381,4.6671872591455,0.051751723640875,0.924951960643615,15.548087869774,0.970468283820098,0.870365772301291,2.04638485100862,1.05872120532063,15.0271153143313,5.51657224659594,7.11945243581459,85,1,24.740073685894,0,0,0,0,0,144.642857142857,0,0,0,0,0,0,97,10.6194690265487,1,"death",5.25479452054795
"2294","sd8050",0,0,-0.83723297514516,113,0.911714770797963,4.29071649381919,0.0542262660136472,0.95026217020662,18.9921514998973,0.987541393964724,0.897016663560502,3.49950864182216,0.843935273019067,9.23144985533031,8.67652329126577,7.61267295513352,79,1,24.3623620246997,0,0,0,0,0,161.071428571429,0,0,0,0,0,0,97,3.52941176470588,NA,"death",5.56438356164384
"2296","sd8055",0,0,-1.29828397255626,146,2.07692307692308,5.4659802564918,0.0272202141274788,1.61074832613153,15.3192362364424,1.69006333374206,1.4640622329847,2.91134440207528,0.87753076246624,12.9346322761872,8.32408575264659,7.3012567623459,81,1,24.7505126983359,0,0,0,0,0,24.8571428571429,0,1,1,0,0,0,100,1.67130919220056,0,"censor",2.38356164383562
"2297","sd8056",0,0,-2.05970776070846,52,0.460106382978723,8.19170847610281,0.0717706207972293,1.31803759201735,16.8856655191366,1.50075351696977,0.992394152165031,3.14977705499978,1.08773505107181,10.1227072114066,10.6629859799213,4.83905985810927,87,1,34.2353172310631,0,0,0,0,1,7.5,0,1,0,0,0,0,92,22.9971181556196,0,"death",9.18356164383562
"2298","sd8057",0,0,-0.90726559009801,82,0.866310160427807,3.81288223255088,0.044406538893072,1.50205028640343,15.0822008261557,1.55405484993357,1.41097053288642,1.89786728563098,0.66416015416402,8.37501292646378,6.32504768361528,6.80136782283289,88,1,30.6645072918467,0,0,0,0,0,85.4285714285714,0,0,0,0,0,0,87,4.74820143884892,NA,"death",7.31232876712329
"2299","sd8059",0,0,-2.65714539313137,269.5,2.39651837524178,7.5480611052275,0.0369125946142673,0.937234000329803,23.3151081812096,1.02233639968784,0.908207274057789,5.09830573895456,2.34656765960469,17.7479146848189,13.2769256228421,5.66786030438343,82,1,32.1863917263055,0,0,0,0,1,183.5,0,0,0,0,0,0,92,23.3613445378151,0,"death",2.26849315068493
"2300","sd8062",0,0,-0.64895587745475,91.5,0.942675159235669,5.73463254459375,0.0610420799248352,0.801860330430396,14.1649717822349,0.832866846265797,0.758265767389501,1.65538665385305,0.840378903695144,11.1186253921762,6.19324103863185,6.95828278008996,87,1,23.9190061577248,0,0,0,0,0,125.714285714286,0,1,0,0,0,0,89,24,0,"death",5.76164383561644
"2301","sd8063",0,0,-1.0978488900063,110.5,1.69724770642202,5.60553958521217,0.0573024326734218,1.33094689822956,15.1210867728557,1.40431076668766,1.21495501094684,2.84377967468452,1.86283805190844,12.5450522778681,11.3141048542832,7.84763357584151,69,1,24.7361949154966,0,0,0,0,0,183.142857142857,0,1,1,0,0,0,100,24.0372670807453,0,"death",9.80547945205479
"2302","sd8064",0,0,-0.22555465140419,41.5,0.439252336448598,6.35153831793558,0.0638988246528425,0.579768046003377,18.848445845465,0.598421727755196,0.551973594615243,3.26916581576706,0.90866113939707,11.7371697465669,4.46268339498733,3.06004208506003,80,1,23.4468702937171,0,0,0,0,0,129.571428571429,0,0,0,0,1,0,98,29.6385542168675,NA,"censor",5.86301369863014
"2303","sd8066",0,1,-1.00745803231452,196,2.37861915367483,6.65699667898001,0.0430699283517238,1.37290190048288,17.1681126999527,1.47317944548553,1.16369370790434,2.52961380466215,1.66302620131757,15.135504346559,5.87920531174845,7.27316863070184,77,0,24.2039067778363,0,0,0,0,0,67.0357142857143,0,1,0,0,0,0,95,30.1875,0,"dementia",11.2027397260274
"2304","sd8068",0,0,0.48541791354893,97.5,1.17416829745597,3.96825537107756,0.0408793868717306,0.896465071614428,15.2375383953748,0.970545423584553,0.861136684067455,1.84083794811257,1.18205472671351,17.0007777784326,4.29395540539062,5.64456061295907,70,1,30.362058259714,0,0,0,0,0,375.642857142857,0,0,0,0,0,0,91,11.7073170731707,0,"censor",10.9780821917808
"2305","sd8069",0,0,0.16283156357559,220,2.83956043956044,4.09904459152249,0.0666809018560314,0.814692811208417,14.1439522467011,0.889973592653452,0.753994155773288,1.32408378569871,0.849368029275651,11.8569316451871,5.23684077648693,3.75040968063591,72,1,32.2945899312059,0,0,0,0,1,200.714285714286,0,1,0,0,0,0,98,22.7431421446384,0,"censor",10.3095890410959
"2306","sd8070",0,0,-0.251665288154371,119,1.01188118811881,6.03175940015986,0.0343258233465821,0.672381030210453,14.7538257363277,0.69183986229919,0.644123254565445,1.50846746993029,0.71271696230531,8.60716752230721,3.91958967605035,3.8963343984373,81,0,26.5976863314673,0,0,0,0,0,183.714285714286,0,1,0,0,0,0,95,5.22935779816514,0,"death",10.6602739726027
"2308","sd8072",0,0,-0.944792053550169,74,1.48591549295775,3.52093918459259,0.0468117590932775,1.08695193968052,18.647196744633,1.12305021633889,1.02293502953205,2.54442166247298,0.923292078977729,14.0755169380195,11.7430747073981,8.59325158981778,74,1,29.3981851686623,0,0,0,0,0,183.571428571429,0,0,0,0,0,0,95,13.8192419825073,1,"censor",11.1205479452055
"2309","sd8073",0,0,-0.36071218015346,198,1.68705035971223,4.03706546048523,0.0644099352772339,0.963344048857975,15.8932378352864,1.00050644813235,0.909212588562097,2.07731458536854,0.713969243489382,11.9999753482984,5.60381709083575,6.54807019833398,83,1,29.6023894743747,0,0,0,0,0,100.071428571429,0,0,0,0,0,0,94,26.0454545454545,0,"censor",3.15068493150685
"2310","sd8076",0,0,0.15693214680862,124.5,1.88950276243094,3.39006824216773,0.0703891157170998,0.918862562985789,7.8982859087372,0.978422620077005,0.845640000152235,1.15614678003706,0.597669313214488,13.3706709497774,7.46638181423576,7.05581137970082,78,1,23.4674734663698,0,0,0,0,0,137,0,0,0,0,0,0,87,3.1875,NA,"death",8.97808219178082
"2311","sd8082",0,0,-0.51053704611199,137.5,2.02770083102493,7.9401699877323,0.0292714077192852,1.09677019742951,13.9141462181124,1.14138490618406,1.03736967036819,2.27510880587297,0.832304551418319,15.5072647210259,5.93797705109869,4.46061631118233,73,1,27.6577443560516,0,0,0,0,0,152.678571428571,0,1,0,0,0,0,100,9.83333333333333,1,"censor",3.14246575342466
"2312","sd8085",0,1,0.19270837419399,40,1.09486166007905,6.45617009023476,0.063596509307872,0.70413873937025,11.8790687588796,0.72731347180655,0.667142616447895,0.935168297933422,0.415426671890377,8.47436630770146,4.79767120002509,3.86478700234565,75,0,31.4014338926568,0,0,0,0,0,114.571428571429,0,1,0,0,0,0,92,7.33333333333333,0,"dementia",7.56712328767123
"2313","sd8086",0,0,-0.146069287859019,65.5,1.15140845070423,4.56749990027854,0.0487387505762084,0.92165697615662,15.3169190609708,0.961457564867628,0.847335189680047,1.93070112659753,0.581900122193626,10.5543046708731,5.14326128102236,3.18124506434392,79,1,23.5253633025911,0,0,1,1,0,111.714285714286,0,1,0,0,0,0,87,39.7611940298507,0,"death",11.4767123287671
"2314","sd8089",0,0,0.0906628478322105,112.5,1.09664694280079,4.3279419321448,0.0743057541451773,0.934513151209417,13.0501632171726,0.973218212280633,0.889118129898012,1.33188828943661,0.686849250569076,11.1215846636465,4.59696121473,4.31523076169697,81,1,28.7435066018098,0,0,0,0,0,191.5,0,1,0,0,0,0,86,3.8560411311054,0,"death",10.8904109589041
"2315","sd8090",0,0,-0.38604409725276,34.5,0.486352357320099,3.77991467856734,0.0603350156554562,0.949874402927028,17.934472166587,1.02523028303632,0.889707115339011,3.551429758691,0.915388226222957,4.52043010875921,5.83191047665977,5.21515207177402,79,0,29.6368080153717,0,0,0,0,0,172.75,0,1,0,0,0,0,94,19.3313069908815,0,"death",11.8027397260274
"2316","sd8092",0,0,0.292179543786099,107.5,1.12134831460674,5.28990140082395,0.0478502174361943,0.785723258522635,12.5599347319423,0.825174991620804,0.739927516074856,2.12125726670839,0.872780018820065,8.36097069989947,3.81851710905771,4.41675343458819,73,1,22.9291134087146,0,0,0,0,0,115.428571428571,0,0,0,0,0,0,98,0,1,"censor",12.013698630137
"2317","sd8093",0,0,0.78360623738476,130,1.78728070175439,3.01672276302695,0.0697207135829279,0.534352824545184,16.0425205672905,0.567994467626262,0.523871561540431,1.14862015195177,0.729095876425412,13.8467849658061,3.78524342739596,4.26212091258455,72,1,27.3359048272868,0,0,0,0,0,220.642857142857,0,1,0,0,0,0,97,22.2222222222222,1,"censor",10.4027397260274
"2318","sd8094",0,0,-0.00746293130458042,56,0.658653846153846,3.53299672427095,0.0405191958747028,0.800962070878646,10.3163625156203,0.840612227410263,0.758226992735603,1.4621449661094,0.672629341185616,6.87731898371395,6.75830978687916,6.51405380737173,78,1,27.6854589239565,0,0,0,0,0,33.5714285714286,0,1,0,0,0,0,92,2.71276595744681,0,"death",6.58630136986301
"2319","sd8098",0,1,-0.26854710290902,43.5,1.17983651226158,6.3820893857097,0.0836042066272956,1.00999827266747,11.6997193313579,1.03923024063507,0.939330572211275,1.52703699606981,0.660490649421542,9.09602674814002,8.65689140942586,6.89646953423677,72,1,31.7448315446141,0,0,1,1,1,273.25,1,0,0,0,0,0,97,0.840336134453782,1,"dementia",1.13698630136986
"2320","sd8101",0,0,-0.36048165722604,85.5,0.702359346642468,5.29618354839333,0.0310516723151961,1.31885440388599,17.2495109497027,1.3707540894624,1.20282658659311,2.37930531506971,0.561709968400105,10.3464621817882,5.66960090492944,7.0030928251379,74,1,28.6496444620444,0,0,0,0,0,199,0,1,0,0,0,0,93,15.5384615384615,1,"censor",10.7369863013699
"2321","sd8102",0,0,0.450657587908429,119,2.71428571428571,5.7598249770913,0.0623652849563565,0.948765274844828,10.8717212280387,0.98905385436531,0.885314814096887,1.28580524561438,0.76025078289978,19.1436513008741,5.32148459265344,4.5351943383078,69,1,22.9848438732081,0,0,0,0,0,198.071428571429,0,0,0,0,0,0,100,0.594059405940594,0,"censor",10.3123287671233
"2322","sd8104",0,1,1.35311542983444,65,1.10335917312662,3.5268696707188,0.155418932836645,0.812859472567525,10.9681838174834,0.852682025249025,0.747425077222771,1.06317550335141,0.412120701031197,10.8276119162757,4.47928640963721,3.2764056699267,69,0,24.3781050002555,0,0,0,0,0,149.571428571429,1,0,1,0,0,0,90,3.35294117647059,0,"dementia",11.2383561643836
"2323","sd8106",0,0,0.749173009534709,65,1.10335917312662,3.5268696707188,0.155418932836645,0.812859472567525,10.9681838174834,0.852682025249025,0.747425077222771,1.06317550335141,0.412120701031197,10.8276119162757,4.47928640963721,3.2764056699267,82,1,30.8570399700464,0,0,0,0,0,151.714285714286,0,0,0,0,0,0,96,2.22811671087533,0,"death",9.64931506849315
"2324","sd8107",0,0,-0.0750166183020994,130,0.702970297029703,5.79956692627988,0.149985595982481,0.705757017479748,15.5897973896056,0.741851531034476,0.665613076601164,2.6904540931788,1.70756323853969,14.4691659558573,7.75103832111615,6.89662946263982,76,1,24.7886740548243,0,1,0,1,0,99.5,0,1,0,0,0,0,81,11.8811881188119,0,"censor",2.8986301369863
"2325","sd8109",0,1,-0.0615592493533399,148,1.2,4.10064863688786,0.0394781627550097,0.63485182594498,15.8034503088898,0.660396900618207,0.609304513737752,1.85732831682507,1.14373878280203,12.0056728425011,6.65032149585634,7.378525415423,73,0,25.4495896165674,0,0,0,0,0,185.178571428571,0,0,0,0,0,0,94,25.0145772594752,0,"dementia",10.4383561643836
"2326","sd8110",0,0,-0.379005480994449,190,1.96103896103896,3.94652266145079,0.0783901702905858,0.875445543769562,14.6785571383021,0.925780984164347,0.829108871725723,1.54539833965557,0.731539233462851,12.6831997289946,4.43334913587462,3.48261013930675,90,1,25.5405302366413,0,0,0,0,0,82.1428571428571,1,1,0,0,0,0,97,4.74934036939314,0,"death",4.45479452054794
"2327","sd8112",0,0,-0.97178469971541,233.5,2.46946564885496,6.95412648586274,0.0626087648900546,1.1890900798905,18.2235366188809,1.28441350080781,1.06490723312868,3.20156369072707,1.84616456895087,13.3944569785637,5.73775784998361,4.06871984274393,76,1,22.72021803586,0,0,0,0,0,12.3928571428571,0,1,0,0,0,0,98,3.57512953367876,1,"censor",10.9424657534247
"2328","sd8115",0,0,0.2395923824086,89,0.945409429280397,4.75910460159118,0.0693760730676177,0.689886198466012,16.3964555455604,0.720006818687373,0.643043352545521,1.96554199564876,1.05869824245471,9.0727599670566,3.36414092916033,2.64409591666114,76,1,22.8010839786415,0,0,0,0,0,214.25,0,0,0,0,0,0,97,20.6117647058824,1,"death",7.85205479452055
"2329","sd8117",0,0,0.0704762520098598,107.5,2.42811501597444,4.61398357108855,0.0674964964099786,NA,14.2727469162227,NA,NA,1.46005229413295,NA,12.5360431193191,4.61456916964522,NA,75,1,30.1692785822919,0,0,0,0,0,247.714285714286,0,1,0,0,0,0,84,7.36059479553903,0,"death",11.0739726027397
"2330","sd8118",0,0,0.6167596821643,50.5,1.22591362126246,3.90094391510841,0.0732716634787231,0.784095918576439,7.81391314150507,0.816300984252809,0.714429503775087,1.12977704950375,0.578776328302247,8.46768976547558,5.63902202919538,4.2545776342959,73,1,19.7828771052763,0,0,0,0,0,226.821428571429,0,0,0,0,0,0,95,6.98795180722892,0,"censor",11.158904109589
"2331","sd8119",0,1,0.70181854966218,137.5,1.98039215686275,3.59983183830201,0.0873572580528812,0.782360262461374,12.4811896382672,0.867640175896558,0.773170766749092,1.21564587640571,0.449950496247471,12.9289875556059,3.60439753203067,3.84479313308106,76,1,25.5565392794881,0,0,0,0,0,112.928571428571,0,0,0,0,0,0,98,3.25581395348837,1,"dementia",1.04109589041096
"2332","sd8121",0,0,-0.0124297295946306,94,1.77054794520548,6.03431671213832,0.0491281772154032,0.76745372163558,13.5977398129616,0.789015518849131,0.726550695974357,1.08928695426345,0.572431589387933,9.14836046667603,3.4217009874019,3.65923978084521,79,1,30.0871753903856,0,0,0,0,0,144.571428571429,0,1,1,0,0,0,97,12.0364741641337,0,"death",4.14794520547945
"2333","sd8124",0,0,0.0820069768161005,136,1.63434343434343,3.99058203446499,0.0568637253110854,1.00021660613098,13.0601551317128,1.06684306306281,0.907169272693724,1.7948770892867,0.831023795292101,10.8137368191623,4.87693558091153,3.21544007000828,76,1,24.399715479534,0,0,0,0,1,183.785714285714,0,0,0,0,0,0,97,19.291553133515,1,"censor",9.91232876712329
"2334","sd8126",0,0,0.17159047695074,112,1.38477366255144,3.99385877195367,0.0449741548866938,0.41310176349198,16.0132264790533,0.430331447970779,0.409685798086219,1.28300536325475,0.706984594687659,10.4125775693802,3.62340944886085,5.57687543391014,81,1,34.1884076448949,0,0,0,0,1,60,0,1,0,0,1,0,93,44.8076923076923,0,"death",6.53972602739726
"2335","sd8131",0,1,-1.14758240610189,161,2.46894409937888,6.17306195838799,0.0386907834989129,1.03166141590719,21.3035550491959,1.06120407574225,0.959301993195265,3.05122108358267,1.26232907701872,15.9111043077567,5.66680145997692,6.90580709090285,84,1,23.8698125828831,0,0,0,0,0,28.25,0,0,0,0,0,0,95,1.81268882175227,1,"dementia",3.19452054794521
"2336","sd8132",0,1,-0.28802606079889,117.5,1.38082191780822,5.10886843667249,0.0440851022685197,0.643563123611129,18.6345345219002,0.659909318495909,0.614847486925006,2.12468997169762,1.11366108509606,9.64960819769668,2.80158748947524,2.89046844591629,83,1,26.9746035001245,0,0,0,0,1,149.821428571429,0,0,0,0,0,0,96,14.1463414634146,0,"dementia",1.20821917808219
"2337","sd8133",0,0,0.2870542314405,92,1.090573012939,2.72849905459487,0.0556813557228887,0.909180337460288,8.02549882093598,0.93493587896651,0.856451941902099,0.680401512831609,0.299236140457625,6.62722231389543,4.88922486590155,5.01676497411373,83,1,23.1061435922799,0,0,0,0,0,132.428571428571,0,0,0,0,0,0,90,2.09302325581395,0,"death",10.1013698630137
"2339","sd8138",0,0,0.377521209681071,73.5,1.26991150442478,5.44324404712302,0.0727505122593077,0.910286886403348,13.3744333715496,0.971688115664508,0.860370626511017,1.16798925935705,0.467752984246771,7.70967415361906,3.39409419902257,2.62966818143306,74,1,24.4947314457096,0,0,0,0,0,98.2142857142857,0,0,0,0,0,0,100,2.01492537313433,0,"censor",10.5068493150685
"2340","sd8139",0,0,0.18619651572409,70.5,1.34943181818182,5.22952994087806,0.050084608653422,0.96808022458321,10.4644280746408,1.01991342463557,0.894426346646827,1.12139672477372,0.699465100096098,13.5467755883937,4.30520902879573,3.17709017202783,78,1,32.3518084100697,0,0,0,0,0,226.5,1,1,0,0,0,0,98,3.40425531914894,0,"censor",11.0876712328767
"2341","sd8141",0,0,-0.81672213216106,146.5,1.78520286396181,4.75304645132057,0.0258635258014725,1.13188414500158,16.9868130719736,1.18065885272749,1.06695713516272,2.37521627462863,1.29582185811551,10.5577315454981,6.585556479882,6.74102159923058,78,1,20.2005955386013,0,0,0,0,0,114.678571428571,0,0,0,0,1,0,96,8.125,1,"censor",12.1232876712329
"2342","sd8143",0,0,-0.421578658650451,246,2.99096385542169,5.67825623964494,0.053082196614385,1.11248567137109,19.1737553219493,1.16700415712184,1.04860091545474,2.83088167721684,1.78961100077634,15.2033869472086,5.21112764235618,4.98007254660109,69,1,22.547693941421,0,0,0,0,0,136,0,1,0,0,0,0,99,0.714285714285714,0,"censor",10.8904109589041
"2343","sd8144",0,0,-0.57359697195222,85.5,1.18807339449541,8.66908382736268,0.0433762456850857,0.828582691917009,13.7230490620922,0.859558405903378,0.762727255288107,1.73928427750976,0.989168107063617,11.668021731516,6.44643050636783,5.21910884410469,74,1,30.7716049382716,0,0,0,0,0,161.714285714286,0,1,0,0,0,0,96,4.75409836065574,1,"censor",10.1479452054795
"2344","sd8147",0,0,-0.0436741006099098,200,1.9041095890411,4.26976530567154,0.0598503501342168,0.881630889100913,13.8617731345555,0.918473429590247,0.828000538858128,1.27747068465365,0.426929937798275,10.8883859509056,2.58740539210298,2.90507331817976,87,1,25.4534626828999,0,0,0,0,0,122.964285714286,0,1,0,0,0,0,83,14.0359897172237,1,"death",3.1013698630137
"2345","sd8148",0,0,0.50494762564682,245.5,3.09166666666667,4.97204266404478,0.062535444901044,0.622036918249224,10.3351044016765,0.656162958790233,0.584003865307433,1.07075024865632,0.733391407956213,14.1754169861258,4.55256888241809,3.53576403808013,71,1,27.4055781048788,0,0,0,0,0,208.214285714286,0,0,0,0,0,0,98,0.900900900900901,0,"censor",11.1643835616438
"2346","sd8149",0,0,-0.99580348528728,194.5,2.6689497716895,6.92499392474449,0.0333985698751457,0.990264664390323,12.4645916083844,1.04949801917682,0.927628859449839,1.96457205632288,0.798046905206307,19.984570010763,8.8834040409149,8.15239309399196,81,1,20.8651965422136,0,0,0,0,0,54.9285714285714,0,0,0,0,1,0,96,2.62886597938144,1,"death",7.68219178082192
"2347","sd8151",0,0,-0.3607522455576,154.5,1.24124513618677,5.12577530067105,0.0450637335923676,1.47572210294305,17.5497456661773,1.52596468597932,1.3421008109822,2.27008036788019,0.85715827047993,9.32228910034933,5.55185317430213,6.59294053728087,71,1,24.497595279674,0,0,0,0,0,181.071428571429,0,1,0,0,0,0,99,9,0,"death",4.3013698630137
"2348","sd8152",0,0,-0.57122104467534,167,2.17321016166282,6.51279735138662,0.033934330123977,0.521483487029716,23.0390250162557,0.53094202666908,0.509497674808499,3.01951531605491,1.30546253437422,17.955328724238,6.97503183833263,4.31264322542227,70,1,30.3180908080208,0,0,1,1,0,55,0,1,0,0,0,0,99,35.9235668789809,1,"censor",11.2821917808219
"2349","sd8155",0,1,-1.66389651903399,84.5,0.8584686774942,5.18729150539718,0.025270696989707,1.37754633312387,11.1810314352644,1.46803196899103,1.15804163268327,2.79373529672798,1.53101891707735,7.12809613094637,14.2245871068485,9.21744826378687,73,1,23.3704406948067,0,0,0,0,0,98.0714285714286,0,0,0,0,0,0,99,0.68649885583524,0,"dementia",11.3424657534247
"2350","sd8158",0,1,-0.35671193506613,153,2.04384133611691,4.82929071773036,0.0444721960710744,1.42962401947987,14.0808662659501,1.50742780943835,1.29701541606334,1.81473583995747,1.06874655192596,11.6457266862671,5.85419589837236,5.9740682200671,73,1,31.7471463711625,0,0,0,0,0,217.75,0,1,0,0,0,0,97,21.8556701030928,1,"dementia",0.956164383561644
"2351","sd8162",0,1,-0.45187195940937,157,2.28639618138425,3.69831307153287,0.0506453267497027,1.01883678431831,16.5528624875163,1.10354183592525,0.912525406289555,1.86284792685881,1.87983060296723,11.005961338566,6.84738260773958,7.0690689474131,72,1,27.0766167858596,0,0,0,0,0,140,0,1,0,0,0,0,100,22.6548672566372,1,"dementia",0.641095890410959
"2352","sd8163",0,0,-0.35283052882163,88,0.914606741573034,4.54155526136019,0.029678136841398,1.18241755843493,17.3821822649434,1.24931370565768,1.11638794925014,2.33344823414363,0.809040777374757,10.3259231018777,4.92369049416475,3.44451618441337,77,1,21.1978301102778,0,0,0,0,0,90.4642857142857,0,0,0,0,0,0,99,15.6521739130435,0,"death",1.37808219178082
"2353","sd8164",0,0,0.0681537136796194,218,2.90371991247265,3.33238076448202,0.0630678978123881,0.817917595583395,12.0115740065299,0.855867076202622,0.769139658680168,1.4333401087093,0.649168713870757,12.1648998374584,5.00317351234349,4.25833996952219,80,1,31.3297920378322,0,0,0,0,0,152.035714285714,1,0,0,0,0,0,99,6.30573248407643,0,"censor",10.0712328767123
"2354","sd8165",0,0,0.11739810814136,173.5,2.09108910891089,5.57433688156281,0.0710186800314223,0.766433368406276,13.5367090254608,0.846583475198751,0.744601849565647,1.35536689415674,0.592422687665322,16.6882525313722,5.76726482739096,4.9243271211249,75,1,21.8691616818893,0,0,0,0,0,187.214285714286,0,0,0,0,0,0,99,3.82075471698113,0,"censor",10.2547945205479
"2355","sd8167",0,0,0.27102032886657,137,1.97880539499037,5.15209415854334,0.0938055196593,0.700823988896013,12.6168308482942,0.747116681452757,0.633772808854587,0.962033359462366,0.839151108740834,9.99656459533638,4.17077001291037,3.18444690069331,77,1,24.6192062892164,0,0,0,0,0,124.75,0,0,0,0,0,0,90,3.30275229357798,0,"censor",11.5479452054795
"2356","sd8168",0,1,-0.17151762035099,165.5,1.46138613861386,6.31925106518946,0.0517523506892432,0.700058629011963,14.4917152159911,0.724610819421184,0.660014923865493,1.83295543772974,0.721469145976439,11.1241247514316,4.92196159168256,2.81482015455262,77,1,26.3020998606506,0,0,0,0,0,234.785714285714,0,0,0,0,0,0,92,27.6923076923077,1,"dementia",6.38082191780822
"2357","sd8170",0,0,-0.85383001527731,193,2.37789203084833,5.82932408751664,0.0428688387533357,1.26547329882611,13.7738560956582,1.41981805740479,1.16053561049908,2.23332899146959,1.76539386724734,16.4614546177939,8.00973914141383,8.14690414951637,74,1,34.0355251621881,0,0,0,0,1,122.714285714286,0,0,0,0,0,0,97,17.1191135734072,0,"death",8.05479452054795
"2358","sd8171",0,0,-0.00463352925455069,144.5,2.52421652421652,7.25525250700214,0.0630418719964013,1.25036006808604,9.14209934838444,1.32956077558291,1.14046467250731,1.04589352301541,0.690089191113309,22.8097569326071,7.68025227859645,6.30054732792816,69,1,27.7313866267224,0,0,0,0,0,198.964285714286,0,1,0,0,0,0,99,2.40740740740741,0,"censor",11.3643835616438
"2359","sd8173",0,0,-0.7874280955717,125,1.32552693208431,10.7148018902562,0.0623879363059559,0.731954744393155,17.8312850565861,0.762709339305606,0.676759554032984,2.43528230743974,1.17664347873038,9.352192744763,4.48220571793613,3.44856710672356,75,1,25.1148022958155,0,0,0,0,0,169.214285714286,0,1,0,0,0,0,98,10.2902374670185,0,"censor",10.8767123287671
"2360","sd8175",0,0,0.340786519445,68,1.64888888888889,3.83379537533227,0.0660584466534578,0.705027703389679,13.6888812693328,0.75739791515174,0.663040090865079,1.12076172954239,0.652852477327799,0.50879220305664,5.07877704279944,3.33257376816287,69,1,35.0066512637401,0,0,0,0,0,191.642857142857,0,0,0,0,0,0,96,5.73913043478261,0,"censor",11.1506849315068
"2361","sd8176",0,0,-0.434522206106099,142.5,0.920471281296024,5.69539021422627,0.0295245802570512,0.930045035496096,15.931421367823,0.963427774272181,0.858098728661069,1.85821430757646,1.60463187392857,8.94973825341317,4.75971341892701,3.68109368263145,75,1,20.777818425817,0,0,0,0,0,265.428571428571,0,1,1,0,0,0,98,18.5553047404063,0,"censor",10.4520547945205
"2362","sd8177",0,0,-0.240916533487901,130,1.46511627906977,4.88074369660701,0.04165555773942,1.57002042025808,9.97402696538621,1.66190163094243,1.42131091521347,1.2034164579765,0.452119193596197,11.9742109525061,6.41297152308711,3.34167809271136,75,1,27.7441231474592,0,0,0,0,0,189,0,1,0,0,0,0,97,0.147058823529412,0,"censor",10.641095890411
"2363","sd8178",0,0,0.20896050432428,62.5,0.65495867768595,4.64228116522963,0.0660988455865545,0.738342156933605,14.8561376887154,0.777994437662268,0.691541364552049,1.51525863747571,0.558253184146087,12.8075158715279,3.03440561740276,2.7429737176613,84,1,29.9052565345829,0,0,0,0,0,68.4285714285714,0,1,0,0,0,0,92,3.72972972972973,0,"death",8.97808219178082
"2364","sd8180",0,0,-0.22774067189673,64,0.757075471698113,5.68825001172695,0.0255148957829876,0.711099237867082,11.6057399390583,0.729525423873277,0.671404647408622,1.37915151208759,0.573292374120367,7.82627568797649,4.98336793761506,3.56166010637927,81,1,25.3570255453135,0,0,0,0,0,219.892857142857,0,0,1,0,0,0,92,46.7961165048544,0,"censor",10.1643835616438
"2365","sd8181",0,0,0.09744851791814,88,1.17922077922078,6.12525269264397,0.0827487523702282,0.777542071091531,16.2212451624489,0.79935234662697,0.730081065670521,1.55641665123108,0.548911631963495,7.7513072100483,4.34316145523886,5.3930850996757,75,1,27.7528071636113,0,0,0,0,0,67.5,0,1,0,0,0,0,98,16.4485981308411,0,"censor",10.9698630136986
"2366","sd8185",0,1,-0.307586262076229,219.5,2.79136690647482,4.4344641019622,0.0481028961875062,0.875080652143281,14.1960616798913,0.899007588199935,0.819910373096617,1.61229601324181,0.313078099386269,15.9607615824972,5.05836215611194,5.33416714732072,85,1,23.2464243328888,0,0,0,0,0,62.1428571428571,0,1,0,0,1,0,99,25.5194805194805,0,"dementia",2.99452054794521
"2367","sd8188",0,0,-0.60861277799588,116,1.05,5.03883171227284,0.0491949564978238,0.832615736657206,17.9242425324789,1.17402582248466,0.74561124514862,2.99292017727476,1.53036692057265,12.231238148466,6.21130404445665,3.99794775566857,76,1,24.3605843756183,0,0,0,0,0,90,0,0,0,0,0,0,85,11.0801393728223,0,"censor",10.9890410958904
"2369","sd8191",0,0,-0.75252261071676,132.5,1.30054644808743,6.41380657963238,0.0322141371962801,1.27134204645382,8.05169544480574,1.3063219873593,1.18458380763201,1.02188641342621,0.159578009301487,9.54738032379993,5.260067729179,2.78705510091064,90,1,30.5695529361002,0,0,0,0,0,226.428571428571,0,1,0,0,0,0,93,1.42433234421365,0,"death",8.6986301369863
"2370","sd8192",0,1,0.216157050440771,97.5,0.855504587155963,4.44962975801159,0.133604044695697,0.899345674670229,18.9608481678733,0.96651148801913,0.848130445135607,3.35566359662274,1.66127836390891,13.4352557657273,4.71049823832329,3.62694355265898,75,1,23.7602234059997,0,0,0,0,0,146.714285714286,0,0,0,0,0,0,100,0.878048780487805,0,"dementia",1.06849315068493
"2373","sd8207",0,1,0.43606797603281,54,0.948529411764706,5.63542751063371,0.0985606828717513,0.687222912818727,15.6703578080476,0.711483919764564,0.665091871426314,1.94697152756256,0.273438966239667,13.2440010109084,6.54316302767017,4.11848203053067,70,1,26.6188611878455,0,0,0,0,0,148.428571428571,1,0,0,0,0,0,92,15.7188498402556,0,"dementia",6.34794520547945
"2374","sd8208",0,0,-0.5470808540254,67.5,1.22977346278317,6.84898287703382,0.0501157194928154,1.43917938013313,14.695015491732,1.51664559103912,1.26827923655912,2.21270436959242,1.09521934689336,7.73835402403611,3.99902875619214,4.72151996940781,77,0,25.7332900659118,0,0,1,1,0,432.071428571429,0,0,0,0,0,0,83,16.4285714285714,0,"censor",3.08767123287671
"2375","sd8209",0,0,-0.0444187895068595,196.5,1.90300230946882,5.14226016180499,0.0499511223693313,0.951072562652888,17.8602704067686,0.976087109329523,0.900571594765637,2.1842612628716,0.413890097439324,15.9944091667159,6.89333221488119,5.01580998591956,69,1,26.7517981445694,0,0,0,0,0,125.535714285714,0,1,0,0,0,0,98,7.38170347003155,0,"censor",11.2356164383562
"2376","sd8210",0,0,-0.52641048425252,244,2.44,5.52996520318964,0.0340334141584261,0.802422263022125,14.7542812005097,0.869237920831441,0.766050685456888,1.69056700597935,0.75548267065131,13.9302140725771,6.00119883828037,3.14872642049413,79,1,24.3299202948523,0,0,0,0,0,120.571428571429,0,1,0,0,0,0,93,6.52173913043478,0,"death",5.57534246575342
"2377","sd8211",0,0,-0.29248396513251,100,2.34136546184739,6.89954820247321,0.0443208447328132,0.809833168875203,15.6177885803721,0.859709938700624,0.778124142998891,2.68380593610102,1.07959246474533,17.5563360854193,6.94224624079914,5.12567779266783,70,1,27.5167981453678,0,0,0,0,0,165.571428571429,0,0,0,0,0,0,98,0.24,1,"death",6.0958904109589
"2378","sd8212",0,0,0.475842062126721,104.5,1.60774818401937,4.19934244838761,0.0731729470074181,0.938395152348922,8.82534481752612,0.98198551792253,0.879644529964385,0.773708413168832,0.41317611514777,8.68517240948627,3.90895256431686,3.30069489009221,78,0,17.7759022794927,0,0,0,0,0,154.285714285714,0,0,0,0,0,0,94,1.78378378378378,NA,"death",8.78630136986301
"2379","sd8215",0,0,-0.67823914651794,369,3.80919931856899,4.89389307313218,0.0415224447568806,1.38781235615177,14.9731204468426,1.42809803584045,1.30278526772673,2.59586660445039,0.691326062355506,16.9682560838986,7.41327138380899,5.53724091350644,74,1,23.6003412596307,0,0,0,0,0,153.428571428571,0,1,0,0,0,0,89,2.4,NA,"censor",10.7013698630137
"2380","sd8216",0,0,-0.58195861239721,117.5,1.37558685446009,7.97775056630346,0.0567071893720733,0.984876066058941,12.2717652619106,1.03013905704633,0.890830739416714,2.20133024863829,0.815716489081299,12.1252999736291,8.83362582986119,4.37762556304723,70,1,21.5638031478653,0,0,0,0,0,160.107142857143,0,0,0,0,0,0,100,3.97790055248619,0,"censor",10.5123287671233
"2381","sd8217",0,0,-0.682776601455021,137,1.75061728395062,5.15347701359988,0.0487897159768247,1.34945295894854,12.5650642408863,1.41389900712731,1.18965702984823,1.94480485116681,1.15324411500334,12.7806884445922,6.70906370330906,6.4242056077691,80,0,23.4023823309911,0,0,0,0,0,199.392857142857,0,0,0,0,0,0,93,0.821917808219178,0,"death",5.50958904109589
"2382","sd8218",0,0,-0.30485979705995,52.5,0.49002849002849,9.03058534016582,0.0961594949535997,0.832315459251098,11.4955205075059,0.896930136569941,0.74341151855466,18.4332486069602,5.06129188278475,12.7336284789634,6.39599093163311,5.30851881897907,78,1,26.4669190922425,0,0,0,0,0,142.25,0,0,0,0,0,0,92,19.8866855524079,1,"death",4.79452054794521
"2383","sd8219",0,1,-0.4686872733103,106,0.919491525423729,4.43821993332468,0.0473094961288359,1.11035353425467,13.7020972900549,1.19943647137486,1.01223382996917,2.25657320913003,1.05913893890169,9.6764785259401,5.14177699923946,3.39436876005424,83,1,24.4007153424903,0,0,0,0,1,145.714285714286,0,0,1,0,0,0,95,0.189274447949527,1,"dementia",1.03013698630137
"2384","sd8220",0,0,0.3709058511048,49,0.661176470588235,5.09356512380957,0.0503133456582665,1.0541241396695,13.5063286225124,1.08537497898747,0.973060090314368,1.82392448322461,0.466243208964505,8.96429892845592,5.38535796939503,6.93764958484364,68,1,25.5148052567937,0,0,0,0,0,203.392857142857,0,0,0,0,0,0,92,9.59302325581395,1,"censor",11.2438356164384
"2385","sd8221",0,1,-0.10614279939267,144.5,1.45933014354067,3.57861366308932,0.0389099526236235,0.923011665467847,16.3600667094055,0.969288586774306,0.869102631991908,1.9757728585474,0.797953629173043,9.84298165885831,5.8866063216826,4.91197299378768,74,1,23.3557255699111,0,0,0,0,0,152.785714285714,0,0,1,1,0,0,98,8.68852459016393,1,"dementia",3.11780821917808
"2386","sd8223",0,0,0.2492360102718,79.5,1.11697247706422,3.73977862501065,0.0381976834452392,0.698488473430591,15.7462618161131,0.721774089302153,0.661936622267393,1.10064939277371,0.52407327949889,7.94174801315039,3.28598858383035,3.3877150621385,78,1,28.7436142268435,0,0,0,0,0,221.714285714286,0,0,0,0,0,0,84,30.5630026809651,0,"death",8.54794520547945
"2387","sd8224",0,0,0.50921686331702,166.5,2.03655913978495,1.89904797555166,0.0396610160786879,0.779954262587938,13.8919343245298,0.816555206165526,0.714012486856781,1.29199637179244,0.605831029532765,9.26911980667746,3.64793187055444,3.44479381738838,75,1,30.8048945801726,0,0,0,0,0,179.571428571429,0,0,1,0,0,0,100,4.14322250639386,NA,"censor",11.9452054794521
"2388","sd8226",0,0,-0.166109010861091,266.5,3.05274261603376,4.84087280723525,0.0451005493735998,1.151811571802,12.8379707528606,1.1942649903291,1.05840335194514,1.72018563939502,0.501643448846164,17.2848184675725,5.76333208967419,5.13038217537014,76,1,23.2277228828433,0,0,0,0,0,149.25,0,0,0,0,0,0,93,1.01694915254237,0,"censor",10.0027397260274
"2389","sd8228",0,0,-0.508795706911999,145,1.706,4.1505435020795,0.0830214002744854,0.883539950490681,16.5985223919753,0.920631847902097,0.84635585755149,1.70315051726743,0.700228873307611,12.7759972179815,5.50889435170075,5.67720946432939,89,1,26.2625755852773,0,0,0,0,0,95.0357142857143,0,0,0,0,0,0,91,10.3723404255319,0,"death",8.34520547945205
"2390","sd8229",0,0,-0.0445461760646793,144,1.26856240126382,4.527979654671,0.0356384803519226,0.950773429931109,16.4835344927152,0.984103098032594,0.888683491710176,2.41485156950589,0.701248058643757,15.2059624402491,7.36946454357959,6.79079119191028,69,1,25.660032852571,0,0,0,0,0,142.285714285714,0,1,0,0,0,0,100,8.64516129032258,0,"censor",11.3260273972603
"2391","sd8231",0,1,0.422097785887389,32.5,0.551558752997602,2.99881803731615,0.0827042663762145,0.42459467074761,12.5978442357054,0.44591880572584,0.407646684835644,1.59192472301388,0.612906520494179,5.97656399383985,3.55752243378428,7.35724243299848,86,1,26.8945321641592,0,0,0,0,1,95.1428571428571,0,1,1,0,0,0,89,45.0557620817844,0,"dementia",3.15890410958904
"2392","sd8235",0,0,-1.089129897345,194.5,2.16016427104723,7.0630936785257,0.111091996875146,0.824917934582168,17.6836646927766,0.863536341887307,0.751898323573133,1.89115314029513,1.29709209302563,9.9984750550545,5.51256811553801,4.51058401566427,90,1,23.4716155665334,0,0,0,0,0,167,0,1,0,0,0,0,80,1.04651162790698,1,"death",4.97534246575342
"2393","sd8239",0,0,-0.31797217595782,97,2.5390625,5.11826024557265,0.0532100606351184,1.60290009336773,10.3312844064585,1.75798686807261,1.37090524299857,1.42914528983148,1.01324111580591,12.1923781064325,5.341400029709,5.43133413824811,75,1,25.1145379898198,0,0,0,0,0,70.5714285714286,0,0,0,0,0,0,86,8.70662460567823,0,"death",10.9616438356164
"2394","sd8240",0,0,-0.39676855121273,134.5,1.95760598503741,5.01428766485665,0.0369660411624497,1.31845345562974,13.6355235015076,1.39785652521672,1.12324259296602,1.89114441900246,1.00493749596366,10.274460050948,4.91726174977371,4.24243280224628,76,1,24.3514715240196,0,0,0,0,0,80,0,0,0,0,0,0,96,28.1151832460733,0,"censor",10.186301369863
"2395","sd8242",0,0,0.50242452529174,79.5,1.09052631578947,3.17342262311223,0.042506978173324,0.862319086727474,10.7313779545979,0.915687054527628,0.815890874965786,1.20907971362171,0.54462222094501,11.465699448237,5.86861969099087,5.72670551499569,72,1,33.7322233784252,0,0,0,0,1,87.4642857142857,0,0,0,0,0,0,98,6.01671309192201,0,"death",10.6986301369863
"2396","sd8243",0,1,-0.456662824765409,213.5,1.66838487972509,4.63458427935189,0.053745198137927,0.9252972874957,17.7397430416918,0.988830867453785,0.899279095390327,2.57286676182633,0.967146727130014,10.3969563982044,6.03128059716964,5.22092519851356,77,1,27.1964306039871,0,0,0,0,0,95.8571428571429,0,1,0,0,0,0,93,22.7441860465116,0,"dementia",3.24383561643836
"2397","sd8246",0,0,1.26175221067698,29.5,0.797183098591549,3.21606771623586,0.107676304333111,0.799823125547225,9.34813842183236,0.895249940595367,0.76358575803872,1.39948750656873,0.621118666435409,8.19354904749142,2.7222368930759,2.36530354654686,72,1,34.4998948679051,0,0,1,1,1,300.214285714286,0,1,0,0,0,0,94,11.7218543046358,0,"censor",3.1972602739726
"2398","sd8247",0,0,-0.9618603304073,235,1.28630705394191,4.62847522522466,0.0478996661363431,0.697417067269407,13.9718301207444,0.72517925043565,0.669229176090605,2.3256059233963,1.26962887370914,8.15522998767799,7.30347968810224,5.37891230437023,87,1,22.2574724480728,0,0,0,0,0,77.2142857142857,0,0,0,0,0,0,97,6.26262626262626,0,"death",9.80547945205479
"2399","sd8248",0,0,-1.45506751844538,93.5,0.701492537313433,7.36956378089273,0.0294866422269792,0.659874763794846,22.9664636676055,0.683375632211947,0.616529685213174,3.36628930422115,1.4634160632334,9.56494551622688,7.58671807661808,4.70650459219061,81,1,25.9981263419292,0,0,0,0,0,186,0,1,1,0,0,0,86,0.747663551401869,0,"death",8.33424657534247
"2400","sd8249",0,1,-0.62823449659589,167,1.82952182952183,4.86399366999054,0.0400637220514447,1.20650758888362,11.6403713119409,1.24423752905429,1.09719387991098,1.36899969546091,0.90562875774171,15.8647616107002,8.25820146233356,6.77587100879578,79,1,24.4604775230709,0,0,0,0,0,143.392857142857,0,1,1,0,0,0,97,3.22738386308068,0,"dementia",7.53424657534247
"2401","sd8251",0,0,1.11036564093857,145,1.81728880157171,3.35807975536336,0.0823466245631276,0.913168514816514,10.1517170462676,0.979884804746146,0.858628907546832,0.961321930715583,0.270211870186731,16.5358324845786,4.10300601619345,3.6620821438066,70,1,26.5555438067056,0,0,0,0,0,56.4285714285714,0,1,0,0,1,0,97,11.7159763313609,NA,"death",9.0986301369863
"2402","sd8254",0,0,0.0678226407557204,79,1.25245901639344,3.50844376774237,0.0342299163063677,0.587214746939954,13.1110555773448,0.609129139226637,0.557336688374525,0.963684112686298,0.471915043196293,9.14976069209133,4.93954165787577,2.67551151066303,81,1,27.7000555474518,0,0,0,0,0,50.7142857142857,0,1,0,0,0,0,93,4.52054794520548,NA,"death",5.27671232876712
"2403","sd8256",0,0,-0.428224982078591,165.5,1.81410256410256,6.79100633634331,0.062597197296798,0.534425329292532,19.7682360363954,0.558498088571691,0.505742062597116,2.04805671584292,1.29112927729545,12.3847565678586,5.61149126762706,4.09080516847912,74,1,30.5291553433529,0,0,0,0,0,139.5,0,1,0,0,0,0,91,6.32530120481928,0,"censor",11.1397260273973
"2404","sd8257",0,0,-0.0424657594209904,105,1.80926430517711,6.25770270117599,0.0289231673229571,0.493228282106703,8.19310263744694,0.500946540721867,0.475250941859477,1.19608561452954,0.311438821376905,16.204486734118,7.5584218429155,5.31361658983646,77,1,22.3643304429466,0,0,0,0,0,62.7142857142857,1,0,0,0,0,0,92,6.15384615384615,1,"censor",10.7178082191781
"2405","sd8261",0,0,-0.15969209601961,146.5,2.29447852760736,5.3427963593091,0.113074186313796,NA,13.1373535033661,NA,NA,1.47146492338495,NA,11.3134248975378,5.65625796880558,NA,79,1,24.4046528573987,0,0,0,0,0,124.892857142857,0,0,0,0,0,0,87,0.186915887850467,NA,"censor",10.2356164383562
"2406","sd8262",0,1,-0.853812585258279,137.5,2.07881773399015,8.77723366110912,0.0265463528437489,1.06959395819886,15.2432440342047,1.09050449009588,0.998800540866618,2.46237114388796,0.47164739763414,18.9749777860057,8.37963237137825,5.81587174461774,73,1,33.1593524776556,0,0,0,0,0,111,0,1,1,0,0,0,93,35.6043956043956,0,"dementia",7.73972602739726
"2407","sd8263",0,0,0.75367242619572,168.5,1.71902268760908,6.12904796811251,0.0697396271456818,0.793447136355384,11.1333741651666,0.830594177213998,0.733191855469136,1.13714386729579,0.425030633567632,13.9775592025534,3.42939037145056,2.58900798698664,69,1,28.5062342319802,0,0,0,0,0,30,0,0,0,0,0,0,99,3.10588235294118,0,"censor",9.96164383561644
"2408","sd8265",0,0,-0.85203127459628,79.5,0.839479392624729,7.24707579527127,0.0371058816020303,1.07736979373675,21.2683193179775,1.18231378376332,0.995565969121843,3.23169712651941,1.36952520959756,8.71465945771526,6.31825463849955,2.55905888105859,70,1,28.7397409133804,0,0,0,0,0,143.821428571429,0,1,0,0,0,0,96,51.919770773639,1,"censor",10.6849315068493
"2409","sd8268",0,0,-0.36899263028122,188,1.99180327868852,3.94818338276285,0.0212422542367238,0.818053485797063,17.5336876696903,0.861405536449103,0.771897316923183,1.73267357619036,1.1879218446008,15.3695051342901,8.43147981369548,7.87158624481777,69,1,27.7325260165982,0,0,0,0,0,134.107142857143,0,1,0,0,0,0,95,12.6392251815981,0,"censor",11.3123287671233
"2410","sd8269",0,0,-0.00277488904389997,163.5,1.50267379679144,5.35019479613087,0.0568515221893633,1.02409474177213,13.8593813904099,1.11845337656314,0.96488421075806,2.57574419957764,1.20425727882878,13.5038923578658,5.5592318530692,4.47059303387904,71,1,25.5043477446075,0,0,0,0,0,131.428571428571,0,0,0,0,0,0,93,11.523178807947,0,"censor",10.8739726027397
"2411","sd8271",0,1,-0.667551763705271,147,2.21497584541063,4.11652632428812,0.0570562358510286,1.09271609065879,12.9593448304814,1.17217679966926,1.03461934020898,1.59015001132133,1.0644579666536,12.6188077359127,6.03892499663258,6.82830789102361,87,1,23.7308325969566,0,0,0,0,0,84.4285714285714,0,0,1,0,0,0,99,3.87096774193548,0,"dementia",1.21917808219178
"2412","sd8275",0,1,-0.88994416322317,187.5,2.45080091533181,7.38515694658732,0.0428724413280932,1.2528930562549,20.4096321960721,1.44693885390499,1.24899422089759,2.90365618017056,1.08157691850411,16.7228547519715,4.96396162045898,6.32223374220021,77,1,24.1997652534878,0,0,0,0,0,198.071428571429,0,1,0,0,0,0,96,7.68,0,"dementia",5.8986301369863
"2414","sd8279",0,0,0.0215936297823603,139.5,1.71008403361345,4.63410921773491,0.0862821932096003,0.803188540249008,18.1287229182619,0.838545971579622,0.738161751833225,1.80097832928897,0.8534425993468,12.5139590009082,3.68366931167523,2.48539761384208,80,1,24.9314047167504,0,0,0,0,0,78.2142857142857,0,1,0,0,1,0,100,8.92307692307692,0,"censor",3.18904109589041
"2415","sd8280",0,0,0.11075833045608,58.5,0.635245901639344,6.42864808344142,0.0468091882122828,0.560257138394052,16.3591361428849,0.571115141286138,0.530823023633191,2.27714244793399,0.866175043590821,9.74778699101547,4.25096755664853,4.53372003962519,73,1,26.9665219203531,0,0,0,0,0,146.285714285714,1,1,0,0,0,0,84,3.58208955223881,0,"death",1.53698630136986
"2416","sd8281",0,0,-1.44210302223321,38.5,0.189490445859873,6.50990288790077,0.0409256260907714,1.45547746740544,18.7264665251199,1.52610314257429,1.33736920998734,2.93761326482355,1.40012582937727,3.47432286766562,7.38847950769445,9.9356615162332,81,1,28.2437107434486,0,0,0,0,0,72.5,0,0,0,0,0,0,94,13.9007092198582,0,"death",8.13424657534247
"2417","sd8282",0,0,0.0344434596897699,113.5,1.38536585365854,3.8405023752021,0.031104741830949,0.836125880904286,14.4820362109271,0.868883735747996,0.804320098716899,1.84991929486225,0.35877331576828,8.51726454862425,4.88528388205252,3.93648470062877,77,1,29.8668045927415,0,0,0,0,0,87.9642857142857,0,0,0,0,0,0,99,20.4105571847507,0,"censor",10.6356164383562
"2418","sd8284",0,0,-0.85553608522968,126,2.14285714285714,5.35027295289965,0.0317705464120396,0.978387842785124,18.1554243529821,1.01490188555719,0.941359762290121,3.36492710345194,1.445261592936,18.0808903060007,10.2476178997599,8.70576049231891,70,1,28.488368328704,0,0,0,0,0,75,0,1,0,0,0,0,94,5.84745762711864,1,"censor",11.2575342465753
"2419","sd8286",0,0,-0.78434769510793,136.5,1.4029304029304,3.92129390890562,0.0426230694443655,0.987212557139406,17.2005004223847,1.01729501486615,0.927426868435519,1.97891014827805,0.930373149279853,10.6366617215103,6.56043571243876,6.49079339977156,85,1,24.8577876872102,0,0,0,0,0,59.5714285714286,0,1,0,0,0,0,88,1.29186602870813,1,"death",2.62191780821918
"2420","sd8289",0,0,0.184927496440049,58,0.59965034965035,4.12963689290004,0.0289304829718318,0.715042848007974,12.5233476200944,0.737297761558757,0.651463736650942,1.12711504200755,0.595341344594564,5.42905989930145,3.47731313645716,2.87218888505685,79,1,24.0289768117614,0,0,0,0,0,62.5,0,0,0,1,0,0,95,10.1362397820163,NA,"death",5.95890410958904
"2421","sd8291",0,0,-0.0184197830524098,160.5,1.34873949579832,4.53095482562711,0.0742735573323696,1.28664465019456,19.0392815239696,1.36757176906589,1.18062901635897,3.03326284395596,1.27429625111551,16.9306032289653,5.20955589547967,4.91166577407019,71,1,22.7395227689682,0,0,0,0,1,171.678571428571,0,0,0,0,0,0,100,0.287769784172662,0,"censor",10.9287671232877
"2422","sd8294",0,0,-0.331871190618421,168.5,1.64804469273743,4.7982198145384,0.0974142703674672,NA,15.6717397430917,NA,NA,2.19353815822382,NA,10.7155231947319,7.67065761511355,NA,74,0,25.5792996419534,0,0,1,1,0,112.428571428571,0,0,0,0,0,0,95,39.2016806722689,1,"death",8.87397260273973
"2423","sd8297",0,0,0.306449349385611,158,2.18161925601751,4.1413620884498,0.0451007456531178,1.18957174779055,10.5142536661491,1.23797152578366,1.09908806593043,1.569704585095,0.541073998163193,13.8320501725646,5.8102062631676,5.26339293184459,70,1,26.9367031977511,0,0,0,0,0,177.071428571429,0,1,0,0,0,0,100,15.2908587257618,0,"censor",11.5232876712329
"2424","sd8300",0,0,-0.14148899788277,104,1.43283582089552,3.4056288001131,0.033749639177866,0.836251475971042,13.1203706757132,0.86636267786761,0.797646717664694,1.18711111819491,0.693232115801021,8.62317283219605,5.31453499095977,5.54081924743959,81,1,25.3934745518318,0,0,0,0,0,150.857142857143,0,1,0,1,0,0,97,0.362537764350453,0,"death",8.01369863013699
"2425","sd8306",0,0,0.0674417939751606,171,1.8953722334004,5.42156082397533,0.0747970237650611,0.896675032103691,10.6855574940742,0.946307507832284,0.843365403605892,1.21790014282123,0.825350497356259,13.832412397047,6.94497757753809,6.60494751301308,73,1,28.9261981182781,0,0,0,0,0,143.892857142857,0,0,0,0,0,0,97,5.08474576271186,0,"censor",10.1095890410959
"2426","sd8307",0,1,0.856500677919659,50.5,0.841397849462366,2.77592220434043,0.0702825304440366,0.586231925460184,9.60404240431625,0.6135048827525,0.567109227357158,0.892473761200163,0.612273328157798,8.79101764344317,4.24248221899243,5.25960422128459,76,1,29.9145107385615,0,0,0,0,0,64.75,0,0,0,0,0,0,100,2.15568862275449,0,"dementia",7.32054794520548
"2427","sd8309",0,0,-0.342316404650811,224.5,1.70250896057348,5.41588711172146,0.0676965405639012,1.08618841908675,16.0896594525809,1.21384891196926,1.00321286117453,2.33025407739432,1.25318913067265,10.0028823637774,5.26191955602005,4.8685912746034,74,1,29.8500285646803,0,0,0,0,0,161.714285714286,1,0,0,0,0,0,97,10.4156479217604,0,"censor",10.3178082191781
"2428","sd8310",0,0,-0.371754517384611,297,2.71947194719472,7.7953799820304,0.034977605965288,0.671067664088468,11.5143285007696,0.706453278009171,0.62529433316172,1.3274368573208,1.11949955692374,16.0812295206943,6.75063330664331,6.51362891385297,71,1,23.2478159385105,0,0,0,0,0,174.571428571429,0,0,1,0,0,0,95,4.60496613995485,0,"death",7.14520547945205
"2429","sd8313",0,0,-0.0261111890104601,386,3.12631578947368,4.19643355414998,0.0534773761434664,0.829259706800595,13.0307992007249,0.876564941207804,0.744023703146719,1.89909983940176,0.935327303288869,13.5724743785761,5.86331682544364,3.58403784874504,72,1,28.5172894067515,0,0,0,0,0,118.214285714286,0,1,1,0,0,0,97,18.3896103896104,0,"death",2.96712328767123
"2430","sd8314",0,0,-0.0664372088886097,144.5,1.72357723577236,5.08077060279952,0.0576625446629375,1.26762997341768,12.6455202786735,1.40688412031537,1.1881478488287,1.78953953689413,1.55529898667028,16.1763123813938,5.42303456267625,4.29870411026265,72,0,27.1277956974801,0,0,0,0,0,143.5,0,1,1,0,0,0,98,1.455525606469,1,"censor",11.3671232876712
"2431","sd8316",0,0,-0.0903910836797905,128.5,1.49890590809628,6.37890331070995,0.0964074570912826,0.50441724953649,15.3508218892801,0.534948350112711,0.479280746733297,1.66100519525764,0.610342118097765,11.203393776235,5.34030884127926,2.81443162251447,80,1,24.3558592321916,0,0,0,0,0,120,0,1,1,0,0,0,87,29.5702005730659,1,"death",11.5178082191781
"2432","sd8319",0,0,-0.79913730014291,95.5,0.991323210412148,4.65140142447807,0.0564584698750984,1.40705698903798,17.6801953313764,1.58087773528141,1.28487122304805,2.75091790344919,0.933417669875209,11.4417805882554,4.77463315052216,3.64251061958133,86,1,27.106982114273,0,0,0,0,0,143.214285714286,0,1,0,0,0,0,91,35.6028368794326,0,"death",10.2794520547945
"2433","sd8320",0,0,-0.71179619245805,109.5,1.89908256880734,4.34523248315798,0.0445040185268968,0.954651369639654,23.8894393979611,1.05243241957635,0.889943201124069,2.98344680861093,1.68985959789396,12.5727157277319,6.25634090277231,4.91928215278925,73,1,22.1477877886958,0,0,0,0,0,75.7142857142857,0,1,0,0,0,0,98,7.55244755244755,0,"censor",10.4931506849315
"2434","sd8321",0,0,-0.97137701485141,362,2.83559322033898,7.46058743349924,0.0334762395919499,1.42791132522258,18.1357014498644,1.56624162577122,1.30427632199335,3.32973267564012,1.20091083889706,17.9423259311939,7.49398409370762,6.34484530641942,68,1,22.9595383264365,0,0,0,0,0,144.571428571429,0,0,0,0,0,0,94,8.16326530612245,1,"censor",10.6383561643836
"2435","sd8322",0,0,-0.107284304111811,311.5,3.00583657587549,4.30821236910265,0.0387298628750234,1.38358570938284,17.0071041023543,1.4375074999665,1.29342349899553,2.14437660219847,0.988962076462029,14.5293030573491,4.85541584863596,4.39012280587511,68,1,25.0388817264948,0,0,0,0,0,290.035714285714,0,0,0,0,0,0,100,4.15704387990762,0,"censor",11.4465753424658
"2436","sd8324",0,0,0.0302019415743103,237,2.5954465849387,6.07230205827219,0.0798024733048413,0.851118187745778,17.5311912889773,0.914841942863845,0.814929544384804,2.25591088116947,0.777686070727564,18.7687295590087,5.68371946400198,5.52983117481107,71,1,26.6906790342723,0,0,0,0,0,144.571428571429,0,0,0,0,0,0,94,10.1538461538462,0,"censor",3.04657534246575
"2437","sd8325",0,1,-0.3977818993447,162.5,2.42896935933148,3.91043918444097,0.0352902236068766,0.838825395467716,15.3223167595189,0.865955107417796,0.798032664998813,1.70663333597186,0.90149866103632,13.4141837455927,5.09502144970281,4.61078198042716,83,1,23.5948228476974,0,0,0,0,0,111.357142857143,0,0,0,0,0,0,88,13.3980582524272,1,"dementia",10.9315068493151
"2438","sd8327",0,0,-0.0762383403640797,136,1.80310880829016,4.23965865984586,0.0505863408777799,0.757159185790992,12.8013274234845,0.78236575525419,0.70265235401787,1.45100818711473,0.532941139011393,16.0276967871122,4.51811059091385,2.72567328636841,86,1,28.3563728863035,0,0,0,0,0,183.178571428571,0,1,0,0,0,0,94,21.6428571428571,NA,"death",9.01369863013699
"2439","sd8331",0,0,0.0827535228502796,151.5,2.64095744680851,5.82799789626224,0.0319995898890942,1.03823070787229,9.59647351538198,1.09252282224712,0.94053328335725,1.69771737108678,0.79769874250298,17.2197603035832,4.7479633335524,3.69151029211478,74,1,28.3926833080584,0,0,0,0,0,123.571428571429,0,0,0,0,0,0,94,15.3488372093023,NA,"censor",11.0849315068493
"2440","sd8332",0,0,-0.163926409044311,97.5,2.43076923076923,5.14965997636153,0.0265693606788554,0.760687658907877,7.66826508459762,0.792713493218042,0.708701716020038,1.14351265304785,0.525600781054964,12.0200116448843,8.9296402188857,8.47548996111959,72,1,26.6925884531003,0,0,0,0,0,132.785714285714,0,1,0,0,0,0,84,4.02555910543131,0,"death",7.20821917808219
"2441","sd8333",0,0,-0.52040264215527,163.5,2.20974576271186,4.906110728919,0.0618656517588565,1.03315928561576,17.2362093078761,1.11252153161827,0.992271010670351,1.85979545940375,0.910675933325316,13.4859931326087,5.76553947993498,3.72164399968297,80,1,26.2886306467235,0,0,0,0,0,108.25,0,0,0,0,0,0,95,32.1787709497207,0,"censor",3.24109589041096
"2442","sd8335",0,0,-0.49302929976058,35,0.496277915632754,6.57886816279953,0.0384407267562218,0.924279268782585,11.3528774126079,0.961070085128371,0.847905679038047,1.31711111203281,0.593978244595348,4.03071093400151,4.81646338932902,4.14288040381778,83,1,24.514308019216,0,0,0,0,0,17.8571428571429,0,1,0,0,0,0,96,4.7682119205298,1,"death",10.9780821917808
"2443","sd8336",0,0,-0.20386185617199,100.5,1.47757847533632,5.21966285472921,0.0548850131805129,1.23188631087133,11.0939388132617,1.29312513083131,1.10857499529572,1.3709006022901,0.235085341424555,11.824838300708,4.7968256823881,3.6945638716168,83,1,25.8571286214335,0,1,0,1,0,163.214285714286,0,0,0,0,0,0,88,2.32686980609418,0,"censor",5.5013698630137
"2444","sd8337",0,0,0.399420272623669,164.5,2.47803617571059,4.02482150968935,0.0614052447630036,0.60958975911078,15.9438785021773,0.646016454548338,0.587753405021292,2.04616970117368,0.68386608956162,11.4927710708811,4.21689457779941,4.34184035906362,72,1,32.3742831176565,0,0,0,0,0,171.178571428571,0,1,0,0,0,0,98,83.1511254019293,0,"censor",10.8931506849315
"2445","sd8339",0,0,-0.526863242673311,182.5,2.14725274725275,4.83814588754426,0.0470182971717099,0.683507346785936,15.6575092384597,0.709822734663013,0.648069250400093,1.59493421508494,1.31803319817514,16.2921324133815,6.90660432047525,5.67876614501831,80,1,28.0254390471475,0,0,0,0,0,59.6428571428571,0,0,0,0,0,0,95,0.79155672823219,0,"death",11.0356164383562
"2446","sd8341",0,0,0.142792311158389,53,0.786885245901639,6.40128993970544,0.0928344182791381,1.42991544307058,14.6732641505073,1.4823887837139,1.2827667068609,1.74387224722205,0.504670558304154,8.56536252535627,4.66573561756714,2.49900030046683,70,1,25.5226818274823,0,0,0,0,0,156.464285714286,0,1,0,0,0,0,93,0.864553314121037,NA,"censor",11.4219178082192
"2447","sd8342",0,0,-0.91979464177673,194,2.28426395939086,4.22792180899776,0.0404679559218546,1.11617090175699,14.4063849061827,1.16387859553615,1.03665207626833,2.61279463082956,1.41088089807783,14.1908745583464,9.14762074506421,8.13038608661928,78,1,28.8752990954856,0,0,0,0,0,161.928571428571,0,0,0,0,0,0,96,2.15938303341902,0,"censor",10.2794520547945
"2448","sd8345",0,0,-0.757258966436309,162.5,2.00238663484487,6.68121835589474,0.0408123725445864,0.979681614916255,15.1704763352306,1.06593537112045,0.916999570641422,1.93178294388174,0.671022954399902,11.5290477151317,7.7215123103147,5.39919668394354,75,1,25.8585722011898,0,0,0,0,0,138,0,0,0,0,0,0,97,2.32686980609418,0,"censor",10.4027397260274
"2449","sd8346",0,0,-0.61058953801943,110.5,1.33469387755102,5.14916218994503,0.0549177080802035,1.24297466948452,12.6398088759442,1.33744780837928,1.14920371065368,2.65158198091772,0.775352198445448,10.3246797970178,6.78448986449321,5.74803002510896,81,1,24.4741031737655,0,0,0,0,0,89.5714285714286,0,0,0,0,0,0,90,0.146341463414634,0,"censor",9.87945205479452
"2450","sd8348",0,0,-0.656062569535319,160.5,3.44444444444444,3.96004020652187,0.0584334388034109,0.88896275587885,15.6517970675285,0.924834664469353,0.832454643506504,1.70870342189543,0.921809309169365,11.7644455407884,6.88452812594539,8.37327389567552,82,1,25.3078296570162,0,0,0,0,0,74.5714285714286,0,0,0,0,0,0,100,0.220588235294118,NA,"censor",10.5479452054795
"2451","sd8349",0,0,0.36475965679077,65,1.21700879765396,3.85582891745999,0.0766123064976249,0.744010902573859,11.6774075901876,0.771994814989331,0.682787544104581,0.962803916761516,0.45630572583257,15.4819400684615,3.95329154186926,2.84318398731632,85,1,26.0181879203857,0,0,0,0,0,63.5714285714286,0,0,0,0,0,0,91,0,NA,"death",7.54794520547945
"2452","sd8354",0,0,0.261939506642671,171,1.77075812274368,4.83915877543952,0.0685438279273718,0.726748730690133,13.861394427617,0.772613586985103,0.70869964795864,1.80345282200718,0.682761355698214,12.787571845252,4.48914259332962,5.60280073104442,76,1,25.8718270434461,0,0,0,0,1,223.75,0,1,0,0,0,0,92,12.5161290322581,NA,"censor",11.0465753424658
"2453","sd8356",0,0,0.3101632378194,126,1.30065359477124,2.99290899788831,0.0894690571757688,0.95170800289964,13.0748027004368,1.01919666821718,0.889675852363692,1.60851121383176,0.951834380738091,8.31950103661421,4.77078837500504,4.62964366389331,77,1,25.1243071460545,0,0,0,0,0,147.857142857143,0,1,0,0,0,0,97,20.2056555269923,NA,"censor",11.5972602739726
"2454","sd8359",0,1,-0.0422482085863805,329.5,2.8687707641196,5.99326467662965,0.0519740630369498,0.654041937462272,6.89602889041477,0.682146558651027,0.610221456604236,0.837413957281616,0.331782454603034,17.1733253386976,6.62413287929668,4.35189162892334,79,0,20.4498900630451,0,1,0,1,0,111.785714285714,0,1,0,0,0,0,84,1.64588528678304,NA,"dementia",5.42739726027397
"2455","sd8360",0,0,0.0938099833559093,173,2.79956427015251,4.8380961630261,0.0383057098754537,1.05625683898111,9.67656025243852,1.10135240536416,0.968796428480448,0.840029601210182,0.747290841796868,12.9820178712826,3.31059102045742,4.260705520264,79,1,22.8105264358449,0,0,0,0,0,112.178571428571,1,0,1,0,0,0,98,0.867052023121387,0,"censor",11.7534246575342
"2456","sd8361",0,0,-0.64353179258247,176,2.36058700209644,4.96575384467142,0.0449363687217768,0.940439782878874,17.6900193745141,1.03698582371314,0.871138152397165,2.79684883000561,1.49993000687047,13.7157765073814,8.56877548682155,5.22155708017674,69,1,28.6926667204848,0,0,0,0,1,54,0,0,0,0,0,0,96,2.28260869565217,1,"censor",11.1123287671233
"2457","sd8362",0,0,-0.0752878969138393,209,2.0040404040404,4.1541234849155,0.0522848932140984,0.799651820308932,10.9236811766572,0.836823433546134,0.754710271066517,1.39973933599379,0.46187354331497,13.7351916895072,5.88299246322826,5.41273247644954,82,1,24.976055951117,0,0,0,0,0,119.571428571429,0,1,0,0,0,0,93,2.04379562043796,NA,"censor",11.4630136986301
"2458","sd8363",0,0,-0.81116683976621,86.5,1.37764350453172,4.8263221154438,0.0791470084254617,1.15590905748123,20.5375247471346,1.21678314441083,1.05475696292512,4.9372251279504,0.655930231899281,14.713293712227,7.66126513198863,5.4339351052,82,1,26.094024789032,0,0,0,0,0,106,0,1,0,0,0,0,94,34.551724137931,0,"death",10.3753424657534
"2459","sd8364",0,0,-0.34847702720964,183.5,2.98208955223881,8.56464754932428,0.0462052891738162,1.01335002030251,10.2592054172948,1.06065885208724,0.960925234795745,1.15567842960444,0.494665201616074,28.5999380505943,6.41166049729437,4.22474234964276,71,1,28.2307749794719,0,0,0,0,1,145.714285714286,0,0,0,0,0,0,97,0.970873786407767,0,"censor",11.241095890411
"2460","sd8365",0,0,-0.45950229244157,130,1.9747191011236,4.91373497500825,0.054753773138378,0.650626044050495,18.712990422062,0.666810779440683,0.634992159364905,2.0611004179098,0.940087747925959,15.6493261136578,4.94265294012146,5.90497281609983,85,1,29.5235671299907,0,0,0,0,0,91.4285714285714,0,1,0,0,0,0,91,3.21766561514196,0,"death",4.70958904109589
"2461","sd8368",0,0,0.115014234352699,187.5,2.04090909090909,5.3818965007092,0.052334326973662,0.731571960679509,12.8269501167055,0.764046973178842,0.689181168006148,1.48475394410171,0.757484965843441,9.8511041139858,6.49422547107022,5.38553189320061,68,1,25.3756770440046,0,0,0,0,0,112.428571428571,0,1,0,0,0,0,99,26.7226890756303,0,"censor",11.427397260274
"2462","sd8370",0,1,-0.62701423543418,139.5,1.80676328502415,4.30687347638039,0.0412770898371192,0.801653358095407,12.995918087306,0.849054135763897,0.74233945342869,1.11652308006089,0.343395314349779,12.3952136671876,7.79918680753096,6.28880859144444,85,1,25.6290047638052,0,0,0,0,1,99.4285714285714,0,1,0,0,0,0,96,2.59615384615385,NA,"dementia",1.17260273972603
"2463","sd8371",0,0,-0.404559440032349,164.5,1.68764568764569,5.55189749903259,0.039865526294117,1.28036981671977,16.972769468939,1.4013290634963,1.22422699594139,2.16039852489287,0.781478272444881,16.9604374451424,5.19956228465114,5.89387021143533,77,1,27.9329521662254,0,0,0,0,1,228,0,0,0,0,0,0,95,22.6512968299712,1,"censor",11.3671232876712
"2464","sd8373",0,0,-1.25372460846409,83.5,1.07560975609756,7.3740699165176,0.0671153959263801,1.26528778640303,24.1101996947709,1.37279419678307,1.10659426124612,3.87827856226104,2.14149234613569,11.1377561109235,6.06433475211154,4.62968442565325,75,1,30.5171653281453,0,0,0,0,0,183.392857142857,1,0,0,0,0,0,96,12.986301369863,1,"censor",10.3890410958904
"2465","sd8375",0,0,0.0111318593177103,145.5,1.68779342723005,3.56185447771639,0.0968971252225765,0.867313900339965,16.666133904595,0.921924224943333,0.793059539804851,1.968904873239,1.05488164085263,9.45219380011973,5.0936370337651,4.17571797660414,78,1,25.2385205146283,0,0,0,0,0,167.428571428571,0,0,0,0,0,0,97,21,NA,"censor",10.2054794520548
"2466","sd8377",0,0,-1.23067958855223,53,0.352671755725191,16.3848855825338,0.0688075983940905,1.09302827442771,16.5406747060822,1.22668550992574,0.935746727942001,2.12797367878888,1.60033343616093,6.82092244558312,8.12666652295223,2.2257695953164,81,1,29.6364826529722,0,0,0,0,0,67.8571428571429,0,1,0,0,0,0,95,5.90389016018307,NA,"death",9.21369863013699
"2467","sd8379",0,0,-0.70162393832842,121.5,2.58156028368794,6.76104806118138,0.0280853417415057,0.871275555843247,19.3816085872392,0.900904676833702,0.831987684237865,3.45813298627484,0.884088757357558,18.0179191736587,6.33606131246858,6.40326993023737,76,1,27.4127035545889,0,0,0,0,0,66.5,0,1,0,0,0,0,94,0.708661417322835,NA,"censor",6.53424657534247
"2468","sd8381",0,0,-0.55000950102196,132.5,2.26898734177215,4.01026015479116,0.0842398154412511,1.56099352290934,22.3562918603619,1.70588944704612,1.45182648943801,3.56615518133316,1.29103069856707,13.6105397457439,5.32498841783586,5.10529962875175,75,1,22.9082182900147,0,0,0,0,1,101.535714285714,0,1,0,1,1,0,92,0.580645161290323,0,"death",4.73150684931507
"2469","sd8383",0,0,0.08945359605177,45.5,0.666666666666667,3.57532976832008,0.106272730852789,0.965607600967651,17.1217262296509,1.1073335415048,0.951459022807956,1.98704301954749,1.13246297105464,9.89918024818701,4.08159152192979,1.02231862334251,81,1,29.2705557966311,0,0,0,0,0,192.428571428571,1,0,0,0,0,0,96,32.7692307692308,0,"death",3.70958904109589
"2471","sd8388",0,0,0.18871498538218,232,2.57089552238806,4.61205271013857,0.0669349439639054,0.643773058172531,19.5598125766621,0.685836208707453,0.610922755555455,2.46322825281811,0.784285136618311,16.3348200689455,4.81965585916701,3.44723741280596,71,1,26.4569401577503,0,0,0,0,0,268.5,0,0,1,0,0,0,96,6.13466334164589,0,"censor",11.2164383561644
"2472","sd8393",0,0,-0.36990961540844,231,2.19624217118998,4.52457467132963,0.0397594434620308,1.32908626523229,15.0947782630502,1.40773592141829,1.25125337262702,2.52727415036729,0.909163253205755,12.5352787476077,7.73139443730457,5.8550046807013,68,1,31.1989769970534,0,0,1,1,0,127.464285714286,0,1,0,0,0,0,94,7.97687861271676,0,"censor",10.0328767123288
"2474","sd8395",0,0,-1.06930807313073,135.5,1.34388185654008,7.25170911704957,0.0819385903813291,0.813908833172809,17.0259544457281,0.9599561839218,0.708062661745368,2.34373066369187,1.32929804443999,10.2190620979031,6.2731483219839,3.34933151704747,85,1,24.347807652943,0,0,0,0,1,89.2142857142857,1,0,0,0,0,0,100,9.03846153846154,NA,"death",6.29041095890411
"2475","sd8399",0,1,0.71298793225664,98.5,1.34819532908705,4.11990556368113,0.11121589517191,0.628698265059341,13.3616370356792,0.691816225979687,0.616645268722696,1.06101122075324,0.691675416425892,9.6541442140531,4.17863218676477,2.89022332256856,74,1,23.5408556352144,0,0,0,0,0,172.071428571429,0,0,0,0,0,0,96,33.1457800511509,NA,"dementia",5.63835616438356
"2476","sd8400",0,1,-0.39001844218145,104.5,2.56349206349206,5.20913294481389,0.05162518336182,1.09845450358223,16.3326728336982,1.1449287117963,1.03932236602605,1.58829268586489,0.477762489422562,8.89743632370142,5.81297209094074,3.4093809897953,75,1,26.0412510883933,0,0,0,0,0,156.392857142857,0,1,0,0,0,0,95,6.94736842105263,NA,"dementia",1.09315068493151
"2477","sd8402",0,1,0.2115706568899,101.5,1.37423312883436,5.28150560742907,0.0676871205524345,0.493934769690452,10.3247689295117,0.510110856918812,0.477021709155595,1.52109415344713,0.539657150992102,14.2460477702188,6.1193682973194,4.46705137125884,79,1,24.1788859479206,0,0,0,0,0,75.7142857142857,0,0,0,0,0,0,96,0.16,0,"dementia",3.31232876712329
"2478","sd8405",0,0,-0.19439426581459,170,2.13577023498695,3.91246597200241,0.0306836163662156,1.28026775143982,14.1582817598449,1.33398609819039,1.16567899225217,1.39977505589639,0.89441678944284,16.1216450453876,7.10088034954882,5.64574339504627,71,1,29.2876378371378,0,0,0,0,0,193.892857142857,0,1,0,0,0,0,98,25.4328358208955,1,"censor",6.4986301369863
"2479","sd8407",0,0,-0.191130510724319,86,1.03962703962704,5.46065243750421,0.0343120795350902,1.01260691242242,15.5410248513509,1.05829932911242,0.954976983436871,2.39871531442387,1.10024987730347,12.1679481435085,7.06622339484601,5.28221353061924,68,1,23.879755919309,0,0,0,0,0,197.535714285714,0,0,0,0,0,0,96,0.668523676880223,0,"censor",10.9698630136986
"2480","sd8412",0,0,0.23264034754348,92,1.67092651757189,5.57938946854388,0.0392260611052695,0.430781500140642,11.4402945839669,0.445034351903086,0.405345923822744,1.07920089545456,0.56999121932697,18.3651920133475,3.80969115478647,3.29323587619924,83,1,27.3186016763315,0,0,0,0,0,87.9285714285714,0,0,0,1,1,0,90,0.91254752851711,0,"death",8.36712328767123
"2481","sd8415",0,0,0.39450156431253,107,1.54767726161369,4.70159875266783,0.0688279281725183,0.900492636966219,13.8751734528127,0.936814173795236,0.859625501474162,1.57362747840277,0.755984120967746,10.4063455109667,5.15129653806172,3.59288754022682,69,1,31.5071410367857,0,0,0,0,1,173.857142857143,0,1,0,0,0,0,96,10.08,0,"death",9.54794520547945
"2483","sd8421",0,0,0.0173134149674794,49,1.04602510460251,5.53842193122297,0.109871134563219,0.726147470008662,11.8082450891645,0.746004387887141,0.660013396396894,1.12525448890971,0.440501308259202,9.43533608952865,2.84212336882412,1.88140901751776,92,1,25.3243081752949,0,0,0,0,0,56.75,0,1,0,0,0,0,85,25.631067961165,NA,"death",10.2164383561644
"2484","sd8423",0,0,-0.31057619426828,31,0.371287128712871,5.34231584751685,0.052216966427166,1.37563207714424,14.6786973081005,1.41268341376646,1.29121311068182,2.472929372198,0.137117257941552,9.62881500461999,4.7250505823858,6.45021362367933,83,1,26.5418667242591,0,0,0,0,0,160.857142857143,0,0,0,0,0,0,92,25.4,0,"censor",10.7917808219178
"2485","sd8424",0,0,-0.61853261116009,93.5,1.13793103448276,7.54413191467319,0.0508806262996001,1.29303793216863,22.3882741578901,1.35940485185899,1.19332732783688,2.83835925049407,1.19024754292026,10.342900620806,4.82449245587906,3.41733177357087,69,1,30.8735311348174,0,0,0,0,0,65.7142857142857,0,0,0,0,0,0,100,52.95,0,"censor",10.0712328767123
"2486","sd8433",0,0,0.22747693037518,215,2.87668161434978,4.54934339475832,0.0677244936736172,0.831161136734049,10.0565531239041,0.899586125084016,0.778022078523217,1.38298784850393,0.695606642664305,20.1857995218914,3.95470705835447,3.82587167029694,83,1,21.7654703968893,0,0,0,0,0,280.607142857143,0,1,0,0,0,0,95,15.7377049180328,0,"censor",3.38356164383562
"2487","sd8436",0,0,0.27853476587029,132,2.0303738317757,6.47448916627371,0.0573764554742244,1.04986109191546,7.36529478463668,1.08598149222961,0.937059931719611,0.783086995904091,0.487949815858428,13.0061191538063,4.59238067277751,4.6228486202221,74,1,36.2619648816949,0,0,0,0,0,111,0,1,0,0,0,0,95,4.70588235294118,NA,"censor",10.2575342465753
"2488","sd8443",0,0,-0.91083965585406,284.5,2.90909090909091,5.48912385592793,0.0374209759611177,0.903677317592496,17.1068395628188,0.938005448068957,0.848223614955861,2.14469398174208,1.08131109233649,20.591184512877,6.73831246151161,6.61840155840104,84,1,23.1697597287271,0,0,0,0,0,172.964285714286,0,0,0,0,0,0,97,4.86873508353222,0,"censor",10.0109589041096
"2489","sd8448",0,1,-0.58715107133454,224.5,1.71134020618557,6.26629706368447,0.0379874932756121,1.07689984996255,13.7231999091331,1.17254431026099,1.0056873091677,1.53163012748315,0.955658922357995,12.9681844330818,3.25464012235869,3.91863381195833,86,1,25.2155594942375,0,0,0,0,0,66.4285714285714,0,1,1,0,0,0,95,7.05179282868526,NA,"dementia",3.37260273972603
"2490","sd8450",0,0,0.196236275625139,106.5,1.1625,3.4721189644307,0.0747452910018419,0.773586565000709,14.6524769280378,0.801012769213009,0.728881835328643,1.37432653977518,0.701305289624088,6.94734348382361,4.79101805596633,6.04712600956406,78,1,26.3770507390175,0,0,0,0,1,13.8214285714286,0,1,0,0,0,0,88,1.87012987012987,0,"censor",3.60821917808219
"2491","sd8451",0,0,-0.7153892987341,66.5,0.829931972789116,7.8579808788178,0.0605862910328967,0.582685654511158,14.3574691717888,0.604293389631635,0.560552818161111,1.29605909103255,0.701429464930895,7.41780803849311,5.54348869801951,3.23235692550458,85,1,30.7891952654897,0,0,0,0,0,127.714285714286,0,0,0,0,0,0,91,20.2040816326531,0,"death",3.41095890410959
"2492","sd8458",0,0,-1.0725766805868,318,2.74658869395711,5.83322991668792,0.0202038606777243,1.01744985959232,17.1771697731565,1.06816154148444,0.946901393425391,2.23837184841615,2.12616516522173,15.2103622519525,8.34211283500301,9.05186000645771,71,1,26.0128060828173,0,0,0,0,0,102.428571428571,0,1,0,0,0,0,96,39.6088019559902,0,"censor",10.9068493150685
"2493","sd8462",0,1,-0.62741903644672,177,1.44009216589862,6.33805121352177,0.0442764631828818,0.338443073077391,14.8161388777426,0.3547985567977,0.315586805526763,1.49427775517229,1.11942284976046,9.939159696101,6.81680237103289,1.74393930834341,80,1,31.7397341797262,0,0,0,0,0,111,0,0,1,0,0,0,92,45.0461538461538,0,"dementia",6.55616438356164
"2494","sd8463",0,0,-0.228121524867269,104.5,1.39152119700748,4.52141921362266,0.0785730552105849,0.835714976796574,14.6391900103006,0.863183830045385,0.760028595380306,1.34075700082776,0.443889576629826,7.72672813496766,3.7718276032233,2.85662401886865,88,1,21.970483437833,0,0,0,0,0,72.5,1,0,1,0,0,0,99,3.1858407079646,1,"death",7.54246575342466
"2495","sd8467",0,0,-0.35008928193481,173,3.12600536193029,6.42382700135896,0.0327855741578165,0.804752316851603,13.2484659362438,0.829845805713864,0.748367606170959,1.91316689470251,0.733123446894776,14.0780755647285,5.13427169408216,5.00530634697549,77,1,33.3369361941724,0,0,0,0,1,172.214285714286,1,1,0,0,0,0,96,4.25531914893617,0,"death",7.59452054794521
"2496","sd8468",0,0,-0.76097098616226,156.5,1.16666666666667,4.86408820555183,0.0547094564710586,1.04044998414392,17.3427567723995,1.13926074221821,0.919364297144244,2.59084494312681,1.22138399614393,12.1456670423032,4.24275750064679,2.30250482973459,88,1,24.4116915373246,0,0,0,0,0,82.0714285714286,0,1,0,1,0,0,97,6.37274549098196,0,"death",7.01095890410959
"2497","sd8475",0,0,-0.25016218548767,147.5,3.00692041522491,4.25896700681937,0.0676176149183312,0.849571025514388,12.2354853048973,0.888925351176955,0.760200276323274,1.83773567502191,0.969139933479517,12.1715451748052,6.30416657652157,4.53079714530621,79,1,21.2170638235801,0,0,0,0,0,62.6071428571429,0,1,0,0,0,0,97,1.62162162162162,1,"censor",10.0301369863014
"2498","sd8476",0,0,0.25128714881269,47.5,0.476495726495726,4.91802047997898,0.0404589158803537,0.726142223452118,9.54745949010775,0.754169721410966,0.68111705334847,1.94674622087663,3.28093945525933,11.0017421800227,6.58367001739783,17.8492356176479,73,1,24.0408644082594,0,0,0,0,0,221.714285714286,0,1,0,0,0,0,97,6.1046511627907,0,"censor",11.0082191780822
"2499","sd8477",0,1,-1.46013402166346,208.5,3.33438485804416,5.68848433261143,0.0407602204678731,1.09323133782116,16.1965478175079,1.17162336507664,0.979504468189446,2.48937052115483,1.51761491908853,16.3820711162529,7.86367655603415,5.61077639862058,86,0,28.3098999466999,0,0,1,1,0,50,0,1,0,0,0,0,96,12.4342105263158,0,"dementia",5.47945205479452
"2500","sd8482",0,0,-1.10591405214603,49.5,0.616541353383459,5.09971875181031,0.0488013972584309,1.78611995415685,16.4690313428958,1.85618734801817,1.62977618659504,2.60618007087683,0.731290704617801,7.74203657261378,6.85535445718473,3.80563415175734,83,1,23.9234257560137,0,0,0,0,0,243,0,1,0,0,0,0,92,11.6981132075472,0,"censor",10.8630136986301
"2501","sd8484",0,0,0.601654560645019,134,1.17682926829268,4.43896055785362,0.0735232164976047,0.671367274869179,14.3446473178035,0.705648388631275,0.630169716689272,0.978350069883307,0.652093193187905,15.5711354926495,2.55012547911773,2.45593467029904,79,1,31.6562948939658,0,0,0,0,0,122.428571428571,1,1,0,0,0,0,97,7.3469387755102,0,"death",10.358904109589
"2502","sd8487",0,0,0.0696141211092595,110,1.43023255813953,3.72076316611782,0.0350341364112926,0.816316178244652,10.6610164207366,0.834856997575085,0.761193017318315,0.708597883114015,0.328241655380233,10.248983709689,4.52207357281968,2.81423695684013,83,1,25.2439968209733,0,0,0,0,0,95.2857142857143,0,1,0,0,0,0,92,10.6077348066298,0,"death",7.82465753424658
"2503","sd8489",0,1,-0.10595770912262,186.5,1.86106032906764,3.29600989709725,0.0741149551068007,0.742558175974265,16.3926177353842,0.787565671773112,0.717410778814044,1.67897927593688,0.974811764034297,9.62252083194149,7.18871515512295,5.9200810289066,74,0,28.3747524990916,0,0,0,0,0,196.714285714286,0,1,0,0,0,0,89,0.689655172413793,0,"dementia",3.6027397260274
"2504","sd8490",0,1,-0.37125702509812,182.5,1.82183908045977,5.09590897701147,0.0497964436981467,0.611628394767483,12.3657838883706,0.644676323293975,0.577711309366348,1.14332485548548,0.982920400134822,11.7446512001701,5.00183723252459,7.68651748179861,86,1,17.8975721943318,0,0,0,0,1,40.9642857142857,0,1,0,0,0,0,91,26.2702702702703,0,"dementia",1.14794520547945
"2505","sd8493",0,0,0.08012211600482,28,0.507518796992481,7.50557312004882,0.073716414335728,0.750486121393313,15.6810566179514,0.774896448394518,0.713187554082763,1.36650900312819,0.722249606202789,5.50351334163796,3.39291442188174,3.48333872410583,74,1,26.4540596252375,0,0,0,0,0,169.214285714286,0,1,0,1,0,0,98,22.6973684210526,NA,"death",9.17260273972603
"2506","sd8494",0,1,-0.426161297719371,61.5,0.671511627906977,4.35443305514169,0.050181734371406,0.843512158130004,16.468025316815,0.864727287879662,0.75213777170016,2.67610173762561,0.524421654086876,8.67287245493879,5.50164446891694,1.8065033916348,84,1,30.5943436886014,0,0,0,0,0,46.4285714285714,1,0,0,0,0,0,88,14.2480211081794,1,"dementia",3.50684931506849
"2507","sd8495",0,1,0.4454149640495,114.5,1.75057208237986,4.57554545907634,0.0396126983795564,1.14812748143377,8.20401954580226,1.19949611248908,1.04836653403599,1.20980342866831,0.374046452583125,15.9839176347639,6.10061674558568,4.49994173291524,70,1,25.2464657416651,0,0,0,0,0,263.571428571429,0,0,0,0,0,0,99,25.0720461095101,1,"dementia",11.3342465753425
"2508","sd8496",0,0,0.0346196588982195,149.5,1.83140877598152,5.91853104026709,0.0377718908461634,0.675273491436779,10.8544894856979,0.705722261121905,0.655268574870497,1.39849350296924,0.913003140262276,14.5959110750339,6.85315143974685,5.80888167962618,71,1,24.0357085797583,0,1,0,1,0,173,0,0,0,0,0,0,97,4.48877805486284,0,"censor",10.7232876712329
"2509","sd8497",0,0,-1.28135040540269,159.5,1.22401433691756,5.73329970511386,0.0353809297428264,0.949051947933221,15.5689033158427,0.978568682068011,0.882177439182564,2.41403854918899,1.23717682557557,7.7036385980335,9.17019630210182,7.60246582737409,81,1,29.4970211650231,0,0,0,0,0,63.1428571428571,1,0,1,0,1,0,95,7.52293577981651,0,"death",7.37534246575343
"2510","sd8498",0,0,-0.57528699315239,149,1.8041958041958,6.79230268916385,0.0619609166313919,1.52144144029053,14.4257854738705,1.57467567969415,1.35760252025307,1.95413253458572,0.850438826161841,14.0542421896126,7.0480416263762,3.617997344459,72,1,21.4568172063207,0,0,0,0,0,124,0,0,0,0,0,0,93,13.4152334152334,1,"death",10.6904109589041
"2511","sd8499",0,1,-1.70348084842898,83.5,0.916461916461917,7.16920425841288,0.046653012987535,1.21949830114816,22.8008131493648,1.28614136445347,1.16706656185011,3.43188937280085,2.05968547978355,12.9161292374069,5.48840642547321,2.50430897862479,89,1,26.678205100979,0,0,0,0,0,102.25,1,0,0,0,0,0,97,4.72602739726027,0,"dementia",3.46027397260274
"2514","sd8506",0,0,-0.42797489781458,101,1.12295081967213,5.91804354997511,0.0750955354514262,0.753042190748934,21.1605400454614,0.808151679257439,0.702244068226546,3.0748561604795,1.76134213935665,29.0525584873574,3.86552472326887,3.11369005244711,77,1,29.7226486498939,0,0,0,0,0,266.857142857143,0,0,1,0,0,0,97,14.9416342412451,1,"censor",11.2356164383562
"2515","sd8507",0,1,0.18950018129981,79.5,1.29459459459459,5.15200207179924,0.0771904841164593,0.555677180372211,15.2367438654329,0.598158535303427,0.540461638912631,1.24764854542152,0.494614225986803,13.5574828600925,4.67248949526309,4.54886081548118,80,1,26.2916660186235,0,0,0,0,0,99.8214285714286,0,0,0,0,0,0,96,3.10030395136778,NA,"dementia",1.22465753424658
"2516","sd8509",0,0,-0.57872211198157,97,1.07640067911715,6.89765268045769,0.055142052016858,1.03186776403098,11.9079888120859,1.05412882298465,0.958349637873811,1.84885648335622,0.523909420389412,7.9555375464988,5.87909731021392,4.15644128549123,82,1,25.4252958579882,0,0,0,0,0,133.678571428571,0,0,0,0,0,0,100,15.2517985611511,0,"censor",10.2191780821918
"2517","sd8516",0,0,-0.00853336519602976,46,0.693140794223827,3.96163518924623,0.0505353747601555,0.850237489129579,12.6913767989004,0.886698039551433,0.793129810233895,1.83922466381659,0.967315256879935,6.78575496392885,3.67825286266424,4.03502400237073,83,1,28.3720732050518,0,0,0,0,0,206.714285714286,0,1,1,0,0,0,95,22.2393822393822,1,"death",8.0958904109589
"2518","sd8517",0,0,0.21794820782807,56,1.05527638190955,5.60410697914695,0.0355657175583387,0.788893745495533,10.4675886236717,0.806348807026564,0.742436030468586,1.13172752031952,0.321737476422727,10.1191916066984,3.09685724040641,2.98102655663368,81,1,24.5573468465716,0,0,0,0,0,155.392857142857,0,1,0,0,0,0,93,11.027027027027,NA,"censor",10.0904109589041
"2519","sd8518",0,1,-0.20517652865223,61,1.18823529411765,4.57949743744506,0.0655339694814725,0.663852445173707,17.5077797780876,0.708556072599281,0.634589188325236,1.36809787089281,1.06905654188494,10.1074983921723,4.78045068401734,4.71072234439363,81,1,30.9322383938352,0,0,0,0,0,171.571428571429,0,0,1,0,1,0,89,81.0869565217391,0,"dementia",3.54246575342466
"2520","sd8519",0,0,0.26343000028849,117.5,1.80278422273782,3.74114428422117,0.048030204484851,0.780379436979148,10.919784214576,0.805824695460817,0.727943240656211,1.37683631689908,0.577996867272573,12.5092105962219,5.69563156643795,4.6124221254616,76,1,24.5154287630823,0,0,0,0,0,239.928571428571,0,0,0,0,0,0,96,1.09090909090909,0,"censor",10.5534246575342
"2521","sd8521",0,1,0.0601850400277598,89,1.19827586206897,5.49987975850691,0.091828406885582,0.704436440950597,12.2369633479029,0.75568755448066,0.64753642466163,1.24276625775288,0.870944335286106,10.3338739659162,5.71998468487203,4.28978909653014,78,1,30.4140352477932,0,0,0,0,0,202.714285714286,0,0,0,0,0,0,100,4.10958904109589,1,"dementia",1.09041095890411
"2522","sd8522",0,0,0.0760464235639802,103,1.25107296137339,4.7211727673004,0.082435778084499,1.01224713480074,18.0364295009079,1.10096542826722,0.938985458696677,2.23683058657818,0.959400373167506,9.32011225666105,4.00127867399832,2.77818206059724,74,1,30.8950227606517,0,0,0,0,0,120,1,0,1,0,0,0,96,29.6613995485327,0,"death",5.58356164383562
"2523","sd8525",0,1,0.13006362639623,57.5,0.534450651769087,4.37151438492448,0.042760288967423,0.554140879319662,15.106862761398,0.581252170612478,0.534319237806546,1.53039885012634,0.484709386837523,7.60135696830025,3.36947997677394,2.16767458955792,82,1,26.2032213850863,0,0,0,0,0,174.571428571429,0,1,1,0,1,0,89,1.26315789473684,1,"dementia",3.47123287671233
"2524","sd8528",0,0,-0.302851215037831,102.5,1.26046511627907,7.96961272339594,0.0833727095641939,0.647580692125692,14.3493278071827,0.670975493832861,0.577160859803884,1.49988043441067,0.598184703584568,9.63434285066906,5.50611901571657,2.85745365884104,78,1,23.368183455183,0,0,0,0,1,122.535714285714,0,0,0,0,0,0,94,10.6263498920086,NA,"censor",10.2547945205479
"2525","sd8530",0,1,0.628721228814091,84,1.06912442396313,4.48101063519371,0.0700915286761564,0.738153752533262,11.3114964020279,0.764463048325332,0.663580597353098,1.34624131746743,0.6980146859895,6.58979660954873,4.69601640835331,3.41812947339697,69,1,26.5316530404293,0,0,0,0,0,179.392857142857,0,0,0,0,1,0,92,9.84227129337539,0,"dementia",10.8904109589041
"2526","sd8531",0,0,-0.0938931074899102,83.5,1.22885572139303,3.84937295861621,0.042859222093345,1.0249806632807,11.2076621077387,1.07877264227191,0.910545001862256,1.55400653484763,0.726386892590372,10.331489279248,5.26275662672813,5.82152016859952,81,1,24.75806986761,0,0,0,0,0,156.571428571429,0,0,0,0,0,0,84,36.9886363636364,NA,"death",5.36712328767123
"2527","sd8532",0,0,-0.349843619750141,86.5,1.44078947368421,5.52281909477751,0.0570993692447078,0.884943660930364,12.6709702345539,1.07282351938991,0.823547586489843,1.40619189073643,0.574422354354953,13.7080733819763,5.28275590191877,2.79504750973721,84,1,27.3433742460617,0,0,0,0,1,38.25,0,1,0,0,0,0,89,1.78343949044586,0,"censor",10.5917808219178
"2528","sd8537",0,0,-0.206831271257531,114.5,1.27490039840637,6.38998489538565,0.17149394959045,0.704540505420575,10.7807024435324,0.785296482085143,0.678864763982481,1.36612237639484,0.672047403777186,9.11253985230088,9.79091299290426,3.83261408301775,78,1,29.0778103813213,0,0,0,0,0,133.285714285714,0,1,0,0,0,0,98,11.5841584158416,0,"censor",11.0684931506849
"2529","sd8538",0,1,-0.0642532358303498,70.5,0.833693304535637,3.55303969185523,0.0506208271105521,0.874576939920644,15.0942334127513,0.923604293209928,0.835241747921201,1.9391835281602,0.9402264276144,7.71492017057996,6.24014044693726,5.21046884595703,75,1,25.8143945035197,0,0,0,0,0,104.25,0,1,0,0,NA,0,100,3.78223495702006,0,"dementia",10.1698630136986
"2530","sd8544",0,1,-0.654676846148099,140.5,1.54643628509719,4.58434820030823,0.0419564841611366,0.925344671579347,16.5719069117403,0.962718420388232,0.873383018305831,2.09755733797899,1.18074514244408,9.86905978681171,7.5463870748679,9.74414544997074,77,0,24.6659230228162,0,0,1,1,0,154.142857142857,0,1,0,0,0,0,88,0.445544554455445,1,"dementia",5.67671232876712
"2531","sd8545",0,0,-0.35941294209368,36,0.528089887640449,7.2079019262578,0.0391807331067486,1.01634579529208,16.6281313906946,1.05119275277468,0.942313203646549,2.36782376092873,0.646621315144154,6.828969913761,4.40904598863793,3.53578325799866,75,1,29.4704354699085,0,0,1,1,0,215.178571428571,0,1,0,0,0,0,95,36.0474308300395,0,"censor",10.413698630137
"2532","sd8547",0,1,-0.546121318994631,95,1.56923076923077,8.23640047872463,0.0885372007858596,0.793188964969598,13.9568089355627,0.818965742067176,0.747818833453014,1.46338838658123,0.658414470465616,10.5323446171323,6.96368696354189,5.4299716553694,78,1,24.7632512686388,0,0,0,0,0,340.321428571429,0,0,0,0,0,0,96,3.65853658536585,0,"dementia",0.904109589041096
"2533","sd8549",0,0,-0.2195911529637,98,1.06140350877193,5.08453791733858,0.0425367335343687,1.31667534751368,14.4755501910655,1.36957481395923,1.22073699224799,1.79797301420005,1.05345023554136,5.73983374680826,3.57796168746237,3.63451515175835,76,1,33.8524379691387,0,0,0,0,0,89.9642857142857,0,1,0,0,1,0,90,34.485049833887,1,"death",3.2
"2534","sd8553",0,0,-0.562780202871291,126.5,2.29389312977099,4.44030413701898,0.0371400969901237,1.23203134340866,21.4227180972349,1.28670229341416,1.13674908069892,2.76129814810538,0.825676283130116,14.1784369412978,5.63448274207302,3.50212242604523,75,1,30.9503260855056,0,0,0,0,0,84,0,1,0,0,0,0,95,23.013698630137,0,"death",6.67123287671233
"2536","sd8556",0,0,-1.25270510385697,63.5,0.934959349593496,10.1833293215563,0.026077381655655,0.756046174230447,15.5527054129378,0.776030960057359,0.692652749594276,3.07094009711665,1.13804734374296,10.1485152481449,6.95527753626021,4.54139316040454,79,1,28.7002333176797,0,0,0,0,0,154.464285714286,0,1,0,0,0,0,97,18.88,1,"death",1.6958904109589
"2537","sd8559",0,1,-0.34925640362345,152,1.60425531914894,4.70277680791321,0.0226740532336622,1.02221068047882,11.1947459976599,1.06480387252125,0.937875957560328,1.57135851288784,1.30213051852211,10.6128042643,4.8376925332425,5.98927376543824,80,1,25.4693098823327,0,0,0,0,1,125.892857142857,0,1,0,0,0,0,92,18.4986595174263,1,"dementia",10.4219178082192
"2538","sd8560",0,0,-0.12354648072337,58.5,1.16387959866221,5.04255109924042,0.0427527328614364,NA,15.1211936639598,NA,NA,1.89611635654893,NA,11.7526589503414,4.7916160279596,NA,76,1,31.4529274462201,0,0,0,0,0,176.678571428571,0,1,0,0,0,0,96,50.5676855895196,0,"censor",10.241095890411
"2539","sd8564",0,0,-0.38241345645486,30.5,0.353754940711462,5.79934145723383,0.0510456441275253,0.694128930639406,20.6610459137144,0.723677303833118,0.650289726474873,1.93652545811184,1.40727471329866,5.14644858296179,4.10269364240185,2.73353050597984,76,1,30.0430089391128,0,0,0,0,1,111,0,1,0,0,0,0,91,12.1100917431193,0,"censor",10.7616438356164
"2540","sd8565",0,0,-0.33725581198844,165.5,3.17699115044248,5.61478177948765,0.0649723161449406,0.578214127234972,20.8016522532216,0.628833233089692,0.577792545141657,2.362125781924,1.11868147466926,15.5542786841841,5.239786582644,3.17025896414895,75,1,24.6263599357716,0,0,0,0,0,29.3928571428571,0,0,1,0,0,1,94,3.03030303030303,0,"censor",6.57534246575342
"2541","sd8568",0,1,-0.0966776715958403,107.5,1.30352941176471,3.98392508681874,0.0351251117974738,0.600504902243755,18.3196735268707,0.616997947907095,0.57883924009149,1.92270480808266,0.680009313838134,11.0033316349365,3.68381280813776,3.67378611009031,82,1,27.4189732877945,0,0,0,0,1,40.7142857142857,0,1,0,0,1,0,93,8.06941431670282,0,"dementia",1.1972602739726
"2542","sd8569",0,0,0.1741120733264,215.5,2.90549450549451,5.36088385028264,0.0676188962013735,0.586692002473512,16.1339378785123,0.649190926007208,0.593848692245699,1.17304541823032,0.890694934275526,20.3652697820479,3.79025796118626,3.58552374039129,78,1,27.3389215469065,0,0,0,0,1,92.5714285714286,1,1,1,0,0,0,100,11.1627906976744,0,"death",4.51506849315069
"2543","sd8571",0,0,-0.60271114643089,158.5,1.2962962962963,4.01057449614012,0.0436100752178379,1.01319866424589,16.7470990804451,1.07736700758326,0.959911262540854,1.77983657782698,0.722027887722146,11.908775941853,7.36992755174479,5.95768730695793,80,0,23.9000338740638,0,1,0,1,0,69.5714285714286,1,1,0,0,0,0,91,26.9603524229075,0,"death",10.6082191780822
"2544","sd8573",0,0,-0.10153191009243,194.5,3.08083140877598,5.29798245827336,0.0536814711802979,0.787513565502222,15.7764033872925,0.824887291829246,0.73887971798803,1.5607722545832,1.02321828584107,15.4951542635959,5.36606785556576,4.9529271026034,73,1,26.9665219203531,0,0,0,0,0,88.5714285714286,0,0,0,0,0,0,98,4.19047619047619,0,"death",2.7972602739726
"2545","sd8575",0,0,0.377053644272419,152.5,1.83747178329571,4.36540475196925,0.0485543862042046,0.857002435321481,10.2131434424525,0.913550360066375,0.823152999016723,1.31956591714826,0.69990908518856,15.0147741670169,4.88713304730685,5.13695523127793,75,1,22.5543935695649,0,0,0,0,0,124.214285714286,0,1,0,0,0,0,95,32.7979274611399,0,"death",5.32602739726027
"2546","sd8585",0,0,0.66666049633818,57,0.694736842105263,4.4509203964156,0.0745828021327769,0.936987218288777,12.9443498696357,0.972904564179304,0.876161220732511,1.51460990048393,0.936566579330633,4.31277641228611,3.22575455050386,5.14326801073762,69,1,31.3222541441141,0,0,0,0,0,283.071428571429,1,1,1,0,0,0,89,6.54867256637168,1,"death",11.3698630136986
"2547","sd8586",0,0,-0.77263113238088,200.5,2.08598130841122,7.43545182316572,0.0440446473717995,1.16907829466013,15.801260023924,1.21171349106939,1.04740468689828,2.03498589659577,0.941077077164864,11.9206546545173,6.47411917015773,5.65388877278791,74,1,30.2554316436182,0,0,0,0,0,145,0,1,1,0,0,0,95,4.51025056947608,0,"censor",11.1616438356164
"2548","sd8588",0,0,-0.66935062395775,235.5,2.61520737327189,9.74361594624405,0.0323773620225185,0.94431231335567,12.0392982327972,1.0847532798204,0.856453950561813,1.96207050890587,0.793808890168391,19.4709530531257,7.53682841280481,8.0710982796798,70,1,26.7886061894126,0,0,0,0,0,328.357142857143,0,0,0,0,0,0,97,2.9305912596401,0,"censor",10.4219178082192
"2549","sd8589",0,1,-0.18454120935983,111.5,1.42896174863388,5.7219708632775,0.0452334150974601,0.886116880026237,16.9679068610977,0.906483631798003,0.841594106812505,2.13238236647829,0.933609404442354,9.47550036902727,5.69746523628809,6.25756360285532,71,1,25.5954128904255,0,0,1,1,0,175.214285714286,0,0,0,0,0,0,97,14.468085106383,0,"dementia",3.54794520547945
"2550","sd8590",0,0,-0.44489255566276,88,1.03725490196078,2.92220307308213,0.0263280196389304,0.888914919755171,14.4175104001494,0.92960199879246,0.848080393707707,1.8909731444217,0.915432590173366,8.02119139283032,8.46976464572885,7.14657994778669,76,1,27.166120592694,0,0,0,0,0,197.464285714286,0,0,0,1,0,0,91,0.141843971631206,1,"censor",10.4547945205479
"2551","sd8591",0,0,-0.0799825309245904,60,1.34814814814815,7.52358209700028,0.0467393006751452,NA,14.3912758847855,NA,NA,1.45517863691798,NA,17.3165622595725,4.66996696166255,NA,73,1,28.9101415877929,0,0,0,0,0,147.25,0,1,0,0,0,0,96,6.12903225806452,0,"censor",3.27945205479452
"2553","sd8593",0,0,0.374700865430459,80.5,1.28374655647383,3.3805358337564,0.0462657140637054,0.538260477775796,13.6317530613393,0.555180954482345,0.52480687523605,1.06011168371873,0.440817756135646,7.52039579820842,5.66543776729316,3.50294600513598,73,1,26.88289685095,0,0,0,0,0,56.4285714285714,0,1,1,0,0,0,95,2.8125,0,"censor",3.14794520547945
"2554","sd8596",0,0,-1.23859620555358,144,2.15,4.54017851755086,0.0276413499482888,1.08237732962544,22.8528625183984,1.11518904344298,1.04217727266708,2.68343105512214,1.38399466921365,13.4125776215505,9.50014674631701,16.1419218454393,74,1,25.9619181984595,0,0,0,0,1,199.107142857143,0,1,1,0,0,0,93,6.99646643109541,0,"censor",3.44657534246575
"2555","sd8599",0,0,0.18785467624644,123.5,1.38526315789474,4.06126639976043,0.0425023303790177,0.876358872028066,16.6815476521204,0.938322437198265,0.841587102771211,2.6817832932675,0.704934829477761,14.0862021190161,4.16743415113777,2.94542137792032,75,1,29.3867934674645,0,0,0,0,0,48.75,0,1,0,0,0,0,97,8.11671087533156,0,"death",6.44109589041096
"2556","sd8601",0,0,-0.247377066043801,118.5,1.42548076923077,4.94145746720246,0.0321706583482695,1.14093589306769,15.0815831197741,1.19184755601647,1.06518758528942,1.69936347261898,1.2116818638461,14.3197655586797,5.25027154307188,4.70954258044078,75,1,26.6546358050146,0,0,0,0,0,123.142857142857,0,0,0,0,0,0,91,2.20735785953177,0,"censor",10.1945205479452
"2557","sd8602",0,0,-0.596483043574141,117.5,1.04251386321627,7.11700828647009,0.0314277173992343,0.50293082631884,17.6358148430661,0.516922761769679,0.477786137555417,1.48663506408654,0.938412848683875,8.147040849621,5.0536090765582,4.55235459283627,79,1,27.8453377824933,0,1,0,1,0,25,1,0,1,0,0,0,89,44.96,0,"death",2.66849315068493
"2558","sd8606",0,0,-0.293521520537711,193,1.71212121212121,5.06242393233471,0.0435863135832606,NA,13.971766566239,NA,NA,1.65883029418228,NA,10.5059400720013,6.00508463836616,NA,75,0,26.0059759151907,0,0,0,0,0,219.428571428571,0,1,0,0,0,0,98,7.98994974874372,0,"censor",10.1068493150685
"2559","sd8609",0,0,-0.69069766214198,219,1.59083969465649,6.69518626162269,0.0935309095845695,0.623272735478045,22.9267775751285,0.651531499542121,0.587402399261524,3.27271742368269,1.25328050103975,10.6725923019421,6.97795292669665,4.4178306003048,74,1,25.5362534406949,0,0,0,0,1,171,0,1,0,0,0,0,96,37.2772277227723,0,"censor",10.7808219178082
"2560","sd8610",0,1,0.42650024420245,98,1.8433734939759,5.21138144837682,0.0476596344104512,0.404364916172314,11.4279084693757,0.421385166670408,0.398148918936913,0.874003786513644,0.292216442048259,7.01520604577388,5.67832065001136,5.5871725643746,70,0,34.1452093985878,0,0,0,0,1,187.214285714286,0,1,0,0,0,0,85,3.44594594594595,0,"dementia",11.1452054794521
"2561","sd8614",0,0,-0.32131055815385,296,3.33884297520661,5.21036152006141,0.0261964524775457,1.07065849528401,14.718947917172,1.11497791175809,1.00564464050646,2.28917317216573,1.01422993822503,14.8895448141821,6.06668755011982,6.32605866616975,70,1,26.833610054937,0,0,0,0,0,313.214285714286,0,1,0,0,0,0,94,12.5862068965517,1,"censor",10.0876712328767
"2562","sd8616",0,1,-0.1863611572298,147.5,2,6.12094229828307,0.0909434540901013,0.747288946691491,14.4837428882382,0.808889766088704,0.724254239655282,1.398007309582,0.952477657688165,14.4491955972551,4.81230536151787,4.84565752193289,82,1,22.1768523033777,0,0,0,0,0,144.571428571429,0,1,1,0,0,0,98,5.11363636363636,0,"dementia",3.58356164383562
"2563","sd8617",0,0,0.0333274330181496,176,2.56103286384977,7.39794405682735,0.0456587193857255,0.806834846252371,12.3288019102566,0.828485414242978,0.763573983061217,1.3022096874497,0.830325827138988,16.9289423819347,4.36961943163178,3.93390662603159,73,1,24.3564628227044,0,0,0,0,0,141,0,0,0,0,0,0,97,7.2,0,"censor",9.91506849315068
"2564","sd8618",0,1,-0.39800111974175,51.5,0.510416666666667,3.36344611797053,0.0834395501305549,0.706241554862501,22.483414817502,0.740884064223793,0.682791482947674,2.51973370936535,1.69779121822661,8.18689357921293,5.22327839317132,5.0176871171956,81,0,31.1060950350902,0,0,0,0,0,57.5,1,1,1,0,0,0,88,25.3846153846154,0,"dementia",3.90958904109589
"2565","sd8619",0,0,-1.6128554993097,222,3.13003095975232,5.08305940719544,0.0198572744542509,1.39781342036274,23.7619173414654,1.44290190337036,1.27403314093341,5.4130512057615,1.82294612636833,19.6134440396663,11.027686740779,8.50788263193114,70,1,26.4786522297418,0,0,0,0,0,187.428571428571,0,1,1,0,0,0,100,15.1648351648352,0,"censor",11.5424657534247
"2566","sd8621",0,0,-0.244794730506121,272.5,2.48148148148148,4.59212981177477,0.0742674328075278,1.22950722769772,18.7604771446661,1.31571197082666,1.16027852781877,2.70029122247115,1.46194509509952,15.0053329594377,5.41226058465424,5.40244533451685,71,1,24.7442758906942,0,0,0,0,0,193.214285714286,0,0,0,0,0,0,98,8.82352941176471,0,"censor",10.3479452054795
"2568","sd8628",0,0,-0.58952640636649,82.5,1.21220930232558,5.28604613629728,0.0788281256282923,1.34859230294819,18.9140179949004,1.42160505862366,1.22836317864058,2.50140281922786,1.1585373119317,9.45516385041918,6.39342558406627,5.06825767830791,75,1,28.065447687377,0,0,0,0,0,231.785714285714,0,0,0,0,0,0,99,9.67741935483871,0,"censor",10.6630136986301
"2570","sd8630",0,0,-0.84748557677499,222.5,2.66169154228856,7.17695364074229,0.0326900548630509,1.43793893085523,14.1186506685948,1.5923595780811,1.36777536376958,2.64835664925192,1.09651767883162,17.1033716583136,7.36403236042144,5.40530469393132,72,0,27.1699170197122,0,0,0,0,0,122.428571428571,1,1,0,0,0,0,93,14.2784810126582,0,"censor",10.9753424657534
"2571","sd8632",0,0,-0.518237479038891,210,2.75486381322957,5.15887074440326,0.0325605028781733,1.30675856385947,14.821095496415,1.4404196020476,1.18162913077754,2.31282216352363,1.01568741718628,13.9883448868956,6.72601562478547,5.47739729942064,71,0,27.1212634116103,0,0,0,0,0,116,0,0,0,0,0,0,93,4.4141689373297,0,"censor",11.6602739726027
"2572","sd8635",0,0,-0.59558041629956,211,2.10364683301344,3.61627266332793,0.0291829067679083,0.740881859632832,15.0339751348546,0.770139590271327,0.704929691613431,1.39396981823239,0.912618245541593,10.2150498218659,5.75639883317651,6.29302226841582,85,1,29.4970852542918,0,0,0,0,0,170.678571428571,0,1,0,0,0,0,91,8.67132867132867,0,"death",5.16986301369863
"2573","sd8636",0,0,0.60697489526499,116.5,2.42857142857143,3.44361469068972,0.0890599870505688,0.747999529646343,15.3361507843857,0.818149208525966,0.718679064854877,1.87202201838567,0.845486206760205,14.080398165931,3.60007624504103,2.60534687581918,74,1,25.631090512792,0,0,0,0,0,168.142857142857,0,0,0,0,0,1,92,7.83505154639175,0,"death",9.0027397260274
"2574","sd8638",0,1,-0.19833971137179,128.5,1.07476635514019,7.91679103854599,0.0632076091882224,0.875937528896363,12.1867648635785,0.963733623028247,0.772435406037968,2.17018386804431,1.16569149652153,12.3680962154396,5.40305570901686,5.2221174330624,73,1,32.5625062632259,0,0,0,0,0,236.25,0,0,0,0,0,0,92,2.92682926829268,0,"dementia",1.32328767123288
"2575","sd8639",0,0,0.39145490791321,48.5,0.812775330396476,5.20792516438046,0.0703635573204721,NA,9.67526024909986,NA,NA,0.679807650843867,NA,6.89501238421626,5.12293575207436,NA,74,1,37.1773671814726,0,0,0,0,0,55,1,0,1,0,0,0,85,6.92957746478873,0,"death",2.03835616438356
"2576","sd8640",0,0,-0.96601792467099,359,3.40618556701031,5.56461033382308,0.0327464156107176,0.911550228214103,18.852886139153,0.945643768014384,0.838865203355606,2.71162479156862,1.32097283579411,16.7534187567638,7.21683194564883,5.6655662312606,76,1,24.0432261087482,0,0,0,0,1,273.214285714286,0,0,0,0,0,0,96,11.3609467455621,0,"censor",9.83835616438356
"2577","sd8646",0,1,0.0569528399680493,57.5,0.670212765957447,5.5611397132692,0.0474990117811947,0.87982227842897,13.0626907910378,0.93608722727527,0.827731106923328,1.54205921591048,0.597555609210187,5.82273868906854,5.70110230986375,3.59249839725535,71,1,25.8546995773579,0,1,0,1,1,62.1428571428571,0,1,0,0,1,0,88,3.15789473684211,0,"dementia",5.80547945205479
"2578","sd8650",0,1,0.44796957149893,39,1.04361370716511,3.58808787841131,0.150011046978709,1.07900515644968,18.5175773181984,1.19630324529464,1.03354005520648,1.62535444109206,0.746901496031884,9.99365457421884,5.38825114087265,3.11392568001422,73,1,27.4250145655059,0,0,1,1,1,301.857142857143,0,0,0,0,1,0,91,0,0,"dementia",10.8219178082192
"2579","sd8652",0,0,-0.74994075331755,69.5,0.706989247311828,4.8321498992953,0.0383372239341345,1.00409683448158,21.6472898593019,1.02546305844689,0.949709476627789,3.36227314562232,0.411697786118941,12.4639416723992,6.94246508198581,6.25254711764185,81,1,40.5374835995114,0,0,0,0,0,61.4285714285714,1,0,0,0,0,0,98,49.5049504950495,NA,"death",11.4520547945205
"2580","sd8653",0,1,-0.45603271350881,146,1.21052631578947,4.91813511530308,0.0516543971275785,0.808643422950368,14.6184216750616,0.844093372804995,0.768502905649932,2.05644321047627,0.965434160851189,9.98506598945081,5.80710619651069,4.11308416116658,82,1,25.905927354189,0,0,0,0,0,25,1,1,1,0,0,0,94,9.26966292134832,NA,"dementia",3.58356164383562
"2581","sd8662",0,0,-0.92390359158141,117,1.57022471910112,4.99494917739704,0.0497651081522282,1.26902905826034,20.0588169384483,1.32798944686843,1.18730068984182,2.99453206616729,1.08314371962107,8.56755651383201,9.2673535648332,7.55991565059254,70,1,21.9848433903215,0,0,0,0,0,212.357142857143,0,1,0,0,0,0,100,0.459770114942529,NA,"censor",9.80547945205479
"2582","sd8664",0,0,-0.87968178403766,161,1.50559284116331,5.31712858279147,0.0537749986119324,1.11790753247116,24.0520207679726,1.3398380072068,1.11389943410297,4.36448642535528,2.0131088634133,12.1178431813388,6.0661157930848,5.99994834466119,72,1,32.3189087541815,0,0,0,0,0,136.714285714286,1,1,1,0,0,0,88,20.8988764044944,NA,"censor",10.7780821917808
"2583","sd8666",0,0,-0.24471078709208,165.5,2.44419134396355,5.32870585289821,0.0280197914978352,0.654646151242619,17.0573996317828,0.678056788568027,0.624664477440901,1.63240880196723,0.934382130997149,10.0053885919389,5.04382437564441,4.10783657937684,73,1,41.7897831442674,0,0,0,0,0,169.928571428571,0,0,0,0,0,1,100,25.6271186440678,NA,"death",8.78082191780822
"2584","sd8667",0,0,-1.60090118254071,176.5,1.310546875,6.20990916289526,0.05411858464695,1.61426932482954,19.0181919787575,1.85808052710735,1.44676244652888,3.42312895482891,2.02399816098388,14.0953767021097,4.74265329000509,2.75488012445415,90,1,27.1346047652628,0,0,0,0,0,105.678571428571,0,1,0,1,0,0,82,34.6091644204852,NA,"death",2.60547945205479
"2585","sd8668",0,0,0.289906224036621,77,1.36842105263158,4.81851763474911,0.0786509790613358,0.750015371148861,9.50314254820793,0.826982041694514,0.6948184910707,0.81921358646363,0.189261200603117,9.57200855367241,4.1263015377146,3.12863561332974,83,1,25.0326786793641,0,0,0,0,0,143.714285714286,0,1,0,0,0,0,92,0,NA,"censor",11.0630136986301
"2586","sd8669",0,0,0.27772248725616,69,1.02863436123348,4.68607483100668,0.0380538826748059,0.947202307861199,16.2562365658522,0.972500986407748,0.901481252603792,1.53479453273029,0.683172994167498,9.72015996542679,3.29455691608277,4.64832638734931,73,0,34.2496149528807,0,0,0,0,0,65.6428571428571,0,1,0,0,0,0,86,3.13953488372093,NA,"death",7.02191780821918
"2587","sd8671",0,0,-0.35402143487277,47,1.8,6.52103451939041,0.0617495158549383,0.714008717608607,14.6910895785876,0.767016611141654,0.661793014165197,2.18269128437075,1.81612684523081,17.9908501269743,5.34936460979127,5.02828829396715,79,1,25.7035029867848,0,0,0,0,0,109.285714285714,0,0,0,0,0,0,91,21.2068965517241,NA,"censor",10.5972602739726
"2588","sd8673",0,0,-0.4845331795088,183.5,1.44133099824869,5.85107107726496,0.0711001355188472,1.11399816445945,17.4198316128208,1.18828024959914,1.05780093326115,1.64677896335019,0.646928051074493,14.1806833496211,5.09425860745393,4.7066433785008,82,0,28.2683853844981,0,0,0,0,0,137.142857142857,0,0,0,0,0,0,95,21.605504587156,NA,"death",8.64657534246575
"2589","sd8675",0,0,0.17152636044385,148,2.5816091954023,4.88803846392885,0.0406744602301145,0.873295809247239,11.5609705330458,0.92139796986073,0.816588102056967,1.42661136101908,1.70385715050856,12.3857219448899,4.66623485066446,5.96584445929534,69,1,21.5693326747377,0,0,0,0,1,172.035714285714,0,0,0,0,0,0,84,10.0303951367781,NA,"censor",11.586301369863
"2590","sd8676",0,0,-0.3708527712573,150.5,1.35363457760314,6.53481148425318,0.0674647665949741,0.958101228090907,12.8002765036711,1.01524043432975,0.876736962467586,1.89455535384911,1.05367331701781,10.6990622796792,7.34484508720568,6.8560651852223,73,1,26.645849138249,0,0,0,0,0,140.964285714286,0,0,0,0,0,0,96,7.03241895261845,NA,"censor",11.1424657534247
"2591","sd8678",0,0,-0.40915234725033,121,1.14219114219114,3.68525146604892,0.0337302864011154,1.02320419327618,14.6260418452932,1.0596146909612,0.936583735346211,2.45275830497676,1.56817199347837,8.83245146354111,6.23425085809713,4.82921936182271,76,1,30.2914335825829,0,0,0,0,0,68.1428571428571,0,1,0,0,0,0,94,28.1725888324873,NA,"death",5.6958904109589
"2592","sd8685",0,0,-0.79069712225829,251.5,3.24438902743142,6.8126210101249,0.0350745769174202,0.954231498311374,15.8131311750962,0.993734504267863,0.908590087440832,2.61107651913987,1.57913687706719,18.1687136032161,7.25722290389762,7.3419594889119,73,1,25.7310935478693,0,0,0,0,0,53.3571428571429,0,0,0,0,0,0,100,3.76119402985075,NA,"censor",9.65205479452055
"2593","sd8687",0,1,-0.47120875902973,27,0.398876404494382,6.25216402692667,0.0354107611312636,0.810746953439122,17.6764669301619,0.84298869802654,0.749307095781326,1.81193917570267,0.937615170788447,7.11035760126512,3.88051697352665,3.12006941801228,81,1,27.8181847785683,0,0,0,0,0,156.642857142857,0,1,0,0,0,0,97,1.83673469387755,NA,"dementia",5.46301369863014
"2594","sd8688",0,0,-0.16178491147983,143,1.82539682539683,5.06546790998571,0.0516050258489866,0.96712744186206,15.9368033989609,0.992932298439976,0.903140108121462,1.9483591845196,0.433166408626907,10.9757032509665,6.95118438280887,4.30670128880831,71,1,29.1524365393149,0,0,0,0,0,259.428571428571,0,1,0,0,0,0,87,34.6964856230032,NA,"death",8.94246575342466
"2595","sd8689",0,0,-1.34763792633116,175,1.48669201520913,5.72164941879111,0.0394125499089247,1.75886414657169,18.4718388793786,2.18135470032615,1.46110914143696,3.04250989505376,1.95297543704223,14.2672476484917,8.34932969472992,8.77140831908724,71,1,29.9265706461827,0,0,0,0,0,101.857142857143,0,1,0,0,0,0,97,3.24324324324324,NA,"death",9.82739726027397
"2596","sd8691",0,0,-0.92543114565376,288,3.06187624750499,7.37888482832829,0.0478971965053027,1.25419796020545,12.3871685008,1.30355091037155,1.12997170686063,1.5822783941622,1.01085967489725,18.0964432274723,10.1547292004744,8.99496882689215,70,1,30.9394749137656,0,0,0,0,0,143.5,0,0,0,0,0,0,87,11.7647058823529,0,"censor",10.6630136986301
"2597","sd8692",0,0,-0.84783737422389,111,1.35026737967914,5.92413080985582,0.0219598340097962,0.740040139361728,21.720365144311,0.772312285459233,0.695584061116764,2.21636972441187,0.709587634871544,9.94571434119839,8.29076745791146,6.52143064415495,72,1,30.220241557385,0,0,0,0,1,165.357142857143,0,1,1,0,0,0,86,42.7810650887574,0,"death",3.18082191780822
"2598","sd8694",0,0,-0.457959947795,78,1.22372881355932,5.36850170412977,0.0353521121439101,1.42196402732411,14.7733717965251,1.47297101688048,1.34312014494062,2.50032215346293,1.20337964606445,13.6553203162529,7.21857959513125,5.08348528707086,71,1,22.5668151781838,0,0,0,0,0,130.071428571429,0,1,0,0,0,0,100,10.788643533123,NA,"censor",9.90684931506849
"2599","sd8695",0,0,-0.80354780149853,191.5,1.49462365591398,6.04907740436094,0.0360823109097906,0.949882422616645,15.7395685583432,0.98414754083556,0.890352886459975,3.48162282558041,1.62588711681656,9.61480577630095,7.98051689419951,8.09474658512472,72,1,27.2996735840419,0,0,0,0,0,33.5714285714286,0,0,1,0,0,0,93,14.2325581395349,0,"censor",11.4876712328767
"2600","sd8696",0,1,-0.33680823424875,148,2.10344827586207,4.56674152282222,0.0726005166974587,1.19689009729276,17.7881268382366,1.30208248528693,1.09581018288069,4.30015101420061,1.0717710081585,14.1819938039106,7.90781747659379,6.01101778122109,69,1,22.4265511336834,1,0,0,1,0,201.785714285714,0,1,0,0,0,0,97,13.730407523511,1,"dementia",9.64383561643836
"2601","sd8697",0,0,-0.32433152432431,71.5,0.670124481327801,5.22838430119958,0.0256511081825045,1.32341187367867,14.9208615510203,1.35943722589078,1.19895429440044,2.33528000220833,0.922214166654481,5.34477683731472,5.49663329238878,4.45673879117681,71,1,26.0452750396724,0,0,0,0,0,176.142857142857,1,0,0,0,0,0,95,6.68316831683168,0,"censor",11.1013698630137
"2602","sd8699",0,0,-1.00531798275751,134,1.31506849315068,5.15527337864217,0.0251368987743164,1.89527085877563,18.8959909936647,2.02760686642537,1.73531917463531,3.3849685899023,1.36775834379729,13.7648163638771,7.82745913017862,12.166657799577,71,1,25.5888440039327,0,0,0,0,0,157.821428571429,0,1,0,0,0,0,91,17.5657894736842,NA,"censor",10.2356164383562
"2603","sd8701",0,0,-1.99086864586657,354.5,2.64525547445255,9.05637985878652,0.0432777976263653,1.19751660584783,20.252982430702,1.23925794129884,1.09762796136345,3.94769848808153,2.51158940761655,16.4813080948999,7.26923976103548,8.35816062294828,82,1,26.0583840492635,0,0,0,0,0,284.178571428571,0,1,0,0,0,0,100,31.9672131147541,1,"death",7.23287671232877
"2605","sd8703",0,0,-0.46605990223168,201.5,2.93984962406015,4.54684497899529,0.0345094233444005,1.38062916678474,10.019644778509,1.45453790170775,1.25610503539733,1.41492826532044,1.08570722879943,13.266472369145,6.69018960134422,7.97693879359663,76,1,26.0683293741847,0,0,0,0,0,164.178571428571,0,0,0,0,0,0,97,0.955414012738854,1,"censor",10.0054794520548
"2606","sd8706",0,0,-0.20879486763109,109,1.27437641723356,4.58066506718449,0.0444722195363651,1.06930907857698,19.7201937207264,1.13502331589399,1.00572071979486,3.54097155469159,1.4985756695907,12.4260448990038,5.60420815265779,4.58918297316238,69,1,32.3296363140872,0,0,0,0,0,201.821428571429,0,1,0,0,0,0,99,10.4788732394366,0,"censor",10.8301369863014
"2607","sd8707",0,0,0.34569858344142,205.5,2.17199017199017,4.28594747883934,0.0432843336721409,0.810103441900839,17.8466639314521,0.844269154510023,0.775327460353168,2.09640804200161,0.704719564652675,20.8178466107931,4.66648495614902,4.24667989849878,71,0,28.8198928390538,0,0,1,1,0,230,1,1,0,0,0,0,95,1.95845697329377,0,"death",7.51780821917808
"2608","sd8709",0,0,0.76204084301214,108,1.73181818181818,4.29558836947749,0.068699655732502,0.743125816191003,11.9532460888782,0.783059205846792,0.703040925563083,1.11985992710728,0.416051036106317,13.4349624399117,4.60607874609385,3.84409126457231,70,1,25.9556436229534,0,0,0,0,0,138.142857142857,0,1,0,0,0,0,98,3.47607052896725,1,"censor",3.75890410958904
"2609","sd8710",0,0,-0.390076366126949,175.5,1.53876739562624,4.41702025804876,0.0387263911535662,1.12605151635349,22.4258486017524,1.18102588459731,1.05413242608769,2.90151691767557,1.5378220628001,10.2563399009676,5.03080935313373,4.51296946166023,69,1,25.035137959558,0,0,0,0,0,239.071428571429,0,0,1,0,0,0,92,5.13888888888889,0,"censor",11
"2610","sd8711",0,1,0.73661657801923,92,1.09176029962547,3.77809788209434,0.125116045295175,1.0272266891787,15.0902305227235,1.11211564912985,0.988967778444154,2.1342357216525,0.377788288661039,9.50469379767065,4.6039809530309,2.28014481642603,71,0,31.8580836980624,0,0,0,0,0,187.428571428571,0,0,0,0,0,0,84,0.828729281767956,0,"dementia",11.3561643835616
"2611","sd8712",0,0,-0.39319233408861,158.5,2.58314855875831,5.66624759767296,0.0470439493908261,0.869603797984724,18.5622786263905,1.01762199428825,0.886333447768676,2.77744005423138,1.2840738975814,18.6335719569459,6.14211413671418,5.53367287276272,73,1,25.452682601458,0,0,0,0,1,203.25,0,0,0,0,1,0,97,25.3125,1,"death",10.6520547945205
"2612","sd8713",0,0,0.10854520861712,202,1.94335511982571,6.28751409705053,0.0648206525265915,0.950821219700448,17.22205054141,1.04462212505901,0.942135968854363,2.33447422337086,0.44688021640654,18.0008778355492,4.37828972332965,3.32670176871109,73,1,32.3726012987087,0,0,0,0,0,76.3928571428571,1,1,0,0,0,0,96,24,0,"censor",11.4794520547945
"2613","sd8714",0,0,0.76641055427601,117.5,1.81970649895178,6.6823896910872,0.199649310226215,0.668037663688387,10.2828480750953,0.710181845314824,0.636288818154534,1.25233563578801,0.813753091805765,25.917150077422,8.99349757641478,6.14461197303636,71,1,24.8175875252825,0,0,0,0,1,324.321428571429,0,0,0,0,0,0,94,2.5130890052356,1,"censor",10.4493150684932
"2614","sd8717",0,0,-0.54414674177149,58,0.795511221945137,3.99809290225834,0.0621542689577997,1.45222275701972,17.5932456889751,1.53963501357212,1.30892898843166,2.58798871681946,1.11942471284445,7.5884127801014,3.76934837585863,3.35037971877916,84,1,30.978180717964,0,0,0,0,0,42.8928571428571,0,1,0,0,0,0,96,23.1521739130435,0,"censor",11.5068493150685
"2615","sd8719",0,0,0.149146745218761,45,0.994428969359332,4.95416010332908,0.0331511703647857,0.962272469390844,17.9448691382748,1.02372464469665,0.899322868392571,1.93539600815439,0.89265904605223,13.5851327906597,3.14226022741995,3.08189152917244,74,0,27.6289332562096,0,0,0,0,1,2.14285714285714,0,0,1,0,0,0,98,7.54491017964072,0,"death",3.72876712328767
"2616","sd8722",0,1,0.0582471639118197,109,2.09340659340659,3.84212191684394,0.0363061404794952,0.893118622991707,14.0669080776977,0.924287073142665,0.846636647129471,1.81467377049239,0.371143957876685,11.9472855552531,6.66324286143408,4.55367657087783,72,1,27.4676216883845,0,0,0,0,0,109.821428571429,0,1,0,0,0,0,96,14.4987146529563,1,"dementia",10.7506849315069
"2617","sd8724",0,0,-0.26043808675291,165,1.98936170212766,6.04858275291379,0.034696756476118,1.2177363803088,10.8168615286456,1.26500438049395,1.10260132105035,1.2660736619709,0.442189403890357,12.6073475996624,5.93192015940114,4.50926601850265,75,1,23.1700059512002,0,0,0,0,0,142.428571428571,0,0,0,0,0,0,86,3.8755980861244,1,"censor",10.2794520547945
"2618","sd8726",0,0,-0.44981295458095,167.5,1.34623217922607,5.62067778732678,0.0627482575369404,0.747914429818554,17.7162878717918,0.806610138756499,0.698498064821871,3.29293063074635,1.60630015214567,11.2390484683143,7.69330344382951,6.89042404003852,70,1,28.4090817481807,0,0,0,0,0,271.928571428571,0,0,0,0,0,0,99,0.962566844919786,0,"death",8.83013698630137
"2619","sd8731",0,0,-0.496818705711441,89.5,1.16617210682493,5.98126120164559,0.0351417222871016,0.939318466995007,14.8018001789145,0.96712392803953,0.8500429772228,2.35068253737705,0.748475555811139,11.1801791833817,5.47155544064086,2.86598533102397,80,1,26.4642491648977,0,0,0,0,0,109.107142857143,0,1,0,0,0,0,94,21.8709677419355,1,"death",9.38904109589041
"2620","sd8734",0,0,-1.1144661298219,256,1.63695299837925,6.28827941914874,0.0330025252968172,1.28121145525638,20.6240135154833,1.51401459059477,1.31995687610138,3.73980034756372,1.12199095578227,16.4361621772412,9.55717406604961,5.11041905536344,69,1,23.6663555748602,0,0,0,0,1,167.392857142857,0,0,1,0,0,0,100,21.8069815195072,1,"censor",9.74520547945206
"2622","sd8737",0,1,0.0113568105051201,150.5,0.908242612752722,4.72450317372105,0.0723870710719957,0.615332202107009,20.1080249119873,0.63736377065229,0.590770622345518,3.02301185483033,1.11204020201924,12.3146497488268,3.37426569023624,6.04727147819147,80,0,26.9276213451022,0,0,0,0,0,121.642857142857,0,0,0,0,0,0,94,21.4184397163121,0,"dementia",1.11232876712329
"2623","sd8744",0,0,-0.67072635008788,283,3.02954545454545,6.25734123412589,0.048818046146387,0.821310268422796,13.0905187411299,0.885358057984152,0.77694945718663,2.31080206719907,0.763465575493586,17.3988799471275,8.4642115892893,4.084195858481,76,1,27.0161588799818,0,0,0,0,0,264.857142857143,0,1,0,0,0,0,97,8.37209302325581,1,"censor",10.8904109589041
"2624","sd8745",0,0,-0.515986106227609,113.5,1.78637770897833,4.65790804819189,0.0611318067840587,1.0313281022955,20.879377155156,1.09656123634381,0.939843757525656,3.84885652362054,1.72206495989042,15.3341333744836,5.21173198514636,4.99889217274668,77,1,28.7185893548708,0,0,0,0,0,148.107142857143,0,0,0,0,0,0,97,7.4247491638796,1,"death",10.0712328767123
"2625","sd8746",0,0,-0.139643004404709,126,1.68988764044944,4.28343685366112,0.078568459057956,1.02516648384573,20.1850451883269,1.11451831504374,0.982777062035677,2.15388763852413,1.70407562904272,13.7010969859078,6.18518839156839,5.99134174844855,69,1,25.0152125144688,0,0,0,0,0,94.5714285714286,0,1,0,0,0,0,97,0.16260162601626,0,"censor",10.7452054794521
"2626","sd8747",0,0,0.319249474684651,87.5,1.08176100628931,4.64667043839144,0.0563911848708038,0.317379491842576,13.6550293944869,0.331301352520998,0.313887777793376,1.07410163861449,0.500085303965722,12.4075680385773,4.17026336108612,8.12917244858508,82,1,23.6461608508197,0,1,0,1,1,50.7142857142857,0,1,0,1,0,0,82,4.75609756097561,0,"death",2.55068493150685
"2627","sd8748",0,0,-0.489947803102559,110.5,0.839506172839506,6.60800960958258,0.0248534826143695,0.348010293296801,18.3252040624469,0.357591742780163,0.34018688147902,1.9900114595265,1.01761203959656,8.71970879703754,5.47353428607245,3.97829790319322,77,1,24.9264921116074,0,0,0,0,1,98.2142857142857,0,0,0,0,0,0,93,1.875,2,"death",9.33972602739726
"2628","sd8749",0,0,-0.92510589319325,135.5,1.67023554603854,6.14282934244583,0.0265347923018631,1.21760288332917,18.1095064425361,1.35132033038085,1.01266700494116,2.50650065814994,1.83264525756271,14.1264603204557,7.60475167053406,7.50338795892154,70,1,31.7667597994488,0,0,0,0,0,216.714285714286,0,1,1,0,0,0,94,35.3757225433526,0,"censor",10.6383561643836
"2629","sd8752",0,0,-1.18219560429139,92,1.37755102040816,6.28453564791574,0.0573715211602831,1.38798308824335,20.8806971175433,1.55988885130197,1.30235866300989,4.12477970441385,2.87554406226886,15.2471000781542,6.65913669964168,5.84609093146878,74,1,25.1080824486657,0,0,0,0,0,194.357142857143,0,0,0,0,0,0,97,11.5481171548117,0,"censor",11.4657534246575
"2630","sd8757",0,0,-0.40729502553074,135,1.09208400646204,5.5363431973422,0.0593856049999341,1.15191840106782,17.6444487914717,1.19188229306176,1.01989977709625,3.27143615522451,1.1489685948116,15.0039390506257,5.53423366608702,5.03529609411183,77,1,23.1329429983669,0,1,0,1,0,144.571428571429,0,1,0,0,0,0,96,21.1764705882353,NA,"censor",10.9013698630137
"2631","sd8759",0,0,-0.330174580028449,80,0.878552971576227,5.80014380503826,0.0805677480315922,1.21185281761403,19.9403950984968,1.24848412859077,1.16068766792346,2.06830544450813,0.329203928187858,7.46456917175144,6.21184694695215,4.56468773937345,73,1,27.2149754822489,0,0,0,0,1,81,0,1,0,0,0,1,90,10.8474576271186,1,"death",7.18904109589041
"2632","sd8760",0,0,-0.253579761779299,160,1.8225,5.4597167674104,0.0543144404431969,0.948450496440303,15.0716411092373,0.997431218715831,0.87616816054824,2.01002771175091,0.726114728800427,13.2670865718248,6.92150611849731,5.35734807087861,73,1,20.5556887868718,0,0,0,0,0,171,0,0,1,1,0,0,92,9.17293233082707,1,"death",10.0849315068493
"2635","sd8771",0,0,0.0266371857793004,255.5,2.92700729927007,6.24716309514505,0.0748264865908553,0.780473025000649,13.56555299095,0.850819405292715,0.742154551581772,1.26161529423794,1.1919811520507,17.360993908403,4.69384882054107,11.2129594791907,74,1,28.0895706183091,0,0,0,0,1,267.428571428571,0,1,0,0,0,0,98,4.89539748953975,0,"censor",11.3561643835616
"2636","sd8772",0,0,-0.201376069604861,143,1.97257383966245,4.71130342410019,0.03589677754013,1.03921813736123,12.678553029255,1.07856733730969,0.969750911776474,1.38717600242148,0.744020287342545,12.6149757254717,5.35088841862744,4.68472905024069,78,1,28.3267309997149,0,0,0,0,0,191.285714285714,0,0,0,0,0,0,95,5.05102040816327,0,"death",6.88493150684932
"2637","sd8773",0,0,-0.403639310026971,90.5,0.816532258064516,7.50017821145599,0.0195112268993347,0.628030026475365,20.1147104401449,0.641151416966294,0.587458849186916,2.16178350503829,0.242425678590978,9.86030704275278,5.25833992484304,3.06062928392215,73,1,32.490320391195,0,0,0,0,0,51,0,1,0,0,0,0,90,41.6176470588235,1,"censor",11.4630136986301
"2638","sd8774",0,1,-0.68053718870387,120,1.86805555555556,5.65265538175458,0.0389736508244672,1.08769719377918,10.660439573978,1.16918448782538,1.00649698160686,1.70782870656062,2.2793219142065,18.2262804188763,6.37281748840199,7.83048985929486,81,1,24.5924346701882,0,1,0,1,0,50.7142857142857,0,1,0,0,0,0,88,3.05084745762712,NA,"dementia",10.3397260273973
"2639","sd8775",0,0,-0.0904562109323805,128,1.99191374663073,5.07933341350511,0.0667487184155099,1.17027298925859,11.1232287861207,1.24077038107858,1.04537498294249,1.54267318728937,0.498113193325246,12.1556720485241,6.79110334157854,3.84617729302807,74,1,23.4872165626134,0,1,0,1,0,238.178571428571,0,0,0,0,0,0,88,5.1063829787234,1,"censor",6.16986301369863
"2640","sd8776",0,0,-0.27841412278303,116.5,2.18886198547216,5.38037744860828,0.0735557130656013,1.23892738995306,19.7333944600353,1.32123577640439,1.06709036769706,2.8948127509746,1.01009388157715,13.3482754324251,4.95970712328197,2.75732648582671,72,1,26.3608613838266,0,0,0,0,0,172.25,0,1,1,0,0,0,98,16.5189873417722,0,"censor",10.372602739726
"2641","sd8778",0,0,-1.00697488894101,246.5,1.68376068376068,4.94816195931105,0.273549272770372,1.94569859630331,18.7751610764183,4.73669139682461,1.39459049572441,3.34121544599183,1.60497685590362,10.2452241646605,7.88472334855158,6.01632851080728,72,1,28.2738244036895,0,0,0,0,0,98.1428571428572,0,1,0,0,0,0,100,8.97637795275591,NA,"censor",11.1616438356164
"2642","sd8779",0,0,-0.41590506287712,148,1.79956427015251,5.51836613818547,0.097563809846296,1.2233333391997,16.3876718452397,1.32610201750546,1.1268172328301,2.42379124458453,0.749926446528682,9.76361761267539,7.2420883202928,6.98596067717871,74,1,28.1514309790581,0,0,1,1,0,72.8571428571429,0,0,0,0,0,0,91,32.2935779816514,0,"censor",11.0383561643836
"2643","sd8780",0,0,0.45061991228575,120,1.78486997635934,5.30971838622357,0.0494979020910877,0.448882235100161,13.444015509144,0.491197364251009,0.449899508286195,1.23218481691005,0.594439076031071,13.2124706716741,5.20261550387812,3.39293203616267,70,1,27.8956797768346,0,0,0,0,1,100.821428571429,0,1,0,1,0,0,99,16.3455149501661,0,"censor",11.0301369863014
"2644","sd8781",0,0,0.3632343075246,139,1.77628635346756,4.69809715542231,0.0978717262241137,1.13638869951824,12.3117286474316,1.19364075019899,1.03230110972084,1.42220514522694,0.744827173257647,13.3258707809222,6.34984226620732,3.58315951609555,69,0,25.1870023514196,0,0,1,1,0,342.964285714286,0,0,0,0,0,0,92,12.0814479638009,0,"censor",10.9561643835616
"2645","sd8783",0,0,0.28401767024295,80.5,1.01176470588235,3.79309894218243,0.0739671773549451,0.826679722121099,12.9577199205118,0.961401460107279,0.806573025825008,2.12964451060693,0.646557429427221,12.9690295946056,5.46270744121627,2.30963732535601,77,1,21.3262017684402,0,1,0,1,1,154.214285714286,0,1,0,0,0,0,98,2.27272727272727,0,"death",6.64657534246575
"2646","sd8786",0,0,-0.29223693115797,173.5,2.29656419529837,4.50439208140751,0.0556233019652808,0.909313349981773,14.9697674441948,0.944112375410408,0.846008580069174,1.2285784875131,2.13464232777372,10.6119030305262,6.1958689486433,9.20067131862438,71,1,21.9649576556801,0,0,0,0,1,150,0,1,0,0,0,0,99,14.4545454545455,0,"censor",10.6931506849315
"2647","sd8788",0,0,0.24976874321375,151.5,1.91982182628062,4.12834022333682,0.0703602277679226,0.716356196912443,13.4847709847127,0.781167050821967,0.701554638858449,1.46066193640283,0.834561057659331,11.4607085747554,6.2788234441983,2.84784825525422,71,1,31.6003459613017,0,0,0,0,1,118.714285714286,0,1,0,0,0,0,99,21.0179640718563,0,"death",2.08219178082192
"2648","sd8789",0,0,-0.49461592064239,106,1.08623853211009,6.63749992840112,0.0633197229955867,0.948079735671009,14.3320778929277,1.04846563661404,0.852724612271345,2.55887551536867,1.16275137462079,12.1541982992694,8.30430541293023,5.75799116964075,71,1,33.7962813435537,0,0,0,0,0,180.214285714286,0,1,0,0,0,0,97,36.8807339449541,0,"censor",10.1123287671233
"2649","sd8790",0,0,-0.08628200614897,106.5,0.811501597444089,5.5313659187681,0.0811153311601467,0.755324008277458,16.6946132342792,0.775756911479335,0.726042403600859,1.35615000626924,0.490040992202238,8.12364460840443,3.38363217757739,3.9524241821344,84,1,28.2826215720382,0,0,0,0,0,92.9642857142857,1,1,1,0,0,0,90,16.2162162162162,0,"death",5.87123287671233
"2650","sd8792",0,0,-0.70864197156395,242.5,3.28985507246377,6.07110430474988,0.0305764685124272,0.990314107700702,15.5997292640594,1.02311058112076,0.909086800008088,2.40170856340071,0.864910227601114,16.7586551183572,8.73322970198487,5.11373391738497,70,1,20.4327684771198,0,1,0,1,0,231.714285714286,0,0,0,0,0,0,85,2.77929155313352,0,"censor",11.1835616438356
"2651","sd8794",0,0,0.699252957791251,249,2.70537634408602,4.09473296734945,0.0823759965389008,0.65874974292409,13.4823122682026,0.772065993244852,0.6607399226149,1.55939036663714,0.725269715862821,14.3534941650155,3.93752333853621,3.15636850595827,70,1,30.6016016624921,0,0,0,0,0,179.571428571429,0,1,0,0,0,0,92,4.84149855907781,0,"censor",10.7780821917808
"2652","sd8796",0,0,-0.24788342797027,99.5,0.928440366972477,6.07814863744082,0.060393453637026,1.06858012907538,19.040540261214,1.1421327439042,0.951932484376523,2.38920228842484,1.48018364774114,9.5050984879587,4.6223165863319,3.59096945580059,70,1,26.9675375787762,0,0,0,0,0,237,0,1,0,0,0,0,99,17.7304964539007,0,"censor",10.9643835616438
"2653","sd8799",0,0,-0.695073887906,204,2.5093896713615,5.44260819877008,0.0486873422119872,1.23821006366795,10.2096315116044,1.27491111141412,1.11937645953574,1.83127076538931,0.757374017755335,14.0070647200589,8.53270739116444,6.49461110186829,78,1,21.946491343578,0,0,0,0,0,173.035714285714,1,1,0,0,0,0,89,0,0,"censor",9.49041095890411
"2654","sd8803",0,0,0.241162951423981,181,2.37464788732394,5.16346024916136,0.0373884236019328,0.751494796050889,9.76954314811705,0.781724324843915,0.69584357979177,1.36167295375367,1.04666408151337,17.0810445073215,6.42347721148983,8.32997984781867,70,1,25.3873965858593,0,1,0,1,0,146.25,0,0,0,0,0,0,96,7.28434504792332,NA,"censor",11.4246575342466
"2655","sd8804",0,0,-0.639234791988029,227.5,2.18326693227092,4.59716901918657,0.0613035274518784,1.36847261976005,15.5360388499435,1.49520201734477,1.29878289076373,2.64993921560796,0.736518081656376,11.9357781782538,7.82956715626113,6.37041127879007,75,1,22.8932958269958,0,1,0,1,0,125.714285714286,0,0,0,0,0,0,89,8.01007556675063,0,"censor",6.6
"2656","sd8805",0,0,0.63017790339192,24,1.3936170212766,4.71366468993099,0.0609145488391524,0.773071132891235,6.08724082838344,0.803247000128236,0.739097051673821,0.649848028561926,0.377349855478618,12.3066917358242,6.24436281286984,7.31720947619379,73,1,36.488933613685,0,0,0,0,1,50.7142857142857,0,1,0,0,0,0,90,7.77777777777778,0,"censor",3.85205479452055
"2657","sd8807",0,0,-0.69755763836533,126,1.90184049079755,3.80125404718667,0.0462654994617663,0.911234859020864,16.7423922206638,0.941839884667652,0.855886196321146,2.40131073478221,0.955837047628695,9.90141439039589,8.36812115731812,7.72044145237108,78,1,27.9403084911273,0,0,0,0,0,135.785714285714,0,1,0,0,0,0,91,5.59485530546624,0,"censor",3.73972602739726
"2658","sd8809",0,0,0.26138377017284,124.5,1.77594339622642,3.79321795340125,0.0307171753029331,NA,9.02031518789507,NA,NA,1.02069244220054,NA,13.4348983782163,4.47064467834719,NA,79,1,26.3825134237291,0,0,0,0,0,166.178571428571,0,1,0,0,0,0,98,9.185667752443,0,"death",10.8027397260274
"2659","sd8810",0,1,-1.88574283442103,229,0.910216718266254,7.49232591104584,0.0321275780032605,1.55987727655459,18.9569547628836,1.97891902864766,1.18146706312861,3.43122926769471,1.64523250276577,10.178105288281,10.1883996017449,10.9567927063154,72,1,26.0381202075458,0,0,0,0,0,134.678571428571,0,0,0,0,0,0,98,10.0671140939597,1,"dementia",3.51232876712329
"2660","sd8811",0,0,0.19458183374725,207.5,2.41011235955056,5.64171868685647,0.065905874178371,0.862044199174339,15.4453857132164,0.937794751333658,0.827310175265351,1.99079626938526,0.501064045415189,19.1926487721074,5.61985436364245,3.15546527510774,71,1,27.7024992472147,0,0,0,0,0,147.857142857143,0,0,0,0,0,0,96,22.5,0,"censor",11.172602739726
"2661","sd8813",0,0,-0.173821311094009,71,0.681318681318681,6.41357059304916,0.0968584911724819,0.655772811330789,18.2943825972083,0.737460588233705,0.652864011858332,3.35047583600718,1.31557624642324,7.38621886161087,5.96420117769035,3.85641094367738,72,1,24.8572838981106,0,0,0,0,0,135.035714285714,0,1,0,0,0,0,100,3.47826086956522,1,"death",11.9479452054795
"2662","sd8816",0,0,0.16187140815546,50,0.762177650429799,4.21381407809617,0.0399937708432373,0.607919779203389,14.1932276568755,0.636631815039001,0.574105722749828,2.20328507429637,0.852725431434665,7.57731735422258,3.94391929212297,2.99966531257863,78,1,27.431151626612,0,0,0,0,0,119.571428571429,1,0,1,0,0,0,93,3.46938775510204,1,"death",6.04931506849315
"2663","sd8818",0,0,0.85920802738313,97.5,1.41558441558442,4.17650741351311,0.111326434252239,0.555002149238515,12.447508337741,0.614381754640719,0.511883329961711,1.53515381990896,0.511845859643533,20.9539567335286,5.46294411162192,2.55202970677714,75,1,32.8480681717749,0,0,0,0,1,93.4285714285714,0,1,1,0,0,0,88,1.43236074270557,0,"censor",11.1452054794521
"2664","sd8820",0,0,-0.28592533713325,74,1.38046272493573,4.92176479017363,0.0526794032314438,1.60822750213355,12.6481699763663,1.73158706811609,1.39985077606939,1.72841531392006,1.03191543691613,12.0099190090301,5.00351284958712,4.73359462334256,76,1,27.6349545840023,0,0,0,0,0,161.892857142857,0,0,0,0,0,0,88,25.3211009174312,0,"death",9.58630136986301
"2665","sd8821",0,1,0.0662877876256005,196.5,2.71460674157303,3.75745406594871,0.0397832036031629,0.983114707083268,11.0851679260212,1.02936022858118,0.914380919726049,1.34091740519219,0.229742246465716,14.2579391084541,6.25360265009702,6.33496938587305,76,1,25.9738151476043,0,0,0,0,0,97.7142857142857,0,0,0,0,0,0,98,6.19047619047619,0,"dementia",10.8849315068493
"2666","sd8822",0,0,-0.23631467819786,143,1.48029556650246,5.25046226111068,0.0628520843040907,0.970273056935719,17.6270500420383,1.02210209848592,0.9100667804345,2.88488572421714,1.01576277663228,15.4383976280222,6.26486116183114,4.78780684238512,74,1,30.3783065751083,0,0,0,0,1,82.1428571428571,0,0,0,0,0,0,99,8.21917808219178,1,"censor",12.1287671232877
"2667","sd8823",0,0,0.0262526062257393,281.5,2.62540716612378,6.67684305907085,0.0526246893610582,0.786746544884344,15.289722500732,0.834668934837985,0.752397744521587,1.30447064453244,0.561989949928046,20.8942015683671,4.14529026272418,4.19919621572699,76,1,21.6433342383838,0,0,0,0,0,165.892857142857,1,1,0,0,0,0,99,3.6,0,"death",11.8602739726027
"2668","sd8824",0,0,-1.19476069981684,101.5,0.903292181069959,7.46926597015829,0.0784705553895238,0.850429925781564,18.6563027734388,0.918093273275537,0.805148358250849,2.7395702379019,2.13416809311958,12.1022830327023,8.68368670065356,4.58799694981438,77,1,27.5971785943296,0,0,0,0,0,86,0,1,0,0,0,0,98,16.6216216216216,0,"censor",11.0876712328767
"2669","sd8825",0,0,-0.35103534502347,220.5,3.55924170616114,6.146256478759,0.0629362501220466,1.62615774365755,18.2941689563932,1.70841339736854,1.48401435718599,2.24725100309386,0.651984952771046,18.7338060903589,5.45421843715926,4.59122361787551,69,1,26.0726621391398,1,0,0,1,0,136.428571428571,0,0,0,0,0,0,100,0.727272727272727,0,"censor",10.4328767123288
"2670","sd8828",0,0,0.4631869996136,94.5,1.38429752066116,2.38801370686733,0.0566165196525721,0.808638099456686,15.1957605819406,0.857168165776898,0.761558984738035,1.38325098584663,0.901040810151069,10.4073243203648,2.98970634225939,2.40462476759942,78,1,32.9617737402215,0,0,0,0,0,135.5,0,0,0,0,0,0,89,4.40217391304348,0,"censor",10.2027397260274
"2671","sd8829",0,1,-0.91676788580066,80,2.29850746268657,6.26592064688565,0.0396188150588406,1.09875105925008,13.0133028111703,1.18373389100138,1.02784113944165,1.51188015511109,0.798936426556724,15.2914741644005,9.53783171056808,7.89637119039152,77,1,24.8905858492722,0,0,0,0,1,242.928571428571,0,0,0,0,0,0,84,2.97029702970297,2,"dementia",0.986301369863014
"2672","sd8830",0,0,-0.53195946352165,85.5,0.617537313432836,7.41160369577752,0.0217215425969092,0.655542263370629,13.3778379331379,0.668017957158452,0.617641261738954,1.90881847539562,0.741910355034245,7.302465704414,5.42770548971988,4.14877049508648,79,1,28.5627723669995,0,0,0,0,0,249.464285714286,0,0,0,0,1,0,90,5.62962962962963,1,"death",3.00547945205479
"2673","sd8831",0,0,-1.6468013695857,159,1.66596194503171,4.60016536909567,0.0419293400931646,1.39940340847781,21.7537668574559,1.44707821450354,1.3006126991465,3.35305472631457,1.22383386046393,11.2759626071096,10.712150314054,8.71386295700526,79,1,27.2503926676227,0,0,0,0,0,50,0,1,0,0,0,0,93,29.7547683923706,0,"death",4.23561643835616
"2674","sd8834",0,0,0.0557228487559698,276,2.56363636363636,5.35083972111317,0.0526542070312909,0.808430028086371,13.5867558046259,0.876221588594077,0.795092995556264,1.10967131579361,0.672388986693306,12.9706346948797,5.27462364195171,4.43761509712109,72,1,28.6614824991295,0,0,0,0,1,70.6428571428571,0,1,0,0,0,0,99,20.3940886699507,NA,"censor",10.7205479452055
"2675","sd8835",0,0,-0.90313586834948,256.5,3.60933660933661,6.4072252013493,0.0308908207233357,1.02480103015994,11.9550771057676,1.07544301730625,0.937090460795406,1.68150974209426,0.845610682953556,17.2037828540323,8.68690723703479,9.47532808437611,77,1,23.03303725944,0,0,0,0,0,166.714285714286,0,0,1,0,0,0,96,13.2046332046332,1,"death",12.0109589041096
"2676","sd8836",0,0,-0.670850322080361,256.5,3.60933660933661,6.4072252013493,0.0308908207233357,1.02480103015994,11.9550771057676,1.07544301730625,0.937090460795406,1.68150974209426,0.845610682953556,17.2037828540323,8.68690723703479,9.47532808437611,72,1,26.1106111685013,0,0,1,1,0,80.75,1,1,0,0,1,0,85,20.4747774480712,0,"censor",10.1534246575342
"2677","sd8841",0,0,0.00687515937813998,146.5,1.58691588785047,4.13538765098563,0.0697470589785902,0.936918671105462,18.6912143455252,1.00549594758051,0.879310726467572,2.52607982069322,1.1489686621704,12.728439442122,5.1048366477951,5.99053053249535,73,1,31.5898608995719,0,0,0,0,0,199.107142857143,0,0,0,0,0,0,97,10.8510638297872,0,"censor",10.6054794520548
"2678","sd8842",0,0,-0.31037979252683,92,1.18023255813953,6.8878221760169,0.129152847719164,0.90810612814303,15.3591106078046,0.954737752146298,0.850052558730688,3.13356797085172,1.33056717230216,18.4677287631003,8.68520542453787,7.30977893702608,75,1,23.6800059599116,0,0,0,0,0,132.714285714286,0,0,1,0,0,0,94,2,0,"censor",3.63561643835616
"2679","sd8844",0,0,-0.45864869014095,120.5,0.996116504854369,4.6621840711329,0.0432899945844759,1.0364574877147,16.6236295938741,1.12721302072143,1.0221112377022,2.13542591772372,1.35354002170924,10.2583136807089,6.13601008944146,6.03925364600131,76,1,29.7409055471967,0,0,0,0,0,212.285714285714,0,0,0,0,0,0,96,7.40963855421687,0,"censor",10.9178082191781
"2680","sd8849",0,0,0.10745719469675,119,1.12103174603175,6.17258865759309,0.0715625719865084,0.773379649486629,17.2437555717888,0.817307526119867,0.726616571001418,1.72359892445833,1.49586672814197,14.5447425760003,3.44935343825821,3.06364029707736,74,1,26.974727802739,0,0,0,0,1,129.214285714286,0,0,1,0,0,0,95,16.6844919786096,1,"censor",9.85753424657534
"2681","sd8854",0,0,-1.05692498167148,142,1.46109510086455,5.97238090303439,0.0355751489046785,1.40766787849054,16.2882785024476,1.46040803762219,1.31646811836442,2.59146405732657,0.907289744667354,15.7385205715323,8.33920577309623,6.06429722661581,79,1,24.6522866424979,0,0,0,0,0,114.571428571429,0,1,0,0,0,0,100,8.21917808219178,0,"death",11.2958904109589
"2682","sd8855",0,0,-0.131583522740949,97,0.816618911174785,3.57033369030698,0.0603588923977354,1.39555661698814,15.1639114691052,1.65461939430381,1.18947188686854,2.76426758090659,0.734626304007939,8.68615358553289,5.70725900357278,4.3515320479541,73,1,29.79152040536,0,0,0,0,0,163.5,1,1,0,0,0,0,97,4.90196078431373,0,"death",3.34246575342466
"2683","sd8858",0,1,-1.23278824184993,137,2.06413994169096,4.79118808679757,0.0430841959865089,1.21968998377043,21.0160834433358,1.26925528463981,1.11447226080013,3.40299654143202,2.05286526730109,10.5326053738317,7.84804608232195,8.80038790247109,76,1,22.913520056528,0,0,0,0,0,236.428571428571,0,0,0,1,0,0,93,8.1203007518797,1,"dementia",3.7041095890411
"2684","sd8863",0,1,0.4239114908117,49.5,0.714285714285714,3.19440608919705,0.0429806970744597,0.777802302591635,13.7975435085941,0.817674941452687,0.710793296687499,1.57105209593048,1.02010670608519,6.74271951162862,4.95540400289113,4.21981910761462,70,1,24.945598214887,0,0,0,0,0,259.428571428571,0,1,0,0,0,0,95,18.2,1,"dementia",10.8164383561644
"2685","sd8865",0,0,-0.00450036887250036,95,1.09024390243902,5.11717321922402,0.0437974441826833,NA,11.5400238295083,NA,NA,2.01221487570435,NA,11.2728872038897,6.05039212232678,NA,73,1,29.9680699367967,0,0,0,0,0,310.5,0,1,0,0,0,0,97,28.8888888888889,0,"censor",10.2712328767123
"2686","sd8866",0,0,-0.68882917361484,105.5,1.14485981308411,4.28532756041575,0.0269788579222039,1.00318579312253,14.3948729370456,1.42731401826764,0.886886839272185,1.76758396763815,0.729171755228974,10.1019384994582,6.68818155850119,6.15093185570921,80,1,26.9224841525351,0,0,0,0,0,269.785714285714,0,0,0,0,0,0,98,3.7956204379562,0,"censor",9.95068493150685
"2687","sd8868",0,1,-0.187809675708939,220,1.34179104477612,6.68276522473591,0.040108184077297,0.677150541599342,14.3052564745138,0.698313795588532,0.635055151516071,1.65542706504179,0.784146542484609,12.4700603203782,5.62305888001831,5.41197286361341,74,1,18.0907210993375,0,0,0,0,0,37.5,0,0,0,0,0,0,85,34.3626570915619,2,"dementia",3.8027397260274
"2688","sd8869",0,0,-0.85077503421432,221,2.06981981981982,8.1229380965855,0.0408073556251728,1.0248899384956,15.119590465795,1.07568566598136,0.903201656039281,3.01356262541082,0.887594370588211,15.2261416944424,7.05111752401562,3.63892782644592,75,1,27.538159072235,0,0,0,0,1,221.714285714286,0,1,0,0,0,0,97,6.63157894736842,1,"death",9.81095890410959
"2689","sd8870",0,0,0.118879062487871,67,0.89010989010989,4.40397380085423,0.0378244166621341,0.855824397465089,11.0329950129507,0.894959599692044,0.800211453820119,1.22943877567959,0.443025802533765,9.63538860350428,6.17116592940509,3.80652923078232,75,1,25.7830367300024,0,0,0,0,0,387.964285714286,0,0,0,0,0,0,88,5.31317494600432,1,"censor",3.74246575342466
"2690","sd8871",0,0,-0.49390323290466,86,1.13766233766234,5.45369464601271,0.0536122718563425,1.24199397009661,20.550966189151,1.34252190333944,1.1695740685551,3.94534490299418,1.35564131019592,12.3648200918821,5.42617091633186,5.51131949085358,73,1,24.7385615076229,0,0,0,0,0,118,0,1,0,0,0,0,100,12.0805369127517,0,"censor",11.2547945205479
"2691","sd8872",0,1,-0.64234574595088,61,0.636363636363636,6.91290402070268,0.0447879236070221,0.726922776760673,17.8812003845395,0.758413053514986,0.680325475419595,2.70858050068159,1.53693656465935,8.07196458500974,6.46124302987004,7.52932464585617,74,1,27.4775074957905,0,0,0,0,0,260,0,1,0,0,0,0,93,8.84792626728111,0,"dementia",1.01917808219178
"2692","sd8873",0,0,0.0960291378458606,45,0.753378378378378,4.59937292266208,0.0446877657193274,0.862028756080143,18.6508623100275,4.06854020826222,0.720576153989801,1.97215248316146,1.02223059591856,11.9826880506924,4.23985182775398,5.24334668025931,73,1,28.1737431702329,0,0,0,0,0,144.571428571429,0,1,1,0,0,0,81,6.14634146341463,0,"censor",10.8986301369863
"2693","sd8876",0,0,-0.18627320098157,156,1.04299363057325,6.51778325083858,0.0608330975906815,0.817200548670327,16.0458314361005,0.836182790664411,0.768156151291378,1.75002828798113,0.558549725994935,10.8274070597077,4.25262774344687,3.73723667418366,79,1,24.6689475019607,0,0,0,0,0,177.321428571429,0,0,0,0,0,0,93,33.7888198757764,1,"censor",10.9123287671233
"2694","sd8877",0,0,-0.258963161000941,55,0.434125269978402,3.74584263456747,0.0531645935121493,0.894385760250333,17.0604067865106,0.948930300299575,0.857180163436568,3.22322838422995,1.06649114500368,5.54891414936584,5.07920411833411,2.55498891734819,79,0,25.253032612644,0,0,0,0,0,250.428571428571,0,1,1,0,0,0,91,5.18731988472623,1,"censor",11.2438356164384
"2695","sd8878",0,0,0.71062957847117,54.5,0.718279569892473,2.29077973154514,0.0923506748140855,0.875782407991184,12.1281059859332,0.956185669467446,0.833983606260759,1.46259399148837,0.661601175589266,5.63334634058197,3.00370560711725,3.22325733847417,79,0,25.0782212595361,0,0,0,0,0,131.714285714286,0,1,0,0,0,0,94,4.07079646017699,0,"death",9.72602739726027
"2696","sd8879",0,0,0.31706879369367,199,1.93352601156069,6.01876962351536,0.0768677079510629,0.830428872834662,9.4889189585679,0.879373661803078,0.774360214890135,1.31814878047163,0.451121879172807,17.8897695960656,6.72987305046395,4.52971058720431,72,1,23.8434915652886,1,0,0,1,0,194.571428571429,0,0,0,0,0,0,94,3.5036496350365,1,"death",11.8794520547945
"2697","sd8880",0,1,-0.30581286195326,136,1.81472081218274,4.69310355863431,0.035245415821396,0.787161428357069,18.4644576052331,0.821261672816583,0.734588106317421,2.33079638646847,0.996703403252776,11.2356039195188,5.63038370174015,4.06283352048113,74,1,25.3034904684578,0,0,0,0,0,165.571428571429,0,0,0,0,0,0,90,2.02409638554217,0,"dementia",3.7972602739726
"2698","sd8881",0,0,-0.67093749591437,112.5,1.5075,5.16275699284256,0.0553840520595752,1.54886101235682,16.0990604182535,1.66232695087395,1.46482969417128,2.6934172034777,1.59157821565214,14.2743353867842,7.30239279552083,6.82229710803876,73,1,29.5091769657577,0,0,0,0,0,92.5,0,1,0,0,0,0,90,32.4932975871314,1,"censor",11.3917808219178
"2699","sd8882",0,0,0.49189927964358,149.5,2.43356643356643,2.86578007803088,0.0579928970847106,0.823550333719935,10.4583642909944,0.864798466440017,0.773753193951646,0.617444001385413,0.376851201115785,8.04490615692194,3.44615064604473,1.54290675362114,78,1,24.509058577012,0,0,0,0,1,129.357142857143,0,0,0,0,0,0,89,0.474308300395257,1,"death",8.49041095890411
"2700","sd8885",0,0,-0.10166802206291,88,1.18568232662192,4.10393046635207,0.0460189292282085,0.945531528258413,17.6751039312408,0.980838776284359,0.899391551014613,2.59982057500068,0.346611648984992,12.7972577594092,6.83914161479906,6.88575111919591,74,1,23.5988463635484,0,0,0,0,0,89.2857142857143,0,1,1,0,0,0,91,5.21052631578947,0,"censor",9.81917808219178
"2701","sd8886",0,1,-0.173975998054,97.5,1.14840182648402,6.14203311530113,0.0558793834772074,1.0216241791973,12.6639687102822,1.1741696147636,0.975143209496601,1.93865183518478,0.583313542215711,9.94616055203221,6.01876135610137,4.5072887905023,74,1,22.7538507801798,0,0,0,0,0,144.321428571429,1,1,1,0,0,0,99,10.1036269430052,1,"dementia",5.58356164383562
"2702","sd8887",0,0,0.0133938379413394,116.5,1.37203791469194,4.6320657750089,0.0496061675215057,0.64839712377866,13.1773598160968,0.674802520217684,0.612400888438384,1.069337719058,0.560944966654371,9.61265971058844,6.20769957071373,5.96849294813486,76,1,27.866770117279,0,0,0,0,0,146.5,1,0,0,0,0,0,99,17.8481012658228,0,"censor",10.9369863013699
"2703","sd8889",0,0,-0.472906829203571,143,1.11713665943601,4.77713803868746,0.0308353990293661,1.0076326210167,20.2644000843155,1.07115134791077,0.951298060126975,3.25883288265018,0.530020008017456,13.8158892215501,6.25237524364068,4.39620080698934,76,1,20.0190029123444,0,0,1,1,0,58.5714285714286,0,1,0,0,0,0,87,36.0989010989011,1,"death",4.13698630136986
"2704","sd8890",0,0,-0.16924295193967,114,1.04016064257028,4.91424140127437,0.0537082706147914,0.951558030729968,17.1549845561737,0.996568158258898,0.895255828909266,2.09910649067586,0.365276495457358,10.8700186006856,4.99091055952016,5.94526383833394,79,1,23.8859323183871,0,0,0,0,0,116.214285714286,1,1,1,0,0,0,95,26.0189573459716,0,"death",3.84383561643836
"2705","sd8892",0,1,-0.0387394649578695,75.5,1.02094240837696,5.55362274018605,0.130592730105206,0.661380148684679,14.9299555534612,0.707738848458651,0.614767012530128,3.93993683998898,0.836854233544987,8.7002602176815,8.03960227845,4.51493702855037,74,1,25.7460376336521,0,0,0,0,1,370.857142857143,0,0,0,0,0,0,98,12.2727272727273,0,"dementia",10.9068493150685
"2706","sd8893",0,0,-0.368915961585201,143,1.62152133580705,5.97990503855085,0.0199133473087271,0.676830823911136,12.8675192572776,0.70790228736821,0.657090716736373,1.72208623386526,0.390239203311676,12.1870975527162,7.87145186228577,6.10307600210906,74,0,27.5365484308161,0,0,0,0,0,337.428571428571,0,1,0,0,0,1,84,15.9375,1,"death",9.95616438356164
"2707","sd8897",0,0,-0.32104752090851,88,1.775,4.56767755514555,0.0408374285666964,1.4393608285515,13.1398923568604,1.52795298792436,1.30957304347943,1.77966181120764,0.794636737582983,15.1409958333949,7.2764918781874,4.86860460032296,73,0,21.4175933184248,0,0,0,0,0,140.321428571429,0,0,0,0,0,0,95,0.752351097178683,0,"death",7.1972602739726
"2708","sd8899",0,1,-0.14939019813079,189,1.61912751677852,6.24219006183149,0.0563978028106203,1.02156163781054,15.7121424995766,1.08430184336902,0.990139452806641,1.64618099317678,0.86600275366353,9.41821280339815,4.3557632542996,3.86176464157993,73,1,30.0802127779262,0,0,0,0,1,167.285714285714,0,1,0,0,0,0,99,6.36792452830189,0,"dementia",11.0301369863014
"2709","sd8911",0,0,0.69356245828386,162.5,1.75280898876404,4.0131868051248,0.0679094031539861,0.758116611859149,11.9361674941377,0.825917775051789,0.728032308832133,1.32745639658127,0.598827918311794,13.2989180238393,5.03220000621266,3.68694297052667,69,1,23.8943220587009,0,0,0,0,0,185.714285714286,0,1,0,0,0,0,97,0.16304347826087,1,"censor",11.4246575342466
"2710","sd8915",0,1,-0.49219579633257,165.5,1.57111597374179,5.06028641623872,0.0272072725688785,0.735794121526628,15.1510298207681,0.783645467235671,0.718465972457371,2.60324060709626,0.808220546302021,12.8788925346927,8.94682149732754,6.99904306175244,72,1,24.553013721315,0,0,0,0,0,63.5714285714286,0,0,0,0,0,0,96,6.5546218487395,0,"dementia",1.17260273972603
"2711","sd8916",0,0,-0.37078752525008,214,2.95539906103286,6.20412013166306,0.0530169551920978,0.858619175653773,15.2386148579048,0.893748763027528,0.78075933419998,1.90328546038262,0.59422940897805,26.0565088840931,4.69836999094114,3.48640856592837,86,0,24.1607566338423,0,0,0,0,0,116.107142857143,0,1,0,0,0,0,90,16.0519480519481,0,"death",7.72602739726027
"2712","sd8918",0,0,-0.0291550929465103,182.5,1.5326278659612,3.62359151088755,0.0436989701792121,1.12214428108001,14.6618692674647,1.18300384042461,1.0590086401883,2.08524824627409,0.869084531641967,9.00751439834607,6.47590007307653,8.03517278236164,70,1,30.7387174722175,0,0,0,0,0,144.214285714286,0,1,0,0,0,0,98,6.01366742596811,0,"censor",10.6876712328767
"2713","sd8919",0,0,-0.632765303267431,141,1.09538950715421,5.99149184040527,0.0702491736157162,1.39330928583132,18.8456637316398,1.64766540969276,1.31827912506833,4.44050069998102,2.24480813299162,16.4229576656989,5.97553186933001,3.49666828274763,71,1,27.0709238428846,0,0,0,0,1,147.892857142857,0,0,0,0,0,0,95,11.75,0,"censor",10.1753424657534
"2714","sd8920",0,0,-1.21466989801465,249.5,2.74397031539889,4.38435461947399,0.0388334132996971,0.877227904240517,19.3606993441951,0.921130255514775,0.843935951888046,2.52999221861586,1.64903381174053,17.8558594535995,7.3835059331929,6.56351067607473,86,1,27.6757011656861,0,0,0,0,0,116.464285714286,0,1,0,0,0,0,95,8.01980198019802,1,"censor",3.8986301369863
"2715","sd8923",0,0,-0.37280211661803,105.5,1.31381733021077,6.83542562831802,0.0470651562959699,0.752637918443905,16.7340012626821,0.782943782070529,0.702512153698563,1.92108651675145,0.90136203366186,12.0919132675188,6.18857458284835,7.26277076459011,74,1,28.5058137115585,0,0,0,0,0,128.25,0,0,0,0,0,0,88,34.0059347181009,0,"death",5.28493150684931
"2716","sd8926",0,0,0.17532330413583,25,0.575221238938053,5.06138565179488,0.0860204400412918,0.897329357042124,15.0538503539934,0.965424647954229,0.827298034261045,1.482992287743,1.02846708694075,7.45895950276633,4.03773361698641,3.09636155378454,76,1,32.5380802051651,0,0,0,0,0,63,0,1,0,0,0,0,88,29.6629213483146,1,"death",9.93698630136986
"2717","sd8927",0,0,-0.43643531842561,43,1.02252252252252,4.83963273597972,0.0300371043874887,0.58116056505628,19.0975233068916,0.602840285652296,0.549109444686146,2.78465017186925,3.52346197362669,11.1230797213735,5.92972318404506,5.8580208825622,80,1,27.4468409840334,0,0,0,0,0,95.7142857142857,0,0,0,0,0,0,96,9.1304347826087,0,"censor",11.2630136986301
"2718","sd8929",0,0,-0.66021048147073,200.5,2.37837837837838,5.21037934336471,0.0436160755712274,1.39533780066752,12.2552192903588,1.45902764688345,1.26764973431278,2.1748260888232,0.65552421606619,14.7890595825559,10.4133234796831,6.4482277539204,69,1,29.718036690552,0,0,1,1,0,127.714285714286,0,1,0,0,0,0,97,4,0,"censor",11.4712328767123
"2719","sd8933",0,1,-0.47918716658301,69.5,0.731934731934732,4.20356309893339,0.0392832671116105,0.935964133035083,16.6867460412083,0.971829306124085,0.867058189855946,2.37716225367632,0.46840884674468,8.2135181820032,7.33844836738497,4.68043617148331,78,1,27.8928019606798,0,0,0,0,0,205.928571428571,0,1,0,0,0,0,93,23.0526315789474,1,"dementia",1.13698630136986
"2720","sd8934",0,0,-0.0475060105169305,165.5,1.34315424610052,4.23195190034814,0.0442623787674937,0.435212319019599,21.2511426985475,0.44739186218358,0.425804847334488,2.49829336259082,1.42013359875388,13.5684163733958,5.29825272124011,3.46640376309592,72,1,25.1992063576271,0,0,0,0,0,30,1,1,0,0,0,0,95,36,0,"censor",10.5698630136986
"2721","sd8938",0,0,-0.4662128681167,75,1.14714714714715,3.62255466186778,0.0465201213724514,1.51325313437743,15.43289917394,1.57168865030369,1.38111019758371,2.47847527202801,0.463487652536722,7.01267810845376,8.17596122073228,5.07181784878756,72,1,30.5868422662465,0,0,1,1,0,144.571428571429,0,1,0,0,0,0,99,13.7956204379562,0,"censor",11.558904109589
"2722","sd8939",0,0,0.75340123589321,154.5,1.39194139194139,2.23736676189449,0.066701118176956,0.970747346276482,14.549721700673,1.06805052706417,0.884260637479646,2.14022908197861,0.827507585863565,7.28604199159573,2.24310106080987,1.39982190717244,72,1,37.1228315455958,0,0,0,0,0,161.714285714286,0,0,0,0,0,0,98,7.0391061452514,1,"death",5.07945205479452
"2723","sd8940",0,0,-0.33344139751602,172,2.48931116389549,7.65416579399345,0.0582383277595383,0.888617328037219,14.3804000051964,0.952440509593338,0.872303048872069,1.46929050753785,0.214506335187022,27.8243348405553,3.07918196547793,3.35814712474384,81,0,25.6188433316358,0,0,0,0,0,86,0,1,0,0,0,0,86,8.25688073394495,2,"death",8.23835616438356
"2724","sd8941",0,0,0.0631294602600093,98,1.27791563275434,3.16954418250759,0.0411090118299247,0.659059768736233,10.9934039715165,0.696361849335216,0.615038827875948,1.43134385243319,0.65199827736472,12.1119767910217,8.2150297622426,7.16042362512416,75,1,25.1458436152653,0,0,0,0,0,193.821428571429,0,0,0,0,0,0,100,0.736196319018405,0,"censor",9.83287671232877
"2725","sd8942",0,0,-0.38917793920597,207.5,2.40899795501022,4.8321088384722,0.0209582853960851,1.06539973434831,19.8411005222513,1.10594677248425,0.984515396100355,2.56130794868272,1.17281197720103,12.2066749733776,5.73528677317622,5.51111378505591,68,1,26.2275484744619,0,0,0,0,0,267.928571428571,0,0,0,0,0,0,100,11.9128329297821,0,"censor",11.0082191780822
"2726","sd8943",0,0,-0.556354671502361,92.5,0.975501113585746,4.96948301410965,0.0483546901711236,NA,22.5178526106885,NA,NA,3.40399790325229,NA,12.0407705880965,6.3621579111877,NA,72,1,26.9814160746537,0,0,0,0,0,217.607142857143,0,0,0,0,0,0,93,12.2848664688427,NA,"censor",9.86849315068493
"2727","sd8944",0,0,-0.0220092476455207,187.5,1.51025641025641,2.85697362180583,0.0336763991499287,1.30720097227738,10.6519908525124,1.45389920787287,1.05068818805456,2.18715702212678,1.55611100519625,9.13478106111055,3.0669659963363,2.66643409944909,78,1,30.2273043024367,0,0,0,0,0,118.392857142857,1,0,0,0,0,0,83,5.49738219895288,1,"death",6.42191780821918
"2728","sd8946",0,0,-0.875053327634549,213.5,2.06717557251908,6.13586252582805,0.0634970434088031,0.833637269937918,20.2604487444197,0.892435943480446,0.800021914359842,2.91626606869505,0.989929782534017,14.7194108337573,7.28535989273766,5.84732202319709,79,1,25.0297609963066,0,0,0,0,0,93.2142857142857,0,0,0,0,0,0,96,20.1197604790419,1,"censor",10.2958904109589
"2729","sd8947",0,1,-0.48814479311151,122,1.09756097560976,5.43331035217214,0.0600843627266747,0.79211303889828,21.4687632450473,0.818407269189405,0.763108814797385,2.86905207998265,1.03867815612137,9.02630712227308,4.6532492589684,5.0743914515803,79,0,28.1374412302503,0,0,0,0,0,112.428571428571,0,1,0,0,0,0,89,20.655737704918,0,"dementia",0.649315068493151
"2730","sd8948",0,0,0.28435477761393,75.5,1.11044776119403,7.50740927100921,0.0447051160492029,0.668468142725978,10.2367517614669,0.683356288088926,0.639496865643397,0.834737627752018,0.430201951352873,8.12860979633182,3.73673497430818,3.50278709619759,73,1,25.0507273096965,0,0,0,0,0,25,0,0,0,0,0,1,97,2.37410071942446,0,"death",7.11506849315068
"2731","sd8949",0,0,-0.15083528585298,269.5,3.89189189189189,5.884205104252,0.0520370022877849,0.94496851644679,10.8089767587295,1.00180680865364,0.862344455210825,1.38744620860936,0.678428518806207,18.2319137753931,6.46841783395782,4.31788295647522,73,1,21.6552058806067,0,0,0,0,0,181.821428571429,0,0,0,0,0,0,97,1.60583941605839,1,"censor",11.158904109589
"2732","sd8950",0,0,-1.79080469366875,102,0.973404255319149,4.89145583292758,0.129153712220131,2.12756901642858,16.0098205791046,3.13337007601713,1.46135833195966,3.15769060968773,1.99859836263145,10.8245333671033,9.69072860821812,14.4629550691744,79,1,25.7906755797715,0,0,0,0,0,103.75,0,1,0,0,0,0,95,3.33333333333333,1,"death",1.74794520547945
"2733","sd8951",0,0,0.3538607430534,100.5,1.08549222797927,4.91871447078495,0.034113679425104,0.647687510478317,15.7816093609318,0.670614734026161,0.613887950959166,1.9190265274198,1.22191502452334,8.67501576391716,3.79679853508633,3.65313030083711,68,1,27.3844941151348,0,0,0,0,0,63.5714285714286,1,1,0,0,0,0,96,7.3134328358209,0,"censor",3.85753424657534
"2734","sd8958",0,0,0.0304031171087701,164.5,1.70378619153675,5.61031155706846,0.0581748443438824,1.11194849547235,18.0994548335396,1.16053628698276,0.989553797342739,2.4141936489741,0.820945666032386,15.8265371640645,4.78074554037316,4.22933930314218,70,1,26.6790986184496,0,0,0,0,0,204.214285714286,0,1,0,0,0,0,96,4.90463215258856,0,"censor",9.76164383561644
"2735","sd8960",0,0,-0.42461362422405,159,1.86274509803922,8.53377780084995,0.0395038149593828,0.931375838196693,13.5873538200283,0.992078070431756,0.876976973189276,1.57120008668958,0.389174920674629,26.3271831533495,5.70549073932573,1.94848660497046,72,1,27.040172152228,0,0,0,0,0,187.5,0,0,0,0,0,0,95,13.1803278688525,1,"censor",11.1561643835616
"2736","sd8964",0,0,-0.92916298752139,177.5,1.51476793248945,4.91245063430539,0.0387636580687719,1.22230361570814,22.7596861457403,1.306922966238,1.14519895632797,3.69043484122799,2.28796264856187,14.0815819229867,6.5288588923403,5.62483474195278,72,1,26.9080147071054,0,0,0,0,1,144.892857142857,0,0,0,0,0,0,96,62.9394812680115,0,"censor",10.6520547945205
"2737","sd8967",0,0,-0.206126791164171,173.5,2.02722772277228,4.24038074410091,0.0576426923169665,1.3930777271763,17.6689420766949,1.4891827205854,1.30163958575134,2.57338690263526,1.50677174903081,14.7377602398353,4.83547288136743,4.59625612865499,72,1,28.2621217586038,0,0,0,0,0,68.25,0,1,0,0,0,0,98,7.58620689655172,0,"censor",11.0383561643836
"2738","sd8969",0,0,-0.29099988429565,74.5,0.8925,7.33502927685432,0.104621217444847,0.785801458425117,15.0967388885481,1.13617271161589,0.698769244372948,2.06233076443534,0.851741134311372,15.2325155193707,8.15227383669906,7.38780499755952,72,1,32.3562973959287,0,0,0,0,0,123.964285714286,0,1,0,0,0,0,93,13.8931297709924,0,"censor",10.7369863013699
"2739","sd8972",0,0,0.45188400375946,105.5,1.43991853360489,4.80306745315443,0.0536705902829959,0.816258582728946,8.13348983136338,0.849392842716231,0.746399965079606,0.770300159737456,0.454850766435838,10.8108191894933,5.97856597538542,7.17920769384971,72,1,24.8633150327525,0,0,0,0,0,150.642857142857,1,1,0,0,0,0,97,0.165289256198347,0,"censor",10.4465753424658
"2740","sd8977",0,0,0.43081321731697,216.5,2.2051724137931,4.82694312741522,0.108395181112219,0.580077152376701,14.8489115823714,0.622640324417549,0.564483896834766,1.53400012720129,0.599595092021687,11.9807049721447,3.95515284477743,4.51626693807013,77,1,24.5904922697581,0,0,1,1,0,134.142857142857,0,0,0,0,0,0,90,17.3394495412844,0,"death",2.63013698630137
"2742","sd8979",0,0,0.17560384590489,122.5,1.64596273291925,5.4020081810121,0.0856851911333245,0.933718581527337,19.0343273007171,1.09357046710522,0.898505068867955,4.09260692911858,1.64477971946878,18.5159490014195,4.54374912267304,3.62583851478688,69,1,25.5614803288669,0,0,0,0,0,157.428571428571,0,0,0,0,0,0,99,1.18980169971671,0,"censor",10.8931506849315
"2743","sd8982",0,0,0.181330612406749,106.5,0.80559646539028,4.24971149912051,0.062413819559063,0.997004417218496,15.4085517894449,1.07394061252296,0.877966395704977,1.60008771207398,0.674561950800635,7.60078807774548,4.93105418259054,4.57362258660521,72,1,27.9605124973745,0,0,0,0,0,214.5,0,0,0,0,0,0,97,15.6302521008403,1,"censor",9.95068493150685
"2744","sd8986",0,0,-0.53329464268249,281.5,2.52276867030965,5.79014632303169,0.037895396860802,0.837783620836885,13.4258651566972,0.89140343193242,0.811897246992425,1.75177440227184,0.721440328867083,12.2766565468813,8.60562235850484,5.55810216820316,71,1,28.8979591836735,0,0,0,0,1,58.2142857142857,0,1,0,0,0,0,95,3.93939393939394,0,"censor",10.813698630137
"2745","sd8987",0,0,1.16028949942698,127.5,2.59714285714286,4.80426817724848,0.130962074152398,0.513619785809653,9.41054695810853,0.529101533299919,0.490432696730945,0.717113482304967,0.495907453263062,14.6870484222818,4.55736362968957,4.20104635218258,70,1,25.9430234704962,0,0,0,0,0,170.607142857143,0,0,0,0,0,0,91,2.75862068965517,0,"censor",11.2
"2746","sd8991",0,0,-0.0646971970691297,144.5,1.22840690978887,6.31469054123918,0.0342762280271124,NA,14.4393230837652,NA,NA,2.73740538320873,NA,16.3551186886602,4.76392375628721,NA,72,1,27.6601858308908,0,0,0,0,0,213.25,0,0,0,0,0,0,97,9.86737400530504,0,"censor",11.1616438356164
"2747","sd8993",0,1,0.00885259686881028,327,2.45016077170418,3.83802067282124,0.0260715208275837,1.06551904325789,12.3483236643709,1.09164923418751,1.00041128477107,1.54088273574816,0.48422412231766,15.5473455959351,6.52439128454748,6.95688897245948,72,1,23.8664748271099,0,0,0,0,0,266.714285714286,0,0,0,0,0,0,96,6.96774193548387,0,"dementia",3.16164383561644
"2748","sd8995",0,0,-0.156217635642,101,1.02004454342984,4.72354410677069,0.0349163958952925,0.706838228964484,14.661053586981,0.737456683035649,0.646532225767271,2.65794809290976,1.32823673332945,10.5762577391083,6.90603745638736,4.7847463050305,71,0,26.1048894457932,0,0,0,0,0,196.714285714286,0,1,0,0,0,0,93,4.28571428571429,0,"death",5.07123287671233
"2749","sd8996",0,1,-0.20157267296788,242.5,1.47640791476408,5.53052245536221,0.0709951586923471,0.965055698342035,16.997707316622,1.0490718833521,0.893967585142016,2.66103871771437,0.522646377771875,11.2472940493591,6.44132531722183,3.84457729603677,72,0,35.40679166193,0,0,0,0,0,181,0,0,0,0,0,0,96,51.508120649652,0,"dementia",1
"2750","sd8997",0,0,0.0359691476784704,127.5,1.91666666666667,4.44643596127383,0.0457029925221549,1.17860861778866,14.4084918198885,1.22892580629053,1.05894587576741,1.50392697378875,0.571157674306166,8.0422581220566,4.55877024979234,2.73348990583581,72,0,30.5926372276204,0,0,0,0,0,81.3214285714286,0,0,0,0,0,0,92,10.5365853658537,0,"censor",11.2164383561644
"2751","sd8998",0,0,-0.413164504399521,185.5,1.53862660944206,4.90066828709228,0.0463509779717068,0.806514165101552,24.0106695093509,0.855460670754235,0.771638719619113,2.92814415078155,1.00615384355488,11.7669678622546,5.81183985449874,4.24100218189472,71,1,26.2002839185615,0,0,0,0,1,163.5,0,0,0,0,0,0,94,8.21705426356589,1,"censor",11.4246575342466
"2752","sd8999",0,0,0.26408871855823,75.5,1.02017937219731,7.1583055398449,0.0597271795859208,0.930324606490945,9.90710335013243,0.952408752571485,0.865328217183884,1.13726605540976,0.551903772193663,7.22783246829449,4.12331336356441,5.16052961808874,72,0,25.4559657924814,0,0,1,1,0,339.571428571429,0,0,0,0,0,0,93,1.86602870813397,0,"censor",11.2986301369863
"2753","sd9000",0,0,0.22734961336911,146,1.73440285204991,6.38146252155459,0.036513919962926,1.15456573311542,9.83428695276551,1.31280271031484,1.09698524762394,0.834578415114167,1.08330476143678,21.8113470794923,4.87703927918452,5.2747126834015,71,1,25.3140874740866,0,0,0,0,0,102.071428571429,0,1,0,0,0,0,95,1.455525606469,0,"death",12.0986301369863
"2754","sd9001",0,0,-0.7117576901693,140.5,1.16122448979592,7.65155596475428,0.0476349716309409,0.82542983310279,14.8920751395302,0.855157652156859,0.756939469117107,2.14655823449225,0.91644500202916,8.02285392300107,8.30759558067008,5.84742710108265,71,1,21.2458570578737,0,1,0,1,0,116,1,1,0,0,0,0,97,0.570071258907363,0,"censor",10.6438356164384
"2755","sd9003",0,1,-0.9580519229306,100,0.647469458987784,5.5298991504019,0.0489940876822201,3.23016953792515,16.106460157829,3.46361537345813,2.7424850727526,2.54996224382913,0.277226948861787,5.49080034839284,4.79676696877388,4.84086034380236,71,1,36.3351632501231,0,0,0,0,0,37.5,0,1,0,0,0,0,96,48.9949748743719,0,"dementia",1.06575342465753
"2756","sd9006",0,0,-0.23007635129789,139.5,1.12235649546828,4.58386777087687,0.0332507423494416,0.823301009211534,14.0501061548576,0.869316582177675,0.770529947057179,2.25795255380656,1.48081655704143,8.18415154506259,6.41153218844886,2.57249024835581,71,1,28.9282638158122,0,0,0,0,0,197.142857142857,0,1,0,0,0,0,99,3.65339578454333,1,"censor",10.0109589041096
"2757","sd9007",0,0,-1.16043575553044,204.5,1.25146198830409,6.22697388596509,0.0248406714292266,1.78345864889186,16.9358814270217,2.06775922449649,1.53943252785598,2.03337956940902,0.571515641918568,13.8802694180622,6.84678365225846,7.16499192580927,78,1,22.0460006775273,0,0,0,0,0,139.821428571429,0,0,0,0,0,1,89,1.80974477958237,0,"death",9.46849315068493
"2758","sd9008",0,0,0.373178111566379,221.5,1.79375848032564,5.47253803693037,0.0588661512462052,0.797525074922071,14.5645066949239,0.860606867028565,0.787082110920844,1.30416732487372,0.572865206040403,16.3900824734185,4.41510959037809,6.25255403596864,72,1,21.9594910411789,0,0,0,0,1,104.5,0,1,0,0,1,0,98,30.1176470588235,1,"censor",10.0684931506849
"2759","sd9009",0,1,-0.81335109666741,377,2.96211096075778,5.62252764337929,0.0501189318137097,1.03818204220944,18.2057837578223,1.10699566523312,1.00777912947991,2.10227861617056,1.25276018509456,17.3459923068371,8.6642134735994,7.01053845899796,71,1,32.1683256298038,0,0,0,0,0,154.035714285714,0,0,0,0,0,0,98,55.609756097561,1,"dementia",1.2027397260274
"2760","sd9010",0,0,0.14723138806721,153,1.4198606271777,3.95151293558415,0.0375553728577427,0.54332207601618,20.8296578044864,0.555917557626609,0.520065609898252,2.2040612986672,0.535518380732959,10.4838784886769,4.8520336789425,2.8899029605497,71,1,22.4683678318848,0,0,0,0,0,105.785714285714,1,1,0,0,0,0,94,4.81865284974093,0,"censor",10.0712328767123
"2761","sd9013",0,0,0.43131270481456,113.5,1.82608695652174,4.28913393247033,0.0395888574028294,0.827033750985563,9.4294777621149,0.883760547051312,0.783441289004096,1.35042093745348,0.560383087911186,12.4361262929848,5.66642828200491,4.20844949173264,71,1,24.2750939904358,0,0,0,0,1,196.535714285714,0,0,1,0,0,0,100,8.5121107266436,1,"death",10.6027397260274
"2762","sd9016",0,0,-0.72369355733717,222.5,2.87660668380463,9.32116979966539,0.0465780352480462,0.936781763665046,12.2599721594495,0.976600261459712,0.876892580672106,1.86263600395703,1.03810259960951,19.1591322424079,8.12555575116486,7.06006205835995,71,1,23.7316084284609,0,1,0,1,0,120.964285714286,0,1,0,0,0,0,89,8.44221105527638,0,"death",2.56712328767123
