BA,BAI,BA_F,BAI_F,BAI_old,TypeOfTest,TwinDataID,Age,Sex,BMI,Race,Ethnicity,ESS,AHI,PLMI_from_annot,PLMI_from_report,SFI,LightOff,LightOn,MedBenzo,MedAntiDep,MedSedative,MedAntiEplipetic,MedStimulant,dxCongestiveHeartFailure,dxStroke,dxDiabetes,dxDepression,dxHighBloodPressure
70.34099097,4.10537453,74.01451752,7.778901079,6.948826467,PSG Diagnostic ,twindata9_549,66.2356164383562,1,36.51,White,Non-Hispanic,5.0,8.4,38.4696569920844,24.2,18.9252336448598,22:40:51,05:48:59,0,0,0,0,0,0,0,0,0,1
46.39125091,7.86248379,52.63348425,14.10471712,-13.24914706,PSG Diagnostic,twindata5_1288,38.5287671232877,1,34.86,White,Non-Hispanic,10.0,2.5,2.08802456499488,2.0,12.6744186046512,21:44:56,06:17:56,0,0,0,0,0,0,0,0,0,0
54.22434218,-7.877027678,56.31770151,-5.783668349,-1.327350581,PSG Diagnostic ,twindata5_837,62.1013698630137,0,21.68,White,Non-Hispanic,4.0,0.2,20.4375,19.7,19.1698113207547,23:33:43,06:04:43,0,0,0,0,0,0,0,0,0,0
53.17481236,2.695360303,59.68689304,9.207440983,13.95758811,PSG Diagnostic ,twindata9_215,50.4794520547945,1,29.13,White,Non-Hispanic,9.0,8.6,0.437424058323208,0.0,14.0192926045016,22:32:41,06:15:11,0,0,0,0,0,0,0,0,0,0
90.58907261,-0.243804101,89.87448492,-0.958391787,7.382818366,PSG Diagnostic ,twindata7_547,90.8328767123288,1,24.96,White,Non-Hispanic,5.0,8.0,118.69407496977,117.9,24.2189281641961,23:04:42,06:23:13,0,0,0,0,0,0,0,0,0,0
37.74672585,-4.362863187,36.27238945,-5.837199586,0.429104049,PSG Diagnostic ,twindata5_748,42.1095890410959,1,26.12,White,Non-Hispanic,5.0,1.3,13.6111111111111,12.5,9.52007835455436,22:02:44,06:29:14,0,0,0,0,0,0,0,0,0,0
44.27941715,9.301334961,53.14292524,18.16484305,21.00562729,PSG Diagnostic,twindata5_1176,34.9780821917808,1,31.63,Other,Other,3.0,10.5,6.2407132243685,6.2,13.6986301369863,22:48:22,06:06:18,0,0,0,0,0,0,0,0,0,0
26.45409851,2.566427277,27.31315659,3.42548536,9.554425606,PSG Diagnostic ,twindata9_564,23.8876712328767,1,23.63,White,Non-Hispanic,15.0,6.3,0.37696335078534,0.0,10.8989805375348,22:36:03,07:30:33,0,0,0,0,0,0,0,0,0,0
25.16573628,-1.954811662,35.28679123,8.166243288,-5.012610214,PSG Diagnostic,twindata5_182,27.1205479452055,0,27.39,White,Non-Hispanic,2.0,1.0,9.05660377358491,5.3,9.02147971360382,23:05:55,06:00:55,0,0,0,0,0,0,0,0,0,0
36.88050425,-2.229084794,36.85849438,-2.251094662,10.49014888,PSG Diagnostic ,twindata5_1703,39.1095890410959,0,30.89,White,Non-Hispanic,14.0,12.3,14.0721649484536,12.5,12.6007326007326,23:57:04,06:43:04,0,0,0,0,0,0,0,0,0,0
63.27233458,2.332608556,65.90751087,4.967784841,-0.300921458,PSG Diagnostic,twindata5_1143,60.9397260273973,0,26.87,White,Non-Hispanic,3.0,11.7,14.6031746031746,12.0,18.0519480519481,22:28:51,06:10:47,0,0,0,0,0,0,0,0,0,1
69.07577475,3.741528172,72.34912217,7.014875595,7.390483794,PSG Diagnostic ,twindata6_308,65.3342465753425,0,25.24,White,Non-Hispanic,15.0,0.5,11.6591928251121,11.8,25.5348837209302,22:46:22,05:52:22,0,0,0,0,0,0,0,0,0,0
63.53540156,6.212113886,63.96095231,6.63766464,8.706854429,PSG Diagnostic ,twindata5_1391,57.3232876712329,0,38.89,White,Non-Hispanic,11.0,13.1,0.0,0.0,8.64516129032258,22:35:43,06:14:43,0,0,0,0,0,0,0,0,0,0
68.28182501,3.637989392,71.83598717,7.192151556,8.704419014,PSG Diagnostic,twindata5_1429,64.6438356164384,1,24.41,White,Non-Hispanic,7.0,4.8,29.6385542168675,28.0,19.5,23:45:23,05:41:23,0,0,0,0,0,0,0,0,0,0
67.24177487,0.545884464,71.97154127,5.275650861,-5.474640703,PSG Diagnostic,twindata5_347,66.6958904109589,0,21.95,White,Non-Hispanic,11.0,7.5,28.9969604863222,29.0,15.1079136690647,23:11:36,06:02:36,0,0,0,0,0,0,0,0,0,0
37.826229,-8.220346339,39.81876048,-6.227814866,-4.386700802,PSG Diagnostic ,twindata5_1472,46.0465753424658,0,27.98,White,Non-Hispanic,11.0,0.1,0.568047337278107,0.0,8.89352818371608,22:02:40,06:01:51,0,0,0,0,0,0,0,0,0,0
25.33742952,-4.78585815,26.24892089,-3.874366778,7.471558321,PSG Diagnostic,twindata13_187,30.1232876712329,0,27.07,Hispanic,Hispanic,14.0,0.4,24.3478260869565,19.7,13.3616118769883,22:38:57,06:22:57,0,0,0,0,0,0,0,0,0,0
49.17565348,2.093461694,54.49299307,7.410801293,16.869863,PSG Diagnostic ,twindata6_27,47.0821917808219,0,19.85,White,Non-Hispanic,12.0,0.6,1.08870967741935,0.0,8.97308075772682,21:28:45,05:45:45,0,0,0,0,0,0,0,0,0,0
77.19954513,6.525572529,75.73420171,5.060229104,-17.57834068,PSG Diagnostic ,twindata7_535,70.6739726027397,1,25.29,White,Non-Hispanic,6.0,7.1,44.1564792176039,44.0,15.1799345692475,23:40:48,07:13:48,0,0,0,0,0,0,0,0,0,0
38.44554427,4.275681259,40.17472841,6.004865398,0.737180478,PSG Diagnostic ,twindata11_388,34.1698630136986,1,32.42,White,Non-Hispanic,12.0,1.7,10.5338078291815,4.5,9.24037460978148,22:01:18,05:57:48,0,0,0,0,0,0,0,0,0,0
74.76189047,11.75641101,70.65052936,7.645049907,6.450312789,PSG Diagnostic ,twindata7_114,63.0054794520548,1,27.37,White,Non-Hispanic,8.0,15.0,9.34579439252336,3.7,20.8189655172414,22:42:10,06:22:40,0,0,0,0,0,0,0,0,0,1
59.10276986,-1.190380824,60.56206367,0.268912981,13.54014047,PSG Diagnostic,twindata4_348,60.2931506849315,1,26.04,White,Non-Hispanic,10.0,5.4,0.0,0.0,16.4563106796117,23:14:31,06:01:31,0,0,0,0,0,0,0,1,0,0
63.06971071,1.508066873,68.0943005,6.532656661,-19.35381176,PSG Diagnostic,twindata5_637,61.5616438356164,1,24.96,White,Non-Hispanic,10.0,9.7,5.39170506912442,1.0,20.3824521934758,23:00:22,06:22:52,0,0,0,0,0,0,0,0,0,0
77.14342448,7.847534072,78.13337292,8.837482505,0.433655417,PSG Diagnostic,twindata5_210,69.2958904109589,1,32.35,White,Non-Hispanic,6.0,7.8,54.1353383458647,52.3,13.1434830230011,22:19:04,05:55:33,0,0,0,0,0,0,0,0,0,1
35.0480688,-7.639602435,37.18112622,-5.506545013,13.66478296,PSG Diagnostic ,twindata5_1125,42.6876712328767,0,24.51,White,Non-Hispanic,4.0,2.9,1.47157190635452,0.5,11.434554973822,22:22:14,06:12:14,0,0,0,0,0,0,0,0,0,1
55.57800095,1.862932454,60.03745547,6.322386982,-12.37417347,PSG Diagnostic ,twindata9_48,53.7150684931507,1,26.06,White,Non-Hispanic,4.0,1.0,4.0885860306644,1.8,15.8653846153846,23:20:51,06:13:21,0,0,0,0,0,0,0,0,0,0
60.94252769,8.805541386,64.63035885,12.49337254,-4.527386284,PSG Diagnostic ,twindata4_251,52.1369863013699,1,33.86,White,Non-Hispanic,4.0,14.5,0.0,0.0,13.6296296296296,23:23:56,06:03:56,0,0,0,0,0,0,0,0,0,1
34.67543996,-4.508121689,36.13016778,-3.053393861,1.639397766,PSG Diagnostic ,twindata6_59,39.1835616438356,1,27.0,White,Non-Hispanic,4.0,0.0,0.0,0.0,12.0150187734668,23:10:55,05:47:25,0,0,0,0,0,0,0,0,0,0
82.81920062,4.873995137,85.12669165,7.181486169,-16.32589568,PSG Diagnostic ,twindata10_392,77.9452054794521,1,37.0,White,Non-Hispanic,0.0,5.4,52.2407170294494,51.9,12.2394678492239,21:57:11,05:25:41,0,0,0,0,0,0,0,0,0,0
57.89341113,-1.936725861,60.39848454,0.568347552,3.2460364,PSG Diagnostic ,twindata11_655,59.8301369863014,1,24.96,White,Non-Hispanic,9.0,7.8,3.58695652173913,1.6,13.5483870967742,22:34:41,06:16:11,0,0,0,0,0,0,0,0,0,0
65.51573632,16.50203769,67.26167234,18.24797371,1.087718968,PSG Diagnostic ,twindata12_615,49.013698630137,1,27.44,Hispanic,Hispanic,1.0,11.2,2.06896551724138,0.0,17.0873786407767,22:13:20,05:50:20,0,0,0,0,0,0,0,1,0,0
72.69975074,3.965504169,71.07275217,2.338505599,19.73767529,PSG Diagnostic ,twindata5_1431,68.7342465753425,0,31.74,White,Non-Hispanic,16.0,7.7,0.0,0.0,15.4754098360656,22:04:12,05:24:42,0,0,0,0,0,0,0,0,0,1
58.47302296,-4.970812654,60.82724459,-2.616591024,-4.670795102,PSG Diagnostic ,twindata7_693,63.4438356164384,0,35.42,White,Non-Hispanic,7.0,14.3,9.92647058823529,9.9,18.6542923433875,22:09:41,05:17:41,0,0,0,0,0,0,0,0,0,1
75.28451475,-1.21685511,78.53090969,2.02953983,-5.51971576,PSG Diagnostic ,twindata11_527,76.5013698630137,1,27.0,,,12.0,0.5,43.4117647058824,42.2,11.0278113663845,22:59:00,05:48:30,0,0,0,0,0,0,0,0,0,1
59.42024457,4.650381553,63.97417408,9.20431107,-5.770000103,PSG Diagnostic ,twindata14_157,54.7698630136986,1,28.0,White,Non-Hispanic,6.0,4.7,36.594427244582,35.5,10.7484662576687,23:33:38,06:17:38,0,0,0,0,0,0,0,0,0,0
24.11598582,-6.048397745,15.49778963,-14.66659394,-2.756167244,PSG Diagnostic ,twindata11_439,30.1643835616438,0,39.7,White,Non-Hispanic,8.0,2.0,0.884955752212389,0.0,12.1020656136088,23:19:32,06:11:30,0,0,0,0,0,0,0,0,0,0
71.5157624,3.902063773,68.28168201,0.667983376,8.837840386,PSG Diagnostic ,twindata11_654,67.613698630137,0,21.79,White,Non-Hispanic,2.0,0.3,7.91208791208791,4.0,13.4042553191489,22:08:04,05:52:34,0,0,0,0,0,0,0,0,0,0
49.6052934,0.608033125,60.7798038,11.78254352,3.300781857,PSG Diagnostic ,twindata7_758,48.9972602739726,0,36.18,White,Non-Hispanic,18.0,4.9,7.53191489361702,7.5,12.9538763493621,21:29:07,05:51:07,0,0,0,0,0,0,0,0,0,0
31.09091356,-3.081689179,30.09033443,-4.082268306,10.98429646,PSG Diagnostic ,twindata6_504,34.172602739726,0,36.49,White,Non-Hispanic,3.0,0.9,10.6875,8.8,19.4138335287222,23:00:00,05:58:19,0,0,0,0,0,0,0,0,0,0
47.17387404,-5.069961576,46.14461269,-6.099222931,0.77909355,PSG Diagnostic ,twindata7_171,52.2438356164384,0,21.21,Other,Other,16.0,1.4,5.62737642585551,5.6,19.7385620915033,22:09:17,05:28:17,0,0,0,0,0,0,0,0,0,0
36.87750742,0.236411531,34.99336596,-1.647729934,16.62748379,PSG Diagnostic ,twindata11_6,36.641095890411,1,37.27,White,Non-Hispanic,4.0,9.8,3.11864406779661,0.0,15.3163152053274,22:37:31,06:02:01,0,0,0,0,0,0,0,0,0,0
57.11940836,-3.06963274,63.3752619,3.186220807,-13.97004389,PSG Diagnostic ,twindata4_1031,60.1890410958904,0,26.28,White,Non-Hispanic,11.0,10.8,12.7182044887781,11.1,15.4128440366972,23:15:44,06:26:14,0,0,0,0,0,0,0,0,0,0
49.15071999,6.561678892,54.40505925,11.81601816,1.710632817,PSG Diagnostic,twindata7_193,42.5890410958904,1,27.26,Hispanic,Hispanic,4.0,4.6,14.2617046818728,14.4,17.4717832957111,22:48:45,06:08:15,0,0,0,0,0,0,0,0,0,1
30.21966452,9.129253559,39.07293985,17.98252889,-7.049995207,PSG Diagnostic ,twindata7_265,21.0904109589041,1,38.39,White,Non-Hispanic,13.0,10.6,7.71752837326608,7.1,14.0240963855422,22:56:53,05:48:23,0,0,0,0,0,0,0,0,0,0
40.6747532,4.819958684,51.52238706,15.66759254,-20.70145914,PSG Diagnostic ,twindata6_591,35.8547945205479,1,25.92,Asian,Non-Hispanic,10.0,1.1,6.9609079445145,2.8,13.9259259259259,23:34:43,06:15:13,0,0,0,0,0,0,0,0,0,0
70.56353555,0.903261581,74.12965031,4.469376334,-12.58899973,PSG Diagnostic ,twindata6_460,69.6602739726027,1,28.21,White,Non-Hispanic,6.0,13.2,78.3363471971067,78.6,24.4121532364597,23:11:31,05:27:31,0,0,0,0,0,0,0,0,0,1
35.82897944,1.686513688,40.98423078,6.841765025,-18.29094616,PSG Diagnostic ,twindata7_413,34.1424657534247,1,18.87,White,Non-Hispanic,18.0,5.8,2.62008733624454,0.0,19.5637198622273,23:57:18,07:10:48,0,0,0,0,0,0,0,0,0,0
79.84765228,-0.733169639,81.96559988,1.384777966,-5.860473848,PSG Diagnostic ,twindata9_38,80.5808219178082,1,32.78,White,Non-Hispanic,8.0,0.2,46.993006993007,45.5,10.9483793517407,23:05:02,05:57:32,0,0,0,0,0,0,0,1,0,0
47.31949586,1.193468461,50.00155977,3.875532377,-18.01808533,PSG Diagnostic,twindata5_612,46.1260273972603,1,26.96,White,Non-Hispanic,9.0,9.2,3.00715990453461,2.6,17.9018286814244,21:46:25,06:24:25,0,0,0,0,0,0,0,0,0,0
31.20850775,-1.733958006,33.90692032,0.964454565,4.693530118,PSG Diagnostic ,twindata5_547,32.9424657534247,0,35.36,White,Non-Hispanic,0.0,0.0,0.0,0.0,16.4156945917285,22:13:53,06:01:53,0,0,0,0,0,0,0,0,0,0
67.31466601,0.66535094,61.91942734,-4.729887733,32.59048263,PSG Diagnostic ,twindata6_423,66.6493150684932,1,30.42,White,Non-Hispanic,0.0,8.1,10.7057256990679,10.7,12.2080924855491,22:53:34,06:02:34,0,0,0,0,0,0,0,0,0,1
78.67406787,1.515163763,78.51052732,1.351623214,-9.975132623,PSG Diagnostic ,twindata5_131,77.158904109589,0,23.17,White,Non-Hispanic,4.0,1.4,0.0,0.0,22.8292682926829,23:17:09,06:03:09,0,0,0,0,0,0,0,0,0,1
60.25859266,1.001058413,68.58218644,9.324652189,1.457990311,PSG Diagnostic ,twindata5_1335,59.2575342465753,0,32.89,White,Non-Hispanic,19.0,14.3,0.0,0.0,14.4878048780488,23:46:43,06:32:43,0,0,0,0,0,0,0,0,0,1
80.33332502,1.32510584,75.76156703,-3.246652149,13.12401271,PSG Diagnostic ,twindata12_152,79.0082191780822,0,30.36,Other,Other,5.0,0.5,27.1186440677966,27.9,11.1657754010695,22:03:08,05:50:41,0,0,0,0,0,0,0,0,0,1
63.35159588,1.214609582,65.5603597,3.423373398,-3.094790813,PSG Diagnostic ,twindata10_12,62.1369863013699,0,27.63,White,Non-Hispanic,14.0,4.1,0.62992125984252,0.0,27.5087719298246,22:50:23,05:54:23,0,0,0,0,0,0,0,0,0,0
72.82135715,-3.397820934,73.17320045,-3.04597763,-7.390829317,PSG Diagnostic,twindata5_565,76.2191780821918,0,24.05,White,Non-Hispanic,1.0,14.2,26.3488080301129,23.9,17.5478065241845,22:26:36,05:51:32,0,0,0,0,0,0,0,0,0,0
47.86209319,1.927846612,45.24781253,-0.686434041,3.731660111,PSG Diagnostic ,twindata10_382,45.9342465753425,0,39.6,Black,Non-Hispanic,5.0,2.9,14.7218259629101,4.2,15.8576874205845,23:04:17,05:33:17,0,0,0,0,0,0,0,0,0,0
30.17573437,-4.637964264,33.86614197,-0.947556658,2.140817083,PSG Diagnostic,twindata5_930,34.813698630137,0,30.02,White,Non-Hispanic,13.0,0.6,7.15527950310559,7.2,13.9130434782609,22:48:08,06:16:08,0,0,0,0,0,0,0,0,0,0
26.20819687,7.49038865,33.39717044,14.67936222,5.544682809,PSG Diagnostic ,twindata11_650,18.7178082191781,1,25.62,Black,Non-Hispanic,1.0,0.2,2.08393632416787,0.2,16.7292225201072,00:30:21,06:40:21,0,0,0,0,0,0,0,0,0,0
63.50333848,1.177311079,63.8768228,1.550795402,5.631828083,PSG Diagnostic ,twindata10_728,62.3260273972603,1,28.89,White,Non-Hispanic,4.0,14.6,2.43146603098927,0.0,20.0185356811863,21:35:53,06:31:23,0,0,0,0,0,0,0,0,0,0
60.9389914,0.812964004,60.62610802,0.500080627,6.706420212,PSG Diagnostic ,twindata11_626,60.1260273972603,0,32.4,White,Non-Hispanic,1.0,0.0,14.9132947976879,13.9,15.1824817518248,23:49:27,06:37:27,0,0,0,0,0,0,0,0,0,1
64.91731379,8.646080909,61.60859998,5.337367099,-0.028198051,PSG Diagnostic ,twindata7_707,56.2712328767123,1,24.84,Black,Non-Hispanic,3.0,0.0,7.35135135135135,7.4,18.0713342140026,23:30:51,05:45:51,0,0,0,0,0,0,0,0,0,0
33.45294616,6.461165341,34.78603605,7.794255231,5.178572516,PSG Diagnostic ,twindata6_1126,26.9917808219178,0,21.25,Asian,Non-Hispanic,12.0,0.0,4.49197860962567,4.5,8.4,23:03:57,06:31:27,0,0,0,0,0,0,0,0,0,0
41.37741353,-2.197928933,42.92907998,-0.64626249,1.298106431,PSG Diagnostic ,twindata6_206,43.5753424657534,0,33.28,Other,Other,11.0,0.5,15.6521739130435,14.8,8.56070087609512,23:53:56,06:32:56,0,0,0,0,0,0,0,0,0,0
20.42561992,-11.06753077,15.02371916,-16.46943152,-6.961594942,PSG Diagnostic ,twindata9_275,31.4931506849315,0,27.63,White,Non-Hispanic,6.0,1.6,0.31413612565445,0.0,12.8806133625411,22:35:48,06:12:41,0,0,0,0,0,0,0,0,0,1
40.83075842,7.184183081,47.14202787,13.49545252,11.07977552,PSG Diagnostic ,twindata12_595,33.6465753424658,0,31.55,Black,Non-Hispanic,10.0,3.0,3.80281690140845,0.9,13.8876404494382,22:25:45,05:46:45,0,0,0,0,0,0,0,0,0,0
54.66693217,2.18748012,61.96114065,9.48168859,2.108493693,PSG Diagnostic ,twindata5_626,52.4794520547945,0,32.0,White,Non-Hispanic,3.0,11.4,7.35766423357664,4.8,19.0597204574333,23:24:29,05:52:29,0,0,0,0,0,0,0,0,0,1
52.23773458,6.429515401,50.98340039,5.175181215,0.857087326,PSG Diagnostic ,twindata11_450,45.8082191780822,0,35.01,Other,Other,3.0,0.3,3.06818181818182,0.9,16.1487964989059,22:12:39,05:44:39,0,0,0,0,0,0,0,0,0,0
43.30072885,-2.770504028,43.38433626,-2.686896616,4.545310183,PSG Diagnostic,twindata8_120,46.0712328767123,0,26.77,White,Non-Hispanic,1.0,0.4,0.0,0.0,16.2539682539683,21:58:00,05:46:30,0,0,0,0,0,0,0,0,0,0
24.46878519,-9.939433992,20.69932471,-13.70889447,4.942349466,PSG Diagnostic ,twindata4_1083,34.4082191780822,0,27.12,Hispanic,Hispanic,2.0,2.6,1.78533475026568,0.9,10.2439024390244,21:54:10,06:01:40,0,0,0,0,0,0,0,0,0,0
46.66459697,-0.949101657,41.70153962,-5.912159012,-6.410881289,PSG Diagnostic ,twindata11_414,47.613698630137,0,30.0,White,Non-Hispanic,0.0,5.1,11.528384279476,6.5,21.7948717948718,22:07:35,05:51:05,0,0,0,0,0,0,0,0,0,0
44.56836976,8.124534139,51.35000177,14.90616615,6.261577254,PSG Diagnostic ,twindata6_419,36.4438356164384,0,29.29,Hispanic,Hispanic,7.0,1.1,0.0,0.0,13.4663341645885,22:57:27,05:38:28,0,0,0,0,0,0,0,0,0,0
49.23295874,-0.783479614,52.02767658,2.011238219,5.430061895,PSG Diagnostic ,twindata14_107,50.0164383561644,1,27.0,White,Non-Hispanic,2.0,1.1,0.641711229946524,0.0,23.199079401611,22:38:05,05:46:05,0,0,0,0,0,0,0,0,0,1
82.8701652,1.848247387,80.6098562,-0.412061609,5.944452923,PSG Diagnostic ,twindata6_163,81.0219178082192,0,36.04,White,Non-Hispanic,7.0,13.4,2.81112737920937,,14.7121535181237,22:17:46,05:59:46,0,0,0,0,0,0,0,0,0,1
39.20213265,3.947338125,42.80654357,7.551749049,0.433261197,PSG Diagnostic,twindata5_1189,35.2547945205479,1,25.85,Asian,Non-Hispanic,4.0,3.2,4.89241223103058,4.9,8.21428571428571,22:08:06,06:27:36,0,0,0,0,0,0,0,0,0,1
54.66073718,7.959367316,53.53266677,6.831296912,-11.47682727,PSG Diagnostic ,twindata8_323,46.7013698630137,1,27.95,Hispanic,Hispanic,7.0,9.9,22.2535211267606,20.0,15.2201257861635,22:06:39,05:49:09,0,0,0,0,0,0,0,0,0,1
59.80179799,3.889469225,67.26972909,11.35740033,-1.494622846,PSG Diagnostic ,twindata6_825,55.9123287671233,1,25.53,White,Non-Hispanic,2.0,1.1,29.0076335877863,28.5,14.6699266503668,23:10:48,05:55:48,0,0,0,0,0,0,0,0,0,0
47.10678123,-1.928835211,51.04649221,2.010875776,-12.88633128,PSG Diagnostic ,twindata4_935,49.0356164383562,0,31.09,White,Non-Hispanic,5.0,2.4,2.42236024844721,2.4,14.1470180305132,22:28:13,04:24:43,0,0,0,0,0,0,0,0,0,0
49.25237519,-0.914748095,52.11719422,1.950070934,2.212668242,PSG Diagnostic ,twindata9_621,50.1671232876712,0,28.12,Hispanic,Hispanic,4.0,1.4,29.9445471349353,9.9,22.4516129032258,22:49:12,06:29:12,0,0,0,0,0,0,0,0,0,0
67.27959861,0.896036967,69.39487849,3.011316844,3.745102457,PSG Diagnostic ,twindata5_302,66.3835616438356,0,29.86,White,Non-Hispanic,11.0,13.2,7.63157894736842,5.0,13.2911392405063,22:21:24,06:10:54,0,0,0,0,0,0,0,0,0,1
36.30304981,-1.285991283,42.69086161,5.101820511,12.58531739,PSG Diagnostic ,twindata4_1019,37.5890410958904,1,30.56,White,Non-Hispanic,6.0,1.3,0.940438871473354,0.9,12.7335640138408,23:27:52,06:41:41,0,0,0,0,0,0,0,0,0,1
41.78145179,1.217068232,40.49572388,-0.06865968,-1.285265587,PSG Diagnostic ,twindata12_803,40.5643835616438,1,32.14,Hispanic,Hispanic,8.0,3.2,44.8997772828508,40.1,12.885032537961,22:26:46,06:03:46,0,0,0,0,0,0,0,0,0,0
69.04905889,15.17782602,69.67399854,15.80276566,32.31848447,PSG Diagnostic ,twindata14_144,53.8712328767123,1,32.1,White,Non-Hispanic,1.0,14.0,39.4236311239193,36.5,11.3942307692308,23:19:08,06:15:07,0,0,0,0,0,0,0,0,0,0
61.50055732,0.933434035,67.49000615,6.92288286,9.448139534,PSG Diagnostic ,twindata13_514,60.5671232876712,1,28.55,White,Non-Hispanic,5.0,3.6,19.9245283018868,18.2,4.48132780082988,21:45:32,05:42:02,0,0,0,0,0,0,0,0,0,0
56.65977466,5.404980135,59.97497639,8.720181869,-5.065940965,PSG Diagnostic ,twindata9_219,51.254794520548,0,23.57,White,Non-Hispanic,5.0,8.8,1.58463385354142,0.0,18.7375415282392,22:45:00,06:26:48,0,0,0,0,0,0,0,0,0,0
38.85618427,3.042485643,43.62873131,7.815032677,4.871886523,PSG Diagnostic,twindata4_411,35.813698630137,1,27.83,White,Non-Hispanic,10.0,14.0,6.63461538461538,4.8,10.6293706293706,23:31:02,06:36:02,0,0,0,0,0,0,0,0,0,0
37.87129853,2.748010859,46.51993495,11.39664728,-4.64513587,PSG Diagnostic ,twindata7_46,35.1232876712329,1,24.54,White,Non-Hispanic,6.0,0.7,14.2891859052248,14.6,13.2705882352941,22:55:50,05:56:50,0,0,0,0,0,0,0,0,0,0
52.69698742,-1.037259155,54.39534631,0.661099739,24.60513102,PSG Diagnostic ,twindata13_347,53.7342465753425,1,27.12,White,Non-Hispanic,9.0,10.3,16.8595041322314,14.8,12.5137211855104,22:26:41,05:57:11,0,0,0,0,0,0,0,0,0,0
74.77552764,-1.994335376,72.15028417,-4.619578841,16.42629848,PSG Diagnostic ,twindata9_177,76.7698630136986,0,26.88,White,Non-Hispanic,14.0,8.7,25.3367875647668,22.4,13.9211136890951,23:22:55,06:27:55,0,0,0,0,0,0,0,0,0,1
47.09422137,-3.36331288,51.52226088,1.064726637,-4.241587628,PSG Diagnostic,twindata7_277,50.4575342465754,0,33.3,Black,Non-Hispanic,9.0,3.9,4.61538461538462,0.8,16.4485981308411,21:50:50,05:47:50,0,0,0,0,0,0,0,0,0,1
53.67149885,0.88245775,54.88328636,2.094245263,-7.082773649,PSG Diagnostic ,twindata11_144,52.7890410958904,1,30.82,Other,Other,5.0,6.9,3.85109114249037,2.8,23.3333333333333,21:48:56,05:49:56,0,0,0,0,0,0,0,0,0,0
51.6629932,-5.35618488,54.06353789,-2.955640189,-5.424711249,PSG Diagnostic ,twindata8_293,57.0191780821918,0,23.56,White,Non-Hispanic,3.0,0.0,1.97080291970803,0.0,13.9090909090909,22:49:58,06:07:28,0,0,0,0,0,0,0,0,0,0
59.14455821,3.807571905,64.09987365,8.762887345,0.662430819,PSG Diagnostic ,twindata13_191,55.3369863013699,0,33.25,White,Non-Hispanic,10.0,11.0,10.524064171123,8.8,12.8695652173913,21:24:28,06:02:19,0,0,0,0,0,0,0,0,0,0
17.15829599,-4.89923826,17.47439356,-4.583140691,5.26652499,PSG Diagnostic ,twindata5_1573,22.0575342465753,0,24.33,White,Non-Hispanic,10.0,0.1,10.0111234705228,5.5,10.1408450704225,22:56:14,06:33:14,0,0,0,0,0,0,0,0,0,0
67.48217956,-5.479464278,69.13790563,-3.823738205,9.884061713,PSG Diagnostic,twindata7_870,72.9616438356164,0,32.55,White,Non-Hispanic,3.0,3.4,1.84331797235023,0.0,26.6666666666667,21:40:25,05:45:25,0,0,0,0,0,0,0,0,0,1
46.03543094,-5.778267688,49.75673423,-2.056964405,-9.657704973,PSG Diagnostic ,twindata9_82,51.813698630137,1,27.12,White,Non-Hispanic,11.0,13.4,7.85388127853881,0.0,20.7352941176471,23:11:55,05:54:25,0,0,0,0,0,0,0,0,0,1
53.98316291,-3.529165856,56.98730387,-0.525024896,12.08997201,PSG Diagnostic ,twindata9_440,57.5123287671233,1,26.54,White,Non-Hispanic,9.0,1.8,43.2786885245902,40.9,15.4241645244216,23:43:41,06:09:11,0,0,0,0,0,0,0,0,0,1
49.50627622,1.917235122,58.54941828,10.96037718,9.01532079,PSG Diagnostic ,twindata13_3,47.5890410958904,0,27.77,White,Non-Hispanic,7.0,1.8,10.8289611752361,9.9,11.7525773195876,22:00:37,06:01:37,0,0,0,0,0,0,0,0,0,0
49.58764168,-1.530166536,53.45418079,2.336372567,-2.783870494,PSG Diagnostic ,twindata6_1127,51.1178082191781,1,23.82,Asian,Non-Hispanic,6.0,7.5,13.8693467336683,14.0,28.0748663101604,00:00:51,06:12:21,0,0,0,0,0,0,0,0,0,0
78.64001086,7.503024554,77.32964193,6.192655628,-0.0507961,PSG Diagnostic ,twindata5_1302,71.1369863013699,0,25.51,Hispanic,Hispanic,5.0,14.1,51.2582781456954,50.1,29.2866082603254,22:25:26,04:59:56,0,0,0,0,0,0,0,0,0,0
39.14037223,3.373248943,41.87899466,6.111871368,-7.985267394,PSG Diagnostic,twindata5_377,35.7671232876712,1,28.76,White,Non-Hispanic,9.0,4.3,0.0,0.0,6.46464646464646,22:48:10,06:08:40,0,0,0,0,0,0,0,0,0,0
44.46552023,1.166890096,51.04701159,7.748381448,-22.39145192,PSG Diagnostic ,twindata7_127,43.2986301369863,1,21.85,White,Non-Hispanic,3.0,1.9,8.71715610510046,7.6,25.3030303030303,23:17:53,05:49:53,0,0,0,0,0,0,0,0,0,0
53.65042875,7.76823697,58.72110955,12.83891777,-7.815416788,PSG Diagnostic ,twindata7_539,45.8821917808219,1,27.8,White,Non-Hispanic,3.0,3.7,6.05187319884726,3.8,19.2554557124519,00:00:57,06:26:27,0,0,0,0,0,0,0,0,0,0
42.11082388,1.398495111,46.35772893,5.645400167,1.077309649,PSG Diagnostic ,twindata11_433,40.7123287671233,0,30.1,White,Non-Hispanic,13.0,7.1,2.6438188494492,,11.3625866050808,23:45:00,06:51:52,0,0,0,0,0,0,0,0,0,0
49.70612428,7.958179072,55.86885658,14.12091138,-0.018354808,PSG Diagnostic ,twindata7_858,41.7479452054794,1,24.13,Asian,Non-Hispanic,8.0,0.2,0.156862745098039,0.0,12.0144752714113,23:20:06,06:08:36,0,0,0,0,0,0,0,0,0,0
30.64103436,7.917746693,35.35587564,12.63258797,3.923551241,PSG Diagnostic ,twindata5_1614,22.7232876712329,1,26.0,White,Non-Hispanic,9.0,3.5,14.9490373725934,12.9,12.0126448893572,22:56:26,06:45:56,0,0,0,0,0,0,0,0,0,0
77.15166504,1.025637644,79.16820369,3.042176293,9.11787949,PSG Diagnostic,twindata6_73,76.1260273972603,1,23.4,White,Non-Hispanic,15.0,6.6,0.0,0.0,9.35064935064935,22:14:45,05:52:45,0,0,0,0,0,0,0,0,0,0
32.56841901,-0.856238523,33.38209907,-0.042558462,2.634306524,PSG Diagnostic ,twindata6_236,33.4246575342466,1,25.85,White,Non-Hispanic,10.0,4.1,4.95981630309989,0.0,19.0228013029316,23:02:33,06:38:33,0,0,0,0,0,0,0,0,0,0
39.56302852,-9.37395778,38.27980471,-10.65718159,-2.038840881,PSG Diagnostic ,twindata5_1010,48.9369863013699,1,26.96,White,Non-Hispanic,9.0,12.1,4.61538461538462,4.7,7.05882352941176,21:50:22,06:31:52,0,0,0,0,0,0,0,0,0,0
66.36915318,5.040386061,63.74751761,2.418750487,2.529544292,PSG Diagnostic,twindata7_700,61.3287671232877,1,30.92,White,Non-Hispanic,15.0,3.8,0.359820089955022,0.0,30.2127659574468,23:10:12,06:09:12,0,0,0,0,0,0,0,0,0,1
67.69709344,-6.49742711,67.40636481,-6.788155743,9.186890488,PSG Diagnostic ,twindata13_472,74.1945205479452,1,25.54,White,Non-Hispanic,2.0,2.6,38.0952380952381,36.5,14.253807106599,22:00:23,06:13:11,0,0,0,0,0,0,0,0,0,1
56.83525851,0.964025636,61.03493477,5.163701898,0.477436018,PSG Diagnostic ,twindata10_338,55.8712328767123,1,23.71,White,Non-Hispanic,14.0,1.0,36.1877667140825,34.3,15.8181818181818,22:42:59,05:57:59,0,0,0,0,0,0,0,0,0,0
47.41726231,0.907673273,43.969354,-2.54023504,1.708220813,PSG Diagnostic,twindata5_124,46.5095890410959,0,22.07,Other,Other,3.0,0.2,16.7581047381546,14.3,16.092485549133,21:54:08,04:59:08,0,0,0,0,0,0,0,0,0,0
38.22110898,1.316999386,44.52939609,7.625286496,9.892931329,PSG Diagnostic ,twindata5_1530,36.9041095890411,1,27.88,Asian,Non-Hispanic,3.0,13.2,1.24191461836999,1.2,8.25552825552826,23:32:21,06:11:21,0,0,0,0,0,0,0,0,0,0
36.86845848,1.490376289,40.08680421,4.708722018,10.88332356,PSG Diagnostic ,twindata6_10,35.3780821917808,1,25.72,Black,Non-Hispanic,1.0,5.1,0.29925187032419,0.0,15.781990521327,23:22:12,06:24:13,0,0,0,0,0,0,0,0,0,0
40.23991718,8.850876083,42.9448884,11.55584731,0.696242078,PSG Diagnostic ,twindata7_373,31.3890410958904,1,24.96,White,Non-Hispanic,10.0,0.0,1.67441860465116,1.7,12.7958387516255,23:37:24,06:01:57,0,0,0,0,0,0,0,0,0,0
50.12592144,-1.635722399,53.76275207,2.001108235,-2.765184313,PSG Diagnostic ,twindata5_277,51.7616438356164,0,29.81,Black,Non-Hispanic,9.0,10.0,16.5777080062794,13.2,11.6801853997683,23:12:41,06:19:41,0,0,0,0,0,0,0,0,0,1
42.34386615,0.71372916,44.16497911,2.534842123,6.678852169,PSG Diagnostic ,twindata9_369,41.6301369863014,0,22.96,Hispanic,Hispanic,14.0,1.4,0.594795539033457,0.0,12.2475570032573,22:42:23,06:23:11,0,0,0,0,0,0,0,0,0,1
76.75394444,4.403259504,78.15231035,5.801625415,-22.26384549,PSG Diagnostic ,twindata6_528,72.3506849315069,0,23.43,White,Non-Hispanic,2.0,1.1,58.8571428571429,58.5,20.6451612903226,22:33:38,06:13:08,0,0,0,0,0,0,0,0,0,0
65.54200288,3.670769999,68.90213932,7.03090644,-0.062038544,PSG Diagnostic,twindata5_1158,61.8712328767123,1,29.7,Hispanic,Hispanic,12.0,14.0,54.1353383458647,51.9,16.158940397351,22:29:27,05:58:27,0,0,0,0,0,0,0,0,0,1
83.16218938,6.310134585,84.96697978,8.114924988,3.635099348,PSG Diagnostic ,twindata11_447,76.8520547945205,1,34.93,White,Non-Hispanic,13.0,7.8,45.2513966480447,43.1,18.2245989304813,22:04:04,05:46:04,0,0,0,0,0,0,0,0,0,1
39.91243218,8.342569166,43.29330145,11.72343844,-8.410753978,PSG Diagnostic ,twindata9_414,31.5698630136986,1,39.33,White,Non-Hispanic,5.0,0.0,3.69230769230769,3.7,14.7066492829205,23:43:02,06:04:32,0,0,0,0,0,0,0,0,0,1
25.76359206,-1.935038079,33.70071799,6.002087853,-3.916295077,PSG Diagnostic ,twindata11_310,27.6986301369863,0,23.0,White,Non-Hispanic,5.0,0.6,4.34579439252336,1.8,13.1230283911672,22:04:50,05:58:20,0,0,0,0,0,0,0,0,0,0
34.21168762,12.26100268,33.7813505,11.83066557,-3.688077468,PSG Diagnostic ,twindata7_176,21.9506849315068,1,26.62,White,Non-Hispanic,14.0,0.0,0.62992125984252,0.3,8.57142857142857,22:28:30,05:20:30,0,0,0,0,0,0,0,0,0,0
70.54827845,5.578415438,74.42388611,9.454023099,-17.14379981,PSG Diagnostic ,twindata9_432,64.9698630136986,1,27.0,Black,Non-Hispanic,9.0,5.8,10.6053268765133,2.3,19.1836734693878,23:03:39,06:22:09,0,0,0,0,0,0,0,0,0,1
65.3403327,13.04718202,67.65539691,15.36224623,-4.033472826,PSG Diagnostic ,twindata5_496,52.2931506849315,1,29.41,White,Non-Hispanic,3.0,6.2,0.416184971098266,0.4,9.1685393258427,22:33:06,05:53:06,0,0,0,0,0,0,0,0,0,0
87.39850901,-0.552175925,83.83799835,-4.112686577,-0.403063457,PSG Diagnostic ,twindata11_730,87.9506849315068,0,21.16,Asian,Non-Hispanic,3.0,1.1,6.52360515021459,3.0,22.7133479212254,22:26:50,05:57:20,0,0,0,0,0,0,0,0,0,1
23.4715391,-0.816132134,19.7554008,-4.532270434,-9.959603891,PSG Diagnostic ,twindata10_195,24.2876712328767,1,22.8,White,Non-Hispanic,12.0,3.0,1.03597122302158,0.0,21.4598540145985,23:43:09,06:31:09,0,0,0,0,0,0,0,0,0,0
58.98053514,-1.076999111,61.19397759,1.136443339,3.256149648,PSG Diagnostic ,twindata6_588,60.0575342465753,0,29.0,White,Non-Hispanic,12.0,2.5,11.3176144244105,9.7,11.9614147909968,21:48:29,05:32:59,0,0,0,0,0,0,0,0,0,0
49.68089715,3.415143723,56.20450649,9.938753068,5.129049067,PSG Diagnostic ,twindata8_312,46.2657534246575,0,36.58,White,Non-Hispanic,11.0,0.2,3.62264150943396,1.1,11.9314285714286,23:19:58,06:32:58,0,0,0,0,0,0,0,0,0,0
29.27838098,-5.140797107,34.88658663,0.467408552,-0.812882677,PSG Diagnostic ,twindata14_27,34.4191780821918,0,36.8,White,Non-Hispanic,5.0,0.8,0.55045871559633,0.0,9.32515337423313,22:06:48,06:16:07,0,0,0,0,0,0,0,0,0,1
66.43404072,1.138150311,69.2123262,3.91643579,4.06898998,PSG Diagnostic ,twindata6_666,65.2958904109589,1,31.15,White,Non-Hispanic,5.0,12.2,13.6434108527132,11.6,25.3186813186813,22:00:00,05:45:16,0,0,0,0,0,0,0,0,0,0
76.86437904,-1.258908627,81.58479314,3.461505464,12.1045831,PSG Diagnostic ,twindata5_1184,78.1232876712329,1,23.48,Other,Other,1.0,10.0,218.200692041522,218.2,24.0,23:42:42,06:29:12,0,0,0,0,0,0,0,0,0,0
61.79289731,-3.519431454,58.51608459,-6.796244182,9.519624285,PSG Diagnostic ,twindata6_1114,65.3123287671233,0,34.54,White,Non-Hispanic,6.0,1.8,26.25,26.3,14.4502617801047,22:21:20,04:39:20,0,0,0,0,0,0,0,1,0,0
44.34543694,-0.955932927,48.39741479,3.096044922,-8.731447044,PSG Diagnostic ,twindata13_683,45.3013698630137,0,22.59,Asian,Non-Hispanic,0.0,0.4,1.18372379778052,0.4,10.3937007874016,22:33:36,05:52:36,0,0,0,0,0,0,0,0,0,0
57.58582091,2.355683922,50.80557631,-4.424560675,7.991684921,PSG Diagnostic,twindata11_541,55.2301369863014,1,34.0,White,Non-Hispanic,0.0,3.6,18.5817655571635,18.1,8.50855745721271,23:17:37,06:03:37,0,0,0,0,0,0,0,0,0,1
76.87731579,1.647178799,76.30298968,1.072852689,-6.618227126,PSG Diagnostic ,twindata4_820,75.2301369863014,1,33.22,White,Non-Hispanic,4.0,12.8,41.9021739130435,40.5,19.4054696789536,23:03:25,06:00:25,0,0,0,0,0,0,0,0,0,0
25.57350387,-4.862112573,29.99466008,-0.440956356,-3.995256308,PSG Diagnostic ,twindata5_1579,30.4356164383562,1,21.25,White,Non-Hispanic,2.0,0.6,6.64615384615385,2.8,18.8679245283019,23:42:27,06:15:27,0,0,0,0,0,0,0,0,0,1
14.17548519,-6.432733993,19.10934045,-1.498878731,9.147264845,PSG Diagnostic ,twindata6_344,20.6082191780822,1,21.02,White,Non-Hispanic,4.0,0.3,0.64343163538874,0.6,4.84375,23:27:29,05:46:29,0,0,0,0,0,0,0,0,0,0
54.18437089,4.685740753,58.59018459,9.091554452,-0.325483808,PSG Diagnostic ,twindata12_102,49.4986301369863,1,21.18,White,Non-Hispanic,13.0,1.9,23.3920704845815,21.3,19.4629430719656,22:52:50,06:34:20,0,0,0,0,0,0,0,0,0,0
73.2585041,-3.396290426,74.82672684,-1.828067676,-5.312229035,PSG Diagnostic ,twindata14_73,76.654794520548,1,24.0,White,Non-Hispanic,9.0,11.2,2.49258160237389,0.0,11.776397515528,21:42:08,04:44:17,0,0,0,0,0,0,0,0,0,1
46.89911754,-0.692663283,49.63523525,2.043454431,-18.01469778,PSG Diagnostic ,twindata12_231,47.5917808219178,1,23.6,Other,Other,13.0,5.3,17.2099087353325,14.2,8.53273137697517,23:38:06,06:57:06,0,0,0,0,0,0,0,0,0,0
37.04823151,2.207135617,40.61475662,5.773660733,3.920476127,PSG Diagnostic ,twindata9_81,34.841095890411,1,24.41,White,Non-Hispanic,2.0,0.9,0.151706700379267,0.0,19.2108229988726,22:27:41,05:47:41,0,0,0,0,0,0,0,0,0,0
32.81018073,5.752646481,37.37780211,10.32026786,10.9913673,PSG Diagnostic,twindata5_1671,27.0575342465753,1,24.81,White,Non-Hispanic,19.0,6.4,8.71072589382449,8.8,17.5375375375375,22:03:29,06:17:29,0,0,0,0,0,0,0,0,0,0
61.14891614,0.370833944,61.77416058,0.996078384,-3.588383714,PSG Diagnostic ,twindata13_652,60.7780821917808,1,25.39,White,Non-Hispanic,3.0,1.6,75.7894736842105,75.4,11.5862068965517,22:20:47,05:30:47,0,0,0,0,0,0,0,0,0,1
28.89480129,5.91397937,30.37291412,7.392092202,-18.42132402,PSG Diagnostic ,twindata5_927,22.9808219178082,1,29.53,White,Non-Hispanic,13.0,1.7,5.50868486352357,4.1,13.0493273542601,22:59:20,06:20:20,0,0,0,0,0,0,0,0,0,1
50.15728322,5.724406509,56.30673665,11.87385994,8.822588893,PSG Diagnostic ,twindata6_443,44.4328767123288,1,23.73,White,Non-Hispanic,10.0,0.3,2.39316239316239,0.3,14.7003994673768,23:48:19,05:58:49,0,0,0,0,0,0,0,0,0,0
41.82159651,-0.293471979,40.88872015,-1.226348348,2.535780215,PSG Diagnostic ,twindata9_309,42.1150684931507,1,25.49,White,Non-Hispanic,7.0,0.6,0.282352941176471,0.0,17.826520438684,21:49:34,06:07:04,0,0,0,0,0,0,0,0,0,0
47.27167822,0.704554928,54.5238342,7.956710915,-2.31561677,PSG Diagnostic ,twindata6_696,46.5671232876712,1,25.8,White,Non-Hispanic,8.0,6.4,35.2380952380952,33.9,16.8074150360453,22:32:06,06:31:06,0,0,0,0,0,0,0,0,0,0
47.66142067,-2.341319054,54.93988528,4.937145556,22.69284434,PSG Diagnostic ,twindata13_671,50.0027397260274,0,31.45,White,Non-Hispanic,4.0,1.6,28.5785536159601,26.2,9.95327102803738,23:22:26,06:27:26,0,0,0,0,0,0,0,0,0,0
58.7334583,6.582773366,58.76506111,6.614376179,25.35082464,PSG Diagnostic ,twindata6_704,52.1506849315068,0,32.44,White,Non-Hispanic,10.0,4.5,38.719590268886,39.2,13.3953488372093,23:09:13,06:19:38,0,0,0,0,0,0,0,0,0,0
58.26584613,2.652147497,59.60274187,3.989043242,7.034268417,PSG Diagnostic ,twindata7_729,55.613698630137,0,33.11,Black,Non-Hispanic,16.0,4.6,0.147058823529412,0.0,18.4295612009238,23:12:12,06:20:12,0,0,0,0,0,0,0,0,0,1
78.73098591,7.210437965,77.43925253,5.918704588,5.933505114,PSG Diagnostic ,twindata5_510,71.5205479452055,0,28.43,White,Non-Hispanic,11.0,5.8,188.356545961003,188.0,16.1481481481482,23:51:00,06:35:59,0,0,0,0,0,0,0,0,0,1
61.33198998,0.005962584,60.4956825,-0.830344895,14.36330366,PSG Diagnostic,twindata9_473,61.3260273972603,1,29.13,White,Non-Hispanic,11.0,9.0,13.7323943661972,10.9,13.5458167330677,23:32:10,05:45:10,0,0,0,0,0,0,0,0,0,1
49.387715,5.779495826,54.76261488,11.1543957,3.37416654,PSG Diagnostic ,twindata5_533,43.6082191780822,0,30.0,White,Non-Hispanic,7.0,0.2,10.5098039215686,6.0,15.1934349355217,23:21:11,06:22:41,0,0,0,0,0,0,0,0,0,0
44.11775764,-2.208269755,48.84502161,2.518994213,-5.645543285,PSG DIAGNOSTIC,twindata9_406,46.3260273972603,1,27.97,White,Non-Hispanic,5.0,7.3,14.0115606936416,11.4,13.569844789357,22:41:02,06:07:02,0,0,0,0,0,0,0,0,0,0
28.36352498,-8.211817485,25.20844196,-11.3669005,23.46479112,PSG Diagnostic ,twindata7_868,36.5753424657534,0,37.0,White,Non-Hispanic,8.0,1.3,12.4921135646688,10.3,11.404958677686,21:58:53,05:59:23,0,0,0,0,0,0,0,0,0,0
73.2382616,3.865658861,76.40378636,7.03118362,-5.449167243,PSG Diagnostic ,twindata8_22,69.372602739726,1,26.54,White,Non-Hispanic,7.0,4.2,4.03053435114504,0.9,13.2737430167598,22:53:32,06:18:32,0,0,0,0,0,0,0,0,0,0
41.82298632,4.58463016,43.14371904,5.905362874,-6.726368177,PSG Diagnostic ,twindata7_459,37.2383561643836,1,25.16,White,Non-Hispanic,11.0,0.4,33.7078651685393,33.7,10.9826589595376,21:42:13,06:18:43,0,0,0,0,0,0,0,0,0,0
35.33113655,1.522917367,36.98024261,3.172023437,0.754035052,PSG Diagnostic ,twindata6_569,33.8082191780822,0,19.48,Asian,Non-Hispanic,3.0,0.1,25.4821235102925,24.7,16.875,21:58:45,05:54:45,0,0,0,0,0,0,0,0,0,0
66.91237849,1.547994924,69.56818359,4.203800027,14.10998513,PSG Diagnostic ,twindata7_320,65.3643835616438,1,31.1,White,Non-Hispanic,2.0,0.0,62.4528301886793,,14.4114149821641,22:45:00,05:51:10,0,0,0,0,0,0,0,0,0,1
55.28547004,5.929305657,60.8117683,11.45560392,8.107018276,PSG Diagnostic ,twindata9_434,49.3561643835617,0,23.73,White,Non-Hispanic,8.0,0.0,1.3953488372093,0.0,16.5298013245033,23:42:10,05:55:40,0,0,0,0,0,0,0,0,0,0
36.11358765,6.601258878,41.33025257,11.8179238,-14.97928361,PSG Diagnostic ,twindata11_140,29.5123287671233,1,28.34,White,Non-Hispanic,4.0,10.3,40.7194244604317,39.7,13.8219895287958,22:18:20,06:11:50,0,0,0,0,0,0,0,0,0,0
62.71145012,4.27857341,66.33383683,7.900960114,-8.416237161,PSG Diagnostic ,twindata12_726,58.4328767123288,1,26.08,White,Non-Hispanic,18.0,3.8,16.1632653061224,16.8,10.8536585365854,21:36:36,05:36:06,0,0,0,0,0,0,0,0,0,1
25.47090822,-3.668817812,29.59460272,0.45487669,-0.599266591,PSG Diagnostic ,twindata6_81,29.1397260273973,0,22.11,White,Non-Hispanic,14.0,4.7,0.958904109589041,1.0,12.2553191489362,22:28:29,06:13:29,0,0,0,0,0,0,0,0,0,0
43.46000585,3.96137571,51.49482476,11.99619462,-16.99474198,PSG Diagnostic ,twindata6_202,39.4986301369863,1,33.12,White,Non-Hispanic,1.0,0.4,9.1764705882353,5.3,14.0944017563117,22:32:13,06:04:13,0,0,0,0,0,0,0,0,0,0
53.40802463,1.816243813,57.81463287,6.222852045,15.86232861,PSG Diagnostic ,twindata11_771,51.5917808219178,0,23.96,White,Non-Hispanic,8.0,4.0,31.4634146341463,30.1,11.3023255813953,23:06:00,06:12:30,0,0,0,0,0,0,0,0,0,0
47.94795167,6.690417421,51.92840386,10.67086961,3.868605847,PSG Diagnostic ,twindata4_672,41.2575342465753,1,36.34,White,Non-Hispanic,10.0,8.9,1.70984455958549,1.6,16.7178276269185,22:20:26,05:22:56,0,0,0,0,0,0,0,0,0,1
46.62773006,12.02773006,50.22981855,15.62981855,-0.149758803,PSG Diagnostic ,twindata11_512,34.6,1,30.99,White,Non-Hispanic,21.0,0.8,4.38287153652393,3.4,10.5882352941176,23:39:34,06:23:04,0,0,0,0,0,0,0,0,0,0
84.22043254,9.201254456,83.39382637,8.374648288,-12.88862954,PSG Diagnostic ,twindata13_303,75.0191780821918,1,27.7,White,Non-Hispanic,0.0,9.3,67.7153558052435,70.1,7.03399765533412,22:10:27,06:07:07,0,0,0,0,0,0,0,0,0,1
29.08913983,-1.554695787,33.59222402,2.948388408,-6.013492471,PSG Diagnostic ,twindata5_735,30.6438356164384,0,22.24,White,Non-Hispanic,7.0,1.9,1.35593220338983,1.4,8.76190476190476,22:30:26,06:22:54,0,0,0,0,0,0,0,0,0,0
39.26195055,1.344142332,47.37444622,9.456638003,-17.65822773,PSG Diagnostic ,twindata5_1020,37.9178082191781,1,26.58,Other,Other,3.0,1.7,22.3938223938224,18.9,8.67298578199052,,06:57:30,0,0,0,0,0,0,0,0,0,0
31.19316611,11.8972757,37.23262284,17.93673243,10.3843343,PSG Diagnostic ,twindata12_97,19.2958904109589,1,16.83,White,Non-Hispanic,4.0,2.6,0.94488188976378,0.0,9.02147971360382,22:55:14,05:52:14,0,0,0,0,0,0,0,0,0,0
56.37381146,2.803948449,63.45982294,9.889959922,19.87310046,PSG Diagnostic ,twindata14_199,53.5698630136986,0,32.8,White,Non-Hispanic,7.0,10.5,27.578659370725,24.6,16.7320261437909,22:26:44,06:01:44,0,0,0,0,0,0,0,0,0,1
60.95374955,7.219502973,62.26281316,8.528566584,3.230451301,PSG Diagnostic ,twindata13_824,53.7342465753425,0,19.84,Asian,Non-Hispanic,9.0,3.1,1.64383561643836,0.0,20.5479452054795,22:54:48,06:09:18,0,0,0,0,0,0,0,0,0,0
15.5692337,-4.817067667,15.69618435,-4.690117019,-8.953408781,PSG Diagnostic,twindata7_837,20.386301369863,0,20.78,White,Non-Hispanic,24.0,0.1,9.20043811610077,5.2,6.66666666666667,21:39:34,05:59:34,0,0,0,0,0,0,0,0,0,0
33.59787712,1.619794928,42.19683408,10.21875188,39.09727139,PSG Diagnostic ,twindata6_608,31.9780821917808,1,22.62,White,Non-Hispanic,0.0,0.0,0.148883374689826,0.1,10.4401228249744,22:19:29,06:24:29,0,0,0,0,0,0,0,0,0,0
67.0258204,7.28335465,73.27290429,13.53043853,3.122933172,PSG Diagnostic,twindata3_1145,59.7424657534247,0,25.66,White,Non-Hispanic,2.0,0.6,0.289156626506024,0.3,6.51851851851852,22:56:16,05:37:16,0,0,0,0,0,0,0,0,0,0
42.89972868,8.781920456,48.73814985,14.62034163,-8.548865836,PSG Diagnostic ,twindata9_343,34.1178082191781,1,34.82,White,Non-Hispanic,9.0,1.8,1.41732283464567,0.0,20.8634772462077,22:43:11,05:47:11,0,0,0,0,0,0,0,0,0,1
17.14162582,-9.984401577,14.37232945,-12.75369794,4.562054384,PSG Diagnostic ,twindata13_564,27.1260273972603,0,18.79,White,Non-Hispanic,16.0,0.1,45.1670378619154,44.1,11.2302839116719,22:09:09,05:59:39,0,0,0,0,0,0,0,0,0,0
71.51490336,-1.224822668,71.35236425,-1.387361777,-6.771150945,PSG Diagnostic ,twindata7_853,72.7397260273973,1,23.92,Asian,Non-Hispanic,16.0,4.7,4.5136186770428,1.9,21.2783505154639,21:56:33,06:00:33,0,0,0,0,0,0,0,0,0,1
55.99841791,-0.031719072,58.58153474,2.551397758,14.76297991,PSG Diagnostic,twindata5_1657,56.0301369863014,0,32.0,White,Non-Hispanic,17.0,7.8,7.53138075313808,6.1,21.0747051114024,23:35:32,05:53:32,0,0,0,0,0,0,0,0,0,0
35.83290138,-4.720523278,31.34683118,-9.206593478,12.09697418,PSG Diagnostic ,twindata5_1669,40.5534246575343,0,26.34,Other,Other,22.0,0.3,1.27358490566038,0.0,15.8590308370044,22:37:09,06:06:39,0,0,0,0,0,0,0,0,0,0
26.58385397,-1.358611781,30.20176934,2.259303584,-19.61495005,PSG Diagnostic ,twindata9_588,27.9424657534247,0,19.75,White,Non-Hispanic,7.0,0.7,5.35714285714286,2.0,6.05381165919283,22:32:47,05:53:17,0,0,0,0,0,0,0,0,0,0
29.53069396,-2.293963572,36.09543759,4.270780059,-3.895929829,PSG Diagnostic ,twindata6_824,31.8246575342466,1,26.25,White,Non-Hispanic,7.0,0.2,10.6666666666667,10.7,18.450536352801,23:58:06,06:54:36,0,0,0,0,0,0,0,0,0,0
61.07180344,-8.158333546,69.00183769,-0.228299298,1.925991009,PSG Diagnostic,twindata12_774,69.2301369863014,0,21.9,White,Non-Hispanic,0.0,1.1,12.5740318906606,10.7,9.22105263157895,23:12:45,07:05:15,0,0,0,0,0,0,0,0,0,0
57.97656409,-2.017956463,59.54095265,-0.453567893,15.61048389,PSG Diagnostic ,twindata5_137,59.9945205479452,1,26.31,White,Non-Hispanic,18.0,10.6,33.3990147783251,32.2,14.061433447099,21:52:28,05:08:58,0,0,0,0,0,0,0,0,0,0
68.29704237,-2.524875435,70.13964461,-0.682273198,15.8615015,PSG Diagnostic ,twindata7_182,70.8219178082192,0,27.44,White,Non-Hispanic,5.0,8.9,31.6024844720497,25.4,13.1791907514451,22:55:44,06:04:44,0,0,0,0,0,0,0,0,0,1
51.75703068,9.937852602,57.48602711,15.66684903,-3.942961528,PSG Diagnostic ,twindata9_454,41.8191780821918,1,27.8,White,Non-Hispanic,16.0,2.4,7.25581395348837,3.9,30.2769230769231,22:24:08,06:28:38,0,0,0,0,0,0,0,0,0,1
26.32881783,-2.380771213,30.2073009,1.497711855,-1.871306149,PSG Diagnostic ,twindata12_745,28.7095890410959,1,24.7,White,Non-Hispanic,13.0,4.9,10.6849315068493,3.0,17.3890339425587,23:51:09,06:11:09,0,0,0,0,0,0,0,0,0,0
55.92927318,29.13749236,42.69209908,15.90031825,1.562569646,PSG Diagnostic ,twindata13_6,26.7917808219178,1,35.87,White,Non-Hispanic,3.0,3.3,4.51807228915663,3.6,11.5302491103203,22:58:24,06:00:07,0,0,0,0,0,0,0,0,0,0
19.4425218,-2.664327517,25.6107835,3.503934183,-14.83772866,PSG Diagnostic,twindata5_1080,22.1068493150685,1,34.92,White,Non-Hispanic,11.0,7.7,28.7747035573123,25.6,11.8648310387985,23:31:08,06:07:38,0,0,0,0,0,0,0,0,0,1
81.46634451,-0.262422608,80.7109752,-1.017791927,3.250743909,PSG Diagnostic ,twindata11_761,81.7287671232877,1,27.32,White,Non-Hispanic,5.0,13.7,61.3065326633166,57.8,20.6582278481013,,05:52:11,0,0,0,0,0,0,0,0,0,1
24.52738019,0.497243205,27.41569627,3.385559286,-1.697781502,PSG Diagnostic ,twindata7_94,24.0301369863014,1,23.11,White,Non-Hispanic,6.0,3.2,12.0139697322468,6.5,12.2421524663677,22:22:31,05:44:01,0,0,0,0,0,0,0,0,0,0
52.02013206,2.326981375,57.07879787,7.385647188,-3.301223107,PSG Diagnostic ,twindata9_84,49.6931506849315,0,38.44,White,Non-Hispanic,13.0,13.9,0.75,0.0,12.0361083249749,21:42:36,05:57:06,0,0,0,0,0,0,0,0,0,1
58.43623623,3.271852673,65.79062942,10.62624586,-4.787716153,PSG Diagnostic ,twindata12_501,55.1643835616438,1,21.18,White,Non-Hispanic,16.0,1.6,19.6039603960396,17.7,19.3150684931507,22:32:20,05:46:50,0,0,0,0,0,0,0,0,0,0
74.5220413,1.722041298,72.41606901,-0.38393099,-3.752099243,PSG Diagnostic ,twindata14_42,72.8,1,23.0,White,Non-Hispanic,4.0,11.7,190.8,153.7,17.8988326848249,23:00:32,05:57:15,0,0,0,0,0,0,0,0,0,0
62.06389321,-1.922408158,67.22062866,3.234327286,22.85755741,PSG Diagnostic,twindata5_106,63.986301369863,1,25.06,,,1.0,2.9,137.840707964602,,20.952380952381,00:03:16,06:38:04,0,0,0,0,0,0,0,0,0,0
33.24782363,4.891659243,44.30901972,15.95285533,13.59888959,PSG Diagnostic ,twindata7_558,28.3561643835616,1,24.59,White,Non-Hispanic,18.0,1.1,1.34663341645885,0.0,11.6355140186916,23:13:08,06:16:38,0,0,0,0,0,0,0,0,0,0
44.64017054,-3.565308911,51.25324376,3.047764307,9.131366964,PSG Diagnostic ,twindata6_90,48.2054794520548,1,31.48,White,Non-Hispanic,8.0,2.1,67.304347826087,65.4,21.3270142180095,23:23:50,06:26:13,0,0,0,0,0,0,0,0,0,0
50.77157527,9.971575265,53.69764489,12.89764489,0.313215549,PSG Diagnostic ,twindata5_1436,40.8,1,26.04,White,Non-Hispanic,8.0,1.7,0.918367346938775,0.0,12.6235741444867,23:22:48,05:52:48,0,0,0,0,0,0,0,0,0,0
76.51191559,0.673559424,75.328721,-0.509635163,12.39041048,PSG Diagnostic ,twindata12_257,75.8383561643836,1,25.0,White,Non-Hispanic,14.0,5.6,49.6127562642369,48.8,30.7407407407407,22:26:21,06:29:51,0,0,0,0,0,0,0,0,0,0
31.46398491,-0.725056186,36.13646262,3.947421525,7.095765377,PSG Diagnostic ,twindata8_341,32.1890410958904,1,23.11,White,Non-Hispanic,7.0,1.5,0.56140350877193,0.0,15.9066808059385,22:42:18,06:28:48,0,0,0,0,0,0,0,0,0,0
21.85150875,-1.888217274,25.51357422,1.773848197,-3.5379455,PSG Diagnostic ,twindata9_415,23.7397260273973,0,19.53,White,Non-Hispanic,9.0,0.5,8.02431610942249,4.9,12.7077747989276,23:35:38,05:48:48,0,0,0,0,0,0,0,0,0,0
23.79941663,3.739142662,25.76720274,5.706928763,7.03913281,PSG Diagnostic,twindata5_921,20.0602739726027,0,36.58,White,Non-Hispanic,11.0,0.6,0.85207100591716,0.9,12.5641025641026,22:15:14,06:03:31,0,0,0,0,0,0,0,0,0,0
34.34575872,1.699183376,38.62156434,5.974989,-9.315931055,PSG Diagnostic,twindata5_24,32.6465753424658,1,27.82,White,Non-Hispanic,9.0,0.9,7.25274725274725,4.7,16.08,22:05:40,06:25:42,0,0,0,0,0,0,0,0,0,0
58.53462,-3.974969039,57.59296165,-4.916627388,-21.91852302,PSG Diagnostic ,twindata5_423,62.5095890410959,0,22.26,White,Non-Hispanic,13.0,3.8,18.4743411927878,18.5,20.9111617312073,22:45:11,06:00:41,0,0,0,0,0,0,0,0,0,0
80.67879197,7.437696084,79.18990475,5.94880886,-17.45703748,PSG Diagnostic ,twindata12_247,73.241095890411,1,29.12,White,Non-Hispanic,2.0,7.8,81.8262150220913,79.2,25.4461181923523,23:05:04,06:16:04,0,0,0,0,0,0,0,0,0,0
47.66929776,-8.374537854,50.43931747,-5.604518142,-3.838138546,PSG Diagnostic ,twindata13_117,56.0438356164384,0,25.33,White,Non-Hispanic,19.0,10.8,5.53072625698324,1.0,10.1986754966887,23:01:59,06:35:21,0,0,0,0,0,0,0,0,0,0
70.84795835,-3.480808775,75.2200957,0.891328577,9.740279085,PSG Diagnostic,twindata5_1511,74.3287671232877,0,38.59,White,Non-Hispanic,6.0,14.1,3.83886255924171,2.6,26.4870466321244,21:48:04,05:45:04,0,0,0,0,0,0,0,0,0,1
48.00950244,0.667036688,53.37503462,6.032568869,-15.17766139,PSG Diagnostic ,twindata7_965,47.3424657534247,1,25.99,White,Non-Hispanic,3.0,0.5,1.38461538461538,0.0,11.1060948081264,22:43:33,06:03:33,0,0,0,0,0,0,0,0,0,0
53.19401281,3.084423771,57.85081171,7.741222665,-20.25042269,PSG Diagnostic ,twindata5_866,50.1095890410959,0,20.52,White,Non-Hispanic,4.0,0.3,3.51145038167939,3.5,16.8109339407745,21:54:28,05:09:28,0,0,0,0,0,0,0,0,0,0
65.77304147,8.323726399,64.71804771,7.268732643,6.334221429,PSG Diagnostic ,twindata9_223,57.4493150684932,1,32.62,White,Non-Hispanic,6.0,1.9,9.79942693409742,8.9,15.5735805330243,22:42:25,05:34:25,0,0,0,0,0,0,0,0,0,0
30.36756099,0.047013044,35.16874588,4.848197933,-10.51259679,PSG Diagnostic ,twindata9_456,30.3205479452055,0,23.22,White,Non-Hispanic,6.0,0.7,4.7124824684432,0.0,15.1937984496124,23:24:15,05:47:15,0,0,0,0,0,0,0,0,0,0
51.36502976,9.507495515,51.74609204,9.888557798,0.188560928,PSG Diagnostic,twindata7_84,41.8575342465753,1,32.0,White,Non-Hispanic,9.0,11.3,1.55239327296248,0.0,12.1909424724602,23:09:08,05:53:38,0,0,0,0,0,0,0,0,0,1
51.33341633,-6.381652165,56.25065916,-1.464409337,-1.30753157,PSG Diagnostic ,twindata8_302,57.7150684931507,0,22.14,White,Non-Hispanic,5.0,2.2,0.914634146341463,0.0,16.9377990430622,22:55:21,05:48:51,0,0,0,0,0,0,0,0,0,0
50.96748122,7.288029163,55.31626289,11.63681083,4.390600516,PSG Diagnostic ,twindata5_86,43.6794520547945,1,31.24,Other,Other,1.0,0.9,3.70588235294118,2.8,12.3573200992556,23:50:14,06:30:14,0,0,0,0,0,0,0,0,0,0
69.47409947,-0.865626555,72.82195703,2.482231002,-10.42392039,PSG Diagnostic ,twindata6_712,70.3397260273973,1,35.29,White,Non-Hispanic,17.0,14.3,49.12,49.2,30.4950495049505,22:34:54,06:04:54,0,0,0,0,0,0,0,0,0,0
21.86274445,-11.742735,16.51931627,-17.08616319,-2.105771526,PSG Diagnostic ,twindata7_332,33.6054794520548,0,25.53,White,Non-Hispanic,5.0,0.0,5.87973273942094,4.1,13.3056994818653,21:50:29,05:47:29,0,0,0,0,0,0,0,0,0,0
76.24785628,-3.234335497,77.0514276,-2.430764177,-15.39808247,PSG Diagnostic ,twindata5_749,79.4821917808219,1,27.83,White,Non-Hispanic,7.0,13.9,65.8446362515413,66.4,20.2424242424242,21:49:23,06:00:53,0,0,0,0,0,0,0,0,0,0
36.91734038,0.161175992,36.085834,-0.670330382,0.500328446,PSG Diagnostic ,twindata7_822,36.7561643835616,1,34.97,White,Non-Hispanic,14.0,4.0,11.25,10.0,11.7519042437432,23:43:50,07:19:50,0,0,0,0,0,0,0,0,0,1
65.6751961,9.702593365,69.71798344,13.7453807,-18.03791811,PSG Diagnostic ,twindata6_494,55.972602739726,1,29.68,White,Non-Hispanic,13.0,4.0,0.144578313253012,0.1,10.56,23:06:24,06:24:14,0,0,0,0,0,0,0,0,0,0
51.42438287,3.007944516,58.46792335,10.05148499,-9.501650233,PSG Diagnostic ,twindata10_397,48.4164383561644,1,29.43,White,Non-Hispanic,15.0,6.2,5.75539568345324,0.4,11.7845828933474,22:40:48,06:30:48,0,0,0,0,0,0,0,0,0,0
51.79892103,2.900290893,50.39381405,1.495183911,-14.3633495,PSG Diagnostic ,twindata5_1606,48.8986301369863,0,36.56,White,Non-Hispanic,7.0,11.5,13.6526946107784,12.2,18.9830508474576,22:41:48,06:01:18,0,0,0,0,0,0,0,0,0,1
51.85476484,1.835586763,53.17591562,3.156737539,1.949818528,PSG Diagnostic,twindata5_674,50.0191780821918,1,23.24,White,Non-Hispanic,3.0,1.9,19.5953757225434,14.7,24.2332613390929,22:08:10,05:46:40,0,0,0,0,0,0,0,0,0,0
70.71536427,-1.690115178,74.57114974,2.165670284,3.12844046,PSG Diagnostic,twindata5_594,72.4054794520548,0,35.52,White,Non-Hispanic,9.0,12.4,6.02739726027397,2.9,17.8476420798065,23:29:57,06:23:35,0,0,0,0,0,0,0,0,0,1
63.04931354,2.046573816,67.78020401,6.777464287,9.554363653,PSG Diagnostic ,twindata13_70,61.0027397260274,0,23.77,White,Non-Hispanic,15.0,3.4,1.33333333333333,0.0,18.1077844311377,22:03:28,05:53:07,0,0,0,0,0,0,0,0,0,0
65.12248704,0.500569231,70.37243454,5.750516733,-17.89917861,PSG Diagnostic ,twindata6_734,64.6219178082192,1,34.28,White,Non-Hispanic,6.0,10.8,13.5483870967742,13.5,19.2325056433409,23:01:28,06:20:28,0,0,0,0,0,0,0,0,0,1
48.53812894,-1.176939557,51.3309759,1.615907409,6.17573205,PSG Diagnostic ,twindata9_122,49.7150684931507,1,24.27,White,Non-Hispanic,19.0,3.3,19.4273127753304,13.5,9.77777777777778,22:00:38,05:47:38,0,0,0,0,0,0,0,0,0,0
37.82419523,1.670770577,38.31646895,2.163044288,16.19884545,PSG Diagnostic ,twindata7_404,36.1534246575342,1,26.09,White,Non-Hispanic,13.0,0.0,0.392584514721919,0.0,15.8536585365854,22:01:28,06:09:28,0,0,0,0,0,0,0,0,0,0
81.0939578,0.061081085,78.03982864,-2.993048068,18.46900126,PSG Diagnostic ,twindata12_34,81.0328767123288,1,23.11,White,Non-Hispanic,3.0,3.0,41.522491349481,41.5,20.5970149253731,22:00:35,05:50:03,0,0,0,0,0,0,0,0,0,0
68.5367359,4.906598913,70.03940404,6.409267055,10.03613002,PSG Diagnostic ,twindata5_43,63.6301369863014,1,26.69,White,Non-Hispanic,11.0,5.9,14.0053050397878,11.9,13.4470158343484,23:28:09,06:13:39,0,0,0,0,0,0,0,0,0,1
26.11397682,-8.765475238,28.79394233,-6.085509725,-14.41994706,PSG Diagnostic,twindata5_1289,34.8794520547945,0,33.6,White,Non-Hispanic,14.0,0.2,0.0,0.0,11.304347826087,23:27:03,06:17:03,0,0,0,0,0,0,0,0,0,0
60.18149904,-8.533569458,59.92338495,-8.791683546,-12.65075092,PSG Diagnostic ,twindata5_881,68.7150684931507,0,21.14,Black,Non-Hispanic,7.0,0.4,2.5668449197861,0.9,6.22406639004149,22:08:24,06:06:24,0,0,0,0,0,0,0,0,0,0
59.71331734,-0.670244302,65.52638734,5.142825695,-3.498924742,PSG Diagnostic ,twindata13_226,60.3835616438356,1,29.55,White,Non-Hispanic,8.0,9.9,7.02290076335878,2.9,18.8290398126464,21:10:01,05:42:00,0,0,0,0,0,0,0,0,0,0
72.79632657,4.971669036,75.07274074,7.248083203,-14.40780565,PSG Diagnostic,twindata12_568,67.8246575342466,1,36.6,White,Non-Hispanic,0.0,3.0,50.3424657534247,49.8,19.9045346062052,23:32:28,06:27:28,0,0,0,0,0,0,0,0,0,1
52.46297909,7.750650321,55.22771074,10.51538198,14.47933367,PSG Diagnostic ,twindata5_1235,44.7123287671233,1,29.4,White,Non-Hispanic,16.0,12.0,0.95112285336856,1.0,15.5825242718447,23:23:14,06:11:14,0,0,0,0,0,0,0,0,0,1
37.2398727,3.209735711,38.51034751,4.480210527,8.351193843,PSG Diagnostic ,twindata12_693,34.0301369863014,0,22.8,White,Non-Hispanic,13.0,3.6,0.266075388026607,0.0,11.0242872228089,21:59:44,05:53:22,0,0,0,0,0,0,0,0,0,0
49.13351962,3.985574418,48.7085748,3.560629591,-4.644538254,PSG Diagnostic ,twindata4_225,45.1479452054795,1,29.27,White,Non-Hispanic,6.0,1.5,0.940649496080627,0.0,13.1325301204819,21:52:34,06:07:04,0,0,0,0,0,0,0,0,0,0
44.62457425,2.56156055,49.67159425,7.608580551,6.108335222,PSG Diagnostic ,twindata7_346,42.0630136986301,1,38.07,,,11.0,9.2,2.66337854500616,0.3,22.1436464088398,22:25:09,05:55:39,0,0,0,0,0,0,0,0,0,0
65.60569358,1.644049744,67.04265333,3.081009495,9.730630287,PSG Diagnostic ,twindata6_190,63.9616438356165,1,36.96,White,Non-Hispanic,2.0,14.8,1.01408450704225,0.0,19.9256505576208,23:05:17,05:45:17,0,0,0,0,0,0,0,0,0,0
63.12788095,1.445689167,64.66155424,2.979362455,9.403285307,PSG Diagnostic ,twindata7_659,61.6821917808219,1,26.5,White,Non-Hispanic,15.0,3.6,2.68156424581006,0.0,21.3105413105413,21:48:09,06:31:09,0,0,0,0,0,0,0,0,0,0
68.32981059,15.8777558,70.1880915,17.73603671,1.060729222,PSG Diagnostic ,twindata8_124,52.4520547945205,1,38.49,Hispanic,Hispanic,0.0,7.0,0.350877192982456,0.0,19.4857916102842,23:50:40,05:56:40,0,0,0,0,0,0,0,1,0,0
53.66104221,5.447343579,56.47944121,8.265742579,17.17606444,PSG Diagnostic ,twindata14_183,48.213698630137,1,28.0,,,16.0,4.1,0.601503759398496,0.3,13.3639494833525,23:05:08,06:14:38,0,0,0,0,0,0,0,0,0,1
61.09389111,18.14320618,65.59551464,22.64482971,-15.11139172,PSG Diagnostic ,twindata12_906,42.9506849315069,0,37.07,White,Non-Hispanic,10.0,6.2,18.6096256684492,13.8,14.21926910299,22:41:20,06:07:50,0,0,0,0,0,0,0,0,0,0
67.97517244,4.843665592,66.59799201,3.466485164,-16.42093489,PSG Diagnostic ,twindata9_150,63.1315068493151,1,30.66,Asian,Non-Hispanic,4.0,0.0,38.5528219971056,35.5,13.960396039604,23:52:38,06:30:38,0,0,0,0,0,0,0,0,0,0
21.87199971,-3.358137274,21.91385358,-3.316283402,0.909857215,PSG Diagnostic ,twindata6_662,25.2301369863014,0,27.92,White,Non-Hispanic,9.0,0.7,0.657534246575343,0.7,12.085308056872,23:35:06,06:33:06,0,0,0,0,0,0,0,0,0,0
50.46525609,0.331009512,57.69701076,7.562764183,11.65049276,PSG Diagnostic ,twindata12_316,50.1342465753425,0,29.26,Black,Non-Hispanic,0.0,0.9,1.05660377358491,0.0,8.113413304253,22:17:33,05:52:33,0,0,0,0,0,0,0,0,0,0
28.4112369,1.567401284,34.39835365,7.554518031,-0.040095768,PSG Diagnostic ,twindata6_212,26.8438356164384,0,27.43,Other,Other,9.0,1.7,1.92926045016077,0.0,17.740232312566,21:57:56,05:45:26,0,0,0,0,0,0,0,0,0,0
82.34199184,4.6433617,78.73962747,1.040997331,-3.630680335,PSG Diagnostic,twindata5_853,77.6986301369863,1,29.8520118598126,Black,Non-Hispanic,11.0,3.1,4.94117647058824,1.0,26.3665594855305,22:04:33,05:51:05,0,0,0,0,0,0,0,0,0,1
47.02992884,3.114860351,46.6148773,2.699808808,17.21522312,PSG Diagnostic ,twindata6_790,43.9150684931507,1,22.5,White,Non-Hispanic,12.0,2.8,3.95061728395062,2.8,17.3317013463892,23:00:30,05:45:30,0,0,0,0,0,0,0,0,0,0
69.32992699,-1.656374382,66.77375434,-4.212547034,-5.803153255,PSG Diagnostic ,twindata6_699,70.986301369863,0,27.37,White,Non-Hispanic,4.0,11.2,6.38848920863309,5.2,23.5038084874864,23:05:47,06:41:47,0,0,0,0,0,0,0,0,0,1
29.00135137,-2.132895209,35.88308005,4.748833472,-3.438690151,PSG Diagnostic ,twindata6_879,31.1342465753425,0,38.0,White,Non-Hispanic,4.0,2.5,5.13918629550321,2.6,8.69936034115139,21:51:44,05:36:44,0,0,0,0,0,0,0,0,0,0
38.07253205,10.05061424,44.65953186,16.63761405,-0.90908925,PSG Diagnostic ,twindata7_272,28.0219178082192,1,39.79,Other,Other,2.0,3.3,1.53354632587859,0.0,12.2358722358722,23:08:24,05:50:24,0,0,0,0,0,0,0,0,0,0
31.78544479,-5.809075759,26.95009135,-10.6444292,-6.203217905,PSG Diagnostic ,twindata12_172,37.5945205479452,0,26.76,White,Non-Hispanic,16.0,0.3,1.37733142037303,0.5,6.65785997357992,23:54:22,06:08:22,0,0,0,0,0,0,0,0,0,0
43.22747941,-2.975260313,44.70268087,-1.500058858,5.034197412,PSG Diagnostic ,twindata5_68,46.2027397260274,0,32.92,White,Non-Hispanic,11.0,0.2,0.353634577603143,0.4,11.3513513513514,22:06:03,06:38:03,0,0,0,0,0,0,0,0,0,0
62.71765752,1.575191769,64.91867662,3.776210864,-5.071716795,PSG Diagnostic ,twindata6_1128,61.1424657534247,1,24.96,White,Non-Hispanic,6.0,15.0,36.0153256704981,34.8,15.5826859045505,22:20:43,05:46:13,0,0,0,0,0,0,0,0,0,1
54.02426776,2.358514336,54.90840781,3.242654387,-22.67004646,PSG Diagnostic ,twindata9_90,51.6657534246575,0,25.74,White,Non-Hispanic,9.0,5.9,11.6429495472186,7.5,11.2412177985948,23:26:57,06:30:57,0,0,0,0,0,0,0,0,0,0
67.31025777,-1.308920313,69.79960163,1.180423545,-6.591441577,PSG Diagnostic,twindata12_378,68.6191780821918,1,30.9,White,Non-Hispanic,0.0,5.2,28.2666666666667,19.6,17.9310344827586,23:41:54,06:09:54,0,0,0,0,0,0,0,1,0,0
50.81464608,-0.878504609,53.3574518,1.664301115,-16.50075201,PSG Diagnostic,twindata5_1058,51.6931506849315,0,23.96,White,Non-Hispanic,9.0,0.3,2.35294117647059,1.9,16.5375854214123,22:32:37,05:47:07,0,0,0,0,0,0,0,0,0,0
34.61742906,0.362634543,41.75083569,7.496041171,8.96722015,PSG Diagnostic ,twindata7_262,34.2547945205479,1,31.13,White,Non-Hispanic,10.0,12.3,0.913705583756345,0.9,10.7096774193548,22:06:37,05:46:37,0,0,0,0,0,0,0,0,0,0
36.73990188,-0.97242689,34.19212709,-3.52020168,-10.46712026,PSG Diagnostic ,twindata5_64,37.7123287671233,0,32.41,White,Non-Hispanic,12.0,4.4,56.0330578512397,55.7,13.6572890025575,23:59:02,06:25:32,0,0,0,0,0,0,0,0,0,0
57.28643289,-3.623156156,62.89688048,1.987291443,8.791796502,PSG Diagnostic,twindata5_703,60.9095890410959,0,29.62,White,Non-Hispanic,2.0,2.7,0.715350223546945,0.0,11.4657980456026,22:25:35,06:01:05,0,0,0,0,0,0,0,0,0,0
39.8669196,4.784727819,39.73614237,4.653950588,-5.764972966,PSG Diagnostic ,twindata4_720,35.0821917808219,1,28.89,White,Non-Hispanic,0.0,1.2,14.7408829174664,14.0,12.2565320665083,23:29:48,06:23:48,0,0,0,0,0,0,0,0,0,1
42.57284105,7.04407393,44.58742885,9.05866173,-1.756020915,PSG Diagnostic ,twindata5_1503,35.5287671232877,1,24.39,White,Non-Hispanic,8.0,0.5,3.90346274921301,3.9,11.1740890688259,20:51:24,05:00:54,0,0,0,0,0,0,0,0,0,0
53.44505698,-5.105627955,57.1219361,-1.428748833,11.00438954,PSG Diagnostic ,twindata10_741,58.5506849315068,0,21.61,Asian,Non-Hispanic,2.0,1.2,36.3848396501458,30.8,15.2182952182952,23:09:25,07:06:55,0,0,0,0,0,0,0,0,0,0
21.9258,-5.159131504,23.59659127,-3.488340234,11.54644077,PSG Diagnostic ,twindata12_350,27.0849315068493,0,37.73,White,Non-Hispanic,9.0,2.7,4.41081081081081,1.3,5.79650565262076,21:53:54,05:56:24,0,0,0,0,0,0,0,0,0,0
26.53020979,-3.13006418,29.62996899,-0.030304981,20.755728,PSG Diagnostic ,twindata7_250,29.6602739726027,0,34.0,White,Non-Hispanic,2.0,0.7,0.849056603773585,0.6,9.34707903780069,23:20:16,06:37:02,0,0,0,0,0,0,0,0,0,0
18.82241342,-0.350189324,23.71435093,4.541748192,4.036862126,PSG Diagnostic ,twindata10_550,19.172602739726,0,20.52,Black,Non-Hispanic,2.0,0.0,1.22033898305085,0.0,8.41051314142678,23:12:03,05:47:33,0,0,0,0,0,0,0,0,0,0
47.94282856,-1.977719381,49.26776074,-0.652787203,1.187760602,PSG Diagnostic ,twindata6_558,49.9205479452055,0,23.91,White,Non-Hispanic,0.0,1.6,0.347322720694645,0.3,16.1411245865491,22:57:26,06:26:26,0,0,0,0,0,0,0,0,0,0
88.1679126,2.592570134,89.32208663,3.746744163,-9.697729824,PSG Diagnostic ,twindata7_71,85.5753424657534,1,28.19,White,Non-Hispanic,9.0,3.4,78.2857142857143,77.1,10.2325581395349,21:00:00,05:45:25,0,0,0,0,0,0,0,0,0,0
66.70977488,3.068678992,67.39177832,3.750682427,11.95748363,PSG Diagnostic ,twindata4_474,63.641095890411,0,23.86,White,Non-Hispanic,3.0,11.1,0.789473684210526,0.0,7.48166259168704,23:09:24,05:52:54,0,0,0,0,0,0,0,0,0,1
35.16606867,1.445520728,41.17066305,7.450115109,1.929079134,PSG Diagnostic ,twindata12_668,33.7205479452055,0,30.1,White,Non-Hispanic,6.0,6.4,0.293398533007335,0.0,8.44692737430168,22:42:44,06:06:44,0,0,0,0,0,0,0,0,0,0
34.82003648,-0.864895025,38.17530243,2.490370921,-12.12875986,PSG Diagnostic ,twindata5_1261,35.6849315068493,0,36.96,White,Non-Hispanic,4.0,0.3,16.2077922077922,16.2,16.3186813186813,00:00:34,06:00:04,0,0,0,0,0,0,0,0,0,0
59.62651128,-0.852940777,62.28104495,1.801592896,1.102226721,PSG Diagnostic ,twindata5_1354,60.4794520547945,1,24.0,White,Non-Hispanic,4.0,5.0,24.4827586206897,23.6,14.0850277264325,21:29:10,06:26:40,0,0,0,0,0,0,0,0,0,1
56.26777634,1.763666752,61.697618,7.193508408,8.083532533,PSG Diagnostic ,twindata14_96,54.5041095890411,1,24.4,White,Non-Hispanic,3.0,0.4,2.71698113207547,2.6,5.383502170767,22:28:33,04:50:11,0,0,0,0,0,0,0,0,0,0
59.44974221,6.901797004,61.22890037,8.680955169,-15.76894168,PSG Diagnostic ,twindata4_129,52.5479452054795,1,31.82,White,Non-Hispanic,12.0,8.3,0.396039603960396,0.4,11.306990881459,20:50:07,05:03:36,0,0,0,0,0,0,0,0,0,0
22.40302473,-5.506564313,21.30974573,-6.599843316,2.072751847,PSG Diagnostic ,twindata11_199,27.9095890410959,1,23.92,White,Non-Hispanic,11.0,0.1,2.47990815154994,0.0,13.1841302136317,21:48:16,05:54:16,0,0,0,0,0,0,0,0,0,0
56.50330904,5.495089861,52.53925521,1.531036028,-9.401105726,PSG Diagnostic ,twindata9_458,51.0082191780822,0,29.18,White,Non-Hispanic,5.0,1.0,7.25738396624473,6.2,16.7472527472527,22:32:05,06:04:05,0,0,0,0,0,0,0,0,0,0
39.5944769,4.03283306,44.84691191,9.285268078,33.81470041,PSG Diagnostic ,twindata8_317,35.5616438356164,1,35.26,White,Non-Hispanic,3.0,1.7,10.6109324758842,7.5,19.976717112922,23:04:36,06:11:06,0,0,0,0,0,0,0,0,0,0
32.34679764,-7.669640712,30.73628101,-9.280157344,4.600955032,PSG Diagnostic ,twindata13_394,40.0164383561644,0,18.88,White,Non-Hispanic,13.0,0.0,0.131147540983607,0.0,6.74594594594595,22:40:46,06:18:46,0,0,0,0,0,0,0,0,0,0
60.43573834,-1.693028783,62.18689363,0.058126502,-9.865808288,PSG Diagnostic ,twindata7_251,62.1287671232877,0,30.82,White,Non-Hispanic,3.0,0.7,63.8066465256798,61.6,12.4553571428571,22:22:14,05:50:34,0,0,0,0,0,0,0,0,0,1
68.91241118,-6.375260049,68.0831818,-7.204489428,-3.850967485,PSG Diagnostic ,twindata6_433,75.2876712328767,0,21.21,White,Non-Hispanic,0.0,0.9,112.786885245902,,15.0315789473684,22:15:49,06:14:08,0,0,0,0,0,0,0,0,0,0
63.0409864,0.967013794,66.17348653,4.099513932,6.674902139,PSG Diagnostic ,twindata4_794,62.0739726027397,0,31.41,,,7.0,13.5,0.336605890603086,0.2,17.2789115646259,23:06:43,06:24:13,0,0,0,0,0,0,0,0,0,0
72.02722744,2.671063052,71.59194377,2.235779382,7.755339348,PSG Diagnostic ,twindata11_68,69.3561643835617,1,30.07,White,Non-Hispanic,5.0,4.0,63.6065573770492,62.3,18.562091503268,22:12:38,05:47:38,0,0,0,0,0,0,0,1,0,0
70.35935958,7.384017112,71.77033725,8.794994784,14.34357957,PSG Diagnostic ,twindata7_37,62.9753424657534,1,28.88,White,Non-Hispanic,1.0,4.4,3.90625,0.0,12.1113689095128,22:49:47,05:55:17,0,0,0,0,0,0,0,0,0,1
56.73210176,-0.311733855,60.25475346,3.21091784,23.47660826,PSG Diagnostic ,twindata8_23,57.0438356164384,0,34.33,White,Non-Hispanic,12.0,8.9,39.0134529147982,39.5,13.0837004405286,22:39:44,06:06:44,0,0,0,0,0,0,0,0,0,0
45.94810344,2.375500697,50.19204891,6.619446175,14.55744961,PSG Diagnostic ,twindata12_791,43.572602739726,1,27.44,White,Non-Hispanic,10.0,4.9,1.39049826187717,0.0,27.032967032967,22:41:41,06:12:41,0,0,0,0,0,0,0,1,0,0
55.91784823,7.106889324,59.2096007,10.3986418,20.24317865,PSG Diagnostic ,twindata4_230,48.8109589041096,1,34.17,White,Non-Hispanic,8.0,4.0,5.58139534883721,4.9,17.2009029345372,21:29:59,04:50:59,0,0,0,0,0,0,0,0,0,0
50.43713729,-3.003958604,52.55344722,-0.887648675,5.487471105,PSG Diagnostic ,twindata5_1026,53.441095890411,0,34.66,White,Non-Hispanic,6.0,6.3,0.0,0.0,20.1668653158522,23:27:05,06:26:41,0,0,0,0,0,0,0,0,0,0
56.24497018,4.762778404,60.05681452,8.574622739,-1.087317308,PSG Diagnostic ,twindata9_612,51.4821917808219,1,24.82,White,Non-Hispanic,4.0,13.2,21.287284144427,16.4,21.0723860589812,23:46:21,05:55:51,0,0,0,0,0,0,0,0,0,0
65.52732566,3.973901003,69.45578483,7.902360177,-12.14837909,PSG Diagnostic ,twindata10_262,61.5534246575343,1,29.7,White,Non-Hispanic,6.0,14.2,2.02247191011236,0.0,27.172582619339,23:30:11,06:14:11,0,0,0,0,0,0,0,0,0,0
60.24795228,1.379459125,61.4193757,2.550882548,-3.100541548,PSG Diagnostic ,twindata14_89,58.8684931506849,1,32.7,White,Non-Hispanic,5.0,13.9,1.9672131147541,3.7,15.0,23:12:18,05:55:10,0,0,0,0,0,0,0,0,0,0
29.86850463,5.06850463,32.67361697,7.87361697,-6.952388544,PSG Diagnostic ,twindata12_260,24.8,1,29.56,Asian,Non-Hispanic,4.0,0.6,11.7607973421927,8.0,8.88888888888889,23:15:45,05:29:45,0,0,0,0,0,0,0,0,0,0
61.15468833,-1.998736325,64.13560996,0.982185303,-1.918008951,PSG Diagnostic ,twindata5_1014,63.1534246575343,0,18.97,White,Non-Hispanic,10.0,8.0,9.42555685814771,5.9,13.9372822299652,23:28:58,06:33:28,0,0,0,0,0,0,0,0,0,0
56.40563314,5.633030399,61.04463121,10.27202847,9.014416495,PSG Diagnostic ,twindata12_632,50.772602739726,0,31.17,Hispanic,Hispanic,2.0,12.2,18.5401459854015,16.5,13.4063526834611,22:46:42,06:16:42,0,0,0,0,0,0,0,0,0,0
43.84221289,-3.639978887,43.87743655,-3.604755231,-16.53928562,PSG Diagnostic ,twindata13_663,47.4821917808219,0,39.28,Black,Non-Hispanic,7.0,8.0,0.403587443946188,0.0,10.6148867313916,22:13:01,05:51:31,0,0,0,0,0,0,0,0,0,1
72.82060894,0.149376063,74.76285952,2.091626641,15.26696052,PSG Diagnostic ,twindata11_497,72.6712328767123,0,26.57,White,Non-Hispanic,18.0,1.1,1.11498257839721,0.8,16.2406015037594,22:11:29,05:52:29,0,0,0,0,0,0,0,0,0,1
56.04907299,7.775100388,57.03694433,8.762971723,9.272964984,PSG Diagnostic,twindata8_133,48.2739726027397,1,30.96,White,Non-Hispanic,12.0,4.1,0.678925035360679,0.0,19.3050193050193,23:41:53,06:05:53,0,0,0,0,0,0,0,0,0,1
31.85007829,0.847338564,35.71204343,4.709303701,-4.917722121,PSG Diagnostic ,twindata6_20,31.0027397260274,1,23.0,Other,Other,0.0,0.8,0.0,0.0,10.8542713567839,23:29:16,06:02:16,0,0,0,0,0,0,0,0,0,0
44.1036525,1.9036525,40.50513897,-1.694861033,38.87384854,PSG Diagnostic ,twindata7_762,42.2,1,24.55,White,Non-Hispanic,5.0,14.3,0.0,0.0,22.5853154084798,21:51:15,05:52:15,0,0,0,0,0,0,0,0,0,0
35.54794498,5.687671004,36.99774954,7.137475567,-10.39538896,PSG Diagnostic ,twindata7_357,29.8602739726027,1,25.79,White,Non-Hispanic,11.0,1.4,2.01290322580645,1.4,16.6465621230398,23:02:27,05:53:27,0,0,0,0,0,0,0,0,0,0
68.39619386,3.278385641,69.79144696,4.673638743,0.672999217,PSG Diagnostic ,twindata12_233,65.1178082191781,0,30.95,White,Non-Hispanic,6.0,0.0,0.38961038961039,0.0,8.58278145695364,23:53:47,06:09:17,0,0,0,0,0,0,0,0,0,1
35.46026128,8.498617443,32.51751399,5.555870152,4.89256088,PSG Diagnostic,twindata5_914,26.9616438356164,1,33.57,White,Non-Hispanic,20.0,5.1,61.4466130884041,60.2,8.04545454545455,22:51:27,06:08:27,0,0,0,0,0,0,0,0,0,1
57.27452622,5.090964579,61.93535708,9.751795438,13.92894576,PSG Diagnostic ,twindata6_542,52.1835616438356,1,33.72,White,Non-Hispanic,10.0,3.5,8.88331242158093,8.9,11.9736842105263,22:49:43,06:20:13,0,0,0,0,0,0,0,0,0,0
52.11666268,-1.606624996,56.02083328,2.297545604,-11.04805955,PSG Diagnostic ,twindata7_545,53.7232876712329,1,25.56,White,Non-Hispanic,6.0,6.0,42.0,41.8,20.1856148491879,23:46:33,06:54:33,0,0,0,0,0,0,0,0,0,0
32.60605509,-13.10353395,36.61493426,-9.094654777,1.014872778,PSG Diagnostic ,twindata9_540,45.7095890410959,0,25.23,White,Non-Hispanic,18.0,0.5,7.2289156626506,2.0,10.2024291497976,21:48:31,05:58:31,0,0,0,0,0,0,0,0,0,0
35.3490001,0.075027498,43.77557337,8.501600766,6.038082554,PSG Diagnostic ,twindata11_97,35.2739726027397,0,34.01,Other,Other,20.0,0.9,2.65593561368209,,10.4911591355599,21:15:00,06:12:28,0,0,0,0,0,0,0,0,0,0
57.5758045,6.331968888,58.73934086,7.495505246,2.975828313,PSG Diagnostic ,twindata13_296,51.2438356164384,1,32.0,White,Non-Hispanic,0.0,14.0,7.3728813559322,3.6,8.559670781893,23:14:54,05:14:54,0,0,0,0,0,0,0,0,0,0
56.01253538,4.593357299,55.12658254,3.707404461,5.722833027,PSG Diagnostic ,twindata13_463,51.4191780821918,0,21.45,White,Non-Hispanic,14.0,14.0,11.4614499424626,8.4,19.3548387096774,21:50:22,05:45:22,0,0,0,0,0,0,0,0,0,0
45.4096005,10.71644981,51.23922627,16.54607558,3.308123647,PSG Diagnostic,twindata5_163,34.6931506849315,1,25.99,White,Non-Hispanic,2.0,7.1,0.935064935064935,0.9,14.3305186972256,23:09:49,05:59:49,0,0,0,0,0,0,0,1,0,0
59.45664073,5.289517444,67.49764223,13.33051894,-11.99643772,PSG Diagnostic,twindata5_1556,54.1671232876712,0,28.19,White,Non-Hispanic,11.0,5.9,0.327868852459016,0.3,13.4200260078023,23:25:04,05:45:34,0,0,0,0,0,0,0,0,0,1
55.71182931,1.467993691,62.07669393,7.832858317,5.995944322,PSG Diagnostic ,twindata7_592,54.2438356164384,0,28.66,Hispanic,Hispanic,6.0,2.7,2.52042007001167,0.0,14.8549323017408,21:24:37,05:58:37,0,0,0,0,0,0,0,0,0,1
47.27245744,9.428621828,54.78379977,16.93996415,10.32931869,PSG Diagnostic ,twindata14_135,37.8438356164384,0,18.0,White,Non-Hispanic,12.0,0.4,0.79295154185022,0.0,10.304347826087,22:09:07,05:49:28,0,0,0,0,0,0,0,0,0,0
11.83720864,-9.584709165,10.93838907,-10.48352874,-0.127470742,PSG Diagnostic ,twindata13_625,21.4219178082192,0,24.37,White,Non-Hispanic,15.0,0.4,4.74866310160428,2.2,19.5546558704453,22:17:08,06:27:38,0,0,0,0,0,0,0,0,0,0
34.0787518,3.07327235,33.41962441,2.414144959,-9.705678788,PSG Diagnostic ,twindata9_72,31.0054794520548,1,38.45,White,Non-Hispanic,0.0,1.6,58.3302411873841,39.2,8.34782608695652,23:09:00,05:49:00,0,0,0,0,0,0,0,0,0,0
65.53099786,-0.890919947,66.71780412,0.295886312,13.60836421,PSG Diagnostic ,twindata7_750,66.4219178082192,1,34.72,White,Non-Hispanic,19.0,12.2,40.9937888198758,,26.2857142857143,21:15:00,05:45:50,0,0,0,0,0,0,0,0,0,0
58.78433002,6.096658785,66.94507744,14.25740621,20.43525774,PSG Diagnostic ,twindata5_1046,52.6876712328767,1,29.02,White,Non-Hispanic,13.0,0.0,55.1465416178195,51.3,9.89010989010989,22:34:50,06:05:20,0,0,0,0,0,0,0,0,0,0
36.24801241,3.98499871,39.80472049,7.541706789,3.382468752,PSG Diagnostic ,twindata14_235,32.2630136986301,1,30.0,White,Non-Hispanic,16.0,4.3,4.07766990291262,1.8,11.2412177985948,22:13:55,05:17:55,0,0,0,0,0,0,0,0,0,0
50.27971422,-6.531244683,53.69488228,-3.11607662,2.716014646,PSG Diagnostic,twindata5_350,56.8109589041096,1,34.99,White,Non-Hispanic,18.0,4.3,38.4059775840598,35.3,14.910394265233,22:51:55,05:46:25,0,0,0,0,0,0,0,0,0,1
73.55601784,-1.701516411,76.18257392,0.925039671,-16.52654724,PSG Diagnostic ,twindata7_575,75.2575342465754,1,20.54,White,Non-Hispanic,15.0,4.9,1.38888888888889,1.4,17.1614301191766,22:09:21,05:46:21,0,0,0,0,0,0,0,0,0,0
11.25539166,-10.27063574,7.121391282,-14.40463612,-0.093488715,PSG Diagnostic ,twindata9_212,21.5260273972603,0,21.25,White,Non-Hispanic,2.0,0.3,4.40056417489422,0.0,8.98617511520737,23:07:43,06:19:13,0,0,0,0,0,0,0,0,0,0
38.28736986,-4.282493158,44.77837127,2.208508252,-11.79182039,PSG Diagnostic ,twindata6_688,42.5698630136986,0,25.4,,,6.0,0.4,0.96662830840046,1.0,17.6509330406147,22:40:05,06:12:35,0,0,0,0,0,0,0,0,0,0
33.97385171,1.253303768,39.86771398,7.147166032,-10.07950904,PSG Diagnostic ,twindata4_1095,32.7205479452055,0,27.8,Hispanic,Hispanic,4.0,4.2,0.434782608695652,0.0,11.6883116883117,22:14:30,05:50:00,0,0,0,0,0,0,0,0,0,0
59.08579819,0.965250248,55.53023122,-2.590316729,2.472976573,PSG Diagnostic ,twindata9_352,58.1205479452055,1,36.8,White,Non-Hispanic,12.0,14.8,8.64197530864198,8.4,11.6026490066225,23:24:07,05:37:07,0,0,0,0,0,0,0,0,0,1
22.45178707,-2.904377314,28.61040435,3.254239964,1.437472581,PSG Diagnostic ,twindata14_39,25.3561643835616,0,31.0,Hispanic,Hispanic,6.0,0.4,0.0,0.0,10.1898101898102,22:02:47,06:16:17,0,0,0,0,0,0,0,0,0,0
78.17609321,1.918558963,79.21794886,2.960414616,-21.54080081,PSG Diagnostic ,twindata11_723,76.2575342465753,1,26.3,White,Non-Hispanic,6.0,11.7,2.08860759493671,1.7,18.01766437684,21:52:24,06:18:24,0,0,0,0,0,0,0,0,0,0
45.19304469,-1.763119692,48.33344135,1.377276968,6.405612647,PSG Diagnostic ,twindata13_29,46.9561643835616,1,21.14,,,13.0,0.8,5.18105849582173,3.0,13.6551724137931,22:59:15,06:09:15,0,0,0,0,0,0,0,0,0,0
41.0411659,-4.169793004,44.96615615,-0.244802759,11.52801992,PSG Diagnostic,twindata7_15,45.2109589041096,0,17.11,White,Non-Hispanic,1.0,4.5,2.86238532110092,1.6,23.4037267080745,00:00:53,06:40:23,0,0,0,0,0,0,0,0,0,0
67.26739904,0.182467535,70.5997558,3.514824295,0.866198009,PSG Diagnostic ,twindata6_368,67.0849315068493,0,24.03,White,Non-Hispanic,4.0,12.3,0.0,0.0,17.6,22:20:29,04:54:29,0,0,0,0,0,0,0,0,0,1
64.42352712,2.00982849,67.25243988,4.838741249,9.008459152,PSG Diagnostic,twindata7_406,62.413698630137,0,27.28,Asian,Non-Hispanic,20.0,8.7,0.164158686730506,0.0,18.4304932735426,22:43:27,06:03:57,0,0,0,0,0,0,0,0,0,0
52.32392899,7.014339945,56.37771898,11.06812994,-7.471064048,PSG Diagnostic ,twindata10_515,45.3095890410959,0,20.66,Hispanic,Hispanic,6.0,0.0,15.6270096463023,11.7,10.3859649122807,23:14:32,06:18:02,0,0,0,0,0,0,0,0,0,0
22.67895587,-8.748441393,25.98987314,-5.437524118,-5.20025392,PSG Diagnostic ,twindata8_104,31.427397260274,1,26.11,White,Non-Hispanic,8.0,6.0,14.8917748917749,5.6,22.7196652719665,22:30:51,06:24:51,0,0,0,0,0,0,0,0,0,0
51.60333142,4.159495808,60.21410831,12.7702727,20.57173387,PSG Diagnostic ,twindata12_135,47.4438356164384,1,25.36,White,Non-Hispanic,13.0,1.7,19.6946564885496,18.7,16.3975155279503,22:07:28,06:06:28,0,0,0,0,0,0,0,0,0,0
81.94993012,2.949930117,84.18594788,5.185947883,-8.686612769,PSG Diagnostic ,twindata13_46,79.0,0,28.12,White,Non-Hispanic,4.0,14.6,3.6144578313253,0.0,32.8571428571429,23:15:01,05:49:43,0,0,0,0,0,0,0,0,0,0
35.129896,-1.029008105,38.97295368,2.814049572,4.924888408,PSG Diagnostic ,twindata4_833,36.158904109589,1,29.41,Asian,Non-Hispanic,7.0,3.1,6.06217616580311,3.7,16.3957597173145,22:18:19,05:15:19,0,0,0,0,0,0,0,0,0,0
39.92294463,-0.866096461,50.05914611,9.270105014,-2.304156265,PSG Diagnostic ,twindata13_581,40.7890410958904,0,21.96,White,Non-Hispanic,0.0,3.4,2.48561565017261,0.4,13.687707641196,22:40:35,06:05:35,0,0,0,0,0,0,0,0,0,0
44.35454633,0.940847699,47.59390302,4.180204389,-10.84236541,PSG Diagnostic,twindata7_252,43.413698630137,1,27.61,Black,Non-Hispanic,2.0,7.8,0.0,0.0,15.3540372670807,23:26:09,06:04:09,0,0,0,0,0,0,0,0,0,0
11.88891972,-6.163135078,14.72883949,-3.323215306,65.64760073,PSG Diagnostic ,twindata12_353,18.0520547945205,1,18.31,White,Non-Hispanic,3.0,0.5,13.7792642140468,11.1,12.9896907216495,22:03:20,06:03:20,0,0,0,0,0,0,0,0,0,0
17.06557958,-2.202913567,21.79385903,2.52536588,5.826831467,PSG Diagnostic ,twindata12_382,19.2684931506849,1,23.6,White,Non-Hispanic,3.0,0.6,1.0016694490818,0.0,10.2479338842975,23:59:42,05:58:42,0,0,0,0,0,0,0,0,0,0
41.13543841,2.669684983,43.21448422,4.748730791,15.01638743,PSG Diagnostic ,twindata5_1365,38.4657534246575,1,26.0,Hispanic,Hispanic,6.0,8.8,2.02898550724638,0.4,11.448275862069,22:33:44,05:45:14,0,0,0,0,0,0,0,0,0,0
43.70169533,4.019503548,47.43282691,7.750635125,-14.72101094,PSG Diagnostic ,twindata11_479,39.6821917808219,1,26.96,Asian,Non-Hispanic,14.0,5.1,14.0442132639792,9.5,17.1618625277162,22:19:30,05:45:30,0,0,0,0,0,0,0,0,0,0
42.01316882,7.783031829,49.88158314,15.65144615,0.86906284,PSG Diagnostic ,twindata12_385,34.2301369863014,1,34.58,Hispanic,Hispanic,8.0,1.2,42.2993492407809,41.2,17.1779141104294,21:46:30,05:50:00,0,0,0,0,0,0,0,0,0,0
47.66469881,1.390726212,50.2764366,4.002463994,10.27744978,PSG Diagnostic ,twindata6_611,46.2739726027397,1,28.97,White,Non-Hispanic,2.0,4.3,1.468788249694,1.2,16.421052631579,23:13:25,06:15:55,0,0,0,0,0,0,0,0,0,0
51.28341315,-0.072751233,58.81897097,7.462806587,13.9039352,PSG Diagnostic ,twindata12_204,51.3561643835616,1,27.47,White,Non-Hispanic,6.0,8.5,2.6265389876881,0.5,18.1176470588235,22:04:09,06:29:39,0,0,0,0,0,0,0,0,0,0
70.93804652,-3.289350737,61.80115986,-12.4262374,0.157367381,PSG Diagnostic ,twindata6_621,74.227397260274,1,26.58,White,Non-Hispanic,9.0,13.8,0.230769230769231,0.2,31.8171428571429,23:29:57,06:41:57,0,0,0,0,0,0,0,0,0,0
59.45023105,9.669409129,59.46720224,9.686380321,-2.061041508,PSG Diagnostic ,twindata5_117,49.7808219178082,1,26.58,White,Non-Hispanic,18.0,1.6,16.1290322580645,12.5,16.6734279918864,21:55:59,06:00:59,0,0,0,0,0,0,0,0,0,1
58.8481436,3.283760043,62.18746468,6.623081119,0.592033482,PSG Diagnostic ,twindata11_732,55.5643835616438,1,22.8,Asian,Non-Hispanic,1.0,4.6,4.07766990291262,1.6,17.6744186046512,22:41:30,06:08:30,0,0,0,0,0,0,0,0,0,0
40.49996803,0.699968031,35.6811692,-4.118830796,4.254855102,PSG Diagnostic ,twindata9_616,39.8,1,26.45,White,Non-Hispanic,7.0,12.1,10.926517571885,8.6,10.5542168674699,23:22:03,06:13:03,0,0,0,0,0,0,0,0,0,1
37.57134222,1.815177838,42.08463509,6.328470709,-1.78397039,PSG Diagnostic ,twindata7_603,35.7561643835616,1,29.7,White,Non-Hispanic,8.0,8.7,12.2727272727273,9.1,21.4847161572052,22:45:13,06:19:13,0,0,0,0,0,0,0,0,0,1
35.75420379,-12.33620717,40.29345365,-7.796957313,-1.855182006,PSG Diagnostic,twindata4_1071,48.0904109589041,0,28.43,White,Non-Hispanic,5.0,0.7,16.1254199328108,15.1,16.056338028169,22:02:01,06:14:01,0,0,0,0,0,0,0,0,0,0
69.14061064,1.584446253,71.4217493,3.865584913,0.260211467,PSG Diagnostic ,twindata5_77,67.5561643835617,0,21.46,White,Non-Hispanic,3.0,5.6,7.93248945147679,3.9,37.7224199288256,23:05:13,06:01:13,0,0,0,0,0,0,0,0,0,0
41.96036341,11.26173327,41.60121152,10.90258138,11.21807049,PSG Diagnostic ,twindata14_7,30.6986301369863,1,34.0,White,Non-Hispanic,14.0,5.9,53.8317757009346,51.8,23.4912718204489,23:18:01,05:56:01,0,0,0,0,0,0,0,0,0,0
58.55919647,0.463306054,60.95433822,2.858447806,-4.341643267,PSG Diagnostic ,twindata5_147,58.0958904109589,0,27.55,White,Non-Hispanic,9.0,3.4,40.7547169811321,40.8,14.4059405940594,23:37:36,06:17:06,0,0,0,0,0,0,0,0,0,1
29.79517473,2.680106234,32.94506233,5.829993841,-5.14922468,PSG Diagnostic ,twindata12_458,27.1150684931507,1,26.0,Other,Other,8.0,7.9,0.832177531206657,0.0,11.2299465240642,23:53:34,06:07:35,0,0,0,0,0,0,0,0,0,0
38.63981535,-3.130047663,42.44486436,0.67500135,-3.859732312,PSG Diagnostic ,twindata12_584,41.7698630136986,0,25.33,White,Non-Hispanic,5.0,0.3,0.341394025604552,0.2,12.6937269372694,23:34:52,06:18:52,0,0,0,0,0,0,0,0,0,0
84.99551518,2.36263847,85.70554619,3.072669481,11.36257707,PSG Diagnostic ,twindata9_266,82.6328767123288,0,29.69,White,Non-Hispanic,16.0,5.7,33.0791788856305,31.2,9.69827586206897,22:32:24,06:12:24,0,0,0,0,0,0,0,1,0,0
45.84776995,-2.327572514,51.23649057,3.061148108,2.188996175,PSG Diagnostic ,twindata5_946,48.1753424657534,0,25.24,White,Non-Hispanic,7.0,0.0,2.58278145695364,0.0,16.1344537815126,,00:00:00,0,0,0,0,0,0,0,0,0,0
68.57993723,1.519663258,70.54212797,3.481853996,22.31173652,PSG Diagnostic ,twindata12_64,67.0602739726027,0,32.68,White,Non-Hispanic,10.0,6.1,18.2222222222222,14.8,13.8064516129032,22:34:27,06:15:57,0,0,0,0,0,0,0,0,0,0
69.66582897,5.315144043,69.45819418,5.10750925,-5.754769752,PSG Diagnostic ,twindata5_1283,64.3506849315069,0,27.11,White,Non-Hispanic,13.0,4.8,1.79372197309417,1.5,11.1572700296736,21:58:58,06:15:58,0,0,0,0,0,0,0,0,0,1
46.16421753,-1.907015346,51.85795097,3.786718092,12.26941797,PSG Diagnostic ,twindata13_116,48.0712328767123,1,32.28,Asian,Non-Hispanic,8.0,11.6,12.752880921895,10.8,8.21576763485477,21:57:37,06:00:01,0,0,0,0,0,0,0,0,0,1
38.37042297,8.25535448,43.37669697,13.26162847,-8.315687295,PSG Diagnostic ,twindata13_448,30.1150684931507,1,38.01,,,13.0,5.3,21.1853720050441,21.2,10.0719424460432,22:56:52,05:53:59,0,0,0,0,0,0,0,0,0,0
37.60553318,11.50964277,42.77663009,16.68073968,4.835888969,PSG Diagnostic,twindata11_359,26.0958904109589,0,21.4,Asian,Non-Hispanic,0.0,1.1,11.1013215859031,8.7,17.6066597294485,22:14:03,06:11:33,0,0,0,0,0,0,0,0,0,0
50.89983318,3.014901675,53.51485369,5.629922179,-13.12403059,PSG Diagnostic ,twindata6_26,47.8849315068493,1,27.82,White,Non-Hispanic,6.0,12.8,1.57894736842105,1.1,19.3006993006993,23:12:31,06:17:31,0,0,0,0,0,0,0,0,0,0
39.55392566,4.025158533,48.93060792,13.4018408,9.692239399,PSG Diagnostic ,twindata8_141,35.5287671232877,1,25.11,Asian,Non-Hispanic,3.0,3.3,33.5616438356164,32.6,11.3255567338282,22:00:57,05:47:57,0,0,0,0,0,0,0,0,0,0
48.07487485,9.609121429,51.12743811,12.66168469,33.58908248,PSG Diagnostic ,twindata10_406,38.4657534246575,1,29.98,White,Non-Hispanic,18.0,10.6,7.72881355932203,4.5,16.304347826087,22:15:25,05:48:55,0,0,0,0,0,0,0,0,0,1
63.48394636,5.308603897,69.55866712,11.38332465,-7.703196915,PSG Diagnostic ,twindata13_596,58.1753424657534,0,23.49,White,Non-Hispanic,19.0,1.7,3.28317373461012,0.8,11.2540894220284,22:18:27,05:53:27,0,0,0,0,0,0,0,0,0,0
59.81432256,-5.084307575,66.28737652,1.38874638,-5.646246878,PSG Diagnostic ,twindata12_399,64.8986301369863,0,25.33,White,Non-Hispanic,20.0,1.9,5.89928057553957,3.0,8.71508379888268,23:02:32,06:22:02,0,0,0,0,0,0,0,0,0,1
52.85073954,0.516492968,57.91631433,5.582067755,4.413360544,PSG Diagnostic,twindata9_272,52.3342465753425,1,24.27,Hispanic,Hispanic,2.0,12.5,1.94271481942715,0.0,8.20143884892086,23:38:16,06:35:34,0,0,0,0,0,0,0,0,0,0
50.33294302,0.020614251,50.17208649,-0.140242276,22.78565786,PSG Diagnostic ,twindata7_382,50.3123287671233,0,35.29,White,Non-Hispanic,3.0,5.9,2.62672811059908,1.8,10.3869653767821,21:51:46,05:57:16,0,0,0,0,0,0,0,0,0,0
59.63878,9.970286844,62.47014313,12.80164998,-5.636411648,PSG Diagnostic ,twindata9_46,49.6684931506849,1,31.0,White,Non-Hispanic,4.0,3.0,49.7435897435897,48.9,12.5,21:55:49,05:53:19,0,0,0,0,0,0,0,0,0,0
27.75354935,-3.375217772,33.17112749,2.042360366,-7.5889015,PSG Diagnostic ,twindata5_680,31.1287671232877,0,31.01,Black,Non-Hispanic,8.0,0.9,18.3829787234043,12.8,17.6540755467197,22:03:32,06:22:02,0,0,0,0,0,0,0,0,0,0
71.31545207,-1.613315056,72.17669526,-0.752071868,12.7465207,PSG Diagnostic ,twindata6_533,72.9287671232877,1,30.41,Other,Other,8.0,7.7,18.0451127819549,18.0,15.5274261603376,23:24:24,05:15:54,0,0,0,0,0,0,0,0,0,1
46.32099588,9.526475329,52.14855587,15.35403532,-9.003130149,PSG Diagnostic ,twindata5_271,36.7945205479452,0,25.15,White,Non-Hispanic,5.0,0.3,11.2551724137931,8.8,14.983853606028,22:22:01,06:02:01,0,0,0,0,0,0,0,0,0,0
24.99902032,-2.680431735,34.98325966,7.303807602,-15.28708447,PSG Diagnostic ,twindata7_14,27.6794520547945,0,40.0,Hispanic,Hispanic,8.0,2.3,2.33983286908078,2.3,11.3147410358566,23:53:45,06:06:15,0,0,0,0,0,0,0,0,0,0
41.34860579,-0.04317503,43.1629007,1.77111988,-12.6286748,PSG Diagnostic ,twindata13_82,41.3917808219178,1,33.63,Hispanic,Hispanic,5.0,3.6,14.9579831932773,12.8,16.0441988950276,22:53:00,06:21:00,0,0,0,0,0,0,0,0,0,0
29.82131964,-9.510187213,27.80618083,-11.52532602,3.578092972,PSG Diagnostic ,twindata5_176,39.3315068493151,1,25.77,White,Non-Hispanic,1.0,1.1,14.3163538873995,12.2,12.8378378378378,22:45:38,06:02:38,0,0,0,0,0,0,0,0,0,0
55.27137487,0.101511858,58.86485757,3.694994553,18.02326065,PSG Diagnostic,twindata5_778,55.1698630136986,1,28.13,White,Non-Hispanic,13.0,1.8,3.41001353179973,0.2,29.5890410958904,23:47:01,06:25:31,0,0,0,0,0,0,0,0,0,0
37.17078283,-2.489491139,37.9332693,-1.727004672,8.503133042,PSG Diagnostic ,twindata9_466,39.6602739726027,0,20.6,White,Non-Hispanic,1.0,2.9,,0.4,,22:11:18,05:49:48,0,0,0,0,0,0,0,0,0,0
84.48960989,-0.206280519,83.27602393,-1.419866477,-18.41673235,PSG Diagnostic ,twindata7_502,84.6958904109589,1,28.43,White,Non-Hispanic,4.0,12.6,63.6850393700787,,15.7085020242915,,06:01:29,0,0,0,0,0,0,0,0,0,0
37.64880235,-1.597772989,38.42421298,-0.822362358,3.231077915,PSG Diagnostic ,twindata6_444,39.2465753424658,1,26.25,White,Non-Hispanic,6.0,1.5,10.6296691568837,9.0,14.8466257668712,21:25:46,05:31:16,0,0,0,0,0,0,0,0,0,0
55.23438393,5.533014072,57.50207438,7.800704516,21.33885032,PSG Diagnostic ,twindata13_384,49.7013698630137,1,25.25,White,Non-Hispanic,5.0,4.8,0.735294117647059,0.0,12.7421236872812,23:26:14,06:30:44,0,0,0,0,0,0,0,0,0,0
61.34172342,9.462271367,67.04147601,15.16202395,-13.45839933,PSG Diagnostic ,twindata12_75,51.8794520547945,1,33.67,White,Non-Hispanic,6.0,13.6,1.32890365448505,0.0,13.9893048128342,22:09:49,05:57:11,0,0,0,0,0,0,0,0,0,0
47.07739429,-2.558222144,50.76266221,1.127045773,-5.582082826,PSG Diagnostic ,twindata5_380,49.6356164383562,1,26.4,White,Non-Hispanic,2.0,2.6,0.549618320610687,0.5,11.9614147909968,22:02:59,05:45:29,0,0,0,0,0,0,0,0,0,0
65.84615024,8.322862572,64.51204595,6.988758275,-4.924411716,PSG Diagnostic ,twindata13_516,57.5232876712329,0,27.21,Black,Non-Hispanic,6.0,0.0,3.31797235023041,2.2,7.30434782608696,22:27:59,06:04:59,0,0,0,0,0,0,0,0,0,1
66.2461311,5.563939323,67.86092383,7.178732047,-1.223018309,PSG Diagnostic ,twindata11_411,60.6821917808219,1,33.14,Other,Other,9.0,9.2,2.22222222222222,0.5,19.5804195804196,22:37:53,05:43:23,0,0,0,0,0,0,0,0,0,1
67.43583441,-1.676494359,68.76956443,-0.342764333,5.822854865,PSG Diagnostic ,twindata13_655,69.1123287671233,1,27.6,White,Non-Hispanic,9.0,2.8,69.5111111111111,68.2,14.1269841269841,23:31:54,05:50:06,0,0,0,0,0,0,0,0,0,1
17.01638887,-6.408268668,19.95076586,-3.473891678,12.89532666,PSG Diagnostic ,twindata5_1706,23.4246575342466,0,21.14,Hispanic,Hispanic,11.0,0.3,5.35600425079702,3.0,26.4097363083164,21:53:48,06:02:48,0,0,0,0,0,0,0,0,0,0
35.6896304,-4.740506588,38.19490744,-2.23522955,-9.295331799,PSG Diagnostic ,twindata13_673,40.4301369863014,0,23.79,White,Non-Hispanic,5.0,0.3,0.289855072463768,0.0,18.4720638540479,23:44:31,06:59:01,0,0,0,0,0,0,0,0,0,0
55.28998124,1.57217302,59.13608605,5.418277832,14.54409902,PSG Diagnostic,twindata10_765,53.7178082191781,1,26.58,White,Non-Hispanic,7.0,13.9,22.188679245283,15.7,18.0493537015276,22:43:44,05:45:14,0,0,0,0,0,0,0,0,0,0
63.11121575,5.590667802,66.34767348,8.827125534,-25.63371576,PSG Diagnostic,twindata5_474,57.5205479452055,0,32.4887965503488,White,Non-Hispanic,11.0,3.7,6.17647058823529,6.1,12.972972972973,22:39:43,05:59:43,0,0,0,0,0,0,0,0,0,0
30.21041773,-0.307390487,36.25364621,5.735837994,-18.13557136,PSG Diagnostic,twindata13_215,30.5178082191781,1,29.6,White,Non-Hispanic,0.0,0.9,0.737100737100737,0.0,9.85376827896513,22:37:00,06:01:30,0,0,0,0,0,0,0,0,0,0
53.98657886,2.126304883,57.78313499,5.922861019,11.7675884,PSG Diagnostic ,twindata6_821,51.8602739726027,0,34.01,Other,Other,7.0,2.2,15.2112676056338,3.2,27.2350230414747,22:35:35,05:46:05,0,0,0,0,0,0,0,0,0,0
65.48841233,5.751426029,71.27495118,11.53796488,-4.958724078,PSG Diagnostic,twindata6_129,59.7369863013699,1,31.87,White,Non-Hispanic,14.0,4.7,5.97156398104265,5.3,16.3409563409563,22:00:47,05:55:47,0,0,0,0,0,0,0,0,0,1
73.86425822,4.691655485,76.09911192,6.926509179,15.44762301,PSG Diagnostic,twindata4_255,69.172602739726,0,31.24,White,Non-Hispanic,4.0,13.1,0.380952380952381,0.0,9.66942148760331,22:37:45,06:36:45,0,0,0,0,0,0,0,0,0,0
67.14610215,-4.385404702,65.18250218,-6.349004666,-5.623887056,PSG Diagnostic ,twindata9_396,71.5315068493151,1,28.07,White,Non-Hispanic,4.0,5.6,57.554347826087,48.2,11.0565110565111,23:26:34,06:10:34,0,0,0,0,0,0,0,0,0,1
47.61337052,-1.148273315,50.82628437,2.064640532,13.51162899,PSG Diagnostic ,twindata9_139,48.7616438356164,0,28.97,Other,Other,4.0,6.8,5.86259541984733,0.0,19.5884773662551,23:56:37,06:01:18,0,0,0,0,0,0,0,0,0,0
43.93893284,1.119754759,46.61566304,3.796484956,-9.39436433,PSG Diagnostic ,twindata10_396,42.8191780821918,1,25.06,White,Non-Hispanic,18.0,1.5,15.4593453009504,9.7,15.7358490566038,21:40:35,06:27:35,0,0,0,0,0,0,0,0,0,0
55.09559985,0.090120398,54.89135689,-0.114122562,13.89698709,PSG Diagnostic ,twindata9_289,55.0054794520548,1,32.1,White,Non-Hispanic,17.0,2.3,10.0,0.0,33.4818288393904,23:25:56,06:28:26,0,0,0,0,0,0,0,0,0,1
66.00166695,-0.798333048,71.67111191,4.871111913,3.500250663,PSG Diagnostic ,twindata5_1222,66.8,1,33.72,White,Non-Hispanic,7.0,9.3,19.6068796068796,19.6,16.271186440678,21:04:17,05:22:47,0,0,0,0,0,0,0,0,0,0
59.79708681,7.498456671,63.37573336,11.07710322,-2.621379043,PSG Diagnostic ,twindata10_762,52.2986301369863,1,36.9,,,4.0,13.0,9.07407407407407,4.8,14.2893725992318,23:56:21,06:23:21,0,0,0,0,0,0,0,0,0,0
55.9473424,2.33090404,56.20015453,2.583716174,11.87813633,PSG Diagnostic ,twindata9_313,53.6164383561644,0,28.08,White,Non-Hispanic,7.0,6.4,10.8341511285574,2.9,22.2775119617225,21:28:34,06:07:34,0,0,0,0,0,0,0,0,0,0
45.22689421,11.01593531,50.47579096,16.26483205,-0.709253073,PSG Diagnostic ,twindata7_479,34.2109589041096,1,23.53,Asian,Non-Hispanic,8.0,2.8,1.09232769830949,1.1,11.8141592920354,23:07:11,06:33:41,0,0,0,0,0,0,0,0,0,0
35.57428214,0.763323238,39.3261482,4.5151893,-1.191833811,PSG Diagnostic ,twindata6_828,34.8109589041096,1,28.32,White,Non-Hispanic,7.0,14.5,1.8013856812933,1.8,15.7293868921776,22:01:27,05:51:57,0,0,0,0,0,0,0,0,0,0
59.31933327,2.842620938,60.01384961,3.537137283,20.19482091,PSG Diagnostic ,twindata6_808,56.4767123287671,1,31.1,White,Non-Hispanic,4.0,12.5,11.3103448275862,10.0,17.8429319371728,21:50:43,05:44:43,0,0,0,0,0,0,0,0,0,0
58.46981346,-4.574022154,63.62341307,0.579577455,-12.43061334,PSG Diagnostic ,twindata5_624,63.0438356164384,0,32.45,White,Non-Hispanic,5.0,6.1,0.139211136890951,0.1,8.80361173814898,23:22:02,06:38:32,0,0,0,0,0,0,0,0,0,1
50.87464837,-0.571926973,58.98820456,7.541629214,23.22969504,PSG Diagnostic ,twindata6_418,51.4465753424658,1,25.39,White,Non-Hispanic,2.0,14.8,19.3861066235864,19.7,16.9294605809129,00:06:52,06:03:22,0,0,0,0,0,0,0,0,0,0
35.16305723,-0.664340027,39.19673347,3.36933621,6.719842586,PSG Diagnostic ,twindata11_568,35.827397260274,1,27.2,Hispanic,Hispanic,,0.9,6.07424071991001,1.5,8.77742946708464,22:36:54,06:35:38,0,0,0,0,0,0,0,0,0,0
48.44398735,-3.777930462,47.26058635,-4.961331457,-1.382598341,PSG Diagnostic ,twindata8_217,52.2219178082192,0,33.0,White,Non-Hispanic,1.0,13.9,0.176470588235294,0.0,11.3914174252276,22:39:31,05:01:01,0,0,0,0,0,0,0,0,0,0
74.04509139,-0.500114089,75.93424594,1.389040459,-0.020942884,PSG Diagnostic ,twindata11_492,74.5452054794521,1,23.75,White,Non-Hispanic,7.0,2.0,0.554272517321016,0.0,10.0413223140496,21:58:55,05:56:55,0,0,0,0,0,0,0,1,0,0
53.93371266,-4.088205146,61.24213167,3.220213863,-10.49152684,PSG Diagnostic ,twindata7_799,58.0219178082192,0,22.67,White,Non-Hispanic,12.0,5.3,0.416184971098266,0.4,12.0,22:26:08,06:02:08,0,0,0,0,0,0,0,0,0,0
21.74744664,-2.94570405,25.07728949,0.384138809,8.085989776,PSG Diagnostic,twindata5_257,24.6931506849315,0,36.66,Other,Other,9.0,0.8,29.2490118577075,27.1,13.6067551266586,23:10:37,06:01:37,0,0,0,0,0,0,0,1,0,0
72.0508995,-2.392936119,76.62888204,2.185046419,-5.205267067,PSG Diagnostic ,twindata13_263,74.4438356164384,1,36.81,White,Non-Hispanic,4.0,13.9,44.7398843930636,43.7,12.7601809954751,22:41:11,06:00:11,0,0,0,0,0,0,0,0,0,0
59.2927602,0.813308149,64.46774795,5.988295896,-8.303392467,PSG Diagnostic ,twindata5_399,58.4794520547945,0,30.89,White,Non-Hispanic,10.0,9.6,1.62762022194821,0.6,16.5773195876289,21:58:20,06:00:20,0,0,0,0,0,0,0,0,0,1
23.68006662,0.674587164,34.22833225,11.2228528,13.43500487,PSG Diagnostic ,twindata9_359,23.0054794520548,1,20.09,White,Non-Hispanic,13.0,0.0,0.586080586080586,0.0,9.69555035128806,23:18:03,06:21:03,0,0,0,0,0,0,0,0,0,0
64.71463697,7.040664363,68.73065091,11.05667831,-11.37586549,PSG Diagnostic ,twindata12_503,57.6739726027397,1,33.67,White,Non-Hispanic,8.0,7.8,4.79467258601554,3.6,12.7029804727646,21:56:27,06:03:13,0,0,0,0,0,0,0,0,0,1
41.79691859,5.405137769,48.98427899,12.59249817,9.582056578,PSG Diagnostic ,twindata8_174,36.3917808219178,0,29.52,White,Non-Hispanic,17.0,3.8,21.003861003861,17.5,14.3526510480888,23:19:24,06:04:53,0,0,0,0,0,0,0,0,0,0
33.91366219,7.584895071,41.86510737,15.53634025,-8.27887324,PSG Diagnostic ,twindata12_225,26.3287671232877,0,24.36,White,Non-Hispanic,11.0,0.1,26.9090909090909,21.4,11.1063829787234,22:29:41,06:15:41,0,0,0,0,0,0,0,0,0,0
21.5351498,0.677615552,25.83135524,4.973820991,4.022564179,PSG Diagnostic ,twindata7_4,20.8575342465753,1,24.27,Asian,Non-Hispanic,18.0,9.9,0.77502691065662,0.6,12.396694214876,22:18:34,06:18:34,0,0,0,0,0,0,0,0,0,0
52.56877636,4.15781746,58.27553777,9.864578861,-0.438830111,PSG Diagnostic ,twindata10_303,48.4109589041096,1,23.24,Asian,Non-Hispanic,1.0,1.3,0.706921944035346,0.0,18.75,22:39:42,06:19:42,0,0,0,0,0,0,0,0,0,0
63.98023117,0.96927227,65.51979854,2.508839635,11.16450851,PSG Diagnostic ,twindata11_351,63.0109589041096,1,22.67,White,Non-Hispanic,8.0,12.7,6.90166975881262,4.5,16.7810026385224,00:07:18,06:23:18,0,0,0,0,0,0,0,0,0,0
24.1816463,1.225481912,24.37661535,1.420450964,-8.771437857,PSG Diagnostic ,twindata8_160,22.9561643835616,0,25.34,White,Non-Hispanic,15.0,0.4,3.04849884526559,0.7,11.2582781456954,22:29:27,05:58:27,0,0,0,0,0,0,0,0,0,0
41.60970274,-9.828653423,44.54359345,-6.894762719,12.47798579,PSG Diagnostic ,twindata6_182,51.4383561643836,1,26.56,White,Non-Hispanic,20.0,12.0,0.200333889816361,0.0,22.9105473965287,00:00:17,06:12:47,0,0,0,0,0,0,0,1,0,0
57.64162315,7.321075202,57.45386982,7.133321874,1.644178316,PSG Diagnostic ,twindata6_671,50.3205479452055,1,38.39,White,Non-Hispanic,8.0,6.6,1.51133501259446,1.2,14.4905660377359,23:40:59,06:12:59,0,0,0,0,0,0,0,0,0,1
65.47634352,15.53935722,73.2206183,23.283632,2.441497463,PSG Diagnostic ,twindata12_77,49.9369863013699,1,29.53,White,Non-Hispanic,13.0,2.6,15.4693366708385,12.9,16.4659427443238,21:40:20,06:07:12,0,0,0,0,0,0,0,1,0,0
73.41181905,-3.711468621,72.98277621,-4.140511458,13.15207987,PSG Diagnostic ,twindata7_559,77.1232876712329,0,24.66,White,Non-Hispanic,3.0,1.1,1.94594594594595,0.6,13.7142857142857,22:30:56,05:43:26,0,0,0,0,0,0,0,0,0,0
24.43504878,5.961076179,29.35758357,10.88361096,-7.293853713,PSG Diagnostic ,twindata9_325,18.4739726027397,1,32.28,White,Non-Hispanic,6.0,2.2,2.72108843537415,1.5,8.93756845564075,22:46:19,06:17:19,0,0,0,0,0,0,0,0,0,0
59.5771728,-2.244745009,59.63300777,-2.188910041,-8.691862891,PSG Diagnostic ,twindata11_614,61.8219178082192,1,28.24,White,Non-Hispanic,18.0,12.1,4.66926070038911,0.8,10.2774427020507,23:21:31,06:12:01,0,0,0,0,0,0,0,0,0,0
42.58316228,7.180422551,50.1388912,14.73615148,-2.610620123,PSG Diagnostic ,twindata13_166,35.4027397260274,0,21.61,Asian,Non-Hispanic,17.0,2.5,2.89988492520138,0.0,20.1724137931034,22:22:29,06:02:59,0,0,0,0,0,0,0,0,0,0
77.38583274,-2.405948081,80.06927504,0.277494217,2.464142357,PSG Diagnostic ,twindata11_768,79.7917808219178,1,23.86,Hispanic,Hispanic,5.0,10.0,13.6443148688047,9.6,19.4509803921569,23:36:26,05:59:10,0,0,0,0,0,0,0,0,0,1
61.06891539,4.770285258,65.56865172,9.270021587,-9.976708194,PSG Diagnostic ,twindata5_351,56.2986301369863,0,20.77,White,Non-Hispanic,1.0,1.0,3.91134289439374,2.4,24.611819235226,22:40:58,05:47:28,0,0,0,0,0,0,0,0,0,0
68.61617369,1.777817527,72.25779637,5.419440206,-4.345857846,PSG Diagnostic ,twindata4_232,66.8383561643836,1,24.96,White,Non-Hispanic,1.0,13.4,0.0,0.0,11.1475409836066,22:32:55,06:03:55,0,0,0,0,0,0,0,0,0,0
58.90168382,5.3208619,59.08155262,5.500730706,9.101068338,PSG Diagnostic ,twindata4_538,53.5808219178082,1,29.27,White,Non-Hispanic,7.0,3.8,0.150375939849624,0.0,13.7964071856287,23:26:08,06:19:08,0,0,0,0,0,0,0,0,0,0
65.51163516,-1.814392242,67.73072638,0.404698987,-11.47022788,PSG Diagnostic ,twindata11_748,67.3260273972603,0,28.12,White,Non-Hispanic,1.0,5.3,19.9361022364217,14.1,20.1904761904762,22:32:01,06:18:31,0,0,0,0,0,0,0,0,0,0
48.66485609,-1.250212401,54.11013871,4.195070217,-11.39640695,PSG Diagnostic,twindata5_931,49.9150684931507,1,29.16,White,Non-Hispanic,3.0,5.4,34.238683127572,34.2,15.4646840148699,23:08:28,05:45:58,0,0,0,0,0,0,0,0,0,0
59.08969444,0.895173892,65.60087639,7.406355841,16.64840081,PSG Diagnostic,twindata3_3,58.1945205479452,1,32.1,White,Non-Hispanic,2.0,14.0,17.2741194486983,14.9,15.7964601769912,23:11:46,06:44:05,0,0,0,0,0,0,0,0,0,0
39.23053119,8.120942151,45.05692823,13.94733919,16.12649992,PSG Diagnostic ,twindata12_520,31.1095890410959,0,27.43,White,Non-Hispanic,2.0,0.5,7.24279835390947,4.4,19.1324736225088,23:21:54,06:21:54,0,0,0,0,0,0,0,0,0,0
42.0294341,-7.200702888,45.59907676,-3.631060223,-16.9831346,PSG Diagnostic ,twindata11_94,49.2301369863014,1,25.5,White,Non-Hispanic,5.0,12.5,21.3258110014104,18.8,12.8650646950092,21:57:42,06:55:42,0,0,0,0,0,0,0,0,0,0
53.01049299,6.465287506,57.33526961,10.79006413,-9.36345379,PSG Diagnostic,twindata5_1076,46.5452054794521,1,29.5592863734379,White,Non-Hispanic,4.0,8.3,11.9306358381503,7.7,13.8100558659218,22:29:41,05:52:41,0,0,0,0,0,0,0,0,0,0
71.68285128,4.389700593,73.67185931,6.378708623,10.92552268,PSG Diagnostic ,twindata13_216,67.2931506849315,0,27.79,White,Non-Hispanic,0.0,3.8,0.469667318982387,0.2,16.0765550239234,23:02:02,05:56:02,0,0,0,0,0,0,0,0,0,1
41.21368677,-3.97809405,46.86549114,1.673710316,14.93733697,PSG Diagnostic ,twindata11_104,45.1917808219178,0,30.86,White,Non-Hispanic,8.0,0.6,13.5172413793103,9.4,11.1196911196911,23:37:51,06:03:51,0,0,0,0,0,0,0,0,0,1
47.03462618,3.226407007,51.45060846,7.642389284,-9.689408276,PSG Diagnostic ,twindata6_660,43.8082191780822,1,29.83,White,Non-Hispanic,9.0,5.7,1.8863361547763,0.0,10.5378704720088,22:14:42,05:46:12,0,0,0,0,0,0,0,0,0,0
37.18304836,4.366610001,43.38078182,10.56434347,-2.966252926,PSG Diagnostic ,twindata12_741,32.8164383561644,1,35.6,White,Non-Hispanic,3.0,6.2,13.207100591716,6.7,8.30670926517572,22:32:07,06:18:37,0,0,0,0,0,0,0,0,0,0
79.25865313,12.99289971,81.180611,14.91485758,-10.43891115,PSG Diagnostic ,twindata4_124,66.2657534246575,0,29.53,White,Non-Hispanic,2.0,9.8,0.390243902439024,0.0,16.7410714285714,22:49:35,06:15:05,0,0,0,0,0,0,0,0,0,0
50.84886531,2.172152982,55.96901655,7.292304223,-12.23150245,PSG Diagnostic ,twindata7_624,48.6767123287671,1,25.8,White,Non-Hispanic,3.0,2.1,20.0,13.6,11.4098360655738,22:26:50,06:00:50,0,0,0,0,0,0,0,0,0,1
26.99766418,-6.339322118,27.24797025,-6.089016056,-3.943392952,PSG Diagnostic ,twindata5_1631,33.3369863013699,1,28.13,White,Non-Hispanic,4.0,7.1,2.34965034965035,2.4,13.8785046728972,22:06:02,05:09:32,0,0,0,0,0,0,0,0,0,1
31.59392838,2.174750301,38.24153584,8.822357757,-2.65944518,PSG Diagnostic ,twindata4_112,29.4191780821918,1,26.28,White,Non-Hispanic,4.0,0.3,1.45748987854251,1.5,14.9136939010357,23:26:04,06:36:04,0,0,0,0,0,0,0,0,0,0
68.42948675,1.002089489,74.15148183,6.724084572,-2.738354681,PSG Diagnostic,twindata3_254,67.427397260274,0,22.63,White,Non-Hispanic,9.0,0.5,1.19047619047619,0.7,12.4307692307692,21:57:34,06:00:34,0,0,0,0,0,0,0,0,0,0
43.62820672,-2.629327525,51.30841883,5.05088458,0.314325446,PSG Diagnostic ,twindata5_196,46.2575342465753,1,26.68,White,Non-Hispanic,3.0,10.8,68.7445887445887,67.0,15.0613915416098,23:16:45,05:19:45,0,0,0,0,0,0,0,0,0,1
41.2148908,4.502562038,48.80349038,12.09116162,10.85588121,PSG Diagnostic ,twindata6_323,36.7123287671233,1,31.1,White,Non-Hispanic,5.0,2.5,5.43065693430657,5.4,12.2540473225405,23:47:16,06:24:46,0,0,0,0,0,0,0,0,0,0
53.30116745,5.221715393,58.85143352,10.77198147,-3.421866091,PSG Diagnostic ,twindata4_609,48.0794520547945,1,29.65,Black,Non-Hispanic,18.0,2.0,4.96240601503759,4.3,15.9036144578313,23:30:00,06:22:28,0,0,0,0,0,0,0,0,0,1
50.59793366,1.439029555,51.89794019,2.739036083,-0.650397814,PSG Diagnostic ,twindata5_1543,49.158904109589,0,34.02,White,Non-Hispanic,10.0,2.0,20.353982300885,17.7,15.0542822677925,23:10:44,06:01:44,0,0,0,0,0,0,0,0,0,0
40.62202626,1.249423524,44.50964103,5.137038294,7.248394651,PSG Diagnostic ,twindata11_28,39.372602739726,1,31.32,White,Non-Hispanic,5.0,5.0,3.12267657992565,0.5,15.2249134948097,23:00:09,06:09:09,0,0,0,0,0,0,0,0,0,0
64.93764258,0.595176825,65.30706128,0.96459553,-6.914696217,PSG Diagnostic,twindata4_994,64.3424657534247,1,27.69,White,Non-Hispanic,13.0,14.9,73.6231884057971,73.0,20.1735357917571,22:28:54,06:05:54,0,0,0,0,0,0,0,1,0,0
71.61356435,2.542331475,73.97184417,4.900611295,22.37306571,PSG Diagnostic ,twindata5_1627,69.0712328767123,0,25.4,Black,Non-Hispanic,7.0,3.9,16.4383561643836,14.4,17.8324022346369,23:23:24,06:46:54,0,0,0,0,0,0,0,0,0,1
71.45570304,2.203648248,75.89132413,6.639269331,1.562790271,PSG Diagnostic,twindata5_1249,69.2520547945206,0,27.0,White,Non-Hispanic,0.0,12.0,4.07971864009379,2.5,18.375,21:54:23,05:54:25,0,0,0,0,0,0,0,0,0,0
81.54379692,8.661605138,82.53860316,9.656411375,-3.507443304,PSG Diagnostic ,twindata7_869,72.8821917808219,1,18.56,White,Non-Hispanic,12.0,5.0,19.6246648793566,15.2,24.7599591419816,21:40:45,05:45:15,0,0,0,0,0,0,0,0,0,1
29.27923368,5.577863816,32.69131571,8.989945848,-8.491603585,PSG Diagnostic,twindata7_472,23.7013698630137,1,24.4,White,Non-Hispanic,8.0,1.1,1.64179104477612,0.0,18.3050847457627,21:58:56,05:47:26,0,0,0,0,0,0,0,0,0,0
36.13040101,-0.351790767,40.4200305,3.937838715,5.162533146,PSG Diagnostic ,twindata4_766,36.4821917808219,1,23.05,White,Non-Hispanic,13.0,1.4,0.68259385665529,0.0,12.2502744237102,22:47:54,06:19:24,0,0,0,0,0,0,0,0,0,0
30.56759329,-11.4735026,32.20464822,-9.836447668,9.088956431,PSG Diagnostic ,twindata5_1362,42.041095890411,0,22.44,White,Non-Hispanic,1.0,0.3,0.0,0.0,16.4651162790698,23:23:32,06:28:32,0,0,0,0,0,0,0,0,0,0
49.24906579,-0.630386268,45.26990175,-4.609550304,-12.23843535,PSG Diagnostic ,twindata5_942,49.8794520547945,1,25.24,White,Non-Hispanic,7.0,14.0,0.349854227405248,0.4,17.2869147659064,23:31:06,06:22:36,0,0,0,0,0,0,0,0,0,0
61.22430165,3.898274254,65.73236516,8.406337761,-10.18243351,PSG Diagnostic ,twindata11_423,57.3260273972603,0,19.3,White,Non-Hispanic,7.0,0.6,4.42748091603053,1.1,23.5010940919037,22:18:43,05:51:43,0,0,0,0,0,0,0,0,0,0
45.17870243,-0.081571543,47.56420919,2.303935214,-7.552885014,PSG Diagnostic ,twindata13_30,45.2602739726027,0,28.29,White,Non-Hispanic,4.0,0.6,60.8194233687405,58.3,9.3,23:41:20,06:16:50,0,0,0,0,0,0,0,0,0,0
58.7699732,11.19737046,62.36016714,14.7875644,-5.838014448,PSG Diagnostic,twindata5_1663,47.572602739726,0,34.7,White,Non-Hispanic,14.0,10.6,6.4,6.5,12.1739130434783,21:54:51,05:16:51,0,0,0,0,0,0,0,0,0,0
66.70399265,4.923170737,67.2282812,5.447459285,14.43268944,PSG Diagnostic ,twindata5_1000,61.7808219178082,0,34.94,White,Non-Hispanic,11.0,9.9,17.4436090225564,15.6,11.8454935622318,22:08:09,05:54:34,0,0,0,0,0,0,0,1,0,0
65.04807393,3.250813659,69.8059444,8.008684121,-4.229989633,PSG Diagnostic ,twindata6_127,61.7972602739726,1,30.0,White,Non-Hispanic,0.0,2.3,36.9853768278965,36.1,19.0618336886994,22:02:39,05:47:09,0,0,0,0,0,0,0,0,0,0
56.85310088,2.581868008,64.66190484,10.39067196,-19.21606114,PSG Diagnostic ,twindata14_187,54.2712328767123,0,23.0,White,Non-Hispanic,6.0,4.6,3.2484076433121,,28.5135135135135,22:42:20,06:05:20,0,0,0,0,0,0,0,0,0,0
35.32462282,7.420513235,42.1024719,14.19836231,11.26062624,PSG Diagnostic ,twindata12_142,27.9041095890411,1,26.28,White,Non-Hispanic,8.0,1.7,14.7222222222222,13.3,9.15254237288136,21:57:01,05:49:14,0,0,0,0,0,0,0,0,0,0
26.43225421,-2.301992366,30.17910616,1.44485958,0.075231268,PSG Diagnostic ,twindata6_833,28.7342465753425,0,25.74,White,Non-Hispanic,5.0,2.2,3.01714285714286,1.3,15.5744680851064,22:04:15,05:48:45,0,0,0,0,0,0,0,0,0,1
33.34343754,4.984533429,39.44758907,11.08868497,1.671423082,PSG Diagnostic ,twindata10_274,28.358904109589,1,25.36,White,Non-Hispanic,6.0,3.5,2.93706293706294,0.0,15.7534246575342,22:32:59,05:50:59,0,0,0,0,0,0,0,0,0,0
33.29657448,6.337670371,33.75647517,6.797571063,-0.665148441,PSG Diagnostic ,twindata4_12,26.958904109589,1,37.61,Black,Non-Hispanic,3.0,3.1,3.76068376068376,1.2,14.4125326370757,23:48:24,05:49:24,0,0,0,0,0,0,0,0,0,1
41.10727816,-0.333817733,37.97728263,-3.463813263,2.136793106,PSG Diagnostic ,twindata14_59,41.441095890411,1,24.0,White,Non-Hispanic,7.0,1.2,1.37055837563452,0.5,13.0778443113772,23:07:09,06:00:39,0,0,0,0,0,0,0,0,0,0
56.5203741,-0.142639602,59.80903669,3.146022993,3.181256023,PSG Diagnostic ,twindata9_86,56.6630136986301,0,26.12,White,Non-Hispanic,4.0,5.8,26.8217054263566,11.0,15.4885404101327,23:20:35,06:11:35,0,0,0,0,0,0,0,0,0,1
58.0866608,8.415427926,57.44162592,7.770393043,-13.04293996,PSG Diagnostic ,twindata13_694,49.6712328767123,1,31.6,White,Non-Hispanic,10.0,0.9,3.35451080050826,0.9,19.9038461538462,22:57:23,05:47:53,0,0,0,0,0,0,0,1,0,0
51.83567289,-3.591724366,53.57474827,-1.852648988,5.437737947,PSG Diagnostic ,twindata14_43,55.427397260274,0,28.0,White,Non-Hispanic,17.0,8.9,24.1751824817518,18.7,11.5029585798817,22:09:21,05:47:55,0,0,0,0,0,0,0,1,0,0
61.28210524,6.7834751,64.94514161,10.44651147,5.004330156,PSG Diagnostic ,twindata4_241,54.4986301369863,0,32.0,Black,Non-Hispanic,7.0,10.4,5.3757225433526,4.8,19.8090040927694,00:07:47,06:09:17,0,0,0,0,0,0,0,0,0,0
44.39821214,2.883143649,49.52344585,8.008377359,3.048746244,PSG Diagnostic ,twindata5_431,41.5150684931507,1,34.36,White,Non-Hispanic,12.0,4.6,1.39697322467986,0.0,21.4553014553015,22:04:50,06:02:20,0,0,0,0,0,0,0,0,0,1
57.31495095,0.030019443,63.42800003,6.143068523,27.44328971,PSG Diagnostic ,twindata14_21,57.2849315068493,0,27.0,White,Non-Hispanic,6.0,1.1,9.23076923076923,6.5,8.21114369501466,21:56:01,06:27:38,0,0,0,0,0,0,0,0,0,0
52.52820421,4.352861743,58.0948905,9.919548034,13.70022574,PSG Diagnostic ,twindata10_16,48.1753424657534,1,31.6,White,Non-Hispanic,9.0,6.9,4.64419475655431,2.5,22.6993865030675,21:43:10,05:52:11,0,0,0,0,0,0,0,0,0,0
64.52361708,5.507178719,68.45332375,9.43688539,7.882933307,PSG Diagnostic ,twindata6_102,59.0164383561644,1,27.66,White,Non-Hispanic,13.0,3.4,5.24076147816349,4.4,11.0769230769231,21:44:58,05:43:28,0,0,0,0,0,0,0,0,0,0
44.44204264,5.420124836,46.66722976,7.645311953,-0.082791112,PSG Diagnostic ,twindata12_177,39.0219178082192,1,24.68,White,Non-Hispanic,14.0,4.0,2.38897396630934,1.5,14.3942992874109,22:09:46,05:07:46,0,0,0,0,0,0,0,0,0,0
63.21897246,0.246369722,65.08410158,2.111498843,3.883095443,PSG Diagnostic ,twindata4_949,62.972602739726,0,28.66,White,Non-Hispanic,8.0,2.7,0.168302945301543,0.2,11.2681510164569,21:46:58,06:23:51,0,0,0,0,0,0,0,0,0,0
41.25628649,15.53573855,50.31736952,24.59682158,13.22158425,PSG Diagnostic ,twindata10_858,25.7205479452055,1,33.89,White,Non-Hispanic,6.0,1.6,1.93265007320644,0.5,15.1724137931034,23:41:50,06:12:20,0,0,0,0,0,0,0,0,0,0
66.75090604,-3.66827204,67.71435279,-2.70482529,3.925427769,PSG Diagnostic ,twindata6_807,70.4191780821918,0,24.37,White,Non-Hispanic,0.0,0.0,5.61038961038961,5.8,15.140771637122,21:51:44,05:45:44,0,0,0,0,0,0,0,0,0,0
31.06820793,-5.024942753,36.06474591,-0.028404778,-7.782068753,PSG Diagnostic,twindata7_715,36.0931506849315,1,36.47,Asian,Non-Hispanic,9.0,9.9,1.04347826086957,0.0,12.1167883211679,23:49:49,06:37:19,0,0,0,0,0,0,0,0,0,0
60.28143064,9.25129365,63.77068282,12.74054584,0.667254978,PSG Diagnostic ,twindata5_598,51.0301369863014,1,32.28,White,Non-Hispanic,4.0,0.8,0.206896551724138,0.2,14.2718446601942,22:52:32,05:35:02,0,0,0,0,0,0,0,0,0,1
67.80692419,-0.89992513,74.6780496,5.97120028,15.00332628,PSG Diagnostic ,twindata12_237,68.7068493150685,1,23.67,White,Non-Hispanic,7.0,1.6,2.74061990212072,0.0,13.4265734265734,22:27:17,05:33:17,0,0,0,0,0,0,0,0,0,0
33.3784394,5.29350789,35.18114516,7.096213652,-1.167145161,PSG Diagnostic ,twindata5_891,28.0849315068493,0,25.0,White,Non-Hispanic,5.0,0.6,4.89208633093525,3.2,18.6928104575163,22:09:06,05:45:06,0,0,0,0,0,0,0,0,0,0
46.98378467,10.38926412,48.97631842,12.38179788,3.655283283,PSG Diagnostic ,twindata8_235,36.5945205479452,1,34.86,White,Non-Hispanic,20.0,6.6,4.39393939393939,0.0,12.9230769230769,23:06:34,06:05:04,0,0,0,0,0,0,0,0,0,0
37.64145996,0.378446258,43.30239919,6.039385493,8.350065043,PSG Diagnostic ,twindata9_506,37.2630136986301,0,32.28,Black,Non-Hispanic,1.0,2.5,0.491132332878581,0.0,14.1975308641975,22:01:11,06:02:11,0,0,0,0,0,0,0,0,0,0
30.40854603,-2.290084111,33.9871431,1.288512964,6.146318275,PSG Diagnostic,twindata5_1110,32.6986301369863,1,25.54,White,Non-Hispanic,12.0,1.6,0.963855421686747,0.0,8.59188544152745,23:23:35,06:18:05,0,0,0,0,0,0,0,0,0,0
36.75096914,-2.501085655,33.41860906,-5.833445739,4.520502178,PSG Diagnostic ,twindata8_272,39.2520547945206,1,27.88,White,Non-Hispanic,18.0,8.5,1.80451127819549,0.0,12.8395061728395,22:26:23,06:27:53,0,0,0,0,0,0,0,0,0,1
49.25941203,0.62927504,55.01943828,6.389301294,-5.706898692,PSG Diagnostic ,twindata4_481,48.6301369863014,0,27.29,White,Non-Hispanic,20.0,1.4,0.322147651006711,0.0,24.6629834254144,22:48:39,06:18:09,0,0,0,0,0,0,0,0,0,1
60.55814782,-5.83089328,63.47390772,-2.915133377,-2.522096594,PSG Diagnostic ,twindata10_29,66.3890410958904,0,31.09,White,Non-Hispanic,5.0,4.6,1.02564102564103,0.0,10.0,22:36:29,05:11:29,0,0,0,0,0,0,0,0,0,0
58.87242993,0.146402536,58.93532918,0.209301786,0.387503563,PSG Diagnostic ,twindata7_30,58.7260273972603,0,36.78,Black,Non-Hispanic,9.0,11.5,0.854700854700855,0.0,27.741935483871,22:07:35,05:49:05,0,0,0,0,0,0,0,0,0,1
52.50440894,2.23043634,58.35971816,8.085745554,-30.30984139,PSG Diagnostic ,twindata14_57,50.2739726027397,0,29.5,White,Non-Hispanic,6.0,1.8,5.23255813953488,2.1,8.33333333333333,23:16:33,06:07:48,0,0,0,0,0,0,0,0,0,0
43.49262442,-0.551211198,43.87455208,-0.169283538,11.49422958,PSG Diagnostic ,twindata10_176,44.0438356164384,0,29.95,White,Non-Hispanic,11.0,0.3,0.0,0.0,14.1414141414141,22:27:21,05:49:51,0,0,0,0,0,0,0,0,0,0
52.67451407,3.271774348,58.59343248,9.190692753,-5.137783469,PSG Diagnostic ,twindata13_57,49.4027397260274,1,26.3,Black,Non-Hispanic,4.0,0.7,5.91549295774648,4.8,14.1807348560079,21:57:29,06:12:29,0,0,0,0,0,0,0,0,0,0
42.01855536,0.791158103,43.8669818,2.639584544,7.203430286,PSG Diagnostic ,twindata7_744,41.227397260274,1,21.45,,,9.0,0.6,4.60927152317881,0.6,16.156670746634,23:23:19,06:05:19,0,0,0,0,0,0,0,0,0,0
27.7314507,-1.202795875,31.61118019,2.676933614,11.32095407,PSG Diagnostic,twindata5_305,28.9342465753425,1,25.63,Black,Non-Hispanic,4.0,4.9,1.32515337423313,1.3,10.059880239521,23:19:29,06:14:59,0,0,0,0,0,0,0,0,0,0
65.77389525,5.310881546,69.45709305,8.994079352,20.09908464,PSG Diagnostic ,twindata10_411,60.4630136986301,1,25.06,White,Non-Hispanic,2.0,6.1,36.2264150943396,32.0,20.6951871657754,23:22:06,05:24:36,0,0,0,0,0,0,0,0,0,0
64.9191112,3.32185093,67.38915028,5.791890007,-2.429966524,PSG Diagnostic,twindata5_1430,61.5972602739726,0,34.33,White,Non-Hispanic,15.0,1.4,0.0,43.9,19.0274841437632,21:49:37,05:38:37,0,0,0,0,0,0,0,0,0,0
36.33430155,1.95073991,41.1457144,6.76215276,17.71323226,PSG Diagnostic ,twindata5_899,34.3835616438356,1,31.0,White,Non-Hispanic,9.0,2.3,5.0381679389313,5.0,15.7931844888367,23:31:19,06:30:19,0,0,0,0,0,0,0,1,0,0
42.98490477,3.38216504,48.6701322,9.067392471,-13.08642877,PSG Diagnostic ,twindata5_682,39.6027397260274,1,26.43,Black,Non-Hispanic,14.0,1.6,3.32247557003257,3.4,9.66442953020134,22:41:33,06:01:33,0,0,0,0,0,0,0,0,0,1
67.86828143,-5.191992542,69.14867906,-3.911594916,0.040951563,PSG Diagnostic,twindata8_328,73.0602739726027,1,30.25,White,Non-Hispanic,2.0,4.8,58.4910179640719,58.3,28.9519650655022,22:11:40,05:45:40,0,0,0,0,0,0,0,0,0,0
33.09571846,-2.953596608,38.35929372,2.309978654,11.42402909,PSG Diagnostic ,twindata12_403,36.0493150684931,1,24.4,White,Non-Hispanic,14.0,4.3,1.41176470588235,0.0,20.5479452054795,22:32:30,05:45:30,0,0,0,0,0,0,0,0,0,0
64.34963222,-0.025710241,68.56696951,4.191627049,6.454018492,PSG Diagnostic,twindata7_810,64.3753424657534,0,20.05,White,Non-Hispanic,10.0,8.0,4.92307692307692,1.8,18.4723854289072,22:00:57,05:02:27,0,0,0,0,0,0,0,0,0,0
68.81302984,7.744536688,66.72291511,5.654421958,24.62052894,PSG Diagnostic ,twindata11_121,61.0684931506849,1,31.63,White,Non-Hispanic,11.0,6.0,7.02702702702703,4.2,15.7627118644068,21:57:50,05:45:50,0,0,0,0,0,0,0,0,0,1
45.27334816,-0.170487455,51.29025567,5.846420056,-5.311025621,PSG Diagnostic ,twindata8_263,45.4438356164384,1,23.73,White,Non-Hispanic,1.0,6.4,2.48190279214064,2.0,22.265625,21:30:10,06:02:24,0,0,0,0,0,0,0,0,0,0
39.995138,-0.621300357,45.13121953,4.514781169,-11.67944948,PSG Diagnostic ,twindata6_1115,40.6164383561644,1,27.45,White,Non-Hispanic,4.0,0.0,7.0362473347548,1.5,21.301775147929,22:25:41,06:49:41,0,0,0,0,0,0,0,0,0,0
15.08496147,-4.019148118,15.30453803,-3.799571563,-8.22841412,PSG Diagnostic,twindata8_171,19.1041095890411,0,21.41,White,Non-Hispanic,15.0,0.0,4.81327800829876,0.0,14.1361256544503,23:30:43,05:48:13,0,0,0,0,0,0,0,0,0,0
30.42150464,1.180408747,30.53426697,1.293171075,12.75534669,PSG Diagnostic ,twindata4_760,29.241095890411,1,19.37,,,15.0,3.1,0.27972027972028,0.0,12.7397260273973,22:07:34,05:22:04,0,0,0,0,0,0,0,0,0,0
53.5666135,-8.534756361,51.68782786,-10.413542,14.22597346,PSG Diagnostic ,twindata5_792,62.1013698630137,0,21.81,White,Non-Hispanic,4.0,9.2,4.82926829268293,4.8,13.3064516129032,21:46:02,06:01:58,0,0,0,0,0,0,0,0,0,0
26.98354068,-2.202760693,23.42868558,-5.757615789,21.68486913,PSG Diagnostic ,twindata6_226,29.186301369863,0,34.94,White,Non-Hispanic,9.0,8.1,2.03174603174603,0.0,9.87341772151899,22:05:00,05:53:30,0,0,0,0,0,0,0,0,0,0
48.17765025,7.095458467,50.78467625,9.702484469,2.752060345,PSG Diagnostic ,twindata7_697,41.0821917808219,1,24.68,Hispanic,Hispanic,4.0,13.8,3.00417246175243,1.3,15.5148741418764,23:02:57,06:16:27,0,0,0,0,0,0,0,0,0,0
43.04195922,2.510452366,47.51624381,6.984736961,-10.80956471,PSG Diagnostic,twindata5_1242,40.5315068493151,1,22.04,White,Non-Hispanic,8.0,1.8,2.36530880420499,0.0,13.8745387453875,23:49:36,06:32:36,0,0,0,0,0,0,0,0,0,0
43.40259678,-0.720690892,47.44740182,3.324114146,3.025821407,PSG Diagnostic ,twindata6_358,44.1232876712329,0,22.43,White,Non-Hispanic,6.0,8.4,0.0,0.0,10.7922912205567,22:21:12,05:58:42,0,0,0,0,0,0,0,0,0,0
77.2783621,0.530416897,81.43729432,4.689349112,-8.525320864,PSG Diagnostic ,twindata6_570,76.7479452054795,1,24.69,White,Non-Hispanic,7.0,8.9,5.69105691056911,5.8,12.707423580786,22:20:27,05:53:27,0,0,0,0,0,0,0,0,0,1
62.36636795,7.180066582,64.98207232,9.795770954,4.337154715,PSG Diagnostic ,twindata11_63,55.186301369863,1,34.15,White,Non-Hispanic,14.0,3.7,0.428061831153389,0.1,16.1424332344214,21:49:05,06:11:05,0,0,0,0,0,0,0,0,0,1
63.92931515,10.96493159,65.93901311,12.97462955,-7.17670988,PSG Diagnostic ,twindata9_378,52.9643835616438,1,29.16,White,Non-Hispanic,7.0,5.2,0.0,26.0,0.268756998880179,23:15:00,06:35:15,0,0,0,0,0,0,0,0,0,0
40.35014942,6.196724764,47.5256417,13.37221704,-19.481049,PSG Diagnostic ,twindata6_381,34.1534246575342,1,24.9,Asian,Non-Hispanic,5.0,0.1,0.134228187919463,0.1,14.1176470588235,22:21:42,06:14:12,0,0,0,0,0,0,0,0,0,0
48.59183961,3.306908106,56.40976362,11.12483212,-6.871704776,PSG Diagnostic ,twindata12_646,45.2849315068493,1,23.67,White,Non-Hispanic,9.0,3.1,6.49006622516556,5.3,10.5371900826446,21:45:40,05:46:10,0,0,0,0,0,0,0,0,0,0
22.17149339,-7.302479212,21.73392957,-7.740043035,4.659936058,PSG Diagnostic ,twindata11_657,29.4739726027397,1,26.5,White,Non-Hispanic,15.0,2.5,0.289505428226779,0.0,18.5635359116022,21:04:52,06:04:22,0,0,0,0,0,0,0,0,0,0
21.4497218,-6.68452478,22.17946139,-5.954785181,-4.990545648,PSG Diagnostic ,twindata9_259,28.1342465753425,0,22.92,White,Non-Hispanic,7.0,0.2,5.5452865064695,3.3,8.63753213367609,23:45:11,06:11:41,0,0,0,0,0,0,0,0,0,0
51.42075252,1.467327864,56.95627643,7.002851773,9.282961091,PSG Diagnostic ,twindata7_641,49.9534246575342,1,33.9,White,Non-Hispanic,8.0,8.0,0.253431890179514,0.3,15.0146627565982,21:36:23,05:58:23,0,0,0,0,0,0,0,0,0,0
31.10309752,-0.170875087,31.53684661,0.26287401,7.769010418,PSG Diagnostic ,twindata13_834,31.2739726027397,1,39.22,White,Non-Hispanic,1.0,6.0,9.73348783314021,7.2,7.63636363636364,22:27:04,05:42:34,0,0,0,0,0,0,0,0,0,0
56.11134912,2.763403911,57.88360536,4.53566015,-12.81492306,PSG Diagnostic ,twindata6_859,53.3479452054795,1,33.67,White,Non-Hispanic,17.0,4.4,84.4177671068428,85.0,16.2124711316397,22:40:39,05:50:39,0,0,0,0,0,0,0,0,0,0
61.45649767,9.440059312,62.42795274,10.41151439,7.349412217,PSG Diagnostic,twindata5_295,52.0164383561644,1,24.13,White,Non-Hispanic,12.0,3.1,9.78260869565217,2.3,29.8335183129856,22:45:44,06:09:14,0,0,0,0,0,0,0,0,0,0
59.49211531,7.919512569,58.65050936,7.07790662,4.152428414,PSG Diagnostic ,twindata12_369,51.572602739726,1,24.27,White,Non-Hispanic,4.0,0.3,1.01694915254237,0.0,8.90282131661442,21:46:20,05:41:20,0,0,0,0,0,0,0,0,0,0
41.55136669,10.58972285,48.13993088,17.17828704,0.705691981,PSG Diagnostic ,twindata5_456,30.9616438356164,1,32.93,White,Non-Hispanic,18.0,13.6,0.579010856453559,0.6,8.42332613390929,23:01:15,06:36:45,0,0,0,0,0,0,0,0,0,0
72.3832692,5.027104815,72.13278201,4.776617627,-12.82219223,PSG Diagnostic ,twindata6_3,67.3561643835617,0,32.59,White,Non-Hispanic,16.0,5.0,2.78308321964529,0.8,20.8695652173913,22:49:38,06:24:08,0,0,0,0,0,0,0,0,0,1
42.21019948,-3.143225174,49.23498088,3.881556218,-17.8674095,PSG Diagnostic ,twindata5_340,45.3534246575343,1,38.01,White,Non-Hispanic,5.0,13.9,18.1333333333333,18.1,21.6393442622951,22:59:08,06:02:08,0,0,0,0,0,0,0,0,0,0
58.01512032,-6.182139954,58.30628739,-5.890972886,7.152318012,PSG Diagnostic ,twindata4_120,64.1972602739726,0,25.96,White,Non-Hispanic,6.0,7.2,30.0911854103343,30.3,17.8154825026511,22:13:09,06:00:09,0,0,0,0,0,0,0,0,0,0
38.09629595,-3.122882128,43.66042963,2.441251552,6.692898427,PSG Diagnostic ,twindata13_345,41.2191780821918,1,26.17,White,Non-Hispanic,5.0,2.9,1.02564102564103,0.0,14.108322324967,23:32:27,05:46:57,0,0,0,0,0,0,0,0,0,0
71.41112264,4.964547294,75.69787182,9.251296474,9.591513516,PSG Diagnostic,twindata11_344,66.4465753424658,1,28.2,White,Non-Hispanic,0.0,2.2,46.3366336633663,45.1,11.6339869281046,22:26:14,06:02:14,0,0,0,0,0,0,0,0,0,1
76.39700715,5.536733177,75.1699517,4.309677726,-4.433521559,PSG Diagnostic ,twindata5_1056,70.8602739726027,0,27.12,White,Non-Hispanic,5.0,2.6,26.7729083665339,24.1,9.53813104189044,22:08:03,05:49:33,0,0,0,0,0,0,0,0,0,0
59.64045035,4.081546242,60.8222848,5.263380687,1.654451167,PSG Diagnostic ,twindata12_781,55.558904109589,0,23.0,White,Non-Hispanic,0.0,0.6,13.1428571428571,10.9,13.7620578778135,22:06:14,05:49:44,0,0,0,0,0,0,0,0,0,0
37.85816151,-1.766496023,36.6568266,-2.967830932,4.280170243,PSG Diagnostic ,twindata11_562,39.6246575342466,0,38.73,Hispanic,Hispanic,5.0,13.3,2.93080054274084,0.7,9.03061224489796,23:20:03,05:52:03,0,0,0,0,0,0,0,0,0,0
26.98727366,-2.656561955,27.26810107,-2.375734548,-6.457473111,PSG Diagnostic ,twindata4_203,29.6438356164384,1,20.98,White,Non-Hispanic,11.0,0.3,0.634920634920635,0.0,14.5323741007194,23:27:04,06:20:34,0,0,0,0,0,0,0,0,0,0
25.22686336,1.93919213,25.33872355,2.05105232,3.951254087,PSG Diagnostic ,twindata14_233,23.2876712328767,0,28.0,,,9.0,0.3,16.7581047381546,11.3,14.5454545454545,22:10:31,05:15:31,0,0,0,0,0,0,0,0,0,0
52.88636305,0.839787704,57.16824393,5.121668592,2.247289893,PSG Diagnostic ,twindata12_543,52.0465753424658,0,32.0,,,0.0,14.0,10.6132075471698,6.9,8.66817155756208,22:35:44,05:55:14,0,0,0,0,0,0,0,0,0,0
38.91925719,-9.349235962,34.01891925,-14.2495739,5.435433939,PSG Diagnostic ,twindata12_809,48.2684931506849,0,23.5,Black,Non-Hispanic,3.0,7.9,1.23870967741936,0.0,15.9619952494062,23:44:46,06:42:46,0,0,0,0,0,0,0,0,0,0
60.85902288,-6.730018216,63.27276826,-4.316272831,0.803106079,PSG Diagnostic ,twindata9_529,67.5890410958904,1,34.33,White,Non-Hispanic,5.0,12.7,32.3566878980892,26.0,22.4378698224852,23:21:30,06:19:30,0,0,0,0,0,0,0,0,0,1
33.8075028,0.958187735,39.17324647,6.3239314,0.726353198,PSG Diagnostic ,twindata14_138,32.8493150684932,0,34.7,Other,Other,7.0,3.9,12.7292817679558,9.5,14.7673216132368,22:21:19,06:19:19,0,0,0,0,0,0,0,0,0,0
18.0847355,-3.778278198,21.78802216,-0.074991539,-2.941524534,PSG Diagnostic ,twindata6_322,21.8630136986301,0,31.36,White,Non-Hispanic,15.0,0.5,3.2520325203252,3.1,15.3191489361702,22:40:08,06:03:08,0,0,0,0,0,0,0,0,0,0
47.90941132,2.380644201,57.62673484,12.09796771,13.34171157,PSG Diagnostic ,twindata9_285,45.5287671232877,1,30.27,White,Non-Hispanic,5.0,2.5,18.955042527339,0.0,19.7094972067039,22:47:37,06:11:37,0,0,0,0,0,0,0,0,0,0
30.37202044,3.426814956,35.05245965,8.107254168,30.98557212,PSG Diagnostic ,twindata13_412,26.9452054794521,0,20.6,White,Non-Hispanic,16.0,0.5,0.679886685552408,0.5,10.0,21:14:55,06:10:55,0,0,0,0,0,0,0,0,0,0
48.95698384,3.65287425,40.97459297,-4.329516621,-8.413852447,PSG Diagnostic ,twindata8_337,45.3041095890411,0,24.37,White,Non-Hispanic,5.0,0.3,0.0,3.0,12.3208556149733,22:13:27,05:56:27,0,0,0,0,0,0,0,1,0,0
65.82753508,-2.988903272,70.58305401,1.766615655,-7.8800958,PSG Diagnostic ,twindata7_563,68.8164383561644,1,23.71,White,Non-Hispanic,8.0,5.0,2.29056203605514,1.9,16.1175236096537,22:27:37,06:18:07,0,0,0,0,0,0,0,0,0,0
45.15782887,8.316732982,52.03184088,15.19074499,-7.431596509,PSG Diagnostic ,twindata7_498,36.841095890411,1,22.44,Asian,Non-Hispanic,14.0,0.3,0.75187969924812,0.0,19.0877192982456,23:00:08,06:04:38,0,0,0,0,0,0,0,0,0,0
55.31159124,4.703372065,58.70563402,8.097414844,-0.165697034,PSG Diagnostic,twindata7_410,50.6082191780822,0,27.44,White,Non-Hispanic,24.0,4.5,7.85185185185185,2.8,15.2727272727273,22:32:47,06:15:47,0,0,0,0,0,0,0,0,0,0
57.68272108,-0.993991248,66.37045793,7.6937456,-12.18265607,PSG Diagnostic ,twindata8_139,58.6767123287671,0,28.95,White,Non-Hispanic,16.0,10.7,7.15447154471545,3.9,20.459492140266,22:56:53,05:43:53,0,0,0,0,0,0,0,0,0,0
75.43293516,6.890469405,79.73513134,11.19266559,2.938654122,PSG Diagnostic ,twindata9_590,68.5424657534247,1,34.17,White,Non-Hispanic,16.0,3.6,32.0763723150358,27.1,12.5431034482759,22:06:46,05:45:46,0,0,0,0,0,0,0,0,0,1
33.9053272,1.13546419,40.72655739,7.956694376,-8.339016432,PSG Diagnostic,twindata5_479,32.7698630136986,1,27.76,White,Non-Hispanic,11.0,0.0,4.14814814814815,0.0,15.4401805869074,22:57:28,06:16:28,0,0,0,0,0,0,0,0,0,0
51.65187738,-0.978259607,53.11286688,0.482729889,14.5648124,PSG Diagnostic ,twindata6_877,52.6301369863014,0,29.99,White,Non-Hispanic,11.0,7.5,18.6700125470514,18.9,15.1327433628319,22:17:53,05:45:53,0,0,0,0,0,0,0,0,0,0
26.49805225,-0.134824462,32.76243376,6.129557044,32.51669379,PSG Diagnostic ,twindata7_581,26.6328767123288,1,22.24,White,Non-Hispanic,9.0,0.4,11.7282479141836,6.2,15.0164654226125,22:03:50,05:33:50,0,0,0,0,0,0,0,0,0,0
49.07835082,1.746843968,52.16579867,4.834291819,-0.667719775,PSG Diagnostic,twindata5_767,47.3315068493151,1,27.99,White,Non-Hispanic,6.0,2.2,9.04694167852063,9.0,17.5062344139651,23:14:53,05:52:23,0,0,0,0,0,0,0,0,0,1
60.41931546,-2.043698235,59.68685375,-2.776159953,-0.528807659,PSG Diagnostic ,twindata5_1418,62.4630136986302,0,32.0,White,Non-Hispanic,4.0,4.8,7.7120822622108,6.2,9.40024479804162,23:24:10,06:08:40,0,0,0,0,0,0,0,0,0,0
28.62530822,1.551335621,31.83038071,4.75640811,23.80075155,PSG Diagnostic ,twindata6_180,27.0739726027397,1,22.67,Asian,Non-Hispanic,7.0,0.9,8.35443037974684,3.8,19.917695473251,23:55:54,05:57:24,0,0,0,0,0,0,0,0,0,0
43.07940638,4.079406379,50.03702838,11.03702838,-20.29730658,PSG Diagnostic ,twindata12_119,39.0,0,37.69,Black,Non-Hispanic,4.0,0.6,11.6319018404908,8.9,11.2543962485346,22:22:46,05:25:16,0,0,0,0,0,0,0,0,0,0
14.79411383,-4.290817676,14.35155901,-4.733372501,-8.939636539,PSG Diagnostic,twindata7_964,19.0849315068493,1,32.93,Asian,Non-Hispanic,4.0,2.6,0.920716112531969,0.0,7.12871287128713,23:55:31,06:36:01,0,0,0,0,0,0,0,1,0,0
47.11840001,-1.739134238,50.89258645,2.035052201,1.249902324,PSG Diagnostic ,twindata5_1330,48.8575342465754,1,25.85,White,Non-Hispanic,13.0,0.8,0.0,0.0,10.709939148073,22:06:22,06:16:22,0,0,0,0,0,0,0,0,0,1
55.38615528,10.79985391,63.67540653,19.08910516,3.158142333,PSG Diagnostic,twindata7_318,44.586301369863,1,30.13,White,Non-Hispanic,8.0,12.0,1.68466522678186,1.0,11.8471337579618,21:57:49,05:45:49,0,0,0,0,0,0,0,0,0,0
22.13660267,-4.764767195,23.82852086,-3.072849,0.751013148,PSG Diagnostic ,twindata12_667,26.9013698630137,0,28.95,Black,Non-Hispanic,15.0,0.1,3.08681672025723,0.7,10.8865979381443,21:54:19,05:52:19,0,0,0,0,0,0,0,0,0,1
35.52122121,9.173276006,35.718308,9.370362792,-4.18613494,PSG Diagnostic ,twindata10_586,26.3479452054794,0,39.22,White,Non-Hispanic,17.0,0.2,26.1818181818182,22.0,12.6397919375813,23:27:37,05:48:07,0,0,0,0,0,0,0,0,0,0
62.21502953,4.13283775,66.00208233,7.919890546,14.2453294,PSG Diagnostic ,twindata8_151,58.0821917808219,0,28.16,White,Non-Hispanic,4.0,0.4,0.590163934426229,0.0,14.0092165898618,23:48:09,05:08:09,0,0,0,0,0,0,0,0,0,1
79.88427603,14.07605685,76.57952923,10.77131005,-1.515261408,PSG Diagnostic ,twindata13_662,65.8082191780822,1,39.22,White,Non-Hispanic,15.0,8.4,29.1457286432161,28.0,23.7069922308546,22:24:22,05:50:22,0,0,0,0,0,0,0,1,0,0
28.51223893,0.969773179,33.02162168,5.479155929,-4.588923767,PSG Diagnostic ,twindata7_573,27.5424657534247,1,25.25,White,Non-Hispanic,7.0,6.7,2.72383354350567,0.0,11.4851485148515,22:46:16,06:21:06,0,0,0,0,0,0,0,0,0,0
62.23480795,-5.872041363,60.68804302,-7.418806294,-3.371442619,PSG Diagnostic ,twindata6_31,68.1068493150685,0,22.67,White,Non-Hispanic,12.0,6.5,2.01342281879195,0.0,14.4625407166124,22:20:38,05:56:38,0,0,0,0,0,0,0,0,0,0
31.59255026,-8.454025086,27.45920407,-12.58737127,1.22797608,PSG Diagnostic ,twindata12_12,40.0465753424658,0,20.97,White,Non-Hispanic,14.0,0.1,11.5576694411415,10.0,11.9601328903655,22:19:04,05:45:34,0,0,0,0,0,0,0,0,0,0
68.65914604,-3.058662175,67.17900572,-4.538802497,-6.523932032,PSG Diagnostic ,twindata13_77,71.7178082191781,0,26.63,,,0.0,8.5,0.0,0.0,11.4461538461538,23:33:50,05:21:23,0,0,0,0,0,0,0,0,0,0
43.77461539,0.426670184,47.48267635,4.134731143,2.943758664,PSG Diagnostic ,twindata5_1674,43.3479452054795,1,24.41,,,1.0,0.0,28.2857142857143,27.2,8.7221570926143,22:32:39,05:33:39,0,0,0,0,0,0,0,0,0,0
37.12110753,0.84987465,37.67549716,1.404264279,-2.600312785,PSG Diagnostic ,twindata12_324,36.2712328767123,1,31.31,Hispanic,Hispanic,7.0,1.3,20.0445434298441,15.6,10.9206349206349,22:11:33,06:01:03,0,0,0,0,0,0,0,0,0,0
28.25243548,9.148325886,30.1842599,11.08015031,-12.46922741,PSG Diagnostic ,twindata12_576,19.1041095890411,1,23.39,White,Hispanic,7.0,0.2,1.03626943005181,0.0,6.25407166123779,22:53:58,06:30:58,0,0,0,0,0,0,0,0,0,0
50.84708247,-1.898123005,51.79820861,-0.946996867,-4.090455509,PSG Diagnostic ,twindata7_64,52.7452054794521,0,35.11,,,15.0,6.7,22.4311926605505,22.4,18.7304890738814,22:15:36,06:13:06,0,0,0,0,0,0,0,0,0,0
61.84716226,5.280038973,67.52413435,10.95701106,-16.21957708,PSG Diagnostic,twindata5_254,56.5671232876712,0,31.8019082456942,Black,Non-Hispanic,15.0,3.1,1.07262569832402,1.1,12.0829220138203,21:57:37,06:19:37,0,0,0,0,0,0,0,0,0,1
52.61549218,-5.318754397,54.23935589,-3.694890686,2.718854801,PSG Diagnostic ,twindata5_712,57.9342465753425,0,23.86,White,Non-Hispanic,6.0,2.5,23.8664812239221,23.9,15.4285714285714,22:29:16,05:59:46,0,0,0,0,0,0,0,0,0,1
61.37494258,3.106449433,65.4626709,7.194177744,16.36055484,PSG Diagnostic ,twindata13_452,58.2684931506849,1,27.17,White,Non-Hispanic,2.0,6.3,18.77444589309,17.4,9.37027707808564,23:15:20,05:47:50,0,0,0,0,0,0,0,0,0,0
82.6900611,7.898280276,81.5871303,6.79534948,14.25719407,PSG Diagnostic ,twindata11_658,74.7917808219178,1,21.63,White,Non-Hispanic,22.0,4.3,4.14303329223181,1.2,21.9108280254777,21:59:36,05:47:06,0,0,0,0,0,0,0,0,0,0
57.58235568,-3.787507331,60.27175809,-1.098104921,-1.647004026,PSG Diagnostic ,twindata7_291,61.3698630136986,1,30.66,White,Non-Hispanic,8.0,6.3,0.507042253521127,0.5,13.6392075078206,21:55:23,05:51:53,0,0,0,0,0,0,0,0,0,0
38.9895984,-8.224100227,38.10113045,-9.112568183,1.266368918,PSG Diagnostic ,twindata5_1510,47.213698630137,1,26.91,White,Non-Hispanic,13.0,13.1,0.169971671388102,0.0,13.4070796460177,22:55:48,06:22:48,0,0,0,0,0,0,0,0,0,0
36.56138709,3.739469283,43.5552768,10.733359,13.75877001,PSG Diagnostic ,twindata4_562,32.8219178082192,0,24.43,White,Non-Hispanic,0.0,0.0,3.58490566037736,0.0,18.796992481203,00:12:11,06:47:11,0,0,0,0,0,0,0,0,0,0
28.70799276,-0.971459298,32.96898032,3.289528269,17.20924556,PSG Diagnostic ,twindata11_198,29.6794520547945,0,25.4,White,Non-Hispanic,9.0,0.8,27.9389312977099,26.0,8.21052631578947,21:56:16,05:47:46,0,0,0,0,0,0,0,0,0,0
51.7655329,10.12169728,53.03244634,11.38861072,4.559183547,PSG Diagnostic ,twindata6_841,41.6438356164384,1,26.85,White,Non-Hispanic,8.0,3.2,22.1974965229485,18.6,19.6335078534031,23:43:55,06:01:55,0,0,0,0,0,0,0,0,0,0
41.11472443,5.687327167,45.96238827,10.53499101,4.033753035,PSG Diagnostic ,twindata9_144,35.427397260274,1,18.56,Asian,Non-Hispanic,6.0,4.2,3.66412213740458,0.2,17.8631452581032,23:22:12,06:13:12,0,0,0,0,0,0,0,0,0,0
20.21702711,-6.369274264,19.94224774,-6.644053629,2.689022288,PSG Diagnostic ,twindata10_738,26.586301369863,0,19.79,Black,Non-Hispanic,1.0,8.5,24.5538461538462,18.5,22.6651216685979,22:48:06,05:54:06,0,0,0,0,0,0,0,0,0,0
67.77803295,11.06022473,68.99962286,12.28181464,11.22843721,PSG Diagnostic ,twindata5_246,56.7178082191781,1,37.45,White,Non-Hispanic,8.0,4.5,2.79452054794521,2.8,18.2043343653251,21:48:11,05:47:41,0,0,0,0,0,0,0,0,0,1
28.34272492,4.808478347,34.50037839,10.96613182,11.29915779,PSG Diagnostic ,twindata14_46,23.5342465753425,0,25.5,White,Non-Hispanic,16.0,0.8,6.60674157303371,3.4,6.95481335952849,21:54:47,06:20:47,0,0,0,0,0,0,0,0,0,0
46.84096756,6.386173042,48.80692683,8.352132313,28.62453854,PSG Diagnostic ,twindata6_477,40.4547945205479,1,34.58,White,Non-Hispanic,19.0,12.3,11.6610169491525,11.5,10.1899441340782,22:30:44,05:53:14,0,0,0,0,0,0,0,0,0,1
35.39674927,3.177571188,37.79519162,5.57601354,21.4988948,PSG Diagnostic ,twindata6_137,32.2191780821918,1,30.68,Other,Other,5.0,2.8,29.0131578947368,28.0,12.4582338902148,22:57:48,05:53:18,0,0,0,0,0,0,0,0,0,1
36.48458636,6.328421973,43.40655508,13.2503907,22.19143962,PSG Diagnostic ,twindata8_216,30.1561643835616,0,36.21,Hispanic,Hispanic,8.0,0.3,6.78925035360679,3.5,11.3992297817715,23:05:00,05:58:39,0,0,0,0,0,0,0,0,0,0
67.20244044,1.816139065,70.8910676,5.504766235,5.80435769,PSG Diagnostic ,twindata13_45,65.386301369863,1,28.24,White,Non-Hispanic,3.0,8.0,41.6587677725119,40.9,19.0201729106628,21:40:15,06:16:15,0,0,0,0,0,0,0,0,0,0
43.00182175,4.325109419,49.82883621,11.15212388,1.130600952,PSG Diagnostic ,twindata11_402,38.6767123287671,1,31.87,White,Non-Hispanic,18.0,5.1,1.77658142664872,0.0,25.7142857142857,23:45:30,06:18:00,0,0,0,0,0,0,0,0,0,0
74.12684799,9.00630004,66.92968841,1.809140463,-9.473103865,PSG Diagnostic ,twindata12_798,65.1205479452055,1,26.54,White,Non-Hispanic,5.0,4.0,6.9481302774427,4.7,10.3448275862069,23:10:57,06:21:27,0,0,0,0,0,0,0,0,0,0
25.09398271,-4.16355154,26.06260315,-3.194931098,-5.361366637,PSG Diagnostic ,twindata5_1227,29.2575342465753,0,36.94,White,Non-Hispanic,9.0,0.8,0.158940397350993,0.0,16.747572815534,22:57:13,05:45:43,0,0,0,0,0,0,0,0,0,0
61.65587084,12.30792563,62.6637362,13.31579099,-1.069332901,PSG Diagnostic ,twindata14_146,49.3479452054795,0,33.0,White,Non-Hispanic,4.0,6.0,8.31234256926952,7.3,16.7951318458418,21:35:58,05:45:28,0,0,0,0,0,0,0,0,0,0
20.83917747,1.255615822,26.95839951,7.374837865,-15.7859976,PSG Diagnostic ,twindata7_143,19.5835616438356,0,20.47,White,Non-Hispanic,11.0,0.0,7.47356051703878,3.0,12.7152317880795,22:40:31,06:10:01,0,0,0,0,0,0,0,0,0,0
29.11603587,3.41740573,33.9879137,8.289283565,-5.39223066,PSG Diagnostic ,twindata6_205,25.6986301369863,0,18.55,White,Non-Hispanic,7.0,0.3,2.57787325456498,2.6,12.0579710144928,21:51:20,06:23:20,0,0,0,0,0,0,0,0,0,0
23.06627526,1.022439648,27.57980473,5.535969117,3.129284283,PSG Diagnostic ,twindata6_751,22.0438356164384,0,29.81,Other,Other,15.0,2.8,5.81395348837209,0.5,8.93854748603352,21:45:14,06:38:44,0,0,0,0,0,0,0,0,0,0
71.58354834,0.032863412,73.54152658,1.990841653,11.71808051,PSG Diagnostic ,twindata9_78,71.5506849315069,1,31.19,White,Non-Hispanic,8.0,8.8,66.0207612456748,65.5,7.55508919202518,22:33:57,06:27:27,0,0,0,0,0,0,0,0,0,1
22.71262562,-2.013401775,23.74700787,-0.979019529,1.026208468,PSG Diagnostic ,twindata6_53,24.7260273972603,1,24.39,White,Non-Hispanic,7.0,0.6,6.36251541307028,4.7,12.7124563445867,23:06:21,06:10:51,0,0,0,0,0,0,0,0,0,0
57.30761562,6.135012884,60.44007068,9.267467939,9.172750878,PSG Diagnostic ,twindata9_493,51.172602739726,1,24.4,White,Non-Hispanic,8.0,2.5,3.87577639751553,3.0,15.1170568561873,22:23:45,05:52:31,0,0,0,0,0,0,0,0,0,0
39.01659996,1.194682151,40.24447349,2.422555678,2.235238606,PSG Diagnostic ,twindata7_38,37.8219178082192,0,26.66,Hispanic,Hispanic,22.0,8.3,0.141010575793184,0.0,14.5829042224511,21:48:23,05:53:56,0,0,0,0,0,0,0,0,0,1
42.08301355,4.981643683,44.17407032,7.072700461,2.833057831,PSG Diagnostic,twindata5_1229,37.1013698630137,0,33.98,Other,Other,6.0,3.7,1.59227985524729,0.1,13.134962805526,22:15:48,06:01:18,0,0,0,0,0,0,0,0,0,1
41.02905648,7.749604429,49.4634448,16.18399275,-4.883240715,PSG Diagnostic ,twindata7_245,33.2794520547945,1,25.66,Hispanic,Hispanic,0.0,7.7,5.2,2.8,9.5945945945946,23:52:35,07:14:35,0,0,0,0,0,0,0,0,0,0
53.20407323,8.209552679,54.70970057,9.715180023,4.824763808,PSG Diagnostic ,twindata9_544,44.9945205479452,1,31.0,Black,Non-Hispanic,8.0,5.0,16.2544169611307,12.4,25.3947368421053,22:28:59,06:00:29,0,0,0,0,0,0,0,0,0,1
21.30310708,-4.880454568,20.97853606,-5.205025584,-2.642995068,PSG Diagnostic ,twindata9_210,26.1835616438356,0,38.61,Other,Other,5.0,2.9,1.51898734177215,0.0,8.44036697247706,22:47:22,06:54:22,0,0,0,0,0,0,0,0,0,0
26.79312296,-2.204137311,32.89867094,3.901410665,9.971324535,PSG Diagnostic ,twindata10_780,28.9972602739726,1,27.26,,,16.0,1.8,27.3539518900344,16.9,24.3243243243243,22:22:38,06:20:08,0,0,0,0,0,0,0,0,0,0
46.84897069,4.402395348,51.93554101,9.488965666,-16.49958259,PSG Diagnostic,twindata5_715,42.4465753424658,1,24.39,White,Non-Hispanic,3.0,10.4,2.54117647058824,2.5,13.1027027027027,22:08:29,05:46:29,0,0,0,0,0,0,0,0,0,0
32.35042265,1.013436351,36.58446369,5.247477386,10.42036215,PSG Diagnostic ,twindata8_114,31.3369863013699,1,22.96,White,Non-Hispanic,21.0,0.3,2.53164556962025,0.0,12.2372528616025,22:06:06,06:00:06,0,0,0,0,0,0,0,0,0,0
34.68199021,-1.948146779,38.51546267,1.885325687,-2.784590082,PSG Diagnostic ,twindata10_625,36.6301369863014,1,29.41,White,Non-Hispanic,6.0,6.7,25.7142857142857,25.9,15.9235668789809,21:51:08,05:37:38,0,0,0,0,0,0,0,0,0,0
71.17536726,2.698654928,72.15918157,3.682469238,13.02348804,PSG Diagnostic ,twindata6_599,68.4767123287671,0,19.63,White,Non-Hispanic,0.0,5.5,38.3756345177665,37.3,28.8840262582057,22:14:35,05:47:35,0,0,0,0,0,0,0,0,0,0
22.3517139,-4.840066923,31.03582779,3.844046971,9.055704911,PSG Diagnostic ,twindata8_143,27.1917808219178,0,35.93,Hispanic,Hispanic,15.0,0.2,10.4979811574697,7.8,11.3154831199069,23:19:57,06:29:34,0,0,0,0,0,0,0,0,0,1
60.43315393,1.205756673,64.09136357,4.863966306,4.868036229,PSG Diagnostic ,twindata4_953,59.227397260274,1,29.78,White,Non-Hispanic,6.0,5.4,1.70212765957447,1.0,10.1694915254237,22:23:13,06:39:43,0,0,0,0,0,0,0,0,0,1
36.2300016,-3.079587445,36.97088243,-2.338706615,-11.21059235,PSG Diagnostic ,twindata14_287,39.3095890410959,1,24.8,White,Non-Hispanic,9.0,2.9,15.7075471698113,15.2,8.92241379310345,22:47:48,06:26:48,0,0,0,0,0,0,0,0,0,0
74.5874655,-10.72212354,73.62747347,-11.68211557,-10.31441659,PSG Diagnostic ,twindata13_666,85.3095890410959,0,22.66,White,Non-Hispanic,4.0,10.9,0.0,0.0,8.68835257082896,22:01:09,05:53:09,0,0,0,0,0,0,0,0,0,0
70.85956001,1.585587409,72.80533793,3.531365323,6.150680416,PSG Diagnostic,twindata5_1380,69.2739726027397,1,34.57,White,Non-Hispanic,3.0,7.6,48.2474226804124,46.6,12.6937269372694,23:29:47,06:16:24,0,0,0,0,0,0,0,0,0,0
27.67535447,-2.943823608,37.38853656,6.769358479,11.70461552,PSG Diagnostic ,twindata6_263,30.6191780821918,1,25.66,White,Non-Hispanic,16.0,2.6,21.1311053984576,18.7,10.0374531835206,00:02:19,06:43:14,0,0,0,0,0,0,0,0,0,1
31.30796001,-0.015327658,36.69197901,5.36869134,-9.994918017,PSG Diagnostic ,twindata6_119,31.3232876712329,1,35.29,White,Non-Hispanic,6.0,8.1,0.316205533596838,0.0,21.0926365795724,23:25:47,06:24:17,0,0,0,0,0,0,0,0,0,1
62.97816336,-3.441014719,65.46219176,-0.956986324,-4.109008682,PSG Diagnostic ,twindata6_464,66.4191780821918,1,25.1,White,Non-Hispanic,13.0,10.0,4.90140845070423,3.7,15.4744525547445,23:27:06,06:18:30,0,0,0,0,0,0,0,0,0,0
24.69912544,-3.114573194,27.74669643,-0.067002203,-2.472788328,PSG Diagnostic ,twindata4_573,27.813698630137,1,29.16,White,Non-Hispanic,6.0,5.4,0.0,0.0,10.9727626459144,21:10:11,05:37:11,0,0,0,0,0,0,0,0,0,0
52.03396423,5.957251898,56.51912577,10.44241344,4.770940609,PSG Diagnostic ,twindata13_459,46.0767123287671,0,34.38,White,Non-Hispanic,20.0,4.4,21.7616580310881,18.0,14.6619217081851,22:49:43,05:47:43,0,0,0,0,0,0,0,0,0,0
47.26421725,6.831340536,53.49464858,13.06177187,8.081598407,PSG Diagnostic ,twindata13_418,40.4328767123288,1,35.73,White,Non-Hispanic,3.0,11.0,3.84839650145773,1.4,15.8690176322418,23:28:51,06:01:21,0,0,0,0,0,0,0,0,0,0
31.66861637,-5.832753494,29.4827465,-8.01862336,9.422584693,PSG Diagnostic ,twindata12_66,37.5013698630137,1,25.06,White,Non-Hispanic,8.0,4.7,4.19689119170984,0.0,11.6701902748414,21:51:48,05:40:48,0,0,0,0,0,0,0,0,0,0
70.11694613,-0.400862093,73.46050333,2.942695108,-13.31356414,PSG Diagnostic ,twindata5_1271,70.5178082191781,0,23.41,White,Non-Hispanic,3.0,3.4,36.7719298245614,36.3,10.5778648383937,21:51:22,06:17:52,0,0,0,0,0,0,0,0,0,0
47.70493351,-3.851230876,48.88545809,-2.670706292,7.47195223,PSG Diagnostic ,twindata12_52,51.5561643835616,0,34.67,,,6.0,0.3,1.875,0.9,10.261569416499,22:04:43,06:14:43,0,0,0,0,0,0,0,0,0,1
62.67516442,3.886123329,68.13368458,9.344643482,-2.012221493,PSG Diagnostic ,twindata4_563,58.7890410958904,0,21.25,White,Non-Hispanic,10.0,14.7,0.151324085750315,0.0,17.6344086021505,23:03:20,05:56:20,0,0,0,0,0,0,0,0,0,0
70.08984976,0.656973045,71.39860935,1.965732633,-1.862914294,PSG Diagnostic ,twindata13_297,69.4328767123288,0,25.82,White,Non-Hispanic,2.0,1.8,2.44343891402715,1.5,11.8352059925094,23:31:13,06:24:20,0,0,0,0,0,0,0,0,0,0
75.06782164,-0.014370138,75.47482203,0.392630245,-16.5843649,PSG Diagnostic,twindata5_150,75.0821917808219,1,33.45,White,Non-Hispanic,17.0,6.6,3.69230769230769,2.1,12.4137931034483,23:55:09,06:08:09,0,0,0,0,0,0,0,1,0,0
23.86723055,-6.828659864,25.47571505,-5.220175366,-10.33933713,PSG Diagnostic ,twindata9_509,30.6958904109589,1,29.6,White,Non-Hispanic,1.0,14.9,5.16880093131548,4.3,13.6363636363636,21:30:00,05:46:34,0,0,0,0,0,0,0,0,0,0
62.73702105,-3.813663878,63.15445208,-3.396232849,-1.734356592,PSG Diagnostic ,twindata10_250,66.5506849315069,1,33.9,White,Non-Hispanic,15.0,3.4,43.491124260355,41.4,34.6575342465753,22:42:40,05:57:10,0,0,0,0,0,0,0,0,0,1
69.73087814,-1.003368432,67.59637357,-3.137873005,-4.62876695,PSG Diagnostic ,twindata9_499,70.7342465753425,0,22.86,Hispanic,Hispanic,12.0,2.7,1.68302945301543,0.0,10.9517601043025,23:47:56,06:11:38,0,0,0,0,0,0,0,0,0,0
26.03258397,0.75587164,31.20206402,5.925351695,1.679070459,PSG Diagnostic ,twindata5_289,25.2767123287671,0,22.07,Hispanic,Hispanic,15.0,1.0,0.0,0.0,11.0556621880998,21:41:49,06:20:49,0,0,0,0,0,0,0,0,0,0
64.85025156,-3.462077204,68.56607228,0.253743516,1.927616436,PSG Diagnostic,twindata5_1547,68.3123287671233,0,21.43,White,Non-Hispanic,12.0,6.5,23.4181818181818,22.1,15.4063604240283,23:00:00,06:41:00,0,0,0,0,0,0,0,0,0,1
25.71450085,-2.981389562,25.73152315,-2.964367262,-5.989903103,PSG Diagnostic ,twindata5_664,28.6958904109589,1,25.68,White,Hispanic,3.0,12.5,5.25443786982249,1.6,10.9473684210526,23:46:21,06:47:51,0,0,0,0,0,0,0,0,0,0
65.06434048,1.113655547,70.34458393,6.393899,-3.330488248,PSG Diagnostic ,twindata11_370,63.9506849315069,1,35.08,White,Non-Hispanic,6.0,9.3,5.44570502431118,3.1,19.2857142857143,22:03:30,04:59:30,0,0,0,0,0,0,0,0,0,1
71.56699879,3.687546731,73.91728291,6.037830854,8.021024075,PSG Diagnostic ,twindata5_1507,67.8794520547945,1,32.14,White,Non-Hispanic,2.0,12.1,18.8380716934487,18.7,8.88888888888889,21:50:03,05:26:33,0,0,0,0,0,0,0,0,0,1
59.51498107,3.03552902,61.17726882,4.697816768,-15.64922669,PSG Diagnostic ,twindata9_393,56.4794520547945,1,22.89,White,Non-Hispanic,17.0,7.7,1.01694915254237,0.6,19.4019933554817,22:44:23,06:12:23,0,0,0,0,0,0,0,0,0,0
16.31132176,-7.365390568,20.78416375,-2.892548582,2.900263736,PSG Diagnostic ,twindata12_338,23.6767123287671,1,26.0,White,Non-Hispanic,19.0,5.1,1.37931034482759,0.0,12.0273348519362,22:46:56,06:02:56,0,0,0,0,0,0,0,0,0,1
17.56840676,-0.883648035,16.19463368,-2.257421114,6.029340342,PSG Diagnostic,twindata11_530,18.4520547945206,0,19.8,White,Non-Hispanic,0.0,0.4,4.79233226837061,1.3,10.8527131782946,00:07:12,06:31:12,0,0,0,0,0,0,0,0,0,0
44.93198389,0.312805812,48.49268876,3.873510674,1.98587165,PSG Diagnostic ,twindata12_375,44.6191780821918,0,23.17,White,Non-Hispanic,17.0,0.6,3.09278350515464,1.3,23.0084745762712,21:52:08,05:38:38,0,0,0,0,0,0,0,0,0,0
59.7549157,2.552175969,60.31924384,3.116504113,18.41461941,PSG Diagnostic ,twindata6_773,57.2027397260274,1,30.87,White,Non-Hispanic,2.0,10.1,11.2447552447552,7.0,20.7589285714286,22:15:28,05:39:28,0,0,0,0,0,0,0,0,0,0
62.71141899,6.34977515,65.3561672,8.994523365,-4.936020656,PSG Diagnostic ,twindata8_125,56.3616438356164,1,31.63,White,Non-Hispanic,3.0,1.9,25.4416961130742,19.3,12.998678996037,23:46:26,06:01:26,0,0,0,0,0,0,0,0,0,0
72.81484093,6.105251888,78.15296685,11.44337781,-7.015691853,PSG Diagnostic ,twindata6_86,66.7095890410959,1,32.92,White,Non-Hispanic,5.0,3.2,0.0,0.0,8.61176470588235,22:45:00,05:24:53,0,0,0,0,0,0,0,0,0,1
63.89113697,-1.078726047,64.15805731,-0.811805699,25.08964119,PSG Diagnostic ,twindata5_94,64.9698630136986,1,23.32,White,Non-Hispanic,8.0,4.8,7.75155279503106,3.6,15.8539205155747,22:17:58,05:59:28,0,0,0,0,0,0,0,0,0,0
58.00307679,6.353761723,60.20973678,8.560421714,-3.085526355,PSG Diagnostic ,twindata12_417,51.6493150684932,1,22.74,Asian,Non-Hispanic,20.0,5.1,12.7881040892193,6.5,21.301775147929,23:18:10,06:16:10,0,0,0,0,0,0,0,0,0,0
47.12305436,5.457300931,52.57246939,10.90671596,4.110735687,PSG Diagnostic,twindata12_185,41.6657534246575,1,28.3,White,Non-Hispanic,0.0,10.0,1.78899082568807,0.0,10.9714285714286,22:27:58,05:45:48,0,0,0,0,0,0,0,0,0,1
54.81162694,-3.084263471,59.10164929,1.20575888,-11.74273562,PSG Diagnostic ,twindata5_720,57.8958904109589,0,36.76,White,Non-Hispanic,8.0,6.7,0.418118466898955,0.4,16.7532467532468,21:56:40,05:36:40,0,0,0,0,0,0,0,0,0,0
72.12035992,2.629948961,74.50445972,5.014048759,35.83478338,PSG Diagnostic ,twindata7_137,69.4904109589041,0,23.11,White,Non-Hispanic,7.0,9.7,5.75206611570248,3.8,25.0381679389313,23:28:02,06:01:30,0,0,0,0,0,0,0,0,0,1
29.07078887,-2.74564949,33.38726546,1.570827102,-19.85909344,PSG Diagnostic ,twindata5_1441,31.8164383561644,0,22.0,White,Non-Hispanic,12.0,1.5,4.25349087003222,2.3,14.4248704663212,22:34:42,06:37:26,0,0,0,0,0,0,0,0,0,0
58.73900381,-8.921270167,58.57274695,-9.087527022,7.837351763,PSG Diagnostic ,twindata14_119,67.6602739726028,1,28.8,White,Non-Hispanic,8.0,3.5,0.335664335664336,0.0,9.98719590268886,23:24:38,05:51:08,0,0,0,0,0,0,0,0,0,1
53.02545071,-0.544412304,61.13975205,7.569889032,1.964782097,PSG Diagnostic ,twindata4_513,53.5698630136986,0,25.42,Black,Non-Hispanic,8.0,0.5,0.313725490196078,0.3,13.2029339853301,23:21:56,06:04:56,0,0,0,0,0,0,0,0,0,0
66.35179322,3.647683628,69.954056,7.249946408,-4.409606871,PSG Diagnostic ,twindata11_550,62.7041095890411,1,27.76,White,Non-Hispanic,4.0,3.1,9.71014492753623,5.4,19.2527472527473,22:18:22,05:48:52,0,0,0,0,0,0,0,0,0,1
33.5082347,3.42330319,42.9758748,12.89094329,14.06567679,PSG Diagnostic ,twindata7_596,30.0849315068493,1,22.92,White,Non-Hispanic,11.0,0.5,21.3605442176871,21.1,14.4871794871795,22:03:03,05:46:33,0,0,0,0,0,0,0,0,0,0
58.12421944,2.46668519,64.92235557,9.264821319,-17.09028845,PSG Diagnostic ,twindata11_449,55.6575342465754,0,21.63,White,Non-Hispanic,0.0,0.6,7.8391959798995,4.2,12.6935659760087,22:11:01,05:45:01,0,0,0,0,0,0,0,0,0,0
20.9251694,-5.554282653,20.50300586,-5.976446193,10.11613608,PSG Diagnostic ,twindata12_689,26.4794520547945,1,27.4,White,Non-Hispanic,0.0,2.1,1.875,0.4,24.9673202614379,22:11:25,05:45:55,0,0,0,0,0,0,0,0,0,0
67.01541156,2.25650745,68.17884798,3.419943873,20.03550013,PSG Diagnostic ,twindata4_558,64.758904109589,1,25.09,White,Non-Hispanic,7.0,9.1,13.6708860759494,13.2,23.0715123094959,23:40:47,06:43:17,0,0,0,0,0,0,0,0,0,0
40.66506955,7.634932562,45.25287537,12.22273839,-0.225582891,PSG Diagnostic ,twindata5_1084,33.0301369863014,1,23.12,White,Non-Hispanic,17.0,0.6,15.9619952494062,16.0,11.8161925601751,22:12:10,05:45:40,0,0,0,0,0,0,0,0,0,0
35.71551504,-0.026950713,42.78808298,7.045617226,4.703281554,PSG Diagnostic ,twindata9_498,35.7424657534247,1,36.16,White,Non-Hispanic,13.0,7.2,43.5532994923858,33.2,12.3950056753689,23:02:12,06:19:12,0,0,0,0,0,0,0,0,0,0
49.32558503,2.276269964,56.67983024,9.630515174,5.03762475,PSG Diagnostic ,twindata7_85,47.0493150684932,1,25.54,Other,Other,20.0,5.2,65.015873015873,63.4,16.6060606060606,21:48:52,05:56:52,0,0,0,0,0,0,0,0,0,0
51.11505508,1.8219044,52.99164239,3.698491703,-7.242757851,PSG Diagnostic ,twindata6_115,49.2931506849315,1,25.72,White,Non-Hispanic,3.0,2.6,4.60767946577629,4.2,13.8129496402878,23:09:18,06:01:18,0,0,0,0,0,0,0,0,0,0
69.12907978,4.64962773,72.08362036,7.604168307,11.46670821,PSG Diagnostic ,twindata6_817,64.4794520547945,1,25.79,White,Non-Hispanic,2.0,7.8,9.43025540275049,10.4,12.2277722277722,22:05:46,06:26:18,0,0,0,0,0,0,0,0,0,1
41.92175242,8.351889408,47.35635384,13.78649083,5.453424646,PSG Diagnostic ,twindata13_431,33.5698630136986,1,29.83,White,Non-Hispanic,17.0,13.8,32.3981900452489,29.5,17.9583746283449,21:52:46,06:17:15,0,0,0,0,0,0,0,1,0,0
60.12735902,1.886263128,60.98070814,2.73961225,-8.034849139,PSG Diagnostic ,twindata5_1443,58.241095890411,1,27.98,White,Non-Hispanic,1.0,2.4,2.23404255319149,1.1,16.1672473867596,23:04:21,06:10:21,0,0,0,0,0,0,0,0,0,1
27.37224534,6.122930271,33.52036591,12.27105084,13.96334577,PSG Diagnostic ,twindata7_348,21.2493150684931,0,19.57,White,Non-Hispanic,21.0,0.1,4.94845360824742,1.8,11.9736842105263,22:20:17,05:52:47,0,0,0,0,0,0,0,0,0,0
53.62931877,4.382743429,57.09402088,7.847445542,5.407893333,PSG Diagnostic ,twindata5_294,49.2465753424658,0,31.24,White,Non-Hispanic,9.0,10.7,2.55863539445629,1.5,18.3233532934132,22:10:00,06:05:51,0,0,0,0,0,0,0,0,0,0
67.81408034,2.737368008,69.03995202,3.963239687,-3.831650413,PSG Diagnostic ,twindata6_123,65.0767123287671,1,27.37,White,Non-Hispanic,5.0,4.7,2.93103448275862,3.0,20.3271028037383,23:06:22,06:09:22,0,0,0,0,0,0,0,0,0,0
71.5904539,3.606892258,73.06344043,5.079878783,6.364966049,PSG Diagnostic ,twindata9_631,67.9835616438356,0,30.23,White,Non-Hispanic,0.0,11.9,0.52863436123348,0.0,9.77198697068404,22:53:25,06:34:01,0,0,0,0,0,0,0,0,0,1
87.91766069,-6.156311908,87.43962177,-6.634350828,1.901279996,PSG Diagnostic ,twindata11_742,94.0739726027397,1,22.71,White,Non-Hispanic,2.0,2.4,13.6470588235294,12.7,18.3990980834273,22:33:41,05:57:16,0,0,0,0,0,0,0,0,0,1
44.86018483,3.550595784,51.02846968,9.718880641,5.805586496,PSG Diagnostic ,twindata6_694,41.3095890410959,1,31.37,White,Non-Hispanic,7.0,11.7,8.92341842397336,7.9,11.8141592920354,22:02:00,05:30:00,0,0,0,0,0,0,0,0,0,0
39.52697239,5.916013486,44.40866616,10.79770725,-20.44976782,PSG Diagnostic ,twindata11_29,33.6109589041096,1,21.41,White,Non-Hispanic,7.0,2.9,2.5531914893617,1.6,9.71493728620296,22:32:47,05:47:47,0,0,0,0,0,0,0,0,0,0
65.4530454,-4.040105286,70.74641127,1.25326059,-9.764376368,PSG Diagnostic ,twindata5_225,69.4931506849315,1,27.0,White,Non-Hispanic,18.0,5.1,18.7012987012987,18.9,14.2292490118577,23:38:57,05:58:29,0,0,0,0,0,0,0,0,0,1
23.70699416,-2.268348305,26.58401469,0.608672229,-8.231631937,PSG Diagnostic ,twindata11_164,25.9753424657534,1,26.54,White,Non-Hispanic,14.0,0.0,0.631578947368421,0.0,18.1410974244121,23:00:11,06:24:11,0,0,0,0,0,0,0,0,0,0
43.49918727,-7.363826429,48.6384183,-2.224595401,20.02923156,PSG Diagnostic ,twindata14_159,50.8630136986301,0,31.3,White,Non-Hispanic,7.0,6.4,1.75824175824176,0.0,10.8426395939086,21:52:22,06:00:52,0,0,0,0,0,0,0,0,0,0
82.02897137,-0.220343695,83.68723852,1.437923448,1.861025558,PSG Diagnostic ,twindata9_382,82.2493150684932,1,25.84,White,Non-Hispanic,13.0,4.9,133.990147783251,130.6,13.1525423728814,22:55:24,06:14:54,0,0,0,0,0,0,0,0,0,1
58.4680116,-4.868974705,61.0915305,-2.245455806,6.567972789,PSG Diagnostic ,twindata6_579,63.3369863013699,0,36.94,White,Non-Hispanic,11.0,10.7,0.231436837029894,0.0,9.57798165137615,20:53:50,05:56:50,0,0,0,0,0,0,0,1,0,0
56.75339453,5.430106863,54.89554248,3.572254813,-4.797464981,PSG Diagnostic,twindata5_1435,51.3232876712329,0,37.02,White,Non-Hispanic,5.0,12.7,2.09215442092154,0.5,19.0291262135922,21:52:34,05:31:04,0,0,0,0,0,0,0,0,0,0
54.07197394,0.466494493,50.03916758,-3.566311877,5.47109505,PSG Diagnostic ,twindata7_447,53.6054794520548,1,31.85,White,Non-Hispanic,1.0,14.9,4.69565217391304,4.7,11.156462585034,22:27:57,05:45:27,0,0,0,0,0,0,0,0,0,0
64.40465169,-5.283019548,62.74637551,-6.941295727,28.60092578,PSG Diagnostic ,twindata6_692,69.6876712328767,0,25.23,Other,Other,1.0,9.7,14.4,14.0,16.9460390355913,23:26:22,06:37:52,0,0,0,0,0,0,0,0,0,1
49.21895797,0.903889473,54.36346879,6.048400294,9.857598483,PSG Diagnostic ,twindata6_713,48.3150684931507,1,28.63,White,Non-Hispanic,10.0,4.6,5.77086280056577,1.7,21.8322580645161,23:00:00,05:52:39,0,0,0,0,0,0,0,0,0,0
51.20736013,-1.072091923,55.94492378,3.665471723,2.636193436,PSG Diagnostic ,twindata7_279,52.2794520547945,1,30.27,White,Non-Hispanic,14.0,10.1,23.1081081081081,22.1,18.2747603833866,22:33:45,06:23:30,0,0,0,0,0,0,0,0,0,0
48.52383442,-7.128220373,42.38681196,-13.26524283,-0.728425614,PSG Diagnostic ,twindata8_322,55.6520547945206,0,23.77,Other,Other,7.0,6.0,1.04607721046077,0.0,19.5289079229122,22:44:12,06:27:12,0,0,0,0,0,0,0,0,0,0
41.25061461,10.34924475,40.34932531,9.447955443,3.075465898,PSG Diagnostic ,twindata14_17,30.9013698630137,0,40.0,Other,Other,9.0,2.4,35.6940509915014,37.3,9.44099378881987,22:59:24,06:30:54,0,0,0,0,0,0,0,0,0,0
34.31743662,2.961272241,42.27826491,10.92210053,-11.7479493,PSG Diagnostic ,twindata7_301,31.3561643835616,1,25.72,White,Non-Hispanic,3.0,0.2,6.43741403026135,5.0,20.0502512562814,23:15:40,05:46:40,0,0,0,0,0,0,0,0,0,0
45.7496955,-3.603729162,48.84110661,-0.512318049,5.640075354,PSG Diagnostic ,twindata9_161,49.3534246575342,1,27.0,White,Non-Hispanic,12.0,13.8,1.69411764705882,0.0,19.1786903440622,22:10:00,06:02:34,0,0,0,0,0,0,0,0,0,0
57.51751884,0.227107885,56.8132008,-0.477210157,-14.32389232,PSG Diagnostic ,twindata5_82,57.2904109589041,0,38.04,White,Non-Hispanic,6.0,10.9,0.0,19.9,0.509554140127389,22:15:55,05:59:55,0,0,0,0,0,0,0,0,0,0
46.59748173,2.783783105,51.57687866,7.763180028,24.674107,PSG Diagnostic ,twindata4_551,43.813698630137,1,26.0,White,Non-Hispanic,7.0,2.0,3.76411543287328,1.2,9.42857142857143,22:26:45,05:23:45,0,0,0,0,0,0,0,0,0,0
54.03249585,-4.545586341,58.88183171,0.303749518,-16.81311522,PSG Diagnostic ,twindata11_446,58.5780821917808,0,27.4,White,Non-Hispanic,3.0,3.5,2.56341789052069,1.4,19.3388429752066,22:27:57,06:27:57,0,0,0,0,0,0,0,0,0,1
81.05117228,6.807336665,77.66585031,3.422014695,-5.050900849,PSG Diagnostic ,twindata5_1610,74.2438356164384,1,32.34,White,Non-Hispanic,1.0,8.9,22.2596964586847,22.3,17.2787318361955,22:48:49,05:01:19,0,0,0,0,0,0,0,0,0,1
50.30075182,2.788423055,56.45466849,8.942339719,-8.042762992,PSG Diagnostic ,twindata12_446,47.5123287671233,1,34.43,White,Non-Hispanic,10.0,13.3,44.5320197044335,43.2,18.2643524699599,22:51:23,05:03:53,0,0,0,0,0,0,0,0,0,1
51.35601831,-6.120694018,52.95442168,-4.522290647,-4.159398181,PSG Diagnostic ,twindata4_597,57.4767123287671,0,35.36,White,Non-Hispanic,7.0,6.9,0.36144578313253,0.0,12.4399494310999,23:16:09,05:46:39,0,0,0,0,0,0,0,0,0,0
33.9997218,-0.496168615,35.47361259,0.977722183,-2.399710544,PSG Diagnostic ,twindata6_505,34.4958904109589,1,34.3,White,Hispanic,2.0,4.1,23.0818278427205,20.8,10.0946372239748,22:13:48,06:05:18,0,0,0,0,0,0,0,0,0,0
40.38207975,5.913586596,39.42995205,4.961458903,3.122389414,PSG Diagnostic ,twindata12_463,34.4684931506849,0,36.11,White,Non-Hispanic,7.0,0.8,0.518358531317495,0.0,13.9060939060939,21:56:11,06:13:41,0,0,0,0,0,0,0,0,0,0
68.0236272,-4.746235814,69.13585319,-3.634009824,-9.693747998,PSG Diagnostic ,twindata11_132,72.7698630136986,0,37.44,White,Non-Hispanic,1.0,9.1,14.819897084048,11.9,10.5511811023622,23:35:34,05:52:34,0,0,0,0,0,0,0,0,0,1
29.85532719,5.225190207,41.36425058,16.7341136,-5.621322764,PSG Diagnostic ,twindata12_496,24.6301369863014,1,37.9,Hispanic,Hispanic,6.0,9.0,10.9468822170901,9.4,16.117381489842,23:15:17,06:32:47,0,0,0,0,0,0,0,0,0,0
80.22349016,9.228969612,83.80584867,12.81132812,10.16151796,PSG Diagnostic ,twindata7_811,70.9945205479452,1,31.01,White,Non-Hispanic,10.0,4.0,86.7807153965785,85.6,17.5055679287305,22:45:31,06:10:31,0,0,0,0,0,0,0,0,0,0
61.19162451,2.80532314,63.49090068,5.104599309,-0.318064353,PSG Diagnostic ,twindata6_83,58.386301369863,1,26.12,White,Non-Hispanic,8.0,0.7,63.9662447257384,63.7,14.7182320441989,22:42:09,06:14:49,0,0,0,0,0,0,0,0,0,0
46.06092493,4.112979726,45.46033234,3.512387133,5.772922623,PSG Diagnostic ,twindata5_1063,41.9479452054795,0,36.21,White,Non-Hispanic,1.0,0.0,31.7770034843206,30.2,23.2296890672016,21:56:06,06:14:47,0,0,0,0,0,0,0,0,0,0
57.05210822,5.276765756,64.20664269,12.43130022,-3.62919853,PSG Diagnostic ,twindata7_378,51.7753424657534,1,29.09,White,Non-Hispanic,15.0,9.5,0.297029702970297,0.3,12.5966850828729,22:35:50,06:02:50,0,0,0,0,0,0,0,0,0,1
47.04878044,-5.408753807,49.87729755,-2.580236697,11.5292163,PSG Diagnostic ,twindata5_738,52.4575342465753,1,27.76,Asian,Non-Hispanic,6.0,12.2,0.669456066945607,0.0,21.8617021276596,23:17:55,05:30:25,0,0,0,0,0,0,0,0,0,1
88.2800517,1.652654442,91.62508739,4.997690128,-0.875123466,PSG Diagnostic ,twindata6_462,86.627397260274,0,22.48,White,Non-Hispanic,11.0,0.0,121.290322580645,121.3,10.2208201892744,22:24:24,06:16:24,0,0,0,0,0,0,0,0,0,1
71.70642046,6.136557444,72.80864186,7.23877885,-15.71943321,PSG Diagnostic,twindata4_5,65.5698630136986,1,27.97,Black,Non-Hispanic,7.0,5.8,2.63888888888889,1.8,16.0544217687075,22:58:45,06:14:15,0,0,0,0,0,0,0,0,0,0
39.19479667,-4.487395108,37.30852195,-6.373669835,-5.561587311,PSG Diagnostic ,twindata6_1009,43.6821917808219,1,25.61,White,Non-Hispanic,4.0,0.5,1.57664233576642,0.5,14.2372881355932,23:27:01,05:50:49,0,0,0,0,0,0,0,0,0,0
39.94967797,-1.348952166,43.33772416,2.039094028,-7.936342813,PSG Diagnostic ,twindata11_406,41.2986301369863,1,28.52,Asian,Non-Hispanic,18.0,0.5,6.44823066841416,2.4,21.7543859649123,23:46:11,06:50:41,0,0,0,0,0,0,0,0,0,1
71.77098146,4.869611595,74.8018872,7.900517332,1.839410255,PSG Diagnostic ,twindata14_102,66.9013698630137,0,28.0,White,Non-Hispanic,7.0,6.3,55.0354609929078,53.8,11.0924369747899,22:37:04,04:31:04,0,0,0,0,0,0,0,0,0,1
57.90282558,2.815154344,64.27448912,9.186817891,-0.268824012,PSG Diagnostic ,twindata9_531,55.0876712328767,1,26.58,White,Non-Hispanic,9.0,9.4,42.5806451612903,42.8,17.4519230769231,23:26:24,06:17:54,0,0,0,0,0,0,0,0,0,1
69.60342795,6.025345756,74.87497634,11.29689415,4.486194935,PSG Diagnostic ,twindata5_900,63.5780821917808,1,27.39,White,Non-Hispanic,3.0,8.6,9.13963328631876,6.8,28.3665338645418,23:34:41,05:47:11,0,0,0,0,0,0,0,0,0,0
60.93148068,3.989014925,58.59639103,1.653925279,0.142636402,PSG Diagnostic ,twindata7_490,56.9424657534247,0,36.91,White,Non-Hispanic,11.0,13.2,2.07792207792208,0.7,10.6229508196721,22:28:02,06:00:02,0,0,0,0,0,0,0,0,0,1
39.84880354,-3.384073168,39.49284421,-3.740032507,-4.175696728,PSG Diagnostic ,twindata11_605,43.2328767123288,1,34.17,White,Non-Hispanic,3.0,13.1,11.2340425531915,6.6,15.2702702702703,22:51:47,06:10:17,0,0,0,0,0,0,0,0,0,0
41.28097757,-1.149159415,44.14684676,1.716709776,-12.303365,PSG Diagnostic ,twindata4_841,42.4301369863014,1,24.93,White,Non-Hispanic,0.0,0.0,1.22093023255814,0.2,12.0276497695853,23:03:42,06:12:12,0,0,0,0,0,0,0,0,0,0
56.54843055,4.104594938,51.92147823,-0.522357383,-0.155738065,PSG Diagnostic ,twindata13_121,52.4438356164384,1,21.0,White,Non-Hispanic,15.0,3.5,0.33195020746888,0.0,11.3178294573643,23:10:01,05:32:01,0,0,0,0,0,0,0,0,0,0
71.34625448,1.313377763,75.20249856,5.169621846,-3.883118523,PSG Diagnostic ,twindata7_645,70.0328767123288,0,22.86,White,Non-Hispanic,0.0,3.6,13.6947218259629,12.6,14.3492063492064,22:00:59,05:49:59,0,0,0,0,0,0,0,0,0,0
44.54313178,0.570529038,47.71931935,3.74671661,14.65153687,PSG Diagnostic ,twindata5_1456,43.972602739726,0,30.41,Black,Non-Hispanic,9.0,0.0,0.551090700344432,0.6,12.6923076923077,21:48:52,06:24:52,0,0,0,0,0,0,0,0,0,0
37.92194371,6.23975193,45.48368406,13.80149228,-7.735913552,PSG Diagnostic ,twindata13_692,31.6821917808219,1,29.68,White,Non-Hispanic,14.0,3.5,0.430107526881721,0.0,10.5286839145107,22:27:18,05:47:18,0,0,0,0,0,0,0,0,0,1
49.6850899,7.027555653,53.75513731,11.09760306,-10.83651216,PSG Diagnostic ,twindata12_727,42.6575342465753,1,23.35,White,Non-Hispanic,11.0,1.0,1.11111111111111,0.0,9.20318725099602,21:41:59,06:00:29,0,0,0,0,0,0,0,0,0,0
71.27536886,7.75482091,73.05796855,9.537420603,4.143393791,PSG Diagnostic ,twindata7_130,63.5205479452055,1,30.78,White,Non-Hispanic,8.0,5.2,24.0620957309185,23.9,14.7169811320755,21:54:25,05:46:55,0,0,0,0,0,0,0,0,0,1
74.76563954,0.094406659,76.45393519,1.782702312,7.58737271,PSG Diagnostic ,twindata13_253,74.6712328767123,1,29.0,White,Non-Hispanic,1.0,5.4,5.06787330316742,0.0,11.8448883666275,22:39:47,05:41:17,0,0,0,0,0,0,0,0,0,0
73.48761909,-4.216490502,71.37978692,-6.324322669,9.19010548,PSG Diagnostic ,twindata11_741,77.7041095890411,0,24.75,Asian,Non-Hispanic,4.0,11.5,44.9794801641587,42.4,31.4551083591331,21:58:39,05:55:39,0,0,0,0,0,0,0,0,0,1
47.54539329,-3.205291642,50.47106437,-0.279620559,-8.658416463,PSG Diagnostic ,twindata4_572,50.7506849315069,0,28.9,White,Non-Hispanic,8.0,7.0,1.50943396226415,0.9,5.21199586349535,22:08:44,06:05:44,0,0,0,0,0,0,0,0,0,0
67.27463547,-0.382898781,72.93814151,5.280607266,0.134121903,PSG Diagnostic ,twindata12_217,67.6575342465754,1,25.74,White,Non-Hispanic,12.0,3.6,5.26315789473684,1.9,10.9650924024641,22:02:31,06:06:31,0,0,0,0,0,0,0,0,0,0
36.14000071,2.008493864,42.7169106,8.585403755,-6.826859615,PSG Diagnostic ,twindata5_251,34.1315068493151,1,23.87,White,Non-Hispanic,13.0,8.6,2.77136258660508,0.0,23.7348066298343,22:17:25,05:46:25,0,0,0,0,0,0,0,0,0,0
49.20834428,2.279577158,51.7663797,4.837612579,-17.61995654,PSG Diagnostic ,twindata7_278,46.9287671232877,1,25.82,Other,Other,2.0,10.9,0.0,0.4,12.0685714285714,22:39:43,05:52:13,0,0,0,0,0,0,0,0,0,0
49.77467216,0.604809147,51.98227496,2.812411947,3.012068719,PSG Diagnostic ,twindata7_896,49.1698630136986,1,32.28,White,Non-Hispanic,17.0,2.2,41.7454545454545,42.3,13.0285714285714,22:34:53,05:46:53,0,0,0,0,0,0,0,0,0,0
33.63013606,6.093149763,38.11634204,10.57935573,-11.14677427,PSG Diagnostic ,twindata7_115,27.5369863013699,1,27.69,Black,Non-Hispanic,8.0,2.8,2.29885057471264,0.0,17.0379436964504,23:41:03,06:26:03,0,0,0,0,0,0,0,0,0,0
61.05140662,6.763735383,63.44304442,9.155373189,-11.74136673,PSG Diagnostic ,twindata7_706,54.2876712328767,0,22.8,,,2.0,0.2,0.0,0.0,15.8382877526754,23:29:42,06:24:42,0,0,0,0,0,0,0,0,0,0
53.71146115,0.736118681,54.88593106,1.910588598,-10.30188725,PSG Diagnostic ,twindata6_330,52.9753424657534,1,32.25,White,Non-Hispanic,11.0,10.2,1.26021003500583,1.3,17.4117647058824,22:00:55,06:25:55,0,0,0,0,0,0,0,0,0,0
44.03107973,-6.788098353,47.23283261,-3.586345468,-28.5719589,PSG Diagnostic,twindata5_896,50.8191780821918,1,23.79,White,Non-Hispanic,4.0,7.4,28.2170542635659,27.4,18.3458646616541,23:44:20,06:17:20,0,0,0,0,0,0,0,0,0,0
52.63989368,2.250852584,53.87662048,3.487579381,12.24441427,PSG Diagnostic ,twindata7_19,50.3890410958904,1,29.65,White,Non-Hispanic,0.0,0.4,4.70046082949309,1.2,20.0218102508179,22:11:43,05:45:43,0,0,0,0,0,0,0,0,0,0
72.46899454,-0.667991757,75.45588629,2.318899988,-7.489128702,PSG Diagnostic,twindata7_800,73.1369863013699,0,31.46,White,Non-Hispanic,7.0,10.1,1.85022026431718,1.9,18.5699039487727,21:50:29,05:37:59,0,0,0,0,0,0,0,0,0,1
60.43396756,-1.47836121,63.93284408,2.020515314,3.911675663,PSG Diagnostic ,twindata10_709,61.9123287671233,1,29.19,White,Non-Hispanic,10.0,4.1,40.1948842874543,35.1,22.441209406495,22:24:37,05:47:37,0,0,0,0,0,0,0,0,0,0
68.27875084,3.782860427,65.86100607,1.365115657,-2.803122884,PSG Diagnostic,twindata8_205,64.4958904109589,1,28.24,White,Non-Hispanic,5.0,5.6,1.2664907651715,0.0,18.1818181818182,23:36:13,06:28:49,0,0,0,0,0,0,0,0,0,1
48.51835324,0.690955977,50.64760616,2.820208903,-9.958118007,PSG Diagnostic ,twindata5_211,47.827397260274,1,29.0,White,Non-Hispanic,15.0,14.8,18.8025477707006,17.6,12.814371257485,21:42:45,06:00:15,0,0,0,0,0,0,0,0,0,0
49.34830983,1.553789279,52.38552837,4.591007823,-1.119696437,PSG Diagnostic ,twindata6_17,47.7945205479452,1,26.15,American-Native,Non-Hispanic,22.0,8.4,15.6175298804781,13.0,10.2193548387097,22:52:08,05:15:38,0,0,0,0,0,0,0,0,0,0
60.86183878,13.57690728,67.79444606,20.50951455,8.79692311,PSG Diagnostic ,twindata5_1716,47.2849315068493,1,28.88,,,5.0,9.0,6.68094218415418,2.4,17.0738255033557,23:54:24,06:00:24,0,0,0,0,0,0,0,0,0,0
37.43702651,2.982231992,43.51572527,9.06093075,13.16290478,PSG Diagnostic ,twindata12_799,34.4547945205479,0,25.69,White,Non-Hispanic,8.0,1.2,26.0571428571429,22.9,19.4047619047619,21:55:38,06:15:38,0,0,0,0,0,0,0,0,0,1
71.27227381,9.570903948,68.09049331,6.389123445,14.69341453,PSG Diagnostic,twindata5_319,61.7013698630137,0,30.36,White,Non-Hispanic,11.0,0.2,0.0,12.4,9.39914163090129,22:29:02,06:09:32,0,0,0,0,0,0,0,0,0,1
43.16919195,10.87878099,47.97670164,15.68629068,-14.24853756,PSG Diagnostic ,twindata14_64,32.2904109589041,1,28.4,White,Non-Hispanic,2.0,1.8,17.7514792899408,12.8,7.75423728813559,21:50:18,05:39:48,0,0,0,0,0,0,0,0,0,1
40.51419007,7.440217467,49.30412558,16.23015298,1.774278196,PSG Diagnostic ,twindata4_338,33.0739726027397,1,22.24,White,Non-Hispanic,8.0,8.8,10.7486631016043,10.9,11.6279069767442,00:00:55,06:23:25,0,0,0,0,0,0,0,0,0,0
53.68139536,4.22660084,51.39107268,1.936278163,-11.18917281,PSG Diagnostic ,twindata5_83,49.4547945205479,0,26.57,White,Non-Hispanic,9.0,1.0,11.6627634660422,11.7,16.75,22:05:44,06:03:44,0,0,0,0,0,0,0,0,0,0
53.22754062,2.25219815,50.53741588,-0.43792659,-13.38775798,PSG Diagnostic ,twindata7_442,50.9753424657534,1,26.31,Black,Non-Hispanic,8.0,3.9,18.5135135135135,15.1,21.3874066168623,21:42:19,05:28:19,0,0,0,0,0,0,0,0,0,0
33.11870713,4.06117288,33.11536557,4.057831319,-16.82220539,PSG Diagnostic ,twindata7_275,29.0575342465753,1,23.75,,,12.0,3.7,7.3270013568521,6.7,13.5189873417722,23:15:23,05:49:23,0,0,0,0,0,0,0,0,0,0
58.46417061,-2.69747323,51.12026182,-10.04138201,-6.942557015,PSG Diagnostic ,twindata5_1344,61.1616438356164,1,22.96,White,Non-Hispanic,0.0,11.2,25.7142857142857,24.2,20.9908998988878,22:14:10,06:24:10,0,0,0,0,0,0,0,0,0,0
62.9122232,7.304004018,61.42050008,5.812280906,-8.491647267,PSG Diagnostic ,twindata6_372,55.6082191780822,1,25.52,Black,Non-Hispanic,13.0,2.6,22.5503355704698,22.5,25.0254323499491,21:42:04,05:48:34,0,0,0,0,0,0,0,0,0,0
55.53235252,-2.555318712,61.90232983,3.814658594,-6.506959843,PSG Diagnostic ,twindata6_474,58.0876712328767,1,30.13,White,Non-Hispanic,12.0,12.8,2.5531914893617,0.0,20.2922755741127,21:59:25,05:53:55,0,0,0,0,0,0,0,0,0,0
52.14926968,4.17666694,55.58613279,7.613530048,9.812125004,PSG Diagnostic ,twindata5_203,47.972602739726,1,29.62,White,Non-Hispanic,3.0,0.7,16.1303462321792,14.9,12.6775956284153,21:18:56,06:25:26,0,0,0,0,0,0,0,0,0,0
66.87645416,1.095632245,73.13111906,7.350297143,-16.58576714,PSG Diagnostic ,twindata5_1448,65.7808219178082,1,27.12,White,Non-Hispanic,3.0,7.2,90.0360144057623,90.1,10.8131868131868,22:54:02,06:28:32,0,0,0,0,0,0,0,0,0,0
57.2542001,6.289816534,60.7309398,9.766556239,-2.65324925,PSG Diagnostic ,twindata10_166,50.9643835616438,0,21.97,White,Non-Hispanic,7.0,2.4,1.59151193633952,0.0,19.0262172284644,22:55:38,05:31:38,0,0,0,0,0,0,0,0,0,0
50.62837144,-0.933272393,53.65242289,2.090779059,28.00601552,PSG Diagnostic ,twindata6_452,51.5616438356164,0,33.33,White,Non-Hispanic,8.0,5.4,0.799112097669256,0.0,11.4592274678112,22:35:55,06:18:55,0,0,0,0,0,0,0,0,0,1
55.32541459,0.26514062,56.10389116,1.043617184,5.05173592,PSG Diagnostic ,twindata5_205,55.0602739726027,0,26.6,White,Non-Hispanic,6.0,2.2,0.0,0.0,13.2867132867133,23:39:06,06:32:06,0,0,0,0,0,0,0,0,0,1
23.55834054,-5.480015625,29.87613606,0.837779892,20.44218078,PSG Diagnostic ,twindata5_918,29.0383561643836,1,23.99,White,Non-Hispanic,7.0,4.8,5.25198938992043,5.3,19.1137724550898,22:50:25,05:45:55,0,0,0,0,0,0,0,0,0,1
70.02760536,3.781030016,71.73931934,5.492743996,4.604176635,PSG Diagnostic ,twindata7_776,66.2465753424658,0,34.2,White,Non-Hispanic,12.0,9.7,4.31137724550898,1.1,17.109375,23:13:37,03:11:37,0,0,0,0,0,0,0,0,0,0
48.68226431,-2.761571303,53.65937998,2.215544364,-1.583626783,PSG Diagnostic ,twindata7_565,51.4438356164384,1,37.21,White,Non-Hispanic,11.0,6.9,21.2234042553191,20.7,22.8368794326241,23:16:55,06:15:25,0,0,0,0,0,0,0,1,0,0
65.45886692,1.508181988,69.76428212,5.813597189,-10.24952344,PSG Diagnostic ,twindata11_572,63.9506849315069,0,27.92,White,Non-Hispanic,11.0,1.3,15.3298429319372,12.3,11.964461994077,21:29:16,05:50:46,0,0,0,0,0,0,0,0,0,0
85.95826748,-1.406116082,85.02340097,-2.340982593,10.93532871,PSG Diagnostic,twindata5_1641,87.3643835616438,0,37.76,White,Non-Hispanic,1.0,1.4,13.2057416267943,12.1,12.2587968217934,22:53:26,06:13:59,0,0,0,0,0,0,0,0,0,1
41.02393246,4.728042048,47.25687885,10.96098844,5.289402357,PSG Diagnostic ,twindata11_410,36.2958904109589,0,26.95,White,Non-Hispanic,11.0,0.1,0.694444444444444,0.0,16.7023554603854,22:10:14,05:57:27,0,0,0,0,0,0,0,0,0,0
67.99727601,2.35618012,69.76674295,4.125647058,8.452791758,PSG Diagnostic ,twindata10_77,65.641095890411,0,25.51,White,Non-Hispanic,9.0,7.1,5.4014598540146,0.0,18.480749219563,23:29:00,06:49:36,0,0,0,0,0,0,0,1,0,0
27.8841745,-4.962400847,26.45263444,-6.393940898,-12.43518702,PSG Diagnostic ,twindata5_1273,32.8465753424658,1,36.56,Other,Other,0.0,2.7,0.805369127516779,0.3,25.4304635761589,22:52:09,06:21:09,0,0,0,0,0,0,0,1,0,0
68.3077503,-3.848414088,69.28144078,-2.8747236,1.519011097,PSG Diagnostic ,twindata6_535,72.1561643835616,0,22.32,Asian,Non-Hispanic,8.0,0.4,6.25454545454546,5.5,14.5945945945946,21:40:08,05:35:38,0,0,0,0,0,0,0,0,0,0
56.58101397,4.49334274,59.13903945,7.051368217,-4.918541332,PSG Diagnostic ,twindata6_399,52.0876712328767,0,31.12,Asian,Non-Hispanic,8.0,5.0,0.270574971815107,0.0,20.4098360655738,22:00:00,05:55:29,0,0,0,0,0,0,0,0,0,0
13.97286165,-7.698371226,16.05523405,-5.615998829,6.783985486,PSG Diagnostic ,twindata5_636,21.6712328767123,0,28.29,White,Non-Hispanic,12.0,0.3,0.0,0.0,9.05894519131334,22:45:21,06:45:51,0,0,0,0,0,0,0,0,0,0
28.52512576,1.826495621,28.831444,2.132813863,-1.639408871,PSG Diagnostic ,twindata6_66,26.6986301369863,1,32.09,White,Non-Hispanic,7.0,0.2,1.52380952380952,0.8,18.9938650306748,23:16:13,06:00:43,0,0,0,0,0,0,0,0,0,1
41.7132734,14.82012271,40.54143076,13.64828007,3.071616769,PSG Diagnostic ,twindata13_140,26.8931506849315,1,34.72,White,Non-Hispanic,6.0,6.7,3.1304347826087,0.0,10.0492610837438,23:03:24,05:44:54,0,0,0,0,0,0,0,0,0,0
